Transformer,,,,
File Name,Frame Range,Ground Truth Gloss,Predicted Gloss,Match Status
continuous_0001_S4_strategy2.npz,0–4065,COLD,COLD,TP
continuous_0001_S4_strategy2.npz,4065–8430,GOOD MORNING,GOOD MORNING,TP
continuous_0001_S4_strategy2.npz,8430–13129,SUNDAY,SUNDAY,TP
continuous_0001_S4_strategy2.npz,13129–17394,DON'T KNOW,DON’T KNOW,TP
continuous_0001_S4_strategy2.npz,17394–21826,WEELCHAIR PERSON,WEELCHAIR PERSON,TP
continuous_0001_S4_strategy2.npz,21166–24200,—,SUGAR,FP
continuous_0001_S4_strategy2.npz,21826–26091,SHRIMP,SHRIMP,TP
continuous_0001_S4_strategy2.npz,26091–30256,GRANDFATHER,GRANDFATHER,TP
continuous_0002_S4_strategy2.npz,0–4165,NO,NO,TP
continuous_0002_S4_strategy2.npz,2633–5300,—,WEELCHAIR PERSON,FP
continuous_0002_S4_strategy2.npz,4165–8364,LONGANISA,LONGANISA,TP
continuous_0002_S4_strategy2.npz,8364–12563,JUNE,JUNE,TP
continuous_0002_S4_strategy2.npz,10633–13300,—,TEN,FP
continuous_0002_S4_strategy2.npz,12563–16962,GOOD AFTERNOON,GOOD AFTERNOON,TP
continuous_0002_S4_strategy2.npz,15966–18633,—,HELLO,FP
continuous_0002_S4_strategy2.npz,16962–21292,SATURDAY,SATURDAY,TP
continuous_0003_S4_strategy2.npz,0–4265,SUNDAY,SUNDAY,TP
continuous_0003_S4_strategy2.npz,4265–8530,SPAGHETTI,SPAGHETTI,TP
continuous_0003_S4_strategy2.npz,8530–12795,EIGHT,EIGHT,TP
continuous_0003_S4_strategy2.npz,12795–16894,MAY,MAY,TP
continuous_0003_S4_strategy2.npz,16894–21226,BLUE,BLUE,TP
continuous_0003_S4_strategy2.npz,21226–25725,WOMAN,WOMAN,TP
continuous_0003_S4_strategy2.npz,25725–29025,HOW ARE YOU,HOW ARE YOU,TP
continuous_0004_S4_strategy2.npz,0–4199,AUNTIE,AUNTIE,TP
continuous_0004_S4_strategy2.npz,4199–8431,FAST,FAST,TP
continuous_0004_S4_strategy2.npz,8431–12463,APRIL,APRIL,TP
continuous_0004_S4_strategy2.npz,10566–14066,—,HELLO,FP
continuous_0004_S4_strategy2.npz,12463–16862,HELLO,—,FN
continuous_0004_S4_strategy2.npz,14066–17600,—,WHITE,FP
continuous_0004_S4_strategy2.npz,16862–21127,RICE,RICE,TP
continuous_0005_S4_strategy2.npz,0–4399,LIGHT,LIGHT,TP
continuous_0005_S4_strategy2.npz,4399–8398,BREAD,BREAD,TP
continuous_0005_S4_strategy2.npz,8398–12564,AUGUST,AUGUST,TP
continuous_0005_S4_strategy2.npz,10466–13933,—,WRONG,FP
continuous_0005_S4_strategy2.npz,12564–16763,WRONG,—,FN
continuous_0005_S4_strategy2.npz,13933–17433,—,BREAD,FP
continuous_0005_S4_strategy2.npz,16763–20928,NICE TO MEET YOU,NICE TO MEET YOU,TP
continuous_0006_S4_strategy2.npz,0–4299,LONGANISA,LONGANISA,TP
continuous_0006_S4_strategy2.npz,4299–8764,NICE TO MEET YOU,NICE TO MEET YOU,TP
continuous_0006_S4_strategy2.npz,8764–13163,TEN,TEN,TP
continuous_0006_S4_strategy2.npz,13163–17528,GRANDMOTHER,GRANDMOTHER,TP
continuous_0006_S4_strategy2.npz,17528–21860,JUNE,JUNE,TP
continuous_0006_S4_strategy2.npz,21860–26593,UNDERSTAND,UNDERSTAND,TP
continuous_0006_S4_strategy2.npz,24100–27533,—,DEAF,FP
continuous_0006_S4_strategy2.npz,26593–30992,YELLOW,YELLOW,TP
continuous_0007_S4_strategy2.npz,0–4299,MILK,MILK,TP
continuous_0007_S4_strategy2.npz,4299–8639,SPAGHETTI,SPAGHETTI,TP
continuous_0007_S4_strategy2.npz,8639–12738,MOTHER,—,FN
continuous_0007_S4_strategy2.npz,9033–12066,—,MOTHER,FP
continuous_0007_S4_strategy2.npz,12066–15066,—,TEN,FP
continuous_0007_S4_strategy2.npz,12738–16904,GOOD AFTERNOON,GOOD AFTERNOON,TP
continuous_0007_S4_strategy2.npz,16904–21436,TEN,TEN,TP
continuous_0007_S4_strategy2.npz,21436–25935,DEAF,DEAF,TP
continuous_0007_S4_strategy2.npz,25935–30134,YES,YES,TP
continuous_0008_S4_strategy2.npz,0–4265,NINE,NINE,TP
continuous_0008_S4_strategy2.npz,4265–8431,DAUGHTER,DAUGHTER,TP
continuous_0008_S4_strategy2.npz,6333–9500,—,GOOD AFTERNOON,FP
continuous_0008_S4_strategy2.npz,8431–12630,GOOD AFTERNOON,—,FN
continuous_0008_S4_strategy2.npz,12630–16995,OCTOBER,OCTOBER,TP
continuous_0008_S4_strategy2.npz,16995–21060,MONDAY,MONDAY,TP
continuous_0008_S4_strategy2.npz,21060–25359,EGG,EGG,TP
continuous_0009_S4_strategy2.npz,0–4599,BEER,BEER,TP
continuous_0009_S4_strategy2.npz,3033–6100,—,AUNTIE,FP
continuous_0009_S4_strategy2.npz,4599–8765,DAUGHTER,DAUGHTER,TP
continuous_0009_S4_strategy2.npz,8765–12930,DECEMBER,DECEMBER,TP
continuous_0009_S4_strategy2.npz,12930–17295,ORANGE,ORANGE,TP
continuous_0009_S4_strategy2.npz,17295–21394,LONGANISA,LONGANISA,TP
continuous_0010_S4_strategy2.npz,0–4232,YESTERDAY,YESTERDAY,TP
continuous_0010_S4_strategy2.npz,4200–6300,—,JANUARY,FP
continuous_0010_S4_strategy2.npz,4232–8297,JULY,JULY,TP
continuous_0010_S4_strategy2.npz,8297–12462,LONGANISA,LONGANISA,TP
continuous_0010_S4_strategy2.npz,12462–16894,GREEN,GREEN,TP
continuous_0010_S4_strategy2.npz,12633–14733,—,MILK,FP
continuous_0010_S4_strategy2.npz,16894–21059,SON,SON,TP
continuous_0011_S4_strategy2.npz,0–4532,WEELCHAIR PERSON,WEELCHAIR PERSON,TP
continuous_0011_S4_strategy2.npz,4532–8797,THANK YOU,THANK YOU,TP
continuous_0011_S4_strategy2.npz,8797–13129,KNOW,KNOW,TP
continuous_0011_S4_strategy2.npz,10866–14500,—,BLUE,FP
continuous_0011_S4_strategy2.npz,13129–17461,PINK,PINK,TP
continuous_0011_S4_strategy2.npz,17461–21760,MEAT,MEAT,TP
continuous_0012_S4_strategy2.npz,0–4199,FOUR,FOUR,TP
continuous_0012_S4_strategy2.npz,4199–8465,WRONG,WRONG,TP
continuous_0012_S4_strategy2.npz,8465–12497,NOVEMBER,NOVEMBER,TP
continuous_0012_S4_strategy2.npz,12497–16729,COFFEE,COFFEE,TP
continuous_0012_S4_strategy2.npz,16729–21061,WHITE,WHITE,TP
continuous_0012_S4_strategy2.npz,21061–25560,MARRIED,MARRIED,TP
continuous_0012_S4_strategy2.npz,24466–27200,—,NO,FP
continuous_0012_S4_strategy2.npz,25560–29924,MONDAY,MONDAY,TP
continuous_0013_S4_strategy2.npz,0–4465,SEPTEMBER,SEPTEMBER,TP
continuous_0013_S4_strategy2.npz,2633–5300,—,JANUARY,FP
continuous_0013_S4_strategy2.npz,4465–8829,YESTERDAY,YESTERDAY,TP
continuous_0013_S4_strategy2.npz,8829–12928,THANK YOU,THANK YOU,TP
continuous_0013_S4_strategy2.npz,12928–17094,DEAF,—,FN
continuous_0013_S4_strategy2.npz,13266–15933,—,TODAY,FP
continuous_0013_S4_strategy2.npz,15933–18600,—,DEAF,FP
continuous_0013_S4_strategy2.npz,17094–21259,SIX,SIX,TP
continuous_0014_S4_strategy2.npz,0–4232,HARD OF HEARING,HARD OF HEARING,TP
continuous_0014_S4_strategy2.npz,4232–8497,BREAD,BREAD,TP
continuous_0014_S4_strategy2.npz,8497–12662,HELLO,HELLO,TP
continuous_0014_S4_strategy2.npz,12662–16186,SATURDAY,SATURDAY,TP
continuous_0014_S4_strategy2.npz,16186–20451,WRONG,WRONG,TP
continuous_0014_S4_strategy2.npz,20451–24479,JANUARY,JANUARY,TP
continuous_0014_S4_strategy2.npz,24479–28678,FOUR,FOUR,TP
continuous_0015_S4_strategy2.npz,0–4466,SEE YOU TOMORROW,SEE YOU TOMORROW,TP
continuous_0015_S4_strategy2.npz,4466–8731,BREAD,BREAD,TP
continuous_0015_S4_strategy2.npz,8731–12996,BEER,BEER,TP
continuous_0015_S4_strategy2.npz,12996–17161,JULY,JULY,TP
continuous_0015_S4_strategy2.npz,17161–21293,TOMORROW,TOMORROW,TP
continuous_0015_S4_strategy2.npz,21293–25625,MOTHER,MOTHER,TP
continuous_0016_S4_strategy2.npz,0–4324,SPAGHETTI,SPAGHETTI,TP
continuous_0016_S4_strategy2.npz,3033–6100,—,TODAY,FP
continuous_0016_S4_strategy2.npz,4324–8489,EIGHT,EIGHT,TP
continuous_0016_S4_strategy2.npz,8489–12954,RED,RED,TP
continuous_0016_S4_strategy2.npz,12233–15300,—,PINK,FP
continuous_0016_S4_strategy2.npz,12954–17186,COLD,COLD,TP
continuous_0016_S4_strategy2.npz,17186–21418,SUNDAY,SUNDAY,TP
continuous_0017_S4_strategy2.npz,0–4299,SPAGHETTI,SPAGHETTI,TP
continuous_0017_S4_strategy2.npz,2666–5333,—,COLD,FP
continuous_0017_S4_strategy2.npz,4299–8464,APRIL,APRIL,TP
continuous_0017_S4_strategy2.npz,8464–12696,HOT,HOT,TP
continuous_0017_S4_strategy2.npz,10666–13333,—,MOTHER,FP
continuous_0017_S4_strategy2.npz,12696–16695,PARENTS,PARENTS,TP
continuous_0017_S4_strategy2.npz,16695–20927,WEDNESDAY,WEDNESDAY,TP
continuous_0017_S4_strategy2.npz,18666–21333,—,MAY,FP
continuous_0017_S4_strategy2.npz,20927–25059,THANK YOU,THANK YOU,TP
continuous_0017_S4_strategy2.npz,25059–29358,WOMAN,WOMAN,TP
continuous_0018_S4_strategy2.npz,0–4299,HOW ARE YOU,HOW ARE YOU,TP
continuous_0018_S4_strategy2.npz,2700–5400,—,COUSIN,FP
continuous_0018_S4_strategy2.npz,4299–8331,COUSIN,—,FN
continuous_0018_S4_strategy2.npz,5400–8100,—,TOMORROW,FP
continuous_0018_S4_strategy2.npz,8100–10800,—,WOMAN,FP
continuous_0018_S4_strategy2.npz,8331–12596,WOMAN,—,FN
continuous_0018_S4_strategy2.npz,10800–13500,—,BLACK,FP
continuous_0018_S4_strategy2.npz,12596–16895,CHICKEN,CHICKEN,TP
continuous_0018_S4_strategy2.npz,16895–21127,UNDERSTAND,UNDERSTAND,TP
continuous_0018_S4_strategy2.npz,21127–25626,BLACK,BLACK,TP
continuous_0018_S4_strategy2.npz,24300–27000,—,MARCH,FP
continuous_0018_S4_strategy2.npz,25626–29725,MAY,MAY,TP
continuous_0019_S4_strategy2.npz,0–4166,NINE,NINE,TP
continuous_0019_S4_strategy2.npz,3200–6433,—,EIGHT,FP
continuous_0019_S4_strategy2.npz,4166–8365,WHITE,WHITE,TP
continuous_0019_S4_strategy2.npz,8365–12597,TOMORROW,TOMORROW,TP
continuous_0019_S4_strategy2.npz,12597–17129,MARRIED,MARRIED,TP
continuous_0019_S4_strategy2.npz,12900–16100,—,DEAF BLIND,FP
continuous_0019_S4_strategy2.npz,17129–21394,JUNE,JUNE,TP
continuous_0019_S4_strategy2.npz,21394–25793,PARENTS,PARENTS,TP
continuous_0020_S4_strategy2.npz,0–3366,BOY,BOY,TP
continuous_0020_S4_strategy2.npz,3366–7932,RICE,RICE,TP
continuous_0020_S4_strategy2.npz,7932–12097,AUNTIE,AUNTIE,TP
continuous_0020_S4_strategy2.npz,12097–16229,WRONG,WRONG,TP
continuous_0020_S4_strategy2.npz,16229–20828,APRIL,APRIL,TP
continuous_0021_S4_strategy2.npz,0–4165,FAST,FAST,TP
continuous_0021_S4_strategy2.npz,3033–6066,—,NO SUGAR,FP
continuous_0021_S4_strategy2.npz,4165–8597,NO SUGAR,—,FN
continuous_0021_S4_strategy2.npz,8597–12929,DEAF,DEAF,TP
continuous_0021_S4_strategy2.npz,12929–17161,VIOLET,VIOLET,TP
continuous_0021_S4_strategy2.npz,17161–21326,FATHER,FATHER,TP
continuous_0022_S4_strategy2.npz,0–4299,GREEN,GREEN,TP
continuous_0022_S4_strategy2.npz,4299–7320,MARCH,MARCH,TP
continuous_0022_S4_strategy2.npz,7320–11420,YOURE WELCOME,YOURE WELCOME,TP
continuous_0022_S4_strategy2.npz,11420–16319,TOMORROW,TOMORROW,TP
continuous_0022_S4_strategy2.npz,14666–17600,—,MOTHER,FP
continuous_0022_S4_strategy2.npz,16319–20551,MARRIED,MARRIED,TP
continuous_0023_S4_strategy2.npz,0–4199,ORANGE,ORANGE,TP
continuous_0023_S4_strategy2.npz,4199–8565,GIRL,GIRL,TP
continuous_0023_S4_strategy2.npz,8565–12022,OCTOBER,—,FN
continuous_0023_S4_strategy2.npz,8900–11866,—,LIGHT,FP
continuous_0023_S4_strategy2.npz,11866–14833,—,OCTOBER,FP
continuous_0023_S4_strategy2.npz,12022–16287,COFFEE,COFFEE,TP
continuous_0023_S4_strategy2.npz,16287–20786,THREE,THREE,TP
continuous_0024_S4_strategy2.npz,0–4266,DEAF,DEAF,TP
continuous_0024_S4_strategy2.npz,2800–5633,—,TOMORROW,FP
continuous_0024_S4_strategy2.npz,4266–8365,TOMORROW,—,FN
continuous_0024_S4_strategy2.npz,5633–8466,—,AUNTIE,FP
continuous_0024_S4_strategy2.npz,8365–12830,NICE TO MEET YOU,NICE TO MEET YOU,TP
continuous_0024_S4_strategy2.npz,12830–17029,SEVEN,SEVEN,TP
continuous_0024_S4_strategy2.npz,17029–21195,APRIL,APRIL,TP
continuous_0024_S4_strategy2.npz,19766–22600,—,SEPTEMBER,FP
continuous_0024_S4_strategy2.npz,21195–25427,CRAB,CRAB,TP
continuous_0025_S4_strategy2.npz,0–4132,HELLO,HELLO,TP
continuous_0025_S4_strategy2.npz,2833–5700,—,COUSIN,FP
continuous_0025_S4_strategy2.npz,4132–8598,DARK,DARK,TP
continuous_0025_S4_strategy2.npz,8598–12797,SHRIMP,SHRIMP,TP
continuous_0025_S4_strategy2.npz,12797–16996,MOTHER,—,FN
continuous_0025_S4_strategy2.npz,14300–17166,—,MOTHER,FP
continuous_0025_S4_strategy2.npz,16996–21361,ONE,ONE,TP
continuous_0025_S4_strategy2.npz,20033–22900,—,PINK,FP
continuous_0025_S4_strategy2.npz,21361–25760,APRIL,APRIL,TP
continuous_0026_S4_strategy2.npz,0–4266,TEN,TEN,TP
continuous_0026_S4_strategy2.npz,3000–6000,—,FRIDAY,FP
continuous_0026_S4_strategy2.npz,4266–8398,FRIDAY,—,FN
continuous_0026_S4_strategy2.npz,6000–9000,—,NINE,FP
continuous_0026_S4_strategy2.npz,8398–12563,HELLO,HELLO,TP
continuous_0026_S4_strategy2.npz,12563–16795,WRONG,WRONG,TP
continuous_0026_S4_strategy2.npz,15000–18000,—,RED,FP
continuous_0026_S4_strategy2.npz,16795–21027,EGG,EGG,TP
continuous_0027_S4_strategy2.npz,0–4165,AUGUST,AUGUST,TP
continuous_0027_S4_strategy2.npz,4165–8464,FATHER,FATHER,TP
continuous_0027_S4_strategy2.npz,8464–12963,COFFEE,COFFEE,TP
continuous_0027_S4_strategy2.npz,12033–15033,—,MONDAY,FP
continuous_0027_S4_strategy2.npz,12963–17228,MONDAY,—,FN
continuous_0027_S4_strategy2.npz,15033–18033,—,SEVEN,FP
continuous_0027_S4_strategy2.npz,17228–21560,SEVEN,—,FN
continuous_0027_S4_strategy2.npz,18033–21066,—,TEN,FP
continuous_0027_S4_strategy2.npz,21560–25892,GOOD AFTERNOON,GOOD AFTERNOON,TP
continuous_0027_S4_strategy2.npz,25892–30091,UNDERSTAND,UNDERSTAND,TP
continuous_0028_S4_strategy2.npz,0–4365,WHITE,WHITE,TP
continuous_0028_S4_strategy2.npz,4365–8497,GOOD EVENING,GOOD EVENING,TP
continuous_0028_S4_strategy2.npz,8497–12529,GRANDFATHER,GRANDFATHER,TP
continuous_0028_S4_strategy2.npz,12529–17128,WOMAN,WOMAN,TP
continuous_0028_S4_strategy2.npz,17128–21360,SATURDAY,SATURDAY,TP
continuous_0029_S4_strategy2.npz,0–4099,TEN,TEN,TP
continuous_0029_S4_strategy2.npz,4099–8365,TODAY,TODAY,TP
continuous_0029_S4_strategy2.npz,8365–12564,WRONG,WRONG,TP
continuous_0029_S4_strategy2.npz,10166–13533,—,SEPTEMBER,FP
continuous_0029_S4_strategy2.npz,12564–16030,AUGUST,AUGUST,TP
continuous_0029_S4_strategy2.npz,16030–20329,RICE,RICE,TP
continuous_0030_S4_strategy2.npz,0–4266,BEER,BEER,TP
continuous_0030_S4_strategy2.npz,3000–6033,—,CRAB,FP
continuous_0030_S4_strategy2.npz,4266–8465,CRAB,—,FN
continuous_0030_S4_strategy2.npz,6033–9066,—,YESTERDAY,FP
continuous_0030_S4_strategy2.npz,8465–12697,YESTERDAY,—,FN
continuous_0030_S4_strategy2.npz,9066–12066,—,AUNTIE,FP
continuous_0030_S4_strategy2.npz,12066–15100,—,DEAF,FP
continuous_0030_S4_strategy2.npz,12697–16929,DARK,DARK,TP
continuous_0030_S4_strategy2.npz,16929–21161,DAUGHTER,DAUGHTER,TP
continuous_0031_S4_strategy2.npz,0–4233,KNOW,KNOW,TP
continuous_0031_S4_strategy2.npz,2666–5333,—,BLUE,FP
continuous_0031_S4_strategy2.npz,4233–8032,GOOD AFTERNOON,—,FN
continuous_0031_S4_strategy2.npz,5333–8000,—,GOOD EVENING,FP
continuous_0031_S4_strategy2.npz,8000–10666,—,GOOD AFTERNOON,FP
continuous_0031_S4_strategy2.npz,8032–12264,DARK,—,FN
continuous_0031_S4_strategy2.npz,10666–13333,—,DARK,FP
continuous_0031_S4_strategy2.npz,12264–16496,TEN,TEN,TP
continuous_0031_S4_strategy2.npz,16000–18666,—,GOOD EVENING,FP
continuous_0031_S4_strategy2.npz,16496–20795,MAN,MAN,TP
continuous_0031_S4_strategy2.npz,20795–25294,MILK,MILK,TP
continuous_0031_S4_strategy2.npz,25294–29356,TODAY,TODAY,TP
continuous_0032_S4_strategy2.npz,0–4399,WHITE,WHITE,TP
continuous_0032_S4_strategy2.npz,4399–8764,GOOD AFTERNOON,GOOD AFTERNOON,TP
continuous_0032_S4_strategy2.npz,8764–13063,FISH,FISH,TP
continuous_0032_S4_strategy2.npz,13063–17328,SEVEN,SEVEN,TP
continuous_0032_S4_strategy2.npz,17328–21527,SATURDAY,SATURDAY,TP
continuous_0033_S4_strategy2.npz,0–4232,TEN,TEN,TP
continuous_0033_S4_strategy2.npz,3033–6066,—,AUNTIE,FP
continuous_0033_S4_strategy2.npz,4232–8497,AUNTIE,—,FN
continuous_0033_S4_strategy2.npz,8497–12662,SATURDAY,SATURDAY,TP
continuous_0033_S4_strategy2.npz,12662–17127,JUICE,JUICE,TP
continuous_0033_S4_strategy2.npz,15200–18233,—,DEAF,FP
continuous_0033_S4_strategy2.npz,17127–21292,FAST,FAST,TP
continuous_0034_S4_strategy2.npz,0–4099,GOOD EVENING,GOOD EVENING,TP
continuous_0034_S4_strategy2.npz,4099–8431,KNOW,KNOW,TP
continuous_0034_S4_strategy2.npz,6200–9300,—,ONE,FP
continuous_0034_S4_strategy2.npz,8431–12963,DEAF BLIND,DEAF BLIND,TP
continuous_0034_S4_strategy2.npz,12433–15533,—,BLIND,FP
continuous_0034_S4_strategy2.npz,12963–17162,ONE,—,FN
continuous_0034_S4_strategy2.npz,15533–18633,—,ONE,FP
continuous_0034_S4_strategy2.npz,17162–21761,MEAT,MEAT,TP
continuous_0035_S4_strategy2.npz,0–4299,FIVE,FIVE,TP
continuous_0035_S4_strategy2.npz,4299–8431,GOOD EVENING,GOOD EVENING,TP
continuous_0035_S4_strategy2.npz,8431–12697,WRONG,—,FN
continuous_0035_S4_strategy2.npz,10466–13933,—,WRONG,FP
continuous_0035_S4_strategy2.npz,12697–16962,MONDAY,MONDAY,TP
continuous_0035_S4_strategy2.npz,16962–20928,DAUGHTER,DAUGHTER,TP
continuous_0036_S4_strategy2.npz,0–4532,GOOD AFTERNOON,GOOD AFTERNOON,TP
continuous_0036_S4_strategy2.npz,2966–5966,—,EIGHT,FP
continuous_0036_S4_strategy2.npz,4532–8731,NINE,NINE,TP
continuous_0036_S4_strategy2.npz,8731–12797,FAST,FAST,TP
continuous_0036_S4_strategy2.npz,11966–14966,—,FIVE,FP
continuous_0036_S4_strategy2.npz,12797–17329,MARRIED,MARRIED,TP
continuous_0036_S4_strategy2.npz,17329–21561,JUICE,JUICE,TP
continuous_0036_S4_strategy2.npz,21561–25802,LONGANISA,LONGANISA,TP
continuous_0036_S4_strategy2.npz,25802–29934,AUGUST,AUGUST,TP
continuous_0037_S4_strategy2.npz,0–4232,NINE,NINE,TP
continuous_0037_S4_strategy2.npz,4232–8497,MAN,MAN,TP
continuous_0037_S4_strategy2.npz,8497–12662,NICE TO MEET YOU,NICE TO MEET YOU,TP
continuous_0037_S4_strategy2.npz,11900–14300,—,FEBRUARY,FP
continuous_0037_S4_strategy2.npz,12662–17128,BROWN,BROWN,TP
continuous_0037_S4_strategy2.npz,17128–21994,APRIL,APRIL,TP
continuous_0037_S4_strategy2.npz,19066–23833,—,FEBRUARY,FP
continuous_0037_S4_strategy2.npz,21994–26226,CORRECT,CORRECT,TP
continuous_0038_S4_strategy2.npz,0–4466,BROWN,BROWN,TP
continuous_0038_S4_strategy2.npz,3000–6000,—,TEN,FP
continuous_0038_S4_strategy2.npz,4466–8765,TEN,—,FN
continuous_0038_S4_strategy2.npz,8765–12930,THANK YOU,THANK YOU,TP
continuous_0038_S4_strategy2.npz,12930–17129,DECEMBER,DECEMBER,TP
continuous_0038_S4_strategy2.npz,17129–21095,MILK,MILK,TP
continuous_0039_S4_strategy2.npz,0–4165,HELLO,HELLO,TP
continuous_0039_S4_strategy2.npz,2700–5433,—,COUSIN,FP
continuous_0039_S4_strategy2.npz,4165–8697,BLIND,BLIND,TP
continuous_0039_S4_strategy2.npz,8697–12962,TWO,TWO,TP
continuous_0039_S4_strategy2.npz,12962–17394,NO,—,FN
continuous_0039_S4_strategy2.npz,16300–19033,—,NO,FP
continuous_0039_S4_strategy2.npz,17394–21593,FISH,FISH,TP
continuous_0039_S4_strategy2.npz,21593–25559,PARENTS,—,FN
continuous_0039_S4_strategy2.npz,24466–27200,—,PARENTS,FP
continuous_0039_S4_strategy2.npz,25559–29924,BEER,BEER,TP
continuous_0040_S4_strategy2.npz,0–4532,WEELCHAIR PERSON,WEELCHAIR PERSON,TP
continuous_0040_S4_strategy2.npz,2833–5666,—,MILK,FP
continuous_0040_S4_strategy2.npz,4532–8831,GREEN,GREEN,TP
continuous_0040_S4_strategy2.npz,8831–12996,MONDAY,MONDAY,TP
continuous_0040_S4_strategy2.npz,12996–17161,JANUARY,JANUARY,TP
continuous_0040_S4_strategy2.npz,17161–21293,GRANDMOTHER,GRANDMOTHER,TP
continuous_0040_S4_strategy2.npz,19833–22666,—,MOTHER,FP
continuous_0040_S4_strategy2.npz,21293–25492,YES,YES,TP
continuous_0041_S4_strategy2.npz,0–5299,GIRL,GIRL,TP
continuous_0041_S4_strategy2.npz,5299–9665,SLOW,SLOW,TP
continuous_0041_S4_strategy2.npz,8966–11933,—,EIGHT,FP
continuous_0041_S4_strategy2.npz,9665–13964,FRIDAY,FRIDAY,TP
continuous_0041_S4_strategy2.npz,13964–18163,FIVE,FIVE,TP
continuous_0041_S4_strategy2.npz,17933–20900,—,FATHER,FP
continuous_0041_S4_strategy2.npz,18163–22729,SON,SON,TP
continuous_0041_S4_strategy2.npz,22729–26894,YOURE WELCOME,—,FN
continuous_0041_S4_strategy2.npz,23900–26900,—,YOURE WELCOME,FP
continuous_0042_S4_strategy2.npz,0–4265,SLOW,SLOW,TP
continuous_0042_S4_strategy2.npz,4265–8530,DEAF,DEAF,TP
continuous_0042_S4_strategy2.npz,8530–12929,JUNE,JUNE,TP
continuous_0042_S4_strategy2.npz,12929–17261,TEN,TEN,TP
continuous_0042_S4_strategy2.npz,17261–21658,THURSDAY,THURSDAY,TP
continuous_0042_S4_strategy2.npz,21658–25690,COUSIN,COUSIN,TP
continuous_0043_S4_strategy2.npz,0–4364,FRIDAY,FRIDAY,TP
continuous_0043_S4_strategy2.npz,2766–5566,—,NINE,FP
continuous_0043_S4_strategy2.npz,4364–8396,MILK,MILK,TP
continuous_0043_S4_strategy2.npz,8396–12695,MAY,MAY,TP
continuous_0043_S4_strategy2.npz,11133–13900,—,BROWN,FP
continuous_0043_S4_strategy2.npz,12695–16827,BROWN,—,FN
continuous_0043_S4_strategy2.npz,13900–16700,—,DEAF,FP
continuous_0043_S4_strategy2.npz,16827–20992,HARD OF HEARING,HARD OF HEARING,TP
continuous_0043_S4_strategy2.npz,19466–22266,—,WOMAN,FP
continuous_0043_S4_strategy2.npz,20992–25058,COUSIN,COUSIN,TP
continuous_0044_S4_strategy2.npz,0–4265,RICE,RICE,TP
continuous_0044_S4_strategy2.npz,4265–8497,MAN,MAN,TP
continuous_0044_S4_strategy2.npz,8497–12663,FEBRUARY,FEBRUARY,TP
continuous_0044_S4_strategy2.npz,12663–16862,SEE YOU TOMORROW,SEE YOU TOMORROW,TP
continuous_0044_S4_strategy2.npz,16862–21128,KNOW,KNOW,TP
continuous_0044_S4_strategy2.npz,21128–25193,GRANDFATHER,—,FN
continuous_0044_S4_strategy2.npz,24300–27000,—,GRANDFATHER,FP
continuous_0044_S4_strategy2.npz,25193–29725,ORANGE,ORANGE,TP
continuous_0045_S4_strategy2.npz,0–4299,FISH,FISH,TP
continuous_0045_S4_strategy2.npz,2933–5866,—,PARENTS,FP
continuous_0045_S4_strategy2.npz,4299–8298,PARENTS,—,FN
continuous_0045_S4_strategy2.npz,5866–8800,—,DECEMBER,FP
continuous_0045_S4_strategy2.npz,8298–12463,DECEMBER,—,FN
continuous_0045_S4_strategy2.npz,8800–11733,—,DEAF,FP
continuous_0045_S4_strategy2.npz,11733–14666,—,GIRL,FP
continuous_0045_S4_strategy2.npz,12463–16762,DEAF,—,FN
continuous_0045_S4_strategy2.npz,16762–20961,FRIDAY,FRIDAY,TP
continuous_0045_S4_strategy2.npz,20961–25160,HOW ARE YOU,HOW ARE YOU,TP
continuous_0045_S4_strategy2.npz,23466–26400,—,THANK YOU,FP
continuous_0045_S4_strategy2.npz,25160–29359,NO,NO,TP
continuous_0046_S4_strategy2.npz,0–4265,MARRIED,MARRIED,TP
continuous_0046_S4_strategy2.npz,4265–8397,HELLO,HELLO,TP
continuous_0046_S4_strategy2.npz,6600–9900,—,MILK,FP
continuous_0046_S4_strategy2.npz,8397–12696,MILK,—,FN
continuous_0046_S4_strategy2.npz,9900–13200,—,WHITE,FP
continuous_0046_S4_strategy2.npz,12696–16961,FISH,FISH,TP
continuous_0046_S4_strategy2.npz,16533–19833,—,WHITE,FP
continuous_0046_S4_strategy2.npz,16961–21327,ORANGE,ORANGE,TP
continuous_0046_S4_strategy2.npz,21327–25559,DON'T KNOW,DON’T KNOW,TP
continuous_0046_S4_strategy2.npz,25559–29758,SATURDAY,SATURDAY,TP
continuous_0047_S4_strategy2.npz,0–4666,MEAT,MEAT,TP
continuous_0047_S4_strategy2.npz,3600–7200,—,JANUARY,FP
continuous_0047_S4_strategy2.npz,4666–9065,VIOLET,VIOLET,TP
continuous_0047_S4_strategy2.npz,9065–13330,SEPTEMBER,SEPTEMBER,TP
continuous_0047_S4_strategy2.npz,13330–17562,NO,NO,TP
continuous_0047_S4_strategy2.npz,17562–21661,BEER,BEER,TP
continuous_0048_S4_strategy2.npz,0–4299,WHITE,WHITE,TP
continuous_0048_S4_strategy2.npz,4299–8398,COLD,COLD,TP
continuous_0048_S4_strategy2.npz,8133–10866,—,CORRECT,FP
continuous_0048_S4_strategy2.npz,8398–12663,CORRECT,—,FN
continuous_0048_S4_strategy2.npz,12663–16962,TWO,TWO,TP
continuous_0048_S4_strategy2.npz,16962–21292,OCTOBER,OCTOBER,TP
continuous_0048_S4_strategy2.npz,21292–25658,SPAGHETTI,SPAGHETTI,TP
continuous_0048_S4_strategy2.npz,25658–29890,AUNTIE,AUNTIE,TP
continuous_0049_S4_strategy2.npz,0–4099,MAY,MAY,TP
continuous_0049_S4_strategy2.npz,4099–8498,JUICE,JUICE,TP
continuous_0049_S4_strategy2.npz,6000–9000,—,TWO,FP
continuous_0049_S4_strategy2.npz,8498–12663,TWO,—,FN
continuous_0049_S4_strategy2.npz,9000–12000,—,TUESDAY,FP
continuous_0049_S4_strategy2.npz,12663–16695,THURSDAY,THURSDAY,TP
continuous_0049_S4_strategy2.npz,15000–18000,—,MONDAY,FP
continuous_0049_S4_strategy2.npz,16695–20994,DEAF,DEAF,TP
continuous_0050_S4_strategy2.npz,0–4499,WOMAN,WOMAN,TP
continuous_0050_S4_strategy2.npz,2166–4333,—,ORANGE,FP
continuous_0050_S4_strategy2.npz,4499–8731,FIVE,FIVE,TP
continuous_0050_S4_strategy2.npz,8731–13296,BLACK,BLACK,TP
continuous_0050_S4_strategy2.npz,13296–17660,JUNE,JUNE,TP
continuous_0050_S4_strategy2.npz,17333–19500,—,GRANDMOTHER,FP
continuous_0050_S4_strategy2.npz,17660–21659,YOURE WELCOME,YOURE WELCOME,TP
continuous_0051_S4_strategy2.npz,0–4466,GIRL,GIRL,TP
continuous_0051_S4_strategy2.npz,2400–4833,—,JULY,FP
continuous_0051_S4_strategy2.npz,4466–8731,AUGUST,AUGUST,TP
continuous_0051_S4_strategy2.npz,7233–9666,—,IM FINE,FP
continuous_0051_S4_strategy2.npz,8731–13797,IM FINE,—,FN
continuous_0051_S4_strategy2.npz,9666–12100,—,DEAF,FP
continuous_0051_S4_strategy2.npz,12100–14500,—,PINK,FP
continuous_0051_S4_strategy2.npz,13797–18296,HOT,HOT,TP
continuous_0051_S4_strategy2.npz,18296–22453,LONGANISA,LONGANISA,TP
continuous_0051_S4_strategy2.npz,21766–24200,—,EGG,FP
continuous_0051_S4_strategy2.npz,22453–26618,TODAY,TODAY,TP
continuous_0052_S4_strategy2.npz,0–4132,NO,NO,TP
continuous_0052_S4_strategy2.npz,4132–8431,MARCH,MARCH,TP
continuous_0052_S4_strategy2.npz,7366–11066,—,NICE TO MEET YOU,FP
continuous_0052_S4_strategy2.npz,8431–12963,TEA,TEA,TP
continuous_0052_S4_strategy2.npz,12963–17328,BLIND,BLIND,TP
continuous_0052_S4_strategy2.npz,17328–21493,THREE,THREE,TP
continuous_0052_S4_strategy2.npz,21493–25858,RED,RED,TP
continuous_0053_S4_strategy2.npz,0–4399,ORANGE,ORANGE,TP
continuous_0053_S4_strategy2.npz,4399–8664,SEVEN,SEVEN,TP
continuous_0053_S4_strategy2.npz,6666–10000,—,YOURE WELCOME,FP
continuous_0053_S4_strategy2.npz,8664–12796,YOURE WELCOME,—,FN
continuous_0053_S4_strategy2.npz,10000–13333,—,DEAF,FP
continuous_0053_S4_strategy2.npz,12796–17061,DEAF,—,FN
continuous_0053_S4_strategy2.npz,13333–16666,—,WINE,FP
continuous_0053_S4_strategy2.npz,17061–21293,AUNTIE,AUNTIE,TP
continuous_0053_S4_strategy2.npz,21293–25492,TUESDAY,TUESDAY,TP
continuous_0053_S4_strategy2.npz,25492–29992,DON'T KNOW,DON’T KNOW,TP
continuous_0054_S4_strategy2.npz,0–4465,GREEN,GREEN,TP
continuous_0054_S4_strategy2.npz,3033–6100,—,DECEMBER,FP
continuous_0054_S4_strategy2.npz,4465–8728,DECEMBER,—,FN
continuous_0054_S4_strategy2.npz,6100–9133,—,CRAB,FP
continuous_0054_S4_strategy2.npz,8728–12894,CRAB,—,FN
continuous_0054_S4_strategy2.npz,9133–12200,—,DEAF BLIND,FP
continuous_0054_S4_strategy2.npz,12200–15233,—,THREE,FP
continuous_0054_S4_strategy2.npz,12894–17126,THREE,—,FN
continuous_0054_S4_strategy2.npz,15233–18300,—,NO,FP
continuous_0054_S4_strategy2.npz,17126–21358,GOOD EVENING,GOOD EVENING,TP
continuous_0055_S4_strategy2.npz,0–4232,JUICE,JUICE,TP
continuous_0055_S4_strategy2.npz,4232–8397,SEVEN,SEVEN,TP
continuous_0055_S4_strategy2.npz,6366–9566,—,SATURDAY,FP
continuous_0055_S4_strategy2.npz,8397–12529,SATURDAY,—,FN
continuous_0055_S4_strategy2.npz,12529–16695,MARCH,MARCH,TP
continuous_0055_S4_strategy2.npz,15966–19166,—,SEE YOU TOMORROW,FP
continuous_0055_S4_strategy2.npz,16695–20960,SEE YOU TOMORROW,—,FN
continuous_0055_S4_strategy2.npz,19166–22366,—,AUNTIE,FP
continuous_0055_S4_strategy2.npz,20960–25559,GIRL,GIRL,TP
continuous_0056_S4_strategy2.npz,0–4132,RED,RED,TP
continuous_0056_S4_strategy2.npz,4132–8464,BOY,BOY,TP
continuous_0056_S4_strategy2.npz,8464–12929,RICE,RICE,TP
continuous_0056_S4_strategy2.npz,12929–17194,DON'T KNOW,DON’T KNOW,TP
continuous_0056_S4_strategy2.npz,17194–21293,JUICE,JUICE,TP
continuous_0056_S4_strategy2.npz,21293–25525,SON,SON,TP
continuous_0056_S4_strategy2.npz,25525–29657,HELLO,HELLO,TP
continuous_0057_S4_strategy2.npz,0–4199,SEE YOU TOMORROW,SEE YOU TOMORROW,TP
continuous_0057_S4_strategy2.npz,2966–5933,—,AUNTIE,FP
continuous_0057_S4_strategy2.npz,4199–8431,BEER,BEER,TP
continuous_0057_S4_strategy2.npz,8431–12863,MARRIED,MARRIED,TP
continuous_0057_S4_strategy2.npz,12863–18133,THURSDAY,THURSDAY,TP
continuous_0057_S4_strategy2.npz,18133–22498,TEN,TEN,TP
continuous_0057_S4_strategy2.npz,22498–26697,GRANDMOTHER,GRANDMOTHER,TP
continuous_0058_S4_strategy2.npz,0–4299,COUSIN,COUSIN,TP
continuous_0058_S4_strategy2.npz,4299–8298,THANK YOU,THANK YOU,TP
continuous_0058_S4_strategy2.npz,8298–12664,MEAT,MEAT,TP
continuous_0058_S4_strategy2.npz,12664–16896,COFFEE,COFFEE,TP
continuous_0058_S4_strategy2.npz,16896–21361,DEAF BLIND,DEAF BLIND,TP
continuous_0058_S4_strategy2.npz,21361–25560,UNDERSTAND,UNDERSTAND,TP
continuous_0059_S4_strategy2.npz,0–4199,ONE,ONE,TP
continuous_0059_S4_strategy2.npz,4199–8431,JANUARY,JANUARY,TP
continuous_0059_S4_strategy2.npz,8431–12596,SLOW,SLOW,TP
continuous_0059_S4_strategy2.npz,11333–15133,—,GIRL,FP
continuous_0059_S4_strategy2.npz,12596–17561,GIRL,—,FN
continuous_0059_S4_strategy2.npz,15133–18900,—,HOW ARE YOU,FP
continuous_0059_S4_strategy2.npz,17561–21726,HOW ARE YOU,—,FN
continuous_0059_S4_strategy2.npz,21726–26025,FRIDAY,FRIDAY,TP
continuous_0059_S4_strategy2.npz,26025–30257,WINE,WINE,TP
continuous_0060_S4_strategy2.npz,0–4199,MAN,MAN,TP
continuous_0060_S4_strategy2.npz,4199–8464,FAST,FAST,TP
continuous_0060_S4_strategy2.npz,8464–12863,BROWN,BROWN,TP
continuous_0060_S4_strategy2.npz,12863–17062,SON,SON,TP
continuous_0060_S4_strategy2.npz,15333–18400,—,COFFEE,FP
continuous_0060_S4_strategy2.npz,17062–21461,RICE,RICE,TP
continuous_0061_S4_strategy2.npz,0–4297,APRIL,APRIL,TP
continuous_0061_S4_strategy2.npz,4297–8529,PARENTS,PARENTS,TP
continuous_0061_S4_strategy2.npz,8529–12728,THURSDAY,THURSDAY,TP
continuous_0061_S4_strategy2.npz,8933–11900,—,TUESDAY,FP
continuous_0061_S4_strategy2.npz,12728–16927,NINE,—,FN
continuous_0061_S4_strategy2.npz,14900–17866,—,DON’T UNDERSTAND,FP
continuous_0061_S4_strategy2.npz,16927–21326,MEAT,MEAT,TP
continuous_0061_S4_strategy2.npz,17866–20833,—,NINE,FP
continuous_0061_S4_strategy2.npz,21326–25625,VIOLET,VIOLET,TP
continuous_0061_S4_strategy2.npz,25625–29790,COLD,COLD,TP
continuous_0062_S4_strategy2.npz,0–4099,HOT,HOT,TP
continuous_0062_S4_strategy2.npz,4099–8264,AUNTIE,AUNTIE,TP
continuous_0062_S4_strategy2.npz,6366–9533,—,SEPTEMBER,FP
continuous_0062_S4_strategy2.npz,8264–12496,SEPTEMBER,—,FN
continuous_0062_S4_strategy2.npz,12496–16761,EIGHT,EIGHT,TP
continuous_0062_S4_strategy2.npz,16761–21193,IM FINE,IM FINE,TP
continuous_0062_S4_strategy2.npz,21193–25492,HARD OF HEARING,HARD OF HEARING,TP
continuous_0063_S4_strategy2.npz,0–4365,WHITE,WHITE,TP
continuous_0063_S4_strategy2.npz,3266–6533,—,SUNDAY,FP
continuous_0063_S4_strategy2.npz,4365–8530,SUNDAY,—,FN
continuous_0063_S4_strategy2.npz,6533–9800,—,GOOD AFTERNOON,FP
continuous_0063_S4_strategy2.npz,8530–12895,GOOD AFTERNOON,—,FN
continuous_0063_S4_strategy2.npz,9800–13066,—,GOOD EVENING,FP
continuous_0063_S4_strategy2.npz,12895–17361,NO,NO,TP
continuous_0063_S4_strategy2.npz,17361–21560,LONGANISA,LONGANISA,TP
continuous_0063_S4_strategy2.npz,21560–26125,JUICE,JUICE,TP
continuous_0064_S4_strategy2.npz,0–4399,PINK,PINK,TP
continuous_0064_S4_strategy2.npz,4399–8598,HOW ARE YOU,HOW ARE YOU,TP
continuous_0064_S4_strategy2.npz,8598–12797,GRANDFATHER,GRANDFATHER,TP
continuous_0064_S4_strategy2.npz,12797–17262,CRAB,CRAB,TP
continuous_0064_S4_strategy2.npz,17262–21561,TWO,TWO,TP
continuous_0064_S4_strategy2.npz,20066–23433,—,WOMAN,FP
continuous_0064_S4_strategy2.npz,21561–25827,WOMAN,—,FN
continuous_0064_S4_strategy2.npz,23433–26766,—,TOMORROW,FP
continuous_0064_S4_strategy2.npz,25827–30126,MILK,MILK,TP
continuous_0065_S4_strategy2.npz,0–4265,SHRIMP,SHRIMP,TP
continuous_0065_S4_strategy2.npz,2833–5666,—,BROWN,FP
continuous_0065_S4_strategy2.npz,4265–8730,BROWN,—,FN
continuous_0065_S4_strategy2.npz,5666–8533,—,THANK YOU,FP
continuous_0065_S4_strategy2.npz,8730–13129,TEA,TEA,TP
continuous_0065_S4_strategy2.npz,11366–14200,—,APRIL,FP
continuous_0065_S4_strategy2.npz,13129–17294,APRIL,—,FN
continuous_0065_S4_strategy2.npz,14200–17066,—,DEAF,FP
continuous_0065_S4_strategy2.npz,17294–21493,THURSDAY,THURSDAY,TP
continuous_0065_S4_strategy2.npz,19900–22733,—,AUNTIE,FP
continuous_0065_S4_strategy2.npz,21493–25592,DAUGHTER,DAUGHTER,TP
continuous_0066_S4_strategy2.npz,0–3166,—,SUGAR,FP
continuous_0066_S4_strategy2.npz,0–4799,BEER,—,FN
continuous_0066_S4_strategy2.npz,3166–6366,—,ONE,FP
continuous_0066_S4_strategy2.npz,4799–8831,SIX,SIX,TP
continuous_0066_S4_strategy2.npz,8831–12930,NOVEMBER,NOVEMBER,TP
continuous_0066_S4_strategy2.npz,12733–15933,—,JANUARY,FP
continuous_0066_S4_strategy2.npz,12930–17162,YOURE WELCOME,YOURE WELCOME,TP
continuous_0066_S4_strategy2.npz,17162–21328,YES,YES,TP
continuous_0066_S4_strategy2.npz,21328–25493,TUESDAY,TUESDAY,TP
continuous_0067_S4_strategy2.npz,0–4266,UNDERSTAND,UNDERSTAND,TP
continuous_0067_S4_strategy2.npz,2533–5100,—,TEA,FP
continuous_0067_S4_strategy2.npz,4266–8532,TEA,—,FN
continuous_0067_S4_strategy2.npz,5100–7633,—,DEAF,FP
continuous_0067_S4_strategy2.npz,8532–12797,GOOD EVENING,GOOD EVENING,TP
continuous_0067_S4_strategy2.npz,12797–16929,SEVEN,SEVEN,TP
continuous_0067_S4_strategy2.npz,15300–17866,—,NO,FP
continuous_0067_S4_strategy2.npz,16929–21061,THURSDAY,THURSDAY,TP
continuous_0067_S4_strategy2.npz,21061–25526,RICE,RICE,TP
continuous_0068_S4_strategy2.npz,0–4199,SATURDAY,SATURDAY,TP
continuous_0068_S4_strategy2.npz,4199–8564,HOT,HOT,TP
continuous_0068_S4_strategy2.npz,8564–13030,GIRL,GIRL,TP
continuous_0068_S4_strategy2.npz,13030–17295,MEAT,MEAT,TP
continuous_0068_S4_strategy2.npz,17295–21461,THANK YOU,THANK YOU,TP
continuous_0068_S4_strategy2.npz,20900–23900,—,WHITE,FP
continuous_0068_S4_strategy2.npz,21461–25593,TEN,TEN,TP
continuous_0068_S4_strategy2.npz,25593–29892,BLACK,BLACK,TP
continuous_0069_S4_strategy2.npz,0–4265,SIX,SIX,TP
continuous_0069_S4_strategy2.npz,4265–8364,FATHER,FATHER,TP
continuous_0069_S4_strategy2.npz,8364–12663,COFFEE,COFFEE,TP
continuous_0069_S4_strategy2.npz,12663–16863,IM FINE,—,FN
continuous_0069_S4_strategy2.npz,15600–18700,—,IM FINE,FP
continuous_0069_S4_strategy2.npz,16863–21162,VIOLET,VIOLET,TP
continuous_0069_S4_strategy2.npz,21162–24962,WRONG,WRONG,TP
continuous_0070_S4_strategy2.npz,0–4165,IM FINE,IM FINE,TP
continuous_0070_S4_strategy2.npz,4165–8464,TUESDAY,TUESDAY,TP
continuous_0070_S4_strategy2.npz,8464–12663,FAST,FAST,TP
continuous_0070_S4_strategy2.npz,10966–14600,—,WOMAN,FP
continuous_0070_S4_strategy2.npz,12663–17728,TEA,TEA,TP
continuous_0070_S4_strategy2.npz,17728–21927,FOUR,FOUR,TP
continuous_0071_S4_strategy2.npz,0–4901,FEBRUARY,FEBRUARY,TP
continuous_0071_S4_strategy2.npz,3066–6166,—,JANUARY,FP
continuous_0071_S4_strategy2.npz,4901–9533,CHICKEN,CHICKEN,TP
continuous_0071_S4_strategy2.npz,9533–13565,COUSIN,COUSIN,TP
continuous_0071_S4_strategy2.npz,13565–17997,BLIND,BLIND,TP
continuous_0071_S4_strategy2.npz,17997–22162,THREE,THREE,TP
continuous_0071_S4_strategy2.npz,22162–26761,BROWN,BROWN,TP
continuous_0071_S4_strategy2.npz,26761–30827,COLD,COLD,TP
continuous_0072_S4_strategy2.npz,0–4499,GIRL,GIRL,TP
continuous_0072_S4_strategy2.npz,4499–8798,DON'T UNDERSTAND,DON’T UNDERSTAND,TP
continuous_0072_S4_strategy2.npz,8798–13030,LIGHT,LIGHT,TP
continuous_0072_S4_strategy2.npz,12200–15233,—,SUNDAY,FP
continuous_0072_S4_strategy2.npz,13030–17262,DECEMBER,DECEMBER,TP
continuous_0072_S4_strategy2.npz,17262–21361,YESTERDAY,YESTERDAY,TP
continuous_0073_S4_strategy2.npz,0–4165,COFFEE,COFFEE,TP
continuous_0073_S4_strategy2.npz,2866–5733,—,DON’T UNDERSTAND,FP
continuous_0073_S4_strategy2.npz,4165–8397,DON'T UNDERSTAND,—,FN
continuous_0073_S4_strategy2.npz,8397–12696,GREEN,GREEN,TP
continuous_0073_S4_strategy2.npz,11466–14333,—,IM FINE,FP
continuous_0073_S4_strategy2.npz,12696–16861,IM FINE,—,FN
continuous_0073_S4_strategy2.npz,14333–17200,—,MOTHER,FP
continuous_0073_S4_strategy2.npz,16861–21527,TUESDAY,TUESDAY,TP
continuous_0073_S4_strategy2.npz,21527–25793,SEVEN,SEVEN,TP
continuous_0074_S4_strategy2.npz,0–4132,TODAY,TODAY,TP
continuous_0074_S4_strategy2.npz,2300–4600,—,ONE,FP
continuous_0074_S4_strategy2.npz,4132–8497,HOW ARE YOU,HOW ARE YOU,TP
continuous_0074_S4_strategy2.npz,6933–9233,—,BREAD,FP
continuous_0074_S4_strategy2.npz,8497–12729,NO SUGAR,NO SUGAR,TP
continuous_0074_S4_strategy2.npz,11566–13866,—,SUGAR,FP
continuous_0074_S4_strategy2.npz,12729–17061,DEAF BLIND,DEAF BLIND,TP
continuous_0074_S4_strategy2.npz,16200–18500,—,BLIND,FP
continuous_0074_S4_strategy2.npz,17061–21260,JUNE,JUNE,TP
continuous_0074_S4_strategy2.npz,20833–23133,—,DECEMBER,FP
continuous_0074_S4_strategy2.npz,21260–25459,WRONG,WRONG,TP
continuous_0075_S4_strategy2.npz,0–4132,FIVE,FIVE,TP
continuous_0075_S4_strategy2.npz,2333–4666,—,THREE,FP
continuous_0075_S4_strategy2.npz,4132–8031,SATURDAY,SATURDAY,TP
continuous_0075_S4_strategy2.npz,8031–12130,SEE YOU TOMORROW,SEE YOU TOMORROW,TP
continuous_0075_S4_strategy2.npz,11666–14000,—,AUNTIE,FP
continuous_0075_S4_strategy2.npz,12130–16229,EGG,EGG,TP
continuous_0075_S4_strategy2.npz,16229–21028,SEPTEMBER,SEPTEMBER,TP
continuous_0075_S4_strategy2.npz,16333–18666,—,JANUARY,FP
continuous_0076_S4_strategy2.npz,0–4466,SUNDAY,SUNDAY,TP
continuous_0076_S4_strategy2.npz,2533–5100,—,JUICE,FP
continuous_0076_S4_strategy2.npz,4466–8731,JUICE,—,FN
continuous_0076_S4_strategy2.npz,5100–7666,—,HOW ARE YOU,FP
continuous_0076_S4_strategy2.npz,7666–10233,—,THANK YOU,FP
continuous_0076_S4_strategy2.npz,8731–12763,THANK YOU,—,FN
continuous_0076_S4_strategy2.npz,10233–12800,—,NO SUGAR,FP
continuous_0076_S4_strategy2.npz,12763–17028,PINK,PINK,TP
continuous_0076_S4_strategy2.npz,15333–17900,—,DECEMBER,FP
continuous_0076_S4_strategy2.npz,17028–21327,MAY,MAY,TP
continuous_0076_S4_strategy2.npz,21327–25592,BREAD,BREAD,TP
continuous_0077_S4_strategy2.npz,0–5232,DAUGHTER,DAUGHTER,TP
continuous_0077_S4_strategy2.npz,5232–9397,DECEMBER,DECEMBER,TP
continuous_0077_S4_strategy2.npz,9397–13729,GIRL,GIRL,TP
continuous_0077_S4_strategy2.npz,12600–15733,—,NO,FP
continuous_0077_S4_strategy2.npz,13729–17861,NO,—,FN
continuous_0077_S4_strategy2.npz,15733–18900,—,NO SUGAR,FP
continuous_0077_S4_strategy2.npz,17861–22060,SEE YOU TOMORROW,SEE YOU TOMORROW,TP
continuous_0078_S4_strategy2.npz,0–4032,APRIL,APRIL,TP
continuous_0078_S4_strategy2.npz,2966–5933,—,YELLOW,FP
continuous_0078_S4_strategy2.npz,4032–8331,YELLOW,—,FN
continuous_0078_S4_strategy2.npz,8331–12563,SATURDAY,SATURDAY,TP
continuous_0078_S4_strategy2.npz,12563–16729,SON,SON,TP
continuous_0078_S4_strategy2.npz,16729–21128,IM FINE,IM FINE,TP
continuous_0078_S4_strategy2.npz,20800–23766,—,MOTHER,FP
continuous_0078_S4_strategy2.npz,21128–25360,EIGHT,EIGHT,TP
continuous_0078_S4_strategy2.npz,25360–29725,MEAT,MEAT,TP
continuous_0079_S4_strategy2.npz,0–4299,GRAY,GRAY,TP
continuous_0079_S4_strategy2.npz,4299–8598,COFFEE,COFFEE,TP
continuous_0079_S4_strategy2.npz,8066–10766,—,WEELCHAIR PERSON,FP
continuous_0079_S4_strategy2.npz,8598–12997,WEELCHAIR PERSON,—,FN
continuous_0079_S4_strategy2.npz,10766–13466,—,HOT,FP
continuous_0079_S4_strategy2.npz,12997–17162,MOTHER,MOTHER,TP
continuous_0079_S4_strategy2.npz,16166–18866,—,HARD OF HEARING,FP
continuous_0079_S4_strategy2.npz,17162–21561,ONE,ONE,TP
continuous_0080_S4_strategy2.npz,0–5266,YES,YES,TP
continuous_0080_S4_strategy2.npz,5266–9165,MILK,MILK,TP
continuous_0080_S4_strategy2.npz,5766–8633,—,DEAF,FP
continuous_0080_S4_strategy2.npz,9165–13164,COUSIN,—,FN
continuous_0080_S4_strategy2.npz,13164–17663,HARD OF HEARING,HARD OF HEARING,TP
continuous_0080_S4_strategy2.npz,14400–17300,—,COUSIN,FP
continuous_0080_S4_strategy2.npz,17663–21862,FEBRUARY,FEBRUARY,TP
continuous_0080_S4_strategy2.npz,21862–25961,SUNDAY,SUNDAY,TP
continuous_0081_S4_strategy2.npz,0–4332,BLUE,BLUE,TP
continuous_0081_S4_strategy2.npz,4332–8662,DECEMBER,DECEMBER,TP
continuous_0081_S4_strategy2.npz,8662–12828,SUGAR,SUGAR,TP
continuous_0081_S4_strategy2.npz,10700–14266,—,UNCLE,FP
continuous_0081_S4_strategy2.npz,12828–16927,UNCLE,—,FN
continuous_0081_S4_strategy2.npz,14266–17833,—,PINK,FP
continuous_0081_S4_strategy2.npz,16927–21393,SPAGHETTI,SPAGHETTI,TP
continuous_0082_S4_strategy2.npz,0–2866,—,MOTHER,FP
continuous_0082_S4_strategy2.npz,0–4165,MOTHER,—,FN
continuous_0082_S4_strategy2.npz,2866–5766,—,GREEN,FP
continuous_0082_S4_strategy2.npz,4165–8397,GREEN,—,FN
continuous_0082_S4_strategy2.npz,5766–8633,—,ONE,FP
continuous_0082_S4_strategy2.npz,8397–12696,HOW ARE YOU,HOW ARE YOU,TP
continuous_0082_S4_strategy2.npz,11533–14400,—,BREAD,FP
continuous_0082_S4_strategy2.npz,12696–17561,DON'T UNDERSTAND,DON’T UNDERSTAND,TP
continuous_0082_S4_strategy2.npz,17300–20166,—,NO,FP
continuous_0082_S4_strategy2.npz,17561–21793,WEDNESDAY,—,FN
continuous_0082_S4_strategy2.npz,20166–23066,—,WEDNESDAY,FP
continuous_0082_S4_strategy2.npz,21793–25958,TEA,TEA,TP
continuous_0083_S4_strategy2.npz,0–4266,GIRL,GIRL,TP
continuous_0083_S4_strategy2.npz,4266–8631,COUSIN,COUSIN,TP
continuous_0083_S4_strategy2.npz,6600–9900,—,HELLO,FP
continuous_0083_S4_strategy2.npz,8631–12830,HELLO,—,FN
continuous_0083_S4_strategy2.npz,9900–13200,—,FEBRUARY,FP
continuous_0083_S4_strategy2.npz,12830–17129,APRIL,APRIL,TP
continuous_0083_S4_strategy2.npz,16533–19833,—,JANUARY,FP
continuous_0083_S4_strategy2.npz,17129–21328,SUGAR,SUGAR,TP
continuous_0083_S4_strategy2.npz,21328–25494,FAST,FAST,TP
continuous_0083_S4_strategy2.npz,25494–29759,GRAY,GRAY,TP
continuous_0084_S4_strategy2.npz,0–4332,MARCH,MARCH,TP
continuous_0084_S4_strategy2.npz,4332–8598,WRONG,WRONG,TP
continuous_0084_S4_strategy2.npz,5833–8766,—,RED,FP
continuous_0084_S4_strategy2.npz,8598–13163,ORANGE,ORANGE,TP
continuous_0084_S4_strategy2.npz,13163–17662,MONDAY,MONDAY,TP
continuous_0084_S4_strategy2.npz,17662–21994,MILK,MILK,TP
continuous_0084_S4_strategy2.npz,20500–23433,—,WHITE,FP
continuous_0084_S4_strategy2.npz,21994–26359,FISH,FISH,TP
continuous_0085_S4_strategy2.npz,0–4499,NICE TO MEET YOU,NICE TO MEET YOU,TP
continuous_0085_S4_strategy2.npz,2566–5166,—,RED,FP
continuous_0085_S4_strategy2.npz,4499–8764,SPAGHETTI,SPAGHETTI,TP
continuous_0085_S4_strategy2.npz,8764–13129,PARENTS,PARENTS,TP
continuous_0085_S4_strategy2.npz,13129–17428,WOMAN,WOMAN,TP
continuous_0085_S4_strategy2.npz,17428–21627,MONDAY,MONDAY,TP
continuous_0085_S4_strategy2.npz,21627–25959,ONE,ONE,TP
continuous_0086_S4_strategy2.npz,0–4232,NO SUGAR,NO SUGAR,TP
continuous_0086_S4_strategy2.npz,2700–5400,—,MILK,FP
continuous_0086_S4_strategy2.npz,4232–8697,GIRL,GIRL,TP
continuous_0086_S4_strategy2.npz,8697–13029,GRAY,GRAY,TP
continuous_0086_S4_strategy2.npz,13029–16990,TODAY,TODAY,TP
continuous_0086_S4_strategy2.npz,16990–21189,JUNE,JUNE,TP
continuous_0086_S4_strategy2.npz,21189–25354,DAUGHTER,DAUGHTER,TP
continuous_0086_S4_strategy2.npz,21666–24366,—,DECEMBER,FP
continuous_0086_S4_strategy2.npz,25354–29786,CHICKEN,CHICKEN,TP
continuous_0087_S4_strategy2.npz,0–4232,SUGAR,SUGAR,TP
continuous_0087_S4_strategy2.npz,4232–8564,MAN,MAN,TP
continuous_0087_S4_strategy2.npz,8564–12696,AUNTIE,AUNTIE,TP
continuous_0087_S4_strategy2.npz,12033–14433,—,TOMORROW,FP
continuous_0087_S4_strategy2.npz,12696–17028,AUGUST,AUGUST,TP
continuous_0087_S4_strategy2.npz,16833–19233,—,OCTOBER,FP
continuous_0087_S4_strategy2.npz,17028–21660,WHITE,WHITE,TP
continuous_0088_S4_strategy2.npz,0–3566,SEPTEMBER,SEPTEMBER,TP
continuous_0088_S4_strategy2.npz,2900–5833,—,JANUARY,FP
continuous_0088_S4_strategy2.npz,3566–7798,SHRIMP,SHRIMP,TP
continuous_0088_S4_strategy2.npz,7798–12063,DON'T KNOW,DON’T KNOW,TP
continuous_0088_S4_strategy2.npz,11666–14600,—,BLIND,FP
continuous_0088_S4_strategy2.npz,12063–16528,BLIND,—,FN
continuous_0088_S4_strategy2.npz,16528–20727,FATHER,FATHER,TP
continuous_0088_S4_strategy2.npz,20727–25092,NICE TO MEET YOU,NICE TO MEET YOU,TP
continuous_0088_S4_strategy2.npz,25092–29224,COFFEE,COFFEE,TP
continuous_0089_S4_strategy2.npz,0–4232,NO SUGAR,NO SUGAR,TP
continuous_0089_S4_strategy2.npz,2600–5233,—,FATHER,FP
continuous_0089_S4_strategy2.npz,4232–8397,FATHER,—,FN
continuous_0089_S4_strategy2.npz,5233–7866,—,TUESDAY,FP
continuous_0089_S4_strategy2.npz,7866–13133,—,AUNTIE,FP
continuous_0089_S4_strategy2.npz,8397–12694,TUESDAY,—,FN
continuous_0089_S4_strategy2.npz,12694–16726,ORANGE,ORANGE,TP
continuous_0089_S4_strategy2.npz,15766–18400,—,YELLOW,FP
continuous_0089_S4_strategy2.npz,16726–21025,FISH,FISH,TP
continuous_0090_S4_strategy2.npz,0–4132,TODAY,TODAY,TP
continuous_0090_S4_strategy2.npz,4132–8431,WHITE,WHITE,TP
continuous_0090_S4_strategy2.npz,8431–12630,WINE,WINE,TP
continuous_0090_S4_strategy2.npz,12630–16995,CRAB,CRAB,TP
continuous_0090_S4_strategy2.npz,16995–21127,HELLO,HELLO,TP
continuous_0090_S4_strategy2.npz,21127–25526,DON'T UNDERSTAND,DON’T UNDERSTAND,TP
continuous_0091_S4_strategy2.npz,0–4032,EGG,EGG,TP
continuous_0091_S4_strategy2.npz,4032–8164,HOT,HOT,TP
continuous_0091_S4_strategy2.npz,8164–12130,AUNTIE,AUNTIE,TP
continuous_0091_S4_strategy2.npz,12130–16362,DARK,DARK,TP
continuous_0091_S4_strategy2.npz,16362–20527,TWO,TWO,TP
continuous_0091_S4_strategy2.npz,20527–24893,CORRECT,CORRECT,TP
continuous_0092_S4_strategy2.npz,0–4199,CORRECT,CORRECT,TP
continuous_0092_S4_strategy2.npz,4199–8431,EIGHT,EIGHT,TP
continuous_0092_S4_strategy2.npz,6366–9566,—,COUSIN,FP
continuous_0092_S4_strategy2.npz,8431–12530,COUSIN,—,FN
continuous_0092_S4_strategy2.npz,9566–12766,—,DECEMBER,FP
continuous_0092_S4_strategy2.npz,12530–17028,DECEMBER,—,FN
continuous_0092_S4_strategy2.npz,12766–15966,—,DEAF,FP
continuous_0092_S4_strategy2.npz,15966–19166,—,DEAF BLIND,FP
continuous_0092_S4_strategy2.npz,17028–21393,DEAF BLIND,—,FN
continuous_0092_S4_strategy2.npz,19166–22366,—,SEE YOU TOMORROW,FP
continuous_0092_S4_strategy2.npz,21393–25558,YESTERDAY,YESTERDAY,TP
continuous_0093_S4_strategy2.npz,0–4297,JULY,JULY,TP
continuous_0093_S4_strategy2.npz,4297–9129,MAN,MAN,TP
continuous_0093_S4_strategy2.npz,9033–12066,—,ORANGE,FP
continuous_0093_S4_strategy2.npz,9129–13328,UNDERSTAND,UNDERSTAND,TP
continuous_0093_S4_strategy2.npz,13328–17593,FISH,FISH,TP
continuous_0093_S4_strategy2.npz,17593–21758,TUESDAY,TUESDAY,TP
continuous_0093_S4_strategy2.npz,21758–25924,LIGHT,LIGHT,TP
continuous_0093_S4_strategy2.npz,25924–30189,GRANDFATHER,GRANDFATHER,TP
continuous_0094_S4_strategy2.npz,0–4132,FRIDAY,FRIDAY,TP
continuous_0094_S4_strategy2.npz,4132–8497,FISH,FISH,TP
continuous_0094_S4_strategy2.npz,8497–12862,BROWN,BROWN,TP
continuous_0094_S4_strategy2.npz,11866–14833,—,GOOD MORNING,FP
continuous_0094_S4_strategy2.npz,12862–17227,GOOD MORNING,—,FN
continuous_0094_S4_strategy2.npz,14833–17800,—,NINE,FP
continuous_0094_S4_strategy2.npz,17227–21392,NINE,—,FN
continuous_0094_S4_strategy2.npz,17800–20766,—,EIGHT,FP
continuous_0094_S4_strategy2.npz,20766–23733,—,MARCH,FP
continuous_0094_S4_strategy2.npz,21392–26691,OCTOBER,OCTOBER,TP
continuous_0095_S4_strategy2.npz,0–4199,YESTERDAY,YESTERDAY,TP
continuous_0095_S4_strategy2.npz,2833–5700,—,NO,FP
continuous_0095_S4_strategy2.npz,4199–8565,HOW ARE YOU,HOW ARE YOU,TP
continuous_0095_S4_strategy2.npz,8565–12897,EGG,—,FN
continuous_0095_S4_strategy2.npz,8566–11433,—,BREAD,FP
continuous_0095_S4_strategy2.npz,11433–14300,—,EGG,FP
continuous_0095_S4_strategy2.npz,12897–17162,HARD OF HEARING,HARD OF HEARING,TP
continuous_0095_S4_strategy2.npz,17162–21528,YELLOW,YELLOW,TP
continuous_0095_S4_strategy2.npz,20033–22900,—,AUGUST,FP
continuous_0095_S4_strategy2.npz,21528–25760,AUGUST,—,FN
continuous_0095_S4_strategy2.npz,22900–25766,—,DECEMBER,FP
continuous_0096_S4_strategy2.npz,0–4132,AUNTIE,AUNTIE,TP
continuous_0096_S4_strategy2.npz,4132–8732,THANK YOU,THANK YOU,TP
continuous_0096_S4_strategy2.npz,8266–11033,—,BROWN,FP
continuous_0096_S4_strategy2.npz,8732–12931,TODAY,—,FN
continuous_0096_S4_strategy2.npz,11033–13800,—,COLD,FP
continuous_0096_S4_strategy2.npz,12931–17463,DEAF BLIND,DEAF BLIND,TP
continuous_0096_S4_strategy2.npz,13800–16533,—,TODAY,FP
continuous_0096_S4_strategy2.npz,17463–21795,NINE,NINE,TP
continuous_0096_S4_strategy2.npz,21795–26027,JUICE,—,FN
continuous_0096_S4_strategy2.npz,22066–24833,—,SLOW,FP
continuous_0096_S4_strategy2.npz,24833–27600,—,JUICE,FP
continuous_0096_S4_strategy2.npz,26027–30359,CHICKEN,CHICKEN,TP
continuous_0097_S4_strategy2.npz,0–4232,FATHER,FATHER,TP
continuous_0097_S4_strategy2.npz,2633–5300,—,SEE YOU TOMORROW,FP
continuous_0097_S4_strategy2.npz,4232–8498,SEE YOU TOMORROW,—,FN
continuous_0097_S4_strategy2.npz,5300–7933,—,YELLOW,FP
continuous_0097_S4_strategy2.npz,8498–12897,SATURDAY,SATURDAY,TP
continuous_0097_S4_strategy2.npz,10600–13233,—,FIVE,FP
continuous_0097_S4_strategy2.npz,12897–17129,FOUR,FOUR,TP
continuous_0097_S4_strategy2.npz,15900–18533,—,TWO,FP
continuous_0097_S4_strategy2.npz,17129–21194,APRIL,APRIL,TP
continuous_0098_S4_strategy2.npz,0–4032,GRANDMOTHER,GRANDMOTHER,TP
continuous_0098_S4_strategy2.npz,4032–8197,DECEMBER,DECEMBER,TP
continuous_0098_S4_strategy2.npz,6566–9866,—,LONGANISA,FP
continuous_0098_S4_strategy2.npz,8197–12362,LONGANISA,—,FN
continuous_0098_S4_strategy2.npz,12362–16494,KNOW,KNOW,TP
continuous_0098_S4_strategy2.npz,16494–20959,MAN,MAN,TP
continuous_0098_S4_strategy2.npz,19733–23033,—,BLACK,FP
continuous_0098_S4_strategy2.npz,20959–25424,WHITE,WHITE,TP
continuous_0098_S4_strategy2.npz,25424–29622,NINE,NINE,TP
continuous_0099_S4_strategy2.npz,0–4332,WHITE,WHITE,TP
continuous_0099_S4_strategy2.npz,2800–5600,—,SUGAR,FP
continuous_0099_S4_strategy2.npz,4332–9664,SUGAR,—,FN
continuous_0099_S4_strategy2.npz,5600–11200,—,DEAF,FP
continuous_0099_S4_strategy2.npz,9664–13663,FIVE,FIVE,TP
continuous_0099_S4_strategy2.npz,13663–17929,GRANDMOTHER,GRANDMOTHER,TP
continuous_0099_S4_strategy2.npz,16800–19600,—,SPAGHETTI,FP
continuous_0099_S4_strategy2.npz,17929–22428,TODAY,TODAY,TP
continuous_0100_S4_strategy2.npz,0–4165,EGG,EGG,TP
continuous_0100_S4_strategy2.npz,4165–8364,DECEMBER,DECEMBER,TP
continuous_0100_S4_strategy2.npz,8364–12496,HELLO,HELLO,TP
continuous_0100_S4_strategy2.npz,10533–14066,—,FATHER,FP
continuous_0100_S4_strategy2.npz,12496–16628,PARENTS,PARENTS,TP
continuous_0100_S4_strategy2.npz,16628–21094,MAN,MAN,TP
continuous_0101_S4_strategy2.npz,0–4399,BLIND,BLIND,TP
continuous_0101_S4_strategy2.npz,4399–8764,COFFEE,COFFEE,TP
continuous_0101_S4_strategy2.npz,8764–12963,SEVEN,SEVEN,TP
continuous_0101_S4_strategy2.npz,12963–17762,PINK,PINK,TP
continuous_0101_S4_strategy2.npz,17762–22193,SUNDAY,SUNDAY,TP
continuous_0101_S4_strategy2.npz,22193–26392,COUSIN,COUSIN,TP
continuous_0102_S4_strategy2.npz,0–4232,FATHER,FATHER,TP
continuous_0102_S4_strategy2.npz,4232–8397,TWO,TWO,TP
continuous_0102_S4_strategy2.npz,6600–9933,—,TEN,FP
continuous_0102_S4_strategy2.npz,8397–12563,GOOD EVENING,GOOD EVENING,TP
continuous_0102_S4_strategy2.npz,12563–16928,PINK,PINK,TP
continuous_0102_S4_strategy2.npz,13233–16566,—,WINE,FP
continuous_0102_S4_strategy2.npz,16928–21560,HOT,—,FN
continuous_0102_S4_strategy2.npz,19866–23200,—,HOT,FP
continuous_0102_S4_strategy2.npz,21560–25625,FEBRUARY,FEBRUARY,TP
continuous_0102_S4_strategy2.npz,25625–29824,CORRECT,CORRECT,TP
continuous_0103_S4_strategy2.npz,0–4265,EGG,EGG,TP
continuous_0103_S4_strategy2.npz,2366–4733,—,JANUARY,FP
continuous_0103_S4_strategy2.npz,4265–8464,MARCH,MARCH,TP
continuous_0103_S4_strategy2.npz,7100–9466,—,MOTHER,FP
continuous_0103_S4_strategy2.npz,8464–12863,WOMAN,WOMAN,TP
continuous_0103_S4_strategy2.npz,11833–14200,—,ORANGE,FP
continuous_0103_S4_strategy2.npz,12863–17129,BEER,BEER,TP
continuous_0103_S4_strategy2.npz,16566–18933,—,YES,FP
continuous_0103_S4_strategy2.npz,17129–21294,SIX,SIX,TP
continuous_0104_S4_strategy2.npz,0–4266,MARRIED,MARRIED,TP
continuous_0104_S4_strategy2.npz,2300–4633,—,RED,FP
continuous_0104_S4_strategy2.npz,4266–8531,SPAGHETTI,SPAGHETTI,TP
continuous_0104_S4_strategy2.npz,8531–12831,DON'T KNOW,DON’T KNOW,TP
continuous_0104_S4_strategy2.npz,11633–13966,—,TEN,FP
continuous_0104_S4_strategy2.npz,12831–16963,HOW ARE YOU,HOW ARE YOU,TP
continuous_0104_S4_strategy2.npz,16300–18633,—,THANK YOU,FP
continuous_0104_S4_strategy2.npz,16963–21195,TEN,TEN,TP
continuous_0104_S4_strategy2.npz,21195–25627,GREEN,GREEN,TP
continuous_0105_S4_strategy2.npz,0–4199,MARCH,MARCH,TP
continuous_0105_S4_strategy2.npz,4199–8464,IM FINE,IM FINE,TP
continuous_0105_S4_strategy2.npz,7200–10800,—,NICE TO MEET YOU,FP
continuous_0105_S4_strategy2.npz,8464–13029,COUSIN,COUSIN,TP
continuous_0105_S4_strategy2.npz,13029–17461,CHICKEN,CHICKEN,TP
continuous_0105_S4_strategy2.npz,17461–21593,WINE,WINE,TP
continuous_0106_S4_strategy2.npz,0–4565,GIRL,GIRL,TP
continuous_0106_S4_strategy2.npz,3066–6133,—,FEBRUARY,FP
continuous_0106_S4_strategy2.npz,4565–8830,FEBRUARY,—,FN
continuous_0106_S4_strategy2.npz,6133–9200,—,NOVEMBER,FP
continuous_0106_S4_strategy2.npz,8830–13062,EGG,EGG,TP
continuous_0106_S4_strategy2.npz,13062–17328,THREE,THREE,TP
continuous_0106_S4_strategy2.npz,15333–18400,—,NO,FP
continuous_0106_S4_strategy2.npz,17328–21460,HOW ARE YOU,HOW ARE YOU,TP
continuous_0107_S4_strategy2.npz,0–4299,BLIND,BLIND,TP
continuous_0107_S4_strategy2.npz,2633–5300,—,LONGANISA,FP
continuous_0107_S4_strategy2.npz,4299–8464,LONGANISA,—,FN
continuous_0107_S4_strategy2.npz,5300–7966,—,NO,FP
continuous_0107_S4_strategy2.npz,8464–12729,YES,YES,TP
continuous_0107_S4_strategy2.npz,12729–16994,AUGUST,AUGUST,TP
continuous_0107_S4_strategy2.npz,16994–21293,MILK,MILK,TP
continuous_0108_S4_strategy2.npz,0–4265,MONDAY,MONDAY,TP
continuous_0108_S4_strategy2.npz,4265–8497,WOMAN,WOMAN,TP
continuous_0108_S4_strategy2.npz,8497–12696,UNDERSTAND,UNDERSTAND,TP
continuous_0108_S4_strategy2.npz,12696–16928,WINE,WINE,TP
continuous_0108_S4_strategy2.npz,16928–21160,NINE,NINE,TP
continuous_0108_S4_strategy2.npz,19233–22433,—,NO,FP
continuous_0108_S4_strategy2.npz,21160–25659,GOOD MORNING,GOOD MORNING,TP
continuous_0109_S4_strategy2.npz,0–4332,SEVEN,SEVEN,TP
continuous_0109_S4_strategy2.npz,3000–6033,—,YES,FP
continuous_0109_S4_strategy2.npz,4332–8731,YES,—,FN
continuous_0109_S4_strategy2.npz,6033–9033,—,GOOD MORNING,FP
continuous_0109_S4_strategy2.npz,8731–12930,GOOD MORNING,—,FN
continuous_0109_S4_strategy2.npz,9033–12066,—,GOOD EVENING,FP
continuous_0109_S4_strategy2.npz,12930–16962,GRANDMOTHER,GRANDMOTHER,TP
continuous_0109_S4_strategy2.npz,15066–18100,—,HARD OF HEARING,FP
continuous_0109_S4_strategy2.npz,16962–21127,WINE,WINE,TP
continuous_0110_S4_strategy2.npz,0–4265,SEE YOU TOMORROW,SEE YOU TOMORROW,TP
continuous_0110_S4_strategy2.npz,4265–8397,SUNDAY,SUNDAY,TP
continuous_0110_S4_strategy2.npz,8066–10766,—,FEBRUARY,FP
continuous_0110_S4_strategy2.npz,8397–12696,RED,RED,TP
continuous_0110_S4_strategy2.npz,12696–16895,CORRECT,CORRECT,TP
continuous_0110_S4_strategy2.npz,16895–21228,NO SUGAR,NO SUGAR,TP
continuous_0110_S4_strategy2.npz,21228–25427,SIX,SIX,TP
continuous_0110_S4_strategy2.npz,24266–26966,—,TWO,FP
continuous_0110_S4_strategy2.npz,25427–29659,FEBRUARY,FEBRUARY,TP
continuous_0111_S4_strategy2.npz,0–4199,NOVEMBER,NOVEMBER,TP
continuous_0111_S4_strategy2.npz,4199–8498,BEER,BEER,TP
continuous_0111_S4_strategy2.npz,6366–9533,—,DEAF,FP
continuous_0111_S4_strategy2.npz,8498–12997,PINK,PINK,TP
continuous_0111_S4_strategy2.npz,12997–17262,HARD OF HEARING,HARD OF HEARING,TP
continuous_0111_S4_strategy2.npz,17262–21462,SEE YOU TOMORROW,SEE YOU TOMORROW,TP
continuous_0111_S4_strategy2.npz,21462–25494,MOTHER,—,FN
continuous_0111_S4_strategy2.npz,22300–25500,—,MOTHER,FP
continuous_0112_S4_strategy2.npz,0–4166,WRONG,WRONG,TP
continuous_0112_S4_strategy2.npz,4166–8398,SEE YOU TOMORROW,SEE YOU TOMORROW,TP
continuous_0112_S4_strategy2.npz,8398–12697,FATHER,FATHER,TP
continuous_0112_S4_strategy2.npz,12697–16929,TEA,TEA,TP
continuous_0112_S4_strategy2.npz,16929–21061,SIX,SIX,TP
continuous_0113_S4_strategy2.npz,0–4365,CHICKEN,CHICKEN,TP
continuous_0113_S4_strategy2.npz,4365–8597,WRONG,WRONG,TP
continuous_0113_S4_strategy2.npz,8597–12862,WINE,WINE,TP
continuous_0113_S4_strategy2.npz,12862–17528,BLIND,BLIND,TP
continuous_0113_S4_strategy2.npz,17528–21760,COUSIN,COUSIN,TP
continuous_0113_S4_strategy2.npz,21760–25859,THANK YOU,THANK YOU,TP
continuous_0114_S4_strategy2.npz,0–4232,NO SUGAR,NO SUGAR,TP
continuous_0114_S4_strategy2.npz,2366–11900,—,MARCH,FP
continuous_0114_S4_strategy2.npz,4232–8730,AUGUST,—,FN
continuous_0114_S4_strategy2.npz,8730–12962,PARENTS,PARENTS,TP
continuous_0114_S4_strategy2.npz,12962–17261,PINK,—,FN
continuous_0114_S4_strategy2.npz,16666–19066,—,PINK,FP
continuous_0114_S4_strategy2.npz,17261–21460,BOY,BOY,TP
continuous_0115_S4_strategy2.npz,0–4165,TWO,TWO,TP
continuous_0115_S4_strategy2.npz,4165–8731,UNCLE,UNCLE,TP
continuous_0115_S4_strategy2.npz,6600–9933,—,MARCH,FP
continuous_0115_S4_strategy2.npz,8731–13063,SEPTEMBER,SEPTEMBER,TP
continuous_0115_S4_strategy2.npz,13063–17295,RICE,RICE,TP
continuous_0115_S4_strategy2.npz,13233–16533,—,GRAY,FP
continuous_0115_S4_strategy2.npz,17295–21527,SEE YOU TOMORROW,SEE YOU TOMORROW,TP
continuous_0115_S4_strategy2.npz,21527–25488,TODAY,TODAY,TP
continuous_0115_S4_strategy2.npz,25488–29787,SUGAR,SUGAR,TP
continuous_0116_S4_strategy2.npz,0–4132,SHRIMP,SHRIMP,TP
continuous_0116_S4_strategy2.npz,4132–8264,YOURE WELCOME,YOURE WELCOME,TP
continuous_0116_S4_strategy2.npz,8264–12763,JUICE,JUICE,TP
continuous_0116_S4_strategy2.npz,12763–16962,GRANDFATHER,GRANDFATHER,TP
continuous_0116_S4_strategy2.npz,16962–21194,WHITE,WHITE,TP
continuous_0117_S4_strategy2.npz,0–4199,MEAT,MEAT,TP
continuous_0117_S4_strategy2.npz,4199–8498,COLD,COLD,TP
continuous_0117_S4_strategy2.npz,8498–12797,GOOD EVENING,GOOD EVENING,TP
continuous_0117_S4_strategy2.npz,11066–13833,—,MONDAY,FP
continuous_0117_S4_strategy2.npz,12797–16996,FAST,FAST,TP
continuous_0117_S4_strategy2.npz,13833–16600,—,TUESDAY,FP
continuous_0117_S4_strategy2.npz,16996–21162,SEVEN,SEVEN,TP
continuous_0117_S4_strategy2.npz,21162–25627,LIGHT,LIGHT,TP
continuous_0117_S4_strategy2.npz,25627–30427,WEDNESDAY,WEDNESDAY,TP
continuous_0118_S4_strategy2.npz,0–4200,HELLO,HELLO,TP
continuous_0118_S4_strategy2.npz,2633–5300,—,NO,FP
continuous_0118_S4_strategy2.npz,4200–8332,WRONG,WRONG,TP
continuous_0118_S4_strategy2.npz,8332–12631,VIOLET,VIOLET,TP
continuous_0118_S4_strategy2.npz,12631–16763,SON,SON,TP
continuous_0118_S4_strategy2.npz,16763–20928,THURSDAY,THURSDAY,TP
continuous_0118_S4_strategy2.npz,20928–25127,JULY,JULY,TP
continuous_0118_S4_strategy2.npz,23933–26600,—,AUGUST,FP
continuous_0118_S4_strategy2.npz,25127–29259,CRAB,CRAB,TP
continuous_0119_S4_strategy2.npz,0–4299,ORANGE,ORANGE,TP
continuous_0119_S4_strategy2.npz,4299–8464,GOOD EVENING,GOOD EVENING,TP
continuous_0119_S4_strategy2.npz,8464–12796,BREAD,BREAD,TP
continuous_0119_S4_strategy2.npz,10800–13500,—,THANK YOU,FP
continuous_0119_S4_strategy2.npz,12796–16895,KNOW,KNOW,TP
continuous_0119_S4_strategy2.npz,16895–21094,APRIL,APRIL,TP
continuous_0119_S4_strategy2.npz,21094–25393,GRANDMOTHER,GRANDMOTHER,TP
continuous_0119_S4_strategy2.npz,25393–29723,TUESDAY,TUESDAY,TP
continuous_0120_S4_strategy2.npz,0–4232,GRAY,GRAY,TP
continuous_0120_S4_strategy2.npz,4232–8831,FOUR,FOUR,TP
continuous_0120_S4_strategy2.npz,6433–9633,—,WRONG,FP
continuous_0120_S4_strategy2.npz,8831–13030,WRONG,—,FN
continuous_0120_S4_strategy2.npz,9633–12866,—,PINK,FP
continuous_0120_S4_strategy2.npz,13030–17395,DEAF BLIND,DEAF BLIND,TP
continuous_0120_S4_strategy2.npz,17395–21494,PARENTS,PARENTS,TP
continuous_0120_S4_strategy2.npz,19300–22500,—,MOTHER,FP
continuous_0120_S4_strategy2.npz,21494–25726,MEAT,MEAT,TP
continuous_0121_S4_strategy2.npz,0–4766,JUICE,JUICE,TP
continuous_0121_S4_strategy2.npz,3133–6300,—,YOURE WELCOME,FP
continuous_0121_S4_strategy2.npz,4766–8965,YOURE WELCOME,—,FN
continuous_0121_S4_strategy2.npz,6300–9433,—,GRANDMOTHER,FP
continuous_0121_S4_strategy2.npz,8965–13164,YES,YES,TP
continuous_0121_S4_strategy2.npz,12600–15733,—,MARCH,FP
continuous_0121_S4_strategy2.npz,13164–17896,MARCH,—,FN
continuous_0121_S4_strategy2.npz,15733–18900,—,MONDAY,FP
continuous_0121_S4_strategy2.npz,17896–22061,SIX,SIX,TP
continuous_0122_S4_strategy2.npz,0–4265,TUESDAY,TUESDAY,TP
continuous_0122_S4_strategy2.npz,2833–5666,—,FAST,FP
continuous_0122_S4_strategy2.npz,4265–8630,MARCH,MARCH,TP
continuous_0122_S4_strategy2.npz,8630–12929,GOOD EVENING,GOOD EVENING,TP
continuous_0122_S4_strategy2.npz,12929–17128,FIVE,FIVE,TP
continuous_0122_S4_strategy2.npz,17000–19833,—,THREE,FP
continuous_0122_S4_strategy2.npz,17128–21360,CHICKEN,—,FN
continuous_0122_S4_strategy2.npz,19833–22666,—,CHICKEN,FP
continuous_0122_S4_strategy2.npz,21360–25525,WRONG,WRONG,TP
continuous_0123_S4_strategy2.npz,0–4165,YES,YES,TP
continuous_0123_S4_strategy2.npz,4165–8597,ORANGE,ORANGE,TP
continuous_0123_S4_strategy2.npz,8597–12796,FEBRUARY,FEBRUARY,TP
continuous_0123_S4_strategy2.npz,12796–17395,DEAF,DEAF,TP
continuous_0123_S4_strategy2.npz,17395–21760,GOOD MORNING,GOOD MORNING,TP
continuous_0124_S4_strategy2.npz,0–4432,WINE,WINE,TP
continuous_0124_S4_strategy2.npz,4432–8564,DAUGHTER,DAUGHTER,TP
continuous_0124_S4_strategy2.npz,8564–12896,NICE TO MEET YOU,NICE TO MEET YOU,TP
continuous_0124_S4_strategy2.npz,12896–17495,OCTOBER,OCTOBER,TP
continuous_0124_S4_strategy2.npz,17495–21827,DEAF,DEAF,TP
continuous_0124_S4_strategy2.npz,21827–26092,WRONG,WRONG,TP
continuous_0125_S4_strategy2.npz,0–4299,BEER,BEER,TP
continuous_0125_S4_strategy2.npz,4299–8598,GRANDFATHER,GRANDFATHER,TP
continuous_0125_S4_strategy2.npz,8598–12830,YOURE WELCOME,YOURE WELCOME,TP
continuous_0125_S4_strategy2.npz,12830–17095,DON'T UNDERSTAND,DON’T UNDERSTAND,TP
continuous_0125_S4_strategy2.npz,17095–21694,BLIND,BLIND,TP
continuous_0125_S4_strategy2.npz,21694–25926,JUNE,JUNE,TP
continuous_0125_S4_strategy2.npz,25926–30125,FISH,FISH,TP
continuous_0126_S4_strategy2.npz,0–4465,CHICKEN,CHICKEN,TP
continuous_0126_S4_strategy2.npz,3000–6033,—,SIX,FP
continuous_0126_S4_strategy2.npz,4465–8730,SIX,—,FN
continuous_0126_S4_strategy2.npz,6033–9066,—,NO,FP
continuous_0126_S4_strategy2.npz,8730–12962,WOMAN,WOMAN,TP
continuous_0126_S4_strategy2.npz,12100–15133,—,ORANGE,FP
continuous_0126_S4_strategy2.npz,12962–17359,TODAY,—,FN
continuous_0126_S4_strategy2.npz,15133–18133,—,TODAY,FP
continuous_0126_S4_strategy2.npz,17359–21524,HELLO,HELLO,TP
continuous_0126_S4_strategy2.npz,21166–24200,—,NINE,FP
continuous_0126_S4_strategy2.npz,21524–25888,OCTOBER,OCTOBER,TP
continuous_0126_S4_strategy2.npz,25888–30253,MILK,MILK,TP
continuous_0127_S4_strategy2.npz,0–4732,OCTOBER,OCTOBER,TP
continuous_0127_S4_strategy2.npz,1966–3966,—,MAY,FP
continuous_0127_S4_strategy2.npz,3966–5966,—,FOUR,FP
continuous_0127_S4_strategy2.npz,4732–9098,MARRIED,MARRIED,TP
continuous_0127_S4_strategy2.npz,9098–13430,SEE YOU TOMORROW,SEE YOU TOMORROW,TP
continuous_0127_S4_strategy2.npz,13430–17662,FISH,FISH,TP
continuous_0127_S4_strategy2.npz,17662–21892,MONDAY,MONDAY,TP
continuous_0128_S4_strategy2.npz,0–4299,NO SUGAR,NO SUGAR,TP
continuous_0128_S4_strategy2.npz,4299–8531,YES,YES,TP
continuous_0128_S4_strategy2.npz,8531–12730,SATURDAY,SATURDAY,TP
continuous_0128_S4_strategy2.npz,12730–16929,ONE,ONE,TP
continuous_0128_S4_strategy2.npz,16929–21028,COUSIN,COUSIN,TP
continuous_0129_S4_strategy2.npz,0–4364,FRIDAY,FRIDAY,TP
continuous_0129_S4_strategy2.npz,2466–7433,—,NINE,FP
continuous_0129_S4_strategy2.npz,4364–8629,LIGHT,LIGHT,TP
continuous_0129_S4_strategy2.npz,8629–12794,CORRECT,—,FN
continuous_0129_S4_strategy2.npz,9933–12400,—,NO,FP
continuous_0129_S4_strategy2.npz,12400–14900,—,CORRECT,FP
continuous_0129_S4_strategy2.npz,12794–17260,MARRIED,—,FN
continuous_0129_S4_strategy2.npz,14900–17400,—,DEAF,FP
continuous_0129_S4_strategy2.npz,17260–21425,THREE,THREE,TP
continuous_0129_S4_strategy2.npz,17400–19866,—,MARRIED,FP
continuous_0129_S4_strategy2.npz,21425–25624,APRIL,—,FN
continuous_0129_S4_strategy2.npz,22366–24833,—,TWO,FP
continuous_0129_S4_strategy2.npz,24833–27333,—,APRIL,FP
continuous_0129_S4_strategy2.npz,25624–29823,COFFEE,COFFEE,TP
continuous_0130_S4_strategy2.npz,0–4265,BREAD,BREAD,TP
continuous_0130_S4_strategy2.npz,2633–5266,—,GRANDFATHER,FP
continuous_0130_S4_strategy2.npz,4265–8364,GRANDFATHER,—,FN
continuous_0130_S4_strategy2.npz,8364–12463,FOUR,FOUR,TP
continuous_0130_S4_strategy2.npz,10566–13200,—,WINE,FP
continuous_0130_S4_strategy2.npz,12463–17729,WINE,—,FN
continuous_0130_S4_strategy2.npz,13200–18500,—,PINK,FP
continuous_0130_S4_strategy2.npz,17729–22061,BLIND,BLIND,TP
continuous_0130_S4_strategy2.npz,22061–26427,BROWN,BROWN,TP
continuous_0131_S4_strategy2.npz,0–4265,RED,RED,TP
continuous_0131_S4_strategy2.npz,4265–8397,THANK YOU,THANK YOU,TP
continuous_0131_S4_strategy2.npz,8397–12696,COFFEE,COFFEE,TP
continuous_0131_S4_strategy2.npz,12696–16961,BREAD,BREAD,TP
continuous_0131_S4_strategy2.npz,16961–21023,MONDAY,MONDAY,TP
continuous_0131_S4_strategy2.npz,21023–25488,MAN,MAN,TP
continuous_0131_S4_strategy2.npz,25488–29620,FIVE,FIVE,TP
continuous_0132_S4_strategy2.npz,0–4299,BOY,BOY,TP
continuous_0132_S4_strategy2.npz,4299–8298,MAY,MAY,TP
continuous_0132_S4_strategy2.npz,6866–9133,—,RED,FP
continuous_0132_S4_strategy2.npz,8298–12497,SPAGHETTI,SPAGHETTI,TP
continuous_0132_S4_strategy2.npz,11433–13733,—,SHRIMP,FP
continuous_0132_S4_strategy2.npz,12497–16696,CORRECT,CORRECT,TP
continuous_0132_S4_strategy2.npz,16696–20595,WEDNESDAY,WEDNESDAY,TP
continuous_0133_S4_strategy2.npz,0–4199,NICE TO MEET YOU,NICE TO MEET YOU,TP
continuous_0133_S4_strategy2.npz,4199–8531,MARRIED,MARRIED,TP
continuous_0133_S4_strategy2.npz,8531–12797,NOVEMBER,NOVEMBER,TP
continuous_0133_S4_strategy2.npz,12797–17129,BROWN,BROWN,TP
continuous_0133_S4_strategy2.npz,17129–21428,COFFEE,COFFEE,TP
continuous_0133_S4_strategy2.npz,21428–25727,EIGHT,EIGHT,TP
continuous_0134_S4_strategy2.npz,0–4299,FEBRUARY,FEBRUARY,TP
continuous_0134_S4_strategy2.npz,4299–8465,JUICE,JUICE,TP
continuous_0134_S4_strategy2.npz,8465–12264,PARENTS,PARENTS,TP
continuous_0134_S4_strategy2.npz,12264–16596,GREEN,GREEN,TP
continuous_0134_S4_strategy2.npz,15900–18533,—,BOY,FP
continuous_0134_S4_strategy2.npz,16596–20861,BOY,—,FN
continuous_0134_S4_strategy2.npz,18533–21200,—,NO,FP
continuous_0134_S4_strategy2.npz,20861–25060,THREE,THREE,TP
continuous_0134_S4_strategy2.npz,25060–29159,SHRIMP,SHRIMP,TP
continuous_0135_S4_strategy2.npz,0–4432,GIRL,GIRL,TP
continuous_0135_S4_strategy2.npz,3033–6100,—,FATHER,FP
continuous_0135_S4_strategy2.npz,4432–8631,FATHER,—,FN
continuous_0135_S4_strategy2.npz,6100–9166,—,NINE,FP
continuous_0135_S4_strategy2.npz,8631–12896,NINE,—,FN
continuous_0135_S4_strategy2.npz,9166–12233,—,NO,FP
continuous_0135_S4_strategy2.npz,12896–17128,DON'T UNDERSTAND,DON’T UNDERSTAND,TP
continuous_0135_S4_strategy2.npz,17128–21427,DARK,DARK,TP
continuous_0136_S4_strategy2.npz,0–4199,DON'T UNDERSTAND,DON’T UNDERSTAND,TP
continuous_0136_S4_strategy2.npz,4199–8564,GRANDFATHER,GRANDFATHER,TP
continuous_0136_S4_strategy2.npz,8564–12696,BREAD,BREAD,TP
continuous_0136_S4_strategy2.npz,12266–15366,—,MONDAY,FP
continuous_0136_S4_strategy2.npz,12696–17261,MONDAY,—,FN
continuous_0136_S4_strategy2.npz,15366–18433,—,TWO,FP
continuous_0136_S4_strategy2.npz,17261–21427,TWO,—,FN
continuous_0136_S4_strategy2.npz,18433–21500,—,MOTHER,FP
continuous_0136_S4_strategy2.npz,21427–26496,MARCH,MARCH,TP
continuous_0136_S4_strategy2.npz,26496–30728,BLIND,BLIND,TP
continuous_0137_S4_strategy2.npz,0–4332,BOY,BOY,TP
continuous_0137_S4_strategy2.npz,4332–8597,TEA,TEA,TP
continuous_0137_S4_strategy2.npz,8597–12796,CRAB,CRAB,TP
continuous_0137_S4_strategy2.npz,12433–14933,—,TEN,FP
continuous_0137_S4_strategy2.npz,12796–17028,TEN,—,FN
continuous_0137_S4_strategy2.npz,17028–21358,JUNE,JUNE,TP
continuous_0137_S4_strategy2.npz,21358–25590,CORRECT,CORRECT,TP
continuous_0137_S4_strategy2.npz,25590–29855,PARENTS,PARENTS,TP
continuous_0138_S4_strategy2.npz,0–4265,UNDERSTAND,UNDERSTAND,TP
continuous_0138_S4_strategy2.npz,4265–8497,SUGAR,SUGAR,TP
continuous_0138_S4_strategy2.npz,6500–9733,—,THREE,FP
continuous_0138_S4_strategy2.npz,8497–12696,THREE,—,FN
continuous_0138_S4_strategy2.npz,9733–13000,—,MAY,FP
continuous_0138_S4_strategy2.npz,12696–17195,VIOLET,VIOLET,TP
continuous_0138_S4_strategy2.npz,17195–21694,GOOD MORNING,GOOD MORNING,TP
continuous_0138_S4_strategy2.npz,19500–22766,—,RED,FP
continuous_0138_S4_strategy2.npz,21694–26026,JANUARY,JANUARY,TP
continuous_0139_S4_strategy2.npz,0–4232,COFFEE,COFFEE,TP
continuous_0139_S4_strategy2.npz,4232–8397,LONGANISA,LONGANISA,TP
continuous_0139_S4_strategy2.npz,8000–10666,—,HARD OF HEARING,FP
continuous_0139_S4_strategy2.npz,8397–12862,HARD OF HEARING,—,FN
continuous_0139_S4_strategy2.npz,10666–13333,—,GOOD EVENING,FP
continuous_0139_S4_strategy2.npz,12862–16894,GRANDMOTHER,GRANDMOTHER,TP
continuous_0139_S4_strategy2.npz,16894–21059,SIX,SIX,TP
continuous_0139_S4_strategy2.npz,21059–25225,DON'T KNOW,—,FN
continuous_0139_S4_strategy2.npz,21366–24033,—,TWO,FP
continuous_0139_S4_strategy2.npz,24033–26700,—,DON’T KNOW,FP
continuous_0139_S4_strategy2.npz,25225–29390,TODAY,TODAY,TP
continuous_0140_S4_strategy2.npz,0–4465,TEA,TEA,TP
continuous_0140_S4_strategy2.npz,3166–6366,—,GIRL,FP
continuous_0140_S4_strategy2.npz,4465–8730,GIRL,—,FN
continuous_0140_S4_strategy2.npz,6366–9566,—,EGG,FP
continuous_0140_S4_strategy2.npz,8730–13062,MEAT,MEAT,TP
continuous_0140_S4_strategy2.npz,12766–15966,—,TEA,FP
continuous_0140_S4_strategy2.npz,13062–17161,MONDAY,MONDAY,TP
continuous_0140_S4_strategy2.npz,17161–21326,FAST,FAST,TP
continuous_0140_S4_strategy2.npz,21326–25558,RED,RED,TP
continuous_0141_S4_strategy2.npz,0–4199,KNOW,KNOW,TP
continuous_0141_S4_strategy2.npz,4199–8431,NO SUGAR,NO SUGAR,TP
continuous_0141_S4_strategy2.npz,8431–12830,PINK,PINK,TP
continuous_0141_S4_strategy2.npz,12830–16962,YESTERDAY,YESTERDAY,TP
continuous_0141_S4_strategy2.npz,16962–21094,SHRIMP,—,FN
continuous_0141_S4_strategy2.npz,17300–20166,—,WOMAN,FP
continuous_0141_S4_strategy2.npz,20166–23066,—,SHRIMP,FP
continuous_0141_S4_strategy2.npz,21094–25960,DEAF BLIND,DEAF BLIND,TP
continuous_0142_S4_strategy2.npz,0–4332,BLACK,BLACK,TP
continuous_0142_S4_strategy2.npz,4332–8731,RICE,RICE,TP
continuous_0142_S4_strategy2.npz,8731–12930,NICE TO MEET YOU,NICE TO MEET YOU,TP
continuous_0142_S4_strategy2.npz,10900–14566,—,NO,FP
continuous_0142_S4_strategy2.npz,12930–17129,NO,—,FN
continuous_0142_S4_strategy2.npz,17129–21294,ONE,ONE,TP
continuous_0142_S4_strategy2.npz,21294–25493,JUICE,JUICE,TP
continuous_0143_S4_strategy2.npz,0–4400,COLD,COLD,TP
continuous_0143_S4_strategy2.npz,4400–8832,COUSIN,COUSIN,TP
continuous_0143_S4_strategy2.npz,8832–13197,BROWN,—,FN
continuous_0143_S4_strategy2.npz,13197–17396,YOURE WELCOME,YOURE WELCOME,TP
continuous_0143_S4_strategy2.npz,13533–16233,—,BROWN,FP
continuous_0143_S4_strategy2.npz,17396–21662,MARCH,MARCH,TP
continuous_0144_S4_strategy2.npz,0–4199,TEN,TEN,TP
continuous_0144_S4_strategy2.npz,2666–5333,—,BROWN,FP
continuous_0144_S4_strategy2.npz,4199–8531,BROWN,—,FN
continuous_0144_S4_strategy2.npz,5333–8000,—,MILK,FP
continuous_0144_S4_strategy2.npz,8531–12963,DAUGHTER,DAUGHTER,TP
continuous_0144_S4_strategy2.npz,12963–17162,FEBRUARY,FEBRUARY,TP
continuous_0144_S4_strategy2.npz,16033–18700,—,JANUARY,FP
continuous_0144_S4_strategy2.npz,17162–21394,IM FINE,IM FINE,TP
continuous_0145_S4_strategy2.npz,0–4265,EIGHT,EIGHT,TP
continuous_0145_S4_strategy2.npz,4265–7689,MAY,MAY,TP
continuous_0145_S4_strategy2.npz,6166–9233,—,THURSDAY,FP
continuous_0145_S4_strategy2.npz,7689–11921,THURSDAY,—,FN
continuous_0145_S4_strategy2.npz,9233–12333,—,AUNTIE,FP
continuous_0145_S4_strategy2.npz,11921–16186,COFFEE,COFFEE,TP
continuous_0145_S4_strategy2.npz,16186–20385,HOW ARE YOU,HOW ARE YOU,TP
continuous_0145_S4_strategy2.npz,18500–21566,—,BREAD,FP
continuous_0145_S4_strategy2.npz,20385–24651,BLACK,BLACK,TP
continuous_0146_S4_strategy2.npz,0–3666,CORRECT,CORRECT,TP
continuous_0146_S4_strategy2.npz,3666–7865,FOUR,FOUR,TP
continuous_0146_S4_strategy2.npz,7865–11697,WEELCHAIR PERSON,WEELCHAIR PERSON,TP
continuous_0146_S4_strategy2.npz,11697–15962,THANK YOU,THANK YOU,TP
continuous_0146_S4_strategy2.npz,15433–17633,—,TODAY,FP
continuous_0146_S4_strategy2.npz,15962–20194,SPAGHETTI,SPAGHETTI,TP
continuous_0146_S4_strategy2.npz,17633–19833,—,RED,FP
continuous_0146_S4_strategy2.npz,20194–24393,UNCLE,—,FN
continuous_0146_S4_strategy2.npz,22033–24233,—,COLD,FP
continuous_0146_S4_strategy2.npz,24233–26433,—,UNCLE,FP
continuous_0146_S4_strategy2.npz,24393–28659,WINE,WINE,TP
continuous_0147_S4_strategy2.npz,0–4265,SON,SON,TP
continuous_0147_S4_strategy2.npz,4265–8264,DON'T UNDERSTAND,DON’T UNDERSTAND,TP
continuous_0147_S4_strategy2.npz,8264–12429,THANK YOU,THANK YOU,TP
continuous_0147_S4_strategy2.npz,12429–16595,LIGHT,LIGHT,TP
continuous_0147_S4_strategy2.npz,16595–20960,SUNDAY,SUNDAY,TP
continuous_0148_S4_strategy2.npz,0–4432,OCTOBER,OCTOBER,TP
continuous_0148_S4_strategy2.npz,4432–9032,FAST,FAST,TP
continuous_0148_S4_strategy2.npz,6466–9700,—,NO,FP
continuous_0148_S4_strategy2.npz,9032–13164,TOMORROW,TOMORROW,TP
continuous_0148_S4_strategy2.npz,13164–17363,MOTHER,MOTHER,TP
continuous_0148_S4_strategy2.npz,17363–21729,HARD OF HEARING,HARD OF HEARING,TP
continuous_0148_S4_strategy2.npz,21729–25894,YOURE WELCOME,YOURE WELCOME,TP
continuous_0149_S4_strategy2.npz,0–4032,NICE TO MEET YOU,NICE TO MEET YOU,TP
continuous_0149_S4_strategy2.npz,2833–5700,—,CORRECT,FP
continuous_0149_S4_strategy2.npz,4032–8298,SIX,SIX,TP
continuous_0149_S4_strategy2.npz,8298–12731,HOT,HOT,TP
continuous_0149_S4_strategy2.npz,12731–16963,SHRIMP,—,FN
continuous_0149_S4_strategy2.npz,16963–21428,GREEN,—,FN
continuous_0149_S4_strategy2.npz,17133–20000,—,SHRIMP,FP
continuous_0149_S4_strategy2.npz,20000–22866,—,GREEN,FP
continuous_0149_S4_strategy2.npz,21428–25727,BOY,BOY,TP
continuous_0150_S4_strategy2.npz,0–4232,TEN,TEN,TP
continuous_0150_S4_strategy2.npz,3200–6400,—,COUSIN,FP
continuous_0150_S4_strategy2.npz,4232–8497,COUSIN,—,FN
continuous_0150_S4_strategy2.npz,6400–9600,—,GOOD MORNING,FP
continuous_0150_S4_strategy2.npz,8497–12097,GOOD MORNING,—,FN
continuous_0150_S4_strategy2.npz,12097–16196,FRIDAY,FRIDAY,TP
continuous_0150_S4_strategy2.npz,16196–20428,BREAD,BREAD,TP
continuous_0150_S4_strategy2.npz,19233–22433,—,WHITE,FP
continuous_0150_S4_strategy2.npz,20428–24693,DEAF,DEAF,TP
continuous_0150_S4_strategy2.npz,24693–28859,CORRECT,CORRECT,TP
continuous_0151_S4_strategy2.npz,0–4366,YOURE WELCOME,YOURE WELCOME,TP
continuous_0151_S4_strategy2.npz,4366–8565,FIVE,FIVE,TP
continuous_0151_S4_strategy2.npz,6033–9066,—,THREE,FP
continuous_0151_S4_strategy2.npz,8565–12697,JUICE,JUICE,TP
continuous_0151_S4_strategy2.npz,12697–16962,BROWN,BROWN,TP
continuous_0151_S4_strategy2.npz,16962–21194,UNDERSTAND,UNDERSTAND,TP
continuous_0152_S4_strategy2.npz,0–4432,SEVEN,SEVEN,TP
continuous_0152_S4_strategy2.npz,3266–6566,—,BLIND,FP
continuous_0152_S4_strategy2.npz,4432–8931,BLIND,—,FN
continuous_0152_S4_strategy2.npz,6566–9866,—,IM FINE,FP
continuous_0152_S4_strategy2.npz,8931–13230,IM FINE,—,FN
continuous_0152_S4_strategy2.npz,9866–13166,—,CHICKEN,FP
continuous_0152_S4_strategy2.npz,13166–16433,—,KNOW,FP
continuous_0152_S4_strategy2.npz,13230–17629,CHICKEN,—,FN
continuous_0152_S4_strategy2.npz,17629–21928,DON'T KNOW,DON’T KNOW,TP
continuous_0152_S4_strategy2.npz,21928–26327,LIGHT,LIGHT,TP
continuous_0153_S4_strategy2.npz,0–4200,CORRECT,CORRECT,TP
continuous_0153_S4_strategy2.npz,4200–8432,MEAT,MEAT,TP
continuous_0153_S4_strategy2.npz,8432–12731,BLUE,BLUE,TP
continuous_0153_S4_strategy2.npz,12731–17063,MOTHER,MOTHER,TP
continuous_0153_S4_strategy2.npz,17063–21262,BOY,—,FN
continuous_0153_S4_strategy2.npz,20033–22900,—,BOY,FP
continuous_0153_S4_strategy2.npz,21262–25760,NOVEMBER,NOVEMBER,TP
continuous_0154_S4_strategy2.npz,0–4232,LONGANISA,LONGANISA,TP
continuous_0154_S4_strategy2.npz,2800–5633,—,SEE YOU TOMORROW,FP
continuous_0154_S4_strategy2.npz,4232–8364,SEE YOU TOMORROW,—,FN
continuous_0154_S4_strategy2.npz,5633–8466,—,YELLOW,FP
continuous_0154_S4_strategy2.npz,8364–12829,KNOW,KNOW,TP
continuous_0154_S4_strategy2.npz,11266–14100,—,PARENTS,FP
continuous_0154_S4_strategy2.npz,12829–17061,WEDNESDAY,WEDNESDAY,TP
continuous_0154_S4_strategy2.npz,16933–19733,—,SIX,FP
continuous_0154_S4_strategy2.npz,17061–21293,NOVEMBER,NOVEMBER,TP
continuous_0154_S4_strategy2.npz,21293–25392,COUSIN,COUSIN,TP
continuous_0155_S4_strategy2.npz,0–4199,SON,SON,TP
continuous_0155_S4_strategy2.npz,4199–8132,NO SUGAR,NO SUGAR,TP
continuous_0155_S4_strategy2.npz,5600–8400,—,SUGAR,FP
continuous_0155_S4_strategy2.npz,8132–12397,KNOW,KNOW,TP
continuous_0155_S4_strategy2.npz,12397–16662,MAN,MAN,TP
continuous_0155_S4_strategy2.npz,16662–20961,ONE,ONE,TP
continuous_0155_S4_strategy2.npz,19633–22433,—,DEAF,FP
continuous_0155_S4_strategy2.npz,20961–25260,DARK,DARK,TP
continuous_0156_S4_strategy2.npz,0–4132,THURSDAY,THURSDAY,TP
continuous_0156_S4_strategy2.npz,4132–9198,SEE YOU TOMORROW,SEE YOU TOMORROW,TP
continuous_0156_S4_strategy2.npz,7533–10033,—,RED,FP
continuous_0156_S4_strategy2.npz,9198–13330,FATHER,FATHER,TP
continuous_0156_S4_strategy2.npz,12533–15066,—,JANUARY,FP
continuous_0156_S4_strategy2.npz,13330–18869,JUNE,JUNE,TP
continuous_0156_S4_strategy2.npz,18869–23368,BROWN,BROWN,TP
continuous_0156_S4_strategy2.npz,23368–27633,NINE,NINE,TP
continuous_0157_S4_strategy2.npz,0–5432,NICE TO MEET YOU,NICE TO MEET YOU,TP
continuous_0157_S4_strategy2.npz,3400–6800,—,MARRIED,FP
continuous_0157_S4_strategy2.npz,5432–9897,MONDAY,MONDAY,TP
continuous_0157_S4_strategy2.npz,9897–14397,UNDERSTAND,UNDERSTAND,TP
continuous_0157_S4_strategy2.npz,14397–18563,JANUARY,—,FN
continuous_0157_S4_strategy2.npz,17033–20433,—,JANUARY,FP
continuous_0157_S4_strategy2.npz,18563–22928,SIX,SIX,TP
continuous_0157_S4_strategy2.npz,22928–27260,EGG,EGG,TP
continuous_0158_S4_strategy2.npz,0–4199,HELLO,HELLO,TP
continuous_0158_S4_strategy2.npz,4199–8227,JANUARY,JANUARY,TP
continuous_0158_S4_strategy2.npz,8227–12526,LIGHT,LIGHT,TP
continuous_0158_S4_strategy2.npz,10866–14466,—,BLIND,FP
continuous_0158_S4_strategy2.npz,12526–16825,BLIND,—,FN
continuous_0158_S4_strategy2.npz,14466–18100,—,PINK,FP
continuous_0158_S4_strategy2.npz,16825–21224,MOTHER,MOTHER,TP
continuous_0158_S4_strategy2.npz,21224–25356,ONE,ONE,TP
continuous_0159_S4_strategy2.npz,0–4232,GOOD EVENING,GOOD EVENING,TP
continuous_0159_S4_strategy2.npz,4232–8331,FOUR,FOUR,TP
continuous_0159_S4_strategy2.npz,8331–12630,COLD,COLD,TP
continuous_0159_S4_strategy2.npz,12630–16995,RED,RED,TP
continuous_0159_S4_strategy2.npz,16995–21227,MAN,MAN,TP
continuous_0159_S4_strategy2.npz,21227–25426,KNOW,—,FN
continuous_0159_S4_strategy2.npz,22200–25900,—,DON’T KNOW,FP
continuous_0159_S4_strategy2.npz,25426–29591,COUSIN,COUSIN,TP
continuous_0160_S4_strategy2.npz,0–4364,JULY,JULY,TP
continuous_0160_S4_strategy2.npz,2466–4933,—,MAY,FP
continuous_0160_S4_strategy2.npz,4364–8629,CHICKEN,CHICKEN,TP
continuous_0160_S4_strategy2.npz,4933–7400,—,KNOW,FP
continuous_0160_S4_strategy2.npz,8629–12761,FOUR,FOUR,TP
continuous_0160_S4_strategy2.npz,9866–12333,—,PARENTS,FP
continuous_0160_S4_strategy2.npz,12761–17060,NO,NO,TP
continuous_0160_S4_strategy2.npz,17060–21192,TOMORROW,TOMORROW,TP
continuous_0160_S4_strategy2.npz,21192–25357,SON,SON,TP
continuous_0160_S4_strategy2.npz,24700–27166,—,COFFEE,FP
continuous_0160_S4_strategy2.npz,25357–29656,TEA,TEA,TP
continuous_0161_S4_strategy2.npz,0–4732,BLIND,BLIND,TP
continuous_0161_S4_strategy2.npz,2900–5833,—,BLUE,FP
continuous_0161_S4_strategy2.npz,4732–8998,BLUE,—,FN
continuous_0161_S4_strategy2.npz,5833–8733,—,SIX,FP
continuous_0161_S4_strategy2.npz,8998–13230,SON,SON,TP
continuous_0161_S4_strategy2.npz,11666–14566,—,SEVEN,FP
continuous_0161_S4_strategy2.npz,13230–17462,SEVEN,—,FN
continuous_0161_S4_strategy2.npz,14566–17500,—,PARENTS,FP
continuous_0161_S4_strategy2.npz,17462–21928,KNOW,KNOW,TP
continuous_0161_S4_strategy2.npz,21928–26260,COLD,COLD,TP
continuous_0162_S4_strategy2.npz,0–4132,PARENTS,PARENTS,TP
continuous_0162_S4_strategy2.npz,2500–5000,—,MOTHER,FP
continuous_0162_S4_strategy2.npz,4132–8331,TWO,TWO,TP
continuous_0162_S4_strategy2.npz,7533–10033,—,SUNDAY,FP
continuous_0162_S4_strategy2.npz,8331–12496,SUNDAY,—,FN
continuous_0162_S4_strategy2.npz,10033–12566,—,FEBRUARY,FP
continuous_0162_S4_strategy2.npz,12496–16695,CORRECT,CORRECT,TP
continuous_0162_S4_strategy2.npz,16695–20994,THANK YOU,THANK YOU,TP
continuous_0162_S4_strategy2.npz,20994–25126,SUGAR,SUGAR,TP
continuous_0163_S4_strategy2.npz,0–4166,BOY,BOY,TP
continuous_0163_S4_strategy2.npz,3166–6333,—,YELLOW,FP
continuous_0163_S4_strategy2.npz,4166–8531,YELLOW,—,FN
continuous_0163_S4_strategy2.npz,8531–12630,SON,SON,TP
continuous_0163_S4_strategy2.npz,12630–16829,DON'T UNDERSTAND,DON’T UNDERSTAND,TP
continuous_0163_S4_strategy2.npz,16829–21161,FISH,FISH,TP
continuous_0163_S4_strategy2.npz,21161–25326,MONDAY,MONDAY,TP
continuous_0164_S4_strategy2.npz,0–4166,DECEMBER,DECEMBER,TP
continuous_0164_S4_strategy2.npz,2766–5566,—,MONDAY,FP
continuous_0164_S4_strategy2.npz,4166–8365,MONDAY,—,FN
continuous_0164_S4_strategy2.npz,5566–8366,—,HOW ARE YOU,FP
continuous_0164_S4_strategy2.npz,8365–12897,GOOD MORNING,GOOD MORNING,TP
continuous_0164_S4_strategy2.npz,11166–13966,—,MARRIED,FP
continuous_0164_S4_strategy2.npz,12897–17296,COFFEE,COFFEE,TP
continuous_0164_S4_strategy2.npz,17296–21661,ORANGE,ORANGE,TP
continuous_0164_S4_strategy2.npz,19533–22333,—,DEAF,FP
continuous_0164_S4_strategy2.npz,21661–26226,DEAF BLIND,DEAF BLIND,TP
continuous_0164_S4_strategy2.npz,25133–27933,—,BLIND,FP
continuous_0164_S4_strategy2.npz,26226–30725,RICE,RICE,TP
continuous_0165_S4_strategy2.npz,0–4199,EIGHT,EIGHT,TP
continuous_0165_S4_strategy2.npz,4199–8966,SEPTEMBER,SEPTEMBER,TP
continuous_0165_S4_strategy2.npz,6266–9433,—,OCTOBER,FP
continuous_0165_S4_strategy2.npz,8966–13365,NO SUGAR,NO SUGAR,TP
continuous_0165_S4_strategy2.npz,9433–12566,—,ONE,FP
continuous_0165_S4_strategy2.npz,13365–17762,SATURDAY,—,FN
continuous_0165_S4_strategy2.npz,15733–18866,—,SATURDAY,FP
continuous_0165_S4_strategy2.npz,17762–22027,SHRIMP,SHRIMP,TP
continuous_0166_S4_strategy2.npz,0–4365,CHICKEN,CHICKEN,TP
continuous_0166_S4_strategy2.npz,4365–8697,GRAY,GRAY,TP
continuous_0166_S4_strategy2.npz,8697–12962,COLD,COLD,TP
continuous_0166_S4_strategy2.npz,11566–13900,—,FIVE,FP
continuous_0166_S4_strategy2.npz,12962–17127,FOUR,FOUR,TP
continuous_0166_S4_strategy2.npz,16200–18533,—,MOTHER,FP
continuous_0166_S4_strategy2.npz,17127–21159,PARENTS,PARENTS,TP
continuous_0166_S4_strategy2.npz,20833–23166,—,MOTHER,FP
continuous_0166_S4_strategy2.npz,21159–25491,KNOW,KNOW,TP
continuous_0167_S4_strategy2.npz,0–4199,ONE,ONE,TP
continuous_0167_S4_strategy2.npz,4199–8398,SON,SON,TP
continuous_0167_S4_strategy2.npz,8398–12730,RICE,RICE,TP
continuous_0167_S4_strategy2.npz,12730–16896,YOURE WELCOME,YOURE WELCOME,TP
continuous_0167_S4_strategy2.npz,15033–17533,—,GRANDMOTHER,FP
continuous_0167_S4_strategy2.npz,16896–21061,YESTERDAY,YESTERDAY,TP
continuous_0167_S4_strategy2.npz,21061–25693,NO SUGAR,NO SUGAR,TP
continuous_0167_S4_strategy2.npz,25033–27533,—,SUGAR,FP
continuous_0167_S4_strategy2.npz,25693–30058,BROWN,BROWN,TP
continuous_0168_S4_strategy2.npz,0–4265,EIGHT,EIGHT,TP
continuous_0168_S4_strategy2.npz,4265–8464,HELLO,HELLO,TP
continuous_0168_S4_strategy2.npz,8464–12830,SLOW,SLOW,TP
continuous_0168_S4_strategy2.npz,12830–17095,CHICKEN,CHICKEN,TP
continuous_0168_S4_strategy2.npz,17095–21560,UNCLE,UNCLE,TP
continuous_0168_S4_strategy2.npz,21560–25925,MILK,MILK,TP
continuous_0168_S4_strategy2.npz,25925–30224,WEDNESDAY,WEDNESDAY,TP
continuous_0169_S4_strategy2.npz,0–3726,WEDNESDAY,WEDNESDAY,TP
continuous_0169_S4_strategy2.npz,3726–7958,CORRECT,CORRECT,TP
continuous_0169_S4_strategy2.npz,7500–10033,—,MAN,FP
continuous_0169_S4_strategy2.npz,7958–12490,MAN,—,FN
continuous_0169_S4_strategy2.npz,10033–12533,—,SHRIMP,FP
continuous_0169_S4_strategy2.npz,12490–16889,MEAT,MEAT,TP
continuous_0169_S4_strategy2.npz,16889–20855,JULY,JULY,TP
continuous_0169_S4_strategy2.npz,20066–22566,—,AUGUST,FP
continuous_0169_S4_strategy2.npz,20855–25087,COFFEE,COFFEE,TP
continuous_0170_S4_strategy2.npz,0–4065,DARK,DARK,TP
continuous_0170_S4_strategy2.npz,2633–5266,—,DON’T UNDERSTAND,FP
continuous_0170_S4_strategy2.npz,4065–8364,DON'T UNDERSTAND,—,FN
continuous_0170_S4_strategy2.npz,5266–7900,—,JANUARY,FP
continuous_0170_S4_strategy2.npz,8364–12563,JULY,JULY,TP
continuous_0170_S4_strategy2.npz,10566–13200,—,RED,FP
continuous_0170_S4_strategy2.npz,12563–16928,DEAF BLIND,DEAF BLIND,TP
continuous_0170_S4_strategy2.npz,15833–18466,—,BLIND,FP
continuous_0170_S4_strategy2.npz,16928–21127,BEER,BEER,TP
continuous_0171_S4_strategy2.npz,0–4232,BLUE,BLUE,TP
continuous_0171_S4_strategy2.npz,2700–5433,—,GOOD MORNING,FP
continuous_0171_S4_strategy2.npz,4232–8331,GOOD MORNING,—,FN
continuous_0171_S4_strategy2.npz,5433–8166,—,TUESDAY,FP
continuous_0171_S4_strategy2.npz,8166–10900,—,FATHER,FP
continuous_0171_S4_strategy2.npz,8331–12463,TUESDAY,—,FN
continuous_0171_S4_strategy2.npz,10900–13633,—,PARENTS,FP
continuous_0171_S4_strategy2.npz,12463–16495,PARENTS,—,FN
continuous_0171_S4_strategy2.npz,13633–16333,—,MOTHER,FP
continuous_0171_S4_strategy2.npz,16333–19066,—,CRAB,FP
continuous_0171_S4_strategy2.npz,16495–20894,CRAB,—,FN
continuous_0171_S4_strategy2.npz,19066–21800,—,FAST,FP
continuous_0171_S4_strategy2.npz,20894–25826,DEAF BLIND,DEAF BLIND,TP
continuous_0171_S4_strategy2.npz,25826–29991,TWO,TWO,TP
continuous_0172_S4_strategy2.npz,0–4132,UNDERSTAND,UNDERSTAND,TP
continuous_0172_S4_strategy2.npz,4132–8265,HOW ARE YOU,HOW ARE YOU,TP
continuous_0172_S4_strategy2.npz,8066–10766,—,BREAD,FP
continuous_0172_S4_strategy2.npz,8265–12497,TEN,TEN,TP
continuous_0172_S4_strategy2.npz,12497–16629,COLD,COLD,TP
continuous_0172_S4_strategy2.npz,16629–21564,JUNE,JUNE,TP
continuous_0173_S4_strategy2.npz,0–4533,HOT,HOT,TP
continuous_0173_S4_strategy2.npz,4533–8598,MAY,MAY,TP
continuous_0173_S4_strategy2.npz,6433–9633,—,GRANDFATHER,FP
continuous_0173_S4_strategy2.npz,8598–12863,GRANDFATHER,—,FN
continuous_0173_S4_strategy2.npz,9633–12866,—,HELLO,FP
continuous_0173_S4_strategy2.npz,12863–17028,PINK,PINK,TP
continuous_0173_S4_strategy2.npz,16066–19300,—,MARRIED,FP
continuous_0173_S4_strategy2.npz,17028–21327,MARRIED,—,FN
continuous_0173_S4_strategy2.npz,19300–22500,—,RED,FP
continuous_0173_S4_strategy2.npz,21327–25726,DON'T UNDERSTAND,DON’T UNDERSTAND,TP
continuous_0174_S4_strategy2.npz,0–4232,DEAF,DEAF,TP
continuous_0174_S4_strategy2.npz,4232–8665,COLD,COLD,TP
continuous_0174_S4_strategy2.npz,8665–12797,CORRECT,CORRECT,TP
continuous_0174_S4_strategy2.npz,12797–17129,YELLOW,YELLOW,TP
continuous_0174_S4_strategy2.npz,17129–20828,FISH,FISH,TP
continuous_0175_S4_strategy2.npz,0–4332,YELLOW,YELLOW,TP
continuous_0175_S4_strategy2.npz,4332–8464,NICE TO MEET YOU,NICE TO MEET YOU,TP
continuous_0175_S4_strategy2.npz,8464–12530,GRANDFATHER,GRANDFATHER,TP
continuous_0175_S4_strategy2.npz,11133–14833,—,MOTHER,FP
continuous_0175_S4_strategy2.npz,12530–17196,MONDAY,MONDAY,TP
continuous_0175_S4_strategy2.npz,17196–21461,BEER,BEER,TP
continuous_0175_S4_strategy2.npz,21461–25993,FISH,FISH,TP
continuous_0176_S4_strategy2.npz,0–4265,BREAD,BREAD,TP
continuous_0176_S4_strategy2.npz,4265–8397,HOT,HOT,TP
continuous_0176_S4_strategy2.npz,6266–9400,—,AUNTIE,FP
continuous_0176_S4_strategy2.npz,8397–12462,AUNTIE,—,FN
continuous_0176_S4_strategy2.npz,9400–12533,—,YESTERDAY,FP
continuous_0176_S4_strategy2.npz,12462–16628,YESTERDAY,—,FN
continuous_0176_S4_strategy2.npz,12533–15666,—,FAST,FP
continuous_0176_S4_strategy2.npz,16628–20893,DEAF BLIND,DEAF BLIND,TP
continuous_0176_S4_strategy2.npz,20893–25093,GOOD MORNING,GOOD MORNING,TP
continuous_0177_S4_strategy2.npz,0–4265,AUNTIE,AUNTIE,TP
continuous_0177_S4_strategy2.npz,2700–5433,—,NO SUGAR,FP
continuous_0177_S4_strategy2.npz,4265–8397,NO SUGAR,—,FN
continuous_0177_S4_strategy2.npz,5433–8166,—,GOOD AFTERNOON,FP
continuous_0177_S4_strategy2.npz,8397–12929,GOOD MORNING,GOOD MORNING,TP
continuous_0177_S4_strategy2.npz,10866–13600,—,DARK,FP
continuous_0177_S4_strategy2.npz,12929–17128,TODAY,TODAY,TP
continuous_0177_S4_strategy2.npz,16333–19066,—,GIRL,FP
continuous_0177_S4_strategy2.npz,17128–21460,GIRL,—,FN
continuous_0177_S4_strategy2.npz,19066–21766,—,SLOW,FP
continuous_0177_S4_strategy2.npz,21460–25792,GRAY,GRAY,TP
continuous_0177_S4_strategy2.npz,24500–27233,—,DEAF BLIND,FP
continuous_0177_S4_strategy2.npz,25792–29957,CHICKEN,CHICKEN,TP
continuous_0178_S4_strategy2.npz,0–4332,GIRL,GIRL,TP
continuous_0178_S4_strategy2.npz,2600–5233,—,FISH,FP
continuous_0178_S4_strategy2.npz,4332–8564,FISH,—,FN
continuous_0178_S4_strategy2.npz,5233–7866,—,LIGHT,FP
continuous_0178_S4_strategy2.npz,7866–10500,—,SUNDAY,FP
continuous_0178_S4_strategy2.npz,8564–12663,SUNDAY,—,FN
continuous_0178_S4_strategy2.npz,10500–13100,—,MARRIED,FP
continuous_0178_S4_strategy2.npz,12663–16895,NICE TO MEET YOU,NICE TO MEET YOU,TP
continuous_0178_S4_strategy2.npz,15733–18366,—,OCTOBER,FP
continuous_0178_S4_strategy2.npz,16895–20994,JULY,JULY,TP
continuous_0179_S4_strategy2.npz,0–4199,SATURDAY,SATURDAY,TP
continuous_0179_S4_strategy2.npz,4199–8531,WHITE,WHITE,TP
continuous_0179_S4_strategy2.npz,8531–12730,CRAB,CRAB,TP
continuous_0179_S4_strategy2.npz,10933–14600,—,DON’T KNOW,FP
continuous_0179_S4_strategy2.npz,12730–16962,KNOW,—,FN
continuous_0179_S4_strategy2.npz,14600–18233,—,EIGHT,FP
continuous_0179_S4_strategy2.npz,16962–21294,MAN,MAN,TP
continuous_0179_S4_strategy2.npz,21294–25559,TWO,TWO,TP
continuous_0180_S4_strategy2.npz,0–4266,—,MOTHER,FP
continuous_0180_S4_strategy2.npz,0–4065,MOTHER,—,FN
continuous_0180_S4_strategy2.npz,4065–8197,SEVEN,SEVEN,TP
continuous_0180_S4_strategy2.npz,8197–12396,SHRIMP,SHRIMP,TP
continuous_0180_S4_strategy2.npz,12396–17128,JUICE,JUICE,TP
continuous_0180_S4_strategy2.npz,17128–21360,WHITE,WHITE,TP
continuous_0180_S4_strategy2.npz,21360–25492,TODAY,TODAY,TP
continuous_0180_S4_strategy2.npz,25492–29956,NOVEMBER,NOVEMBER,TP
continuous_0181_S4_strategy2.npz,0–4265,BREAD,BREAD,TP
continuous_0181_S4_strategy2.npz,4265–8364,SUGAR,SUGAR,TP
continuous_0181_S4_strategy2.npz,8364–12529,NICE TO MEET YOU,NICE TO MEET YOU,TP
continuous_0181_S4_strategy2.npz,12529–16761,TODAY,TODAY,TP
continuous_0181_S4_strategy2.npz,16761–20960,DECEMBER,DECEMBER,TP
continuous_0181_S4_strategy2.npz,20960–25159,NINE,NINE,TP
continuous_0182_S4_strategy2.npz,0–4299,MARRIED,MARRIED,TP
continuous_0182_S4_strategy2.npz,4299–9332,SLOW,SLOW,TP
continuous_0182_S4_strategy2.npz,6100–9166,—,WRONG,FP
continuous_0182_S4_strategy2.npz,9166–12233,—,DEAF,FP
continuous_0182_S4_strategy2.npz,9332–13531,IM FINE,IM FINE,TP
continuous_0182_S4_strategy2.npz,13531–17963,THREE,THREE,TP
continuous_0182_S4_strategy2.npz,17963–22195,GREEN,GREEN,TP
continuous_0182_S4_strategy2.npz,22195–26394,JUICE,JUICE,TP
continuous_0182_S4_strategy2.npz,26394–30593,DAUGHTER,DAUGHTER,TP
continuous_0183_S4_strategy2.npz,0–4165,EIGHT,EIGHT,TP
continuous_0183_S4_strategy2.npz,4165–8597,WEELCHAIR PERSON,WEELCHAIR PERSON,TP
continuous_0183_S4_strategy2.npz,8597–12762,TEA,TEA,TP
continuous_0183_S4_strategy2.npz,12762–16894,PARENTS,PARENTS,TP
continuous_0183_S4_strategy2.npz,16894–20959,MAY,MAY,TP
continuous_0183_S4_strategy2.npz,20959–25058,DON'T KNOW,DON’T KNOW,TP
continuous_0184_S4_strategy2.npz,0–4199,ONE,ONE,TP
continuous_0184_S4_strategy2.npz,2400–4800,—,PINK,FP
continuous_0184_S4_strategy2.npz,4199–8431,PINK,—,FN
continuous_0184_S4_strategy2.npz,4800–9633,—,NO SUGAR,FP
continuous_0184_S4_strategy2.npz,8431–12563,NO SUGAR,—,FN
continuous_0184_S4_strategy2.npz,9633–14466,—,DEAF BLIND,FP
continuous_0184_S4_strategy2.npz,12563–17170,DEAF BLIND,—,FN
continuous_0184_S4_strategy2.npz,17170–21433,SUNDAY,SUNDAY,TP
continuous_0184_S4_strategy2.npz,19300–21700,—,DEAF,FP
continuous_0184_S4_strategy2.npz,21433–27065,SPAGHETTI,SPAGHETTI,TP
continuous_0184_S4_strategy2.npz,21700–24100,—,RED,FP
continuous_0184_S4_strategy2.npz,26533–28933,—,BROWN,FP
continuous_0184_S4_strategy2.npz,27065–31331,JANUARY,JANUARY,TP
continuous_0185_S4_strategy2.npz,0–4199,FRIDAY,FRIDAY,TP
continuous_0185_S4_strategy2.npz,4199–8398,FAST,FAST,TP
continuous_0185_S4_strategy2.npz,6566–9866,—,TWO,FP
continuous_0185_S4_strategy2.npz,8398–12563,TWO,—,FN
continuous_0185_S4_strategy2.npz,9866–13133,—,GRANDFATHER,FP
continuous_0185_S4_strategy2.npz,12563–16662,GRANDFATHER,—,FN
continuous_0185_S4_strategy2.npz,13133–16433,—,TEA,FP
continuous_0185_S4_strategy2.npz,16433–19733,—,JANUARY,FP
continuous_0185_S4_strategy2.npz,16662–20927,TEA,—,FN
continuous_0185_S4_strategy2.npz,20927–25059,JULY,JULY,TP
continuous_0185_S4_strategy2.npz,23000–26300,—,AUGUST,FP
continuous_0185_S4_strategy2.npz,25059–29657,LIGHT,LIGHT,TP
continuous_0186_S4_strategy2.npz,0–4165,WHITE,WHITE,TP
continuous_0186_S4_strategy2.npz,2766–5566,—,TOMORROW,FP
continuous_0186_S4_strategy2.npz,4165–8330,TOMORROW,—,FN
continuous_0186_S4_strategy2.npz,5566–8366,—,FATHER,FP
continuous_0186_S4_strategy2.npz,8330–12529,PARENTS,PARENTS,TP
continuous_0186_S4_strategy2.npz,12529–16728,THREE,THREE,TP
continuous_0186_S4_strategy2.npz,16728–20893,SEE YOU TOMORROW,SEE YOU TOMORROW,TP
continuous_0186_S4_strategy2.npz,19500–22300,—,WRONG,FP
continuous_0186_S4_strategy2.npz,20893–25092,SUGAR,SUGAR,TP
continuous_0187_S4_strategy2.npz,0–4199,FRIDAY,FRIDAY,TP
continuous_0187_S4_strategy2.npz,2666–5366,—,NINE,FP
continuous_0187_S4_strategy2.npz,4199–8431,GOOD MORNING,GOOD MORNING,TP
continuous_0187_S4_strategy2.npz,8033–10733,—,HOT,FP
continuous_0187_S4_strategy2.npz,8431–12630,CRAB,CRAB,TP
continuous_0187_S4_strategy2.npz,12630–17029,AUNTIE,AUNTIE,TP
continuous_0187_S4_strategy2.npz,13400–16100,—,RED,FP
continuous_0187_S4_strategy2.npz,17029–21461,SUGAR,SUGAR,TP
continuous_0188_S4_strategy2.npz,0–4365,BOY,BOY,TP
continuous_0188_S4_strategy2.npz,4365–8664,CRAB,CRAB,TP
continuous_0188_S4_strategy2.npz,8664–12863,THREE,THREE,TP
continuous_0188_S4_strategy2.npz,12863–17095,UNCLE,UNCLE,TP
continuous_0188_S4_strategy2.npz,17095–21327,THURSDAY,THURSDAY,TP
continuous_0188_S4_strategy2.npz,20366–22900,—,ORANGE,FP
continuous_0188_S4_strategy2.npz,21327–25559,RED,RED,TP
continuous_0188_S4_strategy2.npz,25466–30566,—,DEAF,FP
continuous_0188_S4_strategy2.npz,25559–30558,SEPTEMBER,—,FN
continuous_0189_S4_strategy2.npz,0–4165,TEN,TEN,TP
continuous_0189_S4_strategy2.npz,4165–8330,SUGAR,SUGAR,TP
continuous_0189_S4_strategy2.npz,8330–13195,DEAF BLIND,DEAF BLIND,TP
continuous_0189_S4_strategy2.npz,11133–13933,—,BLIND,FP
continuous_0189_S4_strategy2.npz,13195–17227,JULY,JULY,TP
continuous_0189_S4_strategy2.npz,16700–19500,—,SPAGHETTI,FP
continuous_0189_S4_strategy2.npz,17227–21359,SPAGHETTI,—,FN
continuous_0189_S4_strategy2.npz,19500–22300,—,EGG,FP
continuous_0189_S4_strategy2.npz,21359–25959,HELLO,HELLO,TP
continuous_0189_S4_strategy2.npz,25959–30658,RED,RED,TP
continuous_0190_S4_strategy2.npz,0–4133,WINE,WINE,TP
continuous_0190_S4_strategy2.npz,4133–8398,DEAF,DEAF,TP
continuous_0190_S4_strategy2.npz,7633–10200,—,DEAF,FP
continuous_0190_S4_strategy2.npz,8398–12563,GRANDMOTHER,GRANDMOTHER,TP
continuous_0190_S4_strategy2.npz,12563–16795,TWO,TWO,TP
continuous_0190_S4_strategy2.npz,12733–15300,—,ONE,FP
continuous_0190_S4_strategy2.npz,16795–21127,DARK,—,FN
continuous_0190_S4_strategy2.npz,17833–20400,—,YOURE WELCOME,FP
continuous_0190_S4_strategy2.npz,20400–22933,—,DARK,FP
continuous_0190_S4_strategy2.npz,21127–25492,FEBRUARY,FEBRUARY,TP
continuous_0191_S4_strategy2.npz,0–4199,UNDERSTAND,UNDERSTAND,TP
continuous_0191_S4_strategy2.npz,3000–6000,—,WINE,FP
continuous_0191_S4_strategy2.npz,4199–8331,WINE,—,FN
continuous_0191_S4_strategy2.npz,6000–9000,—,RED,FP
continuous_0191_S4_strategy2.npz,8331–12863,GOOD EVENING,GOOD EVENING,TP
continuous_0191_S4_strategy2.npz,12863–17228,BLIND,BLIND,TP
continuous_0191_S4_strategy2.npz,17228–21427,ONE,ONE,TP
continuous_0191_S4_strategy2.npz,21427–25759,VIOLET,VIOLET,TP
continuous_0191_S4_strategy2.npz,25759–29991,MAY,MAY,TP
continuous_0192_S4_strategy2.npz,0–4032,SUGAR,SUGAR,TP
continuous_0192_S4_strategy2.npz,4032–8197,WEDNESDAY,WEDNESDAY,TP
continuous_0192_S4_strategy2.npz,8197–12329,FATHER,FATHER,TP
continuous_0192_S4_strategy2.npz,12329–16561,WRONG,WRONG,TP
continuous_0192_S4_strategy2.npz,16561–20793,NINE,NINE,TP
continuous_0192_S4_strategy2.npz,20793–25025,MARCH,MARCH,TP
continuous_0193_S4_strategy2.npz,0–4232,ORANGE,ORANGE,TP
continuous_0193_S4_strategy2.npz,3166–6366,—,CHICKEN,FP
continuous_0193_S4_strategy2.npz,4232–8497,CHICKEN,—,FN
continuous_0193_S4_strategy2.npz,6366–9533,—,DECEMBER,FP
continuous_0193_S4_strategy2.npz,8497–12596,DECEMBER,—,FN
continuous_0193_S4_strategy2.npz,12596–16862,CORRECT,CORRECT,TP
continuous_0193_S4_strategy2.npz,16862–21061,FATHER,FATHER,TP
continuous_0193_S4_strategy2.npz,21061–25460,HOT,HOT,TP
continuous_0194_S4_strategy2.npz,0–4232,BREAD,BREAD,TP
continuous_0194_S4_strategy2.npz,4232–8397,NOVEMBER,NOVEMBER,TP
continuous_0194_S4_strategy2.npz,8397–12662,COFFEE,COFFEE,TP
continuous_0194_S4_strategy2.npz,12662–16794,SIX,SIX,TP
continuous_0194_S4_strategy2.npz,16794–20993,GRANDMOTHER,GRANDMOTHER,TP
continuous_0194_S4_strategy2.npz,18900–22033,—,MOTHER,FP
continuous_0194_S4_strategy2.npz,20993–25192,THURSDAY,THURSDAY,TP
continuous_0195_S4_strategy2.npz,0–4265,NO,NO,TP
continuous_0195_S4_strategy2.npz,3000–6000,—,GRANDMOTHER,FP
continuous_0195_S4_strategy2.npz,4265–8497,YOURE WELCOME,YOURE WELCOME,TP
continuous_0195_S4_strategy2.npz,8497–13029,YELLOW,YELLOW,TP
continuous_0195_S4_strategy2.npz,9000–12000,—,WHITE,FP
continuous_0195_S4_strategy2.npz,13029–17228,MILK,MILK,TP
continuous_0195_S4_strategy2.npz,17228–21493,FOUR,FOUR,TP
continuous_0195_S4_strategy2.npz,21493–25792,JUNE,—,FN
continuous_0195_S4_strategy2.npz,24000–27000,—,JUNE,FP
continuous_0195_S4_strategy2.npz,25792–30024,CRAB,CRAB,TP
continuous_0196_S4_strategy2.npz,0–4199,SUNDAY,SUNDAY,TP
continuous_0196_S4_strategy2.npz,3166–6333,—,NO,FP
continuous_0196_S4_strategy2.npz,4199–8331,ONE,ONE,TP
continuous_0196_S4_strategy2.npz,8331–12697,THANK YOU,THANK YOU,TP
continuous_0196_S4_strategy2.npz,12697–16996,FATHER,FATHER,TP
continuous_0196_S4_strategy2.npz,15833–19000,—,BOY,FP
continuous_0196_S4_strategy2.npz,16996–21195,NO,—,FN
continuous_0196_S4_strategy2.npz,19000–22166,—,NO,FP
continuous_0196_S4_strategy2.npz,21195–25327,MILK,MILK,TP
continuous_0197_S4_strategy2.npz,0–4232,SLOW,SLOW,TP
continuous_0197_S4_strategy2.npz,2833–5700,—,COUSIN,FP
continuous_0197_S4_strategy2.npz,4232–8564,COUSIN,—,FN
continuous_0197_S4_strategy2.npz,5700–8566,—,LONGANISA,FP
continuous_0197_S4_strategy2.npz,8564–12996,CRAB,CRAB,TP
continuous_0197_S4_strategy2.npz,12996–18128,DEAF BLIND,DEAF BLIND,TP
continuous_0197_S4_strategy2.npz,14300–17166,—,RED,FP
continuous_0197_S4_strategy2.npz,18128–22227,THURSDAY,THURSDAY,TP
continuous_0197_S4_strategy2.npz,22227–25759,THREE,THREE,TP
continuous_0198_S4_strategy2.npz,0–4165,SUNDAY,SUNDAY,TP
continuous_0198_S4_strategy2.npz,4165–8531,BOY,BOY,TP
continuous_0198_S4_strategy2.npz,8531–13030,WHITE,WHITE,TP
continuous_0198_S4_strategy2.npz,9200–12300,—,MILK,FP
continuous_0198_S4_strategy2.npz,13030–17228,AUNTIE,—,FN
continuous_0198_S4_strategy2.npz,15366–18433,—,AUNTIE,FP
continuous_0198_S4_strategy2.npz,17228–21527,EGG,EGG,TP
continuous_0199_S4_strategy2.npz,0–3632,HELLO,HELLO,TP
continuous_0199_S4_strategy2.npz,2933–5866,—,COUSIN,FP
continuous_0199_S4_strategy2.npz,3632–7997,PINK,PINK,TP
continuous_0199_S4_strategy2.npz,7997–12296,GRANDMOTHER,GRANDMOTHER,TP
continuous_0199_S4_strategy2.npz,12296–16528,SHRIMP,SHRIMP,TP
continuous_0199_S4_strategy2.npz,14666–17600,—,HARD OF HEARING,FP
continuous_0199_S4_strategy2.npz,16528–20827,HARD OF HEARING,—,FN
continuous_0199_S4_strategy2.npz,17600–20533,—,GOOD AFTERNOON,FP
continuous_0199_S4_strategy2.npz,20827–25159,WEDNESDAY,WEDNESDAY,TP
continuous_0199_S4_strategy2.npz,23466–26400,—,SIX,FP
continuous_0199_S4_strategy2.npz,25159–29358,COFFEE,COFFEE,TP
continuous_0200_S4_strategy2.npz,0–4299,BLACK,BLACK,TP
continuous_0200_S4_strategy2.npz,4299–8531,SUGAR,SUGAR,TP
continuous_0200_S4_strategy2.npz,8531–12730,MOTHER,MOTHER,TP
continuous_0200_S4_strategy2.npz,12730–16962,NICE TO MEET YOU,NICE TO MEET YOU,TP
continuous_0200_S4_strategy2.npz,16962–21227,MEAT,MEAT,TP
continuous_0201_S4_strategy2.npz,0–4166,WEDNESDAY,WEDNESDAY,TP
continuous_0201_S4_strategy2.npz,4166–8331,FOUR,FOUR,TP
continuous_0201_S4_strategy2.npz,6566–8766,—,MILK,FP
continuous_0201_S4_strategy2.npz,8331–12563,GIRL,GIRL,TP
continuous_0201_S4_strategy2.npz,10966–13166,—,YES,FP
continuous_0201_S4_strategy2.npz,12563–17628,OCTOBER,OCTOBER,TP
continuous_0201_S4_strategy2.npz,13166–15366,—,MARCH,FP
continuous_0201_S4_strategy2.npz,17628–21960,ORANGE,ORANGE,TP
continuous_0202_S4_strategy2.npz,0–4466,DEAF BLIND,DEAF BLIND,TP
continuous_0202_S4_strategy2.npz,2466–4933,—,SEE YOU TOMORROW,FP
continuous_0202_S4_strategy2.npz,4466–8665,YES,YES,TP
continuous_0202_S4_strategy2.npz,8665–13065,WINE,WINE,TP
continuous_0202_S4_strategy2.npz,9866–12333,—,PARENTS,FP
continuous_0202_S4_strategy2.npz,12333–14800,—,NO,FP
continuous_0202_S4_strategy2.npz,13065–17430,PARENTS,—,FN
continuous_0202_S4_strategy2.npz,17430–21794,YESTERDAY,YESTERDAY,TP
continuous_0202_S4_strategy2.npz,21794–26126,EGG,EGG,TP
continuous_0202_S4_strategy2.npz,24666–27133,—,HOW ARE YOU,FP
continuous_0202_S4_strategy2.npz,26126–29625,IM FINE,IM FINE,TP
continuous_0203_S4_strategy2.npz,0–4232,WHITE,WHITE,TP
continuous_0203_S4_strategy2.npz,4232–8364,YESTERDAY,YESTERDAY,TP
continuous_0203_S4_strategy2.npz,6000–9000,—,AUNTIE,FP
continuous_0203_S4_strategy2.npz,8364–12630,SLOW,SLOW,TP
continuous_0203_S4_strategy2.npz,12630–16896,JUNE,JUNE,TP
continuous_0203_S4_strategy2.npz,15033–18033,—,DECEMBER,FP
continuous_0203_S4_strategy2.npz,16896–21061,HELLO,HELLO,TP
continuous_0204_S4_strategy2.npz,0–4232,EGG,EGG,TP
continuous_0204_S4_strategy2.npz,4232–8298,TUESDAY,TUESDAY,TP
continuous_0204_S4_strategy2.npz,8298–12397,MOTHER,MOTHER,TP
continuous_0204_S4_strategy2.npz,12397–16796,HARD OF HEARING,HARD OF HEARING,TP
continuous_0204_S4_strategy2.npz,16796–20861,WRONG,WRONG,TP
continuous_0204_S4_strategy2.npz,20861–25160,MILK,MILK,TP
continuous_0205_S4_strategy2.npz,0–4166,FOUR,FOUR,TP
continuous_0205_S4_strategy2.npz,4166–9101,MAY,MAY,TP
continuous_0205_S4_strategy2.npz,8433–11266,—,IM FINE,FP
continuous_0205_S4_strategy2.npz,9101–13400,IM FINE,—,FN
continuous_0205_S4_strategy2.npz,11266–14100,—,DEAF,FP
continuous_0205_S4_strategy2.npz,13400–18099,DEAF,—,FN
continuous_0205_S4_strategy2.npz,14100–16900,—,MAN,FP
continuous_0205_S4_strategy2.npz,16900–19733,—,LIGHT,FP
continuous_0205_S4_strategy2.npz,18099–22498,LIGHT,—,FN
continuous_0205_S4_strategy2.npz,19733–22566,—,LONGANISA,FP
continuous_0205_S4_strategy2.npz,22498–26797,LONGANISA,—,FN
continuous_0205_S4_strategy2.npz,22566–28200,—,EGG,FP
continuous_0205_S4_strategy2.npz,26797–31029,SUGAR,—,FN
continuous_0205_S4_strategy2.npz,28200–31033,—,SUGAR,FP
continuous_0206_S4_strategy2.npz,0–4099,GRANDMOTHER,GRANDMOTHER,TP
continuous_0206_S4_strategy2.npz,3000–6000,—,MOTHER,FP
continuous_0206_S4_strategy2.npz,4099–8298,SEVEN,SEVEN,TP
continuous_0206_S4_strategy2.npz,8298–12497,DON'T KNOW,DON’T KNOW,TP
continuous_0206_S4_strategy2.npz,12497–16729,MARCH,MARCH,TP
continuous_0206_S4_strategy2.npz,16729–21061,RED,RED,TP
continuous_0207_S4_strategy2.npz,0–4565,COUSIN,COUSIN,TP
continuous_0207_S4_strategy2.npz,4565–8697,WEDNESDAY,WEDNESDAY,TP
continuous_0207_S4_strategy2.npz,8133–10833,—,SPAGHETTI,FP
continuous_0207_S4_strategy2.npz,8697–12862,SPAGHETTI,—,FN
continuous_0207_S4_strategy2.npz,10833–13566,—,BROWN,FP
continuous_0207_S4_strategy2.npz,12862–17061,APRIL,APRIL,TP
continuous_0207_S4_strategy2.npz,17061–21493,GOOD AFTERNOON,GOOD AFTERNOON,TP
continuous_0207_S4_strategy2.npz,21493–25792,BLIND,—,FN
continuous_0207_S4_strategy2.npz,21700–24433,—,HELLO,FP
continuous_0207_S4_strategy2.npz,24433–27133,—,BLIND,FP
continuous_0207_S4_strategy2.npz,25792–29858,WINE,WINE,TP
continuous_0208_S4_strategy2.npz,0–4632,GREEN,GREEN,TP
continuous_0208_S4_strategy2.npz,4632–8931,BOY,BOY,TP
continuous_0208_S4_strategy2.npz,8931–13096,YES,YES,TP
continuous_0208_S4_strategy2.npz,11200–14933,—,MARCH,FP
continuous_0208_S4_strategy2.npz,13096–17428,MARCH,—,FN
continuous_0208_S4_strategy2.npz,17428–21927,MEAT,MEAT,TP
continuous_0208_S4_strategy2.npz,21927–26159,HOW ARE YOU,HOW ARE YOU,TP
continuous_0209_S4_strategy2.npz,0–4332,UNCLE,UNCLE,TP
continuous_0209_S4_strategy2.npz,4332–8556,CRAB,CRAB,TP
continuous_0209_S4_strategy2.npz,7833–10466,—,WRONG,FP
continuous_0209_S4_strategy2.npz,8556–12921,WRONG,—,FN
continuous_0209_S4_strategy2.npz,10466–13100,—,RED,FP
continuous_0209_S4_strategy2.npz,12921–17153,COLD,COLD,TP
continuous_0209_S4_strategy2.npz,17153–20510,TOMORROW,TOMORROW,TP
continuous_0209_S4_strategy2.npz,20510–24542,MAY,MAY,TP
continuous_0209_S4_strategy2.npz,20966–23566,—,MARCH,FP
continuous_0209_S4_strategy2.npz,24542–28807,ONE,ONE,TP
continuous_0210_S4_strategy2.npz,0–4266,BOY,BOY,TP
continuous_0210_S4_strategy2.npz,4266–8565,WHITE,WHITE,TP
continuous_0210_S4_strategy2.npz,6566–9866,—,EIGHT,FP
continuous_0210_S4_strategy2.npz,8565–12764,NINE,NINE,TP
continuous_0210_S4_strategy2.npz,12764–16963,SHRIMP,SHRIMP,TP
continuous_0210_S4_strategy2.npz,16963–21162,GRANDFATHER,GRANDFATHER,TP
continuous_0210_S4_strategy2.npz,21162–25528,IM FINE,—,FN
continuous_0210_S4_strategy2.npz,23066–26366,—,IM FINE,FP
continuous_0210_S4_strategy2.npz,25528–29660,JUNE,JUNE,TP
continuous_0211_S4_strategy2.npz,0–4199,FAST,FAST,TP
continuous_0211_S4_strategy2.npz,4199–8298,RICE,RICE,TP
continuous_0211_S4_strategy2.npz,8298–12730,BOY,BOY,TP
continuous_0211_S4_strategy2.npz,12730–17029,RED,RED,TP
continuous_0211_S4_strategy2.npz,17029–21461,SEPTEMBER,SEPTEMBER,TP
continuous_0212_S4_strategy2.npz,0–4265,UNCLE,UNCLE,TP
continuous_0212_S4_strategy2.npz,4265–8464,YES,YES,TP
continuous_0212_S4_strategy2.npz,8464–12529,JUICE,JUICE,TP
continuous_0212_S4_strategy2.npz,12529–16728,JANUARY,JANUARY,TP
continuous_0212_S4_strategy2.npz,14733–18433,—,DEAF,FP
continuous_0212_S4_strategy2.npz,16728–20993,DEAF,—,FN
continuous_0212_S4_strategy2.npz,18433–22100,—,FAST,FP
continuous_0212_S4_strategy2.npz,20993–25225,ORANGE,ORANGE,TP
continuous_0212_S4_strategy2.npz,25225–29490,FOUR,FOUR,TP
continuous_0213_S4_strategy2.npz,0–4065,THURSDAY,THURSDAY,TP
continuous_0213_S4_strategy2.npz,2500–5000,—,BLACK,FP
continuous_0213_S4_strategy2.npz,4065–8497,BLACK,—,FN
continuous_0213_S4_strategy2.npz,5000–7500,—,NO,FP
continuous_0213_S4_strategy2.npz,7500–10033,—,NO SUGAR,FP
continuous_0213_S4_strategy2.npz,8497–12763,NO SUGAR,—,FN
continuous_0213_S4_strategy2.npz,10033–12533,—,SUGAR,FP
continuous_0213_S4_strategy2.npz,12533–17533,—,MOTHER,FP
continuous_0213_S4_strategy2.npz,12763–16862,MOTHER,—,FN
continuous_0213_S4_strategy2.npz,16862–21494,HELLO,HELLO,TP
continuous_0213_S4_strategy2.npz,20066–22566,—,EIGHT,FP
continuous_0213_S4_strategy2.npz,21494–25659,MAY,MAY,TP
continuous_0213_S4_strategy2.npz,25659–30091,CHICKEN,CHICKEN,TP
continuous_0214_S4_strategy2.npz,0–4566,SON,SON,TP
continuous_0214_S4_strategy2.npz,4566–8765,FRIDAY,FRIDAY,TP
continuous_0214_S4_strategy2.npz,8765–12964,FEBRUARY,FEBRUARY,TP
continuous_0214_S4_strategy2.npz,12964–17397,THANK YOU,THANK YOU,TP
continuous_0214_S4_strategy2.npz,17397–21596,CORRECT,CORRECT,TP
continuous_0214_S4_strategy2.npz,21596–25787,CHICKEN,CHICKEN,TP
continuous_0215_S4_strategy2.npz,0–4132,JULY,JULY,TP
continuous_0215_S4_strategy2.npz,3166–6333,—,AUGUST,FP
continuous_0215_S4_strategy2.npz,4132–8331,WINE,WINE,TP
continuous_0215_S4_strategy2.npz,8331–12663,FISH,FISH,TP
continuous_0215_S4_strategy2.npz,12663–16828,GRANDMOTHER,GRANDMOTHER,TP
continuous_0215_S4_strategy2.npz,15833–19000,—,MOTHER,FP
continuous_0215_S4_strategy2.npz,16828–21093,SEVEN,SEVEN,TP
continuous_0215_S4_strategy2.npz,21093–25358,WOMAN,WOMAN,TP
continuous_0216_S4_strategy2.npz,0–4265,MEAT,MEAT,TP
continuous_0216_S4_strategy2.npz,2500–5000,—,YOURE WELCOME,FP
continuous_0216_S4_strategy2.npz,4265–8465,YOURE WELCOME,—,FN
continuous_0216_S4_strategy2.npz,5000–7533,—,SUGAR,FP
continuous_0216_S4_strategy2.npz,7533–10033,—,FATHER,FP
continuous_0216_S4_strategy2.npz,8465–12631,FATHER,—,FN
continuous_0216_S4_strategy2.npz,12631–16830,MAY,MAY,TP
continuous_0216_S4_strategy2.npz,16830–21095,BLACK,BLACK,TP
continuous_0216_S4_strategy2.npz,21095–25127,MILK,MILK,TP
continuous_0217_S4_strategy2.npz,0–4599,TEN,TEN,TP
continuous_0217_S4_strategy2.npz,4599–8998,BEER,BEER,TP
continuous_0217_S4_strategy2.npz,8998–13163,NOVEMBER,NOVEMBER,TP
continuous_0217_S4_strategy2.npz,13163–16961,YOURE WELCOME,YOURE WELCOME,TP
continuous_0217_S4_strategy2.npz,15266–18333,—,WHITE,FP
continuous_0217_S4_strategy2.npz,16961–21426,ORANGE,ORANGE,TP
continuous_0218_S4_strategy2.npz,0–4132,UNCLE,UNCLE,TP
continuous_0218_S4_strategy2.npz,4132–8698,UNDERSTAND,UNDERSTAND,TP
continuous_0218_S4_strategy2.npz,8698–13364,JULY,JULY,TP
continuous_0218_S4_strategy2.npz,13364–17796,WEELCHAIR PERSON,WEELCHAIR PERSON,TP
continuous_0218_S4_strategy2.npz,17796–21961,TOMORROW,TOMORROW,TP
continuous_0219_S4_strategy2.npz,0–4032,SATURDAY,SATURDAY,TP
continuous_0219_S4_strategy2.npz,2700–5400,—,DARK,FP
continuous_0219_S4_strategy2.npz,4032–8397,DARK,—,FN
continuous_0219_S4_strategy2.npz,5400–8100,—,HARD OF HEARING,FP
continuous_0219_S4_strategy2.npz,8397–12662,THREE,THREE,TP
continuous_0219_S4_strategy2.npz,12662–16894,HOT,HOT,TP
continuous_0219_S4_strategy2.npz,16894–21259,AUNTIE,AUNTIE,TP
continuous_0219_S4_strategy2.npz,21259–25491,LONGANISA,LONGANISA,TP
continuous_0219_S4_strategy2.npz,21666–24366,—,YELLOW,FP
continuous_0219_S4_strategy2.npz,25491–29790,DON'T UNDERSTAND,DON’T UNDERSTAND,TP
continuous_0220_S4_strategy2.npz,0–4265,WHITE,WHITE,TP
continuous_0220_S4_strategy2.npz,4265–8497,WOMAN,WOMAN,TP
continuous_0220_S4_strategy2.npz,8497–12796,BEER,BEER,TP
continuous_0220_S4_strategy2.npz,12796–16728,HELLO,HELLO,TP
continuous_0220_S4_strategy2.npz,14833–17300,—,KNOW,FP
continuous_0220_S4_strategy2.npz,16728–20927,DON'T KNOW,DON’T KNOW,TP
continuous_0220_S4_strategy2.npz,20927–25226,SEPTEMBER,SEPTEMBER,TP
continuous_0220_S4_strategy2.npz,25226–29658,RICE,RICE,TP
continuous_0221_S4_strategy2.npz,0–4265,NOVEMBER,NOVEMBER,TP
continuous_0221_S4_strategy2.npz,2400–4833,—,JANUARY,FP
continuous_0221_S4_strategy2.npz,4265–8564,EGG,EGG,TP
continuous_0221_S4_strategy2.npz,8564–12863,LIGHT,LIGHT,TP
continuous_0221_S4_strategy2.npz,12863–17062,SIX,SIX,TP
continuous_0221_S4_strategy2.npz,17062–21861,NICE TO MEET YOU,NICE TO MEET YOU,TP
continuous_0222_S4_strategy2.npz,0–4399,GOOD AFTERNOON,GOOD AFTERNOON,TP
continuous_0222_S4_strategy2.npz,2700–5400,—,COUSIN,FP
continuous_0222_S4_strategy2.npz,4399–8631,RICE,RICE,TP
continuous_0222_S4_strategy2.npz,8133–10833,—,BREAD,FP
continuous_0222_S4_strategy2.npz,8631–12863,SUGAR,SUGAR,TP
continuous_0222_S4_strategy2.npz,12863–17462,GIRL,GIRL,TP
continuous_0222_S4_strategy2.npz,17462–21694,GRAY,GRAY,TP
continuous_0223_S4_strategy2.npz,0–4600,THANK YOU,THANK YOU,TP
continuous_0223_S4_strategy2.npz,2400–4833,—,TODAY,FP
continuous_0223_S4_strategy2.npz,4600–8699,FIVE,FIVE,TP
continuous_0223_S4_strategy2.npz,7233–9666,—,THURSDAY,FP
continuous_0223_S4_strategy2.npz,8699–12964,FISH,FISH,TP
continuous_0223_S4_strategy2.npz,12066–14500,—,WHITE,FP
continuous_0223_S4_strategy2.npz,12964–17330,HARD OF HEARING,HARD OF HEARING,TP
continuous_0223_S4_strategy2.npz,17330–21763,WINE,WINE,TP
continuous_0224_S4_strategy2.npz,0–4332,GOOD AFTERNOON,GOOD AFTERNOON,TP
continuous_0224_S4_strategy2.npz,4332–8564,LONGANISA,LONGANISA,TP
continuous_0224_S4_strategy2.npz,8564–12596,SON,SON,TP
continuous_0224_S4_strategy2.npz,12596–16761,WEDNESDAY,WEDNESDAY,TP
continuous_0224_S4_strategy2.npz,12833–15400,—,HARD OF HEARING,FP
continuous_0224_S4_strategy2.npz,16761–22065,AUGUST,AUGUST,TP
continuous_0224_S4_strategy2.npz,22065–26631,WEELCHAIR PERSON,WEELCHAIR PERSON,TP
continuous_0224_S4_strategy2.npz,23100–25666,—,DEAF,FP
continuous_0224_S4_strategy2.npz,26631–30830,EIGHT,EIGHT,TP
continuous_0225_S4_strategy2.npz,0–4332,GOOD EVENING,GOOD EVENING,TP
continuous_0225_S4_strategy2.npz,4332–8464,PARENTS,PARENTS,TP
continuous_0225_S4_strategy2.npz,8464–12696,TEA,TEA,TP
continuous_0225_S4_strategy2.npz,12696–16828,SLOW,SLOW,TP
continuous_0225_S4_strategy2.npz,16828–21093,JANUARY,JANUARY,TP
continuous_0225_S4_strategy2.npz,21093–25558,GIRL,GIRL,TP
continuous_0226_S4_strategy2.npz,0–4266,BEER,BEER,TP
continuous_0226_S4_strategy2.npz,2766–5566,—,DEAF BLIND,FP
continuous_0226_S4_strategy2.npz,4266–8565,DEAF BLIND,—,FN
continuous_0226_S4_strategy2.npz,5566–8333,—,BLIND,FP
continuous_0226_S4_strategy2.npz,8565–12864,BLACK,BLACK,TP
continuous_0226_S4_strategy2.npz,11133–13900,—,TOMORROW,FP
continuous_0226_S4_strategy2.npz,12864–17296,GOOD AFTERNOON,GOOD AFTERNOON,TP
continuous_0226_S4_strategy2.npz,17296–21428,FAST,FAST,TP
continuous_0226_S4_strategy2.npz,21428–25660,ONE,ONE,TP
continuous_0226_S4_strategy2.npz,25033–27833,—,MARCH,FP
continuous_0226_S4_strategy2.npz,25660–30626,OCTOBER,OCTOBER,TP
continuous_0227_S4_strategy2.npz,0–4299,SUGAR,SUGAR,TP
continuous_0227_S4_strategy2.npz,4299–8698,MAN,MAN,TP
continuous_0227_S4_strategy2.npz,7900–10533,—,ORANGE,FP
continuous_0227_S4_strategy2.npz,8698–13130,YELLOW,YELLOW,TP
continuous_0227_S4_strategy2.npz,13130–17663,YOURE WELCOME,YOURE WELCOME,TP
continuous_0227_S4_strategy2.npz,17663–21928,FRIDAY,FRIDAY,TP
continuous_0227_S4_strategy2.npz,21928–26327,NO,NO,TP
continuous_0228_S4_strategy2.npz,0–4132,KNOW,KNOW,TP
continuous_0228_S4_strategy2.npz,4132–8498,WEELCHAIR PERSON,WEELCHAIR PERSON,TP
continuous_0228_S4_strategy2.npz,8498–12663,JUNE,JUNE,TP
continuous_0228_S4_strategy2.npz,11133–14866,—,FISH,FP
continuous_0228_S4_strategy2.npz,12663–16895,MEAT,MEAT,TP
continuous_0228_S4_strategy2.npz,16895–21060,TODAY,TODAY,TP
continuous_0228_S4_strategy2.npz,21060–25559,GREEN,GREEN,TP
continuous_0228_S4_strategy2.npz,25559–29724,COLD,COLD,TP
continuous_0229_S4_strategy2.npz,0–4399,GIRL,GIRL,TP
continuous_0229_S4_strategy2.npz,4399–8731,SEPTEMBER,SEPTEMBER,TP
continuous_0229_S4_strategy2.npz,7733–10300,—,WEELCHAIR PERSON,FP
continuous_0229_S4_strategy2.npz,8731–13663,LONGANISA,LONGANISA,TP
continuous_0229_S4_strategy2.npz,13663–18095,GOOD MORNING,—,FN
continuous_0229_S4_strategy2.npz,18033–20600,—,GOOD MORNING,FP
continuous_0229_S4_strategy2.npz,18095–22327,AUNTIE,AUNTIE,TP
continuous_0229_S4_strategy2.npz,22327–26626,NO,—,FN
continuous_0229_S4_strategy2.npz,25766–28333,—,NO,FP
continuous_0229_S4_strategy2.npz,26626–30925,HOT,HOT,TP
continuous_0230_S4_strategy2.npz,0–4265,BREAD,BREAD,TP
continuous_0230_S4_strategy2.npz,4265–8531,BEER,BEER,TP
continuous_0230_S4_strategy2.npz,8531–12762,WEDNESDAY,WEDNESDAY,TP
continuous_0230_S4_strategy2.npz,12762–16694,JUNE,JUNE,TP
continuous_0230_S4_strategy2.npz,16694–20859,FOUR,FOUR,TP
continuous_0230_S4_strategy2.npz,20859–25158,YELLOW,—,FN
continuous_0230_S4_strategy2.npz,24400–26833,—,YELLOW,FP
continuous_0230_S4_strategy2.npz,25158–29357,DON'T KNOW,DON’T KNOW,TP
continuous_0231_S4_strategy2.npz,0–4165,DON'T KNOW,DON’T KNOW,TP
continuous_0231_S4_strategy2.npz,4165–8331,WEDNESDAY,WEDNESDAY,TP
continuous_0231_S4_strategy2.npz,8331–12830,MAY,MAY,TP
continuous_0231_S4_strategy2.npz,12830–17129,BREAD,BREAD,TP
continuous_0231_S4_strategy2.npz,17129–21461,COFFEE,COFFEE,TP
continuous_0232_S4_strategy2.npz,0–4199,GOOD EVENING,GOOD EVENING,TP
continuous_0232_S4_strategy2.npz,4199–8264,NINE,NINE,TP
continuous_0232_S4_strategy2.npz,8264–12796,NOVEMBER,NOVEMBER,TP
continuous_0232_S4_strategy2.npz,12796–16995,SLOW,SLOW,TP
continuous_0232_S4_strategy2.npz,16995–21127,TOMORROW,TOMORROW,TP
continuous_0233_S4_strategy2.npz,0–4532,BLUE,BLUE,TP
continuous_0233_S4_strategy2.npz,2733–5466,—,MARRIED,FP
continuous_0233_S4_strategy2.npz,4532–8831,MEAT,MEAT,TP
continuous_0233_S4_strategy2.npz,8831–13196,GOOD MORNING,GOOD MORNING,TP
continuous_0233_S4_strategy2.npz,13196–17395,COLD,COLD,TP
continuous_0233_S4_strategy2.npz,13666–16400,—,THREE,FP
continuous_0233_S4_strategy2.npz,17395–21894,WEELCHAIR PERSON,WEELCHAIR PERSON,TP
continuous_0234_S4_strategy2.npz,0–4399,NICE TO MEET YOU,NICE TO MEET YOU,TP
continuous_0234_S4_strategy2.npz,4399–8731,SEPTEMBER,SEPTEMBER,TP
continuous_0234_S4_strategy2.npz,8731–12963,BOY,BOY,TP
continuous_0234_S4_strategy2.npz,12500–15000,—,FATHER,FP
continuous_0234_S4_strategy2.npz,12963–16995,FATHER,—,FN
continuous_0234_S4_strategy2.npz,15000–17500,—,PARENTS,FP
continuous_0234_S4_strategy2.npz,16995–21127,NINE,NINE,TP
continuous_0234_S4_strategy2.npz,20000–22500,—,EIGHT,FP
continuous_0234_S4_strategy2.npz,21127–25459,BEER,BEER,TP
continuous_0234_S4_strategy2.npz,25000–27500,—,EIGHT,FP
continuous_0234_S4_strategy2.npz,25459–29991,FRIDAY,FRIDAY,TP
continuous_0235_S4_strategy2.npz,0–4299,UNCLE,UNCLE,TP
continuous_0235_S4_strategy2.npz,2500–5033,—,RED,FP
continuous_0235_S4_strategy2.npz,4299–8698,SPAGHETTI,SPAGHETTI,TP
continuous_0235_S4_strategy2.npz,7566–10100,—,BROWN,FP
continuous_0235_S4_strategy2.npz,8698–12997,BEER,BEER,TP
continuous_0235_S4_strategy2.npz,12997–17529,GRAY,GRAY,TP
continuous_0235_S4_strategy2.npz,17529–21826,MAY,MAY,TP
continuous_0235_S4_strategy2.npz,20200–22733,—,RED,FP
continuous_0235_S4_strategy2.npz,21826–26258,HARD OF HEARING,HARD OF HEARING,TP
continuous_0235_S4_strategy2.npz,26258–30324,SEVEN,SEVEN,TP
continuous_0236_S4_strategy2.npz,0–4165,AUNTIE,AUNTIE,TP
continuous_0236_S4_strategy2.npz,2800–5633,—,DARK,FP
continuous_0236_S4_strategy2.npz,4165–8530,DARK,—,FN
continuous_0236_S4_strategy2.npz,5633–8466,—,HARD OF HEARING,FP
continuous_0236_S4_strategy2.npz,8530–12662,TWO,TWO,TP
continuous_0236_S4_strategy2.npz,11300–14133,—,DON’T UNDERSTAND,FP
continuous_0236_S4_strategy2.npz,12662–16861,DON'T UNDERSTAND,—,FN
continuous_0236_S4_strategy2.npz,14133–16966,—,JANUARY,FP
continuous_0236_S4_strategy2.npz,16861–21160,NOVEMBER,NOVEMBER,TP
continuous_0236_S4_strategy2.npz,19800–22633,—,JANUARY,FP
continuous_0236_S4_strategy2.npz,21160–25459,EGG,EGG,TP
continuous_0237_S4_strategy2.npz,0–4165,THURSDAY,THURSDAY,TP
continuous_0237_S4_strategy2.npz,4165–8497,TEA,TEA,TP
continuous_0237_S4_strategy2.npz,8497–12829,YOURE WELCOME,YOURE WELCOME,TP
continuous_0237_S4_strategy2.npz,12829–17061,BOY,BOY,TP
continuous_0237_S4_strategy2.npz,17061–21226,THREE,THREE,TP
continuous_0238_S4_strategy2.npz,0–5132,MILK,MILK,TP
continuous_0238_S4_strategy2.npz,2600–5233,—,MAN,FP
continuous_0238_S4_strategy2.npz,5132–9497,WHITE,WHITE,TP
continuous_0238_S4_strategy2.npz,7866–10500,—,YES,FP
continuous_0238_S4_strategy2.npz,9497–13662,YES,—,FN
continuous_0238_S4_strategy2.npz,10500–13133,—,TWO,FP
continuous_0238_S4_strategy2.npz,13133–15733,—,SEVEN,FP
continuous_0238_S4_strategy2.npz,13662–17861,SEVEN,—,FN
continuous_0238_S4_strategy2.npz,15733–18366,—,MONDAY,FP
continuous_0238_S4_strategy2.npz,17861–22026,YESTERDAY,YESTERDAY,TP
continuous_0238_S4_strategy2.npz,22026–26258,FISH,FISH,TP
continuous_0239_S4_strategy2.npz,0–4265,SHRIMP,SHRIMP,TP
continuous_0239_S4_strategy2.npz,4265–8730,FIVE,FIVE,TP
continuous_0239_S4_strategy2.npz,7366–11033,—,MOTHER,FP
continuous_0239_S4_strategy2.npz,8730–13095,HARD OF HEARING,HARD OF HEARING,TP
continuous_0239_S4_strategy2.npz,13095–17358,JANUARY,JANUARY,TP
continuous_0239_S4_strategy2.npz,17358–21590,RED,RED,TP
continuous_0239_S4_strategy2.npz,21590–25789,MOTHER,—,FN
continuous_0239_S4_strategy2.npz,22100–25800,—,MOTHER,FP
continuous_0240_S4_strategy2.npz,0–4299,SLOW,SLOW,TP
continuous_0240_S4_strategy2.npz,4299–8365,GOOD MORNING,GOOD MORNING,TP
continuous_0240_S4_strategy2.npz,8365–12630,BLUE,BLUE,TP
continuous_0240_S4_strategy2.npz,12630–16895,COUSIN,COUSIN,TP
continuous_0240_S4_strategy2.npz,16895–21260,EGG,EGG,TP
continuous_0240_S4_strategy2.npz,21260–25392,JULY,JULY,TP
continuous_0240_S4_strategy2.npz,25392–29558,FIVE,FIVE,TP
continuous_0241_S4_strategy2.npz,0–4166,TEA,TEA,TP
continuous_0241_S4_strategy2.npz,4166–8365,MARCH,MARCH,TP
continuous_0241_S4_strategy2.npz,8365–12497,TUESDAY,TUESDAY,TP
continuous_0241_S4_strategy2.npz,10433–13933,—,UNDERSTAND,FP
continuous_0241_S4_strategy2.npz,12497–16662,UNDERSTAND,—,FN
continuous_0241_S4_strategy2.npz,13933–17400,—,SEE YOU TOMORROW,FP
continuous_0241_S4_strategy2.npz,16662–20894,AUNTIE,AUNTIE,TP
continuous_0242_S4_strategy2.npz,0–4099,YESTERDAY,YESTERDAY,TP
continuous_0242_S4_strategy2.npz,2433–4900,—,AUNTIE,FP
continuous_0242_S4_strategy2.npz,4099–8265,MOTHER,MOTHER,TP
continuous_0242_S4_strategy2.npz,7366–9833,—,GRANDMOTHER,FP
continuous_0242_S4_strategy2.npz,8265–12531,YOURE WELCOME,YOURE WELCOME,TP
continuous_0242_S4_strategy2.npz,12531–16730,SIX,SIX,TP
continuous_0242_S4_strategy2.npz,16730–20896,SHRIMP,—,FN
continuous_0242_S4_strategy2.npz,17200–19666,—,BREAD,FP
continuous_0242_S4_strategy2.npz,19666–22133,—,SHRIMP,FP
continuous_0242_S4_strategy2.npz,20896–25228,DEAF BLIND,DEAF BLIND,TP
continuous_0242_S4_strategy2.npz,24600–27066,—,BLIND,FP
continuous_0242_S4_strategy2.npz,25228–29527,GRAY,GRAY,TP
continuous_0243_S4_strategy2.npz,0–4565,BLIND,BLIND,TP
continuous_0243_S4_strategy2.npz,4565–8630,COLD,COLD,TP
continuous_0243_S4_strategy2.npz,8630–12962,HELLO,HELLO,TP
continuous_0243_S4_strategy2.npz,12962–17161,SEVEN,SEVEN,TP
continuous_0243_S4_strategy2.npz,17161–21260,CRAB,CRAB,TP
continuous_0243_S4_strategy2.npz,17733–20666,—,EIGHT,FP
continuous_0243_S4_strategy2.npz,21260–25425,PINK,PINK,TP
continuous_0243_S4_strategy2.npz,25425–29557,SON,SON,TP
continuous_0244_S4_strategy2.npz,0–4265,RICE,RICE,TP
continuous_0244_S4_strategy2.npz,4265–8464,IM FINE,IM FINE,TP
continuous_0244_S4_strategy2.npz,6300–9466,—,DECEMBER,FP
continuous_0244_S4_strategy2.npz,8464–12663,DECEMBER,—,FN
continuous_0244_S4_strategy2.npz,9466–12633,—,TEA,FP
continuous_0244_S4_strategy2.npz,12633–15800,—,FIVE,FP
continuous_0244_S4_strategy2.npz,12663–16895,TEA,—,FN
continuous_0244_S4_strategy2.npz,16895–21060,NINE,NINE,TP
continuous_0244_S4_strategy2.npz,18966–22133,—,EIGHT,FP
continuous_0244_S4_strategy2.npz,21060–25292,YELLOW,YELLOW,TP
continuous_0245_S4_strategy2.npz,0–4199,AUGUST,AUGUST,TP
continuous_0245_S4_strategy2.npz,2700–5400,—,FATHER,FP
continuous_0245_S4_strategy2.npz,4199–8564,FATHER,—,FN
continuous_0245_S4_strategy2.npz,5400–8133,—,BOY,FP
continuous_0245_S4_strategy2.npz,8564–12763,LONGANISA,LONGANISA,TP
continuous_0245_S4_strategy2.npz,12763–17495,DON'T UNDERSTAND,DON’T UNDERSTAND,TP
continuous_0245_S4_strategy2.npz,16266–18966,—,YOURE WELCOME,FP
continuous_0245_S4_strategy2.npz,17495–21660,ONE,ONE,TP
continuous_0245_S4_strategy2.npz,21660–25759,JUICE,JUICE,TP
continuous_0245_S4_strategy2.npz,25759–29825,TODAY,TODAY,TP
continuous_0246_S4_strategy2.npz,0–4767,FRIDAY,FRIDAY,TP
continuous_0246_S4_strategy2.npz,4767–8999,DEAF,DEAF,TP
continuous_0246_S4_strategy2.npz,7400–11100,—,NO,FP
continuous_0246_S4_strategy2.npz,8999–13165,GRANDFATHER,GRANDFATHER,TP
continuous_0246_S4_strategy2.npz,13165–17497,VIOLET,VIOLET,TP
continuous_0246_S4_strategy2.npz,17497–21730,IM FINE,IM FINE,TP
continuous_0246_S4_strategy2.npz,21730–25895,CORRECT,CORRECT,TP
continuous_0247_S4_strategy2.npz,0–4232,SIX,SIX,TP
continuous_0247_S4_strategy2.npz,4232–8464,FAST,FAST,TP
continuous_0247_S4_strategy2.npz,8464–13229,OCTOBER,OCTOBER,TP
continuous_0247_S4_strategy2.npz,13229–17761,RED,RED,TP
continuous_0247_S4_strategy2.npz,17761–22026,HOT,HOT,TP
continuous_0247_S4_strategy2.npz,22026–26258,RICE,RICE,TP
continuous_0247_S4_strategy2.npz,24900–27666,—,THANK YOU,FP
continuous_0247_S4_strategy2.npz,26258–30457,SUNDAY,SUNDAY,TP
continuous_0248_S4_strategy2.npz,0–4765,BLACK,BLACK,TP
continuous_0248_S4_strategy2.npz,2566–5166,—,TOMORROW,FP
continuous_0248_S4_strategy2.npz,4765–8964,AUNTIE,AUNTIE,TP
continuous_0248_S4_strategy2.npz,8964–13329,WEDNESDAY,WEDNESDAY,TP
continuous_0248_S4_strategy2.npz,13329–17528,EGG,EGG,TP
continuous_0248_S4_strategy2.npz,17528–21760,MARCH,MARCH,TP
continuous_0248_S4_strategy2.npz,21760–25892,GOOD EVENING,GOOD EVENING,TP
continuous_0249_S4_strategy2.npz,0–4767,APRIL,APRIL,TP
continuous_0249_S4_strategy2.npz,3033–6066,—,DEAF,FP
continuous_0249_S4_strategy2.npz,4767–9032,BREAD,BREAD,TP
continuous_0249_S4_strategy2.npz,9032–13464,DEAF BLIND,DEAF BLIND,TP
continuous_0249_S4_strategy2.npz,9100–12133,—,DEAF,FP
continuous_0249_S4_strategy2.npz,13464–17629,HOT,HOT,TP
continuous_0249_S4_strategy2.npz,17629–21928,WHITE,WHITE,TP
continuous_0249_S4_strategy2.npz,21928–26094,FIVE,FIVE,TP
continuous_0249_S4_strategy2.npz,26094–30326,SLOW,SLOW,TP
continuous_0250_S4_strategy2.npz,0–4700,NO,NO,TP
continuous_0250_S4_strategy2.npz,4700–8899,EIGHT,EIGHT,TP
continuous_0250_S4_strategy2.npz,8899–13229,FEBRUARY,FEBRUARY,TP
continuous_0250_S4_strategy2.npz,13229–17728,WEELCHAIR PERSON,WEELCHAIR PERSON,TP
continuous_0250_S4_strategy2.npz,17728–21694,GRANDFATHER,GRANDFATHER,TP
continuous_0250_S4_strategy2.npz,21694–25926,TOMORROW,TOMORROW,TP
continuous_0250_S4_strategy2.npz,25926–30158,CRAB,CRAB,TP
continuous_0251_S4_strategy2.npz,0–4565,WEDNESDAY,WEDNESDAY,TP
continuous_0251_S4_strategy2.npz,4565–8797,WRONG,WRONG,TP
continuous_0251_S4_strategy2.npz,7866–10466,—,YESTERDAY,FP
continuous_0251_S4_strategy2.npz,8797–13229,BEER,BEER,TP
continuous_0251_S4_strategy2.npz,13229–17695,GOOD EVENING,GOOD EVENING,TP
continuous_0251_S4_strategy2.npz,17695–22094,FEBRUARY,FEBRUARY,TP
continuous_0251_S4_strategy2.npz,20966–23600,—,NO,FP
continuous_0251_S4_strategy2.npz,22094–26226,TWO,TWO,TP
continuous_0252_S4_strategy2.npz,0–4199,TUESDAY,TUESDAY,TP
continuous_0252_S4_strategy2.npz,2533–5066,—,FAST,FP
continuous_0252_S4_strategy2.npz,4199–8531,CORRECT,CORRECT,TP
continuous_0252_S4_strategy2.npz,8531–12796,HARD OF HEARING,HARD OF HEARING,TP
continuous_0252_S4_strategy2.npz,12666–15200,—,GOOD EVENING,FP
continuous_0252_S4_strategy2.npz,12796–17095,EIGHT,EIGHT,TP
continuous_0252_S4_strategy2.npz,17095–21427,NOVEMBER,—,FN
continuous_0252_S4_strategy2.npz,20266–22800,—,NOVEMBER,FP
continuous_0252_S4_strategy2.npz,21427–26227,HOT,HOT,TP
continuous_0252_S4_strategy2.npz,25333–27866,—,MAY,FP
continuous_0252_S4_strategy2.npz,26227–30426,UNCLE,UNCLE,TP
continuous_0253_S4_strategy2.npz,0–4232,GREEN,GREEN,TP
continuous_0253_S4_strategy2.npz,2833–5700,—,DAUGHTER,FP
continuous_0253_S4_strategy2.npz,4232–8364,DAUGHTER,—,FN
continuous_0253_S4_strategy2.npz,5700–8566,—,GRANDMOTHER,FP
continuous_0253_S4_strategy2.npz,8364–12629,YES,YES,TP
continuous_0253_S4_strategy2.npz,12629–17261,FEBRUARY,FEBRUARY,TP
continuous_0253_S4_strategy2.npz,17261–21460,SPAGHETTI,SPAGHETTI,TP
continuous_0253_S4_strategy2.npz,19966–22833,—,TODAY,FP
continuous_0253_S4_strategy2.npz,21460–25692,HOW ARE YOU,HOW ARE YOU,TP
continuous_0254_S4_strategy2.npz,0–4099,MONDAY,MONDAY,TP
continuous_0254_S4_strategy2.npz,4099–8264,THANK YOU,THANK YOU,TP
continuous_0254_S4_strategy2.npz,8264–12630,MARRIED,MARRIED,TP
continuous_0254_S4_strategy2.npz,12630–16962,GREEN,GREEN,TP
continuous_0254_S4_strategy2.npz,16962–21094,FIVE,FIVE,TP
continuous_0254_S4_strategy2.npz,21094–25393,NO SUGAR,NO SUGAR,TP
continuous_0255_S4_strategy2.npz,0–4165,EIGHT,EIGHT,TP
continuous_0255_S4_strategy2.npz,2900–5800,—,JULY,FP
continuous_0255_S4_strategy2.npz,4165–8330,JULY,—,FN
continuous_0255_S4_strategy2.npz,8330–12595,SUGAR,SUGAR,TP
continuous_0255_S4_strategy2.npz,11600–14500,—,GOOD EVENING,FP
continuous_0255_S4_strategy2.npz,12595–16760,GOOD EVENING,—,FN
continuous_0255_S4_strategy2.npz,14500–17400,—,ORANGE,FP
continuous_0255_S4_strategy2.npz,16760–21092,ORANGE,—,FN
continuous_0255_S4_strategy2.npz,17400–20300,—,WINE,FP
continuous_0255_S4_strategy2.npz,21092–24885,TUESDAY,TUESDAY,TP
continuous_0255_S4_strategy2.npz,24885–28984,SON,SON,TP
continuous_0256_S4_strategy2.npz,0–4099,GOOD MORNING,GOOD MORNING,TP
continuous_0256_S4_strategy2.npz,4099–8331,CORRECT,CORRECT,TP
continuous_0256_S4_strategy2.npz,8331–12463,SHRIMP,SHRIMP,TP
continuous_0256_S4_strategy2.npz,12463–16628,JUNE,JUNE,TP
continuous_0256_S4_strategy2.npz,14700–18366,—,BEER,FP
continuous_0256_S4_strategy2.npz,16628–20760,BEER,—,FN
continuous_0256_S4_strategy2.npz,18366–22066,—,YES,FP
continuous_0256_S4_strategy2.npz,20760–25125,BLUE,BLUE,TP
continuous_0256_S4_strategy2.npz,25125–29424,TWO,TWO,TP
continuous_0257_S4_strategy2.npz,0–4465,OCTOBER,OCTOBER,TP
continuous_0257_S4_strategy2.npz,4465–8664,FATHER,FATHER,TP
continuous_0257_S4_strategy2.npz,8664–12796,DON'T UNDERSTAND,DON’T UNDERSTAND,TP
continuous_0257_S4_strategy2.npz,12796–17195,WEELCHAIR PERSON,WEELCHAIR PERSON,TP
continuous_0257_S4_strategy2.npz,17195–21494,RICE,RICE,TP
continuous_0257_S4_strategy2.npz,21494–25659,TUESDAY,TUESDAY,TP
continuous_0258_S4_strategy2.npz,0–4166,APRIL,APRIL,TP
continuous_0258_S4_strategy2.npz,4166–8165,PARENTS,PARENTS,TP
continuous_0258_S4_strategy2.npz,5966–8966,—,MOTHER,FP
continuous_0258_S4_strategy2.npz,8165–12462,THURSDAY,THURSDAY,TP
continuous_0258_S4_strategy2.npz,12462–16728,THANK YOU,THANK YOU,TP
continuous_0258_S4_strategy2.npz,16728–20927,SEVEN,SEVEN,TP
continuous_0259_S4_strategy2.npz,0–4232,DARK,DARK,TP
continuous_0259_S4_strategy2.npz,2533–5066,—,THANK YOU,FP
continuous_0259_S4_strategy2.npz,4232–8364,THANK YOU,—,FN
continuous_0259_S4_strategy2.npz,5066–7600,—,NO SUGAR,FP
continuous_0259_S4_strategy2.npz,7600–12700,—,SUGAR,FP
continuous_0259_S4_strategy2.npz,8364–12730,NO SUGAR,—,FN
continuous_0259_S4_strategy2.npz,12730–17062,DECEMBER,DECEMBER,TP
continuous_0259_S4_strategy2.npz,17062–21228,THURSDAY,THURSDAY,TP
continuous_0259_S4_strategy2.npz,21228–25426,CORRECT,CORRECT,TP
continuous_0260_S4_strategy2.npz,0–4099,AUGUST,AUGUST,TP
continuous_0260_S4_strategy2.npz,3000–6000,—,MARRIED,FP
continuous_0260_S4_strategy2.npz,4099–8798,MARRIED,—,FN
continuous_0260_S4_strategy2.npz,6000–9000,—,AUNTIE,FP
continuous_0260_S4_strategy2.npz,8798–12930,DAUGHTER,DAUGHTER,TP
continuous_0260_S4_strategy2.npz,12000–15000,—,WHITE,FP
continuous_0260_S4_strategy2.npz,12930–17162,WRONG,WRONG,TP
continuous_0260_S4_strategy2.npz,17162–21394,TEN,TEN,TP
continuous_0260_S4_strategy2.npz,18000–21000,—,RED,FP
continuous_0260_S4_strategy2.npz,21394–25826,BREAD,BREAD,TP
continuous_0260_S4_strategy2.npz,25826–30025,SUNDAY,SUNDAY,TP
continuous_0261_S4_strategy2.npz,0–4165,DECEMBER,DECEMBER,TP
continuous_0261_S4_strategy2.npz,2500–5000,—,TOMORROW,FP
continuous_0261_S4_strategy2.npz,4165–8428,TOMORROW,—,FN
continuous_0261_S4_strategy2.npz,5000–7533,—,MILK,FP
continuous_0261_S4_strategy2.npz,7533–12566,—,MOTHER,FP
continuous_0261_S4_strategy2.npz,8428–12727,MOTHER,—,FN
continuous_0261_S4_strategy2.npz,12727–16759,NINE,NINE,TP
continuous_0261_S4_strategy2.npz,15066–17566,—,EIGHT,FP
continuous_0261_S4_strategy2.npz,16759–20858,BREAD,BREAD,TP
continuous_0261_S4_strategy2.npz,20858–25124,WOMAN,WOMAN,TP
continuous_0262_S4_strategy2.npz,0–3733,WRONG,WRONG,TP
continuous_0262_S4_strategy2.npz,3733–7832,PARENTS,PARENTS,TP
continuous_0262_S4_strategy2.npz,5466–8200,—,MOTHER,FP
continuous_0262_S4_strategy2.npz,7832–11998,EGG,EGG,TP
continuous_0262_S4_strategy2.npz,10933–13666,—,MARCH,FP
continuous_0262_S4_strategy2.npz,11998–16263,MARCH,—,FN
continuous_0262_S4_strategy2.npz,13666–16400,—,ORANGE,FP
continuous_0262_S4_strategy2.npz,16263–20662,ORANGE,—,FN
continuous_0262_S4_strategy2.npz,20662–25728,HOT,HOT,TP
continuous_0262_S4_strategy2.npz,21866–27333,—,DEAF,FP
continuous_0262_S4_strategy2.npz,25728–30093,MAN,MAN,TP
continuous_0263_S4_strategy2.npz,0–4299,HOW ARE YOU,HOW ARE YOU,TP
continuous_0263_S4_strategy2.npz,2733–5466,—,MAY,FP
continuous_0263_S4_strategy2.npz,4299–8331,MAY,—,FN
continuous_0263_S4_strategy2.npz,5466–8233,—,RED,FP
continuous_0263_S4_strategy2.npz,8331–12630,SPAGHETTI,SPAGHETTI,TP
continuous_0263_S4_strategy2.npz,12630–16995,MAN,MAN,TP
continuous_0263_S4_strategy2.npz,16995–21360,NO SUGAR,NO SUGAR,TP
continuous_0263_S4_strategy2.npz,19200–21933,—,SUGAR,FP
continuous_0263_S4_strategy2.npz,21360–25859,DAUGHTER,DAUGHTER,TP
continuous_0263_S4_strategy2.npz,25859–30191,VIOLET,VIOLET,TP
continuous_0264_S4_strategy2.npz,0–4232,MAN,MAN,TP
continuous_0264_S4_strategy2.npz,3066–6133,—,BLACK,FP
continuous_0264_S4_strategy2.npz,4232–8698,BLACK,—,FN
continuous_0264_S4_strategy2.npz,6133–9200,—,MILK,FP
continuous_0264_S4_strategy2.npz,8698–12927,TOMORROW,TOMORROW,TP
continuous_0264_S4_strategy2.npz,12927–17292,JUICE,JUICE,TP
continuous_0264_S4_strategy2.npz,17292–21457,SIX,SIX,TP
continuous_0265_S4_strategy2.npz,0–4199,NICE TO MEET YOU,NICE TO MEET YOU,TP
continuous_0265_S4_strategy2.npz,2733–5500,—,HARD OF HEARING,FP
continuous_0265_S4_strategy2.npz,4199–8489,HARD OF HEARING,—,FN
continuous_0265_S4_strategy2.npz,5500–8266,—,MAY,FP
continuous_0265_S4_strategy2.npz,8489–12688,CORRECT,CORRECT,TP
continuous_0265_S4_strategy2.npz,12688–16953,WINE,WINE,TP
continuous_0265_S4_strategy2.npz,16566–19333,—,PINK,FP
continuous_0265_S4_strategy2.npz,16953–20719,FIVE,FIVE,TP
continuous_0265_S4_strategy2.npz,20719–24851,COUSIN,COUSIN,TP
continuous_0266_S4_strategy2.npz,0–4065,SATURDAY,SATURDAY,TP
continuous_0266_S4_strategy2.npz,4065–8297,FOUR,FOUR,TP
continuous_0266_S4_strategy2.npz,6333–9500,—,EIGHT,FP
continuous_0266_S4_strategy2.npz,8297–12529,UNCLE,UNCLE,TP
continuous_0266_S4_strategy2.npz,12529–16661,JANUARY,JANUARY,TP
continuous_0266_S4_strategy2.npz,16661–21060,PINK,PINK,TP
continuous_0266_S4_strategy2.npz,19000–22166,—,SEE YOU TOMORROW,FP
continuous_0266_S4_strategy2.npz,21060–25326,DON'T UNDERSTAND,DON’T UNDERSTAND,TP
continuous_0267_S4_strategy2.npz,0–4266,FISH,FISH,TP
continuous_0267_S4_strategy2.npz,4266–8631,VIOLET,VIOLET,TP
continuous_0267_S4_strategy2.npz,8631–12730,TUESDAY,TUESDAY,TP
continuous_0267_S4_strategy2.npz,12730–16929,JANUARY,JANUARY,TP
continuous_0267_S4_strategy2.npz,14800–18500,—,YOURE WELCOME,FP
continuous_0267_S4_strategy2.npz,16929–21128,YOURE WELCOME,—,FN
continuous_0267_S4_strategy2.npz,18500–22200,—,KNOW,FP
continuous_0267_S4_strategy2.npz,21128–25428,KNOW,—,FN
continuous_0267_S4_strategy2.npz,22200–25900,—,BLUE,FP
continuous_0267_S4_strategy2.npz,25428–29627,SIX,SIX,TP
continuous_0268_S4_strategy2.npz,0–4500,HELLO,HELLO,TP
continuous_0268_S4_strategy2.npz,2600–5200,—,NO,FP
continuous_0268_S4_strategy2.npz,4500–8832,FOUR,FOUR,TP
continuous_0268_S4_strategy2.npz,7800–10400,—,GRANDFATHER,FP
continuous_0268_S4_strategy2.npz,8832–12897,GRANDFATHER,—,FN
continuous_0268_S4_strategy2.npz,10400–13000,—,HELLO,FP
continuous_0268_S4_strategy2.npz,12897–16929,FRIDAY,FRIDAY,TP
continuous_0268_S4_strategy2.npz,16929–20828,FAST,FAST,TP
continuous_0269_S4_strategy2.npz,0–4199,GOOD MORNING,GOOD MORNING,TP
continuous_0269_S4_strategy2.npz,3200–6400,—,THREE,FP
continuous_0269_S4_strategy2.npz,4199–8431,PINK,PINK,TP
continuous_0269_S4_strategy2.npz,8431–12630,TOMORROW,TOMORROW,TP
continuous_0269_S4_strategy2.npz,12630–16896,BREAD,BREAD,TP
continuous_0269_S4_strategy2.npz,16896–21061,CORRECT,CORRECT,TP
continuous_0269_S4_strategy2.npz,21061–25360,TEN,TEN,TP
continuous_0269_S4_strategy2.npz,25360–28926,BOY,—,FN
continuous_0269_S4_strategy2.npz,25700–28933,—,HELLO,FP
continuous_0270_S4_strategy2.npz,0–4666,APRIL,APRIL,TP
continuous_0270_S4_strategy2.npz,2600–5200,—,SIX,FP
continuous_0270_S4_strategy2.npz,4666–8865,SIX,—,FN
continuous_0270_S4_strategy2.npz,5200–7800,—,SEVEN,FP
continuous_0270_S4_strategy2.npz,8865–13064,SON,SON,TP
continuous_0270_S4_strategy2.npz,13064–16963,THURSDAY,THURSDAY,TP
continuous_0270_S4_strategy2.npz,16963–21963,WRONG,WRONG,TP
continuous_0270_S4_strategy2.npz,20866–23466,—,RED,FP
continuous_0270_S4_strategy2.npz,21963–26095,SEE YOU TOMORROW,SEE YOU TOMORROW,TP
continuous_0271_S4_strategy2.npz,0–5365,SIX,SIX,TP
continuous_0271_S4_strategy2.npz,2366–4733,—,DEAF,FP
continuous_0271_S4_strategy2.npz,4733–7100,—,SPAGHETTI,FP
continuous_0271_S4_strategy2.npz,5365–9897,SPAGHETTI,—,FN
continuous_0271_S4_strategy2.npz,7100–9466,—,MONDAY,FP
continuous_0271_S4_strategy2.npz,9897–14029,YESTERDAY,YESTERDAY,TP
continuous_0271_S4_strategy2.npz,14029–18261,BLACK,BLACK,TP
continuous_0271_S4_strategy2.npz,18261–22360,SON,SON,TP
continuous_0271_S4_strategy2.npz,22360–26659,AUGUST,AUGUST,TP
continuous_0271_S4_strategy2.npz,26100–28466,—,DECEMBER,FP
continuous_0271_S4_strategy2.npz,26659–30858,THANK YOU,THANK YOU,TP
continuous_0272_S4_strategy2.npz,0–4165,HELLO,HELLO,TP
continuous_0272_S4_strategy2.npz,4165–8564,WINE,WINE,TP
continuous_0272_S4_strategy2.npz,8564–12729,DON'T UNDERSTAND,DON’T UNDERSTAND,TP
continuous_0272_S4_strategy2.npz,12729–17061,CHICKEN,CHICKEN,TP
continuous_0272_S4_strategy2.npz,17061–21393,MARRIED,MARRIED,TP
continuous_0272_S4_strategy2.npz,21393–25592,FIVE,FIVE,TP
continuous_0273_S4_strategy2.npz,0–4365,ONE,ONE,TP
continuous_0273_S4_strategy2.npz,2866–5733,—,HOW ARE YOU,FP
continuous_0273_S4_strategy2.npz,4365–8964,HOW ARE YOU,—,FN
continuous_0273_S4_strategy2.npz,5733–8633,—,THANK YOU,FP
continuous_0273_S4_strategy2.npz,8964–13064,HOT,HOT,TP
continuous_0273_S4_strategy2.npz,13064–17296,LONGANISA,LONGANISA,TP
continuous_0273_S4_strategy2.npz,17296–21695,GRAY,GRAY,TP
continuous_0273_S4_strategy2.npz,21695–25927,NO,NO,TP
continuous_0274_S4_strategy2.npz,0–4399,HARD OF HEARING,HARD OF HEARING,TP
continuous_0274_S4_strategy2.npz,3000–6000,—,GRANDFATHER,FP
continuous_0274_S4_strategy2.npz,4399–8598,GRANDFATHER,—,FN
continuous_0274_S4_strategy2.npz,6000–9000,—,MARCH,FP
continuous_0274_S4_strategy2.npz,8598–12864,APRIL,APRIL,TP
continuous_0274_S4_strategy2.npz,12864–17297,YOURE WELCOME,YOURE WELCOME,TP
continuous_0274_S4_strategy2.npz,17297–21396,UNDERSTAND,UNDERSTAND,TP
continuous_0274_S4_strategy2.npz,21396–25661,MEAT,MEAT,TP
continuous_0274_S4_strategy2.npz,25661–29993,SUGAR,SUGAR,TP
continuous_0275_S4_strategy2.npz,0–4232,COLD,COLD,TP
continuous_0275_S4_strategy2.npz,3000–6000,—,GRANDFATHER,FP
continuous_0275_S4_strategy2.npz,4232–8297,GRANDFATHER,—,FN
continuous_0275_S4_strategy2.npz,6000–9000,—,TODAY,FP
continuous_0275_S4_strategy2.npz,8297–12462,TODAY,—,FN
continuous_0275_S4_strategy2.npz,9000–12000,—,PINK,FP
continuous_0275_S4_strategy2.npz,12000–15000,—,DEAF BLIND,FP
continuous_0275_S4_strategy2.npz,12462–16861,DEAF BLIND,—,FN
continuous_0275_S4_strategy2.npz,15000–18000,—,BLIND,FP
continuous_0275_S4_strategy2.npz,16861–20993,CRAB,CRAB,TP
continuous_0276_S4_strategy2.npz,0–4332,IM FINE,IM FINE,TP
continuous_0276_S4_strategy2.npz,3400–6833,—,HARD OF HEARING,FP
continuous_0276_S4_strategy2.npz,4332–9131,HARD OF HEARING,—,FN
continuous_0276_S4_strategy2.npz,6833–10266,—,FISH,FP
continuous_0276_S4_strategy2.npz,9131–13363,FISH,—,FN
continuous_0276_S4_strategy2.npz,10266–13700,—,MILK,FP
continuous_0276_S4_strategy2.npz,13363–18028,MILK,—,FN
continuous_0276_S4_strategy2.npz,13700–17133,—,JANUARY,FP
continuous_0276_S4_strategy2.npz,17133–20566,—,GOOD EVENING,FP
continuous_0276_S4_strategy2.npz,18028–22227,JANUARY,—,FN
continuous_0276_S4_strategy2.npz,22227–26359,SON,SON,TP
continuous_0276_S4_strategy2.npz,26359–30858,BLUE,BLUE,TP
continuous_0277_S4_strategy2.npz,0–4232,SLOW,SLOW,TP
continuous_0277_S4_strategy2.npz,4232–8431,TWO,TWO,TP
continuous_0277_S4_strategy2.npz,8431–12563,GOOD AFTERNOON,GOOD AFTERNOON,TP
continuous_0277_S4_strategy2.npz,12563–16728,MAY,MAY,TP
continuous_0277_S4_strategy2.npz,16728–21428,COLD,COLD,TP
continuous_0278_S4_strategy2.npz,0–4330,DECEMBER,DECEMBER,TP
continuous_0278_S4_strategy2.npz,4330–8462,TWO,TWO,TP
continuous_0278_S4_strategy2.npz,6000–9000,—,WRONG,FP
continuous_0278_S4_strategy2.npz,8462–12694,WRONG,—,FN
continuous_0278_S4_strategy2.npz,9000–12000,—,DEAF,FP
continuous_0278_S4_strategy2.npz,12694–16693,WEDNESDAY,WEDNESDAY,TP
continuous_0278_S4_strategy2.npz,15000–18000,—,SIX,FP
continuous_0278_S4_strategy2.npz,16693–21025,NICE TO MEET YOU,NICE TO MEET YOU,TP
continuous_0279_S4_strategy2.npz,0–4165,NOVEMBER,NOVEMBER,TP
continuous_0279_S4_strategy2.npz,4165–8497,GRAY,GRAY,TP
continuous_0279_S4_strategy2.npz,8497–12762,THANK YOU,THANK YOU,TP
continuous_0279_S4_strategy2.npz,12762–16861,YESTERDAY,YESTERDAY,TP
continuous_0279_S4_strategy2.npz,16861–21060,UNCLE,UNCLE,TP
continuous_0279_S4_strategy2.npz,21060–25125,SHRIMP,SHRIMP,TP
continuous_0280_S4_strategy2.npz,0–4466,WOMAN,WOMAN,TP
continuous_0280_S4_strategy2.npz,4466–8665,MILK,MILK,TP
continuous_0280_S4_strategy2.npz,7466–9966,—,UNDERSTAND,FP
continuous_0280_S4_strategy2.npz,8665–15498,UNDERSTAND,—,FN
continuous_0280_S4_strategy2.npz,9966–12466,—,SON,FP
continuous_0280_S4_strategy2.npz,12466–17466,—,DAUGHTER,FP
continuous_0280_S4_strategy2.npz,15498–19997,OCTOBER,OCTOBER,TP
continuous_0280_S4_strategy2.npz,19966–22466,—,JANUARY,FP
continuous_0280_S4_strategy2.npz,19997–24062,DAUGHTER,DAUGHTER,TP
continuous_0280_S4_strategy2.npz,24062–28228,YOURE WELCOME,YOURE WELCOME,TP
continuous_0280_S4_strategy2.npz,27466–29966,—,WHITE,FP
continuous_0280_S4_strategy2.npz,28228–32427,BLUE,BLUE,TP
continuous_0281_S4_strategy2.npz,0–4232,MARCH,MARCH,TP
continuous_0281_S4_strategy2.npz,4232–8398,YES,YES,TP
continuous_0281_S4_strategy2.npz,8398–12697,FOUR,FOUR,TP
continuous_0281_S4_strategy2.npz,12697–16762,GRANDMOTHER,GRANDMOTHER,TP
continuous_0281_S4_strategy2.npz,16762–20961,BREAD,BREAD,TP
continuous_0281_S4_strategy2.npz,20961–25227,MAN,MAN,TP
continuous_0281_S4_strategy2.npz,25227–29392,FRIDAY,FRIDAY,TP
continuous_0282_S4_strategy2.npz,0–4399,JUNE,JUNE,TP
continuous_0282_S4_strategy2.npz,4399–8598,YELLOW,YELLOW,TP
continuous_0282_S4_strategy2.npz,8598–12797,CRAB,CRAB,TP
continuous_0282_S4_strategy2.npz,12797–17262,GOOD MORNING,GOOD MORNING,TP
continuous_0282_S4_strategy2.npz,15433–18533,—,THREE,FP
continuous_0282_S4_strategy2.npz,17262–21627,TEA,TEA,TP
continuous_0283_S4_strategy2.npz,0–4299,RED,RED,TP
continuous_0283_S4_strategy2.npz,4299–8798,CHICKEN,CHICKEN,TP
continuous_0283_S4_strategy2.npz,7200–10800,—,PARENTS,FP
continuous_0283_S4_strategy2.npz,8798–12997,SIX,SIX,TP
continuous_0283_S4_strategy2.npz,12997–17229,DON'T KNOW,DON’T KNOW,TP
continuous_0283_S4_strategy2.npz,17229–21628,GOOD AFTERNOON,GOOD AFTERNOON,TP
continuous_0284_S4_strategy2.npz,0–4466,SLOW,SLOW,TP
continuous_0284_S4_strategy2.npz,2866–5733,—,MARCH,FP
continuous_0284_S4_strategy2.npz,4466–8830,SEPTEMBER,SEPTEMBER,TP
continuous_0284_S4_strategy2.npz,8830–13160,TUESDAY,TUESDAY,TP
continuous_0284_S4_strategy2.npz,13160–17425,TEA,—,FN
continuous_0284_S4_strategy2.npz,14366–17266,—,PINK,FP
continuous_0284_S4_strategy2.npz,17266–20133,—,TEA,FP
continuous_0284_S4_strategy2.npz,17425–21590,FATHER,FATHER,TP
continuous_0284_S4_strategy2.npz,21590–25889,BROWN,BROWN,TP
continuous_0285_S4_strategy2.npz,0–4199,TWO,TWO,TP
continuous_0285_S4_strategy2.npz,4199–8264,HOT,HOT,TP
continuous_0285_S4_strategy2.npz,8264–12563,EGG,EGG,TP
continuous_0285_S4_strategy2.npz,12333–14800,—,NOVEMBER,FP
continuous_0285_S4_strategy2.npz,12563–16762,NOVEMBER,—,FN
continuous_0285_S4_strategy2.npz,14800–17266,—,JANUARY,FP
continuous_0285_S4_strategy2.npz,16762–21194,BLACK,BLACK,TP
continuous_0285_S4_strategy2.npz,21194–25426,SEE YOU TOMORROW,SEE YOU TOMORROW,TP
continuous_0285_S4_strategy2.npz,25426–29625,GRANDMOTHER,GRANDMOTHER,TP
continuous_0286_S4_strategy2.npz,0–4165,ONE,ONE,TP
continuous_0286_S4_strategy2.npz,4165–8331,MONDAY,MONDAY,TP
continuous_0286_S4_strategy2.npz,8331–12531,UNDERSTAND,UNDERSTAND,TP
continuous_0286_S4_strategy2.npz,12531–16763,YOURE WELCOME,YOURE WELCOME,TP
continuous_0286_S4_strategy2.npz,15033–18033,—,MARRIED,FP
continuous_0286_S4_strategy2.npz,16763–21062,YELLOW,YELLOW,TP
continuous_0287_S4_strategy2.npz,0–4299,THREE,THREE,TP
continuous_0287_S4_strategy2.npz,3166–9533,—,MOTHER,FP
continuous_0287_S4_strategy2.npz,4299–8498,MOTHER,—,FN
continuous_0287_S4_strategy2.npz,8498–12830,JUICE,JUICE,TP
continuous_0287_S4_strategy2.npz,12830–17062,SLOW,SLOW,TP
continuous_0287_S4_strategy2.npz,17062–21427,NICE TO MEET YOU,NICE TO MEET YOU,TP
continuous_0287_S4_strategy2.npz,21427–25455,JANUARY,JANUARY,TP
continuous_0288_S4_strategy2.npz,0–4465,FRIDAY,FRIDAY,TP
continuous_0288_S4_strategy2.npz,2400–4800,—,EIGHT,FP
continuous_0288_S4_strategy2.npz,4465–8997,WEELCHAIR PERSON,WEELCHAIR PERSON,TP
continuous_0288_S4_strategy2.npz,7200–9600,—,HOT,FP
continuous_0288_S4_strategy2.npz,8997–13129,SUGAR,SUGAR,TP
continuous_0288_S4_strategy2.npz,13129–17526,NOVEMBER,NOVEMBER,TP
continuous_0288_S4_strategy2.npz,16833–19233,—,JANUARY,FP
continuous_0288_S4_strategy2.npz,17526–21658,DAUGHTER,DAUGHTER,TP
continuous_0289_S4_strategy2.npz,0–4666,WEELCHAIR PERSON,WEELCHAIR PERSON,TP
continuous_0289_S4_strategy2.npz,2266–4533,—,ONE,FP
continuous_0289_S4_strategy2.npz,4533–6800,—,NO,FP
continuous_0289_S4_strategy2.npz,4666–8865,ONE,—,FN
continuous_0289_S4_strategy2.npz,6800–9100,—,YESTERDAY,FP
continuous_0289_S4_strategy2.npz,8865–12997,YESTERDAY,—,FN
continuous_0289_S4_strategy2.npz,9100–11366,—,AUNTIE,FP
continuous_0289_S4_strategy2.npz,11366–13633,—,AUGUST,FP
continuous_0289_S4_strategy2.npz,12997–18368,SEPTEMBER,SEPTEMBER,TP
continuous_0289_S4_strategy2.npz,18200–20466,—,RED,FP
continuous_0289_S4_strategy2.npz,18368–22767,SLOW,SLOW,TP
continuous_0290_S4_strategy2.npz,0–4266,BROWN,BROWN,TP
continuous_0290_S4_strategy2.npz,4266–8465,YESTERDAY,YESTERDAY,TP
continuous_0290_S4_strategy2.npz,8465–12731,EIGHT,EIGHT,TP
continuous_0290_S4_strategy2.npz,12731–16963,BLIND,BLIND,TP
continuous_0290_S4_strategy2.npz,16963–21162,NICE TO MEET YOU,NICE TO MEET YOU,TP
continuous_0290_S4_strategy2.npz,21162–25294,UNCLE,UNCLE,TP
continuous_0291_S4_strategy2.npz,0–4099,MONDAY,MONDAY,TP
continuous_0291_S4_strategy2.npz,4099–8298,TWO,TWO,TP
continuous_0291_S4_strategy2.npz,6900–10366,—,RED,FP
continuous_0291_S4_strategy2.npz,8298–12530,DEAF BLIND,DEAF BLIND,TP
continuous_0291_S4_strategy2.npz,12530–16663,NO,NO,TP
continuous_0291_S4_strategy2.npz,16663–20762,FATHER,FATHER,TP
continuous_0292_S4_strategy2.npz,0–4107,CRAB,CRAB,TP
continuous_0292_S4_strategy2.npz,4107–8437,TOMORROW,TOMORROW,TP
continuous_0292_S4_strategy2.npz,8437–12436,JULY,JULY,TP
continuous_0292_S4_strategy2.npz,12436–16335,AUNTIE,AUNTIE,TP
continuous_0292_S4_strategy2.npz,16335–20501,SLOW,SLOW,TP
continuous_0293_S4_strategy2.npz,0–4266,HELLO,HELLO,TP
continuous_0293_S4_strategy2.npz,4266–8532,NOVEMBER,NOVEMBER,TP
continuous_0293_S4_strategy2.npz,8532–12764,SHRIMP,SHRIMP,TP
continuous_0293_S4_strategy2.npz,12764–17063,BROWN,—,FN
continuous_0293_S4_strategy2.npz,13466–16166,—,WHITE,FP
continuous_0293_S4_strategy2.npz,16166–18866,—,BROWN,FP
continuous_0293_S4_strategy2.npz,17063–21562,DEAF,DEAF,TP
continuous_0294_S4_strategy2.npz,0–4432,BOY,BOY,TP
continuous_0294_S4_strategy2.npz,4432–8698,FOUR,FOUR,TP
continuous_0294_S4_strategy2.npz,8698–12930,ORANGE,ORANGE,TP
continuous_0294_S4_strategy2.npz,12930–17929,OCTOBER,OCTOBER,TP
continuous_0294_S4_strategy2.npz,17929–22028,COFFEE,COFFEE,TP
continuous_0295_S4_strategy2.npz,0–4199,APRIL,APRIL,TP
continuous_0295_S4_strategy2.npz,4199–8298,UNCLE,UNCLE,TP
continuous_0295_S4_strategy2.npz,8298–13063,PINK,PINK,TP
continuous_0295_S4_strategy2.npz,13063–17295,YOURE WELCOME,—,FN
continuous_0295_S4_strategy2.npz,15333–18400,—,YOURE WELCOME,FP
continuous_0295_S4_strategy2.npz,17295–21460,CORRECT,CORRECT,TP
continuous_0296_S4_strategy2.npz,0–4165,SEVEN,SEVEN,TP
continuous_0296_S4_strategy2.npz,2366–4733,—,TEN,FP
continuous_0296_S4_strategy2.npz,4165–8464,GOOD AFTERNOON,GOOD AFTERNOON,TP
continuous_0296_S4_strategy2.npz,8464–12730,VIOLET,VIOLET,TP
continuous_0296_S4_strategy2.npz,11866–14233,—,FEBRUARY,FP
continuous_0296_S4_strategy2.npz,12730–17129,SEPTEMBER,SEPTEMBER,TP
continuous_0296_S4_strategy2.npz,17129–21361,TUESDAY,TUESDAY,TP
continuous_0297_S4_strategy2.npz,0–4299,TEA,TEA,TP
continuous_0297_S4_strategy2.npz,4299–8498,SATURDAY,SATURDAY,TP
continuous_0297_S4_strategy2.npz,6633–9966,—,DAUGHTER,FP
continuous_0297_S4_strategy2.npz,8498–12663,DAUGHTER,—,FN
continuous_0297_S4_strategy2.npz,9966–13266,—,HOT,FP
continuous_0297_S4_strategy2.npz,12663–16928,LONGANISA,LONGANISA,TP
continuous_0297_S4_strategy2.npz,16928–21427,HARD OF HEARING,HARD OF HEARING,TP
continuous_0297_S4_strategy2.npz,21427–25726,SIX,SIX,TP
continuous_0297_S4_strategy2.npz,25726–29891,SLOW,SLOW,TP
continuous_0298_S4_strategy2.npz,0–4266,MILK,MILK,TP
continuous_0298_S4_strategy2.npz,4266–8531,VIOLET,VIOLET,TP
continuous_0298_S4_strategy2.npz,8531–12730,MAN,MAN,TP
continuous_0298_S4_strategy2.npz,11600–13900,—,COUSIN,FP
continuous_0298_S4_strategy2.npz,12730–16895,NINE,NINE,TP
continuous_0298_S4_strategy2.npz,16895–21127,SPAGHETTI,SPAGHETTI,TP
continuous_0298_S4_strategy2.npz,20866–23200,—,FISH,FP
continuous_0298_S4_strategy2.npz,21127–25527,YOURE WELCOME,YOURE WELCOME,TP
continuous_0299_S4_strategy2.npz,0–3966,LONGANISA,LONGANISA,TP
continuous_0299_S4_strategy2.npz,3966–8165,EIGHT,EIGHT,TP
continuous_0299_S4_strategy2.npz,6566–9866,—,HOW ARE YOU,FP
continuous_0299_S4_strategy2.npz,8165–12364,HOW ARE YOU,—,FN
continuous_0299_S4_strategy2.npz,9866–13166,—,THANK YOU,FP
continuous_0299_S4_strategy2.npz,12364–16696,NOVEMBER,NOVEMBER,TP
continuous_0299_S4_strategy2.npz,16696–21128,WEELCHAIR PERSON,WEELCHAIR PERSON,TP
continuous_0299_S4_strategy2.npz,21128–25460,BLUE,BLUE,TP
continuous_0299_S4_strategy2.npz,25460–29659,FATHER,FATHER,TP
continuous_0300_S4_strategy2.npz,0–4199,THREE,THREE,TP
continuous_0300_S4_strategy2.npz,4199–8364,PARENTS,PARENTS,TP
continuous_0300_S4_strategy2.npz,8364–12463,APRIL,APRIL,TP
continuous_0300_S4_strategy2.npz,12463–16695,JUICE,JUICE,TP
continuous_0300_S4_strategy2.npz,16695–20928,THANK YOU,THANK YOU,TP
continuous_0301_S4_strategy2.npz,0–4266,BREAD,BREAD,TP
continuous_0301_S4_strategy2.npz,4266–8432,BLUE,BLUE,TP
continuous_0301_S4_strategy2.npz,8432–13165,KNOW,KNOW,TP
continuous_0301_S4_strategy2.npz,13165–17364,FIVE,FIVE,TP
continuous_0301_S4_strategy2.npz,17364–21630,MAY,MAY,TP
continuous_0301_S4_strategy2.npz,21630–25995,BLIND,BLIND,TP
continuous_0301_S4_strategy2.npz,25433–29100,—,MILK,FP
continuous_0301_S4_strategy2.npz,25995–29094,DAUGHTER,—,FN
continuous_0302_S4_strategy2.npz,0–4266,COLD,COLD,TP
continuous_0302_S4_strategy2.npz,4266–8498,DAUGHTER,DAUGHTER,TP
continuous_0302_S4_strategy2.npz,4300–6466,—,AUNTIE,FP
continuous_0302_S4_strategy2.npz,8498–12897,SUNDAY,SUNDAY,TP
continuous_0302_S4_strategy2.npz,12897–17096,MARCH,MARCH,TP
continuous_0302_S4_strategy2.npz,12966–15133,—,FEBRUARY,FP
continuous_0302_S4_strategy2.npz,17096–21728,NINE,NINE,TP
continuous_0302_S4_strategy2.npz,17300–19466,—,JANUARY,FP
continuous_0302_S4_strategy2.npz,21633–23800,—,EIGHT,FP
continuous_0302_S4_strategy2.npz,21728–25960,SHRIMP,SHRIMP,TP
continuous_0303_S4_strategy2.npz,0–4199,TOMORROW,TOMORROW,TP
continuous_0303_S4_strategy2.npz,3300–6600,—,AUNTIE,FP
continuous_0303_S4_strategy2.npz,4199–8431,KNOW,KNOW,TP
continuous_0303_S4_strategy2.npz,8431–12696,MEAT,MEAT,TP
continuous_0303_S4_strategy2.npz,12696–17028,GOOD EVENING,GOOD EVENING,TP
continuous_0303_S4_strategy2.npz,17028–21260,BEER,—,FN
continuous_0303_S4_strategy2.npz,19866–23166,—,BEER,FP
continuous_0303_S4_strategy2.npz,21260–25492,LIGHT,LIGHT,TP
continuous_0303_S4_strategy2.npz,25492–29791,MAY,MAY,TP
continuous_0304_S4_strategy2.npz,0–4765,SUGAR,SUGAR,TP
continuous_0304_S4_strategy2.npz,4765–9130,VIOLET,VIOLET,TP
continuous_0304_S4_strategy2.npz,9130–13229,SON,SON,TP
continuous_0304_S4_strategy2.npz,12333–15433,—,DAUGHTER,FP
continuous_0304_S4_strategy2.npz,13229–17428,FOUR,FOUR,TP
continuous_0304_S4_strategy2.npz,17428–21627,JUNE,JUNE,TP
continuous_0305_S4_strategy2.npz,0–4499,WEELCHAIR PERSON,WEELCHAIR PERSON,TP
continuous_0305_S4_strategy2.npz,3033–6100,—,FRIDAY,FP
continuous_0305_S4_strategy2.npz,4499–8698,FRIDAY,—,FN
continuous_0305_S4_strategy2.npz,6100–9133,—,EIGHT,FP
continuous_0305_S4_strategy2.npz,8698–12897,SEVEN,SEVEN,TP
continuous_0305_S4_strategy2.npz,12897–17162,MILK,—,FN
continuous_0305_S4_strategy2.npz,15233–18300,—,MILK,FP
continuous_0305_S4_strategy2.npz,17162–21361,WRONG,WRONG,TP
continuous_0306_S4_strategy2.npz,0–4299,SUGAR,SUGAR,TP
continuous_0306_S4_strategy2.npz,4299–8464,DAUGHTER,DAUGHTER,TP
continuous_0306_S4_strategy2.npz,8464–12663,DON'T KNOW,DON’T KNOW,TP
continuous_0306_S4_strategy2.npz,10666–16000,—,SEVEN,FP
continuous_0306_S4_strategy2.npz,12663–16962,FRIDAY,FRIDAY,TP
continuous_0306_S4_strategy2.npz,16962–21194,ONE,ONE,TP
continuous_0306_S4_strategy2.npz,21194–25259,EGG,—,FN
continuous_0306_S4_strategy2.npz,24000–26666,—,EGG,FP
continuous_0306_S4_strategy2.npz,25259–29325,MAY,MAY,TP
continuous_0307_S4_strategy2.npz,0–4332,EGG,EGG,TP
continuous_0307_S4_strategy2.npz,4332–8498,MOTHER,MOTHER,TP
continuous_0307_S4_strategy2.npz,8498–12797,COLD,COLD,TP
continuous_0307_S4_strategy2.npz,12797–16996,TEN,TEN,TP
continuous_0307_S4_strategy2.npz,16996–21395,WOMAN,WOMAN,TP
continuous_0308_S4_strategy2.npz,0–4299,GOOD AFTERNOON,GOOD AFTERNOON,TP
continuous_0308_S4_strategy2.npz,4299–8631,HARD OF HEARING,HARD OF HEARING,TP
continuous_0308_S4_strategy2.npz,8631–12763,FISH,FISH,TP
continuous_0308_S4_strategy2.npz,11833–14800,—,WHITE,FP
continuous_0308_S4_strategy2.npz,12763–16962,CORRECT,CORRECT,TP
continuous_0308_S4_strategy2.npz,16962–21261,COLD,COLD,TP
continuous_0308_S4_strategy2.npz,17766–20733,—,COFFEE,FP
continuous_0308_S4_strategy2.npz,21261–25393,SATURDAY,SATURDAY,TP
continuous_0308_S4_strategy2.npz,25393–29625,FIVE,FIVE,TP
continuous_0309_S4_strategy2.npz,0–4499,GIRL,GIRL,TP
continuous_0309_S4_strategy2.npz,4499–8598,MILK,MILK,TP
continuous_0309_S4_strategy2.npz,8598–12897,GOOD EVENING,GOOD EVENING,TP
continuous_0309_S4_strategy2.npz,12897–17096,JUNE,JUNE,TP
continuous_0309_S4_strategy2.npz,17096–21261,SON,SON,TP
continuous_0309_S4_strategy2.npz,21261–25460,CORRECT,CORRECT,TP
continuous_0309_S4_strategy2.npz,25460–29825,EIGHT,EIGHT,TP
continuous_0310_S4_strategy2.npz,0–4199,TUESDAY,TUESDAY,TP
continuous_0310_S4_strategy2.npz,2766–5566,—,FAST,FP
continuous_0310_S4_strategy2.npz,4199–8364,HELLO,HELLO,TP
continuous_0310_S4_strategy2.npz,8364–12630,JUNE,JUNE,TP
continuous_0310_S4_strategy2.npz,11166–13966,—,CORRECT,FP
continuous_0310_S4_strategy2.npz,12630–16729,CORRECT,—,FN
continuous_0310_S4_strategy2.npz,13966–16766,—,MOTHER,FP
continuous_0310_S4_strategy2.npz,16729–20995,LIGHT,LIGHT,TP
continuous_0310_S4_strategy2.npz,20995–25160,COUSIN,COUSIN,TP
continuous_0311_S4_strategy2.npz,0–4132,HARD OF HEARING,HARD OF HEARING,TP
continuous_0311_S4_strategy2.npz,4132–8464,GRANDMOTHER,GRANDMOTHER,TP
continuous_0311_S4_strategy2.npz,8464–12863,IM FINE,IM FINE,TP
continuous_0311_S4_strategy2.npz,12863–17028,MAY,MAY,TP
continuous_0311_S4_strategy2.npz,15300–17866,—,SHRIMP,FP
continuous_0311_S4_strategy2.npz,17028–21327,SHRIMP,—,FN
continuous_0311_S4_strategy2.npz,17866–20400,—,VIOLET,FP
continuous_0311_S4_strategy2.npz,20400–22966,—,DEAF,FP
continuous_0311_S4_strategy2.npz,21327–25526,MONDAY,MONDAY,TP
continuous_0312_S4_strategy2.npz,0–4332,FIVE,FIVE,TP
continuous_0312_S4_strategy2.npz,4332–8497,HOW ARE YOU,HOW ARE YOU,TP
continuous_0312_S4_strategy2.npz,7066–9400,—,THANK YOU,FP
continuous_0312_S4_strategy2.npz,8497–12762,CRAB,CRAB,TP
continuous_0312_S4_strategy2.npz,12762–16994,FATHER,FATHER,TP
continuous_0312_S4_strategy2.npz,16466–18833,—,BOY,FP
continuous_0312_S4_strategy2.npz,16994–21193,MONDAY,MONDAY,TP
continuous_0313_S4_strategy2.npz,0–4266,RICE,RICE,TP
continuous_0313_S4_strategy2.npz,4266–8398,DON'T KNOW,DON’T KNOW,TP
continuous_0313_S4_strategy2.npz,8398–12897,COFFEE,COFFEE,TP
continuous_0313_S4_strategy2.npz,10633–14200,—,SIX,FP
continuous_0313_S4_strategy2.npz,12897–17096,SIX,—,FN
continuous_0313_S4_strategy2.npz,14200–17733,—,MOTHER,FP
continuous_0313_S4_strategy2.npz,17096–21295,SATURDAY,SATURDAY,TP
continuous_0314_S4_strategy2.npz,0–4132,JULY,JULY,TP
continuous_0314_S4_strategy2.npz,2866–5733,—,MAN,FP
continuous_0314_S4_strategy2.npz,4132–8331,MAN,—,FN
continuous_0314_S4_strategy2.npz,5733–8600,—,CORRECT,FP
continuous_0314_S4_strategy2.npz,8331–12530,CORRECT,—,FN
continuous_0314_S4_strategy2.npz,8600–11466,—,TEN,FP
continuous_0314_S4_strategy2.npz,12530–16962,HOW ARE YOU,HOW ARE YOU,TP
continuous_0314_S4_strategy2.npz,16962–21462,COLD,COLD,TP
continuous_0314_S4_strategy2.npz,21462–25794,DARK,DARK,TP
continuous_0315_S4_strategy2.npz,0–4165,YES,YES,TP
continuous_0315_S4_strategy2.npz,4165–8328,TODAY,TODAY,TP
continuous_0315_S4_strategy2.npz,8328–12394,APRIL,APRIL,TP
continuous_0315_S4_strategy2.npz,12366–14866,—,UNCLE,FP
continuous_0315_S4_strategy2.npz,12394–16593,UNCLE,—,FN
continuous_0315_S4_strategy2.npz,14866–17333,—,WINE,FP
continuous_0315_S4_strategy2.npz,16593–20725,SUGAR,SUGAR,TP
continuous_0315_S4_strategy2.npz,20725–25325,SEE YOU TOMORROW,SEE YOU TOMORROW,TP
continuous_0315_S4_strategy2.npz,22300–24766,—,WHITE,FP
continuous_0315_S4_strategy2.npz,24766–27233,—,MILK,FP
continuous_0315_S4_strategy2.npz,25325–29724,WOMAN,WOMAN,TP
continuous_0316_S4_strategy2.npz,0–4199,THURSDAY,THURSDAY,TP
continuous_0316_S4_strategy2.npz,4199–8431,GRAY,GRAY,TP
continuous_0316_S4_strategy2.npz,8431–12830,HARD OF HEARING,HARD OF HEARING,TP
continuous_0316_S4_strategy2.npz,12830–17029,RICE,RICE,TP
continuous_0316_S4_strategy2.npz,15233–17766,—,BROWN,FP
continuous_0316_S4_strategy2.npz,17029–21194,YES,YES,TP
continuous_0316_S4_strategy2.npz,21194–25393,GRANDFATHER,GRANDFATHER,TP
continuous_0317_S4_strategy2.npz,0–4299,SPAGHETTI,SPAGHETTI,TP
continuous_0317_S4_strategy2.npz,4299–8464,DONT KNOW,DON’T KNOW,TP
continuous_0317_S4_strategy2.npz,8033–10700,—,GRAY,FP
continuous_0317_S4_strategy2.npz,8464–12729,APRIL,APRIL,TP
continuous_0317_S4_strategy2.npz,12729–16894,UNCLE,UNCLE,TP
continuous_0317_S4_strategy2.npz,16066–18733,—,PINK,FP
continuous_0317_S4_strategy2.npz,16894–21093,FRIDAY,FRIDAY,TP
continuous_0317_S4_strategy2.npz,21093–25358,ORANGE,—,FN
continuous_0317_S4_strategy2.npz,21400–24100,—,NINE,FP
continuous_0317_S4_strategy2.npz,24100–26766,—,ORANGE,FP
continuous_0317_S4_strategy2.npz,25358–29457,GOOD MORNING,GOOD MORNING,TP
continuous_0318_S4_strategy2.npz,0–4297,YESTERDAY,YESTERDAY,TP
continuous_0318_S4_strategy2.npz,4297–8429,DON'T KNOW,DON’T KNOW,TP
continuous_0318_S4_strategy2.npz,8429–13128,VIOLET,VIOLET,TP
continuous_0318_S4_strategy2.npz,10933–14600,—,FEBRUARY,FP
continuous_0318_S4_strategy2.npz,13128–17327,FEBRUARY,—,FN
continuous_0318_S4_strategy2.npz,14600–18233,—,JANUARY,FP
continuous_0318_S4_strategy2.npz,17327–21893,MARRIED,MARRIED,TP
continuous_0319_S4_strategy2.npz,0–3166,—,MOTHER,FP
continuous_0319_S4_strategy2.npz,0–4032,MOTHER,—,FN
continuous_0319_S4_strategy2.npz,3166–6333,—,HARD OF HEARING,FP
continuous_0319_S4_strategy2.npz,4032–8298,HARD OF HEARING,—,FN
continuous_0319_S4_strategy2.npz,6333–9533,—,DON’T UNDERSTAND,FP
continuous_0319_S4_strategy2.npz,8298–12697,DON'T UNDERSTAND,—,FN
continuous_0319_S4_strategy2.npz,9533–12700,—,GOOD EVENING,FP
continuous_0319_S4_strategy2.npz,12697–16896,HELLO,HELLO,TP
continuous_0319_S4_strategy2.npz,16896–21195,MEAT,MEAT,TP
continuous_0319_S4_strategy2.npz,21195–25427,MONDAY,MONDAY,TP
continuous_0320_S4_strategy2.npz,0–4166,SATURDAY,SATURDAY,TP
continuous_0320_S4_strategy2.npz,2900–5833,—,WOMAN,FP
continuous_0320_S4_strategy2.npz,4166–8365,WOMAN,—,FN
continuous_0320_S4_strategy2.npz,5833–8733,—,DECEMBER,FP
continuous_0320_S4_strategy2.npz,8365–12530,DECEMBER,—,FN
continuous_0320_S4_strategy2.npz,8733–11666,—,HELLO,FP
continuous_0320_S4_strategy2.npz,11666–14600,—,RED,FP
continuous_0320_S4_strategy2.npz,12530–16662,HELLO,—,FN
continuous_0320_S4_strategy2.npz,14600–17500,—,SPAGHETTI,FP
continuous_0320_S4_strategy2.npz,16662–20794,SPAGHETTI,—,FN
continuous_0320_S4_strategy2.npz,17500–20433,—,BROWN,FP
continuous_0320_S4_strategy2.npz,20794–25026,MOTHER,MOTHER,TP
continuous_0320_S4_strategy2.npz,23333–26266,—,LIGHT,FP
continuous_0320_S4_strategy2.npz,25026–29191,DARK,DARK,TP
continuous_0321_S4_strategy2.npz,0–4299,NICE TO MEET YOU,NICE TO MEET YOU,TP
continuous_0321_S4_strategy2.npz,3200–6400,—,CORRECT,FP
continuous_0321_S4_strategy2.npz,4299–8498,TODAY,TODAY,TP
continuous_0321_S4_strategy2.npz,8498–12131,UNDERSTAND,UNDERSTAND,TP
continuous_0321_S4_strategy2.npz,12131–16496,WINE,WINE,TP
continuous_0321_S4_strategy2.npz,16496–20462,DAUGHTER,DAUGHTER,TP
continuous_0321_S4_strategy2.npz,19266–22466,—,APRIL,FP
continuous_0321_S4_strategy2.npz,20462–24727,APRIL,—,FN
continuous_0321_S4_strategy2.npz,22466–25666,—,GIRL,FP
continuous_0321_S4_strategy2.npz,24727–28892,DARK,DARK,TP
continuous_0322_S4_strategy2.npz,0–4199,FAST,FAST,TP
continuous_0322_S4_strategy2.npz,2666–5366,—,TOMORROW,FP
continuous_0322_S4_strategy2.npz,4199–8398,TOMORROW,—,FN
continuous_0322_S4_strategy2.npz,5366–8033,—,AUNTIE,FP
continuous_0322_S4_strategy2.npz,8033–10733,—,NO SUGAR,FP
continuous_0322_S4_strategy2.npz,8398–12697,NO SUGAR,—,FN
continuous_0322_S4_strategy2.npz,10733–13433,—,SUGAR,FP
continuous_0322_S4_strategy2.npz,12697–16962,DEAF,DEAF,TP
continuous_0322_S4_strategy2.npz,16100–18800,—,FAST,FP
continuous_0322_S4_strategy2.npz,16962–20994,DAUGHTER,DAUGHTER,TP
continuous_0322_S4_strategy2.npz,20994–25259,YELLOW,—,FN
continuous_0322_S4_strategy2.npz,24166–26866,—,YELLOW,FP
continuous_0322_S4_strategy2.npz,25259–29558,JANUARY,JANUARY,TP
continuous_0323_S4_strategy2.npz,0–4299,GOOD MORNING,GOOD MORNING,TP
continuous_0323_S4_strategy2.npz,4299–8531,SHRIMP,SHRIMP,TP
continuous_0323_S4_strategy2.npz,8531–12763,LIGHT,LIGHT,TP
continuous_0323_S4_strategy2.npz,12763–17295,WEELCHAIR PERSON,WEELCHAIR PERSON,TP
continuous_0323_S4_strategy2.npz,17295–21594,HOT,HOT,TP
continuous_0323_S4_strategy2.npz,21594–25526,DAUGHTER,DAUGHTER,TP
continuous_0323_S4_strategy2.npz,25526–29791,TODAY,TODAY,TP
continuous_0324_S4_strategy2.npz,0–4465,WEELCHAIR PERSON,WEELCHAIR PERSON,TP
continuous_0324_S4_strategy2.npz,4465–8797,SUNDAY,SUNDAY,TP
continuous_0324_S4_strategy2.npz,8797–13063,SUGAR,SUGAR,TP
continuous_0324_S4_strategy2.npz,13063–17295,JUNE,JUNE,TP
continuous_0324_S4_strategy2.npz,17295–21361,UNCLE,UNCLE,TP
continuous_0324_S4_strategy2.npz,21361–24760,GREEN,GREEN,TP
continuous_0325_S4_strategy2.npz,0–4232,THURSDAY,THURSDAY,TP
continuous_0325_S4_strategy2.npz,2800–5633,—,HELLO,FP
continuous_0325_S4_strategy2.npz,4232–8465,HELLO,—,FN
continuous_0325_S4_strategy2.npz,5633–8466,—,VIOLET,FP
continuous_0325_S4_strategy2.npz,8465–12797,VIOLET,—,FN
continuous_0325_S4_strategy2.npz,8466–11266,—,FEBRUARY,FP
continuous_0325_S4_strategy2.npz,11266–14100,—,JULY,FP
continuous_0325_S4_strategy2.npz,12797–16796,JULY,—,FN
continuous_0325_S4_strategy2.npz,14100–16933,—,JUNE,FP
continuous_0325_S4_strategy2.npz,16796–21028,GRANDMOTHER,GRANDMOTHER,TP
continuous_0325_S4_strategy2.npz,21028–25393,TEA,TEA,TP
continuous_0326_S4_strategy2.npz,0–4632,MARCH,MARCH,TP
continuous_0326_S4_strategy2.npz,3266–6533,—,JANUARY,FP
continuous_0326_S4_strategy2.npz,4632–8697,AUNTIE,AUNTIE,TP
continuous_0326_S4_strategy2.npz,8697–13130,COLD,COLD,TP
continuous_0326_S4_strategy2.npz,13100–16366,—,SUGAR,FP
continuous_0326_S4_strategy2.npz,13130–17362,GOOD EVENING,GOOD EVENING,TP
continuous_0326_S4_strategy2.npz,17362–21927,GIRL,GIRL,TP
continuous_0326_S4_strategy2.npz,21927–26192,BLACK,BLACK,TP
continuous_0327_S4_strategy2.npz,0–4265,CHICKEN,CHICKEN,TP
continuous_0327_S4_strategy2.npz,3266–6566,—,IM FINE,FP
continuous_0327_S4_strategy2.npz,4265–8464,IM FINE,—,FN
continuous_0327_S4_strategy2.npz,6566–9866,—,NOVEMBER,FP
continuous_0327_S4_strategy2.npz,8464–12796,NOVEMBER,—,FN
continuous_0327_S4_strategy2.npz,9866–13166,—,FIVE,FP
continuous_0327_S4_strategy2.npz,12796–17361,SUNDAY,SUNDAY,TP
continuous_0327_S4_strategy2.npz,17361–21526,FATHER,FATHER,TP
continuous_0327_S4_strategy2.npz,21526–25858,BOY,BOY,TP
continuous_0327_S4_strategy2.npz,25858–29624,JUICE,JUICE,TP
continuous_0328_S4_strategy2.npz,0–4399,AUNTIE,AUNTIE,TP
continuous_0328_S4_strategy2.npz,3066–6133,—,BEER,FP
continuous_0328_S4_strategy2.npz,4399–8598,BEER,—,FN
continuous_0328_S4_strategy2.npz,6133–9200,—,TOMORROW,FP
continuous_0328_S4_strategy2.npz,8598–12897,GOOD MORNING,GOOD MORNING,TP
continuous_0328_S4_strategy2.npz,12897–17062,APRIL,APRIL,TP
continuous_0328_S4_strategy2.npz,17062–21494,CHICKEN,CHICKEN,TP
continuous_0329_S4_strategy2.npz,0–4499,BLUE,BLUE,TP
continuous_0329_S4_strategy2.npz,4499–8698,WINE,WINE,TP
continuous_0329_S4_strategy2.npz,8698–12863,DON'T UNDERSTAND,DON’T UNDERSTAND,TP
continuous_0329_S4_strategy2.npz,12863–16895,GOOD MORNING,GOOD MORNING,TP
continuous_0329_S4_strategy2.npz,15033–18033,—,NO,FP
continuous_0329_S4_strategy2.npz,16895–21060,MONDAY,MONDAY,TP
continuous_0330_S4_strategy2.npz,0–4265,RICE,RICE,TP
continuous_0330_S4_strategy2.npz,4265–8497,JANUARY,JANUARY,TP
continuous_0330_S4_strategy2.npz,8497–12596,COLD,COLD,TP
continuous_0330_S4_strategy2.npz,12596–16995,GRANDMOTHER,GRANDMOTHER,TP
continuous_0330_S4_strategy2.npz,16995–21227,YELLOW,YELLOW,TP
continuous_0330_S4_strategy2.npz,21227–25726,GIRL,GIRL,TP
continuous_0330_S4_strategy2.npz,23900–26900,—,BREAD,FP
continuous_0330_S4_strategy2.npz,25726–29891,TODAY,TODAY,TP
continuous_0331_S4_strategy2.npz,0–4232,FRIDAY,FRIDAY,TP
continuous_0331_S4_strategy2.npz,2633–5300,—,NINE,FP
continuous_0331_S4_strategy2.npz,4232–8564,NO,NO,TP
continuous_0331_S4_strategy2.npz,7933–10600,—,FATHER,FP
continuous_0331_S4_strategy2.npz,8564–12629,PARENTS,PARENTS,TP
continuous_0331_S4_strategy2.npz,12629–16561,JUICE,—,FN
continuous_0331_S4_strategy2.npz,15900–18533,—,JUICE,FP
continuous_0331_S4_strategy2.npz,16561–20793,LONGANISA,LONGANISA,TP
continuous_0331_S4_strategy2.npz,20793–25058,BLUE,BLUE,TP
continuous_0331_S4_strategy2.npz,21200–23833,—,EGG,FP
continuous_0331_S4_strategy2.npz,25058–29157,MAY,MAY,TP
continuous_0332_S4_strategy2.npz,0–4232,JULY,JULY,TP
continuous_0332_S4_strategy2.npz,4232–8697,AUNTIE,AUNTIE,TP
continuous_0332_S4_strategy2.npz,8697–12929,DON'T UNDERSTAND,DON’T UNDERSTAND,TP
continuous_0332_S4_strategy2.npz,12929–17528,DEAF BLIND,DEAF BLIND,TP
continuous_0332_S4_strategy2.npz,17528–21927,BLACK,BLACK,TP
continuous_0333_S4_strategy2.npz,0–4132,FATHER,FATHER,TP
continuous_0333_S4_strategy2.npz,4132–8298,APRIL,APRIL,TP
continuous_0333_S4_strategy2.npz,8298–12530,COLD,COLD,TP
continuous_0333_S4_strategy2.npz,12530–16562,HARD OF HEARING,HARD OF HEARING,TP
continuous_0333_S4_strategy2.npz,16562–20861,BLACK,BLACK,TP
continuous_0333_S4_strategy2.npz,20861–24993,IM FINE,IM FINE,TP
continuous_0333_S4_strategy2.npz,24993–29225,WEDNESDAY,WEDNESDAY,TP
continuous_0334_S4_strategy2.npz,0–4165,WEDNESDAY,WEDNESDAY,TP
continuous_0334_S4_strategy2.npz,2600–5200,—,PARENTS,FP
continuous_0334_S4_strategy2.npz,4165–8197,PARENTS,—,FN
continuous_0334_S4_strategy2.npz,5200–7800,—,UNDERSTAND,FP
continuous_0334_S4_strategy2.npz,7800–10400,—,NO,FP
continuous_0334_S4_strategy2.npz,8197–12496,UNDERSTAND,—,FN
continuous_0334_S4_strategy2.npz,12496–16762,IM FINE,IM FINE,TP
continuous_0334_S4_strategy2.npz,15600–18200,—,BOY,FP
continuous_0334_S4_strategy2.npz,16762–20261,BOY,—,FN
continuous_0334_S4_strategy2.npz,18200–20800,—,HOT,FP
continuous_0334_S4_strategy2.npz,20261–24560,RED,RED,TP
continuous_0334_S4_strategy2.npz,23400–26000,—,JANUARY,FP
continuous_0334_S4_strategy2.npz,24560–28592,JULY,JULY,TP
continuous_0335_S4_strategy2.npz,0–4065,MARCH,MARCH,TP
continuous_0335_S4_strategy2.npz,2666–5366,—,GREEN,FP
continuous_0335_S4_strategy2.npz,4065–8730,GREEN,—,FN
continuous_0335_S4_strategy2.npz,5366–8033,—,AUNTIE,FP
continuous_0335_S4_strategy2.npz,8730–12795,DAUGHTER,DAUGHTER,TP
continuous_0335_S4_strategy2.npz,12795–17260,GIRL,GIRL,TP
continuous_0335_S4_strategy2.npz,16100–18800,—,NO,FP
continuous_0335_S4_strategy2.npz,17260–21492,TEA,TEA,TP
continuous_0336_S4_strategy2.npz,0–4299,RED,RED,TP
continuous_0336_S4_strategy2.npz,3200–6433,—,JUICE,FP
continuous_0336_S4_strategy2.npz,4299–8631,JUICE,—,FN
continuous_0336_S4_strategy2.npz,6433–9666,—,WOMAN,FP
continuous_0336_S4_strategy2.npz,8631–12930,COUSIN,COUSIN,TP
continuous_0336_S4_strategy2.npz,12900–16133,—,HELLO,FP
continuous_0336_S4_strategy2.npz,12930–17229,MARRIED,MARRIED,TP
continuous_0336_S4_strategy2.npz,17229–21394,FEBRUARY,FEBRUARY,TP
continuous_0336_S4_strategy2.npz,21394–25825,SATURDAY,SATURDAY,TP
continuous_0337_S4_strategy2.npz,0–4366,ORANGE,ORANGE,TP
continuous_0337_S4_strategy2.npz,2333–4700,—,TEN,FP
continuous_0337_S4_strategy2.npz,4366–8631,GOOD AFTERNOON,GOOD AFTERNOON,TP
continuous_0337_S4_strategy2.npz,8631–12963,DEAF BLIND,DEAF BLIND,TP
continuous_0337_S4_strategy2.npz,11800–14166,—,BLIND,FP
continuous_0337_S4_strategy2.npz,12963–17128,FEBRUARY,FEBRUARY,TP
continuous_0337_S4_strategy2.npz,17128–21261,YES,—,FN
continuous_0337_S4_strategy2.npz,18900–21266,—,YES,FP
continuous_0338_S4_strategy2.npz,0–4365,WHITE,WHITE,TP
continuous_0338_S4_strategy2.npz,4365–8597,FAST,FAST,TP
continuous_0338_S4_strategy2.npz,6366–9533,—,GOOD MORNING,FP
continuous_0338_S4_strategy2.npz,8597–12896,GOOD MORNING,—,FN
continuous_0338_S4_strategy2.npz,9533–12733,—,NO,FP
continuous_0338_S4_strategy2.npz,12896–17062,DAUGHTER,DAUGHTER,TP
continuous_0338_S4_strategy2.npz,15933–19100,—,DEAF,FP
continuous_0338_S4_strategy2.npz,17062–21294,DEAF,—,FN
continuous_0338_S4_strategy2.npz,19100–22300,—,FAST,FP
continuous_0338_S4_strategy2.npz,21294–25493,TODAY,TODAY,TP
continuous_0339_S4_strategy2.npz,0–4099,UNCLE,UNCLE,TP
continuous_0339_S4_strategy2.npz,4099–8331,HOW ARE YOU,HOW ARE YOU,TP
continuous_0339_S4_strategy2.npz,6433–9633,—,HOT,FP
continuous_0339_S4_strategy2.npz,8331–12596,WEELCHAIR PERSON,WEELCHAIR PERSON,TP
continuous_0339_S4_strategy2.npz,12596–16695,THURSDAY,THURSDAY,TP
continuous_0339_S4_strategy2.npz,16695–20261,UNDERSTAND,UNDERSTAND,TP
continuous_0339_S4_strategy2.npz,19300–22500,—,YELLOW,FP
continuous_0339_S4_strategy2.npz,20261–24593,YELLOW,—,FN
continuous_0339_S4_strategy2.npz,22500–25733,—,MARRIED,FP
continuous_0339_S4_strategy2.npz,24593–28958,COFFEE,COFFEE,TP
continuous_0340_S4_strategy2.npz,0–4265,GRAY,GRAY,TP
continuous_0340_S4_strategy2.npz,2700–5433,—,DEAF,FP
continuous_0340_S4_strategy2.npz,4265–8498,NO,NO,TP
continuous_0340_S4_strategy2.npz,8498–12763,HOT,HOT,TP
continuous_0340_S4_strategy2.npz,12763–16895,AUNTIE,AUNTIE,TP
continuous_0340_S4_strategy2.npz,16333–19066,—,YESTERDAY,FP
continuous_0340_S4_strategy2.npz,16895–21227,HARD OF HEARING,HARD OF HEARING,TP
continuous_0340_S4_strategy2.npz,21227–25526,FRIDAY,FRIDAY,TP
continuous_0340_S4_strategy2.npz,25526–29992,DECEMBER,DECEMBER,TP
continuous_0341_S4_strategy2.npz,0–4165,GRANDMOTHER,GRANDMOTHER,TP
continuous_0341_S4_strategy2.npz,4165–8364,DON'T UNDERSTAND,DON’T UNDERSTAND,TP
continuous_0341_S4_strategy2.npz,8364–12830,WEELCHAIR PERSON,WEELCHAIR PERSON,TP
continuous_0341_S4_strategy2.npz,12830–17195,IM FINE,IM FINE,TP
continuous_0341_S4_strategy2.npz,17195–22027,BEER,BEER,TP
continuous_0341_S4_strategy2.npz,20433–23366,—,YES,FP
continuous_0341_S4_strategy2.npz,22027–26292,LIGHT,LIGHT,TP
continuous_0342_S4_strategy2.npz,0–4132,YOURE WELCOME,YOURE WELCOME,TP
continuous_0342_S4_strategy2.npz,2966–5933,—,SON,FP
continuous_0342_S4_strategy2.npz,4132–8264,SON,—,FN
continuous_0342_S4_strategy2.npz,5933–8933,—,GIRL,FP
continuous_0342_S4_strategy2.npz,8264–12496,GIRL,—,FN
continuous_0342_S4_strategy2.npz,8933–11900,—,NO,FP
continuous_0342_S4_strategy2.npz,12496–16662,TOMORROW,TOMORROW,TP
continuous_0342_S4_strategy2.npz,16662–21128,BLACK,BLACK,TP
continuous_0342_S4_strategy2.npz,20833–23833,—,FAST,FP
continuous_0342_S4_strategy2.npz,21128–25360,WINE,WINE,TP
continuous_0342_S4_strategy2.npz,25360–29793,UNDERSTAND,UNDERSTAND,TP
continuous_0343_S4_strategy2.npz,0–4433,NO,NO,TP
continuous_0343_S4_strategy2.npz,2666–5366,—,ONE,FP
continuous_0343_S4_strategy2.npz,4433–8665,DEAF,DEAF,TP
continuous_0343_S4_strategy2.npz,8665–12897,APRIL,APRIL,TP
continuous_0343_S4_strategy2.npz,12897–17196,GRAY,—,FN
continuous_0343_S4_strategy2.npz,16100–18766,—,GRAY,FP
continuous_0343_S4_strategy2.npz,17196–21461,TEA,TEA,TP
continuous_0344_S4_strategy2.npz,0–4232,APRIL,APRIL,TP
continuous_0344_S4_strategy2.npz,4232–8364,HOW ARE YOU,HOW ARE YOU,TP
continuous_0344_S4_strategy2.npz,8364–11430,SLOW,SLOW,TP
continuous_0344_S4_strategy2.npz,11430–15662,WEDNESDAY,WEDNESDAY,TP
continuous_0344_S4_strategy2.npz,14166–17000,—,SIX,FP
continuous_0344_S4_strategy2.npz,15662–19861,UNCLE,UNCLE,TP
continuous_0345_S4_strategy2.npz,0–4199,GRANDMOTHER,GRANDMOTHER,TP
continuous_0345_S4_strategy2.npz,3133–6300,—,NICE TO MEET YOU,FP
continuous_0345_S4_strategy2.npz,4199–8398,NICE TO MEET YOU,—,FN
continuous_0345_S4_strategy2.npz,6300–9433,—,SUNDAY,FP
continuous_0345_S4_strategy2.npz,8398–12597,FEBRUARY,FEBRUARY,TP
continuous_0345_S4_strategy2.npz,12597–16962,YELLOW,YELLOW,TP
continuous_0345_S4_strategy2.npz,16962–21027,HOT,HOT,TP
continuous_0345_S4_strategy2.npz,21027–25192,TOMORROW,TOMORROW,TP
continuous_0346_S4_strategy2.npz,0–4399,BOY,BOY,TP
continuous_0346_S4_strategy2.npz,2633–5300,—,CORRECT,FP
continuous_0346_S4_strategy2.npz,4399–8598,CORRECT,—,FN
continuous_0346_S4_strategy2.npz,5300–7933,—,TEN,FP
continuous_0346_S4_strategy2.npz,8598–12830,HOW ARE YOU,HOW ARE YOU,TP
continuous_0346_S4_strategy2.npz,10600–13266,—,THANK YOU,FP
continuous_0346_S4_strategy2.npz,12830–16895,PARENTS,PARENTS,TP
continuous_0346_S4_strategy2.npz,16895–21227,WHITE,WHITE,TP
continuous_0347_S4_strategy2.npz,0–4432,YELLOW,YELLOW,TP
continuous_0347_S4_strategy2.npz,2900–5833,—,PARENTS,FP
continuous_0347_S4_strategy2.npz,4432–8531,PARENTS,—,FN
continuous_0347_S4_strategy2.npz,5833–8733,—,FAST,FP
continuous_0347_S4_strategy2.npz,8531–13897,FAST,—,FN
continuous_0347_S4_strategy2.npz,8733–11666,—,RED,FP
continuous_0347_S4_strategy2.npz,11666–14566,—,HOW ARE YOU,FP
continuous_0347_S4_strategy2.npz,13897–17596,HOW ARE YOU,—,FN
continuous_0347_S4_strategy2.npz,14566–17500,—,BREAD,FP
continuous_0347_S4_strategy2.npz,17596–21795,APRIL,APRIL,TP
continuous_0347_S4_strategy2.npz,20400–23333,—,MILK,FP
continuous_0347_S4_strategy2.npz,21795–26260,WOMAN,WOMAN,TP
continuous_0348_S4_strategy2.npz,0–4332,WEELCHAIR PERSON,WEELCHAIR PERSON,TP
continuous_0348_S4_strategy2.npz,4332–8732,FAST,FAST,TP
continuous_0348_S4_strategy2.npz,7600–10133,—,BEER,FP
continuous_0348_S4_strategy2.npz,8732–13031,BEER,—,FN
continuous_0348_S4_strategy2.npz,10133–12700,—,YES,FP
continuous_0348_S4_strategy2.npz,13031–17230,TOMORROW,TOMORROW,TP
continuous_0348_S4_strategy2.npz,17230–21196,GOOD EVENING,GOOD EVENING,TP
continuous_0348_S4_strategy2.npz,20300–22833,—,MARCH,FP
continuous_0348_S4_strategy2.npz,21196–25395,FEBRUARY,—,FN
continuous_0348_S4_strategy2.npz,22833–25400,—,DECEMBER,FP
continuous_0349_S4_strategy2.npz,0–5500,THANK YOU,THANK YOU,TP
continuous_0349_S4_strategy2.npz,2833–5666,—,WHITE,FP
continuous_0349_S4_strategy2.npz,5500–9799,YELLOW,—,FN
continuous_0349_S4_strategy2.npz,5666–8500,—,DEAF,FP
continuous_0349_S4_strategy2.npz,8500–11333,—,YELLOW,FP
continuous_0349_S4_strategy2.npz,9799–14098,NO SUGAR,NO SUGAR,TP
continuous_0349_S4_strategy2.npz,14098–18363,MARCH,MARCH,TP
continuous_0349_S4_strategy2.npz,14166–17000,—,SUGAR,FP
continuous_0349_S4_strategy2.npz,18363–22795,MARRIED,MARRIED,TP
continuous_0349_S4_strategy2.npz,22795–26961,TUESDAY,TUESDAY,TP
continuous_0349_S4_strategy2.npz,25500–28333,—,ONE,FP
continuous_0349_S4_strategy2.npz,26961–31160,NO,NO,TP
continuous_0350_S4_strategy2.npz,0–4332,OCTOBER,OCTOBER,TP
continuous_0350_S4_strategy2.npz,3100–6200,—,JANUARY,FP
continuous_0350_S4_strategy2.npz,4332–8497,COFFEE,COFFEE,TP
continuous_0350_S4_strategy2.npz,8497–14062,MAN,MAN,TP
continuous_0350_S4_strategy2.npz,12433–15566,—,YOURE WELCOME,FP
continuous_0350_S4_strategy2.npz,14062–18261,YOURE WELCOME,—,FN
continuous_0350_S4_strategy2.npz,18261–22526,GRANDMOTHER,GRANDMOTHER,TP
continuous_0350_S4_strategy2.npz,22526–26658,CORRECT,CORRECT,TP
continuous_0350_S4_strategy2.npz,24900–28000,—,WRONG,FP
continuous_0350_S4_strategy2.npz,26658–31123,WHITE,WHITE,TP
continuous_0351_S4_strategy2.npz,0–4199,SUNDAY,SUNDAY,TP
continuous_0351_S4_strategy2.npz,4199–8398,THANK YOU,THANK YOU,TP
continuous_0351_S4_strategy2.npz,6166–9266,—,WINE,FP
continuous_0351_S4_strategy2.npz,8398–12964,WINE,—,FN
continuous_0351_S4_strategy2.npz,9266–12366,—,MARCH,FP
continuous_0351_S4_strategy2.npz,12964–17163,NOVEMBER,NOVEMBER,TP
continuous_0351_S4_strategy2.npz,15466–18566,—,JANUARY,FP
continuous_0351_S4_strategy2.npz,17163–21662,VIOLET,VIOLET,TP
continuous_0352_S4_strategy2.npz,0–4232,UNDERSTAND,UNDERSTAND,TP
continuous_0352_S4_strategy2.npz,2333–4700,—,GRANDMOTHER,FP
continuous_0352_S4_strategy2.npz,4232–8464,GRANDMOTHER,—,FN
continuous_0352_S4_strategy2.npz,4700–7033,—,AUNTIE,FP
continuous_0352_S4_strategy2.npz,7033–9400,—,WOMAN,FP
continuous_0352_S4_strategy2.npz,8464–12963,WOMAN,—,FN
continuous_0352_S4_strategy2.npz,9400–11733,—,GIRL,FP
continuous_0352_S4_strategy2.npz,12963–17195,JUNE,JUNE,TP
continuous_0352_S4_strategy2.npz,17195–21394,THURSDAY,THURSDAY,TP
continuous_0352_S4_strategy2.npz,21394–26160,HELLO,HELLO,TP
continuous_0352_S4_strategy2.npz,26160–30559,BLACK,BLACK,TP
continuous_0353_S4_strategy2.npz,0–4365,NO SUGAR,NO SUGAR,TP
continuous_0353_S4_strategy2.npz,3166–6366,—,DON’T UNDERSTAND,FP
continuous_0353_S4_strategy2.npz,4365–8597,DON'T UNDERSTAND,—,FN
continuous_0353_S4_strategy2.npz,8597–12929,JANUARY,JANUARY,TP
continuous_0353_S4_strategy2.npz,12929–17094,GOOD AFTERNOON,GOOD AFTERNOON,TP
continuous_0353_S4_strategy2.npz,17094–21293,MOTHER,—,FN
continuous_0353_S4_strategy2.npz,19100–22300,—,MOTHER,FP
continuous_0353_S4_strategy2.npz,21293–25492,THURSDAY,THURSDAY,TP
continuous_0354_S4_strategy2.npz,0–4399,GOOD AFTERNOON,GOOD AFTERNOON,TP
continuous_0354_S4_strategy2.npz,3333–6700,—,COUSIN,FP
continuous_0354_S4_strategy2.npz,4399–8598,WINE,—,FN
continuous_0354_S4_strategy2.npz,6700–10066,—,WINE,FP
continuous_0354_S4_strategy2.npz,8598–12863,SATURDAY,SATURDAY,TP
continuous_0354_S4_strategy2.npz,12863–16862,GRANDFATHER,GRANDFATHER,TP
continuous_0354_S4_strategy2.npz,16862–21061,WRONG,WRONG,TP
continuous_0354_S4_strategy2.npz,21061–25861,FEBRUARY,—,FN
continuous_0354_S4_strategy2.npz,23466–26833,—,FEBRUARY,FP
continuous_0354_S4_strategy2.npz,25861–30193,ORANGE,ORANGE,TP
continuous_0355_S4_strategy2.npz,0–4432,DEAF,DEAF,TP
continuous_0355_S4_strategy2.npz,2833–5700,—,JANUARY,FP
continuous_0355_S4_strategy2.npz,4432–8764,OCTOBER,OCTOBER,TP
continuous_0355_S4_strategy2.npz,8764–12929,NICE TO MEET YOU,NICE TO MEET YOU,TP
continuous_0355_S4_strategy2.npz,12929–17229,HOT,HOT,TP
continuous_0355_S4_strategy2.npz,14266–17133,—,YES,FP
continuous_0355_S4_strategy2.npz,17229–21394,YESTERDAY,YESTERDAY,TP
continuous_0355_S4_strategy2.npz,19966–22833,—,AUNTIE,FP
continuous_0355_S4_strategy2.npz,21394–25693,COUSIN,COUSIN,TP
continuous_0356_S4_strategy2.npz,0–4166,DON'T UNDERSTAND,DON’T UNDERSTAND,TP
continuous_0356_S4_strategy2.npz,4166–8432,MAN,MAN,TP
continuous_0356_S4_strategy2.npz,8432–12697,HOT,HOT,TP
continuous_0356_S4_strategy2.npz,12697–17029,RED,RED,TP
continuous_0356_S4_strategy2.npz,16266–18566,—,SEE YOU TOMORROW,FP
continuous_0356_S4_strategy2.npz,17029–21328,GOOD EVENING,GOOD EVENING,TP
continuous_0356_S4_strategy2.npz,21328–25560,SEPTEMBER,—,FN
continuous_0356_S4_strategy2.npz,23233–25566,—,SEPTEMBER,FP
continuous_0357_S4_strategy2.npz,0–3033,—,MOTHER,FP
continuous_0357_S4_strategy2.npz,0–4299,MOTHER,—,FN
continuous_0357_S4_strategy2.npz,4299–8531,NO SUGAR,NO SUGAR,TP
continuous_0357_S4_strategy2.npz,8531–12896,MARRIED,MARRIED,TP
continuous_0357_S4_strategy2.npz,12896–17462,IM FINE,IM FINE,TP
continuous_0357_S4_strategy2.npz,15200–18233,—,DEAF,FP
continuous_0357_S4_strategy2.npz,17462–21727,BLUE,BLUE,TP
continuous_0357_S4_strategy2.npz,21727–25826,YESTERDAY,YESTERDAY,TP
continuous_0357_S4_strategy2.npz,24333–27366,—,JANUARY,FP
continuous_0357_S4_strategy2.npz,25826–30425,AUGUST,AUGUST,TP
continuous_0358_S4_strategy2.npz,0–4165,DECEMBER,DECEMBER,TP
continuous_0358_S4_strategy2.npz,4165–8798,IM FINE,IM FINE,TP
continuous_0358_S4_strategy2.npz,8798–13030,DON'T UNDERSTAND,DON’T UNDERSTAND,TP
continuous_0358_S4_strategy2.npz,13030–17229,UNCLE,UNCLE,TP
continuous_0358_S4_strategy2.npz,17229–21761,BOY,BOY,TP
continuous_0358_S4_strategy2.npz,21761–26126,RED,RED,TP
continuous_0359_S4_strategy2.npz,0–4099,APRIL,APRIL,TP
continuous_0359_S4_strategy2.npz,2600–5200,—,JANUARY,FP
continuous_0359_S4_strategy2.npz,4099–8464,LIGHT,LIGHT,TP
continuous_0359_S4_strategy2.npz,8464–12663,IM FINE,IM FINE,TP
continuous_0359_S4_strategy2.npz,12663–16728,SON,SON,TP
continuous_0359_S4_strategy2.npz,16728–20893,BEER,BEER,TP
continuous_0360_S4_strategy2.npz,0–4232,JUICE,JUICE,TP
continuous_0360_S4_strategy2.npz,4232–8562,FEBRUARY,FEBRUARY,TP
continuous_0360_S4_strategy2.npz,5766–8666,—,JANUARY,FP
continuous_0360_S4_strategy2.npz,8562–12994,PINK,PINK,TP
continuous_0360_S4_strategy2.npz,11566–14466,—,SEE YOU TOMORROW,FP
continuous_0360_S4_strategy2.npz,12994–17293,GOOD EVENING,GOOD EVENING,TP
continuous_0360_S4_strategy2.npz,17293–21659,MOTHER,MOTHER,TP
continuous_0360_S4_strategy2.npz,21659–26058,BLIND,BLIND,TP
continuous_0361_S4_strategy2.npz,0–4199,OCTOBER,OCTOBER,TP
continuous_0361_S4_strategy2.npz,4199–8965,DEAF,DEAF,TP
continuous_0361_S4_strategy2.npz,8233–10966,—,NO,FP
continuous_0361_S4_strategy2.npz,8965–13197,COFFEE,COFFEE,TP
continuous_0361_S4_strategy2.npz,13197–17197,KNOW,KNOW,TP
continuous_0361_S4_strategy2.npz,17197–21429,UNCLE,—,FN
continuous_0361_S4_strategy2.npz,21429–25728,WHITE,WHITE,TP
continuous_0361_S4_strategy2.npz,21966–24733,—,UNCLE,FP
continuous_0361_S4_strategy2.npz,25728–30226,THURSDAY,THURSDAY,TP
continuous_0362_S4_strategy2.npz,0–4166,NOVEMBER,NOVEMBER,TP
continuous_0362_S4_strategy2.npz,2700–5400,—,JANUARY,FP
continuous_0362_S4_strategy2.npz,4166–8365,SLOW,SLOW,TP
continuous_0362_S4_strategy2.npz,8100–10800,—,GOOD MORNING,FP
continuous_0362_S4_strategy2.npz,8365–12531,GOOD AFTERNOON,GOOD AFTERNOON,TP
continuous_0362_S4_strategy2.npz,12531–16863,HOT,HOT,TP
continuous_0362_S4_strategy2.npz,16863–20962,GRANDMOTHER,GRANDMOTHER,TP
continuous_0362_S4_strategy2.npz,18900–21600,—,NO,FP
continuous_0362_S4_strategy2.npz,20962–25327,TOMORROW,TOMORROW,TP
continuous_0362_S4_strategy2.npz,25327–29726,PINK,PINK,TP
continuous_0363_S4_strategy2.npz,0–4399,TEA,TEA,TP
continuous_0363_S4_strategy2.npz,4399–8465,THURSDAY,THURSDAY,TP
continuous_0363_S4_strategy2.npz,8266–11033,—,SEPTEMBER,FP
continuous_0363_S4_strategy2.npz,8465–13230,SEPTEMBER,—,FN
continuous_0363_S4_strategy2.npz,13230–17395,UNDERSTAND,UNDERSTAND,TP
continuous_0363_S4_strategy2.npz,17395–21627,MARRIED,MARRIED,TP
continuous_0363_S4_strategy2.npz,21627–26059,HOW ARE YOU,HOW ARE YOU,TP
continuous_0363_S4_strategy2.npz,24833–27600,—,BREAD,FP
continuous_0363_S4_strategy2.npz,26059–30358,GREEN,GREEN,TP
continuous_0364_S4_strategy2.npz,0–4232,COFFEE,COFFEE,TP
continuous_0364_S4_strategy2.npz,4232–8932,JULY,JULY,TP
continuous_0364_S4_strategy2.npz,8932–13164,WOMAN,WOMAN,TP
continuous_0364_S4_strategy2.npz,13164–17528,THURSDAY,THURSDAY,TP
continuous_0364_S4_strategy2.npz,17528–21793,LIGHT,LIGHT,TP
continuous_0364_S4_strategy2.npz,21793–25925,THANK YOU,THANK YOU,TP
continuous_0364_S4_strategy2.npz,25925–30091,GRANDFATHER,GRANDFATHER,TP
continuous_0365_S4_strategy2.npz,0–4232,WINE,WINE,TP
continuous_0365_S4_strategy2.npz,2233–4500,—,PINK,FP
continuous_0365_S4_strategy2.npz,4232–8464,MARCH,MARCH,TP
continuous_0365_S4_strategy2.npz,8464–12596,VIOLET,VIOLET,TP
continuous_0365_S4_strategy2.npz,11300–13566,—,MAY,FP
continuous_0365_S4_strategy2.npz,12596–16795,THANK YOU,THANK YOU,TP
continuous_0365_S4_strategy2.npz,16795–20960,SATURDAY,SATURDAY,TP
continuous_0365_S4_strategy2.npz,20333–22600,—,NO,FP
continuous_0365_S4_strategy2.npz,20960–25226,WOMAN,WOMAN,TP
continuous_0365_S4_strategy2.npz,24866–27133,—,ORANGE,FP
continuous_0365_S4_strategy2.npz,25226–29392,CORRECT,—,FN
continuous_0365_S4_strategy2.npz,27133–29366,—,CORRECT,FP
continuous_0366_S4_strategy2.npz,0–4199,SEE YOU TOMORROW,SEE YOU TOMORROW,TP
continuous_0366_S4_strategy2.npz,4199–8464,JUICE,JUICE,TP
continuous_0366_S4_strategy2.npz,8464–12763,KNOW,KNOW,TP
continuous_0366_S4_strategy2.npz,12400–14900,—,HELLO,FP
continuous_0366_S4_strategy2.npz,12763–17195,BOY,BOY,TP
continuous_0366_S4_strategy2.npz,17195–21460,BLACK,BLACK,TP
continuous_0366_S4_strategy2.npz,21460–25659,MOTHER,—,FN
continuous_0366_S4_strategy2.npz,22366–24833,—,MOTHER,FP
continuous_0366_S4_strategy2.npz,24833–27333,—,JANUARY,FP
continuous_0366_S4_strategy2.npz,25659–29824,APRIL,APRIL,TP
continuous_0367_S4_strategy2.npz,0–4265,BLUE,BLUE,TP
continuous_0367_S4_strategy2.npz,4265–8464,SEE YOU TOMORROW,SEE YOU TOMORROW,TP
continuous_0367_S4_strategy2.npz,7166–9566,—,JANUARY,FP
continuous_0367_S4_strategy2.npz,8464–12996,JUNE,JUNE,TP
continuous_0367_S4_strategy2.npz,12996–17128,TUESDAY,TUESDAY,TP
continuous_0367_S4_strategy2.npz,16766–19166,—,AUNTIE,FP
continuous_0367_S4_strategy2.npz,17128–21560,DON'T KNOW,DON’T KNOW,TP
continuous_0368_S4_strategy2.npz,0–4199,MARCH,MARCH,TP
continuous_0368_S4_strategy2.npz,4199–8398,SLOW,SLOW,TP
continuous_0368_S4_strategy2.npz,8398–12564,WINE,WINE,TP
continuous_0368_S4_strategy2.npz,12564–17063,WEELCHAIR PERSON,WEELCHAIR PERSON,TP
continuous_0368_S4_strategy2.npz,15933–19100,—,MILK,FP
continuous_0368_S4_strategy2.npz,17063–21262,GOOD MORNING,GOOD MORNING,TP
continuous_0368_S4_strategy2.npz,21262–25494,FRIDAY,FRIDAY,TP
continuous_0369_S4_strategy2.npz,0–4232,NO SUGAR,NO SUGAR,TP
continuous_0369_S4_strategy2.npz,4232–8731,SEPTEMBER,SEPTEMBER,TP
continuous_0369_S4_strategy2.npz,8731–13231,HOW ARE YOU,HOW ARE YOU,TP
continuous_0369_S4_strategy2.npz,11300–15066,—,WHITE,FP
continuous_0369_S4_strategy2.npz,13231–17463,MONDAY,MONDAY,TP
continuous_0369_S4_strategy2.npz,17463–21662,GRANDMOTHER,GRANDMOTHER,TP
continuous_0369_S4_strategy2.npz,21662–25794,BOY,BOY,TP
continuous_0369_S4_strategy2.npz,25794–30127,NO,NO,TP
continuous_0370_S4_strategy2.npz,0–3999,AUGUST,AUGUST,TP
continuous_0370_S4_strategy2.npz,3999–8465,YES,YES,TP
continuous_0370_S4_strategy2.npz,8465–12764,MARRIED,MARRIED,TP
continuous_0370_S4_strategy2.npz,12764–16896,YESTERDAY,YESTERDAY,TP
continuous_0370_S4_strategy2.npz,16896–21428,GOOD AFTERNOON,GOOD AFTERNOON,TP
continuous_0370_S4_strategy2.npz,21428–25561,NO SUGAR,NO SUGAR,TP
continuous_0370_S4_strategy2.npz,24300–27000,—,RED,FP
continuous_0370_S4_strategy2.npz,25561–29726,FATHER,FATHER,TP
continuous_0371_S4_strategy2.npz,0–4499,NO SUGAR,NO SUGAR,TP
continuous_0371_S4_strategy2.npz,4499–9064,RED,RED,TP
continuous_0371_S4_strategy2.npz,9064–13296,DEAF,DEAF,TP
continuous_0371_S4_strategy2.npz,13296–18096,SLOW,SLOW,TP
continuous_0371_S4_strategy2.npz,18096–22228,SUNDAY,SUNDAY,TP
continuous_0371_S4_strategy2.npz,22228–26393,JULY,JULY,TP
continuous_0372_S4_strategy2.npz,0–4132,JULY,JULY,TP
continuous_0372_S4_strategy2.npz,2433–4900,—,TOMORROW,FP
continuous_0372_S4_strategy2.npz,4132–8164,TOMORROW,—,FN
continuous_0372_S4_strategy2.npz,4900–7366,—,AUNTIE,FP
continuous_0372_S4_strategy2.npz,8164–12363,GRANDFATHER,GRANDFATHER,TP
continuous_0372_S4_strategy2.npz,12363–16662,GRAY,GRAY,TP
continuous_0372_S4_strategy2.npz,14733–17166,—,KNOW,FP
continuous_0372_S4_strategy2.npz,16662–20894,MAN,MAN,TP
continuous_0372_S4_strategy2.npz,19633–22100,—,SON,FP
continuous_0372_S4_strategy2.npz,20894–25426,CORRECT,CORRECT,TP
continuous_0372_S4_strategy2.npz,25426–29458,COLD,COLD,TP
continuous_0373_S4_strategy2.npz,0–4265,VIOLET,VIOLET,TP
continuous_0373_S4_strategy2.npz,2633–5266,—,PARENTS,FP
continuous_0373_S4_strategy2.npz,4265–8364,PARENTS,—,FN
continuous_0373_S4_strategy2.npz,8364–12426,FRIDAY,FRIDAY,TP
continuous_0373_S4_strategy2.npz,10533–13166,—,WRONG,FP
continuous_0373_S4_strategy2.npz,12426–16626,WRONG,—,FN
continuous_0373_S4_strategy2.npz,13166–15800,—,JANUARY,FP
continuous_0373_S4_strategy2.npz,16626–22266,MAY,MAY,TP
continuous_0373_S4_strategy2.npz,21066–23700,—,WEELCHAIR PERSON,FP
continuous_0373_S4_strategy2.npz,22266–26365,TEA,TEA,TP
continuous_0374_S4_strategy2.npz,0–4165,GOOD EVENING,GOOD EVENING,TP
continuous_0374_S4_strategy2.npz,3066–6133,—,APRIL,FP
continuous_0374_S4_strategy2.npz,4165–8730,APRIL,—,FN
continuous_0374_S4_strategy2.npz,8730–12995,YES,YES,TP
continuous_0374_S4_strategy2.npz,12995–17161,HOT,HOT,TP
continuous_0374_S4_strategy2.npz,17161–21460,BLIND,BLIND,TP
continuous_0375_S4_strategy2.npz,0–4166,BLIND,BLIND,TP
continuous_0375_S4_strategy2.npz,4166–8431,SUGAR,SUGAR,TP
continuous_0375_S4_strategy2.npz,6033–9066,—,GRANDMOTHER,FP
continuous_0375_S4_strategy2.npz,8431–12630,YOURE WELCOME,YOURE WELCOME,TP
continuous_0375_S4_strategy2.npz,12100–15133,—,WHITE,FP
continuous_0375_S4_strategy2.npz,12630–16795,YES,YES,TP
continuous_0375_S4_strategy2.npz,16795–21192,DECEMBER,DECEMBER,TP
continuous_0376_S4_strategy2.npz,0–4165,YOURE WELCOME,YOURE WELCOME,TP
continuous_0376_S4_strategy2.npz,2833–5666,—,DON’T KNOW,FP
continuous_0376_S4_strategy2.npz,4165–8364,DON'T KNOW,—,FN
continuous_0376_S4_strategy2.npz,5666–8500,—,NO,FP
continuous_0376_S4_strategy2.npz,8364–12896,DEAF,DEAF,TP
continuous_0376_S4_strategy2.npz,11333–14166,—,THURSDAY,FP
continuous_0376_S4_strategy2.npz,12896–17395,BLACK,BLACK,TP
continuous_0376_S4_strategy2.npz,17000–19833,—,FAST,FP
continuous_0376_S4_strategy2.npz,17395–21860,UNCLE,—,FN
continuous_0376_S4_strategy2.npz,19833–22666,—,UNCLE,FP
continuous_0376_S4_strategy2.npz,21860–26025,TEA,TEA,TP
continuous_0376_S4_strategy2.npz,26025–31157,SEPTEMBER,SEPTEMBER,TP
continuous_0377_S4_strategy2.npz,0–4365,OCTOBER,OCTOBER,TP
continuous_0377_S4_strategy2.npz,4365–8597,MILK,MILK,TP
continuous_0377_S4_strategy2.npz,7200–10800,—,MAN,FP
continuous_0377_S4_strategy2.npz,8597–13196,BLIND,BLIND,TP
continuous_0377_S4_strategy2.npz,13196–17361,WRONG,WRONG,TP
continuous_0377_S4_strategy2.npz,17361–21593,VIOLET,VIOLET,TP
continuous_0378_S4_strategy2.npz,0–4499,MILK,MILK,TP
continuous_0378_S4_strategy2.npz,4499–8664,TODAY,TODAY,TP
continuous_0378_S4_strategy2.npz,6633–9966,—,KNOW,FP
continuous_0378_S4_strategy2.npz,8664–12863,KNOW,—,FN
continuous_0378_S4_strategy2.npz,9966–13266,—,NO,FP
continuous_0378_S4_strategy2.npz,12863–17095,GIRL,GIRL,TP
continuous_0378_S4_strategy2.npz,17095–21527,HELLO,HELLO,TP
continuous_0378_S4_strategy2.npz,21527–25726,GRAY,GRAY,TP
continuous_0378_S4_strategy2.npz,25726–29892,GRANDMOTHER,GRANDMOTHER,TP
continuous_0379_S4_strategy2.npz,0–4232,GRAY,GRAY,TP
continuous_0379_S4_strategy2.npz,4232–8364,YESTERDAY,YESTERDAY,TP
continuous_0379_S4_strategy2.npz,8364–12696,SEE YOU TOMORROW,SEE YOU TOMORROW,TP
continuous_0379_S4_strategy2.npz,12696–17628,DEAF BLIND,DEAF BLIND,TP
continuous_0379_S4_strategy2.npz,17628–21960,GRANDFATHER,GRANDFATHER,TP
continuous_0379_S4_strategy2.npz,21960–26159,UNDERSTAND,UNDERSTAND,TP
continuous_0379_S4_strategy2.npz,25366–27900,—,TEA,FP
continuous_0379_S4_strategy2.npz,26159–30456,FEBRUARY,FEBRUARY,TP
continuous_0380_S4_strategy2.npz,0–4232,HARD OF HEARING,HARD OF HEARING,TP
continuous_0380_S4_strategy2.npz,4232–9165,FAST,FAST,TP
continuous_0380_S4_strategy2.npz,7266–10933,—,DEAF BLIND,FP
continuous_0380_S4_strategy2.npz,9165–13530,TEA,TEA,TP
continuous_0380_S4_strategy2.npz,13530–17662,MOTHER,MOTHER,TP
continuous_0380_S4_strategy2.npz,17662–21861,THANK YOU,THANK YOU,TP
continuous_0381_S4_strategy2.npz,0–4299,JANUARY,JANUARY,TP
continuous_0381_S4_strategy2.npz,4299–8531,KNOW,KNOW,TP
continuous_0381_S4_strategy2.npz,8531–12896,HARD OF HEARING,HARD OF HEARING,TP
continuous_0381_S4_strategy2.npz,12896–17428,SON,SON,TP
continuous_0381_S4_strategy2.npz,17428–21727,BROWN,BROWN,TP
continuous_0382_S4_strategy2.npz,0–4099,TODAY,TODAY,TP
continuous_0382_S4_strategy2.npz,2733–5466,—,NO SUGAR,FP
continuous_0382_S4_strategy2.npz,4099–8299,NO SUGAR,—,FN
continuous_0382_S4_strategy2.npz,5466–8200,—,SUGAR,FP
continuous_0382_S4_strategy2.npz,8299–12498,UNCLE,UNCLE,TP
continuous_0382_S4_strategy2.npz,10933–13666,—,MARCH,FP
continuous_0382_S4_strategy2.npz,12498–17163,OCTOBER,OCTOBER,TP
continuous_0382_S4_strategy2.npz,16400–19133,—,DEAF,FP
continuous_0382_S4_strategy2.npz,17163–21528,MARRIED,MARRIED,TP
continuous_0382_S4_strategy2.npz,21528–25893,YELLOW,YELLOW,TP
continuous_0382_S4_strategy2.npz,25893–30058,NICE TO MEET YOU,NICE TO MEET YOU,TP
continuous_0383_S4_strategy2.npz,0–4397,SUNDAY,SUNDAY,TP
continuous_0383_S4_strategy2.npz,4397–8696,UNDERSTAND,UNDERSTAND,TP
continuous_0383_S4_strategy2.npz,8533–11366,—,SEPTEMBER,FP
continuous_0383_S4_strategy2.npz,8696–12928,MAY,MAY,TP
continuous_0383_S4_strategy2.npz,12928–16928,GOOD MORNING,—,FN
continuous_0383_S4_strategy2.npz,16928–21360,MILK,—,FN
continuous_0383_S4_strategy2.npz,17066–19900,—,GOOD MORNING,FP
continuous_0383_S4_strategy2.npz,19900–22733,—,MILK,FP
continuous_0383_S4_strategy2.npz,21360–25592,DAUGHTER,DAUGHTER,TP
continuous_0384_S4_strategy2.npz,0–4465,MARRIED,MARRIED,TP
continuous_0384_S4_strategy2.npz,2233–4500,—,RICE,FP
continuous_0384_S4_strategy2.npz,4465–7664,HELLO,HELLO,TP
continuous_0384_S4_strategy2.npz,6766–9000,—,NO,FP
continuous_0384_S4_strategy2.npz,7664–11696,AUNTIE,AUNTIE,TP
continuous_0384_S4_strategy2.npz,11266–13533,—,TOMORROW,FP
continuous_0384_S4_strategy2.npz,11696–16328,RED,RED,TP
continuous_0384_S4_strategy2.npz,15766–18033,—,JANUARY,FP
continuous_0384_S4_strategy2.npz,16328–20294,JULY,JULY,TP
continuous_0385_S4_strategy2.npz,0–3633,DON'T KNOW,DON’T KNOW,TP
continuous_0385_S4_strategy2.npz,2900–5833,—,NO SUGAR,FP
continuous_0385_S4_strategy2.npz,3633–7798,SEE YOU TOMORROW,SEE YOU TOMORROW,TP
continuous_0385_S4_strategy2.npz,7798–11930,TUESDAY,—,FN
continuous_0385_S4_strategy2.npz,8733–11666,—,TOMORROW,FP
continuous_0385_S4_strategy2.npz,11666–14566,—,TUESDAY,FP
continuous_0385_S4_strategy2.npz,11930–16329,BROWN,—,FN
continuous_0385_S4_strategy2.npz,14566–17500,—,FAST,FP
continuous_0385_S4_strategy2.npz,16329–20794,HOT,HOT,TP
continuous_0385_S4_strategy2.npz,17500–20400,—,BROWN,FP
continuous_0385_S4_strategy2.npz,20794–25026,WEELCHAIR PERSON,WEELCHAIR PERSON,TP
continuous_0385_S4_strategy2.npz,25026–29158,JULY,JULY,TP
continuous_0386_S4_strategy2.npz,0–4199,IM FINE,IM FINE,TP
continuous_0386_S4_strategy2.npz,4199–8431,BEER,BEER,TP
continuous_0386_S4_strategy2.npz,6200–9300,—,BROWN,FP
continuous_0386_S4_strategy2.npz,8431–12697,BROWN,—,FN
continuous_0386_S4_strategy2.npz,12697–16996,CORRECT,CORRECT,TP
continuous_0386_S4_strategy2.npz,15500–18600,—,MARCH,FP
continuous_0386_S4_strategy2.npz,16996–21728,SEPTEMBER,SEPTEMBER,TP
continuous_0387_S4_strategy2.npz,0–4332,WEDNESDAY,WEDNESDAY,TP
continuous_0387_S4_strategy2.npz,4332–8531,COUSIN,COUSIN,TP
continuous_0387_S4_strategy2.npz,7566–10100,—,TEA,FP
continuous_0387_S4_strategy2.npz,8531–12097,TEA,—,FN
continuous_0387_S4_strategy2.npz,10100–12633,—,NO,FP
continuous_0387_S4_strategy2.npz,12097–16363,YES,YES,TP
continuous_0387_S4_strategy2.npz,15166–17700,—,NO,FP
continuous_0387_S4_strategy2.npz,16363–20862,WOMAN,WOMAN,TP
continuous_0387_S4_strategy2.npz,20862–25294,LIGHT,LIGHT,TP
continuous_0388_S4_strategy2.npz,0–4232,JANUARY,JANUARY,TP
continuous_0388_S4_strategy2.npz,3066–6133,—,ORANGE,FP
continuous_0388_S4_strategy2.npz,4232–8664,ORANGE,—,FN
continuous_0388_S4_strategy2.npz,6133–9200,—,AUNTIE,FP
continuous_0388_S4_strategy2.npz,8664–12829,DAUGHTER,DAUGHTER,TP
continuous_0388_S4_strategy2.npz,12829–17128,SUNDAY,SUNDAY,TP
continuous_0388_S4_strategy2.npz,17128–21793,NO,NO,TP
continuous_0388_S4_strategy2.npz,21793–26426,THANK YOU,THANK YOU,TP
continuous_0388_S4_strategy2.npz,26426–30725,WOMAN,WOMAN,TP
continuous_0389_S4_strategy2.npz,0–4199,TUESDAY,TUESDAY,TP
continuous_0389_S4_strategy2.npz,4199–8331,GOOD AFTERNOON,GOOD AFTERNOON,TP
continuous_0389_S4_strategy2.npz,8331–12597,FAST,FAST,TP
continuous_0389_S4_strategy2.npz,11200–14933,—,ONE,FP
continuous_0389_S4_strategy2.npz,12597–16896,YELLOW,YELLOW,TP
continuous_0389_S4_strategy2.npz,16896–21395,UNCLE,UNCLE,TP
continuous_0389_S4_strategy2.npz,21395–25627,AUGUST,AUGUST,TP
continuous_0389_S4_strategy2.npz,25627–29859,MARRIED,MARRIED,TP
continuous_0390_S4_strategy2.npz,0–4299,WOMAN,WOMAN,TP
continuous_0390_S4_strategy2.npz,4299–8498,JUICE,JUICE,TP
continuous_0390_S4_strategy2.npz,8498–12730,WRONG,WRONG,TP
continuous_0390_S4_strategy2.npz,10800–13500,—,JANUARY,FP
continuous_0390_S4_strategy2.npz,12730–17127,SEPTEMBER,SEPTEMBER,TP
continuous_0390_S4_strategy2.npz,17127–21292,GOOD EVENING,GOOD EVENING,TP
continuous_0390_S4_strategy2.npz,21292–25689,TOMORROW,—,FN
continuous_0390_S4_strategy2.npz,24300–27000,—,TOMORROW,FP
continuous_0390_S4_strategy2.npz,25689–29721,UNCLE,UNCLE,TP
continuous_0391_S4_strategy2.npz,0–4398,NOVEMBER,NOVEMBER,TP
continuous_0391_S4_strategy2.npz,2566–5166,—,GRAY,FP
continuous_0391_S4_strategy2.npz,4398–8697,GRAY,—,FN
continuous_0391_S4_strategy2.npz,5166–7766,—,NICE TO MEET YOU,FP
continuous_0391_S4_strategy2.npz,7766–10366,—,FRIDAY,FP
continuous_0391_S4_strategy2.npz,8697–12963,FRIDAY,—,FN
continuous_0391_S4_strategy2.npz,10366–12966,—,EIGHT,FP
continuous_0391_S4_strategy2.npz,12963–17162,WEELCHAIR PERSON,WEELCHAIR PERSON,TP
continuous_0391_S4_strategy2.npz,15533–18133,—,GIRL,FP
continuous_0391_S4_strategy2.npz,17162–21695,YES,YES,TP
continuous_0391_S4_strategy2.npz,21695–25927,MILK,MILK,TP
continuous_0392_S4_strategy2.npz,0–4232,GOOD AFTERNOON,GOOD AFTERNOON,TP
continuous_0392_S4_strategy2.npz,2600–5233,—,KNOW,FP
continuous_0392_S4_strategy2.npz,4232–8298,NOVEMBER,NOVEMBER,TP
continuous_0392_S4_strategy2.npz,7866–10500,—,JANUARY,FP
continuous_0392_S4_strategy2.npz,8298–12497,YES,YES,TP
continuous_0392_S4_strategy2.npz,12497–16729,COUSIN,COUSIN,TP
continuous_0392_S4_strategy2.npz,15766–18400,—,NO,FP
continuous_0392_S4_strategy2.npz,16729–21026,YESTERDAY,YESTERDAY,TP
continuous_0393_S4_strategy2.npz,0–4499,DARK,DARK,TP
continuous_0393_S4_strategy2.npz,4499–8931,AUNTIE,AUNTIE,TP
continuous_0393_S4_strategy2.npz,8931–13063,NICE TO MEET YOU,NICE TO MEET YOU,TP
continuous_0393_S4_strategy2.npz,13063–17362,OCTOBER,—,FN
continuous_0393_S4_strategy2.npz,17362–21561,MARRIED,MARRIED,TP
continuous_0393_S4_strategy2.npz,17966–20966,—,OCTOBER,FP
continuous_0393_S4_strategy2.npz,21561–25760,NO,—,FN
continuous_0393_S4_strategy2.npz,23966–26966,—,NO,FP
continuous_0393_S4_strategy2.npz,25760–29959,TOMORROW,TOMORROW,TP
continuous_0394_S4_strategy2.npz,0–4465,MAN,MAN,TP
continuous_0394_S4_strategy2.npz,2700–5400,—,DON’T UNDERSTAND,FP
continuous_0394_S4_strategy2.npz,4465–8664,DON'T UNDERSTAND,—,FN
continuous_0394_S4_strategy2.npz,5400–8133,—,MONDAY,FP
continuous_0394_S4_strategy2.npz,8133–10833,—,TOMORROW,FP
continuous_0394_S4_strategy2.npz,8664–12830,MONDAY,—,FN
continuous_0394_S4_strategy2.npz,12830–17195,YELLOW,YELLOW,TP
continuous_0394_S4_strategy2.npz,17195–21294,SON,SON,TP
continuous_0394_S4_strategy2.npz,18966–21666,—,COFFEE,FP
continuous_0394_S4_strategy2.npz,21294–25526,NOVEMBER,NOVEMBER,TP
continuous_0394_S4_strategy2.npz,25526–29825,YOURE WELCOME,YOURE WELCOME,TP
continuous_0395_S4_strategy2.npz,0–4132,SEE YOU TOMORROW,SEE YOU TOMORROW,TP
continuous_0395_S4_strategy2.npz,2400–4800,—,AUNTIE,FP
continuous_0395_S4_strategy2.npz,4132–8462,OCTOBER,OCTOBER,TP
continuous_0395_S4_strategy2.npz,7200–9600,—,DEAF,FP
continuous_0395_S4_strategy2.npz,8462–12661,SUNDAY,SUNDAY,TP
continuous_0395_S4_strategy2.npz,12000–14400,—,NO,FP
continuous_0395_S4_strategy2.npz,12661–17093,DEAF,DEAF,TP
continuous_0395_S4_strategy2.npz,17093–20825,CORRECT,CORRECT,TP
continuous_0395_S4_strategy2.npz,20825–24657,PINK,PINK,TP
continuous_0395_S4_strategy2.npz,24657–28822,GRANDFATHER,GRANDFATHER,TP
continuous_0396_S4_strategy2.npz,0–4199,TUESDAY,TUESDAY,TP
continuous_0396_S4_strategy2.npz,4199–8631,VIOLET,VIOLET,TP
continuous_0396_S4_strategy2.npz,8631–12996,OCTOBER,OCTOBER,TP
continuous_0396_S4_strategy2.npz,12996–17328,GRANDFATHER,GRANDFATHER,TP
continuous_0396_S4_strategy2.npz,15033–18800,—,SLOW,FP
continuous_0396_S4_strategy2.npz,17328–21527,SLOW,—,FN
continuous_0396_S4_strategy2.npz,18800–22566,—,DEAF BLIND,FP
continuous_0396_S4_strategy2.npz,21527–26326,BLIND,BLIND,TP
continuous_0397_S4_strategy2.npz,0–4665,GOOD AFTERNOON,GOOD AFTERNOON,TP
continuous_0397_S4_strategy2.npz,2700–5400,—,HELLO,FP
continuous_0397_S4_strategy2.npz,4665–8997,BOY,BOY,TP
continuous_0397_S4_strategy2.npz,8997–13162,AUGUST,AUGUST,TP
continuous_0397_S4_strategy2.npz,13162–17361,GRANDMOTHER,GRANDMOTHER,TP
continuous_0397_S4_strategy2.npz,13500–16200,—,MAY,FP
continuous_0397_S4_strategy2.npz,17361–21593,DARK,DARK,TP
continuous_0398_S4_strategy2.npz,0–4266,VIOLET,VIOLET,TP
continuous_0398_S4_strategy2.npz,4266–8999,THURSDAY,THURSDAY,TP
continuous_0398_S4_strategy2.npz,8999–13465,UNDERSTAND,UNDERSTAND,TP
continuous_0398_S4_strategy2.npz,13465–17897,WEELCHAIR PERSON,WEELCHAIR PERSON,TP
continuous_0398_S4_strategy2.npz,17897–22096,FATHER,FATHER,TP
continuous_0398_S4_strategy2.npz,22096–26261,JANUARY,JANUARY,TP
continuous_0398_S4_strategy2.npz,26261–30626,IM FINE,IM FINE,TP
continuous_0399_S4_strategy2.npz,0–4299,FAST,FAST,TP
continuous_0399_S4_strategy2.npz,2833–5700,—,GREEN,FP
continuous_0399_S4_strategy2.npz,4299–8531,GREEN,—,FN
continuous_0399_S4_strategy2.npz,5700–8566,—,TEN,FP
continuous_0399_S4_strategy2.npz,8531–12763,BLIND,BLIND,TP
continuous_0399_S4_strategy2.npz,11400–14266,—,DON’T KNOW,FP
continuous_0399_S4_strategy2.npz,12763–16862,SUNDAY,SUNDAY,TP
continuous_0399_S4_strategy2.npz,16862–21494,SEPTEMBER,SEPTEMBER,TP
continuous_0399_S4_strategy2.npz,21494–25693,GOOD AFTERNOON,GOOD AFTERNOON,TP
continuous_0400_S5_strategy2.npz,0–4246,FISH,FISH,TP
continuous_0400_S5_strategy2.npz,2700–5433,—,HARD OF HEARING,FP
continuous_0400_S5_strategy2.npz,4246–8492,DON'T UNDERSTAND,DON’T UNDERSTAND,TP
continuous_0400_S5_strategy2.npz,8492–12738,TEN,TEN,TP
continuous_0400_S5_strategy2.npz,12738–16984,TEA,TEA,TP
continuous_0400_S5_strategy2.npz,16333–19066,—,OCTOBER,FP
continuous_0400_S5_strategy2.npz,16984–21381,JUNE,JUNE,TP
continuous_0400_S5_strategy2.npz,21381–25626,TUESDAY,TUESDAY,TP
continuous_0400_S5_strategy2.npz,21766–24500,—,DEAF BLIND,FP
continuous_0400_S5_strategy2.npz,25626–29839,DAUGHTER,DAUGHTER,TP
continuous_0401_S5_strategy2.npz,0–4279,NOVEMBER,NOVEMBER,TP
continuous_0401_S5_strategy2.npz,4279–8525,TEN,TEN,TP
continuous_0401_S5_strategy2.npz,7633–10200,—,RED,FP
continuous_0401_S5_strategy2.npz,8525–12771,SPAGHETTI,SPAGHETTI,TP
continuous_0401_S5_strategy2.npz,12771–16799,TODAY,TODAY,TP
continuous_0401_S5_strategy2.npz,15300–17833,—,GOOD EVENING,FP
continuous_0401_S5_strategy2.npz,16799–21045,DON'T UNDERSTAND,DON’T UNDERSTAND,TP
continuous_0401_S5_strategy2.npz,20400–22933,—,HOT,FP
continuous_0401_S5_strategy2.npz,21045–25410,SEE YOU TOMORROW,SEE YOU TOMORROW,TP
continuous_0402_S5_strategy2.npz,0–4246,COLD,COLD,TP
continuous_0402_S5_strategy2.npz,2166–4366,—,MOTHER,FP
continuous_0402_S5_strategy2.npz,4246–9311,GOOD EVENING,GOOD EVENING,TP
continuous_0402_S5_strategy2.npz,4366–6566,—,TEN,FP
continuous_0402_S5_strategy2.npz,8766–10966,—,GOOD AFTERNOON,FP
continuous_0402_S5_strategy2.npz,9311–13557,CRAB,CRAB,TP
continuous_0402_S5_strategy2.npz,10966–13166,—,SPAGHETTI,FP
continuous_0402_S5_strategy2.npz,13557–17803,WHITE,WHITE,TP
continuous_0402_S5_strategy2.npz,17566–19766,—,YELLOW,FP
continuous_0402_S5_strategy2.npz,17803–22035,AUNTIE,AUNTIE,TP
continuous_0402_S5_strategy2.npz,21966–24166,—,GOOD MORNING,FP
continuous_0402_S5_strategy2.npz,22035–26281,WEDNESDAY,WEDNESDAY,TP
continuous_0403_S5_strategy2.npz,0–4279,BOY,BOY,TP
continuous_0403_S5_strategy2.npz,2133–6400,—,AUNTIE,FP
continuous_0403_S5_strategy2.npz,4279–8558,DON'T UNDERSTAND,DON’T UNDERSTAND,TP
continuous_0403_S5_strategy2.npz,8558–12804,FEBRUARY,FEBRUARY,TP
continuous_0403_S5_strategy2.npz,12804–17050,TOMORROW,TOMORROW,TP
continuous_0403_S5_strategy2.npz,14933–17066,—,GREEN,FP
continuous_0403_S5_strategy2.npz,17050–21282,SEVEN,SEVEN,TP
continuous_0403_S5_strategy2.npz,17066–19200,—,DEAF,FP
continuous_0403_S5_strategy2.npz,21282–25527,AUNTIE,AUNTIE,TP
continuous_0403_S5_strategy2.npz,21333–23466,—,NO,FP
continuous_0404_S5_strategy2.npz,0–4799,GOOD AFTERNOON,GOOD AFTERNOON,TP
continuous_0404_S5_strategy2.npz,4799–9078,JUNE,JUNE,TP
continuous_0404_S5_strategy2.npz,9078–13324,UNCLE,UNCLE,TP
continuous_0404_S5_strategy2.npz,13324–17570,FIVE,FIVE,TP
continuous_0404_S5_strategy2.npz,17570–21816,CORRECT,CORRECT,TP
continuous_0404_S5_strategy2.npz,21816–26061,RED,RED,TP
continuous_0405_S5_strategy2.npz,0–4199,AUNTIE,AUNTIE,TP
continuous_0405_S5_strategy2.npz,3033–6066,—,YES,FP
continuous_0405_S5_strategy2.npz,4199–8478,NINE,—,FN
continuous_0405_S5_strategy2.npz,6066–9133,—,NINE,FP
continuous_0405_S5_strategy2.npz,8478–12724,PINK,PINK,TP
continuous_0405_S5_strategy2.npz,9133–12166,—,EIGHT,FP
continuous_0405_S5_strategy2.npz,12724–17003,CORRECT,CORRECT,TP
continuous_0405_S5_strategy2.npz,17003–21249,FISH,FISH,TP
continuous_0406_S5_strategy2.npz,0–4279,CORRECT,CORRECT,TP
continuous_0406_S5_strategy2.npz,2833–5666,—,NICE TO MEET YOU,FP
continuous_0406_S5_strategy2.npz,4279–8525,NOVEMBER,NOVEMBER,TP
continuous_0406_S5_strategy2.npz,8525–12771,TODAY,TODAY,TP
continuous_0406_S5_strategy2.npz,11366–14233,—,FISH,FP
continuous_0406_S5_strategy2.npz,12771–16984,FISH,—,FN
continuous_0406_S5_strategy2.npz,14233–17066,—,WHITE,FP
continuous_0406_S5_strategy2.npz,16984–21230,HOT,HOT,TP
continuous_0406_S5_strategy2.npz,19933–22766,—,NO,FP
continuous_0406_S5_strategy2.npz,21230–25509,PINK,PINK,TP
continuous_0407_S5_strategy2.npz,0–4279,SPAGHETTI,SPAGHETTI,TP
continuous_0407_S5_strategy2.npz,4279–8379,NO SUGAR,NO SUGAR,TP
continuous_0407_S5_strategy2.npz,8379–12625,UNDERSTAND,UNDERSTAND,TP
continuous_0407_S5_strategy2.npz,12625–16357,HELLO,HELLO,TP
continuous_0407_S5_strategy2.npz,16357–20603,SEVEN,SEVEN,TP
continuous_0408_S5_strategy2.npz,0–4062,FRIDAY,FRIDAY,TP
continuous_0408_S5_strategy2.npz,4062–8341,HOT,HOT,TP
continuous_0408_S5_strategy2.npz,8341–12586,JULY,JULY,TP
continuous_0408_S5_strategy2.npz,11933–14933,—,MAY,FP
continuous_0408_S5_strategy2.npz,12586–16819,KNOW,KNOW,TP
continuous_0408_S5_strategy2.npz,16819–21251,YOURE WELCOME,YOURE WELCOME,TP
continuous_0408_S5_strategy2.npz,21251–25496,BREAD,BREAD,TP
continuous_0408_S5_strategy2.npz,25496–29775,VIOLET,VIOLET,TP
continuous_0409_S5_strategy2.npz,0–4246,COFFEE,COFFEE,TP
continuous_0409_S5_strategy2.npz,2700–5433,—,TWO,FP
continuous_0409_S5_strategy2.npz,4246–8492,WEDNESDAY,WEDNESDAY,TP
continuous_0409_S5_strategy2.npz,8492–12738,WRONG,WRONG,TP
continuous_0409_S5_strategy2.npz,12738–17017,BREAD,BREAD,TP
continuous_0409_S5_strategy2.npz,16300–19000,—,JANUARY,FP
continuous_0409_S5_strategy2.npz,17017–21262,TWO,TWO,TP
continuous_0409_S5_strategy2.npz,21262–25507,SEPTEMBER,SEPTEMBER,TP
continuous_0409_S5_strategy2.npz,24433–27166,—,HARD OF HEARING,FP
continuous_0409_S5_strategy2.npz,25507–29753,AUNTIE,AUNTIE,TP
continuous_0410_S5_strategy2.npz,0–4246,HARD OF HEARING,HARD OF HEARING,TP
continuous_0410_S5_strategy2.npz,4246–8525,FAST,FAST,TP
continuous_0410_S5_strategy2.npz,8525–12771,NOVEMBER,NOVEMBER,TP
continuous_0410_S5_strategy2.npz,9066–12100,—,NO,FP
continuous_0410_S5_strategy2.npz,12771–16837,THANK YOU,THANK YOU,TP
continuous_0410_S5_strategy2.npz,16837–21083,TUESDAY,TUESDAY,TP
continuous_0411_S5_strategy2.npz,0–4245,CHICKEN,CHICKEN,TP
continuous_0411_S5_strategy2.npz,2666–5333,—,JULY,FP
continuous_0411_S5_strategy2.npz,4245–8491,MAY,MAY,TP
continuous_0411_S5_strategy2.npz,8491–12770,KNOW,KNOW,TP
continuous_0411_S5_strategy2.npz,12770–16983,YELLOW,YELLOW,TP
continuous_0411_S5_strategy2.npz,16983–21249,GOOD MORNING,GOOD MORNING,TP
continuous_0412_S5_strategy2.npz,0–4165,COUSIN,COUSIN,TP
continuous_0412_S5_strategy2.npz,4165–8411,DEAF,DEAF,TP
continuous_0412_S5_strategy2.npz,8411–12656,SUNDAY,SUNDAY,TP
continuous_0412_S5_strategy2.npz,12656–17021,NICE TO MEET YOU,NICE TO MEET YOU,TP
continuous_0412_S5_strategy2.npz,17021–21083,MARCH,MARCH,TP
continuous_0412_S5_strategy2.npz,21083–25328,LONGANISA,LONGANISA,TP
continuous_0412_S5_strategy2.npz,25328–29574,CORRECT,CORRECT,TP
continuous_0413_S5_strategy2.npz,0–4532,SEE YOU TOMORROW,SEE YOU TOMORROW,TP
continuous_0413_S5_strategy2.npz,4532–8811,NINE,NINE,TP
continuous_0413_S5_strategy2.npz,8811–13056,SATURDAY,SATURDAY,TP
continuous_0413_S5_strategy2.npz,10300–12900,—,TEA,FP
continuous_0413_S5_strategy2.npz,13056–17302,MARRIED,MARRIED,TP
continuous_0413_S5_strategy2.npz,15466–18033,—,SHRIMP,FP
continuous_0413_S5_strategy2.npz,17302–21548,UNDERSTAND,UNDERSTAND,TP
continuous_0413_S5_strategy2.npz,20633–23200,—,HARD OF HEARING,FP
continuous_0413_S5_strategy2.npz,21548–25713,VIOLET,VIOLET,TP
continuous_0414_S5_strategy2.npz,0–4099,SEE YOU TOMORROW,SEE YOU TOMORROW,TP
continuous_0414_S5_strategy2.npz,2966–5966,—,TOMORROW,FP
continuous_0414_S5_strategy2.npz,4099–8165,NO SUGAR,NO SUGAR,TP
continuous_0414_S5_strategy2.npz,8165–12411,SLOW,SLOW,TP
continuous_0414_S5_strategy2.npz,11933–14933,—,SPAGHETTI,FP
continuous_0414_S5_strategy2.npz,12411–16657,CRAB,—,FN
continuous_0414_S5_strategy2.npz,14933–17933,—,CRAB,FP
continuous_0414_S5_strategy2.npz,16657–20887,SATURDAY,SATURDAY,TP
continuous_0415_S5_strategy2.npz,0–4213,GRANDFATHER,GRANDFATHER,TP
continuous_0415_S5_strategy2.npz,2800–5633,—,TUESDAY,FP
continuous_0415_S5_strategy2.npz,4213–8459,DON'T UNDERSTAND,DON’T UNDERSTAND,TP
continuous_0415_S5_strategy2.npz,8459–12705,NO SUGAR,NO SUGAR,TP
continuous_0415_S5_strategy2.npz,8466–11266,—,MILK,FP
continuous_0415_S5_strategy2.npz,12705–16951,SEPTEMBER,SEPTEMBER,TP
continuous_0415_S5_strategy2.npz,16951–21047,SATURDAY,SATURDAY,TP
continuous_0415_S5_strategy2.npz,21047–25293,THREE,THREE,TP
continuous_0416_S5_strategy2.npz,0–4180,TOMORROW,TOMORROW,TP
continuous_0416_S5_strategy2.npz,2666–5366,—,DEAF,FP
continuous_0416_S5_strategy2.npz,4180–8426,MOTHER,MOTHER,TP
continuous_0416_S5_strategy2.npz,8426–12672,LONGANISA,LONGANISA,TP
continuous_0416_S5_strategy2.npz,12672–16918,DARK,DARK,TP
continuous_0416_S5_strategy2.npz,16918–20884,COLD,COLD,TP
continuous_0416_S5_strategy2.npz,20884–25162,APRIL,APRIL,TP
continuous_0416_S5_strategy2.npz,25162–29441,BOY,BOY,TP
continuous_0417_S5_strategy2.npz,0–4246,NINE,NINE,TP
continuous_0417_S5_strategy2.npz,4246–8378,MILK,MILK,TP
continuous_0417_S5_strategy2.npz,8378–12624,SLOW,SLOW,TP
continuous_0417_S5_strategy2.npz,12624–16870,MOTHER,MOTHER,TP
continuous_0417_S5_strategy2.npz,16870–20898,HARD OF HEARING,HARD OF HEARING,TP
continuous_0417_S5_strategy2.npz,20898–25030,NICE TO MEET YOU,NICE TO MEET YOU,TP
continuous_0417_S5_strategy2.npz,25030–29275,LONGANISA,LONGANISA,TP
continuous_0418_S5_strategy2.npz,0–4246,WINE,WINE,TP
continuous_0418_S5_strategy2.npz,4246–8492,COUSIN,COUSIN,TP
continuous_0418_S5_strategy2.npz,8492–12738,SEVEN,SEVEN,TP
continuous_0418_S5_strategy2.npz,12738–17135,NOVEMBER,NOVEMBER,TP
continuous_0418_S5_strategy2.npz,17135–21501,NICE TO MEET YOU,NICE TO MEET YOU,TP
continuous_0418_S5_strategy2.npz,21501–25533,CHICKEN,CHICKEN,TP
continuous_0419_S5_strategy2.npz,0–4246,THREE,THREE,TP
continuous_0419_S5_strategy2.npz,3033–6066,—,TODAY,FP
continuous_0419_S5_strategy2.npz,4246–8492,TODAY,—,FN
continuous_0419_S5_strategy2.npz,6066–9100,—,JANUARY,FP
continuous_0419_S5_strategy2.npz,8492–12738,JANUARY,—,FN
continuous_0419_S5_strategy2.npz,9100–12133,—,AUGUST,FP
continuous_0419_S5_strategy2.npz,12133–15166,—,ONE,FP
continuous_0419_S5_strategy2.npz,12738–16984,FAST,FAST,TP
continuous_0419_S5_strategy2.npz,16984–21183,GOOD EVENING,GOOD EVENING,TP
continuous_0420_S5_strategy2.npz,0–5232,HOW ARE YOU,HOW ARE YOU,TP
continuous_0420_S5_strategy2.npz,2933–5866,—,BREAD,FP
continuous_0420_S5_strategy2.npz,5232–9478,TOMORROW,TOMORROW,TP
continuous_0420_S5_strategy2.npz,9478–13691,COLD,COLD,TP
continuous_0420_S5_strategy2.npz,13691–17890,PINK,PINK,TP
continuous_0420_S5_strategy2.npz,17890–22136,SON,SON,TP
continuous_0420_S5_strategy2.npz,22136–26382,SPAGHETTI,SPAGHETTI,TP
continuous_0421_S5_strategy2.npz,0–4246,DAUGHTER,DAUGHTER,TP
continuous_0421_S5_strategy2.npz,4246–8478,GOOD AFTERNOON,GOOD AFTERNOON,TP
continuous_0421_S5_strategy2.npz,8478–12757,UNDERSTAND,UNDERSTAND,TP
continuous_0421_S5_strategy2.npz,12757–17003,APRIL,APRIL,TP
continuous_0421_S5_strategy2.npz,13533–16266,—,DEAF BLIND,FP
continuous_0421_S5_strategy2.npz,17003–21249,LONGANISA,—,FN
continuous_0421_S5_strategy2.npz,18966–21666,—,LONGANISA,FP
continuous_0421_S5_strategy2.npz,21249–25495,SATURDAY,SATURDAY,TP
continuous_0421_S5_strategy2.npz,21666–24400,—,FEBRUARY,FP
continuous_0421_S5_strategy2.npz,25495–29707,NO SUGAR,NO SUGAR,TP
continuous_0422_S5_strategy2.npz,0–4245,THURSDAY,THURSDAY,TP
continuous_0422_S5_strategy2.npz,4245–8491,CORRECT,CORRECT,TP
continuous_0422_S5_strategy2.npz,8491–12737,MAN,MAN,TP
continuous_0422_S5_strategy2.npz,12737–16982,GRANDFATHER,GRANDFATHER,TP
continuous_0422_S5_strategy2.npz,16982–21195,FIVE,FIVE,TP
continuous_0423_S5_strategy2.npz,0–4166,GOOD EVENING,GOOD EVENING,TP
continuous_0423_S5_strategy2.npz,4166–8445,DEAF,DEAF,TP
continuous_0423_S5_strategy2.npz,8445–12658,SUNDAY,SUNDAY,TP
continuous_0423_S5_strategy2.npz,9900–12366,—,THREE,FP
continuous_0423_S5_strategy2.npz,12658–16871,SIX,SIX,TP
continuous_0423_S5_strategy2.npz,16871–21104,KNOW,KNOW,TP
continuous_0423_S5_strategy2.npz,21104–25383,DAUGHTER,DAUGHTER,TP
continuous_0423_S5_strategy2.npz,25383–29629,CHICKEN,CHICKEN,TP
continuous_0424_S5_strategy2.npz,0–4245,JANUARY,JANUARY,TP
continuous_0424_S5_strategy2.npz,4245–8273,YESTERDAY,YESTERDAY,TP
continuous_0424_S5_strategy2.npz,8273–12519,DAUGHTER,DAUGHTER,TP
continuous_0424_S5_strategy2.npz,12519–16951,HELLO,HELLO,TP
continuous_0424_S5_strategy2.npz,16233–18933,—,NO,FP
continuous_0424_S5_strategy2.npz,16951–21197,NO SUGAR,NO SUGAR,TP
continuous_0424_S5_strategy2.npz,21197–25443,ONE,ONE,TP
continuous_0424_S5_strategy2.npz,21633–24333,—,SUGAR,FP
continuous_0424_S5_strategy2.npz,25443–29688,SHRIMP,SHRIMP,TP
continuous_0425_S5_strategy2.npz,0–3961,TUESDAY,TUESDAY,TP
continuous_0425_S5_strategy2.npz,3266–6566,—,AUNTIE,FP
continuous_0425_S5_strategy2.npz,3961–8207,TEA,TEA,TP
continuous_0425_S5_strategy2.npz,8207–12452,BLIND,BLIND,TP
continuous_0425_S5_strategy2.npz,12452–16684,FISH,FISH,TP
continuous_0425_S5_strategy2.npz,16684–20930,SEPTEMBER,SEPTEMBER,TP
continuous_0425_S5_strategy2.npz,20930–25176,RED,RED,TP
continuous_0425_S5_strategy2.npz,22966–26266,—,WHITE,FP
continuous_0425_S5_strategy2.npz,25176–29455,NO,NO,TP
continuous_0426_S5_strategy2.npz,0–4100,CORRECT,CORRECT,TP
continuous_0426_S5_strategy2.npz,2766–5566,—,JULY,FP
continuous_0426_S5_strategy2.npz,4100–8632,JULY,—,FN
continuous_0426_S5_strategy2.npz,5566–8366,—,GRANDMOTHER,FP
continuous_0426_S5_strategy2.npz,8366–11166,—,HARD OF HEARING,FP
continuous_0426_S5_strategy2.npz,8632–12878,GRANDMOTHER,—,FN
continuous_0426_S5_strategy2.npz,12878–16878,NO SUGAR,NO SUGAR,TP
continuous_0426_S5_strategy2.npz,16878–20873,FRIDAY,FRIDAY,TP
continuous_0426_S5_strategy2.npz,20873–25105,VIOLET,VIOLET,TP
continuous_0427_S5_strategy2.npz,0–3733,SEE YOU TOMORROW,SEE YOU TOMORROW,TP
continuous_0427_S5_strategy2.npz,2433–4866,—,SLOW,FP
continuous_0427_S5_strategy2.npz,3733–8012,SLOW,—,FN
continuous_0427_S5_strategy2.npz,4866–7300,—,GREEN,FP
continuous_0427_S5_strategy2.npz,8012–12211,SEVEN,SEVEN,TP
continuous_0427_S5_strategy2.npz,12211–16424,SPAGHETTI,SPAGHETTI,TP
continuous_0427_S5_strategy2.npz,16424–20670,MONDAY,MONDAY,TP
continuous_0427_S5_strategy2.npz,20670–24916,AUGUST,AUGUST,TP
continuous_0427_S5_strategy2.npz,24916–29129,BEER,BEER,TP
continuous_0428_S5_strategy2.npz,0–4246,ONE,ONE,TP
continuous_0428_S5_strategy2.npz,2800–5600,—,PARENTS,FP
continuous_0428_S5_strategy2.npz,4246–8378,PARENTS,—,FN
continuous_0428_S5_strategy2.npz,5600–8400,—,OCTOBER,FP
continuous_0428_S5_strategy2.npz,8378–12623,OCTOBER,—,FN
continuous_0428_S5_strategy2.npz,8400–11200,—,EIGHT,FP
continuous_0428_S5_strategy2.npz,11200–14000,—,FRIDAY,FP
continuous_0428_S5_strategy2.npz,12623–16618,FRIDAY,—,FN
continuous_0428_S5_strategy2.npz,14000–16800,—,EIGHT,FP
continuous_0428_S5_strategy2.npz,16618–20863,BEER,BEER,TP
continuous_0428_S5_strategy2.npz,20863–25109,WRONG,WRONG,TP
continuous_0429_S5_strategy2.npz,0–4246,DEAF,DEAF,TP
continuous_0429_S5_strategy2.npz,4246–8212,FAST,FAST,TP
continuous_0429_S5_strategy2.npz,8212–12374,APRIL,APRIL,TP
continuous_0429_S5_strategy2.npz,12374–16587,SUGAR,SUGAR,TP
continuous_0429_S5_strategy2.npz,13066–15700,—,AUGUST,FP
continuous_0429_S5_strategy2.npz,16587–20865,FRIDAY,FRIDAY,TP
continuous_0430_S5_strategy2.npz,0–4279,WEDNESDAY,WEDNESDAY,TP
continuous_0430_S5_strategy2.npz,3133–6266,—,GOOD AFTERNOON,FP
continuous_0430_S5_strategy2.npz,4279–9278,GOOD EVENING,GOOD EVENING,TP
continuous_0430_S5_strategy2.npz,9278–13524,VIOLET,—,FN
continuous_0430_S5_strategy2.npz,12566–15700,—,VIOLET,FP
continuous_0430_S5_strategy2.npz,13524–17737,BLIND,BLIND,TP
continuous_0430_S5_strategy2.npz,17737–21982,CORRECT,CORRECT,TP
continuous_0431_S5_strategy2.npz,0–4165,GREEN,GREEN,TP
continuous_0431_S5_strategy2.npz,4165–8330,TEN,TEN,TP
continuous_0431_S5_strategy2.npz,8330–12576,WINE,WINE,TP
continuous_0431_S5_strategy2.npz,11266–14066,—,SPAGHETTI,FP
continuous_0431_S5_strategy2.npz,12576–16822,SPAGHETTI,—,FN
continuous_0431_S5_strategy2.npz,14066–16900,—,MONDAY,FP
continuous_0431_S5_strategy2.npz,16822–21067,TUESDAY,TUESDAY,TP
continuous_0431_S5_strategy2.npz,19700–22533,—,ONE,FP
continuous_0431_S5_strategy2.npz,21067–25313,CORRECT,CORRECT,TP
continuous_0432_S5_strategy2.npz,0–4246,MOTHER,MOTHER,TP
continuous_0432_S5_strategy2.npz,4246–8492,LIGHT,LIGHT,TP
continuous_0432_S5_strategy2.npz,5733–8633,—,SUNDAY,FP
continuous_0432_S5_strategy2.npz,8492–13057,HOW ARE YOU,HOW ARE YOU,TP
continuous_0432_S5_strategy2.npz,8633–11500,—,ONE,FP
continuous_0432_S5_strategy2.npz,13057–17303,KNOW,KNOW,TP
continuous_0432_S5_strategy2.npz,17303–21582,MEAT,MEAT,TP
continuous_0432_S5_strategy2.npz,21582–25828,AUGUST,AUGUST,TP
continuous_0433_S5_strategy2.npz,0–4246,THREE,THREE,TP
continuous_0433_S5_strategy2.npz,2166–4333,—,NO,FP
continuous_0433_S5_strategy2.npz,4246–8492,GIRL,GIRL,TP
continuous_0433_S5_strategy2.npz,6500–8666,—,AUNTIE,FP
continuous_0433_S5_strategy2.npz,8492–13124,JUNE,JUNE,TP
continuous_0433_S5_strategy2.npz,8666–10833,—,OCTOBER,FP
continuous_0433_S5_strategy2.npz,13000–15166,—,DECEMBER,FP
continuous_0433_S5_strategy2.npz,13124–17370,FAST,FAST,TP
continuous_0433_S5_strategy2.npz,17333–19500,—,UNDERSTAND,FP
continuous_0433_S5_strategy2.npz,17370–21616,SHRIMP,SHRIMP,TP
continuous_0434_S5_strategy2.npz,0–4213,COUSIN,COUSIN,TP
continuous_0434_S5_strategy2.npz,4213–8279,BROWN,BROWN,TP
continuous_0434_S5_strategy2.npz,8279–12525,WEDNESDAY,WEDNESDAY,TP
continuous_0434_S5_strategy2.npz,12525–16738,YES,YES,TP
continuous_0434_S5_strategy2.npz,16738–20937,NINE,NINE,TP
continuous_0435_S5_strategy2.npz,0–4245,FIVE,FIVE,TP
continuous_0435_S5_strategy2.npz,2666–5366,—,FRIDAY,FP
continuous_0435_S5_strategy2.npz,4245–8524,FRIDAY,—,FN
continuous_0435_S5_strategy2.npz,5366–8066,—,EIGHT,FP
continuous_0435_S5_strategy2.npz,8524–12770,DEAF,DEAF,TP
continuous_0435_S5_strategy2.npz,12770–16983,FATHER,FATHER,TP
continuous_0435_S5_strategy2.npz,16133–18833,—,SUGAR,FP
continuous_0435_S5_strategy2.npz,16983–21229,SUGAR,—,FN
continuous_0435_S5_strategy2.npz,18833–21500,—,FAST,FP
continuous_0435_S5_strategy2.npz,21229–25229,FAST,—,FN
continuous_0435_S5_strategy2.npz,21500–24200,—,HARD OF HEARING,FP
continuous_0435_S5_strategy2.npz,24200–26900,—,APRIL,FP
continuous_0435_S5_strategy2.npz,25229–29475,MARCH,MARCH,TP
continuous_0436_S5_strategy2.npz,0–4246,LIGHT,LIGHT,TP
continuous_0436_S5_strategy2.npz,4246–8491,BEER,BEER,TP
continuous_0436_S5_strategy2.npz,8491–12737,RICE,RICE,TP
continuous_0436_S5_strategy2.npz,12737–16950,UNDERSTAND,UNDERSTAND,TP
continuous_0436_S5_strategy2.npz,16950–21196,DEAF,DEAF,TP
continuous_0437_S5_strategy2.npz,0–4279,FISH,FISH,TP
continuous_0437_S5_strategy2.npz,4279–8525,MAN,MAN,TP
continuous_0437_S5_strategy2.npz,8525–12771,FIVE,FIVE,TP
continuous_0437_S5_strategy2.npz,12771–17017,DARK,DARK,TP
continuous_0437_S5_strategy2.npz,17017–21263,AUGUST,AUGUST,TP
continuous_0437_S5_strategy2.npz,21263–25509,COUSIN,COUSIN,TP
continuous_0438_S5_strategy2.npz,0–4246,ONE,ONE,TP
continuous_0438_S5_strategy2.npz,4246–8492,MEAT,MEAT,TP
continuous_0438_S5_strategy2.npz,7966–10600,—,HELLO,FP
continuous_0438_S5_strategy2.npz,8492–12558,HELLO,—,FN
continuous_0438_S5_strategy2.npz,12558–16804,COLD,COLD,TP
continuous_0438_S5_strategy2.npz,16804–20832,MARCH,MARCH,TP
continuous_0438_S5_strategy2.npz,20832–25078,WHITE,—,FN
continuous_0438_S5_strategy2.npz,23900–26566,—,WHITE,FP
continuous_0438_S5_strategy2.npz,25078–29140,BLIND,BLIND,TP
continuous_0439_S5_strategy2.npz,0–5065,GOOD EVENING,GOOD EVENING,TP
continuous_0439_S5_strategy2.npz,2500–5033,—,RICE,FP
continuous_0439_S5_strategy2.npz,5033–7566,—,MILK,FP
continuous_0439_S5_strategy2.npz,5065–9130,RICE,—,FN
continuous_0439_S5_strategy2.npz,7566–10066,—,DAUGHTER,FP
continuous_0439_S5_strategy2.npz,9130–13376,DAUGHTER,—,FN
continuous_0439_S5_strategy2.npz,10066–12600,—,HARD OF HEARING,FP
continuous_0439_S5_strategy2.npz,13376–17589,THURSDAY,THURSDAY,TP
continuous_0439_S5_strategy2.npz,17589–21802,DECEMBER,DECEMBER,TP
continuous_0439_S5_strategy2.npz,20166–22700,—,OCTOBER,FP
continuous_0439_S5_strategy2.npz,21802–25931,MARRIED,MARRIED,TP
continuous_0439_S5_strategy2.npz,25200–27733,—,HOT,FP
continuous_0439_S5_strategy2.npz,25931–30177,THREE,THREE,TP
continuous_0440_S5_strategy2.npz,0–4246,CHICKEN,CHICKEN,TP
continuous_0440_S5_strategy2.npz,4246–8491,OCTOBER,OCTOBER,TP
continuous_0440_S5_strategy2.npz,8491–12736,MILK,MILK,TP
continuous_0440_S5_strategy2.npz,11233–14066,—,GREEN,FP
continuous_0440_S5_strategy2.npz,12736–16982,GREEN,—,FN
continuous_0440_S5_strategy2.npz,14066–16866,—,DEAF BLIND,FP
continuous_0440_S5_strategy2.npz,16982–21228,DEAF,DEAF,TP
continuous_0440_S5_strategy2.npz,21228–25227,GRANDMOTHER,GRANDMOTHER,TP
continuous_0441_S5_strategy2.npz,0–4245,SHRIMP,SHRIMP,TP
continuous_0441_S5_strategy2.npz,4245–8677,HELLO,HELLO,TP
continuous_0441_S5_strategy2.npz,8677–12923,ORANGE,ORANGE,TP
continuous_0441_S5_strategy2.npz,10633–14166,—,DEAF,FP
continuous_0441_S5_strategy2.npz,12923–16918,DEAF,—,FN
continuous_0441_S5_strategy2.npz,14166–17700,—,ONE,FP
continuous_0441_S5_strategy2.npz,16918–21196,MOTHER,MOTHER,TP
continuous_0442_S5_strategy2.npz,0–4165,SON,SON,TP
continuous_0442_S5_strategy2.npz,4165–8260,YESTERDAY,YESTERDAY,TP
continuous_0442_S5_strategy2.npz,8260–12473,JUICE,JUICE,TP
continuous_0442_S5_strategy2.npz,12473–16501,MAY,MAY,TP
continuous_0442_S5_strategy2.npz,15033–17533,—,WHITE,FP
continuous_0442_S5_strategy2.npz,16501–20746,YELLOW,YELLOW,TP
continuous_0442_S5_strategy2.npz,20746–24992,SPAGHETTI,SPAGHETTI,TP
continuous_0443_S5_strategy2.npz,0–4246,COFFEE,COFFEE,TP
continuous_0443_S5_strategy2.npz,4246–8491,UNCLE,UNCLE,TP
continuous_0443_S5_strategy2.npz,8491–12737,DON'T KNOW,DON’T KNOW,TP
continuous_0443_S5_strategy2.npz,11300–14133,—,EIGHT,FP
continuous_0443_S5_strategy2.npz,12737–16983,FOUR,FOUR,TP
continuous_0443_S5_strategy2.npz,16983–21148,IM FINE,—,FN
continuous_0443_S5_strategy2.npz,19800–22633,—,IM FINE,FP
continuous_0443_S5_strategy2.npz,21148–25360,BLIND,BLIND,TP
continuous_0444_S5_strategy2.npz,0–4245,LONGANISA,LONGANISA,TP
continuous_0444_S5_strategy2.npz,4245–8457,TEA,TEA,TP
continuous_0444_S5_strategy2.npz,5666–8533,—,TWO,FP
continuous_0444_S5_strategy2.npz,8457–12637,WEDNESDAY,WEDNESDAY,TP
continuous_0444_S5_strategy2.npz,12637–17002,YOURE WELCOME,YOURE WELCOME,TP
continuous_0444_S5_strategy2.npz,17002–21248,AUGUST,—,FN
continuous_0444_S5_strategy2.npz,17066–19933,—,APRIL,FP
continuous_0444_S5_strategy2.npz,19933–22766,—,AUGUST,FP
continuous_0444_S5_strategy2.npz,21248–25527,WRONG,WRONG,TP
continuous_0445_S5_strategy2.npz,0–4246,BLUE,BLUE,TP
continuous_0445_S5_strategy2.npz,4246–8492,THREE,THREE,TP
continuous_0445_S5_strategy2.npz,7433–9933,—,DEAF BLIND,FP
continuous_0445_S5_strategy2.npz,8492–12737,DEAF BLIND,—,FN
continuous_0445_S5_strategy2.npz,9933–12400,—,FAST,FP
continuous_0445_S5_strategy2.npz,12737–16969,EGG,EGG,TP
continuous_0445_S5_strategy2.npz,16969–21215,FAST,FAST,TP
continuous_0445_S5_strategy2.npz,19866–22333,—,DAUGHTER,FP
continuous_0445_S5_strategy2.npz,21215–25461,DAUGHTER,—,FN
continuous_0445_S5_strategy2.npz,22333–27300,—,HARD OF HEARING,FP
continuous_0445_S5_strategy2.npz,25461–29674,WINE,WINE,TP
continuous_0446_S5_strategy2.npz,0–4266,GOOD EVENING,GOOD EVENING,TP
continuous_0446_S5_strategy2.npz,4266–8512,PARENTS,PARENTS,TP
continuous_0446_S5_strategy2.npz,7100–9466,—,JULY,FP
continuous_0446_S5_strategy2.npz,8512–12842,OCTOBER,OCTOBER,TP
continuous_0446_S5_strategy2.npz,11833–14200,—,HOT,FP
continuous_0446_S5_strategy2.npz,12842–17041,CRAB,CRAB,TP
continuous_0446_S5_strategy2.npz,17041–21287,BOY,BOY,TP
continuous_0447_S5_strategy2.npz,0–4246,SHRIMP,SHRIMP,TP
continuous_0447_S5_strategy2.npz,3533–7066,—,WHITE,FP
continuous_0447_S5_strategy2.npz,4246–8492,SIX,SIX,TP
continuous_0447_S5_strategy2.npz,8492–12738,LIGHT,—,FN
continuous_0447_S5_strategy2.npz,10600–14133,—,LIGHT,FP
continuous_0447_S5_strategy2.npz,12738–16870,GRANDFATHER,GRANDFATHER,TP
continuous_0447_S5_strategy2.npz,16870–21115,GIRL,GIRL,TP
continuous_0448_S5_strategy2.npz,0–4432,YOURE WELCOME,YOURE WELCOME,TP
continuous_0448_S5_strategy2.npz,4432–8678,RED,RED,TP
continuous_0448_S5_strategy2.npz,6433–9666,—,SHRIMP,FP
continuous_0448_S5_strategy2.npz,8678–13010,SHRIMP,—,FN
continuous_0448_S5_strategy2.npz,9666–12900,—,BOY,FP
continuous_0448_S5_strategy2.npz,13010–17256,BOY,—,FN
continuous_0448_S5_strategy2.npz,17256–21502,HOT,HOT,TP
continuous_0448_S5_strategy2.npz,19366–22600,—,JANUARY,FP
continuous_0448_S5_strategy2.npz,21502–25748,JUNE,JUNE,TP
continuous_0449_S5_strategy2.npz,0–4279,OCTOBER,OCTOBER,TP
continuous_0449_S5_strategy2.npz,2333–4666,—,HOT,FP
continuous_0449_S5_strategy2.npz,4279–8525,SIX,SIX,TP
continuous_0449_S5_strategy2.npz,8525–12771,COFFEE,COFFEE,TP
continuous_0449_S5_strategy2.npz,12771–17017,GREEN,GREEN,TP
continuous_0449_S5_strategy2.npz,16366–18700,—,TEN,FP
continuous_0449_S5_strategy2.npz,17017–21382,HELLO,HELLO,TP
continuous_0449_S5_strategy2.npz,21382–25628,DEAF BLIND,DEAF BLIND,TP
continuous_0450_S5_strategy2.npz,0–4246,WINE,WINE,TP
continuous_0450_S5_strategy2.npz,2633–5300,—,SEE YOU TOMORROW,FP
continuous_0450_S5_strategy2.npz,4246–8524,TUESDAY,TUESDAY,TP
continuous_0450_S5_strategy2.npz,8524–12803,MAN,MAN,TP
continuous_0450_S5_strategy2.npz,12803–17049,DECEMBER,DECEMBER,TP
continuous_0450_S5_strategy2.npz,17049–21149,HOW ARE YOU,HOW ARE YOU,TP
continuous_0451_S5_strategy2.npz,0–4213,TOMORROW,TOMORROW,TP
continuous_0451_S5_strategy2.npz,2666–5366,—,GOOD EVENING,FP
continuous_0451_S5_strategy2.npz,4213–8458,GRANDFATHER,GRANDFATHER,TP
continuous_0451_S5_strategy2.npz,8458–12737,VIOLET,VIOLET,TP
continuous_0451_S5_strategy2.npz,12737–16770,YES,YES,TP
continuous_0451_S5_strategy2.npz,16770–21016,DEAF,DEAF,TP
continuous_0451_S5_strategy2.npz,21016–25262,DECEMBER,DECEMBER,TP
continuous_0451_S5_strategy2.npz,25262–29508,NO SUGAR,NO SUGAR,TP
continuous_0452_S5_strategy2.npz,0–4213,RICE,RICE,TP
continuous_0452_S5_strategy2.npz,4213–8426,FOUR,FOUR,TP
continuous_0452_S5_strategy2.npz,7433–9933,—,BLIND,FP
continuous_0452_S5_strategy2.npz,8426–12639,DEAF BLIND,DEAF BLIND,TP
continuous_0452_S5_strategy2.npz,12639–16885,GREEN,GREEN,TP
continuous_0452_S5_strategy2.npz,16885–21130,TEA,TEA,TP
continuous_0452_S5_strategy2.npz,19866–22333,—,EGG,FP
continuous_0452_S5_strategy2.npz,21130–25409,SATURDAY,SATURDAY,TP
continuous_0452_S5_strategy2.npz,24833–27300,—,DON’T UNDERSTAND,FP
continuous_0452_S5_strategy2.npz,25409–29655,GRANDFATHER,GRANDFATHER,TP
continuous_0453_S5_strategy2.npz,0–4246,SATURDAY,SATURDAY,TP
continuous_0453_S5_strategy2.npz,4246–8492,LIGHT,LIGHT,TP
continuous_0453_S5_strategy2.npz,8492–12738,SHRIMP,SHRIMP,TP
continuous_0453_S5_strategy2.npz,12738–16904,COFFEE,COFFEE,TP
continuous_0453_S5_strategy2.npz,16904–21117,AUNTIE,AUNTIE,TP
continuous_0454_S5_strategy2.npz,0–4166,YES,YES,TP
continuous_0454_S5_strategy2.npz,2600–5200,—,DAUGHTER,FP
continuous_0454_S5_strategy2.npz,4166–8411,MEAT,MEAT,TP
continuous_0454_S5_strategy2.npz,8411–12643,GOOD MORNING,GOOD MORNING,TP
continuous_0454_S5_strategy2.npz,12643–16775,LIGHT,—,FN
continuous_0454_S5_strategy2.npz,15633–18233,—,LIGHT,FP
continuous_0454_S5_strategy2.npz,16775–20840,MILK,MILK,TP
continuous_0455_S5_strategy2.npz,0–3532,HOW ARE YOU,HOW ARE YOU,TP
continuous_0455_S5_strategy2.npz,2633–5266,—,JUICE,FP
continuous_0455_S5_strategy2.npz,3532–7797,JUICE,—,FN
continuous_0455_S5_strategy2.npz,5266–7933,—,APRIL,FP
continuous_0455_S5_strategy2.npz,7797–12076,APRIL,—,FN
continuous_0455_S5_strategy2.npz,7933–10566,—,JANUARY,FP
continuous_0455_S5_strategy2.npz,10566–13233,—,FISH,FP
continuous_0455_S5_strategy2.npz,12076–16289,FISH,—,FN
continuous_0455_S5_strategy2.npz,13233–15866,—,DEAF BLIND,FP
continuous_0455_S5_strategy2.npz,15866–21166,—,DEAF,FP
continuous_0455_S5_strategy2.npz,16289–20535,DEAF BLIND,—,FN
continuous_0455_S5_strategy2.npz,20535–24781,GREEN,GREEN,TP
continuous_0455_S5_strategy2.npz,23833–26466,—,MARRIED,FP
continuous_0455_S5_strategy2.npz,24781–29027,SLOW,SLOW,TP
continuous_0456_S5_strategy2.npz,0–4246,GRANDMOTHER,GRANDMOTHER,TP
continuous_0456_S5_strategy2.npz,4246–8492,UNDERSTAND,UNDERSTAND,TP
continuous_0456_S5_strategy2.npz,8492–12738,DARK,DARK,TP
continuous_0456_S5_strategy2.npz,12738–17017,WINE,WINE,TP
continuous_0456_S5_strategy2.npz,17017–22482,IM FINE,IM FINE,TP
continuous_0456_S5_strategy2.npz,19133–21500,—,DEAF,FP
continuous_0456_S5_strategy2.npz,21500–23900,—,RED,FP
continuous_0456_S5_strategy2.npz,22482–26728,HARD OF HEARING,HARD OF HEARING,TP
continuous_0456_S5_strategy2.npz,26300–28700,—,YESTERDAY,FP
continuous_0456_S5_strategy2.npz,26728–30974,SEVEN,SEVEN,TP
continuous_0457_S5_strategy2.npz,0–4246,UNCLE,UNCLE,TP
continuous_0457_S5_strategy2.npz,2333–4700,—,WINE,FP
continuous_0457_S5_strategy2.npz,4246–8491,WOMAN,WOMAN,TP
continuous_0457_S5_strategy2.npz,8491–12737,WRONG,WRONG,TP
continuous_0457_S5_strategy2.npz,9400–11733,—,UNDERSTAND,FP
continuous_0457_S5_strategy2.npz,12737–17269,SEE YOU TOMORROW,SEE YOU TOMORROW,TP
continuous_0457_S5_strategy2.npz,17269–21515,BLACK,BLACK,TP
continuous_0457_S5_strategy2.npz,21515–25761,JUICE,JUICE,TP
continuous_0458_S5_strategy2.npz,0–4246,DON'T KNOW,DON’T KNOW,TP
continuous_0458_S5_strategy2.npz,4246–8492,WINE,WINE,TP
continuous_0458_S5_strategy2.npz,8492–12738,DARK,DARK,TP
continuous_0458_S5_strategy2.npz,12738–16984,MARRIED,MARRIED,TP
continuous_0458_S5_strategy2.npz,15233–18266,—,RICE,FP
continuous_0458_S5_strategy2.npz,16984–21230,OCTOBER,OCTOBER,TP
continuous_0459_S5_strategy2.npz,0–4246,BLUE,BLUE,TP
continuous_0459_S5_strategy2.npz,2466–4933,—,JULY,FP
continuous_0459_S5_strategy2.npz,4246–8492,MAY,MAY,TP
continuous_0459_S5_strategy2.npz,8492–12738,EIGHT,EIGHT,TP
continuous_0459_S5_strategy2.npz,12738–16984,MAN,MAN,TP
continuous_0459_S5_strategy2.npz,16984–21197,MILK,MILK,TP
continuous_0459_S5_strategy2.npz,21197–25396,CRAB,CRAB,TP
continuous_0459_S5_strategy2.npz,25396–29642,FAST,FAST,TP
continuous_0460_S5_strategy2.npz,0–4213,RED,RED,TP
continuous_0460_S5_strategy2.npz,4213–8492,JULY,JULY,TP
continuous_0460_S5_strategy2.npz,8492–12771,YESTERDAY,YESTERDAY,TP
continuous_0460_S5_strategy2.npz,12771–17050,SUGAR,SUGAR,TP
continuous_0460_S5_strategy2.npz,17050–21782,GOOD AFTERNOON,GOOD AFTERNOON,TP
continuous_0460_S5_strategy2.npz,21782–26028,TWO,TWO,TP
continuous_0461_S5_strategy2.npz,0–4279,TEN,TEN,TP
continuous_0461_S5_strategy2.npz,4279–7879,DON'T KNOW,DON’T KNOW,TP
continuous_0461_S5_strategy2.npz,7879–12125,MONDAY,MONDAY,TP
continuous_0461_S5_strategy2.npz,11633–14533,—,FATHER,FP
continuous_0461_S5_strategy2.npz,12125–16124,FATHER,—,FN
continuous_0461_S5_strategy2.npz,14533–17433,—,SEE YOU TOMORROW,FP
continuous_0461_S5_strategy2.npz,16124–20523,GOOD MORNING,GOOD MORNING,TP
continuous_0461_S5_strategy2.npz,20366–23266,—,TODAY,FP
continuous_0461_S5_strategy2.npz,20523–24769,COLD,—,FN
continuous_0461_S5_strategy2.npz,23266–26166,—,COLD,FP
continuous_0461_S5_strategy2.npz,24769–29015,WEELCHAIR PERSON,WEELCHAIR PERSON,TP
continuous_0462_S5_strategy2.npz,0–4246,AUNTIE,AUNTIE,TP
continuous_0462_S5_strategy2.npz,4246–8492,MARCH,—,FN
continuous_0462_S5_strategy2.npz,6066–9100,—,MARCH,FP
continuous_0462_S5_strategy2.npz,8492–12737,WHITE,WHITE,TP
continuous_0462_S5_strategy2.npz,9100–12133,—,JANUARY,FP
continuous_0462_S5_strategy2.npz,12737–16983,FAST,FAST,TP
continuous_0462_S5_strategy2.npz,16983–21229,THREE,THREE,TP
continuous_0463_S5_strategy2.npz,0–4246,AUNTIE,AUNTIE,TP
continuous_0463_S5_strategy2.npz,2533–5100,—,NICE TO MEET YOU,FP
continuous_0463_S5_strategy2.npz,4246–8411,NICE TO MEET YOU,—,FN
continuous_0463_S5_strategy2.npz,5100–7633,—,TUESDAY,FP
continuous_0463_S5_strategy2.npz,8411–12657,DON'T UNDERSTAND,DON’T UNDERSTAND,TP
continuous_0463_S5_strategy2.npz,12657–16903,FIVE,FIVE,TP
continuous_0463_S5_strategy2.npz,16903–21149,MARCH,MARCH,TP
continuous_0463_S5_strategy2.npz,20400–22933,—,RED,FP
continuous_0463_S5_strategy2.npz,21149–25395,BLIND,BLIND,TP
continuous_0464_S5_strategy2.npz,0–4246,MEAT,MEAT,TP
continuous_0464_S5_strategy2.npz,3266–6566,—,ONE,FP
continuous_0464_S5_strategy2.npz,4246–8491,TUESDAY,TUESDAY,TP
continuous_0464_S5_strategy2.npz,8491–12704,TEA,TEA,TP
continuous_0464_S5_strategy2.npz,12704–16950,THREE,THREE,TP
continuous_0464_S5_strategy2.npz,16466–19766,—,NO,FP
continuous_0464_S5_strategy2.npz,16950–21229,SLOW,SLOW,TP
continuous_0464_S5_strategy2.npz,21229–25291,HARD OF HEARING,HARD OF HEARING,TP
continuous_0464_S5_strategy2.npz,25291–29537,PINK,PINK,TP
continuous_0465_S5_strategy2.npz,0–4246,JUICE,JUICE,TP
continuous_0465_S5_strategy2.npz,4246–8492,FISH,FISH,TP
continuous_0465_S5_strategy2.npz,6066–9133,—,HOT,FP
continuous_0465_S5_strategy2.npz,8492–12738,TWO,TWO,TP
continuous_0465_S5_strategy2.npz,12738–16984,ORANGE,ORANGE,TP
continuous_0465_S5_strategy2.npz,15233–18266,—,DON’T UNDERSTAND,FP
continuous_0465_S5_strategy2.npz,16984–21230,GIRL,GIRL,TP
continuous_0466_S5_strategy2.npz,0–4246,UNDERSTAND,UNDERSTAND,TP
continuous_0466_S5_strategy2.npz,2500–5000,—,RED,FP
continuous_0466_S5_strategy2.npz,4246–8491,DEAF,DEAF,TP
continuous_0466_S5_strategy2.npz,8491–12737,FRIDAY,FRIDAY,TP
continuous_0466_S5_strategy2.npz,12533–15066,—,GOOD MORNING,FP
continuous_0466_S5_strategy2.npz,12737–17269,GOOD AFTERNOON,GOOD AFTERNOON,TP
continuous_0466_S5_strategy2.npz,17269–21515,LONGANISA,LONGANISA,TP
continuous_0466_S5_strategy2.npz,20066–22600,—,CRAB,FP
continuous_0466_S5_strategy2.npz,21515–25728,LIGHT,LIGHT,TP
continuous_0466_S5_strategy2.npz,25728–30007,NINE,NINE,TP
continuous_0467_S5_strategy2.npz,0–4246,THURSDAY,THURSDAY,TP
continuous_0467_S5_strategy2.npz,4246–8492,GRANDFATHER,GRANDFATHER,TP
continuous_0467_S5_strategy2.npz,8492–12738,FEBRUARY,FEBRUARY,TP
continuous_0467_S5_strategy2.npz,11933–14900,—,MEAT,FP
continuous_0467_S5_strategy2.npz,12738–17003,TEA,TEA,TP
continuous_0467_S5_strategy2.npz,17003–21635,HELLO,HELLO,TP
continuous_0467_S5_strategy2.npz,21635–25601,BROWN,BROWN,TP
continuous_0467_S5_strategy2.npz,25601–29766,TEN,TEN,TP
continuous_0468_S5_strategy2.npz,0–4932,YOURE WELCOME,YOURE WELCOME,TP
continuous_0468_S5_strategy2.npz,2366–4733,—,DEAF,FP
continuous_0468_S5_strategy2.npz,4733–7100,—,FAST,FP
continuous_0468_S5_strategy2.npz,4932–8565,FAST,—,FN
continuous_0468_S5_strategy2.npz,7100–9466,—,FISH,FP
continuous_0468_S5_strategy2.npz,8565–12811,WHITE,WHITE,TP
continuous_0468_S5_strategy2.npz,11866–14233,—,SPAGHETTI,FP
continuous_0468_S5_strategy2.npz,12811–17057,CRAB,CRAB,TP
continuous_0468_S5_strategy2.npz,17057–21303,AUGUST,AUGUST,TP
continuous_0469_S5_strategy2.npz,0–5232,HOW ARE YOU,HOW ARE YOU,TP
continuous_0469_S5_strategy2.npz,5232–9511,KNOW,KNOW,TP
continuous_0469_S5_strategy2.npz,9511–13710,LONGANISA,—,FN
continuous_0469_S5_strategy2.npz,12200–15266,—,LONGANISA,FP
continuous_0469_S5_strategy2.npz,13710–17922,BROWN,BROWN,TP
continuous_0469_S5_strategy2.npz,17922–21988,FOUR,FOUR,TP
continuous_0469_S5_strategy2.npz,21988–26234,TOMORROW,TOMORROW,TP
continuous_0469_S5_strategy2.npz,24433–27500,—,HOT,FP
continuous_0469_S5_strategy2.npz,26234–30480,MILK,MILK,TP
continuous_0470_S5_strategy2.npz,0–4246,HARD OF HEARING,HARD OF HEARING,TP
continuous_0470_S5_strategy2.npz,3166–6366,—,DEAF,FP
continuous_0470_S5_strategy2.npz,4246–8492,BEER,BEER,TP
continuous_0470_S5_strategy2.npz,8492–12758,YOURE WELCOME,YOURE WELCOME,TP
continuous_0470_S5_strategy2.npz,12758–17004,EGG,EGG,TP
continuous_0470_S5_strategy2.npz,17004–21250,PARENTS,PARENTS,TP
continuous_0470_S5_strategy2.npz,21250–25463,RED,RED,TP
continuous_0471_S5_strategy2.npz,0–4246,BROWN,BROWN,TP
continuous_0471_S5_strategy2.npz,4246–8492,WINE,WINE,TP
continuous_0471_S5_strategy2.npz,8492–12738,KNOW,KNOW,TP
continuous_0471_S5_strategy2.npz,12738–16983,AUGUST,AUGUST,TP
continuous_0471_S5_strategy2.npz,16983–21283,GOOD MORNING,GOOD MORNING,TP
continuous_0471_S5_strategy2.npz,21283–25496,GRANDFATHER,GRANDFATHER,TP
continuous_0472_S5_strategy2.npz,0–4132,LONGANISA,LONGANISA,TP
continuous_0472_S5_strategy2.npz,2466–4933,—,CRAB,FP
continuous_0472_S5_strategy2.npz,4132–8127,HARD OF HEARING,HARD OF HEARING,TP
continuous_0472_S5_strategy2.npz,7400–9866,—,GOOD MORNING,FP
continuous_0472_S5_strategy2.npz,8127–12792,GOOD MORNING,—,FN
continuous_0472_S5_strategy2.npz,9866–12333,—,MILK,FP
continuous_0472_S5_strategy2.npz,12792–17038,ONE,ONE,TP
continuous_0472_S5_strategy2.npz,17038–21284,SUGAR,SUGAR,TP
continuous_0472_S5_strategy2.npz,17266–19733,—,NO SUGAR,FP
continuous_0472_S5_strategy2.npz,21284–25529,UNCLE,UNCLE,TP
continuous_0472_S5_strategy2.npz,22200–24666,—,HARD OF HEARING,FP
continuous_0472_S5_strategy2.npz,25529–29557,MONDAY,MONDAY,TP
continuous_0473_S5_strategy2.npz,0–4028,BLIND,BLIND,TP
continuous_0473_S5_strategy2.npz,4028–8307,BLACK,BLACK,TP
continuous_0473_S5_strategy2.npz,7466–11200,—,DAUGHTER,FP
continuous_0473_S5_strategy2.npz,8307–12553,BREAD,BREAD,TP
continuous_0473_S5_strategy2.npz,12553–16799,THURSDAY,THURSDAY,TP
continuous_0473_S5_strategy2.npz,16799–21044,KNOW,KNOW,TP
continuous_0473_S5_strategy2.npz,21044–25509,FEBRUARY,FEBRUARY,TP
continuous_0473_S5_strategy2.npz,25509–29755,PARENTS,PARENTS,TP
continuous_0474_S5_strategy2.npz,0–4129,WOMAN,WOMAN,TP
continuous_0474_S5_strategy2.npz,2266–4566,—,ORANGE,FP
continuous_0474_S5_strategy2.npz,4129–8375,THURSDAY,THURSDAY,TP
continuous_0474_S5_strategy2.npz,8375–12621,GRANDFATHER,GRANDFATHER,TP
continuous_0474_S5_strategy2.npz,11433–13700,—,TUESDAY,FP
continuous_0474_S5_strategy2.npz,12621–16867,DON'T UNDERSTAND,DON’T UNDERSTAND,TP
continuous_0474_S5_strategy2.npz,16867–21113,JULY,JULY,TP
continuous_0474_S5_strategy2.npz,20566–22866,—,AUGUST,FP
continuous_0474_S5_strategy2.npz,21113–25359,COFFEE,COFFEE,TP
continuous_0474_S5_strategy2.npz,25359–29605,BLACK,—,FN
continuous_0474_S5_strategy2.npz,27433–29733,—,BLACK,FP
continuous_0475_S5_strategy2.npz,0–4279,CHICKEN,CHICKEN,TP
continuous_0475_S5_strategy2.npz,4279–8525,GRAY,GRAY,TP
continuous_0475_S5_strategy2.npz,8525–12620,HARD OF HEARING,HARD OF HEARING,TP
continuous_0475_S5_strategy2.npz,12620–16753,IM FINE,IM FINE,TP
continuous_0475_S5_strategy2.npz,16753–21031,SATURDAY,SATURDAY,TP
continuous_0475_S5_strategy2.npz,21031–25277,COLD,COLD,TP
continuous_0476_S5_strategy2.npz,0–4246,BROWN,BROWN,TP
continuous_0476_S5_strategy2.npz,4246–8458,FRIDAY,FRIDAY,TP
continuous_0476_S5_strategy2.npz,8458–12704,COUSIN,COUSIN,TP
continuous_0476_S5_strategy2.npz,12704–17303,THANK YOU,THANK YOU,TP
continuous_0476_S5_strategy2.npz,14433–18033,—,DEAF,FP
continuous_0476_S5_strategy2.npz,17303–21581,BLIND,BLIND,TP
continuous_0477_S5_strategy2.npz,0–4246,YELLOW,YELLOW,TP
continuous_0477_S5_strategy2.npz,2533–5100,—,MILK,FP
continuous_0477_S5_strategy2.npz,4246–8459,DAUGHTER,DAUGHTER,TP
continuous_0477_S5_strategy2.npz,8459–12704,BLIND,BLIND,TP
continuous_0477_S5_strategy2.npz,12704–16949,BREAD,BREAD,TP
continuous_0477_S5_strategy2.npz,16949–21195,TUESDAY,TUESDAY,TP
continuous_0477_S5_strategy2.npz,20433–23000,—,MONDAY,FP
continuous_0477_S5_strategy2.npz,21195–25441,EIGHT,EIGHT,TP
continuous_0478_S5_strategy2.npz,0–4213,GRAY,GRAY,TP
continuous_0478_S5_strategy2.npz,2233–4500,—,APRIL,FP
continuous_0478_S5_strategy2.npz,4213–8458,SEPTEMBER,SEPTEMBER,TP
continuous_0478_S5_strategy2.npz,8458–12391,SLOW,SLOW,TP
continuous_0478_S5_strategy2.npz,12391–16553,MARRIED,MARRIED,TP
continuous_0478_S5_strategy2.npz,15800–18066,—,TWO,FP
continuous_0478_S5_strategy2.npz,16553–20798,TWO,—,FN
continuous_0478_S5_strategy2.npz,18066–20333,—,THURSDAY,FP
continuous_0478_S5_strategy2.npz,20798–25043,SHRIMP,SHRIMP,TP
continuous_0478_S5_strategy2.npz,22600–27133,—,WHITE,FP
continuous_0478_S5_strategy2.npz,25043–29289,PARENTS,PARENTS,TP
continuous_0479_S5_strategy2.npz,0–4245,NO SUGAR,NO SUGAR,TP
continuous_0479_S5_strategy2.npz,3066–6133,—,SUGAR,FP
continuous_0479_S5_strategy2.npz,4245–8410,BREAD,BREAD,TP
continuous_0479_S5_strategy2.npz,8410–12539,DEAF,DEAF,TP
continuous_0479_S5_strategy2.npz,12539–17205,GOOD AFTERNOON,GOOD AFTERNOON,TP
continuous_0479_S5_strategy2.npz,17205–21483,DON'T KNOW,DON’T KNOW,TP
continuous_0480_S5_strategy2.npz,0–4196,WEELCHAIR PERSON,WEELCHAIR PERSON,TP
continuous_0480_S5_strategy2.npz,4196–8475,BREAD,BREAD,TP
continuous_0480_S5_strategy2.npz,8475–12774,GOOD MORNING,GOOD MORNING,TP
continuous_0480_S5_strategy2.npz,12774–17019,DECEMBER,DECEMBER,TP
continuous_0480_S5_strategy2.npz,17019–21298,SEVEN,SEVEN,TP
continuous_0481_S5_strategy2.npz,0–4199,NINE,NINE,TP
continuous_0481_S5_strategy2.npz,2266–4533,—,JULY,FP
continuous_0481_S5_strategy2.npz,4199–8444,MAY,MAY,TP
continuous_0481_S5_strategy2.npz,8444–12277,WINE,WINE,TP
continuous_0481_S5_strategy2.npz,12277–16523,CHICKEN,CHICKEN,TP
continuous_0481_S5_strategy2.npz,16523–20802,DAUGHTER,DAUGHTER,TP
continuous_0481_S5_strategy2.npz,18233–20533,—,GRANDMOTHER,FP
continuous_0481_S5_strategy2.npz,20533–22800,—,SPAGHETTI,FP
continuous_0481_S5_strategy2.npz,20802–25035,THANK YOU,THANK YOU,TP
continuous_0482_S5_strategy2.npz,0–4365,MEAT,MEAT,TP
continuous_0482_S5_strategy2.npz,3266–6533,—,JANUARY,FP
continuous_0482_S5_strategy2.npz,4365–8611,MARCH,—,FN
continuous_0482_S5_strategy2.npz,6533–9800,—,MARCH,FP
continuous_0482_S5_strategy2.npz,8611–12856,THREE,THREE,TP
continuous_0482_S5_strategy2.npz,12856–17101,YELLOW,YELLOW,TP
continuous_0482_S5_strategy2.npz,17101–21196,DEAF,DEAF,TP
continuous_0482_S5_strategy2.npz,19633–22900,—,DEAF BLIND,FP
continuous_0482_S5_strategy2.npz,21196–26128,SEE YOU TOMORROW,SEE YOU TOMORROW,TP
continuous_0483_S5_strategy2.npz,0–4246,TWO,TWO,TP
continuous_0483_S5_strategy2.npz,2500–5033,—,FISH,FP
continuous_0483_S5_strategy2.npz,4246–8492,SPAGHETTI,SPAGHETTI,TP
continuous_0483_S5_strategy2.npz,8492–12722,AUGUST,AUGUST,TP
continuous_0483_S5_strategy2.npz,12722–16968,COFFEE,COFFEE,TP
continuous_0483_S5_strategy2.npz,16968–20900,MAN,MAN,TP
continuous_0483_S5_strategy2.npz,20900–25113,UNDERSTAND,UNDERSTAND,TP
continuous_0484_S5_strategy2.npz,0–4246,PINK,PINK,TP
continuous_0484_S5_strategy2.npz,2700–5400,—,SHRIMP,FP
continuous_0484_S5_strategy2.npz,4246–8491,SHRIMP,—,FN
continuous_0484_S5_strategy2.npz,5400–8133,—,ONE,FP
continuous_0484_S5_strategy2.npz,8491–12737,FAST,FAST,TP
continuous_0484_S5_strategy2.npz,10833–13566,—,DON’T UNDERSTAND,FP
continuous_0484_S5_strategy2.npz,12737–16983,WINE,WINE,TP
continuous_0484_S5_strategy2.npz,16266–19000,—,BLIND,FP
continuous_0484_S5_strategy2.npz,16983–21215,SEE YOU TOMORROW,SEE YOU TOMORROW,TP
continuous_0484_S5_strategy2.npz,21215–25494,TEN,TEN,TP
continuous_0484_S5_strategy2.npz,21700–24433,—,WRONG,FP
continuous_0484_S5_strategy2.npz,25494–29740,FEBRUARY,FEBRUARY,TP
continuous_0485_S5_strategy2.npz,0–4165,FIVE,FIVE,TP
continuous_0485_S5_strategy2.npz,4165–8410,JUICE,JUICE,TP
continuous_0485_S5_strategy2.npz,8410–12689,DEAF,DEAF,TP
continuous_0485_S5_strategy2.npz,12689–16935,NOVEMBER,NOVEMBER,TP
continuous_0485_S5_strategy2.npz,16935–21180,GRANDFATHER,GRANDFATHER,TP
continuous_0485_S5_strategy2.npz,19833–22666,—,ONE,FP
continuous_0485_S5_strategy2.npz,21180–25459,TUESDAY,TUESDAY,TP
continuous_0486_S5_strategy2.npz,0–4232,CHICKEN,CHICKEN,TP
continuous_0486_S5_strategy2.npz,4232–8531,YOURE WELCOME,YOURE WELCOME,TP
continuous_0486_S5_strategy2.npz,8531–12631,NO SUGAR,NO SUGAR,TP
continuous_0486_S5_strategy2.npz,11133–14866,—,KNOW,FP
continuous_0486_S5_strategy2.npz,12631–16877,DON'T KNOW,DON’T KNOW,TP
continuous_0486_S5_strategy2.npz,16877–21123,BLACK,BLACK,TP
continuous_0486_S5_strategy2.npz,21123–25369,COUSIN,COUSIN,TP
continuous_0486_S5_strategy2.npz,25369–29648,TWO,TWO,TP
continuous_0487_S5_strategy2.npz,0–4279,SHRIMP,SHRIMP,TP
continuous_0487_S5_strategy2.npz,4279–9444,THANK YOU,THANK YOU,TP
continuous_0487_S5_strategy2.npz,9444–13690,TEN,TEN,TP
continuous_0487_S5_strategy2.npz,13690–17936,TOMORROW,TOMORROW,TP
continuous_0487_S5_strategy2.npz,15900–19066,—,GREEN,FP
continuous_0487_S5_strategy2.npz,17936–22182,TEA,TEA,TP
continuous_0488_S5_strategy2.npz,0–4246,DAUGHTER,DAUGHTER,TP
continuous_0488_S5_strategy2.npz,2933–5900,—,GRANDMOTHER,FP
continuous_0488_S5_strategy2.npz,4246–8459,JANUARY,JANUARY,TP
continuous_0488_S5_strategy2.npz,8459–12292,SLOW,SLOW,TP
continuous_0488_S5_strategy2.npz,12292–16538,CHICKEN,CHICKEN,TP
continuous_0488_S5_strategy2.npz,16538–20667,SUNDAY,SUNDAY,TP
continuous_0489_S5_strategy2.npz,0–4129,THURSDAY,THURSDAY,TP
continuous_0489_S5_strategy2.npz,4129–8374,ORANGE,ORANGE,TP
continuous_0489_S5_strategy2.npz,5866–8800,—,COUSIN,FP
continuous_0489_S5_strategy2.npz,8374–12620,COUSIN,—,FN
continuous_0489_S5_strategy2.npz,12620–16865,MEAT,MEAT,TP
continuous_0489_S5_strategy2.npz,14666–17600,—,THREE,FP
continuous_0489_S5_strategy2.npz,16865–20897,THREE,—,FN
continuous_0489_S5_strategy2.npz,17600–20533,—,NO,FP
continuous_0489_S5_strategy2.npz,20897–25229,HOW ARE YOU,HOW ARE YOU,TP
continuous_0489_S5_strategy2.npz,23466–26400,—,BREAD,FP
continuous_0489_S5_strategy2.npz,25229–29291,MARRIED,MARRIED,TP
continuous_0490_S5_strategy2.npz,0–4432,IM FINE,IM FINE,TP
continuous_0490_S5_strategy2.npz,2666–5366,—,BREAD,FP
continuous_0490_S5_strategy2.npz,4432–9165,DECEMBER,DECEMBER,TP
continuous_0490_S5_strategy2.npz,9165–13131,RED,RED,TP
continuous_0490_S5_strategy2.npz,10733–13400,—,GRANDMOTHER,FP
continuous_0490_S5_strategy2.npz,13131–17377,DAUGHTER,DAUGHTER,TP
continuous_0490_S5_strategy2.npz,16100–18766,—,HARD OF HEARING,FP
continuous_0490_S5_strategy2.npz,17377–21443,DON'T KNOW,DON’T KNOW,TP
continuous_0491_S5_strategy2.npz,0–4246,JUNE,JUNE,TP
continuous_0491_S5_strategy2.npz,2766–5566,—,DECEMBER,FP
continuous_0491_S5_strategy2.npz,4246–8046,IM FINE,IM FINE,TP
continuous_0491_S5_strategy2.npz,8046–12292,DAUGHTER,DAUGHTER,TP
continuous_0491_S5_strategy2.npz,12292–16571,GIRL,GIRL,TP
continuous_0491_S5_strategy2.npz,16571–20817,TOMORROW,TOMORROW,TP
continuous_0491_S5_strategy2.npz,19533–22333,—,WEELCHAIR PERSON,FP
continuous_0491_S5_strategy2.npz,20817–25062,BEER,BEER,TP
continuous_0492_S5_strategy2.npz,0–4246,FOUR,FOUR,TP
continuous_0492_S5_strategy2.npz,4246–8492,KNOW,KNOW,TP
continuous_0492_S5_strategy2.npz,8492–12738,YELLOW,YELLOW,TP
continuous_0492_S5_strategy2.npz,12738–16984,CRAB,CRAB,TP
continuous_0492_S5_strategy2.npz,16984–21113,TODAY,TODAY,TP
continuous_0492_S5_strategy2.npz,21113–25359,JUICE,—,FN
continuous_0492_S5_strategy2.npz,23966–26966,—,JUICE,FP
continuous_0492_S5_strategy2.npz,25359–29858,GOOD MORNING,GOOD MORNING,TP
continuous_0493_S5_strategy2.npz,0–4246,BLUE,BLUE,TP
continuous_0493_S5_strategy2.npz,2666–5366,—,LIGHT,FP
continuous_0493_S5_strategy2.npz,4246–8492,JUICE,JUICE,TP
continuous_0493_S5_strategy2.npz,8492–12492,THANK YOU,THANK YOU,TP
continuous_0493_S5_strategy2.npz,12492–16737,SON,SON,TP
continuous_0493_S5_strategy2.npz,16737–20983,WRONG,WRONG,TP
continuous_0493_S5_strategy2.npz,20983–25228,FRIDAY,FRIDAY,TP
continuous_0493_S5_strategy2.npz,24200–26900,—,EIGHT,FP
continuous_0493_S5_strategy2.npz,25228–29474,FOUR,FOUR,TP
continuous_0494_S5_strategy2.npz,0–4278,MOTHER,MOTHER,TP
continuous_0494_S5_strategy2.npz,4278–8524,YES,YES,TP
continuous_0494_S5_strategy2.npz,7133–9500,—,GIRL,FP
continuous_0494_S5_strategy2.npz,8524–12770,WEELCHAIR PERSON,WEELCHAIR PERSON,TP
continuous_0494_S5_strategy2.npz,12770–17015,SHRIMP,SHRIMP,TP
continuous_0494_S5_strategy2.npz,14266–16633,—,WHITE,FP
continuous_0494_S5_strategy2.npz,16633–19000,—,EIGHT,FP
continuous_0494_S5_strategy2.npz,17015–21294,NINE,NINE,TP
continuous_0495_S5_strategy2.npz,0–4245,LIGHT,LIGHT,TP
continuous_0495_S5_strategy2.npz,2800–5633,—,BLIND,FP
continuous_0495_S5_strategy2.npz,4245–8491,DEAF BLIND,DEAF BLIND,TP
continuous_0495_S5_strategy2.npz,8491–12736,NOVEMBER,NOVEMBER,TP
continuous_0495_S5_strategy2.npz,11266–14100,—,DEAF,FP
continuous_0495_S5_strategy2.npz,12736–17015,ONE,ONE,TP
continuous_0495_S5_strategy2.npz,17015–21144,FRIDAY,FRIDAY,TP
continuous_0495_S5_strategy2.npz,19733–22566,—,HOT,FP
continuous_0495_S5_strategy2.npz,21144–25376,SPAGHETTI,SPAGHETTI,TP
continuous_0496_S5_strategy2.npz,0–4246,SEVEN,SEVEN,TP
continuous_0496_S5_strategy2.npz,4246–8492,SHRIMP,SHRIMP,TP
continuous_0496_S5_strategy2.npz,8492–12758,UNDERSTAND,UNDERSTAND,TP
continuous_0496_S5_strategy2.npz,12758–16853,YESTERDAY,YESTERDAY,TP
continuous_0496_S5_strategy2.npz,16853–21132,FATHER,FATHER,TP
continuous_0496_S5_strategy2.npz,19800–22300,—,MARCH,FP
continuous_0496_S5_strategy2.npz,21132–25378,FEBRUARY,FEBRUARY,TP
continuous_0496_S5_strategy2.npz,24766–27233,—,HOT,FP
continuous_0496_S5_strategy2.npz,25378–29624,GREEN,GREEN,TP
continuous_0497_S5_strategy2.npz,0–4246,SPAGHETTI,SPAGHETTI,TP
continuous_0497_S5_strategy2.npz,3300–6600,—,DON’T UNDERSTAND,FP
continuous_0497_S5_strategy2.npz,4246–8411,DON'T UNDERSTAND,—,FN
continuous_0497_S5_strategy2.npz,6600–9900,—,TEA,FP
continuous_0497_S5_strategy2.npz,8411–12510,TEA,—,FN
continuous_0497_S5_strategy2.npz,9900–13200,—,HELLO,FP
continuous_0497_S5_strategy2.npz,12510–16942,HELLO,—,FN
continuous_0497_S5_strategy2.npz,13200–16533,—,HOT,FP
continuous_0497_S5_strategy2.npz,16942–21188,FIVE,FIVE,TP
continuous_0497_S5_strategy2.npz,21188–25433,BOY,BOY,TP
continuous_0497_S5_strategy2.npz,25433–29678,GRAY,GRAY,TP
continuous_0498_S5_strategy2.npz,0–3833,CORRECT,CORRECT,TP
continuous_0498_S5_strategy2.npz,3066–6166,—,SEPTEMBER,FP
continuous_0498_S5_strategy2.npz,3833–8935,SEPTEMBER,—,FN
continuous_0498_S5_strategy2.npz,8935–13181,EGG,EGG,TP
continuous_0498_S5_strategy2.npz,13181–17427,SEVEN,SEVEN,TP
continuous_0498_S5_strategy2.npz,15433–18533,—,THREE,FP
continuous_0498_S5_strategy2.npz,17427–21593,SEE YOU TOMORROW,SEE YOU TOMORROW,TP
continuous_0499_S5_strategy2.npz,0–4099,RICE,RICE,TP
continuous_0499_S5_strategy2.npz,4099–8378,COLD,COLD,TP
continuous_0499_S5_strategy2.npz,5966–8966,—,FEBRUARY,FP
continuous_0499_S5_strategy2.npz,8378–12591,FEBRUARY,—,FN
continuous_0499_S5_strategy2.npz,8966–11966,—,HOW ARE YOU,FP
continuous_0499_S5_strategy2.npz,11966–14966,—,RICE,FP
continuous_0499_S5_strategy2.npz,12591–17190,HOW ARE YOU,—,FN
continuous_0499_S5_strategy2.npz,14966–17933,—,SIX,FP
continuous_0499_S5_strategy2.npz,17190–21355,SIX,—,FN
continuous_0499_S5_strategy2.npz,17933–20933,—,NO SUGAR,FP
continuous_0499_S5_strategy2.npz,21355–25600,WRONG,WRONG,TP
continuous_0499_S5_strategy2.npz,23933–26933,—,SPAGHETTI,FP
continuous_0499_S5_strategy2.npz,25600–29846,BLUE,BLUE,TP
continuous_0500_S5_strategy2.npz,0–4299,IM FINE,IM FINE,TP
continuous_0500_S5_strategy2.npz,4299–8545,WEELCHAIR PERSON,WEELCHAIR PERSON,TP
continuous_0500_S5_strategy2.npz,8545–12758,FIVE,FIVE,TP
continuous_0500_S5_strategy2.npz,12758–17004,CHICKEN,CHICKEN,TP
continuous_0500_S5_strategy2.npz,16000–19200,—,NO SUGAR,FP
continuous_0500_S5_strategy2.npz,17004–21249,PINK,PINK,TP
continuous_0500_S5_strategy2.npz,21249–25495,NO,NO,TP
continuous_0501_S5_strategy2.npz,0–4278,JUNE,JUNE,TP
continuous_0501_S5_strategy2.npz,4278–8277,AUNTIE,AUNTIE,TP
continuous_0501_S5_strategy2.npz,8277–12523,CRAB,CRAB,TP
continuous_0501_S5_strategy2.npz,12523–16767,TEA,TEA,TP
continuous_0501_S5_strategy2.npz,16767–20932,BLACK,BLACK,TP
continuous_0501_S5_strategy2.npz,20932–25177,UNDERSTAND,UNDERSTAND,TP
continuous_0501_S5_strategy2.npz,23333–26233,—,WINE,FP
continuous_0501_S5_strategy2.npz,25177–29205,THURSDAY,THURSDAY,TP
continuous_0502_S5_strategy2.npz,0–4279,DEAF BLIND,DEAF BLIND,TP
continuous_0502_S5_strategy2.npz,4279–8525,DECEMBER,DECEMBER,TP
continuous_0502_S5_strategy2.npz,8525–12771,GRANDMOTHER,GRANDMOTHER,TP
continuous_0502_S5_strategy2.npz,12771–16984,COLD,COLD,TP
continuous_0502_S5_strategy2.npz,16984–21230,SATURDAY,SATURDAY,TP
continuous_0503_S5_strategy2.npz,0–3899,GOOD EVENING,GOOD EVENING,TP
continuous_0503_S5_strategy2.npz,2300–4600,—,BOY,FP
continuous_0503_S5_strategy2.npz,3899–8178,BOY,—,FN
continuous_0503_S5_strategy2.npz,4600–9200,—,WEELCHAIR PERSON,FP
continuous_0503_S5_strategy2.npz,8178–12457,JULY,JULY,TP
continuous_0503_S5_strategy2.npz,12457–16703,MONDAY,MONDAY,TP
continuous_0503_S5_strategy2.npz,16100–18400,—,YES,FP
continuous_0503_S5_strategy2.npz,16703–20949,GRAY,GRAY,TP
continuous_0503_S5_strategy2.npz,20949–25195,SUGAR,SUGAR,TP
continuous_0504_S5_strategy2.npz,0–4246,THURSDAY,THURSDAY,TP
continuous_0504_S5_strategy2.npz,4246–8478,BOY,BOY,TP
continuous_0504_S5_strategy2.npz,8478–12724,RICE,RICE,TP
continuous_0504_S5_strategy2.npz,12724–16969,DARK,DARK,TP
continuous_0504_S5_strategy2.npz,16969–21215,FIVE,FIVE,TP
continuous_0505_S5_strategy2.npz,0–4246,JANUARY,JANUARY,TP
continuous_0505_S5_strategy2.npz,4246–8492,COFFEE,COFFEE,TP
continuous_0505_S5_strategy2.npz,8100–10833,—,THREE,FP
continuous_0505_S5_strategy2.npz,8492–12738,THREE,—,FN
continuous_0505_S5_strategy2.npz,10833–13533,—,DON’T KNOW,FP
continuous_0505_S5_strategy2.npz,12738–16870,CHICKEN,CHICKEN,TP
continuous_0505_S5_strategy2.npz,16870–21235,GOOD EVENING,GOOD EVENING,TP
continuous_0505_S5_strategy2.npz,21235–25481,AUNTIE,—,FN
continuous_0505_S5_strategy2.npz,21666–24366,—,GIRL,FP
continuous_0505_S5_strategy2.npz,24366–27066,—,AUNTIE,FP
continuous_0505_S5_strategy2.npz,25481–29710,DEAF BLIND,DEAF BLIND,TP
continuous_0506_S5_strategy2.npz,0–4246,BROWN,BROWN,TP
continuous_0506_S5_strategy2.npz,2533–5066,—,SEPTEMBER,FP
continuous_0506_S5_strategy2.npz,4246–8525,MARCH,—,FN
continuous_0506_S5_strategy2.npz,5066–7600,—,WHITE,FP
continuous_0506_S5_strategy2.npz,8525–12771,WOMAN,WOMAN,TP
continuous_0506_S5_strategy2.npz,10133–15200,—,ORANGE,FP
continuous_0506_S5_strategy2.npz,12771–16737,HOW ARE YOU,HOW ARE YOU,TP
continuous_0506_S5_strategy2.npz,16737–20983,PARENTS,PARENTS,TP
continuous_0506_S5_strategy2.npz,20983–25229,DON'T KNOW,DON’T KNOW,TP
continuous_0507_S5_strategy2.npz,0–4732,HOW ARE YOU,HOW ARE YOU,TP
continuous_0507_S5_strategy2.npz,4732–8978,KNOW,KNOW,TP
continuous_0507_S5_strategy2.npz,8978–13224,UNCLE,UNCLE,TP
continuous_0507_S5_strategy2.npz,13224–17470,SEVEN,SEVEN,TP
continuous_0507_S5_strategy2.npz,17470–21715,BREAD,BREAD,TP
continuous_0507_S5_strategy2.npz,21715–25994,FEBRUARY,FEBRUARY,TP
continuous_0508_S5_strategy2.npz,0–4278,YESTERDAY,YESTERDAY,TP
continuous_0508_S5_strategy2.npz,4278–8524,YES,YES,TP
continuous_0508_S5_strategy2.npz,6900–9200,—,EGG,FP
continuous_0508_S5_strategy2.npz,8524–12770,EGG,—,FN
continuous_0508_S5_strategy2.npz,9200–11533,—,NO,FP
continuous_0508_S5_strategy2.npz,11533–13833,—,HOW ARE YOU,FP
continuous_0508_S5_strategy2.npz,12770–17435,HOW ARE YOU,—,FN
continuous_0508_S5_strategy2.npz,13833–18433,—,BREAD,FP
continuous_0508_S5_strategy2.npz,17435–21401,EIGHT,EIGHT,TP
continuous_0508_S5_strategy2.npz,20766–23066,—,APRIL,FP
continuous_0508_S5_strategy2.npz,21401–25647,AUGUST,AUGUST,TP
continuous_0508_S5_strategy2.npz,25647–29893,DEAF BLIND,DEAF BLIND,TP
continuous_0509_S5_strategy2.npz,0–4246,EIGHT,EIGHT,TP
continuous_0509_S5_strategy2.npz,4246–8375,SUNDAY,SUNDAY,TP
continuous_0509_S5_strategy2.npz,8375–12587,GRANDMOTHER,GRANDMOTHER,TP
continuous_0509_S5_strategy2.npz,12587–16753,FISH,FISH,TP
continuous_0509_S5_strategy2.npz,15033–17533,—,WHITE,FP
continuous_0509_S5_strategy2.npz,16753–21485,YOURE WELCOME,YOURE WELCOME,TP
continuous_0509_S5_strategy2.npz,21485–25764,WOMAN,WOMAN,TP
continuous_0509_S5_strategy2.npz,25764–30010,NOVEMBER,NOVEMBER,TP
continuous_0510_S5_strategy2.npz,0–4246,MONDAY,MONDAY,TP
continuous_0510_S5_strategy2.npz,4246–8492,NO SUGAR,NO SUGAR,TP
continuous_0510_S5_strategy2.npz,8492–12758,BROWN,BROWN,TP
continuous_0510_S5_strategy2.npz,12758–17037,EGG,—,FN
continuous_0510_S5_strategy2.npz,14700–18366,—,EGG,FP
continuous_0510_S5_strategy2.npz,17037–20837,IM FINE,IM FINE,TP
continuous_0510_S5_strategy2.npz,20837–25083,APRIL,APRIL,TP
continuous_0510_S5_strategy2.npz,25083–29329,BLIND,BLIND,TP
continuous_0511_S5_strategy2.npz,0–5499,YOURE WELCOME,YOURE WELCOME,TP
continuous_0511_S5_strategy2.npz,2400–4800,—,WHITE,FP
continuous_0511_S5_strategy2.npz,5499–9744,MARRIED,MARRIED,TP
continuous_0511_S5_strategy2.npz,9744–13957,THURSDAY,THURSDAY,TP
continuous_0511_S5_strategy2.npz,13957–18023,DON'T KNOW,DON’T KNOW,TP
continuous_0511_S5_strategy2.npz,18023–22236,JUICE,JUICE,TP
continuous_0511_S5_strategy2.npz,21700–24100,—,MILK,FP
continuous_0511_S5_strategy2.npz,22236–26449,YELLOW,YELLOW,TP
continuous_0512_S5_strategy2.npz,0–4265,THANK YOU,THANK YOU,TP
continuous_0512_S5_strategy2.npz,4265–8511,GRANDMOTHER,GRANDMOTHER,TP
continuous_0512_S5_strategy2.npz,8511–12577,BREAD,BREAD,TP
continuous_0512_S5_strategy2.npz,12577–16856,TEA,TEA,TP
continuous_0512_S5_strategy2.npz,15100–18133,—,DEAF,FP
continuous_0512_S5_strategy2.npz,16856–21102,TEN,TEN,TP
continuous_0513_S5_strategy2.npz,0–4100,DON'T KNOW,DON’T KNOW,TP
continuous_0513_S5_strategy2.npz,2833–5666,—,RED,FP
continuous_0513_S5_strategy2.npz,4100–8379,RED,—,FN
continuous_0513_S5_strategy2.npz,5666–8500,—,SEPTEMBER,FP
continuous_0513_S5_strategy2.npz,8379–12624,SEPTEMBER,—,FN
continuous_0513_S5_strategy2.npz,8500–11333,—,TEN,FP
continuous_0513_S5_strategy2.npz,12624–16989,GOOD EVENING,GOOD EVENING,TP
continuous_0513_S5_strategy2.npz,16989–21201,COLD,COLD,TP
continuous_0513_S5_strategy2.npz,19833–22666,—,MILK,FP
continuous_0513_S5_strategy2.npz,21201–25447,DAUGHTER,DAUGHTER,TP
continuous_0514_S5_strategy2.npz,0–4245,TUESDAY,TUESDAY,TP
continuous_0514_S5_strategy2.npz,4245–8491,SEPTEMBER,SEPTEMBER,TP
continuous_0514_S5_strategy2.npz,8491–12737,GRANDMOTHER,GRANDMOTHER,TP
continuous_0514_S5_strategy2.npz,12737–16983,TEN,TEN,TP
continuous_0514_S5_strategy2.npz,16983–21229,WRONG,WRONG,TP
continuous_0515_S5_strategy2.npz,0–3961,DEAF BLIND,DEAF BLIND,TP
continuous_0515_S5_strategy2.npz,3961–8207,PINK,PINK,TP
continuous_0515_S5_strategy2.npz,7533–10066,—,THREE,FP
continuous_0515_S5_strategy2.npz,8207–12453,NO,NO,TP
continuous_0515_S5_strategy2.npz,12453–16585,TWO,TWO,TP
continuous_0515_S5_strategy2.npz,12600–15100,—,MONDAY,FP
continuous_0515_S5_strategy2.npz,16585–20831,AUNTIE,AUNTIE,TP
continuous_0515_S5_strategy2.npz,20831–25110,MEAT,MEAT,TP
continuous_0516_S5_strategy2.npz,0–4899,HOW ARE YOU,HOW ARE YOU,TP
continuous_0516_S5_strategy2.npz,4899–9145,WRONG,WRONG,TP
continuous_0516_S5_strategy2.npz,7600–11400,—,ONE,FP
continuous_0516_S5_strategy2.npz,9145–13391,ONE,—,FN
continuous_0516_S5_strategy2.npz,13391–17604,TODAY,TODAY,TP
continuous_0516_S5_strategy2.npz,15233–19033,—,FISH,FP
continuous_0516_S5_strategy2.npz,17604–21849,FISH,—,FN
continuous_0516_S5_strategy2.npz,21849–26062,FATHER,FATHER,TP
continuous_0516_S5_strategy2.npz,22833–26633,—,SEPTEMBER,FP
continuous_0516_S5_strategy2.npz,26062–30341,MAY,MAY,TP
continuous_0517_S5_strategy2.npz,0–4245,COFFEE,COFFEE,TP
continuous_0517_S5_strategy2.npz,4245–8491,JANUARY,JANUARY,TP
continuous_0517_S5_strategy2.npz,8491–12737,EGG,EGG,TP
continuous_0517_S5_strategy2.npz,12737–17016,BROWN,BROWN,TP
continuous_0517_S5_strategy2.npz,17016–21295,DON'T UNDERSTAND,DON’T UNDERSTAND,TP
continuous_0518_S5_strategy2.npz,0–4246,SON,SON,TP
continuous_0518_S5_strategy2.npz,2133–4266,—,GRANDMOTHER,FP
continuous_0518_S5_strategy2.npz,4246–8492,MAY,MAY,TP
continuous_0518_S5_strategy2.npz,4266–6400,—,JULY,FP
continuous_0518_S5_strategy2.npz,8492–12770,BEER,BEER,TP
continuous_0518_S5_strategy2.npz,12770–16603,NO,NO,TP
continuous_0518_S5_strategy2.npz,16603–21335,HOW ARE YOU,HOW ARE YOU,TP
continuous_0518_S5_strategy2.npz,17100–19233,—,YES,FP
continuous_0519_S5_strategy2.npz,0–4246,SATURDAY,SATURDAY,TP
continuous_0519_S5_strategy2.npz,3133–6266,—,KNOW,FP
continuous_0519_S5_strategy2.npz,4246–8492,KNOW,—,FN
continuous_0519_S5_strategy2.npz,8492–12738,BLUE,BLUE,TP
continuous_0519_S5_strategy2.npz,12738–16937,BREAD,BREAD,TP
continuous_0519_S5_strategy2.npz,16937–21169,MOTHER,MOTHER,TP
continuous_0519_S5_strategy2.npz,21169–25101,HELLO,HELLO,TP
continuous_0520_S5_strategy2.npz,0–3995,BLIND,BLIND,TP
continuous_0520_S5_strategy2.npz,3995–8241,MONDAY,MONDAY,TP
continuous_0520_S5_strategy2.npz,8241–12487,SPAGHETTI,SPAGHETTI,TP
continuous_0520_S5_strategy2.npz,12487–16619,GOOD AFTERNOON,GOOD AFTERNOON,TP
continuous_0520_S5_strategy2.npz,16619–20865,MOTHER,MOTHER,TP
continuous_0520_S5_strategy2.npz,20865–25111,LIGHT,LIGHT,TP
continuous_0521_S5_strategy2.npz,0–4246,COUSIN,COUSIN,TP
continuous_0521_S5_strategy2.npz,2600–5233,—,BLUE,FP
continuous_0521_S5_strategy2.npz,4246–8459,JUICE,JUICE,TP
continuous_0521_S5_strategy2.npz,7833–10466,—,EGG,FP
continuous_0521_S5_strategy2.npz,8459–12425,EGG,—,FN
continuous_0521_S5_strategy2.npz,10466–13100,—,JUNE,FP
continuous_0521_S5_strategy2.npz,12425–16638,JANUARY,JANUARY,TP
continuous_0521_S5_strategy2.npz,15700–18333,—,AUGUST,FP
continuous_0521_S5_strategy2.npz,16638–20883,GRAY,GRAY,TP
continuous_0522_S5_strategy2.npz,0–4165,YELLOW,YELLOW,TP
continuous_0522_S5_strategy2.npz,2066–4133,—,GIRL,FP
continuous_0522_S5_strategy2.npz,4165–8443,FIVE,FIVE,TP
continuous_0522_S5_strategy2.npz,6200–8266,—,THREE,FP
continuous_0522_S5_strategy2.npz,8266–10333,—,SEPTEMBER,FP
continuous_0522_S5_strategy2.npz,8443–12689,MAY,MAY,TP
continuous_0522_S5_strategy2.npz,12400–14466,—,BLIND,FP
continuous_0522_S5_strategy2.npz,12689–18321,SEE YOU TOMORROW,SEE YOU TOMORROW,TP
continuous_0522_S5_strategy2.npz,16533–18600,—,TOMORROW,FP
continuous_0522_S5_strategy2.npz,18321–22567,FATHER,FATHER,TP
continuous_0522_S5_strategy2.npz,22567–26812,DEAF BLIND,DEAF BLIND,TP
continuous_0522_S5_strategy2.npz,22733–24800,—,BLIND,FP
continuous_0523_S5_strategy2.npz,0–4532,GOOD EVENING,GOOD EVENING,TP
continuous_0523_S5_strategy2.npz,4532–8778,WRONG,WRONG,TP
continuous_0523_S5_strategy2.npz,8778–13024,DAUGHTER,DAUGHTER,TP
continuous_0523_S5_strategy2.npz,10766–14366,—,SPAGHETTI,FP
continuous_0523_S5_strategy2.npz,13024–17237,COLD,COLD,TP
continuous_0523_S5_strategy2.npz,17237–21483,BREAD,BREAD,TP
continuous_0524_S5_strategy2.npz,0–4246,FAST,FAST,TP
continuous_0524_S5_strategy2.npz,4246–8274,TUESDAY,TUESDAY,TP
continuous_0524_S5_strategy2.npz,8274–12520,FOUR,FOUR,TP
continuous_0524_S5_strategy2.npz,12520–16733,NO SUGAR,NO SUGAR,TP
continuous_0524_S5_strategy2.npz,14900–17900,—,SUGAR,FP
continuous_0524_S5_strategy2.npz,16733–20979,EGG,EGG,TP
continuous_0524_S5_strategy2.npz,20979–25225,DEAF BLIND,DEAF BLIND,TP
continuous_0524_S5_strategy2.npz,25225–29724,HELLO,HELLO,TP
continuous_0525_S5_strategy2.npz,0–4246,UNDERSTAND,UNDERSTAND,TP
continuous_0525_S5_strategy2.npz,4246–8491,DEAF,DEAF,TP
continuous_0525_S5_strategy2.npz,8491–12770,FEBRUARY,FEBRUARY,TP
continuous_0525_S5_strategy2.npz,12770–17016,GRANDFATHER,GRANDFATHER,TP
continuous_0525_S5_strategy2.npz,17016–21262,RED,RED,TP
continuous_0525_S5_strategy2.npz,21262–25508,FOUR,FOUR,TP
continuous_0526_S5_strategy2.npz,0–4246,RED,RED,TP
continuous_0526_S5_strategy2.npz,2366–4766,—,HOW ARE YOU,FP
continuous_0526_S5_strategy2.npz,4246–8711,HOW ARE YOU,—,FN
continuous_0526_S5_strategy2.npz,4766–7133,—,BREAD,FP
continuous_0526_S5_strategy2.npz,7133–9533,—,OCTOBER,FP
continuous_0526_S5_strategy2.npz,8711–13176,OCTOBER,—,FN
continuous_0526_S5_strategy2.npz,9533–11900,—,MARCH,FP
continuous_0526_S5_strategy2.npz,11900–14300,—,OCTOBER,FP
continuous_0526_S5_strategy2.npz,13176–17342,WRONG,WRONG,TP
continuous_0526_S5_strategy2.npz,16666–19066,—,AUNTIE,FP
continuous_0526_S5_strategy2.npz,17342–21437,TOMORROW,TOMORROW,TP
continuous_0527_S5_strategy2.npz,0–4000,FAST,FAST,TP
continuous_0527_S5_strategy2.npz,4000–8246,MEAT,MEAT,TP
continuous_0527_S5_strategy2.npz,8246–12492,MOTHER,MOTHER,TP
continuous_0527_S5_strategy2.npz,10633–14166,—,SEE YOU TOMORROW,FP
continuous_0527_S5_strategy2.npz,12492–16258,GOOD MORNING,GOOD MORNING,TP
continuous_0527_S5_strategy2.npz,16258–20504,TODAY,TODAY,TP
continuous_0527_S5_strategy2.npz,20504–24750,SUGAR,SUGAR,TP
continuous_0528_S5_strategy2.npz,0–4332,SEE YOU TOMORROW,SEE YOU TOMORROW,TP
continuous_0528_S5_strategy2.npz,2833–5700,—,TUESDAY,FP
continuous_0528_S5_strategy2.npz,4332–8597,DON'T UNDERSTAND,DON’T UNDERSTAND,TP
continuous_0528_S5_strategy2.npz,8597–12842,SPAGHETTI,SPAGHETTI,TP
continuous_0528_S5_strategy2.npz,12842–17087,BOY,BOY,TP
continuous_0528_S5_strategy2.npz,17087–21366,ONE,ONE,TP
continuous_0528_S5_strategy2.npz,21366–25612,BEER,BEER,TP
continuous_0529_S5_strategy2.npz,0–4279,VIOLET,VIOLET,TP
continuous_0529_S5_strategy2.npz,4279–8525,KNOW,KNOW,TP
continuous_0529_S5_strategy2.npz,8525–12824,GOOD MORNING,GOOD MORNING,TP
continuous_0529_S5_strategy2.npz,12824–17023,EGG,EGG,TP
continuous_0529_S5_strategy2.npz,17023–21269,YESTERDAY,YESTERDAY,TP
continuous_0530_S5_strategy2.npz,0–4232,COFFEE,COFFEE,TP
continuous_0530_S5_strategy2.npz,4232–9164,MAN,MAN,TP
continuous_0530_S5_strategy2.npz,9164–13410,NOVEMBER,NOVEMBER,TP
continuous_0530_S5_strategy2.npz,12533–15666,—,AUGUST,FP
continuous_0530_S5_strategy2.npz,13410–17656,AUNTIE,AUNTIE,TP
continuous_0530_S5_strategy2.npz,17656–21902,TODAY,TODAY,TP
continuous_0531_S5_strategy2.npz,0–4266,BLUE,BLUE,TP
continuous_0531_S5_strategy2.npz,4266–8531,GOOD MORNING,GOOD MORNING,TP
continuous_0531_S5_strategy2.npz,6333–9533,—,KNOW,FP
continuous_0531_S5_strategy2.npz,8531–12744,DON'T KNOW,DON’T KNOW,TP
continuous_0531_S5_strategy2.npz,12744–16909,EIGHT,EIGHT,TP
continuous_0531_S5_strategy2.npz,15866–19066,—,NO,FP
continuous_0531_S5_strategy2.npz,16909–21154,BEER,BEER,TP
continuous_0531_S5_strategy2.npz,21154–25400,SATURDAY,SATURDAY,TP
continuous_0532_S5_strategy2.npz,0–4246,DEAF,DEAF,TP
continuous_0532_S5_strategy2.npz,4246–8491,YESTERDAY,YESTERDAY,TP
continuous_0532_S5_strategy2.npz,8491–12737,DON'T KNOW,DON’T KNOW,TP
continuous_0532_S5_strategy2.npz,8933–11933,—,KNOW,FP
continuous_0532_S5_strategy2.npz,12737–16983,FISH,FISH,TP
continuous_0532_S5_strategy2.npz,16983–21229,BEER,—,FN
continuous_0532_S5_strategy2.npz,17900–20900,—,DEAF,FP
continuous_0532_S5_strategy2.npz,21229–25508,THREE,THREE,TP
continuous_0532_S5_strategy2.npz,25508–29720,DECEMBER,DECEMBER,TP
continuous_0533_S5_strategy2.npz,0–4246,BLIND,BLIND,TP
continuous_0533_S5_strategy2.npz,2400–4833,—,DEAF BLIND,FP
continuous_0533_S5_strategy2.npz,4246–8492,WINE,WINE,TP
continuous_0533_S5_strategy2.npz,7266–12100,—,PINK,FP
continuous_0533_S5_strategy2.npz,8492–12992,UNDERSTAND,UNDERSTAND,TP
continuous_0533_S5_strategy2.npz,12992–17237,MARCH,MARCH,TP
continuous_0533_S5_strategy2.npz,17237–21736,NICE TO MEET YOU,NICE TO MEET YOU,TP
continuous_0534_S5_strategy2.npz,0–4246,UNDERSTAND,UNDERSTAND,TP
continuous_0534_S5_strategy2.npz,3166–6366,—,FAST,FP
continuous_0534_S5_strategy2.npz,4246–8492,FRIDAY,FRIDAY,TP
continuous_0534_S5_strategy2.npz,8492–12591,CHICKEN,CHICKEN,TP
continuous_0534_S5_strategy2.npz,12591–16870,MARRIED,MARRIED,TP
continuous_0534_S5_strategy2.npz,16870–21116,GRANDMOTHER,GRANDMOTHER,TP
continuous_0534_S5_strategy2.npz,21116–25362,APRIL,APRIL,TP
continuous_0535_S5_strategy2.npz,0–4245,GIRL,GIRL,TP
continuous_0535_S5_strategy2.npz,2300–4600,—,DON’T UNDERSTAND,FP
continuous_0535_S5_strategy2.npz,4245–8491,WINE,WINE,TP
continuous_0535_S5_strategy2.npz,6933–9233,—,PINK,FP
continuous_0535_S5_strategy2.npz,8491–12737,GREEN,GREEN,TP
continuous_0535_S5_strategy2.npz,12737–16983,CORRECT,CORRECT,TP
continuous_0535_S5_strategy2.npz,16983–21196,THURSDAY,THURSDAY,TP
continuous_0535_S5_strategy2.npz,21196–25358,NOVEMBER,NOVEMBER,TP
continuous_0536_S5_strategy2.npz,0–4246,WOMAN,WOMAN,TP
continuous_0536_S5_strategy2.npz,4246–8492,NO SUGAR,NO SUGAR,TP
continuous_0536_S5_strategy2.npz,8492–12491,GREEN,GREEN,TP
continuous_0536_S5_strategy2.npz,12491–16284,JULY,JULY,TP
continuous_0536_S5_strategy2.npz,16200–18500,—,SPAGHETTI,FP
continuous_0536_S5_strategy2.npz,16284–20483,CRAB,CRAB,TP
continuous_0536_S5_strategy2.npz,20483–25415,GOOD AFTERNOON,GOOD AFTERNOON,TP
continuous_0537_S5_strategy2.npz,0–4397,JULY,JULY,TP
continuous_0537_S5_strategy2.npz,2333–4700,—,AUGUST,FP
continuous_0537_S5_strategy2.npz,4397–8796,SEE YOU TOMORROW,SEE YOU TOMORROW,TP
continuous_0537_S5_strategy2.npz,7033–9400,—,WHITE,FP
continuous_0537_S5_strategy2.npz,8796–13042,FIVE,FIVE,TP
continuous_0537_S5_strategy2.npz,13042–17288,COLD,COLD,TP
continuous_0537_S5_strategy2.npz,17288–21534,DAUGHTER,DAUGHTER,TP
continuous_0537_S5_strategy2.npz,21534–25780,YES,YES,TP
continuous_0538_S5_strategy2.npz,0–4246,JULY,JULY,TP
continuous_0538_S5_strategy2.npz,2533–5066,—,AUGUST,FP
continuous_0538_S5_strategy2.npz,4246–8312,LONGANISA,LONGANISA,TP
continuous_0538_S5_strategy2.npz,8312–12557,BEER,BEER,TP
continuous_0538_S5_strategy2.npz,10133–12700,—,NO,FP
continuous_0538_S5_strategy2.npz,12557–16802,NO,—,FN
continuous_0538_S5_strategy2.npz,12700–15233,—,GOOD MORNING,FP
continuous_0538_S5_strategy2.npz,16802–21048,SUNDAY,SUNDAY,TP
continuous_0538_S5_strategy2.npz,20300–22833,—,SEE YOU TOMORROW,FP
continuous_0538_S5_strategy2.npz,21048–25294,DEAF BLIND,DEAF BLIND,TP
continuous_0539_S5_strategy2.npz,0–4246,TUESDAY,TUESDAY,TP
continuous_0539_S5_strategy2.npz,3533–7100,—,ONE,FP
continuous_0539_S5_strategy2.npz,4246–8478,FISH,FISH,TP
continuous_0539_S5_strategy2.npz,8478–12724,MILK,MILK,TP
continuous_0539_S5_strategy2.npz,12724–16970,WEELCHAIR PERSON,WEELCHAIR PERSON,TP
continuous_0539_S5_strategy2.npz,16970–21216,TWO,TWO,TP
continuous_0540_S5_strategy2.npz,0–4279,SEPTEMBER,SEPTEMBER,TP
continuous_0540_S5_strategy2.npz,2700–5433,—,MARCH,FP
continuous_0540_S5_strategy2.npz,4279–8558,WRONG,WRONG,TP
continuous_0540_S5_strategy2.npz,8133–10866,—,NO SUGAR,FP
continuous_0540_S5_strategy2.npz,8558–12804,SIX,SIX,TP
continuous_0540_S5_strategy2.npz,12804–17050,DARK,DARK,TP
continuous_0540_S5_strategy2.npz,17050–21263,FRIDAY,FRIDAY,TP
continuous_0540_S5_strategy2.npz,21263–25509,COFFEE,COFFEE,TP
continuous_0540_S5_strategy2.npz,21733–24433,—,EIGHT,FP
continuous_0540_S5_strategy2.npz,25509–29755,WOMAN,WOMAN,TP
continuous_0541_S5_strategy2.npz,0–4246,KNOW,KNOW,TP
continuous_0541_S5_strategy2.npz,2666–5333,—,BOY,FP
continuous_0541_S5_strategy2.npz,4246–8492,BOY,—,FN
continuous_0541_S5_strategy2.npz,5333–8000,—,GIRL,FP
continuous_0541_S5_strategy2.npz,8492–12738,NINE,NINE,TP
continuous_0541_S5_strategy2.npz,10666–13333,—,EIGHT,FP
continuous_0541_S5_strategy2.npz,12738–16984,AUGUST,AUGUST,TP
continuous_0541_S5_strategy2.npz,16984–21230,MILK,MILK,TP
continuous_0542_S5_strategy2.npz,0–4246,SHRIMP,SHRIMP,TP
continuous_0542_S5_strategy2.npz,3166–6366,—,GRAY,FP
continuous_0542_S5_strategy2.npz,4246–8492,GRAY,—,FN
continuous_0542_S5_strategy2.npz,6366–9566,—,GOOD AFTERNOON,FP
continuous_0542_S5_strategy2.npz,8492–11791,GOOD AFTERNOON,—,FN
continuous_0542_S5_strategy2.npz,9566–12766,—,SIX,FP
continuous_0542_S5_strategy2.npz,11791–16037,SIX,—,FN
continuous_0542_S5_strategy2.npz,16037–20132,DECEMBER,DECEMBER,TP
continuous_0542_S5_strategy2.npz,20132–24378,GIRL,GIRL,TP
continuous_0542_S5_strategy2.npz,22333–25533,—,AUNTIE,FP
continuous_0542_S5_strategy2.npz,24378–28624,WEDNESDAY,WEDNESDAY,TP
continuous_0543_S5_strategy2.npz,0–4212,WOMAN,WOMAN,TP
continuous_0543_S5_strategy2.npz,4212–8458,TOMORROW,TOMORROW,TP
continuous_0543_S5_strategy2.npz,6433–8566,—,TEN,FP
continuous_0543_S5_strategy2.npz,8458–13090,GOOD EVENING,GOOD EVENING,TP
continuous_0543_S5_strategy2.npz,12866–15000,—,GRANDFATHER,FP
continuous_0543_S5_strategy2.npz,13090–17336,SON,SON,TP
continuous_0543_S5_strategy2.npz,17133–19300,—,HARD OF HEARING,FP
continuous_0543_S5_strategy2.npz,17336–21401,BEER,BEER,TP
continuous_0543_S5_strategy2.npz,21401–25647,FOUR,FOUR,TP
continuous_0543_S5_strategy2.npz,21433–23566,—,YES,FP
continuous_0544_S5_strategy2.npz,0–4099,GRAY,GRAY,TP
continuous_0544_S5_strategy2.npz,3000–6000,—,HOW ARE YOU,FP
continuous_0544_S5_strategy2.npz,4099–8345,BREAD,BREAD,TP
continuous_0544_S5_strategy2.npz,8345–12591,PARENTS,PARENTS,TP
continuous_0544_S5_strategy2.npz,12033–15066,—,WEDNESDAY,FP
continuous_0544_S5_strategy2.npz,12591–16823,THANK YOU,THANK YOU,TP
continuous_0544_S5_strategy2.npz,16823–21068,TEA,TEA,TP
continuous_0545_S5_strategy2.npz,0–4297,DECEMBER,DECEMBER,TP
continuous_0545_S5_strategy2.npz,2666–5366,—,EGG,FP
continuous_0545_S5_strategy2.npz,4297–8576,EGG,—,FN
continuous_0545_S5_strategy2.npz,5366–8033,—,RED,FP
continuous_0545_S5_strategy2.npz,8576–12821,DEAF BLIND,DEAF BLIND,TP
continuous_0545_S5_strategy2.npz,10733–13400,—,GIRL,FP
continuous_0545_S5_strategy2.npz,12821–17100,EIGHT,EIGHT,TP
continuous_0545_S5_strategy2.npz,17100–21379,PARENTS,PARENTS,TP
continuous_0546_S5_strategy2.npz,0–4246,SUNDAY,SUNDAY,TP
continuous_0546_S5_strategy2.npz,2700–5400,—,JULY,FP
continuous_0546_S5_strategy2.npz,4246–8576,SEPTEMBER,SEPTEMBER,TP
continuous_0546_S5_strategy2.npz,8576–12822,BLIND,BLIND,TP
continuous_0546_S5_strategy2.npz,10833–13533,—,DEAF,FP
continuous_0546_S5_strategy2.npz,12822–17021,FIVE,FIVE,TP
continuous_0546_S5_strategy2.npz,17021–21267,UNDERSTAND,UNDERSTAND,TP
continuous_0546_S5_strategy2.npz,21267–25513,BLUE,BLUE,TP
continuous_0546_S5_strategy2.npz,24400–27100,—,SUGAR,FP
continuous_0546_S5_strategy2.npz,25513–29726,COFFEE,COFFEE,TP
continuous_0547_S5_strategy2.npz,0–4246,YES,YES,TP
continuous_0547_S5_strategy2.npz,4246–8492,MILK,MILK,TP
continuous_0547_S5_strategy2.npz,8492–12657,GOOD AFTERNOON,GOOD AFTERNOON,TP
continuous_0547_S5_strategy2.npz,12657–16623,GRANDFATHER,GRANDFATHER,TP
continuous_0547_S5_strategy2.npz,16623–20869,LONGANISA,LONGANISA,TP
continuous_0548_S5_strategy2.npz,0–4246,HARD OF HEARING,HARD OF HEARING,TP
continuous_0548_S5_strategy2.npz,4246–8426,RED,RED,TP
continuous_0548_S5_strategy2.npz,8426–12672,JUICE,JUICE,TP
continuous_0548_S5_strategy2.npz,12672–16885,YES,YES,TP
continuous_0548_S5_strategy2.npz,16885–21130,SATURDAY,SATURDAY,TP
continuous_0549_S5_strategy2.npz,0–4279,UNCLE,UNCLE,TP
continuous_0549_S5_strategy2.npz,2566–5166,—,IM FINE,FP
continuous_0549_S5_strategy2.npz,4279–8778,IM FINE,—,FN
continuous_0549_S5_strategy2.npz,5166–7733,—,THREE,FP
continuous_0549_S5_strategy2.npz,7733–10333,—,SIX,FP
continuous_0549_S5_strategy2.npz,8778–13057,SIX,—,FN
continuous_0549_S5_strategy2.npz,10333–12933,—,JUNE,FP
continuous_0549_S5_strategy2.npz,12933–15500,—,APRIL,FP
continuous_0549_S5_strategy2.npz,13057–17269,NOVEMBER,NOVEMBER,TP
continuous_0549_S5_strategy2.npz,17269–21514,RICE,RICE,TP
continuous_0549_S5_strategy2.npz,18100–20666,—,JANUARY,FP
continuous_0549_S5_strategy2.npz,21514–25760,MONDAY,MONDAY,TP
continuous_0550_S5_strategy2.npz,0–4279,BLACK,BLACK,TP
continuous_0550_S5_strategy2.npz,2300–4633,—,GRANDFATHER,FP
continuous_0550_S5_strategy2.npz,4279–8525,SON,SON,TP
continuous_0550_S5_strategy2.npz,6966–9300,—,GRANDMOTHER,FP
continuous_0550_S5_strategy2.npz,8525–12770,SATURDAY,SATURDAY,TP
continuous_0550_S5_strategy2.npz,9300–11633,—,SPAGHETTI,FP
continuous_0550_S5_strategy2.npz,12770–17016,MEAT,MEAT,TP
continuous_0550_S5_strategy2.npz,16266–18600,—,SLOW,FP
continuous_0550_S5_strategy2.npz,17016–21248,GOOD AFTERNOON,GOOD AFTERNOON,TP
continuous_0550_S5_strategy2.npz,21248–25493,JULY,JULY,TP
continuous_0551_S5_strategy2.npz,0–4232,DAUGHTER,DAUGHTER,TP
continuous_0551_S5_strategy2.npz,2966–5933,—,GRAY,FP
continuous_0551_S5_strategy2.npz,4232–8478,GRAY,—,FN
continuous_0551_S5_strategy2.npz,5933–8933,—,THANK YOU,FP
continuous_0551_S5_strategy2.npz,8478–12777,THANK YOU,—,FN
continuous_0551_S5_strategy2.npz,8933–11900,—,TOMORROW,FP
continuous_0551_S5_strategy2.npz,11900–14900,—,ONE,FP
continuous_0551_S5_strategy2.npz,12777–16990,TOMORROW,—,FN
continuous_0551_S5_strategy2.npz,14900–17866,—,FAST,FP
continuous_0551_S5_strategy2.npz,16990–21236,FAST,—,FN
continuous_0551_S5_strategy2.npz,17866–20833,—,UNDERSTAND,FP
continuous_0551_S5_strategy2.npz,21236–25449,DECEMBER,DECEMBER,TP
continuous_0551_S5_strategy2.npz,23833–26800,—,AUGUST,FP
continuous_0551_S5_strategy2.npz,25449–29695,SEVEN,SEVEN,TP
continuous_0552_S5_strategy2.npz,0–4246,RICE,RICE,TP
continuous_0552_S5_strategy2.npz,4246–8491,GIRL,GIRL,TP
continuous_0552_S5_strategy2.npz,6366–8500,—,AUNTIE,FP
continuous_0552_S5_strategy2.npz,8491–12690,IM FINE,IM FINE,TP
continuous_0552_S5_strategy2.npz,12690–16936,APRIL,APRIL,TP
continuous_0552_S5_strategy2.npz,14900–17033,—,MILK,FP
continuous_0552_S5_strategy2.npz,16936–21214,GREEN,GREEN,TP
continuous_0552_S5_strategy2.npz,19166–23433,—,DEAF BLIND,FP
continuous_0552_S5_strategy2.npz,21214–25460,TOMORROW,TOMORROW,TP
continuous_0553_S5_strategy2.npz,0–4279,DARK,DARK,TP
continuous_0553_S5_strategy2.npz,4279–8525,COFFEE,COFFEE,TP
continuous_0553_S5_strategy2.npz,7700–10266,—,WEDNESDAY,FP
continuous_0553_S5_strategy2.npz,8525–12687,WEDNESDAY,—,FN
continuous_0553_S5_strategy2.npz,10266–12833,—,NO,FP
continuous_0553_S5_strategy2.npz,12687–17186,HOW ARE YOU,HOW ARE YOU,TP
continuous_0553_S5_strategy2.npz,15400–23100,—,TEN,FP
continuous_0553_S5_strategy2.npz,17186–21418,AUNTIE,—,FN
continuous_0553_S5_strategy2.npz,21418–25631,TEN,TEN,TP
continuous_0554_S5_strategy2.npz,0–4279,TODAY,TODAY,TP
continuous_0554_S5_strategy2.npz,2933–5900,—,APRIL,FP
continuous_0554_S5_strategy2.npz,4279–8492,APRIL,—,FN
continuous_0554_S5_strategy2.npz,5900–8833,—,SPAGHETTI,FP
continuous_0554_S5_strategy2.npz,8492–12738,SPAGHETTI,—,FN
continuous_0554_S5_strategy2.npz,8833–11800,—,DON’T KNOW,FP
continuous_0554_S5_strategy2.npz,12738–16804,HELLO,HELLO,TP
continuous_0554_S5_strategy2.npz,14766–17700,—,THREE,FP
continuous_0554_S5_strategy2.npz,16804–21050,NO,NO,TP
continuous_0554_S5_strategy2.npz,21050–25296,JUICE,—,FN
continuous_0554_S5_strategy2.npz,23600–26566,—,JUICE,FP
continuous_0554_S5_strategy2.npz,25296–29428,COUSIN,COUSIN,TP
continuous_0555_S5_strategy2.npz,0–4279,YES,YES,TP
continuous_0555_S5_strategy2.npz,2733–5466,—,TUESDAY,FP
continuous_0555_S5_strategy2.npz,4279–7434,TUESDAY,—,FN
continuous_0555_S5_strategy2.npz,5466–8200,—,FISH,FP
continuous_0555_S5_strategy2.npz,7434–11647,WHITE,WHITE,TP
continuous_0555_S5_strategy2.npz,11647–15892,HOT,HOT,TP
continuous_0555_S5_strategy2.npz,15892–20324,GOOD MORNING,GOOD MORNING,TP
continuous_0555_S5_strategy2.npz,20324–24570,GIRL,GIRL,TP
continuous_0556_S5_strategy2.npz,0–4246,BOY,BOY,TP
continuous_0556_S5_strategy2.npz,2766–5533,—,WEELCHAIR PERSON,FP
continuous_0556_S5_strategy2.npz,4246–8492,SUNDAY,SUNDAY,TP
continuous_0556_S5_strategy2.npz,8492–12324,YOURE WELCOME,YOURE WELCOME,TP
continuous_0556_S5_strategy2.npz,11066–13833,—,DARK,FP
continuous_0556_S5_strategy2.npz,12324–16323,DARK,—,FN
continuous_0556_S5_strategy2.npz,13833–16600,—,JUNE,FP
continuous_0556_S5_strategy2.npz,16323–20569,JANUARY,JANUARY,TP
continuous_0556_S5_strategy2.npz,20569–24815,SEVEN,SEVEN,TP
continuous_0557_S5_strategy2.npz,0–4279,COUSIN,COUSIN,TP
continuous_0557_S5_strategy2.npz,4279–8525,CORRECT,CORRECT,TP
continuous_0557_S5_strategy2.npz,8525–12771,MAN,MAN,TP
continuous_0557_S5_strategy2.npz,12771–17017,OCTOBER,OCTOBER,TP
continuous_0557_S5_strategy2.npz,17017–21230,VIOLET,—,FN
continuous_0557_S5_strategy2.npz,19200–22400,—,VIOLET,FP
continuous_0557_S5_strategy2.npz,21230–25476,COFFEE,COFFEE,TP
continuous_0558_S5_strategy2.npz,0–4245,FOUR,FOUR,TP
continuous_0558_S5_strategy2.npz,2666–5366,—,IM FINE,FP
continuous_0558_S5_strategy2.npz,4245–8744,IM FINE,—,FN
continuous_0558_S5_strategy2.npz,5366–8066,—,GRANDMOTHER,FP
continuous_0558_S5_strategy2.npz,8744–12990,MAN,MAN,TP
continuous_0558_S5_strategy2.npz,12990–17253,SEPTEMBER,SEPTEMBER,TP
continuous_0558_S5_strategy2.npz,17253–21498,YELLOW,YELLOW,TP
continuous_0559_S5_strategy2.npz,0–4246,JANUARY,JANUARY,TP
continuous_0559_S5_strategy2.npz,4246–8525,CRAB,CRAB,TP
continuous_0559_S5_strategy2.npz,8525–12590,LIGHT,LIGHT,TP
continuous_0559_S5_strategy2.npz,12590–16869,DON'T UNDERSTAND,DON’T UNDERSTAND,TP
continuous_0559_S5_strategy2.npz,14566–18200,—,NO SUGAR,FP
continuous_0559_S5_strategy2.npz,16869–21147,TODAY,TODAY,TP
continuous_0559_S5_strategy2.npz,21147–25393,GIRL,GIRL,TP
continuous_0560_S5_strategy2.npz,0–4246,BLIND,BLIND,TP
continuous_0560_S5_strategy2.npz,2800–5600,—,AUGUST,FP
continuous_0560_S5_strategy2.npz,4246–8946,AUGUST,—,FN
continuous_0560_S5_strategy2.npz,5600–8400,—,SLOW,FP
continuous_0560_S5_strategy2.npz,8400–14000,—,THANK YOU,FP
continuous_0560_S5_strategy2.npz,8946–13192,SLOW,—,FN
continuous_0560_S5_strategy2.npz,13192–17457,THANK YOU,—,FN
continuous_0560_S5_strategy2.npz,14000–16833,—,WEDNESDAY,FP
continuous_0560_S5_strategy2.npz,16833–19633,—,SIX,FP
continuous_0560_S5_strategy2.npz,17457–25278,WEDNESDAY,—,FN
continuous_0560_S5_strategy2.npz,19633–25233,—,RED,FP
continuous_0560_S5_strategy2.npz,25278–29477,SEVEN,SEVEN,TP
continuous_0560_S5_strategy2.npz,28033–30833,—,SIX,FP
continuous_0560_S5_strategy2.npz,29477–33723,UNCLE,UNCLE,TP
continuous_0561_S5_strategy2.npz,0–4246,TEA,TEA,TP
continuous_0561_S5_strategy2.npz,2500–5033,—,FEBRUARY,FP
continuous_0561_S5_strategy2.npz,4246–8492,PINK,PINK,TP
continuous_0561_S5_strategy2.npz,7533–10066,—,WRONG,FP
continuous_0561_S5_strategy2.npz,8492–12792,WRONG,—,FN
continuous_0561_S5_strategy2.npz,10066–12600,—,JULY,FP
continuous_0561_S5_strategy2.npz,12792–16988,SEPTEMBER,SEPTEMBER,TP
continuous_0561_S5_strategy2.npz,16988–21150,DEAF,DEAF,TP
continuous_0561_S5_strategy2.npz,21150–25149,SON,SON,TP
continuous_0562_S5_strategy2.npz,0–4265,JUICE,JUICE,TP
continuous_0562_S5_strategy2.npz,4265–8544,MARRIED,MARRIED,TP
continuous_0562_S5_strategy2.npz,8544–12776,HELLO,HELLO,TP
continuous_0562_S5_strategy2.npz,12776–17022,KNOW,KNOW,TP
continuous_0562_S5_strategy2.npz,15233–18266,—,THANK YOU,FP
continuous_0562_S5_strategy2.npz,17022–21268,TODAY,TODAY,TP
continuous_0563_S5_strategy2.npz,0–4246,MOTHER,MOTHER,TP
continuous_0563_S5_strategy2.npz,2833–5666,—,TODAY,FP
continuous_0563_S5_strategy2.npz,4246–8241,TODAY,—,FN
continuous_0563_S5_strategy2.npz,5666–8500,—,SPAGHETTI,FP
continuous_0563_S5_strategy2.npz,8241–12487,CRAB,CRAB,TP
continuous_0563_S5_strategy2.npz,12487–16733,NOVEMBER,NOVEMBER,TP
continuous_0563_S5_strategy2.npz,16733–21232,THANK YOU,THANK YOU,TP
continuous_0563_S5_strategy2.npz,21232–25478,GREEN,GREEN,TP
continuous_0564_S5_strategy2.npz,0–4245,GRANDFATHER,GRANDFATHER,TP
continuous_0564_S5_strategy2.npz,2333–4700,—,GRANDMOTHER,FP
continuous_0564_S5_strategy2.npz,4245–8491,MARRIED,MARRIED,TP
continuous_0564_S5_strategy2.npz,7033–9400,—,SHRIMP,FP
continuous_0564_S5_strategy2.npz,8491–12737,COLD,COLD,TP
continuous_0564_S5_strategy2.npz,12737–17002,EIGHT,EIGHT,TP
continuous_0564_S5_strategy2.npz,17002–21101,WHITE,—,FN
continuous_0564_S5_strategy2.npz,18800–21166,—,WHITE,FP
continuous_0565_S5_strategy2.npz,0–4246,DARK,DARK,TP
continuous_0565_S5_strategy2.npz,4246–8492,NINE,NINE,TP
continuous_0565_S5_strategy2.npz,8492–12738,WEDNESDAY,WEDNESDAY,TP
continuous_0565_S5_strategy2.npz,12738–17017,JANUARY,JANUARY,TP
continuous_0565_S5_strategy2.npz,17017–21017,NO,NO,TP
continuous_0565_S5_strategy2.npz,21017–25263,GRANDFATHER,GRANDFATHER,TP
continuous_0566_S5_strategy2.npz,0–4246,GREEN,GREEN,TP
continuous_0566_S5_strategy2.npz,4246–8492,HOT,HOT,TP
continuous_0566_S5_strategy2.npz,6633–9933,—,DEAF,FP
continuous_0566_S5_strategy2.npz,8492–13757,HOW ARE YOU,HOW ARE YOU,TP
continuous_0566_S5_strategy2.npz,13757–17956,TEN,TEN,TP
continuous_0566_S5_strategy2.npz,17956–22202,DEAF BLIND,DEAF BLIND,TP
continuous_0566_S5_strategy2.npz,22202–26468,SPAGHETTI,SPAGHETTI,TP
continuous_0567_S5_strategy2.npz,0–4246,JUNE,JUNE,TP
continuous_0567_S5_strategy2.npz,4246–8491,SON,SON,TP
continuous_0567_S5_strategy2.npz,6433–8600,—,GRANDMOTHER,FP
continuous_0567_S5_strategy2.npz,8491–12737,TEN,TEN,TP
continuous_0567_S5_strategy2.npz,8600–10733,—,HARD OF HEARING,FP
continuous_0567_S5_strategy2.npz,12737–17136,BOY,BOY,TP
continuous_0567_S5_strategy2.npz,17136–21415,WINE,WINE,TP
continuous_0568_S5_strategy2.npz,0–4246,DON'T KNOW,DON’T KNOW,TP
continuous_0568_S5_strategy2.npz,4246–8492,GRAY,GRAY,TP
continuous_0568_S5_strategy2.npz,7633–10166,—,SON,FP
continuous_0568_S5_strategy2.npz,8492–11924,SON,—,FN
continuous_0568_S5_strategy2.npz,10166–12700,—,DON’T KNOW,FP
continuous_0568_S5_strategy2.npz,11924–16123,NINE,NINE,TP
continuous_0568_S5_strategy2.npz,15266–17800,—,EIGHT,FP
continuous_0568_S5_strategy2.npz,16123–20322,SUGAR,SUGAR,TP
continuous_0569_S5_strategy2.npz,0–4246,TUESDAY,TUESDAY,TP
continuous_0569_S5_strategy2.npz,4246–8346,WINE,WINE,TP
continuous_0569_S5_strategy2.npz,8346–12546,WRONG,WRONG,TP
continuous_0569_S5_strategy2.npz,12546–16792,PINK,PINK,TP
continuous_0569_S5_strategy2.npz,16792–21324,YOURE WELCOME,YOURE WELCOME,TP
continuous_0569_S5_strategy2.npz,21324–25603,JULY,JULY,TP
continuous_0569_S5_strategy2.npz,25603–29816,BREAD,BREAD,TP
continuous_0570_S5_strategy2.npz,0–4032,BLUE,BLUE,TP
continuous_0570_S5_strategy2.npz,2533–5100,—,FEBRUARY,FP
continuous_0570_S5_strategy2.npz,4032–8311,SEPTEMBER,SEPTEMBER,TP
continuous_0570_S5_strategy2.npz,8311–12556,MARRIED,MARRIED,TP
continuous_0570_S5_strategy2.npz,12556–16921,GOOD MORNING,GOOD MORNING,TP
continuous_0570_S5_strategy2.npz,12733–15300,—,SUGAR,FP
continuous_0570_S5_strategy2.npz,16921–21167,COFFEE,COFFEE,TP
continuous_0570_S5_strategy2.npz,17833–20400,—,JULY,FP
continuous_0570_S5_strategy2.npz,21167–25413,SON,SON,TP
continuous_0571_S5_strategy2.npz,0–4246,HOT,HOT,TP
continuous_0571_S5_strategy2.npz,4246–8379,UNDERSTAND,UNDERSTAND,TP
continuous_0571_S5_strategy2.npz,8379–12411,ONE,ONE,TP
continuous_0571_S5_strategy2.npz,12411–16543,COUSIN,COUSIN,TP
continuous_0571_S5_strategy2.npz,16543–20789,MAY,MAY,TP
continuous_0571_S5_strategy2.npz,20433–23366,—,HOT,FP
continuous_0571_S5_strategy2.npz,20789–24884,WEELCHAIR PERSON,WEELCHAIR PERSON,TP
continuous_0571_S5_strategy2.npz,24884–29163,GREEN,GREEN,TP
continuous_0572_S5_strategy2.npz,0–4246,WEDNESDAY,WEDNESDAY,TP
continuous_0572_S5_strategy2.npz,2666–5333,—,SPAGHETTI,FP
continuous_0572_S5_strategy2.npz,4246–8492,CRAB,CRAB,TP
continuous_0572_S5_strategy2.npz,8492–12738,FEBRUARY,FEBRUARY,TP
continuous_0572_S5_strategy2.npz,10666–13333,—,HOT,FP
continuous_0572_S5_strategy2.npz,12738–16984,NO,NO,TP
continuous_0572_S5_strategy2.npz,16000–18666,—,MONDAY,FP
continuous_0572_S5_strategy2.npz,16984–21230,ORANGE,ORANGE,TP
continuous_0573_S5_strategy2.npz,0–4279,SEPTEMBER,SEPTEMBER,TP
continuous_0573_S5_strategy2.npz,2933–5866,—,MOTHER,FP
continuous_0573_S5_strategy2.npz,4279–8491,MOTHER,—,FN
continuous_0573_S5_strategy2.npz,8491–12737,MARRIED,MARRIED,TP
continuous_0573_S5_strategy2.npz,11766–14733,—,HOW ARE YOU,FP
continuous_0573_S5_strategy2.npz,12737–17902,HOW ARE YOU,—,FN
continuous_0573_S5_strategy2.npz,14733–17666,—,NICE TO MEET YOU,FP
continuous_0573_S5_strategy2.npz,17902–22148,YES,YES,TP
continuous_0573_S5_strategy2.npz,22148–26427,JUICE,JUICE,TP
continuous_0574_S5_strategy2.npz,0–4213,SUGAR,SUGAR,TP
continuous_0574_S5_strategy2.npz,3066–6133,—,WEELCHAIR PERSON,FP
continuous_0574_S5_strategy2.npz,4213–8492,LONGANISA,LONGANISA,TP
continuous_0574_S5_strategy2.npz,8492–12737,NOVEMBER,NOVEMBER,TP
continuous_0574_S5_strategy2.npz,9200–12266,—,DON’T KNOW,FP
continuous_0574_S5_strategy2.npz,12737–16983,BROWN,BROWN,TP
continuous_0574_S5_strategy2.npz,16983–21382,GOOD EVENING,GOOD EVENING,TP
continuous_0575_S5_strategy2.npz,0–4065,GRANDFATHER,GRANDFATHER,TP
continuous_0575_S5_strategy2.npz,4065–8310,TEA,TEA,TP
continuous_0575_S5_strategy2.npz,8310–12523,MEAT,MEAT,TP
continuous_0575_S5_strategy2.npz,12523–16769,EIGHT,EIGHT,TP
continuous_0575_S5_strategy2.npz,16769–21168,HELLO,HELLO,TP
continuous_0576_S5_strategy2.npz,0–4243,TUESDAY,TUESDAY,TP
continuous_0576_S5_strategy2.npz,4243–8509,HELLO,—,FN
continuous_0576_S5_strategy2.npz,5866–8833,—,HELLO,FP
continuous_0576_S5_strategy2.npz,8509–12755,ONE,ONE,TP
continuous_0576_S5_strategy2.npz,8833–11766,—,BREAD,FP
continuous_0576_S5_strategy2.npz,12755–16821,FATHER,FATHER,TP
continuous_0576_S5_strategy2.npz,16821–21067,WHITE,WHITE,TP
continuous_0576_S5_strategy2.npz,20600–23566,—,HOT,FP
continuous_0576_S5_strategy2.npz,21067–25313,YES,YES,TP
continuous_0576_S5_strategy2.npz,25313–29559,RICE,RICE,TP
continuous_0577_S5_strategy2.npz,0–4279,JANUARY,JANUARY,TP
continuous_0577_S5_strategy2.npz,4279–8525,FATHER,FATHER,TP
continuous_0577_S5_strategy2.npz,6500–9766,—,GIRL,FP
continuous_0577_S5_strategy2.npz,8525–12804,GIRL,—,FN
continuous_0577_S5_strategy2.npz,9766–13033,—,AUNTIE,FP
continuous_0577_S5_strategy2.npz,12804–17083,UNDERSTAND,UNDERSTAND,TP
continuous_0577_S5_strategy2.npz,17083–21748,IM FINE,IM FINE,TP
continuous_0577_S5_strategy2.npz,21748–25994,NO SUGAR,NO SUGAR,TP
continuous_0578_S5_strategy2.npz,0–4245,DAUGHTER,DAUGHTER,TP
continuous_0578_S5_strategy2.npz,2533–5066,—,HARD OF HEARING,FP
continuous_0578_S5_strategy2.npz,4245–8491,DON'T UNDERSTAND,DON’T UNDERSTAND,TP
continuous_0578_S5_strategy2.npz,7600–10166,—,WINE,FP
continuous_0578_S5_strategy2.npz,8491–12737,WINE,—,FN
continuous_0578_S5_strategy2.npz,10166–12700,—,HOT,FP
continuous_0578_S5_strategy2.npz,12737–16936,TEN,TEN,TP
continuous_0578_S5_strategy2.npz,16936–21102,THANK YOU,THANK YOU,TP
continuous_0578_S5_strategy2.npz,20333–22866,—,DARK,FP
continuous_0578_S5_strategy2.npz,21102–25348,BLIND,BLIND,TP
continuous_0579_S5_strategy2.npz,0–4245,TOMORROW,TOMORROW,TP
continuous_0579_S5_strategy2.npz,2366–4733,—,YESTERDAY,FP
continuous_0579_S5_strategy2.npz,4245–9077,GOOD EVENING,GOOD EVENING,TP
continuous_0579_S5_strategy2.npz,9077–13323,PARENTS,PARENTS,TP
continuous_0579_S5_strategy2.npz,13323–17568,MILK,MILK,TP
continuous_0579_S5_strategy2.npz,17568–21847,WOMAN,WOMAN,TP
continuous_0579_S5_strategy2.npz,21433–23800,—,NO SUGAR,FP
continuous_0579_S5_strategy2.npz,21847–26093,PINK,PINK,TP
continuous_0580_S5_strategy2.npz,0–3966,COLD,COLD,TP
continuous_0580_S5_strategy2.npz,3966–8212,EIGHT,EIGHT,TP
continuous_0580_S5_strategy2.npz,8212–12611,GOOD AFTERNOON,GOOD AFTERNOON,TP
continuous_0580_S5_strategy2.npz,12611–16857,FEBRUARY,FEBRUARY,TP
continuous_0580_S5_strategy2.npz,16857–20857,FAST,FAST,TP
continuous_0580_S5_strategy2.npz,20857–25103,BLACK,BLACK,TP
continuous_0580_S5_strategy2.npz,25103–29316,GRANDFATHER,GRANDFATHER,TP
continuous_0581_S5_strategy2.npz,0–4246,FRIDAY,FRIDAY,TP
continuous_0581_S5_strategy2.npz,2466–4933,—,THREE,FP
continuous_0581_S5_strategy2.npz,4246–8491,NO,NO,TP
continuous_0581_S5_strategy2.npz,7433–9900,—,UNCLE,FP
continuous_0581_S5_strategy2.npz,8491–12769,UNCLE,—,FN
continuous_0581_S5_strategy2.npz,9900–12400,—,MILK,FP
continuous_0581_S5_strategy2.npz,12769–16797,WOMAN,WOMAN,TP
continuous_0581_S5_strategy2.npz,16797–21162,NICE TO MEET YOU,NICE TO MEET YOU,TP
continuous_0581_S5_strategy2.npz,21162–25408,EIGHT,EIGHT,TP
continuous_0581_S5_strategy2.npz,24800–27266,—,JUNE,FP
continuous_0581_S5_strategy2.npz,25408–29654,JANUARY,JANUARY,TP
continuous_0582_S5_strategy2.npz,0–4246,GRANDMOTHER,GRANDMOTHER,TP
continuous_0582_S5_strategy2.npz,2666–5333,—,HARD OF HEARING,FP
continuous_0582_S5_strategy2.npz,4246–8524,TUESDAY,TUESDAY,TP
continuous_0582_S5_strategy2.npz,8524–12770,TWO,TWO,TP
continuous_0582_S5_strategy2.npz,12770–17048,WRONG,WRONG,TP
continuous_0582_S5_strategy2.npz,17048–21294,JUNE,JUNE,TP
continuous_0583_S5_strategy2.npz,0–4432,YOURE WELCOME,YOURE WELCOME,TP
continuous_0583_S5_strategy2.npz,2466–7433,—,WHITE,FP
continuous_0583_S5_strategy2.npz,4432–8711,PARENTS,PARENTS,TP
continuous_0583_S5_strategy2.npz,8711–12710,DARK,—,FN
continuous_0583_S5_strategy2.npz,9933–12400,—,WEDNESDAY,FP
continuous_0583_S5_strategy2.npz,12400–17400,—,DARK,FP
continuous_0583_S5_strategy2.npz,12710–16956,TUESDAY,—,FN
continuous_0583_S5_strategy2.npz,16956–21202,SEPTEMBER,SEPTEMBER,TP
continuous_0583_S5_strategy2.npz,17400–19866,—,TUESDAY,FP
continuous_0583_S5_strategy2.npz,21202–25481,BREAD,BREAD,TP
continuous_0583_S5_strategy2.npz,22366–24833,—,MARCH,FP
continuous_0583_S5_strategy2.npz,25481–29727,CORRECT,CORRECT,TP
continuous_0584_S5_strategy2.npz,0–4466,YOURE WELCOME,YOURE WELCOME,TP
continuous_0584_S5_strategy2.npz,3200–6400,—,WHITE,FP
continuous_0584_S5_strategy2.npz,4466–8745,SUNDAY,SUNDAY,TP
continuous_0584_S5_strategy2.npz,8745–12845,CORRECT,—,FN
continuous_0584_S5_strategy2.npz,12833–16033,—,CORRECT,FP
continuous_0584_S5_strategy2.npz,12845–17091,FEBRUARY,FEBRUARY,TP
continuous_0584_S5_strategy2.npz,17091–21337,SHRIMP,SHRIMP,TP
continuous_0584_S5_strategy2.npz,21337–25636,BOY,BOY,TP
continuous_0585_S5_strategy2.npz,0–4279,MONDAY,MONDAY,TP
continuous_0585_S5_strategy2.npz,4279–8744,SEE YOU TOMORROW,SEE YOU TOMORROW,TP
continuous_0585_S5_strategy2.npz,8744–13022,OCTOBER,OCTOBER,TP
continuous_0585_S5_strategy2.npz,11500–14366,—,RED,FP
continuous_0585_S5_strategy2.npz,13022–17268,RED,—,FN
continuous_0585_S5_strategy2.npz,14366–17266,—,KNOW,FP
continuous_0585_S5_strategy2.npz,17268–21568,DON'T KNOW,DON’T KNOW,TP
continuous_0585_S5_strategy2.npz,21568–25814,DEAF,DEAF,TP
continuous_0586_S5_strategy2.npz,0–4213,JUICE,JUICE,TP
continuous_0586_S5_strategy2.npz,4213–8679,WOMAN,WOMAN,TP
continuous_0586_S5_strategy2.npz,6633–9933,—,NOVEMBER,FP
continuous_0586_S5_strategy2.npz,8679–12958,MARCH,—,FN
continuous_0586_S5_strategy2.npz,9933–13266,—,SEPTEMBER,FP
continuous_0586_S5_strategy2.npz,12958–17423,YOURE WELCOME,YOURE WELCOME,TP
continuous_0586_S5_strategy2.npz,13266–16566,—,WHITE,FP
continuous_0586_S5_strategy2.npz,17423–21669,FOUR,FOUR,TP
continuous_0586_S5_strategy2.npz,21669–25635,NO,NO,TP
continuous_0586_S5_strategy2.npz,25635–29800,GRANDMOTHER,GRANDMOTHER,TP
continuous_0587_S5_strategy2.npz,0–4246,TUESDAY,TUESDAY,TP
continuous_0587_S5_strategy2.npz,4246–8492,EIGHT,EIGHT,TP
continuous_0587_S5_strategy2.npz,6600–9933,—,COUSIN,FP
continuous_0587_S5_strategy2.npz,8492–12738,COUSIN,—,FN
continuous_0587_S5_strategy2.npz,9933–13233,—,GOOD EVENING,FP
continuous_0587_S5_strategy2.npz,12738–17137,GOOD EVENING,—,FN
continuous_0587_S5_strategy2.npz,13233–16533,—,JANUARY,FP
continuous_0587_S5_strategy2.npz,17137–21383,JULY,JULY,TP
continuous_0587_S5_strategy2.npz,21383–25629,BLACK,BLACK,TP
continuous_0587_S5_strategy2.npz,25629–29694,BEER,BEER,TP
continuous_0588_S5_strategy2.npz,0–4279,LIGHT,LIGHT,TP
continuous_0588_S5_strategy2.npz,2433–4900,—,SUNDAY,FP
continuous_0588_S5_strategy2.npz,4279–8525,FAST,FAST,TP
continuous_0588_S5_strategy2.npz,7366–9833,—,COUSIN,FP
continuous_0588_S5_strategy2.npz,8525–12770,COUSIN,—,FN
continuous_0588_S5_strategy2.npz,9833–14733,—,TEA,FP
continuous_0588_S5_strategy2.npz,12770–16835,TEA,—,FN
continuous_0588_S5_strategy2.npz,14733–17200,—,SEPTEMBER,FP
continuous_0588_S5_strategy2.npz,16835–21081,MARCH,MARCH,TP
continuous_0588_S5_strategy2.npz,19666–22100,—,HOT,FP
continuous_0588_S5_strategy2.npz,21081–25213,FIVE,FIVE,TP
continuous_0588_S5_strategy2.npz,24566–27033,—,MARRIED,FP
continuous_0588_S5_strategy2.npz,25213–29478,NICE TO MEET YOU,NICE TO MEET YOU,TP
continuous_0589_S5_strategy2.npz,0–3933,HOT,HOT,TP
continuous_0589_S5_strategy2.npz,3933–9165,YOURE WELCOME,YOURE WELCOME,TP
continuous_0589_S5_strategy2.npz,9165–13264,SON,SON,TP
continuous_0589_S5_strategy2.npz,11833–14200,—,WHITE,FP
continuous_0589_S5_strategy2.npz,13264–17510,WHITE,—,FN
continuous_0589_S5_strategy2.npz,14200–18933,—,FEBRUARY,FP
continuous_0589_S5_strategy2.npz,17510–21756,OCTOBER,OCTOBER,TP
continuous_0589_S5_strategy2.npz,21756–26002,WRONG,WRONG,TP
continuous_0590_S5_strategy2.npz,0–4246,TWO,TWO,TP
continuous_0590_S5_strategy2.npz,4246–8492,KNOW,KNOW,TP
continuous_0590_S5_strategy2.npz,8492–12738,VIOLET,VIOLET,TP
continuous_0590_S5_strategy2.npz,10666–13333,—,SEPTEMBER,FP
continuous_0590_S5_strategy2.npz,12738–16983,SEPTEMBER,—,FN
continuous_0590_S5_strategy2.npz,13333–18666,—,DEAF,FP
continuous_0590_S5_strategy2.npz,16983–21229,AUNTIE,AUNTIE,TP
continuous_0591_S5_strategy2.npz,0–4246,WEELCHAIR PERSON,WEELCHAIR PERSON,TP
continuous_0591_S5_strategy2.npz,4246–8525,TWO,TWO,TP
continuous_0591_S5_strategy2.npz,8525–12771,OCTOBER,OCTOBER,TP
continuous_0591_S5_strategy2.npz,10233–12800,—,HOW ARE YOU,FP
continuous_0591_S5_strategy2.npz,12771–17036,SPAGHETTI,SPAGHETTI,TP
continuous_0591_S5_strategy2.npz,15366–17933,—,COLD,FP
continuous_0591_S5_strategy2.npz,17036–21282,NO,NO,TP
continuous_0591_S5_strategy2.npz,20500–23066,—,WOMAN,FP
continuous_0591_S5_strategy2.npz,21282–25528,BLUE,BLUE,TP
continuous_0592_S5_strategy2.npz,0–4246,HOT,HOT,TP
continuous_0592_S5_strategy2.npz,4246–8458,AUGUST,AUGUST,TP
continuous_0592_S5_strategy2.npz,8458–12704,YESTERDAY,YESTERDAY,TP
continuous_0592_S5_strategy2.npz,12633–15166,—,YES,FP
continuous_0592_S5_strategy2.npz,12704–17469,HOW ARE YOU,HOW ARE YOU,TP
continuous_0592_S5_strategy2.npz,17469–21715,PINK,PINK,TP
continuous_0592_S5_strategy2.npz,20200–22733,—,EIGHT,FP
continuous_0592_S5_strategy2.npz,21715–25961,SEVEN,SEVEN,TP
continuous_0592_S5_strategy2.npz,25266–27800,—,WEDNESDAY,FP
continuous_0592_S5_strategy2.npz,25961–30207,PARENTS,PARENTS,TP
continuous_0593_S5_strategy2.npz,0–4246,FOUR,FOUR,TP
continuous_0593_S5_strategy2.npz,4246–8408,MARRIED,MARRIED,TP
continuous_0593_S5_strategy2.npz,8408–12654,BREAD,BREAD,TP
continuous_0593_S5_strategy2.npz,12654–16900,APRIL,APRIL,TP
continuous_0593_S5_strategy2.npz,16900–21178,BLUE,BLUE,TP
continuous_0594_S5_strategy2.npz,0–4245,BLIND,BLIND,TP
continuous_0594_S5_strategy2.npz,2666–5333,—,SPAGHETTI,FP
continuous_0594_S5_strategy2.npz,4245–7977,THANK YOU,THANK YOU,TP
continuous_0594_S5_strategy2.npz,7977–12209,COFFEE,COFFEE,TP
continuous_0594_S5_strategy2.npz,12209–16488,WEDNESDAY,WEDNESDAY,TP
continuous_0594_S5_strategy2.npz,13333–16000,—,JUICE,FP
continuous_0594_S5_strategy2.npz,16488–20734,EGG,EGG,TP
continuous_0594_S5_strategy2.npz,20734–24980,JUNE,JUNE,TP
continuous_0594_S5_strategy2.npz,24980–29226,DARK,DARK,TP
continuous_0595_S5_strategy2.npz,0–4246,TOMORROW,TOMORROW,TP
continuous_0595_S5_strategy2.npz,4246–8492,DARK,DARK,TP
continuous_0595_S5_strategy2.npz,8492–13091,GOOD MORNING,GOOD MORNING,TP
continuous_0595_S5_strategy2.npz,8633–11500,—,TEN,FP
continuous_0595_S5_strategy2.npz,13091–17337,UNDERSTAND,—,FN
continuous_0595_S5_strategy2.npz,17266–20166,—,UNDERSTAND,FP
continuous_0595_S5_strategy2.npz,17337–21582,MEAT,MEAT,TP
continuous_0595_S5_strategy2.npz,21582–25827,MARCH,—,FN
continuous_0595_S5_strategy2.npz,23033–25933,—,SEPTEMBER,FP
continuous_0596_S5_strategy2.npz,0–4246,PARENTS,PARENTS,TP
continuous_0596_S5_strategy2.npz,2900–5833,—,MOTHER,FP
continuous_0596_S5_strategy2.npz,4246–8178,BLACK,BLACK,TP
continuous_0596_S5_strategy2.npz,8178–12178,SEE YOU TOMORROW,SEE YOU TOMORROW,TP
continuous_0596_S5_strategy2.npz,11700–14633,—,TOMORROW,FP
continuous_0596_S5_strategy2.npz,12178–16424,NO,NO,TP
continuous_0596_S5_strategy2.npz,16424–20670,COFFEE,COFFEE,TP
continuous_0596_S5_strategy2.npz,20670–24916,EIGHT,EIGHT,TP
continuous_0596_S5_strategy2.npz,24916–29162,JANUARY,—,FN
continuous_0596_S5_strategy2.npz,26333–29266,—,JUNE,FP
continuous_0597_S5_strategy2.npz,0–4246,BLUE,BLUE,TP
continuous_0597_S5_strategy2.npz,2366–4733,—,COUSIN,FP
continuous_0597_S5_strategy2.npz,4246–8492,COUSIN,—,FN
continuous_0597_S5_strategy2.npz,4733–7100,—,SEVEN,FP
continuous_0597_S5_strategy2.npz,8492–12738,SIX,SIX,TP
continuous_0597_S5_strategy2.npz,12738–17017,MARCH,MARCH,TP
continuous_0597_S5_strategy2.npz,16600–18966,—,WHITE,FP
continuous_0597_S5_strategy2.npz,17017–21262,WOMAN,WOMAN,TP
continuous_0598_S5_strategy2.npz,0–4246,TUESDAY,TUESDAY,TP
continuous_0598_S5_strategy2.npz,4246–8492,TWO,TWO,TP
continuous_0598_S5_strategy2.npz,8492–12737,BLUE,BLUE,TP
continuous_0598_S5_strategy2.npz,10933–13666,—,WEELCHAIR PERSON,FP
continuous_0598_S5_strategy2.npz,12737–16983,WEELCHAIR PERSON,—,FN
continuous_0598_S5_strategy2.npz,13666–16400,—,MILK,FP
continuous_0598_S5_strategy2.npz,16983–21448,GOOD EVENING,GOOD EVENING,TP
continuous_0598_S5_strategy2.npz,19133–21866,—,MONDAY,FP
continuous_0598_S5_strategy2.npz,21448–25694,SHRIMP,SHRIMP,TP
continuous_0598_S5_strategy2.npz,25694–29939,WRONG,WRONG,TP
continuous_0599_S5_strategy2.npz,0–4166,FOUR,FOUR,TP
continuous_0599_S5_strategy2.npz,4166–8412,JUNE,JUNE,TP
continuous_0599_S5_strategy2.npz,4633–6933,—,JANUARY,FP
continuous_0599_S5_strategy2.npz,8412–12844,BOY,—,FN
continuous_0599_S5_strategy2.npz,11566–13900,—,BLACK,FP
continuous_0599_S5_strategy2.npz,12844–17090,PARENTS,—,FN
continuous_0599_S5_strategy2.npz,13900–16200,—,BOY,FP
continuous_0599_S5_strategy2.npz,16200–18533,—,THREE,FP
continuous_0599_S5_strategy2.npz,17090–21589,NICE TO MEET YOU,—,FN
continuous_0599_S5_strategy2.npz,18533–20833,—,PARENTS,FP
continuous_0599_S5_strategy2.npz,20833–23166,—,NICE TO MEET YOU,FP
continuous_0599_S5_strategy2.npz,21589–25835,MEAT,MEAT,TP
continuous_0599_S5_strategy2.npz,25835–30048,UNDERSTAND,UNDERSTAND,TP
continuous_0600_S5_strategy2.npz,0–4235,BEER,BEER,TP
continuous_0600_S5_strategy2.npz,2833–5666,—,FATHER,FP
continuous_0600_S5_strategy2.npz,4235–8480,FATHER,—,FN
continuous_0600_S5_strategy2.npz,5666–8533,—,TWO,FP
continuous_0600_S5_strategy2.npz,8480–12726,NO,NO,TP
continuous_0600_S5_strategy2.npz,11366–14233,—,YES,FP
continuous_0600_S5_strategy2.npz,12726–16955,FEBRUARY,FEBRUARY,TP
continuous_0600_S5_strategy2.npz,16955–20821,SHRIMP,SHRIMP,TP
continuous_0601_S5_strategy2.npz,0–4432,SEE YOU TOMORROW,SEE YOU TOMORROW,TP
continuous_0601_S5_strategy2.npz,2833–5666,—,GRANDFATHER,FP
continuous_0601_S5_strategy2.npz,4432–8678,GRANDFATHER,—,FN
continuous_0601_S5_strategy2.npz,5666–8500,—,MONDAY,FP
continuous_0601_S5_strategy2.npz,8678–12874,TUESDAY,TUESDAY,TP
continuous_0601_S5_strategy2.npz,11333–14166,—,GOOD MORNING,FP
continuous_0601_S5_strategy2.npz,12874–16906,SEVEN,SEVEN,TP
continuous_0601_S5_strategy2.npz,16906–21152,WINE,WINE,TP
continuous_0601_S5_strategy2.npz,21152–25431,WEELCHAIR PERSON,WEELCHAIR PERSON,TP
continuous_0602_S5_strategy2.npz,0–4246,WEDNESDAY,WEDNESDAY,TP
continuous_0602_S5_strategy2.npz,4246–8492,RED,RED,TP
continuous_0602_S5_strategy2.npz,6333–9533,—,SEPTEMBER,FP
continuous_0602_S5_strategy2.npz,8492–12738,SEPTEMBER,—,FN
continuous_0602_S5_strategy2.npz,9533–12700,—,SUGAR,FP
continuous_0602_S5_strategy2.npz,12738–16838,HOT,HOT,TP
continuous_0602_S5_strategy2.npz,16838–21084,BREAD,BREAD,TP
continuous_0602_S5_strategy2.npz,19066–22233,—,HOT,FP
continuous_0602_S5_strategy2.npz,21084–25330,EIGHT,EIGHT,TP
continuous_0603_S5_strategy2.npz,0–4246,COLD,COLD,TP
continuous_0603_S5_strategy2.npz,4246–8745,IM FINE,IM FINE,TP
continuous_0603_S5_strategy2.npz,8745–12991,HARD OF HEARING,HARD OF HEARING,TP
continuous_0603_S5_strategy2.npz,12991–17237,MONDAY,MONDAY,TP
continuous_0603_S5_strategy2.npz,17237–21483,ONE,ONE,TP
continuous_0604_S5_strategy2.npz,0–4246,THREE,THREE,TP
continuous_0604_S5_strategy2.npz,4246–8492,FISH,FISH,TP
continuous_0604_S5_strategy2.npz,8492–12771,YESTERDAY,YESTERDAY,TP
continuous_0604_S5_strategy2.npz,12771–17070,THANK YOU,THANK YOU,TP
continuous_0604_S5_strategy2.npz,17070–21135,MILK,MILK,TP
continuous_0604_S5_strategy2.npz,21135–25331,NOVEMBER,NOVEMBER,TP
continuous_0605_S5_strategy2.npz,0–4499,NICE TO MEET YOU,NICE TO MEET YOU,TP
continuous_0605_S5_strategy2.npz,3000–6000,—,ONE,FP
continuous_0605_S5_strategy2.npz,4499–8698,ONE,—,FN
continuous_0605_S5_strategy2.npz,8698–12943,FRIDAY,FRIDAY,TP
continuous_0605_S5_strategy2.npz,12033–15066,—,NO,FP
continuous_0605_S5_strategy2.npz,12943–17222,NO,—,FN
continuous_0605_S5_strategy2.npz,15066–18066,—,JULY,FP
continuous_0605_S5_strategy2.npz,17222–21586,OCTOBER,OCTOBER,TP
continuous_0605_S5_strategy2.npz,21586–25799,HARD OF HEARING,HARD OF HEARING,TP
continuous_0605_S5_strategy2.npz,25799–30045,WINE,WINE,TP
continuous_0606_S5_strategy2.npz,0–4279,NINE,NINE,TP
continuous_0606_S5_strategy2.npz,2266–4566,—,EIGHT,FP
continuous_0606_S5_strategy2.npz,4279–8344,MAN,MAN,TP
continuous_0606_S5_strategy2.npz,6866–9166,—,MONDAY,FP
continuous_0606_S5_strategy2.npz,8344–12557,TUESDAY,TUESDAY,TP
continuous_0606_S5_strategy2.npz,12557–16769,LONGANISA,LONGANISA,TP
continuous_0606_S5_strategy2.npz,16769–20901,MILK,MILK,TP
continuous_0606_S5_strategy2.npz,20666–22966,—,SEE YOU TOMORROW,FP
continuous_0606_S5_strategy2.npz,20901–25180,KNOW,KNOW,TP
continuous_0607_S5_strategy2.npz,0–3900,COLD,COLD,TP
continuous_0607_S5_strategy2.npz,3900–8145,TODAY,TODAY,TP
continuous_0607_S5_strategy2.npz,8145–12391,HARD OF HEARING,HARD OF HEARING,TP
continuous_0607_S5_strategy2.npz,12391–16637,WRONG,WRONG,TP
continuous_0607_S5_strategy2.npz,14400–18000,—,VIOLET,FP
continuous_0607_S5_strategy2.npz,16637–20883,VIOLET,—,FN
continuous_0607_S5_strategy2.npz,18000–21600,—,FEBRUARY,FP
continuous_0607_S5_strategy2.npz,20883–25129,TEN,TEN,TP
continuous_0608_S5_strategy2.npz,0–4246,AUGUST,AUGUST,TP
continuous_0608_S5_strategy2.npz,2333–4666,—,GOOD EVENING,FP
continuous_0608_S5_strategy2.npz,4246–8411,GOOD EVENING,—,FN
continuous_0608_S5_strategy2.npz,4666–7000,—,NO,FP
continuous_0608_S5_strategy2.npz,8411–12506,WEDNESDAY,WEDNESDAY,TP
continuous_0608_S5_strategy2.npz,11700–14033,—,EIGHT,FP
continuous_0608_S5_strategy2.npz,12506–16752,NINE,NINE,TP
continuous_0608_S5_strategy2.npz,16366–18700,—,EIGHT,FP
continuous_0608_S5_strategy2.npz,16752–20997,NO,NO,TP
continuous_0609_S5_strategy2.npz,0–4246,MAY,MAY,TP
continuous_0609_S5_strategy2.npz,4246–8492,ONE,ONE,TP
continuous_0609_S5_strategy2.npz,7000–9333,—,DAUGHTER,FP
continuous_0609_S5_strategy2.npz,8492–12738,DAUGHTER,—,FN
continuous_0609_S5_strategy2.npz,9333–14033,—,GRANDMOTHER,FP
continuous_0609_S5_strategy2.npz,12738–16937,RICE,RICE,TP
continuous_0609_S5_strategy2.npz,16366–18700,—,WOMAN,FP
continuous_0609_S5_strategy2.npz,16937–21003,HELLO,HELLO,TP
continuous_0610_S5_strategy2.npz,0–4246,OCTOBER,OCTOBER,TP
continuous_0610_S5_strategy2.npz,2666–5333,—,WEELCHAIR PERSON,FP
continuous_0610_S5_strategy2.npz,4246–8491,WEELCHAIR PERSON,—,FN
continuous_0610_S5_strategy2.npz,5333–8000,—,EIGHT,FP
continuous_0610_S5_strategy2.npz,8000–10666,—,MILK,FP
continuous_0610_S5_strategy2.npz,8491–12737,EIGHT,—,FN
continuous_0610_S5_strategy2.npz,12737–16983,THURSDAY,THURSDAY,TP
continuous_0610_S5_strategy2.npz,16983–20849,HELLO,HELLO,TP
continuous_0610_S5_strategy2.npz,20849–25014,BREAD,BREAD,TP
continuous_0610_S5_strategy2.npz,24000–26666,—,MAN,FP
continuous_0610_S5_strategy2.npz,25014–29260,BLACK,—,FN
continuous_0610_S5_strategy2.npz,26666–29366,—,BLACK,FP
continuous_0611_S5_strategy2.npz,0–4246,JANUARY,JANUARY,TP
continuous_0611_S5_strategy2.npz,2433–4900,—,AUGUST,FP
continuous_0611_S5_strategy2.npz,4246–8492,EGG,EGG,TP
continuous_0611_S5_strategy2.npz,7366–9800,—,TWO,FP
continuous_0611_S5_strategy2.npz,8492–12738,SIX,SIX,TP
continuous_0611_S5_strategy2.npz,12266–14733,—,WEDNESDAY,FP
continuous_0611_S5_strategy2.npz,12738–16770,LIGHT,LIGHT,TP
continuous_0611_S5_strategy2.npz,16770–21015,COLD,COLD,TP
continuous_0611_S5_strategy2.npz,19633–22100,—,WHITE,FP
continuous_0611_S5_strategy2.npz,21015–25261,WOMAN,WOMAN,TP
continuous_0611_S5_strategy2.npz,24533–27000,—,ORANGE,FP
continuous_0611_S5_strategy2.npz,25261–29360,GRANDFATHER,GRANDFATHER,TP
continuous_0612_S5_strategy2.npz,0–4246,COLD,COLD,TP
continuous_0612_S5_strategy2.npz,2700–5433,—,EIGHT,FP
continuous_0612_S5_strategy2.npz,4246–8459,EIGHT,—,FN
continuous_0612_S5_strategy2.npz,5433–8166,—,FISH,FP
continuous_0612_S5_strategy2.npz,8166–13633,—,MONDAY,FP
continuous_0612_S5_strategy2.npz,8459–12705,FISH,—,FN
continuous_0612_S5_strategy2.npz,12705–17371,GOOD EVENING,GOOD EVENING,TP
continuous_0612_S5_strategy2.npz,17371–21617,WEDNESDAY,WEDNESDAY,TP
continuous_0612_S5_strategy2.npz,21617–25649,FATHER,FATHER,TP
continuous_0612_S5_strategy2.npz,25649–29895,RED,RED,TP
continuous_0613_S5_strategy2.npz,0–4213,DEAF BLIND,DEAF BLIND,TP
continuous_0613_S5_strategy2.npz,4213–8492,TOMORROW,TOMORROW,TP
continuous_0613_S5_strategy2.npz,7166–9566,—,TUESDAY,FP
continuous_0613_S5_strategy2.npz,8492–12658,UNCLE,UNCLE,TP
continuous_0613_S5_strategy2.npz,11933–14333,—,JULY,FP
continuous_0613_S5_strategy2.npz,12658–16936,MAY,MAY,TP
continuous_0613_S5_strategy2.npz,16936–21468,IM FINE,IM FINE,TP
continuous_0614_S5_strategy2.npz,0–4246,DON'T UNDERSTAND,DON’T UNDERSTAND,TP
continuous_0614_S5_strategy2.npz,4246–8458,SHRIMP,SHRIMP,TP
continuous_0614_S5_strategy2.npz,8458–12704,MARCH,MARCH,TP
continuous_0614_S5_strategy2.npz,8500–10633,—,SEPTEMBER,FP
continuous_0614_S5_strategy2.npz,12704–16950,MONDAY,MONDAY,TP
continuous_0614_S5_strategy2.npz,16950–21196,BROWN,BROWN,TP
continuous_0614_S5_strategy2.npz,17033–19166,—,AUNTIE,FP
continuous_0615_S5_strategy2.npz,0–4065,BLACK,BLACK,TP
continuous_0615_S5_strategy2.npz,4065–8130,SUGAR,SUGAR,TP
continuous_0615_S5_strategy2.npz,8130–12376,MAN,MAN,TP
continuous_0615_S5_strategy2.npz,12376–17008,OCTOBER,OCTOBER,TP
continuous_0615_S5_strategy2.npz,17008–21254,SHRIMP,SHRIMP,TP
continuous_0615_S5_strategy2.npz,21254–25500,GRANDMOTHER,—,FN
continuous_0615_S5_strategy2.npz,24400–27100,—,DEAF,FP
continuous_0615_S5_strategy2.npz,25500–29746,ONE,ONE,TP
continuous_0616_S5_strategy2.npz,0–4246,RICE,RICE,TP
continuous_0616_S5_strategy2.npz,2533–5066,—,DEAF,FP
continuous_0616_S5_strategy2.npz,4246–8492,DEAF,—,FN
continuous_0616_S5_strategy2.npz,5066–7633,—,TOMORROW,FP
continuous_0616_S5_strategy2.npz,8492–12624,YELLOW,YELLOW,TP
continuous_0616_S5_strategy2.npz,12624–16870,CORRECT,CORRECT,TP
continuous_0616_S5_strategy2.npz,16870–21149,SEPTEMBER,SEPTEMBER,TP
continuous_0616_S5_strategy2.npz,20366–22900,—,MARCH,FP
continuous_0616_S5_strategy2.npz,21149–25394,MOTHER,MOTHER,TP
continuous_0617_S5_strategy2.npz,0–4165,LIGHT,LIGHT,TP
continuous_0617_S5_strategy2.npz,2900–5800,—,EIGHT,FP
continuous_0617_S5_strategy2.npz,4165–8410,NINE,NINE,TP
continuous_0617_S5_strategy2.npz,8410–12689,CHICKEN,CHICKEN,TP
continuous_0617_S5_strategy2.npz,12689–16935,WEELCHAIR PERSON,WEELCHAIR PERSON,TP
continuous_0617_S5_strategy2.npz,16935–21100,DON'T UNDERSTAND,DON’T UNDERSTAND,TP
continuous_0617_S5_strategy2.npz,21100–24733,WINE,WINE,TP
continuous_0617_S5_strategy2.npz,23200–26100,—,BLUE,FP
continuous_0617_S5_strategy2.npz,24733–28929,FEBRUARY,FEBRUARY,TP
continuous_0618_S5_strategy2.npz,0–4246,WEELCHAIR PERSON,WEELCHAIR PERSON,TP
continuous_0618_S5_strategy2.npz,3033–6100,—,GOOD MORNING,FP
continuous_0618_S5_strategy2.npz,4246–8578,GOOD MORNING,—,FN
continuous_0618_S5_strategy2.npz,6100–9166,—,GOOD EVENING,FP
continuous_0618_S5_strategy2.npz,8578–12824,TOMORROW,TOMORROW,TP
continuous_0618_S5_strategy2.npz,12824–17103,APRIL,APRIL,TP
continuous_0618_S5_strategy2.npz,15300–18366,—,HARD OF HEARING,FP
continuous_0618_S5_strategy2.npz,17103–21349,KNOW,KNOW,TP
continuous_0619_S5_strategy2.npz,0–4129,JANUARY,JANUARY,TP
continuous_0619_S5_strategy2.npz,4129–8375,WOMAN,WOMAN,TP
continuous_0619_S5_strategy2.npz,8375–12621,BLUE,BLUE,TP
continuous_0619_S5_strategy2.npz,9100–12133,—,ORANGE,FP
continuous_0619_S5_strategy2.npz,12621–16867,SATURDAY,SATURDAY,TP
continuous_0619_S5_strategy2.npz,16867–21146,THREE,THREE,TP
continuous_0620_S5_strategy2.npz,0–4246,BOY,BOY,TP
continuous_0620_S5_strategy2.npz,2300–4600,—,GIRL,FP
continuous_0620_S5_strategy2.npz,4246–8212,WHITE,WHITE,TP
continuous_0620_S5_strategy2.npz,6933–9233,—,SEE YOU TOMORROW,FP
continuous_0620_S5_strategy2.npz,8212–12458,SPAGHETTI,SPAGHETTI,TP
continuous_0620_S5_strategy2.npz,12458–16890,IM FINE,—,FN
continuous_0620_S5_strategy2.npz,13866–16200,—,IM FINE,FP
continuous_0620_S5_strategy2.npz,16200–18500,—,TUESDAY,FP
continuous_0620_S5_strategy2.npz,16890–21136,DON'T UNDERSTAND,DON’T UNDERSTAND,TP
continuous_0620_S5_strategy2.npz,21136–25381,JULY,JULY,TP
continuous_0621_S5_strategy2.npz,0–4279,HARD OF HEARING,HARD OF HEARING,TP
continuous_0621_S5_strategy2.npz,4279–8511,RED,RED,TP
continuous_0621_S5_strategy2.npz,6333–9500,—,SUGAR,FP
continuous_0621_S5_strategy2.npz,8511–12757,SUGAR,—,FN
continuous_0621_S5_strategy2.npz,9500–12666,—,SEPTEMBER,FP
continuous_0621_S5_strategy2.npz,12757–17003,MAY,MAY,TP
continuous_0621_S5_strategy2.npz,17003–21216,SEVEN,SEVEN,TP
continuous_0621_S5_strategy2.npz,21216–25282,SEE YOU TOMORROW,SEE YOU TOMORROW,TP
continuous_0622_S5_strategy2.npz,0–4245,TEN,TEN,TP
continuous_0622_S5_strategy2.npz,2700–5433,—,GOOD AFTERNOON,FP
continuous_0622_S5_strategy2.npz,4245–8544,HELLO,HELLO,TP
continuous_0622_S5_strategy2.npz,8133–10866,—,NO,FP
continuous_0622_S5_strategy2.npz,8544–12823,AUNTIE,AUNTIE,TP
continuous_0622_S5_strategy2.npz,12823–17069,MARRIED,MARRIED,TP
continuous_0622_S5_strategy2.npz,16300–19000,—,NICE TO MEET YOU,FP
continuous_0622_S5_strategy2.npz,17069–21282,SATURDAY,SATURDAY,TP
continuous_0622_S5_strategy2.npz,21282–25528,DARK,DARK,TP
continuous_0622_S5_strategy2.npz,21733–24433,—,LONGANISA,FP
continuous_0622_S5_strategy2.npz,25528–29774,COFFEE,COFFEE,TP
continuous_0623_S5_strategy2.npz,0–4279,BREAD,BREAD,TP
continuous_0623_S5_strategy2.npz,4279–8558,PINK,PINK,TP
continuous_0623_S5_strategy2.npz,8558–12257,FATHER,FATHER,TP
continuous_0623_S5_strategy2.npz,11033–13766,—,PARENTS,FP
continuous_0623_S5_strategy2.npz,12257–16503,SIX,SIX,TP
continuous_0623_S5_strategy2.npz,16503–20749,JUICE,JUICE,TP
continuous_0623_S5_strategy2.npz,16533–19300,—,JULY,FP
continuous_0623_S5_strategy2.npz,20749–24748,HELLO,—,FN
continuous_0623_S5_strategy2.npz,22066–24833,—,TEA,FP
continuous_0624_S5_strategy2.npz,0–4279,DON'T UNDERSTAND,DON’T UNDERSTAND,TP
continuous_0624_S5_strategy2.npz,4279–8492,WEELCHAIR PERSON,WEELCHAIR PERSON,TP
continuous_0624_S5_strategy2.npz,5933–8900,—,SUGAR,FP
continuous_0624_S5_strategy2.npz,8492–12524,SUGAR,—,FN
continuous_0624_S5_strategy2.npz,12524–16770,OCTOBER,OCTOBER,TP
continuous_0624_S5_strategy2.npz,16770–21135,HELLO,HELLO,TP
continuous_0624_S5_strategy2.npz,21135–25380,SHRIMP,SHRIMP,TP
continuous_0624_S5_strategy2.npz,25380–29626,MOTHER,MOTHER,TP
continuous_0625_S5_strategy2.npz,0–4232,GRANDMOTHER,GRANDMOTHER,TP
continuous_0625_S5_strategy2.npz,4232–8361,WEELCHAIR PERSON,WEELCHAIR PERSON,TP
continuous_0625_S5_strategy2.npz,8361–12693,GOOD MORNING,GOOD MORNING,TP
continuous_0625_S5_strategy2.npz,10933–14600,—,GREEN,FP
continuous_0625_S5_strategy2.npz,12693–16939,MILK,MILK,TP
continuous_0625_S5_strategy2.npz,16939–21218,BREAD,BREAD,TP
continuous_0625_S5_strategy2.npz,21218–25497,SLOW,SLOW,TP
continuous_0626_S5_strategy2.npz,0–4279,ORANGE,ORANGE,TP
continuous_0626_S5_strategy2.npz,2800–5633,—,NO,FP
continuous_0626_S5_strategy2.npz,4279–8524,NO,—,FN
continuous_0626_S5_strategy2.npz,8524–12586,WEELCHAIR PERSON,WEELCHAIR PERSON,TP
continuous_0626_S5_strategy2.npz,11266–14100,—,GRANDMOTHER,FP
continuous_0626_S5_strategy2.npz,12586–16799,GRANDMOTHER,—,FN
continuous_0626_S5_strategy2.npz,14100–16933,—,LIGHT,FP
continuous_0626_S5_strategy2.npz,16799–21045,SUNDAY,SUNDAY,TP
continuous_0626_S5_strategy2.npz,19733–22566,—,EIGHT,FP
continuous_0626_S5_strategy2.npz,21045–25291,SEVEN,SEVEN,TP
continuous_0627_S5_strategy2.npz,0–4498,OCTOBER,OCTOBER,TP
continuous_0627_S5_strategy2.npz,4498–8777,THREE,THREE,TP
continuous_0627_S5_strategy2.npz,8777–13143,KNOW,KNOW,TP
continuous_0627_S5_strategy2.npz,13143–17389,MEAT,MEAT,TP
continuous_0627_S5_strategy2.npz,17389–21721,GOOD MORNING,GOOD MORNING,TP
continuous_0628_S5_strategy2.npz,0–4212,TWO,TWO,TP
continuous_0628_S5_strategy2.npz,2466–4966,—,MARRIED,FP
continuous_0628_S5_strategy2.npz,4212–8611,MEAT,MEAT,TP
continuous_0628_S5_strategy2.npz,8611–12890,MILK,MILK,TP
continuous_0628_S5_strategy2.npz,12890–16889,VIOLET,VIOLET,TP
continuous_0628_S5_strategy2.npz,16889–21521,HOW ARE YOU,HOW ARE YOU,TP
continuous_0628_S5_strategy2.npz,21521–25767,MONDAY,MONDAY,TP
continuous_0628_S5_strategy2.npz,25767–29832,COUSIN,COUSIN,TP
continuous_0629_S5_strategy2.npz,0–4199,UNCLE,UNCLE,TP
continuous_0629_S5_strategy2.npz,2366–4733,—,KNOW,FP
continuous_0629_S5_strategy2.npz,4199–8411,MAN,MAN,TP
continuous_0629_S5_strategy2.npz,7100–9466,—,KNOW,FP
continuous_0629_S5_strategy2.npz,8411–12657,DON'T KNOW,DON’T KNOW,TP
continuous_0629_S5_strategy2.npz,11866–14233,—,HOT,FP
continuous_0629_S5_strategy2.npz,12657–17056,SEE YOU TOMORROW,SEE YOU TOMORROW,TP
continuous_0629_S5_strategy2.npz,17056–21302,TWO,TWO,TP
continuous_0630_S5_strategy2.npz,0–4299,HOW ARE YOU,HOW ARE YOU,TP
continuous_0630_S5_strategy2.npz,2466–7466,—,BREAD,FP
continuous_0630_S5_strategy2.npz,4299–8544,DEAF BLIND,DEAF BLIND,TP
continuous_0630_S5_strategy2.npz,8544–12789,SLOW,SLOW,TP
continuous_0630_S5_strategy2.npz,12789–18395,AUGUST,AUGUST,TP
continuous_0630_S5_strategy2.npz,18395–22394,AUNTIE,AUNTIE,TP
continuous_0631_S5_strategy2.npz,0–4246,GRANDFATHER,GRANDFATHER,TP
continuous_0631_S5_strategy2.npz,4246–8492,BOY,BOY,TP
continuous_0631_S5_strategy2.npz,8492–12738,MONDAY,MONDAY,TP
continuous_0631_S5_strategy2.npz,11600–13900,—,AUNTIE,FP
continuous_0631_S5_strategy2.npz,12738–16984,SLOW,SLOW,TP
continuous_0631_S5_strategy2.npz,16984–21230,NO SUGAR,NO SUGAR,TP
continuous_0631_S5_strategy2.npz,20866–23200,—,SUGAR,FP
continuous_0631_S5_strategy2.npz,21230–25430,THANK YOU,THANK YOU,TP
continuous_0632_S5_strategy2.npz,0–4246,YELLOW,YELLOW,TP
continuous_0632_S5_strategy2.npz,4246–8492,AUNTIE,AUNTIE,TP
continuous_0632_S5_strategy2.npz,8492–12791,IM FINE,IM FINE,TP
continuous_0632_S5_strategy2.npz,12791–17037,WINE,WINE,TP
continuous_0632_S5_strategy2.npz,17037–21316,UNDERSTAND,UNDERSTAND,TP
continuous_0633_S5_strategy2.npz,0–4399,THANK YOU,THANK YOU,TP
continuous_0633_S5_strategy2.npz,4399–8644,BEER,BEER,TP
continuous_0633_S5_strategy2.npz,8644–12773,TOMORROW,TOMORROW,TP
continuous_0633_S5_strategy2.npz,12773–16772,ORANGE,ORANGE,TP
continuous_0633_S5_strategy2.npz,16100–18766,—,KNOW,FP
continuous_0633_S5_strategy2.npz,16772–21018,DON'T KNOW,DON’T KNOW,TP
continuous_0633_S5_strategy2.npz,21018–25231,DECEMBER,DECEMBER,TP
continuous_0633_S5_strategy2.npz,25231–29477,MARRIED,MARRIED,TP
continuous_0634_S5_strategy2.npz,0–4246,FATHER,FATHER,TP
continuous_0634_S5_strategy2.npz,4246–8459,BLACK,BLACK,TP
continuous_0634_S5_strategy2.npz,8459–12705,JUICE,JUICE,TP
continuous_0634_S5_strategy2.npz,10833–13566,—,NOVEMBER,FP
continuous_0634_S5_strategy2.npz,12705–16984,NOVEMBER,—,FN
continuous_0634_S5_strategy2.npz,13566–16266,—,JANUARY,FP
continuous_0634_S5_strategy2.npz,16266–19000,—,SLOW,FP
continuous_0634_S5_strategy2.npz,16984–21197,SLOW,—,FN
continuous_0634_S5_strategy2.npz,19000–21700,—,LIGHT,FP
continuous_0634_S5_strategy2.npz,21197–25443,SUNDAY,SUNDAY,TP
continuous_0634_S5_strategy2.npz,24433–27133,—,EIGHT,FP
continuous_0634_S5_strategy2.npz,25443–29722,NINE,NINE,TP
continuous_0635_S5_strategy2.npz,0–4246,FISH,FISH,TP
continuous_0635_S5_strategy2.npz,2900–5800,—,WHITE,FP
continuous_0635_S5_strategy2.npz,4246–9078,NICE TO MEET YOU,NICE TO MEET YOU,TP
continuous_0635_S5_strategy2.npz,9078–13324,SUGAR,SUGAR,TP
continuous_0635_S5_strategy2.npz,11633–14533,—,HOT,FP
continuous_0635_S5_strategy2.npz,13324–17570,FOUR,FOUR,TP
continuous_0635_S5_strategy2.npz,17570–21815,YELLOW,YELLOW,TP
continuous_0635_S5_strategy2.npz,20366–23266,—,DEAF BLIND,FP
continuous_0635_S5_strategy2.npz,21815–26094,MAY,MAY,TP
continuous_0636_S5_strategy2.npz,0–4246,JUNE,JUNE,TP
continuous_0636_S5_strategy2.npz,4246–8524,FOUR,FOUR,TP
continuous_0636_S5_strategy2.npz,7933–10600,—,EIGHT,FP
continuous_0636_S5_strategy2.npz,8524–12787,SUNDAY,—,FN
continuous_0636_S5_strategy2.npz,10600–13233,—,LIGHT,FP
continuous_0636_S5_strategy2.npz,12787–17919,YOURE WELCOME,—,FN
continuous_0636_S5_strategy2.npz,13233–15900,—,SUNDAY,FP
continuous_0636_S5_strategy2.npz,15900–18533,—,LIGHT,FP
continuous_0636_S5_strategy2.npz,17919–22165,VIOLET,VIOLET,TP
continuous_0636_S5_strategy2.npz,18533–21200,—,YOURE WELCOME,FP
continuous_0636_S5_strategy2.npz,22165–26410,SON,SON,TP
continuous_0637_S5_strategy2.npz,0–4246,FISH,FISH,TP
continuous_0637_S5_strategy2.npz,2666–5366,—,WHITE,FP
continuous_0637_S5_strategy2.npz,4246–8492,NO,NO,TP
continuous_0637_S5_strategy2.npz,8492–12591,BLUE,BLUE,TP
continuous_0637_S5_strategy2.npz,12591–16837,APRIL,APRIL,TP
continuous_0637_S5_strategy2.npz,16837–21082,WOMAN,WOMAN,TP
continuous_0637_S5_strategy2.npz,18833–21500,—,ORANGE,FP
continuous_0637_S5_strategy2.npz,21082–25281,THREE,THREE,TP
continuous_0637_S5_strategy2.npz,25281–29513,IM FINE,IM FINE,TP
continuous_0638_S5_strategy2.npz,0–4213,CRAB,CRAB,TP
continuous_0638_S5_strategy2.npz,4213–8426,AUNTIE,AUNTIE,TP
continuous_0638_S5_strategy2.npz,8426–12672,ORANGE,ORANGE,TP
continuous_0638_S5_strategy2.npz,12672–16951,NO,NO,TP
continuous_0638_S5_strategy2.npz,16951–21350,NICE TO MEET YOU,NICE TO MEET YOU,TP
continuous_0638_S5_strategy2.npz,21350–25596,YESTERDAY,YESTERDAY,TP
continuous_0638_S5_strategy2.npz,25596–29875,BOY,BOY,TP
continuous_0639_S5_strategy2.npz,0–4246,MILK,MILK,TP
continuous_0639_S5_strategy2.npz,4246–8458,SEPTEMBER,SEPTEMBER,TP
continuous_0639_S5_strategy2.npz,8458–12704,SATURDAY,SATURDAY,TP
continuous_0639_S5_strategy2.npz,12704–16936,MOTHER,MOTHER,TP
continuous_0639_S5_strategy2.npz,16936–21215,DON'T KNOW,—,FN
continuous_0639_S5_strategy2.npz,18233–21300,—,KNOW,FP
continuous_0640_S5_strategy2.npz,0–4246,WHITE,WHITE,TP
continuous_0640_S5_strategy2.npz,4246–8459,FISH,FISH,TP
continuous_0640_S5_strategy2.npz,5900–8833,—,WHITE,FP
continuous_0640_S5_strategy2.npz,8459–12737,MONDAY,MONDAY,TP
continuous_0640_S5_strategy2.npz,8833–11800,—,YELLOW,FP
continuous_0640_S5_strategy2.npz,12737–17016,ONE,ONE,TP
continuous_0640_S5_strategy2.npz,17016–20948,MOTHER,—,FN
continuous_0640_S5_strategy2.npz,20666–23600,—,MOTHER,FP
continuous_0640_S5_strategy2.npz,20948–25127,OCTOBER,OCTOBER,TP
continuous_0640_S5_strategy2.npz,25127–29406,BOY,BOY,TP
continuous_0641_S5_strategy2.npz,0–4246,JUNE,JUNE,TP
continuous_0641_S5_strategy2.npz,2633–5300,—,APRIL,FP
continuous_0641_S5_strategy2.npz,4246–8491,BLACK,BLACK,TP
continuous_0641_S5_strategy2.npz,8491–12704,MEAT,MEAT,TP
continuous_0641_S5_strategy2.npz,12704–16950,DON'T UNDERSTAND,DON’T UNDERSTAND,TP
continuous_0641_S5_strategy2.npz,16950–21149,FOUR,FOUR,TP
continuous_0642_S5_strategy2.npz,0–4246,PARENTS,PARENTS,TP
continuous_0642_S5_strategy2.npz,2633–7933,—,MOTHER,FP
continuous_0642_S5_strategy2.npz,4246–8490,BEER,BEER,TP
continuous_0642_S5_strategy2.npz,8490–12753,MARCH,MARCH,TP
continuous_0642_S5_strategy2.npz,12753–17052,GOOD MORNING,GOOD MORNING,TP
continuous_0642_S5_strategy2.npz,15900–18566,—,MILK,FP
continuous_0642_S5_strategy2.npz,17052–21285,WRONG,WRONG,TP
continuous_0643_S5_strategy2.npz,0–4246,BREAD,BREAD,TP
continuous_0643_S5_strategy2.npz,2900–5800,—,FAST,FP
continuous_0643_S5_strategy2.npz,4246–8112,FAST,—,FN
continuous_0643_S5_strategy2.npz,8112–12174,WEDNESDAY,WEDNESDAY,TP
continuous_0643_S5_strategy2.npz,12174–16107,HOT,HOT,TP
continuous_0643_S5_strategy2.npz,16107–20352,UNCLE,UNCLE,TP
continuous_0644_S5_strategy2.npz,0–4032,FIVE,FIVE,TP
continuous_0644_S5_strategy2.npz,4032–8295,MONDAY,MONDAY,TP
continuous_0644_S5_strategy2.npz,7400–9866,—,NO SUGAR,FP
continuous_0644_S5_strategy2.npz,8295–12540,HOT,HOT,TP
continuous_0644_S5_strategy2.npz,12540–16753,DEAF BLIND,—,FN
continuous_0644_S5_strategy2.npz,14800–17266,—,BLIND,FP
continuous_0644_S5_strategy2.npz,16753–20999,CHICKEN,—,FN
continuous_0644_S5_strategy2.npz,17266–19733,—,DEAF BLIND,FP
continuous_0644_S5_strategy2.npz,19733–22200,—,FAST,FP
continuous_0644_S5_strategy2.npz,20999–25278,WHITE,WHITE,TP
continuous_0644_S5_strategy2.npz,22200–24666,—,CHICKEN,FP
continuous_0644_S5_strategy2.npz,25278–29544,YOURE WELCOME,YOURE WELCOME,TP
continuous_0645_S5_strategy2.npz,0–4246,GIRL,GIRL,TP
continuous_0645_S5_strategy2.npz,2500–5033,—,AUNTIE,FP
continuous_0645_S5_strategy2.npz,4246–8492,DON'T KNOW,DON’T KNOW,TP
continuous_0645_S5_strategy2.npz,5033–7566,—,KNOW,FP
continuous_0645_S5_strategy2.npz,8492–12458,HOW ARE YOU,—,FN
continuous_0645_S5_strategy2.npz,10100–12633,—,NO,FP
continuous_0645_S5_strategy2.npz,12458–16704,RED,RED,TP
continuous_0645_S5_strategy2.npz,12633–15133,—,HOW ARE YOU,FP
continuous_0645_S5_strategy2.npz,16704–20903,CHICKEN,CHICKEN,TP
continuous_0645_S5_strategy2.npz,20903–25182,MILK,MILK,TP
continuous_0646_S5_strategy2.npz,0–4096,SUNDAY,SUNDAY,TP
continuous_0646_S5_strategy2.npz,4096–8342,GIRL,GIRL,TP
continuous_0646_S5_strategy2.npz,8342–12541,PINK,PINK,TP
continuous_0646_S5_strategy2.npz,12541–16707,LONGANISA,LONGANISA,TP
continuous_0646_S5_strategy2.npz,16707–20972,HOW ARE YOU,HOW ARE YOU,TP
continuous_0647_S5_strategy2.npz,0–4213,SPAGHETTI,SPAGHETTI,TP
continuous_0647_S5_strategy2.npz,4213–8459,MAN,MAN,TP
continuous_0647_S5_strategy2.npz,8459–12672,SEVEN,SEVEN,TP
continuous_0647_S5_strategy2.npz,12672–17071,NICE TO MEET YOU,NICE TO MEET YOU,TP
continuous_0647_S5_strategy2.npz,15400–17966,—,JULY,FP
continuous_0647_S5_strategy2.npz,17071–21317,NOVEMBER,NOVEMBER,TP
continuous_0647_S5_strategy2.npz,20533–23100,—,SUGAR,FP
continuous_0647_S5_strategy2.npz,21317–25563,HOT,HOT,TP
continuous_0648_S5_strategy2.npz,0–4246,WOMAN,WOMAN,TP
continuous_0648_S5_strategy2.npz,3566–7133,—,ORANGE,FP
continuous_0648_S5_strategy2.npz,4246–8492,NO SUGAR,NO SUGAR,TP
continuous_0648_S5_strategy2.npz,8492–12737,GRAY,GRAY,TP
continuous_0648_S5_strategy2.npz,12737–17136,NICE TO MEET YOU,NICE TO MEET YOU,TP
continuous_0648_S5_strategy2.npz,17136–21382,SEVEN,SEVEN,TP
continuous_0649_S5_strategy2.npz,0–4246,COUSIN,COUSIN,TP
continuous_0649_S5_strategy2.npz,2500–5033,—,MONDAY,FP
continuous_0649_S5_strategy2.npz,4246–8445,ONE,ONE,TP
continuous_0649_S5_strategy2.npz,8445–12690,MEAT,MEAT,TP
continuous_0649_S5_strategy2.npz,12690–16935,MARCH,—,FN
continuous_0649_S5_strategy2.npz,15133–17666,—,MARCH,FP
continuous_0649_S5_strategy2.npz,16935–21148,GIRL,GIRL,TP
continuous_0649_S5_strategy2.npz,20200–22733,—,MILK,FP
continuous_0649_S5_strategy2.npz,21148–25181,WRONG,WRONG,TP
continuous_0650_S5_strategy2.npz,0–4245,WEELCHAIR PERSON,WEELCHAIR PERSON,TP
continuous_0650_S5_strategy2.npz,4245–8491,BEER,BEER,TP
continuous_0650_S5_strategy2.npz,8491–12736,EGG,EGG,TP
continuous_0650_S5_strategy2.npz,12736–17135,IM FINE,IM FINE,TP
continuous_0650_S5_strategy2.npz,17135–21381,FAST,FAST,TP
continuous_0650_S5_strategy2.npz,21381–25627,YESTERDAY,YESTERDAY,TP
continuous_0650_S5_strategy2.npz,25627–29873,FIVE,FIVE,TP
continuous_0651_S5_strategy2.npz,0–4212,BEER,BEER,TP
continuous_0651_S5_strategy2.npz,4212–8491,EGG,EGG,TP
continuous_0651_S5_strategy2.npz,8491–12486,BLIND,BLIND,TP
continuous_0651_S5_strategy2.npz,9966–13300,—,OCTOBER,FP
continuous_0651_S5_strategy2.npz,12486–16765,JUNE,JUNE,TP
continuous_0651_S5_strategy2.npz,16765–21011,DAUGHTER,DAUGHTER,TP
continuous_0651_S5_strategy2.npz,19933–23266,—,HARD OF HEARING,FP
continuous_0651_S5_strategy2.npz,21011–25643,HOW ARE YOU,HOW ARE YOU,TP
continuous_0651_S5_strategy2.npz,25643–29889,TODAY,TODAY,TP
continuous_0652_S5_strategy2.npz,0–3900,YES,YES,TP
continuous_0652_S5_strategy2.npz,3900–8146,RICE,RICE,TP
continuous_0652_S5_strategy2.npz,8146–12345,SIX,SIX,TP
continuous_0652_S5_strategy2.npz,12345–16591,GRANDFATHER,GRANDFATHER,TP
continuous_0652_S5_strategy2.npz,15700–18866,—,ONE,FP
continuous_0652_S5_strategy2.npz,16591–20804,MONDAY,MONDAY,TP
continuous_0652_S5_strategy2.npz,20804–25082,JULY,JULY,TP
continuous_0653_S5_strategy2.npz,0–4279,MARRIED,MARRIED,TP
continuous_0653_S5_strategy2.npz,2666–5366,—,FAST,FP
continuous_0653_S5_strategy2.npz,4279–8558,FAST,—,FN
continuous_0653_S5_strategy2.npz,8558–12837,FOUR,FOUR,TP
continuous_0653_S5_strategy2.npz,10733–13400,—,JUNE,FP
continuous_0653_S5_strategy2.npz,12837–17116,MAY,MAY,TP
continuous_0653_S5_strategy2.npz,16100–18766,—,APRIL,FP
continuous_0653_S5_strategy2.npz,17116–21362,BLACK,BLACK,TP
continuous_0654_S5_strategy2.npz,0–4246,MONDAY,MONDAY,TP
continuous_0654_S5_strategy2.npz,3033–6066,—,YES,FP
continuous_0654_S5_strategy2.npz,4246–8492,YES,—,FN
continuous_0654_S5_strategy2.npz,8492–12738,FIVE,FIVE,TP
continuous_0654_S5_strategy2.npz,12166–15233,—,COFFEE,FP
continuous_0654_S5_strategy2.npz,12738–16984,COFFEE,—,FN
continuous_0654_S5_strategy2.npz,15233–18266,—,SPAGHETTI,FP
continuous_0654_S5_strategy2.npz,16984–21230,LONGANISA,LONGANISA,TP
continuous_0655_S5_strategy2.npz,0–4246,FOUR,FOUR,TP
continuous_0655_S5_strategy2.npz,2833–5666,—,GRANDFATHER,FP
continuous_0655_S5_strategy2.npz,4246–8492,GRANDFATHER,—,FN
continuous_0655_S5_strategy2.npz,5666–8500,—,DECEMBER,FP
continuous_0655_S5_strategy2.npz,8492–12738,DECEMBER,—,FN
continuous_0655_S5_strategy2.npz,8500–11333,—,MILK,FP
continuous_0655_S5_strategy2.npz,12738–16951,TOMORROW,TOMORROW,TP
continuous_0655_S5_strategy2.npz,16951–21164,SPAGHETTI,SPAGHETTI,TP
continuous_0655_S5_strategy2.npz,21164–25443,NO,NO,TP
continuous_0656_S5_strategy2.npz,0–4278,DON'T UNDERSTAND,DON’T UNDERSTAND,TP
continuous_0656_S5_strategy2.npz,2833–5666,—,FATHER,FP
continuous_0656_S5_strategy2.npz,4278–8524,FATHER,—,FN
continuous_0656_S5_strategy2.npz,5666–8500,—,MARCH,FP
continuous_0656_S5_strategy2.npz,8524–12803,VIOLET,VIOLET,TP
continuous_0656_S5_strategy2.npz,11333–14200,—,RICE,FP
continuous_0656_S5_strategy2.npz,12803–16968,SHRIMP,SHRIMP,TP
continuous_0656_S5_strategy2.npz,16968–21214,HOT,HOT,TP
continuous_0656_S5_strategy2.npz,21214–25460,THURSDAY,THURSDAY,TP
continuous_0657_S5_strategy2.npz,0–4246,FATHER,FATHER,TP
continuous_0657_S5_strategy2.npz,4246–8492,WEELCHAIR PERSON,WEELCHAIR PERSON,TP
continuous_0657_S5_strategy2.npz,8492–12738,RICE,RICE,TP
continuous_0657_S5_strategy2.npz,12738–16984,WEDNESDAY,WEDNESDAY,TP
continuous_0657_S5_strategy2.npz,16984–21262,ORANGE,ORANGE,TP
continuous_0658_S5_strategy2.npz,0–4099,NINE,NINE,TP
continuous_0658_S5_strategy2.npz,2633–5266,—,EIGHT,FP
continuous_0658_S5_strategy2.npz,4099–8345,MILK,MILK,TP
continuous_0658_S5_strategy2.npz,7933–10566,—,NOVEMBER,FP
continuous_0658_S5_strategy2.npz,8345–12591,DECEMBER,DECEMBER,TP
continuous_0658_S5_strategy2.npz,12591–16837,SUNDAY,—,FN
continuous_0658_S5_strategy2.npz,13200–15866,—,LIGHT,FP
continuous_0658_S5_strategy2.npz,15866–18500,—,SUNDAY,FP
continuous_0658_S5_strategy2.npz,16837–21082,MARRIED,MARRIED,TP
continuous_0659_S5_strategy2.npz,0–4246,SON,SON,TP
continuous_0659_S5_strategy2.npz,3200–6400,—,GRANDMOTHER,FP
continuous_0659_S5_strategy2.npz,4246–8525,THREE,—,FN
continuous_0659_S5_strategy2.npz,6400–9600,—,HARD OF HEARING,FP
continuous_0659_S5_strategy2.npz,8525–12737,YESTERDAY,—,FN
continuous_0659_S5_strategy2.npz,9600–12800,—,THREE,FP
continuous_0659_S5_strategy2.npz,12737–16982,MEAT,MEAT,TP
continuous_0659_S5_strategy2.npz,12800–16000,—,YESTERDAY,FP
continuous_0659_S5_strategy2.npz,16982–21228,GREEN,—,FN
continuous_0659_S5_strategy2.npz,19200–22400,—,GREEN,FP
continuous_0659_S5_strategy2.npz,21228–25474,JUICE,JUICE,TP
continuous_0660_S5_strategy2.npz,0–3760,THURSDAY,THURSDAY,TP
continuous_0660_S5_strategy2.npz,2700–5400,—,TEN,FP
continuous_0660_S5_strategy2.npz,3760–8859,GOOD AFTERNOON,GOOD AFTERNOON,TP
continuous_0660_S5_strategy2.npz,8859–13105,JANUARY,JANUARY,TP
continuous_0660_S5_strategy2.npz,13105–17351,LONGANISA,LONGANISA,TP
continuous_0660_S5_strategy2.npz,13500–16200,—,AUGUST,FP
continuous_0660_S5_strategy2.npz,17351–21563,MARRIED,MARRIED,TP
continuous_0661_S5_strategy2.npz,0–4266,IM FINE,IM FINE,TP
continuous_0661_S5_strategy2.npz,4266–8512,SEVEN,SEVEN,TP
continuous_0661_S5_strategy2.npz,8512–12611,ORANGE,ORANGE,TP
continuous_0661_S5_strategy2.npz,10500–14000,—,SATURDAY,FP
continuous_0661_S5_strategy2.npz,12611–16706,SATURDAY,—,FN
continuous_0661_S5_strategy2.npz,14000–17500,—,NO SUGAR,FP
continuous_0661_S5_strategy2.npz,16706–20952,SUGAR,SUGAR,TP
continuous_0662_S5_strategy2.npz,0–4232,SEE YOU TOMORROW,SEE YOU TOMORROW,TP
continuous_0662_S5_strategy2.npz,2966–5933,—,HOT,FP
continuous_0662_S5_strategy2.npz,4232–8511,FIVE,FIVE,TP
continuous_0662_S5_strategy2.npz,8511–12643,TEA,TEA,TP
continuous_0662_S5_strategy2.npz,12643–16889,EGG,EGG,TP
continuous_0662_S5_strategy2.npz,16889–21135,MAN,MAN,TP
continuous_0662_S5_strategy2.npz,21135–25380,BLACK,BLACK,TP
continuous_0662_S5_strategy2.npz,25380–29593,FRIDAY,FRIDAY,TP
continuous_0663_S5_strategy2.npz,0–4213,YESTERDAY,YESTERDAY,TP
continuous_0663_S5_strategy2.npz,4213–8459,DEAF BLIND,DEAF BLIND,TP
continuous_0663_S5_strategy2.npz,6900–9200,—,MAY,FP
continuous_0663_S5_strategy2.npz,8459–12621,APRIL,APRIL,TP
continuous_0663_S5_strategy2.npz,11500–13800,—,YESTERDAY,FP
continuous_0663_S5_strategy2.npz,12621–16900,YES,YES,TP
continuous_0663_S5_strategy2.npz,16900–20999,DAUGHTER,DAUGHTER,TP
continuous_0663_S5_strategy2.npz,20700–23000,—,HARD OF HEARING,FP
continuous_0663_S5_strategy2.npz,20999–25264,TEN,TEN,TP
continuous_0664_S5_strategy2.npz,0–4213,COUSIN,COUSIN,TP
continuous_0664_S5_strategy2.npz,4213–8492,WINE,WINE,TP
continuous_0664_S5_strategy2.npz,8492–12771,SUNDAY,SUNDAY,TP
continuous_0664_S5_strategy2.npz,12771–17017,SLOW,SLOW,TP
continuous_0664_S5_strategy2.npz,16000–18666,—,JULY,FP
continuous_0664_S5_strategy2.npz,17017–21263,SEVEN,SEVEN,TP
continuous_0665_S5_strategy2.npz,0–3966,THREE,THREE,TP
continuous_0665_S5_strategy2.npz,2966–5966,—,NO,FP
continuous_0665_S5_strategy2.npz,3966–8212,CORRECT,CORRECT,TP
continuous_0665_S5_strategy2.npz,8212–12458,BROWN,BROWN,TP
continuous_0665_S5_strategy2.npz,8966–11933,—,NICE TO MEET YOU,FP
continuous_0665_S5_strategy2.npz,12458–16587,APRIL,APRIL,TP
continuous_0665_S5_strategy2.npz,16587–20865,BREAD,BREAD,TP
continuous_0666_S5_strategy2.npz,0–3525,SEPTEMBER,SEPTEMBER,TP
continuous_0666_S5_strategy2.npz,3525–7553,TUESDAY,TUESDAY,TP
continuous_0666_S5_strategy2.npz,7553–11799,CHICKEN,CHICKEN,TP
continuous_0666_S5_strategy2.npz,8166–10900,—,FAST,FP
continuous_0666_S5_strategy2.npz,11799–16045,SLOW,SLOW,TP
continuous_0666_S5_strategy2.npz,16045–20244,GRANDMOTHER,GRANDMOTHER,TP
continuous_0666_S5_strategy2.npz,20244–24490,ONE,ONE,TP
continuous_0667_S5_strategy2.npz,0–4213,CHICKEN,CHICKEN,TP
continuous_0667_S5_strategy2.npz,4213–9745,GOOD AFTERNOON,GOOD AFTERNOON,TP
continuous_0667_S5_strategy2.npz,5300–7966,—,TEN,FP
continuous_0667_S5_strategy2.npz,9745–13744,SUGAR,SUGAR,TP
continuous_0667_S5_strategy2.npz,13744–18023,YESTERDAY,YESTERDAY,TP
continuous_0667_S5_strategy2.npz,18023–22236,MOTHER,—,FN
continuous_0667_S5_strategy2.npz,18566–21233,—,GRANDMOTHER,FP
continuous_0667_S5_strategy2.npz,21233–23900,—,MOTHER,FP
continuous_0667_S5_strategy2.npz,22236–26482,VIOLET,VIOLET,TP
continuous_0668_S5_strategy2.npz,0–4245,PINK,PINK,TP
continuous_0668_S5_strategy2.npz,4245–8491,NO SUGAR,NO SUGAR,TP
continuous_0668_S5_strategy2.npz,8491–12391,CORRECT,CORRECT,TP
continuous_0668_S5_strategy2.npz,12391–16637,NOVEMBER,NOVEMBER,TP
continuous_0668_S5_strategy2.npz,15766–18900,—,DECEMBER,FP
continuous_0668_S5_strategy2.npz,16637–20883,GIRL,GIRL,TP
continuous_0668_S5_strategy2.npz,20883–25129,SON,SON,TP
continuous_0669_S5_strategy2.npz,0–4279,GRANDMOTHER,GRANDMOTHER,TP
continuous_0669_S5_strategy2.npz,4279–8609,DECEMBER,DECEMBER,TP
continuous_0669_S5_strategy2.npz,8609–12855,SUNDAY,SUNDAY,TP
continuous_0669_S5_strategy2.npz,12855–17100,CRAB,CRAB,TP
continuous_0669_S5_strategy2.npz,17100–21346,SEVEN,SEVEN,TP
continuous_0670_S5_strategy2.npz,0–4028,DEAF BLIND,DEAF BLIND,TP
continuous_0670_S5_strategy2.npz,2300–4633,—,BLIND,FP
continuous_0670_S5_strategy2.npz,4028–8307,SUGAR,SUGAR,TP
continuous_0670_S5_strategy2.npz,6966–9266,—,HOT,FP
continuous_0670_S5_strategy2.npz,8307–12585,FIVE,FIVE,TP
continuous_0670_S5_strategy2.npz,12585–16584,GRAY,GRAY,TP
continuous_0670_S5_strategy2.npz,16233–18566,—,DEAF,FP
continuous_0670_S5_strategy2.npz,16584–20830,MEAT,MEAT,TP
continuous_0671_S5_strategy2.npz,0–4213,GRANDMOTHER,GRANDMOTHER,TP
continuous_0671_S5_strategy2.npz,4213–8459,EIGHT,EIGHT,TP
continuous_0671_S5_strategy2.npz,6600–9900,—,DEAF,FP
continuous_0671_S5_strategy2.npz,8459–12705,DEAF,—,FN
continuous_0671_S5_strategy2.npz,9900–13200,—,DAUGHTER,FP
continuous_0671_S5_strategy2.npz,12705–16951,MEAT,MEAT,TP
continuous_0671_S5_strategy2.npz,16951–21164,YES,YES,TP
continuous_0671_S5_strategy2.npz,21164–25363,BLUE,BLUE,TP
continuous_0671_S5_strategy2.npz,25363–29642,FRIDAY,FRIDAY,TP
continuous_0672_S5_strategy2.npz,0–4246,NOVEMBER,NOVEMBER,TP
continuous_0672_S5_strategy2.npz,4246–8445,GOOD AFTERNOON,GOOD AFTERNOON,TP
continuous_0672_S5_strategy2.npz,8445–12540,SUNDAY,SUNDAY,TP
continuous_0672_S5_strategy2.npz,8800–11766,—,GOOD EVENING,FP
continuous_0672_S5_strategy2.npz,12540–16786,TEN,TEN,TP
continuous_0672_S5_strategy2.npz,16786–20951,CRAB,CRAB,TP
continuous_0672_S5_strategy2.npz,20600–23533,—,DARK,FP
continuous_0672_S5_strategy2.npz,20951–25196,BROWN,BROWN,TP
continuous_0672_S5_strategy2.npz,25196–29361,DON'T UNDERSTAND,DON’T UNDERSTAND,TP
continuous_0673_S5_strategy2.npz,0–4246,MARCH,MARCH,TP
continuous_0673_S5_strategy2.npz,4246–8459,BOY,BOY,TP
continuous_0673_S5_strategy2.npz,8066–10766,—,GIRL,FP
continuous_0673_S5_strategy2.npz,8459–12705,TWO,TWO,TP
continuous_0673_S5_strategy2.npz,12705–16951,PINK,PINK,TP
continuous_0673_S5_strategy2.npz,13466–16166,—,NO SUGAR,FP
continuous_0673_S5_strategy2.npz,16951–21050,MEAT,MEAT,TP
continuous_0673_S5_strategy2.npz,21050–25296,NO,NO,TP
continuous_0673_S5_strategy2.npz,25296–29542,PARENTS,PARENTS,TP
continuous_0674_S5_strategy2.npz,0–4212,APRIL,APRIL,TP
continuous_0674_S5_strategy2.npz,4212–8425,FOUR,FOUR,TP
continuous_0674_S5_strategy2.npz,4233–6366,—,TWO,FP
continuous_0674_S5_strategy2.npz,8425–12671,GIRL,GIRL,TP
continuous_0674_S5_strategy2.npz,12671–16917,MOTHER,MOTHER,TP
continuous_0674_S5_strategy2.npz,16917–21163,TEA,—,FN
continuous_0674_S5_strategy2.npz,19133–21266,—,TEA,FP
continuous_0675_S5_strategy2.npz,0–4246,UNCLE,UNCLE,TP
continuous_0675_S5_strategy2.npz,4246–8492,SEPTEMBER,SEPTEMBER,TP
continuous_0675_S5_strategy2.npz,5900–8866,—,FAST,FP
continuous_0675_S5_strategy2.npz,8492–12771,DON'T UNDERSTAND,DON’T UNDERSTAND,TP
continuous_0675_S5_strategy2.npz,12771–16984,TEN,TEN,TP
continuous_0675_S5_strategy2.npz,16984–21230,DARK,DARK,TP
continuous_0675_S5_strategy2.npz,20700–23666,—,RICE,FP
continuous_0675_S5_strategy2.npz,21230–25475,MEAT,—,FN
continuous_0675_S5_strategy2.npz,23666–26633,—,MEAT,FP
continuous_0675_S5_strategy2.npz,25475–29474,BEER,BEER,TP
continuous_0676_S5_strategy2.npz,0–4000,YOURE WELCOME,YOURE WELCOME,TP
continuous_0676_S5_strategy2.npz,2933–5866,—,SIX,FP
continuous_0676_S5_strategy2.npz,4000–8246,FOUR,FOUR,TP
continuous_0676_S5_strategy2.npz,8246–12492,MOTHER,MOTHER,TP
continuous_0676_S5_strategy2.npz,11766–14700,—,WEDNESDAY,FP
continuous_0676_S5_strategy2.npz,12492–16520,TODAY,TODAY,TP
continuous_0676_S5_strategy2.npz,16520–20553,YES,YES,TP
continuous_0677_S5_strategy2.npz,0–4246,FIVE,FIVE,TP
continuous_0677_S5_strategy2.npz,3033–6100,—,JANUARY,FP
continuous_0677_S5_strategy2.npz,4246–8492,JUNE,JUNE,TP
continuous_0677_S5_strategy2.npz,8492–12738,COFFEE,COFFEE,TP
continuous_0677_S5_strategy2.npz,12738–17017,BLIND,BLIND,TP
continuous_0677_S5_strategy2.npz,17017–21296,EGG,EGG,TP
continuous_0678_S5_strategy2.npz,0–4246,MARRIED,MARRIED,TP
continuous_0678_S5_strategy2.npz,2133–4266,—,SHRIMP,FP
continuous_0678_S5_strategy2.npz,4246–8492,TOMORROW,TOMORROW,TP
continuous_0678_S5_strategy2.npz,8492–12889,JUNE,JUNE,TP
continuous_0678_S5_strategy2.npz,8566–10700,—,JANUARY,FP
continuous_0678_S5_strategy2.npz,12889–17135,YES,YES,TP
continuous_0678_S5_strategy2.npz,17133–19300,—,HOT,FP
continuous_0678_S5_strategy2.npz,17135–21381,SUGAR,SUGAR,TP
continuous_0678_S5_strategy2.npz,21381–25626,DAUGHTER,DAUGHTER,TP
continuous_0679_S5_strategy2.npz,0–4246,LIGHT,LIGHT,TP
continuous_0679_S5_strategy2.npz,4246–8492,FEBRUARY,FEBRUARY,TP
continuous_0679_S5_strategy2.npz,8492–12738,ONE,ONE,TP
continuous_0679_S5_strategy2.npz,12738–16951,TOMORROW,TOMORROW,TP
continuous_0679_S5_strategy2.npz,16951–21197,NO,NO,TP
continuous_0679_S5_strategy2.npz,21197–25497,WINE,WINE,TP
continuous_0680_S5_strategy2.npz,0–4213,HARD OF HEARING,HARD OF HEARING,TP
continuous_0680_S5_strategy2.npz,4213–8459,DARK,DARK,TP
continuous_0680_S5_strategy2.npz,8459–12705,PARENTS,PARENTS,TP
continuous_0680_S5_strategy2.npz,12705–16951,DECEMBER,DECEMBER,TP
continuous_0680_S5_strategy2.npz,15900–18566,—,AUGUST,FP
continuous_0680_S5_strategy2.npz,16951–21150,COFFEE,COFFEE,TP
continuous_0681_S5_strategy2.npz,0–4212,CHICKEN,CHICKEN,TP
continuous_0681_S5_strategy2.npz,4212–8491,EIGHT,EIGHT,TP
continuous_0681_S5_strategy2.npz,8491–12737,MILK,MILK,TP
continuous_0681_S5_strategy2.npz,12737–16703,KNOW,KNOW,TP
continuous_0681_S5_strategy2.npz,16703–20949,APRIL,APRIL,TP
continuous_0681_S5_strategy2.npz,19166–22366,—,DEAF BLIND,FP
continuous_0681_S5_strategy2.npz,20949–25161,UNCLE,UNCLE,TP
continuous_0681_S5_strategy2.npz,25161–28660,GOOD AFTERNOON,GOOD AFTERNOON,TP
continuous_0682_S5_strategy2.npz,0–4246,SIX,SIX,TP
continuous_0682_S5_strategy2.npz,4246–8491,MILK,MILK,TP
continuous_0682_S5_strategy2.npz,8491–12737,GRANDMOTHER,GRANDMOTHER,TP
continuous_0682_S5_strategy2.npz,11133–14866,—,MARCH,FP
continuous_0682_S5_strategy2.npz,12737–16983,RICE,RICE,TP
continuous_0682_S5_strategy2.npz,16983–21149,HOW ARE YOU,HOW ARE YOU,TP
continuous_0682_S5_strategy2.npz,21149–25395,THURSDAY,THURSDAY,TP
continuous_0682_S5_strategy2.npz,25395–29640,KNOW,KNOW,TP
continuous_0683_S5_strategy2.npz,0–4246,HOT,HOT,TP
continuous_0683_S5_strategy2.npz,2833–5666,—,EIGHT,FP
continuous_0683_S5_strategy2.npz,4246–8492,NINE,NINE,TP
continuous_0683_S5_strategy2.npz,8492–12658,GOOD MORNING,GOOD MORNING,TP
continuous_0683_S5_strategy2.npz,8500–11333,—,EIGHT,FP
continuous_0683_S5_strategy2.npz,12658–16904,RED,RED,TP
continuous_0683_S5_strategy2.npz,16904–21183,MAN,MAN,TP
continuous_0683_S5_strategy2.npz,19833–22666,—,ORANGE,FP
continuous_0683_S5_strategy2.npz,21183–25429,LONGANISA,LONGANISA,TP
continuous_0684_S5_strategy2.npz,0–4279,ONE,ONE,TP
continuous_0684_S5_strategy2.npz,2833–5700,—,JULY,FP
continuous_0684_S5_strategy2.npz,4279–8878,AUGUST,AUGUST,TP
continuous_0684_S5_strategy2.npz,8878–13124,YESTERDAY,YESTERDAY,TP
continuous_0684_S5_strategy2.npz,11400–14266,—,THANK YOU,FP
continuous_0684_S5_strategy2.npz,13124–17156,DARK,DARK,TP
continuous_0684_S5_strategy2.npz,17133–19966,—,SPAGHETTI,FP
continuous_0684_S5_strategy2.npz,17156–21402,CRAB,CRAB,TP
continuous_0684_S5_strategy2.npz,21402–25615,TEA,TEA,TP
continuous_0685_S5_strategy2.npz,0–5899,IM FINE,IM FINE,TP
continuous_0685_S5_strategy2.npz,5899–10145,MARRIED,MARRIED,TP
continuous_0685_S5_strategy2.npz,10145–14391,ONE,—,FN
continuous_0685_S5_strategy2.npz,11500–14366,—,HOT,FP
continuous_0685_S5_strategy2.npz,14366–17233,—,ONE,FP
continuous_0685_S5_strategy2.npz,14391–18670,FAST,FAST,TP
continuous_0685_S5_strategy2.npz,18670–22916,JULY,JULY,TP
continuous_0686_S5_strategy2.npz,0–4033,DON'T KNOW,DON’T KNOW,TP
continuous_0686_S5_strategy2.npz,4033–8279,LIGHT,LIGHT,TP
continuous_0686_S5_strategy2.npz,7366–9833,—,SUNDAY,FP
continuous_0686_S5_strategy2.npz,8279–12578,BOY,BOY,TP
continuous_0686_S5_strategy2.npz,12578–16857,SIX,SIX,TP
continuous_0686_S5_strategy2.npz,16857–21154,DECEMBER,DECEMBER,TP
continuous_0686_S5_strategy2.npz,19666–22133,—,BLIND,FP
continuous_0686_S5_strategy2.npz,21154–25553,SEE YOU TOMORROW,SEE YOU TOMORROW,TP
continuous_0686_S5_strategy2.npz,24600–27066,—,SPAGHETTI,FP
continuous_0686_S5_strategy2.npz,25553–29485,CRAB,CRAB,TP
continuous_0687_S5_strategy2.npz,0–4246,TEA,TEA,TP
continuous_0687_S5_strategy2.npz,4246–8445,EIGHT,EIGHT,TP
continuous_0687_S5_strategy2.npz,6500–9766,—,HELLO,FP
continuous_0687_S5_strategy2.npz,8445–12577,HELLO,—,FN
continuous_0687_S5_strategy2.npz,9766–13033,—,COUSIN,FP
continuous_0687_S5_strategy2.npz,12577–16822,COUSIN,—,FN
continuous_0687_S5_strategy2.npz,13033–16266,—,RICE,FP
continuous_0687_S5_strategy2.npz,16266–19533,—,HOT,FP
continuous_0687_S5_strategy2.npz,16822–21068,RICE,—,FN
continuous_0687_S5_strategy2.npz,19533–22800,—,NO,FP
continuous_0687_S5_strategy2.npz,21068–25001,NO,—,FN
continuous_0687_S5_strategy2.npz,22800–26066,—,YELLOW,FP
continuous_0687_S5_strategy2.npz,25001–29247,ORANGE,ORANGE,TP
continuous_0688_S5_strategy2.npz,0–4246,COLD,COLD,TP
continuous_0688_S5_strategy2.npz,2966–5966,—,JULY,FP
continuous_0688_S5_strategy2.npz,4246–8524,AUGUST,AUGUST,TP
continuous_0688_S5_strategy2.npz,8524–12770,EGG,EGG,TP
continuous_0688_S5_strategy2.npz,8933–11933,—,JANUARY,FP
continuous_0688_S5_strategy2.npz,12770–17015,DEAF,DEAF,TP
continuous_0688_S5_strategy2.npz,17015–21261,THREE,THREE,TP
continuous_0688_S5_strategy2.npz,21261–25493,THANK YOU,THANK YOU,TP
continuous_0688_S5_strategy2.npz,25493–29739,YES,YES,TP
continuous_0689_S5_strategy2.npz,0–4246,FATHER,FATHER,TP
continuous_0689_S5_strategy2.npz,4246–8492,FAST,—,FN
continuous_0689_S5_strategy2.npz,5666–8500,—,ONE,FP
continuous_0689_S5_strategy2.npz,8492–12738,COLD,COLD,TP
continuous_0689_S5_strategy2.npz,8500–11333,—,FAST,FP
continuous_0689_S5_strategy2.npz,12738–16970,IM FINE,—,FN
continuous_0689_S5_strategy2.npz,16970–21216,BLUE,BLUE,TP
continuous_0689_S5_strategy2.npz,17033–19866,—,IM FINE,FP
continuous_0689_S5_strategy2.npz,21216–25462,SHRIMP,SHRIMP,TP
continuous_0690_S5_strategy2.npz,0–4213,CRAB,CRAB,TP
continuous_0690_S5_strategy2.npz,4213–8459,HOT,HOT,TP
continuous_0690_S5_strategy2.npz,8459–12958,YOURE WELCOME,YOURE WELCOME,TP
continuous_0690_S5_strategy2.npz,12958–17204,PARENTS,PARENTS,TP
continuous_0690_S5_strategy2.npz,17204–21449,FRIDAY,FRIDAY,TP
continuous_0690_S5_strategy2.npz,19333–23633,—,EIGHT,FP
continuous_0690_S5_strategy2.npz,21449–25695,SIX,SIX,TP
continuous_0690_S5_strategy2.npz,25695–29974,JANUARY,JANUARY,TP
continuous_0691_S5_strategy2.npz,0–4246,LIGHT,LIGHT,TP
continuous_0691_S5_strategy2.npz,2466–4966,—,SUNDAY,FP
continuous_0691_S5_strategy2.npz,4246–8079,HOT,HOT,TP
continuous_0691_S5_strategy2.npz,8079–12325,OCTOBER,OCTOBER,TP
continuous_0691_S5_strategy2.npz,12325–16571,UNCLE,UNCLE,TP
continuous_0691_S5_strategy2.npz,16571–21370,SEE YOU TOMORROW,SEE YOU TOMORROW,TP
continuous_0691_S5_strategy2.npz,19966–22466,—,RED,FP
continuous_0691_S5_strategy2.npz,21370–25615,LONGANISA,LONGANISA,TP
continuous_0691_S5_strategy2.npz,25615–29861,YESTERDAY,YESTERDAY,TP
continuous_0692_S5_strategy2.npz,0–4246,BLIND,BLIND,TP
continuous_0692_S5_strategy2.npz,4246–8492,EGG,EGG,TP
continuous_0692_S5_strategy2.npz,8492–13024,YOURE WELCOME,YOURE WELCOME,TP
continuous_0692_S5_strategy2.npz,13024–17270,OCTOBER,OCTOBER,TP
continuous_0692_S5_strategy2.npz,17270–21516,TEN,TEN,TP
continuous_0693_S5_strategy2.npz,0–3860,WOMAN,WOMAN,TP
continuous_0693_S5_strategy2.npz,2800–5600,—,ORANGE,FP
continuous_0693_S5_strategy2.npz,3860–8359,THANK YOU,THANK YOU,TP
continuous_0693_S5_strategy2.npz,8359–12524,PINK,PINK,TP
continuous_0693_S5_strategy2.npz,12524–16770,SUNDAY,SUNDAY,TP
continuous_0693_S5_strategy2.npz,16770–21016,GRANDFATHER,GRANDFATHER,TP
continuous_0693_S5_strategy2.npz,21016–25262,SIX,SIX,TP
continuous_0694_S5_strategy2.npz,0–4199,PINK,PINK,TP
continuous_0694_S5_strategy2.npz,4199–8231,FOUR,FOUR,TP
continuous_0694_S5_strategy2.npz,8231–12563,MAN,MAN,TP
continuous_0694_S5_strategy2.npz,12563–17228,GOOD MORNING,GOOD MORNING,TP
continuous_0694_S5_strategy2.npz,17228–21256,YESTERDAY,YESTERDAY,TP
continuous_0694_S5_strategy2.npz,21256–25535,OCTOBER,OCTOBER,TP
continuous_0695_S5_strategy2.npz,0–4279,UNCLE,UNCLE,TP
continuous_0695_S5_strategy2.npz,3033–6066,—,TWO,FP
continuous_0695_S5_strategy2.npz,4279–8478,GOOD EVENING,GOOD EVENING,TP
continuous_0695_S5_strategy2.npz,8478–12757,JULY,JULY,TP
continuous_0695_S5_strategy2.npz,12757–17002,GREEN,GREEN,TP
continuous_0695_S5_strategy2.npz,15233–18266,—,BROWN,FP
continuous_0695_S5_strategy2.npz,17002–21248,RICE,RICE,TP
continuous_0696_S5_strategy2.npz,0–4246,CRAB,CRAB,TP
continuous_0696_S5_strategy2.npz,2166–4366,—,DEAF,FP
continuous_0696_S5_strategy2.npz,4246–9113,JUNE,—,FN
continuous_0696_S5_strategy2.npz,4366–6533,—,OCTOBER,FP
continuous_0696_S5_strategy2.npz,6533–8733,—,APRIL,FP
continuous_0696_S5_strategy2.npz,8733–10900,—,MOTHER,FP
continuous_0696_S5_strategy2.npz,9113–13359,ORANGE,ORANGE,TP
continuous_0696_S5_strategy2.npz,13100–15266,—,KNOW,FP
continuous_0696_S5_strategy2.npz,13359–17604,DON'T KNOW,DON’T KNOW,TP
continuous_0696_S5_strategy2.npz,17466–19633,—,EIGHT,FP
continuous_0696_S5_strategy2.npz,17604–21850,NINE,—,FN
continuous_0696_S5_strategy2.npz,19633–21833,—,NINE,FP
continuous_0696_S5_strategy2.npz,21833–24000,—,EIGHT,FP
continuous_0696_S5_strategy2.npz,21850–26096,WEELCHAIR PERSON,WEELCHAIR PERSON,TP
continuous_0697_S5_strategy2.npz,0–3933,YES,YES,TP
continuous_0697_S5_strategy2.npz,3933–8132,HELLO,HELLO,TP
continuous_0697_S5_strategy2.npz,8132–12198,SUGAR,SUGAR,TP
continuous_0697_S5_strategy2.npz,12198–16444,BOY,BOY,TP
continuous_0697_S5_strategy2.npz,16444–20723,SPAGHETTI,SPAGHETTI,TP
continuous_0697_S5_strategy2.npz,20723–24969,WEDNESDAY,WEDNESDAY,TP
continuous_0698_S5_strategy2.npz,0–3366,FATHER,FATHER,TP
continuous_0698_S5_strategy2.npz,2133–4300,—,FISH,FP
continuous_0698_S5_strategy2.npz,3366–7612,FISH,—,FN
continuous_0698_S5_strategy2.npz,4300–6466,—,SHRIMP,FP
continuous_0698_S5_strategy2.npz,6466–10800,—,FISH,FP
continuous_0698_S5_strategy2.npz,7612–11858,RED,RED,TP
continuous_0698_S5_strategy2.npz,11858–15450,TOMORROW,TOMORROW,TP
continuous_0698_S5_strategy2.npz,15133–17300,—,YELLOW,FP
continuous_0698_S5_strategy2.npz,15450–19663,EIGHT,EIGHT,TP
continuous_0698_S5_strategy2.npz,19466–21633,—,MARRIED,FP
continuous_0698_S5_strategy2.npz,19663–23829,NICE TO MEET YOU,NICE TO MEET YOU,TP
continuous_0698_S5_strategy2.npz,23829–28042,MILK,MILK,TP
continuous_0699_S5_strategy2.npz,0–4279,FAST,FAST,TP
continuous_0699_S5_strategy2.npz,4279–8525,HARD OF HEARING,HARD OF HEARING,TP
continuous_0699_S5_strategy2.npz,7000–9333,—,NO SUGAR,FP
continuous_0699_S5_strategy2.npz,8525–12738,TUESDAY,TUESDAY,TP
continuous_0699_S5_strategy2.npz,9333–11666,—,ONE,FP
continuous_0699_S5_strategy2.npz,12738–16770,BLUE,BLUE,TP
continuous_0699_S5_strategy2.npz,16770–20969,TWO,TWO,TP
continuous_0700_S5_strategy2.npz,0–4245,NOVEMBER,NOVEMBER,TP
continuous_0700_S5_strategy2.npz,4245–8410,PARENTS,PARENTS,TP
continuous_0700_S5_strategy2.npz,6400–9600,—,TODAY,FP
continuous_0700_S5_strategy2.npz,8410–12689,TODAY,—,FN
continuous_0700_S5_strategy2.npz,9600–12800,—,TEN,FP
continuous_0700_S5_strategy2.npz,12689–17121,GOOD AFTERNOON,GOOD AFTERNOON,TP
continuous_0700_S5_strategy2.npz,17121–21367,FIVE,FIVE,TP
continuous_0700_S5_strategy2.npz,21367–25566,JUICE,JUICE,TP
continuous_0701_S5_strategy2.npz,0–4246,WOMAN,WOMAN,TP
continuous_0701_S5_strategy2.npz,2633–5300,—,ORANGE,FP
continuous_0701_S5_strategy2.npz,4246–8492,UNDERSTAND,UNDERSTAND,TP
continuous_0701_S5_strategy2.npz,8492–12891,HOW ARE YOU,HOW ARE YOU,TP
continuous_0701_S5_strategy2.npz,10633–15966,—,BREAD,FP
continuous_0701_S5_strategy2.npz,12891–17170,COUSIN,COUSIN,TP
continuous_0701_S5_strategy2.npz,17170–21236,CHICKEN,CHICKEN,TP
continuous_0702_S5_strategy2.npz,0–4199,SPAGHETTI,SPAGHETTI,TP
continuous_0702_S5_strategy2.npz,4199–8412,THREE,THREE,TP
continuous_0702_S5_strategy2.npz,8412–12658,WOMAN,WOMAN,TP
continuous_0702_S5_strategy2.npz,12658–16838,BROWN,BROWN,TP
continuous_0702_S5_strategy2.npz,16838–21084,HOT,HOT,TP
continuous_0702_S5_strategy2.npz,20800–23766,—,NO,FP
continuous_0702_S5_strategy2.npz,21084–25330,YESTERDAY,YESTERDAY,TP
continuous_0702_S5_strategy2.npz,25330–29609,MAY,MAY,TP
continuous_0703_S5_strategy2.npz,0–4213,RICE,RICE,TP
continuous_0703_S5_strategy2.npz,2766–5566,—,DON’T UNDERSTAND,FP
continuous_0703_S5_strategy2.npz,4213–8459,DON'T UNDERSTAND,—,FN
continuous_0703_S5_strategy2.npz,5566–8333,—,APRIL,FP
continuous_0703_S5_strategy2.npz,8333–11133,—,MARCH,FP
continuous_0703_S5_strategy2.npz,8459–12705,APRIL,—,FN
continuous_0703_S5_strategy2.npz,11133–13933,—,MAN,FP
continuous_0703_S5_strategy2.npz,12705–16951,MAN,—,FN
continuous_0703_S5_strategy2.npz,13933–16700,—,ORANGE,FP
continuous_0703_S5_strategy2.npz,16700–19500,—,TEN,FP
continuous_0703_S5_strategy2.npz,16951–22216,GOOD AFTERNOON,GOOD AFTERNOON,TP
continuous_0704_S5_strategy2.npz,0–4196,WEELCHAIR PERSON,WEELCHAIR PERSON,TP
continuous_0704_S5_strategy2.npz,2700–5433,—,NO SUGAR,FP
continuous_0704_S5_strategy2.npz,4196–8442,NO SUGAR,—,FN
continuous_0704_S5_strategy2.npz,5433–8166,—,SUGAR,FP
continuous_0704_S5_strategy2.npz,8442–12688,ORANGE,ORANGE,TP
continuous_0704_S5_strategy2.npz,10900–13633,—,EIGHT,FP
continuous_0704_S5_strategy2.npz,12688–16934,EIGHT,—,FN
continuous_0704_S5_strategy2.npz,16934–21180,JULY,JULY,TP
continuous_0704_S5_strategy2.npz,19100–21833,—,KNOW,FP
continuous_0704_S5_strategy2.npz,21180–25459,DON'T KNOW,DON’T KNOW,TP
continuous_0704_S5_strategy2.npz,24566–27300,—,NO,FP
continuous_0704_S5_strategy2.npz,25459–29924,GOOD AFTERNOON,GOOD AFTERNOON,TP
continuous_0705_S5_strategy2.npz,0–4245,YESTERDAY,YESTERDAY,TP
continuous_0705_S5_strategy2.npz,4245–8345,SLOW,SLOW,TP
continuous_0705_S5_strategy2.npz,8345–12623,ORANGE,ORANGE,TP
continuous_0705_S5_strategy2.npz,12266–15333,—,YELLOW,FP
continuous_0705_S5_strategy2.npz,12623–17822,GOOD AFTERNOON,GOOD AFTERNOON,TP
continuous_0705_S5_strategy2.npz,17822–22068,SEPTEMBER,SEPTEMBER,TP
continuous_0705_S5_strategy2.npz,22068–26314,CHICKEN,CHICKEN,TP
continuous_0705_S5_strategy2.npz,26314–30593,TEA,TEA,TP
continuous_0706_S5_strategy2.npz,0–4165,DARK,DARK,TP
continuous_0706_S5_strategy2.npz,4165–8411,HARD OF HEARING,HARD OF HEARING,TP
continuous_0706_S5_strategy2.npz,8411–11977,WRONG,WRONG,TP
continuous_0706_S5_strategy2.npz,11977–16223,BREAD,BREAD,TP
continuous_0706_S5_strategy2.npz,16223–20436,JANUARY,JANUARY,TP
continuous_0707_S5_strategy2.npz,0–4399,GOOD AFTERNOON,GOOD AFTERNOON,TP
continuous_0707_S5_strategy2.npz,2833–5700,—,YOURE WELCOME,FP
continuous_0707_S5_strategy2.npz,4399–8645,FISH,FISH,TP
continuous_0707_S5_strategy2.npz,8566–11433,—,WHITE,FP
continuous_0707_S5_strategy2.npz,8645–12924,JUICE,JUICE,TP
continuous_0707_S5_strategy2.npz,12924–17170,SLOW,—,FN
continuous_0707_S5_strategy2.npz,17166–20033,—,SLOW,FP
continuous_0707_S5_strategy2.npz,17170–21416,GRAY,GRAY,TP
continuous_0707_S5_strategy2.npz,21416–25662,SON,SON,TP
continuous_0708_S5_strategy2.npz,0–3961,WOMAN,WOMAN,TP
continuous_0708_S5_strategy2.npz,2100–4233,—,ORANGE,FP
continuous_0708_S5_strategy2.npz,3961–8207,FRIDAY,FRIDAY,TP
continuous_0708_S5_strategy2.npz,6366–8466,—,EIGHT,FP
continuous_0708_S5_strategy2.npz,8207–12606,SEE YOU TOMORROW,SEE YOU TOMORROW,TP
continuous_0708_S5_strategy2.npz,8466–10600,—,BLIND,FP
continuous_0708_S5_strategy2.npz,12606–16852,CORRECT,CORRECT,TP
continuous_0708_S5_strategy2.npz,12733–14866,—,WRONG,FP
continuous_0708_S5_strategy2.npz,16852–21131,FOUR,FOUR,TP
continuous_0708_S5_strategy2.npz,21131–25377,LIGHT,LIGHT,TP
continuous_0708_S5_strategy2.npz,25377–29623,AUGUST,AUGUST,TP
continuous_0709_S5_strategy2.npz,0–4246,SPAGHETTI,SPAGHETTI,TP
continuous_0709_S5_strategy2.npz,2700–5400,—,EGG,FP
continuous_0709_S5_strategy2.npz,4246–8445,YELLOW,YELLOW,TP
continuous_0709_S5_strategy2.npz,8100–10800,—,APRIL,FP
continuous_0709_S5_strategy2.npz,8445–12540,MARCH,—,FN
continuous_0709_S5_strategy2.npz,10800–13500,—,MARCH,FP
continuous_0709_S5_strategy2.npz,12540–16786,TEA,TEA,TP
continuous_0709_S5_strategy2.npz,16786–21032,AUNTIE,AUNTIE,TP
continuous_0709_S5_strategy2.npz,21032–25311,WEDNESDAY,WEDNESDAY,TP
continuous_0709_S5_strategy2.npz,25311–29590,UNDERSTAND,UNDERSTAND,TP
continuous_0710_S5_strategy2.npz,0–4246,HOT,HOT,TP
continuous_0710_S5_strategy2.npz,4246–8492,MONDAY,MONDAY,TP
continuous_0710_S5_strategy2.npz,8492–12737,NOVEMBER,NOVEMBER,TP
continuous_0710_S5_strategy2.npz,12737–16983,FISH,FISH,TP
continuous_0710_S5_strategy2.npz,16133–18833,—,WHITE,FP
continuous_0710_S5_strategy2.npz,16983–21215,GIRL,GIRL,TP
continuous_0710_S5_strategy2.npz,21215–25248,DON'T KNOW,DON’T KNOW,TP
continuous_0710_S5_strategy2.npz,25248–29494,MOTHER,MOTHER,TP
continuous_0711_S5_strategy2.npz,0–4132,WHITE,WHITE,TP
continuous_0711_S5_strategy2.npz,4132–8378,DECEMBER,DECEMBER,TP
continuous_0711_S5_strategy2.npz,8378–12624,SIX,SIX,TP
continuous_0711_S5_strategy2.npz,12624–16903,KNOW,KNOW,TP
continuous_0711_S5_strategy2.npz,16903–21032,DEAF,DEAF,TP
continuous_0712_S5_strategy2.npz,0–4246,NINE,NINE,TP
continuous_0712_S5_strategy2.npz,2933–5900,—,EIGHT,FP
continuous_0712_S5_strategy2.npz,4246–8492,GRANDMOTHER,GRANDMOTHER,TP
continuous_0712_S5_strategy2.npz,8492–12704,MILK,MILK,TP
continuous_0712_S5_strategy2.npz,12704–16917,UNDERSTAND,UNDERSTAND,TP
continuous_0712_S5_strategy2.npz,16917–20983,IM FINE,IM FINE,TP
continuous_0712_S5_strategy2.npz,20983–25229,BOY,BOY,TP
continuous_0712_S5_strategy2.npz,25229–29474,SUNDAY,SUNDAY,TP
continuous_0713_S5_strategy2.npz,0–4246,SUGAR,SUGAR,TP
continuous_0713_S5_strategy2.npz,4246–8486,WHITE,WHITE,TP
continuous_0713_S5_strategy2.npz,8486–12732,JANUARY,JANUARY,TP
continuous_0713_S5_strategy2.npz,12732–16398,NO,NO,TP
continuous_0713_S5_strategy2.npz,16398–20426,SATURDAY,SATURDAY,TP
continuous_0714_S5_strategy2.npz,0–4246,TOMORROW,TOMORROW,TP
continuous_0714_S5_strategy2.npz,4246–8491,BLIND,BLIND,TP
continuous_0714_S5_strategy2.npz,5333–8000,—,HOT,FP
continuous_0714_S5_strategy2.npz,8491–12737,SIX,SIX,TP
continuous_0714_S5_strategy2.npz,10666–13333,—,LONGANISA,FP
continuous_0714_S5_strategy2.npz,12737–16983,CRAB,CRAB,TP
continuous_0714_S5_strategy2.npz,16983–21228,UNCLE,UNCLE,TP
continuous_0715_S5_strategy2.npz,0–4246,DON'T KNOW,DON’T KNOW,TP
continuous_0715_S5_strategy2.npz,4246–8525,GIRL,GIRL,TP
continuous_0715_S5_strategy2.npz,5700–8533,—,MILK,FP
continuous_0715_S5_strategy2.npz,8525–12771,BREAD,BREAD,TP
continuous_0715_S5_strategy2.npz,12771–17017,COUSIN,COUSIN,TP
continuous_0715_S5_strategy2.npz,17017–21263,WEDNESDAY,WEDNESDAY,TP
continuous_0715_S5_strategy2.npz,21263–25542,ORANGE,ORANGE,TP
continuous_0716_S5_strategy2.npz,0–4246,CORRECT,CORRECT,TP
continuous_0716_S5_strategy2.npz,4246–8491,JUNE,JUNE,TP
continuous_0716_S5_strategy2.npz,8491–12737,DARK,DARK,TP
continuous_0716_S5_strategy2.npz,12737–17016,SUGAR,SUGAR,TP
continuous_0716_S5_strategy2.npz,17016–21262,MOTHER,MOTHER,TP
continuous_0717_S5_strategy2.npz,0–4246,COFFEE,COFFEE,TP
continuous_0717_S5_strategy2.npz,2400–4833,—,DAUGHTER,FP
continuous_0717_S5_strategy2.npz,4246–8492,SON,SON,TP
continuous_0717_S5_strategy2.npz,7233–12066,—,DAUGHTER,FP
continuous_0717_S5_strategy2.npz,8492–12857,GOOD MORNING,GOOD MORNING,TP
continuous_0717_S5_strategy2.npz,12857–17103,THREE,THREE,TP
continuous_0717_S5_strategy2.npz,17103–20436,DON'T KNOW,DON’T KNOW,TP
continuous_0717_S5_strategy2.npz,20436–24635,GREEN,GREEN,TP
continuous_0717_S5_strategy2.npz,24166–26566,—,MARRIED,FP
continuous_0717_S5_strategy2.npz,24635–28934,MEAT,MEAT,TP
continuous_0718_S5_strategy2.npz,0–4232,SPAGHETTI,SPAGHETTI,TP
continuous_0718_S5_strategy2.npz,3133–6300,—,LONGANISA,FP
continuous_0718_S5_strategy2.npz,4232–8331,TEA,TEA,TP
continuous_0718_S5_strategy2.npz,8331–12863,JULY,—,FN
continuous_0718_S5_strategy2.npz,12633–15800,—,JULY,FP
continuous_0718_S5_strategy2.npz,12863–16824,BLIND,BLIND,TP
continuous_0718_S5_strategy2.npz,16824–21070,TWO,TWO,TP
continuous_0718_S5_strategy2.npz,21070–25270,KNOW,KNOW,TP
continuous_0719_S5_strategy2.npz,0–4212,MARCH,MARCH,TP
continuous_0719_S5_strategy2.npz,4212–8458,MAN,MAN,TP
continuous_0719_S5_strategy2.npz,8458–12737,SEVEN,SEVEN,TP
continuous_0719_S5_strategy2.npz,12737–16902,EGG,EGG,TP
continuous_0719_S5_strategy2.npz,15900–18566,—,GRAY,FP
continuous_0719_S5_strategy2.npz,16902–21147,GREEN,GREEN,TP
continuous_0720_S5_strategy2.npz,0–4246,NINE,NINE,TP
continuous_0720_S5_strategy2.npz,2633–5300,—,EIGHT,FP
continuous_0720_S5_strategy2.npz,4246–8511,CRAB,CRAB,TP
continuous_0720_S5_strategy2.npz,7966–10633,—,TEN,FP
continuous_0720_S5_strategy2.npz,8511–12843,GOOD AFTERNOON,GOOD AFTERNOON,TP
continuous_0720_S5_strategy2.npz,12843–16976,NO SUGAR,NO SUGAR,TP
continuous_0720_S5_strategy2.npz,15966–18633,—,SUGAR,FP
continuous_0720_S5_strategy2.npz,16976–21255,FAST,FAST,TP
continuous_0721_S5_strategy2.npz,0–4246,HARD OF HEARING,HARD OF HEARING,TP
continuous_0721_S5_strategy2.npz,3033–6066,—,ONE,FP
continuous_0721_S5_strategy2.npz,4246–8492,THURSDAY,THURSDAY,TP
continuous_0721_S5_strategy2.npz,8492–12724,THANK YOU,THANK YOU,TP
continuous_0721_S5_strategy2.npz,12724–16970,FIVE,FIVE,TP
continuous_0721_S5_strategy2.npz,16970–21249,LONGANISA,LONGANISA,TP
continuous_0722_S5_strategy2.npz,0–4246,CHICKEN,CHICKEN,TP
continuous_0722_S5_strategy2.npz,4246–8545,THANK YOU,THANK YOU,TP
continuous_0722_S5_strategy2.npz,8545–12790,UNCLE,UNCLE,TP
continuous_0722_S5_strategy2.npz,10833–13566,—,SATURDAY,FP
continuous_0722_S5_strategy2.npz,12790–17036,SATURDAY,—,FN
continuous_0722_S5_strategy2.npz,13566–16266,—,GOOD EVENING,FP
continuous_0722_S5_strategy2.npz,16266–19000,—,KNOW,FP
continuous_0722_S5_strategy2.npz,17036–21282,DON'T KNOW,DON’T KNOW,TP
continuous_0722_S5_strategy2.npz,21282–25528,NINE,NINE,TP
continuous_0722_S5_strategy2.npz,21700–24433,—,EIGHT,FP
continuous_0722_S5_strategy2.npz,25528–29774,HARD OF HEARING,HARD OF HEARING,TP
continuous_0723_S5_strategy2.npz,0–4832,SEE YOU TOMORROW,SEE YOU TOMORROW,TP
continuous_0723_S5_strategy2.npz,4832–8931,RICE,RICE,TP
continuous_0723_S5_strategy2.npz,8931–13176,SON,SON,TP
continuous_0723_S5_strategy2.npz,13176–17422,DECEMBER,DECEMBER,TP
continuous_0723_S5_strategy2.npz,16500–19233,—,AUGUST,FP
continuous_0723_S5_strategy2.npz,17422–21668,HARD OF HEARING,—,FN
continuous_0723_S5_strategy2.npz,19233–22000,—,RED,FP
continuous_0723_S5_strategy2.npz,21668–25914,JUICE,JUICE,TP
continuous_0723_S5_strategy2.npz,22000–24733,—,HARD OF HEARING,FP
continuous_0723_S5_strategy2.npz,25914–30160,EIGHT,EIGHT,TP
continuous_0724_S5_strategy2.npz,0–4279,WEELCHAIR PERSON,WEELCHAIR PERSON,TP
continuous_0724_S5_strategy2.npz,4279–8524,SATURDAY,SATURDAY,TP
continuous_0724_S5_strategy2.npz,6666–10000,—,SEE YOU TOMORROW,FP
continuous_0724_S5_strategy2.npz,8524–12923,SEE YOU TOMORROW,—,FN
continuous_0724_S5_strategy2.npz,10000–13333,—,DAUGHTER,FP
continuous_0724_S5_strategy2.npz,12923–17169,DAUGHTER,—,FN
continuous_0724_S5_strategy2.npz,13333–16666,—,HARD OF HEARING,FP
continuous_0724_S5_strategy2.npz,17169–21415,WRONG,WRONG,TP
continuous_0724_S5_strategy2.npz,20000–23333,—,DAUGHTER,FP
continuous_0724_S5_strategy2.npz,21415–25694,VIOLET,VIOLET,TP
continuous_0724_S5_strategy2.npz,25694–29906,FISH,FISH,TP
continuous_0725_S5_strategy2.npz,0–4232,CRAB,CRAB,TP
continuous_0725_S5_strategy2.npz,2600–5200,—,SATURDAY,FP
continuous_0725_S5_strategy2.npz,4232–8126,SATURDAY,—,FN
continuous_0725_S5_strategy2.npz,5200–7833,—,MOTHER,FP
continuous_0725_S5_strategy2.npz,7833–10433,—,DEAF,FP
continuous_0725_S5_strategy2.npz,8126–12372,MOTHER,—,FN
continuous_0725_S5_strategy2.npz,10433–13066,—,DEAF BLIND,FP
continuous_0725_S5_strategy2.npz,12372–16568,DEAF BLIND,—,FN
continuous_0725_S5_strategy2.npz,13066–15666,—,HOT,FP
continuous_0725_S5_strategy2.npz,15666–18300,—,SLOW,FP
continuous_0725_S5_strategy2.npz,16568–20501,SLOW,—,FN
continuous_0725_S5_strategy2.npz,18300–20900,—,WOMAN,FP
continuous_0725_S5_strategy2.npz,20501–24601,HELLO,HELLO,TP
continuous_0725_S5_strategy2.npz,23533–26133,—,BLUE,FP
continuous_0725_S5_strategy2.npz,24601–28733,NINE,NINE,TP
continuous_0726_S5_strategy2.npz,0–4212,WEDNESDAY,WEDNESDAY,TP
continuous_0726_S5_strategy2.npz,4212–8458,GRAY,GRAY,TP
continuous_0726_S5_strategy2.npz,8458–12704,THREE,THREE,TP
continuous_0726_S5_strategy2.npz,12704–17036,HELLO,HELLO,TP
continuous_0726_S5_strategy2.npz,17036–21282,WINE,WINE,TP
continuous_0726_S5_strategy2.npz,19233–22433,—,DEAF BLIND,FP
continuous_0726_S5_strategy2.npz,21282–25561,KNOW,KNOW,TP
continuous_0727_S5_strategy2.npz,0–4279,DON'T UNDERSTAND,DON’T UNDERSTAND,TP
continuous_0727_S5_strategy2.npz,4279–8525,MOTHER,MOTHER,TP
continuous_0727_S5_strategy2.npz,8525–12771,TODAY,TODAY,TP
continuous_0727_S5_strategy2.npz,12771–17017,EIGHT,EIGHT,TP
continuous_0727_S5_strategy2.npz,17017–21263,BOY,BOY,TP
continuous_0727_S5_strategy2.npz,21263–25509,WINE,WINE,TP
continuous_0728_S5_strategy2.npz,0–4213,LONGANISA,LONGANISA,TP
continuous_0728_S5_strategy2.npz,4213–8459,WOMAN,WOMAN,TP
continuous_0728_S5_strategy2.npz,7933–10600,—,ORANGE,FP
continuous_0728_S5_strategy2.npz,8459–12705,GRAY,GRAY,TP
continuous_0728_S5_strategy2.npz,12705–16937,YOURE WELCOME,YOURE WELCOME,TP
continuous_0728_S5_strategy2.npz,15900–18533,—,TWO,FP
continuous_0728_S5_strategy2.npz,16937–21136,SIX,SIX,TP
continuous_0729_S5_strategy2.npz,0–4165,BLUE,BLUE,TP
continuous_0729_S5_strategy2.npz,3033–6066,—,KNOW,FP
continuous_0729_S5_strategy2.npz,4165–8378,SON,SON,TP
continuous_0729_S5_strategy2.npz,8378–12624,WRONG,WRONG,TP
continuous_0729_S5_strategy2.npz,12624–16902,FRIDAY,FRIDAY,TP
continuous_0729_S5_strategy2.npz,16902–21148,WINE,WINE,TP
continuous_0730_S5_strategy2.npz,0–4279,SLOW,SLOW,TP
continuous_0730_S5_strategy2.npz,4279–8525,FISH,FISH,TP
continuous_0730_S5_strategy2.npz,8525–12771,WOMAN,WOMAN,TP
continuous_0730_S5_strategy2.npz,12771–17017,TUESDAY,TUESDAY,TP
continuous_0730_S5_strategy2.npz,17017–21263,FATHER,FATHER,TP
continuous_0730_S5_strategy2.npz,21263–25509,YELLOW,YELLOW,TP
continuous_0730_S5_strategy2.npz,25509–29788,AUGUST,—,FN
continuous_0730_S5_strategy2.npz,27600–29933,—,AUGUST,FP
continuous_0731_S5_strategy2.npz,0–4246,CHICKEN,CHICKEN,TP
continuous_0731_S5_strategy2.npz,2966–5933,—,RED,FP
continuous_0731_S5_strategy2.npz,4246–8312,RED,—,FN
continuous_0731_S5_strategy2.npz,5933–8900,—,NO,FP
continuous_0731_S5_strategy2.npz,8312–12345,NO,—,FN
continuous_0731_S5_strategy2.npz,8900–11866,—,SEVEN,FP
continuous_0731_S5_strategy2.npz,11866–14833,—,THREE,FP
continuous_0731_S5_strategy2.npz,12345–16591,SEVEN,—,FN
continuous_0731_S5_strategy2.npz,14833–17800,—,NICE TO MEET YOU,FP
continuous_0731_S5_strategy2.npz,16591–20923,NICE TO MEET YOU,—,FN
continuous_0731_S5_strategy2.npz,17800–20766,—,SIX,FP
continuous_0731_S5_strategy2.npz,20923–25169,PARENTS,PARENTS,TP
continuous_0731_S5_strategy2.npz,23733–26700,—,MOTHER,FP
continuous_0731_S5_strategy2.npz,25169–29600,JULY,JULY,TP
continuous_0732_S5_strategy2.npz,0–4232,GOOD EVENING,GOOD EVENING,TP
continuous_0732_S5_strategy2.npz,4232–8264,UNCLE,UNCLE,TP
continuous_0732_S5_strategy2.npz,8264–12543,BLUE,BLUE,TP
continuous_0732_S5_strategy2.npz,12543–16822,THURSDAY,THURSDAY,TP
continuous_0732_S5_strategy2.npz,16822–21101,SHRIMP,SHRIMP,TP
continuous_0732_S5_strategy2.npz,21101–25380,SUGAR,SUGAR,TP
continuous_0732_S5_strategy2.npz,24300–27000,—,TWO,FP
continuous_0732_S5_strategy2.npz,25380–29626,SIX,SIX,TP
continuous_0733_S5_strategy2.npz,0–4499,HOW ARE YOU,HOW ARE YOU,TP
continuous_0733_S5_strategy2.npz,4499–8745,TWO,TWO,TP
continuous_0733_S5_strategy2.npz,6933–9233,—,SON,FP
continuous_0733_S5_strategy2.npz,8745–12991,SON,—,FN
continuous_0733_S5_strategy2.npz,9233–13866,—,DAUGHTER,FP
continuous_0733_S5_strategy2.npz,12991–17236,TODAY,TODAY,TP
continuous_0733_S5_strategy2.npz,16200–18500,—,KNOW,FP
continuous_0733_S5_strategy2.npz,17236–21482,DON'T KNOW,DON’T KNOW,TP
continuous_0733_S5_strategy2.npz,21482–25728,AUGUST,AUGUST,TP
continuous_0733_S5_strategy2.npz,25466–27766,—,MAY,FP
continuous_0733_S5_strategy2.npz,25728–29974,HARD OF HEARING,HARD OF HEARING,TP
continuous_0734_S5_strategy2.npz,0–4246,JUICE,JUICE,TP
continuous_0734_S5_strategy2.npz,4246–8378,THREE,THREE,TP
continuous_0734_S5_strategy2.npz,6366–9533,—,PINK,FP
continuous_0734_S5_strategy2.npz,8378–12656,PINK,—,FN
continuous_0734_S5_strategy2.npz,9533–12733,—,SPAGHETTI,FP
continuous_0734_S5_strategy2.npz,12656–16902,TODAY,TODAY,TP
continuous_0734_S5_strategy2.npz,16902–21148,AUGUST,AUGUST,TP
continuous_0734_S5_strategy2.npz,21148–25360,UNCLE,UNCLE,TP
continuous_0735_S5_strategy2.npz,0–4278,BLUE,BLUE,TP
continuous_0735_S5_strategy2.npz,4278–8524,AUNTIE,AUNTIE,TP
continuous_0735_S5_strategy2.npz,8524–12770,TODAY,TODAY,TP
continuous_0735_S5_strategy2.npz,12770–17016,ONE,ONE,TP
continuous_0735_S5_strategy2.npz,17016–21215,TEA,TEA,TP
continuous_0735_S5_strategy2.npz,20400–23333,—,RICE,FP
continuous_0735_S5_strategy2.npz,21215–26180,THANK YOU,THANK YOU,TP
continuous_0736_S5_strategy2.npz,0–4246,GRAY,GRAY,TP
continuous_0736_S5_strategy2.npz,2700–5433,—,AUNTIE,FP
continuous_0736_S5_strategy2.npz,4246–8492,AUNTIE,—,FN
continuous_0736_S5_strategy2.npz,5433–8166,—,MARRIED,FP
continuous_0736_S5_strategy2.npz,8166–10866,—,NICE TO MEET YOU,FP
continuous_0736_S5_strategy2.npz,8492–12738,MARRIED,—,FN
continuous_0736_S5_strategy2.npz,10866–13600,—,GOOD EVENING,FP
continuous_0736_S5_strategy2.npz,12738–17237,GOOD EVENING,—,FN
continuous_0736_S5_strategy2.npz,13600–16333,—,PINK,FP
continuous_0736_S5_strategy2.npz,17237–21366,TOMORROW,TOMORROW,TP
continuous_0736_S5_strategy2.npz,21366–25612,CORRECT,CORRECT,TP
continuous_0736_S5_strategy2.npz,25612–29858,NO SUGAR,NO SUGAR,TP
continuous_0737_S5_strategy2.npz,0–4246,GIRL,GIRL,TP
continuous_0737_S5_strategy2.npz,3533–7100,—,AUNTIE,FP
continuous_0737_S5_strategy2.npz,4246–8445,MILK,MILK,TP
continuous_0737_S5_strategy2.npz,8445–12744,NICE TO MEET YOU,NICE TO MEET YOU,TP
continuous_0737_S5_strategy2.npz,12744–17023,FRIDAY,FRIDAY,TP
continuous_0737_S5_strategy2.npz,17023–21269,CHICKEN,CHICKEN,TP
continuous_0738_S5_strategy2.npz,0–4465,HELLO,HELLO,TP
continuous_0738_S5_strategy2.npz,4465–8711,DON'T UNDERSTAND,DON’T UNDERSTAND,TP
continuous_0738_S5_strategy2.npz,8133–10833,—,NO,FP
continuous_0738_S5_strategy2.npz,8711–12957,MEAT,MEAT,TP
continuous_0738_S5_strategy2.npz,12957–17389,COFFEE,COFFEE,TP
continuous_0738_S5_strategy2.npz,16266–18966,—,FISH,FP
continuous_0738_S5_strategy2.npz,17389–21635,TWO,TWO,TP
continuous_0739_S5_strategy2.npz,0–4246,WHITE,WHITE,TP
continuous_0739_S5_strategy2.npz,4246–8492,LONGANISA,LONGANISA,TP
continuous_0739_S5_strategy2.npz,8492–12158,WINE,WINE,TP
continuous_0739_S5_strategy2.npz,12158–16404,THREE,THREE,TP
continuous_0739_S5_strategy2.npz,16404–21236,HELLO,HELLO,TP
continuous_0739_S5_strategy2.npz,21236–25481,MAN,MAN,TP
continuous_0740_S5_strategy2.npz,0–4065,VIOLET,VIOLET,TP
continuous_0740_S5_strategy2.npz,4065–8311,SUNDAY,SUNDAY,TP
continuous_0740_S5_strategy2.npz,8311–12411,HOW ARE YOU,HOW ARE YOU,TP
continuous_0740_S5_strategy2.npz,12411–16657,SUGAR,SUGAR,TP
continuous_0740_S5_strategy2.npz,12600–15766,—,BREAD,FP
continuous_0740_S5_strategy2.npz,16657–20936,SLOW,SLOW,TP
continuous_0740_S5_strategy2.npz,20936–25168,BREAD,—,FN
continuous_0740_S5_strategy2.npz,22066–25233,—,HOW ARE YOU,FP
continuous_0741_S5_strategy2.npz,0–4232,NICE TO MEET YOU,NICE TO MEET YOU,TP
continuous_0741_S5_strategy2.npz,2333–4700,—,NO SUGAR,FP
continuous_0741_S5_strategy2.npz,4232–8445,NO SUGAR,—,FN
continuous_0741_S5_strategy2.npz,4700–9400,—,SUGAR,FP
continuous_0741_S5_strategy2.npz,8445–12607,FRIDAY,FRIDAY,TP
continuous_0741_S5_strategy2.npz,11733–14100,—,BLIND,FP
continuous_0741_S5_strategy2.npz,12607–16853,DEAF BLIND,DEAF BLIND,TP
continuous_0741_S5_strategy2.npz,16433–18800,—,THREE,FP
continuous_0741_S5_strategy2.npz,16853–21099,SIX,SIX,TP
continuous_0742_S5_strategy2.npz,0–4245,FAST,FAST,TP
continuous_0742_S5_strategy2.npz,4245–8491,TEN,TEN,TP
continuous_0742_S5_strategy2.npz,7566–10100,—,DECEMBER,FP
continuous_0742_S5_strategy2.npz,8491–12737,DECEMBER,—,FN
continuous_0742_S5_strategy2.npz,10100–12633,—,AUGUST,FP
continuous_0742_S5_strategy2.npz,12737–16664,DEAF BLIND,DEAF BLIND,TP
continuous_0742_S5_strategy2.npz,15133–17666,—,SPAGHETTI,FP
continuous_0742_S5_strategy2.npz,16664–20910,CRAB,CRAB,TP
continuous_0742_S5_strategy2.npz,20910–25156,DAUGHTER,DAUGHTER,TP
continuous_0743_S5_strategy2.npz,0–4246,LIGHT,LIGHT,TP
continuous_0743_S5_strategy2.npz,3533–7100,—,SUNDAY,FP
continuous_0743_S5_strategy2.npz,4246–8492,MARRIED,MARRIED,TP
continuous_0743_S5_strategy2.npz,8492–12738,DECEMBER,DECEMBER,TP
continuous_0743_S5_strategy2.npz,12738–16984,SUGAR,SUGAR,TP
continuous_0743_S5_strategy2.npz,16984–21229,SUNDAY,SUNDAY,TP
continuous_0744_S5_strategy2.npz,0–4099,GIRL,GIRL,TP
continuous_0744_S5_strategy2.npz,4099–8298,BEER,BEER,TP
continuous_0744_S5_strategy2.npz,8298–12544,JANUARY,JANUARY,TP
continuous_0744_S5_strategy2.npz,12544–16823,ORANGE,ORANGE,TP
continuous_0744_S5_strategy2.npz,16823–21069,CRAB,CRAB,TP
continuous_0744_S5_strategy2.npz,21069–25501,HELLO,HELLO,TP
continuous_0745_S5_strategy2.npz,0–4199,SEVEN,SEVEN,TP
continuous_0745_S5_strategy2.npz,4199–8445,SEPTEMBER,SEPTEMBER,TP
continuous_0745_S5_strategy2.npz,8445–12691,SATURDAY,SATURDAY,TP
continuous_0745_S5_strategy2.npz,12691–16937,EGG,EGG,TP
continuous_0745_S5_strategy2.npz,16937–21183,WHITE,WHITE,TP
continuous_0746_S5_strategy2.npz,0–4132,PARENTS,PARENTS,TP
continuous_0746_S5_strategy2.npz,4132–8378,RICE,RICE,TP
continuous_0746_S5_strategy2.npz,8378–12543,TWO,TWO,TP
continuous_0746_S5_strategy2.npz,10533–13166,—,NO,FP
continuous_0746_S5_strategy2.npz,12543–16788,GIRL,GIRL,TP
continuous_0746_S5_strategy2.npz,15800–18433,—,MILK,FP
continuous_0746_S5_strategy2.npz,16788–21034,UNDERSTAND,UNDERSTAND,TP
continuous_0747_S5_strategy2.npz,0–4246,UNCLE,UNCLE,TP
continuous_0747_S5_strategy2.npz,3000–6000,—,TWO,FP
continuous_0747_S5_strategy2.npz,4246–8442,YESTERDAY,YESTERDAY,TP
continuous_0747_S5_strategy2.npz,8442–12541,RED,RED,TP
continuous_0747_S5_strategy2.npz,9000–12033,—,YES,FP
continuous_0747_S5_strategy2.npz,12541–16820,YES,YES,TP
continuous_0747_S5_strategy2.npz,16820–21020,GOOD MORNING,GOOD MORNING,TP
continuous_0748_S5_strategy2.npz,0–4246,AUNTIE,AUNTIE,TP
continuous_0748_S5_strategy2.npz,2933–5866,—,FISH,FP
continuous_0748_S5_strategy2.npz,4246–8445,FISH,—,FN
continuous_0748_S5_strategy2.npz,5866–8800,—,KNOW,FP
continuous_0748_S5_strategy2.npz,8445–12691,DON'T KNOW,DON’T KNOW,TP
continuous_0748_S5_strategy2.npz,12691–16937,SIX,SIX,TP
continuous_0748_S5_strategy2.npz,16937–20969,ORANGE,ORANGE,TP
continuous_0748_S5_strategy2.npz,20969–25182,DEAF,DEAF,TP
continuous_0748_S5_strategy2.npz,25182–29344,TOMORROW,TOMORROW,TP
continuous_0749_S5_strategy2.npz,0–4246,WRONG,WRONG,TP
continuous_0749_S5_strategy2.npz,2500–5033,—,HOT,FP
continuous_0749_S5_strategy2.npz,4246–8492,FIVE,FIVE,TP
continuous_0749_S5_strategy2.npz,8492–12738,FEBRUARY,FEBRUARY,TP
continuous_0749_S5_strategy2.npz,12738–17017,DARK,DARK,TP
continuous_0749_S5_strategy2.npz,15100–17600,—,LIGHT,FP
continuous_0749_S5_strategy2.npz,17017–21079,SUNDAY,SUNDAY,TP
continuous_0749_S5_strategy2.npz,21079–25079,COLD,COLD,TP
continuous_0750_S5_strategy2.npz,0–4246,SATURDAY,SATURDAY,TP
continuous_0750_S5_strategy2.npz,2700–5433,—,SLOW,FP
continuous_0750_S5_strategy2.npz,4246–8525,SLOW,—,FN
continuous_0750_S5_strategy2.npz,5433–8133,—,BLIND,FP
continuous_0750_S5_strategy2.npz,8133–13566,—,RED,FP
continuous_0750_S5_strategy2.npz,8525–12770,BLIND,—,FN
continuous_0750_S5_strategy2.npz,12770–17016,RED,—,FN
continuous_0750_S5_strategy2.npz,13566–16300,—,FEBRUARY,FP
continuous_0750_S5_strategy2.npz,16300–19000,—,HOT,FP
continuous_0750_S5_strategy2.npz,17016–21262,FEBRUARY,—,FN
continuous_0750_S5_strategy2.npz,19000–21733,—,SEVEN,FP
continuous_0750_S5_strategy2.npz,21262–25507,SIX,SIX,TP
continuous_0750_S5_strategy2.npz,24433–27166,—,MAN,FP
continuous_0750_S5_strategy2.npz,25507–29752,SON,SON,TP
continuous_0751_S5_strategy2.npz,0–4199,BLACK,BLACK,TP
continuous_0751_S5_strategy2.npz,4199–8764,GOOD EVENING,GOOD EVENING,TP
continuous_0751_S5_strategy2.npz,4600–6900,—,TEN,FP
continuous_0751_S5_strategy2.npz,8764–12829,BEER,BEER,TP
continuous_0751_S5_strategy2.npz,12829–17075,JULY,JULY,TP
continuous_0751_S5_strategy2.npz,17075–21321,EGG,EGG,TP
continuous_0751_S5_strategy2.npz,20700–23000,—,MILK,FP
continuous_0751_S5_strategy2.npz,21321–25600,UNDERSTAND,UNDERSTAND,TP
continuous_0751_S5_strategy2.npz,25300–27600,—,FAST,FP
continuous_0751_S5_strategy2.npz,25600–29846,UNCLE,UNCLE,TP
continuous_0752_S5_strategy2.npz,0–4246,APRIL,APRIL,TP
continuous_0752_S5_strategy2.npz,2466–4933,—,CORRECT,FP
continuous_0752_S5_strategy2.npz,4246–8525,CORRECT,—,FN
continuous_0752_S5_strategy2.npz,4933–7433,—,NICE TO MEET YOU,FP
continuous_0752_S5_strategy2.npz,7433–9900,—,LONGANISA,FP
continuous_0752_S5_strategy2.npz,8525–12771,LONGANISA,—,FN
continuous_0752_S5_strategy2.npz,9900–12400,—,CRAB,FP
continuous_0752_S5_strategy2.npz,12771–17050,GRAY,GRAY,TP
continuous_0752_S5_strategy2.npz,17050–21295,GRANDMOTHER,GRANDMOTHER,TP
continuous_0752_S5_strategy2.npz,21295–25574,WOMAN,WOMAN,TP
continuous_0752_S5_strategy2.npz,24800–27266,—,ORANGE,FP
continuous_0752_S5_strategy2.npz,25574–29639,GOOD AFTERNOON,GOOD AFTERNOON,TP
continuous_0753_S5_strategy2.npz,0–4246,CHICKEN,CHICKEN,TP
continuous_0753_S5_strategy2.npz,4246–8445,JUICE,JUICE,TP
continuous_0753_S5_strategy2.npz,8445–12691,TWO,TWO,TP
continuous_0753_S5_strategy2.npz,12691–16937,GRAY,GRAY,TP
continuous_0753_S5_strategy2.npz,16937–21203,YOURE WELCOME,YOURE WELCOME,TP
continuous_0753_S5_strategy2.npz,21203–25449,FEBRUARY,FEBRUARY,TP
continuous_0753_S5_strategy2.npz,25449–29695,FAST,FAST,TP
continuous_0754_S5_strategy2.npz,0–4278,JUICE,JUICE,TP
continuous_0754_S5_strategy2.npz,3033–6066,—,YELLOW,FP
continuous_0754_S5_strategy2.npz,4278–8490,YELLOW,—,FN
continuous_0754_S5_strategy2.npz,6066–9133,—,SUNDAY,FP
continuous_0754_S5_strategy2.npz,8490–12736,SUNDAY,—,FN
continuous_0754_S5_strategy2.npz,9133–12166,—,MILK,FP
continuous_0754_S5_strategy2.npz,12736–16982,FAST,FAST,TP
continuous_0754_S5_strategy2.npz,16982–21228,JULY,JULY,TP
continuous_0755_S5_strategy2.npz,0–4245,DECEMBER,DECEMBER,TP
continuous_0755_S5_strategy2.npz,2700–5400,—,AUGUST,FP
continuous_0755_S5_strategy2.npz,4245–8491,RICE,RICE,TP
continuous_0755_S5_strategy2.npz,8491–12737,HOT,HOT,TP
continuous_0755_S5_strategy2.npz,12737–16983,KNOW,KNOW,TP
continuous_0755_S5_strategy2.npz,16983–21228,UNCLE,UNCLE,TP
continuous_0755_S5_strategy2.npz,21228–25493,THANK YOU,THANK YOU,TP
continuous_0755_S5_strategy2.npz,24433–27133,—,TODAY,FP
continuous_0755_S5_strategy2.npz,25493–29739,LIGHT,LIGHT,TP
continuous_0756_S5_strategy2.npz,0–4499,GOOD AFTERNOON,GOOD AFTERNOON,TP
continuous_0756_S5_strategy2.npz,2700–5433,—,MONDAY,FP
continuous_0756_S5_strategy2.npz,4499–8728,MONDAY,—,FN
continuous_0756_S5_strategy2.npz,5433–8133,—,TWO,FP
continuous_0756_S5_strategy2.npz,8728–12861,NO SUGAR,NO SUGAR,TP
continuous_0756_S5_strategy2.npz,10866–13600,—,HOT,FP
continuous_0756_S5_strategy2.npz,12861–17074,AUNTIE,AUNTIE,TP
continuous_0756_S5_strategy2.npz,17074–21320,THREE,THREE,TP
continuous_0756_S5_strategy2.npz,21320–25566,BROWN,BROWN,TP
continuous_0756_S5_strategy2.npz,21766–24466,—,SUGAR,FP
continuous_0756_S5_strategy2.npz,25566–29866,CORRECT,CORRECT,TP
continuous_0757_S5_strategy2.npz,0–4245,BLIND,BLIND,TP
continuous_0757_S5_strategy2.npz,2166–4333,—,PINK,FP
continuous_0757_S5_strategy2.npz,4245–8491,MONDAY,MONDAY,TP
continuous_0757_S5_strategy2.npz,8491–12687,FEBRUARY,FEBRUARY,TP
continuous_0757_S5_strategy2.npz,12687–16933,LONGANISA,LONGANISA,TP
continuous_0757_S5_strategy2.npz,16933–21179,PINK,—,FN
continuous_0757_S5_strategy2.npz,19600–21766,—,NO SUGAR,FP
continuous_0757_S5_strategy2.npz,21179–25425,TEN,—,FN
continuous_0757_S5_strategy2.npz,21766–23933,—,PINK,FP
continuous_0757_S5_strategy2.npz,23933–26133,—,SEE YOU TOMORROW,FP
continuous_0757_S5_strategy2.npz,25425–30390,THANK YOU,THANK YOU,TP
continuous_0757_S5_strategy2.npz,26133–28300,—,TEN,FP
continuous_0758_S5_strategy2.npz,0–4246,DARK,DARK,TP
continuous_0758_S5_strategy2.npz,4246–8492,MOTHER,MOTHER,TP
continuous_0758_S5_strategy2.npz,8492–12771,CRAB,CRAB,TP
continuous_0758_S5_strategy2.npz,12771–17016,KNOW,KNOW,TP
continuous_0758_S5_strategy2.npz,17016–21262,COFFEE,COFFEE,TP
continuous_0758_S5_strategy2.npz,21262–25762,GOOD MORNING,GOOD MORNING,TP
continuous_0759_S5_strategy2.npz,0–4245,COUSIN,COUSIN,TP
continuous_0759_S5_strategy2.npz,4245–8411,UNDERSTAND,UNDERSTAND,TP
continuous_0759_S5_strategy2.npz,8411–12610,NICE TO MEET YOU,NICE TO MEET YOU,TP
continuous_0759_S5_strategy2.npz,12610–16856,MAY,MAY,TP
continuous_0759_S5_strategy2.npz,16856–21102,TUESDAY,TUESDAY,TP
continuous_0759_S5_strategy2.npz,16933–19766,—,DEAF BLIND,FP
continuous_0759_S5_strategy2.npz,21102–25348,BLACK,BLACK,TP
continuous_0760_S5_strategy2.npz,0–4246,NO SUGAR,NO SUGAR,TP
continuous_0760_S5_strategy2.npz,2366–4733,—,SUGAR,FP
continuous_0760_S5_strategy2.npz,4246–8579,KNOW,KNOW,TP
continuous_0760_S5_strategy2.npz,7133–11866,—,DON’T KNOW,FP
continuous_0760_S5_strategy2.npz,8579–12825,FRIDAY,FRIDAY,TP
continuous_0760_S5_strategy2.npz,12825–17071,MARRIED,MARRIED,TP
continuous_0760_S5_strategy2.npz,17071–21317,FATHER,FATHER,TP
continuous_0761_S5_strategy2.npz,0–4246,TODAY,TODAY,TP
continuous_0761_S5_strategy2.npz,4246–8491,COLD,COLD,TP
continuous_0761_S5_strategy2.npz,8491–12524,YOURE WELCOME,YOURE WELCOME,TP
continuous_0761_S5_strategy2.npz,11700–14066,—,SUGAR,FP
continuous_0761_S5_strategy2.npz,12524–16770,GRANDFATHER,GRANDFATHER,TP
continuous_0761_S5_strategy2.npz,16400–18733,—,ONE,FP
continuous_0761_S5_strategy2.npz,16770–21016,CORRECT,CORRECT,TP
continuous_0762_S5_strategy2.npz,0–4279,MAY,MAY,TP
continuous_0762_S5_strategy2.npz,4279–8307,MONDAY,MONDAY,TP
continuous_0762_S5_strategy2.npz,8307–12520,YES,YES,TP
continuous_0762_S5_strategy2.npz,12520–16799,GRANDMOTHER,GRANDMOTHER,TP
continuous_0762_S5_strategy2.npz,12800–15366,—,DAUGHTER,FP
continuous_0762_S5_strategy2.npz,16799–21045,SHRIMP,SHRIMP,TP
continuous_0762_S5_strategy2.npz,21045–25543,MARRIED,MARRIED,TP
continuous_0763_S5_strategy2.npz,0–4213,MAN,MAN,TP
continuous_0763_S5_strategy2.npz,2333–4700,—,ORANGE,FP
continuous_0763_S5_strategy2.npz,4213–8459,TWO,TWO,TP
continuous_0763_S5_strategy2.npz,4700–7033,—,MONDAY,FP
continuous_0763_S5_strategy2.npz,8459–12737,SON,SON,TP
continuous_0763_S5_strategy2.npz,12737–16983,MILK,MILK,TP
continuous_0763_S5_strategy2.npz,16433–18800,—,MARRIED,FP
continuous_0763_S5_strategy2.npz,16983–21082,NICE TO MEET YOU,NICE TO MEET YOU,TP
continuous_0764_S5_strategy2.npz,0–4832,GOOD AFTERNOON,GOOD AFTERNOON,TP
continuous_0764_S5_strategy2.npz,4832–9078,YES,YES,TP
continuous_0764_S5_strategy2.npz,9078–13291,BOY,BOY,TP
continuous_0764_S5_strategy2.npz,10933–13666,—,DON’T KNOW,FP
continuous_0764_S5_strategy2.npz,13291–17536,SON,SON,TP
continuous_0764_S5_strategy2.npz,16400–19133,—,HARD OF HEARING,FP
continuous_0764_S5_strategy2.npz,17536–21782,THURSDAY,THURSDAY,TP
continuous_0765_S5_strategy2.npz,0–4246,AUNTIE,AUNTIE,TP
continuous_0765_S5_strategy2.npz,2833–5666,—,YELLOW,FP
continuous_0765_S5_strategy2.npz,4246–8492,APRIL,APRIL,TP
continuous_0765_S5_strategy2.npz,8492–12738,HARD OF HEARING,HARD OF HEARING,TP
continuous_0765_S5_strategy2.npz,11333–14166,—,SUNDAY,FP
continuous_0765_S5_strategy2.npz,12738–16984,SUNDAY,—,FN
continuous_0765_S5_strategy2.npz,14166–17000,—,WEELCHAIR PERSON,FP
continuous_0765_S5_strategy2.npz,16984–21183,RICE,RICE,TP
continuous_0765_S5_strategy2.npz,19833–22666,—,KNOW,FP
continuous_0765_S5_strategy2.npz,21183–25396,DON'T KNOW,DON’T KNOW,TP
continuous_0766_S5_strategy2.npz,0–4246,ORANGE,ORANGE,TP
continuous_0766_S5_strategy2.npz,2466–4966,—,YES,FP
continuous_0766_S5_strategy2.npz,4246–8445,SEE YOU TOMORROW,SEE YOU TOMORROW,TP
continuous_0766_S5_strategy2.npz,7433–9933,—,TOMORROW,FP
continuous_0766_S5_strategy2.npz,8445–12690,HOT,HOT,TP
continuous_0766_S5_strategy2.npz,12690–16936,SLOW,SLOW,TP
continuous_0766_S5_strategy2.npz,16936–21182,MARCH,—,FN
continuous_0766_S5_strategy2.npz,17366–24833,—,APRIL,FP
continuous_0766_S5_strategy2.npz,21182–25428,FATHER,FATHER,TP
continuous_0766_S5_strategy2.npz,25428–29674,MAN,MAN,TP
continuous_0767_S5_strategy2.npz,0–4246,NO SUGAR,NO SUGAR,TP
continuous_0767_S5_strategy2.npz,2633–5300,—,SUGAR,FP
continuous_0767_S5_strategy2.npz,4246–8492,WEDNESDAY,WEDNESDAY,TP
continuous_0767_S5_strategy2.npz,8492–12738,WRONG,WRONG,TP
continuous_0767_S5_strategy2.npz,12738–16951,OCTOBER,OCTOBER,TP
continuous_0767_S5_strategy2.npz,15966–18633,—,MARCH,FP
continuous_0767_S5_strategy2.npz,16951–21197,RICE,RICE,TP
continuous_0768_S5_strategy2.npz,0–4333,SEE YOU TOMORROW,SEE YOU TOMORROW,TP
continuous_0768_S5_strategy2.npz,4333–8546,HARD OF HEARING,—,FN
continuous_0768_S5_strategy2.npz,6333–9533,—,HARD OF HEARING,FP
continuous_0768_S5_strategy2.npz,8546–12745,DON'T UNDERSTAND,DON’T UNDERSTAND,TP
continuous_0768_S5_strategy2.npz,12745–16910,TWO,TWO,TP
continuous_0768_S5_strategy2.npz,16910–21188,GREEN,GREEN,TP
continuous_0768_S5_strategy2.npz,21188–25387,JUICE,JUICE,TP
continuous_0769_S5_strategy2.npz,0–4066,NO,NO,TP
continuous_0769_S5_strategy2.npz,4066–8312,BLACK,BLACK,TP
continuous_0769_S5_strategy2.npz,8312–12557,JANUARY,JANUARY,TP
continuous_0769_S5_strategy2.npz,11733–14666,—,AUGUST,FP
continuous_0769_S5_strategy2.npz,12557–16803,TODAY,—,FN
continuous_0769_S5_strategy2.npz,14666–17600,—,TODAY,FP
continuous_0769_S5_strategy2.npz,16803–20702,GRANDMOTHER,—,FN
continuous_0769_S5_strategy2.npz,17600–20533,—,DEAF,FP
continuous_0769_S5_strategy2.npz,20533–23466,—,GRANDMOTHER,FP
continuous_0769_S5_strategy2.npz,20702–24981,EGG,EGG,TP
continuous_0769_S5_strategy2.npz,24981–29227,TEN,TEN,TP
continuous_0770_S5_strategy2.npz,0–4246,COUSIN,COUSIN,TP
continuous_0770_S5_strategy2.npz,2733–5466,—,ONE,FP
continuous_0770_S5_strategy2.npz,4246–8492,ONE,—,FN
continuous_0770_S5_strategy2.npz,5466–8200,—,WRONG,FP
continuous_0770_S5_strategy2.npz,8200–10933,—,TEN,FP
continuous_0770_S5_strategy2.npz,8492–12625,WRONG,—,FN
continuous_0770_S5_strategy2.npz,10933–13666,—,GOOD MORNING,FP
continuous_0770_S5_strategy2.npz,12625–17357,GOOD MORNING,—,FN
continuous_0770_S5_strategy2.npz,13666–16433,—,DON’T KNOW,FP
continuous_0770_S5_strategy2.npz,17357–21603,MAN,MAN,TP
continuous_0770_S5_strategy2.npz,21603–25816,RICE,RICE,TP
continuous_0770_S5_strategy2.npz,25816–30029,MONDAY,MONDAY,TP
continuous_0771_S5_strategy2.npz,0–4212,FISH,FISH,TP
continuous_0771_S5_strategy2.npz,2233–4500,—,WHITE,FP
continuous_0771_S5_strategy2.npz,4212–8458,NINE,—,FN
continuous_0771_S5_strategy2.npz,4500–6733,—,EIGHT,FP
continuous_0771_S5_strategy2.npz,6733–9000,—,NINE,FP
continuous_0771_S5_strategy2.npz,8458–12657,COFFEE,COFFEE,TP
continuous_0771_S5_strategy2.npz,11266–13500,—,JANUARY,FP
continuous_0771_S5_strategy2.npz,12657–16685,MAY,MAY,TP
continuous_0771_S5_strategy2.npz,16685–20931,YESTERDAY,YESTERDAY,TP
continuous_0771_S5_strategy2.npz,20931–24963,ORANGE,ORANGE,TP
continuous_0771_S5_strategy2.npz,24963–29209,PARENTS,PARENTS,TP
continuous_0772_S5_strategy2.npz,0–4129,JANUARY,JANUARY,TP
continuous_0772_S5_strategy2.npz,4129–8375,CORRECT,CORRECT,TP
continuous_0772_S5_strategy2.npz,8375–12620,WHITE,WHITE,TP
continuous_0772_S5_strategy2.npz,10600–14133,—,ONE,FP
continuous_0772_S5_strategy2.npz,12620–16866,THURSDAY,THURSDAY,TP
continuous_0772_S5_strategy2.npz,16866–21145,COLD,COLD,TP
continuous_0773_S5_strategy2.npz,0–4199,SIX,SIX,TP
continuous_0773_S5_strategy2.npz,4199–8411,AUGUST,AUGUST,TP
continuous_0773_S5_strategy2.npz,8100–10800,—,TUESDAY,FP
continuous_0773_S5_strategy2.npz,8411–12657,DON'T UNDERSTAND,DON’T UNDERSTAND,TP
continuous_0773_S5_strategy2.npz,12657–16956,GOOD MORNING,GOOD MORNING,TP
continuous_0773_S5_strategy2.npz,16200–18900,—,NO,FP
continuous_0773_S5_strategy2.npz,16956–21155,DAUGHTER,DAUGHTER,TP
continuous_0773_S5_strategy2.npz,21155–25401,TEA,TEA,TP
continuous_0773_S5_strategy2.npz,24300–27000,—,BLACK,FP
continuous_0773_S5_strategy2.npz,25401–29647,MAN,MAN,TP
continuous_0774_S5_strategy2.npz,0–4246,SPAGHETTI,SPAGHETTI,TP
continuous_0774_S5_strategy2.npz,2533–5066,—,JUNE,FP
continuous_0774_S5_strategy2.npz,4246–8492,JULY,JULY,TP
continuous_0774_S5_strategy2.npz,7600–10133,—,MAY,FP
continuous_0774_S5_strategy2.npz,8492–12770,PINK,PINK,TP
continuous_0774_S5_strategy2.npz,12770–16670,SLOW,SLOW,TP
continuous_0774_S5_strategy2.npz,16670–20916,GRANDMOTHER,GRANDMOTHER,TP
continuous_0774_S5_strategy2.npz,20916–25248,NICE TO MEET YOU,NICE TO MEET YOU,TP
continuous_0775_S5_strategy2.npz,0–4246,SEPTEMBER,SEPTEMBER,TP
continuous_0775_S5_strategy2.npz,4246–8492,CORRECT,CORRECT,TP
continuous_0775_S5_strategy2.npz,8492–12738,BLIND,BLIND,TP
continuous_0775_S5_strategy2.npz,11466–14333,—,DEAF BLIND,FP
continuous_0775_S5_strategy2.npz,12738–17203,NICE TO MEET YOU,NICE TO MEET YOU,TP
continuous_0775_S5_strategy2.npz,17203–21449,BREAD,BREAD,TP
continuous_0775_S5_strategy2.npz,21449–25695,SIX,SIX,TP
continuous_0776_S5_strategy2.npz,0–4246,NO,NO,TP
continuous_0776_S5_strategy2.npz,4246–8492,TEN,TEN,TP
continuous_0776_S5_strategy2.npz,6333–9500,—,LIGHT,FP
continuous_0776_S5_strategy2.npz,8492–12558,LIGHT,—,FN
continuous_0776_S5_strategy2.npz,12558–16771,FATHER,FATHER,TP
continuous_0776_S5_strategy2.npz,16771–21016,HOT,HOT,TP
continuous_0776_S5_strategy2.npz,21016–25295,FEBRUARY,FEBRUARY,TP
continuous_0777_S5_strategy2.npz,0–4246,TEA,TEA,TP
continuous_0777_S5_strategy2.npz,4246–8492,KNOW,KNOW,TP
continuous_0777_S5_strategy2.npz,6800–9066,—,WOMAN,FP
continuous_0777_S5_strategy2.npz,8492–12738,WOMAN,—,FN
continuous_0777_S5_strategy2.npz,9066–11333,—,HELLO,FP
continuous_0777_S5_strategy2.npz,12738–16803,CRAB,CRAB,TP
continuous_0777_S5_strategy2.npz,15866–18133,—,FEBRUARY,FP
continuous_0777_S5_strategy2.npz,16803–21082,FEBRUARY,—,FN
continuous_0777_S5_strategy2.npz,18133–20400,—,HOT,FP
continuous_0777_S5_strategy2.npz,20400–22666,—,EIGHT,FP
continuous_0777_S5_strategy2.npz,21082–25328,NINE,NINE,TP
continuous_0777_S5_strategy2.npz,24933–27200,—,EIGHT,FP
continuous_0777_S5_strategy2.npz,25328–29360,MOTHER,MOTHER,TP
continuous_0778_S5_strategy2.npz,0–4246,SLOW,SLOW,TP
continuous_0778_S5_strategy2.npz,4246–8492,GIRL,GIRL,TP
continuous_0778_S5_strategy2.npz,8492–12592,COLD,COLD,TP
continuous_0778_S5_strategy2.npz,12592–16871,MARCH,MARCH,TP
continuous_0778_S5_strategy2.npz,16871–20865,WEDNESDAY,WEDNESDAY,TP
continuous_0779_S5_strategy2.npz,0–4246,NOVEMBER,NOVEMBER,TP
continuous_0779_S5_strategy2.npz,4246–8492,WHITE,WHITE,TP
continuous_0779_S5_strategy2.npz,8492–12658,IM FINE,IM FINE,TP
continuous_0779_S5_strategy2.npz,12658–16904,BREAD,BREAD,TP
continuous_0779_S5_strategy2.npz,16904–21150,SON,SON,TP
continuous_0780_S5_strategy2.npz,0–4246,CHICKEN,CHICKEN,TP
continuous_0780_S5_strategy2.npz,4246–8492,UNCLE,UNCLE,TP
continuous_0780_S5_strategy2.npz,8492–12771,FIVE,FIVE,TP
continuous_0780_S5_strategy2.npz,12771–17017,TOMORROW,TOMORROW,TP
continuous_0780_S5_strategy2.npz,16200–18900,—,JANUARY,FP
continuous_0780_S5_strategy2.npz,17017–21262,JULY,JULY,TP
continuous_0780_S5_strategy2.npz,21262–25361,GREEN,GREEN,TP
continuous_0780_S5_strategy2.npz,25361–29607,SLOW,SLOW,TP
continuous_0781_S5_strategy2.npz,0–4032,IM FINE,IM FINE,TP
continuous_0781_S5_strategy2.npz,2833–5666,—,RICE,FP
continuous_0781_S5_strategy2.npz,4032–8097,SHRIMP,SHRIMP,TP
continuous_0781_S5_strategy2.npz,8097–12342,TODAY,TODAY,TP
continuous_0781_S5_strategy2.npz,8533–11366,—,RICE,FP
continuous_0781_S5_strategy2.npz,12342–17041,SON,—,FN
continuous_0781_S5_strategy2.npz,17041–21287,BLIND,BLIND,TP
continuous_0781_S5_strategy2.npz,17066–19900,—,SON,FP
continuous_0781_S5_strategy2.npz,21287–25533,YES,YES,TP
continuous_0782_S5_strategy2.npz,0–4246,SUNDAY,SUNDAY,TP
continuous_0782_S5_strategy2.npz,2800–5633,—,MEAT,FP
continuous_0782_S5_strategy2.npz,4246–8511,MEAT,—,FN
continuous_0782_S5_strategy2.npz,5633–8466,—,GOOD EVENING,FP
continuous_0782_S5_strategy2.npz,8466–11300,—,DEAF,FP
continuous_0782_S5_strategy2.npz,8511–12876,GOOD EVENING,—,FN
continuous_0782_S5_strategy2.npz,11300–14100,—,UNCLE,FP
continuous_0782_S5_strategy2.npz,12876–16975,UNCLE,—,FN
continuous_0782_S5_strategy2.npz,14100–16933,—,CORRECT,FP
continuous_0782_S5_strategy2.npz,16975–21221,DEAF,DEAF,TP
continuous_0782_S5_strategy2.npz,19766–22600,—,YES,FP
continuous_0782_S5_strategy2.npz,21221–25386,TWO,TWO,TP
continuous_0783_S5_strategy2.npz,0–4246,MILK,MILK,TP
continuous_0783_S5_strategy2.npz,2666–5366,—,GIRL,FP
continuous_0783_S5_strategy2.npz,4246–8492,GIRL,—,FN
continuous_0783_S5_strategy2.npz,5366–8066,—,MILK,FP
continuous_0783_S5_strategy2.npz,8066–10766,—,GOOD MORNING,FP
continuous_0783_S5_strategy2.npz,8492–12924,GOOD MORNING,—,FN
continuous_0783_S5_strategy2.npz,10766–13433,—,GOOD AFTERNOON,FP
continuous_0783_S5_strategy2.npz,12924–17170,WEDNESDAY,WEDNESDAY,TP
continuous_0783_S5_strategy2.npz,16133–18833,—,MILK,FP
continuous_0783_S5_strategy2.npz,17170–21448,YELLOW,YELLOW,TP
continuous_0784_S5_strategy2.npz,0–4199,GRAY,GRAY,TP
continuous_0784_S5_strategy2.npz,4199–8445,SUGAR,SUGAR,TP
continuous_0784_S5_strategy2.npz,8445–12690,OCTOBER,OCTOBER,TP
continuous_0784_S5_strategy2.npz,12690–16955,SIX,SIX,TP
continuous_0784_S5_strategy2.npz,16955–20921,GRANDFATHER,GRANDFATHER,TP
continuous_0784_S5_strategy2.npz,20921–25200,WEELCHAIR PERSON,WEELCHAIR PERSON,TP
continuous_0785_S5_strategy2.npz,0–4246,YESTERDAY,YESTERDAY,TP
continuous_0785_S5_strategy2.npz,4246–8345,FISH,FISH,TP
continuous_0785_S5_strategy2.npz,7266–9700,—,LIGHT,FP
continuous_0785_S5_strategy2.npz,8345–12444,FOUR,FOUR,TP
continuous_0785_S5_strategy2.npz,12444–16277,UNDERSTAND,UNDERSTAND,TP
continuous_0785_S5_strategy2.npz,16277–20523,PARENTS,PARENTS,TP
continuous_0785_S5_strategy2.npz,20523–24768,TEA,TEA,TP
continuous_0785_S5_strategy2.npz,24266–26700,—,MEAT,FP
continuous_0785_S5_strategy2.npz,24768–29067,IM FINE,IM FINE,TP
continuous_0786_S5_strategy2.npz,0–4032,BREAD,BREAD,TP
continuous_0786_S5_strategy2.npz,2600–5233,—,ONE,FP
continuous_0786_S5_strategy2.npz,4032–8098,ONE,—,FN
continuous_0786_S5_strategy2.npz,5233–10500,—,UNDERSTAND,FP
continuous_0786_S5_strategy2.npz,8098–13497,GOOD EVENING,GOOD EVENING,TP
continuous_0786_S5_strategy2.npz,13497–17743,YES,YES,TP
continuous_0786_S5_strategy2.npz,17743–21989,WEELCHAIR PERSON,WEELCHAIR PERSON,TP
continuous_0786_S5_strategy2.npz,18400–21033,—,GIRL,FP
continuous_0786_S5_strategy2.npz,21989–26235,JULY,JULY,TP
continuous_0787_S5_strategy2.npz,0–4899,GOOD EVENING,GOOD EVENING,TP
continuous_0787_S5_strategy2.npz,2533–5066,—,NINE,FP
continuous_0787_S5_strategy2.npz,4899–9145,NINE,—,FN
continuous_0787_S5_strategy2.npz,5066–7600,—,EIGHT,FP
continuous_0787_S5_strategy2.npz,9145–13391,FRIDAY,FRIDAY,TP
continuous_0787_S5_strategy2.npz,13391–17637,SPAGHETTI,SPAGHETTI,TP
continuous_0787_S5_strategy2.npz,17637–21883,FATHER,FATHER,TP
continuous_0787_S5_strategy2.npz,20266–22800,—,SON,FP
continuous_0787_S5_strategy2.npz,21883–26045,HARD OF HEARING,HARD OF HEARING,TP
continuous_0787_S5_strategy2.npz,25333–27866,—,MARRIED,FP
continuous_0787_S5_strategy2.npz,26045–30290,JUICE,JUICE,TP
continuous_0788_S5_strategy2.npz,0–4246,DECEMBER,DECEMBER,TP
continuous_0788_S5_strategy2.npz,2533–5066,—,AUGUST,FP
continuous_0788_S5_strategy2.npz,4246–8458,BEER,BEER,TP
continuous_0788_S5_strategy2.npz,7600–10133,—,YESTERDAY,FP
continuous_0788_S5_strategy2.npz,8458–12704,FISH,FISH,TP
continuous_0788_S5_strategy2.npz,12704–16950,BROWN,BROWN,TP
continuous_0788_S5_strategy2.npz,16950–21046,TUESDAY,TUESDAY,TP
continuous_0788_S5_strategy2.npz,21046–25292,DON'T UNDERSTAND,DON’T UNDERSTAND,TP
continuous_0789_S5_strategy2.npz,0–4246,BOY,BOY,TP
continuous_0789_S5_strategy2.npz,4246–8491,WRONG,WRONG,TP
continuous_0789_S5_strategy2.npz,8491–12737,APRIL,APRIL,TP
continuous_0789_S5_strategy2.npz,11333–14200,—,SPAGHETTI,FP
continuous_0789_S5_strategy2.npz,12737–16950,CRAB,CRAB,TP
continuous_0789_S5_strategy2.npz,16950–21196,GREEN,GREEN,TP
continuous_0789_S5_strategy2.npz,19866–22700,—,FISH,FP
continuous_0789_S5_strategy2.npz,21196–25442,GRANDMOTHER,—,FN
continuous_0789_S5_strategy2.npz,22700–25566,—,GRANDMOTHER,FP
continuous_0790_S5_strategy2.npz,0–4132,DAUGHTER,DAUGHTER,TP
continuous_0790_S5_strategy2.npz,4132–8410,NO SUGAR,NO SUGAR,TP
continuous_0790_S5_strategy2.npz,8410–12656,EIGHT,EIGHT,TP
continuous_0790_S5_strategy2.npz,12656–16621,THANK YOU,THANK YOU,TP
continuous_0790_S5_strategy2.npz,16621–20900,WEDNESDAY,WEDNESDAY,TP
continuous_0790_S5_strategy2.npz,20166–25233,—,UNCLE,FP
continuous_0790_S5_strategy2.npz,20900–25146,AUGUST,—,FN
continuous_0791_S5_strategy2.npz,0–4246,THURSDAY,THURSDAY,TP
continuous_0791_S5_strategy2.npz,3200–6400,—,YOURE WELCOME,FP
continuous_0791_S5_strategy2.npz,4246–8492,SEVEN,SEVEN,TP
continuous_0791_S5_strategy2.npz,8492–12757,HOW ARE YOU,HOW ARE YOU,TP
continuous_0791_S5_strategy2.npz,12757–16970,CHICKEN,CHICKEN,TP
continuous_0791_S5_strategy2.npz,16970–21249,WEELCHAIR PERSON,WEELCHAIR PERSON,TP
continuous_0791_S5_strategy2.npz,21249–25495,YELLOW,YELLOW,TP
continuous_0792_S5_strategy2.npz,0–4330,JUNE,JUNE,TP
continuous_0792_S5_strategy2.npz,3000–6000,—,FATHER,FP
continuous_0792_S5_strategy2.npz,4330–8575,FATHER,—,FN
continuous_0792_S5_strategy2.npz,6000–9000,—,NICE TO MEET YOU,FP
continuous_0792_S5_strategy2.npz,8575–13040,NICE TO MEET YOU,—,FN
continuous_0792_S5_strategy2.npz,9000–12033,—,EGG,FP
continuous_0792_S5_strategy2.npz,12033–15033,—,NO SUGAR,FP
continuous_0792_S5_strategy2.npz,13040–17286,EGG,—,FN
continuous_0792_S5_strategy2.npz,17286–21532,HOT,HOT,TP
continuous_0792_S5_strategy2.npz,21532–25778,SLOW,SLOW,TP
continuous_0792_S5_strategy2.npz,25778–29990,DEAF BLIND,DEAF BLIND,TP
continuous_0793_S5_strategy2.npz,0–4279,YES,YES,TP
continuous_0793_S5_strategy2.npz,4279–8525,FIVE,FIVE,TP
continuous_0793_S5_strategy2.npz,8525–12771,SPAGHETTI,SPAGHETTI,TP
continuous_0793_S5_strategy2.npz,12771–17770,GOOD EVENING,GOOD EVENING,TP
continuous_0793_S5_strategy2.npz,17770–22016,GRANDMOTHER,GRANDMOTHER,TP
continuous_0793_S5_strategy2.npz,22016–26261,COFFEE,COFFEE,TP
continuous_0793_S5_strategy2.npz,26261–30506,SATURDAY,SATURDAY,TP
continuous_0794_S5_strategy2.npz,0–4279,RICE,RICE,TP
continuous_0794_S5_strategy2.npz,4279–8525,WINE,WINE,TP
continuous_0794_S5_strategy2.npz,8525–12771,DEAF,DEAF,TP
continuous_0794_S5_strategy2.npz,12771–17017,FAST,FAST,TP
continuous_0794_S5_strategy2.npz,17017–21263,TODAY,TODAY,TP
continuous_0795_S5_strategy2.npz,0–4767,SEPTEMBER,SEPTEMBER,TP
continuous_0795_S5_strategy2.npz,2566–5166,—,BLACK,FP
continuous_0795_S5_strategy2.npz,4767–9012,BLACK,—,FN
continuous_0795_S5_strategy2.npz,5166–7766,—,TWO,FP
continuous_0795_S5_strategy2.npz,9012–13258,FOUR,FOUR,TP
continuous_0795_S5_strategy2.npz,13258–17504,GRANDMOTHER,GRANDMOTHER,TP
continuous_0795_S5_strategy2.npz,15533–18133,—,RED,FP
continuous_0795_S5_strategy2.npz,17504–21750,SPAGHETTI,SPAGHETTI,TP
continuous_0795_S5_strategy2.npz,20733–23333,—,DEAF BLIND,FP
continuous_0795_S5_strategy2.npz,21750–25849,SEE YOU TOMORROW,SEE YOU TOMORROW,TP
continuous_0796_S5_strategy2.npz,0–4246,DON'T KNOW,DON’T KNOW,TP
continuous_0796_S5_strategy2.npz,4246–8278,LONGANISA,LONGANISA,TP
continuous_0796_S5_strategy2.npz,7233–10866,—,SEPTEMBER,FP
continuous_0796_S5_strategy2.npz,8278–12524,MARCH,MARCH,TP
continuous_0796_S5_strategy2.npz,12524–16769,BLIND,BLIND,TP
continuous_0796_S5_strategy2.npz,16769–21015,EIGHT,EIGHT,TP
continuous_0796_S5_strategy2.npz,21015–25261,MILK,MILK,TP
continuous_0797_S5_strategy2.npz,0–4665,GOOD MORNING,GOOD MORNING,TP
continuous_0797_S5_strategy2.npz,4665–8910,CORRECT,CORRECT,TP
continuous_0797_S5_strategy2.npz,8910–13189,GRAY,GRAY,TP
continuous_0797_S5_strategy2.npz,13189–17434,MEAT,MEAT,TP
continuous_0797_S5_strategy2.npz,17434–21633,SON,SON,TP
continuous_0797_S5_strategy2.npz,21633–25912,FEBRUARY,FEBRUARY,TP
continuous_0797_S5_strategy2.npz,23566–26933,—,EIGHT,FP
continuous_0797_S5_strategy2.npz,25912–30191,NINE,NINE,TP
continuous_0798_S5_strategy2.npz,0–4065,THREE,THREE,TP
continuous_0798_S5_strategy2.npz,4065–8311,LIGHT,LIGHT,TP
continuous_0798_S5_strategy2.npz,8311–12557,COLD,COLD,TP
continuous_0798_S5_strategy2.npz,12557–17789,NICE TO MEET YOU,NICE TO MEET YOU,TP
continuous_0798_S5_strategy2.npz,12666–15200,—,DEAF,FP
continuous_0798_S5_strategy2.npz,17789–22035,LONGANISA,LONGANISA,TP
continuous_0798_S5_strategy2.npz,22035–26097,WEDNESDAY,WEDNESDAY,TP
continuous_0798_S5_strategy2.npz,26097–30343,AUNTIE,AUNTIE,TP
continuous_0799_S5_strategy2.npz,0–4278,DEAF BLIND,DEAF BLIND,TP
continuous_0799_S5_strategy2.npz,2533–5100,—,NO SUGAR,FP
continuous_0799_S5_strategy2.npz,4278–8524,SUGAR,SUGAR,TP
continuous_0799_S5_strategy2.npz,8524–12770,ONE,ONE,TP
continuous_0799_S5_strategy2.npz,12770–17033,AUGUST,AUGUST,TP
continuous_0799_S5_strategy2.npz,15366–17933,—,MAY,FP
continuous_0799_S5_strategy2.npz,17033–21279,PINK,PINK,TP
continuous_0799_S5_strategy2.npz,20500–23066,—,HOT,FP
continuous_0799_S5_strategy2.npz,21279–25525,NO,NO,TP
continuous_0800_S6_strategy2.npz,0–4246,RICE,RICE,TP
continuous_0800_S6_strategy2.npz,3033–6066,—,FOUR,FP
continuous_0800_S6_strategy2.npz,4246–8725,FOUR,—,FN
continuous_0800_S6_strategy2.npz,6066–9100,—,SEVEN,FP
continuous_0800_S6_strategy2.npz,8725–12924,HELLO,HELLO,TP
continuous_0800_S6_strategy2.npz,12924–17203,DAUGHTER,DAUGHTER,TP
continuous_0800_S6_strategy2.npz,17203–21449,MONDAY,MONDAY,TP
continuous_0801_S6_strategy2.npz,0–4246,LONGANISA,LONGANISA,TP
continuous_0801_S6_strategy2.npz,4246–8492,DECEMBER,DECEMBER,TP
continuous_0801_S6_strategy2.npz,6366–9566,—,GRANDFATHER,FP
continuous_0801_S6_strategy2.npz,8492–12738,MAN,MAN,TP
continuous_0801_S6_strategy2.npz,12738–17324,YES,YES,TP
continuous_0801_S6_strategy2.npz,17324–21536,COLD,—,FN
continuous_0801_S6_strategy2.npz,19166–22366,—,COLD,FP
continuous_0801_S6_strategy2.npz,21536–25749,PARENTS,PARENTS,TP
continuous_0802_S6_strategy2.npz,0–4246,MARCH,MARCH,TP
continuous_0802_S6_strategy2.npz,4246–8478,SON,SON,TP
continuous_0802_S6_strategy2.npz,7900–10533,—,DAUGHTER,FP
continuous_0802_S6_strategy2.npz,8478–12510,YELLOW,YELLOW,TP
continuous_0802_S6_strategy2.npz,12510–16756,JUICE,JUICE,TP
continuous_0802_S6_strategy2.npz,16756–21053,GIRL,GIRL,TP
continuous_0803_S6_strategy2.npz,0–4299,THREE,THREE,TP
continuous_0803_S6_strategy2.npz,4299–8545,COUSIN,COUSIN,TP
continuous_0803_S6_strategy2.npz,8545–12791,WEELCHAIR PERSON,WEELCHAIR PERSON,TP
continuous_0803_S6_strategy2.npz,11000–14666,—,YES,FP
continuous_0803_S6_strategy2.npz,12791–17377,YES,—,FN
continuous_0803_S6_strategy2.npz,17377–21623,NOVEMBER,NOVEMBER,TP
continuous_0803_S6_strategy2.npz,21623–25869,WHITE,WHITE,TP
continuous_0804_S6_strategy2.npz,0–4246,COLD,COLD,TP
continuous_0804_S6_strategy2.npz,4246–8617,ONE,—,FN
continuous_0804_S6_strategy2.npz,6600–9900,—,ONE,FP
continuous_0804_S6_strategy2.npz,8617–12929,HARD OF HEARING,HARD OF HEARING,TP
continuous_0804_S6_strategy2.npz,12929–17479,DON'T KNOW,DON’T KNOW,TP
continuous_0804_S6_strategy2.npz,13200–16500,—,SEE YOU TOMORROW,FP
continuous_0804_S6_strategy2.npz,17479–21692,BREAD,BREAD,TP
continuous_0804_S6_strategy2.npz,21692–25938,ORANGE,ORANGE,TP
continuous_0804_S6_strategy2.npz,25938–30184,THURSDAY,THURSDAY,TP
continuous_0805_S6_strategy2.npz,0–4632,IM FINE,IM FINE,TP
continuous_0805_S6_strategy2.npz,4632–8878,GIRL,GIRL,TP
continuous_0805_S6_strategy2.npz,8878–13091,DAUGHTER,DAUGHTER,TP
continuous_0805_S6_strategy2.npz,13091–17190,FIVE,FIVE,TP
continuous_0805_S6_strategy2.npz,17190–21355,RICE,RICE,TP
continuous_0806_S6_strategy2.npz,0–3900,DON'T KNOW,DON’T KNOW,TP
continuous_0806_S6_strategy2.npz,3900–8132,HELLO,HELLO,TP
continuous_0806_S6_strategy2.npz,7533–10033,—,SON,FP
continuous_0806_S6_strategy2.npz,8132–12378,SEPTEMBER,SEPTEMBER,TP
continuous_0806_S6_strategy2.npz,12378–16624,SUNDAY,—,FN
continuous_0806_S6_strategy2.npz,15066–17566,—,SUNDAY,FP
continuous_0806_S6_strategy2.npz,16624–21103,NINE,NINE,TP
continuous_0806_S6_strategy2.npz,17566–20100,—,RICE,FP
continuous_0806_S6_strategy2.npz,21103–25349,MOTHER,MOTHER,TP
continuous_0807_S6_strategy2.npz,0–4279,MAN,MAN,TP
continuous_0807_S6_strategy2.npz,4279–8525,NOVEMBER,NOVEMBER,TP
continuous_0807_S6_strategy2.npz,8525–13321,YOURE WELCOME,YOURE WELCOME,TP
continuous_0807_S6_strategy2.npz,13066–15233,—,KNOW,FP
continuous_0807_S6_strategy2.npz,13321–17871,DON'T KNOW,DON’T KNOW,TP
continuous_0807_S6_strategy2.npz,17871–22117,FISH,FISH,TP
continuous_0807_S6_strategy2.npz,22117–26363,MILK,MILK,TP
continuous_0808_S6_strategy2.npz,0–4099,NINE,NINE,TP
continuous_0808_S6_strategy2.npz,4099–8345,SPAGHETTI,SPAGHETTI,TP
continuous_0808_S6_strategy2.npz,8345–12824,NO,NO,TP
continuous_0808_S6_strategy2.npz,12824–16724,SEE YOU TOMORROW,SEE YOU TOMORROW,TP
continuous_0808_S6_strategy2.npz,16100–18400,—,GOOD EVENING,FP
continuous_0808_S6_strategy2.npz,16724–20954,MAN,MAN,TP
continuous_0809_S6_strategy2.npz,0–4065,SEVEN,SEVEN,TP
continuous_0809_S6_strategy2.npz,4065–8311,WEDNESDAY,WEDNESDAY,TP
continuous_0809_S6_strategy2.npz,8311–12557,MAN,MAN,TP
continuous_0809_S6_strategy2.npz,12557–16803,DARK,DARK,TP
continuous_0809_S6_strategy2.npz,16803–21068,GOOD AFTERNOON,GOOD AFTERNOON,TP
continuous_0809_S6_strategy2.npz,20500–22766,—,GOOD EVENING,FP
continuous_0809_S6_strategy2.npz,21068–25280,COLD,COLD,TP
continuous_0809_S6_strategy2.npz,25280–29545,LONGANISA,LONGANISA,TP
continuous_0810_S6_strategy2.npz,0–4694,TWO,TWO,TP
continuous_0810_S6_strategy2.npz,2633–5300,—,YESTERDAY,FP
continuous_0810_S6_strategy2.npz,4694–8893,DAUGHTER,DAUGHTER,TP
continuous_0810_S6_strategy2.npz,8893–13172,BREAD,BREAD,TP
continuous_0810_S6_strategy2.npz,13172–18070,NICE TO MEET YOU,NICE TO MEET YOU,TP
continuous_0810_S6_strategy2.npz,18070–22764,FAST,FAST,TP
continuous_0810_S6_strategy2.npz,22764–27042,NOVEMBER,NOVEMBER,TP
continuous_0811_S6_strategy2.npz,0–4279,MAY,MAY,TP
continuous_0811_S6_strategy2.npz,4279–8865,WRONG,WRONG,TP
continuous_0811_S6_strategy2.npz,8133–10833,—,BOY,FP
continuous_0811_S6_strategy2.npz,8865–12927,BOY,—,FN
continuous_0811_S6_strategy2.npz,10833–13533,—,TEN,FP
continuous_0811_S6_strategy2.npz,12927–17660,GOOD AFTERNOON,GOOD AFTERNOON,TP
continuous_0811_S6_strategy2.npz,17660–21939,VIOLET,VIOLET,TP
continuous_0812_S6_strategy2.npz,0–4132,WHITE,WHITE,TP
continuous_0812_S6_strategy2.npz,4132–8378,HARD OF HEARING,HARD OF HEARING,TP
continuous_0812_S6_strategy2.npz,8378–13179,SEE YOU TOMORROW,SEE YOU TOMORROW,TP
continuous_0812_S6_strategy2.npz,13179–17425,THURSDAY,THURSDAY,TP
continuous_0812_S6_strategy2.npz,17425–21671,GRANDFATHER,GRANDFATHER,TP
continuous_0813_S6_strategy2.npz,0–4246,CRAB,CRAB,TP
continuous_0813_S6_strategy2.npz,4246–8446,KNOW,KNOW,TP
continuous_0813_S6_strategy2.npz,8446–12659,DEAF,DEAF,TP
continuous_0813_S6_strategy2.npz,12659–16905,GRAY,GRAY,TP
continuous_0813_S6_strategy2.npz,16905–20967,SEPTEMBER,SEPTEMBER,TP
continuous_0813_S6_strategy2.npz,20967–25166,ONE,ONE,TP
continuous_0813_S6_strategy2.npz,24133–26800,—,THREE,FP
continuous_0813_S6_strategy2.npz,25166–29412,SON,SON,TP
continuous_0814_S6_strategy2.npz,0–4246,WEDNESDAY,WEDNESDAY,TP
continuous_0814_S6_strategy2.npz,4246–8179,NO SUGAR,NO SUGAR,TP
continuous_0814_S6_strategy2.npz,8179–12458,MAY,MAY,TP
continuous_0814_S6_strategy2.npz,12458–16901,EIGHT,EIGHT,TP
continuous_0814_S6_strategy2.npz,16901–21147,CHICKEN,CHICKEN,TP
continuous_0814_S6_strategy2.npz,21147–25393,BLIND,BLIND,TP
continuous_0814_S6_strategy2.npz,25393–30225,IM FINE,IM FINE,TP
continuous_0815_S6_strategy2.npz,0–4443,WRONG,WRONG,TP
continuous_0815_S6_strategy2.npz,4443–8689,GREEN,GREEN,TP
continuous_0815_S6_strategy2.npz,6000–9033,—,COUSIN,FP
continuous_0815_S6_strategy2.npz,8689–13275,NINE,NINE,TP
continuous_0815_S6_strategy2.npz,13275–17521,WINE,WINE,TP
continuous_0815_S6_strategy2.npz,17521–21620,COUSIN,COUSIN,TP
continuous_0816_S6_strategy2.npz,0–4479,WRONG,WRONG,TP
continuous_0816_S6_strategy2.npz,3000–6033,—,APRIL,FP
continuous_0816_S6_strategy2.npz,4479–8725,DARK,DARK,TP
continuous_0816_S6_strategy2.npz,8725–13275,TWO,TWO,TP
continuous_0816_S6_strategy2.npz,13275–17554,TEA,TEA,TP
continuous_0816_S6_strategy2.npz,17554–21686,AUNTIE,AUNTIE,TP
continuous_0817_S6_strategy2.npz,0–4479,FIVE,FIVE,TP
continuous_0817_S6_strategy2.npz,2933–5866,—,WEELCHAIR PERSON,FP
continuous_0817_S6_strategy2.npz,4479–8725,WEELCHAIR PERSON,—,FN
continuous_0817_S6_strategy2.npz,5866–8833,—,JUNE,FP
continuous_0817_S6_strategy2.npz,8725–12971,JANUARY,JANUARY,TP
continuous_0817_S6_strategy2.npz,11766–14733,—,LIGHT,FP
continuous_0817_S6_strategy2.npz,12971–17184,SUNDAY,SUNDAY,TP
continuous_0817_S6_strategy2.npz,17184–21216,AUNTIE,AUNTIE,TP
continuous_0817_S6_strategy2.npz,21216–25381,COFFEE,COFFEE,TP
continuous_0817_S6_strategy2.npz,25381–29680,IM FINE,IM FINE,TP
continuous_0818_S6_strategy2.npz,0–4661,YOURE WELCOME,YOURE WELCOME,TP
continuous_0818_S6_strategy2.npz,4661–8493,SON,SON,TP
continuous_0818_S6_strategy2.npz,8493–12739,SUGAR,SUGAR,TP
continuous_0818_S6_strategy2.npz,8900–11866,—,DAUGHTER,FP
continuous_0818_S6_strategy2.npz,12739–16985,BOY,BOY,TP
continuous_0818_S6_strategy2.npz,16985–21114,MAY,MAY,TP
continuous_0818_S6_strategy2.npz,21114–25664,WRONG,WRONG,TP
continuous_0818_S6_strategy2.npz,25664–29909,WEDNESDAY,WEDNESDAY,TP
continuous_0819_S6_strategy2.npz,0–4246,THURSDAY,THURSDAY,TP
continuous_0819_S6_strategy2.npz,2300–4633,—,FOUR,FP
continuous_0819_S6_strategy2.npz,4246–8617,FOUR,—,FN
continuous_0819_S6_strategy2.npz,4633–6966,—,EIGHT,FP
continuous_0819_S6_strategy2.npz,8617–12717,NO SUGAR,NO SUGAR,TP
continuous_0819_S6_strategy2.npz,11600–13933,—,AUNTIE,FP
continuous_0819_S6_strategy2.npz,12717–16745,WOMAN,WOMAN,TP
continuous_0819_S6_strategy2.npz,16233–18566,—,UNCLE,FP
continuous_0819_S6_strategy2.npz,16745–21439,UNDERSTAND,UNDERSTAND,TP
continuous_0820_S6_strategy2.npz,0–4245,GREEN,GREEN,TP
continuous_0820_S6_strategy2.npz,4245–8939,TWO,TWO,TP
continuous_0820_S6_strategy2.npz,8939–13185,BLIND,BLIND,TP
continuous_0820_S6_strategy2.npz,13100–15733,—,MOTHER,FP
continuous_0820_S6_strategy2.npz,13185–18273,UNDERSTAND,UNDERSTAND,TP
continuous_0820_S6_strategy2.npz,18273–22519,YESTERDAY,YESTERDAY,TP
continuous_0820_S6_strategy2.npz,18333–20966,—,DON’T UNDERSTAND,FP
continuous_0820_S6_strategy2.npz,22519–26765,GRANDFATHER,GRANDFATHER,TP
continuous_0821_S6_strategy2.npz,0–4246,LIGHT,LIGHT,TP
continuous_0821_S6_strategy2.npz,4246–8240,TODAY,TODAY,TP
continuous_0821_S6_strategy2.npz,8240–12486,MEAT,MEAT,TP
continuous_0821_S6_strategy2.npz,12486–16386,THANK YOU,THANK YOU,TP
continuous_0821_S6_strategy2.npz,16386–20632,MAY,MAY,TP
continuous_0821_S6_strategy2.npz,18200–21866,—,TWO,FP
continuous_0821_S6_strategy2.npz,20632–25146,TWO,—,FN
continuous_0821_S6_strategy2.npz,21866–25500,—,FOUR,FP
continuous_0821_S6_strategy2.npz,25146–29359,MARRIED,MARRIED,TP
continuous_0822_S6_strategy2.npz,0–4213,DAUGHTER,DAUGHTER,TP
continuous_0822_S6_strategy2.npz,2700–5433,—,HARD OF HEARING,FP
continuous_0822_S6_strategy2.npz,4213–8712,GOOD MORNING,GOOD MORNING,TP
continuous_0822_S6_strategy2.npz,8166–10866,—,DON’T UNDERSTAND,FP
continuous_0822_S6_strategy2.npz,8712–12958,APRIL,—,FN
continuous_0822_S6_strategy2.npz,10866–13600,—,APRIL,FP
continuous_0822_S6_strategy2.npz,12958–17204,BOY,—,FN
continuous_0822_S6_strategy2.npz,13600–16333,—,FATHER,FP
continuous_0822_S6_strategy2.npz,16333–19066,—,BOY,FP
continuous_0822_S6_strategy2.npz,17204–21611,NINE,—,FN
continuous_0822_S6_strategy2.npz,19066–21766,—,WEELCHAIR PERSON,FP
continuous_0822_S6_strategy2.npz,21611–25890,WINE,WINE,TP
continuous_0822_S6_strategy2.npz,21766–24500,—,NINE,FP
continuous_0822_S6_strategy2.npz,25890–30136,CHICKEN,CHICKEN,TP
continuous_0823_S6_strategy2.npz,0–4246,FRIDAY,FRIDAY,TP
continuous_0823_S6_strategy2.npz,4246–8492,DARK,—,FN
continuous_0823_S6_strategy2.npz,6200–9333,—,DARK,FP
continuous_0823_S6_strategy2.npz,8492–12738,BOY,BOY,TP
continuous_0823_S6_strategy2.npz,12738–16951,OCTOBER,OCTOBER,TP
continuous_0823_S6_strategy2.npz,16951–21197,SUGAR,—,FN
continuous_0823_S6_strategy2.npz,18666–21800,—,SUGAR,FP
continuous_0823_S6_strategy2.npz,21197–21698,THREE,—,FN
continuous_0824_S6_strategy2.npz,0–4232,THANK YOU,THANK YOU,TP
continuous_0824_S6_strategy2.npz,2633–5266,—,FAST,FP
continuous_0824_S6_strategy2.npz,4232–8464,DON'T UNDERSTAND,DON’T UNDERSTAND,TP
continuous_0824_S6_strategy2.npz,7900–10533,—,JUNE,FP
continuous_0824_S6_strategy2.npz,8464–12710,JANUARY,JANUARY,TP
continuous_0824_S6_strategy2.npz,12710–17117,THREE,THREE,TP
continuous_0824_S6_strategy2.npz,17117–21330,YELLOW,YELLOW,TP
continuous_0825_S6_strategy2.npz,0–4246,MILK,MILK,TP
continuous_0825_S6_strategy2.npz,2300–4633,—,UNCLE,FP
continuous_0825_S6_strategy2.npz,4246–8492,UNCLE,—,FN
continuous_0825_S6_strategy2.npz,4633–6933,—,FAST,FP
continuous_0825_S6_strategy2.npz,8492–12935,ONE,ONE,TP
continuous_0825_S6_strategy2.npz,11566–13900,—,BEER,FP
continuous_0825_S6_strategy2.npz,12935–17181,YESTERDAY,YESTERDAY,TP
continuous_0825_S6_strategy2.npz,17181–21427,JANUARY,JANUARY,TP
continuous_0825_S6_strategy2.npz,18533–20833,—,MOTHER,FP
continuous_0825_S6_strategy2.npz,20833–23166,—,DEAF,FP
continuous_0825_S6_strategy2.npz,21427–25673,DEAF BLIND,DEAF BLIND,TP
continuous_0826_S6_strategy2.npz,0–4213,WINE,WINE,TP
continuous_0826_S6_strategy2.npz,2666–5366,—,JULY,FP
continuous_0826_S6_strategy2.npz,4213–8459,JUNE,JUNE,TP
continuous_0826_S6_strategy2.npz,8459–12672,DAUGHTER,DAUGHTER,TP
continuous_0826_S6_strategy2.npz,12672–17258,TWO,TWO,TP
continuous_0826_S6_strategy2.npz,16100–18766,—,FISH,FP
continuous_0826_S6_strategy2.npz,17258–21286,HARD OF HEARING,HARD OF HEARING,TP
continuous_0826_S6_strategy2.npz,21286–25485,EGG,EGG,TP
continuous_0826_S6_strategy2.npz,25485–29731,LIGHT,LIGHT,TP
continuous_0827_S6_strategy2.npz,0–4129,JUNE,JUNE,TP
continuous_0827_S6_strategy2.npz,4129–8787,EIGHT,EIGHT,TP
continuous_0827_S6_strategy2.npz,8787–13482,YOURE WELCOME,YOURE WELCOME,TP
continuous_0827_S6_strategy2.npz,13482–17728,BLACK,BLACK,TP
continuous_0827_S6_strategy2.npz,17728–21974,MILK,MILK,TP
continuous_0827_S6_strategy2.npz,19466–22700,—,NO,FP
continuous_0827_S6_strategy2.npz,21974–26220,GIRL,GIRL,TP
continuous_0828_S6_strategy2.npz,0–3961,SATURDAY,SATURDAY,TP
continuous_0828_S6_strategy2.npz,2466–4966,—,KNOW,FP
continuous_0828_S6_strategy2.npz,3961–8690,KNOW,—,FN
continuous_0828_S6_strategy2.npz,4966–7466,—,CHICKEN,FP
continuous_0828_S6_strategy2.npz,8690–12903,SEPTEMBER,SEPTEMBER,TP
continuous_0828_S6_strategy2.npz,12466–14966,—,DEAF BLIND,FP
continuous_0828_S6_strategy2.npz,12903–17182,DEAF BLIND,—,FN
continuous_0828_S6_strategy2.npz,14966–17433,—,SPAGHETTI,FP
continuous_0828_S6_strategy2.npz,17182–21428,CRAB,CRAB,TP
continuous_0828_S6_strategy2.npz,21428–25960,GOOD EVENING,GOOD EVENING,TP
continuous_0828_S6_strategy2.npz,24933–27433,—,MONDAY,FP
continuous_0828_S6_strategy2.npz,25960–30159,EIGHT,EIGHT,TP
continuous_0829_S6_strategy2.npz,0–2700,—,NOVEMBER,FP
continuous_0829_S6_strategy2.npz,0–3894,SEPTEMBER,—,FN
continuous_0829_S6_strategy2.npz,2700–5400,—,OCTOBER,FP
continuous_0829_S6_strategy2.npz,3894–8124,DEAF BLIND,—,FN
continuous_0829_S6_strategy2.npz,5400–8100,—,DEAF,FP
continuous_0829_S6_strategy2.npz,8100–10800,—,DEAF BLIND,FP
continuous_0829_S6_strategy2.npz,8124–12370,DARK,DARK,TP
continuous_0829_S6_strategy2.npz,12370–17314,TWO,TWO,TP
continuous_0829_S6_strategy2.npz,17314–21560,LONGANISA,LONGANISA,TP
continuous_0829_S6_strategy2.npz,21560–25689,MONDAY,MONDAY,TP
continuous_0829_S6_strategy2.npz,25689–29935,JUICE,—,FN
continuous_0829_S6_strategy2.npz,27000–29700,—,JUICE,FP
continuous_0830_S6_strategy2.npz,0–4246,LONGANISA,LONGANISA,TP
continuous_0830_S6_strategy2.npz,4246–8445,SUGAR,—,FN
continuous_0830_S6_strategy2.npz,6566–9866,—,SUGAR,FP
continuous_0830_S6_strategy2.npz,8445–12691,YELLOW,YELLOW,TP
continuous_0830_S6_strategy2.npz,12691–17241,UNDERSTAND,UNDERSTAND,TP
continuous_0830_S6_strategy2.npz,17241–21487,UNCLE,UNCLE,TP
continuous_0830_S6_strategy2.npz,19733–23033,—,MAN,FP
continuous_0830_S6_strategy2.npz,21487–25733,MAN,—,FN
continuous_0830_S6_strategy2.npz,23033–26333,—,DON’T KNOW,FP
continuous_0830_S6_strategy2.npz,25733–30104,FIVE,FIVE,TP
continuous_0831_S6_strategy2.npz,0–4133,HOT,HOT,TP
continuous_0831_S6_strategy2.npz,4133–8379,JUNE,JUNE,TP
continuous_0831_S6_strategy2.npz,8379–13001,SLOW,SLOW,TP
continuous_0831_S6_strategy2.npz,13001–17247,MONDAY,—,FN
continuous_0831_S6_strategy2.npz,14166–16533,—,YESTERDAY,FP
continuous_0831_S6_strategy2.npz,16533–18900,—,MONDAY,FP
continuous_0831_S6_strategy2.npz,17247–21493,DEAF,DEAF,TP
continuous_0832_S6_strategy2.npz,0–4622,CORRECT,CORRECT,TP
continuous_0832_S6_strategy2.npz,2300–4633,—,MARCH,FP
continuous_0832_S6_strategy2.npz,4622–8868,OCTOBER,OCTOBER,TP
continuous_0832_S6_strategy2.npz,8868–13064,SATURDAY,SATURDAY,TP
continuous_0832_S6_strategy2.npz,13064–17310,NO SUGAR,NO SUGAR,TP
continuous_0832_S6_strategy2.npz,17310–21556,YELLOW,YELLOW,TP
continuous_0832_S6_strategy2.npz,20866–23200,—,GREEN,FP
continuous_0832_S6_strategy2.npz,21556–26035,FOUR,FOUR,TP
continuous_0833_S6_strategy2.npz,0–4279,OCTOBER,OCTOBER,TP
continuous_0833_S6_strategy2.npz,4279–8558,CHICKEN,CHICKEN,TP
continuous_0833_S6_strategy2.npz,8558–12754,WEDNESDAY,WEDNESDAY,TP
continuous_0833_S6_strategy2.npz,12754–17018,NINE,NINE,TP
continuous_0833_S6_strategy2.npz,17018–21264,DEAF,DEAF,TP
continuous_0834_S6_strategy2.npz,0–4200,FAST,FAST,TP
continuous_0834_S6_strategy2.npz,4200–8822,YOURE WELCOME,YOURE WELCOME,TP
continuous_0834_S6_strategy2.npz,8033–10700,—,DAUGHTER,FP
continuous_0834_S6_strategy2.npz,8822–13516,ONE,ONE,TP
continuous_0834_S6_strategy2.npz,13516–17762,HARD OF HEARING,HARD OF HEARING,TP
continuous_0834_S6_strategy2.npz,17762–21992,MONDAY,MONDAY,TP
continuous_0835_S6_strategy2.npz,0–4514,DON'T UNDERSTAND,DON’T UNDERSTAND,TP
continuous_0835_S6_strategy2.npz,3133–6300,—,GOOD MORNING,FP
continuous_0835_S6_strategy2.npz,4514–8646,GOOD MORNING,—,FN
continuous_0835_S6_strategy2.npz,6300–9433,—,MILK,FP
continuous_0835_S6_strategy2.npz,8646–12859,MILK,—,FN
continuous_0835_S6_strategy2.npz,12859–17091,GREEN,GREEN,TP
continuous_0835_S6_strategy2.npz,15766–18900,—,SIX,FP
continuous_0835_S6_strategy2.npz,17091–21190,SIX,—,FN
continuous_0835_S6_strategy2.npz,18900–22066,—,SON,FP
continuous_0835_S6_strategy2.npz,21190–25469,HARD OF HEARING,HARD OF HEARING,TP
continuous_0836_S6_strategy2.npz,0–4246,JUNE,JUNE,TP
continuous_0836_S6_strategy2.npz,4246–8492,BOY,BOY,TP
continuous_0836_S6_strategy2.npz,6666–10033,—,IM FINE,FP
continuous_0836_S6_strategy2.npz,8492–12991,IM FINE,—,FN
continuous_0836_S6_strategy2.npz,10033–13366,—,LONGANISA,FP
continuous_0836_S6_strategy2.npz,12991–17270,LONGANISA,—,FN
continuous_0836_S6_strategy2.npz,13366–16700,—,WEELCHAIR PERSON,FP
continuous_0836_S6_strategy2.npz,17270–21784,FOUR,FOUR,TP
continuous_0836_S6_strategy2.npz,21784–26030,COUSIN,COUSIN,TP
continuous_0836_S6_strategy2.npz,26030–30276,THURSDAY,THURSDAY,TP
continuous_0837_S6_strategy2.npz,0–4246,SHRIMP,SHRIMP,TP
continuous_0837_S6_strategy2.npz,2900–5833,—,GOOD MORNING,FP
continuous_0837_S6_strategy2.npz,4246–8179,GOOD MORNING,—,FN
continuous_0837_S6_strategy2.npz,5833–8733,—,HARD OF HEARING,FP
continuous_0837_S6_strategy2.npz,8179–12425,DEAF,DEAF,TP
continuous_0837_S6_strategy2.npz,12425–16225,WINE,WINE,TP
continuous_0837_S6_strategy2.npz,16225–20471,TUESDAY,TUESDAY,TP
continuous_0837_S6_strategy2.npz,20471–24717,GRAY,GRAY,TP
continuous_0837_S6_strategy2.npz,23333–26233,—,DEAF,FP
continuous_0837_S6_strategy2.npz,24717–29375,ONE,ONE,TP
continuous_0838_S6_strategy2.npz,0–4246,RICE,RICE,TP
continuous_0838_S6_strategy2.npz,4246–8491,WHITE,WHITE,TP
continuous_0838_S6_strategy2.npz,6633–9966,—,HOT,FP
continuous_0838_S6_strategy2.npz,8491–12770,HOT,—,FN
continuous_0838_S6_strategy2.npz,12770–17016,COUSIN,COUSIN,TP
continuous_0838_S6_strategy2.npz,17016–21262,THURSDAY,THURSDAY,TP
continuous_0838_S6_strategy2.npz,19933–23233,—,AUNTIE,FP
continuous_0838_S6_strategy2.npz,21262–25508,MAY,MAY,TP
continuous_0838_S6_strategy2.npz,25508–29754,BLIND,BLIND,TP
continuous_0839_S6_strategy2.npz,0–4213,SPAGHETTI,SPAGHETTI,TP
continuous_0839_S6_strategy2.npz,2633–5300,—,JUNE,FP
continuous_0839_S6_strategy2.npz,4213–8459,JULY,JULY,TP
continuous_0839_S6_strategy2.npz,8459–12738,PINK,PINK,TP
continuous_0839_S6_strategy2.npz,12738–16937,UNCLE,UNCLE,TP
continuous_0839_S6_strategy2.npz,15933–18600,—,WINE,FP
continuous_0839_S6_strategy2.npz,16937–21183,SUNDAY,SUNDAY,TP
continuous_0840_S6_strategy2.npz,0–4213,TUESDAY,TUESDAY,TP
continuous_0840_S6_strategy2.npz,2833–5666,—,HARD OF HEARING,FP
continuous_0840_S6_strategy2.npz,4213–8426,HARD OF HEARING,—,FN
continuous_0840_S6_strategy2.npz,5666–8500,—,PINK,FP
continuous_0840_S6_strategy2.npz,8426–12672,PINK,—,FN
continuous_0840_S6_strategy2.npz,8500–11333,—,SEVEN,FP
continuous_0840_S6_strategy2.npz,11333–14166,—,SLOW,FP
continuous_0840_S6_strategy2.npz,12672–17222,SLOW,—,FN
continuous_0840_S6_strategy2.npz,14166–17000,—,GRANDFATHER,FP
continuous_0840_S6_strategy2.npz,17222–21468,SON,SON,TP
continuous_0840_S6_strategy2.npz,19833–22666,—,COFFEE,FP
continuous_0840_S6_strategy2.npz,21468–25714,BEER,BEER,TP
continuous_0841_S6_strategy2.npz,0–4246,SPAGHETTI,SPAGHETTI,TP
continuous_0841_S6_strategy2.npz,4246–8492,SEPTEMBER,SEPTEMBER,TP
continuous_0841_S6_strategy2.npz,8492–12738,BLUE,BLUE,TP
continuous_0841_S6_strategy2.npz,12738–17396,NO,NO,TP
continuous_0841_S6_strategy2.npz,16666–19033,—,AUNTIE,FP
continuous_0841_S6_strategy2.npz,17396–21642,TOMORROW,TOMORROW,TP
continuous_0842_S6_strategy2.npz,0–4246,SUGAR,SUGAR,TP
continuous_0842_S6_strategy2.npz,2600–5200,—,RED,FP
continuous_0842_S6_strategy2.npz,4246–8179,SLOW,SLOW,TP
continuous_0842_S6_strategy2.npz,7800–10400,—,TEN,FP
continuous_0842_S6_strategy2.npz,8179–12411,GOOD AFTERNOON,GOOD AFTERNOON,TP
continuous_0842_S6_strategy2.npz,12411–16510,NINE,NINE,TP
continuous_0842_S6_strategy2.npz,16510–20789,FEBRUARY,FEBRUARY,TP
continuous_0843_S6_strategy2.npz,0–4443,SLOW,SLOW,TP
continuous_0843_S6_strategy2.npz,4443–8672,TUESDAY,TUESDAY,TP
continuous_0843_S6_strategy2.npz,8672–12918,GRAY,GRAY,TP
continuous_0843_S6_strategy2.npz,10933–14600,—,APRIL,FP
continuous_0843_S6_strategy2.npz,12918–17047,APRIL,—,FN
continuous_0843_S6_strategy2.npz,14600–18233,—,MOTHER,FP
continuous_0843_S6_strategy2.npz,17047–21246,MOTHER,—,FN
continuous_0843_S6_strategy2.npz,18233–21900,—,SEE YOU TOMORROW,FP
continuous_0843_S6_strategy2.npz,21246–25812,GOOD MORNING,GOOD MORNING,TP
continuous_0844_S6_strategy2.npz,0–4694,DON'T UNDERSTAND,DON’T UNDERSTAND,TP
continuous_0844_S6_strategy2.npz,3533–7066,—,GIRL,FP
continuous_0844_S6_strategy2.npz,4694–8940,GRANDMOTHER,GRANDMOTHER,TP
continuous_0844_S6_strategy2.npz,8940–13186,COLD,—,FN
continuous_0844_S6_strategy2.npz,10600–14133,—,COLD,FP
continuous_0844_S6_strategy2.npz,13186–17432,VIOLET,VIOLET,TP
continuous_0844_S6_strategy2.npz,17432–21460,MARCH,MARCH,TP
continuous_0845_S6_strategy2.npz,0–5164,NICE TO MEET YOU,NICE TO MEET YOU,TP
continuous_0845_S6_strategy2.npz,2933–5866,—,CORRECT,FP
continuous_0845_S6_strategy2.npz,5164–10073,DON'T KNOW,DON’T KNOW,TP
continuous_0845_S6_strategy2.npz,10073–14319,JUICE,JUICE,TP
continuous_0845_S6_strategy2.npz,11733–14666,—,YESTERDAY,FP
continuous_0845_S6_strategy2.npz,14319–18565,TUESDAY,—,FN
continuous_0845_S6_strategy2.npz,14666–17600,—,MONDAY,FP
continuous_0845_S6_strategy2.npz,17600–20533,—,MAN,FP
continuous_0845_S6_strategy2.npz,18565–22593,MAN,—,FN
continuous_0845_S6_strategy2.npz,20533–23466,—,BLACK,FP
continuous_0845_S6_strategy2.npz,22593–26692,ONE,ONE,TP
continuous_0846_S6_strategy2.npz,0–4246,CHICKEN,CHICKEN,TP
continuous_0846_S6_strategy2.npz,4246–7945,COLD,COLD,TP
continuous_0846_S6_strategy2.npz,7945–12158,DECEMBER,DECEMBER,TP
continuous_0846_S6_strategy2.npz,12066–14466,—,MAY,FP
continuous_0846_S6_strategy2.npz,12158–16290,TEN,TEN,TP
continuous_0846_S6_strategy2.npz,16290–21019,SEE YOU TOMORROW,SEE YOU TOMORROW,TP
continuous_0846_S6_strategy2.npz,21019–25014,TOMORROW,TOMORROW,TP
continuous_0846_S6_strategy2.npz,24133–26533,—,FATHER,FP
continuous_0846_S6_strategy2.npz,25014–29213,PARENTS,PARENTS,TP
continuous_0847_S6_strategy2.npz,0–4246,DEAF,DEAF,TP
continuous_0847_S6_strategy2.npz,3166–6333,—,TWO,FP
continuous_0847_S6_strategy2.npz,4246–8445,TWO,—,FN
continuous_0847_S6_strategy2.npz,6333–9533,—,MOTHER,FP
continuous_0847_S6_strategy2.npz,8445–12691,MOTHER,—,FN
continuous_0847_S6_strategy2.npz,9533–12700,—,MARCH,FP
continuous_0847_S6_strategy2.npz,12691–16937,MAY,MAY,TP
continuous_0847_S6_strategy2.npz,16937–21203,THANK YOU,THANK YOU,TP
continuous_0847_S6_strategy2.npz,21203–25368,LIGHT,LIGHT,TP
continuous_0848_S6_strategy2.npz,0–4246,FRIDAY,FRIDAY,TP
continuous_0848_S6_strategy2.npz,4246–8492,MEAT,MEAT,TP
continuous_0848_S6_strategy2.npz,4266–6400,—,MARRIED,FP
continuous_0848_S6_strategy2.npz,8492–13150,THREE,—,FN
continuous_0848_S6_strategy2.npz,8566–10700,—,MARRIED,FP
continuous_0848_S6_strategy2.npz,10700–15000,—,THREE,FP
continuous_0848_S6_strategy2.npz,13150–17396,ORANGE,ORANGE,TP
continuous_0848_S6_strategy2.npz,17133–19266,—,UNDERSTAND,FP
continuous_0848_S6_strategy2.npz,17396–21642,SUGAR,SUGAR,TP
continuous_0849_S6_strategy2.npz,0–4213,CHICKEN,CHICKEN,TP
continuous_0849_S6_strategy2.npz,2833–5700,—,PARENTS,FP
continuous_0849_S6_strategy2.npz,4213–8492,MONDAY,MONDAY,TP
continuous_0849_S6_strategy2.npz,8492–12738,GRANDMOTHER,GRANDMOTHER,TP
continuous_0849_S6_strategy2.npz,11433–14266,—,SLOW,FP
continuous_0849_S6_strategy2.npz,12738–17017,GRAY,GRAY,TP
continuous_0849_S6_strategy2.npz,17017–21675,UNDERSTAND,—,FN
continuous_0849_S6_strategy2.npz,17133–20000,—,DEAF,FP
continuous_0849_S6_strategy2.npz,20000–22866,—,UNDERSTAND,FP
continuous_0849_S6_strategy2.npz,21675–25921,MARRIED,MARRIED,TP
continuous_0850_S6_strategy2.npz,0–4279,DECEMBER,DECEMBER,TP
continuous_0850_S6_strategy2.npz,4279–8558,TEA,TEA,TP
continuous_0850_S6_strategy2.npz,8558–12804,BOY,BOY,TP
continuous_0850_S6_strategy2.npz,12804–17050,AUNTIE,AUNTIE,TP
continuous_0850_S6_strategy2.npz,17050–21149,FOUR,FOUR,TP
continuous_0851_S6_strategy2.npz,0–4246,MAN,MAN,TP
continuous_0851_S6_strategy2.npz,4246–8492,CHICKEN,CHICKEN,TP
continuous_0851_S6_strategy2.npz,8492–12738,TUESDAY,TUESDAY,TP
continuous_0851_S6_strategy2.npz,10566–13200,—,TOMORROW,FP
continuous_0851_S6_strategy2.npz,12738–17467,EIGHT,EIGHT,TP
continuous_0851_S6_strategy2.npz,17467–21713,VIOLET,VIOLET,TP
continuous_0851_S6_strategy2.npz,21713–25959,JANUARY,JANUARY,TP
continuous_0851_S6_strategy2.npz,23800–26433,—,JUNE,FP
continuous_0851_S6_strategy2.npz,25959–29292,GOOD MORNING,GOOD MORNING,TP
continuous_0852_S6_strategy2.npz,0–4213,MONDAY,MONDAY,TP
continuous_0852_S6_strategy2.npz,2366–4733,—,PINK,FP
continuous_0852_S6_strategy2.npz,4213–8459,MILK,MILK,TP
continuous_0852_S6_strategy2.npz,7100–11866,—,NO,FP
continuous_0852_S6_strategy2.npz,8459–12705,EGG,EGG,TP
continuous_0852_S6_strategy2.npz,12705–16937,FATHER,FATHER,TP
continuous_0852_S6_strategy2.npz,16937–21595,YES,YES,TP
continuous_0853_S6_strategy2.npz,0–4246,SUGAR,SUGAR,TP
continuous_0853_S6_strategy2.npz,2566–5166,—,PINK,FP
continuous_0853_S6_strategy2.npz,4246–8738,NO,NO,TP
continuous_0853_S6_strategy2.npz,8738–12984,THURSDAY,THURSDAY,TP
continuous_0853_S6_strategy2.npz,12984–17230,FEBRUARY,FEBRUARY,TP
continuous_0853_S6_strategy2.npz,15500–18066,—,APRIL,FP
continuous_0853_S6_strategy2.npz,17230–21995,YOURE WELCOME,YOURE WELCOME,TP
continuous_0853_S6_strategy2.npz,20666–23233,—,MOTHER,FP
continuous_0853_S6_strategy2.npz,21995–26094,FATHER,—,FN
continuous_0853_S6_strategy2.npz,23233–25833,—,PARENTS,FP
continuous_0854_S6_strategy2.npz,0–4246,DECEMBER,DECEMBER,TP
continuous_0854_S6_strategy2.npz,4246–8492,COUSIN,COUSIN,TP
continuous_0854_S6_strategy2.npz,8492–12771,WOMAN,WOMAN,TP
continuous_0854_S6_strategy2.npz,12771–17017,CRAB,CRAB,TP
continuous_0854_S6_strategy2.npz,17017–21639,SIX,SIX,TP
continuous_0854_S6_strategy2.npz,21639–26512,UNDERSTAND,UNDERSTAND,TP
continuous_0855_S6_strategy2.npz,0–4246,WEDNESDAY,WEDNESDAY,TP
continuous_0855_S6_strategy2.npz,2700–5433,—,YES,FP
continuous_0855_S6_strategy2.npz,4246–8279,YES,—,FN
continuous_0855_S6_strategy2.npz,5433–8133,—,ONE,FP
continuous_0855_S6_strategy2.npz,8279–12811,HOW ARE YOU,HOW ARE YOU,TP
continuous_0855_S6_strategy2.npz,12811–17361,SEVEN,SEVEN,TP
continuous_0855_S6_strategy2.npz,17361–21574,BOY,BOY,TP
continuous_0855_S6_strategy2.npz,21574–25853,GRANDFATHER,—,FN
continuous_0855_S6_strategy2.npz,24433–27166,—,GRANDFATHER,FP
continuous_0855_S6_strategy2.npz,25853–30099,LONGANISA,LONGANISA,TP
continuous_0856_S6_strategy2.npz,0–4246,WEELCHAIR PERSON,WEELCHAIR PERSON,TP
continuous_0856_S6_strategy2.npz,4246–8492,UNCLE,UNCLE,TP
continuous_0856_S6_strategy2.npz,8492–13024,GOOD EVENING,GOOD EVENING,TP
continuous_0856_S6_strategy2.npz,8933–11900,—,TEN,FP
continuous_0856_S6_strategy2.npz,13024–17395,FIVE,—,FN
continuous_0856_S6_strategy2.npz,17395–21674,MILK,MILK,TP
continuous_0856_S6_strategy2.npz,17866–20833,—,FIVE,FP
continuous_0856_S6_strategy2.npz,21674–25920,PINK,PINK,TP
continuous_0856_S6_strategy2.npz,25920–30255,WRONG,WRONG,TP
continuous_0857_S6_strategy2.npz,0–4246,GIRL,GIRL,TP
continuous_0857_S6_strategy2.npz,4246–8492,LIGHT,LIGHT,TP
continuous_0857_S6_strategy2.npz,8492–13006,SIX,SIX,TP
continuous_0857_S6_strategy2.npz,13006–17205,COUSIN,COUSIN,TP
continuous_0857_S6_strategy2.npz,17205–21451,FEBRUARY,FEBRUARY,TP
continuous_0857_S6_strategy2.npz,21451–25697,CRAB,CRAB,TP
continuous_0857_S6_strategy2.npz,25697–29797,NO,NO,TP
continuous_0858_S6_strategy2.npz,0–4129,MARRIED,MARRIED,TP
continuous_0858_S6_strategy2.npz,4129–8408,BEER,BEER,TP
continuous_0858_S6_strategy2.npz,8408–12654,TODAY,TODAY,TP
continuous_0858_S6_strategy2.npz,12654–16900,SEPTEMBER,SEPTEMBER,TP
continuous_0858_S6_strategy2.npz,16900–21113,CHICKEN,CHICKEN,TP
continuous_0858_S6_strategy2.npz,21113–25326,GRANDMOTHER,GRANDMOTHER,TP
continuous_0858_S6_strategy2.npz,25326–29459,HOW ARE YOU,HOW ARE YOU,TP
continuous_0859_S6_strategy2.npz,0–4246,LIGHT,LIGHT,TP
continuous_0859_S6_strategy2.npz,4246–8492,WEDNESDAY,WEDNESDAY,TP
continuous_0859_S6_strategy2.npz,8492–13006,NINE,NINE,TP
continuous_0859_S6_strategy2.npz,10966–13700,—,GRAY,FP
continuous_0859_S6_strategy2.npz,13006–17449,KNOW,KNOW,TP
continuous_0859_S6_strategy2.npz,16466–19200,—,DON’T KNOW,FP
continuous_0859_S6_strategy2.npz,17449–21678,WEELCHAIR PERSON,WEELCHAIR PERSON,TP
continuous_0859_S6_strategy2.npz,21678–25924,NO SUGAR,NO SUGAR,TP
continuous_0859_S6_strategy2.npz,24700–27433,—,SUGAR,FP
continuous_0859_S6_strategy2.npz,25924–30690,THANK YOU,THANK YOU,TP
continuous_0860_S6_strategy2.npz,0–4246,HARD OF HEARING,HARD OF HEARING,TP
continuous_0860_S6_strategy2.npz,3000–6033,—,ORANGE,FP
continuous_0860_S6_strategy2.npz,4246–8445,ORANGE,—,FN
continuous_0860_S6_strategy2.npz,6033–9066,—,DON’T UNDERSTAND,FP
continuous_0860_S6_strategy2.npz,8445–12959,YES,YES,TP
continuous_0860_S6_strategy2.npz,12066–15100,—,NO SUGAR,FP
continuous_0860_S6_strategy2.npz,12959–17158,SUGAR,—,FN
continuous_0860_S6_strategy2.npz,15100–18133,—,SUGAR,FP
continuous_0860_S6_strategy2.npz,17158–21404,SHRIMP,SHRIMP,TP
continuous_0861_S6_strategy2.npz,0–4132,GOOD AFTERNOON,GOOD AFTERNOON,TP
continuous_0861_S6_strategy2.npz,4132–8398,SHRIMP,SHRIMP,TP
continuous_0861_S6_strategy2.npz,8398–12644,FATHER,FATHER,TP
continuous_0861_S6_strategy2.npz,12644–16890,WOMAN,WOMAN,TP
continuous_0861_S6_strategy2.npz,16890–21136,GRAY,GRAY,TP
continuous_0862_S6_strategy2.npz,0–4199,YELLOW,YELLOW,TP
continuous_0862_S6_strategy2.npz,4199–8431,MEAT,MEAT,TP
continuous_0862_S6_strategy2.npz,7933–10566,—,TUESDAY,FP
continuous_0862_S6_strategy2.npz,8431–12677,THURSDAY,THURSDAY,TP
continuous_0862_S6_strategy2.npz,12677–16876,HELLO,HELLO,TP
continuous_0862_S6_strategy2.npz,13200–15866,—,GOOD AFTERNOON,FP
continuous_0862_S6_strategy2.npz,16876–21122,WOMAN,WOMAN,TP
continuous_0863_S6_strategy2.npz,0–4279,WEDNESDAY,WEDNESDAY,TP
continuous_0863_S6_strategy2.npz,2366–4733,—,JANUARY,FP
continuous_0863_S6_strategy2.npz,4279–8525,JULY,JULY,TP
continuous_0863_S6_strategy2.npz,7133–9500,—,RED,FP
continuous_0863_S6_strategy2.npz,8525–13357,HOW ARE YOU,HOW ARE YOU,TP
continuous_0863_S6_strategy2.npz,9500–11866,—,SLOW,FP
continuous_0863_S6_strategy2.npz,13357–17603,TEA,TEA,TP
continuous_0863_S6_strategy2.npz,17603–21849,RED,RED,TP
continuous_0863_S6_strategy2.npz,21400–23766,—,HARD OF HEARING,FP
continuous_0863_S6_strategy2.npz,21849–26363,THREE,THREE,TP
continuous_0864_S6_strategy2.npz,0–4246,TODAY,TODAY,TP
continuous_0864_S6_strategy2.npz,4246–8492,COLD,COLD,TP
continuous_0864_S6_strategy2.npz,8492–12487,BOY,BOY,TP
continuous_0864_S6_strategy2.npz,12487–16486,LONGANISA,LONGANISA,TP
continuous_0864_S6_strategy2.npz,16486–21466,FAST,FAST,TP
continuous_0864_S6_strategy2.npz,21466–25712,PARENTS,PARENTS,TP
continuous_0864_S6_strategy2.npz,24300–27000,—,MOTHER,FP
continuous_0864_S6_strategy2.npz,25712–29958,BROWN,BROWN,TP
continuous_0865_S6_strategy2.npz,0–4165,BEER,BEER,TP
continuous_0865_S6_strategy2.npz,2966–5933,—,TUESDAY,FP
continuous_0865_S6_strategy2.npz,4165–8411,TUESDAY,—,FN
continuous_0865_S6_strategy2.npz,5933–8900,—,MAN,FP
continuous_0865_S6_strategy2.npz,8411–12657,MAN,—,FN
continuous_0865_S6_strategy2.npz,8900–11866,—,YES,FP
continuous_0865_S6_strategy2.npz,12657–17064,THREE,THREE,TP
continuous_0865_S6_strategy2.npz,17064–20991,APRIL,APRIL,TP
continuous_0866_S6_strategy2.npz,0–4622,KNOW,KNOW,TP
continuous_0866_S6_strategy2.npz,4622–8835,MARCH,MARCH,TP
continuous_0866_S6_strategy2.npz,7400–11100,—,DECEMBER,FP
continuous_0866_S6_strategy2.npz,8835–13113,JUICE,JUICE,TP
continuous_0866_S6_strategy2.npz,13113–17663,TWO,TWO,TP
continuous_0866_S6_strategy2.npz,17663–21909,TODAY,TODAY,TP
continuous_0866_S6_strategy2.npz,21909–26122,DEAF BLIND,DEAF BLIND,TP
continuous_0866_S6_strategy2.npz,26122–30154,GRANDFATHER,GRANDFATHER,TP
continuous_0867_S6_strategy2.npz,0–4694,YES,YES,TP
continuous_0867_S6_strategy2.npz,4694–8940,DEAF,DEAF,TP
continuous_0867_S6_strategy2.npz,8940–13373,GOOD MORNING,GOOD MORNING,TP
continuous_0867_S6_strategy2.npz,13373–17959,TWO,—,FN
continuous_0867_S6_strategy2.npz,13700–16433,—,THREE,FP
continuous_0867_S6_strategy2.npz,16433–19166,—,TWO,FP
continuous_0867_S6_strategy2.npz,17959–22205,COUSIN,COUSIN,TP
continuous_0867_S6_strategy2.npz,22205–26468,MARCH,MARCH,TP
continuous_0867_S6_strategy2.npz,24666–27400,—,PINK,FP
continuous_0867_S6_strategy2.npz,26468–30700,SPAGHETTI,SPAGHETTI,TP
continuous_0868_S6_strategy2.npz,0–4246,SATURDAY,SATURDAY,TP
continuous_0868_S6_strategy2.npz,3100–6233,—,LIGHT,FP
continuous_0868_S6_strategy2.npz,4246–8492,HOT,—,FN
continuous_0868_S6_strategy2.npz,6233–9333,—,HOT,FP
continuous_0868_S6_strategy2.npz,8492–12657,YELLOW,YELLOW,TP
continuous_0868_S6_strategy2.npz,12466–15600,—,UNDERSTAND,FP
continuous_0868_S6_strategy2.npz,12657–16706,CORRECT,CORRECT,TP
continuous_0868_S6_strategy2.npz,16706–20952,BOY,BOY,TP
continuous_0868_S6_strategy2.npz,20952–25151,THANK YOU,THANK YOU,TP
continuous_0869_S6_strategy2.npz,0–4246,COFFEE,COFFEE,TP
continuous_0869_S6_strategy2.npz,2600–5233,—,SON,FP
continuous_0869_S6_strategy2.npz,4246–8492,SON,—,FN
continuous_0869_S6_strategy2.npz,5233–7833,—,DAUGHTER,FP
continuous_0869_S6_strategy2.npz,8492–12424,SIX,SIX,TP
continuous_0869_S6_strategy2.npz,12424–16637,WOMAN,WOMAN,TP
continuous_0869_S6_strategy2.npz,16637–21187,FAST,FAST,TP
continuous_0870_S6_strategy2.npz,0–4279,MARRIED,MARRIED,TP
continuous_0870_S6_strategy2.npz,4279–8611,BLUE,BLUE,TP
continuous_0870_S6_strategy2.npz,8166–10900,—,NICE TO MEET YOU,FP
continuous_0870_S6_strategy2.npz,8611–13276,NICE TO MEET YOU,—,FN
continuous_0870_S6_strategy2.npz,10900–13633,—,CORRECT,FP
continuous_0870_S6_strategy2.npz,13276–17522,BEER,BEER,TP
continuous_0870_S6_strategy2.npz,16366–19100,—,APRIL,FP
continuous_0870_S6_strategy2.npz,17522–21768,FEBRUARY,FEBRUARY,TP
continuous_0871_S6_strategy2.npz,0–4279,UNCLE,UNCLE,TP
continuous_0871_S6_strategy2.npz,4279–8525,TUESDAY,TUESDAY,TP
continuous_0871_S6_strategy2.npz,8525–12771,YELLOW,YELLOW,TP
continuous_0871_S6_strategy2.npz,10633–14200,—,SHRIMP,FP
continuous_0871_S6_strategy2.npz,12771–17050,SHRIMP,—,FN
continuous_0871_S6_strategy2.npz,14200–17733,—,BLIND,FP
continuous_0871_S6_strategy2.npz,17050–21493,FOUR,FOUR,TP
continuous_0872_S6_strategy2.npz,0–4246,COUSIN,COUSIN,TP
continuous_0872_S6_strategy2.npz,4246–8459,WEELCHAIR PERSON,WEELCHAIR PERSON,TP
continuous_0872_S6_strategy2.npz,8459–12973,EIGHT,EIGHT,TP
continuous_0872_S6_strategy2.npz,12973–17219,NO SUGAR,NO SUGAR,TP
continuous_0872_S6_strategy2.npz,15866–19066,—,SPAGHETTI,FP
continuous_0872_S6_strategy2.npz,17219–21465,TODAY,TODAY,TP
continuous_0872_S6_strategy2.npz,21465–25630,YELLOW,YELLOW,TP
continuous_0873_S6_strategy2.npz,0–4246,BLIND,BLIND,TP
continuous_0873_S6_strategy2.npz,4246–8492,FISH,FISH,TP
continuous_0873_S6_strategy2.npz,7166–10766,—,CORRECT,FP
continuous_0873_S6_strategy2.npz,8492–12491,NICE TO MEET YOU,NICE TO MEET YOU,TP
continuous_0873_S6_strategy2.npz,12491–17041,FIVE,FIVE,TP
continuous_0873_S6_strategy2.npz,17041–21107,FAST,FAST,TP
continuous_0873_S6_strategy2.npz,21107–25353,MOTHER,MOTHER,TP
continuous_0874_S6_strategy2.npz,0–4246,BLIND,BLIND,TP
continuous_0874_S6_strategy2.npz,4246–8375,DECEMBER,DECEMBER,TP
continuous_0874_S6_strategy2.npz,8375–12620,AUNTIE,AUNTIE,TP
continuous_0874_S6_strategy2.npz,11800–14733,—,KNOW,FP
continuous_0874_S6_strategy2.npz,12620–17134,DON'T KNOW,DON’T KNOW,TP
continuous_0874_S6_strategy2.npz,17134–21613,NINE,NINE,TP
continuous_0874_S6_strategy2.npz,20633–23600,—,PINK,FP
continuous_0874_S6_strategy2.npz,21613–25859,RED,—,FN
continuous_0874_S6_strategy2.npz,23600–26533,—,RED,FP
continuous_0874_S6_strategy2.npz,25859–29991,BEER,BEER,TP
continuous_0875_S6_strategy2.npz,0–4246,FRIDAY,FRIDAY,TP
continuous_0875_S6_strategy2.npz,4246–8278,DARK,DARK,TP
continuous_0875_S6_strategy2.npz,8278–12474,GIRL,GIRL,TP
continuous_0875_S6_strategy2.npz,12474–16845,EIGHT,EIGHT,TP
continuous_0875_S6_strategy2.npz,16845–21610,KNOW,KNOW,TP
continuous_0875_S6_strategy2.npz,21610–25610,THANK YOU,THANK YOU,TP
continuous_0876_S6_strategy2.npz,0–4550,NO,NO,TP
continuous_0876_S6_strategy2.npz,3033–6066,—,YES,FP
continuous_0876_S6_strategy2.npz,4550–8749,GOOD MORNING,—,FN
continuous_0876_S6_strategy2.npz,6066–9100,—,TEN,FP
continuous_0876_S6_strategy2.npz,8749–13335,SIX,SIX,TP
continuous_0876_S6_strategy2.npz,9100–12166,—,GOOD MORNING,FP
continuous_0876_S6_strategy2.npz,13335–17581,MOTHER,—,FN
continuous_0876_S6_strategy2.npz,15200–18233,—,MOTHER,FP
continuous_0876_S6_strategy2.npz,17581–21827,JUICE,JUICE,TP
continuous_0877_S6_strategy2.npz,0–4532,THANK YOU,THANK YOU,TP
continuous_0877_S6_strategy2.npz,2766–5533,—,FATHER,FP
continuous_0877_S6_strategy2.npz,4532–8778,FATHER,—,FN
continuous_0877_S6_strategy2.npz,8778–13010,BROWN,BROWN,TP
continuous_0877_S6_strategy2.npz,13010–18241,TEN,TEN,TP
continuous_0877_S6_strategy2.npz,16666–19466,—,SUNDAY,FP
continuous_0877_S6_strategy2.npz,18241–22403,SUNDAY,—,FN
continuous_0877_S6_strategy2.npz,19466–22233,—,MARRIED,FP
continuous_0877_S6_strategy2.npz,22403–26668,RICE,RICE,TP
continuous_0877_S6_strategy2.npz,25033–27800,—,MARCH,FP
continuous_0877_S6_strategy2.npz,26668–30898,OCTOBER,OCTOBER,TP
continuous_0878_S6_strategy2.npz,0–4246,SUNDAY,SUNDAY,TP
continuous_0878_S6_strategy2.npz,4246–8492,FATHER,FATHER,TP
continuous_0878_S6_strategy2.npz,8492–12738,WOMAN,WOMAN,TP
continuous_0878_S6_strategy2.npz,12738–16970,GOOD EVENING,GOOD EVENING,TP
continuous_0878_S6_strategy2.npz,16970–21169,CHICKEN,—,FN
continuous_0878_S6_strategy2.npz,19733–23000,—,CHICKEN,FP
continuous_0878_S6_strategy2.npz,21169–25269,NO,NO,TP
continuous_0878_S6_strategy2.npz,25269–29515,GREEN,GREEN,TP
continuous_0879_S6_strategy2.npz,0–4279,ORANGE,ORANGE,TP
continuous_0879_S6_strategy2.npz,4279–8558,JANUARY,JANUARY,TP
continuous_0879_S6_strategy2.npz,8466–11300,—,MARCH,FP
continuous_0879_S6_strategy2.npz,8558–12929,ONE,ONE,TP
continuous_0879_S6_strategy2.npz,12929–17142,DAUGHTER,DAUGHTER,TP
continuous_0879_S6_strategy2.npz,17142–21388,RICE,RICE,TP
continuous_0879_S6_strategy2.npz,21388–25620,HELLO,HELLO,TP
continuous_0880_S6_strategy2.npz,0–4279,GRANDMOTHER,GRANDMOTHER,TP
continuous_0880_S6_strategy2.npz,4279–8525,COFFEE,COFFEE,TP
continuous_0880_S6_strategy2.npz,8525–12771,DEAF,DEAF,TP
continuous_0880_S6_strategy2.npz,12771–17429,ONE,ONE,TP
continuous_0880_S6_strategy2.npz,17429–21491,DECEMBER,DECEMBER,TP
continuous_0880_S6_strategy2.npz,19800–22300,—,DEAF,FP
continuous_0880_S6_strategy2.npz,21491–25737,CRAB,CRAB,TP
continuous_0880_S6_strategy2.npz,25737–30216,WRONG,WRONG,TP
continuous_0881_S6_strategy2.npz,0–322,FOUR,—,FN
continuous_0881_S6_strategy2.npz,322–4601,SUGAR,SUGAR,TP
continuous_0881_S6_strategy2.npz,2833–5666,—,CORRECT,FP
continuous_0881_S6_strategy2.npz,4601–8767,NICE TO MEET YOU,NICE TO MEET YOU,TP
continuous_0881_S6_strategy2.npz,8767–12766,ORANGE,ORANGE,TP
continuous_0881_S6_strategy2.npz,12766–17012,TOMORROW,TOMORROW,TP
continuous_0881_S6_strategy2.npz,17012–21258,DECEMBER,DECEMBER,TP
continuous_0881_S6_strategy2.npz,21258–25504,RICE,RICE,TP
continuous_0882_S6_strategy2.npz,0–4278,MAY,MAY,TP
continuous_0882_S6_strategy2.npz,2633–5300,—,FOUR,FP
continuous_0882_S6_strategy2.npz,4278–8792,FOUR,—,FN
continuous_0882_S6_strategy2.npz,5300–10633,—,GRANDFATHER,FP
continuous_0882_S6_strategy2.npz,8792–13005,GRANDFATHER,—,FN
continuous_0882_S6_strategy2.npz,13005–17251,PINK,PINK,TP
continuous_0882_S6_strategy2.npz,15933–18600,—,BREAD,FP
continuous_0882_S6_strategy2.npz,17251–21483,THANK YOU,THANK YOU,TP
continuous_0883_S6_strategy2.npz,0–4550,SIX,SIX,TP
continuous_0883_S6_strategy2.npz,4550–8882,BREAD,BREAD,TP
continuous_0883_S6_strategy2.npz,7966–10633,—,GOOD AFTERNOON,FP
continuous_0883_S6_strategy2.npz,8882–12981,GOOD AFTERNOON,—,FN
continuous_0883_S6_strategy2.npz,10633–13300,—,EIGHT,FP
continuous_0883_S6_strategy2.npz,12981–17639,CORRECT,CORRECT,TP
continuous_0883_S6_strategy2.npz,15966–18633,—,JANUARY,FP
continuous_0883_S6_strategy2.npz,17639–21852,JULY,JULY,TP
continuous_0884_S6_strategy2.npz,0–4246,LIGHT,LIGHT,TP
continuous_0884_S6_strategy2.npz,4246–8492,CRAB,CRAB,TP
continuous_0884_S6_strategy2.npz,8492–12738,GRANDFATHER,GRANDFATHER,TP
continuous_0884_S6_strategy2.npz,12738–16733,HARD OF HEARING,HARD OF HEARING,TP
continuous_0884_S6_strategy2.npz,14800–17766,—,GOOD AFTERNOON,FP
continuous_0884_S6_strategy2.npz,16733–20665,SEVEN,SEVEN,TP
continuous_0885_S6_strategy2.npz,0–4514,NINE,NINE,TP
continuous_0885_S6_strategy2.npz,4514–8760,MEAT,MEAT,TP
continuous_0885_S6_strategy2.npz,8760–12726,WINE,WINE,TP
continuous_0885_S6_strategy2.npz,12726–16972,WHITE,WHITE,TP
continuous_0885_S6_strategy2.npz,16972–21205,WRONG,WRONG,TP
continuous_0886_S6_strategy2.npz,0–4279,TOMORROW,TOMORROW,TP
continuous_0886_S6_strategy2.npz,4279–8179,COLD,COLD,TP
continuous_0886_S6_strategy2.npz,6133–9200,—,MARCH,FP
continuous_0886_S6_strategy2.npz,8179–12425,MARCH,—,FN
continuous_0886_S6_strategy2.npz,9200–12300,—,ONE,FP
continuous_0886_S6_strategy2.npz,12300–15366,—,SLOW,FP
continuous_0886_S6_strategy2.npz,12425–17190,HOW ARE YOU,HOW ARE YOU,TP
continuous_0886_S6_strategy2.npz,17190–21776,DON'T KNOW,DON’T KNOW,TP
continuous_0887_S6_strategy2.npz,0–4246,MARCH,MARCH,TP
continuous_0887_S6_strategy2.npz,4246–8512,HELLO,HELLO,TP
continuous_0887_S6_strategy2.npz,8512–12725,SUGAR,SUGAR,TP
continuous_0887_S6_strategy2.npz,12725–16938,SATURDAY,SATURDAY,TP
continuous_0887_S6_strategy2.npz,14900–17866,—,NOVEMBER,FP
continuous_0887_S6_strategy2.npz,16938–21184,RED,RED,TP
continuous_0887_S6_strategy2.npz,21184–25430,DAUGHTER,DAUGHTER,TP
continuous_0887_S6_strategy2.npz,25430–29676,CRAB,CRAB,TP
continuous_0888_S6_strategy2.npz,0–4032,COFFEE,COFFEE,TP
continuous_0888_S6_strategy2.npz,3066–6166,—,CHICKEN,FP
continuous_0888_S6_strategy2.npz,4032–8278,CHICKEN,—,FN
continuous_0888_S6_strategy2.npz,6166–9233,—,MARRIED,FP
continuous_0888_S6_strategy2.npz,8278–12524,MARRIED,—,FN
continuous_0888_S6_strategy2.npz,9233–12333,—,FIVE,FP
continuous_0888_S6_strategy2.npz,12524–16967,SLOW,SLOW,TP
continuous_0888_S6_strategy2.npz,15400–18500,—,MEAT,FP
continuous_0888_S6_strategy2.npz,16967–21832,NICE TO MEET YOU,NICE TO MEET YOU,TP
continuous_0889_S6_strategy2.npz,0–4246,JUNE,JUNE,TP
continuous_0889_S6_strategy2.npz,2666–5333,—,PARENTS,FP
continuous_0889_S6_strategy2.npz,4246–8525,PARENTS,—,FN
continuous_0889_S6_strategy2.npz,5333–8000,—,MOTHER,FP
continuous_0889_S6_strategy2.npz,8000–10666,—,MONDAY,FP
continuous_0889_S6_strategy2.npz,8525–12721,WOMAN,WOMAN,TP
continuous_0889_S6_strategy2.npz,12721–16967,SHRIMP,SHRIMP,TP
continuous_0889_S6_strategy2.npz,16000–18666,—,MOTHER,FP
continuous_0889_S6_strategy2.npz,16967–21299,THANK YOU,THANK YOU,TP
continuous_0890_S6_strategy2.npz,0–4532,GOOD MORNING,GOOD MORNING,TP
continuous_0890_S6_strategy2.npz,4532–8778,DARK,DARK,TP
continuous_0890_S6_strategy2.npz,6466–9700,—,NOVEMBER,FP
continuous_0890_S6_strategy2.npz,8778–13024,NOVEMBER,—,FN
continuous_0890_S6_strategy2.npz,9700–12933,—,JANUARY,FP
continuous_0890_S6_strategy2.npz,13024–17789,WRONG,WRONG,TP
continuous_0890_S6_strategy2.npz,17789–21888,FIVE,FIVE,TP
continuous_0890_S6_strategy2.npz,21888–26134,SHRIMP,SHRIMP,TP
continuous_0891_S6_strategy2.npz,0–4514,TWO,TWO,TP
continuous_0891_S6_strategy2.npz,4514–8760,THURSDAY,THURSDAY,TP
continuous_0891_S6_strategy2.npz,8760–13006,MARRIED,MARRIED,TP
continuous_0891_S6_strategy2.npz,13006–17285,GRANDMOTHER,GRANDMOTHER,TP
continuous_0891_S6_strategy2.npz,16233–18933,—,NO SUGAR,FP
continuous_0891_S6_strategy2.npz,17285–21531,NO SUGAR,—,FN
continuous_0891_S6_strategy2.npz,18933–21666,—,PINK,FP
continuous_0891_S6_strategy2.npz,21531–25810,RICE,RICE,TP
continuous_0891_S6_strategy2.npz,25810–29976,KNOW,KNOW,TP
continuous_0892_S6_strategy2.npz,0–4330,DEAF,DEAF,TP
continuous_0892_S6_strategy2.npz,4330–8562,HELLO,HELLO,TP
continuous_0892_S6_strategy2.npz,8562–12775,APRIL,APRIL,TP
continuous_0892_S6_strategy2.npz,12775–17021,TEA,TEA,TP
continuous_0892_S6_strategy2.npz,17021–21267,SPAGHETTI,SPAGHETTI,TP
continuous_0893_S6_strategy2.npz,0–4213,FISH,FISH,TP
continuous_0893_S6_strategy2.npz,2466–4966,—,WHITE,FP
continuous_0893_S6_strategy2.npz,4213–8459,GIRL,GIRL,TP
continuous_0893_S6_strategy2.npz,7466–9933,—,NO SUGAR,FP
continuous_0893_S6_strategy2.npz,8459–12738,NO SUGAR,—,FN
continuous_0893_S6_strategy2.npz,9933–12433,—,PINK,FP
continuous_0893_S6_strategy2.npz,12433–14933,—,HOT,FP
continuous_0893_S6_strategy2.npz,12738–16837,PINK,—,FN
continuous_0893_S6_strategy2.npz,14933–17400,—,SON,FP
continuous_0893_S6_strategy2.npz,16837–21069,SON,—,FN
continuous_0893_S6_strategy2.npz,17400–19900,—,DAUGHTER,FP
continuous_0893_S6_strategy2.npz,21069–25315,JULY,JULY,TP
continuous_0893_S6_strategy2.npz,24866–27366,—,TEN,FP
continuous_0893_S6_strategy2.npz,25315–29780,GOOD MORNING,GOOD MORNING,TP
continuous_0894_S6_strategy2.npz,0–4586,SIX,SIX,TP
continuous_0894_S6_strategy2.npz,4586–8832,BLIND,BLIND,TP
continuous_0894_S6_strategy2.npz,6433–9633,—,JANUARY,FP
continuous_0894_S6_strategy2.npz,8832–13078,JANUARY,—,FN
continuous_0894_S6_strategy2.npz,9633–12866,—,RED,FP
continuous_0894_S6_strategy2.npz,13078–17772,SEE YOU TOMORROW,SEE YOU TOMORROW,TP
continuous_0894_S6_strategy2.npz,16066–19300,—,TOMORROW,FP
continuous_0894_S6_strategy2.npz,17772–22322,KNOW,KNOW,TP
continuous_0894_S6_strategy2.npz,22322–26535,GRANDFATHER,GRANDFATHER,TP
continuous_0895_S6_strategy2.npz,0–4246,THURSDAY,THURSDAY,TP
continuous_0895_S6_strategy2.npz,2400–4800,—,HOT,FP
continuous_0895_S6_strategy2.npz,4246–8492,SUGAR,SUGAR,TP
continuous_0895_S6_strategy2.npz,7233–9633,—,RED,FP
continuous_0895_S6_strategy2.npz,8492–13490,NICE TO MEET YOU,NICE TO MEET YOU,TP
continuous_0895_S6_strategy2.npz,9633–12066,—,NOVEMBER,FP
continuous_0895_S6_strategy2.npz,13490–17736,GRAY,GRAY,TP
continuous_0895_S6_strategy2.npz,14466–16900,—,MARRIED,FP
continuous_0895_S6_strategy2.npz,17736–21668,EGG,EGG,TP
continuous_0896_S6_strategy2.npz,0–4246,FATHER,FATHER,TP
continuous_0896_S6_strategy2.npz,2766–5566,—,MOTHER,FP
continuous_0896_S6_strategy2.npz,4246–8725,NO,NO,TP
continuous_0896_S6_strategy2.npz,8725–12924,HELLO,HELLO,TP
continuous_0896_S6_strategy2.npz,12924–17137,FRIDAY,FRIDAY,TP
continuous_0896_S6_strategy2.npz,17137–21270,NO SUGAR,NO SUGAR,TP
continuous_0896_S6_strategy2.npz,21270–25399,BLIND,BLIND,TP
continuous_0897_S6_strategy2.npz,0–4213,BREAD,BREAD,TP
continuous_0897_S6_strategy2.npz,4213–8459,BEER,BEER,TP
continuous_0897_S6_strategy2.npz,8459–12902,SEVEN,SEVEN,TP
continuous_0897_S6_strategy2.npz,12902–17148,BOY,BOY,TP
continuous_0897_S6_strategy2.npz,17148–21280,MOTHER,MOTHER,TP
continuous_0897_S6_strategy2.npz,21280–25866,DON'T UNDERSTAND,DON’T UNDERSTAND,TP
continuous_0897_S6_strategy2.npz,25866–30145,BROWN,BROWN,TP
continuous_0898_S6_strategy2.npz,0–4246,GRANDFATHER,GRANDFATHER,TP
continuous_0898_S6_strategy2.npz,3033–6066,—,MOTHER,FP
continuous_0898_S6_strategy2.npz,4246–8491,NOVEMBER,NOVEMBER,TP
continuous_0898_S6_strategy2.npz,8491–12704,CRAB,CRAB,TP
continuous_0898_S6_strategy2.npz,9100–12133,—,SPAGHETTI,FP
continuous_0898_S6_strategy2.npz,12704–16917,BLUE,BLUE,TP
continuous_0898_S6_strategy2.npz,16917–21163,COLD,COLD,TP
continuous_0899_S6_strategy2.npz,0–4246,ORANGE,ORANGE,TP
continuous_0899_S6_strategy2.npz,4246–8476,APRIL,APRIL,TP
continuous_0899_S6_strategy2.npz,8476–12722,DAUGHTER,DAUGHTER,TP
continuous_0899_S6_strategy2.npz,12722–17165,SEVEN,SEVEN,TP
continuous_0899_S6_strategy2.npz,15800–18966,—,RED,FP
continuous_0899_S6_strategy2.npz,17165–21331,WRONG,WRONG,TP
continuous_0899_S6_strategy2.npz,21331–25530,GOOD AFTERNOON,GOOD AFTERNOON,TP
continuous_0900_S6_strategy2.npz,0–4246,BLIND,BLIND,TP
continuous_0900_S6_strategy2.npz,2866–5733,—,CORRECT,FP
continuous_0900_S6_strategy2.npz,4246–8379,CORRECT,—,FN
continuous_0900_S6_strategy2.npz,5733–8633,—,COFFEE,FP
continuous_0900_S6_strategy2.npz,8379–13209,YOURE WELCOME,YOURE WELCOME,TP
continuous_0900_S6_strategy2.npz,8633–11500,—,DEAF,FP
continuous_0900_S6_strategy2.npz,13209–17422,DARK,DARK,TP
continuous_0900_S6_strategy2.npz,17422–21635,SON,SON,TP
continuous_0900_S6_strategy2.npz,20166–23033,—,DAUGHTER,FP
continuous_0900_S6_strategy2.npz,21635–25881,MARCH,MARCH,TP
continuous_0901_S6_strategy2.npz,0–4232,GOOD EVENING,GOOD EVENING,TP
continuous_0901_S6_strategy2.npz,4232–8478,TOMORROW,TOMORROW,TP
continuous_0901_S6_strategy2.npz,5966–8933,—,JANUARY,FP
continuous_0901_S6_strategy2.npz,8478–12724,JULY,JULY,TP
continuous_0901_S6_strategy2.npz,11933–14900,—,BLIND,FP
continuous_0901_S6_strategy2.npz,12724–17167,EIGHT,EIGHT,TP
continuous_0901_S6_strategy2.npz,17167–21413,GREEN,GREEN,TP
continuous_0901_S6_strategy2.npz,21413–26071,DON'T KNOW,DON’T KNOW,TP
continuous_0901_S6_strategy2.npz,26071–30317,EGG,EGG,TP
continuous_0902_S6_strategy2.npz,0–3759,SEPTEMBER,SEPTEMBER,TP
continuous_0902_S6_strategy2.npz,2466–4933,—,OCTOBER,FP
continuous_0902_S6_strategy2.npz,3759–8453,TWO,TWO,TP
continuous_0902_S6_strategy2.npz,7400–9866,—,DEAF,FP
continuous_0902_S6_strategy2.npz,8453–12699,COFFEE,COFFEE,TP
continuous_0902_S6_strategy2.npz,12333–14800,—,DAUGHTER,FP
continuous_0902_S6_strategy2.npz,12699–16945,YESTERDAY,YESTERDAY,TP
continuous_0902_S6_strategy2.npz,16945–21345,UNDERSTAND,UNDERSTAND,TP
continuous_0902_S6_strategy2.npz,21345–25624,WEELCHAIR PERSON,WEELCHAIR PERSON,TP
continuous_0902_S6_strategy2.npz,24666–27133,—,FIVE,FP
continuous_0902_S6_strategy2.npz,25624–29837,LONGANISA,LONGANISA,TP
continuous_0903_S6_strategy2.npz,0–4443,NINE,NINE,TP
continuous_0903_S6_strategy2.npz,3266–6533,—,NO,FP
continuous_0903_S6_strategy2.npz,4443–8656,MONDAY,MONDAY,TP
continuous_0903_S6_strategy2.npz,8656–12902,GIRL,GIRL,TP
continuous_0903_S6_strategy2.npz,12902–16901,TEA,TEA,TP
continuous_0903_S6_strategy2.npz,16901–21147,FISH,FISH,TP
continuous_0903_S6_strategy2.npz,21147–25393,GREEN,GREEN,TP
continuous_0903_S6_strategy2.npz,25393–29872,SLOW,SLOW,TP
continuous_0904_S6_strategy2.npz,0–4479,CORRECT,CORRECT,TP
continuous_0904_S6_strategy2.npz,4479–9543,NICE TO MEET YOU,NICE TO MEET YOU,TP
continuous_0904_S6_strategy2.npz,9543–13822,FRIDAY,FRIDAY,TP
continuous_0904_S6_strategy2.npz,11700–14633,—,EIGHT,FP
continuous_0904_S6_strategy2.npz,13822–18068,BREAD,BREAD,TP
continuous_0904_S6_strategy2.npz,18068–22654,FIVE,FIVE,TP
continuous_0904_S6_strategy2.npz,20500–23433,—,MARRIED,FP
continuous_0904_S6_strategy2.npz,22654–26866,JUICE,JUICE,TP
continuous_0905_S6_strategy2.npz,0–4246,WINE,WINE,TP
continuous_0905_S6_strategy2.npz,4246–8492,DAUGHTER,DAUGHTER,TP
continuous_0905_S6_strategy2.npz,8492–12558,YOURE WELCOME,YOURE WELCOME,TP
continuous_0905_S6_strategy2.npz,10533–14033,—,WHITE,FP
continuous_0905_S6_strategy2.npz,12558–16804,LONGANISA,LONGANISA,TP
continuous_0905_S6_strategy2.npz,16804–21003,RED,RED,TP
continuous_0906_S6_strategy2.npz,0–5518,SEE YOU TOMORROW,SEE YOU TOMORROW,TP
continuous_0906_S6_strategy2.npz,2600–5233,—,TOMORROW,FP
continuous_0906_S6_strategy2.npz,5518–9764,VIOLET,VIOLET,TP
continuous_0906_S6_strategy2.npz,9764–14010,BEER,BEER,TP
continuous_0906_S6_strategy2.npz,14010–18223,BOY,BOY,TP
continuous_0906_S6_strategy2.npz,18223–22469,TUESDAY,TUESDAY,TP
continuous_0906_S6_strategy2.npz,20933–23533,—,GOOD EVENING,FP
continuous_0906_S6_strategy2.npz,22469–26434,GRANDFATHER,GRANDFATHER,TP
continuous_0907_S6_strategy2.npz,0–4312,WOMAN,WOMAN,TP
continuous_0907_S6_strategy2.npz,4312–8525,SHRIMP,SHRIMP,TP
continuous_0907_S6_strategy2.npz,7033–10566,—,DAUGHTER,FP
continuous_0907_S6_strategy2.npz,8525–12624,DAUGHTER,—,FN
continuous_0907_S6_strategy2.npz,12624–17067,CORRECT,CORRECT,TP
continuous_0907_S6_strategy2.npz,17067–21653,FIVE,FIVE,TP
continuous_0908_S6_strategy2.npz,0–4246,SPAGHETTI,SPAGHETTI,TP
continuous_0908_S6_strategy2.npz,2500–5000,—,CRAB,FP
continuous_0908_S6_strategy2.npz,4246–8492,SEPTEMBER,SEPTEMBER,TP
continuous_0908_S6_strategy2.npz,8492–12738,TOMORROW,TOMORROW,TP
continuous_0908_S6_strategy2.npz,12566–15066,—,SEE YOU TOMORROW,FP
continuous_0908_S6_strategy2.npz,12738–16984,DEAF BLIND,DEAF BLIND,TP
continuous_0908_S6_strategy2.npz,16984–21033,KNOW,KNOW,TP
continuous_0908_S6_strategy2.npz,21033–25279,BROWN,BROWN,TP
continuous_0909_S6_strategy2.npz,0–4246,BLIND,BLIND,TP
continuous_0909_S6_strategy2.npz,4246–8525,ORANGE,ORANGE,TP
continuous_0909_S6_strategy2.npz,8525–12804,BEER,BEER,TP
continuous_0909_S6_strategy2.npz,12804–17318,WRONG,WRONG,TP
continuous_0909_S6_strategy2.npz,17318–21797,SEVEN,SEVEN,TP
continuous_0910_S6_strategy2.npz,0–4279,NO SUGAR,NO SUGAR,TP
continuous_0910_S6_strategy2.npz,4279–8475,APRIL,APRIL,TP
continuous_0910_S6_strategy2.npz,8475–12721,GIRL,GIRL,TP
continuous_0910_S6_strategy2.npz,12721–17415,CORRECT,CORRECT,TP
continuous_0910_S6_strategy2.npz,17415–21661,GRANDMOTHER,GRANDMOTHER,TP
continuous_0910_S6_strategy2.npz,21661–25927,IM FINE,IM FINE,TP
continuous_0910_S6_strategy2.npz,21666–24400,—,FOUR,FP
continuous_0910_S6_strategy2.npz,25927–30056,WEDNESDAY,WEDNESDAY,TP
continuous_0911_S6_strategy2.npz,0–4514,WRONG,WRONG,TP
continuous_0911_S6_strategy2.npz,4514–9458,TWO,TWO,TP
continuous_0911_S6_strategy2.npz,9458–13587,TUESDAY,TUESDAY,TP
continuous_0911_S6_strategy2.npz,12166–15200,—,ONE,FP
continuous_0911_S6_strategy2.npz,13587–18219,HOW ARE YOU,HOW ARE YOU,TP
continuous_0911_S6_strategy2.npz,18219–22498,WOMAN,WOMAN,TP
continuous_0911_S6_strategy2.npz,22498–26711,NO SUGAR,NO SUGAR,TP
continuous_0911_S6_strategy2.npz,26711–30957,PARENTS,—,FN
continuous_0912_S6_strategy2.npz,0–4617,NO,NO,TP
continuous_0912_S6_strategy2.npz,4617–8863,SUNDAY,SUNDAY,TP
continuous_0912_S6_strategy2.npz,8863–13109,SHRIMP,SHRIMP,TP
continuous_0912_S6_strategy2.npz,13109–17104,NOVEMBER,NOVEMBER,TP
continuous_0912_S6_strategy2.npz,17104–21350,MOTHER,MOTHER,TP
continuous_0913_S6_strategy2.npz,0–4279,BREAD,BREAD,TP
continuous_0913_S6_strategy2.npz,4279–8511,UNCLE,UNCLE,TP
continuous_0913_S6_strategy2.npz,6666–10000,—,PINK,FP
continuous_0913_S6_strategy2.npz,8511–12790,THURSDAY,THURSDAY,TP
continuous_0913_S6_strategy2.npz,12790–17003,YELLOW,YELLOW,TP
continuous_0913_S6_strategy2.npz,16666–20000,—,JANUARY,FP
continuous_0913_S6_strategy2.npz,17003–21249,JUNE,JUNE,TP
continuous_0913_S6_strategy2.npz,21249–25907,UNDERSTAND,UNDERSTAND,TP
continuous_0913_S6_strategy2.npz,25907–30186,COLD,COLD,TP
continuous_0914_S6_strategy2.npz,0–4213,MEAT,MEAT,TP
continuous_0914_S6_strategy2.npz,4213–8426,WEDNESDAY,WEDNESDAY,TP
continuous_0914_S6_strategy2.npz,8426–12672,FATHER,FATHER,TP
continuous_0914_S6_strategy2.npz,12672–16918,VIOLET,VIOLET,TP
continuous_0914_S6_strategy2.npz,16918–20751,HELLO,HELLO,TP
continuous_0915_S6_strategy2.npz,0–4129,THURSDAY,THURSDAY,TP
continuous_0915_S6_strategy2.npz,3233–6466,—,WOMAN,FP
continuous_0915_S6_strategy2.npz,4129–8224,WOMAN,—,FN
continuous_0915_S6_strategy2.npz,6466–9700,—,THANK YOU,FP
continuous_0915_S6_strategy2.npz,8224–12423,THANK YOU,—,FN
continuous_0915_S6_strategy2.npz,9700–12933,—,GRANDFATHER,FP
continuous_0915_S6_strategy2.npz,12423–16669,GRANDFATHER,—,FN
continuous_0915_S6_strategy2.npz,16669–20801,VIOLET,VIOLET,TP
continuous_0915_S6_strategy2.npz,20801–24833,CRAB,CRAB,TP
continuous_0915_S6_strategy2.npz,24833–29419,FAST,FAST,TP
continuous_0916_S6_strategy2.npz,0–4246,FISH,FISH,TP
continuous_0916_S6_strategy2.npz,4246–8492,VIOLET,VIOLET,TP
continuous_0916_S6_strategy2.npz,8492–12691,NICE TO MEET YOU,NICE TO MEET YOU,TP
continuous_0916_S6_strategy2.npz,12691–16820,MAN,MAN,TP
continuous_0916_S6_strategy2.npz,16820–21120,UNDERSTAND,UNDERSTAND,TP
continuous_0917_S6_strategy2.npz,0–4560,NO,NO,TP
continuous_0917_S6_strategy2.npz,4560–9074,FOUR,FOUR,TP
continuous_0917_S6_strategy2.npz,9074–13806,HOW ARE YOU,HOW ARE YOU,TP
continuous_0917_S6_strategy2.npz,13806–18052,FATHER,FATHER,TP
continuous_0917_S6_strategy2.npz,15400–17600,—,PARENTS,FP
continuous_0917_S6_strategy2.npz,17600–19800,—,ORANGE,FP
continuous_0917_S6_strategy2.npz,18052–22298,WINE,WINE,TP
continuous_0918_S6_strategy2.npz,0–4245,SHRIMP,SHRIMP,TP
continuous_0918_S6_strategy2.npz,2433–4900,—,MARRIED,FP
continuous_0918_S6_strategy2.npz,4245–8688,FOUR,FOUR,TP
continuous_0918_S6_strategy2.npz,8688–12854,HOT,HOT,TP
continuous_0918_S6_strategy2.npz,12266–14733,—,DON’T UNDERSTAND,FP
continuous_0918_S6_strategy2.npz,12854–17404,DON'T UNDERSTAND,—,FN
continuous_0918_S6_strategy2.npz,14733–17200,—,AUNTIE,FP
continuous_0918_S6_strategy2.npz,17404–21617,TOMORROW,TOMORROW,TP
continuous_0918_S6_strategy2.npz,19666–22100,—,GOOD AFTERNOON,FP
continuous_0918_S6_strategy2.npz,21617–25749,UNCLE,UNCLE,TP
continuous_0918_S6_strategy2.npz,24566–27033,—,FATHER,FP
continuous_0918_S6_strategy2.npz,25749–29995,MAN,MAN,TP
continuous_0919_S6_strategy2.npz,0–4622,YES,YES,TP
continuous_0919_S6_strategy2.npz,4622–8854,JUICE,JUICE,TP
continuous_0919_S6_strategy2.npz,8854–13100,SON,SON,TP
continuous_0919_S6_strategy2.npz,11733–14066,—,DAUGHTER,FP
continuous_0919_S6_strategy2.npz,13100–17346,DEAF BLIND,DEAF BLIND,TP
continuous_0919_S6_strategy2.npz,16433–18766,—,BLIND,FP
continuous_0919_S6_strategy2.npz,17346–21845,THANK YOU,THANK YOU,TP
continuous_0919_S6_strategy2.npz,21133–23466,—,SIX,FP
continuous_0919_S6_strategy2.npz,21845–26359,SEVEN,SEVEN,TP
continuous_0920_S6_strategy2.npz,0–4599,GOOD EVENING,GOOD EVENING,TP
continuous_0920_S6_strategy2.npz,2366–4733,—,MONDAY,FP
continuous_0920_S6_strategy2.npz,4599–8798,SUGAR,SUGAR,TP
continuous_0920_S6_strategy2.npz,7100–9466,—,WHITE,FP
continuous_0920_S6_strategy2.npz,8798–13384,NO,NO,TP
continuous_0920_S6_strategy2.npz,13384–17379,MARRIED,MARRIED,TP
continuous_0920_S6_strategy2.npz,17379–21625,FRIDAY,FRIDAY,TP
continuous_0921_S6_strategy2.npz,0–3760,MAY,MAY,TP
continuous_0921_S6_strategy2.npz,3760–7973,UNCLE,UNCLE,TP
continuous_0921_S6_strategy2.npz,7973–12219,SPAGHETTI,SPAGHETTI,TP
continuous_0921_S6_strategy2.npz,12219–16251,LIGHT,LIGHT,TP
continuous_0921_S6_strategy2.npz,14866–17333,—,ONE,FP
continuous_0921_S6_strategy2.npz,16251–20447,DEAF,DEAF,TP
continuous_0921_S6_strategy2.npz,20447–24726,BEER,BEER,TP
continuous_0922_S6_strategy2.npz,0–4279,PINK,PINK,TP
continuous_0922_S6_strategy2.npz,2533–5100,—,MOTHER,FP
continuous_0922_S6_strategy2.npz,4279–8525,MARRIED,MARRIED,TP
continuous_0922_S6_strategy2.npz,8525–12771,TODAY,TODAY,TP
continuous_0922_S6_strategy2.npz,12771–17017,MEAT,MEAT,TP
continuous_0922_S6_strategy2.npz,15366–17933,—,JANUARY,FP
continuous_0922_S6_strategy2.npz,17017–21263,JULY,JULY,TP
continuous_0922_S6_strategy2.npz,20500–23066,—,NO,FP
continuous_0922_S6_strategy2.npz,21263–25509,TEA,TEA,TP
continuous_0923_S6_strategy2.npz,0–4365,GOOD MORNING,GOOD MORNING,TP
continuous_0923_S6_strategy2.npz,4365–8987,CORRECT,CORRECT,TP
continuous_0923_S6_strategy2.npz,8987–13233,UNCLE,UNCLE,TP
continuous_0923_S6_strategy2.npz,13233–17479,MARCH,MARCH,TP
continuous_0923_S6_strategy2.npz,17479–22065,THREE,THREE,TP
continuous_0923_S6_strategy2.npz,22065–26278,SHRIMP,SHRIMP,TP
continuous_0923_S6_strategy2.npz,24566–27300,—,MOTHER,FP
continuous_0923_S6_strategy2.npz,26278–30524,HARD OF HEARING,HARD OF HEARING,TP
continuous_0924_S6_strategy2.npz,0–4246,SUGAR,SUGAR,TP
continuous_0924_S6_strategy2.npz,4246–8112,IM FINE,IM FINE,TP
continuous_0924_S6_strategy2.npz,8112–12806,FAST,FAST,TP
continuous_0924_S6_strategy2.npz,12806–17356,TWO,TWO,TP
continuous_0924_S6_strategy2.npz,17356–21635,GRANDFATHER,GRANDFATHER,TP
continuous_0925_S6_strategy2.npz,0–4199,HELLO,HELLO,TP
continuous_0925_S6_strategy2.npz,4199–8199,CORRECT,CORRECT,TP
continuous_0925_S6_strategy2.npz,8199–12445,GRANDMOTHER,GRANDMOTHER,TP
continuous_0925_S6_strategy2.npz,12445–16691,MILK,MILK,TP
continuous_0925_S6_strategy2.npz,16691–20904,NOVEMBER,NOVEMBER,TP
continuous_0926_S6_strategy2.npz,0–4732,HOW ARE YOU,HOW ARE YOU,TP
continuous_0926_S6_strategy2.npz,4732–8894,TUESDAY,TUESDAY,TP
continuous_0926_S6_strategy2.npz,8894–13140,BEER,BEER,TP
continuous_0926_S6_strategy2.npz,13140–17370,DEAF BLIND,DEAF BLIND,TP
continuous_0926_S6_strategy2.npz,17370–21649,COUSIN,COUSIN,TP
continuous_0926_S6_strategy2.npz,20000–22500,—,MOTHER,FP
continuous_0926_S6_strategy2.npz,21649–25894,BLACK,BLACK,TP
continuous_0926_S6_strategy2.npz,25894–29959,CRAB,CRAB,TP
continuous_0927_S6_strategy2.npz,0–4246,BEER,BEER,TP
continuous_0927_S6_strategy2.npz,4246–8492,MONDAY,MONDAY,TP
continuous_0927_S6_strategy2.npz,8492–12971,NO,NO,TP
continuous_0927_S6_strategy2.npz,12971–17250,JANUARY,JANUARY,TP
continuous_0927_S6_strategy2.npz,15133–18166,—,SEE YOU TOMORROW,FP
continuous_0927_S6_strategy2.npz,17250–21647,GOOD MORNING,GOOD MORNING,TP
continuous_0928_S6_strategy2.npz,0–4213,EGG,EGG,TP
continuous_0928_S6_strategy2.npz,4213–8492,APRIL,APRIL,TP
continuous_0928_S6_strategy2.npz,8492–12738,HARD OF HEARING,HARD OF HEARING,TP
continuous_0928_S6_strategy2.npz,12738–17001,SATURDAY,SATURDAY,TP
continuous_0928_S6_strategy2.npz,17001–21551,SIX,SIX,TP
continuous_0928_S6_strategy2.npz,21551–25797,SUGAR,SUGAR,TP
continuous_0928_S6_strategy2.npz,25797–30043,DAUGHTER,DAUGHTER,TP
continuous_0929_S6_strategy2.npz,0–4133,IM FINE,IM FINE,TP
continuous_0929_S6_strategy2.npz,4133–8612,FOUR,FOUR,TP
continuous_0929_S6_strategy2.npz,7033–10533,—,CHICKEN,FP
continuous_0929_S6_strategy2.npz,8612–12858,CHICKEN,—,FN
continuous_0929_S6_strategy2.npz,10533–14066,—,JANUARY,FP
continuous_0929_S6_strategy2.npz,12858–17137,MAY,—,FN
continuous_0929_S6_strategy2.npz,14066–21100,—,HOT,FP
continuous_0929_S6_strategy2.npz,17137–21336,MILK,—,FN
continuous_0930_S6_strategy2.npz,0–4246,AUGUST,AUGUST,TP
continuous_0930_S6_strategy2.npz,4246–8459,RICE,RICE,TP
continuous_0930_S6_strategy2.npz,8100–10800,—,HOT,FP
continuous_0930_S6_strategy2.npz,8459–12938,TEN,TEN,TP
continuous_0930_S6_strategy2.npz,12938–17104,HELLO,HELLO,TP
continuous_0930_S6_strategy2.npz,16233–18933,—,GOOD AFTERNOON,FP
continuous_0930_S6_strategy2.npz,17104–21350,THURSDAY,THURSDAY,TP
continuous_0930_S6_strategy2.npz,21350–25629,YELLOW,YELLOW,TP
continuous_0930_S6_strategy2.npz,24333–27033,—,KNOW,FP
continuous_0930_S6_strategy2.npz,25629–30251,DON'T KNOW,DON’T KNOW,TP
continuous_0931_S6_strategy2.npz,0–4246,DEAF,DEAF,TP
continuous_0931_S6_strategy2.npz,4246–9119,UNDERSTAND,UNDERSTAND,TP
continuous_0931_S6_strategy2.npz,4700–7033,—,AUNTIE,FP
continuous_0931_S6_strategy2.npz,9119–13151,FIVE,FIVE,TP
continuous_0931_S6_strategy2.npz,13151–17397,DAUGHTER,DAUGHTER,TP
continuous_0931_S6_strategy2.npz,17397–21429,SUGAR,SUGAR,TP
continuous_0932_S6_strategy2.npz,0–4560,NO,NO,TP
continuous_0932_S6_strategy2.npz,4560–8692,GOOD AFTERNOON,GOOD AFTERNOON,TP
continuous_0932_S6_strategy2.npz,8692–12938,WHITE,WHITE,TP
continuous_0932_S6_strategy2.npz,12938–17067,JANUARY,JANUARY,TP
continuous_0932_S6_strategy2.npz,13833–16133,—,RED,FP
continuous_0932_S6_strategy2.npz,17067–21510,ONE,ONE,TP
continuous_0932_S6_strategy2.npz,20766–23066,—,SIX,FP
continuous_0932_S6_strategy2.npz,21510–25675,PARENTS,PARENTS,TP
continuous_0933_S6_strategy2.npz,0–4212,JANUARY,JANUARY,TP
continuous_0933_S6_strategy2.npz,4212–8726,ONE,ONE,TP
continuous_0933_S6_strategy2.npz,7500–10000,—,TUESDAY,FP
continuous_0933_S6_strategy2.npz,8726–12972,THURSDAY,THURSDAY,TP
continuous_0933_S6_strategy2.npz,12500–15000,—,MONDAY,FP
continuous_0933_S6_strategy2.npz,12972–17218,EGG,EGG,TP
continuous_0933_S6_strategy2.npz,17218–21284,CORRECT,CORRECT,TP
continuous_0933_S6_strategy2.npz,21284–26050,GOOD MORNING,GOOD MORNING,TP
continuous_0933_S6_strategy2.npz,25000–27500,—,MILK,FP
continuous_0933_S6_strategy2.npz,26050–30263,AUNTIE,AUNTIE,TP
continuous_0934_S6_strategy2.npz,0–4199,JUICE,JUICE,TP
continuous_0934_S6_strategy2.npz,2266–4533,—,TOMORROW,FP
continuous_0934_S6_strategy2.npz,4199–8412,TOMORROW,—,FN
continuous_0934_S6_strategy2.npz,4533–6833,—,TEN,FP
continuous_0934_S6_strategy2.npz,6833–9100,—,GOOD EVENING,FP
continuous_0934_S6_strategy2.npz,8412–12777,GOOD EVENING,—,FN
continuous_0934_S6_strategy2.npz,9100–11366,—,MONDAY,FP
continuous_0934_S6_strategy2.npz,11366–13666,—,UNCLE,FP
continuous_0934_S6_strategy2.npz,12777–16842,UNCLE,—,FN
continuous_0934_S6_strategy2.npz,13666–15933,—,JANUARY,FP
continuous_0934_S6_strategy2.npz,15933–18233,—,JULY,FP
continuous_0934_S6_strategy2.npz,16842–21088,JULY,—,FN
continuous_0934_S6_strategy2.npz,18233–20500,—,THANK YOU,FP
continuous_0934_S6_strategy2.npz,20500–22766,—,NINE,FP
continuous_0934_S6_strategy2.npz,21088–25320,NINE,—,FN
continuous_0934_S6_strategy2.npz,22766–25066,—,NO,FP
continuous_0934_S6_strategy2.npz,25066–27333,—,HOW ARE YOU,FP
continuous_0934_S6_strategy2.npz,25320–29566,SPAGHETTI,SPAGHETTI,TP
continuous_0935_S6_strategy2.npz,0–4213,GRANDMOTHER,GRANDMOTHER,TP
continuous_0935_S6_strategy2.npz,4213–8478,VIOLET,VIOLET,TP
continuous_0935_S6_strategy2.npz,8478–12877,THANK YOU,—,FN
continuous_0935_S6_strategy2.npz,9666–12900,—,RICE,FP
continuous_0935_S6_strategy2.npz,12877–17714,UNDERSTAND,UNDERSTAND,TP
continuous_0935_S6_strategy2.npz,12900–16100,—,THANK YOU,FP
continuous_0935_S6_strategy2.npz,17714–21843,JULY,JULY,TP
continuous_0935_S6_strategy2.npz,21843–26055,YESTERDAY,YESTERDAY,TP
continuous_0936_S6_strategy2.npz,0–4246,BREAD,BREAD,TP
continuous_0936_S6_strategy2.npz,2833–5700,—,HOT,FP
continuous_0936_S6_strategy2.npz,4246–8525,WEELCHAIR PERSON,WEELCHAIR PERSON,TP
continuous_0936_S6_strategy2.npz,8525–12758,UNDERSTAND,UNDERSTAND,TP
continuous_0936_S6_strategy2.npz,8533–11400,—,MILK,FP
continuous_0936_S6_strategy2.npz,12758–17023,IM FINE,IM FINE,TP
continuous_0936_S6_strategy2.npz,17023–21302,SATURDAY,SATURDAY,TP
continuous_0936_S6_strategy2.npz,19933–22800,—,FISH,FP
continuous_0936_S6_strategy2.npz,21302–25581,WHITE,WHITE,TP
continuous_0937_S6_strategy2.npz,0–4299,THANK YOU,THANK YOU,TP
continuous_0937_S6_strategy2.npz,2833–5666,—,TODAY,FP
continuous_0937_S6_strategy2.npz,4299–8731,THREE,THREE,TP
continuous_0937_S6_strategy2.npz,8731–12977,BLACK,BLACK,TP
continuous_0937_S6_strategy2.npz,11366–14200,—,WOMAN,FP
continuous_0937_S6_strategy2.npz,12977–17190,COUSIN,COUSIN,TP
continuous_0937_S6_strategy2.npz,17190–21289,TEA,TEA,TP
continuous_0937_S6_strategy2.npz,21289–25535,DEAF,DEAF,TP
continuous_0938_S6_strategy2.npz,0–4246,HOT,HOT,TP
continuous_0938_S6_strategy2.npz,4246–8492,CHICKEN,CHICKEN,TP
continuous_0938_S6_strategy2.npz,8492–12738,TODAY,TODAY,TP
continuous_0938_S6_strategy2.npz,12738–17288,TWO,TWO,TP
continuous_0938_S6_strategy2.npz,17288–21282,JANUARY,JANUARY,TP
continuous_0938_S6_strategy2.npz,21282–25868,KNOW,KNOW,TP
continuous_0938_S6_strategy2.npz,25868–30067,GRANDFATHER,GRANDFATHER,TP
continuous_0939_S6_strategy2.npz,0–4658,DON'T KNOW,DON’T KNOW,TP
continuous_0939_S6_strategy2.npz,2366–4733,—,GIRL,FP
continuous_0939_S6_strategy2.npz,4658–9137,ONE,ONE,TP
continuous_0939_S6_strategy2.npz,9137–13383,AUNTIE,AUNTIE,TP
continuous_0939_S6_strategy2.npz,11833–14200,—,MARCH,FP
continuous_0939_S6_strategy2.npz,13383–17629,OCTOBER,OCTOBER,TP
continuous_0939_S6_strategy2.npz,16566–18933,—,HARD OF HEARING,FP
continuous_0939_S6_strategy2.npz,17629–21842,MONDAY,MONDAY,TP
continuous_0940_S6_strategy2.npz,0–4279,NOVEMBER,NOVEMBER,TP
continuous_0940_S6_strategy2.npz,4279–8445,HOW ARE YOU,HOW ARE YOU,TP
continuous_0940_S6_strategy2.npz,8445–12724,LONGANISA,LONGANISA,TP
continuous_0940_S6_strategy2.npz,12724–17310,TEN,TEN,TP
continuous_0940_S6_strategy2.npz,17310–21556,GREEN,GREEN,TP
continuous_0940_S6_strategy2.npz,21556–26142,SLOW,SLOW,TP
continuous_0941_S6_strategy2.npz,0–4246,OCTOBER,OCTOBER,TP
continuous_0941_S6_strategy2.npz,4246–8492,YELLOW,YELLOW,TP
continuous_0941_S6_strategy2.npz,8492–12738,MOTHER,MOTHER,TP
continuous_0941_S6_strategy2.npz,12738–16951,COFFEE,COFFEE,TP
continuous_0941_S6_strategy2.npz,16951–21537,EIGHT,EIGHT,TP
continuous_0941_S6_strategy2.npz,18000–21000,—,LIGHT,FP
continuous_0941_S6_strategy2.npz,21537–25908,DON'T UNDERSTAND,DON’T UNDERSTAND,TP
continuous_0941_S6_strategy2.npz,25908–30507,IM FINE,IM FINE,TP
continuous_0942_S6_strategy2.npz,0–4279,DAUGHTER,DAUGHTER,TP
continuous_0942_S6_strategy2.npz,4279–8492,MARRIED,MARRIED,TP
continuous_0942_S6_strategy2.npz,8492–12738,BREAD,BREAD,TP
continuous_0942_S6_strategy2.npz,12738–17017,FEBRUARY,FEBRUARY,TP
continuous_0942_S6_strategy2.npz,17017–21263,TOMORROW,TOMORROW,TP
continuous_0943_S6_strategy2.npz,0–4479,NINE,NINE,TP
continuous_0943_S6_strategy2.npz,4433–6666,—,NICE TO MEET YOU,FP
continuous_0943_S6_strategy2.npz,4479–9477,NICE TO MEET YOU,—,FN
continuous_0943_S6_strategy2.npz,6666–8866,—,CORRECT,FP
continuous_0943_S6_strategy2.npz,8866–11100,—,BLUE,FP
continuous_0943_S6_strategy2.npz,9477–13723,BLUE,—,FN
continuous_0943_S6_strategy2.npz,11100–13333,—,KNOW,FP
continuous_0943_S6_strategy2.npz,13723–18002,MAN,MAN,TP
continuous_0943_S6_strategy2.npz,18002–23125,DON'T UNDERSTAND,DON’T UNDERSTAND,TP
continuous_0943_S6_strategy2.npz,22200–24433,—,GOOD MORNING,FP
continuous_0943_S6_strategy2.npz,23125–27224,PARENTS,PARENTS,TP
continuous_0944_S6_strategy2.npz,0–4246,HARD OF HEARING,HARD OF HEARING,TP
continuous_0944_S6_strategy2.npz,4246–8375,SUNDAY,SUNDAY,TP
continuous_0944_S6_strategy2.npz,8375–12474,RICE,RICE,TP
continuous_0944_S6_strategy2.npz,10533–14033,—,UNDERSTAND,FP
continuous_0944_S6_strategy2.npz,12474–17060,UNDERSTAND,—,FN
continuous_0944_S6_strategy2.npz,14033–17533,—,DON’T UNDERSTAND,FP
continuous_0944_S6_strategy2.npz,17060–21306,NO SUGAR,NO SUGAR,TP
continuous_0945_S6_strategy2.npz,0–4165,GRANDFATHER,GRANDFATHER,TP
continuous_0945_S6_strategy2.npz,2866–5733,—,BLUE,FP
continuous_0945_S6_strategy2.npz,4165–8444,BLUE,—,FN
continuous_0945_S6_strategy2.npz,5733–8600,—,TOMORROW,FP
continuous_0945_S6_strategy2.npz,8444–12690,TOMORROW,—,FN
continuous_0945_S6_strategy2.npz,8600–11466,—,ONE,FP
continuous_0945_S6_strategy2.npz,12690–17002,SPAGHETTI,SPAGHETTI,TP
continuous_0945_S6_strategy2.npz,17002–21767,YES,YES,TP
continuous_0945_S6_strategy2.npz,21767–26013,JANUARY,JANUARY,TP
continuous_0946_S6_strategy2.npz,0–4213,ORANGE,ORANGE,TP
continuous_0946_S6_strategy2.npz,2833–5666,—,OCTOBER,FP
continuous_0946_S6_strategy2.npz,4213–8459,OCTOBER,—,FN
continuous_0946_S6_strategy2.npz,5666–8533,—,WEELCHAIR PERSON,FP
continuous_0946_S6_strategy2.npz,8459–12705,WEELCHAIR PERSON,—,FN
continuous_0946_S6_strategy2.npz,8533–11366,—,DEAF BLIND,FP
continuous_0946_S6_strategy2.npz,12705–17148,ONE,ONE,TP
continuous_0946_S6_strategy2.npz,17148–21547,GOOD AFTERNOON,GOOD AFTERNOON,TP
continuous_0946_S6_strategy2.npz,21547–25793,TEA,TEA,TP
continuous_0947_S6_strategy2.npz,0–4550,WRONG,WRONG,TP
continuous_0947_S6_strategy2.npz,2733–5466,—,SUNDAY,FP
continuous_0947_S6_strategy2.npz,4550–8796,SUNDAY,—,FN
continuous_0947_S6_strategy2.npz,5466–10966,—,NO,FP
continuous_0947_S6_strategy2.npz,8796–13661,HOW ARE YOU,HOW ARE YOU,TP
continuous_0947_S6_strategy2.npz,13661–17907,GREEN,GREEN,TP
continuous_0947_S6_strategy2.npz,13700–16433,—,DAUGHTER,FP
continuous_0947_S6_strategy2.npz,17907–22153,WINE,WINE,TP
continuous_0948_S6_strategy2.npz,0–4622,NINE,NINE,TP
continuous_0948_S6_strategy2.npz,2900–5800,—,WEELCHAIR PERSON,FP
continuous_0948_S6_strategy2.npz,4622–8867,WEELCHAIR PERSON,—,FN
continuous_0948_S6_strategy2.npz,5800–8700,—,OCTOBER,FP
continuous_0948_S6_strategy2.npz,8700–11600,—,SEPTEMBER,FP
continuous_0948_S6_strategy2.npz,8867–13130,OCTOBER,—,FN
continuous_0948_S6_strategy2.npz,11600–14500,—,COFFEE,FP
continuous_0948_S6_strategy2.npz,13130–17376,COFFEE,—,FN
continuous_0948_S6_strategy2.npz,14500–20300,—,JUICE,FP
continuous_0948_S6_strategy2.npz,17376–22075,HOW ARE YOU,HOW ARE YOU,TP
continuous_0948_S6_strategy2.npz,22075–26321,BREAD,BREAD,TP
continuous_0949_S6_strategy2.npz,0–4335,NO,NO,TP
continuous_0949_S6_strategy2.npz,2300–4633,—,MARRIED,FP
continuous_0949_S6_strategy2.npz,4335–9300,NICE TO MEET YOU,NICE TO MEET YOU,TP
continuous_0949_S6_strategy2.npz,6933–9266,—,TEA,FP
continuous_0949_S6_strategy2.npz,9300–13578,FRIDAY,FRIDAY,TP
continuous_0949_S6_strategy2.npz,13578–17857,NO SUGAR,NO SUGAR,TP
continuous_0949_S6_strategy2.npz,13900–16233,—,NO,FP
continuous_0949_S6_strategy2.npz,17857–22070,DAUGHTER,DAUGHTER,TP
continuous_0949_S6_strategy2.npz,22070–26135,FISH,FISH,TP
continuous_0949_S6_strategy2.npz,26135–30364,MARRIED,MARRIED,TP
continuous_0950_S6_strategy2.npz,0–4246,JUNE,JUNE,TP
continuous_0950_S6_strategy2.npz,2133–4266,—,DECEMBER,FP
continuous_0950_S6_strategy2.npz,4246–8492,DAUGHTER,DAUGHTER,TP
continuous_0950_S6_strategy2.npz,8492–12705,SPAGHETTI,SPAGHETTI,TP
continuous_0950_S6_strategy2.npz,12705–17071,YOURE WELCOME,YOURE WELCOME,TP
continuous_0950_S6_strategy2.npz,12800–14933,—,DARK,FP
continuous_0950_S6_strategy2.npz,17066–19200,—,DAUGHTER,FP
continuous_0950_S6_strategy2.npz,17071–21317,TOMORROW,TOMORROW,TP
continuous_0950_S6_strategy2.npz,21317–25796,FAST,FAST,TP
continuous_0950_S6_strategy2.npz,21333–23466,—,TEN,FP
continuous_0951_S6_strategy2.npz,0–4246,MAN,MAN,TP
continuous_0951_S6_strategy2.npz,4246–8492,ORANGE,ORANGE,TP
continuous_0951_S6_strategy2.npz,5100–7666,—,ONE,FP
continuous_0951_S6_strategy2.npz,8492–12738,PARENTS,—,FN
continuous_0951_S6_strategy2.npz,10200–12766,—,COUSIN,FP
continuous_0951_S6_strategy2.npz,12738–17017,RICE,—,FN
continuous_0951_S6_strategy2.npz,12766–15333,—,PARENTS,FP
continuous_0951_S6_strategy2.npz,15333–17866,—,RICE,FP
continuous_0951_S6_strategy2.npz,17017–21263,TODAY,TODAY,TP
continuous_0951_S6_strategy2.npz,17866–20433,—,THANK YOU,FP
continuous_0951_S6_strategy2.npz,21263–25462,DON'T UNDERSTAND,DON’T UNDERSTAND,TP
continuous_0952_S6_strategy2.npz,0–4199,FISH,FISH,TP
continuous_0952_S6_strategy2.npz,4199–8642,CORRECT,CORRECT,TP
continuous_0952_S6_strategy2.npz,7800–10400,—,FATHER,FP
continuous_0952_S6_strategy2.npz,8642–12941,FATHER,—,FN
continuous_0952_S6_strategy2.npz,10400–13000,—,OCTOBER,FP
continuous_0952_S6_strategy2.npz,12941–16801,DECEMBER,DECEMBER,TP
continuous_0952_S6_strategy2.npz,16801–21080,BOY,BOY,TP
continuous_0953_S6_strategy2.npz,0–4246,NO SUGAR,NO SUGAR,TP
continuous_0953_S6_strategy2.npz,3033–6066,—,SUGAR,FP
continuous_0953_S6_strategy2.npz,4246–8492,FISH,FISH,TP
continuous_0953_S6_strategy2.npz,8492–12771,PINK,PINK,TP
continuous_0953_S6_strategy2.npz,12771–17017,FEBRUARY,FEBRUARY,TP
continuous_0953_S6_strategy2.npz,17017–21496,ONE,ONE,TP
continuous_0954_S6_strategy2.npz,0–4550,TWO,TWO,TP
continuous_0954_S6_strategy2.npz,2133–4300,—,THREE,FP
continuous_0954_S6_strategy2.npz,4550–8796,DAUGHTER,DAUGHTER,TP
continuous_0954_S6_strategy2.npz,8796–13382,YES,YES,TP
continuous_0954_S6_strategy2.npz,13382–17628,PINK,PINK,TP
continuous_0954_S6_strategy2.npz,17628–21907,SHRIMP,SHRIMP,TP
continuous_0954_S6_strategy2.npz,21533–23700,—,TEN,FP
continuous_0954_S6_strategy2.npz,21907–26372,GOOD AFTERNOON,GOOD AFTERNOON,TP
continuous_0955_S6_strategy2.npz,0–4232,TEA,TEA,TP
continuous_0955_S6_strategy2.npz,4232–8327,YESTERDAY,YESTERDAY,TP
continuous_0955_S6_strategy2.npz,8327–12573,MAY,MAY,TP
continuous_0955_S6_strategy2.npz,12573–16852,RICE,RICE,TP
continuous_0955_S6_strategy2.npz,16852–21017,COUSIN,COUSIN,TP
continuous_0956_S6_strategy2.npz,0–4246,TODAY,TODAY,TP
continuous_0956_S6_strategy2.npz,4246–8207,AUGUST,AUGUST,TP
continuous_0956_S6_strategy2.npz,8207–12486,SPAGHETTI,SPAGHETTI,TP
continuous_0956_S6_strategy2.npz,8400–11200,—,RED,FP
continuous_0956_S6_strategy2.npz,12486–16618,DON'T UNDERSTAND,—,FN
continuous_0956_S6_strategy2.npz,14000–16800,—,CRAB,FP
continuous_0956_S6_strategy2.npz,16618–20897,DEAF BLIND,DEAF BLIND,TP
continuous_0956_S6_strategy2.npz,16800–19600,—,DON’T UNDERSTAND,FP
continuous_0956_S6_strategy2.npz,20897–25143,COUSIN,—,FN
continuous_0956_S6_strategy2.npz,22400–25233,—,WOMAN,FP
continuous_0957_S6_strategy2.npz,0–4213,FATHER,FATHER,TP
continuous_0957_S6_strategy2.npz,2466–4933,—,MOTHER,FP
continuous_0957_S6_strategy2.npz,4213–8763,FIVE,FIVE,TP
continuous_0957_S6_strategy2.npz,7400–9866,—,RED,FP
continuous_0957_S6_strategy2.npz,8763–12795,RED,—,FN
continuous_0957_S6_strategy2.npz,9866–12333,—,JANUARY,FP
continuous_0957_S6_strategy2.npz,12795–17041,JULY,JULY,TP
continuous_0957_S6_strategy2.npz,17041–21627,UNDERSTAND,UNDERSTAND,TP
continuous_0957_S6_strategy2.npz,19733–22200,—,THURSDAY,FP
continuous_0957_S6_strategy2.npz,21627–25840,FISH,FISH,TP
continuous_0957_S6_strategy2.npz,25840–30086,BOY,BOY,TP
continuous_0958_S6_strategy2.npz,0–4213,MONDAY,MONDAY,TP
continuous_0958_S6_strategy2.npz,2533–5066,—,RED,FP
continuous_0958_S6_strategy2.npz,4213–8745,SPAGHETTI,SPAGHETTI,TP
continuous_0958_S6_strategy2.npz,7600–10133,—,NO,FP
continuous_0958_S6_strategy2.npz,8745–13204,NO,—,FN
continuous_0958_S6_strategy2.npz,10133–12666,—,UNCLE,FP
continuous_0958_S6_strategy2.npz,12666–15200,—,WINE,FP
continuous_0958_S6_strategy2.npz,13204–17417,UNCLE,—,FN
continuous_0958_S6_strategy2.npz,15200–17733,—,DEAF,FP
continuous_0958_S6_strategy2.npz,17417–21663,DEAF BLIND,DEAF BLIND,TP
continuous_0958_S6_strategy2.npz,20266–22800,—,SEE YOU TOMORROW,FP
continuous_0958_S6_strategy2.npz,21663–26095,HOW ARE YOU,HOW ARE YOU,TP
continuous_0958_S6_strategy2.npz,26095–30341,HOT,HOT,TP
continuous_0959_S6_strategy2.npz,0–4100,YES,YES,TP
continuous_0959_S6_strategy2.npz,4100–7966,YOURE WELCOME,YOURE WELCOME,TP
continuous_0959_S6_strategy2.npz,7966–12212,GRAY,GRAY,TP
continuous_0959_S6_strategy2.npz,12212–16458,NOVEMBER,NOVEMBER,TP
continuous_0959_S6_strategy2.npz,16458–20523,TEN,TEN,TP
continuous_0959_S6_strategy2.npz,20366–23300,—,BEER,FP
continuous_0959_S6_strategy2.npz,20523–24801,AUNTIE,AUNTIE,TP
continuous_0959_S6_strategy2.npz,24801–29047,MEAT,MEAT,TP
continuous_0960_S6_strategy2.npz,0–4246,DEAF,DEAF,TP
continuous_0960_S6_strategy2.npz,4246–8492,OCTOBER,OCTOBER,TP
continuous_0960_S6_strategy2.npz,6366–9533,—,CHICKEN,FP
continuous_0960_S6_strategy2.npz,8492–12738,CHICKEN,—,FN
continuous_0960_S6_strategy2.npz,9533–12733,—,FATHER,FP
continuous_0960_S6_strategy2.npz,12738–16970,PARENTS,PARENTS,TP
continuous_0960_S6_strategy2.npz,16970–21216,GREEN,—,FN
continuous_0960_S6_strategy2.npz,19100–22300,—,GREEN,FP
continuous_0960_S6_strategy2.npz,21216–25695,YES,YES,TP
continuous_0961_S6_strategy2.npz,0–3833,COLD,COLD,TP
continuous_0961_S6_strategy2.npz,2466–4933,—,DEAF,FP
continuous_0961_S6_strategy2.npz,3833–7895,GIRL,GIRL,TP
continuous_0961_S6_strategy2.npz,7895–12589,YOURE WELCOME,YOURE WELCOME,TP
continuous_0961_S6_strategy2.npz,12589–16924,YES,YES,TP
continuous_0961_S6_strategy2.npz,16924–21086,YESTERDAY,YESTERDAY,TP
continuous_0961_S6_strategy2.npz,21086–25332,MOTHER,MOTHER,TP
continuous_0962_S6_strategy2.npz,0–4246,COLD,COLD,TP
continuous_0962_S6_strategy2.npz,4246–8341,FEBRUARY,FEBRUARY,TP
continuous_0962_S6_strategy2.npz,8341–12587,RICE,RICE,TP
continuous_0962_S6_strategy2.npz,10133–12666,—,UNDERSTAND,FP
continuous_0962_S6_strategy2.npz,12587–17173,DON'T UNDERSTAND,DON’T UNDERSTAND,TP
continuous_0962_S6_strategy2.npz,15200–17733,—,WEELCHAIR PERSON,FP
continuous_0962_S6_strategy2.npz,17173–21419,SATURDAY,SATURDAY,TP
continuous_0962_S6_strategy2.npz,20266–22800,—,MONDAY,FP
continuous_0962_S6_strategy2.npz,21419–25584,DAUGHTER,DAUGHTER,TP
continuous_0963_S6_strategy2.npz,0–4099,TEN,TEN,TP
continuous_0963_S6_strategy2.npz,4099–8345,TEA,TEA,TP
continuous_0963_S6_strategy2.npz,8345–12591,JUNE,JUNE,TP
continuous_0963_S6_strategy2.npz,12591–16804,DAUGHTER,DAUGHTER,TP
continuous_0963_S6_strategy2.npz,15066–18100,—,SON,FP
continuous_0963_S6_strategy2.npz,16804–21050,MAN,MAN,TP
continuous_0964_S6_strategy2.npz,0–4698,YOURE WELCOME,YOURE WELCOME,TP
continuous_0964_S6_strategy2.npz,4698–8911,JANUARY,JANUARY,TP
continuous_0964_S6_strategy2.npz,8911–13157,BOY,BOY,TP
continuous_0964_S6_strategy2.npz,13157–17779,SLOW,SLOW,TP
continuous_0964_S6_strategy2.npz,17779–22293,SEVEN,—,FN
continuous_0964_S6_strategy2.npz,20133–23000,—,SEVEN,FP
continuous_0964_S6_strategy2.npz,22293–26572,WEDNESDAY,WEDNESDAY,TP
continuous_0965_S6_strategy2.npz,0–4199,CHICKEN,CHICKEN,TP
continuous_0965_S6_strategy2.npz,2666–5333,—,DEAF BLIND,FP
continuous_0965_S6_strategy2.npz,4199–8261,DEAF BLIND,—,FN
continuous_0965_S6_strategy2.npz,5333–8033,—,BLIND,FP
continuous_0965_S6_strategy2.npz,8033–10700,—,KNOW,FP
continuous_0965_S6_strategy2.npz,8261–13062,KNOW,—,FN
continuous_0965_S6_strategy2.npz,10700–13366,—,DON’T UNDERSTAND,FP
continuous_0965_S6_strategy2.npz,13062–17461,GOOD MORNING,GOOD MORNING,TP
continuous_0965_S6_strategy2.npz,16066–18733,—,IM FINE,FP
continuous_0965_S6_strategy2.npz,17461–21706,MOTHER,MOTHER,TP
continuous_0966_S6_strategy2.npz,0–4213,COUSIN,COUSIN,TP
continuous_0966_S6_strategy2.npz,4213–8459,FEBRUARY,FEBRUARY,TP
continuous_0966_S6_strategy2.npz,7400–9900,—,MAY,FP
continuous_0966_S6_strategy2.npz,8459–12705,BLIND,BLIND,TP
continuous_0966_S6_strategy2.npz,12705–17184,SEVEN,SEVEN,TP
continuous_0966_S6_strategy2.npz,17184–21663,NO,NO,TP
continuous_0966_S6_strategy2.npz,17300–19800,—,SUGAR,FP
continuous_0966_S6_strategy2.npz,21663–25942,BROWN,BROWN,TP
continuous_0966_S6_strategy2.npz,22266–24733,—,THURSDAY,FP
continuous_0966_S6_strategy2.npz,25942–30175,THANK YOU,THANK YOU,TP
continuous_0967_S6_strategy2.npz,0–4726,YOURE WELCOME,YOURE WELCOME,TP
continuous_0967_S6_strategy2.npz,4726–8892,FOUR,FOUR,TP
continuous_0967_S6_strategy2.npz,8892–13138,TODAY,TODAY,TP
continuous_0967_S6_strategy2.npz,13138–17384,AUNTIE,AUNTIE,TP
continuous_0967_S6_strategy2.npz,17384–21597,BLIND,BLIND,TP
continuous_0967_S6_strategy2.npz,21597–25876,DARK,DARK,TP
continuous_0967_S6_strategy2.npz,25876–30641,KNOW,KNOW,TP
continuous_0968_S6_strategy2.npz,0–4232,FISH,FISH,TP
continuous_0968_S6_strategy2.npz,4232–8264,GOOD EVENING,GOOD EVENING,TP
continuous_0968_S6_strategy2.npz,8264–12477,FRIDAY,FRIDAY,TP
continuous_0968_S6_strategy2.npz,12166–15200,—,NO,FP
continuous_0968_S6_strategy2.npz,12477–17135,YES,YES,TP
continuous_0968_S6_strategy2.npz,17135–21864,TWO,TWO,TP
continuous_0969_S6_strategy2.npz,0–4065,BREAD,BREAD,TP
continuous_0969_S6_strategy2.npz,4065–8311,FEBRUARY,FEBRUARY,TP
continuous_0969_S6_strategy2.npz,7633–10200,—,TEN,FP
continuous_0969_S6_strategy2.npz,8311–12577,GOOD MORNING,GOOD MORNING,TP
continuous_0969_S6_strategy2.npz,12577–16823,BLUE,BLUE,TP
continuous_0969_S6_strategy2.npz,16823–21481,YES,YES,TP
continuous_0969_S6_strategy2.npz,20400–22933,—,YESTERDAY,FP
continuous_0969_S6_strategy2.npz,21481–25727,WOMAN,WOMAN,TP
continuous_0970_S6_strategy2.npz,0–4586,NINE,NINE,TP
continuous_0970_S6_strategy2.npz,4586–9817,NICE TO MEET YOU,NICE TO MEET YOU,TP
continuous_0970_S6_strategy2.npz,7666–10200,—,KNOW,FP
continuous_0970_S6_strategy2.npz,9817–13471,DON'T KNOW,DON’T KNOW,TP
continuous_0970_S6_strategy2.npz,13471–17717,SON,SON,TP
continuous_0970_S6_strategy2.npz,17717–21749,BREAD,BREAD,TP
continuous_0970_S6_strategy2.npz,17866–20433,—,RICE,FP
continuous_0970_S6_strategy2.npz,21749–26028,WHITE,WHITE,TP
continuous_0971_S6_strategy2.npz,0–4246,TUESDAY,TUESDAY,TP
continuous_0971_S6_strategy2.npz,2566–5166,—,THURSDAY,FP
continuous_0971_S6_strategy2.npz,4246–8796,DON'T KNOW,DON’T KNOW,TP
continuous_0971_S6_strategy2.npz,7766–10366,—,YELLOW,FP
continuous_0971_S6_strategy2.npz,8796–13660,YOURE WELCOME,YOURE WELCOME,TP
continuous_0971_S6_strategy2.npz,12966–15566,—,TEN,FP
continuous_0971_S6_strategy2.npz,13660–18139,TEN,—,FN
continuous_0971_S6_strategy2.npz,15566–18166,—,RED,FP
continuous_0971_S6_strategy2.npz,18139–22338,SPAGHETTI,SPAGHETTI,TP
continuous_0971_S6_strategy2.npz,22338–26537,BLUE,BLUE,TP
continuous_0972_S6_strategy2.npz,0–4213,HARD OF HEARING,HARD OF HEARING,TP
continuous_0972_S6_strategy2.npz,2466–4933,—,TOMORROW,FP
continuous_0972_S6_strategy2.npz,4213–8478,GOOD EVENING,GOOD EVENING,TP
continuous_0972_S6_strategy2.npz,8478–13028,CORRECT,CORRECT,TP
continuous_0972_S6_strategy2.npz,13028–17241,COLD,COLD,TP
continuous_0972_S6_strategy2.npz,17241–21273,THREE,THREE,TP
continuous_0972_S6_strategy2.npz,19733–22200,—,FEBRUARY,FP
continuous_0972_S6_strategy2.npz,21273–25519,FEBRUARY,—,FN
continuous_0972_S6_strategy2.npz,22200–24666,—,APRIL,FP
continuous_0972_S6_strategy2.npz,24666–27133,—,BREAD,FP
continuous_0972_S6_strategy2.npz,25519–29798,EGG,EGG,TP
continuous_0973_S6_strategy2.npz,0–4246,SUNDAY,SUNDAY,TP
continuous_0973_S6_strategy2.npz,2833–5700,—,LIGHT,FP
continuous_0973_S6_strategy2.npz,4246–8525,GRAY,GRAY,TP
continuous_0973_S6_strategy2.npz,8525–13111,EIGHT,EIGHT,TP
continuous_0973_S6_strategy2.npz,13111–17442,GOOD MORNING,GOOD MORNING,TP
continuous_0973_S6_strategy2.npz,17133–19966,—,APRIL,FP
continuous_0973_S6_strategy2.npz,17442–21721,MARCH,MARCH,TP
continuous_0973_S6_strategy2.npz,21721–25967,HOT,HOT,TP
continuous_0974_S6_strategy2.npz,0–4622,FAST,FAST,TP
continuous_0974_S6_strategy2.npz,4622–8516,HARD OF HEARING,HARD OF HEARING,TP
continuous_0974_S6_strategy2.npz,8516–12762,CHICKEN,CHICKEN,TP
continuous_0974_S6_strategy2.npz,12762–16828,FOUR,FOUR,TP
continuous_0974_S6_strategy2.npz,16828–21074,NOVEMBER,NOVEMBER,TP
continuous_0974_S6_strategy2.npz,21074–25287,PARENTS,PARENTS,TP
continuous_0975_S6_strategy2.npz,0–4246,TEA,TEA,TP
continuous_0975_S6_strategy2.npz,4246–8492,AUGUST,AUGUST,TP
continuous_0975_S6_strategy2.npz,8492–12738,DARK,DARK,TP
continuous_0975_S6_strategy2.npz,12738–16984,BLIND,BLIND,TP
continuous_0975_S6_strategy2.npz,16984–21230,RICE,RICE,TP
continuous_0976_S6_strategy2.npz,0–4443,SIX,SIX,TP
continuous_0976_S6_strategy2.npz,4443–8656,SON,SON,TP
continuous_0976_S6_strategy2.npz,7266–9700,—,DAUGHTER,FP
continuous_0976_S6_strategy2.npz,8656–12789,HELLO,HELLO,TP
continuous_0976_S6_strategy2.npz,12789–16918,AUGUST,AUGUST,TP
continuous_0976_S6_strategy2.npz,16918–21080,WEELCHAIR PERSON,—,FN
continuous_0976_S6_strategy2.npz,19433–21866,—,WEELCHAIR PERSON,FP
continuous_0976_S6_strategy2.npz,21080–25145,SUGAR,SUGAR,TP
continuous_0976_S6_strategy2.npz,24300–26733,—,LIGHT,FP
continuous_0976_S6_strategy2.npz,25145–29391,SUNDAY,SUNDAY,TP
continuous_0977_S6_strategy2.npz,0–4100,HOW ARE YOU,HOW ARE YOU,TP
continuous_0977_S6_strategy2.npz,4100–8346,GRAY,GRAY,TP
continuous_0977_S6_strategy2.npz,5700–8533,—,JUICE,FP
continuous_0977_S6_strategy2.npz,8346–12592,JUICE,—,FN
continuous_0977_S6_strategy2.npz,8533–11400,—,MILK,FP
continuous_0977_S6_strategy2.npz,11400–14233,—,MAY,FP
continuous_0977_S6_strategy2.npz,12592–17299,MAY,—,FN
continuous_0977_S6_strategy2.npz,14233–17100,—,JULY,FP
continuous_0977_S6_strategy2.npz,17299–21545,SON,SON,TP
continuous_0977_S6_strategy2.npz,21545–25577,BREAD,BREAD,TP
continuous_0978_S6_strategy2.npz,0–4213,TEA,TEA,TP
continuous_0978_S6_strategy2.npz,4213–8309,JULY,JULY,TP
continuous_0978_S6_strategy2.npz,7033–10533,—,JUNE,FP
continuous_0978_S6_strategy2.npz,8309–12823,ONE,—,FN
continuous_0978_S6_strategy2.npz,10533–14066,—,ONE,FP
continuous_0978_S6_strategy2.npz,12823–17337,WRONG,WRONG,TP
continuous_0978_S6_strategy2.npz,17337–21616,MOTHER,MOTHER,TP
continuous_0979_S6_strategy2.npz,0–4132,FATHER,FATHER,TP
continuous_0979_S6_strategy2.npz,2966–5966,—,PARENTS,FP
continuous_0979_S6_strategy2.npz,4132–8646,TEN,TEN,TP
continuous_0979_S6_strategy2.npz,8646–13053,NO,NO,TP
continuous_0979_S6_strategy2.npz,11966–14966,—,JANUARY,FP
continuous_0979_S6_strategy2.npz,13053–17299,MAY,MAY,TP
continuous_0979_S6_strategy2.npz,17299–21545,GRAY,GRAY,TP
continuous_0979_S6_strategy2.npz,21545–26525,YOURE WELCOME,YOURE WELCOME,TP
continuous_0979_S6_strategy2.npz,26525–30771,TOMORROW,TOMORROW,TP
continuous_0980_S6_strategy2.npz,0–4586,DON'T KNOW,DON’T KNOW,TP
continuous_0980_S6_strategy2.npz,4586–8785,TEA,TEA,TP
continuous_0980_S6_strategy2.npz,8785–12998,MAY,MAY,TP
continuous_0980_S6_strategy2.npz,12998–17130,GREEN,GREEN,TP
continuous_0980_S6_strategy2.npz,17130–21376,FRIDAY,FRIDAY,TP
continuous_0980_S6_strategy2.npz,21376–25655,GRANDMOTHER,GRANDMOTHER,TP
continuous_0980_S6_strategy2.npz,25655–30320,HELLO,HELLO,TP
continuous_0981_S6_strategy2.npz,0–4199,GOOD EVENING,GOOD EVENING,TP
continuous_0981_S6_strategy2.npz,3000–6000,—,ONE,FP
continuous_0981_S6_strategy2.npz,4199–8264,ONE,—,FN
continuous_0981_S6_strategy2.npz,6000–9000,—,CORRECT,FP
continuous_0981_S6_strategy2.npz,8264–12477,COFFEE,COFFEE,TP
continuous_0981_S6_strategy2.npz,12000–15000,—,SON,FP
continuous_0981_S6_strategy2.npz,12477–16723,APRIL,—,FN
continuous_0981_S6_strategy2.npz,15000–18000,—,APRIL,FP
continuous_0981_S6_strategy2.npz,16723–20969,BROWN,BROWN,TP
continuous_0982_S6_strategy2.npz,0–4162,OCTOBER,OCTOBER,TP
continuous_0982_S6_strategy2.npz,2266–4533,—,DECEMBER,FP
continuous_0982_S6_strategy2.npz,4162–8375,BEER,BEER,TP
continuous_0982_S6_strategy2.npz,6800–9066,—,GIRL,FP
continuous_0982_S6_strategy2.npz,8375–12336,WEELCHAIR PERSON,WEELCHAIR PERSON,TP
continuous_0982_S6_strategy2.npz,11333–13600,—,TODAY,FP
continuous_0982_S6_strategy2.npz,12336–16549,TODAY,—,FN
continuous_0982_S6_strategy2.npz,13600–15900,—,GRANDFATHER,FP
continuous_0982_S6_strategy2.npz,15900–18166,—,SON,FP
continuous_0982_S6_strategy2.npz,16549–20648,SON,—,FN
continuous_0982_S6_strategy2.npz,18166–22700,—,DAUGHTER,FP
continuous_0982_S6_strategy2.npz,20648–25280,GOOD AFTERNOON,GOOD AFTERNOON,TP
continuous_0982_S6_strategy2.npz,24966–27233,—,TOMORROW,FP
continuous_0982_S6_strategy2.npz,25280–29479,TEN,TEN,TP
continuous_0983_S6_strategy2.npz,0–4246,SON,SON,TP
continuous_0983_S6_strategy2.npz,2833–5666,—,DAUGHTER,FP
continuous_0983_S6_strategy2.npz,4246–8492,HOT,HOT,TP
continuous_0983_S6_strategy2.npz,8492–12738,BREAD,BREAD,TP
continuous_0983_S6_strategy2.npz,11333–14166,—,DEAF,FP
continuous_0983_S6_strategy2.npz,12738–16984,LIGHT,LIGHT,TP
continuous_0983_S6_strategy2.npz,16984–21463,SIX,SIX,TP
continuous_0983_S6_strategy2.npz,21463–25695,GOOD EVENING,GOOD EVENING,TP
continuous_0984_S6_strategy2.npz,0–4586,TWO,TWO,TP
continuous_0984_S6_strategy2.npz,2533–5100,—,DEAF,FP
continuous_0984_S6_strategy2.npz,4586–8614,DEAF,—,FN
continuous_0984_S6_strategy2.npz,5100–7666,—,YESTERDAY,FP
continuous_0984_S6_strategy2.npz,8614–12514,COLD,COLD,TP
continuous_0984_S6_strategy2.npz,10200–12766,—,FATHER,FP
continuous_0984_S6_strategy2.npz,12514–16760,FATHER,—,FN
continuous_0984_S6_strategy2.npz,12766–15333,—,PARENTS,FP
continuous_0984_S6_strategy2.npz,15333–17866,—,NINE,FP
continuous_0984_S6_strategy2.npz,16760–21039,FRIDAY,FRIDAY,TP
continuous_0984_S6_strategy2.npz,21039–25835,SEE YOU TOMORROW,SEE YOU TOMORROW,TP
continuous_0985_S6_strategy2.npz,0–4246,TUESDAY,TUESDAY,TP
continuous_0985_S6_strategy2.npz,2466–4933,—,WRONG,FP
continuous_0985_S6_strategy2.npz,4246–8379,WRONG,—,FN
continuous_0985_S6_strategy2.npz,4933–7400,—,DEAF,FP
continuous_0985_S6_strategy2.npz,7400–9866,—,DEAF BLIND,FP
continuous_0985_S6_strategy2.npz,8379–12625,DEAF BLIND,—,FN
continuous_0985_S6_strategy2.npz,9866–12333,—,BLIND,FP
continuous_0985_S6_strategy2.npz,12333–14800,—,NINE,FP
continuous_0985_S6_strategy2.npz,12625–17139,NINE,—,FN
continuous_0985_S6_strategy2.npz,14800–17266,—,NO,FP
continuous_0985_S6_strategy2.npz,17139–21371,GOOD EVENING,GOOD EVENING,TP
continuous_0985_S6_strategy2.npz,21371–25617,JUICE,JUICE,TP
continuous_0985_S6_strategy2.npz,24666–27133,—,MOTHER,FP
continuous_0985_S6_strategy2.npz,25617–29830,BLACK,BLACK,TP
continuous_0986_S6_strategy2.npz,0–4586,SIX,SIX,TP
continuous_0986_S6_strategy2.npz,2866–5733,—,IM FINE,FP
continuous_0986_S6_strategy2.npz,4586–8985,IM FINE,—,FN
continuous_0986_S6_strategy2.npz,8985–13231,AUGUST,AUGUST,TP
continuous_0986_S6_strategy2.npz,11500–14366,—,VIOLET,FP
continuous_0986_S6_strategy2.npz,13231–17477,VIOLET,—,FN
continuous_0986_S6_strategy2.npz,14366–17266,—,SON,FP
continuous_0986_S6_strategy2.npz,17477–21723,MAN,MAN,TP
continuous_0986_S6_strategy2.npz,21723–26380,UNDERSTAND,UNDERSTAND,TP
continuous_0987_S6_strategy2.npz,0–4658,KNOW,KNOW,TP
continuous_0987_S6_strategy2.npz,4658–8724,HELLO,HELLO,TP
continuous_0987_S6_strategy2.npz,6966–10466,—,YESTERDAY,FP
continuous_0987_S6_strategy2.npz,8724–12853,YESTERDAY,—,FN
continuous_0987_S6_strategy2.npz,10466–13966,—,THREE,FP
continuous_0987_S6_strategy2.npz,12853–17018,TWO,TWO,TP
continuous_0987_S6_strategy2.npz,17018–21231,MARRIED,MARRIED,TP
continuous_0988_S6_strategy2.npz,0–4279,WINE,WINE,TP
continuous_0988_S6_strategy2.npz,2666–5333,—,FAST,FP
continuous_0988_S6_strategy2.npz,4279–8829,ONE,ONE,TP
continuous_0988_S6_strategy2.npz,8000–10666,—,EIGHT,FP
continuous_0988_S6_strategy2.npz,8829–13379,NO,NO,TP
continuous_0988_S6_strategy2.npz,13333–16000,—,THURSDAY,FP
continuous_0988_S6_strategy2.npz,13379–17625,FISH,—,FN
continuous_0988_S6_strategy2.npz,16000–18666,—,FISH,FP
continuous_0988_S6_strategy2.npz,17625–21870,WHITE,WHITE,TP
continuous_0989_S6_strategy2.npz,0–4443,NINE,NINE,TP
continuous_0989_S6_strategy2.npz,4443–8642,GRAY,GRAY,TP
continuous_0989_S6_strategy2.npz,8642–13371,FAST,FAST,TP
continuous_0989_S6_strategy2.npz,13371–17584,EGG,EGG,TP
continuous_0989_S6_strategy2.npz,14933–17900,—,DEAF BLIND,FP
continuous_0989_S6_strategy2.npz,17584–21813,SUNDAY,SUNDAY,TP
continuous_0989_S6_strategy2.npz,21813–26092,UNCLE,UNCLE,TP
continuous_0989_S6_strategy2.npz,23866–26866,—,JANUARY,FP
continuous_0989_S6_strategy2.npz,26092–30371,JUNE,JUNE,TP
continuous_0990_S6_strategy2.npz,0–4279,NOVEMBER,NOVEMBER,TP
continuous_0990_S6_strategy2.npz,4279–8378,EGG,EGG,TP
continuous_0990_S6_strategy2.npz,8378–12624,UNCLE,UNCLE,TP
continuous_0990_S6_strategy2.npz,10800–14400,—,WEELCHAIR PERSON,FP
continuous_0990_S6_strategy2.npz,12624–16837,WEELCHAIR PERSON,—,FN
continuous_0990_S6_strategy2.npz,14400–18000,—,KNOW,FP
continuous_0990_S6_strategy2.npz,16837–21423,KNOW,—,FN
continuous_0990_S6_strategy2.npz,18000–21600,—,HELLO,FP
continuous_0990_S6_strategy2.npz,21423–25455,JUICE,JUICE,TP
continuous_0991_S6_strategy2.npz,0–4213,VIOLET,VIOLET,TP
continuous_0991_S6_strategy2.npz,4213–8459,EGG,EGG,TP
continuous_0991_S6_strategy2.npz,8459–12724,GOOD MORNING,GOOD MORNING,TP
continuous_0991_S6_strategy2.npz,12724–16970,BOY,BOY,TP
continuous_0991_S6_strategy2.npz,16970–21216,APRIL,APRIL,TP
continuous_0992_S6_strategy2.npz,0–4371,NINE,NINE,TP
continuous_0992_S6_strategy2.npz,4371–8617,MILK,MILK,TP
continuous_0992_S6_strategy2.npz,8617–12863,FATHER,FATHER,TP
continuous_0992_S6_strategy2.npz,9000–12000,—,GOOD AFTERNOON,FP
continuous_0992_S6_strategy2.npz,12863–16995,MEAT,—,FN
continuous_0992_S6_strategy2.npz,15000–18000,—,MEAT,FP
continuous_0992_S6_strategy2.npz,16995–21241,BLIND,BLIND,TP
continuous_0993_S6_strategy2.npz,0–4246,GIRL,GIRL,TP
continuous_0993_S6_strategy2.npz,4246–8459,SEPTEMBER,SEPTEMBER,TP
continuous_0993_S6_strategy2.npz,8459–12658,MILK,MILK,TP
continuous_0993_S6_strategy2.npz,12658–16904,FATHER,FATHER,TP
continuous_0993_S6_strategy2.npz,16904–20932,YESTERDAY,YESTERDAY,TP
continuous_0994_S6_strategy2.npz,0–4658,FOUR,FOUR,TP
continuous_0994_S6_strategy2.npz,3033–6100,—,WEELCHAIR PERSON,FP
continuous_0994_S6_strategy2.npz,4658–8904,WEELCHAIR PERSON,—,FN
continuous_0994_S6_strategy2.npz,6100–9166,—,AUNTIE,FP
continuous_0994_S6_strategy2.npz,8904–13150,AUNTIE,—,FN
continuous_0994_S6_strategy2.npz,9166–12233,—,LIGHT,FP
continuous_0994_S6_strategy2.npz,13150–17396,SUNDAY,SUNDAY,TP
continuous_0994_S6_strategy2.npz,17396–21642,DARK,DARK,TP
continuous_0995_S6_strategy2.npz,0–4278,LONGANISA,LONGANISA,TP
continuous_0995_S6_strategy2.npz,3066–6133,—,TEA,FP
continuous_0995_S6_strategy2.npz,4278–8557,TEA,—,FN
continuous_0995_S6_strategy2.npz,6133–9200,—,NOVEMBER,FP
continuous_0995_S6_strategy2.npz,8557–12836,NOVEMBER,—,FN
continuous_0995_S6_strategy2.npz,9200–12300,—,FEBRUARY,FP
continuous_0995_S6_strategy2.npz,12836–17386,CORRECT,CORRECT,TP
continuous_0995_S6_strategy2.npz,17386–21751,THANK YOU,THANK YOU,TP
continuous_0996_S6_strategy2.npz,0–3860,TUESDAY,TUESDAY,TP
continuous_0996_S6_strategy2.npz,3860–8073,BLUE,BLUE,TP
continuous_0996_S6_strategy2.npz,6300–9433,—,MEAT,FP
continuous_0996_S6_strategy2.npz,8073–12319,MEAT,—,FN
continuous_0996_S6_strategy2.npz,12319–16565,JUNE,JUNE,TP
continuous_0996_S6_strategy2.npz,16565–21151,SEVEN,SEVEN,TP
continuous_0996_S6_strategy2.npz,21151–25701,DON'T UNDERSTAND,DON’T UNDERSTAND,TP
continuous_0997_S6_strategy2.npz,0–4246,UNCLE,UNCLE,TP
continuous_0997_S6_strategy2.npz,3100–6233,—,NO,FP
continuous_0997_S6_strategy2.npz,4246–8492,YESTERDAY,YESTERDAY,TP
continuous_0997_S6_strategy2.npz,8492–12738,RED,—,FN
continuous_0997_S6_strategy2.npz,12466–15600,—,RED,FP
continuous_0997_S6_strategy2.npz,12738–16984,DEAF BLIND,DEAF BLIND,TP
continuous_0997_S6_strategy2.npz,16984–21783,HELLO,HELLO,TP
continuous_0998_S6_strategy2.npz,0–4622,FIVE,FIVE,TP
continuous_0998_S6_strategy2.npz,4622–8868,WEDNESDAY,WEDNESDAY,TP
continuous_0998_S6_strategy2.npz,8868–13114,WOMAN,—,FN
continuous_0998_S6_strategy2.npz,9166–12200,—,NO,FP
continuous_0998_S6_strategy2.npz,12200–15266,—,WOMAN,FP
continuous_0998_S6_strategy2.npz,13114–17360,NO SUGAR,NO SUGAR,TP
continuous_0998_S6_strategy2.npz,17360–21606,BROWN,BROWN,TP
continuous_0999_S6_strategy2.npz,0–4246,MILK,MILK,TP
continuous_0999_S6_strategy2.npz,2733–5466,—,HELLO,FP
continuous_0999_S6_strategy2.npz,4246–8878,HELLO,—,FN
continuous_0999_S6_strategy2.npz,5466–8200,—,COUSIN,FP
continuous_0999_S6_strategy2.npz,8878–13428,TWO,TWO,TP
continuous_0999_S6_strategy2.npz,13428–17674,SON,SON,TP
continuous_0999_S6_strategy2.npz,16433–19166,—,DAUGHTER,FP
continuous_0999_S6_strategy2.npz,17674–21937,WOMAN,WOMAN,TP
continuous_0999_S6_strategy2.npz,21937–26183,OCTOBER,OCTOBER,TP
continuous_0999_S6_strategy2.npz,26183–30662,DON'T UNDERSTAND,DON’T UNDERSTAND,TP
continuous_1000_S6_strategy2.npz,0–4246,GIRL,GIRL,TP
continuous_1000_S6_strategy2.npz,4246–8868,UNDERSTAND,UNDERSTAND,TP
continuous_1000_S6_strategy2.npz,8868–13767,HOW ARE YOU,HOW ARE YOU,TP
continuous_1000_S6_strategy2.npz,13767–18013,CHICKEN,—,FN
continuous_1000_S6_strategy2.npz,15333–17900,—,PARENTS,FP
continuous_1000_S6_strategy2.npz,17900–20466,—,CHICKEN,FP
continuous_1000_S6_strategy2.npz,18013–22742,TWO,—,FN
continuous_1000_S6_strategy2.npz,20466–23000,—,PARENTS,FP
continuous_1000_S6_strategy2.npz,22742–26988,DECEMBER,DECEMBER,TP
continuous_1000_S6_strategy2.npz,23000–25566,—,TWO,FP
continuous_1000_S6_strategy2.npz,26988–31200,TEA,TEA,TP
continuous_1001_S6_strategy2.npz,0–4246,JULY,JULY,TP
continuous_1001_S6_strategy2.npz,2233–4500,—,MAY,FP
continuous_1001_S6_strategy2.npz,4246–8492,WINE,WINE,TP
continuous_1001_S6_strategy2.npz,4500–6766,—,RED,FP
continuous_1001_S6_strategy2.npz,8492–12705,GRAY,GRAY,TP
continuous_1001_S6_strategy2.npz,12705–17184,KNOW,KNOW,TP
continuous_1001_S6_strategy2.npz,13566–15833,—,COUSIN,FP
continuous_1001_S6_strategy2.npz,17184–21430,SUNDAY,SUNDAY,TP
continuous_1001_S6_strategy2.npz,18100–20366,—,DON’T KNOW,FP
continuous_1001_S6_strategy2.npz,21430–25530,IM FINE,IM FINE,TP
continuous_1001_S6_strategy2.npz,25530–29629,RICE,RICE,TP
continuous_1002_S6_strategy2.npz,0–4246,PINK,PINK,TP
continuous_1002_S6_strategy2.npz,3033–6100,—,MOTHER,FP
continuous_1002_S6_strategy2.npz,4246–8832,TEN,TEN,TP
continuous_1002_S6_strategy2.npz,8832–13078,AUNTIE,AUNTIE,TP
continuous_1002_S6_strategy2.npz,13078–17443,IM FINE,IM FINE,TP
continuous_1002_S6_strategy2.npz,17443–21922,KNOW,KNOW,TP
continuous_1003_S6_strategy2.npz,0–4246,GRANDFATHER,GRANDFATHER,TP
continuous_1003_S6_strategy2.npz,2000–6033,—,FATHER,FP
continuous_1003_S6_strategy2.npz,4246–8509,FRIDAY,FRIDAY,TP
continuous_1003_S6_strategy2.npz,8033–10066,—,FEBRUARY,FP
continuous_1003_S6_strategy2.npz,8509–12880,WRONG,WRONG,TP
continuous_1003_S6_strategy2.npz,12066–14100,—,HOT,FP
continuous_1003_S6_strategy2.npz,12880–17538,NINE,NINE,TP
continuous_1003_S6_strategy2.npz,16100–18133,—,EIGHT,FP
continuous_1003_S6_strategy2.npz,17538–22702,NICE TO MEET YOU,NICE TO MEET YOU,TP
continuous_1003_S6_strategy2.npz,18133–20133,—,MEAT,FP
continuous_1004_S6_strategy2.npz,0–4133,THANK YOU,THANK YOU,TP
continuous_1004_S6_strategy2.npz,3166–6366,—,TODAY,FP
continuous_1004_S6_strategy2.npz,4133–8412,OCTOBER,OCTOBER,TP
continuous_1004_S6_strategy2.npz,8412–12658,WOMAN,WOMAN,TP
continuous_1004_S6_strategy2.npz,12658–16904,VIOLET,VIOLET,TP
continuous_1004_S6_strategy2.npz,16904–21418,WRONG,WRONG,TP
continuous_1004_S6_strategy2.npz,19100–22266,—,YESTERDAY,FP
continuous_1004_S6_strategy2.npz,21418–25664,MONDAY,MONDAY,TP
continuous_1005_S6_strategy2.npz,0–4479,YES,YES,TP
continuous_1005_S6_strategy2.npz,4479–8725,AUNTIE,AUNTIE,TP
continuous_1005_S6_strategy2.npz,8725–12971,HOT,HOT,TP
continuous_1005_S6_strategy2.npz,12971–17201,DEAF,DEAF,TP
continuous_1005_S6_strategy2.npz,17201–21447,THURSDAY,THURSDAY,TP
continuous_1006_S6_strategy2.npz,0–4246,APRIL,APRIL,TP
continuous_1006_S6_strategy2.npz,2966–5933,—,DECEMBER,FP
continuous_1006_S6_strategy2.npz,4246–8492,GRAY,GRAY,TP
continuous_1006_S6_strategy2.npz,8492–12738,SATURDAY,SATURDAY,TP
continuous_1006_S6_strategy2.npz,12738–17217,SEVEN,SEVEN,TP
continuous_1006_S6_strategy2.npz,17217–21463,MARRIED,MARRIED,TP
continuous_1006_S6_strategy2.npz,20800–23766,—,TEN,FP
continuous_1006_S6_strategy2.npz,21463–25728,GOOD AFTERNOON,GOOD AFTERNOON,TP
continuous_1006_S6_strategy2.npz,25728–29927,BEER,BEER,TP
continuous_1007_S6_strategy2.npz,0–4550,FOUR,FOUR,TP
continuous_1007_S6_strategy2.npz,2100–4233,—,DON’T KNOW,FP
continuous_1007_S6_strategy2.npz,4550–8796,FATHER,FATHER,TP
continuous_1007_S6_strategy2.npz,6333–8466,—,PARENTS,FP
continuous_1007_S6_strategy2.npz,8796–13239,WRONG,WRONG,TP
continuous_1007_S6_strategy2.npz,12700–14833,—,VIOLET,FP
continuous_1007_S6_strategy2.npz,13239–17518,VIOLET,—,FN
continuous_1007_S6_strategy2.npz,14833–16966,—,HARD OF HEARING,FP
continuous_1007_S6_strategy2.npz,16966–19066,—,GOOD EVENING,FP
continuous_1007_S6_strategy2.npz,17518–21684,GOOD EVENING,—,FN
continuous_1007_S6_strategy2.npz,19066–21200,—,NICE TO MEET YOU,FP
continuous_1007_S6_strategy2.npz,21684–25930,MEAT,MEAT,TP
continuous_1007_S6_strategy2.npz,23333–25433,—,JANUARY,FP
continuous_1007_S6_strategy2.npz,25433–27566,—,SEPTEMBER,FP
continuous_1007_S6_strategy2.npz,25930–30176,SEPTEMBER,—,FN
continuous_1007_S6_strategy2.npz,27566–29700,—,AUGUST,FP
continuous_1008_S6_strategy2.npz,0–4479,DON'T UNDERSTAND,DON’T UNDERSTAND,TP
continuous_1008_S6_strategy2.npz,4479–8725,FATHER,FATHER,TP
continuous_1008_S6_strategy2.npz,6066–9100,—,PARENTS,FP
continuous_1008_S6_strategy2.npz,8725–13204,TEN,TEN,TP
continuous_1008_S6_strategy2.npz,13204–17450,BREAD,BREAD,TP
continuous_1008_S6_strategy2.npz,15200–18233,—,FOUR,FP
continuous_1008_S6_strategy2.npz,17450–21696,MARRIED,MARRIED,TP
continuous_1008_S6_strategy2.npz,21696–26127,AUGUST,AUGUST,TP
continuous_1008_S6_strategy2.npz,26127–30925,NICE TO MEET YOU,NICE TO MEET YOU,TP
continuous_1009_S6_strategy2.npz,0–4199,BLACK,BLACK,TP
continuous_1009_S6_strategy2.npz,2466–4933,—,WRONG,FP
continuous_1009_S6_strategy2.npz,4199–8445,SPAGHETTI,SPAGHETTI,TP
continuous_1009_S6_strategy2.npz,7433–9900,—,SUNDAY,FP
continuous_1009_S6_strategy2.npz,8445–12674,SUNDAY,—,FN
continuous_1009_S6_strategy2.npz,9900–12366,—,SLOW,FP
continuous_1009_S6_strategy2.npz,12366–14866,—,DEAF,FP
continuous_1009_S6_strategy2.npz,12674–16973,SLOW,—,FN
continuous_1009_S6_strategy2.npz,14866–17333,—,DEAF BLIND,FP
continuous_1009_S6_strategy2.npz,16973–21219,DEAF BLIND,—,FN
continuous_1009_S6_strategy2.npz,17333–19800,—,BLIND,FP
continuous_1009_S6_strategy2.npz,19800–22300,—,SEE YOU TOMORROW,FP
continuous_1009_S6_strategy2.npz,21219–25984,SEE YOU TOMORROW,—,FN
continuous_1009_S6_strategy2.npz,22300–24766,—,TOMORROW,FP
continuous_1009_S6_strategy2.npz,24766–27233,—,GOOD AFTERNOON,FP
continuous_1009_S6_strategy2.npz,25984–30534,SEVEN,SEVEN,TP
continuous_1010_S6_strategy2.npz,0–4166,MILK,MILK,TP
continuous_1010_S6_strategy2.npz,4166–8609,WRONG,—,FN
continuous_1010_S6_strategy2.npz,6333–9500,—,WRONG,FP
continuous_1010_S6_strategy2.npz,8609–12855,COUSIN,COUSIN,TP
continuous_1010_S6_strategy2.npz,12855–16887,WHITE,WHITE,TP
continuous_1010_S6_strategy2.npz,16887–21346,YOURE WELCOME,YOURE WELCOME,TP
continuous_1010_S6_strategy2.npz,21346–25592,JUNE,JUNE,TP
continuous_1011_S6_strategy2.npz,0–4729,KNOW,KNOW,TP
continuous_1011_S6_strategy2.npz,4729–9136,NINE,NINE,TP
continuous_1011_S6_strategy2.npz,9136–13401,THANK YOU,THANK YOU,TP
continuous_1011_S6_strategy2.npz,13401–17647,TUESDAY,TUESDAY,TP
continuous_1011_S6_strategy2.npz,17647–21860,DARK,DARK,TP
continuous_1011_S6_strategy2.npz,21860–26106,MARRIED,MARRIED,TP
continuous_1012_S6_strategy2.npz,0–4232,GOOD EVENING,GOOD EVENING,TP
continuous_1012_S6_strategy2.npz,4232–8495,AUGUST,AUGUST,TP
continuous_1012_S6_strategy2.npz,8000–10666,—,SEPTEMBER,FP
continuous_1012_S6_strategy2.npz,8495–12774,TOMORROW,—,FN
continuous_1012_S6_strategy2.npz,10666–13333,—,TOMORROW,FP
continuous_1012_S6_strategy2.npz,12774–17360,THREE,THREE,TP
continuous_1012_S6_strategy2.npz,17360–21606,WHITE,WHITE,TP
continuous_1013_S6_strategy2.npz,0–4132,GRANDMOTHER,GRANDMOTHER,TP
continuous_1013_S6_strategy2.npz,4132–8227,TOMORROW,TOMORROW,TP
continuous_1013_S6_strategy2.npz,6266–9400,—,THREE,FP
continuous_1013_S6_strategy2.npz,8227–12670,THREE,—,FN
continuous_1013_S6_strategy2.npz,12670–16869,GOOD EVENING,GOOD EVENING,TP
continuous_1013_S6_strategy2.npz,15700–18833,—,PINK,FP
continuous_1013_S6_strategy2.npz,16869–21115,PINK,—,FN
continuous_1013_S6_strategy2.npz,18833–21966,—,SPAGHETTI,FP
continuous_1013_S6_strategy2.npz,21115–25361,CRAB,CRAB,TP
continuous_1014_S6_strategy2.npz,0–4586,FAST,FAST,TP
continuous_1014_S6_strategy2.npz,4586–8832,BLACK,BLACK,TP
continuous_1014_S6_strategy2.npz,8832–13563,NICE TO MEET YOU,NICE TO MEET YOU,TP
continuous_1014_S6_strategy2.npz,13563–17809,MARCH,MARCH,TP
continuous_1014_S6_strategy2.npz,17809–22055,COLD,COLD,TP
continuous_1014_S6_strategy2.npz,22055–26254,FIVE,FIVE,TP
continuous_1015_S6_strategy2.npz,0–4246,BREAD,BREAD,TP
continuous_1015_S6_strategy2.npz,2700–5400,—,SPAGHETTI,FP
continuous_1015_S6_strategy2.npz,4246–8492,SATURDAY,SATURDAY,TP
continuous_1015_S6_strategy2.npz,8492–12771,PARENTS,PARENTS,TP
continuous_1015_S6_strategy2.npz,12771–17357,FAST,FAST,TP
continuous_1015_S6_strategy2.npz,13500–16233,—,MOTHER,FP
continuous_1015_S6_strategy2.npz,17357–21570,WOMAN,WOMAN,TP
continuous_1015_S6_strategy2.npz,21570–26264,SIX,SIX,TP
continuous_1015_S6_strategy2.npz,26264–30264,COLD,COLD,TP
continuous_1016_S6_strategy2.npz,0–4213,NO SUGAR,NO SUGAR,TP
continuous_1016_S6_strategy2.npz,4213–8459,TODAY,TODAY,TP
continuous_1016_S6_strategy2.npz,8459–12705,MARCH,MARCH,TP
continuous_1016_S6_strategy2.npz,12705–16951,YELLOW,YELLOW,TP
continuous_1016_S6_strategy2.npz,16000–19200,—,GREEN,FP
continuous_1016_S6_strategy2.npz,16951–21573,DON'T UNDERSTAND,DON’T UNDERSTAND,TP
continuous_1016_S6_strategy2.npz,21573–25819,COUSIN,COUSIN,TP
continuous_1017_S6_strategy2.npz,0–4246,CHICKEN,CHICKEN,TP
continuous_1017_S6_strategy2.npz,2966–5966,—,ORANGE,FP
continuous_1017_S6_strategy2.npz,4246–8459,WINE,WINE,TP
continuous_1017_S6_strategy2.npz,8459–12705,WHITE,WHITE,TP
continuous_1017_S6_strategy2.npz,12705–16767,YESTERDAY,YESTERDAY,TP
continuous_1017_S6_strategy2.npz,16767–20832,AUNTIE,AUNTIE,TP
continuous_1018_S6_strategy2.npz,0–4246,FRIDAY,FRIDAY,TP
continuous_1018_S6_strategy2.npz,4246–8411,RICE,RICE,TP
continuous_1018_S6_strategy2.npz,6300–9466,—,GRAY,FP
continuous_1018_S6_strategy2.npz,8411–12624,GRAY,—,FN
continuous_1018_S6_strategy2.npz,9466–12633,—,JUICE,FP
continuous_1018_S6_strategy2.npz,12624–16789,JUICE,—,FN
continuous_1018_S6_strategy2.npz,12633–15800,—,MEAT,FP
continuous_1018_S6_strategy2.npz,16789–21035,MARRIED,MARRIED,TP
continuous_1018_S6_strategy2.npz,21035–25234,GOOD MORNING,GOOD MORNING,TP
continuous_1019_S6_strategy2.npz,0–4550,DON'T UNDERSTAND,DON’T UNDERSTAND,TP
continuous_1019_S6_strategy2.npz,4550–9082,CHICKEN,CHICKEN,TP
continuous_1019_S6_strategy2.npz,9082–13361,HOT,HOT,TP
continuous_1019_S6_strategy2.npz,13361–17640,COUSIN,COUSIN,TP
continuous_1019_S6_strategy2.npz,17640–21668,THURSDAY,THURSDAY,TP
continuous_1020_S6_strategy2.npz,0–5164,NICE TO MEET YOU,NICE TO MEET YOU,TP
continuous_1020_S6_strategy2.npz,2466–4933,—,HOW ARE YOU,FP
continuous_1020_S6_strategy2.npz,5164–9410,WHITE,WHITE,TP
continuous_1020_S6_strategy2.npz,7400–9866,—,DEAF,FP
continuous_1020_S6_strategy2.npz,9410–13623,TOMORROW,TOMORROW,TP
continuous_1020_S6_strategy2.npz,12333–14800,—,TEN,FP
continuous_1020_S6_strategy2.npz,13623–17869,BOY,BOY,TP
continuous_1020_S6_strategy2.npz,14800–17266,—,MAN,FP
continuous_1020_S6_strategy2.npz,17869–22115,SUGAR,SUGAR,TP
continuous_1021_S6_strategy2.npz,0–4246,PARENTS,PARENTS,TP
continuous_1021_S6_strategy2.npz,2300–4600,—,MOTHER,FP
continuous_1021_S6_strategy2.npz,4246–8311,TWO,TWO,TP
continuous_1021_S6_strategy2.npz,6900–9233,—,TODAY,FP
continuous_1021_S6_strategy2.npz,8311–12557,TODAY,—,FN
continuous_1021_S6_strategy2.npz,9233–11533,—,GOOD MORNING,FP
continuous_1021_S6_strategy2.npz,11533–13833,—,SLOW,FP
continuous_1021_S6_strategy2.npz,12557–17107,SLOW,—,FN
continuous_1021_S6_strategy2.npz,13833–16133,—,JULY,FP
continuous_1021_S6_strategy2.npz,17107–21353,SUGAR,SUGAR,TP
continuous_1021_S6_strategy2.npz,18466–20766,—,RED,FP
continuous_1021_S6_strategy2.npz,20766–23066,—,FOUR,FP
continuous_1021_S6_strategy2.npz,21353–25599,MARRIED,MARRIED,TP
continuous_1022_S6_strategy2.npz,0–4279,DECEMBER,DECEMBER,TP
continuous_1022_S6_strategy2.npz,2966–5966,—,MAY,FP
continuous_1022_S6_strategy2.npz,4279–8492,GRANDMOTHER,GRANDMOTHER,TP
continuous_1022_S6_strategy2.npz,8492–12738,SATURDAY,SATURDAY,TP
continuous_1022_S6_strategy2.npz,12738–16937,EIGHT,EIGHT,TP
continuous_1022_S6_strategy2.npz,16937–21170,YES,YES,TP
continuous_1022_S6_strategy2.npz,21170–25449,HOT,HOT,TP
continuous_1022_S6_strategy2.npz,23866–26833,—,DEAF BLIND,FP
continuous_1022_S6_strategy2.npz,25449–29748,MEAT,MEAT,TP
continuous_1023_S6_strategy2.npz,0–4246,WHITE,WHITE,TP
continuous_1023_S6_strategy2.npz,4246–8492,OCTOBER,OCTOBER,TP
continuous_1023_S6_strategy2.npz,8492–12738,HOT,HOT,TP
continuous_1023_S6_strategy2.npz,10000–13333,—,COUSIN,FP
continuous_1023_S6_strategy2.npz,12738–16984,COUSIN,—,FN
continuous_1023_S6_strategy2.npz,13333–16700,—,UNDERSTAND,FP
continuous_1023_S6_strategy2.npz,16700–20033,—,TEN,FP
continuous_1023_S6_strategy2.npz,16984–21713,UNDERSTAND,—,FN
continuous_1023_S6_strategy2.npz,21713–26012,GOOD AFTERNOON,GOOD AFTERNOON,TP
continuous_1023_S6_strategy2.npz,26012–30258,BLIND,BLIND,TP
continuous_1024_S6_strategy2.npz,0–4246,EGG,EGG,TP
continuous_1024_S6_strategy2.npz,4246–8492,JANUARY,JANUARY,TP
continuous_1024_S6_strategy2.npz,7066–10600,—,THANK YOU,FP
continuous_1024_S6_strategy2.npz,8492–12658,THANK YOU,—,FN
continuous_1024_S6_strategy2.npz,10600–14133,—,BEER,FP
continuous_1024_S6_strategy2.npz,12658–16904,BEER,—,FN
continuous_1024_S6_strategy2.npz,14133–17666,—,AUNTIE,FP
continuous_1024_S6_strategy2.npz,16904–21149,YELLOW,YELLOW,TP
continuous_1025_S6_strategy2.npz,0–4279,THURSDAY,THURSDAY,TP
continuous_1025_S6_strategy2.npz,4279–8525,PINK,PINK,TP
continuous_1025_S6_strategy2.npz,8525–12657,LONGANISA,LONGANISA,TP
continuous_1025_S6_strategy2.npz,12657–16752,MAY,MAY,TP
continuous_1025_S6_strategy2.npz,15766–18400,—,DEAF BLIND,FP
continuous_1025_S6_strategy2.npz,16752–20965,DEAF,DEAF,TP
continuous_1026_S6_strategy2.npz,0–4132,GOOD MORNING,GOOD MORNING,TP
continuous_1026_S6_strategy2.npz,2666–5366,—,SHRIMP,FP
continuous_1026_S6_strategy2.npz,4132–8378,SHRIMP,—,FN
continuous_1026_S6_strategy2.npz,5366–8033,—,BOY,FP
continuous_1026_S6_strategy2.npz,8033–10733,—,SIX,FP
continuous_1026_S6_strategy2.npz,8378–12591,BOY,—,FN
continuous_1026_S6_strategy2.npz,10733–13400,—,THREE,FP
continuous_1026_S6_strategy2.npz,12591–16457,THREE,—,FN
continuous_1026_S6_strategy2.npz,13400–16100,—,LIGHT,FP
continuous_1026_S6_strategy2.npz,16457–20703,SUNDAY,SUNDAY,TP
continuous_1026_S6_strategy2.npz,20703–25504,DON'T KNOW,DON’T KNOW,TP
continuous_1026_S6_strategy2.npz,25504–29750,GRANDMOTHER,GRANDMOTHER,TP
continuous_1027_S6_strategy2.npz,0–4213,UNCLE,UNCLE,TP
continuous_1027_S6_strategy2.npz,2766–5533,—,WINE,FP
continuous_1027_S6_strategy2.npz,4213–8458,RED,RED,TP
continuous_1027_S6_strategy2.npz,8458–12972,UNDERSTAND,UNDERSTAND,TP
continuous_1027_S6_strategy2.npz,12972–17251,TOMORROW,TOMORROW,TP
continuous_1027_S6_strategy2.npz,17251–21212,DEAF,DEAF,TP
continuous_1027_S6_strategy2.npz,19366–22133,—,MONDAY,FP
continuous_1027_S6_strategy2.npz,21212–25404,FOUR,FOUR,TP
continuous_1028_S6_strategy2.npz,0–4099,LIGHT,LIGHT,TP
continuous_1028_S6_strategy2.npz,4099–8798,HOW ARE YOU,HOW ARE YOU,TP
continuous_1028_S6_strategy2.npz,5166–7766,—,ONE,FP
continuous_1028_S6_strategy2.npz,8798–13044,BREAD,BREAD,TP
continuous_1028_S6_strategy2.npz,13044–17290,FRIDAY,FRIDAY,TP
continuous_1028_S6_strategy2.npz,17290–21912,TEN,TEN,TP
continuous_1028_S6_strategy2.npz,21912–26158,SEPTEMBER,SEPTEMBER,TP
continuous_1029_S6_strategy2.npz,0–4028,AUGUST,AUGUST,TP
continuous_1029_S6_strategy2.npz,2566–5166,—,DECEMBER,FP
continuous_1029_S6_strategy2.npz,4028–7994,SIX,SIX,TP
continuous_1029_S6_strategy2.npz,7766–10366,—,DARK,FP
continuous_1029_S6_strategy2.npz,7994–12207,HOT,HOT,TP
continuous_1029_S6_strategy2.npz,12207–16420,FATHER,FATHER,TP
continuous_1029_S6_strategy2.npz,16420–20666,ORANGE,ORANGE,TP
continuous_1030_S6_strategy2.npz,0–4246,MEAT,MEAT,TP
continuous_1030_S6_strategy2.npz,2133–4266,—,NICE TO MEET YOU,FP
continuous_1030_S6_strategy2.npz,4246–8525,YESTERDAY,YESTERDAY,TP
continuous_1030_S6_strategy2.npz,8525–12771,BROWN,BROWN,TP
continuous_1030_S6_strategy2.npz,12771–16984,COUSIN,COUSIN,TP
continuous_1030_S6_strategy2.npz,14966–17100,—,TEN,FP
continuous_1030_S6_strategy2.npz,16984–21316,GOOD AFTERNOON,GOOD AFTERNOON,TP
continuous_1030_S6_strategy2.npz,21316–25562,JUICE,JUICE,TP
continuous_1030_S6_strategy2.npz,21366–23500,—,SON,FP
continuous_1030_S6_strategy2.npz,25562–29808,JULY,JULY,TP
continuous_1030_S6_strategy2.npz,25633–27766,—,NICE TO MEET YOU,FP
continuous_1031_S6_strategy2.npz,0–4622,SIX,SIX,TP
continuous_1031_S6_strategy2.npz,2866–5766,—,TEN,FP
continuous_1031_S6_strategy2.npz,4622–9387,GOOD AFTERNOON,GOOD AFTERNOON,TP
continuous_1031_S6_strategy2.npz,8666–11533,—,HELLO,FP
continuous_1031_S6_strategy2.npz,9387–13666,CHICKEN,CHICKEN,TP
continuous_1031_S6_strategy2.npz,13666–17912,TODAY,TODAY,TP
continuous_1031_S6_strategy2.npz,17912–22158,MARRIED,MARRIED,TP
continuous_1031_S6_strategy2.npz,20200–23100,—,OCTOBER,FP
continuous_1031_S6_strategy2.npz,22158–26220,MAY,MAY,TP
continuous_1032_S6_strategy2.npz,0–4299,GOOD AFTERNOON,GOOD AFTERNOON,TP
continuous_1032_S6_strategy2.npz,4299–8545,HARD OF HEARING,—,FN
continuous_1032_S6_strategy2.npz,6100–9133,—,HARD OF HEARING,FP
continuous_1032_S6_strategy2.npz,8545–12758,BLUE,BLUE,TP
continuous_1032_S6_strategy2.npz,9133–12200,—,COUSIN,FP
continuous_1032_S6_strategy2.npz,12758–17004,TEA,TEA,TP
continuous_1032_S6_strategy2.npz,17004–21283,DAUGHTER,DAUGHTER,TP
continuous_1033_S6_strategy2.npz,0–4265,GOOD EVENING,GOOD EVENING,TP
continuous_1033_S6_strategy2.npz,2700–5400,—,GIRL,FP
continuous_1033_S6_strategy2.npz,4265–8511,RICE,RICE,TP
continuous_1033_S6_strategy2.npz,8511–12677,CORRECT,CORRECT,TP
continuous_1033_S6_strategy2.npz,10800–13500,—,COFFEE,FP
continuous_1033_S6_strategy2.npz,12677–16922,HOT,HOT,TP
continuous_1033_S6_strategy2.npz,16922–21401,SIX,SIX,TP
continuous_1033_S6_strategy2.npz,21401–25647,COUSIN,COUSIN,TP
continuous_1033_S6_strategy2.npz,25647–29893,WHITE,WHITE,TP
continuous_1034_S6_strategy2.npz,0–4246,GREEN,GREEN,TP
continuous_1034_S6_strategy2.npz,4246–8245,DON'T UNDERSTAND,DON’T UNDERSTAND,TP
continuous_1034_S6_strategy2.npz,8245–12524,HARD OF HEARING,HARD OF HEARING,TP
continuous_1034_S6_strategy2.npz,12524–16737,WEDNESDAY,WEDNESDAY,TP
continuous_1034_S6_strategy2.npz,14733–17700,—,UNCLE,FP
continuous_1034_S6_strategy2.npz,16737–21016,UNCLE,—,FN
continuous_1034_S6_strategy2.npz,17700–20633,—,WINE,FP
continuous_1034_S6_strategy2.npz,21016–25116,HOW ARE YOU,HOW ARE YOU,TP
continuous_1034_S6_strategy2.npz,25116–29395,MARCH,MARCH,TP
continuous_1035_S6_strategy2.npz,0–4299,FIVE,FIVE,TP
continuous_1035_S6_strategy2.npz,2633–5266,—,BOY,FP
continuous_1035_S6_strategy2.npz,4299–8578,SON,SON,TP
continuous_1035_S6_strategy2.npz,7900–10533,—,DAUGHTER,FP
continuous_1035_S6_strategy2.npz,8578–12824,VIOLET,VIOLET,TP
continuous_1035_S6_strategy2.npz,12824–17070,MAN,MAN,TP
continuous_1035_S6_strategy2.npz,17070–21300,THURSDAY,THURSDAY,TP
continuous_1036_S6_strategy2.npz,0–4246,HARD OF HEARING,HARD OF HEARING,TP
continuous_1036_S6_strategy2.npz,4246–8442,FEBRUARY,FEBRUARY,TP
continuous_1036_S6_strategy2.npz,8442–12374,YELLOW,YELLOW,TP
continuous_1036_S6_strategy2.npz,12374–16653,WEDNESDAY,WEDNESDAY,TP
continuous_1036_S6_strategy2.npz,16653–20866,SON,SON,TP
continuous_1036_S6_strategy2.npz,20866–25416,SLOW,SLOW,TP
continuous_1037_S6_strategy2.npz,0–4200,HOW ARE YOU,HOW ARE YOU,TP
continuous_1037_S6_strategy2.npz,2433–4900,—,BREAD,FP
continuous_1037_S6_strategy2.npz,4200–8413,LIGHT,LIGHT,TP
continuous_1037_S6_strategy2.npz,7366–9800,—,OCTOBER,FP
continuous_1037_S6_strategy2.npz,8413–12626,OCTOBER,—,FN
continuous_1037_S6_strategy2.npz,9800–12266,—,BLACK,FP
continuous_1037_S6_strategy2.npz,12626–16658,DON'T UNDERSTAND,DON’T UNDERSTAND,TP
continuous_1037_S6_strategy2.npz,16658–20904,BEER,BEER,TP
continuous_1037_S6_strategy2.npz,20904–25150,MAN,MAN,TP
continuous_1037_S6_strategy2.npz,25150–29664,SIX,SIX,TP
continuous_1038_S6_strategy2.npz,0–4246,COFFEE,COFFEE,TP
continuous_1038_S6_strategy2.npz,2933–5900,—,HOT,FP
continuous_1038_S6_strategy2.npz,4246–8492,WEELCHAIR PERSON,WEELCHAIR PERSON,TP
continuous_1038_S6_strategy2.npz,8492–12771,EGG,EGG,TP
continuous_1038_S6_strategy2.npz,12771–17017,GRAY,GRAY,TP
continuous_1038_S6_strategy2.npz,17017–20978,TODAY,TODAY,TP
continuous_1038_S6_strategy2.npz,20978–25241,MAY,MAY,TP
continuous_1038_S6_strategy2.npz,23700–26666,—,JULY,FP
continuous_1038_S6_strategy2.npz,25241–29827,SLOW,SLOW,TP
continuous_1039_S6_strategy2.npz,0–4514,UNDERSTAND,UNDERSTAND,TP
continuous_1039_S6_strategy2.npz,4514–8760,RICE,RICE,TP
continuous_1039_S6_strategy2.npz,8760–12989,MONDAY,MONDAY,TP
continuous_1039_S6_strategy2.npz,11266–14100,—,GREEN,FP
continuous_1039_S6_strategy2.npz,12989–17235,GREEN,—,FN
continuous_1039_S6_strategy2.npz,14100–16933,—,GOOD MORNING,FP
continuous_1039_S6_strategy2.npz,17235–21367,TWO,TWO,TP
continuous_1039_S6_strategy2.npz,21367–25613,MARRIED,MARRIED,TP
continuous_1040_S6_strategy2.npz,0–4213,FEBRUARY,FEBRUARY,TP
continuous_1040_S6_strategy2.npz,4213–8656,TEN,TEN,TP
continuous_1040_S6_strategy2.npz,8656–12856,DON'T KNOW,DON’T KNOW,TP
continuous_1040_S6_strategy2.npz,12856–17102,SON,SON,TP
continuous_1040_S6_strategy2.npz,17102–21348,FISH,FISH,TP
continuous_1040_S6_strategy2.npz,19800–23100,—,HARD OF HEARING,FP
continuous_1040_S6_strategy2.npz,21348–25681,GOOD MORNING,GOOD MORNING,TP
continuous_1040_S6_strategy2.npz,25681–29927,MILK,MILK,TP
continuous_1041_S6_strategy2.npz,0–4246,PARENTS,PARENTS,TP
continuous_1041_S6_strategy2.npz,2466–4966,—,MOTHER,FP
continuous_1041_S6_strategy2.npz,4246–8459,SEPTEMBER,SEPTEMBER,TP
continuous_1041_S6_strategy2.npz,7433–9933,—,TEN,FP
continuous_1041_S6_strategy2.npz,8459–12691,GOOD EVENING,GOOD EVENING,TP
continuous_1041_S6_strategy2.npz,12691–16937,TEA,TEA,TP
continuous_1041_S6_strategy2.npz,16937–21183,SUNDAY,SUNDAY,TP
continuous_1041_S6_strategy2.npz,21183–25429,FISH,FISH,TP
continuous_1041_S6_strategy2.npz,25429–29675,PINK,PINK,TP
continuous_1042_S6_strategy2.npz,0–4479,FAST,FAST,TP
continuous_1042_S6_strategy2.npz,4479–8692,TODAY,TODAY,TP
continuous_1042_S6_strategy2.npz,8692–12938,MARRIED,MARRIED,TP
continuous_1042_S6_strategy2.npz,10933–14566,—,GRANDFATHER,FP
continuous_1042_S6_strategy2.npz,12938–17217,GRANDFATHER,—,FN
continuous_1042_S6_strategy2.npz,14566–18233,—,GOOD AFTERNOON,FP
continuous_1042_S6_strategy2.npz,17217–21483,GOOD AFTERNOON,—,FN
continuous_1042_S6_strategy2.npz,18233–21866,—,FATHER,FP
continuous_1042_S6_strategy2.npz,21483–25729,DECEMBER,DECEMBER,TP
continuous_1043_S6_strategy2.npz,0–4213,WINE,WINE,TP
continuous_1043_S6_strategy2.npz,4213–8835,FAST,FAST,TP
continuous_1043_S6_strategy2.npz,8835–13167,IM FINE,IM FINE,TP
continuous_1043_S6_strategy2.npz,13167–17380,YELLOW,YELLOW,TP
continuous_1043_S6_strategy2.npz,17380–21894,TEN,TEN,TP
continuous_1044_S6_strategy2.npz,0–4246,TODAY,TODAY,TP
continuous_1044_S6_strategy2.npz,4246–8525,CHICKEN,—,FN
continuous_1044_S6_strategy2.npz,7133–10700,—,CHICKEN,FP
continuous_1044_S6_strategy2.npz,8525–12932,YES,YES,TP
continuous_1044_S6_strategy2.npz,12932–17398,GOOD EVENING,GOOD EVENING,TP
continuous_1044_S6_strategy2.npz,17398–21644,APRIL,APRIL,TP
continuous_1045_S6_strategy2.npz,0–4065,COUSIN,COUSIN,TP
continuous_1045_S6_strategy2.npz,2133–4300,—,HELLO,FP
continuous_1045_S6_strategy2.npz,4065–8278,GREEN,GREEN,TP
continuous_1045_S6_strategy2.npz,8278–12524,MARCH,MARCH,TP
continuous_1045_S6_strategy2.npz,10733–15033,—,MAY,FP
continuous_1045_S6_strategy2.npz,12524–17576,SEE YOU TOMORROW,SEE YOU TOMORROW,TP
continuous_1045_S6_strategy2.npz,17576–21822,WOMAN,WOMAN,TP
continuous_1045_S6_strategy2.npz,21822–26035,FRIDAY,FRIDAY,TP
continuous_1046_S6_strategy2.npz,0–4229,WOMAN,WOMAN,TP
continuous_1046_S6_strategy2.npz,4229–8461,AUNTIE,AUNTIE,TP
continuous_1046_S6_strategy2.npz,7400–11133,—,PINK,FP
continuous_1046_S6_strategy2.npz,8461–12707,BLACK,BLACK,TP
continuous_1046_S6_strategy2.npz,12707–17106,IM FINE,IM FINE,TP
continuous_1046_S6_strategy2.npz,17106–21352,OCTOBER,OCTOBER,TP
continuous_1046_S6_strategy2.npz,21352–25598,JUICE,JUICE,TP
continuous_1046_S6_strategy2.npz,25598–29631,YES,YES,TP
continuous_1047_S6_strategy2.npz,0–4213,MOTHER,MOTHER,TP
continuous_1047_S6_strategy2.npz,4213–8459,CRAB,CRAB,TP
continuous_1047_S6_strategy2.npz,8459–13045,NINE,NINE,TP
continuous_1047_S6_strategy2.npz,13045–17291,BEER,BEER,TP
continuous_1047_S6_strategy2.npz,17291–21841,YES,YES,TP
continuous_1048_S6_strategy2.npz,0–4432,HOW ARE YOU,HOW ARE YOU,TP
continuous_1048_S6_strategy2.npz,4432–8645,FEBRUARY,FEBRUARY,TP
continuous_1048_S6_strategy2.npz,8645–12891,RED,RED,TP
continuous_1048_S6_strategy2.npz,10733–14300,—,MOTHER,FP
continuous_1048_S6_strategy2.npz,12891–17137,BEER,BEER,TP
continuous_1048_S6_strategy2.npz,17137–21383,AUNTIE,AUNTIE,TP
continuous_1049_S6_strategy2.npz,0–4062,DECEMBER,DECEMBER,TP
continuous_1049_S6_strategy2.npz,2600–5200,—,MAY,FP
continuous_1049_S6_strategy2.npz,4062–8308,SUGAR,SUGAR,TP
continuous_1049_S6_strategy2.npz,8308–12640,THANK YOU,THANK YOU,TP
continuous_1049_S6_strategy2.npz,12640–16706,UNDERSTAND,UNDERSTAND,TP
continuous_1049_S6_strategy2.npz,16706–20872,SEVEN,SEVEN,TP
continuous_1050_S6_strategy2.npz,0–4246,THURSDAY,THURSDAY,TP
continuous_1050_S6_strategy2.npz,4246–8492,COLD,COLD,TP
continuous_1050_S6_strategy2.npz,8492–12705,CRAB,CRAB,TP
continuous_1050_S6_strategy2.npz,9933–13266,—,TEN,FP
continuous_1050_S6_strategy2.npz,12705–17363,TEN,—,FN
continuous_1050_S6_strategy2.npz,13266–16566,—,IM FINE,FP
continuous_1050_S6_strategy2.npz,16566–19900,—,JUNE,FP
continuous_1050_S6_strategy2.npz,17363–21562,IM FINE,—,FN
continuous_1050_S6_strategy2.npz,21562–25808,JULY,JULY,TP
continuous_1050_S6_strategy2.npz,25808–30054,UNCLE,UNCLE,TP
continuous_1051_S6_strategy2.npz,0–4246,AUNTIE,AUNTIE,TP
continuous_1051_S6_strategy2.npz,4246–8525,SUGAR,SUGAR,TP
continuous_1051_S6_strategy2.npz,8525–12755,WEELCHAIR PERSON,WEELCHAIR PERSON,TP
continuous_1051_S6_strategy2.npz,12755–17001,OCTOBER,OCTOBER,TP
continuous_1051_S6_strategy2.npz,17001–21247,YELLOW,YELLOW,TP
continuous_1051_S6_strategy2.npz,21247–25833,TWO,TWO,TP
continuous_1052_S6_strategy2.npz,0–4586,DON'T UNDERSTAND,DON’T UNDERSTAND,TP
continuous_1052_S6_strategy2.npz,2800–5600,—,LONGANISA,FP
continuous_1052_S6_strategy2.npz,4586–8832,LONGANISA,—,FN
continuous_1052_S6_strategy2.npz,5600–8433,—,NO SUGAR,FP
continuous_1052_S6_strategy2.npz,8832–13275,SUGAR,SUGAR,TP
continuous_1052_S6_strategy2.npz,11233–14066,—,SEE YOU TOMORROW,FP
continuous_1052_S6_strategy2.npz,13275–17108,SEE YOU TOMORROW,—,FN
continuous_1052_S6_strategy2.npz,14066–16866,—,TEN,FP
continuous_1052_S6_strategy2.npz,17108–21766,THREE,THREE,TP
continuous_1052_S6_strategy2.npz,21766–25861,OCTOBER,OCTOBER,TP
continuous_1053_S6_strategy2.npz,0–4246,FEBRUARY,FEBRUARY,TP
continuous_1053_S6_strategy2.npz,4246–8492,BEER,BEER,TP
continuous_1053_S6_strategy2.npz,8492–13114,FOUR,—,FN
continuous_1053_S6_strategy2.npz,10666–13333,—,FOUR,FP
continuous_1053_S6_strategy2.npz,13114–17360,BREAD,BREAD,TP
continuous_1053_S6_strategy2.npz,13333–16000,—,GRAY,FP
continuous_1053_S6_strategy2.npz,17360–21559,MOTHER,MOTHER,TP
continuous_1054_S6_strategy2.npz,0–4213,RED,RED,TP
continuous_1054_S6_strategy2.npz,2500–5033,—,DEAF,FP
continuous_1054_S6_strategy2.npz,4213–8426,GIRL,GIRL,TP
continuous_1054_S6_strategy2.npz,8426–13155,YOURE WELCOME,YOURE WELCOME,TP
continuous_1054_S6_strategy2.npz,13155–17401,JUNE,JUNE,TP
continuous_1054_S6_strategy2.npz,17401–21647,MEAT,MEAT,TP
continuous_1054_S6_strategy2.npz,17633–20133,—,DECEMBER,FP
continuous_1054_S6_strategy2.npz,21647–25893,UNCLE,UNCLE,TP
continuous_1054_S6_strategy2.npz,25893–30443,THREE,THREE,TP
continuous_1055_S6_strategy2.npz,0–4246,YELLOW,YELLOW,TP
continuous_1055_S6_strategy2.npz,4246–8492,YESTERDAY,YESTERDAY,TP
continuous_1055_S6_strategy2.npz,8492–13257,SEE YOU TOMORROW,SEE YOU TOMORROW,TP
continuous_1055_S6_strategy2.npz,8633–11500,—,BLIND,FP
continuous_1055_S6_strategy2.npz,13257–17536,SEPTEMBER,SEPTEMBER,TP
continuous_1055_S6_strategy2.npz,17536–22122,WRONG,—,FN
continuous_1055_S6_strategy2.npz,20133–23000,—,WRONG,FP
continuous_1055_S6_strategy2.npz,22122–26419,WEELCHAIR PERSON,WEELCHAIR PERSON,TP
continuous_1056_S6_strategy2.npz,0–4246,AUNTIE,AUNTIE,TP
continuous_1056_S6_strategy2.npz,2666–5333,—,DAUGHTER,FP
continuous_1056_S6_strategy2.npz,4246–8492,SUGAR,SUGAR,TP
continuous_1056_S6_strategy2.npz,8492–12771,HARD OF HEARING,HARD OF HEARING,TP
continuous_1056_S6_strategy2.npz,12771–17017,DECEMBER,DECEMBER,TP
continuous_1056_S6_strategy2.npz,16000–18666,—,SUGAR,FP
continuous_1056_S6_strategy2.npz,17017–21567,WRONG,WRONG,TP
continuous_1057_S6_strategy2.npz,0–4443,SEVEN,SEVEN,TP
continuous_1057_S6_strategy2.npz,3000–6033,—,NO,FP
continuous_1057_S6_strategy2.npz,4443–8689,YESTERDAY,YESTERDAY,TP
continuous_1057_S6_strategy2.npz,8689–12935,CRAB,CRAB,TP
continuous_1057_S6_strategy2.npz,12935–17148,PARENTS,—,FN
continuous_1057_S6_strategy2.npz,15066–18100,—,PARENTS,FP
continuous_1057_S6_strategy2.npz,17148–21347,HELLO,HELLO,TP
continuous_1058_S6_strategy2.npz,0–4279,COFFEE,COFFEE,TP
continuous_1058_S6_strategy2.npz,2700–5433,—,SPAGHETTI,FP
continuous_1058_S6_strategy2.npz,4279–8525,TODAY,TODAY,TP
continuous_1058_S6_strategy2.npz,8525–12738,WEELCHAIR PERSON,WEELCHAIR PERSON,TP
continuous_1058_S6_strategy2.npz,10900–13633,—,YOURE WELCOME,FP
continuous_1058_S6_strategy2.npz,12738–17503,YOURE WELCOME,—,FN
continuous_1058_S6_strategy2.npz,13633–16366,—,RED,FP
continuous_1058_S6_strategy2.npz,17503–21749,SPAGHETTI,SPAGHETTI,TP
continuous_1058_S6_strategy2.npz,21749–25995,RED,—,FN
continuous_1058_S6_strategy2.npz,24566–27300,—,WHITE,FP
continuous_1058_S6_strategy2.npz,25995–30227,DAUGHTER,DAUGHTER,TP
continuous_1059_S6_strategy2.npz,0–4246,YELLOW,YELLOW,TP
continuous_1059_S6_strategy2.npz,2733–5466,—,FAST,FP
continuous_1059_S6_strategy2.npz,4246–8796,FAST,—,FN
continuous_1059_S6_strategy2.npz,8796–13009,GIRL,GIRL,TP
continuous_1059_S6_strategy2.npz,10933–13666,—,SLOW,FP
continuous_1059_S6_strategy2.npz,13009–17808,HOW ARE YOU,HOW ARE YOU,TP
continuous_1059_S6_strategy2.npz,16400–19133,—,NOVEMBER,FP
continuous_1059_S6_strategy2.npz,17808–22087,OCTOBER,OCTOBER,TP
continuous_1060_S6_strategy2.npz,0–4246,NO SUGAR,NO SUGAR,TP
continuous_1060_S6_strategy2.npz,4246–8492,AUNTIE,AUNTIE,TP
continuous_1060_S6_strategy2.npz,6800–9066,—,GRANDMOTHER,FP
continuous_1060_S6_strategy2.npz,8492–13076,YOURE WELCOME,YOURE WELCOME,TP
continuous_1060_S6_strategy2.npz,11333–13600,—,WHITE,FP
continuous_1060_S6_strategy2.npz,13076–17003,TOMORROW,TOMORROW,TP
continuous_1060_S6_strategy2.npz,15866–18133,—,CHICKEN,FP
continuous_1060_S6_strategy2.npz,17003–21235,CHICKEN,—,FN
continuous_1060_S6_strategy2.npz,18133–20400,—,MAN,FP
continuous_1060_S6_strategy2.npz,20400–22666,—,SIX,FP
continuous_1060_S6_strategy2.npz,21235–25467,SEVEN,SEVEN,TP
continuous_1060_S6_strategy2.npz,25467–29680,BLIND,BLIND,TP
continuous_1061_S6_strategy2.npz,0–4768,SEE YOU TOMORROW,SEE YOU TOMORROW,TP
continuous_1061_S6_strategy2.npz,2966–5933,—,DAUGHTER,FP
continuous_1061_S6_strategy2.npz,4768–9047,DEAF BLIND,DEAF BLIND,TP
continuous_1061_S6_strategy2.npz,9047–13293,TUESDAY,TUESDAY,TP
continuous_1061_S6_strategy2.npz,11866–14833,—,DON’T UNDERSTAND,FP
continuous_1061_S6_strategy2.npz,13293–17700,THREE,THREE,TP
continuous_1061_S6_strategy2.npz,17700–21946,COFFEE,COFFEE,TP
continuous_1061_S6_strategy2.npz,21946–26192,FEBRUARY,FEBRUARY,TP
continuous_1061_S6_strategy2.npz,23733–26700,—,GRANDFATHER,FP
continuous_1061_S6_strategy2.npz,26192–30024,SON,SON,TP
continuous_1062_S6_strategy2.npz,0–4550,FIVE,FIVE,TP
continuous_1062_S6_strategy2.npz,2800–5633,—,SATURDAY,FP
continuous_1062_S6_strategy2.npz,4550–8796,SATURDAY,—,FN
continuous_1062_S6_strategy2.npz,5633–8433,—,WOMAN,FP
continuous_1062_S6_strategy2.npz,8433–11266,—,GOOD MORNING,FP
continuous_1062_S6_strategy2.npz,8796–13042,WOMAN,—,FN
continuous_1062_S6_strategy2.npz,11266–14066,—,SLOW,FP
continuous_1062_S6_strategy2.npz,13042–17521,SLOW,—,FN
continuous_1062_S6_strategy2.npz,14066–16900,—,WOMAN,FP
continuous_1062_S6_strategy2.npz,17521–21686,ORANGE,ORANGE,TP
continuous_1062_S6_strategy2.npz,21686–25885,GOOD AFTERNOON,GOOD AFTERNOON,TP
continuous_1063_S6_strategy2.npz,0–4232,PARENTS,PARENTS,TP
continuous_1063_S6_strategy2.npz,2533–5100,—,JANUARY,FP
continuous_1063_S6_strategy2.npz,4232–8478,MARCH,MARCH,TP
continuous_1063_S6_strategy2.npz,7633–10200,—,APRIL,FP
continuous_1063_S6_strategy2.npz,8478–12724,WEELCHAIR PERSON,WEELCHAIR PERSON,TP
continuous_1063_S6_strategy2.npz,12724–17310,TWO,TWO,TP
continuous_1063_S6_strategy2.npz,17310–21475,BROWN,BROWN,TP
continuous_1063_S6_strategy2.npz,21475–26061,CORRECT,CORRECT,TP
continuous_1064_S6_strategy2.npz,0–4432,IM FINE,IM FINE,TP
continuous_1064_S6_strategy2.npz,4432–8494,TODAY,TODAY,TP
continuous_1064_S6_strategy2.npz,8494–12707,SON,SON,TP
continuous_1064_S6_strategy2.npz,12707–16953,MEAT,MEAT,TP
continuous_1064_S6_strategy2.npz,15833–18466,—,NICE TO MEET YOU,FP
continuous_1064_S6_strategy2.npz,16953–21085,ORANGE,ORANGE,TP
continuous_1065_S6_strategy2.npz,0–4246,DAUGHTER,DAUGHTER,TP
continuous_1065_S6_strategy2.npz,2633–5266,—,HARD OF HEARING,FP
continuous_1065_S6_strategy2.npz,4246–8492,MILK,MILK,TP
continuous_1065_S6_strategy2.npz,7900–10566,—,ORANGE,FP
continuous_1065_S6_strategy2.npz,8492–13006,CORRECT,CORRECT,TP
continuous_1065_S6_strategy2.npz,13006–17186,YESTERDAY,YESTERDAY,TP
continuous_1065_S6_strategy2.npz,17186–21951,THREE,THREE,TP
continuous_1065_S6_strategy2.npz,21951–26949,NICE TO MEET YOU,NICE TO MEET YOU,TP
continuous_1066_S6_strategy2.npz,0–4246,PINK,PINK,TP
continuous_1066_S6_strategy2.npz,4246–8378,GRANDMOTHER,GRANDMOTHER,TP
continuous_1066_S6_strategy2.npz,8378–12624,MEAT,MEAT,TP
continuous_1066_S6_strategy2.npz,12624–16870,OCTOBER,OCTOBER,TP
continuous_1066_S6_strategy2.npz,16870–20227,WEELCHAIR PERSON,WEELCHAIR PERSON,TP
continuous_1067_S6_strategy2.npz,0–4246,COLD,COLD,TP
continuous_1067_S6_strategy2.npz,4246–8868,SEVEN,SEVEN,TP
continuous_1067_S6_strategy2.npz,4700–7066,—,SIX,FP
continuous_1067_S6_strategy2.npz,8868–13741,SEE YOU TOMORROW,SEE YOU TOMORROW,TP
continuous_1067_S6_strategy2.npz,13741–17987,YELLOW,YELLOW,TP
continuous_1067_S6_strategy2.npz,16500–18866,—,AUNTIE,FP
continuous_1067_S6_strategy2.npz,17987–22233,DAUGHTER,DAUGHTER,TP
continuous_1067_S6_strategy2.npz,21233–23600,—,GRAY,FP
continuous_1067_S6_strategy2.npz,22233–26479,WEDNESDAY,WEDNESDAY,TP
continuous_1068_S6_strategy2.npz,0–4066,GOOD AFTERNOON,GOOD AFTERNOON,TP
continuous_1068_S6_strategy2.npz,4066–8299,KNOW,KNOW,TP
continuous_1068_S6_strategy2.npz,8299–12578,MONDAY,MONDAY,TP
continuous_1068_S6_strategy2.npz,10400–13866,—,BROWN,FP
continuous_1068_S6_strategy2.npz,12578–16791,BROWN,—,FN
continuous_1068_S6_strategy2.npz,13866–17333,—,WHITE,FP
continuous_1068_S6_strategy2.npz,16791–20790,GRANDMOTHER,GRANDMOTHER,TP
continuous_1069_S6_strategy2.npz,0–4246,MAY,MAY,TP
continuous_1069_S6_strategy2.npz,2833–5666,—,SIX,FP
continuous_1069_S6_strategy2.npz,4246–8492,WEDNESDAY,WEDNESDAY,TP
continuous_1069_S6_strategy2.npz,8492–12738,COUSIN,COUSIN,TP
continuous_1069_S6_strategy2.npz,12738–17288,CORRECT,CORRECT,TP
continuous_1069_S6_strategy2.npz,17288–21501,TEA,TEA,TP
continuous_1069_S6_strategy2.npz,21501–25747,CRAB,CRAB,TP
continuous_1070_S6_strategy2.npz,0–4213,TUESDAY,TUESDAY,TP
continuous_1070_S6_strategy2.npz,4213–8459,LONGANISA,LONGANISA,TP
continuous_1070_S6_strategy2.npz,8459–12705,DEAF BLIND,DEAF BLIND,TP
continuous_1070_S6_strategy2.npz,11833–14200,—,SEE YOU TOMORROW,FP
continuous_1070_S6_strategy2.npz,12705–16984,AUNTIE,AUNTIE,TP
continuous_1070_S6_strategy2.npz,16566–18933,—,MARCH,FP
continuous_1070_S6_strategy2.npz,16984–21230,NOVEMBER,NOVEMBER,TP
continuous_1071_S6_strategy2.npz,0–4550,SIX,SIX,TP
continuous_1071_S6_strategy2.npz,4550–8763,BOY,BOY,TP
continuous_1071_S6_strategy2.npz,8066–10766,—,MARRIED,FP
continuous_1071_S6_strategy2.npz,8763–13042,MEAT,MEAT,TP
continuous_1071_S6_strategy2.npz,13042–17108,UNDERSTAND,UNDERSTAND,TP
continuous_1071_S6_strategy2.npz,17108–21354,DAUGHTER,DAUGHTER,TP
continuous_1071_S6_strategy2.npz,21354–25600,GREEN,GREEN,TP
continuous_1071_S6_strategy2.npz,24266–26966,—,YELLOW,FP
continuous_1071_S6_strategy2.npz,25600–29846,COLD,COLD,TP
continuous_1072_S6_strategy2.npz,0–4246,MOTHER,MOTHER,TP
continuous_1072_S6_strategy2.npz,4246–8492,FISH,FISH,TP
continuous_1072_S6_strategy2.npz,6466–9733,—,SEPTEMBER,FP
continuous_1072_S6_strategy2.npz,8492–12738,SEPTEMBER,—,FN
continuous_1072_S6_strategy2.npz,9733–12966,—,AUGUST,FP
continuous_1072_S6_strategy2.npz,12738–17826,SEVEN,SEVEN,TP
continuous_1072_S6_strategy2.npz,12966–16200,—,RED,FP
continuous_1072_S6_strategy2.npz,17826–22025,WHITE,WHITE,TP
continuous_1072_S6_strategy2.npz,22025–26225,WRONG,WRONG,TP
continuous_1073_S6_strategy2.npz,0–4246,JULY,JULY,TP
continuous_1073_S6_strategy2.npz,2933–5900,—,CHICKEN,FP
continuous_1073_S6_strategy2.npz,4246–8525,CHICKEN,—,FN
continuous_1073_S6_strategy2.npz,5900–8866,—,BOY,FP
continuous_1073_S6_strategy2.npz,8525–12771,BOY,—,FN
continuous_1073_S6_strategy2.npz,8866–11833,—,COUSIN,FP
continuous_1073_S6_strategy2.npz,12771–16984,BLUE,BLUE,TP
continuous_1073_S6_strategy2.npz,16984–21230,THURSDAY,THURSDAY,TP
continuous_1073_S6_strategy2.npz,21230–25230,NO,NO,TP
continuous_1073_S6_strategy2.npz,25230–29476,UNCLE,UNCLE,TP
continuous_1074_S6_strategy2.npz,0–4246,MEAT,MEAT,TP
continuous_1074_S6_strategy2.npz,4246–8312,GRANDMOTHER,GRANDMOTHER,TP
continuous_1074_S6_strategy2.npz,8312–12898,DON'T KNOW,DON’T KNOW,TP
continuous_1074_S6_strategy2.npz,11300–14133,—,KNOW,FP
continuous_1074_S6_strategy2.npz,12898–17197,HELLO,HELLO,TP
continuous_1074_S6_strategy2.npz,17197–21442,BEER,BEER,TP
continuous_1074_S6_strategy2.npz,21442–25688,JULY,JULY,TP
continuous_1075_S6_strategy2.npz,0–5768,SEE YOU TOMORROW,SEE YOU TOMORROW,TP
continuous_1075_S6_strategy2.npz,3200–6433,—,TOMORROW,FP
continuous_1075_S6_strategy2.npz,5768–10014,WHITE,WHITE,TP
continuous_1075_S6_strategy2.npz,10014–14260,MARCH,MARCH,TP
continuous_1075_S6_strategy2.npz,12866–16066,—,BREAD,FP
continuous_1075_S6_strategy2.npz,14260–18539,RICE,RICE,TP
continuous_1075_S6_strategy2.npz,18539–23125,FIVE,FIVE,TP
continuous_1076_S6_strategy2.npz,0–4066,SLOW,SLOW,TP
continuous_1076_S6_strategy2.npz,4066–8312,DAUGHTER,DAUGHTER,TP
continuous_1076_S6_strategy2.npz,8312–12525,COFFEE,COFFEE,TP
continuous_1076_S6_strategy2.npz,12525–16620,GIRL,GIRL,TP
continuous_1076_S6_strategy2.npz,15166–18200,—,MILK,FP
continuous_1076_S6_strategy2.npz,16620–21185,GOOD AFTERNOON,GOOD AFTERNOON,TP
continuous_1077_S6_strategy2.npz,0–4165,MILK,MILK,TP
continuous_1077_S6_strategy2.npz,2800–5633,—,FAST,FP
continuous_1077_S6_strategy2.npz,4165–8378,MONDAY,MONDAY,TP
continuous_1077_S6_strategy2.npz,8378–13107,NINE,NINE,TP
continuous_1077_S6_strategy2.npz,13107–17386,UNCLE,UNCLE,TP
continuous_1077_S6_strategy2.npz,17386–21632,MAN,MAN,TP
continuous_1077_S6_strategy2.npz,21632–25698,FAST,FAST,TP
continuous_1078_S6_strategy2.npz,0–4246,HOT,HOT,TP
continuous_1078_S6_strategy2.npz,2266–4566,—,WEELCHAIR PERSON,FP
continuous_1078_S6_strategy2.npz,4246–9047,SEE YOU TOMORROW,SEE YOU TOMORROW,TP
continuous_1078_S6_strategy2.npz,4566–6866,—,BLIND,FP
continuous_1078_S6_strategy2.npz,9047–13669,CORRECT,CORRECT,TP
continuous_1078_S6_strategy2.npz,9166–11466,—,TOMORROW,FP
continuous_1078_S6_strategy2.npz,13669–17701,MOTHER,MOTHER,TP
continuous_1078_S6_strategy2.npz,13766–16066,—,ONE,FP
continuous_1078_S6_strategy2.npz,17701–21914,MARCH,MARCH,TP
continuous_1078_S6_strategy2.npz,21914–26146,SIX,SIX,TP
continuous_1078_S6_strategy2.npz,26146–30392,DARK,DARK,TP
continuous_1079_S6_strategy2.npz,0–4550,SEVEN,SEVEN,TP
continuous_1079_S6_strategy2.npz,2966–5933,—,YES,FP
continuous_1079_S6_strategy2.npz,4550–9100,YES,—,FN
continuous_1079_S6_strategy2.npz,5933–8900,—,COLD,FP
continuous_1079_S6_strategy2.npz,8900–11900,—,DEAF BLIND,FP
continuous_1079_S6_strategy2.npz,9100–13346,COLD,—,FN
continuous_1079_S6_strategy2.npz,13346–18111,SEE YOU TOMORROW,SEE YOU TOMORROW,TP
continuous_1079_S6_strategy2.npz,18111–22390,BLUE,BLUE,TP
continuous_1079_S6_strategy2.npz,22390–26636,SPAGHETTI,SPAGHETTI,TP
continuous_1079_S6_strategy2.npz,26636–30563,TODAY,TODAY,TP
continuous_1080_S6_strategy2.npz,0–4550,TEN,TEN,TP
continuous_1080_S6_strategy2.npz,2333–4700,—,TUESDAY,FP
continuous_1080_S6_strategy2.npz,4550–8679,THURSDAY,THURSDAY,TP
continuous_1080_S6_strategy2.npz,8679–12778,CRAB,CRAB,TP
continuous_1080_S6_strategy2.npz,11733–14100,—,FAST,FP
continuous_1080_S6_strategy2.npz,12778–17472,DON'T UNDERSTAND,DON’T UNDERSTAND,TP
continuous_1080_S6_strategy2.npz,16433–18800,—,MILK,FP
continuous_1080_S6_strategy2.npz,17472–21718,VIOLET,VIOLET,TP
continuous_1081_S6_strategy2.npz,0–4246,DARK,DARK,TP
continuous_1081_S6_strategy2.npz,4246–8760,DON'T KNOW,DON’T KNOW,TP
continuous_1081_S6_strategy2.npz,8760–13006,COFFEE,COFFEE,TP
continuous_1081_S6_strategy2.npz,11533–13866,—,SPAGHETTI,FP
continuous_1081_S6_strategy2.npz,13006–17105,CRAB,CRAB,TP
continuous_1081_S6_strategy2.npz,17105–21384,WOMAN,WOMAN,TP
continuous_1081_S6_strategy2.npz,21384–25630,GRANDFATHER,GRANDFATHER,TP
continuous_1082_S6_strategy2.npz,0–4213,AUNTIE,AUNTIE,TP
continuous_1082_S6_strategy2.npz,2466–4966,—,MOTHER,FP
continuous_1082_S6_strategy2.npz,4213–8459,BLACK,BLACK,TP
continuous_1082_S6_strategy2.npz,7433–9933,—,YESTERDAY,FP
continuous_1082_S6_strategy2.npz,8459–12705,COLD,—,FN
continuous_1082_S6_strategy2.npz,9933–12400,—,COLD,FP
continuous_1082_S6_strategy2.npz,12400–14900,—,ONE,FP
continuous_1082_S6_strategy2.npz,12705–16950,DEAF BLIND,DEAF BLIND,TP
continuous_1082_S6_strategy2.npz,16950–21429,EIGHT,EIGHT,TP
continuous_1082_S6_strategy2.npz,17366–19866,—,HOT,FP
continuous_1082_S6_strategy2.npz,21429–25728,HELLO,HELLO,TP
continuous_1082_S6_strategy2.npz,25728–30278,KNOW,KNOW,TP
continuous_1083_S6_strategy2.npz,0–4246,MOTHER,MOTHER,TP
continuous_1083_S6_strategy2.npz,4246–8492,NOVEMBER,NOVEMBER,TP
continuous_1083_S6_strategy2.npz,8492–12771,MEAT,MEAT,TP
continuous_1083_S6_strategy2.npz,12771–16770,EIGHT,EIGHT,TP
continuous_1083_S6_strategy2.npz,16770–21320,FAST,FAST,TP
continuous_1083_S6_strategy2.npz,21320–25566,SATURDAY,SATURDAY,TP
continuous_1084_S6_strategy2.npz,0–4279,APRIL,APRIL,TP
continuous_1084_S6_strategy2.npz,4279–8525,CRAB,CRAB,TP
continuous_1084_S6_strategy2.npz,8525–13039,UNDERSTAND,UNDERSTAND,TP
continuous_1084_S6_strategy2.npz,11700–14033,—,DON’T UNDERSTAND,FP
continuous_1084_S6_strategy2.npz,13039–17482,TEN,TEN,TP
continuous_1084_S6_strategy2.npz,16366–18700,—,NO SUGAR,FP
continuous_1084_S6_strategy2.npz,17482–21728,SUGAR,SUGAR,TP
continuous_1084_S6_strategy2.npz,21728–25974,ORANGE,ORANGE,TP
continuous_1084_S6_strategy2.npz,25733–28066,—,SHRIMP,FP
continuous_1084_S6_strategy2.npz,25974–30905,NICE TO MEET YOU,NICE TO MEET YOU,TP
continuous_1085_S6_strategy2.npz,0–4246,GRANDFATHER,GRANDFATHER,TP
continuous_1085_S6_strategy2.npz,4246–8492,MAN,MAN,TP
continuous_1085_S6_strategy2.npz,8492–12705,NOVEMBER,NOVEMBER,TP
continuous_1085_S6_strategy2.npz,10966–14633,—,DEAF BLIND,FP
continuous_1085_S6_strategy2.npz,12705–17327,KNOW,KNOW,TP
continuous_1085_S6_strategy2.npz,17327–21573,THURSDAY,THURSDAY,TP
continuous_1085_S6_strategy2.npz,21573–25819,SPAGHETTI,SPAGHETTI,TP
continuous_1086_S6_strategy2.npz,0–4246,AUGUST,AUGUST,TP
continuous_1086_S6_strategy2.npz,4246–8346,FAST,FAST,TP
continuous_1086_S6_strategy2.npz,6866–9166,—,FOUR,FP
continuous_1086_S6_strategy2.npz,8346–12478,BLUE,BLUE,TP
continuous_1086_S6_strategy2.npz,11466–13766,—,WINE,FP
continuous_1086_S6_strategy2.npz,12478–16992,ONE,ONE,TP
continuous_1086_S6_strategy2.npz,16066–18366,—,FAST,FP
continuous_1086_S6_strategy2.npz,16992–21271,THURSDAY,THURSDAY,TP
continuous_1086_S6_strategy2.npz,20666–22966,—,DON’T UNDERSTAND,FP
continuous_1086_S6_strategy2.npz,21271–25484,WINE,WINE,TP
continuous_1087_S6_strategy2.npz,0–4586,ONE,ONE,TP
continuous_1087_S6_strategy2.npz,4586–8865,WOMAN,WOMAN,TP
continuous_1087_S6_strategy2.npz,7033–9366,—,WEELCHAIR PERSON,FP
continuous_1087_S6_strategy2.npz,8865–13111,LONGANISA,LONGANISA,TP
continuous_1087_S6_strategy2.npz,13111–17324,SATURDAY,SATURDAY,TP
continuous_1087_S6_strategy2.npz,16400–18766,—,SON,FP
continuous_1087_S6_strategy2.npz,17324–21570,SON,—,FN
continuous_1087_S6_strategy2.npz,18766–21100,—,DAUGHTER,FP
continuous_1087_S6_strategy2.npz,21570–25849,WINE,WINE,TP
continuous_1087_S6_strategy2.npz,25800–28133,—,GRANDMOTHER,FP
continuous_1087_S6_strategy2.npz,25849–30713,YOURE WELCOME,YOURE WELCOME,TP
continuous_1088_S6_strategy2.npz,0–4166,CORRECT,CORRECT,TP
continuous_1088_S6_strategy2.npz,2933–5866,—,BLUE,FP
continuous_1088_S6_strategy2.npz,4166–8412,BLUE,—,FN
continuous_1088_S6_strategy2.npz,5866–8800,—,GIRL,FP
continuous_1088_S6_strategy2.npz,8412–12658,GIRL,—,FN
continuous_1088_S6_strategy2.npz,8800–11766,—,EGG,FP
continuous_1088_S6_strategy2.npz,11766–14700,—,JUNE,FP
continuous_1088_S6_strategy2.npz,12658–16904,EGG,—,FN
continuous_1088_S6_strategy2.npz,16904–21096,SIX,SIX,TP
continuous_1088_S6_strategy2.npz,21096–25342,OCTOBER,OCTOBER,TP
continuous_1088_S6_strategy2.npz,23533–26466,—,PINK,FP
continuous_1088_S6_strategy2.npz,25342–29588,MOTHER,MOTHER,TP
continuous_1089_S6_strategy2.npz,0–4246,DECEMBER,DECEMBER,TP
continuous_1089_S6_strategy2.npz,2966–5933,—,THANK YOU,FP
continuous_1089_S6_strategy2.npz,4246–8445,THANK YOU,—,FN
continuous_1089_S6_strategy2.npz,5933–8933,—,TODAY,FP
continuous_1089_S6_strategy2.npz,8445–13031,CORRECT,CORRECT,TP
continuous_1089_S6_strategy2.npz,13031–17244,WOMAN,WOMAN,TP
continuous_1089_S6_strategy2.npz,17244–21490,EGG,EGG,TP
continuous_1089_S6_strategy2.npz,20833–23833,—,GIRL,FP
continuous_1089_S6_strategy2.npz,21490–25736,GRANDFATHER,GRANDFATHER,TP
continuous_1089_S6_strategy2.npz,25736–29982,VIOLET,VIOLET,TP
continuous_1090_S6_strategy2.npz,0–4279,TUESDAY,TUESDAY,TP
continuous_1090_S6_strategy2.npz,4279–8686,TEN,TEN,TP
continuous_1090_S6_strategy2.npz,6633–9933,—,LIGHT,FP
continuous_1090_S6_strategy2.npz,8686–12932,LIGHT,—,FN
continuous_1090_S6_strategy2.npz,9933–13266,—,UNCLE,FP
continuous_1090_S6_strategy2.npz,12932–17178,UNCLE,—,FN
continuous_1090_S6_strategy2.npz,13266–16566,—,RED,FP
continuous_1090_S6_strategy2.npz,17178–21800,DON'T UNDERSTAND,DON’T UNDERSTAND,TP
continuous_1090_S6_strategy2.npz,21800–26079,HARD OF HEARING,HARD OF HEARING,TP
continuous_1090_S6_strategy2.npz,26079–30325,AUGUST,AUGUST,TP
continuous_1091_S6_strategy2.npz,0–4066,SLOW,SLOW,TP
continuous_1091_S6_strategy2.npz,4066–8265,GRANDMOTHER,GRANDMOTHER,TP
continuous_1091_S6_strategy2.npz,8265–12511,SPAGHETTI,SPAGHETTI,TP
continuous_1091_S6_strategy2.npz,12511–16244,SEE YOU TOMORROW,SEE YOU TOMORROW,TP
continuous_1091_S6_strategy2.npz,16244–20758,EIGHT,EIGHT,TP
continuous_1091_S6_strategy2.npz,20366–23266,—,MOTHER,FP
continuous_1091_S6_strategy2.npz,20758–25037,BLACK,BLACK,TP
continuous_1091_S6_strategy2.npz,25037–29316,JUICE,JUICE,TP
continuous_1092_S6_strategy2.npz,0–4246,WEELCHAIR PERSON,WEELCHAIR PERSON,TP
continuous_1092_S6_strategy2.npz,2700–5433,—,TEN,FP
continuous_1092_S6_strategy2.npz,4246–8832,TEN,—,FN
continuous_1092_S6_strategy2.npz,5433–8133,—,RED,FP
continuous_1092_S6_strategy2.npz,8133–10866,—,GRANDMOTHER,FP
continuous_1092_S6_strategy2.npz,8832–12798,RED,—,FN
continuous_1092_S6_strategy2.npz,10866–13566,—,THREE,FP
continuous_1092_S6_strategy2.npz,12798–17044,GRANDMOTHER,—,FN
continuous_1092_S6_strategy2.npz,13566–16300,—,NO,FP
continuous_1092_S6_strategy2.npz,16300–19000,—,YES,FP
continuous_1092_S6_strategy2.npz,17044–21469,NO,—,FN
continuous_1092_S6_strategy2.npz,19000–21733,—,NOVEMBER,FP
continuous_1092_S6_strategy2.npz,21469–25598,NOVEMBER,—,FN
continuous_1092_S6_strategy2.npz,21733–24433,—,OCTOBER,FP
continuous_1092_S6_strategy2.npz,24433–27166,—,TEN,FP
continuous_1092_S6_strategy2.npz,25598–30164,GOOD EVENING,GOOD EVENING,TP
continuous_1093_S6_strategy2.npz,0–3866,TEA,TEA,TP
continuous_1093_S6_strategy2.npz,3866–8964,NICE TO MEET YOU,NICE TO MEET YOU,TP
continuous_1093_S6_strategy2.npz,8166–10900,—,CORRECT,FP
continuous_1093_S6_strategy2.npz,8964–12963,EIGHT,EIGHT,TP
continuous_1093_S6_strategy2.npz,12963–17585,SLOW,SLOW,TP
continuous_1093_S6_strategy2.npz,16366–19100,—,YESTERDAY,FP
continuous_1093_S6_strategy2.npz,17585–21831,YESTERDAY,—,FN
continuous_1093_S6_strategy2.npz,19100–21833,—,AUNTIE,FP
continuous_1093_S6_strategy2.npz,21831–26030,LIGHT,LIGHT,TP
continuous_1093_S6_strategy2.npz,24566–27300,—,SEPTEMBER,FP
continuous_1093_S6_strategy2.npz,26030–30276,AUGUST,AUGUST,TP
continuous_1094_S6_strategy2.npz,0–2166,—,NICE TO MEET YOU,FP
continuous_1094_S6_strategy2.npz,0–5231,NICE TO MEET YOU,—,FN
continuous_1094_S6_strategy2.npz,2166–4366,—,CORRECT,FP
continuous_1094_S6_strategy2.npz,4366–6566,—,MAN,FP
continuous_1094_S6_strategy2.npz,5231–9293,BOY,BOY,TP
continuous_1094_S6_strategy2.npz,8733–10933,—,FOUR,FP
continuous_1094_S6_strategy2.npz,9293–13772,FOUR,—,FN
continuous_1094_S6_strategy2.npz,10933–13133,—,NO SUGAR,FP
continuous_1094_S6_strategy2.npz,13772–17985,PINK,PINK,TP
continuous_1094_S6_strategy2.npz,17500–19700,—,JUNE,FP
continuous_1094_S6_strategy2.npz,17985–22231,JANUARY,JANUARY,TP
continuous_1094_S6_strategy2.npz,22231–26477,COLD,COLD,TP
continuous_1095_S6_strategy2.npz,0–4246,SHRIMP,SHRIMP,TP
continuous_1095_S6_strategy2.npz,4246–8509,YESTERDAY,YESTERDAY,TP
continuous_1095_S6_strategy2.npz,8433–11266,—,AUNTIE,FP
continuous_1095_S6_strategy2.npz,8509–13059,UNDERSTAND,—,FN
continuous_1095_S6_strategy2.npz,11266–14066,—,UNDERSTAND,FP
continuous_1095_S6_strategy2.npz,13059–17305,SEPTEMBER,SEPTEMBER,TP
continuous_1095_S6_strategy2.npz,17305–21570,VIOLET,—,FN
continuous_1095_S6_strategy2.npz,19700–22533,—,VIOLET,FP
continuous_1095_S6_strategy2.npz,21570–25598,HARD OF HEARING,HARD OF HEARING,TP
continuous_1096_S6_strategy2.npz,0–4246,DEAF,DEAF,TP
continuous_1096_S6_strategy2.npz,4246–8525,CRAB,CRAB,TP
continuous_1096_S6_strategy2.npz,8525–12968,YES,YES,TP
continuous_1096_S6_strategy2.npz,11933–14900,—,WOMAN,FP
continuous_1096_S6_strategy2.npz,12968–17590,SEVEN,SEVEN,TP
continuous_1096_S6_strategy2.npz,17590–21822,GOOD MORNING,GOOD MORNING,TP
continuous_1096_S6_strategy2.npz,21822–26068,FATHER,FATHER,TP
continuous_1096_S6_strategy2.npz,26068–30314,THURSDAY,THURSDAY,TP
continuous_1097_S6_strategy2.npz,0–4246,DEAF,DEAF,TP
continuous_1097_S6_strategy2.npz,4246–8492,WEDNESDAY,WEDNESDAY,TP
continuous_1097_S6_strategy2.npz,8492–12738,RICE,RICE,TP
continuous_1097_S6_strategy2.npz,12738–17252,SIX,SIX,TP
continuous_1097_S6_strategy2.npz,17252–21531,FEBRUARY,FEBRUARY,TP
continuous_1097_S6_strategy2.npz,21531–25777,MILK,MILK,TP
continuous_1098_S6_strategy2.npz,0–4213,SPAGHETTI,SPAGHETTI,TP
continuous_1098_S6_strategy2.npz,4213–8459,FATHER,FATHER,TP
continuous_1098_S6_strategy2.npz,8459–12705,MAY,MAY,TP
continuous_1098_S6_strategy2.npz,11333–14166,—,CORRECT,FP
continuous_1098_S6_strategy2.npz,12705–16937,NICE TO MEET YOU,NICE TO MEET YOU,TP
continuous_1098_S6_strategy2.npz,16937–21183,GIRL,GIRL,TP
continuous_1098_S6_strategy2.npz,21183–25396,TEA,TEA,TP
continuous_1099_S6_strategy2.npz,0–4699,GOOD EVENING,GOOD EVENING,TP
continuous_1099_S6_strategy2.npz,3100–6200,—,BEER,FP
continuous_1099_S6_strategy2.npz,4699–9321,FAST,FAST,TP
continuous_1099_S6_strategy2.npz,9321–13567,DAUGHTER,DAUGHTER,TP
continuous_1099_S6_strategy2.npz,13567–17780,WEDNESDAY,WEDNESDAY,TP
continuous_1099_S6_strategy2.npz,17780–21979,BEER,BEER,TP
continuous_1100_S6_strategy2.npz,0–4465,NINE,NINE,TP
continuous_1100_S6_strategy2.npz,4465–8711,YESTERDAY,YESTERDAY,TP
continuous_1100_S6_strategy2.npz,8711–12924,AUNTIE,AUNTIE,TP
continuous_1100_S6_strategy2.npz,12924–17203,BEER,BEER,TP
continuous_1100_S6_strategy2.npz,17203–21435,GOOD AFTERNOON,GOOD AFTERNOON,TP
continuous_1100_S6_strategy2.npz,21435–25714,DEAF,DEAF,TP
continuous_1101_S6_strategy2.npz,0–4246,DAUGHTER,DAUGHTER,TP
continuous_1101_S6_strategy2.npz,2700–5433,—,COFFEE,FP
continuous_1101_S6_strategy2.npz,4246–8492,FISH,FISH,TP
continuous_1101_S6_strategy2.npz,8492–12899,THREE,—,FN
continuous_1101_S6_strategy2.npz,10866–13566,—,THREE,FP
continuous_1101_S6_strategy2.npz,12899–17145,MARCH,MARCH,TP
continuous_1101_S6_strategy2.npz,17145–21839,CORRECT,CORRECT,TP
continuous_1101_S6_strategy2.npz,21839–26118,FRIDAY,FRIDAY,TP
continuous_1101_S6_strategy2.npz,26118–30364,BROWN,BROWN,TP
continuous_1102_S6_strategy2.npz,0–4586,FIVE,FIVE,TP
continuous_1102_S6_strategy2.npz,2366–4733,—,RED,FP
continuous_1102_S6_strategy2.npz,4586–8865,SATURDAY,—,FN
continuous_1102_S6_strategy2.npz,4733–7100,—,SATURDAY,FP
continuous_1102_S6_strategy2.npz,8865–13078,ORANGE,ORANGE,TP
continuous_1102_S6_strategy2.npz,11833–14200,—,AUGUST,FP
continuous_1102_S6_strategy2.npz,13078–17291,AUGUST,—,FN
continuous_1102_S6_strategy2.npz,14200–16566,—,HOT,FP
continuous_1102_S6_strategy2.npz,17291–21537,MILK,MILK,TP
continuous_1102_S6_strategy2.npz,21300–23666,—,FOUR,FP
continuous_1102_S6_strategy2.npz,21537–26236,IM FINE,IM FINE,TP
continuous_1103_S6_strategy2.npz,0–4246,THURSDAY,THURSDAY,TP
continuous_1103_S6_strategy2.npz,4246–8459,MAN,MAN,TP
continuous_1103_S6_strategy2.npz,8459–12705,NOVEMBER,—,FN
continuous_1103_S6_strategy2.npz,10600–13233,—,NOVEMBER,FP
continuous_1103_S6_strategy2.npz,12705–16951,EGG,EGG,TP
continuous_1103_S6_strategy2.npz,16951–21394,EIGHT,EIGHT,TP
continuous_1104_S6_strategy2.npz,0–4279,SATURDAY,SATURDAY,TP
continuous_1104_S6_strategy2.npz,4279–8612,SLOW,SLOW,TP
continuous_1104_S6_strategy2.npz,6400–9600,—,RED,FP
continuous_1104_S6_strategy2.npz,8612–12844,RED,—,FN
continuous_1104_S6_strategy2.npz,9600–12800,—,COUSIN,FP
continuous_1104_S6_strategy2.npz,12800–16000,—,JANUARY,FP
continuous_1104_S6_strategy2.npz,12844–16876,COUSIN,—,FN
continuous_1104_S6_strategy2.npz,16876–21319,MAY,MAY,TP
continuous_1104_S6_strategy2.npz,21319–25565,WOMAN,WOMAN,TP
continuous_1105_S6_strategy2.npz,0–4230,SUNDAY,SUNDAY,TP
continuous_1105_S6_strategy2.npz,2500–5000,—,TUESDAY,FP
continuous_1105_S6_strategy2.npz,4230–8673,ONE,ONE,TP
continuous_1105_S6_strategy2.npz,7500–10000,—,FAST,FP
continuous_1105_S6_strategy2.npz,8673–12539,IM FINE,IM FINE,TP
continuous_1105_S6_strategy2.npz,12539–17089,DON'T UNDERSTAND,DON’T UNDERSTAND,TP
continuous_1105_S6_strategy2.npz,17089–21335,FISH,FISH,TP
continuous_1105_S6_strategy2.npz,20033–22533,—,SPAGHETTI,FP
continuous_1105_S6_strategy2.npz,21335–25581,COLD,COLD,TP
continuous_1106_S6_strategy2.npz,0–4246,RICE,RICE,TP
continuous_1106_S6_strategy2.npz,2966–5933,—,MILK,FP
continuous_1106_S6_strategy2.npz,4246–8492,TUESDAY,TUESDAY,TP
continuous_1106_S6_strategy2.npz,8492–13042,DON'T KNOW,DON’T KNOW,TP
continuous_1106_S6_strategy2.npz,13042–17288,HARD OF HEARING,HARD OF HEARING,TP
continuous_1106_S6_strategy2.npz,14900–17866,—,ONE,FP
continuous_1106_S6_strategy2.npz,17288–21487,ONE,—,FN
continuous_1106_S6_strategy2.npz,17866–20833,—,WRONG,FP
continuous_1106_S6_strategy2.npz,21487–25733,JUICE,JUICE,TP
continuous_1106_S6_strategy2.npz,25733–29979,DECEMBER,DECEMBER,TP
continuous_1107_S6_strategy2.npz,0–4665,HOW ARE YOU,HOW ARE YOU,TP
continuous_1107_S6_strategy2.npz,4665–8911,BLUE,BLUE,TP
continuous_1107_S6_strategy2.npz,8911–13157,TEA,TEA,TP
continuous_1107_S6_strategy2.npz,10866–13566,—,NO,FP
continuous_1107_S6_strategy2.npz,13157–17403,AUNTIE,AUNTIE,TP
continuous_1107_S6_strategy2.npz,16300–19000,—,DAUGHTER,FP
continuous_1107_S6_strategy2.npz,17403–21649,HARD OF HEARING,HARD OF HEARING,TP
continuous_1108_S6_strategy2.npz,0–4279,SON,SON,TP
continuous_1108_S6_strategy2.npz,2700–8133,—,DAUGHTER,FP
continuous_1108_S6_strategy2.npz,4279–8525,JUNE,JUNE,TP
continuous_1108_S6_strategy2.npz,8525–12771,JUICE,JUICE,TP
continuous_1108_S6_strategy2.npz,12771–16984,FISH,FISH,TP
continuous_1108_S6_strategy2.npz,16300–19000,—,DEAF,FP
continuous_1108_S6_strategy2.npz,16984–21349,HELLO,HELLO,TP
continuous_1108_S6_strategy2.npz,21349–25863,TEN,—,FN
continuous_1108_S6_strategy2.npz,24433–27166,—,TEN,FP
continuous_1108_S6_strategy2.npz,25863–30076,RED,RED,TP
continuous_1109_S6_strategy2.npz,0–4246,COFFEE,COFFEE,TP
continuous_1109_S6_strategy2.npz,3000–6033,—,THREE,FP
continuous_1109_S6_strategy2.npz,4246–8725,THREE,—,FN
continuous_1109_S6_strategy2.npz,6033–9066,—,NOVEMBER,FP
continuous_1109_S6_strategy2.npz,8725–12891,FAST,FAST,TP
continuous_1109_S6_strategy2.npz,12891–17137,APRIL,APRIL,TP
continuous_1109_S6_strategy2.npz,15133–18166,—,RICE,FP
continuous_1109_S6_strategy2.npz,17137–21416,SHRIMP,SHRIMP,TP
continuous_1110_S6_strategy2.npz,0–4479,THREE,THREE,TP
continuous_1110_S6_strategy2.npz,4479–8725,LIGHT,LIGHT,TP
continuous_1110_S6_strategy2.npz,8725–12938,MEAT,MEAT,TP
continuous_1110_S6_strategy2.npz,12938–17184,FRIDAY,FRIDAY,TP
continuous_1110_S6_strategy2.npz,17184–21430,GRANDMOTHER,GRANDMOTHER,TP
continuous_1111_S6_strategy2.npz,0–4246,TUESDAY,TUESDAY,TP
continuous_1111_S6_strategy2.npz,4246–8492,DEAF BLIND,DEAF BLIND,TP
continuous_1111_S6_strategy2.npz,8492–12724,PINK,PINK,TP
continuous_1111_S6_strategy2.npz,12724–16970,CRAB,CRAB,TP
continuous_1111_S6_strategy2.npz,16970–21449,EIGHT,EIGHT,TP
continuous_1112_S6_strategy2.npz,0–4129,WEDNESDAY,WEDNESDAY,TP
continuous_1112_S6_strategy2.npz,2333–4700,—,SIX,FP
continuous_1112_S6_strategy2.npz,4129–8375,DEAF BLIND,DEAF BLIND,TP
continuous_1112_S6_strategy2.npz,4700–7066,—,DEAF,FP
continuous_1112_S6_strategy2.npz,8375–12588,LONGANISA,LONGANISA,TP
continuous_1112_S6_strategy2.npz,9400–11766,—,HOT,FP
continuous_1112_S6_strategy2.npz,12588–16834,COLD,COLD,TP
continuous_1112_S6_strategy2.npz,16466–18833,—,JANUARY,FP
continuous_1112_S6_strategy2.npz,16834–21113,JULY,JULY,TP
continuous_1113_S6_strategy2.npz,0–4132,MILK,MILK,TP
continuous_1113_S6_strategy2.npz,2633–5266,—,FAST,FP
continuous_1113_S6_strategy2.npz,4132–8378,CRAB,CRAB,TP
continuous_1113_S6_strategy2.npz,8378–12510,TEN,TEN,TP
continuous_1113_S6_strategy2.npz,10533–13166,—,MONDAY,FP
continuous_1113_S6_strategy2.npz,12510–16842,DAUGHTER,DAUGHTER,TP
continuous_1113_S6_strategy2.npz,15800–18433,—,LIGHT,FP
continuous_1113_S6_strategy2.npz,16842–21055,SUNDAY,SUNDAY,TP
continuous_1114_S6_strategy2.npz,0–4332,GOOD MORNING,GOOD MORNING,TP
continuous_1114_S6_strategy2.npz,2633–5300,—,FOUR,FP
continuous_1114_S6_strategy2.npz,4332–8739,FOUR,—,FN
continuous_1114_S6_strategy2.npz,5300–7933,—,NO,FP
continuous_1114_S6_strategy2.npz,8739–13253,YES,YES,TP
continuous_1114_S6_strategy2.npz,13253–17532,WINE,WINE,TP
continuous_1114_S6_strategy2.npz,17532–21745,WHITE,WHITE,TP
continuous_1115_S6_strategy2.npz,0–4279,AUGUST,AUGUST,TP
continuous_1115_S6_strategy2.npz,4279–8525,HOT,HOT,TP
continuous_1115_S6_strategy2.npz,8525–13792,SEE YOU TOMORROW,SEE YOU TOMORROW,TP
continuous_1115_S6_strategy2.npz,13792–18038,UNCLE,UNCLE,TP
continuous_1115_S6_strategy2.npz,16400–19133,—,SATURDAY,FP
continuous_1115_S6_strategy2.npz,18038–22284,SATURDAY,—,FN
continuous_1115_S6_strategy2.npz,19133–21866,—,MONDAY,FP
continuous_1115_S6_strategy2.npz,22284–26184,NO,NO,TP
continuous_1115_S6_strategy2.npz,24600–27333,—,MARRIED,FP
continuous_1115_S6_strategy2.npz,26184–30349,GRAY,GRAY,TP
continuous_1116_S6_strategy2.npz,0–4246,TOMORROW,TOMORROW,TP
continuous_1116_S6_strategy2.npz,4246–8492,NO SUGAR,NO SUGAR,TP
continuous_1116_S6_strategy2.npz,8492–12738,FISH,FISH,TP
continuous_1116_S6_strategy2.npz,12738–16984,UNCLE,UNCLE,TP
continuous_1116_S6_strategy2.npz,16984–20945,BOY,BOY,TP
continuous_1117_S6_strategy2.npz,0–4799,HOW ARE YOU,HOW ARE YOU,TP
continuous_1117_S6_strategy2.npz,4799–9045,MONDAY,MONDAY,TP
continuous_1117_S6_strategy2.npz,7766–10333,—,SLOW,FP
continuous_1117_S6_strategy2.npz,9045–13524,SLOW,—,FN
continuous_1117_S6_strategy2.npz,13524–17737,APRIL,APRIL,TP
continuous_1117_S6_strategy2.npz,17737–21870,HOT,HOT,TP
continuous_1117_S6_strategy2.npz,21870–26116,SHRIMP,SHRIMP,TP
continuous_1118_S6_strategy2.npz,0–4514,THREE,THREE,TP
continuous_1118_S6_strategy2.npz,2733–5466,—,GOOD MORNING,FP
continuous_1118_S6_strategy2.npz,4514–8760,MAN,MAN,TP
continuous_1118_S6_strategy2.npz,8760–13326,YES,YES,TP
continuous_1118_S6_strategy2.npz,13326–17572,CHICKEN,CHICKEN,TP
continuous_1118_S6_strategy2.npz,16400–19133,—,MONDAY,FP
continuous_1118_S6_strategy2.npz,17572–21818,MONDAY,—,FN
continuous_1118_S6_strategy2.npz,19133–21866,—,GOOD MORNING,FP
continuous_1118_S6_strategy2.npz,21818–26064,FATHER,FATHER,TP
continuous_1118_S6_strategy2.npz,24600–27333,—,PARENTS,FP
continuous_1118_S6_strategy2.npz,26064–30277,RED,RED,TP
continuous_1119_S6_strategy2.npz,0–4622,SLOW,SLOW,TP
continuous_1119_S6_strategy2.npz,3033–6100,—,HARD OF HEARING,FP
continuous_1119_S6_strategy2.npz,4622–8835,HARD OF HEARING,—,FN
continuous_1119_S6_strategy2.npz,6100–9166,—,APRIL,FP
continuous_1119_S6_strategy2.npz,8835–13081,APRIL,—,FN
continuous_1119_S6_strategy2.npz,9166–12200,—,MONDAY,FP
continuous_1119_S6_strategy2.npz,13081–17360,TOMORROW,TOMORROW,TP
continuous_1119_S6_strategy2.npz,17360–21606,JUICE,JUICE,TP
continuous_1120_S6_strategy2.npz,0–4246,AUNTIE,AUNTIE,TP
continuous_1120_S6_strategy2.npz,4246–8725,FAST,FAST,TP
continuous_1120_S6_strategy2.npz,8725–12857,GOOD EVENING,GOOD EVENING,TP
continuous_1120_S6_strategy2.npz,10566–14100,—,YESTERDAY,FP
continuous_1120_S6_strategy2.npz,12857–17103,YESTERDAY,—,FN
continuous_1120_S6_strategy2.npz,14100–17633,—,MAN,FP
continuous_1120_S6_strategy2.npz,17103–21382,MEAT,MEAT,TP
continuous_1121_S6_strategy2.npz,0–4279,YESTERDAY,YESTERDAY,TP
continuous_1121_S6_strategy2.npz,2133–6466,—,AUNTIE,FP
continuous_1121_S6_strategy2.npz,4279–8907,NO,NO,TP
continuous_1121_S6_strategy2.npz,8907–13153,SHRIMP,SHRIMP,TP
continuous_1121_S6_strategy2.npz,12966–15100,—,MARRIED,FP
continuous_1121_S6_strategy2.npz,13153–17399,JUICE,JUICE,TP
continuous_1121_S6_strategy2.npz,17399–21595,DECEMBER,DECEMBER,TP
continuous_1121_S6_strategy2.npz,21595–25874,GREEN,GREEN,TP
continuous_1121_S6_strategy2.npz,21600–23766,—,DEAF,FP
continuous_1122_S6_strategy2.npz,0–4246,GRANDFATHER,GRANDFATHER,TP
continuous_1122_S6_strategy2.npz,2466–7433,—,MOTHER,FP
continuous_1122_S6_strategy2.npz,4246–8868,DON'T UNDERSTAND,DON’T UNDERSTAND,TP
continuous_1122_S6_strategy2.npz,8868–13382,FIVE,FIVE,TP
continuous_1122_S6_strategy2.npz,9933–12400,—,GOOD MORNING,FP
continuous_1122_S6_strategy2.npz,13382–17628,GRAY,—,FN
continuous_1122_S6_strategy2.npz,17400–22366,—,GRAY,FP
continuous_1122_S6_strategy2.npz,17628–21874,SATURDAY,—,FN
continuous_1122_S6_strategy2.npz,21874–26073,EGG,EGG,TP
continuous_1122_S6_strategy2.npz,22366–24833,—,SATURDAY,FP
continuous_1122_S6_strategy2.npz,26073–30319,COLD,COLD,TP
continuous_1123_S6_strategy2.npz,0–4622,FAST,FAST,TP
continuous_1123_S6_strategy2.npz,4622–8788,SHRIMP,SHRIMP,TP
continuous_1123_S6_strategy2.npz,8788–13159,TEN,TEN,TP
continuous_1123_S6_strategy2.npz,13159–17438,NO SUGAR,NO SUGAR,TP
continuous_1123_S6_strategy2.npz,17438–21717,DAUGHTER,DAUGHTER,TP
continuous_1123_S6_strategy2.npz,21717–25963,GIRL,GIRL,TP
continuous_1123_S6_strategy2.npz,25963–29763,YOURE WELCOME,YOURE WELCOME,TP
continuous_1124_S6_strategy2.npz,0–4213,MARCH,MARCH,TP
continuous_1124_S6_strategy2.npz,4213–8412,NINE,NINE,TP
continuous_1124_S6_strategy2.npz,8412–12658,VIOLET,VIOLET,TP
continuous_1124_S6_strategy2.npz,12658–16904,HOT,HOT,TP
continuous_1124_S6_strategy2.npz,16904–21117,FISH,FISH,TP
continuous_1125_S6_strategy2.npz,0–4246,AUGUST,AUGUST,TP
continuous_1125_S6_strategy2.npz,4246–8492,COUSIN,COUSIN,TP
continuous_1125_S6_strategy2.npz,7033–9400,—,TOMORROW,FP
continuous_1125_S6_strategy2.npz,8492–12738,TOMORROW,—,FN
continuous_1125_S6_strategy2.npz,9400–11766,—,GOOD MORNING,FP
continuous_1125_S6_strategy2.npz,12738–17288,THREE,THREE,TP
continuous_1125_S6_strategy2.npz,17288–22412,SEE YOU TOMORROW,SEE YOU TOMORROW,TP
continuous_1125_S6_strategy2.npz,22412–26444,EGG,EGG,TP
continuous_1126_S6_strategy2.npz,0–4199,THANK YOU,THANK YOU,TP
continuous_1126_S6_strategy2.npz,4199–8445,TUESDAY,TUESDAY,TP
continuous_1126_S6_strategy2.npz,8445–12691,MOTHER,MOTHER,TP
continuous_1126_S6_strategy2.npz,12691–16585,NOVEMBER,NOVEMBER,TP
continuous_1126_S6_strategy2.npz,16585–20831,COFFEE,COFFEE,TP
continuous_1126_S6_strategy2.npz,20831–25030,FISH,FISH,TP
continuous_1126_S6_strategy2.npz,25030–29276,GIRL,GIRL,TP
continuous_1127_S6_strategy2.npz,0–4246,JUNE,JUNE,TP
continuous_1127_S6_strategy2.npz,2700–5400,—,JULY,FP
continuous_1127_S6_strategy2.npz,4246–8379,WRONG,WRONG,TP
continuous_1127_S6_strategy2.npz,8379–12592,BOY,BOY,TP
continuous_1127_S6_strategy2.npz,10833–13533,—,ORANGE,FP
continuous_1127_S6_strategy2.npz,12592–16838,ORANGE,—,FN
continuous_1127_S6_strategy2.npz,13533–16266,—,BLUE,FP
continuous_1127_S6_strategy2.npz,16266–18966,—,COFFEE,FP
continuous_1127_S6_strategy2.npz,16838–21070,COFFEE,—,FN
continuous_1127_S6_strategy2.npz,18966–21666,—,SPAGHETTI,FP
continuous_1127_S6_strategy2.npz,21070–25316,FISH,FISH,TP
continuous_1127_S6_strategy2.npz,25316–29748,IM FINE,IM FINE,TP
continuous_1128_S6_strategy2.npz,0–4365,HELLO,HELLO,TP
continuous_1128_S6_strategy2.npz,4365–8611,WOMAN,WOMAN,TP
continuous_1128_S6_strategy2.npz,6200–9300,—,JANUARY,FP
continuous_1128_S6_strategy2.npz,8611–12857,JANUARY,—,FN
continuous_1128_S6_strategy2.npz,9300–12400,—,THREE,FP
continuous_1128_S6_strategy2.npz,12857–17103,NO SUGAR,NO SUGAR,TP
continuous_1128_S6_strategy2.npz,17103–21976,UNDERSTAND,UNDERSTAND,TP
continuous_1129_S6_strategy2.npz,0–4246,JUICE,JUICE,TP
continuous_1129_S6_strategy2.npz,4246–8492,WOMAN,WOMAN,TP
continuous_1129_S6_strategy2.npz,8492–12738,BROWN,BROWN,TP
continuous_1129_S6_strategy2.npz,10600–14133,—,TEN,FP
continuous_1129_S6_strategy2.npz,12738–16903,GOOD AFTERNOON,GOOD AFTERNOON,TP
continuous_1129_S6_strategy2.npz,16903–21149,GRANDMOTHER,GRANDMOTHER,TP
continuous_1130_S6_strategy2.npz,0–4246,NO SUGAR,NO SUGAR,TP
continuous_1130_S6_strategy2.npz,2700–5433,—,SUGAR,FP
continuous_1130_S6_strategy2.npz,4246–8492,BROWN,BROWN,TP
continuous_1130_S6_strategy2.npz,8166–10866,—,GOOD AFTERNOON,FP
continuous_1130_S6_strategy2.npz,8492–12991,GOOD AFTERNOON,—,FN
continuous_1130_S6_strategy2.npz,12991–17270,RICE,RICE,TP
continuous_1130_S6_strategy2.npz,17270–21399,FRIDAY,FRIDAY,TP
continuous_1130_S6_strategy2.npz,21399–25612,GRANDMOTHER,GRANDMOTHER,TP
continuous_1130_S6_strategy2.npz,24500–27233,—,RED,FP
continuous_1130_S6_strategy2.npz,25612–29858,DEAF,DEAF,TP
continuous_1131_S6_strategy2.npz,0–4279,LONGANISA,LONGANISA,TP
continuous_1131_S6_strategy2.npz,4279–8525,PARENTS,PARENTS,TP
continuous_1131_S6_strategy2.npz,7133–9500,—,ONE,FP
continuous_1131_S6_strategy2.npz,8525–12738,LIGHT,LIGHT,TP
continuous_1131_S6_strategy2.npz,12738–17017,AUGUST,AUGUST,TP
continuous_1131_S6_strategy2.npz,17017–21881,YOURE WELCOME,YOURE WELCOME,TP
continuous_1131_S6_strategy2.npz,21433–23800,—,LIGHT,FP
continuous_1131_S6_strategy2.npz,21881–26127,SUNDAY,SUNDAY,TP
continuous_1132_S6_strategy2.npz,0–4246,YELLOW,YELLOW,TP
continuous_1132_S6_strategy2.npz,3500–7033,—,MOTHER,FP
continuous_1132_S6_strategy2.npz,4246–8868,DON'T KNOW,DON’T KNOW,TP
continuous_1132_S6_strategy2.npz,8868–12896,MONDAY,MONDAY,TP
continuous_1132_S6_strategy2.npz,12896–17142,DECEMBER,DECEMBER,TP
continuous_1132_S6_strategy2.npz,17142–21388,SON,SON,TP
continuous_1133_S6_strategy2.npz,0–4196,WEDNESDAY,WEDNESDAY,TP
continuous_1133_S6_strategy2.npz,4196–9355,SEE YOU TOMORROW,SEE YOU TOMORROW,TP
continuous_1133_S6_strategy2.npz,7600–10133,—,TOMORROW,FP
continuous_1133_S6_strategy2.npz,9355–13601,VIOLET,VIOLET,TP
continuous_1133_S6_strategy2.npz,13601–17880,AUNTIE,AUNTIE,TP
continuous_1133_S6_strategy2.npz,17880–22466,SEVEN,—,FN
continuous_1133_S6_strategy2.npz,20300–22833,—,SEVEN,FP
continuous_1133_S6_strategy2.npz,22466–26766,KNOW,KNOW,TP
continuous_1133_S6_strategy2.npz,26766–31012,NO SUGAR,NO SUGAR,TP
continuous_1134_S6_strategy2.npz,0–4246,MARRIED,MARRIED,TP
continuous_1134_S6_strategy2.npz,2233–4500,—,FAST,FP
continuous_1134_S6_strategy2.npz,4246–8725,ONE,ONE,TP
continuous_1134_S6_strategy2.npz,6766–9033,—,FAST,FP
continuous_1134_S6_strategy2.npz,8725–13311,KNOW,KNOW,TP
continuous_1134_S6_strategy2.npz,13311–17272,TOMORROW,TOMORROW,TP
continuous_1134_S6_strategy2.npz,15833–18100,—,WRONG,FP
continuous_1134_S6_strategy2.npz,17272–21471,JUICE,JUICE,TP
continuous_1134_S6_strategy2.npz,21471–25717,GRANDMOTHER,GRANDMOTHER,TP
continuous_1134_S6_strategy2.npz,25717–29930,JUNE,JUNE,TP
continuous_1135_S6_strategy2.npz,0–4443,SLOW,SLOW,TP
continuous_1135_S6_strategy2.npz,4443–8689,DAUGHTER,DAUGHTER,TP
continuous_1135_S6_strategy2.npz,8689–12755,WINE,WINE,TP
continuous_1135_S6_strategy2.npz,12755–16968,EGG,EGG,TP
continuous_1135_S6_strategy2.npz,16066–18733,—,HELLO,FP
continuous_1135_S6_strategy2.npz,16968–21482,EIGHT,EIGHT,TP
continuous_1135_S6_strategy2.npz,21482–25728,DECEMBER,DECEMBER,TP
continuous_1135_S6_strategy2.npz,24100–26766,—,DEAF,FP
continuous_1135_S6_strategy2.npz,25728–29941,DEAF BLIND,DEAF BLIND,TP
continuous_1136_S6_strategy2.npz,0–4246,TUESDAY,TUESDAY,TP
continuous_1136_S6_strategy2.npz,3166–6366,—,BLACK,FP
continuous_1136_S6_strategy2.npz,4246–8492,BLACK,—,FN
continuous_1136_S6_strategy2.npz,6366–9566,—,MAN,FP
continuous_1136_S6_strategy2.npz,8492–12771,FISH,FISH,TP
continuous_1136_S6_strategy2.npz,12771–16984,GRANDFATHER,GRANDFATHER,TP
continuous_1136_S6_strategy2.npz,16984–21216,JUICE,JUICE,TP
continuous_1136_S6_strategy2.npz,21216–25462,WEELCHAIR PERSON,WEELCHAIR PERSON,TP
continuous_1137_S6_strategy2.npz,0–3949,CRAB,CRAB,TP
continuous_1137_S6_strategy2.npz,3949–7981,UNCLE,UNCLE,TP
continuous_1137_S6_strategy2.npz,6900–9200,—,WINE,FP
continuous_1137_S6_strategy2.npz,7981–12424,FOUR,FOUR,TP
continuous_1137_S6_strategy2.npz,12424–16703,JULY,JULY,TP
continuous_1137_S6_strategy2.npz,16703–20916,MAN,MAN,TP
continuous_1138_S6_strategy2.npz,0–3860,MARCH,MARCH,TP
continuous_1138_S6_strategy2.npz,2966–5966,—,BEER,FP
continuous_1138_S6_strategy2.npz,3860–8139,BEER,—,FN
continuous_1138_S6_strategy2.npz,5966–8966,—,KNOW,FP
continuous_1138_S6_strategy2.npz,8139–12653,DON'T KNOW,DON’T KNOW,TP
continuous_1138_S6_strategy2.npz,11933–14933,—,COFFEE,FP
continuous_1138_S6_strategy2.npz,12653–16899,SPAGHETTI,SPAGHETTI,TP
continuous_1138_S6_strategy2.npz,16899–21145,YESTERDAY,—,FN
continuous_1138_S6_strategy2.npz,17933–20933,—,MONDAY,FP
continuous_1139_S6_strategy2.npz,0–4246,MOTHER,MOTHER,TP
continuous_1139_S6_strategy2.npz,2800–5633,—,HARD OF HEARING,FP
continuous_1139_S6_strategy2.npz,4246–8492,MILK,MILK,TP
continuous_1139_S6_strategy2.npz,8492–12557,BLACK,BLACK,TP
continuous_1139_S6_strategy2.npz,12557–17107,SIX,SIX,TP
continuous_1139_S6_strategy2.npz,17107–21353,TOMORROW,TOMORROW,TP
continuous_1139_S6_strategy2.npz,21353–25650,JUNE,JUNE,TP
continuous_1140_S6_strategy2.npz,0–4246,AUGUST,AUGUST,TP
continuous_1140_S6_strategy2.npz,4246–8492,THURSDAY,THURSDAY,TP
continuous_1140_S6_strategy2.npz,8492–12738,MAN,MAN,TP
continuous_1140_S6_strategy2.npz,12738–17288,FOUR,FOUR,TP
continuous_1140_S6_strategy2.npz,17288–21587,THANK YOU,THANK YOU,TP
continuous_1140_S6_strategy2.npz,21587–25686,AUNTIE,AUNTIE,TP
continuous_1140_S6_strategy2.npz,25686–29899,BLUE,BLUE,TP
continuous_1141_S6_strategy2.npz,0–4232,FISH,FISH,TP
continuous_1141_S6_strategy2.npz,2866–5733,—,THREE,FP
continuous_1141_S6_strategy2.npz,4232–8364,THREE,—,FN
continuous_1141_S6_strategy2.npz,5733–8633,—,DEAF,FP
continuous_1141_S6_strategy2.npz,8364–13096,IM FINE,IM FINE,TP
continuous_1141_S6_strategy2.npz,11500–14366,—,OCTOBER,FP
continuous_1141_S6_strategy2.npz,13096–17375,OCTOBER,—,FN
continuous_1141_S6_strategy2.npz,14366–17266,—,JULY,FP
continuous_1141_S6_strategy2.npz,17375–21588,BLIND,BLIND,TP
continuous_1141_S6_strategy2.npz,21588–25834,YESTERDAY,YESTERDAY,TP
continuous_1142_S6_strategy2.npz,0–4246,SATURDAY,SATURDAY,TP
continuous_1142_S6_strategy2.npz,2800–5600,—,FIVE,FP
continuous_1142_S6_strategy2.npz,4246–8345,FIVE,—,FN
continuous_1142_S6_strategy2.npz,5600–8433,—,JANUARY,FP
continuous_1142_S6_strategy2.npz,8345–12474,JUNE,JUNE,TP
continuous_1142_S6_strategy2.npz,11233–14033,—,FAST,FP
continuous_1142_S6_strategy2.npz,12474–16753,MOTHER,MOTHER,TP
continuous_1142_S6_strategy2.npz,16753–20999,RICE,RICE,TP
continuous_1142_S6_strategy2.npz,16866–19666,—,BREAD,FP
continuous_1142_S6_strategy2.npz,20999–25212,JUICE,JUICE,TP
continuous_1143_S6_strategy2.npz,0–4165,SPAGHETTI,SPAGHETTI,TP
continuous_1143_S6_strategy2.npz,4165–8411,FRIDAY,FRIDAY,TP
continuous_1143_S6_strategy2.npz,5900–8866,—,EIGHT,FP
continuous_1143_S6_strategy2.npz,8411–12624,RED,RED,TP
continuous_1143_S6_strategy2.npz,12624–16903,JULY,JULY,TP
continuous_1143_S6_strategy2.npz,16903–21032,GIRL,GIRL,TP
continuous_1143_S6_strategy2.npz,21032–25511,CORRECT,—,FN
continuous_1143_S6_strategy2.npz,23700–26666,—,CORRECT,FP
continuous_1143_S6_strategy2.npz,25511–30133,TEN,TEN,TP
continuous_1144_S6_strategy2.npz,0–4432,IM FINE,IM FINE,TP
continuous_1144_S6_strategy2.npz,2133–4266,—,NICE TO MEET YOU,FP
continuous_1144_S6_strategy2.npz,4266–6400,—,EIGHT,FP
continuous_1144_S6_strategy2.npz,4432–8982,EIGHT,—,FN
continuous_1144_S6_strategy2.npz,6400–8533,—,NO SUGAR,FP
continuous_1144_S6_strategy2.npz,8982–13228,RED,RED,TP
continuous_1144_S6_strategy2.npz,13228–17424,MARRIED,MARRIED,TP
continuous_1144_S6_strategy2.npz,17424–21670,FATHER,FATHER,TP
continuous_1144_S6_strategy2.npz,19233–21366,—,PARENTS,FP
continuous_1144_S6_strategy2.npz,21366–23500,—,ORANGE,FP
continuous_1144_S6_strategy2.npz,21670–25916,WINE,WINE,TP
continuous_1144_S6_strategy2.npz,25633–27766,—,THURSDAY,FP
continuous_1144_S6_strategy2.npz,25916–30129,EGG,EGG,TP
continuous_1145_S6_strategy2.npz,0–5666,—,MARCH,FP
continuous_1145_S6_strategy2.npz,0–4279,APRIL,—,FN
continuous_1145_S6_strategy2.npz,4279–8312,NO,NO,TP
continuous_1145_S6_strategy2.npz,8312–12558,FATHER,FATHER,TP
continuous_1145_S6_strategy2.npz,12558–16757,CRAB,CRAB,TP
continuous_1145_S6_strategy2.npz,16757–21451,SEVEN,SEVEN,TP
continuous_1145_S6_strategy2.npz,19833–22666,—,BLUE,FP
continuous_1145_S6_strategy2.npz,21451–25783,HELLO,HELLO,TP
continuous_1146_S6_strategy2.npz,0–4133,SEE YOU TOMORROW,SEE YOU TOMORROW,TP
continuous_1146_S6_strategy2.npz,4133–8313,SUGAR,SUGAR,TP
continuous_1146_S6_strategy2.npz,8313–12559,FEBRUARY,FEBRUARY,TP
continuous_1146_S6_strategy2.npz,10533–13166,—,JANUARY,FP
continuous_1146_S6_strategy2.npz,12559–16805,SON,SON,TP
continuous_1146_S6_strategy2.npz,16805–21284,FIVE,FIVE,TP
continuous_1147_S6_strategy2.npz,0–4246,LIGHT,LIGHT,TP
continuous_1147_S6_strategy2.npz,4246–8279,WINE,WINE,TP
continuous_1147_S6_strategy2.npz,8279–12558,FISH,—,FN
continuous_1147_S6_strategy2.npz,10766–13466,—,FISH,FP
continuous_1147_S6_strategy2.npz,12558–16804,SEPTEMBER,SEPTEMBER,TP
continuous_1147_S6_strategy2.npz,16804–21050,DAUGHTER,DAUGHTER,TP
continuous_1147_S6_strategy2.npz,18866–21566,—,YESTERDAY,FP
continuous_1147_S6_strategy2.npz,21050–25296,GIRL,GIRL,TP
continuous_1147_S6_strategy2.npz,25296–29846,YES,YES,TP
continuous_1148_S6_strategy2.npz,0–4246,MONDAY,MONDAY,TP
continuous_1148_S6_strategy2.npz,4246–8492,GREEN,GREEN,TP
continuous_1148_S6_strategy2.npz,6366–9566,—,AUNTIE,FP
continuous_1148_S6_strategy2.npz,8492–12738,JULY,JULY,TP
continuous_1148_S6_strategy2.npz,12738–16983,BREAD,BREAD,TP
continuous_1148_S6_strategy2.npz,12766–15966,—,RED,FP
continuous_1148_S6_strategy2.npz,16983–21229,BLIND,BLIND,TP
continuous_1148_S6_strategy2.npz,21229–25442,GRANDFATHER,GRANDFATHER,TP
continuous_1149_S6_strategy2.npz,0–5892,CRAB,CRAB,TP
continuous_1149_S6_strategy2.npz,5892–10371,FIVE,FIVE,TP
continuous_1149_S6_strategy2.npz,10371–14584,MAN,MAN,TP
continuous_1149_S6_strategy2.npz,14584–18830,HOT,—,FN
continuous_1149_S6_strategy2.npz,16333–19600,—,HOT,FP
continuous_1149_S6_strategy2.npz,18830–23075,DECEMBER,DECEMBER,TP
continuous_1150_S6_strategy2.npz,0–4944,DON'T KNOW,DON’T KNOW,TP
continuous_1150_S6_strategy2.npz,4944–8871,FEBRUARY,FEBRUARY,TP
continuous_1150_S6_strategy2.npz,8871–13503,HOW ARE YOU,HOW ARE YOU,TP
continuous_1150_S6_strategy2.npz,13503–17749,DARK,DARK,TP
continuous_1150_S6_strategy2.npz,17749–22228,FIVE,FIVE,TP
continuous_1151_S6_strategy2.npz,0–4245,BREAD,BREAD,TP
continuous_1151_S6_strategy2.npz,2533–5100,—,HOT,FP
continuous_1151_S6_strategy2.npz,4245–8491,HOT,—,FN
continuous_1151_S6_strategy2.npz,5100–7633,—,WEELCHAIR PERSON,FP
continuous_1151_S6_strategy2.npz,7633–10200,—,SIX,FP
continuous_1151_S6_strategy2.npz,8491–12690,SEVEN,SEVEN,TP
continuous_1151_S6_strategy2.npz,12690–16969,DEAF,—,FN
continuous_1151_S6_strategy2.npz,15300–17866,—,DEAF,FP
continuous_1151_S6_strategy2.npz,16969–21215,UNCLE,UNCLE,TP
continuous_1151_S6_strategy2.npz,17866–20400,—,WOMAN,FP
continuous_1151_S6_strategy2.npz,21215–25729,SLOW,SLOW,TP
continuous_1152_S6_strategy2.npz,0–4246,MAY,MAY,TP
continuous_1152_S6_strategy2.npz,4246–8341,BLIND,BLIND,TP
continuous_1152_S6_strategy2.npz,7033–9366,—,GRANDMOTHER,FP
continuous_1152_S6_strategy2.npz,8341–13054,YOURE WELCOME,YOURE WELCOME,TP
continuous_1152_S6_strategy2.npz,13054–17119,ONE,ONE,TP
continuous_1152_S6_strategy2.npz,17119–21598,SLOW,SLOW,TP
continuous_1153_S6_strategy2.npz,0–4032,MILK,MILK,TP
continuous_1153_S6_strategy2.npz,4032–8277,MOTHER,MOTHER,TP
continuous_1153_S6_strategy2.npz,8277–12756,TEN,TEN,TP
continuous_1153_S6_strategy2.npz,12756–17002,BLIND,BLIND,TP
continuous_1153_S6_strategy2.npz,15000–18000,—,YESTERDAY,FP
continuous_1153_S6_strategy2.npz,17002–21248,MONDAY,MONDAY,TP
continuous_1154_S6_strategy2.npz,0–4279,GIRL,GIRL,TP
continuous_1154_S6_strategy2.npz,4279–8525,RICE,RICE,TP
continuous_1154_S6_strategy2.npz,8525–12658,WINE,WINE,TP
continuous_1154_S6_strategy2.npz,12658–16658,IM FINE,IM FINE,TP
continuous_1154_S6_strategy2.npz,16658–20871,RED,RED,TP
continuous_1154_S6_strategy2.npz,20871–25529,FIVE,FIVE,TP
continuous_1154_S6_strategy2.npz,24633–27100,—,SEPTEMBER,FP
continuous_1154_S6_strategy2.npz,25529–29775,AUGUST,AUGUST,TP
continuous_1155_S6_strategy2.npz,0–4246,OCTOBER,OCTOBER,TP
continuous_1155_S6_strategy2.npz,2266–4566,—,TEN,FP
continuous_1155_S6_strategy2.npz,4246–8678,GOOD AFTERNOON,GOOD AFTERNOON,TP
continuous_1155_S6_strategy2.npz,6866–9166,—,SON,FP
continuous_1155_S6_strategy2.npz,8678–12941,BLIND,BLIND,TP
continuous_1155_S6_strategy2.npz,12941–17036,THURSDAY,THURSDAY,TP
continuous_1155_S6_strategy2.npz,16033–18333,—,YOURE WELCOME,FP
continuous_1155_S6_strategy2.npz,17036–21550,SEVEN,SEVEN,TP
continuous_1155_S6_strategy2.npz,21550–25829,DAUGHTER,DAUGHTER,TP
continuous_1155_S6_strategy2.npz,25829–30343,FAST,FAST,TP
continuous_1156_S6_strategy2.npz,0–3961,MARCH,MARCH,TP
continuous_1156_S6_strategy2.npz,3961–8174,PINK,PINK,TP
continuous_1156_S6_strategy2.npz,8174–12101,BLIND,BLIND,TP
continuous_1156_S6_strategy2.npz,11300–14133,—,BREAD,FP
continuous_1156_S6_strategy2.npz,12101–16899,NICE TO MEET YOU,NICE TO MEET YOU,TP
continuous_1156_S6_strategy2.npz,16899–21145,SATURDAY,—,FN
continuous_1156_S6_strategy2.npz,19800–22633,—,SATURDAY,FP
continuous_1156_S6_strategy2.npz,21145–25391,COFFEE,COFFEE,TP
continuous_1157_S6_strategy2.npz,0–4246,DEAF BLIND,DEAF BLIND,TP
continuous_1157_S6_strategy2.npz,2133–4266,—,HOT,FP
continuous_1157_S6_strategy2.npz,4246–8492,MILK,MILK,TP
continuous_1157_S6_strategy2.npz,6400–10666,—,SEE YOU TOMORROW,FP
continuous_1157_S6_strategy2.npz,8492–12857,IM FINE,IM FINE,TP
continuous_1157_S6_strategy2.npz,12800–14933,—,SON,FP
continuous_1157_S6_strategy2.npz,12857–17103,BLACK,—,FN
continuous_1157_S6_strategy2.npz,14933–17066,—,BLACK,FP
continuous_1157_S6_strategy2.npz,17066–19200,—,DAUGHTER,FP
continuous_1157_S6_strategy2.npz,17103–21316,PARENTS,PARENTS,TP
continuous_1157_S6_strategy2.npz,21316–25529,SATURDAY,SATURDAY,TP
continuous_1157_S6_strategy2.npz,21333–23466,—,MOTHER,FP
continuous_1158_S6_strategy2.npz,0–4246,MONDAY,MONDAY,TP
continuous_1158_S6_strategy2.npz,4246–8492,SHRIMP,SHRIMP,TP
continuous_1158_S6_strategy2.npz,8492–12738,MOTHER,—,FN
continuous_1158_S6_strategy2.npz,10600–14133,—,MOTHER,FP
continuous_1158_S6_strategy2.npz,12738–16737,BROWN,BROWN,TP
continuous_1158_S6_strategy2.npz,16737–21136,GOOD AFTERNOON,GOOD AFTERNOON,TP
continuous_1159_S6_strategy2.npz,0–4246,BLIND,BLIND,TP
continuous_1159_S6_strategy2.npz,4246–8760,EIGHT,EIGHT,TP
continuous_1159_S6_strategy2.npz,8200–10933,—,DON’T KNOW,FP
continuous_1159_S6_strategy2.npz,8760–13346,DON'T KNOW,—,FN
continuous_1159_S6_strategy2.npz,10933–13666,—,FRIDAY,FP
continuous_1159_S6_strategy2.npz,13346–17609,FRIDAY,—,FN
continuous_1159_S6_strategy2.npz,13666–16433,—,EIGHT,FP
continuous_1159_S6_strategy2.npz,16433–19166,—,NICE TO MEET YOU,FP
continuous_1159_S6_strategy2.npz,17609–22340,NICE TO MEET YOU,—,FN
continuous_1159_S6_strategy2.npz,19166–21900,—,TEA,FP
continuous_1159_S6_strategy2.npz,22340–26619,JUNE,JUNE,TP
continuous_1159_S6_strategy2.npz,26619–30651,COFFEE,COFFEE,TP
continuous_1160_S6_strategy2.npz,0–4788,YOURE WELCOME,YOURE WELCOME,TP
continuous_1160_S6_strategy2.npz,2566–5133,—,HOT,FP
continuous_1160_S6_strategy2.npz,4788–9067,WEELCHAIR PERSON,WEELCHAIR PERSON,TP
continuous_1160_S6_strategy2.npz,7733–10300,—,GOOD AFTERNOON,FP
continuous_1160_S6_strategy2.npz,9067–13232,FOUR,FOUR,TP
continuous_1160_S6_strategy2.npz,12900–15466,—,MARCH,FP
continuous_1160_S6_strategy2.npz,13232–17477,OCTOBER,OCTOBER,TP
continuous_1160_S6_strategy2.npz,17477–21756,JUICE,JUICE,TP
continuous_1160_S6_strategy2.npz,21756–26035,VIOLET,VIOLET,TP
continuous_1161_S6_strategy2.npz,0–4232,FATHER,FATHER,TP
continuous_1161_S6_strategy2.npz,4232–8890,SLOW,SLOW,TP
continuous_1161_S6_strategy2.npz,8033–10733,—,LONGANISA,FP
continuous_1161_S6_strategy2.npz,8890–13103,WEELCHAIR PERSON,WEELCHAIR PERSON,TP
continuous_1161_S6_strategy2.npz,13103–17349,LONGANISA,LONGANISA,TP
continuous_1161_S6_strategy2.npz,17349–20323,FOUR,FOUR,TP
continuous_1161_S6_strategy2.npz,20323–24569,RED,RED,TP
continuous_1162_S6_strategy2.npz,0–4246,SHRIMP,SHRIMP,TP
continuous_1162_S6_strategy2.npz,4246–8653,DON'T KNOW,DON’T KNOW,TP
continuous_1162_S6_strategy2.npz,8653–12852,FOUR,FOUR,TP
continuous_1162_S6_strategy2.npz,12852–17098,BOY,BOY,TP
continuous_1162_S6_strategy2.npz,17098–21344,THURSDAY,THURSDAY,TP
continuous_1162_S6_strategy2.npz,21344–25476,BROWN,BROWN,TP
continuous_1162_S6_strategy2.npz,25476–29722,WINE,WINE,TP
continuous_1163_S6_strategy2.npz,0–4246,EGG,EGG,TP
continuous_1163_S6_strategy2.npz,4246–8492,HOT,HOT,TP
continuous_1163_S6_strategy2.npz,6366–9566,—,DEAF,FP
continuous_1163_S6_strategy2.npz,8492–12722,DEAF BLIND,DEAF BLIND,TP
continuous_1163_S6_strategy2.npz,12722–16968,DECEMBER,DECEMBER,TP
continuous_1163_S6_strategy2.npz,12766–15933,—,BLIND,FP
continuous_1163_S6_strategy2.npz,16968–21247,WHITE,—,FN
continuous_1163_S6_strategy2.npz,19133–22333,—,WHITE,FP
continuous_1163_S6_strategy2.npz,21247–25726,EIGHT,EIGHT,TP
continuous_1164_S6_strategy2.npz,0–5052,SLOW,SLOW,TP
continuous_1164_S6_strategy2.npz,5052–9264,SEPTEMBER,SEPTEMBER,TP
continuous_1164_S6_strategy2.npz,9264–13629,GOOD EVENING,GOOD EVENING,TP
continuous_1164_S6_strategy2.npz,13629–17875,THURSDAY,THURSDAY,TP
continuous_1164_S6_strategy2.npz,17875–22389,EIGHT,EIGHT,TP
continuous_1164_S6_strategy2.npz,22389–26588,MEAT,MEAT,TP
continuous_1164_S6_strategy2.npz,26588–30800,BLIND,BLIND,TP
continuous_1165_S6_strategy2.npz,0–4246,GIRL,GIRL,TP
continuous_1165_S6_strategy2.npz,2966–5933,—,WEELCHAIR PERSON,FP
continuous_1165_S6_strategy2.npz,4246–8512,DON'T KNOW,DON’T KNOW,TP
continuous_1165_S6_strategy2.npz,8512–12744,SIX,SIX,TP
continuous_1165_S6_strategy2.npz,11866–14866,—,MARRIED,FP
continuous_1165_S6_strategy2.npz,12744–16990,MEAT,MEAT,TP
continuous_1165_S6_strategy2.npz,16990–21236,MAY,MAY,TP
continuous_1165_S6_strategy2.npz,17833–20800,—,JANUARY,FP
continuous_1165_S6_strategy2.npz,21236–25401,GOOD EVENING,GOOD EVENING,TP
continuous_1165_S6_strategy2.npz,25401–29647,GRANDMOTHER,GRANDMOTHER,TP
continuous_1166_S6_strategy2.npz,0–4246,WEDNESDAY,WEDNESDAY,TP
continuous_1166_S6_strategy2.npz,4246–8525,PARENTS,PARENTS,TP
continuous_1166_S6_strategy2.npz,6466–9700,—,MOTHER,FP
continuous_1166_S6_strategy2.npz,8525–12657,BEER,BEER,TP
continuous_1166_S6_strategy2.npz,12657–16786,JULY,JULY,TP
continuous_1166_S6_strategy2.npz,16786–20886,SEE YOU TOMORROW,SEE YOU TOMORROW,TP
continuous_1166_S6_strategy2.npz,19400–22633,—,TEN,FP
continuous_1166_S6_strategy2.npz,20886–25257,FIVE,FIVE,TP
continuous_1166_S6_strategy2.npz,25257–29352,BOY,BOY,TP
continuous_1167_S6_strategy2.npz,0–4213,GRANDFATHER,GRANDFATHER,TP
continuous_1167_S6_strategy2.npz,2466–4966,—,PARENTS,FP
continuous_1167_S6_strategy2.npz,4213–8459,JANUARY,JANUARY,TP
continuous_1167_S6_strategy2.npz,8459–13045,FIVE,FIVE,TP
continuous_1167_S6_strategy2.npz,13045–17291,DEAF,DEAF,TP
continuous_1167_S6_strategy2.npz,17291–21537,LONGANISA,LONGANISA,TP
continuous_1167_S6_strategy2.npz,17400–19866,—,GIRL,FP
continuous_1167_S6_strategy2.npz,21537–25783,COFFEE,—,FN
continuous_1167_S6_strategy2.npz,24833–27333,—,COFFEE,FP
continuous_1167_S6_strategy2.npz,25783–29996,ORANGE,ORANGE,TP
continuous_1168_S6_strategy2.npz,0–4550,CORRECT,CORRECT,TP
continuous_1168_S6_strategy2.npz,2466–4966,—,ONE,FP
continuous_1168_S6_strategy2.npz,4550–9100,ONE,—,FN
continuous_1168_S6_strategy2.npz,4966–7433,—,DAUGHTER,FP
continuous_1168_S6_strategy2.npz,7433–9933,—,PARENTS,FP
continuous_1168_S6_strategy2.npz,9100–13313,PARENTS,—,FN
continuous_1168_S6_strategy2.npz,9933–14900,—,MOTHER,FP
continuous_1168_S6_strategy2.npz,13313–17559,WEDNESDAY,WEDNESDAY,TP
continuous_1168_S6_strategy2.npz,17366–19866,—,MARRIED,FP
continuous_1168_S6_strategy2.npz,17559–21825,COFFEE,COFFEE,TP
continuous_1168_S6_strategy2.npz,21825–26021,MAN,MAN,TP
continuous_1168_S6_strategy2.npz,22333–24833,—,JUICE,FP
continuous_1168_S6_strategy2.npz,26021–30300,APRIL,APRIL,TP
continuous_1169_S6_strategy2.npz,0–4279,YELLOW,YELLOW,TP
continuous_1169_S6_strategy2.npz,4279–8686,FIVE,FIVE,TP
continuous_1169_S6_strategy2.npz,8686–12932,TEA,TEA,TP
continuous_1169_S6_strategy2.npz,10733–13433,—,GIRL,FP
continuous_1169_S6_strategy2.npz,12932–17061,TUESDAY,TUESDAY,TP
continuous_1169_S6_strategy2.npz,16133–18833,—,UNCLE,FP
continuous_1169_S6_strategy2.npz,17061–21307,MARCH,MARCH,TP
continuous_1169_S6_strategy2.npz,21307–25553,PARENTS,PARENTS,TP
continuous_1169_S6_strategy2.npz,24200–26900,—,MOTHER,FP
continuous_1169_S6_strategy2.npz,25553–29785,IM FINE,IM FINE,TP
continuous_1170_S6_strategy2.npz,0–4246,GREEN,GREEN,TP
continuous_1170_S6_strategy2.npz,2933–5866,—,YOURE WELCOME,FP
continuous_1170_S6_strategy2.npz,4246–8904,YOURE WELCOME,—,FN
continuous_1170_S6_strategy2.npz,8904–13150,YESTERDAY,YESTERDAY,TP
continuous_1170_S6_strategy2.npz,11766–14733,—,DEAF,FP
continuous_1170_S6_strategy2.npz,13150–17429,DEAF,—,FN
continuous_1170_S6_strategy2.npz,14733–17666,—,FAST,FP
continuous_1170_S6_strategy2.npz,17429–21943,WRONG,WRONG,TP
continuous_1170_S6_strategy2.npz,21943–25837,APRIL,APRIL,TP
continuous_1170_S6_strategy2.npz,25837–30244,NINE,NINE,TP
continuous_1171_S6_strategy2.npz,0–4246,FRIDAY,FRIDAY,TP
continuous_1171_S6_strategy2.npz,4246–8492,PARENTS,PARENTS,TP
continuous_1171_S6_strategy2.npz,6766–9033,—,MOTHER,FP
continuous_1171_S6_strategy2.npz,8492–12458,BLACK,BLACK,TP
continuous_1171_S6_strategy2.npz,11300–13566,—,CHICKEN,FP
continuous_1171_S6_strategy2.npz,12458–16937,FOUR,FOUR,TP
continuous_1171_S6_strategy2.npz,15800–18066,—,RED,FP
continuous_1171_S6_strategy2.npz,16937–21183,DEAF,DEAF,TP
continuous_1171_S6_strategy2.npz,21183–25396,DECEMBER,DECEMBER,TP
continuous_1171_S6_strategy2.npz,24866–27133,—,SEE YOU TOMORROW,FP
continuous_1171_S6_strategy2.npz,25396–29595,SHRIMP,SHRIMP,TP
continuous_1172_S6_strategy2.npz,0–4246,WEELCHAIR PERSON,WEELCHAIR PERSON,TP
continuous_1172_S6_strategy2.npz,4246–8178,LONGANISA,LONGANISA,TP
continuous_1172_S6_strategy2.npz,8178–12692,NINE,NINE,TP
continuous_1172_S6_strategy2.npz,10466–13933,—,TEA,FP
continuous_1172_S6_strategy2.npz,12692–16905,JULY,JULY,TP
continuous_1172_S6_strategy2.npz,16905–21151,RED,RED,TP
continuous_1173_S6_strategy2.npz,0–4266,SLOW,SLOW,TP
continuous_1173_S6_strategy2.npz,4266–8298,MOTHER,MOTHER,TP
continuous_1173_S6_strategy2.npz,8298–12577,BROWN,BROWN,TP
continuous_1173_S6_strategy2.npz,12577–16543,COFFEE,COFFEE,TP
continuous_1173_S6_strategy2.npz,16543–20789,FISH,FISH,TP
continuous_1174_S6_strategy2.npz,0–4246,TOMORROW,TOMORROW,TP
continuous_1174_S6_strategy2.npz,2333–4666,—,AUNTIE,FP
continuous_1174_S6_strategy2.npz,4246–8491,NOVEMBER,NOVEMBER,TP
continuous_1174_S6_strategy2.npz,7000–9333,—,JANUARY,FP
continuous_1174_S6_strategy2.npz,8491–12723,HELLO,HELLO,TP
continuous_1174_S6_strategy2.npz,9333–11666,—,SEVEN,FP
continuous_1174_S6_strategy2.npz,12723–16969,MARRIED,MARRIED,TP
continuous_1174_S6_strategy2.npz,16969–21248,PARENTS,PARENTS,TP
continuous_1174_S6_strategy2.npz,21000–23333,—,MOTHER,FP
continuous_1174_S6_strategy2.npz,21248–25870,DON'T UNDERSTAND,DON’T UNDERSTAND,TP
continuous_1175_S6_strategy2.npz,0–4765,EIGHT,EIGHT,TP
continuous_1175_S6_strategy2.npz,2666–5366,—,THREE,FP
continuous_1175_S6_strategy2.npz,4765–9011,NO SUGAR,NO SUGAR,TP
continuous_1175_S6_strategy2.npz,8033–10733,—,WRONG,FP
continuous_1175_S6_strategy2.npz,9011–13240,NOVEMBER,NOVEMBER,TP
continuous_1175_S6_strategy2.npz,13240–17486,MOTHER,MOTHER,TP
continuous_1175_S6_strategy2.npz,17486–21732,SUNDAY,SUNDAY,TP
continuous_1176_S6_strategy2.npz,0–4801,KNOW,KNOW,TP
continuous_1176_S6_strategy2.npz,4801–9047,SUGAR,SUGAR,TP
continuous_1176_S6_strategy2.npz,9047–13293,JANUARY,JANUARY,TP
continuous_1176_S6_strategy2.npz,10933–13666,—,MAY,FP
continuous_1176_S6_strategy2.npz,13293–17539,CRAB,CRAB,TP
continuous_1176_S6_strategy2.npz,16400–19133,—,THREE,FP
continuous_1176_S6_strategy2.npz,17539–21771,THREE,—,FN
continuous_1176_S6_strategy2.npz,19133–21866,—,ONE,FP
continuous_1176_S6_strategy2.npz,21771–26068,DEAF BLIND,DEAF BLIND,TP
continuous_1176_S6_strategy2.npz,26068–30314,BLACK,BLACK,TP
continuous_1177_S6_strategy2.npz,0–4443,SIX,SIX,TP
continuous_1177_S6_strategy2.npz,4443–8656,DARK,DARK,TP
continuous_1177_S6_strategy2.npz,8656–13206,WRONG,WRONG,TP
continuous_1177_S6_strategy2.npz,13206–17419,TUESDAY,TUESDAY,TP
continuous_1177_S6_strategy2.npz,15900–19100,—,MEAT,FP
continuous_1177_S6_strategy2.npz,17419–21665,MEAT,—,FN
continuous_1177_S6_strategy2.npz,19100–22266,—,TEN,FP
continuous_1177_S6_strategy2.npz,21665–25964,GOOD EVENING,GOOD EVENING,TP
continuous_1178_S6_strategy2.npz,0–4162,FRIDAY,FRIDAY,TP
continuous_1178_S6_strategy2.npz,2600–5233,—,HARD OF HEARING,FP
continuous_1178_S6_strategy2.npz,4162–8224,HARD OF HEARING,—,FN
continuous_1178_S6_strategy2.npz,5233–7833,—,BLUE,FP
continuous_1178_S6_strategy2.npz,7833–10466,—,SIX,FP
continuous_1178_S6_strategy2.npz,8224–12667,SIX,—,FN
continuous_1178_S6_strategy2.npz,10466–13066,—,DARK,FP
continuous_1178_S6_strategy2.npz,12667–16913,PINK,PINK,TP
continuous_1178_S6_strategy2.npz,15700–18300,—,MOTHER,FP
continuous_1178_S6_strategy2.npz,16913–21463,DON'T KNOW,DON’T KNOW,TP
continuous_1179_S6_strategy2.npz,0–4165,SHRIMP,SHRIMP,TP
continuous_1179_S6_strategy2.npz,3300–6600,—,RICE,FP
continuous_1179_S6_strategy2.npz,4165–8444,MARRIED,MARRIED,TP
continuous_1179_S6_strategy2.npz,8444–12610,HELLO,HELLO,TP
continuous_1179_S6_strategy2.npz,12610–16856,APRIL,APRIL,TP
continuous_1179_S6_strategy2.npz,16500–19800,—,DEAF,FP
continuous_1179_S6_strategy2.npz,16856–21122,DON'T KNOW,DON’T KNOW,TP
continuous_1179_S6_strategy2.npz,21122–25368,GRANDMOTHER,GRANDMOTHER,TP
continuous_1179_S6_strategy2.npz,25368–29647,THURSDAY,THURSDAY,TP
continuous_1180_S6_strategy2.npz,0–4279,WEELCHAIR PERSON,WEELCHAIR PERSON,TP
continuous_1180_S6_strategy2.npz,3300–6600,—,FISH,FP
continuous_1180_S6_strategy2.npz,4279–8525,VIOLET,VIOLET,TP
continuous_1180_S6_strategy2.npz,8525–12771,EGG,EGG,TP
continuous_1180_S6_strategy2.npz,12771–17170,GOOD MORNING,GOOD MORNING,TP
continuous_1180_S6_strategy2.npz,17170–21449,COLD,COLD,TP
continuous_1180_S6_strategy2.npz,19866–23200,—,RED,FP
continuous_1180_S6_strategy2.npz,21449–25578,FEBRUARY,FEBRUARY,TP
continuous_1180_S6_strategy2.npz,25578–30021,TEN,TEN,TP
continuous_1181_S6_strategy2.npz,0–4213,FRIDAY,FRIDAY,TP
continuous_1181_S6_strategy2.npz,2333–4666,—,EIGHT,FP
continuous_1181_S6_strategy2.npz,4213–8459,DEAF BLIND,DEAF BLIND,TP
continuous_1181_S6_strategy2.npz,4666–7000,—,DEAF,FP
continuous_1181_S6_strategy2.npz,8459–12738,BLACK,BLACK,TP
continuous_1181_S6_strategy2.npz,9366–11700,—,BLIND,FP
continuous_1181_S6_strategy2.npz,12738–17288,SEVEN,SEVEN,TP
continuous_1181_S6_strategy2.npz,16366–18733,—,NO,FP
continuous_1181_S6_strategy2.npz,17288–21534,BEER,BEER,TP
continuous_1181_S6_strategy2.npz,21534–26263,UNDERSTAND,UNDERSTAND,TP
continuous_1182_S6_strategy2.npz,0–3799,EIGHT,EIGHT,TP
continuous_1182_S6_strategy2.npz,3799–7965,HOW ARE YOU,HOW ARE YOU,TP
continuous_1182_S6_strategy2.npz,7965–12164,BROWN,BROWN,TP
continuous_1182_S6_strategy2.npz,10333–12933,—,JANUARY,FP
continuous_1182_S6_strategy2.npz,12164–16410,MAY,MAY,TP
continuous_1182_S6_strategy2.npz,15500–18100,—,ORANGE,FP
continuous_1182_S6_strategy2.npz,16410–20656,WINE,WINE,TP
continuous_1183_S6_strategy2.npz,0–4246,TUESDAY,TUESDAY,TP
continuous_1183_S6_strategy2.npz,4246–8525,SON,SON,TP
continuous_1183_S6_strategy2.npz,8525–12771,AUGUST,AUGUST,TP
continuous_1183_S6_strategy2.npz,10633–13266,—,SLOW,FP
continuous_1183_S6_strategy2.npz,12771–16936,LONGANISA,LONGANISA,TP
continuous_1183_S6_strategy2.npz,15933–18600,—,WEELCHAIR PERSON,FP
continuous_1183_S6_strategy2.npz,16936–21182,MILK,MILK,TP
continuous_1184_S6_strategy2.npz,0–4196,WEDNESDAY,WEDNESDAY,TP
continuous_1184_S6_strategy2.npz,4196–8442,BREAD,BREAD,TP
continuous_1184_S6_strategy2.npz,6700–10066,—,CORRECT,FP
continuous_1184_S6_strategy2.npz,8442–12992,CORRECT,—,FN
continuous_1184_S6_strategy2.npz,10066–13433,—,WHITE,FP
continuous_1184_S6_strategy2.npz,12992–17238,WHITE,—,FN
continuous_1184_S6_strategy2.npz,13433–16766,—,HOT,FP
continuous_1184_S6_strategy2.npz,16766–20133,—,NO,FP
continuous_1184_S6_strategy2.npz,17238–21404,HOT,—,FN
continuous_1184_S6_strategy2.npz,21404–25883,EIGHT,EIGHT,TP
continuous_1184_S6_strategy2.npz,25883–30748,NICE TO MEET YOU,NICE TO MEET YOU,TP
continuous_1185_S6_strategy2.npz,0–4694,THREE,THREE,TP
continuous_1185_S6_strategy2.npz,4694–8973,GRANDFATHER,GRANDFATHER,TP
continuous_1185_S6_strategy2.npz,8973–13219,DARK,DARK,TP
continuous_1185_S6_strategy2.npz,13219–17464,NOVEMBER,NOVEMBER,TP
continuous_1185_S6_strategy2.npz,17464–21710,HOT,HOT,TP
continuous_1185_S6_strategy2.npz,21710–25955,TODAY,TODAY,TP
continuous_1186_S6_strategy2.npz,0–4196,WEELCHAIR PERSON,WEELCHAIR PERSON,TP
continuous_1186_S6_strategy2.npz,4196–8442,COFFEE,COFFEE,TP
continuous_1186_S6_strategy2.npz,8442–12956,CORRECT,CORRECT,TP
continuous_1186_S6_strategy2.npz,12956–17202,SATURDAY,SATURDAY,TP
continuous_1186_S6_strategy2.npz,15066–17566,—,SUNDAY,FP
continuous_1186_S6_strategy2.npz,17202–21331,FEBRUARY,FEBRUARY,TP
continuous_1186_S6_strategy2.npz,21331–25364,YOURE WELCOME,YOURE WELCOME,TP
continuous_1187_S6_strategy2.npz,0–4232,BREAD,BREAD,TP
continuous_1187_S6_strategy2.npz,2300–4633,—,NICE TO MEET YOU,FP
continuous_1187_S6_strategy2.npz,4232–6561,TEN,—,FN
continuous_1187_S6_strategy2.npz,4633–9266,—,SEE YOU TOMORROW,FP
continuous_1187_S6_strategy2.npz,6561–10807,APRIL,APRIL,TP
continuous_1187_S6_strategy2.npz,10807–15053,GIRL,GIRL,TP
continuous_1187_S6_strategy2.npz,15053–19332,SATURDAY,SATURDAY,TP
continuous_1187_S6_strategy2.npz,19332–23578,HOT,—,FN
continuous_1187_S6_strategy2.npz,20833–23166,—,HOT,FP
continuous_1187_S6_strategy2.npz,23166–25466,—,RED,FP
continuous_1187_S6_strategy2.npz,23578–28128,KNOW,KNOW,TP
continuous_1188_S6_strategy2.npz,0–4586,FAST,FAST,TP
continuous_1188_S6_strategy2.npz,2800–5633,—,ONE,FP
continuous_1188_S6_strategy2.npz,4586–8993,ONE,—,FN
continuous_1188_S6_strategy2.npz,5633–8466,—,OCTOBER,FP
continuous_1188_S6_strategy2.npz,8466–11300,—,NINE,FP
continuous_1188_S6_strategy2.npz,8993–13189,OCTOBER,—,FN
continuous_1188_S6_strategy2.npz,13189–17435,TEA,TEA,TP
continuous_1188_S6_strategy2.npz,17435–21681,MOTHER,MOTHER,TP
continuous_1188_S6_strategy2.npz,21681–25927,BLACK,BLACK,TP
continuous_1189_S6_strategy2.npz,0–4246,GRANDMOTHER,GRANDMOTHER,TP
continuous_1189_S6_strategy2.npz,4246–8492,SUNDAY,SUNDAY,TP
continuous_1189_S6_strategy2.npz,6033–9033,—,LIGHT,FP
continuous_1189_S6_strategy2.npz,8492–12705,LIGHT,—,FN
continuous_1189_S6_strategy2.npz,9033–12066,—,MONDAY,FP
continuous_1189_S6_strategy2.npz,12705–17255,THREE,THREE,TP
continuous_1189_S6_strategy2.npz,15066–18100,—,GOOD EVENING,FP
continuous_1189_S6_strategy2.npz,17255–21350,JULY,JULY,TP
continuous_1190_S6_strategy2.npz,0–4532,HOW ARE YOU,HOW ARE YOU,TP
continuous_1190_S6_strategy2.npz,4532–9369,UNDERSTAND,UNDERSTAND,TP
continuous_1190_S6_strategy2.npz,7733–10333,—,OCTOBER,FP
continuous_1190_S6_strategy2.npz,9369–13464,OCTOBER,—,FN
continuous_1190_S6_strategy2.npz,10333–12900,—,DEAF BLIND,FP
continuous_1190_S6_strategy2.npz,13464–17710,COUSIN,COUSIN,TP
continuous_1190_S6_strategy2.npz,17710–21956,MILK,MILK,TP
continuous_1190_S6_strategy2.npz,21956–26088,TWO,TWO,TP
continuous_1191_S6_strategy2.npz,0–4232,DON'T UNDERSTAND,DON’T UNDERSTAND,TP
continuous_1191_S6_strategy2.npz,4232–8478,GIRL,GIRL,TP
continuous_1191_S6_strategy2.npz,8478–12724,MONDAY,MONDAY,TP
continuous_1191_S6_strategy2.npz,12724–16970,DARK,DARK,TP
continuous_1191_S6_strategy2.npz,14566–18233,—,PARENTS,FP
continuous_1191_S6_strategy2.npz,16970–21216,PARENTS,—,FN
continuous_1191_S6_strategy2.npz,18233–21866,—,PINK,FP
continuous_1191_S6_strategy2.npz,21216–25448,SPAGHETTI,SPAGHETTI,TP
continuous_1192_S6_strategy2.npz,0–4246,AUGUST,AUGUST,TP
continuous_1192_S6_strategy2.npz,2100–6333,—,JUNE,FP
continuous_1192_S6_strategy2.npz,4246–8459,SON,SON,TP
continuous_1192_S6_strategy2.npz,8459–12672,TODAY,TODAY,TP
continuous_1192_S6_strategy2.npz,12672–17115,ONE,ONE,TP
continuous_1192_S6_strategy2.npz,16933–19066,—,DON’T UNDERSTAND,FP
continuous_1192_S6_strategy2.npz,17115–21701,KNOW,KNOW,TP
continuous_1193_S6_strategy2.npz,0–4586,SIX,SIX,TP
continuous_1193_S6_strategy2.npz,3166–6366,—,NO,FP
continuous_1193_S6_strategy2.npz,4586–8799,DAUGHTER,DAUGHTER,TP
continuous_1193_S6_strategy2.npz,8799–13045,MARCH,MARCH,TP
continuous_1193_S6_strategy2.npz,13045–17145,THANK YOU,THANK YOU,TP
continuous_1193_S6_strategy2.npz,17145–20377,RICE,RICE,TP
continuous_1193_S6_strategy2.npz,20377–24610,KNOW,KNOW,TP
continuous_1193_S6_strategy2.npz,24610–28856,FRIDAY,FRIDAY,TP
continuous_1194_S6_strategy2.npz,0–4133,SEE YOU TOMORROW,SEE YOU TOMORROW,TP
continuous_1194_S6_strategy2.npz,2533–5066,—,TOMORROW,FP
continuous_1194_S6_strategy2.npz,4133–8412,COUSIN,COUSIN,TP
continuous_1194_S6_strategy2.npz,8412–12625,LIGHT,LIGHT,TP
continuous_1194_S6_strategy2.npz,12625–17175,YES,YES,TP
continuous_1194_S6_strategy2.npz,15200–17733,—,NINE,FP
continuous_1194_S6_strategy2.npz,17175–21689,NINE,—,FN
continuous_1194_S6_strategy2.npz,17733–20266,—,EIGHT,FP
continuous_1194_S6_strategy2.npz,20266–22800,—,NOVEMBER,FP
continuous_1194_S6_strategy2.npz,21689–25869,EGG,EGG,TP
continuous_1195_S6_strategy2.npz,0–4246,MILK,MILK,TP
continuous_1195_S6_strategy2.npz,2800–5633,—,KNOW,FP
continuous_1195_S6_strategy2.npz,4246–8796,KNOW,—,FN
continuous_1195_S6_strategy2.npz,5633–8466,—,HELLO,FP
continuous_1195_S6_strategy2.npz,8796–13310,THREE,THREE,TP
continuous_1195_S6_strategy2.npz,13310–17556,WEDNESDAY,WEDNESDAY,TP
continuous_1195_S6_strategy2.npz,17556–21802,JANUARY,JANUARY,TP
continuous_1195_S6_strategy2.npz,21802–25901,PINK,PINK,TP
continuous_1196_S6_strategy2.npz,0–4246,JUNE,JUNE,TP
continuous_1196_S6_strategy2.npz,4246–8492,BEER,BEER,TP
continuous_1196_S6_strategy2.npz,7600–10133,—,GIRL,FP
continuous_1196_S6_strategy2.npz,8492–12738,WEELCHAIR PERSON,WEELCHAIR PERSON,TP
continuous_1196_S6_strategy2.npz,12666–15200,—,ONE,FP
continuous_1196_S6_strategy2.npz,12738–17736,HOW ARE YOU,HOW ARE YOU,TP
continuous_1196_S6_strategy2.npz,17736–21981,DARK,—,FN
continuous_1196_S6_strategy2.npz,20266–22800,—,DARK,FP
continuous_1196_S6_strategy2.npz,21981–26227,MONDAY,MONDAY,TP
continuous_1196_S6_strategy2.npz,22800–25333,—,WHITE,FP
continuous_1196_S6_strategy2.npz,26227–30598,EIGHT,EIGHT,TP
continuous_1197_S6_strategy2.npz,0–4213,YESTERDAY,YESTERDAY,TP
continuous_1197_S6_strategy2.npz,4213–8459,SUGAR,SUGAR,TP
continuous_1197_S6_strategy2.npz,7433–9900,—,WHITE,FP
continuous_1197_S6_strategy2.npz,8459–12738,WOMAN,WOMAN,TP
continuous_1197_S6_strategy2.npz,12738–17360,FOUR,FOUR,TP
continuous_1197_S6_strategy2.npz,17360–21606,WHITE,WHITE,TP
continuous_1197_S6_strategy2.npz,21606–25706,CORRECT,CORRECT,TP
continuous_1197_S6_strategy2.npz,25706–29952,EGG,EGG,TP
continuous_1198_S6_strategy2.npz,0–4246,ORANGE,ORANGE,TP
continuous_1198_S6_strategy2.npz,4246–9298,SEE YOU TOMORROW,SEE YOU TOMORROW,TP
continuous_1198_S6_strategy2.npz,9298–13497,THREE,THREE,TP
continuous_1198_S6_strategy2.npz,13497–17776,WEDNESDAY,WEDNESDAY,TP
continuous_1198_S6_strategy2.npz,13600–16300,—,EIGHT,FP
continuous_1198_S6_strategy2.npz,17776–22022,TEA,TEA,TP
continuous_1199_S6_strategy2.npz,0–4246,MILK,MILK,TP
continuous_1199_S6_strategy2.npz,4246–8492,OCTOBER,OCTOBER,TP
continuous_1199_S6_strategy2.npz,7033–10566,—,MOTHER,FP
continuous_1199_S6_strategy2.npz,8492–12738,HARD OF HEARING,HARD OF HEARING,TP
continuous_1199_S6_strategy2.npz,12738–16733,SATURDAY,SATURDAY,TP
continuous_1199_S6_strategy2.npz,16733–21391,DON'T UNDERSTAND,DON’T UNDERSTAND,TP
continuous_1200_S7_strategy2.npz,0–4265,GRAY,GRAY,TP
continuous_1200_S7_strategy2.npz,4265–8564,YESTERDAY,YESTERDAY,TP
continuous_1200_S7_strategy2.npz,8564–12795,EGG,EGG,TP
continuous_1200_S7_strategy2.npz,12795–17567,APRIL,APRIL,TP
continuous_1200_S7_strategy2.npz,16700–19500,—,EIGHT,FP
continuous_1200_S7_strategy2.npz,17567–22241,NINE,NINE,TP
continuous_1201_S7_strategy2.npz,0–4476,JANUARY,JANUARY,TP
continuous_1201_S7_strategy2.npz,2733–5466,—,JUICE,FP
continuous_1201_S7_strategy2.npz,4476–8722,COUSIN,COUSIN,TP
continuous_1201_S7_strategy2.npz,8722–13353,DON'T KNOW,DON’T KNOW,TP
continuous_1201_S7_strategy2.npz,13353–17584,BEER,BEER,TP
continuous_1201_S7_strategy2.npz,17584–21849,WOMAN,WOMAN,TP
continuous_1201_S7_strategy2.npz,21849–26081,SEVEN,SEVEN,TP
continuous_1201_S7_strategy2.npz,24666–27400,—,NO,FP
continuous_1201_S7_strategy2.npz,26081–30113,PINK,PINK,TP
continuous_1202_S7_strategy2.npz,0–4032,COFFEE,COFFEE,TP
continuous_1202_S7_strategy2.npz,4032–8969,JUNE,JUNE,TP
continuous_1202_S7_strategy2.npz,8969–13567,KNOW,KNOW,TP
continuous_1202_S7_strategy2.npz,9166–12200,—,JANUARY,FP
continuous_1202_S7_strategy2.npz,13567–17799,ONE,ONE,TP
continuous_1202_S7_strategy2.npz,17799–21998,GRANDMOTHER,GRANDMOTHER,TP
continuous_1202_S7_strategy2.npz,21998–26263,WEELCHAIR PERSON,WEELCHAIR PERSON,TP
continuous_1202_S7_strategy2.npz,26263–30507,SATURDAY,SATURDAY,TP
continuous_1203_S7_strategy2.npz,0–4970,TUESDAY,TUESDAY,TP
continuous_1203_S7_strategy2.npz,4970–9201,CRAB,CRAB,TP
continuous_1203_S7_strategy2.npz,7800–11733,—,PINK,FP
continuous_1203_S7_strategy2.npz,9201–13466,RED,RED,TP
continuous_1203_S7_strategy2.npz,13466–17731,BOY,BOY,TP
continuous_1203_S7_strategy2.npz,17731–21996,TEA,TEA,TP
continuous_1203_S7_strategy2.npz,21996–26966,JUNE,JUNE,TP
continuous_1203_S7_strategy2.npz,26966–31212,GRANDMOTHER,GRANDMOTHER,TP
continuous_1204_S7_strategy2.npz,0–4831,UNDERSTAND,UNDERSTAND,TP
continuous_1204_S7_strategy2.npz,2466–4933,—,DON’T UNDERSTAND,FP
continuous_1204_S7_strategy2.npz,4831–9044,PARENTS,PARENTS,TP
continuous_1204_S7_strategy2.npz,9044–13702,GOOD AFTERNOON,GOOD AFTERNOON,TP
continuous_1204_S7_strategy2.npz,13702–17980,FRIDAY,FRIDAY,TP
continuous_1204_S7_strategy2.npz,17980–22687,TEN,TEN,TP
continuous_1204_S7_strategy2.npz,22200–24666,—,MILK,FP
continuous_1204_S7_strategy2.npz,22687–27361,APRIL,APRIL,TP
continuous_1205_S7_strategy2.npz,0–4132,FISH,FISH,TP
continuous_1205_S7_strategy2.npz,2166–4366,—,WHITE,FP
continuous_1205_S7_strategy2.npz,4132–9102,WEDNESDAY,WEDNESDAY,TP
continuous_1205_S7_strategy2.npz,6566–8766,—,SIX,FP
continuous_1205_S7_strategy2.npz,8766–10966,—,COUSIN,FP
continuous_1205_S7_strategy2.npz,9102–13348,COUSIN,—,FN
continuous_1205_S7_strategy2.npz,10966–13166,—,CORRECT,FP
continuous_1205_S7_strategy2.npz,13166–17566,—,APRIL,FP
continuous_1205_S7_strategy2.npz,13348–17347,FEBRUARY,—,FN
continuous_1205_S7_strategy2.npz,17347–21612,DEAF BLIND,DEAF BLIND,TP
continuous_1205_S7_strategy2.npz,17566–19766,—,DEAF,FP
continuous_1205_S7_strategy2.npz,21612–26310,DON'T UNDERSTAND,DON’T UNDERSTAND,TP
continuous_1205_S7_strategy2.npz,21966–24166,—,UNDERSTAND,FP
continuous_1206_S7_strategy2.npz,0–4399,YESTERDAY,YESTERDAY,TP
continuous_1206_S7_strategy2.npz,4399–8610,FATHER,FATHER,TP
continuous_1206_S7_strategy2.npz,8610–12909,LIGHT,LIGHT,TP
continuous_1206_S7_strategy2.npz,12909–17583,TWO,TWO,TP
continuous_1206_S7_strategy2.npz,17583–21814,LONGANISA,LONGANISA,TP
continuous_1207_S7_strategy2.npz,0–4265,CHICKEN,CHICKEN,TP
continuous_1207_S7_strategy2.npz,4265–8906,FEBRUARY,FEBRUARY,TP
continuous_1207_S7_strategy2.npz,8906–13137,MILK,MILK,TP
continuous_1207_S7_strategy2.npz,13137–17402,DEAF,DEAF,TP
continuous_1207_S7_strategy2.npz,15066–18100,—,EIGHT,FP
continuous_1207_S7_strategy2.npz,17402–21646,FRIDAY,FRIDAY,TP
continuous_1207_S7_strategy2.npz,21100–24133,—,EIGHT,FP
continuous_1207_S7_strategy2.npz,21646–26125,YOURE WELCOME,YOURE WELCOME,TP
continuous_1207_S7_strategy2.npz,26125–30390,BROWN,BROWN,TP
continuous_1208_S7_strategy2.npz,0–4264,GOOD MORNING,GOOD MORNING,TP
continuous_1208_S7_strategy2.npz,4264–8529,AUNTIE,AUNTIE,TP
continuous_1208_S7_strategy2.npz,8529–12740,FRIDAY,FRIDAY,TP
continuous_1208_S7_strategy2.npz,12740–17106,UNDERSTAND,UNDERSTAND,TP
continuous_1208_S7_strategy2.npz,17106–21871,SPAGHETTI,SPAGHETTI,TP
continuous_1208_S7_strategy2.npz,21871–26102,BROWN,BROWN,TP
continuous_1209_S7_strategy2.npz,0–4265,FISH,FISH,TP
continuous_1209_S7_strategy2.npz,3100–6200,—,MILK,FP
continuous_1209_S7_strategy2.npz,4265–8939,TEN,TEN,TP
continuous_1209_S7_strategy2.npz,8939–13170,WINE,WINE,TP
continuous_1209_S7_strategy2.npz,9333–12433,—,GREEN,FP
continuous_1209_S7_strategy2.npz,13170–18107,DECEMBER,DECEMBER,TP
continuous_1209_S7_strategy2.npz,18107–22805,SLOW,SLOW,TP
continuous_1209_S7_strategy2.npz,22805–27049,TOMORROW,TOMORROW,TP
continuous_1209_S7_strategy2.npz,27049–31048,GRAY,—,FN
continuous_1209_S7_strategy2.npz,28000–31133,—,ORANGE,FP
continuous_1210_S7_strategy2.npz,0–4631,WRONG,WRONG,TP
continuous_1210_S7_strategy2.npz,4631–8877,GRANDMOTHER,GRANDMOTHER,TP
continuous_1210_S7_strategy2.npz,6733–10100,—,MOTHER,FP
continuous_1210_S7_strategy2.npz,8877–13142,HARD OF HEARING,HARD OF HEARING,TP
continuous_1210_S7_strategy2.npz,13142–17407,PINK,PINK,TP
continuous_1210_S7_strategy2.npz,17407–21949,ONE,ONE,TP
continuous_1210_S7_strategy2.npz,20200–23566,—,WINE,FP
continuous_1210_S7_strategy2.npz,21949–26082,WINE,—,FN
continuous_1210_S7_strategy2.npz,23566–26933,—,PINK,FP
continuous_1210_S7_strategy2.npz,26082–30247,BREAD,BREAD,TP
continuous_1211_S7_strategy2.npz,0–4970,AUGUST,AUGUST,TP
continuous_1211_S7_strategy2.npz,2633–5266,—,JUICE,FP
continuous_1211_S7_strategy2.npz,4970–9235,HOT,HOT,TP
continuous_1211_S7_strategy2.npz,7900–10533,—,GOOD EVENING,FP
continuous_1211_S7_strategy2.npz,9235–13964,GOOD EVENING,—,FN
continuous_1211_S7_strategy2.npz,10533–13166,—,TOMORROW,FP
continuous_1211_S7_strategy2.npz,13166–15800,—,GREEN,FP
continuous_1211_S7_strategy2.npz,13964–18229,GREEN,—,FN
continuous_1211_S7_strategy2.npz,15800–18433,—,WEDNESDAY,FP
continuous_1211_S7_strategy2.npz,18229–23166,WEDNESDAY,—,FN
continuous_1211_S7_strategy2.npz,18433–23700,—,SIX,FP
continuous_1211_S7_strategy2.npz,23166–27397,CRAB,CRAB,TP
continuous_1211_S7_strategy2.npz,27397–31863,YES,YES,TP
continuous_1212_S7_strategy2.npz,0–4231,NO SUGAR,NO SUGAR,TP
continuous_1212_S7_strategy2.npz,4231–8602,THANK YOU,THANK YOU,TP
continuous_1212_S7_strategy2.npz,8602–12634,DEAF,DEAF,TP
continuous_1212_S7_strategy2.npz,10933–13133,—,NO,FP
continuous_1212_S7_strategy2.npz,12634–17604,MONDAY,MONDAY,TP
continuous_1212_S7_strategy2.npz,17500–19700,—,EIGHT,FP
continuous_1212_S7_strategy2.npz,17604–22113,NINE,NINE,TP
continuous_1213_S7_strategy2.npz,0–4000,COLD,COLD,TP
continuous_1213_S7_strategy2.npz,4000–8231,BOY,BOY,TP
continuous_1213_S7_strategy2.npz,6533–9800,—,LONGANISA,FP
continuous_1213_S7_strategy2.npz,8231–12396,LONGANISA,—,FN
continuous_1213_S7_strategy2.npz,12396–16607,SATURDAY,SATURDAY,TP
continuous_1213_S7_strategy2.npz,16607–21205,WRONG,WRONG,TP
continuous_1213_S7_strategy2.npz,21205–25138,HELLO,HELLO,TP
continuous_1213_S7_strategy2.npz,25138–29403,WHITE,WHITE,TP
continuous_1214_S7_strategy2.npz,0–4245,SON,SON,TP
continuous_1214_S7_strategy2.npz,2433–4900,—,DAUGHTER,FP
continuous_1214_S7_strategy2.npz,4245–9215,NOVEMBER,NOVEMBER,TP
continuous_1214_S7_strategy2.npz,9215–13480,BOY,BOY,TP
continuous_1214_S7_strategy2.npz,13480–17711,WHITE,WHITE,TP
continuous_1214_S7_strategy2.npz,14700–17133,—,FISH,FP
continuous_1214_S7_strategy2.npz,17711–22010,MONDAY,MONDAY,TP
continuous_1215_S7_strategy2.npz,0–4479,IM FINE,IM FINE,TP
continuous_1215_S7_strategy2.npz,4479–8690,FATHER,FATHER,TP
continuous_1215_S7_strategy2.npz,8690–12889,JULY,JULY,TP
continuous_1215_S7_strategy2.npz,12889–17154,MILK,MILK,TP
continuous_1215_S7_strategy2.npz,14700–18366,—,SLOW,FP
continuous_1215_S7_strategy2.npz,17154–21320,GRAY,GRAY,TP
continuous_1215_S7_strategy2.npz,21320–25419,CHICKEN,CHICKEN,TP
continuous_1215_S7_strategy2.npz,25419–29663,FRIDAY,FRIDAY,TP
continuous_1216_S7_strategy2.npz,0–4000,THANK YOU,THANK YOU,TP
continuous_1216_S7_strategy2.npz,4000–8231,CHICKEN,CHICKEN,TP
continuous_1216_S7_strategy2.npz,8231–13029,CORRECT,CORRECT,TP
continuous_1216_S7_strategy2.npz,12600–16800,—,APRIL,FP
continuous_1216_S7_strategy2.npz,13029–16728,MAY,—,FN
continuous_1216_S7_strategy2.npz,16728–20974,GRANDMOTHER,GRANDMOTHER,TP
continuous_1217_S7_strategy2.npz,0–4244,TODAY,TODAY,TP
continuous_1217_S7_strategy2.npz,3066–6166,—,PINK,FP
continuous_1217_S7_strategy2.npz,4244–8509,WINE,WINE,TP
continuous_1217_S7_strategy2.npz,8509–12740,YELLOW,YELLOW,TP
continuous_1217_S7_strategy2.npz,12740–16986,GRANDFATHER,GRANDFATHER,TP
continuous_1217_S7_strategy2.npz,16986–21651,NO,NO,TP
continuous_1217_S7_strategy2.npz,21651–26621,JUNE,JUNE,TP
continuous_1217_S7_strategy2.npz,21666–24766,—,JUICE,FP
continuous_1217_S7_strategy2.npz,26621–30886,HARD OF HEARING,HARD OF HEARING,TP
continuous_1218_S7_strategy2.npz,0–4244,TODAY,TODAY,TP
continuous_1218_S7_strategy2.npz,2633–5300,—,ORANGE,FP
continuous_1218_S7_strategy2.npz,4244–8476,ORANGE,—,FN
continuous_1218_S7_strategy2.npz,5300–7966,—,TEN,FP
continuous_1218_S7_strategy2.npz,7966–10633,—,GOOD EVENING,FP
continuous_1218_S7_strategy2.npz,8476–13062,GOOD EVENING,—,FN
continuous_1218_S7_strategy2.npz,10633–13266,—,BEER,FP
continuous_1218_S7_strategy2.npz,13062–17294,FIVE,FIVE,TP
continuous_1218_S7_strategy2.npz,15933–18600,—,WEELCHAIR PERSON,FP
continuous_1218_S7_strategy2.npz,17294–21525,LONGANISA,LONGANISA,TP
continuous_1219_S7_strategy2.npz,0–4739,FIVE,FIVE,TP
continuous_1219_S7_strategy2.npz,2900–5800,—,HOT,FP
continuous_1219_S7_strategy2.npz,4739–8970,CRAB,CRAB,TP
continuous_1219_S7_strategy2.npz,8970–13568,KNOW,KNOW,TP
continuous_1219_S7_strategy2.npz,13568–17833,GIRL,GIRL,TP
continuous_1219_S7_strategy2.npz,17833–22803,SEPTEMBER,SEPTEMBER,TP
continuous_1219_S7_strategy2.npz,22803–27773,WEDNESDAY,WEDNESDAY,TP
continuous_1219_S7_strategy2.npz,26133–29033,—,JULY,FP
continuous_1219_S7_strategy2.npz,27773–31872,TEA,TEA,TP
continuous_1220_S7_strategy2.npz,0–4937,AUGUST,AUGUST,TP
continuous_1220_S7_strategy2.npz,4733–7100,—,JUICE,FP
continuous_1220_S7_strategy2.npz,4937–9168,JUICE,—,FN
continuous_1220_S7_strategy2.npz,9168–13575,HELLO,HELLO,TP
continuous_1220_S7_strategy2.npz,13575–17840,BLUE,BLUE,TP
continuous_1220_S7_strategy2.npz,16600–18966,—,GIRL,FP
continuous_1220_S7_strategy2.npz,17840–22071,GIRL,—,FN
continuous_1220_S7_strategy2.npz,18966–21333,—,BEER,FP
continuous_1220_S7_strategy2.npz,21333–23700,—,SHRIMP,FP
continuous_1220_S7_strategy2.npz,22071–26336,SPAGHETTI,SPAGHETTI,TP
continuous_1221_S7_strategy2.npz,0–4231,BOY,BOY,TP
continuous_1221_S7_strategy2.npz,2666–5366,—,ORANGE,FP
continuous_1221_S7_strategy2.npz,4231–8510,SON,SON,TP
continuous_1221_S7_strategy2.npz,8510–12742,FOUR,FOUR,TP
continuous_1221_S7_strategy2.npz,12742–16986,TODAY,TODAY,TP
continuous_1221_S7_strategy2.npz,16166–18866,—,UNDERSTAND,FP
continuous_1221_S7_strategy2.npz,16986–21717,UNDERSTAND,—,FN
continuous_1221_S7_strategy2.npz,18866–21566,—,TOMORROW,FP
continuous_1221_S7_strategy2.npz,21717–25882,GOOD AFTERNOON,GOOD AFTERNOON,TP
continuous_1221_S7_strategy2.npz,24266–26966,—,GRANDMOTHER,FP
continuous_1221_S7_strategy2.npz,25882–29614,JUICE,JUICE,TP
continuous_1222_S7_strategy2.npz,0–4224,THURSDAY,THURSDAY,TP
continuous_1222_S7_strategy2.npz,2766–5533,—,TWO,FP
continuous_1222_S7_strategy2.npz,4224–8832,TWO,—,FN
continuous_1222_S7_strategy2.npz,5533–8300,—,BOY,FP
continuous_1222_S7_strategy2.npz,8300–11066,—,HOT,FP
continuous_1222_S7_strategy2.npz,8832–13063,BOY,—,FN
continuous_1222_S7_strategy2.npz,11066–13833,—,SON,FP
continuous_1222_S7_strategy2.npz,13063–17295,SON,—,FN
continuous_1222_S7_strategy2.npz,13833–16633,—,HARD OF HEARING,FP
continuous_1222_S7_strategy2.npz,17295–21953,GOOD AFTERNOON,GOOD AFTERNOON,TP
continuous_1222_S7_strategy2.npz,21953–26118,JANUARY,JANUARY,TP
continuous_1222_S7_strategy2.npz,26118–30749,YES,YES,TP
continuous_1223_S7_strategy2.npz,0–4232,GRAY,GRAY,TP
continuous_1223_S7_strategy2.npz,4232–8497,WEELCHAIR PERSON,WEELCHAIR PERSON,TP
continuous_1223_S7_strategy2.npz,7066–10633,—,TEA,FP
continuous_1223_S7_strategy2.npz,8497–12762,TEA,—,FN
continuous_1223_S7_strategy2.npz,10633–14166,—,NICE TO MEET YOU,FP
continuous_1223_S7_strategy2.npz,12762–17312,NICE TO MEET YOU,—,FN
continuous_1223_S7_strategy2.npz,14166–17700,—,CORRECT,FP
continuous_1223_S7_strategy2.npz,17312–21543,RICE,RICE,TP
continuous_1224_S7_strategy2.npz,0–4231,BOY,BOY,TP
continuous_1224_S7_strategy2.npz,4231–8773,JANUARY,JANUARY,TP
continuous_1224_S7_strategy2.npz,8700–11600,—,FEBRUARY,FP
continuous_1224_S7_strategy2.npz,8773–13038,BREAD,BREAD,TP
continuous_1224_S7_strategy2.npz,13038–17646,FAST,—,FN
continuous_1224_S7_strategy2.npz,14500–17400,—,MILK,FP
continuous_1224_S7_strategy2.npz,17400–20300,—,FAST,FP
continuous_1224_S7_strategy2.npz,17646–21778,TODAY,TODAY,TP
continuous_1224_S7_strategy2.npz,21778–26023,SON,SON,TP
continuous_1225_S7_strategy2.npz,0–4166,SUGAR,SUGAR,TP
continuous_1225_S7_strategy2.npz,2433–4900,—,WRONG,FP
continuous_1225_S7_strategy2.npz,4166–8410,YESTERDAY,YESTERDAY,TP
continuous_1225_S7_strategy2.npz,8410–12919,SIX,SIX,TP
continuous_1225_S7_strategy2.npz,12919–17433,SEE YOU TOMORROW,SEE YOU TOMORROW,TP
continuous_1225_S7_strategy2.npz,17166–19633,—,TOMORROW,FP
continuous_1225_S7_strategy2.npz,17433–22304,SEPTEMBER,—,FN
continuous_1225_S7_strategy2.npz,19633–22100,—,APRIL,FP
continuous_1226_S7_strategy2.npz,0–4244,TOMORROW,TOMORROW,TP
continuous_1226_S7_strategy2.npz,2333–4666,—,TEN,FP
continuous_1226_S7_strategy2.npz,4244–8830,SEE YOU TOMORROW,SEE YOU TOMORROW,TP
continuous_1226_S7_strategy2.npz,4666–7033,—,BLIND,FP
continuous_1226_S7_strategy2.npz,8830–13095,LIGHT,LIGHT,TP
continuous_1226_S7_strategy2.npz,11733–16433,—,SUNDAY,FP
continuous_1226_S7_strategy2.npz,13095–17160,MAY,MAY,TP
continuous_1226_S7_strategy2.npz,17160–21392,THREE,THREE,TP
continuous_1227_S7_strategy2.npz,0–4231,NO SUGAR,NO SUGAR,TP
continuous_1227_S7_strategy2.npz,2633–5300,—,SUGAR,FP
continuous_1227_S7_strategy2.npz,4231–8496,WHITE,WHITE,TP
continuous_1227_S7_strategy2.npz,8496–13046,GOOD EVENING,GOOD EVENING,TP
continuous_1227_S7_strategy2.npz,13046–17311,BREAD,BREAD,TP
continuous_1227_S7_strategy2.npz,17311–21543,EIGHT,EIGHT,TP
continuous_1228_S7_strategy2.npz,0–4608,SIX,SIX,TP
continuous_1228_S7_strategy2.npz,4608–8607,RED,RED,TP
continuous_1228_S7_strategy2.npz,6400–9633,—,MONDAY,FP
continuous_1228_S7_strategy2.npz,8607–12859,GRANDFATHER,GRANDFATHER,TP
continuous_1228_S7_strategy2.npz,12859–17445,YOURE WELCOME,YOURE WELCOME,TP
continuous_1228_S7_strategy2.npz,17445–21691,THURSDAY,THURSDAY,TP
continuous_1228_S7_strategy2.npz,19266–22466,—,MILK,FP
continuous_1228_S7_strategy2.npz,21691–25922,MARRIED,MARRIED,TP
continuous_1229_S7_strategy2.npz,0–4631,UNDERSTAND,UNDERSTAND,TP
continuous_1229_S7_strategy2.npz,4631–8875,FRIDAY,FRIDAY,TP
continuous_1229_S7_strategy2.npz,8200–10933,—,EIGHT,FP
continuous_1229_S7_strategy2.npz,8875–13007,OCTOBER,OCTOBER,TP
continuous_1229_S7_strategy2.npz,13007–17306,SEE YOU TOMORROW,SEE YOU TOMORROW,TP
continuous_1229_S7_strategy2.npz,17306–21505,RICE,—,FN
continuous_1229_S7_strategy2.npz,19133–21866,—,TOMORROW,FP
continuous_1229_S7_strategy2.npz,21505–26047,SEVEN,SEVEN,TP
continuous_1229_S7_strategy2.npz,21866–24600,—,RICE,FP
continuous_1229_S7_strategy2.npz,26047–30312,WEELCHAIR PERSON,WEELCHAIR PERSON,TP
continuous_1230_S7_strategy2.npz,0–4937,WEDNESDAY,WEDNESDAY,TP
continuous_1230_S7_strategy2.npz,4937–9202,LIGHT,LIGHT,TP
continuous_1230_S7_strategy2.npz,9202–13501,DEAF BLIND,DEAF BLIND,TP
continuous_1230_S7_strategy2.npz,12200–15266,—,BLIND,FP
continuous_1230_S7_strategy2.npz,13501–18501,UNDERSTAND,UNDERSTAND,TP
continuous_1230_S7_strategy2.npz,18501–22766,BEER,BEER,TP
continuous_1230_S7_strategy2.npz,22766–27440,APRIL,—,FN
continuous_1230_S7_strategy2.npz,24433–27500,—,APRIL,FP
continuous_1231_S7_strategy2.npz,0–4246,UNCLE,UNCLE,TP
continuous_1231_S7_strategy2.npz,2866–5766,—,MEAT,FP
continuous_1231_S7_strategy2.npz,4246–8511,MEAT,—,FN
continuous_1231_S7_strategy2.npz,5766–8666,—,EGG,FP
continuous_1231_S7_strategy2.npz,8511–13152,FOUR,FOUR,TP
continuous_1231_S7_strategy2.npz,11533–14433,—,HARD OF HEARING,FP
continuous_1231_S7_strategy2.npz,13152–17417,PINK,PINK,TP
continuous_1231_S7_strategy2.npz,17417–21661,FRIDAY,FRIDAY,TP
continuous_1231_S7_strategy2.npz,20200–23100,—,MILK,FP
continuous_1231_S7_strategy2.npz,21661–25926,COFFEE,COFFEE,TP
continuous_1232_S7_strategy2.npz,0–4100,CORRECT,CORRECT,TP
continuous_1232_S7_strategy2.npz,3133–6300,—,WEELCHAIR PERSON,FP
continuous_1232_S7_strategy2.npz,4100–8365,WEELCHAIR PERSON,—,FN
continuous_1232_S7_strategy2.npz,6300–12633,—,SEVEN,FP
continuous_1232_S7_strategy2.npz,8365–12874,SIX,—,FN
continuous_1232_S7_strategy2.npz,12874–17844,SEPTEMBER,SEPTEMBER,TP
continuous_1232_S7_strategy2.npz,15800–18966,—,SHRIMP,FP
continuous_1232_S7_strategy2.npz,17844–22075,SPAGHETTI,SPAGHETTI,TP
continuous_1233_S7_strategy2.npz,0–4265,WOMAN,WOMAN,TP
continuous_1233_S7_strategy2.npz,4265–8543,YESTERDAY,YESTERDAY,TP
continuous_1233_S7_strategy2.npz,7666–12766,—,AUNTIE,FP
continuous_1233_S7_strategy2.npz,8543–12774,DARK,—,FN
continuous_1233_S7_strategy2.npz,12766–15333,—,DARK,FP
continuous_1233_S7_strategy2.npz,12774–16973,COFFEE,—,FN
continuous_1233_S7_strategy2.npz,15333–17866,—,MARRIED,FP
continuous_1233_S7_strategy2.npz,16973–21604,NO,NO,TP
continuous_1233_S7_strategy2.npz,17866–20433,—,COFFEE,FP
continuous_1233_S7_strategy2.npz,21604–25883,GRANDMOTHER,GRANDMOTHER,TP
continuous_1233_S7_strategy2.npz,25883–30590,THREE,THREE,TP
continuous_1234_S7_strategy2.npz,0–4231,HARD OF HEARING,HARD OF HEARING,TP
continuous_1234_S7_strategy2.npz,4231–8996,YES,YES,TP
continuous_1234_S7_strategy2.npz,8996–13228,SEPTEMBER,SEPTEMBER,TP
continuous_1234_S7_strategy2.npz,13228–17360,JUICE,JUICE,TP
continuous_1234_S7_strategy2.npz,15000–17500,—,SHRIMP,FP
continuous_1234_S7_strategy2.npz,17360–21625,SPAGHETTI,SPAGHETTI,TP
continuous_1234_S7_strategy2.npz,20000–22500,—,THANK YOU,FP
continuous_1234_S7_strategy2.npz,21625–25957,SIX,SIX,TP
continuous_1234_S7_strategy2.npz,25000–27500,—,THANK YOU,FP
continuous_1234_S7_strategy2.npz,25957–29989,SUNDAY,—,FN
continuous_1234_S7_strategy2.npz,27500–30000,—,TODAY,FP
continuous_1235_S7_strategy2.npz,0–4232,WEELCHAIR PERSON,WEELCHAIR PERSON,TP
continuous_1235_S7_strategy2.npz,4232–8464,AUNTIE,AUNTIE,TP
continuous_1235_S7_strategy2.npz,8464–13195,KNOW,KNOW,TP
continuous_1235_S7_strategy2.npz,13195–18032,GOOD MORNING,GOOD MORNING,TP
continuous_1235_S7_strategy2.npz,17566–21066,—,IM FINE,FP
continuous_1235_S7_strategy2.npz,18032–22673,FOUR,FOUR,TP
continuous_1235_S7_strategy2.npz,22673–26904,WINE,WINE,TP
continuous_1235_S7_strategy2.npz,26904–31874,NOVEMBER,—,FN
continuous_1235_S7_strategy2.npz,28100–31633,—,MARCH,FP
continuous_1236_S7_strategy2.npz,0–4231,WHITE,WHITE,TP
continuous_1236_S7_strategy2.npz,4231–9168,NOVEMBER,NOVEMBER,TP
continuous_1236_S7_strategy2.npz,9168–13414,PARENTS,PARENTS,TP
continuous_1236_S7_strategy2.npz,13414–17679,RICE,RICE,TP
continuous_1236_S7_strategy2.npz,15933–18600,—,MEAT,FP
continuous_1236_S7_strategy2.npz,17679–21944,MARRIED,MARRIED,TP
continuous_1236_S7_strategy2.npz,21944–26542,FAST,FAST,TP
continuous_1237_S7_strategy2.npz,0–4231,BROWN,BROWN,TP
continuous_1237_S7_strategy2.npz,4231–8477,GRANDFATHER,GRANDFATHER,TP
continuous_1237_S7_strategy2.npz,8477–12742,JUICE,JUICE,TP
continuous_1237_S7_strategy2.npz,12742–17007,EGG,EGG,TP
continuous_1237_S7_strategy2.npz,17007–21738,KNOW,KNOW,TP
continuous_1237_S7_strategy2.npz,19900–22733,—,WINE,FP
continuous_1237_S7_strategy2.npz,21738–26280,ONE,ONE,TP
continuous_1237_S7_strategy2.npz,26280–31217,DECEMBER,DECEMBER,TP
continuous_1238_S7_strategy2.npz,0–4255,GRANDFATHER,GRANDFATHER,TP
continuous_1238_S7_strategy2.npz,2733–5466,—,BOY,FP
continuous_1238_S7_strategy2.npz,4255–8841,YOURE WELCOME,YOURE WELCOME,TP
continuous_1238_S7_strategy2.npz,8841–13040,BLUE,BLUE,TP
continuous_1238_S7_strategy2.npz,13040–17271,SHRIMP,SHRIMP,TP
continuous_1238_S7_strategy2.npz,16433–19166,—,JANUARY,FP
continuous_1238_S7_strategy2.npz,17271–22241,JUNE,JUNE,TP
continuous_1238_S7_strategy2.npz,22241–26141,SLOW,SLOW,TP
continuous_1238_S7_strategy2.npz,24666–27400,—,LONGANISA,FP
continuous_1238_S7_strategy2.npz,26141–30385,SATURDAY,SATURDAY,TP
continuous_1239_S7_strategy2.npz,0–4265,ORANGE,ORANGE,TP
continuous_1239_S7_strategy2.npz,2333–4666,—,GIRL,FP
continuous_1239_S7_strategy2.npz,4265–8530,CHICKEN,CHICKEN,TP
continuous_1239_S7_strategy2.npz,7033–9366,—,OCTOBER,FP
continuous_1239_S7_strategy2.npz,8530–12696,SEPTEMBER,SEPTEMBER,TP
continuous_1239_S7_strategy2.npz,12696–16940,TOMORROW,TOMORROW,TP
continuous_1239_S7_strategy2.npz,14066–16400,—,TEN,FP
continuous_1239_S7_strategy2.npz,16400–18733,—,MILK,FP
continuous_1239_S7_strategy2.npz,16940–21072,AUNTIE,AUNTIE,TP
continuous_1240_S7_strategy2.npz,0–4213,AUNTIE,AUNTIE,TP
continuous_1240_S7_strategy2.npz,4213–9183,DECEMBER,DECEMBER,TP
continuous_1240_S7_strategy2.npz,7333–9800,—,JANUARY,FP
continuous_1240_S7_strategy2.npz,9183–13448,DEAF,DEAF,TP
continuous_1240_S7_strategy2.npz,13448–15382,GOOD AFTERNOON,GOOD AFTERNOON,TP
continuous_1240_S7_strategy2.npz,15382–19647,NO SUGAR,NO SUGAR,TP
continuous_1241_S7_strategy2.npz,0–4265,COLD,COLD,TP
continuous_1241_S7_strategy2.npz,3033–6100,—,CORRECT,FP
continuous_1241_S7_strategy2.npz,4265–8863,CORRECT,—,FN
continuous_1241_S7_strategy2.npz,8863–13128,AUGUST,AUGUST,TP
continuous_1241_S7_strategy2.npz,13128–17360,THURSDAY,THURSDAY,TP
continuous_1241_S7_strategy2.npz,17360–22132,EIGHT,EIGHT,TP
continuous_1241_S7_strategy2.npz,21433–24500,—,WINE,FP
continuous_1241_S7_strategy2.npz,22132–26345,AUNTIE,AUNTIE,TP
continuous_1241_S7_strategy2.npz,26345–30576,BREAD,—,FN
continuous_1241_S7_strategy2.npz,27566–30633,—,SHRIMP,FP
continuous_1242_S7_strategy2.npz,0–4231,JUICE,JUICE,TP
continuous_1242_S7_strategy2.npz,4231–9168,JULY,JULY,TP
continuous_1242_S7_strategy2.npz,8433–11233,—,APRIL,FP
continuous_1242_S7_strategy2.npz,9168–13433,DEAF,DEAF,TP
continuous_1242_S7_strategy2.npz,13433–17698,GRAY,GRAY,TP
continuous_1242_S7_strategy2.npz,17698–21963,SPAGHETTI,SPAGHETTI,TP
continuous_1242_S7_strategy2.npz,21963–26585,YOURE WELCOME,YOURE WELCOME,TP
continuous_1242_S7_strategy2.npz,25333–28133,—,WHITE,FP
continuous_1242_S7_strategy2.npz,26585–31226,EIGHT,EIGHT,TP
continuous_1243_S7_strategy2.npz,0–4658,THANK YOU,THANK YOU,TP
continuous_1243_S7_strategy2.npz,4658–9332,FOUR,FOUR,TP
continuous_1243_S7_strategy2.npz,9332–13543,SUNDAY,SUNDAY,TP
continuous_1243_S7_strategy2.npz,13543–18041,DON'T UNDERSTAND,DON’T UNDERSTAND,TP
continuous_1243_S7_strategy2.npz,18041–22320,GRANDFATHER,GRANDFATHER,TP
continuous_1244_S7_strategy2.npz,0–4231,SPAGHETTI,SPAGHETTI,TP
continuous_1244_S7_strategy2.npz,2733–5466,—,COLD,FP
continuous_1244_S7_strategy2.npz,4231–8862,NO,NO,TP
continuous_1244_S7_strategy2.npz,8862–13093,GIRL,GIRL,TP
continuous_1244_S7_strategy2.npz,10966–13700,—,YES,FP
continuous_1244_S7_strategy2.npz,13093–17292,OCTOBER,OCTOBER,TP
continuous_1244_S7_strategy2.npz,17292–21933,SEVEN,SEVEN,TP
continuous_1245_S7_strategy2.npz,0–4674,THREE,THREE,TP
continuous_1245_S7_strategy2.npz,4674–8774,NO SUGAR,NO SUGAR,TP
continuous_1245_S7_strategy2.npz,6666–10033,—,WOMAN,FP
continuous_1245_S7_strategy2.npz,8774–13005,WOMAN,—,FN
continuous_1245_S7_strategy2.npz,10033–13366,—,ORANGE,FP
continuous_1245_S7_strategy2.npz,13005–17770,HELLO,HELLO,TP
continuous_1245_S7_strategy2.npz,13366–16700,—,WOMAN,FP
continuous_1245_S7_strategy2.npz,17770–22035,BREAD,BREAD,TP
continuous_1245_S7_strategy2.npz,22035–27005,OCTOBER,OCTOBER,TP
continuous_1246_S7_strategy2.npz,0–4199,FOUR,FOUR,TP
continuous_1246_S7_strategy2.npz,2500–5033,—,KNOW,FP
continuous_1246_S7_strategy2.npz,4199–8830,DON'T KNOW,DON’T KNOW,TP
continuous_1246_S7_strategy2.npz,8830–13095,DARK,DARK,TP
continuous_1246_S7_strategy2.npz,12633–15166,—,BREAD,FP
continuous_1246_S7_strategy2.npz,13095–17769,JANUARY,JANUARY,TP
continuous_1246_S7_strategy2.npz,17700–20233,—,JUICE,FP
continuous_1246_S7_strategy2.npz,17769–21801,WEDNESDAY,WEDNESDAY,TP
continuous_1246_S7_strategy2.npz,21801–26066,LONGANISA,LONGANISA,TP
continuous_1246_S7_strategy2.npz,26066–30331,BEER,BEER,TP
continuous_1247_S7_strategy2.npz,0–2366,—,GREEN,FP
continuous_1247_S7_strategy2.npz,0–4231,GREEN,—,FN
continuous_1247_S7_strategy2.npz,4231–9168,SEPTEMBER,SEPTEMBER,TP
continuous_1247_S7_strategy2.npz,9168–13466,MILK,MILK,TP
continuous_1247_S7_strategy2.npz,11933–14333,—,PARENTS,FP
continuous_1247_S7_strategy2.npz,13466–17712,PARENTS,—,FN
continuous_1247_S7_strategy2.npz,14333–19100,—,MOTHER,FP
continuous_1247_S7_strategy2.npz,17712–22334,HOW ARE YOU,HOW ARE YOU,TP
continuous_1247_S7_strategy2.npz,21500–23866,—,BREAD,FP
continuous_1247_S7_strategy2.npz,22334–27008,EIGHT,EIGHT,TP
continuous_1247_S7_strategy2.npz,27008–31273,EGG,EGG,TP
continuous_1248_S7_strategy2.npz,0–4658,NICE TO MEET YOU,NICE TO MEET YOU,TP
continuous_1248_S7_strategy2.npz,3033–6066,—,APRIL,FP
continuous_1248_S7_strategy2.npz,4658–8939,GRANDFATHER,GRANDFATHER,TP
continuous_1248_S7_strategy2.npz,8939–13170,BLACK,BLACK,TP
continuous_1248_S7_strategy2.npz,13170–17401,HARD OF HEARING,HARD OF HEARING,TP
continuous_1248_S7_strategy2.npz,17401–22371,WEDNESDAY,WEDNESDAY,TP
continuous_1248_S7_strategy2.npz,21233–24266,—,SIX,FP
continuous_1248_S7_strategy2.npz,22371–26536,SIX,—,FN
continuous_1248_S7_strategy2.npz,24266–27300,—,SEVEN,FP
continuous_1248_S7_strategy2.npz,26536–30601,MARCH,MARCH,TP
continuous_1249_S7_strategy2.npz,0–4231,BROWN,BROWN,TP
continuous_1249_S7_strategy2.npz,2366–4766,—,COFFEE,FP
continuous_1249_S7_strategy2.npz,4231–8463,COFFEE,—,FN
continuous_1249_S7_strategy2.npz,4766–7133,—,GRAY,FP
continuous_1249_S7_strategy2.npz,7133–9533,—,SATURDAY,FP
continuous_1249_S7_strategy2.npz,8463–12741,SATURDAY,—,FN
continuous_1249_S7_strategy2.npz,12741–16987,DAUGHTER,DAUGHTER,TP
continuous_1249_S7_strategy2.npz,14300–16666,—,MARCH,FP
continuous_1249_S7_strategy2.npz,16666–19066,—,NOVEMBER,FP
continuous_1249_S7_strategy2.npz,16987–21957,OCTOBER,—,FN
continuous_1249_S7_strategy2.npz,19066–21433,—,MARCH,FP
continuous_1249_S7_strategy2.npz,21433–23833,—,JANUARY,FP
continuous_1249_S7_strategy2.npz,21957–26655,KNOW,KNOW,TP
continuous_1249_S7_strategy2.npz,26655–30920,FISH,FISH,TP
continuous_1250_S7_strategy2.npz,0–4231,BEER,BEER,TP
continuous_1250_S7_strategy2.npz,4231–8477,SON,SON,TP
continuous_1250_S7_strategy2.npz,8477–12708,BOY,BOY,TP
continuous_1250_S7_strategy2.npz,12708–17513,FOUR,FOUR,TP
continuous_1250_S7_strategy2.npz,17366–20266,—,EIGHT,FP
continuous_1250_S7_strategy2.npz,17513–21779,BROWN,BROWN,TP
continuous_1250_S7_strategy2.npz,21779–26010,MEAT,MEAT,TP
continuous_1251_S7_strategy2.npz,0–4946,TOMORROW,TOMORROW,TP
continuous_1251_S7_strategy2.npz,3233–6466,—,GREEN,FP
continuous_1251_S7_strategy2.npz,4946–9177,GREEN,—,FN
continuous_1251_S7_strategy2.npz,9177–13408,CHICKEN,CHICKEN,TP
continuous_1251_S7_strategy2.npz,13408–17639,NO SUGAR,NO SUGAR,TP
continuous_1251_S7_strategy2.npz,17639–22609,JULY,JULY,TP
continuous_1252_S7_strategy2.npz,0–4246,SON,SON,TP
continuous_1252_S7_strategy2.npz,2433–4900,—,DAUGHTER,FP
continuous_1252_S7_strategy2.npz,4246–8445,FISH,FISH,TP
continuous_1252_S7_strategy2.npz,7366–9833,—,PINK,FP
continuous_1252_S7_strategy2.npz,8445–12511,SEE YOU TOMORROW,SEE YOU TOMORROW,TP
continuous_1252_S7_strategy2.npz,12300–14766,—,TEN,FP
continuous_1252_S7_strategy2.npz,12511–16742,DEAF BLIND,DEAF BLIND,TP
continuous_1252_S7_strategy2.npz,16742–21041,GREEN,GREEN,TP
continuous_1252_S7_strategy2.npz,21041–25306,SUGAR,SUGAR,TP
continuous_1252_S7_strategy2.npz,24633–27100,—,MONDAY,FP
continuous_1252_S7_strategy2.npz,25306–29517,YESTERDAY,YESTERDAY,TP
continuous_1253_S7_strategy2.npz,0–4184,THURSDAY,THURSDAY,TP
continuous_1253_S7_strategy2.npz,4184–8428,MOTHER,MOTHER,TP
continuous_1253_S7_strategy2.npz,7033–9400,—,LIGHT,FP
continuous_1253_S7_strategy2.npz,8428–12659,LIGHT,—,FN
continuous_1253_S7_strategy2.npz,9400–11733,—,SUNDAY,FP
continuous_1253_S7_strategy2.npz,11733–14100,—,LIGHT,FP
continuous_1253_S7_strategy2.npz,12659–16890,HARD OF HEARING,HARD OF HEARING,TP
continuous_1253_S7_strategy2.npz,16890–21369,HELLO,HELLO,TP
continuous_1253_S7_strategy2.npz,21133–23500,—,COUSIN,FP
continuous_1253_S7_strategy2.npz,21369–26076,JANUARY,JANUARY,TP
continuous_1254_S7_strategy2.npz,0–4254,UNCLE,UNCLE,TP
continuous_1254_S7_strategy2.npz,4254–8485,DEAF BLIND,DEAF BLIND,TP
continuous_1254_S7_strategy2.npz,8485–13126,JANUARY,JANUARY,TP
continuous_1254_S7_strategy2.npz,13126–17092,GRAY,GRAY,TP
continuous_1254_S7_strategy2.npz,13833–16600,—,JUICE,FP
continuous_1254_S7_strategy2.npz,17092–21357,NICE TO MEET YOU,NICE TO MEET YOU,TP
continuous_1254_S7_strategy2.npz,21357–25588,SUGAR,SUGAR,TP
continuous_1254_S7_strategy2.npz,25588–30360,ONE,ONE,TP
continuous_1255_S7_strategy2.npz,0–4265,BLACK,BLACK,TP
continuous_1255_S7_strategy2.npz,4265–8264,DEAF BLIND,DEAF BLIND,TP
continuous_1255_S7_strategy2.npz,6066–9100,—,BLIND,FP
continuous_1255_S7_strategy2.npz,8264–12543,PARENTS,PARENTS,TP
continuous_1255_S7_strategy2.npz,9100–12166,—,JUICE,FP
continuous_1255_S7_strategy2.npz,12543–16808,MILK,MILK,TP
continuous_1255_S7_strategy2.npz,16808–21482,FEBRUARY,FEBRUARY,TP
continuous_1255_S7_strategy2.npz,21300–24333,—,JANUARY,FP
continuous_1255_S7_strategy2.npz,21482–25961,IM FINE,IM FINE,TP
continuous_1255_S7_strategy2.npz,25961–30635,FOUR,FOUR,TP
continuous_1256_S7_strategy2.npz,0–4231,WEELCHAIR PERSON,WEELCHAIR PERSON,TP
continuous_1256_S7_strategy2.npz,2933–5900,—,FISH,FP
continuous_1256_S7_strategy2.npz,4231–8462,WHITE,WHITE,TP
continuous_1256_S7_strategy2.npz,8462–12693,JUICE,—,FN
continuous_1256_S7_strategy2.npz,8866–14766,—,PINK,FP
continuous_1256_S7_strategy2.npz,12693–16905,AUNTIE,—,FN
continuous_1256_S7_strategy2.npz,14766–17733,—,JUICE,FP
continuous_1256_S7_strategy2.npz,16905–21527,THANK YOU,THANK YOU,TP
continuous_1256_S7_strategy2.npz,17733–20666,—,AUNTIE,FP
continuous_1256_S7_strategy2.npz,21527–25626,OCTOBER,OCTOBER,TP
continuous_1256_S7_strategy2.npz,25626–29825,THREE,THREE,TP
continuous_1257_S7_strategy2.npz,0–4279,GRANDFATHER,GRANDFATHER,TP
continuous_1257_S7_strategy2.npz,4279–8887,APRIL,APRIL,TP
continuous_1257_S7_strategy2.npz,8887–13320,YES,YES,TP
continuous_1257_S7_strategy2.npz,9366–12500,—,HOT,FP
continuous_1257_S7_strategy2.npz,13320–17586,WEDNESDAY,WEDNESDAY,TP
continuous_1257_S7_strategy2.npz,17586–21851,BLIND,BLIND,TP
continuous_1258_S7_strategy2.npz,0–4707,FIVE,FIVE,TP
continuous_1258_S7_strategy2.npz,2766–5533,—,NO,FP
continuous_1258_S7_strategy2.npz,4707–8740,NO,—,FN
continuous_1258_S7_strategy2.npz,5533–8300,—,WOMAN,FP
continuous_1258_S7_strategy2.npz,8300–11066,—,ORANGE,FP
continuous_1258_S7_strategy2.npz,8740–12971,WOMAN,—,FN
continuous_1258_S7_strategy2.npz,11066–13833,—,FEBRUARY,FP
continuous_1258_S7_strategy2.npz,12971–17710,FEBRUARY,—,FN
continuous_1258_S7_strategy2.npz,13833–16600,—,WHITE,FP
continuous_1258_S7_strategy2.npz,17710–21908,ORANGE,ORANGE,TP
continuous_1258_S7_strategy2.npz,21908–26139,LONGANISA,LONGANISA,TP
continuous_1258_S7_strategy2.npz,26139–30385,AUNTIE,AUNTIE,TP
continuous_1259_S7_strategy2.npz,0–4608,FOUR,FOUR,TP
continuous_1259_S7_strategy2.npz,4608–9158,HELLO,HELLO,TP
continuous_1259_S7_strategy2.npz,9158–13402,TODAY,TODAY,TP
continuous_1259_S7_strategy2.npz,13402–18076,JANUARY,JANUARY,TP
continuous_1259_S7_strategy2.npz,16933–19766,—,JUICE,FP
continuous_1259_S7_strategy2.npz,18076–22307,COLD,COLD,TP
continuous_1259_S7_strategy2.npz,22307–27005,NO,NO,TP
continuous_1259_S7_strategy2.npz,27005–31270,MEAT,MEAT,TP
continuous_1260_S7_strategy2.npz,0–4965,CORRECT,CORRECT,TP
continuous_1260_S7_strategy2.npz,3100–6233,—,COFFEE,FP
continuous_1260_S7_strategy2.npz,4965–9935,SEPTEMBER,—,FN
continuous_1260_S7_strategy2.npz,6233–9366,—,BREAD,FP
continuous_1260_S7_strategy2.npz,9366–12500,—,SON,FP
continuous_1260_S7_strategy2.npz,9935–14200,BREAD,—,FN
continuous_1260_S7_strategy2.npz,12500–18733,—,DAUGHTER,FP
continuous_1260_S7_strategy2.npz,14200–18446,SON,—,FN
continuous_1260_S7_strategy2.npz,18446–22679,COLD,COLD,TP
continuous_1260_S7_strategy2.npz,22679–26878,DEAF BLIND,DEAF BLIND,TP
continuous_1260_S7_strategy2.npz,25000–28133,—,BLIND,FP
continuous_1260_S7_strategy2.npz,26878–31211,IM FINE,IM FINE,TP
continuous_1261_S7_strategy2.npz,0–4231,JUICE,JUICE,TP
continuous_1261_S7_strategy2.npz,4231–8496,THREE,THREE,TP
continuous_1261_S7_strategy2.npz,8496–13190,GOOD MORNING,GOOD MORNING,TP
continuous_1261_S7_strategy2.npz,11866–14233,—,LIGHT,FP
continuous_1261_S7_strategy2.npz,13190–17455,LIGHT,—,FN
continuous_1261_S7_strategy2.npz,14233–16600,—,SUNDAY,FP
continuous_1261_S7_strategy2.npz,17455–22129,FEBRUARY,FEBRUARY,TP
continuous_1261_S7_strategy2.npz,21366–23733,—,PINK,FP
continuous_1261_S7_strategy2.npz,22129–26375,SON,SON,TP
continuous_1262_S7_strategy2.npz,0–4000,THANK YOU,THANK YOU,TP
continuous_1262_S7_strategy2.npz,4000–8937,MAY,MAY,TP
continuous_1262_S7_strategy2.npz,8066–10733,—,APRIL,FP
continuous_1262_S7_strategy2.npz,8937–13644,SIX,SIX,TP
continuous_1262_S7_strategy2.npz,13644–17809,LIGHT,LIGHT,TP
continuous_1262_S7_strategy2.npz,17809–22040,FISH,FISH,TP
continuous_1262_S7_strategy2.npz,21500–24200,—,WHITE,FP
continuous_1262_S7_strategy2.npz,22040–26838,NO,NO,TP
continuous_1263_S7_strategy2.npz,0–4575,SIX,SIX,TP
continuous_1263_S7_strategy2.npz,3033–6066,—,COUSIN,FP
continuous_1263_S7_strategy2.npz,4575–8854,COUSIN,—,FN
continuous_1263_S7_strategy2.npz,6066–9100,—,GREEN,FP
continuous_1263_S7_strategy2.npz,8854–13119,FISH,FISH,TP
continuous_1263_S7_strategy2.npz,12133–15200,—,WEDNESDAY,FP
continuous_1263_S7_strategy2.npz,13119–18056,WEDNESDAY,—,FN
continuous_1263_S7_strategy2.npz,15200–18233,—,SIX,FP
continuous_1263_S7_strategy2.npz,18056–22287,BLIND,BLIND,TP
continuous_1263_S7_strategy2.npz,21266–24300,—,OCTOBER,FP
continuous_1263_S7_strategy2.npz,22287–27257,OCTOBER,—,FN
continuous_1263_S7_strategy2.npz,24300–27366,—,MARCH,FP
continuous_1264_S7_strategy2.npz,0–4165,THREE,THREE,TP
continuous_1264_S7_strategy2.npz,2966–5966,—,COUSIN,FP
continuous_1264_S7_strategy2.npz,4165–8411,SON,SON,TP
continuous_1264_S7_strategy2.npz,8411–13381,WEDNESDAY,WEDNESDAY,TP
continuous_1264_S7_strategy2.npz,13381–17612,TEA,TEA,TP
continuous_1264_S7_strategy2.npz,17612–22549,AUGUST,AUGUST,TP
continuous_1264_S7_strategy2.npz,22549–26814,GOOD EVENING,GOOD EVENING,TP
continuous_1265_S7_strategy2.npz,0–4937,NOVEMBER,NOVEMBER,TP
continuous_1265_S7_strategy2.npz,4937–9202,SPAGHETTI,SPAGHETTI,TP
continuous_1265_S7_strategy2.npz,9202–13467,BLIND,BLIND,TP
continuous_1265_S7_strategy2.npz,11600–14500,—,YES,FP
continuous_1265_S7_strategy2.npz,13467–18132,YES,—,FN
continuous_1265_S7_strategy2.npz,14500–17400,—,GOOD EVENING,FP
continuous_1265_S7_strategy2.npz,18132–22674,SEVEN,SEVEN,TP
continuous_1265_S7_strategy2.npz,20300–23200,—,EIGHT,FP
continuous_1265_S7_strategy2.npz,22674–27611,MONDAY,MONDAY,TP
continuous_1265_S7_strategy2.npz,27611–31842,COLD,COLD,TP
continuous_1266_S7_strategy2.npz,0–4299,GOOD AFTERNOON,GOOD AFTERNOON,TP
continuous_1266_S7_strategy2.npz,3333–6666,—,GOOD EVENING,FP
continuous_1266_S7_strategy2.npz,4299–8498,DARK,DARK,TP
continuous_1266_S7_strategy2.npz,8498–12744,GRANDFATHER,GRANDFATHER,TP
continuous_1266_S7_strategy2.npz,12744–17714,TUESDAY,TUESDAY,TP
continuous_1266_S7_strategy2.npz,17714–21979,SUGAR,SUGAR,TP
continuous_1266_S7_strategy2.npz,21979–26686,MARCH,MARCH,TP
continuous_1267_S7_strategy2.npz,0–4707,MARCH,MARCH,TP
continuous_1267_S7_strategy2.npz,4707–8972,LONGANISA,LONGANISA,TP
continuous_1267_S7_strategy2.npz,8972–13646,FIVE,FIVE,TP
continuous_1267_S7_strategy2.npz,12333–15433,—,THREE,FP
continuous_1267_S7_strategy2.npz,13646–17679,HOT,HOT,TP
continuous_1267_S7_strategy2.npz,17679–21944,BLUE,BLUE,TP
continuous_1267_S7_strategy2.npz,21944–26387,NICE TO MEET YOU,NICE TO MEET YOU,TP
continuous_1267_S7_strategy2.npz,26387–31085,CORRECT,CORRECT,TP
continuous_1268_S7_strategy2.npz,0–4231,MEAT,MEAT,TP
continuous_1268_S7_strategy2.npz,3066–6166,—,YOURE WELCOME,FP
continuous_1268_S7_strategy2.npz,4231–8817,YOURE WELCOME,—,FN
continuous_1268_S7_strategy2.npz,6166–9266,—,BROWN,FP
continuous_1268_S7_strategy2.npz,8817–13082,BROWN,—,FN
continuous_1268_S7_strategy2.npz,9266–12366,—,KNOW,FP
continuous_1268_S7_strategy2.npz,12366–15466,—,HOT,FP
continuous_1268_S7_strategy2.npz,13082–17713,KNOW,—,FN
continuous_1268_S7_strategy2.npz,17713–21978,WEELCHAIR PERSON,WEELCHAIR PERSON,TP
continuous_1268_S7_strategy2.npz,21978–26224,DAUGHTER,DAUGHTER,TP
continuous_1268_S7_strategy2.npz,26224–31194,JANUARY,JANUARY,TP
continuous_1269_S7_strategy2.npz,0–4265,NO SUGAR,NO SUGAR,TP
continuous_1269_S7_strategy2.npz,4265–8530,DEAF BLIND,DEAF BLIND,TP
continuous_1269_S7_strategy2.npz,8530–13138,EIGHT,EIGHT,TP
continuous_1269_S7_strategy2.npz,13138–17403,SON,SON,TP
continuous_1269_S7_strategy2.npz,16733–20100,—,DAUGHTER,FP
continuous_1269_S7_strategy2.npz,17403–21647,TODAY,TODAY,TP
continuous_1269_S7_strategy2.npz,21647–25878,LONGANISA,LONGANISA,TP
continuous_1269_S7_strategy2.npz,25878–30109,PINK,PINK,TP
continuous_1270_S7_strategy2.npz,0–4265,FISH,FISH,TP
continuous_1270_S7_strategy2.npz,2600–5233,—,WEDNESDAY,FP
continuous_1270_S7_strategy2.npz,4265–9235,WEDNESDAY,—,FN
continuous_1270_S7_strategy2.npz,5233–7866,—,SIX,FP
continuous_1270_S7_strategy2.npz,7866–10466,—,KNOW,FP
continuous_1270_S7_strategy2.npz,9235–13900,DON'T KNOW,DON’T KNOW,TP
continuous_1270_S7_strategy2.npz,13100–15733,—,VIOLET,FP
continuous_1270_S7_strategy2.npz,13900–17999,VIOLET,—,FN
continuous_1270_S7_strategy2.npz,17999–22230,BLIND,BLIND,TP
continuous_1270_S7_strategy2.npz,20966–23600,—,JULY,FP
continuous_1270_S7_strategy2.npz,22230–27167,MAY,MAY,TP
continuous_1270_S7_strategy2.npz,27167–31398,TEA,TEA,TP
continuous_1271_S7_strategy2.npz,0–4133,HOT,HOT,TP
continuous_1271_S7_strategy2.npz,2233–4466,—,DAUGHTER,FP
continuous_1271_S7_strategy2.npz,4133–8379,DAUGHTER,—,FN
continuous_1271_S7_strategy2.npz,4466–6700,—,MEAT,FP
continuous_1271_S7_strategy2.npz,6700–8933,—,NICE TO MEET YOU,FP
continuous_1271_S7_strategy2.npz,8379–13210,CORRECT,CORRECT,TP
continuous_1271_S7_strategy2.npz,13210–18048,APRIL,APRIL,TP
continuous_1271_S7_strategy2.npz,18048–23018,MONDAY,MONDAY,TP
continuous_1271_S7_strategy2.npz,23018–27018,YOURE WELCOME,YOURE WELCOME,TP
continuous_1271_S7_strategy2.npz,27018–31183,CHICKEN,CHICKEN,TP
continuous_1272_S7_strategy2.npz,0–4231,YELLOW,YELLOW,TP
continuous_1272_S7_strategy2.npz,3100–6200,—,KNOW,FP
continuous_1272_S7_strategy2.npz,4231–8896,DON'T KNOW,DON’T KNOW,TP
continuous_1272_S7_strategy2.npz,8896–13174,SUNDAY,SUNDAY,TP
continuous_1272_S7_strategy2.npz,9300–12433,—,NO,FP
continuous_1272_S7_strategy2.npz,13174–17453,UNCLE,UNCLE,TP
continuous_1272_S7_strategy2.npz,17453–21718,BEER,BEER,TP
continuous_1273_S7_strategy2.npz,0–4765,KNOW,KNOW,TP
continuous_1273_S7_strategy2.npz,4765–9406,EIGHT,EIGHT,TP
continuous_1273_S7_strategy2.npz,9406–13637,GIRL,GIRL,TP
continuous_1273_S7_strategy2.npz,13637–18508,NOVEMBER,NOVEMBER,TP
continuous_1273_S7_strategy2.npz,17733–20266,—,MARCH,FP
continuous_1273_S7_strategy2.npz,18508–22754,THURSDAY,THURSDAY,TP
continuous_1274_S7_strategy2.npz,0–4132,LONGANISA,LONGANISA,TP
continuous_1274_S7_strategy2.npz,4132–8343,FATHER,FATHER,TP
continuous_1274_S7_strategy2.npz,8343–12575,TEA,TEA,TP
continuous_1274_S7_strategy2.npz,12575–17314,SEVEN,SEVEN,TP
continuous_1274_S7_strategy2.npz,17314–21545,GRAY,GRAY,TP
continuous_1274_S7_strategy2.npz,21545–25823,TOMORROW,TOMORROW,TP
continuous_1274_S7_strategy2.npz,25823–29989,THANK YOU,THANK YOU,TP
continuous_1275_S7_strategy2.npz,0–4066,NO,NO,TP
continuous_1275_S7_strategy2.npz,4066–8310,FATHER,FATHER,TP
continuous_1275_S7_strategy2.npz,8310–12675,TODAY,—,FN
continuous_1275_S7_strategy2.npz,8466–14100,—,THANK YOU,FP
continuous_1275_S7_strategy2.npz,12675–16940,MAN,—,FN
continuous_1275_S7_strategy2.npz,14100–16933,—,DEAF,FP
continuous_1275_S7_strategy2.npz,16940–21205,BREAD,BREAD,TP
continuous_1275_S7_strategy2.npz,21205–25370,GOOD EVENING,GOOD EVENING,TP
continuous_1276_S7_strategy2.npz,0–4246,UNCLE,UNCLE,TP
continuous_1276_S7_strategy2.npz,3133–6300,—,DEAF,FP
continuous_1276_S7_strategy2.npz,4246–8312,FAST,FAST,TP
continuous_1276_S7_strategy2.npz,8312–12477,TUESDAY,TUESDAY,TP
continuous_1276_S7_strategy2.npz,12477–16708,SUGAR,SUGAR,TP
continuous_1276_S7_strategy2.npz,16708–21381,EIGHT,EIGHT,TP
continuous_1276_S7_strategy2.npz,21381–25213,JUNE,—,FN
continuous_1277_S7_strategy2.npz,0–4133,COLD,COLD,TP
continuous_1277_S7_strategy2.npz,4133–8364,MARRIED,MARRIED,TP
continuous_1277_S7_strategy2.npz,8364–12914,GOOD AFTERNOON,GOOD AFTERNOON,TP
continuous_1277_S7_strategy2.npz,12914–17719,EIGHT,EIGHT,TP
continuous_1277_S7_strategy2.npz,17719–22018,SPAGHETTI,SPAGHETTI,TP
continuous_1277_S7_strategy2.npz,20333–23733,—,BLACK,FP
continuous_1277_S7_strategy2.npz,22018–26250,GRANDFATHER,GRANDFATHER,TP
continuous_1277_S7_strategy2.npz,26250–30781,YES,YES,TP
continuous_1278_S7_strategy2.npz,0–4246,DAUGHTER,DAUGHTER,TP
continuous_1278_S7_strategy2.npz,4066–6100,—,NO SUGAR,FP
continuous_1278_S7_strategy2.npz,4246–8477,NO SUGAR,—,FN
continuous_1278_S7_strategy2.npz,6100–10166,—,SUGAR,FP
continuous_1278_S7_strategy2.npz,8477–13151,TEN,TEN,TP
continuous_1278_S7_strategy2.npz,12200–14233,—,MILK,FP
continuous_1278_S7_strategy2.npz,13151–18121,JUNE,JUNE,TP
continuous_1278_S7_strategy2.npz,14233–16266,—,JANUARY,FP
continuous_1278_S7_strategy2.npz,18121–22286,WHITE,WHITE,TP
continuous_1279_S7_strategy2.npz,0–4232,PARENTS,PARENTS,TP
continuous_1279_S7_strategy2.npz,4232–8807,SEVEN,SEVEN,TP
continuous_1279_S7_strategy2.npz,6766–10133,—,GREEN,FP
continuous_1279_S7_strategy2.npz,8807–13072,FISH,FISH,TP
continuous_1279_S7_strategy2.npz,13072–17337,HARD OF HEARING,HARD OF HEARING,TP
continuous_1279_S7_strategy2.npz,17337–21935,KNOW,KNOW,TP
continuous_1279_S7_strategy2.npz,21935–26166,JUICE,JUICE,TP
continuous_1279_S7_strategy2.npz,26166–30410,TODAY,TODAY,TP
continuous_1280_S7_strategy2.npz,0–4765,UNDERSTAND,UNDERSTAND,TP
continuous_1280_S7_strategy2.npz,4765–9030,YELLOW,YELLOW,TP
continuous_1280_S7_strategy2.npz,9030–13129,MARRIED,MARRIED,TP
continuous_1280_S7_strategy2.npz,13129–17373,MOTHER,MOTHER,TP
continuous_1280_S7_strategy2.npz,17373–21672,SPAGHETTI,SPAGHETTI,TP
continuous_1281_S7_strategy2.npz,0–4246,AUNTIE,AUNTIE,TP
continuous_1281_S7_strategy2.npz,4246–8445,RED,RED,TP
continuous_1281_S7_strategy2.npz,6533–9833,—,MOTHER,FP
continuous_1281_S7_strategy2.npz,8445–13184,TWO,TWO,TP
continuous_1281_S7_strategy2.npz,13184–17682,DON'T KNOW,DON’T KNOW,TP
continuous_1281_S7_strategy2.npz,16366–19666,—,MARRIED,FP
continuous_1281_S7_strategy2.npz,17682–21947,MARRIED,—,FN
continuous_1281_S7_strategy2.npz,19666–22933,—,EGG,FP
continuous_1281_S7_strategy2.npz,21947–26178,LONGANISA,LONGANISA,TP
continuous_1282_S7_strategy2.npz,0–4232,WHITE,WHITE,TP
continuous_1282_S7_strategy2.npz,3000–6033,—,HELLO,FP
continuous_1282_S7_strategy2.npz,4232–8173,HELLO,—,FN
continuous_1282_S7_strategy2.npz,6033–9066,—,WINE,FP
continuous_1282_S7_strategy2.npz,8173–12438,WINE,—,FN
continuous_1282_S7_strategy2.npz,9066–12066,—,WEELCHAIR PERSON,FP
continuous_1282_S7_strategy2.npz,12438–16669,LONGANISA,LONGANISA,TP
continuous_1282_S7_strategy2.npz,15100–18133,—,SATURDAY,FP
continuous_1282_S7_strategy2.npz,16669–21376,SIX,SIX,TP
continuous_1283_S7_strategy2.npz,0–4665,KNOW,KNOW,TP
continuous_1283_S7_strategy2.npz,4665–8930,RICE,RICE,TP
continuous_1283_S7_strategy2.npz,7566–11333,—,WINE,FP
continuous_1283_S7_strategy2.npz,8930–13163,WINE,—,FN
continuous_1283_S7_strategy2.npz,13163–18100,TUESDAY,TUESDAY,TP
continuous_1283_S7_strategy2.npz,18100–22200,HELLO,HELLO,TP
continuous_1283_S7_strategy2.npz,22200–26465,RED,RED,TP
continuous_1284_S7_strategy2.npz,0–4231,EGG,EGG,TP
continuous_1284_S7_strategy2.npz,2766–5566,—,WRONG,FP
continuous_1284_S7_strategy2.npz,4231–8905,APRIL,APRIL,TP
continuous_1284_S7_strategy2.npz,8905–13570,UNDERSTAND,UNDERSTAND,TP
continuous_1284_S7_strategy2.npz,13570–17801,YELLOW,YELLOW,TP
continuous_1284_S7_strategy2.npz,17801–22033,NICE TO MEET YOU,NICE TO MEET YOU,TP
continuous_1284_S7_strategy2.npz,22033–26332,TEN,TEN,TP
continuous_1284_S7_strategy2.npz,26332–30597,BEER,BEER,TP
continuous_1285_S7_strategy2.npz,0–4211,YESTERDAY,YESTERDAY,TP
continuous_1285_S7_strategy2.npz,4211–8410,DARK,DARK,TP
continuous_1285_S7_strategy2.npz,8410–12675,SHRIMP,SHRIMP,TP
continuous_1285_S7_strategy2.npz,10900–13633,—,GOOD AFTERNOON,FP
continuous_1285_S7_strategy2.npz,12675–16741,HELLO,HELLO,TP
continuous_1285_S7_strategy2.npz,16741–21020,SON,SON,TP
continuous_1285_S7_strategy2.npz,21020–25385,MAY,MAY,TP
continuous_1285_S7_strategy2.npz,25385–29983,CORRECT,CORRECT,TP
continuous_1286_S7_strategy2.npz,0–4798,DON'T UNDERSTAND,DON’T UNDERSTAND,TP
continuous_1286_S7_strategy2.npz,3066–6166,—,YES,FP
continuous_1286_S7_strategy2.npz,4798–9439,TWO,TWO,TP
continuous_1286_S7_strategy2.npz,9439–14146,APRIL,APRIL,TP
continuous_1286_S7_strategy2.npz,14146–18211,BROWN,BROWN,TP
continuous_1286_S7_strategy2.npz,18211–22310,RICE,RICE,TP
continuous_1286_S7_strategy2.npz,22310–26860,HOW ARE YOU,HOW ARE YOU,TP
continuous_1286_S7_strategy2.npz,24700–27800,—,BREAD,FP
continuous_1286_S7_strategy2.npz,26860–31125,COFFEE,COFFEE,TP
continuous_1287_S7_strategy2.npz,0–4265,WOMAN,WOMAN,TP
continuous_1287_S7_strategy2.npz,3233–6500,—,ORANGE,FP
continuous_1287_S7_strategy2.npz,4265–8994,THANK YOU,THANK YOU,TP
continuous_1287_S7_strategy2.npz,8994–13225,BEER,BEER,TP
continuous_1287_S7_strategy2.npz,13000–16233,—,JUICE,FP
continuous_1287_S7_strategy2.npz,13225–17890,NO,NO,TP
continuous_1287_S7_strategy2.npz,17890–22055,FIVE,FIVE,TP
continuous_1287_S7_strategy2.npz,22055–26266,SATURDAY,SATURDAY,TP
continuous_1288_S7_strategy2.npz,0–4231,CRAB,CRAB,TP
continuous_1288_S7_strategy2.npz,2733–5466,—,HARD OF HEARING,FP
continuous_1288_S7_strategy2.npz,4231–8730,HARD OF HEARING,—,FN
continuous_1288_S7_strategy2.npz,5466–8233,—,MILK,FP
continuous_1288_S7_strategy2.npz,8730–12941,TOMORROW,TOMORROW,TP
continuous_1288_S7_strategy2.npz,10966–13700,—,TEN,FP
continuous_1288_S7_strategy2.npz,12941–17491,GOOD AFTERNOON,GOOD AFTERNOON,TP
continuous_1288_S7_strategy2.npz,17491–22198,FEBRUARY,FEBRUARY,TP
continuous_1289_S7_strategy2.npz,0–4232,MOTHER,MOTHER,TP
continuous_1289_S7_strategy2.npz,4232–8497,MEAT,MEAT,TP
continuous_1289_S7_strategy2.npz,8497–12729,MAN,MAN,TP
continuous_1289_S7_strategy2.npz,12729–16960,HOT,HOT,TP
continuous_1289_S7_strategy2.npz,16960–21159,OCTOBER,OCTOBER,TP
continuous_1289_S7_strategy2.npz,21159–25709,IM FINE,IM FINE,TP
continuous_1290_S7_strategy2.npz,0–4739,NINE,NINE,TP
continuous_1290_S7_strategy2.npz,3700–7433,—,EIGHT,FP
continuous_1290_S7_strategy2.npz,4739–8938,EGG,EGG,TP
continuous_1290_S7_strategy2.npz,8938–13216,SUNDAY,SUNDAY,TP
continuous_1290_S7_strategy2.npz,13216–17447,BROWN,BROWN,TP
continuous_1290_S7_strategy2.npz,17447–22245,KNOW,KNOW,TP
continuous_1291_S7_strategy2.npz,0–4265,CHICKEN,CHICKEN,TP
continuous_1291_S7_strategy2.npz,4265–8530,BLACK,BLACK,TP
continuous_1291_S7_strategy2.npz,8300–11066,—,YES,FP
continuous_1291_S7_strategy2.npz,8530–12761,MILK,MILK,TP
continuous_1291_S7_strategy2.npz,12761–17005,TODAY,TODAY,TP
continuous_1291_S7_strategy2.npz,17005–21744,THREE,THREE,TP
continuous_1291_S7_strategy2.npz,21744–26109,MAN,MAN,TP
continuous_1291_S7_strategy2.npz,26109–30695,YOURE WELCOME,YOURE WELCOME,TP
continuous_1292_S7_strategy2.npz,0–4265,SHRIMP,SHRIMP,TP
continuous_1292_S7_strategy2.npz,2133–4300,—,SLOW,FP
continuous_1292_S7_strategy2.npz,4265–8744,GOOD EVENING,GOOD EVENING,TP
continuous_1292_S7_strategy2.npz,8633–10800,—,JANUARY,FP
continuous_1292_S7_strategy2.npz,8744–13385,JANUARY,—,FN
continuous_1292_S7_strategy2.npz,10800–15133,—,JUICE,FP
continuous_1292_S7_strategy2.npz,13385–17650,WOMAN,WOMAN,TP
continuous_1292_S7_strategy2.npz,17300–19466,—,ORANGE,FP
continuous_1292_S7_strategy2.npz,17650–21882,ONE,ONE,TP
continuous_1293_S7_strategy2.npz,0–4211,YESTERDAY,YESTERDAY,TP
continuous_1293_S7_strategy2.npz,4211–8819,ONE,ONE,TP
continuous_1293_S7_strategy2.npz,8819–13756,NOVEMBER,NOVEMBER,TP
continuous_1293_S7_strategy2.npz,13533–15800,—,RED,FP
continuous_1293_S7_strategy2.npz,13756–18554,SLOW,SLOW,TP
continuous_1293_S7_strategy2.npz,18554–22785,PINK,PINK,TP
continuous_1293_S7_strategy2.npz,22566–24833,—,BREAD,FP
continuous_1293_S7_strategy2.npz,22785–27016,RICE,RICE,TP
continuous_1294_S7_strategy2.npz,0–4265,CHICKEN,CHICKEN,TP
continuous_1294_S7_strategy2.npz,2133–4300,—,MOTHER,FP
continuous_1294_S7_strategy2.npz,4265–8939,FOUR,FOUR,TP
continuous_1294_S7_strategy2.npz,6433–8600,—,MOTHER,FP
continuous_1294_S7_strategy2.npz,8600–10766,—,FATHER,FP
continuous_1294_S7_strategy2.npz,8939–13176,PARENTS,PARENTS,TP
continuous_1294_S7_strategy2.npz,13176–17420,FRIDAY,FRIDAY,TP
continuous_1294_S7_strategy2.npz,15066–17233,—,EIGHT,FP
continuous_1294_S7_strategy2.npz,17233–19366,—,TEN,FP
continuous_1294_S7_strategy2.npz,17420–22078,GOOD MORNING,GOOD MORNING,TP
continuous_1294_S7_strategy2.npz,22078–26243,JUICE,JUICE,TP
continuous_1294_S7_strategy2.npz,26243–30375,JUNE,—,FN
continuous_1295_S7_strategy2.npz,0–4231,GIRL,GIRL,TP
continuous_1295_S7_strategy2.npz,3133–6300,—,BEER,FP
continuous_1295_S7_strategy2.npz,4231–8496,BREAD,BREAD,TP
continuous_1295_S7_strategy2.npz,8496–13127,CORRECT,CORRECT,TP
continuous_1295_S7_strategy2.npz,13127–17713,HELLO,—,FN
continuous_1295_S7_strategy2.npz,15800–18966,—,HELLO,FP
continuous_1295_S7_strategy2.npz,17713–22387,EIGHT,EIGHT,TP
continuous_1296_S7_strategy2.npz,0–4298,WOMAN,WOMAN,TP
continuous_1296_S7_strategy2.npz,3033–6100,—,TOMORROW,FP
continuous_1296_S7_strategy2.npz,4298–8920,HOW ARE YOU,HOW ARE YOU,TP
continuous_1296_S7_strategy2.npz,8920–13857,MAY,—,FN
continuous_1296_S7_strategy2.npz,9166–12200,—,BREAD,FP
continuous_1296_S7_strategy2.npz,12200–15266,—,MAY,FP
continuous_1296_S7_strategy2.npz,13857–18101,MOTHER,—,FN
continuous_1296_S7_strategy2.npz,15266–18333,—,APRIL,FP
continuous_1296_S7_strategy2.npz,18101–22332,GRAY,GRAY,TP
continuous_1296_S7_strategy2.npz,18333–21366,—,MOTHER,FP
continuous_1296_S7_strategy2.npz,22332–26997,CORRECT,CORRECT,TP
continuous_1296_S7_strategy2.npz,26997–30797,COLD,COLD,TP
continuous_1297_S7_strategy2.npz,0–4265,VIOLET,VIOLET,TP
continuous_1297_S7_strategy2.npz,4265–8509,FRIDAY,FRIDAY,TP
continuous_1297_S7_strategy2.npz,8509–12774,GIRL,GIRL,TP
continuous_1297_S7_strategy2.npz,12400–15500,—,YES,FP
continuous_1297_S7_strategy2.npz,12774–17039,MILK,MILK,TP
continuous_1297_S7_strategy2.npz,17039–21670,DON'T KNOW,DON’T KNOW,TP
continuous_1298_S7_strategy2.npz,0–4665,DON'T UNDERSTAND,DON’T UNDERSTAND,TP
continuous_1298_S7_strategy2.npz,4665–8896,COLD,COLD,TP
continuous_1298_S7_strategy2.npz,6566–9866,—,SEVEN,FP
continuous_1298_S7_strategy2.npz,8896–13570,SEVEN,—,FN
continuous_1298_S7_strategy2.npz,13570–17702,LIGHT,LIGHT,TP
continuous_1298_S7_strategy2.npz,17702–22068,GOOD MORNING,GOOD MORNING,TP
continuous_1298_S7_strategy2.npz,19766–23066,—,MOTHER,FP
continuous_1298_S7_strategy2.npz,22068–26314,PARENTS,PARENTS,TP
continuous_1299_S7_strategy2.npz,0–4232,NICE TO MEET YOU,NICE TO MEET YOU,TP
continuous_1299_S7_strategy2.npz,4232–8897,UNDERSTAND,UNDERSTAND,TP
continuous_1299_S7_strategy2.npz,8100–10833,—,SEE YOU TOMORROW,FP
continuous_1299_S7_strategy2.npz,8897–13128,FISH,FISH,TP
continuous_1299_S7_strategy2.npz,13128–17374,AUNTIE,AUNTIE,TP
continuous_1299_S7_strategy2.npz,13533–16233,—,WHITE,FP
continuous_1299_S7_strategy2.npz,17374–21639,SUGAR,SUGAR,TP
continuous_1300_S7_strategy2.npz,0–4937,SEPTEMBER,SEPTEMBER,TP
continuous_1300_S7_strategy2.npz,4937–9150,UNCLE,UNCLE,TP
continuous_1300_S7_strategy2.npz,8766–11700,—,THANK YOU,FP
continuous_1300_S7_strategy2.npz,9150–13515,TODAY,—,FN
continuous_1300_S7_strategy2.npz,11700–14600,—,HOT,FP
continuous_1300_S7_strategy2.npz,13515–17746,HOT,—,FN
continuous_1300_S7_strategy2.npz,14600–17533,—,PINK,FP
continuous_1300_S7_strategy2.npz,17746–22011,ORANGE,ORANGE,TP
continuous_1300_S7_strategy2.npz,22011–26276,FOUR,FOUR,TP
continuous_1301_S7_strategy2.npz,0–4265,WHITE,WHITE,TP
continuous_1301_S7_strategy2.npz,2733–5466,—,DEAF,FP
continuous_1301_S7_strategy2.npz,4265–8807,ONE,ONE,TP
continuous_1301_S7_strategy2.npz,8200–10933,—,CORRECT,FP
continuous_1301_S7_strategy2.npz,8807–13448,FEBRUARY,FEBRUARY,TP
continuous_1301_S7_strategy2.npz,13448–17679,WINE,WINE,TP
continuous_1301_S7_strategy2.npz,17679–21844,SUNDAY,SUNDAY,TP
continuous_1302_S7_strategy2.npz,0–4244,TOMORROW,TOMORROW,TP
continuous_1302_S7_strategy2.npz,4244–8475,GIRL,GIRL,TP
continuous_1302_S7_strategy2.npz,5833–8766,—,YES,FP
continuous_1302_S7_strategy2.npz,8475–13061,THANK YOU,THANK YOU,TP
continuous_1302_S7_strategy2.npz,8766–11666,—,BREAD,FP
continuous_1302_S7_strategy2.npz,13061–17326,WINE,—,FN
continuous_1302_S7_strategy2.npz,14600–17533,—,BROWN,FP
continuous_1302_S7_strategy2.npz,17326–21835,FEBRUARY,—,FN
continuous_1302_S7_strategy2.npz,17533–20433,—,WINE,FP
continuous_1302_S7_strategy2.npz,20433–23366,—,FEBRUARY,FP
continuous_1302_S7_strategy2.npz,21835–26509,EIGHT,EIGHT,TP
continuous_1303_S7_strategy2.npz,0–4265,DEAF BLIND,DEAF BLIND,TP
continuous_1303_S7_strategy2.npz,2733–5466,—,CRAB,FP
continuous_1303_S7_strategy2.npz,4265–8530,CRAB,—,FN
continuous_1303_S7_strategy2.npz,5466–8233,—,HOT,FP
continuous_1303_S7_strategy2.npz,8530–12761,JUICE,JUICE,TP
continuous_1303_S7_strategy2.npz,10966–13700,—,MILK,FP
continuous_1303_S7_strategy2.npz,12761–17026,AUNTIE,AUNTIE,TP
continuous_1303_S7_strategy2.npz,17026–21930,MARCH,MARCH,TP
continuous_1304_S7_strategy2.npz,0–4631,SLOW,SLOW,TP
continuous_1304_S7_strategy2.npz,4631–8877,AUNTIE,AUNTIE,TP
continuous_1304_S7_strategy2.npz,8877–13142,DEAF BLIND,DEAF BLIND,TP
continuous_1304_S7_strategy2.npz,13142–17407,RICE,RICE,TP
continuous_1304_S7_strategy2.npz,17407–21639,SUNDAY,SUNDAY,TP
continuous_1304_S7_strategy2.npz,21639–25870,SUGAR,SUGAR,TP
continuous_1305_S7_strategy2.npz,0–4231,PINK,PINK,TP
continuous_1305_S7_strategy2.npz,2533–5066,—,WINE,FP
continuous_1305_S7_strategy2.npz,4231–8462,WINE,—,FN
continuous_1305_S7_strategy2.npz,5066–7600,—,MARCH,FP
continuous_1305_S7_strategy2.npz,7600–10166,—,JANUARY,FP
continuous_1305_S7_strategy2.npz,8462–13136,MARCH,—,FN
continuous_1305_S7_strategy2.npz,13136–17744,SEVEN,SEVEN,TP
continuous_1305_S7_strategy2.npz,17744–21975,WOMAN,WOMAN,TP
continuous_1305_S7_strategy2.npz,21975–26174,SATURDAY,SATURDAY,TP
continuous_1305_S7_strategy2.npz,26174–30420,GRANDFATHER,GRANDFATHER,TP
continuous_1306_S7_strategy2.npz,0–4265,MILK,MILK,TP
continuous_1306_S7_strategy2.npz,3266–6566,—,THREE,FP
continuous_1306_S7_strategy2.npz,4265–8906,THREE,—,FN
continuous_1306_S7_strategy2.npz,6566–9833,—,MILK,FP
continuous_1306_S7_strategy2.npz,8906–13456,GOOD AFTERNOON,GOOD AFTERNOON,TP
continuous_1306_S7_strategy2.npz,13133–16433,—,EIGHT,FP
continuous_1306_S7_strategy2.npz,13456–18087,YES,YES,TP
continuous_1306_S7_strategy2.npz,18087–22318,MARRIED,MARRIED,TP
continuous_1306_S7_strategy2.npz,22318–26549,RICE,RICE,TP
continuous_1307_S7_strategy2.npz,0–4211,TODAY,TODAY,TP
continuous_1307_S7_strategy2.npz,2433–4866,—,YELLOW,FP
continuous_1307_S7_strategy2.npz,4211–8476,YELLOW,—,FN
continuous_1307_S7_strategy2.npz,4866–7300,—,WRONG,FP
continuous_1307_S7_strategy2.npz,7300–9733,—,HOT,FP
continuous_1307_S7_strategy2.npz,8476–12741,HOT,—,FN
continuous_1307_S7_strategy2.npz,9733–12200,—,PINK,FP
continuous_1307_S7_strategy2.npz,12200–14633,—,JULY,FP
continuous_1307_S7_strategy2.npz,12741–17678,JULY,—,FN
continuous_1307_S7_strategy2.npz,14633–17066,—,JUNE,FP
continuous_1307_S7_strategy2.npz,17066–19500,—,GOOD AFTERNOON,FP
continuous_1307_S7_strategy2.npz,17678–22192,GOOD EVENING,GOOD EVENING,TP
continuous_1308_S7_strategy2.npz,0–4674,TWO,TWO,TP
continuous_1308_S7_strategy2.npz,2533–5066,—,WOMAN,FP
continuous_1308_S7_strategy2.npz,4674–8905,GIRL,GIRL,TP
continuous_1308_S7_strategy2.npz,8905–12970,PINK,PINK,TP
continuous_1308_S7_strategy2.npz,12970–17201,RICE,RICE,TP
continuous_1308_S7_strategy2.npz,17201–22138,MAY,MAY,TP
continuous_1308_S7_strategy2.npz,22138–26403,WINE,WINE,TP
continuous_1308_S7_strategy2.npz,25400–27933,—,FAST,FP
continuous_1308_S7_strategy2.npz,26403–30435,DON'T UNDERSTAND,DON’T UNDERSTAND,TP
continuous_1309_S7_strategy2.npz,0–4000,WINE,WINE,TP
continuous_1309_S7_strategy2.npz,4000–8658,SEE YOU TOMORROW,SEE YOU TOMORROW,TP
continuous_1309_S7_strategy2.npz,8658–12823,GRANDFATHER,GRANDFATHER,TP
continuous_1309_S7_strategy2.npz,12823–17088,MARRIED,MARRIED,TP
continuous_1309_S7_strategy2.npz,16933–20333,—,SPAGHETTI,FP
continuous_1309_S7_strategy2.npz,17088–21353,CRAB,CRAB,TP
continuous_1309_S7_strategy2.npz,21353–25984,SLOW,SLOW,TP
continuous_1309_S7_strategy2.npz,25984–30756,THREE,THREE,TP
continuous_1310_S7_strategy2.npz,0–4065,FRIDAY,FRIDAY,TP
continuous_1310_S7_strategy2.npz,3100–6233,—,SON,FP
continuous_1310_S7_strategy2.npz,4065–8311,SON,—,FN
continuous_1310_S7_strategy2.npz,6233–9366,—,HARD OF HEARING,FP
continuous_1310_S7_strategy2.npz,8311–12942,NO,NO,TP
continuous_1310_S7_strategy2.npz,12942–17141,JUICE,—,FN
continuous_1310_S7_strategy2.npz,15633–18766,—,JUICE,FP
continuous_1310_S7_strategy2.npz,17141–21848,THREE,THREE,TP
continuous_1311_S7_strategy2.npz,0–4265,EGG,EGG,TP
continuous_1311_S7_strategy2.npz,2800–5633,—,MOTHER,FP
continuous_1311_S7_strategy2.npz,4265–8531,MOTHER,—,FN
continuous_1311_S7_strategy2.npz,8531–12796,RED,RED,TP
continuous_1311_S7_strategy2.npz,11266–14100,—,NO,FP
continuous_1311_S7_strategy2.npz,12796–16929,NO,—,FN
continuous_1311_S7_strategy2.npz,14100–16900,—,SEVEN,FP
continuous_1311_S7_strategy2.npz,16900–22566,—,EIGHT,FP
continuous_1311_S7_strategy2.npz,16929–21668,SEVEN,—,FN
continuous_1311_S7_strategy2.npz,21668–26290,GOOD AFTERNOON,GOOD AFTERNOON,TP
continuous_1311_S7_strategy2.npz,26290–31260,MONDAY,MONDAY,TP
continuous_1312_S7_strategy2.npz,0–4231,FISH,FISH,TP
continuous_1312_S7_strategy2.npz,2566–5133,—,WRONG,FP
continuous_1312_S7_strategy2.npz,4231–8464,WRONG,—,FN
continuous_1312_S7_strategy2.npz,5133–7733,—,ORANGE,FP
continuous_1312_S7_strategy2.npz,8464–12695,BLUE,BLUE,TP
continuous_1312_S7_strategy2.npz,10300–12900,—,MILK,FP
continuous_1312_S7_strategy2.npz,12695–16941,DAUGHTER,DAUGHTER,TP
continuous_1312_S7_strategy2.npz,15466–18033,—,MAY,FP
continuous_1312_S7_strategy2.npz,16941–21845,MAY,—,FN
continuous_1312_S7_strategy2.npz,18033–20633,—,NO,FP
continuous_1312_S7_strategy2.npz,21845–26815,MONDAY,MONDAY,TP
continuous_1312_S7_strategy2.npz,25800–28366,—,TEN,FP
continuous_1312_S7_strategy2.npz,26815–30880,GOOD EVENING,GOOD EVENING,TP
continuous_1313_S7_strategy2.npz,0–4244,TODAY,TODAY,TP
continuous_1313_S7_strategy2.npz,2666–5333,—,COUSIN,FP
continuous_1313_S7_strategy2.npz,4244–8490,COUSIN,—,FN
continuous_1313_S7_strategy2.npz,8490–12755,ORANGE,ORANGE,TP
continuous_1313_S7_strategy2.npz,12755–17429,FIVE,FIVE,TP
continuous_1313_S7_strategy2.npz,17429–22366,JUNE,JUNE,TP
continuous_1313_S7_strategy2.npz,22366–26952,SEE YOU TOMORROW,SEE YOU TOMORROW,TP
continuous_1314_S7_strategy2.npz,0–4399,WOMAN,WOMAN,TP
continuous_1314_S7_strategy2.npz,2666–5333,—,COUSIN,FP
continuous_1314_S7_strategy2.npz,4399–9336,MONDAY,MONDAY,TP
continuous_1314_S7_strategy2.npz,8000–10666,—,UNDERSTAND,FP
continuous_1314_S7_strategy2.npz,9336–13934,DON'T UNDERSTAND,DON’T UNDERSTAND,TP
continuous_1314_S7_strategy2.npz,13366–16033,—,FISH,FP
continuous_1314_S7_strategy2.npz,13934–18189,GRANDFATHER,GRANDFATHER,TP
continuous_1314_S7_strategy2.npz,18189–22420,RED,RED,TP
continuous_1314_S7_strategy2.npz,21366–24033,—,PINK,FP
continuous_1314_S7_strategy2.npz,22420–26685,MILK,MILK,TP
continuous_1315_S7_strategy2.npz,0–4244,MOTHER,MOTHER,TP
continuous_1315_S7_strategy2.npz,4244–8975,KNOW,KNOW,TP
continuous_1315_S7_strategy2.npz,7666–10233,—,OCTOBER,FP
continuous_1315_S7_strategy2.npz,8975–13945,OCTOBER,—,FN
continuous_1315_S7_strategy2.npz,10233–12800,—,MARCH,FP
continuous_1315_S7_strategy2.npz,12800–15366,—,OCTOBER,FP
continuous_1315_S7_strategy2.npz,13945–17977,TOMORROW,TOMORROW,TP
continuous_1315_S7_strategy2.npz,17933–20500,—,TEN,FP
continuous_1315_S7_strategy2.npz,17977–22142,EIGHT,EIGHT,TP
continuous_1315_S7_strategy2.npz,22142–26728,IM FINE,IM FINE,TP
continuous_1315_S7_strategy2.npz,26728–30993,RICE,RICE,TP
continuous_1316_S7_strategy2.npz,0–4707,THREE,THREE,TP
continuous_1316_S7_strategy2.npz,4707–9611,MAY,MAY,TP
continuous_1316_S7_strategy2.npz,5733–8633,—,JULY,FP
continuous_1316_S7_strategy2.npz,9611–13982,HELLO,HELLO,TP
continuous_1316_S7_strategy2.npz,13982–18247,EGG,EGG,TP
continuous_1316_S7_strategy2.npz,18247–23217,TUESDAY,TUESDAY,TP
continuous_1317_S7_strategy2.npz,0–4165,PINK,PINK,TP
continuous_1317_S7_strategy2.npz,2366–4733,—,MILK,FP
continuous_1317_S7_strategy2.npz,4165–8839,NINE,NINE,TP
continuous_1317_S7_strategy2.npz,4733–7100,—,EIGHT,FP
continuous_1317_S7_strategy2.npz,8839–13070,SUGAR,SUGAR,TP
continuous_1317_S7_strategy2.npz,9466–11833,—,NO SUGAR,FP
continuous_1317_S7_strategy2.npz,13070–17316,THURSDAY,THURSDAY,TP
continuous_1317_S7_strategy2.npz,17316–22253,DECEMBER,DECEMBER,TP
continuous_1317_S7_strategy2.npz,18933–21300,—,MILK,FP
continuous_1317_S7_strategy2.npz,22253–26499,PARENTS,PARENTS,TP
continuous_1317_S7_strategy2.npz,23666–26033,—,APRIL,FP
continuous_1317_S7_strategy2.npz,26499–30978,THANK YOU,THANK YOU,TP
continuous_1318_S7_strategy2.npz,0–4132,SUGAR,SUGAR,TP
continuous_1318_S7_strategy2.npz,4132–8363,BREAD,BREAD,TP
continuous_1318_S7_strategy2.npz,8363–12428,FEBRUARY,FEBRUARY,TP
continuous_1318_S7_strategy2.npz,10433–13033,—,OCTOBER,FP
continuous_1318_S7_strategy2.npz,12428–16627,THREE,THREE,TP
continuous_1318_S7_strategy2.npz,15666–18266,—,BLIND,FP
continuous_1318_S7_strategy2.npz,16627–21177,SEE YOU TOMORROW,SEE YOU TOMORROW,TP
continuous_1319_S7_strategy2.npz,0–4278,SATURDAY,SATURDAY,TP
continuous_1319_S7_strategy2.npz,3100–6200,—,JUNE,FP
continuous_1319_S7_strategy2.npz,4278–8543,DEAF BLIND,DEAF BLIND,TP
continuous_1319_S7_strategy2.npz,8543–12797,GRANDMOTHER,GRANDMOTHER,TP
continuous_1319_S7_strategy2.npz,12400–15500,—,JUICE,FP
continuous_1319_S7_strategy2.npz,12797–17028,TEA,TEA,TP
continuous_1319_S7_strategy2.npz,17028–21669,NINE,NINE,TP
continuous_1320_S7_strategy2.npz,0–3866,SEVEN,SEVEN,TP
continuous_1320_S7_strategy2.npz,2466–4966,—,EIGHT,FP
continuous_1320_S7_strategy2.npz,3866–8131,GRAY,GRAY,TP
continuous_1320_S7_strategy2.npz,8131–13101,TUESDAY,TUESDAY,TP
continuous_1320_S7_strategy2.npz,12433–14933,—,FAST,FP
continuous_1320_S7_strategy2.npz,13101–17366,PARENTS,PARENTS,TP
continuous_1320_S7_strategy2.npz,17366–22336,DECEMBER,DECEMBER,TP
continuous_1320_S7_strategy2.npz,17400–19900,—,OCTOBER,FP
continuous_1321_S7_strategy2.npz,0–4231,DEAF,DEAF,TP
continuous_1321_S7_strategy2.npz,4231–8496,VIOLET,VIOLET,TP
continuous_1321_S7_strategy2.npz,8496–13010,SEE YOU TOMORROW,SEE YOU TOMORROW,TP
continuous_1321_S7_strategy2.npz,13010–17275,WINE,WINE,TP
continuous_1321_S7_strategy2.npz,16300–19033,—,CORRECT,FP
continuous_1321_S7_strategy2.npz,17275–21873,CORRECT,—,FN
continuous_1321_S7_strategy2.npz,21873–25938,CHICKEN,CHICKEN,TP
continuous_1321_S7_strategy2.npz,25938–30184,UNCLE,UNCLE,TP
continuous_1322_S7_strategy2.npz,0–4265,RICE,RICE,TP
continuous_1322_S7_strategy2.npz,4265–8431,YOURE WELCOME,YOURE WELCOME,TP
continuous_1322_S7_strategy2.npz,8431–12675,FATHER,FATHER,TP
continuous_1322_S7_strategy2.npz,12675–17373,WRONG,WRONG,TP
continuous_1322_S7_strategy2.npz,17373–22014,NINE,NINE,TP
continuous_1323_S7_strategy2.npz,0–4265,MILK,MILK,TP
continuous_1323_S7_strategy2.npz,4265–8779,GOOD AFTERNOON,GOOD AFTERNOON,TP
continuous_1323_S7_strategy2.npz,8779–12977,MEAT,MEAT,TP
continuous_1323_S7_strategy2.npz,12977–17256,THURSDAY,THURSDAY,TP
continuous_1323_S7_strategy2.npz,17256–21887,WRONG,WRONG,TP
continuous_1323_S7_strategy2.npz,21887–26166,DAUGHTER,DAUGHTER,TP
continuous_1323_S7_strategy2.npz,26166–30298,WHITE,WHITE,TP
continuous_1324_S7_strategy2.npz,0–4199,BREAD,BREAD,TP
continuous_1324_S7_strategy2.npz,4199–8445,GRANDMOTHER,GRANDMOTHER,TP
continuous_1324_S7_strategy2.npz,8445–12744,DECEMBER,DECEMBER,TP
continuous_1324_S7_strategy2.npz,12744–17294,SEE YOU TOMORROW,SEE YOU TOMORROW,TP
continuous_1324_S7_strategy2.npz,17294–21326,GIRL,GIRL,TP
continuous_1325_S7_strategy2.npz,0–4231,BREAD,BREAD,TP
continuous_1325_S7_strategy2.npz,2633–5266,—,MONDAY,FP
continuous_1325_S7_strategy2.npz,4231–8463,MONDAY,—,FN
continuous_1325_S7_strategy2.npz,5266–7933,—,FAST,FP
continuous_1325_S7_strategy2.npz,8463–13104,ONE,ONE,TP
continuous_1325_S7_strategy2.npz,13104–17403,BLUE,BLUE,TP
continuous_1325_S7_strategy2.npz,17403–21668,HOT,HOT,TP
continuous_1325_S7_strategy2.npz,21166–23800,—,APRIL,FP
continuous_1325_S7_strategy2.npz,21668–26407,APRIL,—,FN
continuous_1325_S7_strategy2.npz,23800–26466,—,SEPTEMBER,FP
continuous_1326_S7_strategy2.npz,0–4565,KNOW,KNOW,TP
continuous_1326_S7_strategy2.npz,4565–8831,TEN,TEN,TP
continuous_1326_S7_strategy2.npz,8831–13768,WEDNESDAY,WEDNESDAY,TP
continuous_1326_S7_strategy2.npz,13768–18705,AUGUST,AUGUST,TP
continuous_1326_S7_strategy2.npz,18705–22936,GREEN,GREEN,TP
continuous_1327_S7_strategy2.npz,0–4631,UNDERSTAND,UNDERSTAND,TP
continuous_1327_S7_strategy2.npz,4631–9568,JUNE,JUNE,TP
continuous_1327_S7_strategy2.npz,7633–10166,—,MAY,FP
continuous_1327_S7_strategy2.npz,9568–13825,THURSDAY,THURSDAY,TP
continuous_1327_S7_strategy2.npz,13825–17757,ONE,ONE,TP
continuous_1327_S7_strategy2.npz,17757–21988,ORANGE,ORANGE,TP
continuous_1327_S7_strategy2.npz,20333–22900,—,NO SUGAR,FP
continuous_1327_S7_strategy2.npz,21988–26219,NO SUGAR,—,FN
continuous_1327_S7_strategy2.npz,22900–25433,—,SUGAR,FP
continuous_1327_S7_strategy2.npz,25433–27966,—,JUICE,FP
continuous_1327_S7_strategy2.npz,26219–30484,DEAF,DEAF,TP
continuous_1328_S7_strategy2.npz,0–4399,JUNE,JUNE,TP
continuous_1328_S7_strategy2.npz,4399–9106,SIX,SIX,TP
continuous_1328_S7_strategy2.npz,9106–13438,WEDNESDAY,WEDNESDAY,TP
continuous_1328_S7_strategy2.npz,13438–17703,LIGHT,LIGHT,TP
continuous_1328_S7_strategy2.npz,16633–19000,—,SUNDAY,FP
continuous_1328_S7_strategy2.npz,17703–21868,HARD OF HEARING,HARD OF HEARING,TP
continuous_1328_S7_strategy2.npz,21366–23766,—,DAUGHTER,FP
continuous_1328_S7_strategy2.npz,21868–26562,NICE TO MEET YOU,NICE TO MEET YOU,TP
continuous_1328_S7_strategy2.npz,26133–28500,—,CORRECT,FP
continuous_1328_S7_strategy2.npz,26562–31160,YES,YES,TP
continuous_1329_S7_strategy2.npz,0–4279,PARENTS,PARENTS,TP
continuous_1329_S7_strategy2.npz,2933–5866,—,BLUE,FP
continuous_1329_S7_strategy2.npz,4279–8078,BLUE,—,FN
continuous_1329_S7_strategy2.npz,5866–8833,—,CORRECT,FP
continuous_1329_S7_strategy2.npz,8078–12044,CORRECT,—,FN
continuous_1329_S7_strategy2.npz,8833–11766,—,COFFEE,FP
continuous_1329_S7_strategy2.npz,11766–14733,—,HOT,FP
continuous_1329_S7_strategy2.npz,12044–16309,CHICKEN,CHICKEN,TP
continuous_1329_S7_strategy2.npz,16309–20895,IM FINE,IM FINE,TP
continuous_1330_S7_strategy2.npz,0–4231,ORANGE,ORANGE,TP
continuous_1330_S7_strategy2.npz,4231–8444,AUNTIE,AUNTIE,TP
continuous_1330_S7_strategy2.npz,6266–9400,—,HOT,FP
continuous_1330_S7_strategy2.npz,8444–12709,CHICKEN,CHICKEN,TP
continuous_1330_S7_strategy2.npz,12709–17473,UNDERSTAND,UNDERSTAND,TP
continuous_1330_S7_strategy2.npz,17473–21972,WOMAN,WOMAN,TP
continuous_1331_S7_strategy2.npz,0–4575,FOUR,FOUR,TP
continuous_1331_S7_strategy2.npz,2333–4666,—,EIGHT,FP
continuous_1331_S7_strategy2.npz,4575–9512,JUNE,JUNE,TP
continuous_1331_S7_strategy2.npz,4666–7000,—,CORRECT,FP
continuous_1331_S7_strategy2.npz,9512–13758,DAUGHTER,DAUGHTER,TP
continuous_1331_S7_strategy2.npz,11666–14000,—,WHITE,FP
continuous_1331_S7_strategy2.npz,13758–17989,GREEN,GREEN,TP
continuous_1331_S7_strategy2.npz,16333–18666,—,SEE YOU TOMORROW,FP
continuous_1331_S7_strategy2.npz,17989–22121,BLIND,BLIND,TP
continuous_1331_S7_strategy2.npz,22121–26153,RICE,RICE,TP
continuous_1331_S7_strategy2.npz,25666–28000,—,YELLOW,FP
continuous_1331_S7_strategy2.npz,26153–30285,MILK,MILK,TP
continuous_1332_S7_strategy2.npz,0–4199,COUSIN,COUSIN,TP
continuous_1332_S7_strategy2.npz,3233–6466,—,MARRIED,FP
continuous_1332_S7_strategy2.npz,4199–8464,GRAY,GRAY,TP
continuous_1332_S7_strategy2.npz,8464–12729,MARRIED,MARRIED,TP
continuous_1332_S7_strategy2.npz,12729–17666,THREE,THREE,TP
continuous_1332_S7_strategy2.npz,16200–19433,—,JANUARY,FP
continuous_1332_S7_strategy2.npz,17666–22636,JULY,JULY,TP
continuous_1333_S7_strategy2.npz,0–4231,MARRIED,MARRIED,TP
continuous_1333_S7_strategy2.npz,4231–8806,ONE,ONE,TP
continuous_1333_S7_strategy2.npz,8806–13414,FAST,FAST,TP
continuous_1333_S7_strategy2.npz,12333–15400,—,BLIND,FP
continuous_1333_S7_strategy2.npz,13414–17347,SEE YOU TOMORROW,SEE YOU TOMORROW,TP
continuous_1333_S7_strategy2.npz,17347–21546,LONGANISA,LONGANISA,TP
continuous_1334_S7_strategy2.npz,0–4265,YELLOW,YELLOW,TP
continuous_1334_S7_strategy2.npz,4265–8530,GIRL,GIRL,TP
continuous_1334_S7_strategy2.npz,7133–9533,—,BEER,FP
continuous_1334_S7_strategy2.npz,8530–12776,UNCLE,UNCLE,TP
continuous_1334_S7_strategy2.npz,11933–14300,—,DON’T UNDERSTAND,FP
continuous_1334_S7_strategy2.npz,12776–17674,NO,NO,TP
continuous_1334_S7_strategy2.npz,17674–21905,JUICE,JUICE,TP
continuous_1334_S7_strategy2.npz,21905–26527,HELLO,HELLO,TP
continuous_1335_S7_strategy2.npz,0–4231,EGG,EGG,TP
continuous_1335_S7_strategy2.npz,4231–8872,EIGHT,EIGHT,TP
continuous_1335_S7_strategy2.npz,8872–13137,MILK,MILK,TP
continuous_1335_S7_strategy2.npz,13137–17368,WOMAN,WOMAN,TP
continuous_1335_S7_strategy2.npz,17368–21566,LIGHT,LIGHT,TP
continuous_1336_S7_strategy2.npz,0–4365,TOMORROW,TOMORROW,TP
continuous_1336_S7_strategy2.npz,2666–5333,—,COFFEE,FP
continuous_1336_S7_strategy2.npz,4365–8630,COFFEE,—,FN
continuous_1336_S7_strategy2.npz,5333–8033,—,SHRIMP,FP
continuous_1336_S7_strategy2.npz,8630–12895,EGG,EGG,TP
continuous_1336_S7_strategy2.npz,10700–13366,—,SLOW,FP
continuous_1336_S7_strategy2.npz,12895–17160,HARD OF HEARING,HARD OF HEARING,TP
continuous_1336_S7_strategy2.npz,16066–18733,—,MILK,FP
continuous_1336_S7_strategy2.npz,17160–21426,DON'T KNOW,DON’T KNOW,TP
continuous_1337_S7_strategy2.npz,0–4265,DARK,DARK,TP
continuous_1337_S7_strategy2.npz,4265–9138,HELLO,HELLO,TP
continuous_1337_S7_strategy2.npz,9138–13369,WEELCHAIR PERSON,WEELCHAIR PERSON,TP
continuous_1337_S7_strategy2.npz,13369–17434,CHICKEN,CHICKEN,TP
continuous_1337_S7_strategy2.npz,17434–21647,DAUGHTER,DAUGHTER,TP
continuous_1338_S7_strategy2.npz,0–4265,WHITE,WHITE,TP
continuous_1338_S7_strategy2.npz,4265–8496,SPAGHETTI,SPAGHETTI,TP
continuous_1338_S7_strategy2.npz,4866–7333,—,SHRIMP,FP
continuous_1338_S7_strategy2.npz,8496–13104,APRIL,APRIL,TP
continuous_1338_S7_strategy2.npz,9766–12200,—,COLD,FP
continuous_1338_S7_strategy2.npz,13104–17735,YES,YES,TP
continuous_1338_S7_strategy2.npz,17735–21967,MARRIED,MARRIED,TP
continuous_1339_S7_strategy2.npz,0–4805,SIX,SIX,TP
continuous_1339_S7_strategy2.npz,4805–9070,RICE,RICE,TP
continuous_1339_S7_strategy2.npz,7900–10533,—,MARCH,FP
continuous_1339_S7_strategy2.npz,9070–14040,SEPTEMBER,—,FN
continuous_1339_S7_strategy2.npz,10533–18466,—,NOVEMBER,FP
continuous_1339_S7_strategy2.npz,14040–18672,TUESDAY,—,FN
continuous_1339_S7_strategy2.npz,18466–23733,—,TUESDAY,FP
continuous_1339_S7_strategy2.npz,18672–23366,GOOD AFTERNOON,—,FN
continuous_1339_S7_strategy2.npz,23366–27612,COUSIN,COUSIN,TP
continuous_1339_S7_strategy2.npz,23733–26366,—,GOOD AFTERNOON,FP
continuous_1339_S7_strategy2.npz,27612–31877,BROWN,BROWN,TP
continuous_1340_S7_strategy2.npz,0–4231,WEELCHAIR PERSON,WEELCHAIR PERSON,TP
continuous_1340_S7_strategy2.npz,2933–5866,—,HARD OF HEARING,FP
continuous_1340_S7_strategy2.npz,4231–8115,TWO,TWO,TP
continuous_1340_S7_strategy2.npz,8115–12380,JUICE,JUICE,TP
continuous_1340_S7_strategy2.npz,12380–16645,GREEN,GREEN,TP
continuous_1340_S7_strategy2.npz,16645–20877,NOVEMBER,NOVEMBER,TP
continuous_1340_S7_strategy2.npz,20877–25009,UNCLE,—,FN
continuous_1340_S7_strategy2.npz,23500–26433,—,UNCLE,FP
continuous_1340_S7_strategy2.npz,25009–29667,HOW ARE YOU,HOW ARE YOU,TP
continuous_1341_S7_strategy2.npz,0–4231,LONGANISA,LONGANISA,TP
continuous_1341_S7_strategy2.npz,2900–5800,—,EGG,FP
continuous_1341_S7_strategy2.npz,4231–8462,DARK,DARK,TP
continuous_1341_S7_strategy2.npz,8462–13103,FIVE,—,FN
continuous_1341_S7_strategy2.npz,11633–14566,—,FIVE,FP
continuous_1341_S7_strategy2.npz,13103–17734,NO,NO,TP
continuous_1341_S7_strategy2.npz,17734–21966,GRANDFATHER,GRANDFATHER,TP
continuous_1341_S7_strategy2.npz,21966–26198,MONDAY,MONDAY,TP
continuous_1342_S7_strategy2.npz,0–4586,NICE TO MEET YOU,NICE TO MEET YOU,TP
continuous_1342_S7_strategy2.npz,2700–5433,—,WINE,FP
continuous_1342_S7_strategy2.npz,4586–8851,WINE,—,FN
continuous_1342_S7_strategy2.npz,5433–8133,—,TOMORROW,FP
continuous_1342_S7_strategy2.npz,8133–13600,—,TEN,FP
continuous_1342_S7_strategy2.npz,8851–13095,TOMORROW,—,FN
continuous_1342_S7_strategy2.npz,13095–17769,SEVEN,SEVEN,TP
continuous_1342_S7_strategy2.npz,17769–22000,YELLOW,YELLOW,TP
continuous_1343_S7_strategy2.npz,0–4244,FRIDAY,FRIDAY,TP
continuous_1343_S7_strategy2.npz,2633–5266,—,EIGHT,FP
continuous_1343_S7_strategy2.npz,4244–8490,SON,SON,TP
continuous_1343_S7_strategy2.npz,8490–12755,PINK,PINK,TP
continuous_1343_S7_strategy2.npz,12755–16986,FISH,FISH,TP
continuous_1343_S7_strategy2.npz,15833–18466,—,HARD OF HEARING,FP
continuous_1343_S7_strategy2.npz,16986–21086,NO SUGAR,NO SUGAR,TP
continuous_1344_S7_strategy2.npz,0–4765,GOOD MORNING,GOOD MORNING,TP
continuous_1344_S7_strategy2.npz,4765–9011,GRANDFATHER,GRANDFATHER,TP
continuous_1344_S7_strategy2.npz,9011–13210,THURSDAY,THURSDAY,TP
continuous_1344_S7_strategy2.npz,13210–17818,SEVEN,SEVEN,TP
continuous_1344_S7_strategy2.npz,17818–22049,BLIND,BLIND,TP
continuous_1345_S7_strategy2.npz,0–4265,COFFEE,COFFEE,TP
continuous_1345_S7_strategy2.npz,4265–8664,GRANDFATHER,GRANDFATHER,TP
continuous_1345_S7_strategy2.npz,8664–12929,EGG,EGG,TP
continuous_1345_S7_strategy2.npz,12929–17160,PINK,PINK,TP
continuous_1345_S7_strategy2.npz,17160–21932,ONE,—,FN
continuous_1345_S7_strategy2.npz,20366–23266,—,ONE,FP
continuous_1345_S7_strategy2.npz,21932–26164,BLIND,BLIND,TP
continuous_1346_S7_strategy2.npz,0–4550,GOOD AFTERNOON,GOOD AFTERNOON,TP
continuous_1346_S7_strategy2.npz,4550–8749,MONDAY,MONDAY,TP
continuous_1346_S7_strategy2.npz,6766–10166,—,FAST,FP
continuous_1346_S7_strategy2.npz,8749–13357,ONE,ONE,TP
continuous_1346_S7_strategy2.npz,13357–17622,JUICE,JUICE,TP
continuous_1346_S7_strategy2.npz,17622–21887,CHICKEN,CHICKEN,TP
continuous_1346_S7_strategy2.npz,21887–26152,MOTHER,MOTHER,TP
continuous_1346_S7_strategy2.npz,26152–30783,YES,YES,TP
continuous_1347_S7_strategy2.npz,0–4246,PARENTS,PARENTS,TP
continuous_1347_S7_strategy2.npz,2800–5633,—,BLIND,FP
continuous_1347_S7_strategy2.npz,4246–8904,SEE YOU TOMORROW,SEE YOU TOMORROW,TP
continuous_1347_S7_strategy2.npz,8466–11300,—,TEN,FP
continuous_1347_S7_strategy2.npz,8904–13874,TUESDAY,TUESDAY,TP
continuous_1347_S7_strategy2.npz,13874–18581,FOUR,FOUR,TP
continuous_1347_S7_strategy2.npz,18581–22846,YELLOW,YELLOW,TP
continuous_1348_S7_strategy2.npz,0–4244,FRIDAY,FRIDAY,TP
continuous_1348_S7_strategy2.npz,2500–5033,—,EIGHT,FP
continuous_1348_S7_strategy2.npz,4244–9214,NOVEMBER,NOVEMBER,TP
continuous_1348_S7_strategy2.npz,5033–7566,—,APRIL,FP
continuous_1348_S7_strategy2.npz,9214–13713,WOMAN,WOMAN,TP
continuous_1348_S7_strategy2.npz,10100–12633,—,JANUARY,FP
continuous_1348_S7_strategy2.npz,13713–17978,BROWN,BROWN,TP
continuous_1348_S7_strategy2.npz,17978–22685,FIVE,FIVE,TP
continuous_1349_S7_strategy2.npz,0–4231,WEELCHAIR PERSON,WEELCHAIR PERSON,TP
continuous_1349_S7_strategy2.npz,4231–8462,DARK,DARK,TP
continuous_1349_S7_strategy2.npz,5966–8966,—,KNOW,FP
continuous_1349_S7_strategy2.npz,8462–12795,DON'T KNOW,DON’T KNOW,TP
continuous_1349_S7_strategy2.npz,12795–16927,CRAB,CRAB,TP
continuous_1349_S7_strategy2.npz,16927–21864,NOVEMBER,NOVEMBER,TP
continuous_1349_S7_strategy2.npz,20900–23900,—,NO,FP
continuous_1349_S7_strategy2.npz,21864–26834,MONDAY,MONDAY,TP
continuous_1350_S7_strategy2.npz,0–4265,CHICKEN,CHICKEN,TP
continuous_1350_S7_strategy2.npz,3066–6166,—,UNCLE,FP
continuous_1350_S7_strategy2.npz,4265–8519,UNCLE,—,FN
continuous_1350_S7_strategy2.npz,6166–9266,—,TOMORROW,FP
continuous_1350_S7_strategy2.npz,8519–12750,GREEN,GREEN,TP
continuous_1350_S7_strategy2.npz,12750–16950,THANK YOU,THANK YOU,TP
continuous_1350_S7_strategy2.npz,16950–21689,FIVE,FIVE,TP
continuous_1350_S7_strategy2.npz,21689–25920,TEA,TEA,TP
continuous_1350_S7_strategy2.npz,25920–30857,MAY,MAY,TP
continuous_1351_S7_strategy2.npz,0–4231,BOY,BOY,TP
continuous_1351_S7_strategy2.npz,4231–8477,GRANDFATHER,GRANDFATHER,TP
continuous_1351_S7_strategy2.npz,8477–12991,GOOD AFTERNOON,GOOD AFTERNOON,TP
continuous_1351_S7_strategy2.npz,12991–17256,RICE,RICE,TP
continuous_1351_S7_strategy2.npz,17256–22193,WEDNESDAY,WEDNESDAY,TP
continuous_1351_S7_strategy2.npz,22193–26392,GREEN,GREEN,TP
continuous_1351_S7_strategy2.npz,26392–30657,COFFEE,COFFEE,TP
continuous_1352_S7_strategy2.npz,0–4265,MEAT,MEAT,TP
continuous_1352_S7_strategy2.npz,4265–8597,DAUGHTER,DAUGHTER,TP
continuous_1352_S7_strategy2.npz,8597–13435,FAST,FAST,TP
continuous_1352_S7_strategy2.npz,13435–17666,COLD,COLD,TP
continuous_1352_S7_strategy2.npz,17666–22142,FOUR,FOUR,TP
continuous_1353_S7_strategy2.npz,0–4970,SEPTEMBER,SEPTEMBER,TP
continuous_1353_S7_strategy2.npz,2466–4966,—,DEAF,FP
continuous_1353_S7_strategy2.npz,4970–9207,GRANDFATHER,GRANDFATHER,TP
continuous_1353_S7_strategy2.npz,7466–9933,—,UNDERSTAND,FP
continuous_1353_S7_strategy2.npz,9207–13838,DON'T UNDERSTAND,DON’T UNDERSTAND,TP
continuous_1353_S7_strategy2.npz,12433–14933,—,SEE YOU TOMORROW,FP
continuous_1353_S7_strategy2.npz,13838–18103,BLIND,BLIND,TP
continuous_1353_S7_strategy2.npz,18103–22334,SUGAR,SUGAR,TP
continuous_1354_S7_strategy2.npz,0–4199,MILK,MILK,TP
continuous_1354_S7_strategy2.npz,4199–8398,JULY,JULY,TP
continuous_1354_S7_strategy2.npz,8398–12630,GRANDMOTHER,—,FN
continuous_1354_S7_strategy2.npz,9966–14966,—,APRIL,FP
continuous_1354_S7_strategy2.npz,12630–16895,VIOLET,—,FN
continuous_1354_S7_strategy2.npz,14966–19966,—,GRANDMOTHER,FP
continuous_1354_S7_strategy2.npz,16895–21027,EIGHT,—,FN
continuous_1354_S7_strategy2.npz,19966–22466,—,VIOLET,FP
continuous_1354_S7_strategy2.npz,21027–25725,YES,YES,TP
continuous_1354_S7_strategy2.npz,22466–24966,—,EIGHT,FP
continuous_1354_S7_strategy2.npz,25725–29956,MAN,MAN,TP
continuous_1355_S7_strategy2.npz,0–4586,THANK YOU,THANK YOU,TP
continuous_1355_S7_strategy2.npz,4586–8817,CRAB,CRAB,TP
continuous_1355_S7_strategy2.npz,8300–11066,—,LONGANISA,FP
continuous_1355_S7_strategy2.npz,8817–13622,FEBRUARY,FEBRUARY,TP
continuous_1355_S7_strategy2.npz,13622–18153,YES,YES,TP
continuous_1355_S7_strategy2.npz,13833–16600,—,JANUARY,FP
continuous_1355_S7_strategy2.npz,18153–22418,BLACK,BLACK,TP
continuous_1356_S7_strategy2.npz,0–4265,COLD,COLD,TP
continuous_1356_S7_strategy2.npz,4265–8994,GOOD AFTERNOON,GOOD AFTERNOON,TP
continuous_1356_S7_strategy2.npz,8994–13668,EIGHT,EIGHT,TP
continuous_1356_S7_strategy2.npz,13333–16000,—,JANUARY,FP
continuous_1356_S7_strategy2.npz,13668–18407,MARCH,MARCH,TP
continuous_1356_S7_strategy2.npz,18407–22651,YESTERDAY,YESTERDAY,TP
continuous_1356_S7_strategy2.npz,21333–24000,—,AUNTIE,FP
continuous_1356_S7_strategy2.npz,22651–26916,GIRL,GIRL,TP
continuous_1357_S7_strategy2.npz,0–4970,JUNE,JUNE,TP
continuous_1357_S7_strategy2.npz,3133–6266,—,DEAF BLIND,FP
continuous_1357_S7_strategy2.npz,4970–9709,EIGHT,EIGHT,TP
continuous_1357_S7_strategy2.npz,9709–13953,TODAY,TODAY,TP
continuous_1357_S7_strategy2.npz,13953–18085,SHRIMP,SHRIMP,TP
continuous_1357_S7_strategy2.npz,18085–22350,GREEN,GREEN,TP
continuous_1357_S7_strategy2.npz,21966–25100,—,MAN,FP
continuous_1357_S7_strategy2.npz,22350–27083,HOW ARE YOU,HOW ARE YOU,TP
continuous_1357_S7_strategy2.npz,27083–31314,MILK,MILK,TP
continuous_1358_S7_strategy2.npz,0–4608,JANUARY,JANUARY,TP
continuous_1358_S7_strategy2.npz,2700–5433,—,GOOD AFTERNOON,FP
continuous_1358_S7_strategy2.npz,4608–9380,SEVEN,SEVEN,TP
continuous_1358_S7_strategy2.npz,9380–13593,GRANDFATHER,GRANDFATHER,TP
continuous_1358_S7_strategy2.npz,13593–17858,HARD OF HEARING,HARD OF HEARING,TP
continuous_1358_S7_strategy2.npz,17858–22795,TUESDAY,TUESDAY,TP
continuous_1358_S7_strategy2.npz,21766–24500,—,MILK,FP
continuous_1358_S7_strategy2.npz,22795–27417,YOURE WELCOME,YOURE WELCOME,TP
continuous_1359_S7_strategy2.npz,0–4674,NINE,NINE,TP
continuous_1359_S7_strategy2.npz,4674–8918,SUNDAY,SUNDAY,TP
continuous_1359_S7_strategy2.npz,7366–11066,—,JUNE,FP
continuous_1359_S7_strategy2.npz,8918–13855,JUNE,—,FN
continuous_1359_S7_strategy2.npz,13855–17821,CORRECT,CORRECT,TP
continuous_1359_S7_strategy2.npz,17821–22067,COUSIN,COUSIN,TP
continuous_1360_S7_strategy2.npz,0–4231,YELLOW,YELLOW,TP
continuous_1360_S7_strategy2.npz,2866–5733,—,EGG,FP
continuous_1360_S7_strategy2.npz,4231–8462,EGG,—,FN
continuous_1360_S7_strategy2.npz,5733–8600,—,GIRL,FP
continuous_1360_S7_strategy2.npz,8462–12727,GIRL,—,FN
continuous_1360_S7_strategy2.npz,8600–11466,—,YES,FP
continuous_1360_S7_strategy2.npz,11466–14333,—,NO SUGAR,FP
continuous_1360_S7_strategy2.npz,12727–16992,SUGAR,SUGAR,TP
continuous_1360_S7_strategy2.npz,16992–21623,SLOW,SLOW,TP
continuous_1360_S7_strategy2.npz,20066–22933,—,GOOD EVENING,FP
continuous_1360_S7_strategy2.npz,21623–26066,IM FINE,IM FINE,TP
continuous_1361_S7_strategy2.npz,0–4244,TODAY,TODAY,TP
continuous_1361_S7_strategy2.npz,4244–8852,TEN,TEN,TP
continuous_1361_S7_strategy2.npz,8852–13083,BEER,BEER,TP
continuous_1361_S7_strategy2.npz,9400–12533,—,WHITE,FP
continuous_1361_S7_strategy2.npz,13083–17049,CRAB,CRAB,TP
continuous_1361_S7_strategy2.npz,17049–21887,APRIL,APRIL,TP
continuous_1362_S7_strategy2.npz,0–4244,YESTERDAY,YESTERDAY,TP
continuous_1362_S7_strategy2.npz,4244–8509,ORANGE,ORANGE,TP
continuous_1362_S7_strategy2.npz,6133–9233,—,NO,FP
continuous_1362_S7_strategy2.npz,8509–12675,YES,YES,TP
continuous_1362_S7_strategy2.npz,12300–15400,—,NINE,FP
continuous_1362_S7_strategy2.npz,12675–17316,NINE,—,FN
continuous_1362_S7_strategy2.npz,15400–18466,—,JANUARY,FP
continuous_1362_S7_strategy2.npz,17316–22253,JUNE,JUNE,TP
continuous_1362_S7_strategy2.npz,21533–24633,—,MARRIED,FP
continuous_1362_S7_strategy2.npz,22253–26485,NICE TO MEET YOU,NICE TO MEET YOU,TP
continuous_1362_S7_strategy2.npz,26485–30716,JUICE,JUICE,TP
continuous_1363_S7_strategy2.npz,0–4278,TODAY,TODAY,TP
continuous_1363_S7_strategy2.npz,4278–9215,MAY,MAY,TP
continuous_1363_S7_strategy2.npz,9215–13461,UNCLE,UNCLE,TP
continuous_1363_S7_strategy2.npz,13461–17726,RED,RED,TP
continuous_1363_S7_strategy2.npz,17726–21991,MAN,MAN,TP
continuous_1363_S7_strategy2.npz,21991–26256,SHRIMP,SHRIMP,TP
continuous_1363_S7_strategy2.npz,26256–30322,CORRECT,CORRECT,TP
continuous_1364_S7_strategy2.npz,0–4231,YELLOW,YELLOW,TP
continuous_1364_S7_strategy2.npz,4231–8745,YOURE WELCOME,YOURE WELCOME,TP
continuous_1364_S7_strategy2.npz,8745–12976,COFFEE,COFFEE,TP
continuous_1364_S7_strategy2.npz,12976–17781,TWO,TWO,TP
continuous_1364_S7_strategy2.npz,17781–22046,FISH,FISH,TP
continuous_1365_S7_strategy2.npz,0–4731,DON'T UNDERSTAND,DON’T UNDERSTAND,TP
continuous_1365_S7_strategy2.npz,4731–8977,AUNTIE,AUNTIE,TP
continuous_1365_S7_strategy2.npz,6433–12866,—,JUICE,FP
continuous_1365_S7_strategy2.npz,8977–13563,GOOD MORNING,GOOD MORNING,TP
continuous_1365_S7_strategy2.npz,13563–18533,OCTOBER,OCTOBER,TP
continuous_1365_S7_strategy2.npz,18533–22764,EGG,EGG,TP
continuous_1366_S7_strategy2.npz,0–4132,FOUR,FOUR,TP
continuous_1366_S7_strategy2.npz,2600–5200,—,UNDERSTAND,FP
continuous_1366_S7_strategy2.npz,4132–8930,UNDERSTAND,—,FN
continuous_1366_S7_strategy2.npz,5200–7800,—,DON’T UNDERSTAND,FP
continuous_1366_S7_strategy2.npz,7800–10400,—,SEE YOU TOMORROW,FP
continuous_1366_S7_strategy2.npz,8930–13516,SEE YOU TOMORROW,—,FN
continuous_1366_S7_strategy2.npz,10400–13000,—,TOMORROW,FP
continuous_1366_S7_strategy2.npz,13516–17727,FRIDAY,FRIDAY,TP
continuous_1366_S7_strategy2.npz,17727–21992,GREEN,GREEN,TP
continuous_1366_S7_strategy2.npz,21992–26257,SUGAR,SUGAR,TP
continuous_1367_S7_strategy2.npz,0–4265,YELLOW,YELLOW,TP
continuous_1367_S7_strategy2.npz,2500–5033,—,FIVE,FP
continuous_1367_S7_strategy2.npz,4265–8430,FIVE,—,FN
continuous_1367_S7_strategy2.npz,5033–7533,—,JULY,FP
continuous_1367_S7_strategy2.npz,8430–12837,GOOD AFTERNOON,GOOD AFTERNOON,TP
continuous_1367_S7_strategy2.npz,12837–17003,WRONG,WRONG,TP
continuous_1367_S7_strategy2.npz,17003–21202,PARENTS,PARENTS,TP
continuous_1367_S7_strategy2.npz,21202–25467,CRAB,CRAB,TP
continuous_1368_S7_strategy2.npz,0–4965,SLOW,SLOW,TP
continuous_1368_S7_strategy2.npz,4965–9196,GREEN,GREEN,TP
continuous_1368_S7_strategy2.npz,9100–12133,—,FATHER,FP
continuous_1368_S7_strategy2.npz,9196–13427,MAN,MAN,TP
continuous_1368_S7_strategy2.npz,13427–17559,THURSDAY,—,FN
continuous_1368_S7_strategy2.npz,17559–21824,FISH,FISH,TP
continuous_1368_S7_strategy2.npz,18200–21233,—,THURSDAY,FP
continuous_1368_S7_strategy2.npz,21824–26068,MOTHER,MOTHER,TP
continuous_1368_S7_strategy2.npz,26068–30333,WINE,WINE,TP
continuous_1369_S7_strategy2.npz,0–4244,SUNDAY,SUNDAY,TP
continuous_1369_S7_strategy2.npz,4244–8509,DEAF,DEAF,TP
continuous_1369_S7_strategy2.npz,8509–13453,HOW ARE YOU,HOW ARE YOU,TP
continuous_1369_S7_strategy2.npz,13233–15866,—,BREAD,FP
continuous_1369_S7_strategy2.npz,13453–18258,FIVE,FIVE,TP
continuous_1369_S7_strategy2.npz,18258–22489,BLUE,BLUE,TP
continuous_1369_S7_strategy2.npz,22489–26720,LONGANISA,LONGANISA,TP
continuous_1370_S7_strategy2.npz,0–4300,SLOW,SLOW,TP
continuous_1370_S7_strategy2.npz,4300–8532,FATHER,FATHER,TP
continuous_1370_S7_strategy2.npz,8532–12776,SUNDAY,SUNDAY,TP
continuous_1370_S7_strategy2.npz,12776–17007,GREEN,GREEN,TP
continuous_1370_S7_strategy2.npz,17007–21521,THANK YOU,THANK YOU,TP
continuous_1370_S7_strategy2.npz,21521–25720,FIVE,FIVE,TP
continuous_1370_S7_strategy2.npz,23733–26700,—,EIGHT,FP
continuous_1370_S7_strategy2.npz,25720–29952,SEPTEMBER,SEPTEMBER,TP
continuous_1371_S7_strategy2.npz,0–4514,HOW ARE YOU,HOW ARE YOU,TP
continuous_1371_S7_strategy2.npz,4514–8779,MILK,MILK,TP
continuous_1371_S7_strategy2.npz,8779–13044,CRAB,CRAB,TP
continuous_1371_S7_strategy2.npz,13044–17619,TWO,TWO,TP
continuous_1371_S7_strategy2.npz,17619–22184,YES,YES,TP
continuous_1371_S7_strategy2.npz,22184–26415,GIRL,GIRL,TP
continuous_1371_S7_strategy2.npz,26415–30646,ORANGE,ORANGE,TP
continuous_1372_S7_strategy2.npz,0–4244,SUNDAY,SUNDAY,TP
continuous_1372_S7_strategy2.npz,3033–6066,—,FATHER,FP
continuous_1372_S7_strategy2.npz,4244–8488,FATHER,—,FN
continuous_1372_S7_strategy2.npz,6066–9133,—,PARENTS,FP
continuous_1372_S7_strategy2.npz,8488–13195,EIGHT,EIGHT,TP
continuous_1372_S7_strategy2.npz,13195–17426,BLUE,BLUE,TP
continuous_1372_S7_strategy2.npz,15233–18266,—,UNDERSTAND,FP
continuous_1372_S7_strategy2.npz,17426–21857,DON'T UNDERSTAND,DON’T UNDERSTAND,TP
continuous_1372_S7_strategy2.npz,21857–26122,BLIND,BLIND,TP
continuous_1372_S7_strategy2.npz,26122–30387,FISH,FISH,TP
continuous_1373_S7_strategy2.npz,0–4231,BLACK,BLACK,TP
continuous_1373_S7_strategy2.npz,2900–5800,—,TOMORROW,FP
continuous_1373_S7_strategy2.npz,4231–8475,TOMORROW,—,FN
continuous_1373_S7_strategy2.npz,5800–8733,—,TEN,FP
continuous_1373_S7_strategy2.npz,8475–12721,UNCLE,UNCLE,TP
continuous_1373_S7_strategy2.npz,12721–17460,FAST,FAST,TP
continuous_1373_S7_strategy2.npz,17460–21725,LONGANISA,LONGANISA,TP
continuous_1373_S7_strategy2.npz,17466–20366,—,WEELCHAIR PERSON,FP
continuous_1373_S7_strategy2.npz,21725–26124,NOVEMBER,NOVEMBER,TP
continuous_1374_S7_strategy2.npz,0–4937,TUESDAY,TUESDAY,TP
continuous_1374_S7_strategy2.npz,3166–6366,—,MILK,FP
continuous_1374_S7_strategy2.npz,4937–9102,MILK,—,FN
continuous_1374_S7_strategy2.npz,6366–9566,—,ONE,FP
continuous_1374_S7_strategy2.npz,9102–13776,THREE,THREE,TP
continuous_1374_S7_strategy2.npz,13776–18041,GIRL,GIRL,TP
continuous_1374_S7_strategy2.npz,15933–19133,—,BEER,FP
continuous_1374_S7_strategy2.npz,18041–22272,YELLOW,YELLOW,TP
continuous_1375_S7_strategy2.npz,0–4237,THURSDAY,THURSDAY,TP
continuous_1375_S7_strategy2.npz,4237–8516,AUNTIE,AUNTIE,TP
continuous_1375_S7_strategy2.npz,8516–13354,FIVE,FIVE,TP
continuous_1375_S7_strategy2.npz,12533–15666,—,GREEN,FP
continuous_1375_S7_strategy2.npz,13354–17619,FISH,FISH,TP
continuous_1375_S7_strategy2.npz,17619–21850,RED,RED,TP
continuous_1376_S7_strategy2.npz,0–4731,NO,NO,TP
continuous_1376_S7_strategy2.npz,3100–6200,—,BREAD,FP
continuous_1376_S7_strategy2.npz,4731–8997,THANK YOU,THANK YOU,TP
continuous_1376_S7_strategy2.npz,8997–13262,HOT,HOT,TP
continuous_1376_S7_strategy2.npz,9300–12433,—,TODAY,FP
continuous_1376_S7_strategy2.npz,13262–17527,WEELCHAIR PERSON,WEELCHAIR PERSON,TP
continuous_1376_S7_strategy2.npz,17527–21759,FRIDAY,FRIDAY,TP
continuous_1377_S7_strategy2.npz,0–3966,OCTOBER,OCTOBER,TP
continuous_1377_S7_strategy2.npz,3966–8177,YESTERDAY,YESTERDAY,TP
continuous_1377_S7_strategy2.npz,8177–12708,KNOW,—,FN
continuous_1377_S7_strategy2.npz,12533–15033,—,KNOW,FP
continuous_1377_S7_strategy2.npz,12708–16954,GRANDMOTHER,GRANDMOTHER,TP
continuous_1377_S7_strategy2.npz,16954–21219,GRAY,—,FN
continuous_1377_S7_strategy2.npz,20066–22566,—,GRAY,FP
continuous_1377_S7_strategy2.npz,21219–25893,FOUR,FOUR,TP
continuous_1377_S7_strategy2.npz,25066–27566,—,EIGHT,FP
continuous_1377_S7_strategy2.npz,25893–30026,IM FINE,IM FINE,TP
continuous_1378_S7_strategy2.npz,0–4533,YOURE WELCOME,YOURE WELCOME,TP
continuous_1378_S7_strategy2.npz,4533–8798,WOMAN,WOMAN,TP
continuous_1378_S7_strategy2.npz,8798–13063,NO SUGAR,NO SUGAR,TP
continuous_1378_S7_strategy2.npz,13063–17095,LONGANISA,LONGANISA,TP
continuous_1378_S7_strategy2.npz,17095–21327,DAUGHTER,DAUGHTER,TP
continuous_1379_S7_strategy2.npz,0–4231,NO SUGAR,NO SUGAR,TP
continuous_1379_S7_strategy2.npz,4231–8817,GOOD MORNING,GOOD MORNING,TP
continuous_1379_S7_strategy2.npz,8817–13048,WHITE,WHITE,TP
continuous_1379_S7_strategy2.npz,11100–13900,—,MOTHER,FP
continuous_1379_S7_strategy2.npz,13048–17656,TWO,TWO,TP
continuous_1379_S7_strategy2.npz,17656–22321,CORRECT,CORRECT,TP
continuous_1379_S7_strategy2.npz,22321–26620,NOVEMBER,NOVEMBER,TP
continuous_1379_S7_strategy2.npz,26620–30851,SPAGHETTI,SPAGHETTI,TP
continuous_1380_S7_strategy2.npz,0–4805,EIGHT,EIGHT,TP
continuous_1380_S7_strategy2.npz,4805–9391,GOOD MORNING,GOOD MORNING,TP
continuous_1380_S7_strategy2.npz,9366–12500,—,SLOW,FP
continuous_1380_S7_strategy2.npz,9391–13656,RICE,RICE,TP
continuous_1380_S7_strategy2.npz,13656–17887,PINK,PINK,TP
continuous_1380_S7_strategy2.npz,17887–22152,HOT,HOT,TP
continuous_1381_S7_strategy2.npz,0–4608,TEN,TEN,TP
continuous_1381_S7_strategy2.npz,2866–5733,—,AUNTIE,FP
continuous_1381_S7_strategy2.npz,4608–8840,BLACK,—,FN
continuous_1381_S7_strategy2.npz,5733–8600,—,GRANDFATHER,FP
continuous_1381_S7_strategy2.npz,8600–11466,—,BLACK,FP
continuous_1381_S7_strategy2.npz,8840–13638,YES,YES,TP
continuous_1381_S7_strategy2.npz,13638–17871,THURSDAY,THURSDAY,TP
continuous_1381_S7_strategy2.npz,17871–22841,SEPTEMBER,SEPTEMBER,TP
continuous_1382_S7_strategy2.npz,0–4244,SATURDAY,SATURDAY,TP
continuous_1382_S7_strategy2.npz,4244–8490,COUSIN,COUSIN,TP
continuous_1382_S7_strategy2.npz,8490–13460,JULY,JULY,TP
continuous_1382_S7_strategy2.npz,13460–17725,BOY,BOY,TP
continuous_1382_S7_strategy2.npz,17725–22432,FIVE,FIVE,TP
continuous_1382_S7_strategy2.npz,18733–21400,—,YES,FP
continuous_1382_S7_strategy2.npz,22432–26663,WHITE,WHITE,TP
continuous_1383_S7_strategy2.npz,0–4165,DAUGHTER,DAUGHTER,TP
continuous_1383_S7_strategy2.npz,2633–5266,—,SPAGHETTI,FP
continuous_1383_S7_strategy2.npz,4165–8430,BROWN,BROWN,TP
continuous_1383_S7_strategy2.npz,8430–12695,EGG,EGG,TP
continuous_1383_S7_strategy2.npz,12695–16860,ONE,ONE,TP
continuous_1383_S7_strategy2.npz,16860–21446,YOURE WELCOME,YOURE WELCOME,TP
continuous_1384_S7_strategy2.npz,0–4265,BLUE,BLUE,TP
continuous_1384_S7_strategy2.npz,4265–9202,AUGUST,AUGUST,TP
continuous_1384_S7_strategy2.npz,9202–13446,FATHER,FATHER,TP
continuous_1384_S7_strategy2.npz,13446–17678,HARD OF HEARING,HARD OF HEARING,TP
continuous_1384_S7_strategy2.npz,17678–21644,SUGAR,SUGAR,TP
continuous_1384_S7_strategy2.npz,21644–25836,IM FINE,IM FINE,TP
continuous_1385_S7_strategy2.npz,0–4132,MAY,MAY,TP
continuous_1385_S7_strategy2.npz,2666–5366,—,NO SUGAR,FP
continuous_1385_S7_strategy2.npz,4132–8363,NO SUGAR,—,FN
continuous_1385_S7_strategy2.npz,5366–8066,—,SUGAR,FP
continuous_1385_S7_strategy2.npz,8363–12642,PARENTS,PARENTS,TP
continuous_1385_S7_strategy2.npz,12642–17273,KNOW,KNOW,TP
continuous_1385_S7_strategy2.npz,17273–21538,VIOLET,VIOLET,TP
continuous_1386_S7_strategy2.npz,0–4232,SATURDAY,SATURDAY,TP
continuous_1386_S7_strategy2.npz,4232–8463,DARK,DARK,TP
continuous_1386_S7_strategy2.npz,8463–12728,MEAT,MEAT,TP
continuous_1386_S7_strategy2.npz,12333–15400,—,WHITE,FP
continuous_1386_S7_strategy2.npz,12728–16974,UNCLE,UNCLE,TP
continuous_1386_S7_strategy2.npz,16974–21572,YES,YES,TP
continuous_1387_S7_strategy2.npz,0–4132,RICE,RICE,TP
continuous_1387_S7_strategy2.npz,4132–8718,IM FINE,IM FINE,TP
continuous_1387_S7_strategy2.npz,7800–10400,—,FEBRUARY,FP
continuous_1387_S7_strategy2.npz,8718–13359,FEBRUARY,—,FN
continuous_1387_S7_strategy2.npz,10400–13000,—,HOT,FP
continuous_1387_S7_strategy2.npz,13000–15600,—,JUICE,FP
continuous_1387_S7_strategy2.npz,13359–17590,HOT,—,FN
continuous_1387_S7_strategy2.npz,15600–18200,—,WEDNESDAY,FP
continuous_1387_S7_strategy2.npz,17590–22527,WEDNESDAY,—,FN
continuous_1387_S7_strategy2.npz,18200–20800,—,SIX,FP
continuous_1387_S7_strategy2.npz,20800–23400,—,TWO,FP
continuous_1387_S7_strategy2.npz,22527–27192,NO,NO,TP
continuous_1387_S7_strategy2.npz,27192–31457,BROWN,BROWN,TP
continuous_1388_S7_strategy2.npz,0–5036,JANUARY,JANUARY,TP
continuous_1388_S7_strategy2.npz,5036–9808,FOUR,FOUR,TP
continuous_1388_S7_strategy2.npz,9808–14039,SHRIMP,SHRIMP,TP
continuous_1388_S7_strategy2.npz,14039–18304,BLACK,BLACK,TP
continuous_1388_S7_strategy2.npz,18304–22602,SUGAR,SUGAR,TP
continuous_1388_S7_strategy2.npz,22602–27333,CORRECT,CORRECT,TP
continuous_1389_S7_strategy2.npz,0–4246,AUNTIE,AUNTIE,TP
continuous_1389_S7_strategy2.npz,4246–9216,AUGUST,AUGUST,TP
continuous_1389_S7_strategy2.npz,8133–10866,—,APRIL,FP
continuous_1389_S7_strategy2.npz,9216–13481,COFFEE,COFFEE,TP
continuous_1389_S7_strategy2.npz,13481–17746,YELLOW,YELLOW,TP
continuous_1389_S7_strategy2.npz,16300–19033,—,RED,FP
continuous_1389_S7_strategy2.npz,17746–22444,CORRECT,CORRECT,TP
continuous_1389_S7_strategy2.npz,22444–27118,ONE,ONE,TP
continuous_1390_S7_strategy2.npz,0–4265,GRAY,GRAY,TP
continuous_1390_S7_strategy2.npz,2433–4900,—,KNOW,FP
continuous_1390_S7_strategy2.npz,4265–8815,HELLO,HELLO,TP
continuous_1390_S7_strategy2.npz,7366–9833,—,EIGHT,FP
continuous_1390_S7_strategy2.npz,8815–13357,NINE,NINE,TP
continuous_1390_S7_strategy2.npz,12300–14766,—,JUICE,FP
continuous_1390_S7_strategy2.npz,13357–17622,SHRIMP,SHRIMP,TP
continuous_1390_S7_strategy2.npz,17622–22559,MONDAY,MONDAY,TP
continuous_1390_S7_strategy2.npz,22166–24633,—,NO,FP
continuous_1390_S7_strategy2.npz,22559–27324,WRONG,WRONG,TP
continuous_1391_S7_strategy2.npz,0–4246,SON,SON,TP
continuous_1391_S7_strategy2.npz,4246–8511,SPAGHETTI,SPAGHETTI,TP
continuous_1391_S7_strategy2.npz,8511–12742,BEER,BEER,TP
continuous_1391_S7_strategy2.npz,12742–17416,TWO,TWO,TP
continuous_1391_S7_strategy2.npz,17416–21648,TUESDAY,TUESDAY,TP
continuous_1392_S7_strategy2.npz,0–4244,TOMORROW,TOMORROW,TP
continuous_1392_S7_strategy2.npz,2833–5700,—,TEN,FP
continuous_1392_S7_strategy2.npz,4244–8491,GRANDFATHER,GRANDFATHER,TP
continuous_1392_S7_strategy2.npz,8491–13149,GOOD EVENING,GOOD EVENING,TP
continuous_1392_S7_strategy2.npz,13149–17414,DEAF,DEAF,TP
continuous_1392_S7_strategy2.npz,17414–21679,LONGANISA,LONGANISA,TP
continuous_1392_S7_strategy2.npz,21679–25945,ORANGE,ORANGE,TP
continuous_1393_S7_strategy2.npz,0–4199,JANUARY,JANUARY,TP
continuous_1393_S7_strategy2.npz,3366–6733,—,JULY,FP
continuous_1393_S7_strategy2.npz,4199–8398,CRAB,CRAB,TP
continuous_1393_S7_strategy2.npz,8398–12663,DEAF BLIND,DEAF BLIND,TP
continuous_1393_S7_strategy2.npz,12663–16907,MOTHER,MOTHER,TP
continuous_1393_S7_strategy2.npz,16907–21505,NO,NO,TP
continuous_1393_S7_strategy2.npz,20266–23633,—,SIX,FP
continuous_1393_S7_strategy2.npz,21505–26310,SIX,—,FN
continuous_1393_S7_strategy2.npz,23633–27000,—,KNOW,FP
continuous_1393_S7_strategy2.npz,26310–30343,HELLO,HELLO,TP
continuous_1394_S7_strategy2.npz,0–4608,FAST,FAST,TP
continuous_1394_S7_strategy2.npz,2266–4566,—,ONE,FP
continuous_1394_S7_strategy2.npz,4608–9249,THREE,THREE,TP
continuous_1394_S7_strategy2.npz,9249–13514,RED,RED,TP
continuous_1394_S7_strategy2.npz,13514–18451,SEPTEMBER,SEPTEMBER,TP
continuous_1394_S7_strategy2.npz,13700–16000,—,APRIL,FP
continuous_1394_S7_strategy2.npz,18266–20566,—,NO,FP
continuous_1394_S7_strategy2.npz,18451–22758,DAUGHTER,DAUGHTER,TP
continuous_1395_S7_strategy2.npz,0–4065,DEAF BLIND,DEAF BLIND,TP
continuous_1395_S7_strategy2.npz,2566–5166,—,BLIND,FP
continuous_1395_S7_strategy2.npz,4065–8706,FAST,—,FN
continuous_1395_S7_strategy2.npz,5166–7733,—,DEAF,FP
continuous_1395_S7_strategy2.npz,7733–10333,—,FAST,FP
continuous_1395_S7_strategy2.npz,8706–13435,GOOD AFTERNOON,GOOD AFTERNOON,TP
continuous_1395_S7_strategy2.npz,10333–12900,—,TOMORROW,FP
continuous_1395_S7_strategy2.npz,13435–17734,TUESDAY,—,FN
continuous_1395_S7_strategy2.npz,15500–18066,—,BEER,FP
continuous_1395_S7_strategy2.npz,17734–21999,VIOLET,VIOLET,TP
continuous_1395_S7_strategy2.npz,18066–20666,—,TUESDAY,FP
continuous_1395_S7_strategy2.npz,21999–26098,ONE,ONE,TP
continuous_1396_S7_strategy2.npz,0–4265,BLUE,BLUE,TP
continuous_1396_S7_strategy2.npz,4265–8530,FISH,FISH,TP
continuous_1396_S7_strategy2.npz,8530–12937,GOOD MORNING,GOOD MORNING,TP
continuous_1396_S7_strategy2.npz,12937–17168,MARRIED,MARRIED,TP
continuous_1396_S7_strategy2.npz,14833–17300,—,MILK,FP
continuous_1396_S7_strategy2.npz,17168–21414,DAUGHTER,DAUGHTER,TP
continuous_1396_S7_strategy2.npz,21414–25645,SUGAR,SUGAR,TP
continuous_1396_S7_strategy2.npz,24700–27166,—,PINK,FP
continuous_1396_S7_strategy2.npz,25645–29889,SATURDAY,SATURDAY,TP
continuous_1397_S7_strategy2.npz,0–4213,GRANDMOTHER,GRANDMOTHER,TP
continuous_1397_S7_strategy2.npz,4213–8478,TEA,TEA,TP
continuous_1397_S7_strategy2.npz,8478–13448,SEPTEMBER,SEPTEMBER,TP
continuous_1397_S7_strategy2.npz,13448–17713,ORANGE,ORANGE,TP
continuous_1397_S7_strategy2.npz,17713–21944,CHICKEN,CHICKEN,TP
continuous_1397_S7_strategy2.npz,21944–26310,KNOW,KNOW,TP
continuous_1398_S7_strategy2.npz,0–4731,DON'T UNDERSTAND,DON’T UNDERSTAND,TP
continuous_1398_S7_strategy2.npz,4731–8962,BLACK,BLACK,TP
continuous_1398_S7_strategy2.npz,8633–11533,—,YESTERDAY,FP
continuous_1398_S7_strategy2.npz,8962–13193,WOMAN,WOMAN,TP
continuous_1398_S7_strategy2.npz,13193–17424,CRAB,—,FN
continuous_1398_S7_strategy2.npz,14400–17300,—,ORANGE,FP
continuous_1398_S7_strategy2.npz,17300–20166,—,CRAB,FP
continuous_1398_S7_strategy2.npz,17424–21689,TEA,TEA,TP
continuous_1398_S7_strategy2.npz,21689–25935,GRANDFATHER,GRANDFATHER,TP
continuous_1399_S7_strategy2.npz,0–4231,BEER,BEER,TP
continuous_1399_S7_strategy2.npz,4231–8485,PARENTS,PARENTS,TP
continuous_1399_S7_strategy2.npz,8485–13422,JULY,JULY,TP
continuous_1399_S7_strategy2.npz,12533–15666,—,APRIL,FP
continuous_1399_S7_strategy2.npz,13422–18030,ONE,ONE,TP
continuous_1399_S7_strategy2.npz,18030–22295,BROWN,BROWN,TP
continuous_1399_S7_strategy2.npz,22295–26526,BLIND,—,FN
continuous_1399_S7_strategy2.npz,25066–28200,—,BLIND,FP
continuous_1399_S7_strategy2.npz,26526–31257,UNDERSTAND,UNDERSTAND,TP
continuous_1400_S7_strategy2.npz,0–4231,BEER,BEER,TP
continuous_1400_S7_strategy2.npz,4231–8496,DEAF,DEAF,TP
continuous_1400_S7_strategy2.npz,8496–13433,JUNE,JUNE,TP
continuous_1400_S7_strategy2.npz,13433–18019,GOOD EVENING,GOOD EVENING,TP
continuous_1400_S7_strategy2.npz,16033–18700,—,MILK,FP
continuous_1400_S7_strategy2.npz,18019–22660,TEN,TEN,TP
continuous_1400_S7_strategy2.npz,21366–24033,—,WHITE,FP
continuous_1400_S7_strategy2.npz,22660–26939,COUSIN,COUSIN,TP
continuous_1401_S7_strategy2.npz,0–4232,COUSIN,COUSIN,TP
continuous_1401_S7_strategy2.npz,2866–5733,—,HELLO,FP
continuous_1401_S7_strategy2.npz,4232–8497,COLD,COLD,TP
continuous_1401_S7_strategy2.npz,8497–13162,DON'T UNDERSTAND,DON’T UNDERSTAND,TP
continuous_1401_S7_strategy2.npz,13162–17427,WOMAN,WOMAN,TP
continuous_1401_S7_strategy2.npz,17427–21692,ORANGE,ORANGE,TP
continuous_1401_S7_strategy2.npz,20166–23033,—,HOT,FP
continuous_1401_S7_strategy2.npz,21692–25923,CHICKEN,CHICKEN,TP
continuous_1402_S7_strategy2.npz,0–4265,BREAD,BREAD,TP
continuous_1402_S7_strategy2.npz,2800–5633,—,MARRIED,FP
continuous_1402_S7_strategy2.npz,4265–8530,MARRIED,—,FN
continuous_1402_S7_strategy2.npz,5633–8433,—,TOMORROW,FP
continuous_1402_S7_strategy2.npz,8433–11266,—,TEN,FP
continuous_1402_S7_strategy2.npz,8530–12741,TOMORROW,—,FN
continuous_1402_S7_strategy2.npz,12741–16972,WINE,WINE,TP
continuous_1402_S7_strategy2.npz,16972–21379,GOOD AFTERNOON,GOOD AFTERNOON,TP
continuous_1402_S7_strategy2.npz,19700–22533,—,EIGHT,FP
continuous_1402_S7_strategy2.npz,21379–25610,DARK,DARK,TP
continuous_1403_S7_strategy2.npz,0–4211,SATURDAY,SATURDAY,TP
continuous_1403_S7_strategy2.npz,4211–8476,BLUE,BLUE,TP
continuous_1403_S7_strategy2.npz,8476–12675,MILK,MILK,TP
continuous_1403_S7_strategy2.npz,12675–17349,EIGHT,EIGHT,TP
continuous_1403_S7_strategy2.npz,16100–19300,—,MEAT,FP
continuous_1403_S7_strategy2.npz,17349–21448,MEAT,—,FN
continuous_1403_S7_strategy2.npz,19300–22533,—,WOMAN,FP
continuous_1403_S7_strategy2.npz,21448–25694,UNCLE,UNCLE,TP
continuous_1404_S7_strategy2.npz,0–4265,SHRIMP,SHRIMP,TP
continuous_1404_S7_strategy2.npz,2900–5833,—,JUICE,FP
continuous_1404_S7_strategy2.npz,4265–8496,JUICE,—,FN
continuous_1404_S7_strategy2.npz,5833–8733,—,DARK,FP
continuous_1404_S7_strategy2.npz,8496–12761,DARK,—,FN
continuous_1404_S7_strategy2.npz,8733–11666,—,WHITE,FP
continuous_1404_S7_strategy2.npz,11666–14566,—,THREE,FP
continuous_1404_S7_strategy2.npz,12761–17026,THREE,—,FN
continuous_1404_S7_strategy2.npz,14566–20400,—,NO,FP
continuous_1404_S7_strategy2.npz,17026–21996,MAY,—,FN
continuous_1404_S7_strategy2.npz,20400–23333,—,MAY,FP
continuous_1404_S7_strategy2.npz,21996–26510,HELLO,HELLO,TP
continuous_1405_S7_strategy2.npz,0–4265,BLACK,BLACK,TP
continuous_1405_S7_strategy2.npz,4265–8543,SUNDAY,SUNDAY,TP
continuous_1405_S7_strategy2.npz,7400–11133,—,FEBRUARY,FP
continuous_1405_S7_strategy2.npz,8543–12808,HARD OF HEARING,HARD OF HEARING,TP
continuous_1405_S7_strategy2.npz,12808–17073,COFFEE,COFFEE,TP
continuous_1405_S7_strategy2.npz,17073–21714,FAST,FAST,TP
continuous_1405_S7_strategy2.npz,21714–25945,FISH,FISH,TP
continuous_1406_S7_strategy2.npz,0–4937,NOVEMBER,NOVEMBER,TP
continuous_1406_S7_strategy2.npz,4937–9907,MONDAY,MONDAY,TP
continuous_1406_S7_strategy2.npz,9000–12000,—,MILK,FP
continuous_1406_S7_strategy2.npz,9907–14138,GRAY,—,FN
continuous_1406_S7_strategy2.npz,12000–15000,—,YES,FP
continuous_1406_S7_strategy2.npz,14138–18369,MILK,MILK,TP
continuous_1406_S7_strategy2.npz,15000–18000,—,GRAY,FP
continuous_1406_S7_strategy2.npz,18369–22634,BREAD,BREAD,TP
continuous_1406_S7_strategy2.npz,22634–26933,FATHER,FATHER,TP
continuous_1407_S7_strategy2.npz,0–4674,APRIL,APRIL,TP
continuous_1407_S7_strategy2.npz,4674–8905,HOT,HOT,TP
continuous_1407_S7_strategy2.npz,8905–13037,TEN,TEN,TP
continuous_1407_S7_strategy2.npz,12100–15133,—,MEAT,FP
continuous_1407_S7_strategy2.npz,13037–17302,MEAT,—,FN
continuous_1407_S7_strategy2.npz,15133–18133,—,MAN,FP
continuous_1407_S7_strategy2.npz,17302–21533,MAN,—,FN
continuous_1407_S7_strategy2.npz,18133–21166,—,ORANGE,FP
continuous_1407_S7_strategy2.npz,21533–25777,FATHER,FATHER,TP
continuous_1407_S7_strategy2.npz,25777–30209,SUNDAY,SUNDAY,TP
continuous_1408_S7_strategy2.npz,0–4165,FEBRUARY,FEBRUARY,TP
continuous_1408_S7_strategy2.npz,2700–5433,—,TEN,FP
continuous_1408_S7_strategy2.npz,4165–8364,TEN,—,FN
continuous_1408_S7_strategy2.npz,5433–8166,—,BLUE,FP
continuous_1408_S7_strategy2.npz,8166–10900,—,GRANDFATHER,FP
continuous_1408_S7_strategy2.npz,8364–12529,BLUE,—,FN
continuous_1408_S7_strategy2.npz,10900–13633,—,BOY,FP
continuous_1408_S7_strategy2.npz,12529–16775,GRANDFATHER,—,FN
continuous_1408_S7_strategy2.npz,13633–16366,—,LONGANISA,FP
continuous_1408_S7_strategy2.npz,16366–21833,—,SATURDAY,FP
continuous_1408_S7_strategy2.npz,16775–21040,LONGANISA,—,FN
continuous_1408_S7_strategy2.npz,21040–25714,FAST,FAST,TP
continuous_1408_S7_strategy2.npz,25714–29979,SUGAR,SUGAR,TP
continuous_1409_S7_strategy2.npz,0–4641,FIVE,FIVE,TP
continuous_1409_S7_strategy2.npz,2766–5566,—,NO,FP
continuous_1409_S7_strategy2.npz,4641–9611,MONDAY,MONDAY,TP
continuous_1409_S7_strategy2.npz,8333–11133,—,RICE,FP
continuous_1409_S7_strategy2.npz,9611–13842,SPAGHETTI,SPAGHETTI,TP
continuous_1409_S7_strategy2.npz,13842–18055,GRANDMOTHER,GRANDMOTHER,TP
continuous_1409_S7_strategy2.npz,16700–19466,—,HARD OF HEARING,FP
continuous_1409_S7_strategy2.npz,18055–22254,COFFEE,COFFEE,TP
continuous_1409_S7_strategy2.npz,22254–26287,YOURE WELCOME,YOURE WELCOME,TP
continuous_1409_S7_strategy2.npz,25033–27833,—,WHITE,FP
continuous_1409_S7_strategy2.npz,26287–30552,ORANGE,ORANGE,TP
continuous_1410_S7_strategy2.npz,0–4232,CRAB,CRAB,TP
continuous_1410_S7_strategy2.npz,4232–8497,WEELCHAIR PERSON,WEELCHAIR PERSON,TP
continuous_1410_S7_strategy2.npz,8497–13236,DECEMBER,DECEMBER,TP
continuous_1410_S7_strategy2.npz,13236–17501,BLUE,BLUE,TP
continuous_1410_S7_strategy2.npz,17501–21766,THURSDAY,THURSDAY,TP
continuous_1410_S7_strategy2.npz,21766–26031,JUICE,JUICE,TP
continuous_1411_S7_strategy2.npz,0–4265,COLD,COLD,TP
continuous_1411_S7_strategy2.npz,2566–5166,—,THREE,FP
continuous_1411_S7_strategy2.npz,4265–8972,THREE,—,FN
continuous_1411_S7_strategy2.npz,5166–7766,—,MOTHER,FP
continuous_1411_S7_strategy2.npz,7766–10333,—,JANUARY,FP
continuous_1411_S7_strategy2.npz,8972–13646,MARCH,MARCH,TP
continuous_1411_S7_strategy2.npz,13646–18268,GOOD AFTERNOON,GOOD AFTERNOON,TP
continuous_1411_S7_strategy2.npz,18100–20700,—,GRANDMOTHER,FP
continuous_1411_S7_strategy2.npz,18268–22533,GIRL,GIRL,TP
continuous_1411_S7_strategy2.npz,22533–27031,UNDERSTAND,UNDERSTAND,TP
continuous_1411_S7_strategy2.npz,23300–25866,—,YES,FP
continuous_1411_S7_strategy2.npz,27031–31296,RED,RED,TP
continuous_1412_S7_strategy2.npz,0–4937,JULY,JULY,TP
continuous_1412_S7_strategy2.npz,2933–5900,—,EGG,FP
continuous_1412_S7_strategy2.npz,4937–9181,SATURDAY,SATURDAY,TP
continuous_1412_S7_strategy2.npz,9181–13412,WINE,WINE,TP
continuous_1412_S7_strategy2.npz,13412–17891,SEE YOU TOMORROW,SEE YOU TOMORROW,TP
continuous_1412_S7_strategy2.npz,17891–22522,NO,NO,TP
continuous_1412_S7_strategy2.npz,20633–23600,—,GIRL,FP
continuous_1412_S7_strategy2.npz,22522–26787,CRAB,CRAB,TP
continuous_1413_S7_strategy2.npz,0–4231,TEA,TEA,TP
continuous_1413_S7_strategy2.npz,4231–8477,DAUGHTER,DAUGHTER,TP
continuous_1413_S7_strategy2.npz,8477–13414,DECEMBER,DECEMBER,TP
continuous_1413_S7_strategy2.npz,12166–15200,—,JANUARY,FP
continuous_1413_S7_strategy2.npz,13414–17646,SHRIMP,SHRIMP,TP
continuous_1413_S7_strategy2.npz,17646–22377,CORRECT,CORRECT,TP
continuous_1413_S7_strategy2.npz,21300–24333,—,RED,FP
continuous_1413_S7_strategy2.npz,22377–27314,MONDAY,MONDAY,TP
continuous_1414_S7_strategy2.npz,0–4598,DON'T KNOW,DON’T KNOW,TP
continuous_1414_S7_strategy2.npz,4598–8877,PARENTS,PARENTS,TP
continuous_1414_S7_strategy2.npz,8877–13584,SIX,SIX,TP
continuous_1414_S7_strategy2.npz,13584–17849,GIRL,GIRL,TP
continuous_1414_S7_strategy2.npz,17849–22435,IM FINE,IM FINE,TP
continuous_1415_S7_strategy2.npz,0–4265,DEAF BLIND,DEAF BLIND,TP
continuous_1415_S7_strategy2.npz,3066–6133,—,BROWN,FP
continuous_1415_S7_strategy2.npz,4265–8496,BROWN,—,FN
continuous_1415_S7_strategy2.npz,6133–9200,—,YELLOW,FP
continuous_1415_S7_strategy2.npz,8496–13161,WRONG,WRONG,TP
continuous_1415_S7_strategy2.npz,12266–15333,—,HOW ARE YOU,FP
continuous_1415_S7_strategy2.npz,13161–17227,HOW ARE YOU,—,FN
continuous_1415_S7_strategy2.npz,15333–18400,—,SHRIMP,FP
continuous_1415_S7_strategy2.npz,17227–21471,TODAY,TODAY,TP
continuous_1416_S7_strategy2.npz,0–4479,GOOD EVENING,GOOD EVENING,TP
continuous_1416_S7_strategy2.npz,4479–8679,DON'T KNOW,DON’T KNOW,TP
continuous_1416_S7_strategy2.npz,8679–12910,BROWN,BROWN,TP
continuous_1416_S7_strategy2.npz,12910–17075,SHRIMP,SHRIMP,TP
continuous_1416_S7_strategy2.npz,17075–21749,THREE,THREE,TP
continuous_1416_S7_strategy2.npz,21749–26014,BEER,BEER,TP
continuous_1417_S7_strategy2.npz,0–4665,CORRECT,CORRECT,TP
continuous_1417_S7_strategy2.npz,4665–8863,TEA,TEA,TP
continuous_1417_S7_strategy2.npz,8863–13537,MARCH,MARCH,TP
continuous_1417_S7_strategy2.npz,13537–18159,HOW ARE YOU,HOW ARE YOU,TP
continuous_1417_S7_strategy2.npz,18159–22424,MAN,MAN,TP
continuous_1417_S7_strategy2.npz,22424–26689,SPAGHETTI,SPAGHETTI,TP
continuous_1418_S7_strategy2.npz,0–4066,NO,NO,TP
continuous_1418_S7_strategy2.npz,2766–5533,—,HELLO,FP
continuous_1418_S7_strategy2.npz,4066–8115,HELLO,—,FN
continuous_1418_S7_strategy2.npz,8115–12346,MAN,MAN,TP
continuous_1418_S7_strategy2.npz,12346–17283,JULY,JULY,TP
continuous_1418_S7_strategy2.npz,16666–19433,—,APRIL,FP
continuous_1418_S7_strategy2.npz,17283–22220,MONDAY,MONDAY,TP
continuous_1418_S7_strategy2.npz,22220–26466,DAUGHTER,DAUGHTER,TP
continuous_1418_S7_strategy2.npz,26466–30731,ORANGE,ORANGE,TP
continuous_1419_S7_strategy2.npz,0–4232,PINK,PINK,TP
continuous_1419_S7_strategy2.npz,3733–7500,—,MILK,FP
continuous_1419_S7_strategy2.npz,4232–8497,WEELCHAIR PERSON,WEELCHAIR PERSON,TP
continuous_1419_S7_strategy2.npz,8497–12741,FATHER,FATHER,TP
continuous_1419_S7_strategy2.npz,12741–17006,MONDAY,MONDAY,TP
continuous_1419_S7_strategy2.npz,17006–21581,FAST,FAST,TP
continuous_1419_S7_strategy2.npz,21581–25812,MILK,MILK,TP
continuous_1419_S7_strategy2.npz,25812–30044,NINE,NINE,TP
continuous_1420_S7_strategy2.npz,0–4231,BEER,BEER,TP
continuous_1420_S7_strategy2.npz,4231–8905,TEN,TEN,TP
continuous_1420_S7_strategy2.npz,8905–13447,MARCH,MARCH,TP
continuous_1420_S7_strategy2.npz,13447–17579,SHRIMP,SHRIMP,TP
continuous_1420_S7_strategy2.npz,16400–19133,—,GOOD EVENING,FP
continuous_1420_S7_strategy2.npz,17579–21792,GRANDMOTHER,GRANDMOTHER,TP
continuous_1421_S7_strategy2.npz,0–4265,WINE,WINE,TP
continuous_1421_S7_strategy2.npz,4265–8496,GIRL,GIRL,TP
continuous_1421_S7_strategy2.npz,6066–9133,—,BEER,FP
continuous_1421_S7_strategy2.npz,8496–13010,GOOD EVENING,GOOD EVENING,TP
continuous_1421_S7_strategy2.npz,12166–15233,—,BEER,FP
continuous_1421_S7_strategy2.npz,13010–17947,MAY,MAY,TP
continuous_1421_S7_strategy2.npz,17947–22160,GRANDMOTHER,GRANDMOTHER,TP
continuous_1421_S7_strategy2.npz,22160–26425,BLUE,BLUE,TP
continuous_1421_S7_strategy2.npz,24366–27400,—,HOT,FP
continuous_1421_S7_strategy2.npz,26425–30690,CHICKEN,CHICKEN,TP
continuous_1422_S7_strategy2.npz,0–4550,THANK YOU,THANK YOU,TP
continuous_1422_S7_strategy2.npz,4550–8749,YELLOW,YELLOW,TP
continuous_1422_S7_strategy2.npz,8749–12980,MARRIED,MARRIED,TP
continuous_1422_S7_strategy2.npz,10500–14000,—,RED,FP
continuous_1422_S7_strategy2.npz,12980–17245,TEA,TEA,TP
continuous_1422_S7_strategy2.npz,17245–21310,MARCH,—,FN
continuous_1422_S7_strategy2.npz,17500–21033,—,APRIL,FP
continuous_1423_S7_strategy2.npz,0–4231,BLACK,BLACK,TP
continuous_1423_S7_strategy2.npz,4231–9029,SLOW,SLOW,TP
continuous_1423_S7_strategy2.npz,9029–13240,MOTHER,MOTHER,TP
continuous_1423_S7_strategy2.npz,13240–18177,MONDAY,MONDAY,TP
continuous_1423_S7_strategy2.npz,18177–22442,NO SUGAR,NO SUGAR,TP
continuous_1423_S7_strategy2.npz,20800–23766,—,WINE,FP
continuous_1423_S7_strategy2.npz,22442–26707,BLIND,BLIND,TP
continuous_1424_S7_strategy2.npz,0–4000,FAST,FAST,TP
continuous_1424_S7_strategy2.npz,4000–8213,COUSIN,COUSIN,TP
continuous_1424_S7_strategy2.npz,5700–8566,—,JANUARY,FP
continuous_1424_S7_strategy2.npz,8213–12920,MARCH,MARCH,TP
continuous_1424_S7_strategy2.npz,11400–14266,—,JANUARY,FP
continuous_1424_S7_strategy2.npz,12920–17399,YOURE WELCOME,YOURE WELCOME,TP
continuous_1424_S7_strategy2.npz,17399–21697,NO SUGAR,NO SUGAR,TP
continuous_1424_S7_strategy2.npz,19966–22833,—,SUGAR,FP
continuous_1424_S7_strategy2.npz,21697–25928,WHITE,WHITE,TP
continuous_1425_S7_strategy2.npz,0–4332,SEVEN,SEVEN,TP
continuous_1425_S7_strategy2.npz,4332–8731,TOMORROW,TOMORROW,TP
continuous_1425_S7_strategy2.npz,8333–11100,—,DON’T UNDERSTAND,FP
continuous_1425_S7_strategy2.npz,8731–12896,DON'T UNDERSTAND,—,FN
continuous_1425_S7_strategy2.npz,11100–13866,—,GIRL,FP
continuous_1425_S7_strategy2.npz,12896–17127,BREAD,BREAD,TP
continuous_1425_S7_strategy2.npz,16666–19433,—,JANUARY,FP
continuous_1425_S7_strategy2.npz,17127–22097,SEPTEMBER,SEPTEMBER,TP
continuous_1425_S7_strategy2.npz,22097–26262,RED,RED,TP
continuous_1425_S7_strategy2.npz,25000–27766,—,SEE YOU TOMORROW,FP
continuous_1425_S7_strategy2.npz,26262–30527,MAN,MAN,TP
continuous_1426_S7_strategy2.npz,0–4641,MARCH,MARCH,TP
continuous_1426_S7_strategy2.npz,2333–4700,—,WHITE,FP
continuous_1426_S7_strategy2.npz,4641–8939,WHITE,—,FN
continuous_1426_S7_strategy2.npz,4700–7066,—,JUICE,FP
continuous_1426_S7_strategy2.npz,7066–9433,—,CORRECT,FP
continuous_1426_S7_strategy2.npz,8939–13570,CORRECT,—,FN
continuous_1426_S7_strategy2.npz,9433–11800,—,MAN,FP
continuous_1426_S7_strategy2.npz,11800–14166,—,BLACK,FP
continuous_1426_S7_strategy2.npz,13570–17835,MAN,—,FN
continuous_1426_S7_strategy2.npz,14166–16533,—,MONDAY,FP
continuous_1426_S7_strategy2.npz,17835–22079,YESTERDAY,YESTERDAY,TP
continuous_1426_S7_strategy2.npz,22079–26445,HOW ARE YOU,HOW ARE YOU,TP
continuous_1426_S7_strategy2.npz,26000–28366,—,RICE,FP
continuous_1426_S7_strategy2.npz,26445–30676,COLD,—,FN
continuous_1426_S7_strategy2.npz,28366–30733,—,COLD,FP
continuous_1427_S7_strategy2.npz,0–4231,WEELCHAIR PERSON,WEELCHAIR PERSON,TP
continuous_1427_S7_strategy2.npz,2700–5400,—,APRIL,FP
continuous_1427_S7_strategy2.npz,4231–8430,APRIL,—,FN
continuous_1427_S7_strategy2.npz,5400–8100,—,MILK,FP
continuous_1427_S7_strategy2.npz,8430–12980,GOOD MORNING,GOOD MORNING,TP
continuous_1427_S7_strategy2.npz,12980–17711,DON'T KNOW,DON’T KNOW,TP
continuous_1427_S7_strategy2.npz,16233–18933,—,DARK,FP
continuous_1427_S7_strategy2.npz,17711–21942,MEAT,MEAT,TP
continuous_1428_S7_strategy2.npz,0–4698,DON'T KNOW,DON’T KNOW,TP
continuous_1428_S7_strategy2.npz,4698–8997,DEAF,DEAF,TP
continuous_1428_S7_strategy2.npz,8997–13967,WEDNESDAY,WEDNESDAY,TP
continuous_1428_S7_strategy2.npz,11300–13566,—,SIX,FP
continuous_1428_S7_strategy2.npz,13566–15800,—,NO,FP
continuous_1428_S7_strategy2.npz,13967–18608,FIVE,FIVE,TP
continuous_1428_S7_strategy2.npz,18608–22839,SHRIMP,SHRIMP,TP
continuous_1428_S7_strategy2.npz,22600–24866,—,BLACK,FP
continuous_1428_S7_strategy2.npz,22839–27053,GRANDFATHER,GRANDFATHER,TP
continuous_1429_S7_strategy2.npz,0–4335,IM FINE,IM FINE,TP
continuous_1429_S7_strategy2.npz,4335–8566,PINK,PINK,TP
continuous_1429_S7_strategy2.npz,7533–11300,—,TEA,FP
continuous_1429_S7_strategy2.npz,8566–12797,TEA,—,FN
continuous_1429_S7_strategy2.npz,12797–17562,NO,NO,TP
continuous_1429_S7_strategy2.npz,17562–21808,AUNTIE,AUNTIE,TP
continuous_1429_S7_strategy2.npz,21808–26073,BREAD,BREAD,TP
continuous_1429_S7_strategy2.npz,26073–30352,FEBRUARY,FEBRUARY,TP
continuous_1430_S7_strategy2.npz,0–4299,MAY,MAY,TP
continuous_1430_S7_strategy2.npz,4299–8577,FATHER,FATHER,TP
continuous_1430_S7_strategy2.npz,8577–12842,MEAT,MEAT,TP
continuous_1430_S7_strategy2.npz,12842–17086,TODAY,TODAY,TP
continuous_1430_S7_strategy2.npz,17086–21152,CORRECT,CORRECT,TP
continuous_1430_S7_strategy2.npz,19700–22966,—,COFFEE,FP
continuous_1430_S7_strategy2.npz,21152–25631,NICE TO MEET YOU,NICE TO MEET YOU,TP
continuous_1430_S7_strategy2.npz,25631–29797,GREEN,GREEN,TP
continuous_1431_S7_strategy2.npz,0–4479,HELLO,HELLO,TP
continuous_1431_S7_strategy2.npz,4479–8723,TOMORROW,TOMORROW,TP
continuous_1431_S7_strategy2.npz,8723–12988,ORANGE,ORANGE,TP
continuous_1431_S7_strategy2.npz,12988–17958,SEPTEMBER,SEPTEMBER,TP
continuous_1431_S7_strategy2.npz,17958–21990,CRAB,CRAB,TP
continuous_1432_S7_strategy2.npz,0–4244,SATURDAY,SATURDAY,TP
continuous_1432_S7_strategy2.npz,4244–8376,WEELCHAIR PERSON,WEELCHAIR PERSON,TP
continuous_1432_S7_strategy2.npz,6233–9333,—,CRAB,FP
continuous_1432_S7_strategy2.npz,8376–12607,CRAB,—,FN
continuous_1432_S7_strategy2.npz,9333–12466,—,JULY,FP
continuous_1432_S7_strategy2.npz,12607–17972,MAY,MAY,TP
continuous_1432_S7_strategy2.npz,17972–22204,LIGHT,LIGHT,TP
continuous_1432_S7_strategy2.npz,22204–26911,THREE,—,FN
continuous_1432_S7_strategy2.npz,24933–28033,—,THREE,FP
continuous_1432_S7_strategy2.npz,26911–31110,UNCLE,UNCLE,TP
continuous_1433_S7_strategy2.npz,0–4231,JUICE,JUICE,TP
continuous_1433_S7_strategy2.npz,4231–8444,THURSDAY,THURSDAY,TP
continuous_1433_S7_strategy2.npz,5966–8966,—,AUNTIE,FP
continuous_1433_S7_strategy2.npz,8444–12609,PARENTS,PARENTS,TP
continuous_1433_S7_strategy2.npz,12609–16807,YELLOW,YELLOW,TP
continuous_1433_S7_strategy2.npz,16807–21214,HOW ARE YOU,HOW ARE YOU,TP
continuous_1434_S7_strategy2.npz,0–4166,SUGAR,SUGAR,TP
continuous_1434_S7_strategy2.npz,4166–8788,HELLO,HELLO,TP
continuous_1434_S7_strategy2.npz,8788–13053,GREEN,GREEN,TP
continuous_1434_S7_strategy2.npz,13053–17318,BOY,BOY,TP
continuous_1434_S7_strategy2.npz,15933–19100,—,YES,FP
continuous_1434_S7_strategy2.npz,17318–21564,UNCLE,UNCLE,TP
continuous_1434_S7_strategy2.npz,21564–25764,DON'T KNOW,DON’T KNOW,TP
continuous_1435_S7_strategy2.npz,0–4245,THURSDAY,THURSDAY,TP
continuous_1435_S7_strategy2.npz,2366–4733,—,MILK,FP
continuous_1435_S7_strategy2.npz,4245–8510,WOMAN,WOMAN,TP
continuous_1435_S7_strategy2.npz,7100–9466,—,DON’T UNDERSTAND,FP
continuous_1435_S7_strategy2.npz,8510–12741,PINK,PINK,TP
continuous_1435_S7_strategy2.npz,12741–17184,NICE TO MEET YOU,NICE TO MEET YOU,TP
continuous_1435_S7_strategy2.npz,17184–21449,EGG,EGG,TP
continuous_1435_S7_strategy2.npz,21333–23700,—,UNDERSTAND,FP
continuous_1435_S7_strategy2.npz,21449–26080,DON'T UNDERSTAND,DON’T UNDERSTAND,TP
continuous_1435_S7_strategy2.npz,26080–31050,DECEMBER,DECEMBER,TP
continuous_1436_S7_strategy2.npz,0–4265,WINE,WINE,TP
continuous_1436_S7_strategy2.npz,3266–6566,—,SEE YOU TOMORROW,FP
continuous_1436_S7_strategy2.npz,4265–8564,SEE YOU TOMORROW,—,FN
continuous_1436_S7_strategy2.npz,6566–9866,—,YES,FP
continuous_1436_S7_strategy2.npz,8564–12664,YES,—,FN
continuous_1436_S7_strategy2.npz,12664–17338,FOUR,FOUR,TP
continuous_1436_S7_strategy2.npz,17338–22308,SEPTEMBER,SEPTEMBER,TP
continuous_1436_S7_strategy2.npz,22308–26573,BLUE,BLUE,TP
continuous_1437_S7_strategy2.npz,0–3200,—,EIGHT,FP
continuous_1437_S7_strategy2.npz,0–4641,NINE,—,FN
continuous_1437_S7_strategy2.npz,4641–8740,HARD OF HEARING,HARD OF HEARING,TP
continuous_1437_S7_strategy2.npz,8740–13005,DARK,DARK,TP
continuous_1437_S7_strategy2.npz,13005–17519,IM FINE,IM FINE,TP
continuous_1437_S7_strategy2.npz,16066–19300,—,SATURDAY,FP
continuous_1437_S7_strategy2.npz,17519–21751,SATURDAY,—,FN
continuous_1437_S7_strategy2.npz,19300–22500,—,GREEN,FP
continuous_1437_S7_strategy2.npz,21751–25982,FISH,FISH,TP
continuous_1438_S7_strategy2.npz,0–4258,THURSDAY,THURSDAY,TP
continuous_1438_S7_strategy2.npz,4258–8357,MARCH,MARCH,TP
continuous_1438_S7_strategy2.npz,7200–9600,—,FEBRUARY,FP
continuous_1438_S7_strategy2.npz,8357–13064,SIX,SIX,TP
continuous_1438_S7_strategy2.npz,9600–12000,—,MOTHER,FP
continuous_1438_S7_strategy2.npz,13064–17308,FATHER,FATHER,TP
continuous_1438_S7_strategy2.npz,16800–19200,—,SON,FP
continuous_1438_S7_strategy2.npz,17308–21539,HOT,HOT,TP
continuous_1439_S7_strategy2.npz,0–4542,SEVEN,SEVEN,TP
continuous_1439_S7_strategy2.npz,4542–8774,SATURDAY,SATURDAY,TP
continuous_1439_S7_strategy2.npz,8774–13039,HOT,HOT,TP
continuous_1439_S7_strategy2.npz,12233–15300,—,GOOD MORNING,FP
continuous_1439_S7_strategy2.npz,13039–17661,GOOD MORNING,—,FN
continuous_1439_S7_strategy2.npz,15300–18366,—,NO,FP
continuous_1439_S7_strategy2.npz,17661–22368,FAST,FAST,TP
continuous_1439_S7_strategy2.npz,22368–26633,GRAY,GRAY,TP
continuous_1439_S7_strategy2.npz,26633–30864,MEAT,MEAT,TP
continuous_1440_S7_strategy2.npz,0–4265,VIOLET,VIOLET,TP
continuous_1440_S7_strategy2.npz,2433–4866,—,JANUARY,FP
continuous_1440_S7_strategy2.npz,4265–9235,WEDNESDAY,WEDNESDAY,TP
continuous_1440_S7_strategy2.npz,7300–9733,—,SIX,FP
continuous_1440_S7_strategy2.npz,9235–13481,GRANDMOTHER,GRANDMOTHER,TP
continuous_1440_S7_strategy2.npz,12166–14633,—,MILK,FP
continuous_1440_S7_strategy2.npz,13481–18122,TEN,TEN,TP
continuous_1440_S7_strategy2.npz,17066–19500,—,AUNTIE,FP
continuous_1440_S7_strategy2.npz,18122–22320,MILK,MILK,TP
continuous_1440_S7_strategy2.npz,22320–27049,HOW ARE YOU,HOW ARE YOU,TP
continuous_1441_S7_strategy2.npz,0–4231,BLACK,BLACK,TP
continuous_1441_S7_strategy2.npz,4231–9036,FEBRUARY,FEBRUARY,TP
continuous_1441_S7_strategy2.npz,7166–9566,—,JANUARY,FP
continuous_1441_S7_strategy2.npz,9036–13550,HELLO,HELLO,TP
continuous_1441_S7_strategy2.npz,13550–17815,SHRIMP,SHRIMP,TP
continuous_1441_S7_strategy2.npz,16733–19133,—,DON’T KNOW,FP
continuous_1441_S7_strategy2.npz,17815–22446,DON'T KNOW,—,FN
continuous_1441_S7_strategy2.npz,19133–21500,—,EIGHT,FP
continuous_1441_S7_strategy2.npz,21500–23900,—,FATHER,FP
continuous_1441_S7_strategy2.npz,22446–26690,FATHER,—,FN
continuous_1441_S7_strategy2.npz,23900–28700,—,GRANDFATHER,FP
continuous_1441_S7_strategy2.npz,26690–31298,TWO,TWO,TP
continuous_1442_S7_strategy2.npz,0–4244,YESTERDAY,YESTERDAY,TP
continuous_1442_S7_strategy2.npz,3200–6400,—,AUNTIE,FP
continuous_1442_S7_strategy2.npz,4244–9214,MAY,MAY,TP
continuous_1442_S7_strategy2.npz,9214–13479,MAN,MAN,TP
continuous_1442_S7_strategy2.npz,12833–16033,—,UNDERSTAND,FP
continuous_1442_S7_strategy2.npz,13479–18277,UNDERSTAND,—,FN
continuous_1442_S7_strategy2.npz,16033–19233,—,DON’T UNDERSTAND,FP
continuous_1442_S7_strategy2.npz,18277–22409,BEER,BEER,TP
continuous_1443_S7_strategy2.npz,0–4265,DEAF BLIND,DEAF BLIND,TP
continuous_1443_S7_strategy2.npz,2700–5400,—,KNOW,FP
continuous_1443_S7_strategy2.npz,4265–8896,DON'T KNOW,DON’T KNOW,TP
continuous_1443_S7_strategy2.npz,8896–13162,NOVEMBER,NOVEMBER,TP
continuous_1443_S7_strategy2.npz,13162–17427,BEER,BEER,TP
continuous_1443_S7_strategy2.npz,17427–21692,GRAY,GRAY,TP
continuous_1444_S7_strategy2.npz,0–4278,TODAY,TODAY,TP
continuous_1444_S7_strategy2.npz,4278–9215,OCTOBER,OCTOBER,TP
continuous_1444_S7_strategy2.npz,9215–13494,PARENTS,PARENTS,TP
continuous_1444_S7_strategy2.npz,12533–15066,—,TEN,FP
continuous_1444_S7_strategy2.npz,13494–17973,GOOD MORNING,GOOD MORNING,TP
continuous_1444_S7_strategy2.npz,17973–22778,TEN,TEN,TP
continuous_1445_S7_strategy2.npz,0–4232,BLACK,BLACK,TP
continuous_1445_S7_strategy2.npz,2733–5500,—,FAST,FP
continuous_1445_S7_strategy2.npz,4232–8232,KNOW,KNOW,TP
continuous_1445_S7_strategy2.npz,8232–12664,FIVE,FIVE,TP
continuous_1445_S7_strategy2.npz,12664–17601,MAY,MAY,TP
continuous_1445_S7_strategy2.npz,16533–19300,—,MOTHER,FP
continuous_1445_S7_strategy2.npz,17601–21832,MEAT,MEAT,TP
continuous_1445_S7_strategy2.npz,21832–26069,PARENTS,PARENTS,TP
continuous_1445_S7_strategy2.npz,26069–30280,YESTERDAY,YESTERDAY,TP
continuous_1446_S7_strategy2.npz,0–4598,DON'T UNDERSTAND,DON’T UNDERSTAND,TP
continuous_1446_S7_strategy2.npz,3033–6066,—,YESTERDAY,FP
continuous_1446_S7_strategy2.npz,4598–8876,YESTERDAY,—,FN
continuous_1446_S7_strategy2.npz,8876–12842,EGG,EGG,TP
continuous_1446_S7_strategy2.npz,12842–16941,BLACK,BLACK,TP
continuous_1446_S7_strategy2.npz,16941–21206,DEAF,DEAF,TP
continuous_1446_S7_strategy2.npz,21206–26044,TWO,TWO,TP
continuous_1446_S7_strategy2.npz,26044–30276,COUSIN,COUSIN,TP
continuous_1447_S7_strategy2.npz,0–4550,SEE YOU TOMORROW,SEE YOU TOMORROW,TP
continuous_1447_S7_strategy2.npz,4550–8781,GIRL,GIRL,TP
continuous_1447_S7_strategy2.npz,8781–13025,FATHER,FATHER,TP
continuous_1447_S7_strategy2.npz,13025–17666,ONE,ONE,TP
continuous_1447_S7_strategy2.npz,17666–21897,COFFEE,COFFEE,TP
continuous_1447_S7_strategy2.npz,21897–26062,RED,RED,TP
continuous_1447_S7_strategy2.npz,26062–30328,TODAY,TODAY,TP
continuous_1448_S7_strategy2.npz,0–4265,MAN,MAN,TP
continuous_1448_S7_strategy2.npz,4265–8939,FIVE,FIVE,TP
continuous_1448_S7_strategy2.npz,8939–13404,UNDERSTAND,UNDERSTAND,TP
continuous_1448_S7_strategy2.npz,13404–17650,GRANDMOTHER,GRANDMOTHER,TP
continuous_1448_S7_strategy2.npz,17650–21615,BLACK,BLACK,TP
continuous_1448_S7_strategy2.npz,21615–26552,AUGUST,AUGUST,TP
continuous_1449_S7_strategy2.npz,0–3966,WINE,WINE,TP
continuous_1449_S7_strategy2.npz,3966–8564,SLOW,SLOW,TP
continuous_1449_S7_strategy2.npz,8564–12829,DARK,DARK,TP
continuous_1449_S7_strategy2.npz,12829–17094,DEAF BLIND,DEAF BLIND,TP
continuous_1449_S7_strategy2.npz,16366–19100,—,EIGHT,FP
continuous_1449_S7_strategy2.npz,17094–21801,SEVEN,SEVEN,TP
continuous_1450_S7_strategy2.npz,0–4542,NINE,NINE,TP
continuous_1450_S7_strategy2.npz,4542–8807,PINK,PINK,TP
continuous_1450_S7_strategy2.npz,8807–13072,COLD,COLD,TP
continuous_1450_S7_strategy2.npz,12300–15400,—,JUICE,FP
continuous_1450_S7_strategy2.npz,13072–17586,THANK YOU,THANK YOU,TP
continuous_1450_S7_strategy2.npz,17586–21817,BLIND,BLIND,TP
continuous_1451_S7_strategy2.npz,0–4231,NO SUGAR,NO SUGAR,TP
continuous_1451_S7_strategy2.npz,4231–8496,WOMAN,WOMAN,TP
continuous_1451_S7_strategy2.npz,8496–12727,SHRIMP,SHRIMP,TP
continuous_1451_S7_strategy2.npz,12727–17335,TWO,TWO,TP
continuous_1451_S7_strategy2.npz,17335–22107,FAST,FAST,TP
continuous_1451_S7_strategy2.npz,22107–26439,JANUARY,—,FN
continuous_1451_S7_strategy2.npz,23533–26500,—,AUGUST,FP
continuous_1452_S7_strategy2.npz,0–4244,TOMORROW,TOMORROW,TP
continuous_1452_S7_strategy2.npz,2533–7600,—,TEN,FP
continuous_1452_S7_strategy2.npz,4244–8983,FAST,FAST,TP
continuous_1452_S7_strategy2.npz,8983–13229,AUNTIE,AUNTIE,TP
continuous_1452_S7_strategy2.npz,10133–12666,—,MILK,FP
continuous_1452_S7_strategy2.npz,13229–17460,JUICE,JUICE,TP
continuous_1452_S7_strategy2.npz,17460–22189,NICE TO MEET YOU,NICE TO MEET YOU,TP
continuous_1452_S7_strategy2.npz,17766–20300,—,COFFEE,FP
continuous_1452_S7_strategy2.npz,22189–26454,BREAD,BREAD,TP
continuous_1452_S7_strategy2.npz,26454–30685,BLIND,BLIND,TP
continuous_1453_S7_strategy2.npz,0–4371,GOOD EVENING,GOOD EVENING,TP
continuous_1453_S7_strategy2.npz,3133–6266,—,NO SUGAR,FP
continuous_1453_S7_strategy2.npz,4371–8636,DARK,DARK,TP
continuous_1453_S7_strategy2.npz,8636–12901,COFFEE,COFFEE,TP
continuous_1453_S7_strategy2.npz,12901–17532,UNDERSTAND,UNDERSTAND,TP
continuous_1453_S7_strategy2.npz,15700–18833,—,EIGHT,FP
continuous_1453_S7_strategy2.npz,17532–22239,NINE,NINE,TP
continuous_1454_S7_strategy2.npz,0–4631,DON'T KNOW,DON’T KNOW,TP
continuous_1454_S7_strategy2.npz,4631–8862,EGG,EGG,TP
continuous_1454_S7_strategy2.npz,7033–9400,—,NICE TO MEET YOU,FP
continuous_1454_S7_strategy2.npz,8862–13233,NICE TO MEET YOU,—,FN
continuous_1454_S7_strategy2.npz,9400–11733,—,COFFEE,FP
continuous_1454_S7_strategy2.npz,13233–17479,AUNTIE,AUNTIE,TP
continuous_1454_S7_strategy2.npz,16433–18800,—,LIGHT,FP
continuous_1454_S7_strategy2.npz,17479–21710,LIGHT,—,FN
continuous_1454_S7_strategy2.npz,18800–21133,—,SUNDAY,FP
continuous_1454_S7_strategy2.npz,21133–23500,—,ONE,FP
continuous_1454_S7_strategy2.npz,21710–26548,THREE,THREE,TP
continuous_1454_S7_strategy2.npz,25833–28200,—,NO,FP
continuous_1454_S7_strategy2.npz,26548–30779,BEER,BEER,TP
continuous_1455_S7_strategy2.npz,0–4232,GIRL,GIRL,TP
continuous_1455_S7_strategy2.npz,3066–6166,—,THANK YOU,FP
continuous_1455_S7_strategy2.npz,4232–8873,TWO,TWO,TP
continuous_1455_S7_strategy2.npz,8873–13459,GOOD MORNING,GOOD MORNING,TP
continuous_1455_S7_strategy2.npz,9266–12366,—,NO,FP
continuous_1455_S7_strategy2.npz,13459–17690,BLUE,BLUE,TP
continuous_1455_S7_strategy2.npz,17690–21921,TEA,TEA,TP
continuous_1456_S7_strategy2.npz,0–4133,SLOW,SLOW,TP
continuous_1456_S7_strategy2.npz,2700–5433,—,SEPTEMBER,FP
continuous_1456_S7_strategy2.npz,4133–8298,AUGUST,AUGUST,TP
continuous_1456_S7_strategy2.npz,8166–13633,—,SEPTEMBER,FP
continuous_1456_S7_strategy2.npz,8298–12906,ONE,—,FN
continuous_1456_S7_strategy2.npz,12906–17150,YESTERDAY,YESTERDAY,TP
continuous_1456_S7_strategy2.npz,13633–16333,—,ONE,FP
continuous_1456_S7_strategy2.npz,17150–21415,COLD,—,FN
continuous_1456_S7_strategy2.npz,19066–21800,—,AUNTIE,FP
continuous_1456_S7_strategy2.npz,21415–25680,DARK,DARK,TP
continuous_1456_S7_strategy2.npz,21800–24533,—,COLD,FP
continuous_1456_S7_strategy2.npz,25680–29945,MEAT,MEAT,TP
continuous_1457_S7_strategy2.npz,0–4199,YESTERDAY,YESTERDAY,TP
continuous_1457_S7_strategy2.npz,4199–8897,WRONG,WRONG,TP
continuous_1457_S7_strategy2.npz,4700–7066,—,NO SUGAR,FP
continuous_1457_S7_strategy2.npz,8897–13376,GOOD AFTERNOON,GOOD AFTERNOON,TP
continuous_1457_S7_strategy2.npz,13376–17575,SEVEN,SEVEN,TP
continuous_1457_S7_strategy2.npz,16500–18866,—,WOMAN,FP
continuous_1457_S7_strategy2.npz,17575–21807,WOMAN,—,FN
continuous_1457_S7_strategy2.npz,18866–23566,—,ORANGE,FP
continuous_1457_S7_strategy2.npz,21807–26072,YELLOW,YELLOW,TP
continuous_1457_S7_strategy2.npz,26072–30910,MAY,MAY,TP
continuous_1458_S7_strategy2.npz,0–4231,MAN,MAN,TP
continuous_1458_S7_strategy2.npz,4231–8430,COUSIN,COUSIN,TP
continuous_1458_S7_strategy2.npz,7900–10566,—,KNOW,FP
continuous_1458_S7_strategy2.npz,8430–12961,KNOW,—,FN
continuous_1458_S7_strategy2.npz,10566–13200,—,JANUARY,FP
continuous_1458_S7_strategy2.npz,12961–17700,MARCH,MARCH,TP
continuous_1458_S7_strategy2.npz,15833–18500,—,JANUARY,FP
continuous_1458_S7_strategy2.npz,17700–21399,NO SUGAR,NO SUGAR,TP
continuous_1458_S7_strategy2.npz,21399–26369,WEDNESDAY,WEDNESDAY,TP
continuous_1459_S7_strategy2.npz,0–4266,WRONG,WRONG,TP
continuous_1459_S7_strategy2.npz,2766–5533,—,RED,FP
continuous_1459_S7_strategy2.npz,4266–9071,APRIL,APRIL,TP
continuous_1459_S7_strategy2.npz,8333–11100,—,ORANGE,FP
continuous_1459_S7_strategy2.npz,9071–13336,ORANGE,—,FN
continuous_1459_S7_strategy2.npz,13336–17845,FOUR,FOUR,TP
continuous_1459_S7_strategy2.npz,17845–22091,DAUGHTER,DAUGHTER,TP
continuous_1459_S7_strategy2.npz,22091–26713,IM FINE,IM FINE,TP
continuous_1459_S7_strategy2.npz,26713–30778,BEER,BEER,TP
continuous_1460_S7_strategy2.npz,0–4244,FATHER,FATHER,TP
continuous_1460_S7_strategy2.npz,2933–5900,—,BOY,FP
continuous_1460_S7_strategy2.npz,4244–8975,NO,NO,TP
continuous_1460_S7_strategy2.npz,8975–13240,BREAD,BREAD,TP
continuous_1460_S7_strategy2.npz,13240–17572,TUESDAY,TUESDAY,TP
continuous_1460_S7_strategy2.npz,17572–21837,DEAF,DEAF,TP
continuous_1460_S7_strategy2.npz,21837–26511,MAY,MAY,TP
continuous_1461_S7_strategy2.npz,0–4132,FATHER,FATHER,TP
continuous_1461_S7_strategy2.npz,3033–6100,—,HELLO,FP
continuous_1461_S7_strategy2.npz,4132–8682,HELLO,—,FN
continuous_1461_S7_strategy2.npz,6100–9166,—,EIGHT,FP
continuous_1461_S7_strategy2.npz,8682–13290,NINE,NINE,TP
continuous_1461_S7_strategy2.npz,13290–17556,DON'T KNOW,DON’T KNOW,TP
continuous_1461_S7_strategy2.npz,17556–21655,DARK,DARK,TP
continuous_1462_S7_strategy2.npz,0–4265,PINK,PINK,TP
continuous_1462_S7_strategy2.npz,3466–6933,—,JUICE,FP
continuous_1462_S7_strategy2.npz,4265–9070,APRIL,APRIL,TP
continuous_1462_S7_strategy2.npz,9070–13777,FAST,FAST,TP
continuous_1462_S7_strategy2.npz,13777–18008,MARRIED,MARRIED,TP
continuous_1462_S7_strategy2.npz,18008–22252,MOTHER,MOTHER,TP
continuous_1462_S7_strategy2.npz,22252–26860,THREE,THREE,TP
continuous_1462_S7_strategy2.npz,26860–31091,SPAGHETTI,SPAGHETTI,TP
continuous_1463_S7_strategy2.npz,0–4213,AUNTIE,AUNTIE,TP
continuous_1463_S7_strategy2.npz,3233–6466,—,SLOW,FP
continuous_1463_S7_strategy2.npz,4213–8944,SLOW,—,FN
continuous_1463_S7_strategy2.npz,8944–13209,MARRIED,MARRIED,TP
continuous_1463_S7_strategy2.npz,13209–17474,COLD,COLD,TP
continuous_1463_S7_strategy2.npz,17474–21607,YOURE WELCOME,YOURE WELCOME,TP
continuous_1463_S7_strategy2.npz,21607–25838,BLUE,BLUE,TP
continuous_1464_S7_strategy2.npz,0–4265,BOY,BOY,TP
continuous_1464_S7_strategy2.npz,2733–5500,—,MARRIED,FP
continuous_1464_S7_strategy2.npz,4265–8496,RICE,RICE,TP
continuous_1464_S7_strategy2.npz,8496–12695,TEN,TEN,TP
continuous_1464_S7_strategy2.npz,12695–16893,MILK,MILK,TP
continuous_1464_S7_strategy2.npz,16893–21336,SEE YOU TOMORROW,SEE YOU TOMORROW,TP
continuous_1464_S7_strategy2.npz,21336–25601,WHITE,—,FN
continuous_1464_S7_strategy2.npz,22033–24766,—,TOMORROW,FP
continuous_1464_S7_strategy2.npz,24766–27533,—,WHITE,FP
continuous_1464_S7_strategy2.npz,25601–30538,MONDAY,MONDAY,TP
continuous_1465_S7_strategy2.npz,0–4937,NOVEMBER,NOVEMBER,TP
continuous_1465_S7_strategy2.npz,2933–5866,—,CRAB,FP
continuous_1465_S7_strategy2.npz,4937–9202,CRAB,—,FN
continuous_1465_S7_strategy2.npz,5866–8833,—,TUESDAY,FP
continuous_1465_S7_strategy2.npz,9202–13458,THURSDAY,THURSDAY,TP
continuous_1465_S7_strategy2.npz,13458–17458,SLOW,SLOW,TP
continuous_1465_S7_strategy2.npz,17458–22165,TWO,TWO,TP
continuous_1465_S7_strategy2.npz,22165–26430,HOT,HOT,TP
continuous_1466_S7_strategy2.npz,0–4099,OCTOBER,OCTOBER,TP
continuous_1466_S7_strategy2.npz,4099–8330,MEAT,MEAT,TP
continuous_1466_S7_strategy2.npz,8330–12562,GREEN,GREEN,TP
continuous_1466_S7_strategy2.npz,12562–17148,THANK YOU,THANK YOU,TP
continuous_1466_S7_strategy2.npz,17148–21379,WINE,WINE,TP
continuous_1466_S7_strategy2.npz,19700–22533,—,HOT,FP
continuous_1466_S7_strategy2.npz,21379–25623,SATURDAY,SATURDAY,TP
continuous_1467_S7_strategy2.npz,0–4265,WHITE,WHITE,TP
continuous_1467_S7_strategy2.npz,4265–8464,MAN,MAN,TP
continuous_1467_S7_strategy2.npz,8464–13195,NO,NO,TP
continuous_1467_S7_strategy2.npz,10966–13166,—,MAN,FP
continuous_1467_S7_strategy2.npz,13195–17460,SUNDAY,SUNDAY,TP
continuous_1467_S7_strategy2.npz,17460–21659,JUNE,JUNE,TP
continuous_1467_S7_strategy2.npz,21659–26333,FIVE,FIVE,TP
continuous_1467_S7_strategy2.npz,21966–24166,—,MOTHER,FP
continuous_1468_S7_strategy2.npz,0–4266,THREE,THREE,TP
continuous_1468_S7_strategy2.npz,4266–8531,BOY,BOY,TP
continuous_1468_S7_strategy2.npz,8531–12463,BEER,BEER,TP
continuous_1468_S7_strategy2.npz,10500–14000,—,TOMORROW,FP
continuous_1468_S7_strategy2.npz,12463–16695,TOMORROW,—,FN
continuous_1468_S7_strategy2.npz,14000–17500,—,TEN,FP
continuous_1468_S7_strategy2.npz,16695–21317,GOOD EVENING,GOOD EVENING,TP
continuous_1469_S7_strategy2.npz,0–4246,UNCLE,UNCLE,TP
continuous_1469_S7_strategy2.npz,4246–8511,BOY,BOY,TP
continuous_1469_S7_strategy2.npz,8511–13218,APRIL,APRIL,TP
continuous_1469_S7_strategy2.npz,13218–17449,WINE,WINE,TP
continuous_1469_S7_strategy2.npz,17449–21714,GRAY,GRAY,TP
continuous_1469_S7_strategy2.npz,20300–23200,—,SLOW,FP
continuous_1469_S7_strategy2.npz,21714–26047,IM FINE,IM FINE,TP
continuous_1470_S7_strategy2.npz,0–4265,DEAF,DEAF,TP
continuous_1470_S7_strategy2.npz,3066–6166,—,SON,FP
continuous_1470_S7_strategy2.npz,4265–8764,SON,—,FN
continuous_1470_S7_strategy2.npz,6166–12333,—,HARD OF HEARING,FP
continuous_1470_S7_strategy2.npz,8764–13569,MARCH,MARCH,TP
continuous_1470_S7_strategy2.npz,13569–17813,FRIDAY,FRIDAY,TP
continuous_1470_S7_strategy2.npz,17813–22044,ORANGE,ORANGE,TP
continuous_1470_S7_strategy2.npz,22044–26523,HELLO,HELLO,TP
continuous_1470_S7_strategy2.npz,26523–31098,SEVEN,SEVEN,TP
continuous_1471_S7_strategy2.npz,0–4937,SEPTEMBER,SEPTEMBER,TP
continuous_1471_S7_strategy2.npz,3166–6333,—,BEER,FP
continuous_1471_S7_strategy2.npz,4937–9202,BEER,—,FN
continuous_1471_S7_strategy2.npz,6333–9500,—,AUNTIE,FP
continuous_1471_S7_strategy2.npz,9202–13448,AUNTIE,—,FN
continuous_1471_S7_strategy2.npz,9500–12666,—,TEN,FP
continuous_1471_S7_strategy2.npz,13448–17880,GOOD AFTERNOON,GOOD AFTERNOON,TP
continuous_1471_S7_strategy2.npz,17880–22111,EGG,EGG,TP
continuous_1472_S7_strategy2.npz,0–4221,GRANDFATHER,GRANDFATHER,TP
continuous_1472_S7_strategy2.npz,4221–8735,GOOD EVENING,GOOD EVENING,TP
continuous_1472_S7_strategy2.npz,8735–12966,VIOLET,VIOLET,TP
continuous_1472_S7_strategy2.npz,12966–17231,BLIND,BLIND,TP
continuous_1472_S7_strategy2.npz,17231–21872,ONE,ONE,TP
continuous_1472_S7_strategy2.npz,20400–23300,—,JUICE,FP
continuous_1472_S7_strategy2.npz,21872–26470,KNOW,KNOW,TP
continuous_1473_S7_strategy2.npz,0–4674,EIGHT,EIGHT,TP
continuous_1473_S7_strategy2.npz,2666–5333,—,FATHER,FP
continuous_1473_S7_strategy2.npz,4674–8973,FATHER,—,FN
continuous_1473_S7_strategy2.npz,5333–8000,—,PARENTS,FP
continuous_1473_S7_strategy2.npz,8000–10666,—,HOW ARE YOU,FP
continuous_1473_S7_strategy2.npz,8973–13595,HOW ARE YOU,—,FN
continuous_1473_S7_strategy2.npz,10666–16033,—,SHRIMP,FP
continuous_1473_S7_strategy2.npz,13595–18532,NOVEMBER,NOVEMBER,TP
continuous_1473_S7_strategy2.npz,18532–22697,VIOLET,VIOLET,TP
continuous_1473_S7_strategy2.npz,21366–24033,—,FEBRUARY,FP
continuous_1473_S7_strategy2.npz,22697–26962,BREAD,BREAD,TP
continuous_1474_S7_strategy2.npz,0–4199,GIRL,GIRL,TP
continuous_1474_S7_strategy2.npz,4199–8906,FAST,FAST,TP
continuous_1474_S7_strategy2.npz,8906–13580,SIX,SIX,TP
continuous_1474_S7_strategy2.npz,9133–11433,—,ONE,FP
continuous_1474_S7_strategy2.npz,13580–18130,IM FINE,IM FINE,TP
continuous_1474_S7_strategy2.npz,16000–20566,—,NICE TO MEET YOU,FP
continuous_1474_S7_strategy2.npz,18130–23067,OCTOBER,OCTOBER,TP
continuous_1475_S7_strategy2.npz,0–4443,GOOD EVENING,GOOD EVENING,TP
continuous_1475_S7_strategy2.npz,3533–7066,—,BEER,FP
continuous_1475_S7_strategy2.npz,4443–8741,HOT,HOT,TP
continuous_1475_S7_strategy2.npz,8741–12972,CRAB,CRAB,TP
continuous_1475_S7_strategy2.npz,12972–17237,GREEN,GREEN,TP
continuous_1475_S7_strategy2.npz,17237–21481,SUNDAY,SUNDAY,TP
continuous_1476_S7_strategy2.npz,0–4199,SIX,SIX,TP
continuous_1476_S7_strategy2.npz,2700–5400,—,SEVEN,FP
continuous_1476_S7_strategy2.npz,4199–8464,UNCLE,UNCLE,TP
continuous_1476_S7_strategy2.npz,8464–12729,BLACK,BLACK,TP
continuous_1476_S7_strategy2.npz,12729–16994,WOMAN,WOMAN,TP
continuous_1476_S7_strategy2.npz,16994–21692,KNOW,KNOW,TP
continuous_1477_S7_strategy2.npz,0–4244,TODAY,TODAY,TP
continuous_1477_S7_strategy2.npz,4244–8509,BROWN,BROWN,TP
continuous_1477_S7_strategy2.npz,8509–12774,SUGAR,SUGAR,TP
continuous_1477_S7_strategy2.npz,12774–17505,DON'T UNDERSTAND,DON’T UNDERSTAND,TP
continuous_1477_S7_strategy2.npz,15533–18633,—,GIRL,FP
continuous_1477_S7_strategy2.npz,17505–22508,ONE,ONE,TP
continuous_1477_S7_strategy2.npz,22508–26773,MARRIED,MARRIED,TP
continuous_1477_S7_strategy2.npz,24866–27966,—,SLOW,FP
continuous_1477_S7_strategy2.npz,26773–31038,LONGANISA,LONGANISA,TP
continuous_1478_S7_strategy2.npz,0–4231,CHICKEN,CHICKEN,TP
continuous_1478_S7_strategy2.npz,4231–8442,MOTHER,MOTHER,TP
continuous_1478_S7_strategy2.npz,8442–12441,HARD OF HEARING,HARD OF HEARING,TP
continuous_1478_S7_strategy2.npz,10966–14600,—,NO SUGAR,FP
continuous_1478_S7_strategy2.npz,12441–17072,WRONG,WRONG,TP
continuous_1478_S7_strategy2.npz,17072–21337,WINE,WINE,TP
continuous_1478_S7_strategy2.npz,21337–25568,LIGHT,LIGHT,TP
continuous_1479_S7_strategy2.npz,0–4265,HOT,HOT,TP
continuous_1479_S7_strategy2.npz,2933–5900,—,SEVEN,FP
continuous_1479_S7_strategy2.npz,4265–8397,SEVEN,—,FN
continuous_1479_S7_strategy2.npz,8397–12629,MOTHER,MOTHER,TP
continuous_1479_S7_strategy2.npz,11800–14766,—,SHRIMP,FP
continuous_1479_S7_strategy2.npz,12629–16860,SHRIMP,—,FN
continuous_1479_S7_strategy2.npz,14766–17733,—,DECEMBER,FP
continuous_1479_S7_strategy2.npz,16860–21092,DECEMBER,—,FN
continuous_1479_S7_strategy2.npz,17733–23633,—,OCTOBER,FP
continuous_1479_S7_strategy2.npz,21092–25392,KNOW,KNOW,TP
continuous_1479_S7_strategy2.npz,25392–29557,ORANGE,ORANGE,TP
continuous_1480_S7_strategy2.npz,0–4298,COLD,COLD,TP
continuous_1480_S7_strategy2.npz,2633–5300,—,GOOD MORNING,FP
continuous_1480_S7_strategy2.npz,4298–8884,GOOD MORNING,—,FN
continuous_1480_S7_strategy2.npz,5300–7966,—,MILK,FP
continuous_1480_S7_strategy2.npz,8884–13064,DAUGHTER,DAUGHTER,TP
continuous_1480_S7_strategy2.npz,13064–17329,CHICKEN,CHICKEN,TP
continuous_1480_S7_strategy2.npz,17329–21560,WOMAN,WOMAN,TP
continuous_1481_S7_strategy2.npz,0–4231,NO SUGAR,NO SUGAR,TP
continuous_1481_S7_strategy2.npz,4231–8462,EGG,EGG,TP
continuous_1481_S7_strategy2.npz,8462–13027,DON'T KNOW,DON’T KNOW,TP
continuous_1481_S7_strategy2.npz,13027–17259,BROWN,BROWN,TP
continuous_1481_S7_strategy2.npz,17259–21391,FRIDAY,FRIDAY,TP
continuous_1482_S7_strategy2.npz,0–4299,FATHER,FATHER,TP
continuous_1482_S7_strategy2.npz,4299–8564,TEA,TEA,TP
continuous_1482_S7_strategy2.npz,8564–13043,GOOD EVENING,GOOD EVENING,TP
continuous_1482_S7_strategy2.npz,13043–17808,WRONG,WRONG,TP
continuous_1482_S7_strategy2.npz,16666–19433,—,EIGHT,FP
continuous_1482_S7_strategy2.npz,17808–22482,FOUR,FOUR,TP
continuous_1483_S7_strategy2.npz,0–4100,IM FINE,IM FINE,TP
continuous_1483_S7_strategy2.npz,2600–5233,—,SIX,FP
continuous_1483_S7_strategy2.npz,4100–8232,SIX,—,FN
continuous_1483_S7_strategy2.npz,5233–7833,—,NO,FP
continuous_1483_S7_strategy2.npz,8232–12497,GRAY,GRAY,TP
continuous_1483_S7_strategy2.npz,12497–16741,YESTERDAY,YESTERDAY,TP
continuous_1483_S7_strategy2.npz,16741–20940,GRANDFATHER,GRANDFATHER,TP
continuous_1484_S7_strategy2.npz,0–4231,EGG,EGG,TP
continuous_1484_S7_strategy2.npz,2366–4733,—,JANUARY,FP
continuous_1484_S7_strategy2.npz,4231–9201,DECEMBER,DECEMBER,TP
continuous_1484_S7_strategy2.npz,7100–9466,—,OCTOBER,FP
continuous_1484_S7_strategy2.npz,9201–13467,WRONG,WRONG,TP
continuous_1484_S7_strategy2.npz,11833–14233,—,WHITE,FP
continuous_1484_S7_strategy2.npz,13467–17699,GOOD AFTERNOON,GOOD AFTERNOON,TP
continuous_1484_S7_strategy2.npz,16600–18966,—,MONDAY,FP
continuous_1484_S7_strategy2.npz,17699–21945,UNCLE,UNCLE,TP
continuous_1484_S7_strategy2.npz,21945–26044,NINE,NINE,TP
continuous_1485_S7_strategy2.npz,0–4565,DON'T UNDERSTAND,DON’T UNDERSTAND,TP
continuous_1485_S7_strategy2.npz,3333–6666,—,GIRL,FP
continuous_1485_S7_strategy2.npz,4565–8830,WEELCHAIR PERSON,WEELCHAIR PERSON,TP
continuous_1485_S7_strategy2.npz,8830–13195,EIGHT,EIGHT,TP
continuous_1485_S7_strategy2.npz,13195–17408,GRANDFATHER,GRANDFATHER,TP
continuous_1485_S7_strategy2.npz,16666–20000,—,TUESDAY,FP
continuous_1485_S7_strategy2.npz,17408–22345,TUESDAY,—,FN
continuous_1485_S7_strategy2.npz,20000–23333,—,AUNTIE,FP
continuous_1485_S7_strategy2.npz,22345–26644,YELLOW,YELLOW,TP
continuous_1486_S7_strategy2.npz,0–4622,NICE TO MEET YOU,NICE TO MEET YOU,TP
continuous_1486_S7_strategy2.npz,3100–6200,—,YESTERDAY,FP
continuous_1486_S7_strategy2.npz,4622–8866,YESTERDAY,—,FN
continuous_1486_S7_strategy2.npz,6200–9300,—,DARK,FP
continuous_1486_S7_strategy2.npz,8866–13131,CRAB,CRAB,TP
continuous_1486_S7_strategy2.npz,12400–15500,—,DON’T KNOW,FP
continuous_1486_S7_strategy2.npz,13131–17363,UNCLE,UNCLE,TP
continuous_1486_S7_strategy2.npz,17363–21994,SLOW,SLOW,TP
continuous_1487_S7_strategy2.npz,0–4065,DEAF,—,FN
continuous_1487_S7_strategy2.npz,3100–6200,—,OCTOBER,FP
continuous_1487_S7_strategy2.npz,4065–9035,TUESDAY,TUESDAY,TP
continuous_1487_S7_strategy2.npz,9035–13266,LONGANISA,LONGANISA,TP
continuous_1487_S7_strategy2.npz,13266–17780,GOOD EVENING,GOOD EVENING,TP
continuous_1487_S7_strategy2.npz,17780–22011,VIOLET,VIOLET,TP
continuous_1488_S7_strategy2.npz,0–4133,SLOW,SLOW,TP
continuous_1488_S7_strategy2.npz,3366–6766,—,JUICE,FP
continuous_1488_S7_strategy2.npz,4133–8741,JANUARY,JANUARY,TP
continuous_1488_S7_strategy2.npz,8741–12972,WHITE,—,FN
continuous_1488_S7_strategy2.npz,12972–17558,GOOD MORNING,GOOD MORNING,TP
continuous_1488_S7_strategy2.npz,13533–16900,—,WHITE,FP
continuous_1488_S7_strategy2.npz,17558–21823,HARD OF HEARING,HARD OF HEARING,TP
continuous_1488_S7_strategy2.npz,21823–26431,SIX,SIX,TP
continuous_1488_S7_strategy2.npz,26431–30675,FRIDAY,FRIDAY,TP
continuous_1489_S7_strategy2.npz,0–4937,MAY,MAY,TP
continuous_1489_S7_strategy2.npz,3700–7433,—,FEBRUARY,FP
continuous_1489_S7_strategy2.npz,4937–9380,NICE TO MEET YOU,NICE TO MEET YOU,TP
continuous_1489_S7_strategy2.npz,9380–13645,COFFEE,COFFEE,TP
continuous_1489_S7_strategy2.npz,13645–17876,WHITE,WHITE,TP
continuous_1489_S7_strategy2.npz,17876–22583,FAST,FAST,TP
continuous_1490_S7_strategy2.npz,0–4231,DEAF,DEAF,TP
continuous_1490_S7_strategy2.npz,4231–8630,MEAT,MEAT,TP
continuous_1490_S7_strategy2.npz,6900–10333,—,HOW ARE YOU,FP
continuous_1490_S7_strategy2.npz,8630–13037,HOW ARE YOU,—,FN
continuous_1490_S7_strategy2.npz,10333–13800,—,BREAD,FP
continuous_1490_S7_strategy2.npz,13037–17702,SLOW,SLOW,TP
continuous_1490_S7_strategy2.npz,17702–21967,COLD,COLD,TP
continuous_1490_S7_strategy2.npz,21967–26211,SATURDAY,SATURDAY,TP
continuous_1490_S7_strategy2.npz,26211–31280,SEVEN,SEVEN,TP
continuous_1491_S7_strategy2.npz,0–4265,MARRIED,MARRIED,TP
continuous_1491_S7_strategy2.npz,4265–8519,THURSDAY,THURSDAY,TP
continuous_1491_S7_strategy2.npz,8519–12750,CHICKEN,—,FN
continuous_1491_S7_strategy2.npz,9000–15000,—,MILK,FP
continuous_1491_S7_strategy2.npz,12750–17720,OCTOBER,—,FN
continuous_1491_S7_strategy2.npz,15000–18000,—,CHICKEN,FP
continuous_1491_S7_strategy2.npz,17720–22152,GRANDMOTHER,GRANDMOTHER,TP
continuous_1491_S7_strategy2.npz,18000–21000,—,OCTOBER,FP
continuous_1491_S7_strategy2.npz,22152–26924,THREE,THREE,TP
continuous_1492_S7_strategy2.npz,0–4765,YOURE WELCOME,YOURE WELCOME,TP
continuous_1492_S7_strategy2.npz,4765–9043,MOTHER,MOTHER,TP
continuous_1492_S7_strategy2.npz,9043–14013,NOVEMBER,NOVEMBER,TP
continuous_1492_S7_strategy2.npz,11666–15566,—,SLOW,FP
continuous_1492_S7_strategy2.npz,14013–18644,SLOW,—,FN
continuous_1492_S7_strategy2.npz,15566–19466,—,JUICE,FP
continuous_1492_S7_strategy2.npz,18644–22909,JUICE,—,FN
continuous_1492_S7_strategy2.npz,22909–27174,BREAD,BREAD,TP
continuous_1492_S7_strategy2.npz,27174–31405,DARK,DARK,TP
continuous_1493_S7_strategy2.npz,0–4232,THURSDAY,THURSDAY,TP
continuous_1493_S7_strategy2.npz,3066–6166,—,JANUARY,FP
continuous_1493_S7_strategy2.npz,4232–9169,MAY,MAY,TP
continuous_1493_S7_strategy2.npz,9169–13400,WEELCHAIR PERSON,WEELCHAIR PERSON,TP
continuous_1493_S7_strategy2.npz,13400–18098,YES,—,FN
continuous_1493_S7_strategy2.npz,15433–18533,—,MILK,FP
continuous_1493_S7_strategy2.npz,18098–22363,GRAY,GRAY,TP
continuous_1493_S7_strategy2.npz,18533–21600,—,YES,FP
continuous_1493_S7_strategy2.npz,22363–26949,YOURE WELCOME,YOURE WELCOME,TP
continuous_1493_S7_strategy2.npz,26949–31148,BREAD,BREAD,TP
continuous_1494_S7_strategy2.npz,0–4231,LIGHT,LIGHT,TP
continuous_1494_S7_strategy2.npz,2633–5266,—,SUNDAY,FP
continuous_1494_S7_strategy2.npz,4231–8475,FATHER,FATHER,TP
continuous_1494_S7_strategy2.npz,8475–12742,THURSDAY,THURSDAY,TP
continuous_1494_S7_strategy2.npz,12742–17074,TEA,TEA,TP
continuous_1494_S7_strategy2.npz,13200–15833,—,JUICE,FP
continuous_1494_S7_strategy2.npz,17074–21407,WRONG,WRONG,TP
continuous_1494_S7_strategy2.npz,21407–26344,JULY,JULY,TP
continuous_1495_S7_strategy2.npz,0–4970,OCTOBER,OCTOBER,TP
continuous_1495_S7_strategy2.npz,3100–6200,—,NOVEMBER,FP
continuous_1495_S7_strategy2.npz,4970–9102,SHRIMP,SHRIMP,TP
continuous_1495_S7_strategy2.npz,9102–13367,SUGAR,SUGAR,TP
continuous_1495_S7_strategy2.npz,13367–17612,GRANDFATHER,GRANDFATHER,TP
continuous_1495_S7_strategy2.npz,17612–22090,SEE YOU TOMORROW,SEE YOU TOMORROW,TP
continuous_1496_S7_strategy2.npz,0–4199,BOY,BOY,TP
continuous_1496_S7_strategy2.npz,2933–5900,—,IM FINE,FP
continuous_1496_S7_strategy2.npz,4199–8785,IM FINE,—,FN
continuous_1496_S7_strategy2.npz,5900–8866,—,HOW ARE YOU,FP
continuous_1496_S7_strategy2.npz,8785–12984,SPAGHETTI,SPAGHETTI,TP
continuous_1496_S7_strategy2.npz,11833–14800,—,COLD,FP
continuous_1496_S7_strategy2.npz,12984–17921,JUNE,JUNE,TP
continuous_1496_S7_strategy2.npz,17921–22644,WRONG,WRONG,TP
continuous_1496_S7_strategy2.npz,22644–26890,GRANDMOTHER,GRANDMOTHER,TP
continuous_1497_S7_strategy2.npz,0–4608,FEBRUARY,FEBRUARY,TP
continuous_1497_S7_strategy2.npz,2800–5600,—,PINK,FP
continuous_1497_S7_strategy2.npz,4608–9380,TEN,TEN,TP
continuous_1497_S7_strategy2.npz,8433–11233,—,KNOW,FP
continuous_1497_S7_strategy2.npz,9380–13978,DON'T KNOW,DON’T KNOW,TP
continuous_1497_S7_strategy2.npz,13978–18224,DAUGHTER,DAUGHTER,TP
continuous_1497_S7_strategy2.npz,16866–19666,—,COFFEE,FP
continuous_1497_S7_strategy2.npz,18224–22423,SUGAR,SUGAR,TP
continuous_1498_S7_strategy2.npz,0–4299,SON,SON,TP
continuous_1498_S7_strategy2.npz,2400–4833,—,DAUGHTER,FP
continuous_1498_S7_strategy2.npz,4299–8897,KNOW,KNOW,TP
continuous_1498_S7_strategy2.npz,7266–9666,—,OCTOBER,FP
continuous_1498_S7_strategy2.npz,8897–13867,OCTOBER,—,FN
continuous_1498_S7_strategy2.npz,9666–12100,—,MARCH,FP
continuous_1498_S7_strategy2.npz,12100–16933,—,OCTOBER,FP
continuous_1498_S7_strategy2.npz,13867–18837,ONE,ONE,TP
continuous_1498_S7_strategy2.npz,18837–23102,SHRIMP,SHRIMP,TP
continuous_1498_S7_strategy2.npz,23102–27367,BOY,BOY,TP
continuous_1498_S7_strategy2.npz,27367–31432,TEA,TEA,TP
continuous_1499_S7_strategy2.npz,0–4970,JULY,JULY,TP
continuous_1499_S7_strategy2.npz,4970–9235,BLACK,—,FN
continuous_1499_S7_strategy2.npz,7833–13100,—,CHICKEN,FP
continuous_1499_S7_strategy2.npz,9235–13201,BLIND,—,FN
continuous_1499_S7_strategy2.npz,13100–15700,—,BLIND,FP
continuous_1499_S7_strategy2.npz,13201–17875,SEVEN,SEVEN,TP
continuous_1499_S7_strategy2.npz,17875–22174,THANK YOU,THANK YOU,TP
continuous_1499_S7_strategy2.npz,22174–26405,COLD,COLD,TP
continuous_1500_S7_strategy2.npz,0–4066,SEE YOU TOMORROW,SEE YOU TOMORROW,TP
continuous_1500_S7_strategy2.npz,2500–5000,—,TEN,FP
continuous_1500_S7_strategy2.npz,4066–9003,TUESDAY,TUESDAY,TP
continuous_1500_S7_strategy2.npz,7500–10000,—,LONGANISA,FP
continuous_1500_S7_strategy2.npz,9003–13035,LONGANISA,—,FN
continuous_1500_S7_strategy2.npz,10000–12500,—,WEELCHAIR PERSON,FP
continuous_1500_S7_strategy2.npz,13035–17709,FIVE,FIVE,TP
continuous_1500_S7_strategy2.npz,17500–20000,—,AUGUST,FP
continuous_1500_S7_strategy2.npz,17709–22679,AUGUST,—,FN
continuous_1500_S7_strategy2.npz,20000–22500,—,JANUARY,FP
continuous_1500_S7_strategy2.npz,22500–25000,—,RED,FP
continuous_1500_S7_strategy2.npz,22679–27410,SLOW,SLOW,TP
continuous_1501_S7_strategy2.npz,0–4246,SON,SON,TP
continuous_1501_S7_strategy2.npz,2700–5400,—,DAUGHTER,FP
continuous_1501_S7_strategy2.npz,4246–9183,SEPTEMBER,SEPTEMBER,TP
continuous_1501_S7_strategy2.npz,9183–13349,THURSDAY,THURSDAY,TP
continuous_1501_S7_strategy2.npz,13349–17580,BLUE,BLUE,TP
continuous_1501_S7_strategy2.npz,13500–16200,—,MILK,FP
continuous_1501_S7_strategy2.npz,17580–22287,FIVE,FIVE,TP
continuous_1501_S7_strategy2.npz,22287–26952,NO,NO,TP
continuous_1502_S7_strategy2.npz,0–4465,SEVEN,SEVEN,TP
continuous_1502_S7_strategy2.npz,4465–9087,HOW ARE YOU,HOW ARE YOU,TP
continuous_1502_S7_strategy2.npz,9087–13285,LIGHT,LIGHT,TP
continuous_1502_S7_strategy2.npz,13285–17917,DON'T UNDERSTAND,DON’T UNDERSTAND,TP
continuous_1502_S7_strategy2.npz,17917–22182,WEELCHAIR PERSON,WEELCHAIR PERSON,TP
continuous_1503_S7_strategy2.npz,0–4970,WEDNESDAY,WEDNESDAY,TP
continuous_1503_S7_strategy2.npz,3133–6266,—,SIX,FP
continuous_1503_S7_strategy2.npz,4970–9249,UNCLE,UNCLE,TP
continuous_1503_S7_strategy2.npz,9249–13480,SPAGHETTI,SPAGHETTI,TP
continuous_1503_S7_strategy2.npz,12533–15666,—,SHRIMP,FP
continuous_1503_S7_strategy2.npz,13480–17645,NICE TO MEET YOU,NICE TO MEET YOU,TP
continuous_1503_S7_strategy2.npz,17645–21876,BEER,BEER,TP
continuous_1504_S7_strategy2.npz,0–4232,DON'T UNDERSTAND,DON’T UNDERSTAND,TP
continuous_1504_S7_strategy2.npz,2700–5400,—,YES,FP
continuous_1504_S7_strategy2.npz,4232–9103,EIGHT,EIGHT,TP
continuous_1504_S7_strategy2.npz,8133–10833,—,NO,FP
continuous_1504_S7_strategy2.npz,9103–13135,AUGUST,AUGUST,TP
continuous_1504_S7_strategy2.npz,13135–17400,DEAF,—,FN
continuous_1504_S7_strategy2.npz,13533–16266,—,MAY,FP
continuous_1504_S7_strategy2.npz,16266–18966,—,DEAF,FP
continuous_1504_S7_strategy2.npz,17400–21665,COFFEE,COFFEE,TP
continuous_1505_S7_strategy2.npz,0–4674,EIGHT,EIGHT,TP
continuous_1505_S7_strategy2.npz,3000–6000,—,YESTERDAY,FP
continuous_1505_S7_strategy2.npz,4674–8918,YESTERDAY,—,FN
continuous_1505_S7_strategy2.npz,6000–9000,—,AUNTIE,FP
continuous_1505_S7_strategy2.npz,8918–13117,JULY,JULY,TP
continuous_1505_S7_strategy2.npz,13117–17348,CHICKEN,CHICKEN,TP
continuous_1505_S7_strategy2.npz,17348–21755,HELLO,HELLO,TP
continuous_1505_S7_strategy2.npz,21000–24000,—,TEA,FP
continuous_1505_S7_strategy2.npz,21755–26020,TEA,—,FN
continuous_1505_S7_strategy2.npz,24000–27000,—,JUICE,FP
continuous_1505_S7_strategy2.npz,26020–30233,DAUGHTER,DAUGHTER,TP
continuous_1506_S7_strategy2.npz,0–4237,THURSDAY,THURSDAY,TP
continuous_1506_S7_strategy2.npz,4237–8448,MOTHER,MOTHER,TP
continuous_1506_S7_strategy2.npz,8448–12679,SUGAR,SUGAR,TP
continuous_1506_S7_strategy2.npz,12679–16944,GIRL,GIRL,TP
continuous_1506_S7_strategy2.npz,14433–19233,—,YES,FP
continuous_1506_S7_strategy2.npz,16944–21585,SEVEN,SEVEN,TP
continuous_1507_S7_strategy2.npz,0–4231,MAN,MAN,TP
continuous_1507_S7_strategy2.npz,2366–4733,—,ORANGE,FP
continuous_1507_S7_strategy2.npz,4231–9201,DECEMBER,DECEMBER,TP
continuous_1507_S7_strategy2.npz,7100–9466,—,BLIND,FP
continuous_1507_S7_strategy2.npz,9201–13432,VIOLET,VIOLET,TP
continuous_1507_S7_strategy2.npz,13432–17364,TOMORROW,TOMORROW,TP
continuous_1507_S7_strategy2.npz,17364–21629,COLD,COLD,TP
continuous_1507_S7_strategy2.npz,21333–23700,—,KNOW,FP
continuous_1507_S7_strategy2.npz,21629–26527,DON'T KNOW,DON’T KNOW,TP
continuous_1507_S7_strategy2.npz,26527–30773,DAUGHTER,DAUGHTER,TP
continuous_1508_S7_strategy2.npz,0–4244,MOTHER,MOTHER,TP
continuous_1508_S7_strategy2.npz,4244–8877,UNDERSTAND,UNDERSTAND,TP
continuous_1508_S7_strategy2.npz,8877–13142,YELLOW,YELLOW,TP
continuous_1508_S7_strategy2.npz,13142–17373,RICE,RICE,TP
continuous_1508_S7_strategy2.npz,15766–18933,—,JANUARY,FP
continuous_1508_S7_strategy2.npz,17373–22047,MARCH,MARCH,TP
continuous_1509_S7_strategy2.npz,0–855,NOVEMBER,—,FN
continuous_1509_S7_strategy2.npz,855–5120,NO SUGAR,NO SUGAR,TP
continuous_1509_S7_strategy2.npz,5120–9706,HELLO,HELLO,TP
continuous_1509_S7_strategy2.npz,9706–13971,BROWN,BROWN,TP
continuous_1509_S7_strategy2.npz,13971–18513,EIGHT,EIGHT,TP
continuous_1510_S7_strategy2.npz,0–4641,SIX,SIX,TP
continuous_1510_S7_strategy2.npz,4641–8872,SHRIMP,SHRIMP,TP
continuous_1510_S7_strategy2.npz,8872–13670,KNOW,KNOW,TP
continuous_1510_S7_strategy2.npz,13670–17836,COUSIN,COUSIN,TP
continuous_1510_S7_strategy2.npz,17836–22101,DARK,DARK,TP
continuous_1511_S7_strategy2.npz,0–4232,GOOD EVENING,GOOD EVENING,TP
continuous_1511_S7_strategy2.npz,2700–8133,—,GRANDMOTHER,FP
continuous_1511_S7_strategy2.npz,4232–8497,WEELCHAIR PERSON,WEELCHAIR PERSON,TP
continuous_1511_S7_strategy2.npz,8497–12775,SUNDAY,SUNDAY,TP
continuous_1511_S7_strategy2.npz,12775–17006,SPAGHETTI,SPAGHETTI,TP
continuous_1511_S7_strategy2.npz,17006–21713,EIGHT,EIGHT,TP
continuous_1512_S7_strategy2.npz,0–4199,DEAF BLIND,DEAF BLIND,TP
continuous_1512_S7_strategy2.npz,4199–8464,LONGANISA,LONGANISA,TP
continuous_1512_S7_strategy2.npz,8464–12708,YESTERDAY,YESTERDAY,TP
continuous_1512_S7_strategy2.npz,12708–17283,APRIL,APRIL,TP
continuous_1512_S7_strategy2.npz,17283–21349,FAST,FAST,TP
continuous_1512_S7_strategy2.npz,21349–26154,TEN,TEN,TP
continuous_1513_S7_strategy2.npz,0–4937,JUNE,JUNE,TP
continuous_1513_S7_strategy2.npz,4937–9202,BLIND,BLIND,TP
continuous_1513_S7_strategy2.npz,9202–13433,BROWN,BROWN,TP
continuous_1513_S7_strategy2.npz,13433–17912,GOOD AFTERNOON,GOOD AFTERNOON,TP
continuous_1513_S7_strategy2.npz,17366–20833,—,GIRL,FP
continuous_1513_S7_strategy2.npz,17912–22543,SLOW,SLOW,TP
continuous_1513_S7_strategy2.npz,22543–26774,COLD,COLD,TP
continuous_1513_S7_strategy2.npz,26774–31481,NINE,NINE,TP
continuous_1514_S7_strategy2.npz,0–4099,BEER,BEER,TP
continuous_1514_S7_strategy2.npz,2700–5433,—,FISH,FP
continuous_1514_S7_strategy2.npz,4099–8265,FISH,—,FN
continuous_1514_S7_strategy2.npz,5433–8166,—,MAN,FP
continuous_1514_S7_strategy2.npz,8166–13600,—,ORANGE,FP
continuous_1514_S7_strategy2.npz,8265–12530,MAN,—,FN
continuous_1514_S7_strategy2.npz,12530–16808,FATHER,FATHER,TP
continuous_1514_S7_strategy2.npz,16333–19066,—,PARENTS,FP
continuous_1514_S7_strategy2.npz,16808–21745,NOVEMBER,NOVEMBER,TP
continuous_1515_S7_strategy2.npz,0–4698,WRONG,WRONG,TP
continuous_1515_S7_strategy2.npz,4698–8730,WEDNESDAY,WEDNESDAY,TP
continuous_1515_S7_strategy2.npz,8730–12895,BROWN,BROWN,TP
continuous_1515_S7_strategy2.npz,11133–14833,—,BOY,FP
continuous_1515_S7_strategy2.npz,12895–17160,BOY,—,FN
continuous_1515_S7_strategy2.npz,14833–18533,—,SEE YOU TOMORROW,FP
continuous_1515_S7_strategy2.npz,17160–21782,SEE YOU TOMORROW,—,FN
continuous_1515_S7_strategy2.npz,21782–25715,HOT,HOT,TP
continuous_1515_S7_strategy2.npz,25715–29959,FATHER,FATHER,TP
continuous_1516_S7_strategy2.npz,0–4279,COUSIN,COUSIN,TP
continuous_1516_S7_strategy2.npz,4279–8829,HOW ARE YOU,HOW ARE YOU,TP
continuous_1516_S7_strategy2.npz,8200–10933,—,SATURDAY,FP
continuous_1516_S7_strategy2.npz,8829–13073,SATURDAY,—,FN
continuous_1516_S7_strategy2.npz,10933–13666,—,JANUARY,FP
continuous_1516_S7_strategy2.npz,13073–17812,MARCH,MARCH,TP
continuous_1516_S7_strategy2.npz,16400–19133,—,JANUARY,FP
continuous_1516_S7_strategy2.npz,17812–22077,DARK,DARK,TP
continuous_1517_S7_strategy2.npz,0–4244,SUNDAY,SUNDAY,TP
continuous_1517_S7_strategy2.npz,4244–8377,NO,NO,TP
continuous_1517_S7_strategy2.npz,8377–12476,BREAD,BREAD,TP
continuous_1517_S7_strategy2.npz,11300–15066,—,RED,FP
continuous_1517_S7_strategy2.npz,12476–16675,HARD OF HEARING,HARD OF HEARING,TP
continuous_1517_S7_strategy2.npz,16675–20886,MOTHER,MOTHER,TP
continuous_1517_S7_strategy2.npz,20886–25856,JUNE,JUNE,TP
continuous_1517_S7_strategy2.npz,25856–30121,WINE,WINE,TP
continuous_1518_S7_strategy2.npz,0–4466,GOOD MORNING,GOOD MORNING,TP
continuous_1518_S7_strategy2.npz,2800–5600,—,EIGHT,FP
continuous_1518_S7_strategy2.npz,4466–9173,NINE,NINE,TP
continuous_1518_S7_strategy2.npz,8400–11200,—,NO,FP
continuous_1518_S7_strategy2.npz,9173–13404,MILK,MILK,TP
continuous_1518_S7_strategy2.npz,13404–18078,FEBRUARY,FEBRUARY,TP
continuous_1518_S7_strategy2.npz,18078–22324,COUSIN,COUSIN,TP
continuous_1519_S7_strategy2.npz,0–4707,TEN,TEN,TP
continuous_1519_S7_strategy2.npz,4707–8938,LIGHT,LIGHT,TP
continuous_1519_S7_strategy2.npz,6600–9900,—,PINK,FP
continuous_1519_S7_strategy2.npz,8938–14105,FEBRUARY,FEBRUARY,TP
continuous_1519_S7_strategy2.npz,14105–18803,YES,YES,TP
continuous_1519_S7_strategy2.npz,18803–23034,BOY,BOY,TP
continuous_1520_S7_strategy2.npz,0–4232,SIX,SIX,TP
continuous_1520_S7_strategy2.npz,2133–4266,—,SEVEN,FP
continuous_1520_S7_strategy2.npz,4232–8830,YES,YES,TP
continuous_1520_S7_strategy2.npz,4266–6400,—,NO,FP
continuous_1520_S7_strategy2.npz,8830–13061,LONGANISA,LONGANISA,TP
continuous_1520_S7_strategy2.npz,13061–17293,FEBRUARY,FEBRUARY,TP
continuous_1520_S7_strategy2.npz,17293–21558,ORANGE,ORANGE,TP
continuous_1520_S7_strategy2.npz,21333–23466,—,GIRL,FP
continuous_1520_S7_strategy2.npz,21558–25623,WEELCHAIR PERSON,WEELCHAIR PERSON,TP
continuous_1521_S7_strategy2.npz,0–4231,GRAY,GRAY,TP
continuous_1521_S7_strategy2.npz,3066–6133,—,COFFEE,FP
continuous_1521_S7_strategy2.npz,4231–8462,COFFEE,—,FN
continuous_1521_S7_strategy2.npz,8462–12761,BOY,BOY,TP
continuous_1521_S7_strategy2.npz,12761–17168,HELLO,HELLO,TP
continuous_1521_S7_strategy2.npz,17168–21446,TOMORROW,TOMORROW,TP
continuous_1521_S7_strategy2.npz,21446–25988,TEN,TEN,TP
continuous_1521_S7_strategy2.npz,25988–30925,DECEMBER,DECEMBER,TP
continuous_1522_S7_strategy2.npz,0–4674,FEBRUARY,FEBRUARY,TP
continuous_1522_S7_strategy2.npz,2533–5100,—,BROWN,FP
continuous_1522_S7_strategy2.npz,4674–8939,BROWN,—,FN
continuous_1522_S7_strategy2.npz,5100–7633,—,COLD,FP
continuous_1522_S7_strategy2.npz,7633–10200,—,MILK,FP
continuous_1522_S7_strategy2.npz,8939–13170,COLD,—,FN
continuous_1522_S7_strategy2.npz,10200–12733,—,TOMORROW,FP
continuous_1522_S7_strategy2.npz,12733–15300,—,TEN,FP
continuous_1522_S7_strategy2.npz,13170–17448,TOMORROW,—,FN
continuous_1522_S7_strategy2.npz,15300–17833,—,DEAF,FP
continuous_1522_S7_strategy2.npz,17448–22023,FAST,FAST,TP
continuous_1522_S7_strategy2.npz,20400–22933,—,DEAF,FP
continuous_1522_S7_strategy2.npz,22023–26269,UNCLE,UNCLE,TP
continuous_1522_S7_strategy2.npz,26269–30500,MEAT,MEAT,TP
continuous_1523_S7_strategy2.npz,0–4798,UNDERSTAND,UNDERSTAND,TP
continuous_1523_S7_strategy2.npz,2800–5633,—,DON’T UNDERSTAND,FP
continuous_1523_S7_strategy2.npz,4798–9063,WHITE,WHITE,TP
continuous_1523_S7_strategy2.npz,8466–11300,—,COFFEE,FP
continuous_1523_S7_strategy2.npz,9063–13328,COFFEE,—,FN
continuous_1523_S7_strategy2.npz,11300–14100,—,SPAGHETTI,FP
continuous_1523_S7_strategy2.npz,13328–17593,CRAB,CRAB,TP
continuous_1523_S7_strategy2.npz,17593–22563,WEDNESDAY,WEDNESDAY,TP
continuous_1524_S7_strategy2.npz,0–4698,YES,YES,TP
continuous_1524_S7_strategy2.npz,4698–9306,TWO,TWO,TP
continuous_1524_S7_strategy2.npz,9306–14276,TUESDAY,TUESDAY,TP
continuous_1524_S7_strategy2.npz,14276–18522,GRANDFATHER,GRANDFATHER,TP
continuous_1524_S7_strategy2.npz,18522–23108,THANK YOU,THANK YOU,TP
continuous_1524_S7_strategy2.npz,23108–27339,DEAF BLIND,DEAF BLIND,TP
continuous_1525_S7_strategy2.npz,0–4244,FRIDAY,FRIDAY,TP
continuous_1525_S7_strategy2.npz,3066–6133,—,MEAT,FP
continuous_1525_S7_strategy2.npz,4244–8509,MEAT,—,FN
continuous_1525_S7_strategy2.npz,6133–9233,—,WHITE,FP
continuous_1525_S7_strategy2.npz,8509–13314,FIVE,FIVE,TP
continuous_1525_S7_strategy2.npz,12300–15400,—,COFFEE,FP
continuous_1525_S7_strategy2.npz,13314–18045,WRONG,WRONG,TP
continuous_1525_S7_strategy2.npz,18045–22144,APRIL,APRIL,TP
continuous_1525_S7_strategy2.npz,21533–24633,—,NICE TO MEET YOU,FP
continuous_1525_S7_strategy2.npz,22144–26423,COUSIN,COUSIN,TP
continuous_1525_S7_strategy2.npz,26423–31009,HOW ARE YOU,HOW ARE YOU,TP
continuous_1526_S7_strategy2.npz,0–4246,GRANDMOTHER,GRANDMOTHER,TP
continuous_1526_S7_strategy2.npz,4246–9183,TUESDAY,TUESDAY,TP
continuous_1526_S7_strategy2.npz,9183–13733,GOOD EVENING,GOOD EVENING,TP
continuous_1526_S7_strategy2.npz,13733–17964,GIRL,GIRL,TP
continuous_1526_S7_strategy2.npz,17964–22229,BLUE,BLUE,TP
continuous_1526_S7_strategy2.npz,20800–23766,—,MOTHER,FP
continuous_1526_S7_strategy2.npz,22229–26968,ONE,ONE,TP
continuous_1527_S7_strategy2.npz,0–4265,GREEN,GREEN,TP
continuous_1527_S7_strategy2.npz,4265–8431,EGG,EGG,TP
continuous_1527_S7_strategy2.npz,8100–10833,—,FAST,FP
continuous_1527_S7_strategy2.npz,8431–13105,FAST,—,FN
continuous_1527_S7_strategy2.npz,10833–13533,—,ONE,FP
continuous_1527_S7_strategy2.npz,13105–17371,MILK,MILK,TP
continuous_1527_S7_strategy2.npz,16233–18933,—,AUNTIE,FP
continuous_1527_S7_strategy2.npz,17371–21617,DAUGHTER,DAUGHTER,TP
continuous_1528_S7_strategy2.npz,0–4265,HARD OF HEARING,HARD OF HEARING,TP
continuous_1528_S7_strategy2.npz,3066–6166,—,YOURE WELCOME,FP
continuous_1528_S7_strategy2.npz,4265–8744,YOURE WELCOME,—,FN
continuous_1528_S7_strategy2.npz,6166–9266,—,GOOD AFTERNOON,FP
continuous_1528_S7_strategy2.npz,8744–13418,FIVE,FIVE,TP
continuous_1528_S7_strategy2.npz,13418–17683,SUGAR,SUGAR,TP
continuous_1528_S7_strategy2.npz,17683–21914,GREEN,GREEN,TP
continuous_1529_S7_strategy2.npz,0–4244,SATURDAY,SATURDAY,TP
continuous_1529_S7_strategy2.npz,3266–6566,—,RED,FP
continuous_1529_S7_strategy2.npz,4244–8909,SLOW,SLOW,TP
continuous_1529_S7_strategy2.npz,8909–13583,SIX,SIX,TP
continuous_1529_S7_strategy2.npz,13583–17814,NO SUGAR,NO SUGAR,TP
continuous_1529_S7_strategy2.npz,16433–19733,—,MILK,FP
continuous_1529_S7_strategy2.npz,17814–22013,RED,—,FN
continuous_1529_S7_strategy2.npz,19733–23033,—,PINK,FP
continuous_1529_S7_strategy2.npz,22013–26278,WOMAN,WOMAN,TP
continuous_1530_S7_strategy2.npz,0–4265,BROWN,BROWN,TP
continuous_1530_S7_strategy2.npz,4265–8873,TEN,TEN,TP
continuous_1530_S7_strategy2.npz,7633–10200,—,MILK,FP
continuous_1530_S7_strategy2.npz,8873–13459,YOURE WELCOME,YOURE WELCOME,TP
continuous_1530_S7_strategy2.npz,12733–15300,—,WHITE,FP
continuous_1530_S7_strategy2.npz,13459–18090,UNDERSTAND,UNDERSTAND,TP
continuous_1530_S7_strategy2.npz,18090–22334,TODAY,TODAY,TP
continuous_1530_S7_strategy2.npz,20400–22933,—,KNOW,FP
continuous_1530_S7_strategy2.npz,22334–26599,MAN,MAN,TP
continuous_1530_S7_strategy2.npz,25500–28033,—,COUSIN,FP
continuous_1530_S7_strategy2.npz,26599–30830,BREAD,BREAD,TP
continuous_1531_S7_strategy2.npz,0–4550,YOURE WELCOME,YOURE WELCOME,TP
continuous_1531_S7_strategy2.npz,4550–9257,ONE,ONE,TP
continuous_1531_S7_strategy2.npz,7800–13000,—,MOTHER,FP
continuous_1531_S7_strategy2.npz,9257–13503,SON,SON,TP
continuous_1531_S7_strategy2.npz,13503–17768,LONGANISA,—,FN
continuous_1531_S7_strategy2.npz,17768–21999,ORANGE,ORANGE,TP
continuous_1531_S7_strategy2.npz,18200–20800,—,LONGANISA,FP
continuous_1531_S7_strategy2.npz,21999–26264,COFFEE,COFFEE,TP
continuous_1532_S7_strategy2.npz,0–4231,CHICKEN,CHICKEN,TP
continuous_1532_S7_strategy2.npz,4231–8477,SON,SON,TP
continuous_1532_S7_strategy2.npz,8477–12543,THURSDAY,THURSDAY,TP
continuous_1532_S7_strategy2.npz,12543–17174,DON'T KNOW,DON’T KNOW,TP
continuous_1532_S7_strategy2.npz,17174–21405,BROWN,BROWN,TP
continuous_1533_S7_strategy2.npz,0–5069,SIX,SIX,TP
continuous_1533_S7_strategy2.npz,2900–5800,—,HARD OF HEARING,FP
continuous_1533_S7_strategy2.npz,5069–9300,HARD OF HEARING,—,FN
continuous_1533_S7_strategy2.npz,5800–8700,—,PINK,FP
continuous_1533_S7_strategy2.npz,8700–11633,—,KNOW,FP
continuous_1533_S7_strategy2.npz,9300–13565,PINK,—,FN
continuous_1533_S7_strategy2.npz,13565–18230,DON'T KNOW,DON’T KNOW,TP
continuous_1533_S7_strategy2.npz,17433–20333,—,NO,FP
continuous_1533_S7_strategy2.npz,18230–23200,MONDAY,MONDAY,TP
continuous_1534_S7_strategy2.npz,0–4265,DEAF BLIND,DEAF BLIND,TP
continuous_1534_S7_strategy2.npz,4265–8906,TWO,TWO,TP
continuous_1534_S7_strategy2.npz,8906–13385,NICE TO MEET YOU,NICE TO MEET YOU,TP
continuous_1534_S7_strategy2.npz,13385–17631,COUSIN,COUSIN,TP
continuous_1534_S7_strategy2.npz,17631–21863,YESTERDAY,YESTERDAY,TP
continuous_1534_S7_strategy2.npz,21863–26094,COLD,COLD,TP
continuous_1535_S7_strategy2.npz,0–4243,THURSDAY,THURSDAY,TP
continuous_1535_S7_strategy2.npz,2466–4933,—,WHITE,FP
continuous_1535_S7_strategy2.npz,4243–8474,WHITE,—,FN
continuous_1535_S7_strategy2.npz,4933–7400,—,GOOD AFTERNOON,FP
continuous_1535_S7_strategy2.npz,8474–13082,FOUR,FOUR,TP
continuous_1535_S7_strategy2.npz,12366–14833,—,MAN,FP
continuous_1535_S7_strategy2.npz,13082–17313,MAN,—,FN
continuous_1535_S7_strategy2.npz,14833–19766,—,WOMAN,FP
continuous_1535_S7_strategy2.npz,17313–22184,SEPTEMBER,SEPTEMBER,TP
continuous_1536_S7_strategy2.npz,0–4514,GOOD MORNING,GOOD MORNING,TP
continuous_1536_S7_strategy2.npz,2433–4866,—,GIRL,FP
continuous_1536_S7_strategy2.npz,4514–8745,GIRL,—,FN
continuous_1536_S7_strategy2.npz,4866–7333,—,BEER,FP
continuous_1536_S7_strategy2.npz,7333–9766,—,WRONG,FP
continuous_1536_S7_strategy2.npz,8745–13287,APRIL,APRIL,TP
continuous_1536_S7_strategy2.npz,13287–17531,SUNDAY,SUNDAY,TP
continuous_1536_S7_strategy2.npz,17531–22205,FAST,FAST,TP
continuous_1537_S7_strategy2.npz,0–4631,CORRECT,CORRECT,TP
continuous_1537_S7_strategy2.npz,2700–5400,—,HOW ARE YOU,FP
continuous_1537_S7_strategy2.npz,4631–8875,TODAY,TODAY,TP
continuous_1537_S7_strategy2.npz,8100–10800,—,RED,FP
continuous_1537_S7_strategy2.npz,8875–13173,RED,—,FN
continuous_1537_S7_strategy2.npz,10800–13500,—,PINK,FP
continuous_1537_S7_strategy2.npz,13173–17404,NO SUGAR,NO SUGAR,TP
continuous_1537_S7_strategy2.npz,16200–18900,—,MILK,FP
continuous_1537_S7_strategy2.npz,17404–22341,MAY,MAY,TP
continuous_1537_S7_strategy2.npz,22341–26949,NINE,NINE,TP
continuous_1538_S7_strategy2.npz,0–5003,FEBRUARY,FEBRUARY,TP
continuous_1538_S7_strategy2.npz,2933–5866,—,JANUARY,FP
continuous_1538_S7_strategy2.npz,5003–9940,TUESDAY,TUESDAY,TP
continuous_1538_S7_strategy2.npz,9940–13740,YOURE WELCOME,YOURE WELCOME,TP
continuous_1538_S7_strategy2.npz,13740–18216,SEVEN,SEVEN,TP
continuous_1538_S7_strategy2.npz,18216–22462,COUSIN,COUSIN,TP
continuous_1538_S7_strategy2.npz,22462–26362,YES,YES,TP
continuous_1539_S7_strategy2.npz,0–4265,SUGAR,SUGAR,TP
continuous_1539_S7_strategy2.npz,4265–8896,UNDERSTAND,UNDERSTAND,TP
continuous_1539_S7_strategy2.npz,8896–13142,SON,SON,TP
continuous_1539_S7_strategy2.npz,12400–15500,—,DAUGHTER,FP
continuous_1539_S7_strategy2.npz,13142–17407,HARD OF HEARING,HARD OF HEARING,TP
continuous_1539_S7_strategy2.npz,17407–22377,MONDAY,MONDAY,TP
continuous_1539_S7_strategy2.npz,22377–26963,SEE YOU TOMORROW,SEE YOU TOMORROW,TP
continuous_1539_S7_strategy2.npz,26963–31229,FOUR,FOUR,TP
continuous_1540_S7_strategy2.npz,0–5003,DECEMBER,DECEMBER,TP
continuous_1540_S7_strategy2.npz,3300–6600,—,MEAT,FP
continuous_1540_S7_strategy2.npz,5003–9202,MEAT,—,FN
continuous_1540_S7_strategy2.npz,9202–14139,MONDAY,MONDAY,TP
continuous_1540_S7_strategy2.npz,14139–18405,GOOD MORNING,GOOD MORNING,TP
continuous_1540_S7_strategy2.npz,18405–23036,DON'T KNOW,DON’T KNOW,TP
continuous_1541_S7_strategy2.npz,0–4244,SUNDAY,SUNDAY,TP
continuous_1541_S7_strategy2.npz,4244–8723,THANK YOU,THANK YOU,TP
continuous_1541_S7_strategy2.npz,8723–12922,AUNTIE,AUNTIE,TP
continuous_1541_S7_strategy2.npz,12066–15066,—,DEAF BLIND,FP
continuous_1541_S7_strategy2.npz,12922–17187,BLIND,—,FN
continuous_1541_S7_strategy2.npz,15066–18100,—,BLIND,FP
continuous_1541_S7_strategy2.npz,17187–21386,BEER,BEER,TP
continuous_1542_S7_strategy2.npz,0–4210,MOTHER,MOTHER,TP
continuous_1542_S7_strategy2.npz,4210–8409,WEDNESDAY,WEDNESDAY,TP
continuous_1542_S7_strategy2.npz,7866–10466,—,TEN,FP
continuous_1542_S7_strategy2.npz,8409–13050,TEN,—,FN
continuous_1542_S7_strategy2.npz,10466–13100,—,MILK,FP
continuous_1542_S7_strategy2.npz,13050–18015,DON'T UNDERSTAND,DON’T UNDERSTAND,TP
continuous_1542_S7_strategy2.npz,13100–15733,—,UNDERSTAND,FP
continuous_1542_S7_strategy2.npz,18015–22246,RICE,RICE,TP
continuous_1542_S7_strategy2.npz,22246–26246,SEE YOU TOMORROW,SEE YOU TOMORROW,TP
continuous_1543_S7_strategy2.npz,0–4244,SUNDAY,SUNDAY,TP
continuous_1543_S7_strategy2.npz,4244–8475,VIOLET,VIOLET,TP
continuous_1543_S7_strategy2.npz,8475–12740,GIRL,GIRL,TP
continuous_1543_S7_strategy2.npz,11200–14933,—,YES,FP
continuous_1543_S7_strategy2.npz,12740–17505,YES,—,FN
continuous_1543_S7_strategy2.npz,14933–18666,—,MILK,FP
continuous_1543_S7_strategy2.npz,17505–21736,MILK,—,FN
continuous_1543_S7_strategy2.npz,18666–22400,—,HOW ARE YOU,FP
continuous_1543_S7_strategy2.npz,21736–26394,THANK YOU,THANK YOU,TP
continuous_1544_S7_strategy2.npz,0–4265,RED,RED,TP
continuous_1544_S7_strategy2.npz,3000–6033,—,AUNTIE,FP
continuous_1544_S7_strategy2.npz,4265–8544,AUNTIE,—,FN
continuous_1544_S7_strategy2.npz,6033–9066,—,DEAF BLIND,FP
continuous_1544_S7_strategy2.npz,8544–12809,DEAF BLIND,—,FN
continuous_1544_S7_strategy2.npz,9066–12100,—,BREAD,FP
continuous_1544_S7_strategy2.npz,12809–16941,EGG,EGG,TP
continuous_1544_S7_strategy2.npz,16941–21615,SEVEN,SEVEN,TP
continuous_1544_S7_strategy2.npz,21615–25880,TEA,TEA,TP
continuous_1544_S7_strategy2.npz,25880–30502,NICE TO MEET YOU,NICE TO MEET YOU,TP
continuous_1545_S7_strategy2.npz,0–4246,DAUGHTER,DAUGHTER,TP
continuous_1545_S7_strategy2.npz,4246–8985,APRIL,APRIL,TP
continuous_1545_S7_strategy2.npz,8985–13250,WEELCHAIR PERSON,WEELCHAIR PERSON,TP
continuous_1545_S7_strategy2.npz,13250–17182,YESTERDAY,YESTERDAY,TP
continuous_1545_S7_strategy2.npz,16100–18766,—,YES,FP
continuous_1545_S7_strategy2.npz,17182–21413,MILK,MILK,TP
continuous_1546_S7_strategy2.npz,0–4707,FOUR,FOUR,TP
continuous_1546_S7_strategy2.npz,4707–9348,APRIL,APRIL,TP
continuous_1546_S7_strategy2.npz,7300–9733,—,JANUARY,FP
continuous_1546_S7_strategy2.npz,9348–13913,DON'T KNOW,DON’T KNOW,TP
continuous_1546_S7_strategy2.npz,9733–12166,—,KNOW,FP
continuous_1546_S7_strategy2.npz,13913–18157,TOMORROW,TOMORROW,TP
continuous_1546_S7_strategy2.npz,17033–21900,—,TEN,FP
continuous_1546_S7_strategy2.npz,18157–22422,MARRIED,MARRIED,TP
continuous_1546_S7_strategy2.npz,22422–27008,NICE TO MEET YOU,NICE TO MEET YOU,TP
continuous_1547_S7_strategy2.npz,0–4598,DON'T KNOW,DON’T KNOW,TP
continuous_1547_S7_strategy2.npz,4598–8698,NO SUGAR,NO SUGAR,TP
continuous_1547_S7_strategy2.npz,7666–10233,—,GOOD AFTERNOON,FP
continuous_1547_S7_strategy2.npz,8698–13212,GOOD AFTERNOON,—,FN
continuous_1547_S7_strategy2.npz,10233–12766,—,HELLO,FP
continuous_1547_S7_strategy2.npz,12766–15333,—,EGG,FP
continuous_1547_S7_strategy2.npz,13212–17443,EGG,—,FN
continuous_1547_S7_strategy2.npz,15333–17900,—,FRIDAY,FP
continuous_1547_S7_strategy2.npz,17443–21687,FRIDAY,—,FN
continuous_1547_S7_strategy2.npz,17900–20466,—,EIGHT,FP
continuous_1547_S7_strategy2.npz,21687–25952,ORANGE,ORANGE,TP
continuous_1547_S7_strategy2.npz,25952–30922,SEPTEMBER,—,FN
continuous_1548_S7_strategy2.npz,0–4937,WEDNESDAY,WEDNESDAY,TP
continuous_1548_S7_strategy2.npz,3300–6600,—,SIX,FP
continuous_1548_S7_strategy2.npz,4937–9635,WRONG,WRONG,TP
continuous_1548_S7_strategy2.npz,9635–13934,IM FINE,IM FINE,TP
continuous_1548_S7_strategy2.npz,13934–18180,DAUGHTER,DAUGHTER,TP
continuous_1548_S7_strategy2.npz,16500–19800,—,SPAGHETTI,FP
continuous_1548_S7_strategy2.npz,18180–22411,SPAGHETTI,—,FN
continuous_1548_S7_strategy2.npz,19800–23100,—,EGG,FP
continuous_1548_S7_strategy2.npz,22411–26643,WEELCHAIR PERSON,WEELCHAIR PERSON,TP
continuous_1549_S7_strategy2.npz,0–4265,GREEN,GREEN,TP
continuous_1549_S7_strategy2.npz,2733–5466,—,YOURE WELCOME,FP
continuous_1549_S7_strategy2.npz,4265–8600,YOURE WELCOME,—,FN
continuous_1549_S7_strategy2.npz,5466–8200,—,SHRIMP,FP
continuous_1549_S7_strategy2.npz,8200–10933,—,NICE TO MEET YOU,FP
continuous_1549_S7_strategy2.npz,8600–12765,SHRIMP,—,FN
continuous_1549_S7_strategy2.npz,12765–17011,COUSIN,COUSIN,TP
continuous_1549_S7_strategy2.npz,16400–19133,—,DON’T UNDERSTAND,FP
continuous_1549_S7_strategy2.npz,17011–21709,DON'T UNDERSTAND,—,FN
continuous_1549_S7_strategy2.npz,19133–21866,—,WOMAN,FP
continuous_1549_S7_strategy2.npz,21709–26074,WOMAN,—,FN
continuous_1549_S7_strategy2.npz,21866–27333,—,COUSIN,FP
continuous_1549_S7_strategy2.npz,26074–30339,MILK,MILK,TP
continuous_1550_S7_strategy2.npz,0–4232,MEAT,MEAT,TP
continuous_1550_S7_strategy2.npz,4232–8478,COUSIN,COUSIN,TP
continuous_1550_S7_strategy2.npz,8478–13119,FIVE,FIVE,TP
continuous_1550_S7_strategy2.npz,12233–14700,—,MARRIED,FP
continuous_1550_S7_strategy2.npz,13119–17598,NICE TO MEET YOU,NICE TO MEET YOU,TP
continuous_1550_S7_strategy2.npz,17598–22296,DON'T UNDERSTAND,DON’T UNDERSTAND,TP
continuous_1551_S7_strategy2.npz,0–4533,UNDERSTAND,UNDERSTAND,TP
continuous_1551_S7_strategy2.npz,4533–8798,SPAGHETTI,SPAGHETTI,TP
continuous_1551_S7_strategy2.npz,8798–13042,SUNDAY,SUNDAY,TP
continuous_1551_S7_strategy2.npz,13042–17273,TEA,TEA,TP
continuous_1551_S7_strategy2.npz,17133–20000,—,JULY,FP
continuous_1551_S7_strategy2.npz,17273–21338,BLIND,BLIND,TP
continuous_1551_S7_strategy2.npz,21338–25996,SEE YOU TOMORROW,SEE YOU TOMORROW,TP
continuous_1552_S7_strategy2.npz,0–4231,WOMAN,WOMAN,TP
continuous_1552_S7_strategy2.npz,2733–5500,—,ORANGE,FP
continuous_1552_S7_strategy2.npz,4231–8862,UNDERSTAND,UNDERSTAND,TP
continuous_1552_S7_strategy2.npz,8233–11000,—,DON’T UNDERSTAND,FP
continuous_1552_S7_strategy2.npz,8862–13799,WEDNESDAY,WEDNESDAY,TP
continuous_1552_S7_strategy2.npz,13799–18064,BREAD,BREAD,TP
continuous_1552_S7_strategy2.npz,18064–21997,COLD,COLD,TP
continuous_1553_S7_strategy2.npz,0–4231,LIGHT,LIGHT,TP
continuous_1553_S7_strategy2.npz,4231–9168,DECEMBER,DECEMBER,TP
continuous_1553_S7_strategy2.npz,4466–6733,—,APRIL,FP
continuous_1553_S7_strategy2.npz,9168–13907,TEN,TEN,TP
continuous_1553_S7_strategy2.npz,13907–18172,GIRL,GIRL,TP
continuous_1553_S7_strategy2.npz,18172–22686,NICE TO MEET YOU,NICE TO MEET YOU,TP
continuous_1554_S7_strategy2.npz,0–4674,SIX,SIX,TP
continuous_1554_S7_strategy2.npz,2466–4966,—,JUICE,FP
continuous_1554_S7_strategy2.npz,4674–9272,NO,NO,TP
continuous_1554_S7_strategy2.npz,7466–9966,—,JANUARY,FP
continuous_1554_S7_strategy2.npz,9272–13880,MARCH,MARCH,TP
continuous_1554_S7_strategy2.npz,12466–14966,—,NO SUGAR,FP
continuous_1554_S7_strategy2.npz,13880–18111,NO SUGAR,—,FN
continuous_1554_S7_strategy2.npz,14966–17466,—,SUGAR,FP
continuous_1554_S7_strategy2.npz,17466–19966,—,GOOD AFTERNOON,FP
continuous_1554_S7_strategy2.npz,18111–22697,IM FINE,IM FINE,TP
continuous_1555_S7_strategy2.npz,0–4674,NINE,NINE,TP
continuous_1555_S7_strategy2.npz,2633–5300,—,JUICE,FP
continuous_1555_S7_strategy2.npz,4674–9372,SLOW,SLOW,TP
continuous_1555_S7_strategy2.npz,9372–13616,FRIDAY,FRIDAY,TP
continuous_1555_S7_strategy2.npz,13266–15900,—,HOW ARE YOU,FP
continuous_1555_S7_strategy2.npz,13616–18238,HOW ARE YOU,—,FN
continuous_1555_S7_strategy2.npz,15900–18566,—,BREAD,FP
continuous_1555_S7_strategy2.npz,18238–22637,PARENTS,PARENTS,TP
continuous_1555_S7_strategy2.npz,21200–23866,—,MOTHER,FP
continuous_1555_S7_strategy2.npz,22637–26770,WINE,WINE,TP
continuous_1556_S7_strategy2.npz,0–4213,COUSIN,COUSIN,TP
continuous_1556_S7_strategy2.npz,4213–9150,JULY,JULY,TP
continuous_1556_S7_strategy2.npz,7833–10466,—,APRIL,FP
continuous_1556_S7_strategy2.npz,9150–13415,EGG,EGG,TP
continuous_1556_S7_strategy2.npz,13415–17680,DEAF,DEAF,TP
continuous_1556_S7_strategy2.npz,17680–22230,HOW ARE YOU,HOW ARE YOU,TP
continuous_1556_S7_strategy2.npz,22230–26429,BLACK,BLACK,TP
continuous_1557_S7_strategy2.npz,0–4265,SHRIMP,SHRIMP,TP
continuous_1557_S7_strategy2.npz,2600–5233,—,HOW ARE YOU,FP
continuous_1557_S7_strategy2.npz,4265–8598,HOW ARE YOU,—,FN
continuous_1557_S7_strategy2.npz,5233–7833,—,BREAD,FP
continuous_1557_S7_strategy2.npz,7833–10466,—,TOMORROW,FP
continuous_1557_S7_strategy2.npz,8598–12809,TOMORROW,—,FN
continuous_1557_S7_strategy2.npz,10466–13066,—,MILK,FP
continuous_1557_S7_strategy2.npz,12809–16908,DEAF,DEAF,TP
continuous_1557_S7_strategy2.npz,16908–21845,DECEMBER,DECEMBER,TP
continuous_1557_S7_strategy2.npz,21845–26110,JUICE,JUICE,TP
continuous_1558_S7_strategy2.npz,0–4231,FISH,FISH,TP
continuous_1558_S7_strategy2.npz,3000–6000,—,WHITE,FP
continuous_1558_S7_strategy2.npz,4231–8462,VIOLET,VIOLET,TP
continuous_1558_S7_strategy2.npz,8462–13048,YOURE WELCOME,YOURE WELCOME,TP
continuous_1558_S7_strategy2.npz,13048–17346,MARRIED,MARRIED,TP
continuous_1558_S7_strategy2.npz,15066–18066,—,HARD OF HEARING,FP
continuous_1558_S7_strategy2.npz,17346–21378,THREE,THREE,TP
continuous_1559_S7_strategy2.npz,0–4244,SATURDAY,SATURDAY,TP
continuous_1559_S7_strategy2.npz,2900–5833,—,UNCLE,FP
continuous_1559_S7_strategy2.npz,4244–8476,UNCLE,—,FN
continuous_1559_S7_strategy2.npz,5833–8766,—,NO,FP
continuous_1559_S7_strategy2.npz,8476–13170,NICE TO MEET YOU,NICE TO MEET YOU,TP
continuous_1559_S7_strategy2.npz,11700–14633,—,SEPTEMBER,FP
continuous_1559_S7_strategy2.npz,13170–17401,HARD OF HEARING,HARD OF HEARING,TP
continuous_1559_S7_strategy2.npz,17401–21632,JUICE,JUICE,TP
continuous_1559_S7_strategy2.npz,21632–26602,SEPTEMBER,SEPTEMBER,TP
continuous_1560_S7_strategy2.npz,0–4231,BLIND,BLIND,TP
continuous_1560_S7_strategy2.npz,4231–8896,WRONG,WRONG,TP
continuous_1560_S7_strategy2.npz,8896–13174,TOMORROW,TOMORROW,TP
continuous_1560_S7_strategy2.npz,11700–14633,—,TEN,FP
continuous_1560_S7_strategy2.npz,13174–17405,YELLOW,YELLOW,TP
continuous_1560_S7_strategy2.npz,17405–21670,RICE,RICE,TP
continuous_1560_S7_strategy2.npz,21670–26311,THREE,THREE,TP
continuous_1561_S7_strategy2.npz,0–4698,WRONG,WRONG,TP
continuous_1561_S7_strategy2.npz,2400–4800,—,SPAGHETTI,FP
continuous_1561_S7_strategy2.npz,4698–8963,CRAB,CRAB,TP
continuous_1561_S7_strategy2.npz,7200–9600,—,THREE,FP
continuous_1561_S7_strategy2.npz,8963–13604,THREE,—,FN
continuous_1561_S7_strategy2.npz,9600–12000,—,NO,FP
continuous_1561_S7_strategy2.npz,13604–17835,GIRL,GIRL,TP
continuous_1561_S7_strategy2.npz,16833–19233,—,PINK,FP
continuous_1561_S7_strategy2.npz,17835–22278,SEE YOU TOMORROW,SEE YOU TOMORROW,TP
continuous_1561_S7_strategy2.npz,22278–26710,VIOLET,VIOLET,TP
continuous_1562_S7_strategy2.npz,0–4231,SHRIMP,SHRIMP,TP
continuous_1562_S7_strategy2.npz,2833–5700,—,DECEMBER,FP
continuous_1562_S7_strategy2.npz,4231–8397,DECEMBER,—,FN
continuous_1562_S7_strategy2.npz,8397–12643,GRANDFATHER,GRANDFATHER,TP
continuous_1562_S7_strategy2.npz,12643–16642,NINE,NINE,TP
continuous_1562_S7_strategy2.npz,16642–21013,GOOD EVENING,GOOD EVENING,TP
continuous_1562_S7_strategy2.npz,21013–25983,TUESDAY,TUESDAY,TP
continuous_1563_S7_strategy2.npz,0–4231,GIRL,GIRL,TP
continuous_1563_S7_strategy2.npz,4231–8430,FRIDAY,FRIDAY,TP
continuous_1563_S7_strategy2.npz,8430–12909,THANK YOU,THANK YOU,TP
continuous_1563_S7_strategy2.npz,12909–17174,HOT,HOT,TP
continuous_1563_S7_strategy2.npz,15900–19100,—,PINK,FP
continuous_1563_S7_strategy2.npz,17174–21439,SHRIMP,SHRIMP,TP
continuous_1563_S7_strategy2.npz,21439–25738,MOTHER,MOTHER,TP
continuous_1564_S7_strategy2.npz,0–4231,TEA,TEA,TP
continuous_1564_S7_strategy2.npz,2166–4366,—,GOOD AFTERNOON,FP
continuous_1564_S7_strategy2.npz,4231–8839,NINE,NINE,TP
continuous_1564_S7_strategy2.npz,6566–8733,—,SIX,FP
continuous_1564_S7_strategy2.npz,8839–12904,DEAF,DEAF,TP
continuous_1564_S7_strategy2.npz,12904–17669,PARENTS,PARENTS,TP
continuous_1564_S7_strategy2.npz,15300–19700,—,MOTHER,FP
continuous_1564_S7_strategy2.npz,17669–21934,PINK,PINK,TP
continuous_1564_S7_strategy2.npz,21866–24066,—,MILK,FP
continuous_1564_S7_strategy2.npz,21934–26212,TOMORROW,TOMORROW,TP
continuous_1565_S7_strategy2.npz,0–4707,FAST,FAST,TP
continuous_1565_S7_strategy2.npz,2533–5100,—,SPAGHETTI,FP
continuous_1565_S7_strategy2.npz,4707–8972,CRAB,CRAB,TP
continuous_1565_S7_strategy2.npz,7666–10200,—,MILK,FP
continuous_1565_S7_strategy2.npz,8972–13237,WINE,WINE,TP
continuous_1565_S7_strategy2.npz,13237–17502,LIGHT,LIGHT,TP
continuous_1565_S7_strategy2.npz,17502–21748,AUNTIE,AUNTIE,TP
continuous_1565_S7_strategy2.npz,20433–23000,—,TOMORROW,FP
continuous_1565_S7_strategy2.npz,21748–25992,TOMORROW,—,FN
continuous_1565_S7_strategy2.npz,23000–25533,—,TEN,FP
continuous_1565_S7_strategy2.npz,25533–28100,—,DEAF,FP
continuous_1565_S7_strategy2.npz,25992–30567,TWO,TWO,TP
continuous_1566_S7_strategy2.npz,0–4443,YOURE WELCOME,YOURE WELCOME,TP
continuous_1566_S7_strategy2.npz,2966–5966,—,DEAF,FP
continuous_1566_S7_strategy2.npz,4443–8742,DEAF,—,FN
continuous_1566_S7_strategy2.npz,8742–12907,SPAGHETTI,SPAGHETTI,TP
continuous_1566_S7_strategy2.npz,12907–16939,FIVE,FIVE,TP
continuous_1566_S7_strategy2.npz,16939–21570,WRONG,WRONG,TP
continuous_1566_S7_strategy2.npz,21570–25835,SUGAR,SUGAR,TP
continuous_1566_S7_strategy2.npz,25835–30134,FRIDAY,FRIDAY,TP
continuous_1567_S7_strategy2.npz,0–4550,GOOD EVENING,GOOD EVENING,TP
continuous_1567_S7_strategy2.npz,2500–7500,—,BEER,FP
continuous_1567_S7_strategy2.npz,4550–8781,JUICE,JUICE,TP
continuous_1567_S7_strategy2.npz,8781–13718,MONDAY,MONDAY,TP
continuous_1567_S7_strategy2.npz,12533–15033,—,NO,FP
continuous_1567_S7_strategy2.npz,13718–18523,JANUARY,JANUARY,TP
continuous_1567_S7_strategy2.npz,18523–22788,MAN,MAN,TP
continuous_1568_S7_strategy2.npz,0–4000,IM FINE,IM FINE,TP
continuous_1568_S7_strategy2.npz,2300–4633,—,DEAF,FP
continuous_1568_S7_strategy2.npz,4000–8698,FAST,FAST,TP
continuous_1568_S7_strategy2.npz,6966–9300,—,ONE,FP
continuous_1568_S7_strategy2.npz,8698–12909,MOTHER,MOTHER,TP
continuous_1568_S7_strategy2.npz,12909–17140,TEA,TEA,TP
continuous_1568_S7_strategy2.npz,16300–18633,—,LONGANISA,FP
continuous_1568_S7_strategy2.npz,17140–21371,WEELCHAIR PERSON,WEELCHAIR PERSON,TP
continuous_1568_S7_strategy2.npz,20966–23300,—,HOT,FP
continuous_1568_S7_strategy2.npz,21371–25602,BLACK,BLACK,TP
continuous_1568_S7_strategy2.npz,25602–30243,FEBRUARY,FEBRUARY,TP
continuous_1569_S7_strategy2.npz,0–4244,SATURDAY,SATURDAY,TP
continuous_1569_S7_strategy2.npz,4244–8909,NO,NO,TP
continuous_1569_S7_strategy2.npz,8909–13155,PARENTS,PARENTS,TP
continuous_1569_S7_strategy2.npz,13155–17420,MARRIED,MARRIED,TP
continuous_1569_S7_strategy2.npz,17420–22357,DECEMBER,DECEMBER,TP
continuous_1569_S7_strategy2.npz,22357–26523,COFFEE,COFFEE,TP
continuous_1570_S7_strategy2.npz,0–4300,KNOW,KNOW,TP
continuous_1570_S7_strategy2.npz,4300–8511,SUNDAY,SUNDAY,TP
continuous_1570_S7_strategy2.npz,8511–12742,HOT,HOT,TP
continuous_1570_S7_strategy2.npz,12742–17449,NINE,NINE,TP
continuous_1570_S7_strategy2.npz,15133–17666,—,EIGHT,FP
continuous_1570_S7_strategy2.npz,17449–21714,DEAF BLIND,DEAF BLIND,TP
continuous_1570_S7_strategy2.npz,21714–26300,THANK YOU,THANK YOU,TP
continuous_1570_S7_strategy2.npz,26300–30531,SPAGHETTI,SPAGHETTI,TP
continuous_1571_S7_strategy2.npz,0–4265,NO SUGAR,NO SUGAR,TP
continuous_1571_S7_strategy2.npz,2433–7366,—,SUGAR,FP
continuous_1571_S7_strategy2.npz,4265–8774,FIVE,FIVE,TP
continuous_1571_S7_strategy2.npz,8774–13546,JANUARY,JANUARY,TP
continuous_1571_S7_strategy2.npz,13546–17812,WEELCHAIR PERSON,WEELCHAIR PERSON,TP
continuous_1571_S7_strategy2.npz,17812–22043,SHRIMP,SHRIMP,TP
continuous_1572_S7_strategy2.npz,0–4265,SPAGHETTI,SPAGHETTI,TP
continuous_1572_S7_strategy2.npz,2966–5933,—,COLD,FP
continuous_1572_S7_strategy2.npz,4265–8530,DEAF BLIND,DEAF BLIND,TP
continuous_1572_S7_strategy2.npz,8530–13269,TEN,TEN,TP
continuous_1572_S7_strategy2.npz,11866–14833,—,FAST,FP
continuous_1572_S7_strategy2.npz,13269–17369,FAST,—,FN
continuous_1572_S7_strategy2.npz,14833–17800,—,JANUARY,FP
continuous_1572_S7_strategy2.npz,17369–22339,JULY,JULY,TP
continuous_1572_S7_strategy2.npz,22339–26617,YESTERDAY,YESTERDAY,TP
continuous_1573_S7_strategy2.npz,0–4032,BREAD,BREAD,TP
continuous_1573_S7_strategy2.npz,4032–8097,VIOLET,VIOLET,TP
continuous_1573_S7_strategy2.npz,8097–12928,DON'T UNDERSTAND,DON’T UNDERSTAND,TP
continuous_1573_S7_strategy2.npz,12928–17159,DEAF,DEAF,TP
continuous_1573_S7_strategy2.npz,17159–21668,TEN,TEN,TP
continuous_1573_S7_strategy2.npz,21668–25912,YESTERDAY,YESTERDAY,TP
continuous_1574_S7_strategy2.npz,0–4299,GOOD EVENING,GOOD EVENING,TP
continuous_1574_S7_strategy2.npz,4299–8564,SHRIMP,SHRIMP,TP
continuous_1574_S7_strategy2.npz,8564–13238,JANUARY,JANUARY,TP
continuous_1574_S7_strategy2.npz,13238–17503,HOT,HOT,TP
continuous_1574_S7_strategy2.npz,17503–21716,AUNTIE,AUNTIE,TP
continuous_1574_S7_strategy2.npz,21716–25960,SATURDAY,SATURDAY,TP
continuous_1575_S7_strategy2.npz,0–4231,NO SUGAR,NO SUGAR,TP
continuous_1575_S7_strategy2.npz,2433–4866,—,SUGAR,FP
continuous_1575_S7_strategy2.npz,4231–8817,GOOD MORNING,GOOD MORNING,TP
continuous_1575_S7_strategy2.npz,7333–9766,—,HARD OF HEARING,FP
continuous_1575_S7_strategy2.npz,8817–13082,DEAF,DEAF,TP
continuous_1575_S7_strategy2.npz,13082–18019,DECEMBER,DECEMBER,TP
continuous_1575_S7_strategy2.npz,17133–19566,—,GREEN,FP
continuous_1575_S7_strategy2.npz,18019–22284,FISH,FISH,TP
continuous_1576_S7_strategy2.npz,0–4244,MOTHER,MOTHER,TP
continuous_1576_S7_strategy2.npz,4244–9181,WEDNESDAY,WEDNESDAY,TP
continuous_1576_S7_strategy2.npz,8233–10966,—,RICE,FP
continuous_1576_S7_strategy2.npz,9181–13446,RICE,—,FN
continuous_1576_S7_strategy2.npz,10966–13700,—,MEAT,FP
continuous_1576_S7_strategy2.npz,13446–17677,MARRIED,MARRIED,TP
continuous_1576_S7_strategy2.npz,17677–22191,GOOD AFTERNOON,GOOD AFTERNOON,TP
continuous_1577_S7_strategy2.npz,0–4622,HELLO,HELLO,TP
continuous_1577_S7_strategy2.npz,3000–6033,—,DAUGHTER,FP
continuous_1577_S7_strategy2.npz,4622–8868,DAUGHTER,—,FN
continuous_1577_S7_strategy2.npz,8868–13133,WHITE,WHITE,TP
continuous_1577_S7_strategy2.npz,12066–15100,—,SUNDAY,FP
continuous_1577_S7_strategy2.npz,13133–17411,SUNDAY,—,FN
continuous_1577_S7_strategy2.npz,15100–18133,—,MARCH,FP
continuous_1577_S7_strategy2.npz,17411–22085,MARCH,—,FN
continuous_1577_S7_strategy2.npz,18133–21133,—,DEAF,FP
continuous_1577_S7_strategy2.npz,22085–26218,FAST,FAST,TP
continuous_1577_S7_strategy2.npz,26218–30449,COLD,COLD,TP
continuous_1578_S7_strategy2.npz,0–4211,FATHER,FATHER,TP
continuous_1578_S7_strategy2.npz,2766–5566,—,FRIDAY,FP
continuous_1578_S7_strategy2.npz,4211–8449,FRIDAY,—,FN
continuous_1578_S7_strategy2.npz,5566–8333,—,WRONG,FP
continuous_1578_S7_strategy2.npz,8449–13156,APRIL,APRIL,TP
continuous_1578_S7_strategy2.npz,13156–17742,GOOD MORNING,GOOD MORNING,TP
continuous_1578_S7_strategy2.npz,17742–22481,SIX,SIX,TP
continuous_1579_S7_strategy2.npz,0–4265,GRAY,GRAY,TP
continuous_1579_S7_strategy2.npz,2266–4533,—,GOOD AFTERNOON,FP
continuous_1579_S7_strategy2.npz,4265–8972,SEVEN,SEVEN,TP
continuous_1579_S7_strategy2.npz,8972–13909,JULY,JULY,TP
continuous_1579_S7_strategy2.npz,9066–11333,—,APRIL,FP
continuous_1579_S7_strategy2.npz,13909–18122,GRANDMOTHER,GRANDMOTHER,TP
continuous_1579_S7_strategy2.npz,18122–22636,HOW ARE YOU,HOW ARE YOU,TP
continuous_1579_S7_strategy2.npz,22636–27467,WRONG,WRONG,TP
continuous_1579_S7_strategy2.npz,22700–24966,—,SHRIMP,FP
continuous_1580_S7_strategy2.npz,0–4622,SEE YOU TOMORROW,SEE YOU TOMORROW,TP
continuous_1580_S7_strategy2.npz,4622–8687,DARK,DARK,TP
continuous_1580_S7_strategy2.npz,8687–12918,HOT,HOT,TP
continuous_1580_S7_strategy2.npz,12918–17083,APRIL,APRIL,TP
continuous_1580_S7_strategy2.npz,16166–18466,—,TUESDAY,FP
continuous_1580_S7_strategy2.npz,17083–21790,FAST,FAST,TP
continuous_1580_S7_strategy2.npz,20766–23100,—,SHRIMP,FP
continuous_1580_S7_strategy2.npz,21790–26055,SPAGHETTI,SPAGHETTI,TP
continuous_1580_S7_strategy2.npz,25400–27700,—,FISH,FP
continuous_1580_S7_strategy2.npz,26055–30268,GRANDMOTHER,GRANDMOTHER,TP
continuous_1581_S7_strategy2.npz,0–4898,SLOW,SLOW,TP
continuous_1581_S7_strategy2.npz,4898–9129,MEAT,MEAT,TP
continuous_1581_S7_strategy2.npz,9129–13394,GREEN,GREEN,TP
continuous_1581_S7_strategy2.npz,13394–17660,HOT,HOT,TP
continuous_1581_S7_strategy2.npz,17660–22630,SEPTEMBER,SEPTEMBER,TP
continuous_1582_S7_strategy2.npz,0–4199,LIGHT,LIGHT,TP
continuous_1582_S7_strategy2.npz,2200–4400,—,SUNDAY,FP
continuous_1582_S7_strategy2.npz,4199–8464,GIRL,GIRL,TP
continuous_1582_S7_strategy2.npz,6600–8800,—,HARD OF HEARING,FP
continuous_1582_S7_strategy2.npz,8464–12708,MOTHER,MOTHER,TP
continuous_1582_S7_strategy2.npz,11033–13233,—,TOMORROW,FP
continuous_1582_S7_strategy2.npz,12708–16907,GOOD AFTERNOON,GOOD AFTERNOON,TP
continuous_1582_S7_strategy2.npz,15433–19833,—,EIGHT,FP
continuous_1582_S7_strategy2.npz,16907–21877,SEPTEMBER,SEPTEMBER,TP
continuous_1582_S7_strategy2.npz,21877–26551,TEN,TEN,TP
continuous_1582_S7_strategy2.npz,26551–30816,CRAB,CRAB,TP
continuous_1583_S7_strategy2.npz,0–4264,IM FINE,IM FINE,TP
continuous_1583_S7_strategy2.npz,4264–8429,YELLOW,YELLOW,TP
continuous_1583_S7_strategy2.npz,7133–9500,—,BEER,FP
continuous_1583_S7_strategy2.npz,8429–12660,BEER,—,FN
continuous_1583_S7_strategy2.npz,9500–11900,—,TWO,FP
continuous_1583_S7_strategy2.npz,12660–16859,JANUARY,JANUARY,TP
continuous_1583_S7_strategy2.npz,16859–21664,ONE,ONE,TP
continuous_1584_S7_strategy2.npz,0–4244,MOTHER,MOTHER,TP
continuous_1584_S7_strategy2.npz,2433–4866,—,BLUE,FP
continuous_1584_S7_strategy2.npz,4244–8509,BLUE,—,FN
continuous_1584_S7_strategy2.npz,4866–7333,—,APRIL,FP
continuous_1584_S7_strategy2.npz,7333–9766,—,AUGUST,FP
continuous_1584_S7_strategy2.npz,8509–13479,AUGUST,—,FN
continuous_1584_S7_strategy2.npz,9766–14666,—,JANUARY,FP
continuous_1584_S7_strategy2.npz,13479–17993,YOURE WELCOME,YOURE WELCOME,TP
continuous_1584_S7_strategy2.npz,17133–19566,—,GOOD EVENING,FP
continuous_1584_S7_strategy2.npz,17993–22258,BEER,BEER,TP
continuous_1585_S7_strategy2.npz,0–4479,HOW ARE YOU,HOW ARE YOU,TP
continuous_1585_S7_strategy2.npz,4479–9449,MONDAY,MONDAY,TP
continuous_1585_S7_strategy2.npz,8366–11166,—,YES,FP
continuous_1585_S7_strategy2.npz,9449–14057,TEN,TEN,TP
continuous_1585_S7_strategy2.npz,14057–18289,CHICKEN,CHICKEN,TP
continuous_1585_S7_strategy2.npz,16766–19566,—,PARENTS,FP
continuous_1585_S7_strategy2.npz,18289–22520,COFFEE,COFFEE,TP
continuous_1585_S7_strategy2.npz,22520–26719,WHITE,WHITE,TP
continuous_1585_S7_strategy2.npz,25166–27966,—,MILK,FP
continuous_1585_S7_strategy2.npz,26719–30985,UNDERSTAND,UNDERSTAND,TP
continuous_1586_S7_strategy2.npz,0–4598,YES,YES,TP
continuous_1586_S7_strategy2.npz,2900–5833,—,GOOD AFTERNOON,FP
continuous_1586_S7_strategy2.npz,4598–9403,SIX,SIX,TP
continuous_1586_S7_strategy2.npz,8766–11666,—,GRANDMOTHER,FP
continuous_1586_S7_strategy2.npz,9403–13868,GRANDMOTHER,—,FN
continuous_1586_S7_strategy2.npz,13868–17800,MAY,MAY,TP
continuous_1586_S7_strategy2.npz,17800–22279,HOW ARE YOU,HOW ARE YOU,TP
continuous_1586_S7_strategy2.npz,22279–26544,CHICKEN,CHICKEN,TP
continuous_1587_S7_strategy2.npz,0–4641,FEBRUARY,FEBRUARY,TP
continuous_1587_S7_strategy2.npz,3133–6300,—,JUICE,FP
continuous_1587_S7_strategy2.npz,4641–9306,CORRECT,CORRECT,TP
continuous_1587_S7_strategy2.npz,9306–13571,GIRL,GIRL,TP
continuous_1587_S7_strategy2.npz,13571–17803,BROWN,BROWN,TP
continuous_1587_S7_strategy2.npz,17803–22068,CHICKEN,CHICKEN,TP
continuous_1588_S7_strategy2.npz,0–4265,BLIND,BLIND,TP
continuous_1588_S7_strategy2.npz,4265–8496,GRAY,GRAY,TP
continuous_1588_S7_strategy2.npz,8496–13137,TWO,TWO,TP
continuous_1588_S7_strategy2.npz,13137–17827,CORRECT,CORRECT,TP
continuous_1588_S7_strategy2.npz,17827–22797,TUESDAY,TUESDAY,TP
continuous_1589_S7_strategy2.npz,0–4674,TWO,TWO,TP
continuous_1589_S7_strategy2.npz,2866–5733,—,DEAF,FP
continuous_1589_S7_strategy2.npz,4674–8905,DEAF BLIND,DEAF BLIND,TP
continuous_1589_S7_strategy2.npz,8905–13136,FISH,FISH,TP
continuous_1589_S7_strategy2.npz,13136–17335,COFFEE,—,FN
continuous_1589_S7_strategy2.npz,14366–17233,—,WHITE,FP
continuous_1589_S7_strategy2.npz,17233–20100,—,COFFEE,FP
continuous_1589_S7_strategy2.npz,17335–21579,YESTERDAY,YESTERDAY,TP
continuous_1589_S7_strategy2.npz,21579–25811,PINK,PINK,TP
continuous_1590_S7_strategy2.npz,0–4065,GIRL,GIRL,TP
continuous_1590_S7_strategy2.npz,4065–8330,MEAT,MEAT,TP
continuous_1590_S7_strategy2.npz,8330–12574,SATURDAY,SATURDAY,TP
continuous_1590_S7_strategy2.npz,12574–17172,CORRECT,CORRECT,TP
continuous_1590_S7_strategy2.npz,17172–21404,MARCH,MARCH,TP
continuous_1591_S7_strategy2.npz,0–4231,VIOLET,VIOLET,TP
continuous_1591_S7_strategy2.npz,4231–9102,MAY,MAY,TP
continuous_1591_S7_strategy2.npz,9102–13616,THANK YOU,THANK YOU,TP
continuous_1591_S7_strategy2.npz,13616–17860,SUNDAY,SUNDAY,TP
continuous_1591_S7_strategy2.npz,17860–21926,TEA,TEA,TP
continuous_1591_S7_strategy2.npz,20133–23000,—,NICE TO MEET YOU,FP
continuous_1591_S7_strategy2.npz,21926–26204,FATHER,FATHER,TP
continuous_1592_S7_strategy2.npz,0–4265,BOY,BOY,TP
continuous_1592_S7_strategy2.npz,4265–8963,NO,NO,TP
continuous_1592_S7_strategy2.npz,8963–13194,BLUE,BLUE,TP
continuous_1592_S7_strategy2.npz,11866–14833,—,GOOD EVENING,FP
continuous_1592_S7_strategy2.npz,13194–17780,GOOD EVENING,—,FN
continuous_1592_S7_strategy2.npz,14833–20766,—,BEER,FP
continuous_1592_S7_strategy2.npz,17780–22717,MAY,MAY,TP
continuous_1592_S7_strategy2.npz,22717–26982,SUGAR,SUGAR,TP
continuous_1593_S7_strategy2.npz,0–4739,FOUR,FOUR,TP
continuous_1593_S7_strategy2.npz,2433–4866,—,GOOD EVENING,FP
continuous_1593_S7_strategy2.npz,4739–9468,YOURE WELCOME,YOURE WELCOME,TP
continuous_1593_S7_strategy2.npz,7300–9733,—,YESTERDAY,FP
continuous_1593_S7_strategy2.npz,9468–13733,GIRL,GIRL,TP
continuous_1593_S7_strategy2.npz,12200–14633,—,BOY,FP
continuous_1593_S7_strategy2.npz,13733–17979,PARENTS,PARENTS,TP
continuous_1593_S7_strategy2.npz,17979–22210,SPAGHETTI,SPAGHETTI,TP
continuous_1594_S7_strategy2.npz,0–4231,GRAY,GRAY,TP
continuous_1594_S7_strategy2.npz,3333–6666,—,WRONG,FP
continuous_1594_S7_strategy2.npz,4231–9162,WRONG,—,FN
continuous_1594_S7_strategy2.npz,6666–10000,—,COFFEE,FP
continuous_1594_S7_strategy2.npz,9162–13427,COFFEE,—,FN
continuous_1594_S7_strategy2.npz,10000–13333,—,JUICE,FP
continuous_1594_S7_strategy2.npz,13427–17673,UNCLE,UNCLE,TP
continuous_1594_S7_strategy2.npz,17673–21938,WOMAN,WOMAN,TP
continuous_1594_S7_strategy2.npz,21938–26612,FOUR,FOUR,TP
continuous_1595_S7_strategy2.npz,0–4132,DARK,DARK,TP
continuous_1595_S7_strategy2.npz,2766–5566,—,SLOW,FP
continuous_1595_S7_strategy2.npz,4132–8265,SLOW,—,FN
continuous_1595_S7_strategy2.npz,5566–8366,—,LONGANISA,FP
continuous_1595_S7_strategy2.npz,8265–12397,SATURDAY,SATURDAY,TP
continuous_1595_S7_strategy2.npz,12397–16596,THREE,THREE,TP
continuous_1595_S7_strategy2.npz,16596–20842,SON,SON,TP
continuous_1595_S7_strategy2.npz,19500–22300,—,DAUGHTER,FP
continuous_1595_S7_strategy2.npz,20842–25073,COFFEE,COFFEE,TP
continuous_1596_S7_strategy2.npz,0–4066,SEE YOU TOMORROW,SEE YOU TOMORROW,TP
continuous_1596_S7_strategy2.npz,4066–8297,HOT,HOT,TP
continuous_1596_S7_strategy2.npz,8297–12496,DON'T UNDERSTAND,DON’T UNDERSTAND,TP
continuous_1596_S7_strategy2.npz,12496–16768,FRIDAY,FRIDAY,TP
continuous_1596_S7_strategy2.npz,16768–20999,BLACK,BLACK,TP
continuous_1596_S7_strategy2.npz,20200–23100,—,AUNTIE,FP
continuous_1596_S7_strategy2.npz,20999–25936,OCTOBER,OCTOBER,TP
continuous_1597_S7_strategy2.npz,0–4199,THREE,THREE,TP
continuous_1597_S7_strategy2.npz,4199–8231,MARRIED,MARRIED,TP
continuous_1597_S7_strategy2.npz,8231–12477,PARENTS,PARENTS,TP
continuous_1597_S7_strategy2.npz,12477–16810,GOOD MORNING,GOOD MORNING,TP
continuous_1597_S7_strategy2.npz,16810–21041,LONGANISA,LONGANISA,TP
continuous_1598_S7_strategy2.npz,0–4970,TUESDAY,TUESDAY,TP
continuous_1598_S7_strategy2.npz,2833–5666,—,AUNTIE,FP
continuous_1598_S7_strategy2.npz,4970–9216,COUSIN,COUSIN,TP
continuous_1598_S7_strategy2.npz,9216–13447,MEAT,MEAT,TP
continuous_1598_S7_strategy2.npz,13447–17380,NO SUGAR,NO SUGAR,TP
continuous_1598_S7_strategy2.npz,17380–22245,SLOW,SLOW,TP
continuous_1598_S7_strategy2.npz,22245–26952,NINE,NINE,TP
continuous_1598_S7_strategy2.npz,26952–31183,VIOLET,VIOLET,TP
continuous_1599_S7_strategy2.npz,0–4550,GOOD AFTERNOON,GOOD AFTERNOON,TP
continuous_1599_S7_strategy2.npz,4550–8815,DEAF,—,FN
continuous_1599_S7_strategy2.npz,6866–11466,—,DEAF,FP
continuous_1599_S7_strategy2.npz,8815–10493,APRIL,—,FN
continuous_1599_S7_strategy2.npz,10493–14724,BLACK,BLACK,TP
continuous_1599_S7_strategy2.npz,11466–13766,—,GOOD EVENING,FP
continuous_1599_S7_strategy2.npz,14724–18955,SHRIMP,SHRIMP,TP
continuous_1599_S7_strategy2.npz,18955–23199,FATHER,FATHER,TP