Transformer,,,,
File Name,Frame Range,Ground Truth Category,Predicted Category,Match Status
continuous_0001_S4_strategy2.npz,0–4065,DRINK,DRINK,TP
continuous_0001_S4_strategy2.npz,4065–8430,GREETING,GREETING,TP
continuous_0001_S4_strategy2.npz,8430–13129,DAYS,DAYS,TP
continuous_0001_S4_strategy2.npz,13129–17394,SURVIVAL,SURVIVAL,TP
continuous_0001_S4_strategy2.npz,17394–21826,RELATIONSHIPS,RELATIONSHIPS,TP
continuous_0001_S4_strategy2.npz,21166–24200,—,DRINK,FP
continuous_0001_S4_strategy2.npz,21826–26091,FOOD,FOOD,TP
continuous_0001_S4_strategy2.npz,26091–30256,FAMILY,FAMILY,TP
continuous_0002_S4_strategy2.npz,0–4165,SURVIVAL,SURVIVAL,TP
continuous_0002_S4_strategy2.npz,2633–5300,—,RELATIONSHIPS,FP
continuous_0002_S4_strategy2.npz,4165–8364,FOOD,FOOD,TP
continuous_0002_S4_strategy2.npz,8364–12563,CALENDAR,CALENDAR,TP
continuous_0002_S4_strategy2.npz,10633–13300,—,SURVIVAL,FP
continuous_0002_S4_strategy2.npz,12563–16962,GREETING,GREETING,TP
continuous_0002_S4_strategy2.npz,15966–18633,—,GREETING,FP
continuous_0002_S4_strategy2.npz,16962–21292,DAYS,DAYS,TP
continuous_0003_S4_strategy2.npz,0–4265,DAYS,DAYS,TP
continuous_0003_S4_strategy2.npz,4265–8530,FOOD,FOOD,TP
continuous_0003_S4_strategy2.npz,8530–12795,NUMBER,NUMBER,TP
continuous_0003_S4_strategy2.npz,12795–16894,CALENDAR,CALENDAR,TP
continuous_0003_S4_strategy2.npz,16894–21226,COLOR,COLOR,TP
continuous_0003_S4_strategy2.npz,21226–25725,RELATIONSHIPS,RELATIONSHIPS,TP
continuous_0003_S4_strategy2.npz,25725–29025,GREETING,GREETING,TP
continuous_0004_S4_strategy2.npz,0–4199,FAMILY,FAMILY,TP
continuous_0004_S4_strategy2.npz,4199–8431,SURVIVAL,SURVIVAL,TP
continuous_0004_S4_strategy2.npz,8431–12463,CALENDAR,CALENDAR,TP
continuous_0004_S4_strategy2.npz,10566–14066,—,GREETING,FP
continuous_0004_S4_strategy2.npz,12463–16862,GREETING,—,FN
continuous_0004_S4_strategy2.npz,14066–17600,—,COLOR,FP
continuous_0004_S4_strategy2.npz,16862–21127,FOOD,FOOD,TP
continuous_0005_S4_strategy2.npz,0–4399,COLOR,COLOR,TP
continuous_0005_S4_strategy2.npz,4399–8398,FOOD,FOOD,TP
continuous_0005_S4_strategy2.npz,8398–12564,CALENDAR,CALENDAR,TP
continuous_0005_S4_strategy2.npz,10466–13933,—,SURVIVAL,FP
continuous_0005_S4_strategy2.npz,12564–16763,SURVIVAL,—,FN
continuous_0005_S4_strategy2.npz,13933–17433,—,FOOD,FP
continuous_0005_S4_strategy2.npz,16763–20928,GREETING,GREETING,TP
continuous_0006_S4_strategy2.npz,0–4299,FOOD,FOOD,TP
continuous_0006_S4_strategy2.npz,4299–8764,GREETING,GREETING,TP
continuous_0006_S4_strategy2.npz,8764–13163,NUMBER,NUMBER,TP
continuous_0006_S4_strategy2.npz,13163–17528,FAMILY,FAMILY,TP
continuous_0006_S4_strategy2.npz,17528–21860,CALENDAR,CALENDAR,TP
continuous_0006_S4_strategy2.npz,21860–26593,SURVIVAL,SURVIVAL,TP
continuous_0006_S4_strategy2.npz,24100–27533,—,RELATIONSHIPS,FP
continuous_0006_S4_strategy2.npz,26593–30992,COLOR,COLOR,TP
continuous_0007_S4_strategy2.npz,0–4299,DRINK,DRINK,TP
continuous_0007_S4_strategy2.npz,4299–8639,FOOD,FOOD,TP
continuous_0007_S4_strategy2.npz,8639–12738,FAMILY,—,FN
continuous_0007_S4_strategy2.npz,9033–12066,—,FAMILY,FP
continuous_0007_S4_strategy2.npz,12066–15066,—,NUMBER,FP
continuous_0007_S4_strategy2.npz,12738–16904,GREETING,GREETING,TP
continuous_0007_S4_strategy2.npz,16904–21436,NUMBER,NUMBER,TP
continuous_0007_S4_strategy2.npz,21436–25935,RELATIONSHIPS,RELATIONSHIPS,TP
continuous_0007_S4_strategy2.npz,25935–30134,SURVIVAL,SURVIVAL,TP
continuous_0008_S4_strategy2.npz,0–4265,NUMBER,NUMBER,TP
continuous_0008_S4_strategy2.npz,4265–8431,FAMILY,FAMILY,TP
continuous_0008_S4_strategy2.npz,6333–9500,—,GREETING,FP
continuous_0008_S4_strategy2.npz,8431–12630,GREETING,—,FN
continuous_0008_S4_strategy2.npz,12630–16995,CALENDAR,CALENDAR,TP
continuous_0008_S4_strategy2.npz,16995–21060,DAYS,DAYS,TP
continuous_0008_S4_strategy2.npz,21060–25359,FOOD,FOOD,TP
continuous_0009_S4_strategy2.npz,0–4599,DRINK,DRINK,TP
continuous_0009_S4_strategy2.npz,3033–6100,—,FAMILY,FP
continuous_0009_S4_strategy2.npz,4599–8765,FAMILY,FAMILY,TP
continuous_0009_S4_strategy2.npz,8765–12930,CALENDAR,CALENDAR,TP
continuous_0009_S4_strategy2.npz,12930–17295,COLOR,COLOR,TP
continuous_0009_S4_strategy2.npz,17295–21394,FOOD,FOOD,TP
continuous_0010_S4_strategy2.npz,0–4232,DAYS,DAYS,TP
continuous_0010_S4_strategy2.npz,4200–6300,—,CALENDAR,FP
continuous_0010_S4_strategy2.npz,4232–8297,CALENDAR,CALENDAR,TP
continuous_0010_S4_strategy2.npz,8297–12462,FOOD,FOOD,TP
continuous_0010_S4_strategy2.npz,12462–16894,COLOR,COLOR,TP
continuous_0010_S4_strategy2.npz,12633–14733,—,DRINK,FP
continuous_0010_S4_strategy2.npz,16894–21059,FAMILY,FAMILY,TP
continuous_0011_S4_strategy2.npz,0–4532,RELATIONSHIPS,RELATIONSHIPS,TP
continuous_0011_S4_strategy2.npz,4532–8797,GREETING,GREETING,TP
continuous_0011_S4_strategy2.npz,8797–13129,SURVIVAL,SURVIVAL,TP
continuous_0011_S4_strategy2.npz,10866–14500,—,COLOR,FP
continuous_0011_S4_strategy2.npz,13129–17461,COLOR,COLOR,TP
continuous_0011_S4_strategy2.npz,17461–21760,FOOD,FOOD,TP
continuous_0012_S4_strategy2.npz,0–4199,NUMBER,NUMBER,TP
continuous_0012_S4_strategy2.npz,4199–8465,SURVIVAL,SURVIVAL,TP
continuous_0012_S4_strategy2.npz,8465–12497,CALENDAR,CALENDAR,TP
continuous_0012_S4_strategy2.npz,12497–16729,DRINK,DRINK,TP
continuous_0012_S4_strategy2.npz,16729–21061,COLOR,COLOR,TP
continuous_0012_S4_strategy2.npz,21061–25560,RELATIONSHIPS,RELATIONSHIPS,TP
continuous_0012_S4_strategy2.npz,24466–27200,—,RELATIONSHIPS,FP
continuous_0012_S4_strategy2.npz,25560–29924,DAYS,DAYS,TP
continuous_0013_S4_strategy2.npz,0–4465,CALENDAR,CALENDAR,TP
continuous_0013_S4_strategy2.npz,2633–5300,—,CALENDAR,FP
continuous_0013_S4_strategy2.npz,4465–8829,DAYS,DAYS,TP
continuous_0013_S4_strategy2.npz,8829–12928,GREETING,GREETING,TP
continuous_0013_S4_strategy2.npz,12928–17094,RELATIONSHIPS,—,FN
continuous_0013_S4_strategy2.npz,13266–15933,—,DAYS,FP
continuous_0013_S4_strategy2.npz,15933–18600,—,RELATIONSHIPS,FP
continuous_0013_S4_strategy2.npz,17094–21259,NUMBER,NUMBER,TP
continuous_0014_S4_strategy2.npz,0–4232,RELATIONSHIPS,RELATIONSHIPS,TP
continuous_0014_S4_strategy2.npz,4232–8497,FOOD,FOOD,TP
continuous_0014_S4_strategy2.npz,8497–12662,GREETING,GREETING,TP
continuous_0014_S4_strategy2.npz,12662–16186,DAYS,DAYS,TP
continuous_0014_S4_strategy2.npz,16186–20451,SURVIVAL,SURVIVAL,TP
continuous_0014_S4_strategy2.npz,20451–24479,CALENDAR,CALENDAR,TP
continuous_0014_S4_strategy2.npz,24479–28678,NUMBER,NUMBER,TP
continuous_0015_S4_strategy2.npz,0–4466,GREETING,GREETING,TP
continuous_0015_S4_strategy2.npz,4466–8731,FOOD,FOOD,TP
continuous_0015_S4_strategy2.npz,8731–12996,DRINK,DRINK,TP
continuous_0015_S4_strategy2.npz,12996–17161,CALENDAR,CALENDAR,TP
continuous_0015_S4_strategy2.npz,17161–21293,DAYS,DAYS,TP
continuous_0015_S4_strategy2.npz,21293–25625,FAMILY,FAMILY,TP
continuous_0016_S4_strategy2.npz,0–4324,FOOD,FOOD,TP
continuous_0016_S4_strategy2.npz,3033–6100,—,DAYS,FP
continuous_0016_S4_strategy2.npz,4324–8489,NUMBER,NUMBER,TP
continuous_0016_S4_strategy2.npz,8489–12954,COLOR,COLOR,TP
continuous_0016_S4_strategy2.npz,12233–15300,—,COLOR,FP
continuous_0016_S4_strategy2.npz,12954–17186,DRINK,DRINK,TP
continuous_0016_S4_strategy2.npz,17186–21418,DAYS,DAYS,TP
continuous_0017_S4_strategy2.npz,0–4299,FOOD,FOOD,TP
continuous_0017_S4_strategy2.npz,2666–5333,—,DRINK,FP
continuous_0017_S4_strategy2.npz,4299–8464,CALENDAR,CALENDAR,TP
continuous_0017_S4_strategy2.npz,8464–12696,DRINK,COLOR,TP
continuous_0017_S4_strategy2.npz,10666–13333,—,FAMILY,FP
continuous_0017_S4_strategy2.npz,12696–16695,FAMILY,FAMILY,TP
continuous_0017_S4_strategy2.npz,16695–20927,DAYS,DAYS,TP
continuous_0017_S4_strategy2.npz,18666–21333,—,COLOR,FP
continuous_0017_S4_strategy2.npz,20927–25059,GREETING,GREETING,TP
continuous_0017_S4_strategy2.npz,25059–29358,RELATIONSHIPS,RELATIONSHIPS,TP
continuous_0018_S4_strategy2.npz,0–4299,GREETING,GREETING,TP
continuous_0018_S4_strategy2.npz,2700–5400,—,FAMILY,FP
continuous_0018_S4_strategy2.npz,4299–8331,FAMILY,—,FN
continuous_0018_S4_strategy2.npz,5400–8100,—,DRINK,FP
continuous_0018_S4_strategy2.npz,8100–10800,—,RELATIONSHIPS,FP
continuous_0018_S4_strategy2.npz,8331–12596,RELATIONSHIPS,—,FN
continuous_0018_S4_strategy2.npz,10800–13500,—,SURVIVAL,FP
continuous_0018_S4_strategy2.npz,12596–16895,FOOD,FOOD,TP
continuous_0018_S4_strategy2.npz,16895–21127,SURVIVAL,SURVIVAL,TP
continuous_0018_S4_strategy2.npz,21127–25626,COLOR,COLOR,TP
continuous_0018_S4_strategy2.npz,24300–27000,—,CALENDAR,FP
continuous_0018_S4_strategy2.npz,25626–29725,CALENDAR,CALENDAR,TP
continuous_0019_S4_strategy2.npz,0–4166,NUMBER,NUMBER,TP
continuous_0019_S4_strategy2.npz,3200–6433,—,NUMBER,FP
continuous_0019_S4_strategy2.npz,4166–8365,COLOR,COLOR,TP
continuous_0019_S4_strategy2.npz,8365–12597,DAYS,DAYS,TP
continuous_0019_S4_strategy2.npz,12597–17129,RELATIONSHIPS,RELATIONSHIPS,TP
continuous_0019_S4_strategy2.npz,12900–16100,—,RELATIONSHIPS,FP
continuous_0019_S4_strategy2.npz,17129–21394,CALENDAR,CALENDAR,TP
continuous_0019_S4_strategy2.npz,21394–25793,FAMILY,FAMILY,TP
continuous_0020_S4_strategy2.npz,0–3366,RELATIONSHIPS,RELATIONSHIPS,TP
continuous_0020_S4_strategy2.npz,3366–7932,FOOD,FOOD,TP
continuous_0020_S4_strategy2.npz,7932–12097,FAMILY,FAMILY,TP
continuous_0020_S4_strategy2.npz,12097–16229,SURVIVAL,SURVIVAL,TP
continuous_0020_S4_strategy2.npz,16229–20828,CALENDAR,CALENDAR,TP
continuous_0021_S4_strategy2.npz,0–4165,SURVIVAL,SURVIVAL,TP
continuous_0021_S4_strategy2.npz,3033–6066,—,DRINK,FP
continuous_0021_S4_strategy2.npz,4165–8597,DRINK,—,FN
continuous_0021_S4_strategy2.npz,8597–12929,RELATIONSHIPS,RELATIONSHIPS,TP
continuous_0021_S4_strategy2.npz,12929–17161,COLOR,COLOR,TP
continuous_0021_S4_strategy2.npz,17161–21326,FAMILY,FAMILY,TP
continuous_0022_S4_strategy2.npz,0–4299,COLOR,COLOR,TP
continuous_0022_S4_strategy2.npz,4299–7320,CALENDAR,CALENDAR,TP
continuous_0022_S4_strategy2.npz,7320–11420,GREETING,GREETING,TP
continuous_0022_S4_strategy2.npz,11420–16319,DAYS,DAYS,TP
continuous_0022_S4_strategy2.npz,14666–17600,—,RELATIONSHIPS,FP
continuous_0022_S4_strategy2.npz,16319–20551,RELATIONSHIPS,RELATIONSHIPS,TP
continuous_0023_S4_strategy2.npz,0–4199,COLOR,COLOR,TP
continuous_0023_S4_strategy2.npz,4199–8565,RELATIONSHIPS,RELATIONSHIPS,TP
continuous_0023_S4_strategy2.npz,8565–12022,CALENDAR,—,FN
continuous_0023_S4_strategy2.npz,8900–11866,—,CALENDAR,FP
continuous_0023_S4_strategy2.npz,11866–14833,—,CALENDAR,FP
continuous_0023_S4_strategy2.npz,12022–16287,DRINK,DRINK,TP
continuous_0023_S4_strategy2.npz,16287–20786,NUMBER,NUMBER,TP
continuous_0024_S4_strategy2.npz,0–4266,RELATIONSHIPS,RELATIONSHIPS,TP
continuous_0024_S4_strategy2.npz,2800–5633,—,DAYS,FP
continuous_0024_S4_strategy2.npz,4266–8365,DAYS,—,FN
continuous_0024_S4_strategy2.npz,5633–8466,—,FAMILY,FP
continuous_0024_S4_strategy2.npz,8365–12830,GREETING,GREETING,TP
continuous_0024_S4_strategy2.npz,12830–17029,NUMBER,NUMBER,TP
continuous_0024_S4_strategy2.npz,17029–21195,CALENDAR,CALENDAR,TP
continuous_0024_S4_strategy2.npz,19766–22600,—,CALENDAR,FP
continuous_0024_S4_strategy2.npz,21195–25427,FOOD,FOOD,TP
continuous_0025_S4_strategy2.npz,0–4132,GREETING,GREETING,TP
continuous_0025_S4_strategy2.npz,2833–5700,—,FAMILY,FP
continuous_0025_S4_strategy2.npz,4132–8598,COLOR,COLOR,TP
continuous_0025_S4_strategy2.npz,8598–12797,FOOD,FOOD,TP
continuous_0025_S4_strategy2.npz,12797–16996,FAMILY,—,FN
continuous_0025_S4_strategy2.npz,14300–17166,—,FAMILY,FP
continuous_0025_S4_strategy2.npz,16996–21361,NUMBER,NUMBER,TP
continuous_0025_S4_strategy2.npz,20033–22900,—,COLOR,FP
continuous_0025_S4_strategy2.npz,21361–25760,CALENDAR,CALENDAR,TP
continuous_0026_S4_strategy2.npz,0–4266,NUMBER,NUMBER,TP
continuous_0026_S4_strategy2.npz,3000–6000,—,DAYS,FP
continuous_0026_S4_strategy2.npz,4266–8398,DAYS,—,FN
continuous_0026_S4_strategy2.npz,6000–9000,—,NUMBER,FP
continuous_0026_S4_strategy2.npz,8398–12563,GREETING,GREETING,TP
continuous_0026_S4_strategy2.npz,12563–16795,SURVIVAL,SURVIVAL,TP
continuous_0026_S4_strategy2.npz,15000–18000,—,COLOR,FP
continuous_0026_S4_strategy2.npz,16795–21027,FOOD,FOOD,TP
continuous_0027_S4_strategy2.npz,0–4165,CALENDAR,CALENDAR,TP
continuous_0027_S4_strategy2.npz,4165–8464,FAMILY,FAMILY,TP
continuous_0027_S4_strategy2.npz,8464–12963,DRINK,DRINK,TP
continuous_0027_S4_strategy2.npz,12033–15033,—,DAYS,FP
continuous_0027_S4_strategy2.npz,12963–17228,DAYS,—,FN
continuous_0027_S4_strategy2.npz,15033–18033,—,NUMBER,FP
continuous_0027_S4_strategy2.npz,17228–21560,NUMBER,—,FN
continuous_0027_S4_strategy2.npz,18033–21066,—,NUMBER,FP
continuous_0027_S4_strategy2.npz,21560–25892,GREETING,GREETING,TP
continuous_0027_S4_strategy2.npz,25892–30091,SURVIVAL,SURVIVAL,TP
continuous_0028_S4_strategy2.npz,0–4365,COLOR,COLOR,TP
continuous_0028_S4_strategy2.npz,4365–8497,GREETING,GREETING,TP
continuous_0028_S4_strategy2.npz,8497–12529,FAMILY,FAMILY,TP
continuous_0028_S4_strategy2.npz,12529–17128,RELATIONSHIPS,RELATIONSHIPS,TP
continuous_0028_S4_strategy2.npz,17128–21360,DAYS,DAYS,TP
continuous_0029_S4_strategy2.npz,0–4099,NUMBER,NUMBER,TP
continuous_0029_S4_strategy2.npz,4099–8365,DAYS,DAYS,TP
continuous_0029_S4_strategy2.npz,8365–12564,SURVIVAL,SURVIVAL,TP
continuous_0029_S4_strategy2.npz,10166–13533,—,CALENDAR,FP
continuous_0029_S4_strategy2.npz,12564–16030,CALENDAR,CALENDAR,TP
continuous_0029_S4_strategy2.npz,16030–20329,FOOD,FOOD,TP
continuous_0030_S4_strategy2.npz,0–4266,DRINK,DRINK,TP
continuous_0030_S4_strategy2.npz,3000–6033,—,FOOD,FP
continuous_0030_S4_strategy2.npz,4266–8465,FOOD,—,FN
continuous_0030_S4_strategy2.npz,6033–9066,—,DAYS,FP
continuous_0030_S4_strategy2.npz,8465–12697,DAYS,—,FN
continuous_0030_S4_strategy2.npz,9066–12066,—,FAMILY,FP
continuous_0030_S4_strategy2.npz,12066–15100,—,RELATIONSHIPS,FP
continuous_0030_S4_strategy2.npz,12697–16929,COLOR,COLOR,TP
continuous_0030_S4_strategy2.npz,16929–21161,FAMILY,FAMILY,TP
continuous_0031_S4_strategy2.npz,0–4233,SURVIVAL,SURVIVAL,TP
continuous_0031_S4_strategy2.npz,2666–5333,—,COLOR,FP
continuous_0031_S4_strategy2.npz,4233–8032,GREETING,—,FN
continuous_0031_S4_strategy2.npz,5333–8000,—,GREETING,FP
continuous_0031_S4_strategy2.npz,8000–10666,—,GREETING,FP
continuous_0031_S4_strategy2.npz,8032–12264,COLOR,—,FN
continuous_0031_S4_strategy2.npz,10666–13333,—,COLOR,FP
continuous_0031_S4_strategy2.npz,12264–16496,NUMBER,NUMBER,TP
continuous_0031_S4_strategy2.npz,16000–18666,—,GREETING,FP
continuous_0031_S4_strategy2.npz,16496–20795,RELATIONSHIPS,RELATIONSHIPS,TP
continuous_0031_S4_strategy2.npz,20795–25294,DRINK,DRINK,TP
continuous_0031_S4_strategy2.npz,25294–29356,DAYS,DAYS,TP
continuous_0032_S4_strategy2.npz,0–4399,COLOR,COLOR,TP
continuous_0032_S4_strategy2.npz,4399–8764,GREETING,GREETING,TP
continuous_0032_S4_strategy2.npz,8764–13063,FOOD,FOOD,TP
continuous_0032_S4_strategy2.npz,13063–17328,NUMBER,NUMBER,TP
continuous_0032_S4_strategy2.npz,17328–21527,DAYS,DAYS,TP
continuous_0033_S4_strategy2.npz,0–4232,NUMBER,NUMBER,TP
continuous_0033_S4_strategy2.npz,3033–6066,—,FAMILY,FP
continuous_0033_S4_strategy2.npz,4232–8497,FAMILY,—,FN
continuous_0033_S4_strategy2.npz,8497–12662,DAYS,DAYS,TP
continuous_0033_S4_strategy2.npz,12662–17127,DRINK,DRINK,TP
continuous_0033_S4_strategy2.npz,15200–18233,—,RELATIONSHIPS,FP
continuous_0033_S4_strategy2.npz,17127–21292,SURVIVAL,SURVIVAL,TP
continuous_0034_S4_strategy2.npz,0–4099,GREETING,GREETING,TP
continuous_0034_S4_strategy2.npz,4099–8431,SURVIVAL,SURVIVAL,TP
continuous_0034_S4_strategy2.npz,6200–9300,—,NUMBER,FP
continuous_0034_S4_strategy2.npz,8431–12963,RELATIONSHIPS,RELATIONSHIPS,TP
continuous_0034_S4_strategy2.npz,12433–15533,—,RELATIONSHIPS,FP
continuous_0034_S4_strategy2.npz,12963–17162,NUMBER,—,FN
continuous_0034_S4_strategy2.npz,15533–18633,—,NUMBER,FP
continuous_0034_S4_strategy2.npz,17162–21761,FOOD,FOOD,TP
continuous_0035_S4_strategy2.npz,0–4299,NUMBER,NUMBER,TP
continuous_0035_S4_strategy2.npz,4299–8431,GREETING,GREETING,TP
continuous_0035_S4_strategy2.npz,8431–12697,SURVIVAL,—,FN
continuous_0035_S4_strategy2.npz,10466–13933,—,SURVIVAL,FP
continuous_0035_S4_strategy2.npz,12697–16962,DAYS,DAYS,TP
continuous_0035_S4_strategy2.npz,16962–20928,FAMILY,FAMILY,TP
continuous_0036_S4_strategy2.npz,0–4532,GREETING,GREETING,TP
continuous_0036_S4_strategy2.npz,2966–5966,—,NUMBER,FP
continuous_0036_S4_strategy2.npz,4532–8731,NUMBER,NUMBER,TP
continuous_0036_S4_strategy2.npz,8731–12797,SURVIVAL,SURVIVAL,TP
continuous_0036_S4_strategy2.npz,11966–14966,—,DRINK,FP
continuous_0036_S4_strategy2.npz,12797–17329,RELATIONSHIPS,RELATIONSHIPS,TP
continuous_0036_S4_strategy2.npz,17329–21561,DRINK,DRINK,TP
continuous_0036_S4_strategy2.npz,21561–25802,FOOD,FOOD,TP
continuous_0036_S4_strategy2.npz,25802–29934,CALENDAR,CALENDAR,TP
continuous_0037_S4_strategy2.npz,0–4232,NUMBER,NUMBER,TP
continuous_0037_S4_strategy2.npz,4232–8497,RELATIONSHIPS,RELATIONSHIPS,TP
continuous_0037_S4_strategy2.npz,8497–12662,GREETING,GREETING,TP
continuous_0037_S4_strategy2.npz,11900–14300,—,CALENDAR,FP
continuous_0037_S4_strategy2.npz,12662–17128,COLOR,COLOR,TP
continuous_0037_S4_strategy2.npz,17128–21994,CALENDAR,CALENDAR,TP
continuous_0037_S4_strategy2.npz,19066–23833,—,CALENDAR,FP
continuous_0037_S4_strategy2.npz,21994–26226,SURVIVAL,SURVIVAL,TP
continuous_0038_S4_strategy2.npz,0–4466,COLOR,COLOR,TP
continuous_0038_S4_strategy2.npz,3000–6000,—,COLOR,FP
continuous_0038_S4_strategy2.npz,4466–8765,NUMBER,—,FN
continuous_0038_S4_strategy2.npz,8765–12930,GREETING,GREETING,TP
continuous_0038_S4_strategy2.npz,12930–17129,CALENDAR,CALENDAR,TP
continuous_0038_S4_strategy2.npz,17129–21095,DRINK,DRINK,TP
continuous_0039_S4_strategy2.npz,0–4165,GREETING,GREETING,TP
continuous_0039_S4_strategy2.npz,2700–5433,—,FAMILY,FP
continuous_0039_S4_strategy2.npz,4165–8697,RELATIONSHIPS,RELATIONSHIPS,TP
continuous_0039_S4_strategy2.npz,8697–12962,NUMBER,NUMBER,TP
continuous_0039_S4_strategy2.npz,12962–17394,SURVIVAL,—,FN
continuous_0039_S4_strategy2.npz,16300–19033,—,SURVIVAL,FP
continuous_0039_S4_strategy2.npz,17394–21593,FOOD,FOOD,TP
continuous_0039_S4_strategy2.npz,21593–25559,FAMILY,—,FN
continuous_0039_S4_strategy2.npz,24466–27200,—,FAMILY,FP
continuous_0039_S4_strategy2.npz,25559–29924,DRINK,DRINK,TP
continuous_0040_S4_strategy2.npz,0–4532,RELATIONSHIPS,RELATIONSHIPS,TP
continuous_0040_S4_strategy2.npz,2833–5666,—,DRINK,FP
continuous_0040_S4_strategy2.npz,4532–8831,COLOR,COLOR,TP
continuous_0040_S4_strategy2.npz,8831–12996,DAYS,DAYS,TP
continuous_0040_S4_strategy2.npz,12996–17161,CALENDAR,CALENDAR,TP
continuous_0040_S4_strategy2.npz,17161–21293,FAMILY,FAMILY,TP
continuous_0040_S4_strategy2.npz,19833–22666,—,FAMILY,FP
continuous_0040_S4_strategy2.npz,21293–25492,SURVIVAL,SURVIVAL,TP
continuous_0041_S4_strategy2.npz,0–5299,RELATIONSHIPS,RELATIONSHIPS,TP
continuous_0041_S4_strategy2.npz,5299–9665,SURVIVAL,SURVIVAL,TP
continuous_0041_S4_strategy2.npz,8966–11933,—,NUMBER,FP
continuous_0041_S4_strategy2.npz,9665–13964,DAYS,DAYS,TP
continuous_0041_S4_strategy2.npz,13964–18163,NUMBER,NUMBER,TP
continuous_0041_S4_strategy2.npz,17933–20900,—,FAMILY,FP
continuous_0041_S4_strategy2.npz,18163–22729,FAMILY,FAMILY,TP
continuous_0041_S4_strategy2.npz,22729–26894,GREETING,—,FN
continuous_0041_S4_strategy2.npz,23900–26900,—,GREETING,FP
continuous_0042_S4_strategy2.npz,0–4265,SURVIVAL,SURVIVAL,TP
continuous_0042_S4_strategy2.npz,4265–8530,RELATIONSHIPS,RELATIONSHIPS,TP
continuous_0042_S4_strategy2.npz,8530–12929,CALENDAR,CALENDAR,TP
continuous_0042_S4_strategy2.npz,12929–17261,NUMBER,NUMBER,TP
continuous_0042_S4_strategy2.npz,17261–21658,DAYS,DAYS,TP
continuous_0042_S4_strategy2.npz,21658–25690,FAMILY,FAMILY,TP
continuous_0043_S4_strategy2.npz,0–4364,DAYS,DAYS,TP
continuous_0043_S4_strategy2.npz,2766–5566,—,NUMBER,FP
continuous_0043_S4_strategy2.npz,4364–8396,DRINK,DRINK,TP
continuous_0043_S4_strategy2.npz,8396–12695,CALENDAR,CALENDAR,TP
continuous_0043_S4_strategy2.npz,11133–13900,—,COLOR,FP
continuous_0043_S4_strategy2.npz,12695–16827,COLOR,—,FN
continuous_0043_S4_strategy2.npz,13900–16700,—,RELATIONSHIPS,FP
continuous_0043_S4_strategy2.npz,16827–20992,RELATIONSHIPS,RELATIONSHIPS,TP
continuous_0043_S4_strategy2.npz,19466–22266,—,RELATIONSHIPS,FP
continuous_0043_S4_strategy2.npz,20992–25058,FAMILY,FAMILY,TP
continuous_0044_S4_strategy2.npz,0–4265,FOOD,FOOD,TP
continuous_0044_S4_strategy2.npz,4265–8497,RELATIONSHIPS,RELATIONSHIPS,TP
continuous_0044_S4_strategy2.npz,8497–12663,CALENDAR,CALENDAR,TP
continuous_0044_S4_strategy2.npz,12663–16862,GREETING,GREETING,TP
continuous_0044_S4_strategy2.npz,16862–21128,SURVIVAL,SURVIVAL,TP
continuous_0044_S4_strategy2.npz,21128–25193,FAMILY,—,FN
continuous_0044_S4_strategy2.npz,24300–27000,—,FAMILY,FP
continuous_0044_S4_strategy2.npz,25193–29725,COLOR,COLOR,TP
continuous_0045_S4_strategy2.npz,0–4299,FOOD,FOOD,TP
continuous_0045_S4_strategy2.npz,2933–5866,—,FAMILY,FP
continuous_0045_S4_strategy2.npz,4299–8298,FAMILY,—,FN
continuous_0045_S4_strategy2.npz,5866–8800,—,CALENDAR,FP
continuous_0045_S4_strategy2.npz,8298–12463,CALENDAR,—,FN
continuous_0045_S4_strategy2.npz,8800–11733,—,RELATIONSHIPS,FP
continuous_0045_S4_strategy2.npz,11733–14666,—,RELATIONSHIPS,FP
continuous_0045_S4_strategy2.npz,12463–16762,RELATIONSHIPS,—,FN
continuous_0045_S4_strategy2.npz,16762–20961,DAYS,DAYS,TP
continuous_0045_S4_strategy2.npz,20961–25160,GREETING,GREETING,TP
continuous_0045_S4_strategy2.npz,23466–26400,—,GREETING,FP
continuous_0045_S4_strategy2.npz,25160–29359,SURVIVAL,SURVIVAL,TP
continuous_0046_S4_strategy2.npz,0–4265,RELATIONSHIPS,RELATIONSHIPS,TP
continuous_0046_S4_strategy2.npz,4265–8397,GREETING,GREETING,TP
continuous_0046_S4_strategy2.npz,6600–9900,—,DRINK,FP
continuous_0046_S4_strategy2.npz,8397–12696,DRINK,—,FN
continuous_0046_S4_strategy2.npz,9900–13200,—,COLOR,FP
continuous_0046_S4_strategy2.npz,12696–16961,FOOD,FOOD,TP
continuous_0046_S4_strategy2.npz,16533–19833,—,COLOR,FP
continuous_0046_S4_strategy2.npz,16961–21327,COLOR,COLOR,TP
continuous_0046_S4_strategy2.npz,21327–25559,SURVIVAL,SURVIVAL,TP
continuous_0046_S4_strategy2.npz,25559–29758,DAYS,DAYS,TP
continuous_0047_S4_strategy2.npz,0–4666,FOOD,FOOD,TP
continuous_0047_S4_strategy2.npz,3600–7200,—,CALENDAR,FP
continuous_0047_S4_strategy2.npz,4666–9065,COLOR,COLOR,TP
continuous_0047_S4_strategy2.npz,9065–13330,CALENDAR,CALENDAR,TP
continuous_0047_S4_strategy2.npz,13330–17562,SURVIVAL,SURVIVAL,TP
continuous_0047_S4_strategy2.npz,17562–21661,DRINK,DRINK,TP
continuous_0048_S4_strategy2.npz,0–4299,COLOR,COLOR,TP
continuous_0048_S4_strategy2.npz,4299–8398,DRINK,DRINK,TP
continuous_0048_S4_strategy2.npz,8133–10866,—,SURVIVAL,FP
continuous_0048_S4_strategy2.npz,8398–12663,SURVIVAL,—,FN
continuous_0048_S4_strategy2.npz,12663–16962,NUMBER,NUMBER,TP
continuous_0048_S4_strategy2.npz,16962–21292,CALENDAR,CALENDAR,TP
continuous_0048_S4_strategy2.npz,21292–25658,FOOD,COLOR,TP
continuous_0048_S4_strategy2.npz,25658–29890,FAMILY,FAMILY,TP
continuous_0049_S4_strategy2.npz,0–4099,CALENDAR,CALENDAR,TP
continuous_0049_S4_strategy2.npz,4099–8498,DRINK,DRINK,TP
continuous_0049_S4_strategy2.npz,6000–9000,—,NUMBER,FP
continuous_0049_S4_strategy2.npz,8498–12663,NUMBER,—,FN
continuous_0049_S4_strategy2.npz,9000–12000,—,DAYS,FP
continuous_0049_S4_strategy2.npz,12663–16695,DAYS,DAYS,TP
continuous_0049_S4_strategy2.npz,15000–18000,—,DRINK,FP
continuous_0049_S4_strategy2.npz,16695–20994,RELATIONSHIPS,RELATIONSHIPS,TP
continuous_0050_S4_strategy2.npz,0–4499,RELATIONSHIPS,RELATIONSHIPS,TP
continuous_0050_S4_strategy2.npz,2166–4333,—,FAMILY,FP
continuous_0050_S4_strategy2.npz,4499–8731,NUMBER,NUMBER,TP
continuous_0050_S4_strategy2.npz,8731–13296,COLOR,COLOR,TP
continuous_0050_S4_strategy2.npz,13296–17660,CALENDAR,CALENDAR,TP
continuous_0050_S4_strategy2.npz,17333–19500,—,FAMILY,FP
continuous_0050_S4_strategy2.npz,17660–21659,GREETING,GREETING,TP
continuous_0051_S4_strategy2.npz,0–4466,RELATIONSHIPS,RELATIONSHIPS,TP
continuous_0051_S4_strategy2.npz,2400–4833,—,CALENDAR,FP
continuous_0051_S4_strategy2.npz,4466–8731,CALENDAR,CALENDAR,TP
continuous_0051_S4_strategy2.npz,7233–9666,—,GREETING,FP
continuous_0051_S4_strategy2.npz,8731–13797,GREETING,—,FN
continuous_0051_S4_strategy2.npz,9666–12100,—,RELATIONSHIPS,FP
continuous_0051_S4_strategy2.npz,12100–14500,—,COLOR,FP
continuous_0051_S4_strategy2.npz,13797–18296,DRINK,DRINK,TP
continuous_0051_S4_strategy2.npz,18296–22453,FOOD,FOOD,TP
continuous_0051_S4_strategy2.npz,21766–24200,—,FOOD,FP
continuous_0051_S4_strategy2.npz,22453–26618,DAYS,DAYS,TP
continuous_0052_S4_strategy2.npz,0–4132,SURVIVAL,SURVIVAL,TP
continuous_0052_S4_strategy2.npz,4132–8431,CALENDAR,CALENDAR,TP
continuous_0052_S4_strategy2.npz,7366–11066,—,CALENDAR,FP
continuous_0052_S4_strategy2.npz,8431–12963,DRINK,DRINK,TP
continuous_0052_S4_strategy2.npz,12963–17328,RELATIONSHIPS,RELATIONSHIPS,TP
continuous_0052_S4_strategy2.npz,17328–21493,NUMBER,NUMBER,TP
continuous_0052_S4_strategy2.npz,21493–25858,COLOR,COLOR,TP
continuous_0053_S4_strategy2.npz,0–4399,COLOR,COLOR,TP
continuous_0053_S4_strategy2.npz,4399–8664,NUMBER,NUMBER,TP
continuous_0053_S4_strategy2.npz,6666–10000,—,GREETING,FP
continuous_0053_S4_strategy2.npz,8664–12796,GREETING,—,FN
continuous_0053_S4_strategy2.npz,10000–13333,—,RELATIONSHIPS,FP
continuous_0053_S4_strategy2.npz,12796–17061,RELATIONSHIPS,—,FN
continuous_0053_S4_strategy2.npz,13333–16666,—,SURVIVAL,FP
continuous_0053_S4_strategy2.npz,17061–21293,FAMILY,FAMILY,TP
continuous_0053_S4_strategy2.npz,21293–25492,DAYS,DAYS,TP
continuous_0053_S4_strategy2.npz,25492–29992,SURVIVAL,SURVIVAL,TP
continuous_0054_S4_strategy2.npz,0–4465,COLOR,COLOR,TP
continuous_0054_S4_strategy2.npz,3033–6100,—,CALENDAR,FP
continuous_0054_S4_strategy2.npz,4465–8728,CALENDAR,—,FN
continuous_0054_S4_strategy2.npz,6100–9133,—,FOOD,FP
continuous_0054_S4_strategy2.npz,8728–12894,FOOD,—,FN
continuous_0054_S4_strategy2.npz,9133–12200,—,RELATIONSHIPS,FP
continuous_0054_S4_strategy2.npz,12200–15233,—,NUMBER,FP
continuous_0054_S4_strategy2.npz,12894–17126,NUMBER,—,FN
continuous_0054_S4_strategy2.npz,15233–18300,—,SURVIVAL,FP
continuous_0054_S4_strategy2.npz,17126–21358,GREETING,GREETING,TP
continuous_0055_S4_strategy2.npz,0–4232,DRINK,DRINK,TP
continuous_0055_S4_strategy2.npz,4232–8397,NUMBER,NUMBER,TP
continuous_0055_S4_strategy2.npz,6366–9566,—,DAYS,FP
continuous_0055_S4_strategy2.npz,8397–12529,DAYS,—,FN
continuous_0055_S4_strategy2.npz,12529–16695,CALENDAR,CALENDAR,TP
continuous_0055_S4_strategy2.npz,15966–19166,—,GREETING,FP
continuous_0055_S4_strategy2.npz,16695–20960,GREETING,—,FN
continuous_0055_S4_strategy2.npz,19166–22366,—,FAMILY,FP
continuous_0055_S4_strategy2.npz,20960–25559,RELATIONSHIPS,RELATIONSHIPS,TP
continuous_0056_S4_strategy2.npz,0–4132,COLOR,COLOR,TP
continuous_0056_S4_strategy2.npz,4132–8464,RELATIONSHIPS,RELATIONSHIPS,TP
continuous_0056_S4_strategy2.npz,8464–12929,FOOD,FOOD,TP
continuous_0056_S4_strategy2.npz,12929–17194,SURVIVAL,SURVIVAL,TP
continuous_0056_S4_strategy2.npz,17194–21293,DRINK,DRINK,TP
continuous_0056_S4_strategy2.npz,21293–25525,FAMILY,FAMILY,TP
continuous_0056_S4_strategy2.npz,25525–29657,GREETING,GREETING,TP
continuous_0057_S4_strategy2.npz,0–4199,GREETING,GREETING,TP
continuous_0057_S4_strategy2.npz,2966–5933,—,FAMILY,FP
continuous_0057_S4_strategy2.npz,4199–8431,DRINK,DRINK,TP
continuous_0057_S4_strategy2.npz,8431–12863,RELATIONSHIPS,RELATIONSHIPS,TP
continuous_0057_S4_strategy2.npz,12863–18133,DAYS,DAYS,TP
continuous_0057_S4_strategy2.npz,18133–22498,NUMBER,NUMBER,TP
continuous_0057_S4_strategy2.npz,22498–26697,FAMILY,FAMILY,TP
continuous_0058_S4_strategy2.npz,0–4299,FAMILY,FAMILY,TP
continuous_0058_S4_strategy2.npz,4299–8298,GREETING,GREETING,TP
continuous_0058_S4_strategy2.npz,8298–12664,FOOD,FOOD,TP
continuous_0058_S4_strategy2.npz,12664–16896,DRINK,DRINK,TP
continuous_0058_S4_strategy2.npz,16896–21361,RELATIONSHIPS,RELATIONSHIPS,TP
continuous_0058_S4_strategy2.npz,21361–25560,SURVIVAL,SURVIVAL,TP
continuous_0059_S4_strategy2.npz,0–4199,NUMBER,NUMBER,TP
continuous_0059_S4_strategy2.npz,4199–8431,CALENDAR,CALENDAR,TP
continuous_0059_S4_strategy2.npz,8431–12596,SURVIVAL,SURVIVAL,TP
continuous_0059_S4_strategy2.npz,11333–15133,—,RELATIONSHIPS,FP
continuous_0059_S4_strategy2.npz,12596–17561,RELATIONSHIPS,—,FN
continuous_0059_S4_strategy2.npz,15133–18900,—,GREETING,FP
continuous_0059_S4_strategy2.npz,17561–21726,GREETING,—,FN
continuous_0059_S4_strategy2.npz,21726–26025,DAYS,NUMBER,TP
continuous_0059_S4_strategy2.npz,26025–30257,DRINK,DRINK,TP
continuous_0060_S4_strategy2.npz,0–4199,RELATIONSHIPS,RELATIONSHIPS,TP
continuous_0060_S4_strategy2.npz,4199–8464,SURVIVAL,SURVIVAL,TP
continuous_0060_S4_strategy2.npz,8464–12863,COLOR,COLOR,TP
continuous_0060_S4_strategy2.npz,12863–17062,FAMILY,FAMILY,TP
continuous_0060_S4_strategy2.npz,15333–18400,—,DRINK,FP
continuous_0060_S4_strategy2.npz,17062–21461,FOOD,FOOD,TP
continuous_0061_S4_strategy2.npz,0–4297,CALENDAR,CALENDAR,TP
continuous_0061_S4_strategy2.npz,4297–8529,FAMILY,FAMILY,TP
continuous_0061_S4_strategy2.npz,8529–12728,DAYS,DAYS,TP
continuous_0061_S4_strategy2.npz,8933–11900,—,DAYS,FP
continuous_0061_S4_strategy2.npz,12728–16927,NUMBER,—,FN
continuous_0061_S4_strategy2.npz,14900–17866,—,SURVIVAL,FP
continuous_0061_S4_strategy2.npz,16927–21326,FOOD,FOOD,TP
continuous_0061_S4_strategy2.npz,17866–20833,—,NUMBER,FP
continuous_0061_S4_strategy2.npz,21326–25625,COLOR,COLOR,TP
continuous_0061_S4_strategy2.npz,25625–29790,DRINK,DRINK,TP
continuous_0062_S4_strategy2.npz,0–4099,DRINK,DRINK,TP
continuous_0062_S4_strategy2.npz,4099–8264,FAMILY,FAMILY,TP
continuous_0062_S4_strategy2.npz,6366–9533,—,CALENDAR,FP
continuous_0062_S4_strategy2.npz,8264–12496,CALENDAR,—,FN
continuous_0062_S4_strategy2.npz,12496–16761,NUMBER,NUMBER,TP
continuous_0062_S4_strategy2.npz,16761–21193,GREETING,GREETING,TP
continuous_0062_S4_strategy2.npz,21193–25492,RELATIONSHIPS,RELATIONSHIPS,TP
continuous_0063_S4_strategy2.npz,0–4365,COLOR,COLOR,TP
continuous_0063_S4_strategy2.npz,3266–6533,—,COLOR,FP
continuous_0063_S4_strategy2.npz,4365–8530,DAYS,—,FN
continuous_0063_S4_strategy2.npz,6533–9800,—,GREETING,FP
continuous_0063_S4_strategy2.npz,8530–12895,GREETING,—,FN
continuous_0063_S4_strategy2.npz,9800–13066,—,GREETING,FP
continuous_0063_S4_strategy2.npz,12895–17361,SURVIVAL,SURVIVAL,TP
continuous_0063_S4_strategy2.npz,17361–21560,FOOD,FOOD,TP
continuous_0063_S4_strategy2.npz,21560–26125,DRINK,DRINK,TP
continuous_0064_S4_strategy2.npz,0–4399,COLOR,COLOR,TP
continuous_0064_S4_strategy2.npz,4399–8598,GREETING,GREETING,TP
continuous_0064_S4_strategy2.npz,8598–12797,FAMILY,FAMILY,TP
continuous_0064_S4_strategy2.npz,12797–17262,FOOD,FOOD,TP
continuous_0064_S4_strategy2.npz,17262–21561,NUMBER,NUMBER,TP
continuous_0064_S4_strategy2.npz,20066–23433,—,RELATIONSHIPS,FP
continuous_0064_S4_strategy2.npz,21561–25827,RELATIONSHIPS,—,FN
continuous_0064_S4_strategy2.npz,23433–26766,—,DAYS,FP
continuous_0064_S4_strategy2.npz,25827–30126,DRINK,COLOR,TP
continuous_0065_S4_strategy2.npz,0–4265,FOOD,FOOD,TP
continuous_0065_S4_strategy2.npz,2833–5666,—,COLOR,FP
continuous_0065_S4_strategy2.npz,4265–8730,COLOR,—,FN
continuous_0065_S4_strategy2.npz,5666–8533,—,GREETING,FP
continuous_0065_S4_strategy2.npz,8730–13129,DRINK,DRINK,TP
continuous_0065_S4_strategy2.npz,11366–14200,—,CALENDAR,FP
continuous_0065_S4_strategy2.npz,13129–17294,CALENDAR,—,FN
continuous_0065_S4_strategy2.npz,14200–17066,—,RELATIONSHIPS,FP
continuous_0065_S4_strategy2.npz,17294–21493,DAYS,DAYS,TP
continuous_0065_S4_strategy2.npz,19900–22733,—,FAMILY,FP
continuous_0065_S4_strategy2.npz,21493–25592,FAMILY,FAMILY,TP
continuous_0066_S4_strategy2.npz,0–3166,—,DRINK,FP
continuous_0066_S4_strategy2.npz,0–4799,DRINK,—,FN
continuous_0066_S4_strategy2.npz,3166–6366,—,NUMBER,FP
continuous_0066_S4_strategy2.npz,4799–8831,NUMBER,NUMBER,TP
continuous_0066_S4_strategy2.npz,8831–12930,CALENDAR,CALENDAR,TP
continuous_0066_S4_strategy2.npz,12733–15933,—,RELATIONSHIPS,FP
continuous_0066_S4_strategy2.npz,12930–17162,GREETING,GREETING,TP
continuous_0066_S4_strategy2.npz,17162–21328,SURVIVAL,SURVIVAL,TP
continuous_0066_S4_strategy2.npz,21328–25493,DAYS,DAYS,TP
continuous_0067_S4_strategy2.npz,0–4266,SURVIVAL,SURVIVAL,TP
continuous_0067_S4_strategy2.npz,2533–5100,—,DRINK,FP
continuous_0067_S4_strategy2.npz,4266–8532,DRINK,—,FN
continuous_0067_S4_strategy2.npz,5100–7633,—,RELATIONSHIPS,FP
continuous_0067_S4_strategy2.npz,8532–12797,GREETING,GREETING,TP
continuous_0067_S4_strategy2.npz,12797–16929,NUMBER,NUMBER,TP
continuous_0067_S4_strategy2.npz,15300–17866,—,SURVIVAL,FP
continuous_0067_S4_strategy2.npz,16929–21061,DAYS,DAYS,TP
continuous_0067_S4_strategy2.npz,21061–25526,FOOD,FOOD,TP
continuous_0068_S4_strategy2.npz,0–4199,DAYS,DAYS,TP
continuous_0068_S4_strategy2.npz,4199–8564,DRINK,DRINK,TP
continuous_0068_S4_strategy2.npz,8564–13030,RELATIONSHIPS,RELATIONSHIPS,TP
continuous_0068_S4_strategy2.npz,13030–17295,FOOD,FOOD,TP
continuous_0068_S4_strategy2.npz,17295–21461,GREETING,GREETING,TP
continuous_0068_S4_strategy2.npz,20900–23900,—,COLOR,FP
continuous_0068_S4_strategy2.npz,21461–25593,NUMBER,NUMBER,TP
continuous_0068_S4_strategy2.npz,25593–29892,COLOR,COLOR,TP
continuous_0069_S4_strategy2.npz,0–4265,NUMBER,NUMBER,TP
continuous_0069_S4_strategy2.npz,4265–8364,FAMILY,FAMILY,TP
continuous_0069_S4_strategy2.npz,8364–12663,DRINK,DRINK,TP
continuous_0069_S4_strategy2.npz,12663–16863,GREETING,—,FN
continuous_0069_S4_strategy2.npz,15600–18700,—,GREETING,FP
continuous_0069_S4_strategy2.npz,16863–21162,COLOR,COLOR,TP
continuous_0069_S4_strategy2.npz,21162–24962,SURVIVAL,SURVIVAL,TP
continuous_0070_S4_strategy2.npz,0–4165,GREETING,GREETING,TP
continuous_0070_S4_strategy2.npz,4165–8464,DAYS,DAYS,TP
continuous_0070_S4_strategy2.npz,8464–12663,SURVIVAL,SURVIVAL,TP
continuous_0070_S4_strategy2.npz,10966–14600,—,RELATIONSHIPS,FP
continuous_0070_S4_strategy2.npz,12663–17728,DRINK,DRINK,TP
continuous_0070_S4_strategy2.npz,17728–21927,NUMBER,NUMBER,TP
continuous_0071_S4_strategy2.npz,0–4901,CALENDAR,CALENDAR,TP
continuous_0071_S4_strategy2.npz,3066–6166,—,CALENDAR,FP
continuous_0071_S4_strategy2.npz,4901–9533,FOOD,FOOD,TP
continuous_0071_S4_strategy2.npz,9533–13565,FAMILY,FAMILY,TP
continuous_0071_S4_strategy2.npz,13565–17997,RELATIONSHIPS,RELATIONSHIPS,TP
continuous_0071_S4_strategy2.npz,17997–22162,NUMBER,NUMBER,TP
continuous_0071_S4_strategy2.npz,22162–26761,COLOR,COLOR,TP
continuous_0071_S4_strategy2.npz,26761–30827,DRINK,DRINK,TP
continuous_0072_S4_strategy2.npz,0–4499,RELATIONSHIPS,RELATIONSHIPS,TP
continuous_0072_S4_strategy2.npz,4499–8798,SURVIVAL,SURVIVAL,TP
continuous_0072_S4_strategy2.npz,8798–13030,COLOR,COLOR,TP
continuous_0072_S4_strategy2.npz,12200–15233,—,SURVIVAL,FP
continuous_0072_S4_strategy2.npz,13030–17262,CALENDAR,CALENDAR,TP
continuous_0072_S4_strategy2.npz,17262–21361,DAYS,DAYS,TP
continuous_0073_S4_strategy2.npz,0–4165,DRINK,DRINK,TP
continuous_0073_S4_strategy2.npz,2866–5733,—,SURVIVAL,FP
continuous_0073_S4_strategy2.npz,4165–8397,SURVIVAL,—,FN
continuous_0073_S4_strategy2.npz,8397–12696,COLOR,COLOR,TP
continuous_0073_S4_strategy2.npz,11466–14333,—,GREETING,FP
continuous_0073_S4_strategy2.npz,12696–16861,GREETING,—,FN
continuous_0073_S4_strategy2.npz,14333–17200,—,FAMILY,FP
continuous_0073_S4_strategy2.npz,16861–21527,DAYS,DAYS,TP
continuous_0073_S4_strategy2.npz,21527–25793,NUMBER,NUMBER,TP
continuous_0074_S4_strategy2.npz,0–4132,DAYS,DAYS,TP
continuous_0074_S4_strategy2.npz,2300–4600,—,NUMBER,FP
continuous_0074_S4_strategy2.npz,4132–8497,GREETING,GREETING,TP
continuous_0074_S4_strategy2.npz,6933–9233,—,FOOD,FP
continuous_0074_S4_strategy2.npz,8497–12729,DRINK,DRINK,TP
continuous_0074_S4_strategy2.npz,11566–13866,—,COLOR,FP
continuous_0074_S4_strategy2.npz,12729–17061,RELATIONSHIPS,RELATIONSHIPS,TP
continuous_0074_S4_strategy2.npz,16200–18500,—,RELATIONSHIPS,FP
continuous_0074_S4_strategy2.npz,17061–21260,CALENDAR,CALENDAR,TP
continuous_0074_S4_strategy2.npz,20833–23133,—,CALENDAR,FP
continuous_0074_S4_strategy2.npz,21260–25459,SURVIVAL,SURVIVAL,TP
continuous_0075_S4_strategy2.npz,0–4132,NUMBER,NUMBER,TP
continuous_0075_S4_strategy2.npz,2333–4666,—,NUMBER,FP
continuous_0075_S4_strategy2.npz,4132–8031,DAYS,DAYS,TP
continuous_0075_S4_strategy2.npz,8031–12130,GREETING,GREETING,TP
continuous_0075_S4_strategy2.npz,11666–14000,—,FAMILY,FP
continuous_0075_S4_strategy2.npz,12130–16229,FOOD,FOOD,TP
continuous_0075_S4_strategy2.npz,16229–21028,CALENDAR,CALENDAR,TP
continuous_0075_S4_strategy2.npz,16333–18666,—,CALENDAR,FP
continuous_0076_S4_strategy2.npz,0–4466,DAYS,DAYS,TP
continuous_0076_S4_strategy2.npz,2533–5100,—,DRINK,FP
continuous_0076_S4_strategy2.npz,4466–8731,DRINK,—,FN
continuous_0076_S4_strategy2.npz,5100–7666,—,GREETING,FP
continuous_0076_S4_strategy2.npz,7666–10233,—,GREETING,FP
continuous_0076_S4_strategy2.npz,8731–12763,GREETING,—,FN
continuous_0076_S4_strategy2.npz,10233–12800,—,DRINK,FP
continuous_0076_S4_strategy2.npz,12763–17028,COLOR,COLOR,TP
continuous_0076_S4_strategy2.npz,15333–17900,—,CALENDAR,FP
continuous_0076_S4_strategy2.npz,17028–21327,CALENDAR,CALENDAR,TP
continuous_0076_S4_strategy2.npz,21327–25592,FOOD,FOOD,TP
continuous_0077_S4_strategy2.npz,0–5232,FAMILY,FAMILY,TP
continuous_0077_S4_strategy2.npz,5232–9397,CALENDAR,CALENDAR,TP
continuous_0077_S4_strategy2.npz,9397–13729,RELATIONSHIPS,RELATIONSHIPS,TP
continuous_0077_S4_strategy2.npz,12600–15733,—,SURVIVAL,FP
continuous_0077_S4_strategy2.npz,13729–17861,SURVIVAL,—,FN
continuous_0077_S4_strategy2.npz,15733–18900,—,COLOR,FP
continuous_0077_S4_strategy2.npz,17861–22060,GREETING,GREETING,TP
continuous_0078_S4_strategy2.npz,0–4032,CALENDAR,CALENDAR,TP
continuous_0078_S4_strategy2.npz,2966–5933,—,COLOR,FP
continuous_0078_S4_strategy2.npz,4032–8331,COLOR,—,FN
continuous_0078_S4_strategy2.npz,8331–12563,DAYS,DAYS,TP
continuous_0078_S4_strategy2.npz,12563–16729,FAMILY,FAMILY,TP
continuous_0078_S4_strategy2.npz,16729–21128,GREETING,GREETING,TP
continuous_0078_S4_strategy2.npz,20800–23766,—,FAMILY,FP
continuous_0078_S4_strategy2.npz,21128–25360,NUMBER,NUMBER,TP
continuous_0078_S4_strategy2.npz,25360–29725,FOOD,FOOD,TP
continuous_0079_S4_strategy2.npz,0–4299,COLOR,COLOR,TP
continuous_0079_S4_strategy2.npz,4299–8598,DRINK,DRINK,TP
continuous_0079_S4_strategy2.npz,8066–10766,—,RELATIONSHIPS,FP
continuous_0079_S4_strategy2.npz,8598–12997,RELATIONSHIPS,—,FN
continuous_0079_S4_strategy2.npz,10766–13466,—,RELATIONSHIPS,FP
continuous_0079_S4_strategy2.npz,12997–17162,FAMILY,FAMILY,TP
continuous_0079_S4_strategy2.npz,16166–18866,—,RELATIONSHIPS,FP
continuous_0079_S4_strategy2.npz,17162–21561,NUMBER,NUMBER,TP
continuous_0080_S4_strategy2.npz,0–5266,SURVIVAL,SURVIVAL,TP
continuous_0080_S4_strategy2.npz,5266–9165,DRINK,DRINK,TP
continuous_0080_S4_strategy2.npz,5766–8633,—,RELATIONSHIPS,FP
continuous_0080_S4_strategy2.npz,9165–13164,FAMILY,—,FN
continuous_0080_S4_strategy2.npz,13164–17663,RELATIONSHIPS,RELATIONSHIPS,TP
continuous_0080_S4_strategy2.npz,14400–17300,—,FAMILY,FP
continuous_0080_S4_strategy2.npz,17663–21862,CALENDAR,CALENDAR,TP
continuous_0080_S4_strategy2.npz,21862–25961,DAYS,DAYS,TP
continuous_0081_S4_strategy2.npz,0–4332,COLOR,COLOR,TP
continuous_0081_S4_strategy2.npz,4332–8662,CALENDAR,CALENDAR,TP
continuous_0081_S4_strategy2.npz,8662–12828,DRINK,DRINK,TP
continuous_0081_S4_strategy2.npz,10700–14266,—,FAMILY,FP
continuous_0081_S4_strategy2.npz,12828–16927,FAMILY,—,FN
continuous_0081_S4_strategy2.npz,14266–17833,—,COLOR,FP
continuous_0081_S4_strategy2.npz,16927–21393,FOOD,FOOD,TP
continuous_0082_S4_strategy2.npz,0–2866,—,FAMILY,FP
continuous_0082_S4_strategy2.npz,0–4165,FAMILY,—,FN
continuous_0082_S4_strategy2.npz,2866–5766,—,COLOR,FP
continuous_0082_S4_strategy2.npz,4165–8397,COLOR,—,FN
continuous_0082_S4_strategy2.npz,5766–8633,—,NUMBER,FP
continuous_0082_S4_strategy2.npz,8397–12696,GREETING,GREETING,TP
continuous_0082_S4_strategy2.npz,11533–14400,—,FOOD,FP
continuous_0082_S4_strategy2.npz,12696–17561,SURVIVAL,SURVIVAL,TP
continuous_0082_S4_strategy2.npz,17300–20166,—,SURVIVAL,FP
continuous_0082_S4_strategy2.npz,17561–21793,DAYS,—,FN
continuous_0082_S4_strategy2.npz,20166–23066,—,DAYS,FP
continuous_0082_S4_strategy2.npz,21793–25958,DRINK,DRINK,TP
continuous_0083_S4_strategy2.npz,0–4266,RELATIONSHIPS,RELATIONSHIPS,TP
continuous_0083_S4_strategy2.npz,4266–8631,FAMILY,FAMILY,TP
continuous_0083_S4_strategy2.npz,6600–9900,—,GREETING,FP
continuous_0083_S4_strategy2.npz,8631–12830,GREETING,—,FN
continuous_0083_S4_strategy2.npz,9900–13200,—,CALENDAR,FP
continuous_0083_S4_strategy2.npz,12830–17129,CALENDAR,CALENDAR,TP
continuous_0083_S4_strategy2.npz,16533–19833,—,RELATIONSHIPS,FP
continuous_0083_S4_strategy2.npz,17129–21328,DRINK,DRINK,TP
continuous_0083_S4_strategy2.npz,21328–25494,SURVIVAL,SURVIVAL,TP
continuous_0083_S4_strategy2.npz,25494–29759,COLOR,COLOR,TP
continuous_0084_S4_strategy2.npz,0–4332,CALENDAR,CALENDAR,TP
continuous_0084_S4_strategy2.npz,4332–8598,SURVIVAL,SURVIVAL,TP
continuous_0084_S4_strategy2.npz,5833–8766,—,COLOR,FP
continuous_0084_S4_strategy2.npz,8598–13163,COLOR,COLOR,TP
continuous_0084_S4_strategy2.npz,13163–17662,DAYS,DAYS,TP
continuous_0084_S4_strategy2.npz,17662–21994,DRINK,DRINK,TP
continuous_0084_S4_strategy2.npz,20500–23433,—,COLOR,FP
continuous_0084_S4_strategy2.npz,21994–26359,FOOD,FOOD,TP
continuous_0085_S4_strategy2.npz,0–4499,GREETING,GREETING,TP
continuous_0085_S4_strategy2.npz,2566–5166,—,COLOR,FP
continuous_0085_S4_strategy2.npz,4499–8764,FOOD,FOOD,TP
continuous_0085_S4_strategy2.npz,8764–13129,FAMILY,FAMILY,TP
continuous_0085_S4_strategy2.npz,13129–17428,RELATIONSHIPS,RELATIONSHIPS,TP
continuous_0085_S4_strategy2.npz,17428–21627,DAYS,DAYS,TP
continuous_0085_S4_strategy2.npz,21627–25959,NUMBER,NUMBER,TP
continuous_0086_S4_strategy2.npz,0–4232,DRINK,DRINK,TP
continuous_0086_S4_strategy2.npz,2700–5400,—,DRINK,FP
continuous_0086_S4_strategy2.npz,4232–8697,RELATIONSHIPS,RELATIONSHIPS,TP
continuous_0086_S4_strategy2.npz,8697–13029,COLOR,COLOR,TP
continuous_0086_S4_strategy2.npz,13029–16990,DAYS,DAYS,TP
continuous_0086_S4_strategy2.npz,16990–21189,CALENDAR,CALENDAR,TP
continuous_0086_S4_strategy2.npz,21189–25354,FAMILY,FAMILY,TP
continuous_0086_S4_strategy2.npz,21666–24366,—,SURVIVAL,FP
continuous_0086_S4_strategy2.npz,25354–29786,FOOD,FOOD,TP
continuous_0087_S4_strategy2.npz,0–4232,DRINK,DRINK,TP
continuous_0087_S4_strategy2.npz,4232–8564,RELATIONSHIPS,RELATIONSHIPS,TP
continuous_0087_S4_strategy2.npz,8564–12696,FAMILY,FAMILY,TP
continuous_0087_S4_strategy2.npz,12033–14433,—,DAYS,FP
continuous_0087_S4_strategy2.npz,12696–17028,CALENDAR,CALENDAR,TP
continuous_0087_S4_strategy2.npz,16833–19233,—,CALENDAR,FP
continuous_0087_S4_strategy2.npz,17028–21660,COLOR,COLOR,TP
continuous_0088_S4_strategy2.npz,0–3566,CALENDAR,CALENDAR,TP
continuous_0088_S4_strategy2.npz,2900–5833,—,CALENDAR,FP
continuous_0088_S4_strategy2.npz,3566–7798,FOOD,FOOD,TP
continuous_0088_S4_strategy2.npz,7798–12063,SURVIVAL,SURVIVAL,TP
continuous_0088_S4_strategy2.npz,11666–14600,—,RELATIONSHIPS,FP
continuous_0088_S4_strategy2.npz,12063–16528,RELATIONSHIPS,—,FN
continuous_0088_S4_strategy2.npz,16528–20727,FAMILY,FAMILY,TP
continuous_0088_S4_strategy2.npz,20727–25092,GREETING,GREETING,TP
continuous_0088_S4_strategy2.npz,25092–29224,DRINK,DRINK,TP
continuous_0089_S4_strategy2.npz,0–4232,DRINK,DRINK,TP
continuous_0089_S4_strategy2.npz,2600–5233,—,FAMILY,FP
continuous_0089_S4_strategy2.npz,4232–8397,FAMILY,—,FN
continuous_0089_S4_strategy2.npz,5233–7866,—,DAYS,FP
continuous_0089_S4_strategy2.npz,7866–13133,—,FAMILY,FP
continuous_0089_S4_strategy2.npz,8397–12694,DAYS,—,FN
continuous_0089_S4_strategy2.npz,12694–16726,COLOR,COLOR,TP
continuous_0089_S4_strategy2.npz,15766–18400,—,COLOR,FP
continuous_0089_S4_strategy2.npz,16726–21025,FOOD,FOOD,TP
continuous_0090_S4_strategy2.npz,0–4132,DAYS,DAYS,TP
continuous_0090_S4_strategy2.npz,4132–8431,COLOR,COLOR,TP
continuous_0090_S4_strategy2.npz,8431–12630,DRINK,DRINK,TP
continuous_0090_S4_strategy2.npz,12630–16995,FOOD,FOOD,TP
continuous_0090_S4_strategy2.npz,16995–21127,GREETING,GREETING,TP
continuous_0090_S4_strategy2.npz,21127–25526,SURVIVAL,SURVIVAL,TP
continuous_0091_S4_strategy2.npz,0–4032,FOOD,FOOD,TP
continuous_0091_S4_strategy2.npz,4032–8164,DRINK,DRINK,TP
continuous_0091_S4_strategy2.npz,8164–12130,FAMILY,FAMILY,TP
continuous_0091_S4_strategy2.npz,12130–16362,COLOR,COLOR,TP
continuous_0091_S4_strategy2.npz,16362–20527,NUMBER,NUMBER,TP
continuous_0091_S4_strategy2.npz,20527–24893,SURVIVAL,SURVIVAL,TP
continuous_0092_S4_strategy2.npz,0–4199,SURVIVAL,SURVIVAL,TP
continuous_0092_S4_strategy2.npz,4199–8431,NUMBER,NUMBER,TP
continuous_0092_S4_strategy2.npz,6366–9566,—,FAMILY,FP
continuous_0092_S4_strategy2.npz,8431–12530,FAMILY,—,FN
continuous_0092_S4_strategy2.npz,9566–12766,—,CALENDAR,FP
continuous_0092_S4_strategy2.npz,12530–17028,CALENDAR,—,FN
continuous_0092_S4_strategy2.npz,12766–15966,—,RELATIONSHIPS,FP
continuous_0092_S4_strategy2.npz,15966–19166,—,RELATIONSHIPS,FP
continuous_0092_S4_strategy2.npz,17028–21393,RELATIONSHIPS,—,FN
continuous_0092_S4_strategy2.npz,19166–22366,—,GREETING,FP
continuous_0092_S4_strategy2.npz,21393–25558,DAYS,DAYS,TP
continuous_0093_S4_strategy2.npz,0–4297,CALENDAR,CALENDAR,TP
continuous_0093_S4_strategy2.npz,4297–9129,RELATIONSHIPS,RELATIONSHIPS,TP
continuous_0093_S4_strategy2.npz,9033–12066,—,FAMILY,FP
continuous_0093_S4_strategy2.npz,9129–13328,SURVIVAL,SURVIVAL,TP
continuous_0093_S4_strategy2.npz,13328–17593,FOOD,FOOD,TP
continuous_0093_S4_strategy2.npz,17593–21758,DAYS,DAYS,TP
continuous_0093_S4_strategy2.npz,21758–25924,COLOR,COLOR,TP
continuous_0093_S4_strategy2.npz,25924–30189,FAMILY,FAMILY,TP
continuous_0094_S4_strategy2.npz,0–4132,DAYS,DAYS,TP
continuous_0094_S4_strategy2.npz,4132–8497,FOOD,FOOD,TP
continuous_0094_S4_strategy2.npz,8497–12862,COLOR,COLOR,TP
continuous_0094_S4_strategy2.npz,11866–14833,—,GREETING,FP
continuous_0094_S4_strategy2.npz,12862–17227,GREETING,—,FN
continuous_0094_S4_strategy2.npz,14833–17800,—,NUMBER,FP
continuous_0094_S4_strategy2.npz,17227–21392,NUMBER,—,FN
continuous_0094_S4_strategy2.npz,17800–20766,—,NUMBER,FP
continuous_0094_S4_strategy2.npz,20766–23733,—,CALENDAR,FP
continuous_0094_S4_strategy2.npz,21392–26691,CALENDAR,CALENDAR,TP
continuous_0095_S4_strategy2.npz,0–4199,DAYS,DAYS,TP
continuous_0095_S4_strategy2.npz,2833–5700,—,SURVIVAL,FP
continuous_0095_S4_strategy2.npz,4199–8565,GREETING,GREETING,TP
continuous_0095_S4_strategy2.npz,8565–12897,FOOD,—,FN
continuous_0095_S4_strategy2.npz,8566–11433,—,FOOD,FP
continuous_0095_S4_strategy2.npz,11433–14300,—,FOOD,FP
continuous_0095_S4_strategy2.npz,12897–17162,RELATIONSHIPS,RELATIONSHIPS,TP
continuous_0095_S4_strategy2.npz,17162–21528,COLOR,COLOR,TP
continuous_0095_S4_strategy2.npz,20033–22900,—,CALENDAR,FP
continuous_0095_S4_strategy2.npz,21528–25760,CALENDAR,—,FN
continuous_0095_S4_strategy2.npz,22900–25766,—,CALENDAR,FP
continuous_0096_S4_strategy2.npz,0–4132,FAMILY,FAMILY,TP
continuous_0096_S4_strategy2.npz,4132–8732,GREETING,GREETING,TP
continuous_0096_S4_strategy2.npz,8266–11033,—,COLOR,FP
continuous_0096_S4_strategy2.npz,8732–12931,DAYS,—,FN
continuous_0096_S4_strategy2.npz,11033–13800,—,DRINK,FP
continuous_0096_S4_strategy2.npz,12931–17463,RELATIONSHIPS,RELATIONSHIPS,TP
continuous_0096_S4_strategy2.npz,13800–16533,—,DAYS,FP
continuous_0096_S4_strategy2.npz,17463–21795,NUMBER,NUMBER,TP
continuous_0096_S4_strategy2.npz,21795–26027,DRINK,—,FN
continuous_0096_S4_strategy2.npz,22066–24833,—,SURVIVAL,FP
continuous_0096_S4_strategy2.npz,24833–27600,—,DRINK,FP
continuous_0096_S4_strategy2.npz,26027–30359,FOOD,FOOD,TP
continuous_0097_S4_strategy2.npz,0–4232,FAMILY,FAMILY,TP
continuous_0097_S4_strategy2.npz,2633–5300,—,GREETING,FP
continuous_0097_S4_strategy2.npz,4232–8498,GREETING,—,FN
continuous_0097_S4_strategy2.npz,5300–7933,—,COLOR,FP
continuous_0097_S4_strategy2.npz,8498–12897,DAYS,DAYS,TP
continuous_0097_S4_strategy2.npz,10600–13233,—,NUMBER,FP
continuous_0097_S4_strategy2.npz,12897–17129,NUMBER,NUMBER,TP
continuous_0097_S4_strategy2.npz,15900–18533,—,NUMBER,FP
continuous_0097_S4_strategy2.npz,17129–21194,CALENDAR,CALENDAR,TP
continuous_0098_S4_strategy2.npz,0–4032,FAMILY,FAMILY,TP
continuous_0098_S4_strategy2.npz,4032–8197,CALENDAR,CALENDAR,TP
continuous_0098_S4_strategy2.npz,6566–9866,—,FOOD,FP
continuous_0098_S4_strategy2.npz,8197–12362,FOOD,—,FN
continuous_0098_S4_strategy2.npz,12362–16494,SURVIVAL,SURVIVAL,TP
continuous_0098_S4_strategy2.npz,16494–20959,RELATIONSHIPS,RELATIONSHIPS,TP
continuous_0098_S4_strategy2.npz,19733–23033,—,COLOR,FP
continuous_0098_S4_strategy2.npz,20959–25424,COLOR,COLOR,TP
continuous_0098_S4_strategy2.npz,25424–29622,NUMBER,NUMBER,TP
continuous_0099_S4_strategy2.npz,0–4332,COLOR,COLOR,TP
continuous_0099_S4_strategy2.npz,2800–5600,—,DRINK,FP
continuous_0099_S4_strategy2.npz,4332–9664,DRINK,—,FN
continuous_0099_S4_strategy2.npz,5600–11200,—,RELATIONSHIPS,FP
continuous_0099_S4_strategy2.npz,9664–13663,NUMBER,NUMBER,TP
continuous_0099_S4_strategy2.npz,13663–17929,FAMILY,FAMILY,TP
continuous_0099_S4_strategy2.npz,16800–19600,—,GREETING,FP
continuous_0099_S4_strategy2.npz,17929–22428,DAYS,DAYS,TP
continuous_0100_S4_strategy2.npz,0–4165,FOOD,FOOD,TP
continuous_0100_S4_strategy2.npz,4165–8364,CALENDAR,CALENDAR,TP
continuous_0100_S4_strategy2.npz,8364–12496,GREETING,GREETING,TP
continuous_0100_S4_strategy2.npz,10533–14066,—,FAMILY,FP
continuous_0100_S4_strategy2.npz,12496–16628,FAMILY,FAMILY,TP
continuous_0100_S4_strategy2.npz,16628–21094,RELATIONSHIPS,RELATIONSHIPS,TP
continuous_0101_S4_strategy2.npz,0–4399,RELATIONSHIPS,RELATIONSHIPS,TP
continuous_0101_S4_strategy2.npz,4399–8764,DRINK,DRINK,TP
continuous_0101_S4_strategy2.npz,8764–12963,NUMBER,NUMBER,TP
continuous_0101_S4_strategy2.npz,12963–17762,COLOR,COLOR,TP
continuous_0101_S4_strategy2.npz,17762–22193,DAYS,DAYS,TP
continuous_0101_S4_strategy2.npz,22193–26392,FAMILY,FAMILY,TP
continuous_0102_S4_strategy2.npz,0–4232,FAMILY,FAMILY,TP
continuous_0102_S4_strategy2.npz,4232–8397,NUMBER,NUMBER,TP
continuous_0102_S4_strategy2.npz,6600–9933,—,NUMBER,FP
continuous_0102_S4_strategy2.npz,8397–12563,GREETING,GREETING,TP
continuous_0102_S4_strategy2.npz,12563–16928,COLOR,COLOR,TP
continuous_0102_S4_strategy2.npz,13233–16566,—,DRINK,FP
continuous_0102_S4_strategy2.npz,16928–21560,DRINK,—,FN
continuous_0102_S4_strategy2.npz,19866–23200,—,DRINK,FP
continuous_0102_S4_strategy2.npz,21560–25625,CALENDAR,CALENDAR,TP
continuous_0102_S4_strategy2.npz,25625–29824,SURVIVAL,SURVIVAL,TP
continuous_0103_S4_strategy2.npz,0–4265,FOOD,FOOD,TP
continuous_0103_S4_strategy2.npz,2366–4733,—,CALENDAR,FP
continuous_0103_S4_strategy2.npz,4265–8464,CALENDAR,CALENDAR,TP
continuous_0103_S4_strategy2.npz,7100–9466,—,FAMILY,FP
continuous_0103_S4_strategy2.npz,8464–12863,RELATIONSHIPS,RELATIONSHIPS,TP
continuous_0103_S4_strategy2.npz,11833–14200,—,SURVIVAL,FP
continuous_0103_S4_strategy2.npz,12863–17129,DRINK,DRINK,TP
continuous_0103_S4_strategy2.npz,16566–18933,—,SURVIVAL,FP
continuous_0103_S4_strategy2.npz,17129–21294,NUMBER,NUMBER,TP
continuous_0104_S4_strategy2.npz,0–4266,RELATIONSHIPS,RELATIONSHIPS,TP
continuous_0104_S4_strategy2.npz,2300–4633,—,COLOR,FP
continuous_0104_S4_strategy2.npz,4266–8531,FOOD,FOOD,TP
continuous_0104_S4_strategy2.npz,8531–12831,SURVIVAL,SURVIVAL,TP
continuous_0104_S4_strategy2.npz,11633–13966,—,NUMBER,FP
continuous_0104_S4_strategy2.npz,12831–16963,GREETING,GREETING,TP
continuous_0104_S4_strategy2.npz,16300–18633,—,GREETING,FP
continuous_0104_S4_strategy2.npz,16963–21195,NUMBER,NUMBER,TP
continuous_0104_S4_strategy2.npz,21195–25627,COLOR,COLOR,TP
continuous_0105_S4_strategy2.npz,0–4199,CALENDAR,CALENDAR,TP
continuous_0105_S4_strategy2.npz,4199–8464,GREETING,GREETING,TP
continuous_0105_S4_strategy2.npz,7200–10800,—,RELATIONSHIPS,FP
continuous_0105_S4_strategy2.npz,8464–13029,FAMILY,FAMILY,TP
continuous_0105_S4_strategy2.npz,13029–17461,FOOD,FOOD,TP
continuous_0105_S4_strategy2.npz,17461–21593,DRINK,DRINK,TP
continuous_0106_S4_strategy2.npz,0–4565,RELATIONSHIPS,RELATIONSHIPS,TP
continuous_0106_S4_strategy2.npz,3066–6133,—,CALENDAR,FP
continuous_0106_S4_strategy2.npz,4565–8830,CALENDAR,—,FN
continuous_0106_S4_strategy2.npz,6133–9200,—,CALENDAR,FP
continuous_0106_S4_strategy2.npz,8830–13062,FOOD,FOOD,TP
continuous_0106_S4_strategy2.npz,13062–17328,NUMBER,NUMBER,TP
continuous_0106_S4_strategy2.npz,15333–18400,—,SURVIVAL,FP
continuous_0106_S4_strategy2.npz,17328–21460,GREETING,GREETING,TP
continuous_0107_S4_strategy2.npz,0–4299,RELATIONSHIPS,RELATIONSHIPS,TP
continuous_0107_S4_strategy2.npz,2633–5300,—,FOOD,FP
continuous_0107_S4_strategy2.npz,4299–8464,FOOD,—,FN
continuous_0107_S4_strategy2.npz,5300–7966,—,SURVIVAL,FP
continuous_0107_S4_strategy2.npz,8464–12729,SURVIVAL,SURVIVAL,TP
continuous_0107_S4_strategy2.npz,12729–16994,CALENDAR,CALENDAR,TP
continuous_0107_S4_strategy2.npz,16994–21293,DRINK,COLOR,TP
continuous_0108_S4_strategy2.npz,0–4265,DAYS,DAYS,TP
continuous_0108_S4_strategy2.npz,4265–8497,RELATIONSHIPS,RELATIONSHIPS,TP
continuous_0108_S4_strategy2.npz,8497–12696,SURVIVAL,SURVIVAL,TP
continuous_0108_S4_strategy2.npz,12696–16928,DRINK,DRINK,TP
continuous_0108_S4_strategy2.npz,16928–21160,NUMBER,NUMBER,TP
continuous_0108_S4_strategy2.npz,19233–22433,—,SURVIVAL,FP
continuous_0108_S4_strategy2.npz,21160–25659,GREETING,GREETING,TP
continuous_0109_S4_strategy2.npz,0–4332,NUMBER,NUMBER,TP
continuous_0109_S4_strategy2.npz,3000–6033,—,SURVIVAL,FP
continuous_0109_S4_strategy2.npz,4332–8731,SURVIVAL,—,FN
continuous_0109_S4_strategy2.npz,6033–9033,—,GREETING,FP
continuous_0109_S4_strategy2.npz,8731–12930,GREETING,—,FN
continuous_0109_S4_strategy2.npz,9033–12066,—,GREETING,FP
continuous_0109_S4_strategy2.npz,12930–16962,FAMILY,FAMILY,TP
continuous_0109_S4_strategy2.npz,15066–18100,—,RELATIONSHIPS,FP
continuous_0109_S4_strategy2.npz,16962–21127,DRINK,DRINK,TP
continuous_0110_S4_strategy2.npz,0–4265,GREETING,GREETING,TP
continuous_0110_S4_strategy2.npz,4265–8397,DAYS,DAYS,TP
continuous_0110_S4_strategy2.npz,8066–10766,—,CALENDAR,FP
continuous_0110_S4_strategy2.npz,8397–12696,COLOR,COLOR,TP
continuous_0110_S4_strategy2.npz,12696–16895,SURVIVAL,SURVIVAL,TP
continuous_0110_S4_strategy2.npz,16895–21228,DRINK,DRINK,TP
continuous_0110_S4_strategy2.npz,21228–25427,NUMBER,NUMBER,TP
continuous_0110_S4_strategy2.npz,24266–26966,—,NUMBER,FP
continuous_0110_S4_strategy2.npz,25427–29659,CALENDAR,CALENDAR,TP
continuous_0111_S4_strategy2.npz,0–4199,CALENDAR,CALENDAR,TP
continuous_0111_S4_strategy2.npz,4199–8498,DRINK,DRINK,TP
continuous_0111_S4_strategy2.npz,6366–9533,—,RELATIONSHIPS,FP
continuous_0111_S4_strategy2.npz,8498–12997,COLOR,COLOR,TP
continuous_0111_S4_strategy2.npz,12997–17262,RELATIONSHIPS,RELATIONSHIPS,TP
continuous_0111_S4_strategy2.npz,17262–21462,GREETING,RELATIONSHIPS,TP
continuous_0111_S4_strategy2.npz,21462–25494,FAMILY,—,FN
continuous_0111_S4_strategy2.npz,22300–25500,—,FAMILY,FP
continuous_0112_S4_strategy2.npz,0–4166,SURVIVAL,SURVIVAL,TP
continuous_0112_S4_strategy2.npz,4166–8398,GREETING,GREETING,TP
continuous_0112_S4_strategy2.npz,8398–12697,FAMILY,FAMILY,TP
continuous_0112_S4_strategy2.npz,12697–16929,DRINK,DRINK,TP
continuous_0112_S4_strategy2.npz,16929–21061,NUMBER,NUMBER,TP
continuous_0113_S4_strategy2.npz,0–4365,FOOD,FOOD,TP
continuous_0113_S4_strategy2.npz,4365–8597,SURVIVAL,SURVIVAL,TP
continuous_0113_S4_strategy2.npz,8597–12862,DRINK,DRINK,TP
continuous_0113_S4_strategy2.npz,12862–17528,RELATIONSHIPS,RELATIONSHIPS,TP
continuous_0113_S4_strategy2.npz,17528–21760,FAMILY,FAMILY,TP
continuous_0113_S4_strategy2.npz,21760–25859,GREETING,GREETING,TP
continuous_0114_S4_strategy2.npz,0–4232,DRINK,DRINK,TP
continuous_0114_S4_strategy2.npz,2366–11900,—,CALENDAR,FP
continuous_0114_S4_strategy2.npz,4232–8730,CALENDAR,—,FN
continuous_0114_S4_strategy2.npz,8730–12962,FAMILY,FAMILY,TP
continuous_0114_S4_strategy2.npz,12962–17261,COLOR,—,FN
continuous_0114_S4_strategy2.npz,16666–19066,—,COLOR,FP
continuous_0114_S4_strategy2.npz,17261–21460,RELATIONSHIPS,RELATIONSHIPS,TP
continuous_0115_S4_strategy2.npz,0–4165,NUMBER,NUMBER,TP
continuous_0115_S4_strategy2.npz,4165–8731,FAMILY,FAMILY,TP
continuous_0115_S4_strategy2.npz,6600–9933,—,CALENDAR,FP
continuous_0115_S4_strategy2.npz,8731–13063,CALENDAR,CALENDAR,TP
continuous_0115_S4_strategy2.npz,13063–17295,FOOD,FOOD,TP
continuous_0115_S4_strategy2.npz,13233–16533,—,COLOR,FP
continuous_0115_S4_strategy2.npz,17295–21527,GREETING,GREETING,TP
continuous_0115_S4_strategy2.npz,21527–25488,DAYS,DAYS,TP
continuous_0115_S4_strategy2.npz,25488–29787,DRINK,DRINK,TP
continuous_0116_S4_strategy2.npz,0–4132,FOOD,FOOD,TP
continuous_0116_S4_strategy2.npz,4132–8264,GREETING,GREETING,TP
continuous_0116_S4_strategy2.npz,8264–12763,DRINK,DRINK,TP
continuous_0116_S4_strategy2.npz,12763–16962,FAMILY,FAMILY,TP
continuous_0116_S4_strategy2.npz,16962–21194,COLOR,COLOR,TP
continuous_0117_S4_strategy2.npz,0–4199,FOOD,FOOD,TP
continuous_0117_S4_strategy2.npz,4199–8498,DRINK,DRINK,TP
continuous_0117_S4_strategy2.npz,8498–12797,GREETING,GREETING,TP
continuous_0117_S4_strategy2.npz,11066–13833,—,DRINK,FP
continuous_0117_S4_strategy2.npz,12797–16996,SURVIVAL,SURVIVAL,TP
continuous_0117_S4_strategy2.npz,13833–16600,—,DAYS,FP
continuous_0117_S4_strategy2.npz,16996–21162,NUMBER,NUMBER,TP
continuous_0117_S4_strategy2.npz,21162–25627,COLOR,COLOR,TP
continuous_0117_S4_strategy2.npz,25627–30427,DAYS,DAYS,TP
continuous_0118_S4_strategy2.npz,0–4200,GREETING,GREETING,TP
continuous_0118_S4_strategy2.npz,2633–5300,—,SURVIVAL,FP
continuous_0118_S4_strategy2.npz,4200–8332,SURVIVAL,SURVIVAL,TP
continuous_0118_S4_strategy2.npz,8332–12631,COLOR,COLOR,TP
continuous_0118_S4_strategy2.npz,12631–16763,FAMILY,FAMILY,TP
continuous_0118_S4_strategy2.npz,16763–20928,DAYS,DAYS,TP
continuous_0118_S4_strategy2.npz,20928–25127,CALENDAR,CALENDAR,TP
continuous_0118_S4_strategy2.npz,23933–26600,—,CALENDAR,FP
continuous_0118_S4_strategy2.npz,25127–29259,FOOD,FOOD,TP
continuous_0119_S4_strategy2.npz,0–4299,COLOR,COLOR,TP
continuous_0119_S4_strategy2.npz,4299–8464,GREETING,DRINK,TP
continuous_0119_S4_strategy2.npz,8464–12796,FOOD,FOOD,TP
continuous_0119_S4_strategy2.npz,10800–13500,—,GREETING,FP
continuous_0119_S4_strategy2.npz,12796–16895,SURVIVAL,SURVIVAL,TP
continuous_0119_S4_strategy2.npz,16895–21094,CALENDAR,CALENDAR,TP
continuous_0119_S4_strategy2.npz,21094–25393,FAMILY,FAMILY,TP
continuous_0119_S4_strategy2.npz,25393–29723,DAYS,DAYS,TP
continuous_0120_S4_strategy2.npz,0–4232,COLOR,COLOR,TP
continuous_0120_S4_strategy2.npz,4232–8831,NUMBER,NUMBER,TP
continuous_0120_S4_strategy2.npz,6433–9633,—,SURVIVAL,FP
continuous_0120_S4_strategy2.npz,8831–13030,SURVIVAL,—,FN
continuous_0120_S4_strategy2.npz,9633–12866,—,COLOR,FP
continuous_0120_S4_strategy2.npz,13030–17395,RELATIONSHIPS,RELATIONSHIPS,TP
continuous_0120_S4_strategy2.npz,17395–21494,FAMILY,FAMILY,TP
continuous_0120_S4_strategy2.npz,19300–22500,—,FAMILY,FP
continuous_0120_S4_strategy2.npz,21494–25726,FOOD,FOOD,TP
continuous_0121_S4_strategy2.npz,0–4766,DRINK,DRINK,TP
continuous_0121_S4_strategy2.npz,3133–6300,—,GREETING,FP
continuous_0121_S4_strategy2.npz,4766–8965,GREETING,—,FN
continuous_0121_S4_strategy2.npz,6300–9433,—,GREETING,FP
continuous_0121_S4_strategy2.npz,8965–13164,SURVIVAL,SURVIVAL,TP
continuous_0121_S4_strategy2.npz,12600–15733,—,FAMILY,FP
continuous_0121_S4_strategy2.npz,13164–17896,CALENDAR,—,FN
continuous_0121_S4_strategy2.npz,15733–18900,—,DAYS,FP
continuous_0121_S4_strategy2.npz,17896–22061,NUMBER,NUMBER,TP
continuous_0122_S4_strategy2.npz,0–4265,DAYS,DAYS,TP
continuous_0122_S4_strategy2.npz,2833–5666,—,SURVIVAL,FP
continuous_0122_S4_strategy2.npz,4265–8630,CALENDAR,CALENDAR,TP
continuous_0122_S4_strategy2.npz,8630–12929,GREETING,GREETING,TP
continuous_0122_S4_strategy2.npz,12929–17128,NUMBER,NUMBER,TP
continuous_0122_S4_strategy2.npz,17000–19833,—,NUMBER,FP
continuous_0122_S4_strategy2.npz,17128–21360,FOOD,—,FN
continuous_0122_S4_strategy2.npz,19833–22666,—,FOOD,FP
continuous_0122_S4_strategy2.npz,21360–25525,SURVIVAL,SURVIVAL,TP
continuous_0123_S4_strategy2.npz,0–4165,SURVIVAL,SURVIVAL,TP
continuous_0123_S4_strategy2.npz,4165–8597,COLOR,COLOR,TP
continuous_0123_S4_strategy2.npz,8597–12796,CALENDAR,CALENDAR,TP
continuous_0123_S4_strategy2.npz,12796–17395,RELATIONSHIPS,RELATIONSHIPS,TP
continuous_0123_S4_strategy2.npz,17395–21760,GREETING,GREETING,TP
continuous_0124_S4_strategy2.npz,0–4432,DRINK,DRINK,TP
continuous_0124_S4_strategy2.npz,4432–8564,FAMILY,FAMILY,TP
continuous_0124_S4_strategy2.npz,8564–12896,GREETING,GREETING,TP
continuous_0124_S4_strategy2.npz,12896–17495,CALENDAR,CALENDAR,TP
continuous_0124_S4_strategy2.npz,17495–21827,RELATIONSHIPS,RELATIONSHIPS,TP
continuous_0124_S4_strategy2.npz,21827–26092,SURVIVAL,SURVIVAL,TP
continuous_0125_S4_strategy2.npz,0–4299,DRINK,DRINK,TP
continuous_0125_S4_strategy2.npz,4299–8598,FAMILY,FAMILY,TP
continuous_0125_S4_strategy2.npz,8598–12830,GREETING,GREETING,TP
continuous_0125_S4_strategy2.npz,12830–17095,SURVIVAL,SURVIVAL,TP
continuous_0125_S4_strategy2.npz,17095–21694,RELATIONSHIPS,RELATIONSHIPS,TP
continuous_0125_S4_strategy2.npz,21694–25926,CALENDAR,CALENDAR,TP
continuous_0125_S4_strategy2.npz,25926–30125,FOOD,FOOD,TP
continuous_0126_S4_strategy2.npz,0–4465,FOOD,FOOD,TP
continuous_0126_S4_strategy2.npz,3000–6033,—,NUMBER,FP
continuous_0126_S4_strategy2.npz,4465–8730,NUMBER,—,FN
continuous_0126_S4_strategy2.npz,6033–9066,—,SURVIVAL,FP
continuous_0126_S4_strategy2.npz,8730–12962,RELATIONSHIPS,RELATIONSHIPS,TP
continuous_0126_S4_strategy2.npz,12100–15133,—,SURVIVAL,FP
continuous_0126_S4_strategy2.npz,12962–17359,DAYS,—,FN
continuous_0126_S4_strategy2.npz,15133–18133,—,DAYS,FP
continuous_0126_S4_strategy2.npz,17359–21524,GREETING,GREETING,TP
continuous_0126_S4_strategy2.npz,21166–24200,—,NUMBER,FP
continuous_0126_S4_strategy2.npz,21524–25888,CALENDAR,CALENDAR,TP
continuous_0126_S4_strategy2.npz,25888–30253,DRINK,DRINK,TP
continuous_0127_S4_strategy2.npz,0–4732,CALENDAR,CALENDAR,TP
continuous_0127_S4_strategy2.npz,1966–3966,—,CALENDAR,FP
continuous_0127_S4_strategy2.npz,3966–5966,—,NUMBER,FP
continuous_0127_S4_strategy2.npz,4732–9098,RELATIONSHIPS,RELATIONSHIPS,TP
continuous_0127_S4_strategy2.npz,9098–13430,GREETING,GREETING,TP
continuous_0127_S4_strategy2.npz,13430–17662,FOOD,FOOD,TP
continuous_0127_S4_strategy2.npz,17662–21892,DAYS,DAYS,TP
continuous_0128_S4_strategy2.npz,0–4299,DRINK,DRINK,TP
continuous_0128_S4_strategy2.npz,4299–8531,SURVIVAL,SURVIVAL,TP
continuous_0128_S4_strategy2.npz,8531–12730,DAYS,DAYS,TP
continuous_0128_S4_strategy2.npz,12730–16929,NUMBER,SURVIVAL,TP
continuous_0128_S4_strategy2.npz,16929–21028,FAMILY,FAMILY,TP
continuous_0129_S4_strategy2.npz,0–4364,DAYS,DAYS,TP
continuous_0129_S4_strategy2.npz,2466–7433,—,NUMBER,FP
continuous_0129_S4_strategy2.npz,4364–8629,COLOR,COLOR,TP
continuous_0129_S4_strategy2.npz,8629–12794,SURVIVAL,—,FN
continuous_0129_S4_strategy2.npz,9933–12400,—,SURVIVAL,FP
continuous_0129_S4_strategy2.npz,12400–14900,—,SURVIVAL,FP
continuous_0129_S4_strategy2.npz,12794–17260,RELATIONSHIPS,—,FN
continuous_0129_S4_strategy2.npz,14900–17400,—,RELATIONSHIPS,FP
continuous_0129_S4_strategy2.npz,17260–21425,NUMBER,NUMBER,TP
continuous_0129_S4_strategy2.npz,17400–19866,—,RELATIONSHIPS,FP
continuous_0129_S4_strategy2.npz,21425–25624,CALENDAR,—,FN
continuous_0129_S4_strategy2.npz,22366–24833,—,NUMBER,FP
continuous_0129_S4_strategy2.npz,24833–27333,—,CALENDAR,FP
continuous_0129_S4_strategy2.npz,25624–29823,DRINK,DRINK,TP
continuous_0130_S4_strategy2.npz,0–4265,FOOD,FOOD,TP
continuous_0130_S4_strategy2.npz,2633–5266,—,FAMILY,FP
continuous_0130_S4_strategy2.npz,4265–8364,FAMILY,—,FN
continuous_0130_S4_strategy2.npz,8364–12463,NUMBER,NUMBER,TP
continuous_0130_S4_strategy2.npz,10566–13200,—,DRINK,FP
continuous_0130_S4_strategy2.npz,12463–17729,DRINK,—,FN
continuous_0130_S4_strategy2.npz,13200–18500,—,DRINK,FP
continuous_0130_S4_strategy2.npz,17729–22061,RELATIONSHIPS,RELATIONSHIPS,TP
continuous_0130_S4_strategy2.npz,22061–26427,COLOR,COLOR,TP
continuous_0131_S4_strategy2.npz,0–4265,COLOR,COLOR,TP
continuous_0131_S4_strategy2.npz,4265–8397,GREETING,GREETING,TP
continuous_0131_S4_strategy2.npz,8397–12696,DRINK,DRINK,TP
continuous_0131_S4_strategy2.npz,12696–16961,FOOD,FOOD,TP
continuous_0131_S4_strategy2.npz,16961–21023,DAYS,DAYS,TP
continuous_0131_S4_strategy2.npz,21023–25488,RELATIONSHIPS,RELATIONSHIPS,TP
continuous_0131_S4_strategy2.npz,25488–29620,NUMBER,NUMBER,TP
continuous_0132_S4_strategy2.npz,0–4299,RELATIONSHIPS,RELATIONSHIPS,TP
continuous_0132_S4_strategy2.npz,4299–8298,CALENDAR,CALENDAR,TP
continuous_0132_S4_strategy2.npz,6866–9133,—,COLOR,FP
continuous_0132_S4_strategy2.npz,8298–12497,FOOD,FOOD,TP
continuous_0132_S4_strategy2.npz,11433–13733,—,FOOD,FP
continuous_0132_S4_strategy2.npz,12497–16696,SURVIVAL,SURVIVAL,TP
continuous_0132_S4_strategy2.npz,16696–20595,DAYS,DAYS,TP
continuous_0133_S4_strategy2.npz,0–4199,GREETING,GREETING,TP
continuous_0133_S4_strategy2.npz,4199–8531,RELATIONSHIPS,RELATIONSHIPS,TP
continuous_0133_S4_strategy2.npz,8531–12797,CALENDAR,CALENDAR,TP
continuous_0133_S4_strategy2.npz,12797–17129,COLOR,COLOR,TP
continuous_0133_S4_strategy2.npz,17129–21428,DRINK,DRINK,TP
continuous_0133_S4_strategy2.npz,21428–25727,NUMBER,NUMBER,TP
continuous_0134_S4_strategy2.npz,0–4299,CALENDAR,CALENDAR,TP
continuous_0134_S4_strategy2.npz,4299–8465,DRINK,DRINK,TP
continuous_0134_S4_strategy2.npz,8465–12264,FAMILY,FAMILY,TP
continuous_0134_S4_strategy2.npz,12264–16596,COLOR,COLOR,TP
continuous_0134_S4_strategy2.npz,15900–18533,—,RELATIONSHIPS,FP
continuous_0134_S4_strategy2.npz,16596–20861,RELATIONSHIPS,—,FN
continuous_0134_S4_strategy2.npz,18533–21200,—,SURVIVAL,FP
continuous_0134_S4_strategy2.npz,20861–25060,NUMBER,NUMBER,TP
continuous_0134_S4_strategy2.npz,25060–29159,FOOD,FOOD,TP
continuous_0135_S4_strategy2.npz,0–4432,RELATIONSHIPS,RELATIONSHIPS,TP
continuous_0135_S4_strategy2.npz,3033–6100,—,FAMILY,FP
continuous_0135_S4_strategy2.npz,4432–8631,FAMILY,—,FN
continuous_0135_S4_strategy2.npz,6100–9166,—,NUMBER,FP
continuous_0135_S4_strategy2.npz,8631–12896,NUMBER,—,FN
continuous_0135_S4_strategy2.npz,9166–12233,—,SURVIVAL,FP
continuous_0135_S4_strategy2.npz,12896–17128,SURVIVAL,SURVIVAL,TP
continuous_0135_S4_strategy2.npz,17128–21427,COLOR,COLOR,TP
continuous_0136_S4_strategy2.npz,0–4199,SURVIVAL,SURVIVAL,TP
continuous_0136_S4_strategy2.npz,4199–8564,FAMILY,FAMILY,TP
continuous_0136_S4_strategy2.npz,8564–12696,FOOD,FOOD,TP
continuous_0136_S4_strategy2.npz,12266–15366,—,DAYS,FP
continuous_0136_S4_strategy2.npz,12696–17261,DAYS,—,FN
continuous_0136_S4_strategy2.npz,15366–18433,—,NUMBER,FP
continuous_0136_S4_strategy2.npz,17261–21427,NUMBER,—,FN
continuous_0136_S4_strategy2.npz,18433–21500,—,FAMILY,FP
continuous_0136_S4_strategy2.npz,21427–26496,CALENDAR,CALENDAR,TP
continuous_0136_S4_strategy2.npz,26496–30728,RELATIONSHIPS,RELATIONSHIPS,TP
continuous_0137_S4_strategy2.npz,0–4332,RELATIONSHIPS,RELATIONSHIPS,TP
continuous_0137_S4_strategy2.npz,4332–8597,DRINK,DRINK,TP
continuous_0137_S4_strategy2.npz,8597–12796,FOOD,FOOD,TP
continuous_0137_S4_strategy2.npz,12433–14933,—,NUMBER,FP
continuous_0137_S4_strategy2.npz,12796–17028,NUMBER,—,FN
continuous_0137_S4_strategy2.npz,17028–21358,CALENDAR,CALENDAR,TP
continuous_0137_S4_strategy2.npz,21358–25590,SURVIVAL,SURVIVAL,TP
continuous_0137_S4_strategy2.npz,25590–29855,FAMILY,FAMILY,TP
continuous_0138_S4_strategy2.npz,0–4265,SURVIVAL,SURVIVAL,TP
continuous_0138_S4_strategy2.npz,4265–8497,DRINK,DRINK,TP
continuous_0138_S4_strategy2.npz,6500–9733,—,NUMBER,FP
continuous_0138_S4_strategy2.npz,8497–12696,NUMBER,—,FN
continuous_0138_S4_strategy2.npz,9733–13000,—,CALENDAR,FP
continuous_0138_S4_strategy2.npz,12696–17195,COLOR,COLOR,TP
continuous_0138_S4_strategy2.npz,17195–21694,GREETING,GREETING,TP
continuous_0138_S4_strategy2.npz,19500–22766,—,COLOR,FP
continuous_0138_S4_strategy2.npz,21694–26026,CALENDAR,CALENDAR,TP
continuous_0139_S4_strategy2.npz,0–4232,DRINK,DRINK,TP
continuous_0139_S4_strategy2.npz,4232–8397,FOOD,FOOD,TP
continuous_0139_S4_strategy2.npz,8000–10666,—,RELATIONSHIPS,FP
continuous_0139_S4_strategy2.npz,8397–12862,RELATIONSHIPS,—,FN
continuous_0139_S4_strategy2.npz,10666–13333,—,GREETING,FP
continuous_0139_S4_strategy2.npz,12862–16894,FAMILY,FAMILY,TP
continuous_0139_S4_strategy2.npz,16894–21059,NUMBER,NUMBER,TP
continuous_0139_S4_strategy2.npz,21059–25225,SURVIVAL,—,FN
continuous_0139_S4_strategy2.npz,21366–24033,—,NUMBER,FP
continuous_0139_S4_strategy2.npz,24033–26700,—,SURVIVAL,FP
continuous_0139_S4_strategy2.npz,25225–29390,DAYS,DAYS,TP
continuous_0140_S4_strategy2.npz,0–4465,DRINK,DRINK,TP
continuous_0140_S4_strategy2.npz,3166–6366,—,RELATIONSHIPS,FP
continuous_0140_S4_strategy2.npz,4465–8730,RELATIONSHIPS,—,FN
continuous_0140_S4_strategy2.npz,6366–9566,—,FOOD,FP
continuous_0140_S4_strategy2.npz,8730–13062,FOOD,FOOD,TP
continuous_0140_S4_strategy2.npz,12766–15966,—,DRINK,FP
continuous_0140_S4_strategy2.npz,13062–17161,DAYS,DAYS,TP
continuous_0140_S4_strategy2.npz,17161–21326,SURVIVAL,SURVIVAL,TP
continuous_0140_S4_strategy2.npz,21326–25558,COLOR,COLOR,TP
continuous_0141_S4_strategy2.npz,0–4199,SURVIVAL,SURVIVAL,TP
continuous_0141_S4_strategy2.npz,4199–8431,DRINK,DRINK,TP
continuous_0141_S4_strategy2.npz,8431–12830,COLOR,COLOR,TP
continuous_0141_S4_strategy2.npz,12830–16962,DAYS,DAYS,TP
continuous_0141_S4_strategy2.npz,16962–21094,FOOD,—,FN
continuous_0141_S4_strategy2.npz,17300–20166,—,COLOR,FP
continuous_0141_S4_strategy2.npz,20166–23066,—,FOOD,FP
continuous_0141_S4_strategy2.npz,21094–25960,RELATIONSHIPS,RELATIONSHIPS,TP
continuous_0142_S4_strategy2.npz,0–4332,COLOR,COLOR,TP
continuous_0142_S4_strategy2.npz,4332–8731,FOOD,FOOD,TP
continuous_0142_S4_strategy2.npz,8731–12930,GREETING,GREETING,TP
continuous_0142_S4_strategy2.npz,10900–14566,—,SURVIVAL,FP
continuous_0142_S4_strategy2.npz,12930–17129,SURVIVAL,—,FN
continuous_0142_S4_strategy2.npz,17129–21294,NUMBER,NUMBER,TP
continuous_0142_S4_strategy2.npz,21294–25493,DRINK,DRINK,TP
continuous_0143_S4_strategy2.npz,0–4400,DRINK,DRINK,TP
continuous_0143_S4_strategy2.npz,4400–8832,FAMILY,FAMILY,TP
continuous_0143_S4_strategy2.npz,8832–13197,COLOR,—,FN
continuous_0143_S4_strategy2.npz,13197–17396,GREETING,GREETING,TP
continuous_0143_S4_strategy2.npz,13533–16233,—,COLOR,FP
continuous_0143_S4_strategy2.npz,17396–21662,CALENDAR,CALENDAR,TP
continuous_0144_S4_strategy2.npz,0–4199,NUMBER,NUMBER,TP
continuous_0144_S4_strategy2.npz,2666–5333,—,COLOR,FP
continuous_0144_S4_strategy2.npz,4199–8531,COLOR,—,FN
continuous_0144_S4_strategy2.npz,5333–8000,—,COLOR,FP
continuous_0144_S4_strategy2.npz,8531–12963,FAMILY,FAMILY,TP
continuous_0144_S4_strategy2.npz,12963–17162,CALENDAR,CALENDAR,TP
continuous_0144_S4_strategy2.npz,16033–18700,—,CALENDAR,FP
continuous_0144_S4_strategy2.npz,17162–21394,GREETING,GREETING,TP
continuous_0145_S4_strategy2.npz,0–4265,NUMBER,NUMBER,TP
continuous_0145_S4_strategy2.npz,4265–7689,CALENDAR,CALENDAR,TP
continuous_0145_S4_strategy2.npz,6166–9233,—,DAYS,FP
continuous_0145_S4_strategy2.npz,7689–11921,DAYS,—,FN
continuous_0145_S4_strategy2.npz,9233–12333,—,FAMILY,FP
continuous_0145_S4_strategy2.npz,11921–16186,DRINK,DRINK,TP
continuous_0145_S4_strategy2.npz,16186–20385,GREETING,GREETING,TP
continuous_0145_S4_strategy2.npz,18500–21566,—,FOOD,FP
continuous_0145_S4_strategy2.npz,20385–24651,COLOR,COLOR,TP
continuous_0146_S4_strategy2.npz,0–3666,SURVIVAL,SURVIVAL,TP
continuous_0146_S4_strategy2.npz,3666–7865,NUMBER,NUMBER,TP
continuous_0146_S4_strategy2.npz,7865–11697,RELATIONSHIPS,RELATIONSHIPS,TP
continuous_0146_S4_strategy2.npz,11697–15962,GREETING,GREETING,TP
continuous_0146_S4_strategy2.npz,15433–17633,—,DAYS,FP
continuous_0146_S4_strategy2.npz,15962–20194,FOOD,FOOD,TP
continuous_0146_S4_strategy2.npz,17633–19833,—,COLOR,FP
continuous_0146_S4_strategy2.npz,20194–24393,FAMILY,—,FN
continuous_0146_S4_strategy2.npz,22033–24233,—,SURVIVAL,FP
continuous_0146_S4_strategy2.npz,24233–26433,—,FAMILY,FP
continuous_0146_S4_strategy2.npz,24393–28659,DRINK,DRINK,TP
continuous_0147_S4_strategy2.npz,0–4265,FAMILY,FAMILY,TP
continuous_0147_S4_strategy2.npz,4265–8264,SURVIVAL,SURVIVAL,TP
continuous_0147_S4_strategy2.npz,8264–12429,GREETING,GREETING,TP
continuous_0147_S4_strategy2.npz,12429–16595,COLOR,COLOR,TP
continuous_0147_S4_strategy2.npz,16595–20960,DAYS,DAYS,TP
continuous_0148_S4_strategy2.npz,0–4432,CALENDAR,CALENDAR,TP
continuous_0148_S4_strategy2.npz,4432–9032,SURVIVAL,SURVIVAL,TP
continuous_0148_S4_strategy2.npz,6466–9700,—,SURVIVAL,FP
continuous_0148_S4_strategy2.npz,9032–13164,DAYS,DAYS,TP
continuous_0148_S4_strategy2.npz,13164–17363,FAMILY,FAMILY,TP
continuous_0148_S4_strategy2.npz,17363–21729,RELATIONSHIPS,RELATIONSHIPS,TP
continuous_0148_S4_strategy2.npz,21729–25894,GREETING,GREETING,TP
continuous_0149_S4_strategy2.npz,0–4032,GREETING,GREETING,TP
continuous_0149_S4_strategy2.npz,2833–5700,—,CALENDAR,FP
continuous_0149_S4_strategy2.npz,4032–8298,NUMBER,NUMBER,TP
continuous_0149_S4_strategy2.npz,8298–12731,DRINK,DRINK,TP
continuous_0149_S4_strategy2.npz,12731–16963,FOOD,—,FN
continuous_0149_S4_strategy2.npz,16963–21428,COLOR,—,FN
continuous_0149_S4_strategy2.npz,17133–20000,—,FOOD,FP
continuous_0149_S4_strategy2.npz,20000–22866,—,COLOR,FP
continuous_0149_S4_strategy2.npz,21428–25727,RELATIONSHIPS,RELATIONSHIPS,TP
continuous_0150_S4_strategy2.npz,0–4232,NUMBER,NUMBER,TP
continuous_0150_S4_strategy2.npz,3200–6400,—,FAMILY,FP
continuous_0150_S4_strategy2.npz,4232–8497,FAMILY,—,FN
continuous_0150_S4_strategy2.npz,6400–9600,—,GREETING,FP
continuous_0150_S4_strategy2.npz,8497–12097,GREETING,—,FN
continuous_0150_S4_strategy2.npz,12097–16196,DAYS,DAYS,TP
continuous_0150_S4_strategy2.npz,16196–20428,FOOD,FOOD,TP
continuous_0150_S4_strategy2.npz,19233–22433,—,COLOR,FP
continuous_0150_S4_strategy2.npz,20428–24693,RELATIONSHIPS,RELATIONSHIPS,TP
continuous_0150_S4_strategy2.npz,24693–28859,SURVIVAL,SURVIVAL,TP
continuous_0151_S4_strategy2.npz,0–4366,GREETING,GREETING,TP
continuous_0151_S4_strategy2.npz,4366–8565,NUMBER,NUMBER,TP
continuous_0151_S4_strategy2.npz,6033–9066,—,NUMBER,FP
continuous_0151_S4_strategy2.npz,8565–12697,DRINK,DRINK,TP
continuous_0151_S4_strategy2.npz,12697–16962,COLOR,COLOR,TP
continuous_0151_S4_strategy2.npz,16962–21194,SURVIVAL,SURVIVAL,TP
continuous_0152_S4_strategy2.npz,0–4432,NUMBER,NUMBER,TP
continuous_0152_S4_strategy2.npz,3266–6566,—,RELATIONSHIPS,FP
continuous_0152_S4_strategy2.npz,4432–8931,RELATIONSHIPS,—,FN
continuous_0152_S4_strategy2.npz,6566–9866,—,GREETING,FP
continuous_0152_S4_strategy2.npz,8931–13230,GREETING,—,FN
continuous_0152_S4_strategy2.npz,9866–13166,—,FOOD,FP
continuous_0152_S4_strategy2.npz,13166–16433,—,SURVIVAL,FP
continuous_0152_S4_strategy2.npz,13230–17629,FOOD,—,FN
continuous_0152_S4_strategy2.npz,17629–21928,SURVIVAL,SURVIVAL,TP
continuous_0152_S4_strategy2.npz,21928–26327,COLOR,COLOR,TP
continuous_0153_S4_strategy2.npz,0–4200,SURVIVAL,SURVIVAL,TP
continuous_0153_S4_strategy2.npz,4200–8432,FOOD,FOOD,TP
continuous_0153_S4_strategy2.npz,8432–12731,COLOR,COLOR,TP
continuous_0153_S4_strategy2.npz,12731–17063,FAMILY,FAMILY,TP
continuous_0153_S4_strategy2.npz,17063–21262,RELATIONSHIPS,—,FN
continuous_0153_S4_strategy2.npz,20033–22900,—,RELATIONSHIPS,FP
continuous_0153_S4_strategy2.npz,21262–25760,CALENDAR,CALENDAR,TP
continuous_0154_S4_strategy2.npz,0–4232,FOOD,FOOD,TP
continuous_0154_S4_strategy2.npz,2800–5633,—,GREETING,FP
continuous_0154_S4_strategy2.npz,4232–8364,GREETING,—,FN
continuous_0154_S4_strategy2.npz,5633–8466,—,SURVIVAL,FP
continuous_0154_S4_strategy2.npz,8364–12829,SURVIVAL,SURVIVAL,TP
continuous_0154_S4_strategy2.npz,11266–14100,—,FAMILY,FP
continuous_0154_S4_strategy2.npz,12829–17061,DAYS,DAYS,TP
continuous_0154_S4_strategy2.npz,16933–19733,—,NUMBER,FP
continuous_0154_S4_strategy2.npz,17061–21293,CALENDAR,CALENDAR,TP
continuous_0154_S4_strategy2.npz,21293–25392,FAMILY,FAMILY,TP
continuous_0155_S4_strategy2.npz,0–4199,FAMILY,FAMILY,TP
continuous_0155_S4_strategy2.npz,4199–8132,DRINK,DRINK,TP
continuous_0155_S4_strategy2.npz,5600–8400,—,DRINK,FP
continuous_0155_S4_strategy2.npz,8132–12397,SURVIVAL,SURVIVAL,TP
continuous_0155_S4_strategy2.npz,12397–16662,RELATIONSHIPS,RELATIONSHIPS,TP
continuous_0155_S4_strategy2.npz,16662–20961,NUMBER,NUMBER,TP
continuous_0155_S4_strategy2.npz,19633–22433,—,RELATIONSHIPS,FP
continuous_0155_S4_strategy2.npz,20961–25260,COLOR,COLOR,TP
continuous_0156_S4_strategy2.npz,0–4132,DAYS,DAYS,TP
continuous_0156_S4_strategy2.npz,4132–9198,GREETING,GREETING,TP
continuous_0156_S4_strategy2.npz,7533–10033,—,COLOR,FP
continuous_0156_S4_strategy2.npz,9198–13330,FAMILY,FAMILY,TP
continuous_0156_S4_strategy2.npz,12533–15066,—,CALENDAR,FP
continuous_0156_S4_strategy2.npz,13330–18869,CALENDAR,CALENDAR,TP
continuous_0156_S4_strategy2.npz,18869–23368,COLOR,COLOR,TP
continuous_0156_S4_strategy2.npz,23368–27633,NUMBER,NUMBER,TP
continuous_0157_S4_strategy2.npz,0–5432,GREETING,GREETING,TP
continuous_0157_S4_strategy2.npz,3400–6800,—,SURVIVAL,FP
continuous_0157_S4_strategy2.npz,5432–9897,DAYS,DAYS,TP
continuous_0157_S4_strategy2.npz,9897–14397,SURVIVAL,SURVIVAL,TP
continuous_0157_S4_strategy2.npz,14397–18563,CALENDAR,—,FN
continuous_0157_S4_strategy2.npz,17033–20433,—,CALENDAR,FP
continuous_0157_S4_strategy2.npz,18563–22928,NUMBER,NUMBER,TP
continuous_0157_S4_strategy2.npz,22928–27260,FOOD,FOOD,TP
continuous_0158_S4_strategy2.npz,0–4199,GREETING,GREETING,TP
continuous_0158_S4_strategy2.npz,4199–8227,CALENDAR,CALENDAR,TP
continuous_0158_S4_strategy2.npz,8227–12526,COLOR,COLOR,TP
continuous_0158_S4_strategy2.npz,10866–14466,—,RELATIONSHIPS,FP
continuous_0158_S4_strategy2.npz,12526–16825,RELATIONSHIPS,—,FN
continuous_0158_S4_strategy2.npz,14466–18100,—,FAMILY,FP
continuous_0158_S4_strategy2.npz,16825–21224,FAMILY,FAMILY,TP
continuous_0158_S4_strategy2.npz,21224–25356,NUMBER,NUMBER,TP
continuous_0159_S4_strategy2.npz,0–4232,GREETING,GREETING,TP
continuous_0159_S4_strategy2.npz,4232–8331,NUMBER,NUMBER,TP
continuous_0159_S4_strategy2.npz,8331–12630,DRINK,DRINK,TP
continuous_0159_S4_strategy2.npz,12630–16995,COLOR,COLOR,TP
continuous_0159_S4_strategy2.npz,16995–21227,RELATIONSHIPS,RELATIONSHIPS,TP
continuous_0159_S4_strategy2.npz,21227–25426,SURVIVAL,—,FN
continuous_0159_S4_strategy2.npz,22200–25900,—,SURVIVAL,FP
continuous_0159_S4_strategy2.npz,25426–29591,FAMILY,FAMILY,TP
continuous_0160_S4_strategy2.npz,0–4364,CALENDAR,CALENDAR,TP
continuous_0160_S4_strategy2.npz,2466–4933,—,CALENDAR,FP
continuous_0160_S4_strategy2.npz,4364–8629,FOOD,FOOD,TP
continuous_0160_S4_strategy2.npz,4933–7400,—,SURVIVAL,FP
continuous_0160_S4_strategy2.npz,8629–12761,NUMBER,NUMBER,TP
continuous_0160_S4_strategy2.npz,9866–12333,—,FAMILY,FP
continuous_0160_S4_strategy2.npz,12761–17060,SURVIVAL,SURVIVAL,TP
continuous_0160_S4_strategy2.npz,17060–21192,DAYS,DAYS,TP
continuous_0160_S4_strategy2.npz,21192–25357,FAMILY,FAMILY,TP
continuous_0160_S4_strategy2.npz,24700–27166,—,DRINK,FP
continuous_0160_S4_strategy2.npz,25357–29656,DRINK,DRINK,TP
continuous_0161_S4_strategy2.npz,0–4732,RELATIONSHIPS,RELATIONSHIPS,TP
continuous_0161_S4_strategy2.npz,2900–5833,—,COLOR,FP
continuous_0161_S4_strategy2.npz,4732–8998,COLOR,—,FN
continuous_0161_S4_strategy2.npz,5833–8733,—,NUMBER,FP
continuous_0161_S4_strategy2.npz,8998–13230,FAMILY,FAMILY,TP
continuous_0161_S4_strategy2.npz,11666–14566,—,NUMBER,FP
continuous_0161_S4_strategy2.npz,13230–17462,NUMBER,—,FN
continuous_0161_S4_strategy2.npz,14566–17500,—,FAMILY,FP
continuous_0161_S4_strategy2.npz,17462–21928,SURVIVAL,SURVIVAL,TP
continuous_0161_S4_strategy2.npz,21928–26260,DRINK,DRINK,TP
continuous_0162_S4_strategy2.npz,0–4132,FAMILY,FAMILY,TP
continuous_0162_S4_strategy2.npz,2500–5000,—,FAMILY,FP
continuous_0162_S4_strategy2.npz,4132–8331,NUMBER,NUMBER,TP
continuous_0162_S4_strategy2.npz,7533–10033,—,DAYS,FP
continuous_0162_S4_strategy2.npz,8331–12496,DAYS,—,FN
continuous_0162_S4_strategy2.npz,10033–12566,—,CALENDAR,FP
continuous_0162_S4_strategy2.npz,12496–16695,SURVIVAL,SURVIVAL,TP
continuous_0162_S4_strategy2.npz,16695–20994,GREETING,GREETING,TP
continuous_0162_S4_strategy2.npz,20994–25126,DRINK,DRINK,TP
continuous_0163_S4_strategy2.npz,0–4166,RELATIONSHIPS,RELATIONSHIPS,TP
continuous_0163_S4_strategy2.npz,3166–6333,—,COLOR,FP
continuous_0163_S4_strategy2.npz,4166–8531,COLOR,—,FN
continuous_0163_S4_strategy2.npz,8531–12630,FAMILY,FAMILY,TP
continuous_0163_S4_strategy2.npz,12630–16829,SURVIVAL,SURVIVAL,TP
continuous_0163_S4_strategy2.npz,16829–21161,FOOD,FOOD,TP
continuous_0163_S4_strategy2.npz,21161–25326,DAYS,DAYS,TP
continuous_0164_S4_strategy2.npz,0–4166,CALENDAR,CALENDAR,TP
continuous_0164_S4_strategy2.npz,2766–5566,—,DAYS,FP
continuous_0164_S4_strategy2.npz,4166–8365,DAYS,—,FN
continuous_0164_S4_strategy2.npz,5566–8366,—,GREETING,FP
continuous_0164_S4_strategy2.npz,8365–12897,GREETING,GREETING,TP
continuous_0164_S4_strategy2.npz,11166–13966,—,SURVIVAL,FP
continuous_0164_S4_strategy2.npz,12897–17296,DRINK,DRINK,TP
continuous_0164_S4_strategy2.npz,17296–21661,COLOR,COLOR,TP
continuous_0164_S4_strategy2.npz,19533–22333,—,RELATIONSHIPS,FP
continuous_0164_S4_strategy2.npz,21661–26226,RELATIONSHIPS,RELATIONSHIPS,TP
continuous_0164_S4_strategy2.npz,25133–27933,—,RELATIONSHIPS,FP
continuous_0164_S4_strategy2.npz,26226–30725,FOOD,FOOD,TP
continuous_0165_S4_strategy2.npz,0–4199,NUMBER,NUMBER,TP
continuous_0165_S4_strategy2.npz,4199–8966,CALENDAR,CALENDAR,TP
continuous_0165_S4_strategy2.npz,6266–9433,—,CALENDAR,FP
continuous_0165_S4_strategy2.npz,8966–13365,DRINK,DRINK,TP
continuous_0165_S4_strategy2.npz,9433–12566,—,NUMBER,FP
continuous_0165_S4_strategy2.npz,13365–17762,DAYS,—,FN
continuous_0165_S4_strategy2.npz,15733–18866,—,DAYS,FP
continuous_0165_S4_strategy2.npz,17762–22027,FOOD,FOOD,TP
continuous_0166_S4_strategy2.npz,0–4365,FOOD,FOOD,TP
continuous_0166_S4_strategy2.npz,4365–8697,COLOR,COLOR,TP
continuous_0166_S4_strategy2.npz,8697–12962,DRINK,DRINK,TP
continuous_0166_S4_strategy2.npz,11566–13900,—,NUMBER,FP
continuous_0166_S4_strategy2.npz,12962–17127,NUMBER,NUMBER,TP
continuous_0166_S4_strategy2.npz,16200–18533,—,FAMILY,FP
continuous_0166_S4_strategy2.npz,17127–21159,FAMILY,FAMILY,TP
continuous_0166_S4_strategy2.npz,20833–23166,—,FAMILY,FP
continuous_0166_S4_strategy2.npz,21159–25491,SURVIVAL,SURVIVAL,TP
continuous_0167_S4_strategy2.npz,0–4199,NUMBER,NUMBER,TP
continuous_0167_S4_strategy2.npz,4199–8398,FAMILY,FAMILY,TP
continuous_0167_S4_strategy2.npz,8398–12730,FOOD,FOOD,TP
continuous_0167_S4_strategy2.npz,12730–16896,GREETING,GREETING,TP
continuous_0167_S4_strategy2.npz,15033–17533,—,RELATIONSHIPS,FP
continuous_0167_S4_strategy2.npz,16896–21061,DAYS,DAYS,TP
continuous_0167_S4_strategy2.npz,21061–25693,DRINK,DRINK,TP
continuous_0167_S4_strategy2.npz,25033–27533,—,DRINK,FP
continuous_0167_S4_strategy2.npz,25693–30058,COLOR,COLOR,TP
continuous_0168_S4_strategy2.npz,0–4265,NUMBER,NUMBER,TP
continuous_0168_S4_strategy2.npz,4265–8464,GREETING,GREETING,TP
continuous_0168_S4_strategy2.npz,8464–12830,SURVIVAL,SURVIVAL,TP
continuous_0168_S4_strategy2.npz,12830–17095,FOOD,FOOD,TP
continuous_0168_S4_strategy2.npz,17095–21560,FAMILY,FAMILY,TP
continuous_0168_S4_strategy2.npz,21560–25925,DRINK,DRINK,TP
continuous_0168_S4_strategy2.npz,25925–30224,DAYS,DAYS,TP
continuous_0169_S4_strategy2.npz,0–3726,DAYS,DAYS,TP
continuous_0169_S4_strategy2.npz,3726–7958,SURVIVAL,SURVIVAL,TP
continuous_0169_S4_strategy2.npz,7500–10033,—,RELATIONSHIPS,FP
continuous_0169_S4_strategy2.npz,7958–12490,RELATIONSHIPS,—,FN
continuous_0169_S4_strategy2.npz,10033–12533,—,FOOD,FP
continuous_0169_S4_strategy2.npz,12490–16889,FOOD,FOOD,TP
continuous_0169_S4_strategy2.npz,16889–20855,CALENDAR,CALENDAR,TP
continuous_0169_S4_strategy2.npz,20066–22566,—,CALENDAR,FP
continuous_0169_S4_strategy2.npz,20855–25087,DRINK,DRINK,TP
continuous_0170_S4_strategy2.npz,0–4065,COLOR,COLOR,TP
continuous_0170_S4_strategy2.npz,2633–5266,—,SURVIVAL,FP
continuous_0170_S4_strategy2.npz,4065–8364,SURVIVAL,—,FN
continuous_0170_S4_strategy2.npz,5266–7900,—,CALENDAR,FP
continuous_0170_S4_strategy2.npz,8364–12563,CALENDAR,CALENDAR,TP
continuous_0170_S4_strategy2.npz,10566–13200,—,COLOR,FP
continuous_0170_S4_strategy2.npz,12563–16928,RELATIONSHIPS,RELATIONSHIPS,TP
continuous_0170_S4_strategy2.npz,15833–18466,—,RELATIONSHIPS,FP
continuous_0170_S4_strategy2.npz,16928–21127,DRINK,DRINK,TP
continuous_0171_S4_strategy2.npz,0–4232,COLOR,COLOR,TP
continuous_0171_S4_strategy2.npz,2700–5433,—,GREETING,FP
continuous_0171_S4_strategy2.npz,4232–8331,GREETING,—,FN
continuous_0171_S4_strategy2.npz,5433–8166,—,DAYS,FP
continuous_0171_S4_strategy2.npz,8166–10900,—,FAMILY,FP
continuous_0171_S4_strategy2.npz,8331–12463,DAYS,—,FN
continuous_0171_S4_strategy2.npz,10900–13633,—,FAMILY,FP
continuous_0171_S4_strategy2.npz,12463–16495,FAMILY,—,FN
continuous_0171_S4_strategy2.npz,13633–16333,—,FAMILY,FP
continuous_0171_S4_strategy2.npz,16333–19066,—,FOOD,FP
continuous_0171_S4_strategy2.npz,16495–20894,FOOD,—,FN
continuous_0171_S4_strategy2.npz,19066–21800,—,SURVIVAL,FP
continuous_0171_S4_strategy2.npz,20894–25826,RELATIONSHIPS,RELATIONSHIPS,TP
continuous_0171_S4_strategy2.npz,25826–29991,NUMBER,NUMBER,TP
continuous_0172_S4_strategy2.npz,0–4132,SURVIVAL,SURVIVAL,TP
continuous_0172_S4_strategy2.npz,4132–8265,GREETING,GREETING,TP
continuous_0172_S4_strategy2.npz,8066–10766,—,FOOD,FP
continuous_0172_S4_strategy2.npz,8265–12497,NUMBER,NUMBER,TP
continuous_0172_S4_strategy2.npz,12497–16629,DRINK,DRINK,TP
continuous_0172_S4_strategy2.npz,16629–21564,CALENDAR,CALENDAR,TP
continuous_0173_S4_strategy2.npz,0–4533,DRINK,DRINK,TP
continuous_0173_S4_strategy2.npz,4533–8598,CALENDAR,CALENDAR,TP
continuous_0173_S4_strategy2.npz,6433–9633,—,FAMILY,FP
continuous_0173_S4_strategy2.npz,8598–12863,FAMILY,—,FN
continuous_0173_S4_strategy2.npz,9633–12866,—,DRINK,FP
continuous_0173_S4_strategy2.npz,12863–17028,COLOR,COLOR,TP
continuous_0173_S4_strategy2.npz,16066–19300,—,RELATIONSHIPS,FP
continuous_0173_S4_strategy2.npz,17028–21327,RELATIONSHIPS,—,FN
continuous_0173_S4_strategy2.npz,19300–22500,—,RELATIONSHIPS,FP
continuous_0173_S4_strategy2.npz,21327–25726,SURVIVAL,SURVIVAL,TP
continuous_0174_S4_strategy2.npz,0–4232,RELATIONSHIPS,RELATIONSHIPS,TP
continuous_0174_S4_strategy2.npz,4232–8665,DRINK,DRINK,TP
continuous_0174_S4_strategy2.npz,8665–12797,SURVIVAL,SURVIVAL,TP
continuous_0174_S4_strategy2.npz,12797–17129,COLOR,COLOR,TP
continuous_0174_S4_strategy2.npz,17129–20828,FOOD,FOOD,TP
continuous_0175_S4_strategy2.npz,0–4332,COLOR,COLOR,TP
continuous_0175_S4_strategy2.npz,4332–8464,GREETING,GREETING,TP
continuous_0175_S4_strategy2.npz,8464–12530,FAMILY,FAMILY,TP
continuous_0175_S4_strategy2.npz,11133–14833,—,FAMILY,FP
continuous_0175_S4_strategy2.npz,12530–17196,DAYS,DAYS,TP
continuous_0175_S4_strategy2.npz,17196–21461,DRINK,DRINK,TP
continuous_0175_S4_strategy2.npz,21461–25993,FOOD,FOOD,TP
continuous_0176_S4_strategy2.npz,0–4265,FOOD,FOOD,TP
continuous_0176_S4_strategy2.npz,4265–8397,DRINK,DRINK,TP
continuous_0176_S4_strategy2.npz,6266–9400,—,FAMILY,FP
continuous_0176_S4_strategy2.npz,8397–12462,FAMILY,—,FN
continuous_0176_S4_strategy2.npz,9400–12533,—,DAYS,FP
continuous_0176_S4_strategy2.npz,12462–16628,DAYS,—,FN
continuous_0176_S4_strategy2.npz,12533–15666,—,RELATIONSHIPS,FP
continuous_0176_S4_strategy2.npz,16628–20893,RELATIONSHIPS,RELATIONSHIPS,TP
continuous_0176_S4_strategy2.npz,20893–25093,GREETING,GREETING,TP
continuous_0177_S4_strategy2.npz,0–4265,FAMILY,FAMILY,TP
continuous_0177_S4_strategy2.npz,2700–5433,—,DRINK,FP
continuous_0177_S4_strategy2.npz,4265–8397,DRINK,—,FN
continuous_0177_S4_strategy2.npz,5433–8166,—,GREETING,FP
continuous_0177_S4_strategy2.npz,8397–12929,GREETING,GREETING,TP
continuous_0177_S4_strategy2.npz,10866–13600,—,COLOR,FP
continuous_0177_S4_strategy2.npz,12929–17128,DAYS,DAYS,TP
continuous_0177_S4_strategy2.npz,16333–19066,—,RELATIONSHIPS,FP
continuous_0177_S4_strategy2.npz,17128–21460,RELATIONSHIPS,—,FN
continuous_0177_S4_strategy2.npz,19066–21766,—,SURVIVAL,FP
continuous_0177_S4_strategy2.npz,21460–25792,COLOR,COLOR,TP
continuous_0177_S4_strategy2.npz,24500–27233,—,RELATIONSHIPS,FP
continuous_0177_S4_strategy2.npz,25792–29957,FOOD,FOOD,TP
continuous_0178_S4_strategy2.npz,0–4332,RELATIONSHIPS,RELATIONSHIPS,TP
continuous_0178_S4_strategy2.npz,2600–5233,—,FOOD,FP
continuous_0178_S4_strategy2.npz,4332–8564,FOOD,—,FN
continuous_0178_S4_strategy2.npz,5233–7866,—,COLOR,FP
continuous_0178_S4_strategy2.npz,7866–10500,—,DAYS,FP
continuous_0178_S4_strategy2.npz,8564–12663,DAYS,—,FN
continuous_0178_S4_strategy2.npz,10500–13100,—,RELATIONSHIPS,FP
continuous_0178_S4_strategy2.npz,12663–16895,GREETING,GREETING,TP
continuous_0178_S4_strategy2.npz,15733–18366,—,CALENDAR,FP
continuous_0178_S4_strategy2.npz,16895–20994,CALENDAR,CALENDAR,TP
continuous_0179_S4_strategy2.npz,0–4199,DAYS,DAYS,TP
continuous_0179_S4_strategy2.npz,4199–8531,COLOR,COLOR,TP
continuous_0179_S4_strategy2.npz,8531–12730,FOOD,FOOD,TP
continuous_0179_S4_strategy2.npz,10933–14600,—,SURVIVAL,FP
continuous_0179_S4_strategy2.npz,12730–16962,SURVIVAL,—,FN
continuous_0179_S4_strategy2.npz,14600–18233,—,NUMBER,FP
continuous_0179_S4_strategy2.npz,16962–21294,RELATIONSHIPS,RELATIONSHIPS,TP
continuous_0179_S4_strategy2.npz,21294–25559,NUMBER,NUMBER,TP
continuous_0180_S4_strategy2.npz,0–4266,—,FAMILY,FP
continuous_0180_S4_strategy2.npz,0–4065,FAMILY,—,FN
continuous_0180_S4_strategy2.npz,4065–8197,NUMBER,NUMBER,TP
continuous_0180_S4_strategy2.npz,8197–12396,FOOD,FOOD,TP
continuous_0180_S4_strategy2.npz,12396–17128,DRINK,DRINK,TP
continuous_0180_S4_strategy2.npz,17128–21360,COLOR,COLOR,TP
continuous_0180_S4_strategy2.npz,21360–25492,DAYS,DAYS,TP
continuous_0180_S4_strategy2.npz,25492–29956,CALENDAR,CALENDAR,TP
continuous_0181_S4_strategy2.npz,0–4265,FOOD,FOOD,TP
continuous_0181_S4_strategy2.npz,4265–8364,DRINK,DRINK,TP
continuous_0181_S4_strategy2.npz,8364–12529,GREETING,GREETING,TP
continuous_0181_S4_strategy2.npz,12529–16761,DAYS,DAYS,TP
continuous_0181_S4_strategy2.npz,16761–20960,CALENDAR,CALENDAR,TP
continuous_0181_S4_strategy2.npz,20960–25159,NUMBER,NUMBER,TP
continuous_0182_S4_strategy2.npz,0–4299,RELATIONSHIPS,RELATIONSHIPS,TP
continuous_0182_S4_strategy2.npz,4299–9332,SURVIVAL,SURVIVAL,TP
continuous_0182_S4_strategy2.npz,6100–9166,—,DRINK,FP
continuous_0182_S4_strategy2.npz,9166–12233,—,RELATIONSHIPS,FP
continuous_0182_S4_strategy2.npz,9332–13531,GREETING,GREETING,TP
continuous_0182_S4_strategy2.npz,13531–17963,NUMBER,NUMBER,TP
continuous_0182_S4_strategy2.npz,17963–22195,COLOR,COLOR,TP
continuous_0182_S4_strategy2.npz,22195–26394,DRINK,DRINK,TP
continuous_0182_S4_strategy2.npz,26394–30593,FAMILY,FAMILY,TP
continuous_0183_S4_strategy2.npz,0–4165,NUMBER,NUMBER,TP
continuous_0183_S4_strategy2.npz,4165–8597,RELATIONSHIPS,RELATIONSHIPS,TP
continuous_0183_S4_strategy2.npz,8597–12762,DRINK,DRINK,TP
continuous_0183_S4_strategy2.npz,12762–16894,FAMILY,FAMILY,TP
continuous_0183_S4_strategy2.npz,16894–20959,CALENDAR,FAMILY,TP
continuous_0183_S4_strategy2.npz,20959–25058,SURVIVAL,SURVIVAL,TP
continuous_0184_S4_strategy2.npz,0–4199,NUMBER,NUMBER,TP
continuous_0184_S4_strategy2.npz,2400–4800,—,COLOR,FP
continuous_0184_S4_strategy2.npz,4199–8431,COLOR,—,FN
continuous_0184_S4_strategy2.npz,4800–9633,—,DRINK,FP
continuous_0184_S4_strategy2.npz,8431–12563,DRINK,—,FN
continuous_0184_S4_strategy2.npz,9633–14466,—,RELATIONSHIPS,FP
continuous_0184_S4_strategy2.npz,12563–17170,RELATIONSHIPS,—,FN
continuous_0184_S4_strategy2.npz,17170–21433,DAYS,DAYS,TP
continuous_0184_S4_strategy2.npz,19300–21700,—,RELATIONSHIPS,FP
continuous_0184_S4_strategy2.npz,21433–27065,FOOD,FOOD,TP
continuous_0184_S4_strategy2.npz,21700–24100,—,COLOR,FP
continuous_0184_S4_strategy2.npz,26533–28933,—,COLOR,FP
continuous_0184_S4_strategy2.npz,27065–31331,CALENDAR,CALENDAR,TP
continuous_0185_S4_strategy2.npz,0–4199,DAYS,DAYS,TP
continuous_0185_S4_strategy2.npz,4199–8398,SURVIVAL,SURVIVAL,TP
continuous_0185_S4_strategy2.npz,6566–9866,—,NUMBER,FP
continuous_0185_S4_strategy2.npz,8398–12563,NUMBER,—,FN
continuous_0185_S4_strategy2.npz,9866–13133,—,FAMILY,FP
continuous_0185_S4_strategy2.npz,12563–16662,FAMILY,—,FN
continuous_0185_S4_strategy2.npz,13133–16433,—,DRINK,FP
continuous_0185_S4_strategy2.npz,16433–19733,—,CALENDAR,FP
continuous_0185_S4_strategy2.npz,16662–20927,DRINK,—,FN
continuous_0185_S4_strategy2.npz,20927–25059,CALENDAR,CALENDAR,TP
continuous_0185_S4_strategy2.npz,23000–26300,—,CALENDAR,FP
continuous_0185_S4_strategy2.npz,25059–29657,COLOR,COLOR,TP
continuous_0186_S4_strategy2.npz,0–4165,COLOR,COLOR,TP
continuous_0186_S4_strategy2.npz,2766–5566,—,DAYS,FP
continuous_0186_S4_strategy2.npz,4165–8330,DAYS,—,FN
continuous_0186_S4_strategy2.npz,5566–8366,—,FAMILY,FP
continuous_0186_S4_strategy2.npz,8330–12529,FAMILY,FAMILY,TP
continuous_0186_S4_strategy2.npz,12529–16728,NUMBER,NUMBER,TP
continuous_0186_S4_strategy2.npz,16728–20893,GREETING,GREETING,TP
continuous_0186_S4_strategy2.npz,19500–22300,—,SURVIVAL,FP
continuous_0186_S4_strategy2.npz,20893–25092,DRINK,DRINK,TP
continuous_0187_S4_strategy2.npz,0–4199,DAYS,DAYS,TP
continuous_0187_S4_strategy2.npz,2666–5366,—,NUMBER,FP
continuous_0187_S4_strategy2.npz,4199–8431,GREETING,GREETING,TP
continuous_0187_S4_strategy2.npz,8033–10733,—,DRINK,FP
continuous_0187_S4_strategy2.npz,8431–12630,FOOD,FOOD,TP
continuous_0187_S4_strategy2.npz,12630–17029,FAMILY,FAMILY,TP
continuous_0187_S4_strategy2.npz,13400–16100,—,COLOR,FP
continuous_0187_S4_strategy2.npz,17029–21461,DRINK,DRINK,TP
continuous_0188_S4_strategy2.npz,0–4365,RELATIONSHIPS,RELATIONSHIPS,TP
continuous_0188_S4_strategy2.npz,4365–8664,FOOD,FOOD,TP
continuous_0188_S4_strategy2.npz,8664–12863,NUMBER,NUMBER,TP
continuous_0188_S4_strategy2.npz,12863–17095,FAMILY,FAMILY,TP
continuous_0188_S4_strategy2.npz,17095–21327,DAYS,DAYS,TP
continuous_0188_S4_strategy2.npz,20366–22900,—,COLOR,FP
continuous_0188_S4_strategy2.npz,21327–25559,COLOR,COLOR,TP
continuous_0188_S4_strategy2.npz,25466–30566,—,FAMILY,FP
continuous_0188_S4_strategy2.npz,25559–30558,CALENDAR,—,FN
continuous_0189_S4_strategy2.npz,0–4165,NUMBER,NUMBER,TP
continuous_0189_S4_strategy2.npz,4165–8330,DRINK,DRINK,TP
continuous_0189_S4_strategy2.npz,8330–13195,RELATIONSHIPS,RELATIONSHIPS,TP
continuous_0189_S4_strategy2.npz,11133–13933,—,RELATIONSHIPS,FP
continuous_0189_S4_strategy2.npz,13195–17227,CALENDAR,CALENDAR,TP
continuous_0189_S4_strategy2.npz,16700–19500,—,COLOR,FP
continuous_0189_S4_strategy2.npz,17227–21359,FOOD,—,FN
continuous_0189_S4_strategy2.npz,19500–22300,—,SURVIVAL,FP
continuous_0189_S4_strategy2.npz,21359–25959,GREETING,GREETING,TP
continuous_0189_S4_strategy2.npz,25959–30658,COLOR,COLOR,TP
continuous_0190_S4_strategy2.npz,0–4133,DRINK,DRINK,TP
continuous_0190_S4_strategy2.npz,4133–8398,RELATIONSHIPS,RELATIONSHIPS,TP
continuous_0190_S4_strategy2.npz,7633–10200,—,RELATIONSHIPS,FP
continuous_0190_S4_strategy2.npz,8398–12563,FAMILY,FAMILY,TP
continuous_0190_S4_strategy2.npz,12563–16795,NUMBER,NUMBER,TP
continuous_0190_S4_strategy2.npz,12733–15300,—,NUMBER,FP
continuous_0190_S4_strategy2.npz,16795–21127,COLOR,—,FN
continuous_0190_S4_strategy2.npz,17833–20400,—,GREETING,FP
continuous_0190_S4_strategy2.npz,20400–22933,—,COLOR,FP
continuous_0190_S4_strategy2.npz,21127–25492,CALENDAR,CALENDAR,TP
continuous_0191_S4_strategy2.npz,0–4199,SURVIVAL,SURVIVAL,TP
continuous_0191_S4_strategy2.npz,3000–6000,—,DRINK,FP
continuous_0191_S4_strategy2.npz,4199–8331,DRINK,—,FN
continuous_0191_S4_strategy2.npz,6000–9000,—,COLOR,FP
continuous_0191_S4_strategy2.npz,8331–12863,GREETING,GREETING,TP
continuous_0191_S4_strategy2.npz,12863–17228,RELATIONSHIPS,RELATIONSHIPS,TP
continuous_0191_S4_strategy2.npz,17228–21427,NUMBER,NUMBER,TP
continuous_0191_S4_strategy2.npz,21427–25759,COLOR,COLOR,TP
continuous_0191_S4_strategy2.npz,25759–29991,CALENDAR,CALENDAR,TP
continuous_0192_S4_strategy2.npz,0–4032,DRINK,DRINK,TP
continuous_0192_S4_strategy2.npz,4032–8197,DAYS,DAYS,TP
continuous_0192_S4_strategy2.npz,8197–12329,FAMILY,FAMILY,TP
continuous_0192_S4_strategy2.npz,12329–16561,SURVIVAL,SURVIVAL,TP
continuous_0192_S4_strategy2.npz,16561–20793,NUMBER,NUMBER,TP
continuous_0192_S4_strategy2.npz,20793–25025,CALENDAR,CALENDAR,TP
continuous_0193_S4_strategy2.npz,0–4232,COLOR,COLOR,TP
continuous_0193_S4_strategy2.npz,3166–6366,—,FOOD,FP
continuous_0193_S4_strategy2.npz,4232–8497,FOOD,—,FN
continuous_0193_S4_strategy2.npz,6366–9533,—,CALENDAR,FP
continuous_0193_S4_strategy2.npz,8497–12596,CALENDAR,—,FN
continuous_0193_S4_strategy2.npz,12596–16862,SURVIVAL,SURVIVAL,TP
continuous_0193_S4_strategy2.npz,16862–21061,FAMILY,FAMILY,TP
continuous_0193_S4_strategy2.npz,21061–25460,DRINK,DRINK,TP
continuous_0194_S4_strategy2.npz,0–4232,FOOD,FOOD,TP
continuous_0194_S4_strategy2.npz,4232–8397,CALENDAR,CALENDAR,TP
continuous_0194_S4_strategy2.npz,8397–12662,DRINK,DRINK,TP
continuous_0194_S4_strategy2.npz,12662–16794,NUMBER,NUMBER,TP
continuous_0194_S4_strategy2.npz,16794–20993,FAMILY,FAMILY,TP
continuous_0194_S4_strategy2.npz,18900–22033,—,FAMILY,FP
continuous_0194_S4_strategy2.npz,20993–25192,DAYS,DAYS,TP
continuous_0195_S4_strategy2.npz,0–4265,SURVIVAL,SURVIVAL,TP
continuous_0195_S4_strategy2.npz,3000–6000,—,FAMILY,FP
continuous_0195_S4_strategy2.npz,4265–8497,GREETING,GREETING,TP
continuous_0195_S4_strategy2.npz,8497–13029,COLOR,COLOR,TP
continuous_0195_S4_strategy2.npz,9000–12000,—,COLOR,FP
continuous_0195_S4_strategy2.npz,13029–17228,DRINK,DRINK,TP
continuous_0195_S4_strategy2.npz,17228–21493,NUMBER,NUMBER,TP
continuous_0195_S4_strategy2.npz,21493–25792,CALENDAR,—,FN
continuous_0195_S4_strategy2.npz,24000–27000,—,CALENDAR,FP
continuous_0195_S4_strategy2.npz,25792–30024,FOOD,FOOD,TP
continuous_0196_S4_strategy2.npz,0–4199,DAYS,DAYS,TP
continuous_0196_S4_strategy2.npz,3166–6333,—,SURVIVAL,FP
continuous_0196_S4_strategy2.npz,4199–8331,NUMBER,NUMBER,TP
continuous_0196_S4_strategy2.npz,8331–12697,GREETING,GREETING,TP
continuous_0196_S4_strategy2.npz,12697–16996,FAMILY,FAMILY,TP
continuous_0196_S4_strategy2.npz,15833–19000,—,FAMILY,FP
continuous_0196_S4_strategy2.npz,16996–21195,SURVIVAL,—,FN
continuous_0196_S4_strategy2.npz,19000–22166,—,SURVIVAL,FP
continuous_0196_S4_strategy2.npz,21195–25327,DRINK,DRINK,TP
continuous_0197_S4_strategy2.npz,0–4232,SURVIVAL,SURVIVAL,TP
continuous_0197_S4_strategy2.npz,2833–5700,—,FAMILY,FP
continuous_0197_S4_strategy2.npz,4232–8564,FAMILY,—,FN
continuous_0197_S4_strategy2.npz,5700–8566,—,FOOD,FP
continuous_0197_S4_strategy2.npz,8564–12996,FOOD,FOOD,TP
continuous_0197_S4_strategy2.npz,12996–18128,RELATIONSHIPS,RELATIONSHIPS,TP
continuous_0197_S4_strategy2.npz,14300–17166,—,COLOR,FP
continuous_0197_S4_strategy2.npz,18128–22227,DAYS,DAYS,TP
continuous_0197_S4_strategy2.npz,22227–25759,NUMBER,SURVIVAL,TP
continuous_0198_S4_strategy2.npz,0–4165,DAYS,DAYS,TP
continuous_0198_S4_strategy2.npz,4165–8531,RELATIONSHIPS,RELATIONSHIPS,TP
continuous_0198_S4_strategy2.npz,8531–13030,COLOR,COLOR,TP
continuous_0198_S4_strategy2.npz,9200–12300,—,DRINK,FP
continuous_0198_S4_strategy2.npz,13030–17228,FAMILY,—,FN
continuous_0198_S4_strategy2.npz,15366–18433,—,FAMILY,FP
continuous_0198_S4_strategy2.npz,17228–21527,FOOD,FOOD,TP
continuous_0199_S4_strategy2.npz,0–3632,GREETING,GREETING,TP
continuous_0199_S4_strategy2.npz,2933–5866,—,FAMILY,FP
continuous_0199_S4_strategy2.npz,3632–7997,COLOR,COLOR,TP
continuous_0199_S4_strategy2.npz,7997–12296,FAMILY,FAMILY,TP
continuous_0199_S4_strategy2.npz,12296–16528,FOOD,FOOD,TP
continuous_0199_S4_strategy2.npz,14666–17600,—,RELATIONSHIPS,FP
continuous_0199_S4_strategy2.npz,16528–20827,RELATIONSHIPS,—,FN
continuous_0199_S4_strategy2.npz,17600–20533,—,GREETING,FP
continuous_0199_S4_strategy2.npz,20827–25159,DAYS,DAYS,TP
continuous_0199_S4_strategy2.npz,23466–26400,—,NUMBER,FP
continuous_0199_S4_strategy2.npz,25159–29358,DRINK,DRINK,TP
continuous_0200_S4_strategy2.npz,0–4299,COLOR,COLOR,TP
continuous_0200_S4_strategy2.npz,4299–8531,DRINK,DRINK,TP
continuous_0200_S4_strategy2.npz,8531–12730,FAMILY,FAMILY,TP
continuous_0200_S4_strategy2.npz,12730–16962,GREETING,GREETING,TP
continuous_0200_S4_strategy2.npz,16962–21227,FOOD,FOOD,TP
continuous_0201_S4_strategy2.npz,0–4166,DAYS,DAYS,TP
continuous_0201_S4_strategy2.npz,4166–8331,NUMBER,NUMBER,TP
continuous_0201_S4_strategy2.npz,6566–8766,—,DRINK,FP
continuous_0201_S4_strategy2.npz,8331–12563,RELATIONSHIPS,RELATIONSHIPS,TP
continuous_0201_S4_strategy2.npz,10966–13166,—,SURVIVAL,FP
continuous_0201_S4_strategy2.npz,12563–17628,CALENDAR,CALENDAR,TP
continuous_0201_S4_strategy2.npz,13166–15366,—,CALENDAR,FP
continuous_0201_S4_strategy2.npz,17628–21960,COLOR,COLOR,TP
continuous_0202_S4_strategy2.npz,0–4466,RELATIONSHIPS,RELATIONSHIPS,TP
continuous_0202_S4_strategy2.npz,2466–4933,—,GREETING,FP
continuous_0202_S4_strategy2.npz,4466–8665,SURVIVAL,SURVIVAL,TP
continuous_0202_S4_strategy2.npz,8665–13065,DRINK,DRINK,TP
continuous_0202_S4_strategy2.npz,9866–12333,—,FAMILY,FP
continuous_0202_S4_strategy2.npz,12333–14800,—,SURVIVAL,FP
continuous_0202_S4_strategy2.npz,13065–17430,FAMILY,—,FN
continuous_0202_S4_strategy2.npz,17430–21794,DAYS,DAYS,TP
continuous_0202_S4_strategy2.npz,21794–26126,FOOD,FOOD,TP
continuous_0202_S4_strategy2.npz,24666–27133,—,GREETING,FP
continuous_0202_S4_strategy2.npz,26126–29625,GREETING,GREETING,TP
continuous_0203_S4_strategy2.npz,0–4232,COLOR,COLOR,TP
continuous_0203_S4_strategy2.npz,4232–8364,DAYS,DAYS,TP
continuous_0203_S4_strategy2.npz,6000–9000,—,FAMILY,FP
continuous_0203_S4_strategy2.npz,8364–12630,SURVIVAL,SURVIVAL,TP
continuous_0203_S4_strategy2.npz,12630–16896,CALENDAR,CALENDAR,TP
continuous_0203_S4_strategy2.npz,15033–18033,—,SURVIVAL,FP
continuous_0203_S4_strategy2.npz,16896–21061,GREETING,GREETING,TP
continuous_0204_S4_strategy2.npz,0–4232,FOOD,FOOD,TP
continuous_0204_S4_strategy2.npz,4232–8298,DAYS,DAYS,TP
continuous_0204_S4_strategy2.npz,8298–12397,FAMILY,FAMILY,TP
continuous_0204_S4_strategy2.npz,12397–16796,RELATIONSHIPS,RELATIONSHIPS,TP
continuous_0204_S4_strategy2.npz,16796–20861,SURVIVAL,DRINK,TP
continuous_0204_S4_strategy2.npz,20861–25160,DRINK,DRINK,TP
continuous_0205_S4_strategy2.npz,0–4166,NUMBER,NUMBER,TP
continuous_0205_S4_strategy2.npz,4166–9101,CALENDAR,CALENDAR,TP
continuous_0205_S4_strategy2.npz,8433–11266,—,GREETING,FP
continuous_0205_S4_strategy2.npz,9101–13400,GREETING,—,FN
continuous_0205_S4_strategy2.npz,11266–14100,—,RELATIONSHIPS,FP
continuous_0205_S4_strategy2.npz,13400–18099,RELATIONSHIPS,—,FN
continuous_0205_S4_strategy2.npz,14100–16900,—,RELATIONSHIPS,FP
continuous_0205_S4_strategy2.npz,16900–19733,—,COLOR,FP
continuous_0205_S4_strategy2.npz,18099–22498,COLOR,—,FN
continuous_0205_S4_strategy2.npz,19733–22566,—,FOOD,FP
continuous_0205_S4_strategy2.npz,22498–26797,FOOD,—,FN
continuous_0205_S4_strategy2.npz,22566–28200,—,FOOD,FP
continuous_0205_S4_strategy2.npz,26797–31029,DRINK,—,FN
continuous_0205_S4_strategy2.npz,28200–31033,—,DRINK,FP
continuous_0206_S4_strategy2.npz,0–4099,FAMILY,FAMILY,TP
continuous_0206_S4_strategy2.npz,3000–6000,—,FAMILY,FP
continuous_0206_S4_strategy2.npz,4099–8298,NUMBER,NUMBER,TP
continuous_0206_S4_strategy2.npz,8298–12497,SURVIVAL,SURVIVAL,TP
continuous_0206_S4_strategy2.npz,12497–16729,CALENDAR,CALENDAR,TP
continuous_0206_S4_strategy2.npz,16729–21061,COLOR,COLOR,TP
continuous_0207_S4_strategy2.npz,0–4565,FAMILY,FAMILY,TP
continuous_0207_S4_strategy2.npz,4565–8697,DAYS,DAYS,TP
continuous_0207_S4_strategy2.npz,8133–10833,—,FOOD,FP
continuous_0207_S4_strategy2.npz,8697–12862,FOOD,—,FN
continuous_0207_S4_strategy2.npz,10833–13566,—,COLOR,FP
continuous_0207_S4_strategy2.npz,12862–17061,CALENDAR,CALENDAR,TP
continuous_0207_S4_strategy2.npz,17061–21493,GREETING,GREETING,TP
continuous_0207_S4_strategy2.npz,21493–25792,RELATIONSHIPS,—,FN
continuous_0207_S4_strategy2.npz,21700–24433,—,SURVIVAL,FP
continuous_0207_S4_strategy2.npz,24433–27133,—,RELATIONSHIPS,FP
continuous_0207_S4_strategy2.npz,25792–29858,DRINK,DRINK,TP
continuous_0208_S4_strategy2.npz,0–4632,COLOR,COLOR,TP
continuous_0208_S4_strategy2.npz,4632–8931,RELATIONSHIPS,RELATIONSHIPS,TP
continuous_0208_S4_strategy2.npz,8931–13096,SURVIVAL,SURVIVAL,TP
continuous_0208_S4_strategy2.npz,11200–14933,—,CALENDAR,FP
continuous_0208_S4_strategy2.npz,13096–17428,CALENDAR,—,FN
continuous_0208_S4_strategy2.npz,17428–21927,FOOD,FOOD,TP
continuous_0208_S4_strategy2.npz,21927–26159,GREETING,GREETING,TP
continuous_0209_S4_strategy2.npz,0–4332,FAMILY,FAMILY,TP
continuous_0209_S4_strategy2.npz,4332–8556,FOOD,FOOD,TP
continuous_0209_S4_strategy2.npz,7833–10466,—,SURVIVAL,FP
continuous_0209_S4_strategy2.npz,8556–12921,SURVIVAL,—,FN
continuous_0209_S4_strategy2.npz,10466–13100,—,COLOR,FP
continuous_0209_S4_strategy2.npz,12921–17153,DRINK,DRINK,TP
continuous_0209_S4_strategy2.npz,17153–20510,DAYS,DAYS,TP
continuous_0209_S4_strategy2.npz,20510–24542,CALENDAR,CALENDAR,TP
continuous_0209_S4_strategy2.npz,20966–23566,—,CALENDAR,FP
continuous_0209_S4_strategy2.npz,24542–28807,NUMBER,NUMBER,TP
continuous_0210_S4_strategy2.npz,0–4266,RELATIONSHIPS,RELATIONSHIPS,TP
continuous_0210_S4_strategy2.npz,4266–8565,COLOR,COLOR,TP
continuous_0210_S4_strategy2.npz,6566–9866,—,NUMBER,FP
continuous_0210_S4_strategy2.npz,8565–12764,NUMBER,NUMBER,TP
continuous_0210_S4_strategy2.npz,12764–16963,FOOD,FOOD,TP
continuous_0210_S4_strategy2.npz,16963–21162,FAMILY,FAMILY,TP
continuous_0210_S4_strategy2.npz,21162–25528,GREETING,—,FN
continuous_0210_S4_strategy2.npz,23066–26366,—,GREETING,FP
continuous_0210_S4_strategy2.npz,25528–29660,CALENDAR,CALENDAR,TP
continuous_0211_S4_strategy2.npz,0–4199,SURVIVAL,SURVIVAL,TP
continuous_0211_S4_strategy2.npz,4199–8298,FOOD,FOOD,TP
continuous_0211_S4_strategy2.npz,8298–12730,RELATIONSHIPS,RELATIONSHIPS,TP
continuous_0211_S4_strategy2.npz,12730–17029,COLOR,COLOR,TP
continuous_0211_S4_strategy2.npz,17029–21461,CALENDAR,CALENDAR,TP
continuous_0212_S4_strategy2.npz,0–4265,FAMILY,FAMILY,TP
continuous_0212_S4_strategy2.npz,4265–8464,SURVIVAL,SURVIVAL,TP
continuous_0212_S4_strategy2.npz,8464–12529,DRINK,DRINK,TP
continuous_0212_S4_strategy2.npz,12529–16728,CALENDAR,CALENDAR,TP
continuous_0212_S4_strategy2.npz,14733–18433,—,RELATIONSHIPS,FP
continuous_0212_S4_strategy2.npz,16728–20993,RELATIONSHIPS,—,FN
continuous_0212_S4_strategy2.npz,18433–22100,—,SURVIVAL,FP
continuous_0212_S4_strategy2.npz,20993–25225,COLOR,COLOR,TP
continuous_0212_S4_strategy2.npz,25225–29490,NUMBER,NUMBER,TP
continuous_0213_S4_strategy2.npz,0–4065,DAYS,DAYS,TP
continuous_0213_S4_strategy2.npz,2500–5000,—,COLOR,FP
continuous_0213_S4_strategy2.npz,4065–8497,COLOR,—,FN
continuous_0213_S4_strategy2.npz,5000–7500,—,SURVIVAL,FP
continuous_0213_S4_strategy2.npz,7500–10033,—,DRINK,FP
continuous_0213_S4_strategy2.npz,8497–12763,DRINK,—,FN
continuous_0213_S4_strategy2.npz,10033–12533,—,DRINK,FP
continuous_0213_S4_strategy2.npz,12533–17533,—,FAMILY,FP
continuous_0213_S4_strategy2.npz,12763–16862,FAMILY,—,FN
continuous_0213_S4_strategy2.npz,16862–21494,GREETING,GREETING,TP
continuous_0213_S4_strategy2.npz,20066–22566,—,NUMBER,FP
continuous_0213_S4_strategy2.npz,21494–25659,CALENDAR,CALENDAR,TP
continuous_0213_S4_strategy2.npz,25659–30091,FOOD,FOOD,TP
continuous_0214_S4_strategy2.npz,0–4566,FAMILY,FAMILY,TP
continuous_0214_S4_strategy2.npz,4566–8765,DAYS,DAYS,TP
continuous_0214_S4_strategy2.npz,8765–12964,CALENDAR,NUMBER,TP
continuous_0214_S4_strategy2.npz,12964–17397,GREETING,GREETING,TP
continuous_0214_S4_strategy2.npz,17397–21596,SURVIVAL,SURVIVAL,TP
continuous_0214_S4_strategy2.npz,21596–25787,FOOD,FOOD,TP
continuous_0215_S4_strategy2.npz,0–4132,CALENDAR,CALENDAR,TP
continuous_0215_S4_strategy2.npz,3166–6333,—,CALENDAR,FP
continuous_0215_S4_strategy2.npz,4132–8331,DRINK,DRINK,TP
continuous_0215_S4_strategy2.npz,8331–12663,FOOD,FOOD,TP
continuous_0215_S4_strategy2.npz,12663–16828,FAMILY,FAMILY,TP
continuous_0215_S4_strategy2.npz,15833–19000,—,FAMILY,FP
continuous_0215_S4_strategy2.npz,16828–21093,NUMBER,NUMBER,TP
continuous_0215_S4_strategy2.npz,21093–25358,RELATIONSHIPS,RELATIONSHIPS,TP
continuous_0216_S4_strategy2.npz,0–4265,FOOD,FOOD,TP
continuous_0216_S4_strategy2.npz,2500–5000,—,GREETING,FP
continuous_0216_S4_strategy2.npz,4265–8465,GREETING,—,FN
continuous_0216_S4_strategy2.npz,5000–7533,—,DRINK,FP
continuous_0216_S4_strategy2.npz,7533–10033,—,FAMILY,FP
continuous_0216_S4_strategy2.npz,8465–12631,FAMILY,—,FN
continuous_0216_S4_strategy2.npz,12631–16830,CALENDAR,CALENDAR,TP
continuous_0216_S4_strategy2.npz,16830–21095,COLOR,COLOR,TP
continuous_0216_S4_strategy2.npz,21095–25127,DRINK,DRINK,TP
continuous_0217_S4_strategy2.npz,0–4599,NUMBER,NUMBER,TP
continuous_0217_S4_strategy2.npz,4599–8998,DRINK,DRINK,TP
continuous_0217_S4_strategy2.npz,8998–13163,CALENDAR,CALENDAR,TP
continuous_0217_S4_strategy2.npz,13163–16961,GREETING,GREETING,TP
continuous_0217_S4_strategy2.npz,15266–18333,—,COLOR,FP
continuous_0217_S4_strategy2.npz,16961–21426,COLOR,COLOR,TP
continuous_0218_S4_strategy2.npz,0–4132,FAMILY,FAMILY,TP
continuous_0218_S4_strategy2.npz,4132–8698,SURVIVAL,SURVIVAL,TP
continuous_0218_S4_strategy2.npz,8698–13364,CALENDAR,CALENDAR,TP
continuous_0218_S4_strategy2.npz,13364–17796,RELATIONSHIPS,RELATIONSHIPS,TP
continuous_0218_S4_strategy2.npz,17796–21961,DAYS,DAYS,TP
continuous_0219_S4_strategy2.npz,0–4032,DAYS,DAYS,TP
continuous_0219_S4_strategy2.npz,2700–5400,—,COLOR,FP
continuous_0219_S4_strategy2.npz,4032–8397,COLOR,—,FN
continuous_0219_S4_strategy2.npz,5400–8100,—,RELATIONSHIPS,FP
continuous_0219_S4_strategy2.npz,8397–12662,NUMBER,NUMBER,TP
continuous_0219_S4_strategy2.npz,12662–16894,DRINK,DRINK,TP
continuous_0219_S4_strategy2.npz,16894–21259,FAMILY,FAMILY,TP
continuous_0219_S4_strategy2.npz,21259–25491,FOOD,FOOD,TP
continuous_0219_S4_strategy2.npz,21666–24366,—,COLOR,FP
continuous_0219_S4_strategy2.npz,25491–29790,SURVIVAL,SURVIVAL,TP
continuous_0220_S4_strategy2.npz,0–4265,COLOR,COLOR,TP
continuous_0220_S4_strategy2.npz,4265–8497,RELATIONSHIPS,RELATIONSHIPS,TP
continuous_0220_S4_strategy2.npz,8497–12796,DRINK,DRINK,TP
continuous_0220_S4_strategy2.npz,12796–16728,GREETING,GREETING,TP
continuous_0220_S4_strategy2.npz,14833–17300,—,SURVIVAL,FP
continuous_0220_S4_strategy2.npz,16728–20927,SURVIVAL,SURVIVAL,TP
continuous_0220_S4_strategy2.npz,20927–25226,CALENDAR,CALENDAR,TP
continuous_0220_S4_strategy2.npz,25226–29658,FOOD,FOOD,TP
continuous_0221_S4_strategy2.npz,0–4265,CALENDAR,CALENDAR,TP
continuous_0221_S4_strategy2.npz,2400–4833,—,CALENDAR,FP
continuous_0221_S4_strategy2.npz,4265–8564,FOOD,FOOD,TP
continuous_0221_S4_strategy2.npz,8564–12863,COLOR,COLOR,TP
continuous_0221_S4_strategy2.npz,12863–17062,NUMBER,NUMBER,TP
continuous_0221_S4_strategy2.npz,17062–21861,GREETING,GREETING,TP
continuous_0222_S4_strategy2.npz,0–4399,GREETING,GREETING,TP
continuous_0222_S4_strategy2.npz,2700–5400,—,FAMILY,FP
continuous_0222_S4_strategy2.npz,4399–8631,FOOD,COLOR,TP
continuous_0222_S4_strategy2.npz,8133–10833,—,FOOD,FP
continuous_0222_S4_strategy2.npz,8631–12863,DRINK,DRINK,TP
continuous_0222_S4_strategy2.npz,12863–17462,RELATIONSHIPS,RELATIONSHIPS,TP
continuous_0222_S4_strategy2.npz,17462–21694,COLOR,COLOR,TP
continuous_0223_S4_strategy2.npz,0–4600,GREETING,GREETING,TP
continuous_0223_S4_strategy2.npz,2400–4833,—,DAYS,FP
continuous_0223_S4_strategy2.npz,4600–8699,NUMBER,NUMBER,TP
continuous_0223_S4_strategy2.npz,7233–9666,—,CALENDAR,FP
continuous_0223_S4_strategy2.npz,8699–12964,FOOD,FOOD,TP
continuous_0223_S4_strategy2.npz,12066–14500,—,COLOR,FP
continuous_0223_S4_strategy2.npz,12964–17330,RELATIONSHIPS,RELATIONSHIPS,TP
continuous_0223_S4_strategy2.npz,17330–21763,DRINK,DRINK,TP
continuous_0224_S4_strategy2.npz,0–4332,GREETING,GREETING,TP
continuous_0224_S4_strategy2.npz,4332–8564,FOOD,FOOD,TP
continuous_0224_S4_strategy2.npz,8564–12596,FAMILY,FAMILY,TP
continuous_0224_S4_strategy2.npz,12596–16761,DAYS,DAYS,TP
continuous_0224_S4_strategy2.npz,12833–15400,—,RELATIONSHIPS,FP
continuous_0224_S4_strategy2.npz,16761–22065,CALENDAR,CALENDAR,TP
continuous_0224_S4_strategy2.npz,22065–26631,RELATIONSHIPS,RELATIONSHIPS,TP
continuous_0224_S4_strategy2.npz,23100–25666,—,CALENDAR,FP
continuous_0224_S4_strategy2.npz,26631–30830,NUMBER,NUMBER,TP
continuous_0225_S4_strategy2.npz,0–4332,GREETING,GREETING,TP
continuous_0225_S4_strategy2.npz,4332–8464,FAMILY,FAMILY,TP
continuous_0225_S4_strategy2.npz,8464–12696,DRINK,DRINK,TP
continuous_0225_S4_strategy2.npz,12696–16828,SURVIVAL,SURVIVAL,TP
continuous_0225_S4_strategy2.npz,16828–21093,CALENDAR,CALENDAR,TP
continuous_0225_S4_strategy2.npz,21093–25558,RELATIONSHIPS,RELATIONSHIPS,TP
continuous_0226_S4_strategy2.npz,0–4266,DRINK,DRINK,TP
continuous_0226_S4_strategy2.npz,2766–5566,—,RELATIONSHIPS,FP
continuous_0226_S4_strategy2.npz,4266–8565,RELATIONSHIPS,—,FN
continuous_0226_S4_strategy2.npz,5566–8333,—,RELATIONSHIPS,FP
continuous_0226_S4_strategy2.npz,8565–12864,COLOR,COLOR,TP
continuous_0226_S4_strategy2.npz,11133–13900,—,DAYS,FP
continuous_0226_S4_strategy2.npz,12864–17296,GREETING,GREETING,TP
continuous_0226_S4_strategy2.npz,17296–21428,SURVIVAL,SURVIVAL,TP
continuous_0226_S4_strategy2.npz,21428–25660,NUMBER,NUMBER,TP
continuous_0226_S4_strategy2.npz,25033–27833,—,CALENDAR,FP
continuous_0226_S4_strategy2.npz,25660–30626,CALENDAR,CALENDAR,TP
continuous_0227_S4_strategy2.npz,0–4299,DRINK,DRINK,TP
continuous_0227_S4_strategy2.npz,4299–8698,RELATIONSHIPS,RELATIONSHIPS,TP
continuous_0227_S4_strategy2.npz,7900–10533,—,SURVIVAL,FP
continuous_0227_S4_strategy2.npz,8698–13130,COLOR,COLOR,TP
continuous_0227_S4_strategy2.npz,13130–17663,GREETING,GREETING,TP
continuous_0227_S4_strategy2.npz,17663–21928,DAYS,NUMBER,TP
continuous_0227_S4_strategy2.npz,21928–26327,SURVIVAL,SURVIVAL,TP
continuous_0228_S4_strategy2.npz,0–4132,SURVIVAL,SURVIVAL,TP
continuous_0228_S4_strategy2.npz,4132–8498,RELATIONSHIPS,RELATIONSHIPS,TP
continuous_0228_S4_strategy2.npz,8498–12663,CALENDAR,CALENDAR,TP
continuous_0228_S4_strategy2.npz,11133–14866,—,FOOD,FP
continuous_0228_S4_strategy2.npz,12663–16895,FOOD,FOOD,TP
continuous_0228_S4_strategy2.npz,16895–21060,DAYS,DAYS,TP
continuous_0228_S4_strategy2.npz,21060–25559,COLOR,COLOR,TP
continuous_0228_S4_strategy2.npz,25559–29724,DRINK,DRINK,TP
continuous_0229_S4_strategy2.npz,0–4399,RELATIONSHIPS,RELATIONSHIPS,TP
continuous_0229_S4_strategy2.npz,4399–8731,CALENDAR,CALENDAR,TP
continuous_0229_S4_strategy2.npz,7733–10300,—,SURVIVAL,FP
continuous_0229_S4_strategy2.npz,8731–13663,FOOD,FOOD,TP
continuous_0229_S4_strategy2.npz,13663–18095,GREETING,—,FN
continuous_0229_S4_strategy2.npz,18033–20600,—,GREETING,FP
continuous_0229_S4_strategy2.npz,18095–22327,FAMILY,CALENDAR,TP
continuous_0229_S4_strategy2.npz,22327–26626,SURVIVAL,—,FN
continuous_0229_S4_strategy2.npz,25766–28333,—,SURVIVAL,FP
continuous_0229_S4_strategy2.npz,26626–30925,DRINK,DRINK,TP
continuous_0230_S4_strategy2.npz,0–4265,FOOD,FOOD,TP
continuous_0230_S4_strategy2.npz,4265–8531,DRINK,DRINK,TP
continuous_0230_S4_strategy2.npz,8531–12762,DAYS,DAYS,TP
continuous_0230_S4_strategy2.npz,12762–16694,CALENDAR,CALENDAR,TP
continuous_0230_S4_strategy2.npz,16694–20859,NUMBER,NUMBER,TP
continuous_0230_S4_strategy2.npz,20859–25158,COLOR,—,FN
continuous_0230_S4_strategy2.npz,24400–26833,—,COLOR,FP
continuous_0230_S4_strategy2.npz,25158–29357,SURVIVAL,SURVIVAL,TP
continuous_0231_S4_strategy2.npz,0–4165,SURVIVAL,SURVIVAL,TP
continuous_0231_S4_strategy2.npz,4165–8331,DAYS,DAYS,TP
continuous_0231_S4_strategy2.npz,8331–12830,CALENDAR,CALENDAR,TP
continuous_0231_S4_strategy2.npz,12830–17129,FOOD,FOOD,TP
continuous_0231_S4_strategy2.npz,17129–21461,DRINK,DRINK,TP
continuous_0232_S4_strategy2.npz,0–4199,GREETING,GREETING,TP
continuous_0232_S4_strategy2.npz,4199–8264,NUMBER,NUMBER,TP
continuous_0232_S4_strategy2.npz,8264–12796,CALENDAR,CALENDAR,TP
continuous_0232_S4_strategy2.npz,12796–16995,SURVIVAL,SURVIVAL,TP
continuous_0232_S4_strategy2.npz,16995–21127,DAYS,DAYS,TP
continuous_0233_S4_strategy2.npz,0–4532,COLOR,COLOR,TP
continuous_0233_S4_strategy2.npz,2733–5466,—,RELATIONSHIPS,FP
continuous_0233_S4_strategy2.npz,4532–8831,FOOD,FOOD,TP
continuous_0233_S4_strategy2.npz,8831–13196,GREETING,GREETING,TP
continuous_0233_S4_strategy2.npz,13196–17395,DRINK,DRINK,TP
continuous_0233_S4_strategy2.npz,13666–16400,—,DRINK,FP
continuous_0233_S4_strategy2.npz,17395–21894,RELATIONSHIPS,RELATIONSHIPS,TP
continuous_0234_S4_strategy2.npz,0–4399,GREETING,GREETING,TP
continuous_0234_S4_strategy2.npz,4399–8731,CALENDAR,CALENDAR,TP
continuous_0234_S4_strategy2.npz,8731–12963,RELATIONSHIPS,RELATIONSHIPS,TP
continuous_0234_S4_strategy2.npz,12500–15000,—,FAMILY,FP
continuous_0234_S4_strategy2.npz,12963–16995,FAMILY,—,FN
continuous_0234_S4_strategy2.npz,15000–17500,—,FAMILY,FP
continuous_0234_S4_strategy2.npz,16995–21127,NUMBER,NUMBER,TP
continuous_0234_S4_strategy2.npz,20000–22500,—,NUMBER,FP
continuous_0234_S4_strategy2.npz,21127–25459,DRINK,DRINK,TP
continuous_0234_S4_strategy2.npz,25000–27500,—,NUMBER,FP
continuous_0234_S4_strategy2.npz,25459–29991,DAYS,DAYS,TP
continuous_0235_S4_strategy2.npz,0–4299,FAMILY,FAMILY,TP
continuous_0235_S4_strategy2.npz,2500–5033,—,COLOR,FP
continuous_0235_S4_strategy2.npz,4299–8698,FOOD,FOOD,TP
continuous_0235_S4_strategy2.npz,7566–10100,—,COLOR,FP
continuous_0235_S4_strategy2.npz,8698–12997,DRINK,DRINK,TP
continuous_0235_S4_strategy2.npz,12997–17529,COLOR,COLOR,TP
continuous_0235_S4_strategy2.npz,17529–21826,CALENDAR,CALENDAR,TP
continuous_0235_S4_strategy2.npz,20200–22733,—,COLOR,FP
continuous_0235_S4_strategy2.npz,21826–26258,RELATIONSHIPS,RELATIONSHIPS,TP
continuous_0235_S4_strategy2.npz,26258–30324,NUMBER,NUMBER,TP
continuous_0236_S4_strategy2.npz,0–4165,FAMILY,FAMILY,TP
continuous_0236_S4_strategy2.npz,2800–5633,—,COLOR,FP
continuous_0236_S4_strategy2.npz,4165–8530,COLOR,—,FN
continuous_0236_S4_strategy2.npz,5633–8466,—,RELATIONSHIPS,FP
continuous_0236_S4_strategy2.npz,8530–12662,NUMBER,NUMBER,TP
continuous_0236_S4_strategy2.npz,11300–14133,—,SURVIVAL,FP
continuous_0236_S4_strategy2.npz,12662–16861,SURVIVAL,—,FN
continuous_0236_S4_strategy2.npz,14133–16966,—,CALENDAR,FP
continuous_0236_S4_strategy2.npz,16861–21160,CALENDAR,CALENDAR,TP
continuous_0236_S4_strategy2.npz,19800–22633,—,FOOD,FP
continuous_0236_S4_strategy2.npz,21160–25459,FOOD,FOOD,TP
continuous_0237_S4_strategy2.npz,0–4165,DAYS,DAYS,TP
continuous_0237_S4_strategy2.npz,4165–8497,DRINK,DRINK,TP
continuous_0237_S4_strategy2.npz,8497–12829,GREETING,GREETING,TP
continuous_0237_S4_strategy2.npz,12829–17061,RELATIONSHIPS,RELATIONSHIPS,TP
continuous_0237_S4_strategy2.npz,17061–21226,NUMBER,NUMBER,TP
continuous_0238_S4_strategy2.npz,0–5132,DRINK,COLOR,TP
continuous_0238_S4_strategy2.npz,2600–5233,—,RELATIONSHIPS,FP
continuous_0238_S4_strategy2.npz,5132–9497,COLOR,COLOR,TP
continuous_0238_S4_strategy2.npz,7866–10500,—,SURVIVAL,FP
continuous_0238_S4_strategy2.npz,9497–13662,SURVIVAL,—,FN
continuous_0238_S4_strategy2.npz,10500–13133,—,NUMBER,FP
continuous_0238_S4_strategy2.npz,13133–15733,—,NUMBER,FP
continuous_0238_S4_strategy2.npz,13662–17861,NUMBER,—,FN
continuous_0238_S4_strategy2.npz,15733–18366,—,FAMILY,FP
continuous_0238_S4_strategy2.npz,17861–22026,DAYS,DAYS,TP
continuous_0238_S4_strategy2.npz,22026–26258,FOOD,FOOD,TP
continuous_0239_S4_strategy2.npz,0–4265,FOOD,FOOD,TP
continuous_0239_S4_strategy2.npz,4265–8730,NUMBER,NUMBER,TP
continuous_0239_S4_strategy2.npz,7366–11033,—,FAMILY,FP
continuous_0239_S4_strategy2.npz,8730–13095,RELATIONSHIPS,RELATIONSHIPS,TP
continuous_0239_S4_strategy2.npz,13095–17358,CALENDAR,CALENDAR,TP
continuous_0239_S4_strategy2.npz,17358–21590,COLOR,COLOR,TP
continuous_0239_S4_strategy2.npz,21590–25789,FAMILY,—,FN
continuous_0239_S4_strategy2.npz,22100–25800,—,FAMILY,FP
continuous_0240_S4_strategy2.npz,0–4299,SURVIVAL,SURVIVAL,TP
continuous_0240_S4_strategy2.npz,4299–8365,GREETING,GREETING,TP
continuous_0240_S4_strategy2.npz,8365–12630,COLOR,COLOR,TP
continuous_0240_S4_strategy2.npz,12630–16895,FAMILY,FAMILY,TP
continuous_0240_S4_strategy2.npz,16895–21260,FOOD,FOOD,TP
continuous_0240_S4_strategy2.npz,21260–25392,CALENDAR,CALENDAR,TP
continuous_0240_S4_strategy2.npz,25392–29558,NUMBER,NUMBER,TP
continuous_0241_S4_strategy2.npz,0–4166,DRINK,DRINK,TP
continuous_0241_S4_strategy2.npz,4166–8365,CALENDAR,CALENDAR,TP
continuous_0241_S4_strategy2.npz,8365–12497,DAYS,DAYS,TP
continuous_0241_S4_strategy2.npz,10433–13933,—,SURVIVAL,FP
continuous_0241_S4_strategy2.npz,12497–16662,SURVIVAL,—,FN
continuous_0241_S4_strategy2.npz,13933–17400,—,GREETING,FP
continuous_0241_S4_strategy2.npz,16662–20894,FAMILY,FAMILY,TP
continuous_0242_S4_strategy2.npz,0–4099,DAYS,DAYS,TP
continuous_0242_S4_strategy2.npz,2433–4900,—,FAMILY,FP
continuous_0242_S4_strategy2.npz,4099–8265,FAMILY,FAMILY,TP
continuous_0242_S4_strategy2.npz,7366–9833,—,FAMILY,FP
continuous_0242_S4_strategy2.npz,8265–12531,GREETING,GREETING,TP
continuous_0242_S4_strategy2.npz,12531–16730,NUMBER,NUMBER,TP
continuous_0242_S4_strategy2.npz,16730–20896,FOOD,—,FN
continuous_0242_S4_strategy2.npz,17200–19666,—,FOOD,FP
continuous_0242_S4_strategy2.npz,19666–22133,—,FOOD,FP
continuous_0242_S4_strategy2.npz,20896–25228,RELATIONSHIPS,RELATIONSHIPS,TP
continuous_0242_S4_strategy2.npz,24600–27066,—,RELATIONSHIPS,FP
continuous_0242_S4_strategy2.npz,25228–29527,COLOR,COLOR,TP
continuous_0243_S4_strategy2.npz,0–4565,RELATIONSHIPS,RELATIONSHIPS,TP
continuous_0243_S4_strategy2.npz,4565–8630,DRINK,DRINK,TP
continuous_0243_S4_strategy2.npz,8630–12962,GREETING,GREETING,TP
continuous_0243_S4_strategy2.npz,12962–17161,NUMBER,NUMBER,TP
continuous_0243_S4_strategy2.npz,17161–21260,FOOD,FOOD,TP
continuous_0243_S4_strategy2.npz,17733–20666,—,NUMBER,FP
continuous_0243_S4_strategy2.npz,21260–25425,COLOR,COLOR,TP
continuous_0243_S4_strategy2.npz,25425–29557,FAMILY,FAMILY,TP
continuous_0244_S4_strategy2.npz,0–4265,FOOD,FOOD,TP
continuous_0244_S4_strategy2.npz,4265–8464,GREETING,GREETING,TP
continuous_0244_S4_strategy2.npz,6300–9466,—,CALENDAR,FP
continuous_0244_S4_strategy2.npz,8464–12663,CALENDAR,—,FN
continuous_0244_S4_strategy2.npz,9466–12633,—,DRINK,FP
continuous_0244_S4_strategy2.npz,12633–15800,—,NUMBER,FP
continuous_0244_S4_strategy2.npz,12663–16895,DRINK,—,FN
continuous_0244_S4_strategy2.npz,16895–21060,NUMBER,NUMBER,TP
continuous_0244_S4_strategy2.npz,18966–22133,—,NUMBER,FP
continuous_0244_S4_strategy2.npz,21060–25292,COLOR,COLOR,TP
continuous_0245_S4_strategy2.npz,0–4199,CALENDAR,CALENDAR,TP
continuous_0245_S4_strategy2.npz,2700–5400,—,FAMILY,FP
continuous_0245_S4_strategy2.npz,4199–8564,FAMILY,—,FN
continuous_0245_S4_strategy2.npz,5400–8133,—,RELATIONSHIPS,FP
continuous_0245_S4_strategy2.npz,8564–12763,FOOD,FOOD,TP
continuous_0245_S4_strategy2.npz,12763–17495,SURVIVAL,SURVIVAL,TP
continuous_0245_S4_strategy2.npz,16266–18966,—,SURVIVAL,FP
continuous_0245_S4_strategy2.npz,17495–21660,NUMBER,NUMBER,TP
continuous_0245_S4_strategy2.npz,21660–25759,DRINK,DRINK,TP
continuous_0245_S4_strategy2.npz,25759–29825,DAYS,DAYS,TP
continuous_0246_S4_strategy2.npz,0–4767,DAYS,DAYS,TP
continuous_0246_S4_strategy2.npz,4767–8999,RELATIONSHIPS,RELATIONSHIPS,TP
continuous_0246_S4_strategy2.npz,7400–11100,—,SURVIVAL,FP
continuous_0246_S4_strategy2.npz,8999–13165,FAMILY,FAMILY,TP
continuous_0246_S4_strategy2.npz,13165–17497,COLOR,COLOR,TP
continuous_0246_S4_strategy2.npz,17497–21730,GREETING,GREETING,TP
continuous_0246_S4_strategy2.npz,21730–25895,SURVIVAL,SURVIVAL,TP
continuous_0247_S4_strategy2.npz,0–4232,NUMBER,NUMBER,TP
continuous_0247_S4_strategy2.npz,4232–8464,SURVIVAL,SURVIVAL,TP
continuous_0247_S4_strategy2.npz,8464–13229,CALENDAR,CALENDAR,TP
continuous_0247_S4_strategy2.npz,13229–17761,COLOR,COLOR,TP
continuous_0247_S4_strategy2.npz,17761–22026,DRINK,DRINK,TP
continuous_0247_S4_strategy2.npz,22026–26258,FOOD,FOOD,TP
continuous_0247_S4_strategy2.npz,24900–27666,—,GREETING,FP
continuous_0247_S4_strategy2.npz,26258–30457,DAYS,DAYS,TP
continuous_0248_S4_strategy2.npz,0–4765,COLOR,COLOR,TP
continuous_0248_S4_strategy2.npz,2566–5166,—,FAMILY,FP
continuous_0248_S4_strategy2.npz,4765–8964,FAMILY,FAMILY,TP
continuous_0248_S4_strategy2.npz,8964–13329,DAYS,DAYS,TP
continuous_0248_S4_strategy2.npz,13329–17528,FOOD,FOOD,TP
continuous_0248_S4_strategy2.npz,17528–21760,CALENDAR,CALENDAR,TP
continuous_0248_S4_strategy2.npz,21760–25892,GREETING,GREETING,TP
continuous_0249_S4_strategy2.npz,0–4767,CALENDAR,CALENDAR,TP
continuous_0249_S4_strategy2.npz,3033–6066,—,RELATIONSHIPS,FP
continuous_0249_S4_strategy2.npz,4767–9032,FOOD,FOOD,TP
continuous_0249_S4_strategy2.npz,9032–13464,RELATIONSHIPS,RELATIONSHIPS,TP
continuous_0249_S4_strategy2.npz,9100–12133,—,RELATIONSHIPS,FP
continuous_0249_S4_strategy2.npz,13464–17629,DRINK,DRINK,TP
continuous_0249_S4_strategy2.npz,17629–21928,COLOR,COLOR,TP
continuous_0249_S4_strategy2.npz,21928–26094,NUMBER,NUMBER,TP
continuous_0249_S4_strategy2.npz,26094–30326,SURVIVAL,SURVIVAL,TP
continuous_0250_S4_strategy2.npz,0–4700,SURVIVAL,SURVIVAL,TP
continuous_0250_S4_strategy2.npz,4700–8899,NUMBER,NUMBER,TP
continuous_0250_S4_strategy2.npz,8899–13229,CALENDAR,CALENDAR,TP
continuous_0250_S4_strategy2.npz,13229–17728,RELATIONSHIPS,RELATIONSHIPS,TP
continuous_0250_S4_strategy2.npz,17728–21694,FAMILY,FAMILY,TP
continuous_0250_S4_strategy2.npz,21694–25926,DAYS,DAYS,TP
continuous_0250_S4_strategy2.npz,25926–30158,FOOD,FOOD,TP
continuous_0251_S4_strategy2.npz,0–4565,DAYS,DAYS,TP
continuous_0251_S4_strategy2.npz,4565–8797,SURVIVAL,SURVIVAL,TP
continuous_0251_S4_strategy2.npz,7866–10466,—,RELATIONSHIPS,FP
continuous_0251_S4_strategy2.npz,8797–13229,DRINK,DRINK,TP
continuous_0251_S4_strategy2.npz,13229–17695,GREETING,GREETING,TP
continuous_0251_S4_strategy2.npz,17695–22094,CALENDAR,CALENDAR,TP
continuous_0251_S4_strategy2.npz,20966–23600,—,RELATIONSHIPS,FP
continuous_0251_S4_strategy2.npz,22094–26226,NUMBER,NUMBER,TP
continuous_0252_S4_strategy2.npz,0–4199,DAYS,DAYS,TP
continuous_0252_S4_strategy2.npz,2533–5066,—,SURVIVAL,FP
continuous_0252_S4_strategy2.npz,4199–8531,SURVIVAL,SURVIVAL,TP
continuous_0252_S4_strategy2.npz,8531–12796,RELATIONSHIPS,RELATIONSHIPS,TP
continuous_0252_S4_strategy2.npz,12666–15200,—,GREETING,FP
continuous_0252_S4_strategy2.npz,12796–17095,NUMBER,NUMBER,TP
continuous_0252_S4_strategy2.npz,17095–21427,CALENDAR,—,FN
continuous_0252_S4_strategy2.npz,20266–22800,—,CALENDAR,FP
continuous_0252_S4_strategy2.npz,21427–26227,DRINK,DRINK,TP
continuous_0252_S4_strategy2.npz,25333–27866,—,FAMILY,FP
continuous_0252_S4_strategy2.npz,26227–30426,FAMILY,FAMILY,TP
continuous_0253_S4_strategy2.npz,0–4232,COLOR,COLOR,TP
continuous_0253_S4_strategy2.npz,2833–5700,—,FAMILY,FP
continuous_0253_S4_strategy2.npz,4232–8364,FAMILY,—,FN
continuous_0253_S4_strategy2.npz,5700–8566,—,FAMILY,FP
continuous_0253_S4_strategy2.npz,8364–12629,SURVIVAL,SURVIVAL,TP
continuous_0253_S4_strategy2.npz,12629–17261,CALENDAR,CALENDAR,TP
continuous_0253_S4_strategy2.npz,17261–21460,FOOD,GREETING,TP
continuous_0253_S4_strategy2.npz,19966–22833,—,GREETING,FP
continuous_0253_S4_strategy2.npz,21460–25692,GREETING,GREETING,TP
continuous_0254_S4_strategy2.npz,0–4099,DAYS,DAYS,TP
continuous_0254_S4_strategy2.npz,4099–8264,GREETING,GREETING,TP
continuous_0254_S4_strategy2.npz,8264–12630,RELATIONSHIPS,FOOD,TP
continuous_0254_S4_strategy2.npz,12630–16962,COLOR,COLOR,TP
continuous_0254_S4_strategy2.npz,16962–21094,NUMBER,NUMBER,TP
continuous_0254_S4_strategy2.npz,21094–25393,DRINK,DRINK,TP
continuous_0255_S4_strategy2.npz,0–4165,NUMBER,NUMBER,TP
continuous_0255_S4_strategy2.npz,2900–5800,—,CALENDAR,FP
continuous_0255_S4_strategy2.npz,4165–8330,CALENDAR,—,FN
continuous_0255_S4_strategy2.npz,8330–12595,DRINK,DRINK,TP
continuous_0255_S4_strategy2.npz,11600–14500,—,GREETING,FP
continuous_0255_S4_strategy2.npz,12595–16760,GREETING,—,FN
continuous_0255_S4_strategy2.npz,14500–17400,—,RELATIONSHIPS,FP
continuous_0255_S4_strategy2.npz,16760–21092,COLOR,—,FN
continuous_0255_S4_strategy2.npz,17400–20300,—,SURVIVAL,FP
continuous_0255_S4_strategy2.npz,21092–24885,DAYS,DAYS,TP
continuous_0255_S4_strategy2.npz,24885–28984,FAMILY,FAMILY,TP
continuous_0256_S4_strategy2.npz,0–4099,GREETING,GREETING,TP
continuous_0256_S4_strategy2.npz,4099–8331,SURVIVAL,SURVIVAL,TP
continuous_0256_S4_strategy2.npz,8331–12463,FOOD,FOOD,TP
continuous_0256_S4_strategy2.npz,12463–16628,CALENDAR,CALENDAR,TP
continuous_0256_S4_strategy2.npz,14700–18366,—,DRINK,FP
continuous_0256_S4_strategy2.npz,16628–20760,DRINK,—,FN
continuous_0256_S4_strategy2.npz,18366–22066,—,SURVIVAL,FP
continuous_0256_S4_strategy2.npz,20760–25125,COLOR,COLOR,TP
continuous_0256_S4_strategy2.npz,25125–29424,NUMBER,NUMBER,TP
continuous_0257_S4_strategy2.npz,0–4465,CALENDAR,CALENDAR,TP
continuous_0257_S4_strategy2.npz,4465–8664,FAMILY,FAMILY,TP
continuous_0257_S4_strategy2.npz,8664–12796,SURVIVAL,SURVIVAL,TP
continuous_0257_S4_strategy2.npz,12796–17195,RELATIONSHIPS,RELATIONSHIPS,TP
continuous_0257_S4_strategy2.npz,17195–21494,FOOD,FOOD,TP
continuous_0257_S4_strategy2.npz,21494–25659,DAYS,DAYS,TP
continuous_0258_S4_strategy2.npz,0–4166,CALENDAR,CALENDAR,TP
continuous_0258_S4_strategy2.npz,4166–8165,FAMILY,FAMILY,TP
continuous_0258_S4_strategy2.npz,5966–8966,—,FAMILY,FP
continuous_0258_S4_strategy2.npz,8165–12462,DAYS,DAYS,TP
continuous_0258_S4_strategy2.npz,12462–16728,GREETING,GREETING,TP
continuous_0258_S4_strategy2.npz,16728–20927,NUMBER,NUMBER,TP
continuous_0259_S4_strategy2.npz,0–4232,COLOR,COLOR,TP
continuous_0259_S4_strategy2.npz,2533–5066,—,GREETING,FP
continuous_0259_S4_strategy2.npz,4232–8364,GREETING,—,FN
continuous_0259_S4_strategy2.npz,5066–7600,—,DRINK,FP
continuous_0259_S4_strategy2.npz,7600–12700,—,DRINK,FP
continuous_0259_S4_strategy2.npz,8364–12730,DRINK,—,FN
continuous_0259_S4_strategy2.npz,12730–17062,CALENDAR,CALENDAR,TP
continuous_0259_S4_strategy2.npz,17062–21228,DAYS,DAYS,TP
continuous_0259_S4_strategy2.npz,21228–25426,SURVIVAL,SURVIVAL,TP
continuous_0260_S4_strategy2.npz,0–4099,CALENDAR,CALENDAR,TP
continuous_0260_S4_strategy2.npz,3000–6000,—,RELATIONSHIPS,FP
continuous_0260_S4_strategy2.npz,4099–8798,RELATIONSHIPS,—,FN
continuous_0260_S4_strategy2.npz,6000–9000,—,RELATIONSHIPS,FP
continuous_0260_S4_strategy2.npz,8798–12930,FAMILY,FAMILY,TP
continuous_0260_S4_strategy2.npz,12000–15000,—,RELATIONSHIPS,FP
continuous_0260_S4_strategy2.npz,12930–17162,SURVIVAL,SURVIVAL,TP
continuous_0260_S4_strategy2.npz,17162–21394,NUMBER,NUMBER,TP
continuous_0260_S4_strategy2.npz,18000–21000,—,SURVIVAL,FP
continuous_0260_S4_strategy2.npz,21394–25826,FOOD,FOOD,TP
continuous_0260_S4_strategy2.npz,25826–30025,DAYS,DAYS,TP
continuous_0261_S4_strategy2.npz,0–4165,CALENDAR,CALENDAR,TP
continuous_0261_S4_strategy2.npz,2500–5000,—,DAYS,FP
continuous_0261_S4_strategy2.npz,4165–8428,DAYS,—,FN
continuous_0261_S4_strategy2.npz,5000–7533,—,DRINK,FP
continuous_0261_S4_strategy2.npz,7533–12566,—,FAMILY,FP
continuous_0261_S4_strategy2.npz,8428–12727,FAMILY,—,FN
continuous_0261_S4_strategy2.npz,12727–16759,NUMBER,NUMBER,TP
continuous_0261_S4_strategy2.npz,15066–17566,—,NUMBER,FP
continuous_0261_S4_strategy2.npz,16759–20858,FOOD,FOOD,TP
continuous_0261_S4_strategy2.npz,20858–25124,RELATIONSHIPS,RELATIONSHIPS,TP
continuous_0262_S4_strategy2.npz,0–3733,SURVIVAL,SURVIVAL,TP
continuous_0262_S4_strategy2.npz,3733–7832,FAMILY,FAMILY,TP
continuous_0262_S4_strategy2.npz,5466–8200,—,FAMILY,FP
continuous_0262_S4_strategy2.npz,7832–11998,FOOD,FOOD,TP
continuous_0262_S4_strategy2.npz,10933–13666,—,CALENDAR,FP
continuous_0262_S4_strategy2.npz,11998–16263,CALENDAR,—,FN
continuous_0262_S4_strategy2.npz,13666–16400,—,COLOR,FP
continuous_0262_S4_strategy2.npz,16263–20662,COLOR,—,FN
continuous_0262_S4_strategy2.npz,20662–25728,DRINK,DRINK,TP
continuous_0262_S4_strategy2.npz,21866–27333,—,RELATIONSHIPS,FP
continuous_0262_S4_strategy2.npz,25728–30093,RELATIONSHIPS,RELATIONSHIPS,TP
continuous_0263_S4_strategy2.npz,0–4299,GREETING,GREETING,TP
continuous_0263_S4_strategy2.npz,2733–5466,—,CALENDAR,FP
continuous_0263_S4_strategy2.npz,4299–8331,CALENDAR,—,FN
continuous_0263_S4_strategy2.npz,5466–8233,—,COLOR,FP
continuous_0263_S4_strategy2.npz,8331–12630,FOOD,FOOD,TP
continuous_0263_S4_strategy2.npz,12630–16995,RELATIONSHIPS,RELATIONSHIPS,TP
continuous_0263_S4_strategy2.npz,16995–21360,DRINK,DRINK,TP
continuous_0263_S4_strategy2.npz,19200–21933,—,DRINK,FP
continuous_0263_S4_strategy2.npz,21360–25859,FAMILY,FAMILY,TP
continuous_0263_S4_strategy2.npz,25859–30191,COLOR,COLOR,TP
continuous_0264_S4_strategy2.npz,0–4232,RELATIONSHIPS,RELATIONSHIPS,TP
continuous_0264_S4_strategy2.npz,3066–6133,—,COLOR,FP
continuous_0264_S4_strategy2.npz,4232–8698,COLOR,—,FN
continuous_0264_S4_strategy2.npz,6133–9200,—,DAYS,FP
continuous_0264_S4_strategy2.npz,8698–12927,DAYS,DAYS,TP
continuous_0264_S4_strategy2.npz,12927–17292,DRINK,DRINK,TP
continuous_0264_S4_strategy2.npz,17292–21457,NUMBER,NUMBER,TP
continuous_0265_S4_strategy2.npz,0–4199,GREETING,GREETING,TP
continuous_0265_S4_strategy2.npz,2733–5500,—,RELATIONSHIPS,FP
continuous_0265_S4_strategy2.npz,4199–8489,RELATIONSHIPS,—,FN
continuous_0265_S4_strategy2.npz,5500–8266,—,CALENDAR,FP
continuous_0265_S4_strategy2.npz,8489–12688,SURVIVAL,SURVIVAL,TP
continuous_0265_S4_strategy2.npz,12688–16953,DRINK,DRINK,TP
continuous_0265_S4_strategy2.npz,16566–19333,—,COLOR,FP
continuous_0265_S4_strategy2.npz,16953–20719,NUMBER,NUMBER,TP
continuous_0265_S4_strategy2.npz,20719–24851,FAMILY,FAMILY,TP
continuous_0266_S4_strategy2.npz,0–4065,DAYS,DAYS,TP
continuous_0266_S4_strategy2.npz,4065–8297,NUMBER,NUMBER,TP
continuous_0266_S4_strategy2.npz,6333–9500,—,NUMBER,FP
continuous_0266_S4_strategy2.npz,8297–12529,FAMILY,FAMILY,TP
continuous_0266_S4_strategy2.npz,12529–16661,CALENDAR,CALENDAR,TP
continuous_0266_S4_strategy2.npz,16661–21060,COLOR,COLOR,TP
continuous_0266_S4_strategy2.npz,19000–22166,—,GREETING,FP
continuous_0266_S4_strategy2.npz,21060–25326,SURVIVAL,SURVIVAL,TP
continuous_0267_S4_strategy2.npz,0–4266,FOOD,FOOD,TP
continuous_0267_S4_strategy2.npz,4266–8631,COLOR,COLOR,TP
continuous_0267_S4_strategy2.npz,8631–12730,DAYS,DAYS,TP
continuous_0267_S4_strategy2.npz,12730–16929,CALENDAR,CALENDAR,TP
continuous_0267_S4_strategy2.npz,14800–18500,—,GREETING,FP
continuous_0267_S4_strategy2.npz,16929–21128,GREETING,—,FN
continuous_0267_S4_strategy2.npz,18500–22200,—,COLOR,FP
continuous_0267_S4_strategy2.npz,21128–25428,SURVIVAL,—,FN
continuous_0267_S4_strategy2.npz,22200–25900,—,COLOR,FP
continuous_0267_S4_strategy2.npz,25428–29627,NUMBER,NUMBER,TP
continuous_0268_S4_strategy2.npz,0–4500,GREETING,GREETING,TP
continuous_0268_S4_strategy2.npz,2600–5200,—,SURVIVAL,FP
continuous_0268_S4_strategy2.npz,4500–8832,NUMBER,NUMBER,TP
continuous_0268_S4_strategy2.npz,7800–10400,—,FAMILY,FP
continuous_0268_S4_strategy2.npz,8832–12897,FAMILY,—,FN
continuous_0268_S4_strategy2.npz,10400–13000,—,GREETING,FP
continuous_0268_S4_strategy2.npz,12897–16929,DAYS,DAYS,TP
continuous_0268_S4_strategy2.npz,16929–20828,SURVIVAL,SURVIVAL,TP
continuous_0269_S4_strategy2.npz,0–4199,GREETING,GREETING,TP
continuous_0269_S4_strategy2.npz,3200–6400,—,NUMBER,FP
continuous_0269_S4_strategy2.npz,4199–8431,COLOR,COLOR,TP
continuous_0269_S4_strategy2.npz,8431–12630,DAYS,DAYS,TP
continuous_0269_S4_strategy2.npz,12630–16896,FOOD,COLOR,TP
continuous_0269_S4_strategy2.npz,16896–21061,SURVIVAL,SURVIVAL,TP
continuous_0269_S4_strategy2.npz,21061–25360,NUMBER,NUMBER,TP
continuous_0269_S4_strategy2.npz,25360–28926,RELATIONSHIPS,—,FN
continuous_0269_S4_strategy2.npz,25700–28933,—,SURVIVAL,FP
continuous_0270_S4_strategy2.npz,0–4666,CALENDAR,CALENDAR,TP
continuous_0270_S4_strategy2.npz,2600–5200,—,NUMBER,FP
continuous_0270_S4_strategy2.npz,4666–8865,NUMBER,—,FN
continuous_0270_S4_strategy2.npz,5200–7800,—,NUMBER,FP
continuous_0270_S4_strategy2.npz,8865–13064,FAMILY,FAMILY,TP
continuous_0270_S4_strategy2.npz,13064–16963,DAYS,DAYS,TP
continuous_0270_S4_strategy2.npz,16963–21963,SURVIVAL,SURVIVAL,TP
continuous_0270_S4_strategy2.npz,20866–23466,—,COLOR,FP
continuous_0270_S4_strategy2.npz,21963–26095,GREETING,GREETING,TP
continuous_0271_S4_strategy2.npz,0–5365,NUMBER,NUMBER,TP
continuous_0271_S4_strategy2.npz,2366–4733,—,FAMILY,FP
continuous_0271_S4_strategy2.npz,4733–7100,—,FOOD,FP
continuous_0271_S4_strategy2.npz,5365–9897,FOOD,—,FN
continuous_0271_S4_strategy2.npz,7100–9466,—,DAYS,FP
continuous_0271_S4_strategy2.npz,9897–14029,DAYS,DAYS,TP
continuous_0271_S4_strategy2.npz,14029–18261,COLOR,COLOR,TP
continuous_0271_S4_strategy2.npz,18261–22360,FAMILY,FAMILY,TP
continuous_0271_S4_strategy2.npz,22360–26659,CALENDAR,CALENDAR,TP
continuous_0271_S4_strategy2.npz,26100–28466,—,CALENDAR,FP
continuous_0271_S4_strategy2.npz,26659–30858,GREETING,GREETING,TP
continuous_0272_S4_strategy2.npz,0–4165,GREETING,GREETING,TP
continuous_0272_S4_strategy2.npz,4165–8564,DRINK,DRINK,TP
continuous_0272_S4_strategy2.npz,8564–12729,SURVIVAL,SURVIVAL,TP
continuous_0272_S4_strategy2.npz,12729–17061,FOOD,FOOD,TP
continuous_0272_S4_strategy2.npz,17061–21393,RELATIONSHIPS,RELATIONSHIPS,TP
continuous_0272_S4_strategy2.npz,21393–25592,NUMBER,NUMBER,TP
continuous_0273_S4_strategy2.npz,0–4365,NUMBER,NUMBER,TP
continuous_0273_S4_strategy2.npz,2866–5733,—,GREETING,FP
continuous_0273_S4_strategy2.npz,4365–8964,GREETING,—,FN
continuous_0273_S4_strategy2.npz,5733–8633,—,GREETING,FP
continuous_0273_S4_strategy2.npz,8964–13064,DRINK,DRINK,TP
continuous_0273_S4_strategy2.npz,13064–17296,FOOD,FOOD,TP
continuous_0273_S4_strategy2.npz,17296–21695,COLOR,COLOR,TP
continuous_0273_S4_strategy2.npz,21695–25927,SURVIVAL,SURVIVAL,TP
continuous_0274_S4_strategy2.npz,0–4399,RELATIONSHIPS,RELATIONSHIPS,TP
continuous_0274_S4_strategy2.npz,3000–6000,—,FAMILY,FP
continuous_0274_S4_strategy2.npz,4399–8598,FAMILY,—,FN
continuous_0274_S4_strategy2.npz,6000–9000,—,CALENDAR,FP
continuous_0274_S4_strategy2.npz,8598–12864,CALENDAR,CALENDAR,TP
continuous_0274_S4_strategy2.npz,12864–17297,GREETING,GREETING,TP
continuous_0274_S4_strategy2.npz,17297–21396,SURVIVAL,SURVIVAL,TP
continuous_0274_S4_strategy2.npz,21396–25661,FOOD,FOOD,TP
continuous_0274_S4_strategy2.npz,25661–29993,DRINK,DRINK,TP
continuous_0275_S4_strategy2.npz,0–4232,DRINK,DRINK,TP
continuous_0275_S4_strategy2.npz,3000–6000,—,FAMILY,FP
continuous_0275_S4_strategy2.npz,4232–8297,FAMILY,—,FN
continuous_0275_S4_strategy2.npz,6000–9000,—,DAYS,FP
continuous_0275_S4_strategy2.npz,8297–12462,DAYS,—,FN
continuous_0275_S4_strategy2.npz,9000–12000,—,COLOR,FP
continuous_0275_S4_strategy2.npz,12000–15000,—,RELATIONSHIPS,FP
continuous_0275_S4_strategy2.npz,12462–16861,RELATIONSHIPS,—,FN
continuous_0275_S4_strategy2.npz,15000–18000,—,RELATIONSHIPS,FP
continuous_0275_S4_strategy2.npz,16861–20993,FOOD,FOOD,TP
continuous_0276_S4_strategy2.npz,0–4332,GREETING,GREETING,TP
continuous_0276_S4_strategy2.npz,3400–6833,—,RELATIONSHIPS,FP
continuous_0276_S4_strategy2.npz,4332–9131,RELATIONSHIPS,—,FN
continuous_0276_S4_strategy2.npz,6833–10266,—,FOOD,FP
continuous_0276_S4_strategy2.npz,9131–13363,FOOD,—,FN
continuous_0276_S4_strategy2.npz,10266–13700,—,DRINK,FP
continuous_0276_S4_strategy2.npz,13363–18028,DRINK,—,FN
continuous_0276_S4_strategy2.npz,13700–17133,—,CALENDAR,FP
continuous_0276_S4_strategy2.npz,17133–20566,—,SURVIVAL,FP
continuous_0276_S4_strategy2.npz,18028–22227,CALENDAR,—,FN
continuous_0276_S4_strategy2.npz,22227–26359,FAMILY,FAMILY,TP
continuous_0276_S4_strategy2.npz,26359–30858,COLOR,COLOR,TP
continuous_0277_S4_strategy2.npz,0–4232,SURVIVAL,SURVIVAL,TP
continuous_0277_S4_strategy2.npz,4232–8431,NUMBER,NUMBER,TP
continuous_0277_S4_strategy2.npz,8431–12563,GREETING,GREETING,TP
continuous_0277_S4_strategy2.npz,12563–16728,CALENDAR,CALENDAR,TP
continuous_0277_S4_strategy2.npz,16728–21428,DRINK,DRINK,TP
continuous_0278_S4_strategy2.npz,0–4330,CALENDAR,CALENDAR,TP
continuous_0278_S4_strategy2.npz,4330–8462,NUMBER,NUMBER,TP
continuous_0278_S4_strategy2.npz,6000–9000,—,SURVIVAL,FP
continuous_0278_S4_strategy2.npz,8462–12694,SURVIVAL,—,FN
continuous_0278_S4_strategy2.npz,9000–12000,—,DAYS,FP
continuous_0278_S4_strategy2.npz,12694–16693,DAYS,DAYS,TP
continuous_0278_S4_strategy2.npz,15000–18000,—,NUMBER,FP
continuous_0278_S4_strategy2.npz,16693–21025,GREETING,GREETING,TP
continuous_0279_S4_strategy2.npz,0–4165,CALENDAR,CALENDAR,TP
continuous_0279_S4_strategy2.npz,4165–8497,COLOR,COLOR,TP
continuous_0279_S4_strategy2.npz,8497–12762,GREETING,GREETING,TP
continuous_0279_S4_strategy2.npz,12762–16861,DAYS,DAYS,TP
continuous_0279_S4_strategy2.npz,16861–21060,FAMILY,FAMILY,TP
continuous_0279_S4_strategy2.npz,21060–25125,FOOD,FOOD,TP
continuous_0280_S4_strategy2.npz,0–4466,RELATIONSHIPS,RELATIONSHIPS,TP
continuous_0280_S4_strategy2.npz,4466–8665,DRINK,DRINK,TP
continuous_0280_S4_strategy2.npz,7466–9966,—,SURVIVAL,FP
continuous_0280_S4_strategy2.npz,8665–15498,SURVIVAL,—,FN
continuous_0280_S4_strategy2.npz,9966–12466,—,FAMILY,FP
continuous_0280_S4_strategy2.npz,12466–17466,—,FAMILY,FP
continuous_0280_S4_strategy2.npz,15498–19997,CALENDAR,CALENDAR,TP
continuous_0280_S4_strategy2.npz,19966–22466,—,CALENDAR,FP
continuous_0280_S4_strategy2.npz,19997–24062,FAMILY,FAMILY,TP
continuous_0280_S4_strategy2.npz,24062–28228,GREETING,GREETING,TP
continuous_0280_S4_strategy2.npz,27466–29966,—,GREETING,FP
continuous_0280_S4_strategy2.npz,28228–32427,COLOR,COLOR,TP
continuous_0281_S4_strategy2.npz,0–4232,CALENDAR,CALENDAR,TP
continuous_0281_S4_strategy2.npz,4232–8398,SURVIVAL,SURVIVAL,TP
continuous_0281_S4_strategy2.npz,8398–12697,NUMBER,NUMBER,TP
continuous_0281_S4_strategy2.npz,12697–16762,FAMILY,FAMILY,TP
continuous_0281_S4_strategy2.npz,16762–20961,FOOD,FOOD,TP
continuous_0281_S4_strategy2.npz,20961–25227,RELATIONSHIPS,RELATIONSHIPS,TP
continuous_0281_S4_strategy2.npz,25227–29392,DAYS,DAYS,TP
continuous_0282_S4_strategy2.npz,0–4399,CALENDAR,CALENDAR,TP
continuous_0282_S4_strategy2.npz,4399–8598,COLOR,COLOR,TP
continuous_0282_S4_strategy2.npz,8598–12797,FOOD,FOOD,TP
continuous_0282_S4_strategy2.npz,12797–17262,GREETING,GREETING,TP
continuous_0282_S4_strategy2.npz,15433–18533,—,NUMBER,FP
continuous_0282_S4_strategy2.npz,17262–21627,DRINK,DRINK,TP
continuous_0283_S4_strategy2.npz,0–4299,COLOR,COLOR,TP
continuous_0283_S4_strategy2.npz,4299–8798,FOOD,FOOD,TP
continuous_0283_S4_strategy2.npz,7200–10800,—,FAMILY,FP
continuous_0283_S4_strategy2.npz,8798–12997,NUMBER,NUMBER,TP
continuous_0283_S4_strategy2.npz,12997–17229,SURVIVAL,SURVIVAL,TP
continuous_0283_S4_strategy2.npz,17229–21628,GREETING,GREETING,TP
continuous_0284_S4_strategy2.npz,0–4466,SURVIVAL,SURVIVAL,TP
continuous_0284_S4_strategy2.npz,2866–5733,—,CALENDAR,FP
continuous_0284_S4_strategy2.npz,4466–8830,CALENDAR,CALENDAR,TP
continuous_0284_S4_strategy2.npz,8830–13160,DAYS,DAYS,TP
continuous_0284_S4_strategy2.npz,13160–17425,DRINK,—,FN
continuous_0284_S4_strategy2.npz,14366–17266,—,COLOR,FP
continuous_0284_S4_strategy2.npz,17266–20133,—,DRINK,FP
continuous_0284_S4_strategy2.npz,17425–21590,FAMILY,FAMILY,TP
continuous_0284_S4_strategy2.npz,21590–25889,COLOR,COLOR,TP
continuous_0285_S4_strategy2.npz,0–4199,NUMBER,NUMBER,TP
continuous_0285_S4_strategy2.npz,4199–8264,DRINK,DRINK,TP
continuous_0285_S4_strategy2.npz,8264–12563,FOOD,FOOD,TP
continuous_0285_S4_strategy2.npz,12333–14800,—,CALENDAR,FP
continuous_0285_S4_strategy2.npz,12563–16762,CALENDAR,—,FN
continuous_0285_S4_strategy2.npz,14800–17266,—,CALENDAR,FP
continuous_0285_S4_strategy2.npz,16762–21194,COLOR,COLOR,TP
continuous_0285_S4_strategy2.npz,21194–25426,GREETING,GREETING,TP
continuous_0285_S4_strategy2.npz,25426–29625,FAMILY,FAMILY,TP
continuous_0286_S4_strategy2.npz,0–4165,NUMBER,NUMBER,TP
continuous_0286_S4_strategy2.npz,4165–8331,DAYS,DAYS,TP
continuous_0286_S4_strategy2.npz,8331–12531,SURVIVAL,SURVIVAL,TP
continuous_0286_S4_strategy2.npz,12531–16763,GREETING,GREETING,TP
continuous_0286_S4_strategy2.npz,15033–18033,—,COLOR,FP
continuous_0286_S4_strategy2.npz,16763–21062,COLOR,COLOR,TP
continuous_0287_S4_strategy2.npz,0–4299,NUMBER,NUMBER,TP
continuous_0287_S4_strategy2.npz,3166–9533,—,FAMILY,FP
continuous_0287_S4_strategy2.npz,4299–8498,FAMILY,—,FN
continuous_0287_S4_strategy2.npz,8498–12830,DRINK,DRINK,TP
continuous_0287_S4_strategy2.npz,12830–17062,SURVIVAL,SURVIVAL,TP
continuous_0287_S4_strategy2.npz,17062–21427,GREETING,GREETING,TP
continuous_0287_S4_strategy2.npz,21427–25455,CALENDAR,CALENDAR,TP
continuous_0288_S4_strategy2.npz,0–4465,DAYS,DAYS,TP
continuous_0288_S4_strategy2.npz,2400–4800,—,NUMBER,FP
continuous_0288_S4_strategy2.npz,4465–8997,RELATIONSHIPS,RELATIONSHIPS,TP
continuous_0288_S4_strategy2.npz,7200–9600,—,DRINK,FP
continuous_0288_S4_strategy2.npz,8997–13129,DRINK,DRINK,TP
continuous_0288_S4_strategy2.npz,13129–17526,CALENDAR,CALENDAR,TP
continuous_0288_S4_strategy2.npz,16833–19233,—,RELATIONSHIPS,FP
continuous_0288_S4_strategy2.npz,17526–21658,FAMILY,FAMILY,TP
continuous_0289_S4_strategy2.npz,0–4666,RELATIONSHIPS,RELATIONSHIPS,TP
continuous_0289_S4_strategy2.npz,2266–4533,—,NUMBER,FP
continuous_0289_S4_strategy2.npz,4533–6800,—,SURVIVAL,FP
continuous_0289_S4_strategy2.npz,4666–8865,NUMBER,—,FN
continuous_0289_S4_strategy2.npz,6800–9100,—,DAYS,FP
continuous_0289_S4_strategy2.npz,8865–12997,DAYS,—,FN
continuous_0289_S4_strategy2.npz,9100–11366,—,FAMILY,FP
continuous_0289_S4_strategy2.npz,11366–13633,—,CALENDAR,FP
continuous_0289_S4_strategy2.npz,12997–18368,CALENDAR,CALENDAR,TP
continuous_0289_S4_strategy2.npz,18200–20466,—,FAMILY,FP
continuous_0289_S4_strategy2.npz,18368–22767,SURVIVAL,SURVIVAL,TP
continuous_0290_S4_strategy2.npz,0–4266,COLOR,COLOR,TP
continuous_0290_S4_strategy2.npz,4266–8465,DAYS,DAYS,TP
continuous_0290_S4_strategy2.npz,8465–12731,NUMBER,NUMBER,TP
continuous_0290_S4_strategy2.npz,12731–16963,RELATIONSHIPS,RELATIONSHIPS,TP
continuous_0290_S4_strategy2.npz,16963–21162,GREETING,GREETING,TP
continuous_0290_S4_strategy2.npz,21162–25294,FAMILY,FAMILY,TP
continuous_0291_S4_strategy2.npz,0–4099,DAYS,DAYS,TP
continuous_0291_S4_strategy2.npz,4099–8298,NUMBER,NUMBER,TP
continuous_0291_S4_strategy2.npz,6900–10366,—,COLOR,FP
continuous_0291_S4_strategy2.npz,8298–12530,RELATIONSHIPS,RELATIONSHIPS,TP
continuous_0291_S4_strategy2.npz,12530–16663,SURVIVAL,SURVIVAL,TP
continuous_0291_S4_strategy2.npz,16663–20762,FAMILY,FAMILY,TP
continuous_0292_S4_strategy2.npz,0–4107,FOOD,FOOD,TP
continuous_0292_S4_strategy2.npz,4107–8437,DAYS,DAYS,TP
continuous_0292_S4_strategy2.npz,8437–12436,CALENDAR,CALENDAR,TP
continuous_0292_S4_strategy2.npz,12436–16335,FAMILY,FAMILY,TP
continuous_0292_S4_strategy2.npz,16335–20501,SURVIVAL,SURVIVAL,TP
continuous_0293_S4_strategy2.npz,0–4266,GREETING,GREETING,TP
continuous_0293_S4_strategy2.npz,4266–8532,CALENDAR,CALENDAR,TP
continuous_0293_S4_strategy2.npz,8532–12764,FOOD,FOOD,TP
continuous_0293_S4_strategy2.npz,12764–17063,COLOR,—,FN
continuous_0293_S4_strategy2.npz,13466–16166,—,COLOR,FP
continuous_0293_S4_strategy2.npz,16166–18866,—,COLOR,FP
continuous_0293_S4_strategy2.npz,17063–21562,RELATIONSHIPS,RELATIONSHIPS,TP
continuous_0294_S4_strategy2.npz,0–4432,RELATIONSHIPS,RELATIONSHIPS,TP
continuous_0294_S4_strategy2.npz,4432–8698,NUMBER,NUMBER,TP
continuous_0294_S4_strategy2.npz,8698–12930,COLOR,COLOR,TP
continuous_0294_S4_strategy2.npz,12930–17929,CALENDAR,CALENDAR,TP
continuous_0294_S4_strategy2.npz,17929–22028,DRINK,DRINK,TP
continuous_0295_S4_strategy2.npz,0–4199,CALENDAR,CALENDAR,TP
continuous_0295_S4_strategy2.npz,4199–8298,FAMILY,FAMILY,TP
continuous_0295_S4_strategy2.npz,8298–13063,COLOR,COLOR,TP
continuous_0295_S4_strategy2.npz,13063–17295,GREETING,—,FN
continuous_0295_S4_strategy2.npz,15333–18400,—,GREETING,FP
continuous_0295_S4_strategy2.npz,17295–21460,SURVIVAL,SURVIVAL,TP
continuous_0296_S4_strategy2.npz,0–4165,NUMBER,NUMBER,TP
continuous_0296_S4_strategy2.npz,2366–4733,—,NUMBER,FP
continuous_0296_S4_strategy2.npz,4165–8464,GREETING,GREETING,TP
continuous_0296_S4_strategy2.npz,8464–12730,COLOR,COLOR,TP
continuous_0296_S4_strategy2.npz,11866–14233,—,CALENDAR,FP
continuous_0296_S4_strategy2.npz,12730–17129,CALENDAR,CALENDAR,TP
continuous_0296_S4_strategy2.npz,17129–21361,DAYS,DAYS,TP
continuous_0297_S4_strategy2.npz,0–4299,DRINK,DRINK,TP
continuous_0297_S4_strategy2.npz,4299–8498,DAYS,DAYS,TP
continuous_0297_S4_strategy2.npz,6633–9966,—,DAYS,FP
continuous_0297_S4_strategy2.npz,8498–12663,FAMILY,—,FN
continuous_0297_S4_strategy2.npz,9966–13266,—,RELATIONSHIPS,FP
continuous_0297_S4_strategy2.npz,12663–16928,FOOD,FOOD,TP
continuous_0297_S4_strategy2.npz,16928–21427,RELATIONSHIPS,RELATIONSHIPS,TP
continuous_0297_S4_strategy2.npz,21427–25726,NUMBER,NUMBER,TP
continuous_0297_S4_strategy2.npz,25726–29891,SURVIVAL,SURVIVAL,TP
continuous_0298_S4_strategy2.npz,0–4266,DRINK,DRINK,TP
continuous_0298_S4_strategy2.npz,4266–8531,COLOR,COLOR,TP
continuous_0298_S4_strategy2.npz,8531–12730,RELATIONSHIPS,RELATIONSHIPS,TP
continuous_0298_S4_strategy2.npz,11600–13900,—,FAMILY,FP
continuous_0298_S4_strategy2.npz,12730–16895,NUMBER,NUMBER,TP
continuous_0298_S4_strategy2.npz,16895–21127,FOOD,GREETING,TP
continuous_0298_S4_strategy2.npz,20866–23200,—,FOOD,FP
continuous_0298_S4_strategy2.npz,21127–25527,GREETING,GREETING,TP
continuous_0299_S4_strategy2.npz,0–3966,FOOD,FOOD,TP
continuous_0299_S4_strategy2.npz,3966–8165,NUMBER,DRINK,TP
continuous_0299_S4_strategy2.npz,6566–9866,—,GREETING,FP
continuous_0299_S4_strategy2.npz,8165–12364,GREETING,—,FN
continuous_0299_S4_strategy2.npz,9866–13166,—,CALENDAR,FP
continuous_0299_S4_strategy2.npz,12364–16696,CALENDAR,CALENDAR,TP
continuous_0299_S4_strategy2.npz,16696–21128,RELATIONSHIPS,RELATIONSHIPS,TP
continuous_0299_S4_strategy2.npz,21128–25460,COLOR,COLOR,TP
continuous_0299_S4_strategy2.npz,25460–29659,FAMILY,FAMILY,TP
continuous_0300_S4_strategy2.npz,0–4199,NUMBER,NUMBER,TP
continuous_0300_S4_strategy2.npz,4199–8364,FAMILY,FAMILY,TP
continuous_0300_S4_strategy2.npz,8364–12463,CALENDAR,CALENDAR,TP
continuous_0300_S4_strategy2.npz,12463–16695,DRINK,DRINK,TP
continuous_0300_S4_strategy2.npz,16695–20928,GREETING,GREETING,TP
continuous_0301_S4_strategy2.npz,0–4266,FOOD,FOOD,TP
continuous_0301_S4_strategy2.npz,4266–8432,COLOR,COLOR,TP
continuous_0301_S4_strategy2.npz,8432–13165,SURVIVAL,SURVIVAL,TP
continuous_0301_S4_strategy2.npz,13165–17364,NUMBER,NUMBER,TP
continuous_0301_S4_strategy2.npz,17364–21630,CALENDAR,CALENDAR,TP
continuous_0301_S4_strategy2.npz,21630–25995,RELATIONSHIPS,RELATIONSHIPS,TP
continuous_0301_S4_strategy2.npz,25433–29100,—,DRINK,FP
continuous_0301_S4_strategy2.npz,25995–29094,FAMILY,—,FN
continuous_0302_S4_strategy2.npz,0–4266,DRINK,DRINK,TP
continuous_0302_S4_strategy2.npz,4266–8498,FAMILY,FAMILY,TP
continuous_0302_S4_strategy2.npz,4300–6466,—,FAMILY,FP
continuous_0302_S4_strategy2.npz,8498–12897,DAYS,DAYS,TP
continuous_0302_S4_strategy2.npz,12897–17096,CALENDAR,CALENDAR,TP
continuous_0302_S4_strategy2.npz,12966–15133,—,CALENDAR,FP
continuous_0302_S4_strategy2.npz,17096–21728,NUMBER,NUMBER,TP
continuous_0302_S4_strategy2.npz,17300–19466,—,CALENDAR,FP
continuous_0302_S4_strategy2.npz,21633–23800,—,NUMBER,FP
continuous_0302_S4_strategy2.npz,21728–25960,FOOD,FOOD,TP
continuous_0303_S4_strategy2.npz,0–4199,DAYS,DAYS,TP
continuous_0303_S4_strategy2.npz,3300–6600,—,SURVIVAL,FP
continuous_0303_S4_strategy2.npz,4199–8431,SURVIVAL,SURVIVAL,TP
continuous_0303_S4_strategy2.npz,8431–12696,FOOD,FOOD,TP
continuous_0303_S4_strategy2.npz,12696–17028,GREETING,GREETING,TP
continuous_0303_S4_strategy2.npz,17028–21260,DRINK,—,FN
continuous_0303_S4_strategy2.npz,19866–23166,—,DRINK,FP
continuous_0303_S4_strategy2.npz,21260–25492,COLOR,COLOR,TP
continuous_0303_S4_strategy2.npz,25492–29791,CALENDAR,CALENDAR,TP
continuous_0304_S4_strategy2.npz,0–4765,DRINK,DRINK,TP
continuous_0304_S4_strategy2.npz,4765–9130,COLOR,COLOR,TP
continuous_0304_S4_strategy2.npz,9130–13229,FAMILY,FAMILY,TP
continuous_0304_S4_strategy2.npz,12333–15433,—,FAMILY,FP
continuous_0304_S4_strategy2.npz,13229–17428,NUMBER,NUMBER,TP
continuous_0304_S4_strategy2.npz,17428–21627,CALENDAR,CALENDAR,TP
continuous_0305_S4_strategy2.npz,0–4499,RELATIONSHIPS,RELATIONSHIPS,TP
continuous_0305_S4_strategy2.npz,3033–6100,—,DAYS,FP
continuous_0305_S4_strategy2.npz,4499–8698,DAYS,—,FN
continuous_0305_S4_strategy2.npz,6100–9133,—,NUMBER,FP
continuous_0305_S4_strategy2.npz,8698–12897,NUMBER,NUMBER,TP
continuous_0305_S4_strategy2.npz,12897–17162,DRINK,—,FN
continuous_0305_S4_strategy2.npz,15233–18300,—,DRINK,FP
continuous_0305_S4_strategy2.npz,17162–21361,SURVIVAL,SURVIVAL,TP
continuous_0306_S4_strategy2.npz,0–4299,DRINK,DRINK,TP
continuous_0306_S4_strategy2.npz,4299–8464,FAMILY,FAMILY,TP
continuous_0306_S4_strategy2.npz,8464–12663,SURVIVAL,SURVIVAL,TP
continuous_0306_S4_strategy2.npz,10666–16000,—,NUMBER,FP
continuous_0306_S4_strategy2.npz,12663–16962,DAYS,DAYS,TP
continuous_0306_S4_strategy2.npz,16962–21194,NUMBER,NUMBER,TP
continuous_0306_S4_strategy2.npz,21194–25259,FOOD,—,FN
continuous_0306_S4_strategy2.npz,24000–26666,—,FOOD,FP
continuous_0306_S4_strategy2.npz,25259–29325,CALENDAR,CALENDAR,TP
continuous_0307_S4_strategy2.npz,0–4332,FOOD,FOOD,TP
continuous_0307_S4_strategy2.npz,4332–8498,FAMILY,FAMILY,TP
continuous_0307_S4_strategy2.npz,8498–12797,DRINK,DRINK,TP
continuous_0307_S4_strategy2.npz,12797–16996,NUMBER,NUMBER,TP
continuous_0307_S4_strategy2.npz,16996–21395,RELATIONSHIPS,RELATIONSHIPS,TP
continuous_0308_S4_strategy2.npz,0–4299,GREETING,GREETING,TP
continuous_0308_S4_strategy2.npz,4299–8631,RELATIONSHIPS,FAMILY,TP
continuous_0308_S4_strategy2.npz,8631–12763,FOOD,FOOD,TP
continuous_0308_S4_strategy2.npz,11833–14800,—,COLOR,FP
continuous_0308_S4_strategy2.npz,12763–16962,SURVIVAL,SURVIVAL,TP
continuous_0308_S4_strategy2.npz,16962–21261,DRINK,DRINK,TP
continuous_0308_S4_strategy2.npz,17766–20733,—,DRINK,FP
continuous_0308_S4_strategy2.npz,21261–25393,DAYS,DAYS,TP
continuous_0308_S4_strategy2.npz,25393–29625,NUMBER,NUMBER,TP
continuous_0309_S4_strategy2.npz,0–4499,RELATIONSHIPS,RELATIONSHIPS,TP
continuous_0309_S4_strategy2.npz,4499–8598,DRINK,DRINK,TP
continuous_0309_S4_strategy2.npz,8598–12897,GREETING,GREETING,TP
continuous_0309_S4_strategy2.npz,12897–17096,CALENDAR,CALENDAR,TP
continuous_0309_S4_strategy2.npz,17096–21261,FAMILY,FAMILY,TP
continuous_0309_S4_strategy2.npz,21261–25460,SURVIVAL,SURVIVAL,TP
continuous_0309_S4_strategy2.npz,25460–29825,NUMBER,NUMBER,TP
continuous_0310_S4_strategy2.npz,0–4199,DAYS,DAYS,TP
continuous_0310_S4_strategy2.npz,2766–5566,—,SURVIVAL,FP
continuous_0310_S4_strategy2.npz,4199–8364,GREETING,GREETING,TP
continuous_0310_S4_strategy2.npz,8364–12630,CALENDAR,CALENDAR,TP
continuous_0310_S4_strategy2.npz,11166–13966,—,SURVIVAL,FP
continuous_0310_S4_strategy2.npz,12630–16729,SURVIVAL,—,FN
continuous_0310_S4_strategy2.npz,13966–16766,—,CALENDAR,FP
continuous_0310_S4_strategy2.npz,16729–20995,COLOR,COLOR,TP
continuous_0310_S4_strategy2.npz,20995–25160,FAMILY,FAMILY,TP
continuous_0311_S4_strategy2.npz,0–4132,RELATIONSHIPS,RELATIONSHIPS,TP
continuous_0311_S4_strategy2.npz,4132–8464,FAMILY,FAMILY,TP
continuous_0311_S4_strategy2.npz,8464–12863,GREETING,GREETING,TP
continuous_0311_S4_strategy2.npz,12863–17028,CALENDAR,CALENDAR,TP
continuous_0311_S4_strategy2.npz,15300–17866,—,FOOD,FP
continuous_0311_S4_strategy2.npz,17028–21327,FOOD,—,FN
continuous_0311_S4_strategy2.npz,17866–20400,—,COLOR,FP
continuous_0311_S4_strategy2.npz,20400–22966,—,FAMILY,FP
continuous_0311_S4_strategy2.npz,21327–25526,DAYS,DAYS,TP
continuous_0312_S4_strategy2.npz,0–4332,NUMBER,NUMBER,TP
continuous_0312_S4_strategy2.npz,4332–8497,GREETING,GREETING,TP
continuous_0312_S4_strategy2.npz,7066–9400,—,FOOD,FP
continuous_0312_S4_strategy2.npz,8497–12762,FOOD,FOOD,TP
continuous_0312_S4_strategy2.npz,12762–16994,FAMILY,FAMILY,TP
continuous_0312_S4_strategy2.npz,16466–18833,—,RELATIONSHIPS,FP
continuous_0312_S4_strategy2.npz,16994–21193,DAYS,DAYS,TP
continuous_0313_S4_strategy2.npz,0–4266,FOOD,FOOD,TP
continuous_0313_S4_strategy2.npz,4266–8398,SURVIVAL,SURVIVAL,TP
continuous_0313_S4_strategy2.npz,8398–12897,DRINK,DRINK,TP
continuous_0313_S4_strategy2.npz,10633–14200,—,NUMBER,FP
continuous_0313_S4_strategy2.npz,12897–17096,NUMBER,—,FN
continuous_0313_S4_strategy2.npz,14200–17733,—,FAMILY,FP
continuous_0313_S4_strategy2.npz,17096–21295,DAYS,DAYS,TP
continuous_0314_S4_strategy2.npz,0–4132,CALENDAR,CALENDAR,TP
continuous_0314_S4_strategy2.npz,2866–5733,—,RELATIONSHIPS,FP
continuous_0314_S4_strategy2.npz,4132–8331,RELATIONSHIPS,—,FN
continuous_0314_S4_strategy2.npz,5733–8600,—,CALENDAR,FP
continuous_0314_S4_strategy2.npz,8331–12530,SURVIVAL,—,FN
continuous_0314_S4_strategy2.npz,8600–11466,—,NUMBER,FP
continuous_0314_S4_strategy2.npz,12530–16962,GREETING,GREETING,TP
continuous_0314_S4_strategy2.npz,16962–21462,DRINK,DRINK,TP
continuous_0314_S4_strategy2.npz,21462–25794,COLOR,COLOR,TP
continuous_0315_S4_strategy2.npz,0–4165,SURVIVAL,SURVIVAL,TP
continuous_0315_S4_strategy2.npz,4165–8328,DAYS,DAYS,TP
continuous_0315_S4_strategy2.npz,8328–12394,CALENDAR,CALENDAR,TP
continuous_0315_S4_strategy2.npz,12366–14866,—,FAMILY,FP
continuous_0315_S4_strategy2.npz,12394–16593,FAMILY,—,FN
continuous_0315_S4_strategy2.npz,14866–17333,—,DRINK,FP
continuous_0315_S4_strategy2.npz,16593–20725,DRINK,DRINK,TP
continuous_0315_S4_strategy2.npz,20725–25325,GREETING,GREETING,TP
continuous_0315_S4_strategy2.npz,22300–24766,—,COLOR,FP
continuous_0315_S4_strategy2.npz,24766–27233,—,COLOR,FP
continuous_0315_S4_strategy2.npz,25325–29724,RELATIONSHIPS,RELATIONSHIPS,TP
continuous_0316_S4_strategy2.npz,0–4199,DAYS,DAYS,TP
continuous_0316_S4_strategy2.npz,4199–8431,COLOR,COLOR,TP
continuous_0316_S4_strategy2.npz,8431–12830,RELATIONSHIPS,RELATIONSHIPS,TP
continuous_0316_S4_strategy2.npz,12830–17029,FOOD,FOOD,TP
continuous_0316_S4_strategy2.npz,15233–17766,—,COLOR,FP
continuous_0316_S4_strategy2.npz,17029–21194,SURVIVAL,SURVIVAL,TP
continuous_0316_S4_strategy2.npz,21194–25393,FAMILY,FAMILY,TP
continuous_0317_S4_strategy2.npz,0–4299,FOOD,FOOD,TP
continuous_0317_S4_strategy2.npz,4299–8464,SURVIVAL,SURVIVAL,TP
continuous_0317_S4_strategy2.npz,8033–10700,—,COLOR,FP
continuous_0317_S4_strategy2.npz,8464–12729,CALENDAR,CALENDAR,TP
continuous_0317_S4_strategy2.npz,12729–16894,FAMILY,FAMILY,TP
continuous_0317_S4_strategy2.npz,16066–18733,—,COLOR,FP
continuous_0317_S4_strategy2.npz,16894–21093,DAYS,DAYS,TP
continuous_0317_S4_strategy2.npz,21093–25358,COLOR,—,FN
continuous_0317_S4_strategy2.npz,21400–24100,—,NUMBER,FP
continuous_0317_S4_strategy2.npz,24100–26766,—,COLOR,FP
continuous_0317_S4_strategy2.npz,25358–29457,GREETING,GREETING,TP
continuous_0318_S4_strategy2.npz,0–4297,DAYS,DAYS,TP
continuous_0318_S4_strategy2.npz,4297–8429,SURVIVAL,SURVIVAL,TP
continuous_0318_S4_strategy2.npz,8429–13128,COLOR,COLOR,TP
continuous_0318_S4_strategy2.npz,10933–14600,—,CALENDAR,FP
continuous_0318_S4_strategy2.npz,13128–17327,CALENDAR,—,FN
continuous_0318_S4_strategy2.npz,14600–18233,—,CALENDAR,FP
continuous_0318_S4_strategy2.npz,17327–21893,RELATIONSHIPS,RELATIONSHIPS,TP
continuous_0319_S4_strategy2.npz,0–3166,—,FAMILY,FP
continuous_0319_S4_strategy2.npz,0–4032,FAMILY,—,FN
continuous_0319_S4_strategy2.npz,3166–6333,—,RELATIONSHIPS,FP
continuous_0319_S4_strategy2.npz,4032–8298,RELATIONSHIPS,—,FN
continuous_0319_S4_strategy2.npz,6333–9533,—,SURVIVAL,FP
continuous_0319_S4_strategy2.npz,8298–12697,SURVIVAL,—,FN
continuous_0319_S4_strategy2.npz,9533–12700,—,GREETING,FP
continuous_0319_S4_strategy2.npz,12697–16896,GREETING,GREETING,TP
continuous_0319_S4_strategy2.npz,16896–21195,FOOD,FOOD,TP
continuous_0319_S4_strategy2.npz,21195–25427,DAYS,DAYS,TP
continuous_0320_S4_strategy2.npz,0–4166,DAYS,DAYS,TP
continuous_0320_S4_strategy2.npz,2900–5833,—,RELATIONSHIPS,FP
continuous_0320_S4_strategy2.npz,4166–8365,RELATIONSHIPS,—,FN
continuous_0320_S4_strategy2.npz,5833–8733,—,CALENDAR,FP
continuous_0320_S4_strategy2.npz,8365–12530,CALENDAR,—,FN
continuous_0320_S4_strategy2.npz,8733–11666,—,GREETING,FP
continuous_0320_S4_strategy2.npz,11666–14600,—,COLOR,FP
continuous_0320_S4_strategy2.npz,12530–16662,GREETING,—,FN
continuous_0320_S4_strategy2.npz,14600–17500,—,FOOD,FP
continuous_0320_S4_strategy2.npz,16662–20794,FOOD,—,FN
continuous_0320_S4_strategy2.npz,17500–20433,—,COLOR,FP
continuous_0320_S4_strategy2.npz,20794–25026,FAMILY,FAMILY,TP
continuous_0320_S4_strategy2.npz,23333–26266,—,COLOR,FP
continuous_0320_S4_strategy2.npz,25026–29191,COLOR,COLOR,TP
continuous_0321_S4_strategy2.npz,0–4299,GREETING,GREETING,TP
continuous_0321_S4_strategy2.npz,3200–6400,—,SURVIVAL,FP
continuous_0321_S4_strategy2.npz,4299–8498,DAYS,DAYS,TP
continuous_0321_S4_strategy2.npz,8498–12131,SURVIVAL,SURVIVAL,TP
continuous_0321_S4_strategy2.npz,12131–16496,DRINK,DRINK,TP
continuous_0321_S4_strategy2.npz,16496–20462,FAMILY,FAMILY,TP
continuous_0321_S4_strategy2.npz,19266–22466,—,CALENDAR,FP
continuous_0321_S4_strategy2.npz,20462–24727,CALENDAR,—,FN
continuous_0321_S4_strategy2.npz,22466–25666,—,RELATIONSHIPS,FP
continuous_0321_S4_strategy2.npz,24727–28892,COLOR,COLOR,TP
continuous_0322_S4_strategy2.npz,0–4199,SURVIVAL,SURVIVAL,TP
continuous_0322_S4_strategy2.npz,2666–5366,—,DAYS,FP
continuous_0322_S4_strategy2.npz,4199–8398,DAYS,—,FN
continuous_0322_S4_strategy2.npz,5366–8033,—,FAMILY,FP
continuous_0322_S4_strategy2.npz,8033–10733,—,DRINK,FP
continuous_0322_S4_strategy2.npz,8398–12697,DRINK,—,FN
continuous_0322_S4_strategy2.npz,10733–13433,—,DRINK,FP
continuous_0322_S4_strategy2.npz,12697–16962,RELATIONSHIPS,RELATIONSHIPS,TP
continuous_0322_S4_strategy2.npz,16100–18800,—,SURVIVAL,FP
continuous_0322_S4_strategy2.npz,16962–20994,FAMILY,FAMILY,TP
continuous_0322_S4_strategy2.npz,20994–25259,COLOR,—,FN
continuous_0322_S4_strategy2.npz,24166–26866,—,COLOR,FP
continuous_0322_S4_strategy2.npz,25259–29558,CALENDAR,CALENDAR,TP
continuous_0323_S4_strategy2.npz,0–4299,GREETING,GREETING,TP
continuous_0323_S4_strategy2.npz,4299–8531,FOOD,FOOD,TP
continuous_0323_S4_strategy2.npz,8531–12763,COLOR,COLOR,TP
continuous_0323_S4_strategy2.npz,12763–17295,RELATIONSHIPS,RELATIONSHIPS,TP
continuous_0323_S4_strategy2.npz,17295–21594,DRINK,DRINK,TP
continuous_0323_S4_strategy2.npz,21594–25526,FAMILY,FAMILY,TP
continuous_0323_S4_strategy2.npz,25526–29791,DAYS,DAYS,TP
continuous_0324_S4_strategy2.npz,0–4465,RELATIONSHIPS,RELATIONSHIPS,TP
continuous_0324_S4_strategy2.npz,4465–8797,DAYS,DAYS,TP
continuous_0324_S4_strategy2.npz,8797–13063,DRINK,DRINK,TP
continuous_0324_S4_strategy2.npz,13063–17295,CALENDAR,CALENDAR,TP
continuous_0324_S4_strategy2.npz,17295–21361,FAMILY,FAMILY,TP
continuous_0324_S4_strategy2.npz,21361–24760,COLOR,COLOR,TP
continuous_0325_S4_strategy2.npz,0–4232,DAYS,DAYS,TP
continuous_0325_S4_strategy2.npz,2800–5633,—,GREETING,FP
continuous_0325_S4_strategy2.npz,4232–8465,GREETING,—,FN
continuous_0325_S4_strategy2.npz,5633–8466,—,COLOR,FP
continuous_0325_S4_strategy2.npz,8465–12797,COLOR,—,FN
continuous_0325_S4_strategy2.npz,8466–11266,—,CALENDAR,FP
continuous_0325_S4_strategy2.npz,11266–14100,—,CALENDAR,FP
continuous_0325_S4_strategy2.npz,12797–16796,CALENDAR,—,FN
continuous_0325_S4_strategy2.npz,14100–16933,—,CALENDAR,FP
continuous_0325_S4_strategy2.npz,16796–21028,FAMILY,FAMILY,TP
continuous_0325_S4_strategy2.npz,21028–25393,DRINK,DRINK,TP
continuous_0326_S4_strategy2.npz,0–4632,CALENDAR,CALENDAR,TP
continuous_0326_S4_strategy2.npz,3266–6533,—,CALENDAR,FP
continuous_0326_S4_strategy2.npz,4632–8697,FAMILY,FAMILY,TP
continuous_0326_S4_strategy2.npz,8697–13130,DRINK,DRINK,TP
continuous_0326_S4_strategy2.npz,13100–16366,—,DRINK,FP
continuous_0326_S4_strategy2.npz,13130–17362,GREETING,GREETING,TP
continuous_0326_S4_strategy2.npz,17362–21927,RELATIONSHIPS,RELATIONSHIPS,TP
continuous_0326_S4_strategy2.npz,21927–26192,COLOR,COLOR,TP
continuous_0327_S4_strategy2.npz,0–4265,FOOD,FOOD,TP
continuous_0327_S4_strategy2.npz,3266–6566,—,GREETING,FP
continuous_0327_S4_strategy2.npz,4265–8464,GREETING,—,FN
continuous_0327_S4_strategy2.npz,6566–9866,—,CALENDAR,FP
continuous_0327_S4_strategy2.npz,8464–12796,CALENDAR,—,FN
continuous_0327_S4_strategy2.npz,9866–13166,—,NUMBER,FP
continuous_0327_S4_strategy2.npz,12796–17361,DAYS,DAYS,TP
continuous_0327_S4_strategy2.npz,17361–21526,FAMILY,FAMILY,TP
continuous_0327_S4_strategy2.npz,21526–25858,RELATIONSHIPS,RELATIONSHIPS,TP
continuous_0327_S4_strategy2.npz,25858–29624,DRINK,DRINK,TP
continuous_0328_S4_strategy2.npz,0–4399,FAMILY,FAMILY,TP
continuous_0328_S4_strategy2.npz,3066–6133,—,DRINK,FP
continuous_0328_S4_strategy2.npz,4399–8598,DRINK,—,FN
continuous_0328_S4_strategy2.npz,6133–9200,—,SURVIVAL,FP
continuous_0328_S4_strategy2.npz,8598–12897,GREETING,GREETING,TP
continuous_0328_S4_strategy2.npz,12897–17062,CALENDAR,CALENDAR,TP
continuous_0328_S4_strategy2.npz,17062–21494,FOOD,FOOD,TP
continuous_0329_S4_strategy2.npz,0–4499,COLOR,COLOR,TP
continuous_0329_S4_strategy2.npz,4499–8698,DRINK,DRINK,TP
continuous_0329_S4_strategy2.npz,8698–12863,SURVIVAL,SURVIVAL,TP
continuous_0329_S4_strategy2.npz,12863–16895,GREETING,GREETING,TP
continuous_0329_S4_strategy2.npz,15033–18033,—,SURVIVAL,FP
continuous_0329_S4_strategy2.npz,16895–21060,DAYS,DAYS,TP
continuous_0330_S4_strategy2.npz,0–4265,FOOD,FOOD,TP
continuous_0330_S4_strategy2.npz,4265–8497,CALENDAR,CALENDAR,TP
continuous_0330_S4_strategy2.npz,8497–12596,DRINK,DRINK,TP
continuous_0330_S4_strategy2.npz,12596–16995,FAMILY,FAMILY,TP
continuous_0330_S4_strategy2.npz,16995–21227,COLOR,COLOR,TP
continuous_0330_S4_strategy2.npz,21227–25726,RELATIONSHIPS,RELATIONSHIPS,TP
continuous_0330_S4_strategy2.npz,23900–26900,—,COLOR,FP
continuous_0330_S4_strategy2.npz,25726–29891,DAYS,DAYS,TP
continuous_0331_S4_strategy2.npz,0–4232,DAYS,DAYS,TP
continuous_0331_S4_strategy2.npz,2633–5300,—,NUMBER,FP
continuous_0331_S4_strategy2.npz,4232–8564,SURVIVAL,SURVIVAL,TP
continuous_0331_S4_strategy2.npz,7933–10600,—,FAMILY,FP
continuous_0331_S4_strategy2.npz,8564–12629,FAMILY,FAMILY,TP
continuous_0331_S4_strategy2.npz,12629–16561,DRINK,—,FN
continuous_0331_S4_strategy2.npz,15900–18533,—,DRINK,FP
continuous_0331_S4_strategy2.npz,16561–20793,FOOD,FOOD,TP
continuous_0331_S4_strategy2.npz,20793–25058,COLOR,COLOR,TP
continuous_0331_S4_strategy2.npz,21200–23833,—,FOOD,FP
continuous_0331_S4_strategy2.npz,25058–29157,CALENDAR,CALENDAR,TP
continuous_0332_S4_strategy2.npz,0–4232,CALENDAR,CALENDAR,TP
continuous_0332_S4_strategy2.npz,4232–8697,FAMILY,FAMILY,TP
continuous_0332_S4_strategy2.npz,8697–12929,SURVIVAL,SURVIVAL,TP
continuous_0332_S4_strategy2.npz,12929–17528,RELATIONSHIPS,RELATIONSHIPS,TP
continuous_0332_S4_strategy2.npz,17528–21927,COLOR,COLOR,TP
continuous_0333_S4_strategy2.npz,0–4132,FAMILY,FAMILY,TP
continuous_0333_S4_strategy2.npz,4132–8298,CALENDAR,CALENDAR,TP
continuous_0333_S4_strategy2.npz,8298–12530,DRINK,DRINK,TP
continuous_0333_S4_strategy2.npz,12530–16562,RELATIONSHIPS,RELATIONSHIPS,TP
continuous_0333_S4_strategy2.npz,16562–20861,COLOR,COLOR,TP
continuous_0333_S4_strategy2.npz,20861–24993,GREETING,GREETING,TP
continuous_0333_S4_strategy2.npz,24993–29225,DAYS,DAYS,TP
continuous_0334_S4_strategy2.npz,0–4165,DAYS,DAYS,TP
continuous_0334_S4_strategy2.npz,2600–5200,—,FAMILY,FP
continuous_0334_S4_strategy2.npz,4165–8197,FAMILY,—,FN
continuous_0334_S4_strategy2.npz,5200–7800,—,SURVIVAL,FP
continuous_0334_S4_strategy2.npz,7800–10400,—,SURVIVAL,FP
continuous_0334_S4_strategy2.npz,8197–12496,SURVIVAL,—,FN
continuous_0334_S4_strategy2.npz,12496–16762,GREETING,GREETING,TP
continuous_0334_S4_strategy2.npz,15600–18200,—,RELATIONSHIPS,FP
continuous_0334_S4_strategy2.npz,16762–20261,RELATIONSHIPS,—,FN
continuous_0334_S4_strategy2.npz,18200–20800,—,DRINK,FP
continuous_0334_S4_strategy2.npz,20261–24560,COLOR,COLOR,TP
continuous_0334_S4_strategy2.npz,23400–26000,—,CALENDAR,FP
continuous_0334_S4_strategy2.npz,24560–28592,CALENDAR,CALENDAR,TP
continuous_0335_S4_strategy2.npz,0–4065,CALENDAR,CALENDAR,TP
continuous_0335_S4_strategy2.npz,2666–5366,—,COLOR,FP
continuous_0335_S4_strategy2.npz,4065–8730,COLOR,—,FN
continuous_0335_S4_strategy2.npz,5366–8033,—,FAMILY,FP
continuous_0335_S4_strategy2.npz,8730–12795,FAMILY,FAMILY,TP
continuous_0335_S4_strategy2.npz,12795–17260,RELATIONSHIPS,RELATIONSHIPS,TP
continuous_0335_S4_strategy2.npz,16100–18800,—,SURVIVAL,FP
continuous_0335_S4_strategy2.npz,17260–21492,DRINK,DRINK,TP
continuous_0336_S4_strategy2.npz,0–4299,COLOR,COLOR,TP
continuous_0336_S4_strategy2.npz,3200–6433,—,DRINK,FP
continuous_0336_S4_strategy2.npz,4299–8631,DRINK,—,FN
continuous_0336_S4_strategy2.npz,6433–9666,—,RELATIONSHIPS,FP
continuous_0336_S4_strategy2.npz,8631–12930,FAMILY,FAMILY,TP
continuous_0336_S4_strategy2.npz,12900–16133,—,FAMILY,FP
continuous_0336_S4_strategy2.npz,12930–17229,RELATIONSHIPS,RELATIONSHIPS,TP
continuous_0336_S4_strategy2.npz,17229–21394,CALENDAR,CALENDAR,TP
continuous_0336_S4_strategy2.npz,21394–25825,DAYS,DAYS,TP
continuous_0337_S4_strategy2.npz,0–4366,COLOR,COLOR,TP
continuous_0337_S4_strategy2.npz,2333–4700,—,NUMBER,FP
continuous_0337_S4_strategy2.npz,4366–8631,GREETING,GREETING,TP
continuous_0337_S4_strategy2.npz,8631–12963,RELATIONSHIPS,RELATIONSHIPS,TP
continuous_0337_S4_strategy2.npz,11800–14166,—,RELATIONSHIPS,FP
continuous_0337_S4_strategy2.npz,12963–17128,CALENDAR,CALENDAR,TP
continuous_0337_S4_strategy2.npz,17128–21261,SURVIVAL,—,FN
continuous_0337_S4_strategy2.npz,18900–21266,—,SURVIVAL,FP
continuous_0338_S4_strategy2.npz,0–4365,COLOR,COLOR,TP
continuous_0338_S4_strategy2.npz,4365–8597,SURVIVAL,SURVIVAL,TP
continuous_0338_S4_strategy2.npz,6366–9533,—,GREETING,FP
continuous_0338_S4_strategy2.npz,8597–12896,GREETING,—,FN
continuous_0338_S4_strategy2.npz,9533–12733,—,SURVIVAL,FP
continuous_0338_S4_strategy2.npz,12896–17062,FAMILY,FAMILY,TP
continuous_0338_S4_strategy2.npz,15933–19100,—,RELATIONSHIPS,FP
continuous_0338_S4_strategy2.npz,17062–21294,RELATIONSHIPS,—,FN
continuous_0338_S4_strategy2.npz,19100–22300,—,SURVIVAL,FP
continuous_0338_S4_strategy2.npz,21294–25493,DAYS,DAYS,TP
continuous_0339_S4_strategy2.npz,0–4099,FAMILY,FAMILY,TP
continuous_0339_S4_strategy2.npz,4099–8331,GREETING,GREETING,TP
continuous_0339_S4_strategy2.npz,6433–9633,—,FOOD,FP
continuous_0339_S4_strategy2.npz,8331–12596,RELATIONSHIPS,RELATIONSHIPS,TP
continuous_0339_S4_strategy2.npz,12596–16695,DAYS,DAYS,TP
continuous_0339_S4_strategy2.npz,16695–20261,SURVIVAL,SURVIVAL,TP
continuous_0339_S4_strategy2.npz,19300–22500,—,COLOR,FP
continuous_0339_S4_strategy2.npz,20261–24593,COLOR,—,FN
continuous_0339_S4_strategy2.npz,22500–25733,—,COLOR,FP
continuous_0339_S4_strategy2.npz,24593–28958,DRINK,DRINK,TP
continuous_0340_S4_strategy2.npz,0–4265,COLOR,COLOR,TP
continuous_0340_S4_strategy2.npz,2700–5433,—,RELATIONSHIPS,FP
continuous_0340_S4_strategy2.npz,4265–8498,SURVIVAL,SURVIVAL,TP
continuous_0340_S4_strategy2.npz,8498–12763,DRINK,DRINK,TP
continuous_0340_S4_strategy2.npz,12763–16895,FAMILY,FAMILY,TP
continuous_0340_S4_strategy2.npz,16333–19066,—,DAYS,FP
continuous_0340_S4_strategy2.npz,16895–21227,RELATIONSHIPS,RELATIONSHIPS,TP
continuous_0340_S4_strategy2.npz,21227–25526,DAYS,DAYS,TP
continuous_0340_S4_strategy2.npz,25526–29992,CALENDAR,CALENDAR,TP
continuous_0341_S4_strategy2.npz,0–4165,FAMILY,FAMILY,TP
continuous_0341_S4_strategy2.npz,4165–8364,SURVIVAL,SURVIVAL,TP
continuous_0341_S4_strategy2.npz,8364–12830,RELATIONSHIPS,RELATIONSHIPS,TP
continuous_0341_S4_strategy2.npz,12830–17195,GREETING,GREETING,TP
continuous_0341_S4_strategy2.npz,17195–22027,DRINK,DRINK,TP
continuous_0341_S4_strategy2.npz,20433–23366,—,SURVIVAL,FP
continuous_0341_S4_strategy2.npz,22027–26292,COLOR,COLOR,TP
continuous_0342_S4_strategy2.npz,0–4132,GREETING,GREETING,TP
continuous_0342_S4_strategy2.npz,2966–5933,—,FAMILY,FP
continuous_0342_S4_strategy2.npz,4132–8264,FAMILY,—,FN
continuous_0342_S4_strategy2.npz,5933–8933,—,RELATIONSHIPS,FP
continuous_0342_S4_strategy2.npz,8264–12496,RELATIONSHIPS,—,FN
continuous_0342_S4_strategy2.npz,8933–11900,—,SURVIVAL,FP
continuous_0342_S4_strategy2.npz,12496–16662,DAYS,DAYS,TP
continuous_0342_S4_strategy2.npz,16662–21128,COLOR,COLOR,TP
continuous_0342_S4_strategy2.npz,20833–23833,—,COLOR,FP
continuous_0342_S4_strategy2.npz,21128–25360,DRINK,DRINK,TP
continuous_0342_S4_strategy2.npz,25360–29793,SURVIVAL,SURVIVAL,TP
continuous_0343_S4_strategy2.npz,0–4433,SURVIVAL,SURVIVAL,TP
continuous_0343_S4_strategy2.npz,2666–5366,—,NUMBER,FP
continuous_0343_S4_strategy2.npz,4433–8665,RELATIONSHIPS,RELATIONSHIPS,TP
continuous_0343_S4_strategy2.npz,8665–12897,CALENDAR,CALENDAR,TP
continuous_0343_S4_strategy2.npz,12897–17196,COLOR,—,FN
continuous_0343_S4_strategy2.npz,16100–18766,—,COLOR,FP
continuous_0343_S4_strategy2.npz,17196–21461,DRINK,DRINK,TP
continuous_0344_S4_strategy2.npz,0–4232,CALENDAR,CALENDAR,TP
continuous_0344_S4_strategy2.npz,4232–8364,GREETING,GREETING,TP
continuous_0344_S4_strategy2.npz,8364–11430,SURVIVAL,SURVIVAL,TP
continuous_0344_S4_strategy2.npz,11430–15662,DAYS,DAYS,TP
continuous_0344_S4_strategy2.npz,14166–17000,—,NUMBER,FP
continuous_0344_S4_strategy2.npz,15662–19861,FAMILY,FAMILY,TP
continuous_0345_S4_strategy2.npz,0–4199,FAMILY,FAMILY,TP
continuous_0345_S4_strategy2.npz,3133–6300,—,GREETING,FP
continuous_0345_S4_strategy2.npz,4199–8398,GREETING,—,FN
continuous_0345_S4_strategy2.npz,6300–9433,—,NUMBER,FP
continuous_0345_S4_strategy2.npz,8398–12597,CALENDAR,CALENDAR,TP
continuous_0345_S4_strategy2.npz,12597–16962,COLOR,COLOR,TP
continuous_0345_S4_strategy2.npz,16962–21027,DRINK,DRINK,TP
continuous_0345_S4_strategy2.npz,21027–25192,DAYS,SURVIVAL,TP
continuous_0346_S4_strategy2.npz,0–4399,RELATIONSHIPS,RELATIONSHIPS,TP
continuous_0346_S4_strategy2.npz,2633–5300,—,SURVIVAL,FP
continuous_0346_S4_strategy2.npz,4399–8598,SURVIVAL,—,FN
continuous_0346_S4_strategy2.npz,5300–7933,—,NUMBER,FP
continuous_0346_S4_strategy2.npz,8598–12830,GREETING,GREETING,TP
continuous_0346_S4_strategy2.npz,10600–13266,—,GREETING,FP
continuous_0346_S4_strategy2.npz,12830–16895,FAMILY,FAMILY,TP
continuous_0346_S4_strategy2.npz,16895–21227,COLOR,COLOR,TP
continuous_0347_S4_strategy2.npz,0–4432,COLOR,COLOR,TP
continuous_0347_S4_strategy2.npz,2900–5833,—,FAMILY,FP
continuous_0347_S4_strategy2.npz,4432–8531,FAMILY,—,FN
continuous_0347_S4_strategy2.npz,5833–8733,—,SURVIVAL,FP
continuous_0347_S4_strategy2.npz,8531–13897,SURVIVAL,—,FN
continuous_0347_S4_strategy2.npz,8733–11666,—,COLOR,FP
continuous_0347_S4_strategy2.npz,11666–14566,—,GREETING,FP
continuous_0347_S4_strategy2.npz,13897–17596,GREETING,—,FN
continuous_0347_S4_strategy2.npz,14566–17500,—,FOOD,FP
continuous_0347_S4_strategy2.npz,17596–21795,CALENDAR,CALENDAR,TP
continuous_0347_S4_strategy2.npz,20400–23333,—,DRINK,FP
continuous_0347_S4_strategy2.npz,21795–26260,RELATIONSHIPS,RELATIONSHIPS,TP
continuous_0348_S4_strategy2.npz,0–4332,RELATIONSHIPS,RELATIONSHIPS,TP
continuous_0348_S4_strategy2.npz,4332–8732,SURVIVAL,SURVIVAL,TP
continuous_0348_S4_strategy2.npz,7600–10133,—,DRINK,FP
continuous_0348_S4_strategy2.npz,8732–13031,DRINK,—,FN
continuous_0348_S4_strategy2.npz,10133–12700,—,SURVIVAL,FP
continuous_0348_S4_strategy2.npz,13031–17230,DAYS,DAYS,TP
continuous_0348_S4_strategy2.npz,17230–21196,GREETING,GREETING,TP
continuous_0348_S4_strategy2.npz,20300–22833,—,CALENDAR,FP
continuous_0348_S4_strategy2.npz,21196–25395,CALENDAR,—,FN
continuous_0348_S4_strategy2.npz,22833–25400,—,CALENDAR,FP
continuous_0349_S4_strategy2.npz,0–5500,GREETING,GREETING,TP
continuous_0349_S4_strategy2.npz,2833–5666,—,COLOR,FP
continuous_0349_S4_strategy2.npz,5500–9799,COLOR,—,FN
continuous_0349_S4_strategy2.npz,5666–8500,—,RELATIONSHIPS,FP
continuous_0349_S4_strategy2.npz,8500–11333,—,COLOR,FP
continuous_0349_S4_strategy2.npz,9799–14098,DRINK,DRINK,TP
continuous_0349_S4_strategy2.npz,14098–18363,CALENDAR,CALENDAR,TP
continuous_0349_S4_strategy2.npz,14166–17000,—,DRINK,FP
continuous_0349_S4_strategy2.npz,18363–22795,RELATIONSHIPS,RELATIONSHIPS,TP
continuous_0349_S4_strategy2.npz,22795–26961,DAYS,DAYS,TP
continuous_0349_S4_strategy2.npz,25500–28333,—,NUMBER,FP
continuous_0349_S4_strategy2.npz,26961–31160,SURVIVAL,SURVIVAL,TP
continuous_0350_S4_strategy2.npz,0–4332,CALENDAR,CALENDAR,TP
continuous_0350_S4_strategy2.npz,3100–6200,—,CALENDAR,FP
continuous_0350_S4_strategy2.npz,4332–8497,DRINK,DRINK,TP
continuous_0350_S4_strategy2.npz,8497–14062,RELATIONSHIPS,RELATIONSHIPS,TP
continuous_0350_S4_strategy2.npz,12433–15566,—,GREETING,FP
continuous_0350_S4_strategy2.npz,14062–18261,GREETING,—,FN
continuous_0350_S4_strategy2.npz,18261–22526,FAMILY,FAMILY,TP
continuous_0350_S4_strategy2.npz,22526–26658,SURVIVAL,SURVIVAL,TP
continuous_0350_S4_strategy2.npz,24900–28000,—,CALENDAR,FP
continuous_0350_S4_strategy2.npz,26658–31123,COLOR,COLOR,TP
continuous_0351_S4_strategy2.npz,0–4199,DAYS,DAYS,TP
continuous_0351_S4_strategy2.npz,4199–8398,GREETING,GREETING,TP
continuous_0351_S4_strategy2.npz,6166–9266,—,DRINK,FP
continuous_0351_S4_strategy2.npz,8398–12964,DRINK,—,FN
continuous_0351_S4_strategy2.npz,9266–12366,—,CALENDAR,FP
continuous_0351_S4_strategy2.npz,12964–17163,CALENDAR,CALENDAR,TP
continuous_0351_S4_strategy2.npz,15466–18566,—,FOOD,FP
continuous_0351_S4_strategy2.npz,17163–21662,COLOR,COLOR,TP
continuous_0352_S4_strategy2.npz,0–4232,SURVIVAL,SURVIVAL,TP
continuous_0352_S4_strategy2.npz,2333–4700,—,FAMILY,FP
continuous_0352_S4_strategy2.npz,4232–8464,FAMILY,—,FN
continuous_0352_S4_strategy2.npz,4700–7033,—,RELATIONSHIPS,FP
continuous_0352_S4_strategy2.npz,7033–9400,—,RELATIONSHIPS,FP
continuous_0352_S4_strategy2.npz,8464–12963,RELATIONSHIPS,—,FN
continuous_0352_S4_strategy2.npz,9400–11733,—,FOOD,FP
continuous_0352_S4_strategy2.npz,12963–17195,CALENDAR,CALENDAR,TP
continuous_0352_S4_strategy2.npz,17195–21394,DAYS,DAYS,TP
continuous_0352_S4_strategy2.npz,21394–26160,GREETING,GREETING,TP
continuous_0352_S4_strategy2.npz,26160–30559,COLOR,COLOR,TP
continuous_0353_S4_strategy2.npz,0–4365,DRINK,DRINK,TP
continuous_0353_S4_strategy2.npz,3166–6366,—,SURVIVAL,FP
continuous_0353_S4_strategy2.npz,4365–8597,SURVIVAL,—,FN
continuous_0353_S4_strategy2.npz,8597–12929,CALENDAR,CALENDAR,TP
continuous_0353_S4_strategy2.npz,12929–17094,GREETING,GREETING,TP
continuous_0353_S4_strategy2.npz,17094–21293,FAMILY,—,FN
continuous_0353_S4_strategy2.npz,19100–22300,—,FAMILY,FP
continuous_0353_S4_strategy2.npz,21293–25492,DAYS,DAYS,TP
continuous_0354_S4_strategy2.npz,0–4399,GREETING,GREETING,TP
continuous_0354_S4_strategy2.npz,3333–6700,—,FAMILY,FP
continuous_0354_S4_strategy2.npz,4399–8598,DRINK,—,FN
continuous_0354_S4_strategy2.npz,6700–10066,—,DRINK,FP
continuous_0354_S4_strategy2.npz,8598–12863,DAYS,DAYS,TP
continuous_0354_S4_strategy2.npz,12863–16862,FAMILY,FAMILY,TP
continuous_0354_S4_strategy2.npz,16862–21061,SURVIVAL,SURVIVAL,TP
continuous_0354_S4_strategy2.npz,21061–25861,CALENDAR,—,FN
continuous_0354_S4_strategy2.npz,23466–26833,—,CALENDAR,FP
continuous_0354_S4_strategy2.npz,25861–30193,COLOR,COLOR,TP
continuous_0355_S4_strategy2.npz,0–4432,RELATIONSHIPS,RELATIONSHIPS,TP
continuous_0355_S4_strategy2.npz,2833–5700,—,CALENDAR,FP
continuous_0355_S4_strategy2.npz,4432–8764,CALENDAR,CALENDAR,TP
continuous_0355_S4_strategy2.npz,8764–12929,GREETING,GREETING,TP
continuous_0355_S4_strategy2.npz,12929–17229,DRINK,DRINK,TP
continuous_0355_S4_strategy2.npz,14266–17133,—,SURVIVAL,FP
continuous_0355_S4_strategy2.npz,17229–21394,DAYS,DAYS,TP
continuous_0355_S4_strategy2.npz,19966–22833,—,FAMILY,FP
continuous_0355_S4_strategy2.npz,21394–25693,FAMILY,FAMILY,TP
continuous_0356_S4_strategy2.npz,0–4166,SURVIVAL,SURVIVAL,TP
continuous_0356_S4_strategy2.npz,4166–8432,RELATIONSHIPS,RELATIONSHIPS,TP
continuous_0356_S4_strategy2.npz,8432–12697,DRINK,DRINK,TP
continuous_0356_S4_strategy2.npz,12697–17029,COLOR,COLOR,TP
continuous_0356_S4_strategy2.npz,16266–18566,—,COLOR,FP
continuous_0356_S4_strategy2.npz,17029–21328,GREETING,GREETING,TP
continuous_0356_S4_strategy2.npz,21328–25560,CALENDAR,—,FN
continuous_0356_S4_strategy2.npz,23233–25566,—,CALENDAR,FP
continuous_0357_S4_strategy2.npz,0–3033,—,FAMILY,FP
continuous_0357_S4_strategy2.npz,0–4299,FAMILY,—,FN
continuous_0357_S4_strategy2.npz,4299–8531,DRINK,DRINK,TP
continuous_0357_S4_strategy2.npz,8531–12896,RELATIONSHIPS,RELATIONSHIPS,TP
continuous_0357_S4_strategy2.npz,12896–17462,GREETING,GREETING,TP
continuous_0357_S4_strategy2.npz,15200–18233,—,RELATIONSHIPS,FP
continuous_0357_S4_strategy2.npz,17462–21727,COLOR,COLOR,TP
continuous_0357_S4_strategy2.npz,21727–25826,DAYS,DAYS,TP
continuous_0357_S4_strategy2.npz,24333–27366,—,CALENDAR,FP
continuous_0357_S4_strategy2.npz,25826–30425,CALENDAR,CALENDAR,TP
continuous_0358_S4_strategy2.npz,0–4165,CALENDAR,CALENDAR,TP
continuous_0358_S4_strategy2.npz,4165–8798,GREETING,GREETING,TP
continuous_0358_S4_strategy2.npz,8798–13030,SURVIVAL,SURVIVAL,TP
continuous_0358_S4_strategy2.npz,13030–17229,FAMILY,FAMILY,TP
continuous_0358_S4_strategy2.npz,17229–21761,RELATIONSHIPS,RELATIONSHIPS,TP
continuous_0358_S4_strategy2.npz,21761–26126,COLOR,COLOR,TP
continuous_0359_S4_strategy2.npz,0–4099,CALENDAR,CALENDAR,TP
continuous_0359_S4_strategy2.npz,2600–5200,—,CALENDAR,FP
continuous_0359_S4_strategy2.npz,4099–8464,COLOR,COLOR,TP
continuous_0359_S4_strategy2.npz,8464–12663,GREETING,GREETING,TP
continuous_0359_S4_strategy2.npz,12663–16728,FAMILY,FAMILY,TP
continuous_0359_S4_strategy2.npz,16728–20893,DRINK,DRINK,TP
continuous_0360_S4_strategy2.npz,0–4232,DRINK,DRINK,TP
continuous_0360_S4_strategy2.npz,4232–8562,CALENDAR,CALENDAR,TP
continuous_0360_S4_strategy2.npz,5766–8666,—,RELATIONSHIPS,FP
continuous_0360_S4_strategy2.npz,8562–12994,COLOR,COLOR,TP
continuous_0360_S4_strategy2.npz,11566–14466,—,GREETING,FP
continuous_0360_S4_strategy2.npz,12994–17293,GREETING,GREETING,TP
continuous_0360_S4_strategy2.npz,17293–21659,FAMILY,FAMILY,TP
continuous_0360_S4_strategy2.npz,21659–26058,RELATIONSHIPS,RELATIONSHIPS,TP
continuous_0361_S4_strategy2.npz,0–4199,CALENDAR,CALENDAR,TP
continuous_0361_S4_strategy2.npz,4199–8965,RELATIONSHIPS,RELATIONSHIPS,TP
continuous_0361_S4_strategy2.npz,8233–10966,—,SURVIVAL,FP
continuous_0361_S4_strategy2.npz,8965–13197,DRINK,RELATIONSHIPS,TP
continuous_0361_S4_strategy2.npz,13197–17197,SURVIVAL,SURVIVAL,TP
continuous_0361_S4_strategy2.npz,17197–21429,FAMILY,—,FN
continuous_0361_S4_strategy2.npz,21429–25728,COLOR,COLOR,TP
continuous_0361_S4_strategy2.npz,21966–24733,—,FAMILY,FP
continuous_0361_S4_strategy2.npz,25728–30226,DAYS,DAYS,TP
continuous_0362_S4_strategy2.npz,0–4166,CALENDAR,CALENDAR,TP
continuous_0362_S4_strategy2.npz,2700–5400,—,CALENDAR,FP
continuous_0362_S4_strategy2.npz,4166–8365,SURVIVAL,SURVIVAL,TP
continuous_0362_S4_strategy2.npz,8100–10800,—,NUMBER,FP
continuous_0362_S4_strategy2.npz,8365–12531,GREETING,GREETING,TP
continuous_0362_S4_strategy2.npz,12531–16863,DRINK,DRINK,TP
continuous_0362_S4_strategy2.npz,16863–20962,FAMILY,FAMILY,TP
continuous_0362_S4_strategy2.npz,18900–21600,—,SURVIVAL,FP
continuous_0362_S4_strategy2.npz,20962–25327,DAYS,DAYS,TP
continuous_0362_S4_strategy2.npz,25327–29726,COLOR,COLOR,TP
continuous_0363_S4_strategy2.npz,0–4399,DRINK,DRINK,TP
continuous_0363_S4_strategy2.npz,4399–8465,DAYS,DAYS,TP
continuous_0363_S4_strategy2.npz,8266–11033,—,CALENDAR,FP
continuous_0363_S4_strategy2.npz,8465–13230,CALENDAR,—,FN
continuous_0363_S4_strategy2.npz,13230–17395,SURVIVAL,CALENDAR,TP
continuous_0363_S4_strategy2.npz,17395–21627,RELATIONSHIPS,RELATIONSHIPS,TP
continuous_0363_S4_strategy2.npz,21627–26059,GREETING,GREETING,TP
continuous_0363_S4_strategy2.npz,24833–27600,—,FOOD,FP
continuous_0363_S4_strategy2.npz,26059–30358,COLOR,COLOR,TP
continuous_0364_S4_strategy2.npz,0–4232,DRINK,DRINK,TP
continuous_0364_S4_strategy2.npz,4232–8932,CALENDAR,CALENDAR,TP
continuous_0364_S4_strategy2.npz,8932–13164,RELATIONSHIPS,RELATIONSHIPS,TP
continuous_0364_S4_strategy2.npz,13164–17528,DAYS,DAYS,TP
continuous_0364_S4_strategy2.npz,17528–21793,COLOR,COLOR,TP
continuous_0364_S4_strategy2.npz,21793–25925,GREETING,GREETING,TP
continuous_0364_S4_strategy2.npz,25925–30091,FAMILY,FAMILY,TP
continuous_0365_S4_strategy2.npz,0–4232,DRINK,DRINK,TP
continuous_0365_S4_strategy2.npz,2233–4500,—,COLOR,FP
continuous_0365_S4_strategy2.npz,4232–8464,CALENDAR,CALENDAR,TP
continuous_0365_S4_strategy2.npz,8464–12596,COLOR,COLOR,TP
continuous_0365_S4_strategy2.npz,11300–13566,—,CALENDAR,FP
continuous_0365_S4_strategy2.npz,12596–16795,GREETING,GREETING,TP
continuous_0365_S4_strategy2.npz,16795–20960,DAYS,DAYS,TP
continuous_0365_S4_strategy2.npz,20333–22600,—,SURVIVAL,FP
continuous_0365_S4_strategy2.npz,20960–25226,RELATIONSHIPS,RELATIONSHIPS,TP
continuous_0365_S4_strategy2.npz,24866–27133,—,COLOR,FP
continuous_0365_S4_strategy2.npz,25226–29392,SURVIVAL,—,FN
continuous_0365_S4_strategy2.npz,27133–29366,—,SURVIVAL,FP
continuous_0366_S4_strategy2.npz,0–4199,GREETING,GREETING,TP
continuous_0366_S4_strategy2.npz,4199–8464,DRINK,DRINK,TP
continuous_0366_S4_strategy2.npz,8464–12763,SURVIVAL,SURVIVAL,TP
continuous_0366_S4_strategy2.npz,12400–14900,—,SURVIVAL,FP
continuous_0366_S4_strategy2.npz,12763–17195,RELATIONSHIPS,RELATIONSHIPS,TP
continuous_0366_S4_strategy2.npz,17195–21460,COLOR,COLOR,TP
continuous_0366_S4_strategy2.npz,21460–25659,FAMILY,—,FN
continuous_0366_S4_strategy2.npz,22366–24833,—,FAMILY,FP
continuous_0366_S4_strategy2.npz,24833–27333,—,CALENDAR,FP
continuous_0366_S4_strategy2.npz,25659–29824,CALENDAR,CALENDAR,TP
continuous_0367_S4_strategy2.npz,0–4265,COLOR,COLOR,TP
continuous_0367_S4_strategy2.npz,4265–8464,GREETING,GREETING,TP
continuous_0367_S4_strategy2.npz,7166–9566,—,CALENDAR,FP
continuous_0367_S4_strategy2.npz,8464–12996,CALENDAR,CALENDAR,TP
continuous_0367_S4_strategy2.npz,12996–17128,DAYS,DAYS,TP
continuous_0367_S4_strategy2.npz,16766–19166,—,FAMILY,FP
continuous_0367_S4_strategy2.npz,17128–21560,SURVIVAL,SURVIVAL,TP
continuous_0368_S4_strategy2.npz,0–4199,CALENDAR,CALENDAR,TP
continuous_0368_S4_strategy2.npz,4199–8398,SURVIVAL,SURVIVAL,TP
continuous_0368_S4_strategy2.npz,8398–12564,DRINK,DRINK,TP
continuous_0368_S4_strategy2.npz,12564–17063,RELATIONSHIPS,RELATIONSHIPS,TP
continuous_0368_S4_strategy2.npz,15933–19100,—,RELATIONSHIPS,FP
continuous_0368_S4_strategy2.npz,17063–21262,GREETING,GREETING,TP
continuous_0368_S4_strategy2.npz,21262–25494,DAYS,DAYS,TP
continuous_0369_S4_strategy2.npz,0–4232,DRINK,DRINK,TP
continuous_0369_S4_strategy2.npz,4232–8731,CALENDAR,CALENDAR,TP
continuous_0369_S4_strategy2.npz,8731–13231,GREETING,GREETING,TP
continuous_0369_S4_strategy2.npz,11300–15066,—,RELATIONSHIPS,FP
continuous_0369_S4_strategy2.npz,13231–17463,DAYS,DAYS,TP
continuous_0369_S4_strategy2.npz,17463–21662,FAMILY,FAMILY,TP
continuous_0369_S4_strategy2.npz,21662–25794,RELATIONSHIPS,RELATIONSHIPS,TP
continuous_0369_S4_strategy2.npz,25794–30127,SURVIVAL,SURVIVAL,TP
continuous_0370_S4_strategy2.npz,0–3999,CALENDAR,CALENDAR,TP
continuous_0370_S4_strategy2.npz,3999–8465,SURVIVAL,SURVIVAL,TP
continuous_0370_S4_strategy2.npz,8465–12764,RELATIONSHIPS,FOOD,TP
continuous_0370_S4_strategy2.npz,12764–16896,DAYS,DAYS,TP
continuous_0370_S4_strategy2.npz,16896–21428,GREETING,GREETING,TP
continuous_0370_S4_strategy2.npz,21428–25561,DRINK,DRINK,TP
continuous_0370_S4_strategy2.npz,24300–27000,—,FAMILY,FP
continuous_0370_S4_strategy2.npz,25561–29726,FAMILY,FAMILY,TP
continuous_0371_S4_strategy2.npz,0–4499,DRINK,DRINK,TP
continuous_0371_S4_strategy2.npz,4499–9064,COLOR,COLOR,TP
continuous_0371_S4_strategy2.npz,9064–13296,RELATIONSHIPS,RELATIONSHIPS,TP
continuous_0371_S4_strategy2.npz,13296–18096,SURVIVAL,SURVIVAL,TP
continuous_0371_S4_strategy2.npz,18096–22228,DAYS,DAYS,TP
continuous_0371_S4_strategy2.npz,22228–26393,CALENDAR,CALENDAR,TP
continuous_0372_S4_strategy2.npz,0–4132,CALENDAR,CALENDAR,TP
continuous_0372_S4_strategy2.npz,2433–4900,—,DAYS,FP
continuous_0372_S4_strategy2.npz,4132–8164,DAYS,—,FN
continuous_0372_S4_strategy2.npz,4900–7366,—,FAMILY,FP
continuous_0372_S4_strategy2.npz,8164–12363,FAMILY,FAMILY,TP
continuous_0372_S4_strategy2.npz,12363–16662,COLOR,COLOR,TP
continuous_0372_S4_strategy2.npz,14733–17166,—,SURVIVAL,FP
continuous_0372_S4_strategy2.npz,16662–20894,RELATIONSHIPS,RELATIONSHIPS,TP
continuous_0372_S4_strategy2.npz,19633–22100,—,FAMILY,FP
continuous_0372_S4_strategy2.npz,20894–25426,SURVIVAL,SURVIVAL,TP
continuous_0372_S4_strategy2.npz,25426–29458,DRINK,DRINK,TP
continuous_0373_S4_strategy2.npz,0–4265,COLOR,COLOR,TP
continuous_0373_S4_strategy2.npz,2633–5266,—,FAMILY,FP
continuous_0373_S4_strategy2.npz,4265–8364,FAMILY,—,FN
continuous_0373_S4_strategy2.npz,8364–12426,DAYS,DAYS,TP
continuous_0373_S4_strategy2.npz,10533–13166,—,SURVIVAL,FP
continuous_0373_S4_strategy2.npz,12426–16626,SURVIVAL,—,FN
continuous_0373_S4_strategy2.npz,13166–15800,—,CALENDAR,FP
continuous_0373_S4_strategy2.npz,16626–22266,CALENDAR,CALENDAR,TP
continuous_0373_S4_strategy2.npz,21066–23700,—,RELATIONSHIPS,FP
continuous_0373_S4_strategy2.npz,22266–26365,DRINK,DRINK,TP
continuous_0374_S4_strategy2.npz,0–4165,GREETING,GREETING,TP
continuous_0374_S4_strategy2.npz,3066–6133,—,CALENDAR,FP
continuous_0374_S4_strategy2.npz,4165–8730,CALENDAR,—,FN
continuous_0374_S4_strategy2.npz,8730–12995,SURVIVAL,SURVIVAL,TP
continuous_0374_S4_strategy2.npz,12995–17161,DRINK,DRINK,TP
continuous_0374_S4_strategy2.npz,17161–21460,RELATIONSHIPS,RELATIONSHIPS,TP
continuous_0375_S4_strategy2.npz,0–4166,RELATIONSHIPS,RELATIONSHIPS,TP
continuous_0375_S4_strategy2.npz,4166–8431,DRINK,DRINK,TP
continuous_0375_S4_strategy2.npz,6033–9066,—,FAMILY,FP
continuous_0375_S4_strategy2.npz,8431–12630,GREETING,GREETING,TP
continuous_0375_S4_strategy2.npz,12100–15133,—,RELATIONSHIPS,FP
continuous_0375_S4_strategy2.npz,12630–16795,SURVIVAL,SURVIVAL,TP
continuous_0375_S4_strategy2.npz,16795–21192,CALENDAR,CALENDAR,TP
continuous_0376_S4_strategy2.npz,0–4165,GREETING,GREETING,TP
continuous_0376_S4_strategy2.npz,2833–5666,—,SURVIVAL,FP
continuous_0376_S4_strategy2.npz,4165–8364,SURVIVAL,—,FN
continuous_0376_S4_strategy2.npz,5666–8500,—,SURVIVAL,FP
continuous_0376_S4_strategy2.npz,8364–12896,RELATIONSHIPS,RELATIONSHIPS,TP
continuous_0376_S4_strategy2.npz,11333–14166,—,RELATIONSHIPS,FP
continuous_0376_S4_strategy2.npz,12896–17395,COLOR,COLOR,TP
continuous_0376_S4_strategy2.npz,17000–19833,—,SURVIVAL,FP
continuous_0376_S4_strategy2.npz,17395–21860,FAMILY,—,FN
continuous_0376_S4_strategy2.npz,19833–22666,—,FAMILY,FP
continuous_0376_S4_strategy2.npz,21860–26025,DRINK,DRINK,TP
continuous_0376_S4_strategy2.npz,26025–31157,CALENDAR,CALENDAR,TP
continuous_0377_S4_strategy2.npz,0–4365,CALENDAR,CALENDAR,TP
continuous_0377_S4_strategy2.npz,4365–8597,DRINK,DRINK,TP
continuous_0377_S4_strategy2.npz,7200–10800,—,DRINK,FP
continuous_0377_S4_strategy2.npz,8597–13196,RELATIONSHIPS,RELATIONSHIPS,TP
continuous_0377_S4_strategy2.npz,13196–17361,SURVIVAL,SURVIVAL,TP
continuous_0377_S4_strategy2.npz,17361–21593,COLOR,COLOR,TP
continuous_0378_S4_strategy2.npz,0–4499,DRINK,DRINK,TP
continuous_0378_S4_strategy2.npz,4499–8664,DAYS,DAYS,TP
continuous_0378_S4_strategy2.npz,6633–9966,—,SURVIVAL,FP
continuous_0378_S4_strategy2.npz,8664–12863,SURVIVAL,—,FN
continuous_0378_S4_strategy2.npz,9966–13266,—,SURVIVAL,FP
continuous_0378_S4_strategy2.npz,12863–17095,RELATIONSHIPS,RELATIONSHIPS,TP
continuous_0378_S4_strategy2.npz,17095–21527,GREETING,GREETING,TP
continuous_0378_S4_strategy2.npz,21527–25726,COLOR,COLOR,TP
continuous_0378_S4_strategy2.npz,25726–29892,FAMILY,FAMILY,TP
continuous_0379_S4_strategy2.npz,0–4232,COLOR,COLOR,TP
continuous_0379_S4_strategy2.npz,4232–8364,DAYS,DAYS,TP
continuous_0379_S4_strategy2.npz,8364–12696,GREETING,GREETING,TP
continuous_0379_S4_strategy2.npz,12696–17628,RELATIONSHIPS,RELATIONSHIPS,TP
continuous_0379_S4_strategy2.npz,17628–21960,FAMILY,FAMILY,TP
continuous_0379_S4_strategy2.npz,21960–26159,SURVIVAL,SURVIVAL,TP
continuous_0379_S4_strategy2.npz,25366–27900,—,DRINK,FP
continuous_0379_S4_strategy2.npz,26159–30456,CALENDAR,CALENDAR,TP
continuous_0380_S4_strategy2.npz,0–4232,RELATIONSHIPS,RELATIONSHIPS,TP
continuous_0380_S4_strategy2.npz,4232–9165,SURVIVAL,SURVIVAL,TP
continuous_0380_S4_strategy2.npz,7266–10933,—,RELATIONSHIPS,FP
continuous_0380_S4_strategy2.npz,9165–13530,DRINK,DRINK,TP
continuous_0380_S4_strategy2.npz,13530–17662,FAMILY,FAMILY,TP
continuous_0380_S4_strategy2.npz,17662–21861,GREETING,GREETING,TP
continuous_0381_S4_strategy2.npz,0–4299,CALENDAR,CALENDAR,TP
continuous_0381_S4_strategy2.npz,4299–8531,SURVIVAL,SURVIVAL,TP
continuous_0381_S4_strategy2.npz,8531–12896,RELATIONSHIPS,RELATIONSHIPS,TP
continuous_0381_S4_strategy2.npz,12896–17428,FAMILY,FAMILY,TP
continuous_0381_S4_strategy2.npz,17428–21727,COLOR,COLOR,TP
continuous_0382_S4_strategy2.npz,0–4099,DAYS,DAYS,TP
continuous_0382_S4_strategy2.npz,2733–5466,—,DRINK,FP
continuous_0382_S4_strategy2.npz,4099–8299,DRINK,—,FN
continuous_0382_S4_strategy2.npz,5466–8200,—,DRINK,FP
continuous_0382_S4_strategy2.npz,8299–12498,FAMILY,FAMILY,TP
continuous_0382_S4_strategy2.npz,10933–13666,—,CALENDAR,FP
continuous_0382_S4_strategy2.npz,12498–17163,CALENDAR,CALENDAR,TP
continuous_0382_S4_strategy2.npz,16400–19133,—,CALENDAR,FP
continuous_0382_S4_strategy2.npz,17163–21528,RELATIONSHIPS,RELATIONSHIPS,TP
continuous_0382_S4_strategy2.npz,21528–25893,COLOR,COLOR,TP
continuous_0382_S4_strategy2.npz,25893–30058,GREETING,GREETING,TP
continuous_0383_S4_strategy2.npz,0–4397,DAYS,DAYS,TP
continuous_0383_S4_strategy2.npz,4397–8696,SURVIVAL,SURVIVAL,TP
continuous_0383_S4_strategy2.npz,8533–11366,—,CALENDAR,FP
continuous_0383_S4_strategy2.npz,8696–12928,CALENDAR,CALENDAR,TP
continuous_0383_S4_strategy2.npz,12928–16928,GREETING,—,FN
continuous_0383_S4_strategy2.npz,16928–21360,DRINK,—,FN
continuous_0383_S4_strategy2.npz,17066–19900,—,GREETING,FP
continuous_0383_S4_strategy2.npz,19900–22733,—,DRINK,FP
continuous_0383_S4_strategy2.npz,21360–25592,FAMILY,FAMILY,TP
continuous_0384_S4_strategy2.npz,0–4465,RELATIONSHIPS,RELATIONSHIPS,TP
continuous_0384_S4_strategy2.npz,2233–4500,—,FOOD,FP
continuous_0384_S4_strategy2.npz,4465–7664,GREETING,GREETING,TP
continuous_0384_S4_strategy2.npz,6766–9000,—,SURVIVAL,FP
continuous_0384_S4_strategy2.npz,7664–11696,FAMILY,FAMILY,TP
continuous_0384_S4_strategy2.npz,11266–13533,—,DAYS,FP
continuous_0384_S4_strategy2.npz,11696–16328,COLOR,COLOR,TP
continuous_0384_S4_strategy2.npz,15766–18033,—,CALENDAR,FP
continuous_0384_S4_strategy2.npz,16328–20294,CALENDAR,CALENDAR,TP
continuous_0385_S4_strategy2.npz,0–3633,SURVIVAL,SURVIVAL,TP
continuous_0385_S4_strategy2.npz,2900–5833,—,DRINK,FP
continuous_0385_S4_strategy2.npz,3633–7798,GREETING,GREETING,TP
continuous_0385_S4_strategy2.npz,7798–11930,DAYS,—,FN
continuous_0385_S4_strategy2.npz,8733–11666,—,DAYS,FP
continuous_0385_S4_strategy2.npz,11666–14566,—,DAYS,FP
continuous_0385_S4_strategy2.npz,11930–16329,COLOR,—,FN
continuous_0385_S4_strategy2.npz,14566–17500,—,SURVIVAL,FP
continuous_0385_S4_strategy2.npz,16329–20794,DRINK,CALENDAR,TP
continuous_0385_S4_strategy2.npz,17500–20400,—,COLOR,FP
continuous_0385_S4_strategy2.npz,20794–25026,RELATIONSHIPS,RELATIONSHIPS,TP
continuous_0385_S4_strategy2.npz,25026–29158,CALENDAR,CALENDAR,TP
continuous_0386_S4_strategy2.npz,0–4199,GREETING,GREETING,TP
continuous_0386_S4_strategy2.npz,4199–8431,DRINK,DRINK,TP
continuous_0386_S4_strategy2.npz,6200–9300,—,COLOR,FP
continuous_0386_S4_strategy2.npz,8431–12697,COLOR,—,FN
continuous_0386_S4_strategy2.npz,12697–16996,SURVIVAL,SURVIVAL,TP
continuous_0386_S4_strategy2.npz,15500–18600,—,CALENDAR,FP
continuous_0386_S4_strategy2.npz,16996–21728,CALENDAR,CALENDAR,TP
continuous_0387_S4_strategy2.npz,0–4332,DAYS,DAYS,TP
continuous_0387_S4_strategy2.npz,4332–8531,FAMILY,FAMILY,TP
continuous_0387_S4_strategy2.npz,7566–10100,—,DRINK,FP
continuous_0387_S4_strategy2.npz,8531–12097,DRINK,—,FN
continuous_0387_S4_strategy2.npz,10100–12633,—,SURVIVAL,FP
continuous_0387_S4_strategy2.npz,12097–16363,SURVIVAL,SURVIVAL,TP
continuous_0387_S4_strategy2.npz,15166–17700,—,SURVIVAL,FP
continuous_0387_S4_strategy2.npz,16363–20862,RELATIONSHIPS,RELATIONSHIPS,TP
continuous_0387_S4_strategy2.npz,20862–25294,COLOR,COLOR,TP
continuous_0388_S4_strategy2.npz,0–4232,CALENDAR,CALENDAR,TP
continuous_0388_S4_strategy2.npz,3066–6133,—,COLOR,FP
continuous_0388_S4_strategy2.npz,4232–8664,COLOR,—,FN
continuous_0388_S4_strategy2.npz,6133–9200,—,FAMILY,FP
continuous_0388_S4_strategy2.npz,8664–12829,FAMILY,FAMILY,TP
continuous_0388_S4_strategy2.npz,12829–17128,DAYS,DAYS,TP
continuous_0388_S4_strategy2.npz,17128–21793,SURVIVAL,SURVIVAL,TP
continuous_0388_S4_strategy2.npz,21793–26426,GREETING,GREETING,TP
continuous_0388_S4_strategy2.npz,26426–30725,RELATIONSHIPS,RELATIONSHIPS,TP
continuous_0389_S4_strategy2.npz,0–4199,DAYS,DAYS,TP
continuous_0389_S4_strategy2.npz,4199–8331,GREETING,GREETING,TP
continuous_0389_S4_strategy2.npz,8331–12597,SURVIVAL,SURVIVAL,TP
continuous_0389_S4_strategy2.npz,11200–14933,—,SURVIVAL,FP
continuous_0389_S4_strategy2.npz,12597–16896,COLOR,COLOR,TP
continuous_0389_S4_strategy2.npz,16896–21395,FAMILY,FAMILY,TP
continuous_0389_S4_strategy2.npz,21395–25627,CALENDAR,CALENDAR,TP
continuous_0389_S4_strategy2.npz,25627–29859,RELATIONSHIPS,RELATIONSHIPS,TP
continuous_0390_S4_strategy2.npz,0–4299,RELATIONSHIPS,RELATIONSHIPS,TP
continuous_0390_S4_strategy2.npz,4299–8498,DRINK,DRINK,TP
continuous_0390_S4_strategy2.npz,8498–12730,SURVIVAL,SURVIVAL,TP
continuous_0390_S4_strategy2.npz,10800–13500,—,CALENDAR,FP
continuous_0390_S4_strategy2.npz,12730–17127,CALENDAR,CALENDAR,TP
continuous_0390_S4_strategy2.npz,17127–21292,GREETING,GREETING,TP
continuous_0390_S4_strategy2.npz,21292–25689,DAYS,—,FN
continuous_0390_S4_strategy2.npz,24300–27000,—,DAYS,FP
continuous_0390_S4_strategy2.npz,25689–29721,FAMILY,FAMILY,TP
continuous_0391_S4_strategy2.npz,0–4398,CALENDAR,CALENDAR,TP
continuous_0391_S4_strategy2.npz,2566–5166,—,COLOR,FP
continuous_0391_S4_strategy2.npz,4398–8697,COLOR,—,FN
continuous_0391_S4_strategy2.npz,5166–7766,—,GREETING,FP
continuous_0391_S4_strategy2.npz,7766–10366,—,DAYS,FP
continuous_0391_S4_strategy2.npz,8697–12963,DAYS,—,FN
continuous_0391_S4_strategy2.npz,10366–12966,—,NUMBER,FP
continuous_0391_S4_strategy2.npz,12963–17162,RELATIONSHIPS,RELATIONSHIPS,TP
continuous_0391_S4_strategy2.npz,15533–18133,—,RELATIONSHIPS,FP
continuous_0391_S4_strategy2.npz,17162–21695,SURVIVAL,SURVIVAL,TP
continuous_0391_S4_strategy2.npz,21695–25927,DRINK,DRINK,TP
continuous_0392_S4_strategy2.npz,0–4232,GREETING,GREETING,TP
continuous_0392_S4_strategy2.npz,2600–5233,—,SURVIVAL,FP
continuous_0392_S4_strategy2.npz,4232–8298,CALENDAR,CALENDAR,TP
continuous_0392_S4_strategy2.npz,7866–10500,—,CALENDAR,FP
continuous_0392_S4_strategy2.npz,8298–12497,SURVIVAL,SURVIVAL,TP
continuous_0392_S4_strategy2.npz,12497–16729,FAMILY,FAMILY,TP
continuous_0392_S4_strategy2.npz,15766–18400,—,SURVIVAL,FP
continuous_0392_S4_strategy2.npz,16729–21026,DAYS,DAYS,TP
continuous_0393_S4_strategy2.npz,0–4499,COLOR,COLOR,TP
continuous_0393_S4_strategy2.npz,4499–8931,FAMILY,FAMILY,TP
continuous_0393_S4_strategy2.npz,8931–13063,GREETING,GREETING,TP
continuous_0393_S4_strategy2.npz,13063–17362,CALENDAR,—,FN
continuous_0393_S4_strategy2.npz,17362–21561,RELATIONSHIPS,RELATIONSHIPS,TP
continuous_0393_S4_strategy2.npz,17966–20966,—,CALENDAR,FP
continuous_0393_S4_strategy2.npz,21561–25760,SURVIVAL,—,FN
continuous_0393_S4_strategy2.npz,23966–26966,—,SURVIVAL,FP
continuous_0393_S4_strategy2.npz,25760–29959,DAYS,DAYS,TP
continuous_0394_S4_strategy2.npz,0–4465,RELATIONSHIPS,RELATIONSHIPS,TP
continuous_0394_S4_strategy2.npz,2700–5400,—,SURVIVAL,FP
continuous_0394_S4_strategy2.npz,4465–8664,SURVIVAL,—,FN
continuous_0394_S4_strategy2.npz,5400–8133,—,DAYS,FP
continuous_0394_S4_strategy2.npz,8133–10833,—,DAYS,FP
continuous_0394_S4_strategy2.npz,8664–12830,DAYS,—,FN
continuous_0394_S4_strategy2.npz,12830–17195,COLOR,COLOR,TP
continuous_0394_S4_strategy2.npz,17195–21294,FAMILY,FAMILY,TP
continuous_0394_S4_strategy2.npz,18966–21666,—,RELATIONSHIPS,FP
continuous_0394_S4_strategy2.npz,21294–25526,CALENDAR,CALENDAR,TP
continuous_0394_S4_strategy2.npz,25526–29825,GREETING,GREETING,TP
continuous_0395_S4_strategy2.npz,0–4132,GREETING,GREETING,TP
continuous_0395_S4_strategy2.npz,2400–4800,—,FAMILY,FP
continuous_0395_S4_strategy2.npz,4132–8462,CALENDAR,CALENDAR,TP
continuous_0395_S4_strategy2.npz,7200–9600,—,CALENDAR,FP
continuous_0395_S4_strategy2.npz,8462–12661,DAYS,DAYS,TP
continuous_0395_S4_strategy2.npz,12000–14400,—,SURVIVAL,FP
continuous_0395_S4_strategy2.npz,12661–17093,RELATIONSHIPS,RELATIONSHIPS,TP
continuous_0395_S4_strategy2.npz,17093–20825,SURVIVAL,SURVIVAL,TP
continuous_0395_S4_strategy2.npz,20825–24657,COLOR,COLOR,TP
continuous_0395_S4_strategy2.npz,24657–28822,FAMILY,FAMILY,TP
continuous_0396_S4_strategy2.npz,0–4199,DAYS,DAYS,TP
continuous_0396_S4_strategy2.npz,4199–8631,COLOR,COLOR,TP
continuous_0396_S4_strategy2.npz,8631–12996,CALENDAR,CALENDAR,TP
continuous_0396_S4_strategy2.npz,12996–17328,FAMILY,FAMILY,TP
continuous_0396_S4_strategy2.npz,15033–18800,—,SURVIVAL,FP
continuous_0396_S4_strategy2.npz,17328–21527,SURVIVAL,—,FN
continuous_0396_S4_strategy2.npz,18800–22566,—,RELATIONSHIPS,FP
continuous_0396_S4_strategy2.npz,21527–26326,RELATIONSHIPS,RELATIONSHIPS,TP
continuous_0397_S4_strategy2.npz,0–4665,GREETING,GREETING,TP
continuous_0397_S4_strategy2.npz,2700–5400,—,GREETING,FP
continuous_0397_S4_strategy2.npz,4665–8997,RELATIONSHIPS,RELATIONSHIPS,TP
continuous_0397_S4_strategy2.npz,8997–13162,CALENDAR,CALENDAR,TP
continuous_0397_S4_strategy2.npz,13162–17361,FAMILY,FAMILY,TP
continuous_0397_S4_strategy2.npz,13500–16200,—,CALENDAR,FP
continuous_0397_S4_strategy2.npz,17361–21593,COLOR,COLOR,TP
continuous_0398_S4_strategy2.npz,0–4266,COLOR,COLOR,TP
continuous_0398_S4_strategy2.npz,4266–8999,DAYS,DAYS,TP
continuous_0398_S4_strategy2.npz,8999–13465,SURVIVAL,SURVIVAL,TP
continuous_0398_S4_strategy2.npz,13465–17897,RELATIONSHIPS,RELATIONSHIPS,TP
continuous_0398_S4_strategy2.npz,17897–22096,FAMILY,FAMILY,TP
continuous_0398_S4_strategy2.npz,22096–26261,CALENDAR,CALENDAR,TP
continuous_0398_S4_strategy2.npz,26261–30626,GREETING,GREETING,TP
continuous_0399_S4_strategy2.npz,0–4299,SURVIVAL,SURVIVAL,TP
continuous_0399_S4_strategy2.npz,2833–5700,—,COLOR,FP
continuous_0399_S4_strategy2.npz,4299–8531,COLOR,—,FN
continuous_0399_S4_strategy2.npz,5700–8566,—,COLOR,FP
continuous_0399_S4_strategy2.npz,8531–12763,RELATIONSHIPS,RELATIONSHIPS,TP
continuous_0399_S4_strategy2.npz,11400–14266,—,SURVIVAL,FP
continuous_0399_S4_strategy2.npz,12763–16862,DAYS,DAYS,TP
continuous_0399_S4_strategy2.npz,16862–21494,CALENDAR,CALENDAR,TP
continuous_0399_S4_strategy2.npz,21494–25693,GREETING,GREETING,TP
continuous_0400_S5_strategy2.npz,0–4246,FOOD,FOOD,TP
continuous_0400_S5_strategy2.npz,2700–5433,—,RELATIONSHIPS,FP
continuous_0400_S5_strategy2.npz,4246–8492,SURVIVAL,SURVIVAL,TP
continuous_0400_S5_strategy2.npz,8492–12738,NUMBER,NUMBER,TP
continuous_0400_S5_strategy2.npz,12738–16984,DRINK,DRINK,TP
continuous_0400_S5_strategy2.npz,16333–19066,—,CALENDAR,FP
continuous_0400_S5_strategy2.npz,16984–21381,CALENDAR,CALENDAR,TP
continuous_0400_S5_strategy2.npz,21381–25626,DAYS,DAYS,TP
continuous_0400_S5_strategy2.npz,21766–24500,—,RELATIONSHIPS,FP
continuous_0400_S5_strategy2.npz,25626–29839,FAMILY,FAMILY,TP
continuous_0401_S5_strategy2.npz,0–4279,CALENDAR,CALENDAR,TP
continuous_0401_S5_strategy2.npz,4279–8525,NUMBER,NUMBER,TP
continuous_0401_S5_strategy2.npz,7633–10200,—,COLOR,FP
continuous_0401_S5_strategy2.npz,8525–12771,FOOD,FOOD,TP
continuous_0401_S5_strategy2.npz,12771–16799,DAYS,DAYS,TP
continuous_0401_S5_strategy2.npz,15300–17833,—,SURVIVAL,FP
continuous_0401_S5_strategy2.npz,16799–21045,SURVIVAL,SURVIVAL,TP
continuous_0401_S5_strategy2.npz,20400–22933,—,SURVIVAL,FP
continuous_0401_S5_strategy2.npz,21045–25410,GREETING,GREETING,TP
continuous_0402_S5_strategy2.npz,0–4246,DRINK,DRINK,TP
continuous_0402_S5_strategy2.npz,2166–4366,—,FAMILY,FP
continuous_0402_S5_strategy2.npz,4246–9311,GREETING,GREETING,TP
continuous_0402_S5_strategy2.npz,4366–6566,—,NUMBER,FP
continuous_0402_S5_strategy2.npz,8766–10966,—,GREETING,FP
continuous_0402_S5_strategy2.npz,9311–13557,FOOD,FOOD,TP
continuous_0402_S5_strategy2.npz,10966–13166,—,FOOD,FP
continuous_0402_S5_strategy2.npz,13557–17803,COLOR,COLOR,TP
continuous_0402_S5_strategy2.npz,17566–19766,—,COLOR,FP
continuous_0402_S5_strategy2.npz,17803–22035,FAMILY,FAMILY,TP
continuous_0402_S5_strategy2.npz,21966–24166,—,SURVIVAL,FP
continuous_0402_S5_strategy2.npz,22035–26281,DAYS,DAYS,TP
continuous_0403_S5_strategy2.npz,0–4279,RELATIONSHIPS,RELATIONSHIPS,TP
continuous_0403_S5_strategy2.npz,2133–6400,—,RELATIONSHIPS,FP
continuous_0403_S5_strategy2.npz,4279–8558,SURVIVAL,SURVIVAL,TP
continuous_0403_S5_strategy2.npz,8558–12804,CALENDAR,CALENDAR,TP
continuous_0403_S5_strategy2.npz,12804–17050,DAYS,DAYS,TP
continuous_0403_S5_strategy2.npz,14933–17066,—,COLOR,FP
continuous_0403_S5_strategy2.npz,17050–21282,NUMBER,NUMBER,TP
continuous_0403_S5_strategy2.npz,17066–19200,—,FAMILY,FP
continuous_0403_S5_strategy2.npz,21282–25527,FAMILY,FAMILY,TP
continuous_0403_S5_strategy2.npz,21333–23466,—,SURVIVAL,FP
continuous_0404_S5_strategy2.npz,0–4799,GREETING,GREETING,TP
continuous_0404_S5_strategy2.npz,4799–9078,CALENDAR,CALENDAR,TP
continuous_0404_S5_strategy2.npz,9078–13324,FAMILY,FAMILY,TP
continuous_0404_S5_strategy2.npz,13324–17570,NUMBER,NUMBER,TP
continuous_0404_S5_strategy2.npz,17570–21816,SURVIVAL,SURVIVAL,TP
continuous_0404_S5_strategy2.npz,21816–26061,COLOR,COLOR,TP
continuous_0405_S5_strategy2.npz,0–4199,FAMILY,SURVIVAL,TP
continuous_0405_S5_strategy2.npz,3033–6066,—,SURVIVAL,FP
continuous_0405_S5_strategy2.npz,4199–8478,NUMBER,—,FN
continuous_0405_S5_strategy2.npz,6066–9133,—,NUMBER,FP
continuous_0405_S5_strategy2.npz,8478–12724,COLOR,COLOR,TP
continuous_0405_S5_strategy2.npz,9133–12166,—,NUMBER,FP
continuous_0405_S5_strategy2.npz,12724–17003,SURVIVAL,SURVIVAL,TP
continuous_0405_S5_strategy2.npz,17003–21249,FOOD,FOOD,TP
continuous_0406_S5_strategy2.npz,0–4279,SURVIVAL,SURVIVAL,TP
continuous_0406_S5_strategy2.npz,2833–5666,—,CALENDAR,FP
continuous_0406_S5_strategy2.npz,4279–8525,CALENDAR,CALENDAR,TP
continuous_0406_S5_strategy2.npz,8525–12771,DAYS,DAYS,TP
continuous_0406_S5_strategy2.npz,11366–14233,—,FOOD,FP
continuous_0406_S5_strategy2.npz,12771–16984,FOOD,—,FN
continuous_0406_S5_strategy2.npz,14233–17066,—,COLOR,FP
continuous_0406_S5_strategy2.npz,16984–21230,DRINK,DRINK,TP
continuous_0406_S5_strategy2.npz,19933–22766,—,SURVIVAL,FP
continuous_0406_S5_strategy2.npz,21230–25509,COLOR,COLOR,TP
continuous_0407_S5_strategy2.npz,0–4279,FOOD,FOOD,TP
continuous_0407_S5_strategy2.npz,4279–8379,DRINK,DRINK,TP
continuous_0407_S5_strategy2.npz,8379–12625,SURVIVAL,SURVIVAL,TP
continuous_0407_S5_strategy2.npz,12625–16357,GREETING,GREETING,TP
continuous_0407_S5_strategy2.npz,16357–20603,NUMBER,NUMBER,TP
continuous_0408_S5_strategy2.npz,0–4062,DAYS,DAYS,TP
continuous_0408_S5_strategy2.npz,4062–8341,DRINK,DRINK,TP
continuous_0408_S5_strategy2.npz,8341–12586,CALENDAR,CALENDAR,TP
continuous_0408_S5_strategy2.npz,11933–14933,—,CALENDAR,FP
continuous_0408_S5_strategy2.npz,12586–16819,SURVIVAL,SURVIVAL,TP
continuous_0408_S5_strategy2.npz,16819–21251,GREETING,GREETING,TP
continuous_0408_S5_strategy2.npz,21251–25496,FOOD,FOOD,TP
continuous_0408_S5_strategy2.npz,25496–29775,COLOR,COLOR,TP
continuous_0409_S5_strategy2.npz,0–4246,DRINK,DRINK,TP
continuous_0409_S5_strategy2.npz,2700–5433,—,COLOR,FP
continuous_0409_S5_strategy2.npz,4246–8492,DAYS,DAYS,TP
continuous_0409_S5_strategy2.npz,8492–12738,SURVIVAL,SURVIVAL,TP
continuous_0409_S5_strategy2.npz,12738–17017,FOOD,FOOD,TP
continuous_0409_S5_strategy2.npz,16300–19000,—,CALENDAR,FP
continuous_0409_S5_strategy2.npz,17017–21262,NUMBER,NUMBER,TP
continuous_0409_S5_strategy2.npz,21262–25507,CALENDAR,CALENDAR,TP
continuous_0409_S5_strategy2.npz,24433–27166,—,CALENDAR,FP
continuous_0409_S5_strategy2.npz,25507–29753,FAMILY,FAMILY,TP
continuous_0410_S5_strategy2.npz,0–4246,RELATIONSHIPS,RELATIONSHIPS,TP
continuous_0410_S5_strategy2.npz,4246–8525,SURVIVAL,SURVIVAL,TP
continuous_0410_S5_strategy2.npz,8525–12771,CALENDAR,CALENDAR,TP
continuous_0410_S5_strategy2.npz,9066–12100,—,SURVIVAL,FP
continuous_0410_S5_strategy2.npz,12771–16837,GREETING,GREETING,TP
continuous_0410_S5_strategy2.npz,16837–21083,DAYS,DAYS,TP
continuous_0411_S5_strategy2.npz,0–4245,FOOD,FOOD,TP
continuous_0411_S5_strategy2.npz,2666–5333,—,CALENDAR,FP
continuous_0411_S5_strategy2.npz,4245–8491,CALENDAR,CALENDAR,TP
continuous_0411_S5_strategy2.npz,8491–12770,SURVIVAL,SURVIVAL,TP
continuous_0411_S5_strategy2.npz,12770–16983,COLOR,COLOR,TP
continuous_0411_S5_strategy2.npz,16983–21249,GREETING,GREETING,TP
continuous_0412_S5_strategy2.npz,0–4165,FAMILY,FAMILY,TP
continuous_0412_S5_strategy2.npz,4165–8411,RELATIONSHIPS,RELATIONSHIPS,TP
continuous_0412_S5_strategy2.npz,8411–12656,DAYS,DAYS,TP
continuous_0412_S5_strategy2.npz,12656–17021,GREETING,GREETING,TP
continuous_0412_S5_strategy2.npz,17021–21083,CALENDAR,CALENDAR,TP
continuous_0412_S5_strategy2.npz,21083–25328,FOOD,FOOD,TP
continuous_0412_S5_strategy2.npz,25328–29574,SURVIVAL,SURVIVAL,TP
continuous_0413_S5_strategy2.npz,0–4532,GREETING,GREETING,TP
continuous_0413_S5_strategy2.npz,4532–8811,NUMBER,NUMBER,TP
continuous_0413_S5_strategy2.npz,8811–13056,DAYS,DAYS,TP
continuous_0413_S5_strategy2.npz,10300–12900,—,DRINK,FP
continuous_0413_S5_strategy2.npz,13056–17302,RELATIONSHIPS,RELATIONSHIPS,TP
continuous_0413_S5_strategy2.npz,15466–18033,—,FOOD,FP
continuous_0413_S5_strategy2.npz,17302–21548,SURVIVAL,FAMILY,TP
continuous_0413_S5_strategy2.npz,20633–23200,—,RELATIONSHIPS,FP
continuous_0413_S5_strategy2.npz,21548–25713,COLOR,COLOR,TP
continuous_0414_S5_strategy2.npz,0–4099,GREETING,GREETING,TP
continuous_0414_S5_strategy2.npz,2966–5966,—,DAYS,FP
continuous_0414_S5_strategy2.npz,4099–8165,DRINK,DRINK,TP
continuous_0414_S5_strategy2.npz,8165–12411,SURVIVAL,SURVIVAL,TP
continuous_0414_S5_strategy2.npz,11933–14933,—,FOOD,FP
continuous_0414_S5_strategy2.npz,12411–16657,FOOD,—,FN
continuous_0414_S5_strategy2.npz,14933–17933,—,FOOD,FP
continuous_0414_S5_strategy2.npz,16657–20887,DAYS,DAYS,TP
continuous_0415_S5_strategy2.npz,0–4213,FAMILY,FAMILY,TP
continuous_0415_S5_strategy2.npz,2800–5633,—,DAYS,FP
continuous_0415_S5_strategy2.npz,4213–8459,SURVIVAL,SURVIVAL,TP
continuous_0415_S5_strategy2.npz,8459–12705,DRINK,DRINK,TP
continuous_0415_S5_strategy2.npz,8466–11266,—,DRINK,FP
continuous_0415_S5_strategy2.npz,12705–16951,CALENDAR,CALENDAR,TP
continuous_0415_S5_strategy2.npz,16951–21047,DAYS,DAYS,TP
continuous_0415_S5_strategy2.npz,21047–25293,NUMBER,NUMBER,TP
continuous_0416_S5_strategy2.npz,0–4180,DAYS,DAYS,TP
continuous_0416_S5_strategy2.npz,2666–5366,—,RELATIONSHIPS,FP
continuous_0416_S5_strategy2.npz,4180–8426,FAMILY,FAMILY,TP
continuous_0416_S5_strategy2.npz,8426–12672,FOOD,FOOD,TP
continuous_0416_S5_strategy2.npz,12672–16918,COLOR,COLOR,TP
continuous_0416_S5_strategy2.npz,16918–20884,DRINK,DRINK,TP
continuous_0416_S5_strategy2.npz,20884–25162,CALENDAR,CALENDAR,TP
continuous_0416_S5_strategy2.npz,25162–29441,RELATIONSHIPS,RELATIONSHIPS,TP
continuous_0417_S5_strategy2.npz,0–4246,NUMBER,NUMBER,TP
continuous_0417_S5_strategy2.npz,4246–8378,DRINK,DRINK,TP
continuous_0417_S5_strategy2.npz,8378–12624,SURVIVAL,SURVIVAL,TP
continuous_0417_S5_strategy2.npz,12624–16870,FAMILY,FAMILY,TP
continuous_0417_S5_strategy2.npz,16870–20898,RELATIONSHIPS,RELATIONSHIPS,TP
continuous_0417_S5_strategy2.npz,20898–25030,GREETING,RELATIONSHIPS,TP
continuous_0417_S5_strategy2.npz,25030–29275,FOOD,FOOD,TP
continuous_0418_S5_strategy2.npz,0–4246,DRINK,DRINK,TP
continuous_0418_S5_strategy2.npz,4246–8492,FAMILY,FAMILY,TP
continuous_0418_S5_strategy2.npz,8492–12738,NUMBER,NUMBER,TP
continuous_0418_S5_strategy2.npz,12738–17135,CALENDAR,CALENDAR,TP
continuous_0418_S5_strategy2.npz,17135–21501,GREETING,GREETING,TP
continuous_0418_S5_strategy2.npz,21501–25533,FOOD,FOOD,TP
continuous_0419_S5_strategy2.npz,0–4246,NUMBER,NUMBER,TP
continuous_0419_S5_strategy2.npz,3033–6066,—,DAYS,FP
continuous_0419_S5_strategy2.npz,4246–8492,DAYS,—,FN
continuous_0419_S5_strategy2.npz,6066–9100,—,CALENDAR,FP
continuous_0419_S5_strategy2.npz,8492–12738,CALENDAR,—,FN
continuous_0419_S5_strategy2.npz,9100–12133,—,CALENDAR,FP
continuous_0419_S5_strategy2.npz,12133–15166,—,COLOR,FP
continuous_0419_S5_strategy2.npz,12738–16984,SURVIVAL,SURVIVAL,TP
continuous_0419_S5_strategy2.npz,16984–21183,GREETING,GREETING,TP
continuous_0420_S5_strategy2.npz,0–5232,GREETING,GREETING,TP
continuous_0420_S5_strategy2.npz,2933–5866,—,FOOD,FP
continuous_0420_S5_strategy2.npz,5232–9478,DAYS,COLOR,TP
continuous_0420_S5_strategy2.npz,9478–13691,DRINK,DRINK,TP
continuous_0420_S5_strategy2.npz,13691–17890,COLOR,COLOR,TP
continuous_0420_S5_strategy2.npz,17890–22136,FAMILY,FAMILY,TP
continuous_0420_S5_strategy2.npz,22136–26382,FOOD,FOOD,TP
continuous_0421_S5_strategy2.npz,0–4246,FAMILY,FAMILY,TP
continuous_0421_S5_strategy2.npz,4246–8478,GREETING,GREETING,TP
continuous_0421_S5_strategy2.npz,8478–12757,SURVIVAL,SURVIVAL,TP
continuous_0421_S5_strategy2.npz,12757–17003,CALENDAR,CALENDAR,TP
continuous_0421_S5_strategy2.npz,13533–16266,—,SURVIVAL,FP
continuous_0421_S5_strategy2.npz,17003–21249,FOOD,—,FN
continuous_0421_S5_strategy2.npz,18966–21666,—,FOOD,FP
continuous_0421_S5_strategy2.npz,21249–25495,DAYS,DAYS,TP
continuous_0421_S5_strategy2.npz,21666–24400,—,CALENDAR,FP
continuous_0421_S5_strategy2.npz,25495–29707,DRINK,DRINK,TP
continuous_0422_S5_strategy2.npz,0–4245,DAYS,DAYS,TP
continuous_0422_S5_strategy2.npz,4245–8491,SURVIVAL,SURVIVAL,TP
continuous_0422_S5_strategy2.npz,8491–12737,RELATIONSHIPS,RELATIONSHIPS,TP
continuous_0422_S5_strategy2.npz,12737–16982,FAMILY,FAMILY,TP
continuous_0422_S5_strategy2.npz,16982–21195,NUMBER,NUMBER,TP
continuous_0423_S5_strategy2.npz,0–4166,GREETING,GREETING,TP
continuous_0423_S5_strategy2.npz,4166–8445,RELATIONSHIPS,RELATIONSHIPS,TP
continuous_0423_S5_strategy2.npz,8445–12658,DAYS,DAYS,TP
continuous_0423_S5_strategy2.npz,9900–12366,—,NUMBER,FP
continuous_0423_S5_strategy2.npz,12658–16871,NUMBER,NUMBER,TP
continuous_0423_S5_strategy2.npz,16871–21104,SURVIVAL,SURVIVAL,TP
continuous_0423_S5_strategy2.npz,21104–25383,FAMILY,FAMILY,TP
continuous_0423_S5_strategy2.npz,25383–29629,FOOD,FOOD,TP
continuous_0424_S5_strategy2.npz,0–4245,CALENDAR,CALENDAR,TP
continuous_0424_S5_strategy2.npz,4245–8273,DAYS,DAYS,TP
continuous_0424_S5_strategy2.npz,8273–12519,FAMILY,FAMILY,TP
continuous_0424_S5_strategy2.npz,12519–16951,GREETING,GREETING,TP
continuous_0424_S5_strategy2.npz,16233–18933,—,NUMBER,FP
continuous_0424_S5_strategy2.npz,16951–21197,DRINK,DRINK,TP
continuous_0424_S5_strategy2.npz,21197–25443,NUMBER,NUMBER,TP
continuous_0424_S5_strategy2.npz,21633–24333,—,DRINK,FP
continuous_0424_S5_strategy2.npz,25443–29688,FOOD,FOOD,TP
continuous_0425_S5_strategy2.npz,0–3961,DAYS,DAYS,TP
continuous_0425_S5_strategy2.npz,3266–6566,—,FAMILY,FP
continuous_0425_S5_strategy2.npz,3961–8207,DRINK,DRINK,TP
continuous_0425_S5_strategy2.npz,8207–12452,RELATIONSHIPS,RELATIONSHIPS,TP
continuous_0425_S5_strategy2.npz,12452–16684,FOOD,FOOD,TP
continuous_0425_S5_strategy2.npz,16684–20930,CALENDAR,DRINK,TP
continuous_0425_S5_strategy2.npz,20930–25176,COLOR,COLOR,TP
continuous_0425_S5_strategy2.npz,22966–26266,—,COLOR,FP
continuous_0425_S5_strategy2.npz,25176–29455,SURVIVAL,SURVIVAL,TP
continuous_0426_S5_strategy2.npz,0–4100,SURVIVAL,SURVIVAL,TP
continuous_0426_S5_strategy2.npz,2766–5566,—,CALENDAR,FP
continuous_0426_S5_strategy2.npz,4100–8632,CALENDAR,—,FN
continuous_0426_S5_strategy2.npz,5566–8366,—,GREETING,FP
continuous_0426_S5_strategy2.npz,8366–11166,—,RELATIONSHIPS,FP
continuous_0426_S5_strategy2.npz,8632–12878,FAMILY,—,FN
continuous_0426_S5_strategy2.npz,12878–16878,DRINK,DRINK,TP
continuous_0426_S5_strategy2.npz,16878–20873,DAYS,DAYS,TP
continuous_0426_S5_strategy2.npz,20873–25105,COLOR,COLOR,TP
continuous_0427_S5_strategy2.npz,0–3733,GREETING,GREETING,TP
continuous_0427_S5_strategy2.npz,2433–4866,—,SURVIVAL,FP
continuous_0427_S5_strategy2.npz,3733–8012,SURVIVAL,—,FN
continuous_0427_S5_strategy2.npz,4866–7300,—,COLOR,FP
continuous_0427_S5_strategy2.npz,8012–12211,NUMBER,NUMBER,TP
continuous_0427_S5_strategy2.npz,12211–16424,FOOD,FOOD,TP
continuous_0427_S5_strategy2.npz,16424–20670,DAYS,DAYS,TP
continuous_0427_S5_strategy2.npz,20670–24916,CALENDAR,CALENDAR,TP
continuous_0427_S5_strategy2.npz,24916–29129,DRINK,DRINK,TP
continuous_0428_S5_strategy2.npz,0–4246,NUMBER,NUMBER,TP
continuous_0428_S5_strategy2.npz,2800–5600,—,FAMILY,FP
continuous_0428_S5_strategy2.npz,4246–8378,FAMILY,—,FN
continuous_0428_S5_strategy2.npz,5600–8400,—,CALENDAR,FP
continuous_0428_S5_strategy2.npz,8378–12623,CALENDAR,—,FN
continuous_0428_S5_strategy2.npz,8400–11200,—,DRINK,FP
continuous_0428_S5_strategy2.npz,11200–14000,—,DAYS,FP
continuous_0428_S5_strategy2.npz,12623–16618,DAYS,—,FN
continuous_0428_S5_strategy2.npz,14000–16800,—,NUMBER,FP
continuous_0428_S5_strategy2.npz,16618–20863,DRINK,DRINK,TP
continuous_0428_S5_strategy2.npz,20863–25109,SURVIVAL,SURVIVAL,TP
continuous_0429_S5_strategy2.npz,0–4246,RELATIONSHIPS,RELATIONSHIPS,TP
continuous_0429_S5_strategy2.npz,4246–8212,SURVIVAL,SURVIVAL,TP
continuous_0429_S5_strategy2.npz,8212–12374,CALENDAR,SURVIVAL,TP
continuous_0429_S5_strategy2.npz,12374–16587,DRINK,DRINK,TP
continuous_0429_S5_strategy2.npz,13066–15700,—,CALENDAR,FP
continuous_0429_S5_strategy2.npz,16587–20865,DAYS,DAYS,TP
continuous_0430_S5_strategy2.npz,0–4279,DAYS,DAYS,TP
continuous_0430_S5_strategy2.npz,3133–6266,—,FAMILY,FP
continuous_0430_S5_strategy2.npz,4279–9278,GREETING,GREETING,TP
continuous_0430_S5_strategy2.npz,9278–13524,COLOR,—,FN
continuous_0430_S5_strategy2.npz,12566–15700,—,COLOR,FP
continuous_0430_S5_strategy2.npz,13524–17737,RELATIONSHIPS,COLOR,TP
continuous_0430_S5_strategy2.npz,17737–21982,SURVIVAL,SURVIVAL,TP
continuous_0431_S5_strategy2.npz,0–4165,COLOR,COLOR,TP
continuous_0431_S5_strategy2.npz,4165–8330,NUMBER,NUMBER,TP
continuous_0431_S5_strategy2.npz,8330–12576,DRINK,DRINK,TP
continuous_0431_S5_strategy2.npz,11266–14066,—,FOOD,FP
continuous_0431_S5_strategy2.npz,12576–16822,FOOD,—,FN
continuous_0431_S5_strategy2.npz,14066–16900,—,DAYS,FP
continuous_0431_S5_strategy2.npz,16822–21067,DAYS,DAYS,TP
continuous_0431_S5_strategy2.npz,19700–22533,—,SURVIVAL,FP
continuous_0431_S5_strategy2.npz,21067–25313,SURVIVAL,SURVIVAL,TP
continuous_0432_S5_strategy2.npz,0–4246,FAMILY,FAMILY,TP
continuous_0432_S5_strategy2.npz,4246–8492,COLOR,COLOR,TP
continuous_0432_S5_strategy2.npz,5733–8633,—,CALENDAR,FP
continuous_0432_S5_strategy2.npz,8492–13057,GREETING,GREETING,TP
continuous_0432_S5_strategy2.npz,8633–11500,—,SURVIVAL,FP
continuous_0432_S5_strategy2.npz,13057–17303,SURVIVAL,SURVIVAL,TP
continuous_0432_S5_strategy2.npz,17303–21582,FOOD,FOOD,TP
continuous_0432_S5_strategy2.npz,21582–25828,CALENDAR,CALENDAR,TP
continuous_0433_S5_strategy2.npz,0–4246,NUMBER,NUMBER,TP
continuous_0433_S5_strategy2.npz,2166–4333,—,SURVIVAL,FP
continuous_0433_S5_strategy2.npz,4246–8492,RELATIONSHIPS,RELATIONSHIPS,TP
continuous_0433_S5_strategy2.npz,6500–8666,—,FAMILY,FP
continuous_0433_S5_strategy2.npz,8492–13124,CALENDAR,CALENDAR,TP
continuous_0433_S5_strategy2.npz,8666–10833,—,CALENDAR,FP
continuous_0433_S5_strategy2.npz,13000–15166,—,CALENDAR,FP
continuous_0433_S5_strategy2.npz,13124–17370,SURVIVAL,SURVIVAL,TP
continuous_0433_S5_strategy2.npz,17333–19500,—,SURVIVAL,FP
continuous_0433_S5_strategy2.npz,17370–21616,FOOD,FOOD,TP
continuous_0434_S5_strategy2.npz,0–4213,FAMILY,FAMILY,TP
continuous_0434_S5_strategy2.npz,4213–8279,COLOR,COLOR,TP
continuous_0434_S5_strategy2.npz,8279–12525,DAYS,NUMBER,TP
continuous_0434_S5_strategy2.npz,12525–16738,SURVIVAL,SURVIVAL,TP
continuous_0434_S5_strategy2.npz,16738–20937,NUMBER,NUMBER,TP
continuous_0435_S5_strategy2.npz,0–4245,NUMBER,NUMBER,TP
continuous_0435_S5_strategy2.npz,2666–5366,—,DAYS,FP
continuous_0435_S5_strategy2.npz,4245–8524,DAYS,—,FN
continuous_0435_S5_strategy2.npz,5366–8066,—,NUMBER,FP
continuous_0435_S5_strategy2.npz,8524–12770,RELATIONSHIPS,RELATIONSHIPS,TP
continuous_0435_S5_strategy2.npz,12770–16983,FAMILY,FAMILY,TP
continuous_0435_S5_strategy2.npz,16133–18833,—,DRINK,FP
continuous_0435_S5_strategy2.npz,16983–21229,DRINK,—,FN
continuous_0435_S5_strategy2.npz,18833–21500,—,SURVIVAL,FP
continuous_0435_S5_strategy2.npz,21229–25229,SURVIVAL,—,FN
continuous_0435_S5_strategy2.npz,21500–24200,—,RELATIONSHIPS,FP
continuous_0435_S5_strategy2.npz,24200–26900,—,CALENDAR,FP
continuous_0435_S5_strategy2.npz,25229–29475,CALENDAR,CALENDAR,TP
continuous_0436_S5_strategy2.npz,0–4246,COLOR,COLOR,TP
continuous_0436_S5_strategy2.npz,4246–8491,DRINK,DRINK,TP
continuous_0436_S5_strategy2.npz,8491–12737,FOOD,FOOD,TP
continuous_0436_S5_strategy2.npz,12737–16950,SURVIVAL,SURVIVAL,TP
continuous_0436_S5_strategy2.npz,16950–21196,RELATIONSHIPS,RELATIONSHIPS,TP
continuous_0437_S5_strategy2.npz,0–4279,FOOD,FOOD,TP
continuous_0437_S5_strategy2.npz,4279–8525,RELATIONSHIPS,RELATIONSHIPS,TP
continuous_0437_S5_strategy2.npz,8525–12771,NUMBER,NUMBER,TP
continuous_0437_S5_strategy2.npz,12771–17017,COLOR,COLOR,TP
continuous_0437_S5_strategy2.npz,17017–21263,CALENDAR,FOOD,TP
continuous_0437_S5_strategy2.npz,21263–25509,FAMILY,FAMILY,TP
continuous_0438_S5_strategy2.npz,0–4246,NUMBER,NUMBER,TP
continuous_0438_S5_strategy2.npz,4246–8492,FOOD,FOOD,TP
continuous_0438_S5_strategy2.npz,7966–10600,—,GREETING,FP
continuous_0438_S5_strategy2.npz,8492–12558,GREETING,—,FN
continuous_0438_S5_strategy2.npz,12558–16804,DRINK,DRINK,TP
continuous_0438_S5_strategy2.npz,16804–20832,CALENDAR,CALENDAR,TP
continuous_0438_S5_strategy2.npz,20832–25078,COLOR,—,FN
continuous_0438_S5_strategy2.npz,23900–26566,—,COLOR,FP
continuous_0438_S5_strategy2.npz,25078–29140,RELATIONSHIPS,RELATIONSHIPS,TP
continuous_0439_S5_strategy2.npz,0–5065,GREETING,GREETING,TP
continuous_0439_S5_strategy2.npz,2500–5033,—,FOOD,FP
continuous_0439_S5_strategy2.npz,5033–7566,—,DRINK,FP
continuous_0439_S5_strategy2.npz,5065–9130,FOOD,—,FN
continuous_0439_S5_strategy2.npz,7566–10066,—,FAMILY,FP
continuous_0439_S5_strategy2.npz,9130–13376,FAMILY,—,FN
continuous_0439_S5_strategy2.npz,10066–12600,—,RELATIONSHIPS,FP
continuous_0439_S5_strategy2.npz,13376–17589,DAYS,DAYS,TP
continuous_0439_S5_strategy2.npz,17589–21802,CALENDAR,CALENDAR,TP
continuous_0439_S5_strategy2.npz,20166–22700,—,CALENDAR,FP
continuous_0439_S5_strategy2.npz,21802–25931,RELATIONSHIPS,RELATIONSHIPS,TP
continuous_0439_S5_strategy2.npz,25200–27733,—,NUMBER,FP
continuous_0439_S5_strategy2.npz,25931–30177,NUMBER,NUMBER,TP
continuous_0440_S5_strategy2.npz,0–4246,FOOD,FOOD,TP
continuous_0440_S5_strategy2.npz,4246–8491,CALENDAR,CALENDAR,TP
continuous_0440_S5_strategy2.npz,8491–12736,DRINK,DRINK,TP
continuous_0440_S5_strategy2.npz,11233–14066,—,COLOR,FP
continuous_0440_S5_strategy2.npz,12736–16982,COLOR,—,FN
continuous_0440_S5_strategy2.npz,14066–16866,—,RELATIONSHIPS,FP
continuous_0440_S5_strategy2.npz,16982–21228,RELATIONSHIPS,RELATIONSHIPS,TP
continuous_0440_S5_strategy2.npz,21228–25227,FAMILY,FAMILY,TP
continuous_0441_S5_strategy2.npz,0–4245,FOOD,FOOD,TP
continuous_0441_S5_strategy2.npz,4245–8677,GREETING,GREETING,TP
continuous_0441_S5_strategy2.npz,8677–12923,COLOR,COLOR,TP
continuous_0441_S5_strategy2.npz,10633–14166,—,RELATIONSHIPS,FP
continuous_0441_S5_strategy2.npz,12923–16918,RELATIONSHIPS,—,FN
continuous_0441_S5_strategy2.npz,14166–17700,—,NUMBER,FP
continuous_0441_S5_strategy2.npz,16918–21196,FAMILY,FAMILY,TP
continuous_0442_S5_strategy2.npz,0–4165,FAMILY,FAMILY,TP
continuous_0442_S5_strategy2.npz,4165–8260,DAYS,DAYS,TP
continuous_0442_S5_strategy2.npz,8260–12473,DRINK,DRINK,TP
continuous_0442_S5_strategy2.npz,12473–16501,CALENDAR,CALENDAR,TP
continuous_0442_S5_strategy2.npz,15033–17533,—,COLOR,FP
continuous_0442_S5_strategy2.npz,16501–20746,COLOR,COLOR,TP
continuous_0442_S5_strategy2.npz,20746–24992,FOOD,FOOD,TP
continuous_0443_S5_strategy2.npz,0–4246,DRINK,DRINK,TP
continuous_0443_S5_strategy2.npz,4246–8491,FAMILY,FAMILY,TP
continuous_0443_S5_strategy2.npz,8491–12737,SURVIVAL,SURVIVAL,TP
continuous_0443_S5_strategy2.npz,11300–14133,—,NUMBER,FP
continuous_0443_S5_strategy2.npz,12737–16983,NUMBER,NUMBER,TP
continuous_0443_S5_strategy2.npz,16983–21148,GREETING,—,FN
continuous_0443_S5_strategy2.npz,19800–22633,—,GREETING,FP
continuous_0443_S5_strategy2.npz,21148–25360,RELATIONSHIPS,RELATIONSHIPS,TP
continuous_0444_S5_strategy2.npz,0–4245,FOOD,FOOD,TP
continuous_0444_S5_strategy2.npz,4245–8457,DRINK,COLOR,TP
continuous_0444_S5_strategy2.npz,5666–8533,—,NUMBER,FP
continuous_0444_S5_strategy2.npz,8457–12637,DAYS,DAYS,TP
continuous_0444_S5_strategy2.npz,12637–17002,GREETING,GREETING,TP
continuous_0444_S5_strategy2.npz,17002–21248,CALENDAR,—,FN
continuous_0444_S5_strategy2.npz,17066–19933,—,CALENDAR,FP
continuous_0444_S5_strategy2.npz,19933–22766,—,CALENDAR,FP
continuous_0444_S5_strategy2.npz,21248–25527,SURVIVAL,SURVIVAL,TP
continuous_0445_S5_strategy2.npz,0–4246,COLOR,COLOR,TP
continuous_0445_S5_strategy2.npz,4246–8492,NUMBER,NUMBER,TP
continuous_0445_S5_strategy2.npz,7433–9933,—,RELATIONSHIPS,FP
continuous_0445_S5_strategy2.npz,8492–12737,RELATIONSHIPS,—,FN
continuous_0445_S5_strategy2.npz,9933–12400,—,SURVIVAL,FP
continuous_0445_S5_strategy2.npz,12737–16969,FOOD,FOOD,TP
continuous_0445_S5_strategy2.npz,16969–21215,SURVIVAL,SURVIVAL,TP
continuous_0445_S5_strategy2.npz,19866–22333,—,FAMILY,FP
continuous_0445_S5_strategy2.npz,21215–25461,FAMILY,—,FN
continuous_0445_S5_strategy2.npz,22333–27300,—,RELATIONSHIPS,FP
continuous_0445_S5_strategy2.npz,25461–29674,DRINK,DRINK,TP
continuous_0446_S5_strategy2.npz,0–4266,GREETING,GREETING,TP
continuous_0446_S5_strategy2.npz,4266–8512,FAMILY,FAMILY,TP
continuous_0446_S5_strategy2.npz,7100–9466,—,CALENDAR,FP
continuous_0446_S5_strategy2.npz,8512–12842,CALENDAR,CALENDAR,TP
continuous_0446_S5_strategy2.npz,11833–14200,—,DRINK,FP
continuous_0446_S5_strategy2.npz,12842–17041,FOOD,FOOD,TP
continuous_0446_S5_strategy2.npz,17041–21287,RELATIONSHIPS,RELATIONSHIPS,TP
continuous_0447_S5_strategy2.npz,0–4246,FOOD,FOOD,TP
continuous_0447_S5_strategy2.npz,3533–7066,—,COLOR,FP
continuous_0447_S5_strategy2.npz,4246–8492,NUMBER,NUMBER,TP
continuous_0447_S5_strategy2.npz,8492–12738,COLOR,—,FN
continuous_0447_S5_strategy2.npz,10600–14133,—,COLOR,FP
continuous_0447_S5_strategy2.npz,12738–16870,FAMILY,FAMILY,TP
continuous_0447_S5_strategy2.npz,16870–21115,RELATIONSHIPS,RELATIONSHIPS,TP
continuous_0448_S5_strategy2.npz,0–4432,GREETING,GREETING,TP
continuous_0448_S5_strategy2.npz,4432–8678,COLOR,COLOR,TP
continuous_0448_S5_strategy2.npz,6433–9666,—,FOOD,FP
continuous_0448_S5_strategy2.npz,8678–13010,FOOD,—,FN
continuous_0448_S5_strategy2.npz,9666–12900,—,RELATIONSHIPS,FP
continuous_0448_S5_strategy2.npz,13010–17256,RELATIONSHIPS,—,FN
continuous_0448_S5_strategy2.npz,17256–21502,DRINK,DRINK,TP
continuous_0448_S5_strategy2.npz,19366–22600,—,CALENDAR,FP
continuous_0448_S5_strategy2.npz,21502–25748,CALENDAR,CALENDAR,TP
continuous_0449_S5_strategy2.npz,0–4279,CALENDAR,CALENDAR,TP
continuous_0449_S5_strategy2.npz,2333–4666,—,DRINK,FP
continuous_0449_S5_strategy2.npz,4279–8525,NUMBER,NUMBER,TP
continuous_0449_S5_strategy2.npz,8525–12771,DRINK,DRINK,TP
continuous_0449_S5_strategy2.npz,12771–17017,COLOR,COLOR,TP
continuous_0449_S5_strategy2.npz,16366–18700,—,GREETING,FP
continuous_0449_S5_strategy2.npz,17017–21382,GREETING,GREETING,TP
continuous_0449_S5_strategy2.npz,21382–25628,RELATIONSHIPS,RELATIONSHIPS,TP
continuous_0450_S5_strategy2.npz,0–4246,DRINK,DRINK,TP
continuous_0450_S5_strategy2.npz,2633–5300,—,GREETING,FP
continuous_0450_S5_strategy2.npz,4246–8524,DAYS,DAYS,TP
continuous_0450_S5_strategy2.npz,8524–12803,RELATIONSHIPS,RELATIONSHIPS,TP
continuous_0450_S5_strategy2.npz,12803–17049,CALENDAR,CALENDAR,TP
continuous_0450_S5_strategy2.npz,17049–21149,GREETING,GREETING,TP
continuous_0451_S5_strategy2.npz,0–4213,DAYS,DAYS,TP
continuous_0451_S5_strategy2.npz,2666–5366,—,RELATIONSHIPS,FP
continuous_0451_S5_strategy2.npz,4213–8458,FAMILY,FAMILY,TP
continuous_0451_S5_strategy2.npz,8458–12737,COLOR,COLOR,TP
continuous_0451_S5_strategy2.npz,12737–16770,SURVIVAL,SURVIVAL,TP
continuous_0451_S5_strategy2.npz,16770–21016,RELATIONSHIPS,RELATIONSHIPS,TP
continuous_0451_S5_strategy2.npz,21016–25262,CALENDAR,CALENDAR,TP
continuous_0451_S5_strategy2.npz,25262–29508,DRINK,DRINK,TP
continuous_0452_S5_strategy2.npz,0–4213,FOOD,FOOD,TP
continuous_0452_S5_strategy2.npz,4213–8426,NUMBER,NUMBER,TP
continuous_0452_S5_strategy2.npz,7433–9933,—,RELATIONSHIPS,FP
continuous_0452_S5_strategy2.npz,8426–12639,RELATIONSHIPS,RELATIONSHIPS,TP
continuous_0452_S5_strategy2.npz,12639–16885,COLOR,COLOR,TP
continuous_0452_S5_strategy2.npz,16885–21130,DRINK,DRINK,TP
continuous_0452_S5_strategy2.npz,19866–22333,—,FOOD,FP
continuous_0452_S5_strategy2.npz,21130–25409,DAYS,DAYS,TP
continuous_0452_S5_strategy2.npz,24833–27300,—,GREETING,FP
continuous_0452_S5_strategy2.npz,25409–29655,FAMILY,FAMILY,TP
continuous_0453_S5_strategy2.npz,0–4246,DAYS,DAYS,TP
continuous_0453_S5_strategy2.npz,4246–8492,COLOR,COLOR,TP
continuous_0453_S5_strategy2.npz,8492–12738,FOOD,FOOD,TP
continuous_0453_S5_strategy2.npz,12738–16904,DRINK,DRINK,TP
continuous_0453_S5_strategy2.npz,16904–21117,FAMILY,FAMILY,TP
continuous_0454_S5_strategy2.npz,0–4166,SURVIVAL,SURVIVAL,TP
continuous_0454_S5_strategy2.npz,2600–5200,—,DRINK,FP
continuous_0454_S5_strategy2.npz,4166–8411,FOOD,FOOD,TP
continuous_0454_S5_strategy2.npz,8411–12643,GREETING,GREETING,TP
continuous_0454_S5_strategy2.npz,12643–16775,COLOR,—,FN
continuous_0454_S5_strategy2.npz,15633–18233,—,COLOR,FP
continuous_0454_S5_strategy2.npz,16775–20840,DRINK,DRINK,TP
continuous_0455_S5_strategy2.npz,0–3532,GREETING,GREETING,TP
continuous_0455_S5_strategy2.npz,2633–5266,—,DRINK,FP
continuous_0455_S5_strategy2.npz,3532–7797,DRINK,—,FN
continuous_0455_S5_strategy2.npz,5266–7933,—,CALENDAR,FP
continuous_0455_S5_strategy2.npz,7797–12076,CALENDAR,—,FN
continuous_0455_S5_strategy2.npz,7933–10566,—,CALENDAR,FP
continuous_0455_S5_strategy2.npz,10566–13233,—,FOOD,FP
continuous_0455_S5_strategy2.npz,12076–16289,FOOD,—,FN
continuous_0455_S5_strategy2.npz,13233–15866,—,RELATIONSHIPS,FP
continuous_0455_S5_strategy2.npz,15866–21166,—,RELATIONSHIPS,FP
continuous_0455_S5_strategy2.npz,16289–20535,RELATIONSHIPS,—,FN
continuous_0455_S5_strategy2.npz,20535–24781,COLOR,COLOR,TP
continuous_0455_S5_strategy2.npz,23833–26466,—,RELATIONSHIPS,FP
continuous_0455_S5_strategy2.npz,24781–29027,SURVIVAL,SURVIVAL,TP
continuous_0456_S5_strategy2.npz,0–4246,FAMILY,FAMILY,TP
continuous_0456_S5_strategy2.npz,4246–8492,SURVIVAL,SURVIVAL,TP
continuous_0456_S5_strategy2.npz,8492–12738,COLOR,COLOR,TP
continuous_0456_S5_strategy2.npz,12738–17017,DRINK,DRINK,TP
continuous_0456_S5_strategy2.npz,17017–22482,GREETING,GREETING,TP
continuous_0456_S5_strategy2.npz,19133–21500,—,RELATIONSHIPS,FP
continuous_0456_S5_strategy2.npz,21500–23900,—,COLOR,FP
continuous_0456_S5_strategy2.npz,22482–26728,RELATIONSHIPS,RELATIONSHIPS,TP
continuous_0456_S5_strategy2.npz,26300–28700,—,DAYS,FP
continuous_0456_S5_strategy2.npz,26728–30974,NUMBER,NUMBER,TP
continuous_0457_S5_strategy2.npz,0–4246,FAMILY,FAMILY,TP
continuous_0457_S5_strategy2.npz,2333–4700,—,DRINK,FP
continuous_0457_S5_strategy2.npz,4246–8491,RELATIONSHIPS,RELATIONSHIPS,TP
continuous_0457_S5_strategy2.npz,8491–12737,SURVIVAL,SURVIVAL,TP
continuous_0457_S5_strategy2.npz,9400–11733,—,SURVIVAL,FP
continuous_0457_S5_strategy2.npz,12737–17269,GREETING,GREETING,TP
continuous_0457_S5_strategy2.npz,17269–21515,COLOR,COLOR,TP
continuous_0457_S5_strategy2.npz,21515–25761,DRINK,DRINK,TP
continuous_0458_S5_strategy2.npz,0–4246,SURVIVAL,SURVIVAL,TP
continuous_0458_S5_strategy2.npz,4246–8492,DRINK,DRINK,TP
continuous_0458_S5_strategy2.npz,8492–12738,COLOR,COLOR,TP
continuous_0458_S5_strategy2.npz,12738–16984,RELATIONSHIPS,RELATIONSHIPS,TP
continuous_0458_S5_strategy2.npz,15233–18266,—,FOOD,FP
continuous_0458_S5_strategy2.npz,16984–21230,CALENDAR,CALENDAR,TP
continuous_0459_S5_strategy2.npz,0–4246,COLOR,COLOR,TP
continuous_0459_S5_strategy2.npz,2466–4933,—,CALENDAR,FP
continuous_0459_S5_strategy2.npz,4246–8492,CALENDAR,CALENDAR,TP
continuous_0459_S5_strategy2.npz,8492–12738,NUMBER,NUMBER,TP
continuous_0459_S5_strategy2.npz,12738–16984,RELATIONSHIPS,RELATIONSHIPS,TP
continuous_0459_S5_strategy2.npz,16984–21197,DRINK,DRINK,TP
continuous_0459_S5_strategy2.npz,21197–25396,FOOD,FOOD,TP
continuous_0459_S5_strategy2.npz,25396–29642,SURVIVAL,SURVIVAL,TP
continuous_0460_S5_strategy2.npz,0–4213,COLOR,COLOR,TP
continuous_0460_S5_strategy2.npz,4213–8492,CALENDAR,CALENDAR,TP
continuous_0460_S5_strategy2.npz,8492–12771,DAYS,COLOR,TP
continuous_0460_S5_strategy2.npz,12771–17050,DRINK,DRINK,TP
continuous_0460_S5_strategy2.npz,17050–21782,GREETING,GREETING,TP
continuous_0460_S5_strategy2.npz,21782–26028,NUMBER,NUMBER,TP
continuous_0461_S5_strategy2.npz,0–4279,NUMBER,NUMBER,TP
continuous_0461_S5_strategy2.npz,4279–7879,SURVIVAL,SURVIVAL,TP
continuous_0461_S5_strategy2.npz,7879–12125,DAYS,DAYS,TP
continuous_0461_S5_strategy2.npz,11633–14533,—,FAMILY,FP
continuous_0461_S5_strategy2.npz,12125–16124,FAMILY,—,FN
continuous_0461_S5_strategy2.npz,14533–17433,—,GREETING,FP
continuous_0461_S5_strategy2.npz,16124–20523,GREETING,GREETING,TP
continuous_0461_S5_strategy2.npz,20366–23266,—,DAYS,FP
continuous_0461_S5_strategy2.npz,20523–24769,DRINK,—,FN
continuous_0461_S5_strategy2.npz,23266–26166,—,DRINK,FP
continuous_0461_S5_strategy2.npz,24769–29015,RELATIONSHIPS,RELATIONSHIPS,TP
continuous_0462_S5_strategy2.npz,0–4246,FAMILY,FAMILY,TP
continuous_0462_S5_strategy2.npz,4246–8492,CALENDAR,—,FN
continuous_0462_S5_strategy2.npz,6066–9100,—,CALENDAR,FP
continuous_0462_S5_strategy2.npz,8492–12737,COLOR,COLOR,TP
continuous_0462_S5_strategy2.npz,9100–12133,—,CALENDAR,FP
continuous_0462_S5_strategy2.npz,12737–16983,SURVIVAL,SURVIVAL,TP
continuous_0462_S5_strategy2.npz,16983–21229,NUMBER,NUMBER,TP
continuous_0463_S5_strategy2.npz,0–4246,FAMILY,FAMILY,TP
continuous_0463_S5_strategy2.npz,2533–5100,—,GREETING,FP
continuous_0463_S5_strategy2.npz,4246–8411,GREETING,—,FN
continuous_0463_S5_strategy2.npz,5100–7633,—,DAYS,FP
continuous_0463_S5_strategy2.npz,8411–12657,SURVIVAL,SURVIVAL,TP
continuous_0463_S5_strategy2.npz,12657–16903,NUMBER,NUMBER,TP
continuous_0463_S5_strategy2.npz,16903–21149,CALENDAR,CALENDAR,TP
continuous_0463_S5_strategy2.npz,20400–22933,—,COLOR,FP
continuous_0463_S5_strategy2.npz,21149–25395,RELATIONSHIPS,RELATIONSHIPS,TP
continuous_0464_S5_strategy2.npz,0–4246,FOOD,FOOD,TP
continuous_0464_S5_strategy2.npz,3266–6566,—,NUMBER,FP
continuous_0464_S5_strategy2.npz,4246–8491,DAYS,DAYS,TP
continuous_0464_S5_strategy2.npz,8491–12704,DRINK,DRINK,TP
continuous_0464_S5_strategy2.npz,12704–16950,NUMBER,NUMBER,TP
continuous_0464_S5_strategy2.npz,16466–19766,—,SURVIVAL,FP
continuous_0464_S5_strategy2.npz,16950–21229,SURVIVAL,SURVIVAL,TP
continuous_0464_S5_strategy2.npz,21229–25291,RELATIONSHIPS,RELATIONSHIPS,TP
continuous_0464_S5_strategy2.npz,25291–29537,COLOR,COLOR,TP
continuous_0465_S5_strategy2.npz,0–4246,DRINK,DRINK,TP
continuous_0465_S5_strategy2.npz,4246–8492,FOOD,FOOD,TP
continuous_0465_S5_strategy2.npz,6066–9133,—,DRINK,FP
continuous_0465_S5_strategy2.npz,8492–12738,NUMBER,NUMBER,TP
continuous_0465_S5_strategy2.npz,12738–16984,COLOR,COLOR,TP
continuous_0465_S5_strategy2.npz,15233–18266,—,SURVIVAL,FP
continuous_0465_S5_strategy2.npz,16984–21230,RELATIONSHIPS,RELATIONSHIPS,TP
continuous_0466_S5_strategy2.npz,0–4246,SURVIVAL,SURVIVAL,TP
continuous_0466_S5_strategy2.npz,2500–5000,—,RELATIONSHIPS,FP
continuous_0466_S5_strategy2.npz,4246–8491,RELATIONSHIPS,RELATIONSHIPS,TP
continuous_0466_S5_strategy2.npz,8491–12737,DAYS,DAYS,TP
continuous_0466_S5_strategy2.npz,12533–15066,—,GREETING,FP
continuous_0466_S5_strategy2.npz,12737–17269,GREETING,GREETING,TP
continuous_0466_S5_strategy2.npz,17269–21515,FOOD,FOOD,TP
continuous_0466_S5_strategy2.npz,20066–22600,—,FOOD,FP
continuous_0466_S5_strategy2.npz,21515–25728,COLOR,COLOR,TP
continuous_0466_S5_strategy2.npz,25728–30007,NUMBER,NUMBER,TP
continuous_0467_S5_strategy2.npz,0–4246,DAYS,DAYS,TP
continuous_0467_S5_strategy2.npz,4246–8492,FAMILY,FAMILY,TP
continuous_0467_S5_strategy2.npz,8492–12738,CALENDAR,CALENDAR,TP
continuous_0467_S5_strategy2.npz,11933–14900,—,FOOD,FP
continuous_0467_S5_strategy2.npz,12738–17003,DRINK,DRINK,TP
continuous_0467_S5_strategy2.npz,17003–21635,GREETING,GREETING,TP
continuous_0467_S5_strategy2.npz,21635–25601,COLOR,COLOR,TP
continuous_0467_S5_strategy2.npz,25601–29766,NUMBER,COLOR,TP
continuous_0468_S5_strategy2.npz,0–4932,GREETING,GREETING,TP
continuous_0468_S5_strategy2.npz,2366–4733,—,RELATIONSHIPS,FP
continuous_0468_S5_strategy2.npz,4733–7100,—,SURVIVAL,FP
continuous_0468_S5_strategy2.npz,4932–8565,SURVIVAL,—,FN
continuous_0468_S5_strategy2.npz,7100–9466,—,FOOD,FP
continuous_0468_S5_strategy2.npz,8565–12811,COLOR,COLOR,TP
continuous_0468_S5_strategy2.npz,11866–14233,—,FOOD,FP
continuous_0468_S5_strategy2.npz,12811–17057,FOOD,FOOD,TP
continuous_0468_S5_strategy2.npz,17057–21303,CALENDAR,CALENDAR,TP
continuous_0469_S5_strategy2.npz,0–5232,GREETING,GREETING,TP
continuous_0469_S5_strategy2.npz,5232–9511,SURVIVAL,SURVIVAL,TP
continuous_0469_S5_strategy2.npz,9511–13710,FOOD,—,FN
continuous_0469_S5_strategy2.npz,12200–15266,—,FOOD,FP
continuous_0469_S5_strategy2.npz,13710–17922,COLOR,COLOR,TP
continuous_0469_S5_strategy2.npz,17922–21988,NUMBER,NUMBER,TP
continuous_0469_S5_strategy2.npz,21988–26234,DAYS,DAYS,TP
continuous_0469_S5_strategy2.npz,24433–27500,—,RELATIONSHIPS,FP
continuous_0469_S5_strategy2.npz,26234–30480,DRINK,DRINK,TP
continuous_0470_S5_strategy2.npz,0–4246,RELATIONSHIPS,RELATIONSHIPS,TP
continuous_0470_S5_strategy2.npz,3166–6366,—,RELATIONSHIPS,FP
continuous_0470_S5_strategy2.npz,4246–8492,DRINK,DRINK,TP
continuous_0470_S5_strategy2.npz,8492–12758,GREETING,GREETING,TP
continuous_0470_S5_strategy2.npz,12758–17004,FOOD,FOOD,TP
continuous_0470_S5_strategy2.npz,17004–21250,FAMILY,FAMILY,TP
continuous_0470_S5_strategy2.npz,21250–25463,COLOR,COLOR,TP
continuous_0471_S5_strategy2.npz,0–4246,COLOR,COLOR,TP
continuous_0471_S5_strategy2.npz,4246–8492,DRINK,DRINK,TP
continuous_0471_S5_strategy2.npz,8492–12738,SURVIVAL,SURVIVAL,TP
continuous_0471_S5_strategy2.npz,12738–16983,CALENDAR,CALENDAR,TP
continuous_0471_S5_strategy2.npz,16983–21283,GREETING,GREETING,TP
continuous_0471_S5_strategy2.npz,21283–25496,FAMILY,FAMILY,TP
continuous_0472_S5_strategy2.npz,0–4132,FOOD,FOOD,TP
continuous_0472_S5_strategy2.npz,2466–4933,—,FOOD,FP
continuous_0472_S5_strategy2.npz,4132–8127,RELATIONSHIPS,RELATIONSHIPS,TP
continuous_0472_S5_strategy2.npz,7400–9866,—,GREETING,FP
continuous_0472_S5_strategy2.npz,8127–12792,GREETING,—,FN
continuous_0472_S5_strategy2.npz,9866–12333,—,DRINK,FP
continuous_0472_S5_strategy2.npz,12792–17038,NUMBER,NUMBER,TP
continuous_0472_S5_strategy2.npz,17038–21284,DRINK,DRINK,TP
continuous_0472_S5_strategy2.npz,17266–19733,—,DRINK,FP
continuous_0472_S5_strategy2.npz,21284–25529,FAMILY,FAMILY,TP
continuous_0472_S5_strategy2.npz,22200–24666,—,RELATIONSHIPS,FP
continuous_0472_S5_strategy2.npz,25529–29557,DAYS,DAYS,TP
continuous_0473_S5_strategy2.npz,0–4028,RELATIONSHIPS,RELATIONSHIPS,TP
continuous_0473_S5_strategy2.npz,4028–8307,COLOR,COLOR,TP
continuous_0473_S5_strategy2.npz,7466–11200,—,FAMILY,FP
continuous_0473_S5_strategy2.npz,8307–12553,FOOD,FOOD,TP
continuous_0473_S5_strategy2.npz,12553–16799,DAYS,DAYS,TP
continuous_0473_S5_strategy2.npz,16799–21044,SURVIVAL,SURVIVAL,TP
continuous_0473_S5_strategy2.npz,21044–25509,CALENDAR,CALENDAR,TP
continuous_0473_S5_strategy2.npz,25509–29755,FAMILY,FAMILY,TP
continuous_0474_S5_strategy2.npz,0–4129,RELATIONSHIPS,RELATIONSHIPS,TP
continuous_0474_S5_strategy2.npz,2266–4566,—,COLOR,FP
continuous_0474_S5_strategy2.npz,4129–8375,DAYS,DAYS,TP
continuous_0474_S5_strategy2.npz,8375–12621,FAMILY,FAMILY,TP
continuous_0474_S5_strategy2.npz,11433–13700,—,DAYS,FP
continuous_0474_S5_strategy2.npz,12621–16867,SURVIVAL,SURVIVAL,TP
continuous_0474_S5_strategy2.npz,16867–21113,CALENDAR,CALENDAR,TP
continuous_0474_S5_strategy2.npz,20566–22866,—,CALENDAR,FP
continuous_0474_S5_strategy2.npz,21113–25359,DRINK,DRINK,TP
continuous_0474_S5_strategy2.npz,25359–29605,COLOR,—,FN
continuous_0474_S5_strategy2.npz,27433–29733,—,COLOR,FP
continuous_0475_S5_strategy2.npz,0–4279,FOOD,FOOD,TP
continuous_0475_S5_strategy2.npz,4279–8525,COLOR,COLOR,TP
continuous_0475_S5_strategy2.npz,8525–12620,RELATIONSHIPS,RELATIONSHIPS,TP
continuous_0475_S5_strategy2.npz,12620–16753,GREETING,GREETING,TP
continuous_0475_S5_strategy2.npz,16753–21031,DAYS,DAYS,TP
continuous_0475_S5_strategy2.npz,21031–25277,DRINK,DRINK,TP
continuous_0476_S5_strategy2.npz,0–4246,COLOR,COLOR,TP
continuous_0476_S5_strategy2.npz,4246–8458,DAYS,DAYS,TP
continuous_0476_S5_strategy2.npz,8458–12704,FAMILY,FAMILY,TP
continuous_0476_S5_strategy2.npz,12704–17303,GREETING,GREETING,TP
continuous_0476_S5_strategy2.npz,14433–18033,—,RELATIONSHIPS,FP
continuous_0476_S5_strategy2.npz,17303–21581,RELATIONSHIPS,RELATIONSHIPS,TP
continuous_0477_S5_strategy2.npz,0–4246,COLOR,COLOR,TP
continuous_0477_S5_strategy2.npz,2533–5100,—,DRINK,FP
continuous_0477_S5_strategy2.npz,4246–8459,FAMILY,FAMILY,TP
continuous_0477_S5_strategy2.npz,8459–12704,RELATIONSHIPS,RELATIONSHIPS,TP
continuous_0477_S5_strategy2.npz,12704–16949,FOOD,FOOD,TP
continuous_0477_S5_strategy2.npz,16949–21195,DAYS,DAYS,TP
continuous_0477_S5_strategy2.npz,20433–23000,—,FAMILY,FP
continuous_0477_S5_strategy2.npz,21195–25441,NUMBER,NUMBER,TP
continuous_0478_S5_strategy2.npz,0–4213,COLOR,COLOR,TP
continuous_0478_S5_strategy2.npz,2233–4500,—,CALENDAR,FP
continuous_0478_S5_strategy2.npz,4213–8458,CALENDAR,CALENDAR,TP
continuous_0478_S5_strategy2.npz,8458–12391,SURVIVAL,SURVIVAL,TP
continuous_0478_S5_strategy2.npz,12391–16553,RELATIONSHIPS,RELATIONSHIPS,TP
continuous_0478_S5_strategy2.npz,15800–18066,—,NUMBER,FP
continuous_0478_S5_strategy2.npz,16553–20798,NUMBER,—,FN
continuous_0478_S5_strategy2.npz,18066–20333,—,FOOD,FP
continuous_0478_S5_strategy2.npz,20798–25043,FOOD,FOOD,TP
continuous_0478_S5_strategy2.npz,22600–27133,—,COLOR,FP
continuous_0478_S5_strategy2.npz,25043–29289,FAMILY,FAMILY,TP
continuous_0479_S5_strategy2.npz,0–4245,DRINK,DRINK,TP
continuous_0479_S5_strategy2.npz,3066–6133,—,DRINK,FP
continuous_0479_S5_strategy2.npz,4245–8410,FOOD,FOOD,TP
continuous_0479_S5_strategy2.npz,8410–12539,RELATIONSHIPS,RELATIONSHIPS,TP
continuous_0479_S5_strategy2.npz,12539–17205,GREETING,GREETING,TP
continuous_0479_S5_strategy2.npz,17205–21483,SURVIVAL,SURVIVAL,TP
continuous_0480_S5_strategy2.npz,0–4196,RELATIONSHIPS,RELATIONSHIPS,TP
continuous_0480_S5_strategy2.npz,4196–8475,FOOD,FOOD,TP
continuous_0480_S5_strategy2.npz,8475–12774,GREETING,GREETING,TP
continuous_0480_S5_strategy2.npz,12774–17019,CALENDAR,CALENDAR,TP
continuous_0480_S5_strategy2.npz,17019–21298,NUMBER,NUMBER,TP
continuous_0481_S5_strategy2.npz,0–4199,NUMBER,NUMBER,TP
continuous_0481_S5_strategy2.npz,2266–4533,—,CALENDAR,FP
continuous_0481_S5_strategy2.npz,4199–8444,CALENDAR,CALENDAR,TP
continuous_0481_S5_strategy2.npz,8444–12277,DRINK,DRINK,TP
continuous_0481_S5_strategy2.npz,12277–16523,FOOD,FOOD,TP
continuous_0481_S5_strategy2.npz,16523–20802,FAMILY,FAMILY,TP
continuous_0481_S5_strategy2.npz,18233–20533,—,FAMILY,FP
continuous_0481_S5_strategy2.npz,20533–22800,—,FOOD,FP
continuous_0481_S5_strategy2.npz,20802–25035,GREETING,GREETING,TP
continuous_0482_S5_strategy2.npz,0–4365,FOOD,FOOD,TP
continuous_0482_S5_strategy2.npz,3266–6533,—,CALENDAR,FP
continuous_0482_S5_strategy2.npz,4365–8611,CALENDAR,—,FN
continuous_0482_S5_strategy2.npz,6533–9800,—,CALENDAR,FP
continuous_0482_S5_strategy2.npz,8611–12856,NUMBER,NUMBER,TP
continuous_0482_S5_strategy2.npz,12856–17101,COLOR,COLOR,TP
continuous_0482_S5_strategy2.npz,17101–21196,RELATIONSHIPS,RELATIONSHIPS,TP
continuous_0482_S5_strategy2.npz,19633–22900,—,RELATIONSHIPS,FP
continuous_0482_S5_strategy2.npz,21196–26128,GREETING,GREETING,TP
continuous_0483_S5_strategy2.npz,0–4246,NUMBER,NUMBER,TP
continuous_0483_S5_strategy2.npz,2500–5033,—,FOOD,FP
continuous_0483_S5_strategy2.npz,4246–8492,FOOD,FOOD,TP
continuous_0483_S5_strategy2.npz,8492–12722,CALENDAR,CALENDAR,TP
continuous_0483_S5_strategy2.npz,12722–16968,DRINK,DRINK,TP
continuous_0483_S5_strategy2.npz,16968–20900,RELATIONSHIPS,RELATIONSHIPS,TP
continuous_0483_S5_strategy2.npz,20900–25113,SURVIVAL,SURVIVAL,TP
continuous_0484_S5_strategy2.npz,0–4246,COLOR,COLOR,TP
continuous_0484_S5_strategy2.npz,2700–5400,—,FOOD,FP
continuous_0484_S5_strategy2.npz,4246–8491,FOOD,—,FN
continuous_0484_S5_strategy2.npz,5400–8133,—,COLOR,FP
continuous_0484_S5_strategy2.npz,8491–12737,SURVIVAL,SURVIVAL,TP
continuous_0484_S5_strategy2.npz,10833–13566,—,SURVIVAL,FP
continuous_0484_S5_strategy2.npz,12737–16983,DRINK,DRINK,TP
continuous_0484_S5_strategy2.npz,16266–19000,—,RELATIONSHIPS,FP
continuous_0484_S5_strategy2.npz,16983–21215,GREETING,GREETING,TP
continuous_0484_S5_strategy2.npz,21215–25494,NUMBER,NUMBER,TP
continuous_0484_S5_strategy2.npz,21700–24433,—,COLOR,FP
continuous_0484_S5_strategy2.npz,25494–29740,CALENDAR,CALENDAR,TP
continuous_0485_S5_strategy2.npz,0–4165,NUMBER,NUMBER,TP
continuous_0485_S5_strategy2.npz,4165–8410,DRINK,DRINK,TP
continuous_0485_S5_strategy2.npz,8410–12689,RELATIONSHIPS,RELATIONSHIPS,TP
continuous_0485_S5_strategy2.npz,12689–16935,CALENDAR,CALENDAR,TP
continuous_0485_S5_strategy2.npz,16935–21180,FAMILY,FAMILY,TP
continuous_0485_S5_strategy2.npz,19833–22666,—,NUMBER,FP
continuous_0485_S5_strategy2.npz,21180–25459,DAYS,DAYS,TP
continuous_0486_S5_strategy2.npz,0–4232,FOOD,FOOD,TP
continuous_0486_S5_strategy2.npz,4232–8531,GREETING,GREETING,TP
continuous_0486_S5_strategy2.npz,8531–12631,DRINK,DRINK,TP
continuous_0486_S5_strategy2.npz,11133–14866,—,SURVIVAL,FP
continuous_0486_S5_strategy2.npz,12631–16877,SURVIVAL,SURVIVAL,TP
continuous_0486_S5_strategy2.npz,16877–21123,COLOR,COLOR,TP
continuous_0486_S5_strategy2.npz,21123–25369,FAMILY,FAMILY,TP
continuous_0486_S5_strategy2.npz,25369–29648,NUMBER,NUMBER,TP
continuous_0487_S5_strategy2.npz,0–4279,FOOD,FOOD,TP
continuous_0487_S5_strategy2.npz,4279–9444,GREETING,FOOD,TP
continuous_0487_S5_strategy2.npz,9444–13690,NUMBER,NUMBER,TP
continuous_0487_S5_strategy2.npz,13690–17936,DAYS,DAYS,TP
continuous_0487_S5_strategy2.npz,15900–19066,—,COLOR,FP
continuous_0487_S5_strategy2.npz,17936–22182,DRINK,DRINK,TP
continuous_0488_S5_strategy2.npz,0–4246,FAMILY,FAMILY,TP
continuous_0488_S5_strategy2.npz,2933–5900,—,FAMILY,FP
continuous_0488_S5_strategy2.npz,4246–8459,CALENDAR,CALENDAR,TP
continuous_0488_S5_strategy2.npz,8459–12292,SURVIVAL,SURVIVAL,TP
continuous_0488_S5_strategy2.npz,12292–16538,FOOD,FOOD,TP
continuous_0488_S5_strategy2.npz,16538–20667,DAYS,DAYS,TP
continuous_0489_S5_strategy2.npz,0–4129,DAYS,DAYS,TP
continuous_0489_S5_strategy2.npz,4129–8374,COLOR,COLOR,TP
continuous_0489_S5_strategy2.npz,5866–8800,—,FAMILY,FP
continuous_0489_S5_strategy2.npz,8374–12620,FAMILY,—,FN
continuous_0489_S5_strategy2.npz,12620–16865,FOOD,FOOD,TP
continuous_0489_S5_strategy2.npz,14666–17600,—,NUMBER,FP
continuous_0489_S5_strategy2.npz,16865–20897,NUMBER,—,FN
continuous_0489_S5_strategy2.npz,17600–20533,—,SURVIVAL,FP
continuous_0489_S5_strategy2.npz,20897–25229,GREETING,GREETING,TP
continuous_0489_S5_strategy2.npz,23466–26400,—,FOOD,FP
continuous_0489_S5_strategy2.npz,25229–29291,RELATIONSHIPS,RELATIONSHIPS,TP
continuous_0490_S5_strategy2.npz,0–4432,GREETING,GREETING,TP
continuous_0490_S5_strategy2.npz,2666–5366,—,FOOD,FP
continuous_0490_S5_strategy2.npz,4432–9165,CALENDAR,CALENDAR,TP
continuous_0490_S5_strategy2.npz,9165–13131,COLOR,CALENDAR,TP
continuous_0490_S5_strategy2.npz,10733–13400,—,FAMILY,FP
continuous_0490_S5_strategy2.npz,13131–17377,FAMILY,FAMILY,TP
continuous_0490_S5_strategy2.npz,16100–18766,—,RELATIONSHIPS,FP
continuous_0490_S5_strategy2.npz,17377–21443,SURVIVAL,SURVIVAL,TP
continuous_0491_S5_strategy2.npz,0–4246,CALENDAR,CALENDAR,TP
continuous_0491_S5_strategy2.npz,2766–5566,—,CALENDAR,FP
continuous_0491_S5_strategy2.npz,4246–8046,GREETING,GREETING,TP
continuous_0491_S5_strategy2.npz,8046–12292,FAMILY,FAMILY,TP
continuous_0491_S5_strategy2.npz,12292–16571,RELATIONSHIPS,RELATIONSHIPS,TP
continuous_0491_S5_strategy2.npz,16571–20817,DAYS,DAYS,TP
continuous_0491_S5_strategy2.npz,19533–22333,—,DRINK,FP
continuous_0491_S5_strategy2.npz,20817–25062,DRINK,DRINK,TP
continuous_0492_S5_strategy2.npz,0–4246,NUMBER,NUMBER,TP
continuous_0492_S5_strategy2.npz,4246–8492,SURVIVAL,SURVIVAL,TP
continuous_0492_S5_strategy2.npz,8492–12738,COLOR,COLOR,TP
continuous_0492_S5_strategy2.npz,12738–16984,FOOD,FOOD,TP
continuous_0492_S5_strategy2.npz,16984–21113,DAYS,DAYS,TP
continuous_0492_S5_strategy2.npz,21113–25359,DRINK,—,FN
continuous_0492_S5_strategy2.npz,23966–26966,—,DRINK,FP
continuous_0492_S5_strategy2.npz,25359–29858,GREETING,GREETING,TP
continuous_0493_S5_strategy2.npz,0–4246,COLOR,COLOR,TP
continuous_0493_S5_strategy2.npz,2666–5366,—,COLOR,FP
continuous_0493_S5_strategy2.npz,4246–8492,DRINK,DRINK,TP
continuous_0493_S5_strategy2.npz,8492–12492,GREETING,GREETING,TP
continuous_0493_S5_strategy2.npz,12492–16737,FAMILY,FAMILY,TP
continuous_0493_S5_strategy2.npz,16737–20983,SURVIVAL,SURVIVAL,TP
continuous_0493_S5_strategy2.npz,20983–25228,DAYS,DAYS,TP
continuous_0493_S5_strategy2.npz,24200–26900,—,NUMBER,FP
continuous_0493_S5_strategy2.npz,25228–29474,NUMBER,NUMBER,TP
continuous_0494_S5_strategy2.npz,0–4278,FAMILY,FAMILY,TP
continuous_0494_S5_strategy2.npz,4278–8524,SURVIVAL,SURVIVAL,TP
continuous_0494_S5_strategy2.npz,7133–9500,—,RELATIONSHIPS,FP
continuous_0494_S5_strategy2.npz,8524–12770,RELATIONSHIPS,RELATIONSHIPS,TP
continuous_0494_S5_strategy2.npz,12770–17015,FOOD,FOOD,TP
continuous_0494_S5_strategy2.npz,14266–16633,—,FOOD,FP
continuous_0494_S5_strategy2.npz,16633–19000,—,NUMBER,FP
continuous_0494_S5_strategy2.npz,17015–21294,NUMBER,NUMBER,TP
continuous_0495_S5_strategy2.npz,0–4245,COLOR,COLOR,TP
continuous_0495_S5_strategy2.npz,2800–5633,—,RELATIONSHIPS,FP
continuous_0495_S5_strategy2.npz,4245–8491,RELATIONSHIPS,RELATIONSHIPS,TP
continuous_0495_S5_strategy2.npz,8491–12736,CALENDAR,CALENDAR,TP
continuous_0495_S5_strategy2.npz,11266–14100,—,RELATIONSHIPS,FP
continuous_0495_S5_strategy2.npz,12736–17015,NUMBER,NUMBER,TP
continuous_0495_S5_strategy2.npz,17015–21144,DAYS,DAYS,TP
continuous_0495_S5_strategy2.npz,19733–22566,—,DRINK,FP
continuous_0495_S5_strategy2.npz,21144–25376,FOOD,FOOD,TP
continuous_0496_S5_strategy2.npz,0–4246,NUMBER,NUMBER,TP
continuous_0496_S5_strategy2.npz,4246–8492,FOOD,FOOD,TP
continuous_0496_S5_strategy2.npz,8492–12758,SURVIVAL,SURVIVAL,TP
continuous_0496_S5_strategy2.npz,12758–16853,DAYS,DAYS,TP
continuous_0496_S5_strategy2.npz,16853–21132,FAMILY,FAMILY,TP
continuous_0496_S5_strategy2.npz,19800–22300,—,CALENDAR,FP
continuous_0496_S5_strategy2.npz,21132–25378,CALENDAR,CALENDAR,TP
continuous_0496_S5_strategy2.npz,24766–27233,—,DRINK,FP
continuous_0496_S5_strategy2.npz,25378–29624,COLOR,COLOR,TP
continuous_0497_S5_strategy2.npz,0–4246,FOOD,FOOD,TP
continuous_0497_S5_strategy2.npz,3300–6600,—,SURVIVAL,FP
continuous_0497_S5_strategy2.npz,4246–8411,SURVIVAL,—,FN
continuous_0497_S5_strategy2.npz,6600–9900,—,DRINK,FP
continuous_0497_S5_strategy2.npz,8411–12510,DRINK,—,FN
continuous_0497_S5_strategy2.npz,9900–13200,—,GREETING,FP
continuous_0497_S5_strategy2.npz,12510–16942,GREETING,—,FN
continuous_0497_S5_strategy2.npz,13200–16533,—,DRINK,FP
continuous_0497_S5_strategy2.npz,16942–21188,NUMBER,NUMBER,TP
continuous_0497_S5_strategy2.npz,21188–25433,RELATIONSHIPS,RELATIONSHIPS,TP
continuous_0497_S5_strategy2.npz,25433–29678,COLOR,COLOR,TP
continuous_0498_S5_strategy2.npz,0–3833,SURVIVAL,SURVIVAL,TP
continuous_0498_S5_strategy2.npz,3066–6166,—,CALENDAR,FP
continuous_0498_S5_strategy2.npz,3833–8935,CALENDAR,—,FN
continuous_0498_S5_strategy2.npz,8935–13181,FOOD,FOOD,TP
continuous_0498_S5_strategy2.npz,13181–17427,NUMBER,NUMBER,TP
continuous_0498_S5_strategy2.npz,15433–18533,—,NUMBER,FP
continuous_0498_S5_strategy2.npz,17427–21593,GREETING,DRINK,TP
continuous_0499_S5_strategy2.npz,0–4099,FOOD,FOOD,TP
continuous_0499_S5_strategy2.npz,4099–8378,DRINK,DRINK,TP
continuous_0499_S5_strategy2.npz,5966–8966,—,CALENDAR,FP
continuous_0499_S5_strategy2.npz,8378–12591,CALENDAR,—,FN
continuous_0499_S5_strategy2.npz,8966–11966,—,SURVIVAL,FP
continuous_0499_S5_strategy2.npz,11966–14966,—,FOOD,FP
continuous_0499_S5_strategy2.npz,12591–17190,GREETING,—,FN
continuous_0499_S5_strategy2.npz,14966–17933,—,NUMBER,FP
continuous_0499_S5_strategy2.npz,17190–21355,NUMBER,—,FN
continuous_0499_S5_strategy2.npz,17933–20933,—,DRINK,FP
continuous_0499_S5_strategy2.npz,21355–25600,SURVIVAL,SURVIVAL,TP
continuous_0499_S5_strategy2.npz,23933–26933,—,DRINK,FP
continuous_0499_S5_strategy2.npz,25600–29846,COLOR,COLOR,TP
continuous_0500_S5_strategy2.npz,0–4299,GREETING,GREETING,TP
continuous_0500_S5_strategy2.npz,4299–8545,RELATIONSHIPS,RELATIONSHIPS,TP
continuous_0500_S5_strategy2.npz,8545–12758,NUMBER,NUMBER,TP
continuous_0500_S5_strategy2.npz,12758–17004,FOOD,GREETING,TP
continuous_0500_S5_strategy2.npz,16000–19200,—,DRINK,FP
continuous_0500_S5_strategy2.npz,17004–21249,COLOR,COLOR,TP
continuous_0500_S5_strategy2.npz,21249–25495,SURVIVAL,SURVIVAL,TP
continuous_0501_S5_strategy2.npz,0–4278,CALENDAR,CALENDAR,TP
continuous_0501_S5_strategy2.npz,4278–8277,FAMILY,COLOR,TP
continuous_0501_S5_strategy2.npz,8277–12523,FOOD,FOOD,TP
continuous_0501_S5_strategy2.npz,12523–16767,DRINK,DRINK,TP
continuous_0501_S5_strategy2.npz,16767–20932,COLOR,COLOR,TP
continuous_0501_S5_strategy2.npz,20932–25177,SURVIVAL,SURVIVAL,TP
continuous_0501_S5_strategy2.npz,23333–26233,—,SURVIVAL,FP
continuous_0501_S5_strategy2.npz,25177–29205,DAYS,DAYS,TP
continuous_0502_S5_strategy2.npz,0–4279,RELATIONSHIPS,RELATIONSHIPS,TP
continuous_0502_S5_strategy2.npz,4279–8525,CALENDAR,CALENDAR,TP
continuous_0502_S5_strategy2.npz,8525–12771,FAMILY,COLOR,TP
continuous_0502_S5_strategy2.npz,12771–16984,DRINK,DRINK,TP
continuous_0502_S5_strategy2.npz,16984–21230,DAYS,DAYS,TP
continuous_0503_S5_strategy2.npz,0–3899,GREETING,GREETING,TP
continuous_0503_S5_strategy2.npz,2300–4600,—,RELATIONSHIPS,FP
continuous_0503_S5_strategy2.npz,3899–8178,RELATIONSHIPS,—,FN
continuous_0503_S5_strategy2.npz,4600–9200,—,RELATIONSHIPS,FP
continuous_0503_S5_strategy2.npz,8178–12457,CALENDAR,CALENDAR,TP
continuous_0503_S5_strategy2.npz,12457–16703,DAYS,DAYS,TP
continuous_0503_S5_strategy2.npz,16100–18400,—,DRINK,FP
continuous_0503_S5_strategy2.npz,16703–20949,COLOR,COLOR,TP
continuous_0503_S5_strategy2.npz,20949–25195,DRINK,DRINK,TP
continuous_0504_S5_strategy2.npz,0–4246,DAYS,DAYS,TP
continuous_0504_S5_strategy2.npz,4246–8478,RELATIONSHIPS,RELATIONSHIPS,TP
continuous_0504_S5_strategy2.npz,8478–12724,FOOD,FOOD,TP
continuous_0504_S5_strategy2.npz,12724–16969,COLOR,COLOR,TP
continuous_0504_S5_strategy2.npz,16969–21215,NUMBER,NUMBER,TP
continuous_0505_S5_strategy2.npz,0–4246,CALENDAR,CALENDAR,TP
continuous_0505_S5_strategy2.npz,4246–8492,DRINK,DRINK,TP
continuous_0505_S5_strategy2.npz,8100–10833,—,NUMBER,FP
continuous_0505_S5_strategy2.npz,8492–12738,NUMBER,—,FN
continuous_0505_S5_strategy2.npz,10833–13533,—,SURVIVAL,FP
continuous_0505_S5_strategy2.npz,12738–16870,FOOD,FOOD,TP
continuous_0505_S5_strategy2.npz,16870–21235,GREETING,GREETING,TP
continuous_0505_S5_strategy2.npz,21235–25481,FAMILY,—,FN
continuous_0505_S5_strategy2.npz,21666–24366,—,RELATIONSHIPS,FP
continuous_0505_S5_strategy2.npz,24366–27066,—,FAMILY,FP
continuous_0505_S5_strategy2.npz,25481–29710,RELATIONSHIPS,RELATIONSHIPS,TP
continuous_0506_S5_strategy2.npz,0–4246,COLOR,COLOR,TP
continuous_0506_S5_strategy2.npz,2533–5066,—,CALENDAR,FP
continuous_0506_S5_strategy2.npz,4246–8525,CALENDAR,—,FN
continuous_0506_S5_strategy2.npz,5066–7600,—,COLOR,FP
continuous_0506_S5_strategy2.npz,8525–12771,RELATIONSHIPS,RELATIONSHIPS,TP
continuous_0506_S5_strategy2.npz,10133–15200,—,FAMILY,FP
continuous_0506_S5_strategy2.npz,12771–16737,GREETING,GREETING,TP
continuous_0506_S5_strategy2.npz,16737–20983,FAMILY,FAMILY,TP
continuous_0506_S5_strategy2.npz,20983–25229,SURVIVAL,SURVIVAL,TP
continuous_0507_S5_strategy2.npz,0–4732,GREETING,GREETING,TP
continuous_0507_S5_strategy2.npz,4732–8978,SURVIVAL,SURVIVAL,TP
continuous_0507_S5_strategy2.npz,8978–13224,FAMILY,FAMILY,TP
continuous_0507_S5_strategy2.npz,13224–17470,NUMBER,NUMBER,TP
continuous_0507_S5_strategy2.npz,17470–21715,FOOD,FOOD,TP
continuous_0507_S5_strategy2.npz,21715–25994,CALENDAR,CALENDAR,TP
continuous_0508_S5_strategy2.npz,0–4278,DAYS,DAYS,TP
continuous_0508_S5_strategy2.npz,4278–8524,SURVIVAL,SURVIVAL,TP
continuous_0508_S5_strategy2.npz,6900–9200,—,FOOD,FP
continuous_0508_S5_strategy2.npz,8524–12770,FOOD,—,FN
continuous_0508_S5_strategy2.npz,9200–11533,—,SURVIVAL,FP
continuous_0508_S5_strategy2.npz,11533–13833,—,GREETING,FP
continuous_0508_S5_strategy2.npz,12770–17435,GREETING,—,FN
continuous_0508_S5_strategy2.npz,13833–18433,—,GREETING,FP
continuous_0508_S5_strategy2.npz,17435–21401,NUMBER,NUMBER,TP
continuous_0508_S5_strategy2.npz,20766–23066,—,CALENDAR,FP
continuous_0508_S5_strategy2.npz,21401–25647,CALENDAR,CALENDAR,TP
continuous_0508_S5_strategy2.npz,25647–29893,RELATIONSHIPS,RELATIONSHIPS,TP
continuous_0509_S5_strategy2.npz,0–4246,NUMBER,NUMBER,TP
continuous_0509_S5_strategy2.npz,4246–8375,DAYS,DAYS,TP
continuous_0509_S5_strategy2.npz,8375–12587,FAMILY,FAMILY,TP
continuous_0509_S5_strategy2.npz,12587–16753,FOOD,FOOD,TP
continuous_0509_S5_strategy2.npz,15033–17533,—,COLOR,FP
continuous_0509_S5_strategy2.npz,16753–21485,GREETING,GREETING,TP
continuous_0509_S5_strategy2.npz,21485–25764,RELATIONSHIPS,RELATIONSHIPS,TP
continuous_0509_S5_strategy2.npz,25764–30010,CALENDAR,CALENDAR,TP
continuous_0510_S5_strategy2.npz,0–4246,DAYS,DAYS,TP
continuous_0510_S5_strategy2.npz,4246–8492,DRINK,DRINK,TP
continuous_0510_S5_strategy2.npz,8492–12758,COLOR,COLOR,TP
continuous_0510_S5_strategy2.npz,12758–17037,FOOD,—,FN
continuous_0510_S5_strategy2.npz,14700–18366,—,FOOD,FP
continuous_0510_S5_strategy2.npz,17037–20837,GREETING,GREETING,TP
continuous_0510_S5_strategy2.npz,20837–25083,CALENDAR,CALENDAR,TP
continuous_0510_S5_strategy2.npz,25083–29329,RELATIONSHIPS,RELATIONSHIPS,TP
continuous_0511_S5_strategy2.npz,0–5499,GREETING,GREETING,TP
continuous_0511_S5_strategy2.npz,2400–4800,—,GREETING,FP
continuous_0511_S5_strategy2.npz,5499–9744,RELATIONSHIPS,RELATIONSHIPS,TP
continuous_0511_S5_strategy2.npz,9744–13957,DAYS,DAYS,TP
continuous_0511_S5_strategy2.npz,13957–18023,SURVIVAL,SURVIVAL,TP
continuous_0511_S5_strategy2.npz,18023–22236,DRINK,DRINK,TP
continuous_0511_S5_strategy2.npz,21700–24100,—,DRINK,FP
continuous_0511_S5_strategy2.npz,22236–26449,COLOR,COLOR,TP
continuous_0512_S5_strategy2.npz,0–4265,GREETING,GREETING,TP
continuous_0512_S5_strategy2.npz,4265–8511,FAMILY,FAMILY,TP
continuous_0512_S5_strategy2.npz,8511–12577,FOOD,FOOD,TP
continuous_0512_S5_strategy2.npz,12577–16856,DRINK,DRINK,TP
continuous_0512_S5_strategy2.npz,15100–18133,—,RELATIONSHIPS,FP
continuous_0512_S5_strategy2.npz,16856–21102,NUMBER,NUMBER,TP
continuous_0513_S5_strategy2.npz,0–4100,SURVIVAL,SURVIVAL,TP
continuous_0513_S5_strategy2.npz,2833–5666,—,COLOR,FP
continuous_0513_S5_strategy2.npz,4100–8379,COLOR,—,FN
continuous_0513_S5_strategy2.npz,5666–8500,—,CALENDAR,FP
continuous_0513_S5_strategy2.npz,8379–12624,CALENDAR,—,FN
continuous_0513_S5_strategy2.npz,8500–11333,—,GREETING,FP
continuous_0513_S5_strategy2.npz,12624–16989,GREETING,GREETING,TP
continuous_0513_S5_strategy2.npz,16989–21201,DRINK,DRINK,TP
continuous_0513_S5_strategy2.npz,19833–22666,—,DRINK,FP
continuous_0513_S5_strategy2.npz,21201–25447,FAMILY,FAMILY,TP
continuous_0514_S5_strategy2.npz,0–4245,DAYS,DAYS,TP
continuous_0514_S5_strategy2.npz,4245–8491,CALENDAR,CALENDAR,TP
continuous_0514_S5_strategy2.npz,8491–12737,FAMILY,FAMILY,TP
continuous_0514_S5_strategy2.npz,12737–16983,NUMBER,NUMBER,TP
continuous_0514_S5_strategy2.npz,16983–21229,SURVIVAL,SURVIVAL,TP
continuous_0515_S5_strategy2.npz,0–3961,RELATIONSHIPS,RELATIONSHIPS,TP
continuous_0515_S5_strategy2.npz,3961–8207,COLOR,COLOR,TP
continuous_0515_S5_strategy2.npz,7533–10066,—,NUMBER,FP
continuous_0515_S5_strategy2.npz,8207–12453,SURVIVAL,SURVIVAL,TP
continuous_0515_S5_strategy2.npz,12453–16585,NUMBER,NUMBER,TP
continuous_0515_S5_strategy2.npz,12600–15100,—,SURVIVAL,FP
continuous_0515_S5_strategy2.npz,16585–20831,FAMILY,FAMILY,TP
continuous_0515_S5_strategy2.npz,20831–25110,FOOD,FOOD,TP
continuous_0516_S5_strategy2.npz,0–4899,GREETING,GREETING,TP
continuous_0516_S5_strategy2.npz,4899–9145,SURVIVAL,SURVIVAL,TP
continuous_0516_S5_strategy2.npz,7600–11400,—,NUMBER,FP
continuous_0516_S5_strategy2.npz,9145–13391,NUMBER,—,FN
continuous_0516_S5_strategy2.npz,13391–17604,DAYS,DAYS,TP
continuous_0516_S5_strategy2.npz,15233–19033,—,FOOD,FP
continuous_0516_S5_strategy2.npz,17604–21849,FOOD,—,FN
continuous_0516_S5_strategy2.npz,21849–26062,FAMILY,FAMILY,TP
continuous_0516_S5_strategy2.npz,22833–26633,—,CALENDAR,FP
continuous_0516_S5_strategy2.npz,26062–30341,CALENDAR,CALENDAR,TP
continuous_0517_S5_strategy2.npz,0–4245,DRINK,DRINK,TP
continuous_0517_S5_strategy2.npz,4245–8491,CALENDAR,CALENDAR,TP
continuous_0517_S5_strategy2.npz,8491–12737,FOOD,FOOD,TP
continuous_0517_S5_strategy2.npz,12737–17016,COLOR,COLOR,TP
continuous_0517_S5_strategy2.npz,17016–21295,SURVIVAL,SURVIVAL,TP
continuous_0518_S5_strategy2.npz,0–4246,FAMILY,FAMILY,TP
continuous_0518_S5_strategy2.npz,2133–4266,—,FAMILY,FP
continuous_0518_S5_strategy2.npz,4246–8492,CALENDAR,CALENDAR,TP
continuous_0518_S5_strategy2.npz,4266–6400,—,CALENDAR,FP
continuous_0518_S5_strategy2.npz,8492–12770,DRINK,DRINK,TP
continuous_0518_S5_strategy2.npz,12770–16603,SURVIVAL,SURVIVAL,TP
continuous_0518_S5_strategy2.npz,16603–21335,GREETING,GREETING,TP
continuous_0518_S5_strategy2.npz,17100–19233,—,SURVIVAL,FP
continuous_0519_S5_strategy2.npz,0–4246,DAYS,DAYS,TP
continuous_0519_S5_strategy2.npz,3133–6266,—,SURVIVAL,FP
continuous_0519_S5_strategy2.npz,4246–8492,SURVIVAL,—,FN
continuous_0519_S5_strategy2.npz,8492–12738,COLOR,COLOR,TP
continuous_0519_S5_strategy2.npz,12738–16937,FOOD,FOOD,TP
continuous_0519_S5_strategy2.npz,16937–21169,FAMILY,FAMILY,TP
continuous_0519_S5_strategy2.npz,21169–25101,GREETING,GREETING,TP
continuous_0520_S5_strategy2.npz,0–3995,RELATIONSHIPS,RELATIONSHIPS,TP
continuous_0520_S5_strategy2.npz,3995–8241,DAYS,DAYS,TP
continuous_0520_S5_strategy2.npz,8241–12487,FOOD,RELATIONSHIPS,TP
continuous_0520_S5_strategy2.npz,12487–16619,GREETING,GREETING,TP
continuous_0520_S5_strategy2.npz,16619–20865,FAMILY,FAMILY,TP
continuous_0520_S5_strategy2.npz,20865–25111,COLOR,COLOR,TP
continuous_0521_S5_strategy2.npz,0–4246,FAMILY,FAMILY,TP
continuous_0521_S5_strategy2.npz,2600–5233,—,COLOR,FP
continuous_0521_S5_strategy2.npz,4246–8459,DRINK,DRINK,TP
continuous_0521_S5_strategy2.npz,7833–10466,—,FOOD,FP
continuous_0521_S5_strategy2.npz,8459–12425,FOOD,—,FN
continuous_0521_S5_strategy2.npz,10466–13100,—,CALENDAR,FP
continuous_0521_S5_strategy2.npz,12425–16638,CALENDAR,CALENDAR,TP
continuous_0521_S5_strategy2.npz,15700–18333,—,CALENDAR,FP
continuous_0521_S5_strategy2.npz,16638–20883,COLOR,COLOR,TP
continuous_0522_S5_strategy2.npz,0–4165,COLOR,COLOR,TP
continuous_0522_S5_strategy2.npz,2066–4133,—,RELATIONSHIPS,FP
continuous_0522_S5_strategy2.npz,4165–8443,NUMBER,NUMBER,TP
continuous_0522_S5_strategy2.npz,6200–8266,—,NUMBER,FP
continuous_0522_S5_strategy2.npz,8266–10333,—,CALENDAR,FP
continuous_0522_S5_strategy2.npz,8443–12689,CALENDAR,CALENDAR,TP
continuous_0522_S5_strategy2.npz,12400–14466,—,CALENDAR,FP
continuous_0522_S5_strategy2.npz,12689–18321,GREETING,GREETING,TP
continuous_0522_S5_strategy2.npz,16533–18600,—,DAYS,FP
continuous_0522_S5_strategy2.npz,18321–22567,FAMILY,FAMILY,TP
continuous_0522_S5_strategy2.npz,22567–26812,RELATIONSHIPS,RELATIONSHIPS,TP
continuous_0522_S5_strategy2.npz,22733–24800,—,RELATIONSHIPS,FP
continuous_0523_S5_strategy2.npz,0–4532,GREETING,GREETING,TP
continuous_0523_S5_strategy2.npz,4532–8778,SURVIVAL,SURVIVAL,TP
continuous_0523_S5_strategy2.npz,8778–13024,FAMILY,FAMILY,TP
continuous_0523_S5_strategy2.npz,10766–14366,—,FOOD,FP
continuous_0523_S5_strategy2.npz,13024–17237,DRINK,DRINK,TP
continuous_0523_S5_strategy2.npz,17237–21483,FOOD,FOOD,TP
continuous_0524_S5_strategy2.npz,0–4246,SURVIVAL,SURVIVAL,TP
continuous_0524_S5_strategy2.npz,4246–8274,DAYS,DAYS,TP
continuous_0524_S5_strategy2.npz,8274–12520,NUMBER,NUMBER,TP
continuous_0524_S5_strategy2.npz,12520–16733,DRINK,DRINK,TP
continuous_0524_S5_strategy2.npz,14900–17900,—,DRINK,FP
continuous_0524_S5_strategy2.npz,16733–20979,FOOD,FOOD,TP
continuous_0524_S5_strategy2.npz,20979–25225,RELATIONSHIPS,RELATIONSHIPS,TP
continuous_0524_S5_strategy2.npz,25225–29724,GREETING,RELATIONSHIPS,TP
continuous_0525_S5_strategy2.npz,0–4246,SURVIVAL,SURVIVAL,TP
continuous_0525_S5_strategy2.npz,4246–8491,RELATIONSHIPS,RELATIONSHIPS,TP
continuous_0525_S5_strategy2.npz,8491–12770,CALENDAR,CALENDAR,TP
continuous_0525_S5_strategy2.npz,12770–17016,FAMILY,FAMILY,TP
continuous_0525_S5_strategy2.npz,17016–21262,COLOR,SURVIVAL,TP
continuous_0525_S5_strategy2.npz,21262–25508,NUMBER,NUMBER,TP
continuous_0526_S5_strategy2.npz,0–4246,COLOR,COLOR,TP
continuous_0526_S5_strategy2.npz,2366–4766,—,GREETING,FP
continuous_0526_S5_strategy2.npz,4246–8711,GREETING,—,FN
continuous_0526_S5_strategy2.npz,4766–7133,—,FOOD,FP
continuous_0526_S5_strategy2.npz,7133–9533,—,CALENDAR,FP
continuous_0526_S5_strategy2.npz,8711–13176,CALENDAR,—,FN
continuous_0526_S5_strategy2.npz,9533–11900,—,CALENDAR,FP
continuous_0526_S5_strategy2.npz,11900–14300,—,CALENDAR,FP
continuous_0526_S5_strategy2.npz,13176–17342,SURVIVAL,SURVIVAL,TP
continuous_0526_S5_strategy2.npz,16666–19066,—,FAMILY,FP
continuous_0526_S5_strategy2.npz,17342–21437,DAYS,DAYS,TP
continuous_0527_S5_strategy2.npz,0–4000,SURVIVAL,SURVIVAL,TP
continuous_0527_S5_strategy2.npz,4000–8246,FOOD,FOOD,TP
continuous_0527_S5_strategy2.npz,8246–12492,FAMILY,FAMILY,TP
continuous_0527_S5_strategy2.npz,10633–14166,—,GREETING,FP
continuous_0527_S5_strategy2.npz,12492–16258,GREETING,GREETING,TP
continuous_0527_S5_strategy2.npz,16258–20504,DAYS,DAYS,TP
continuous_0527_S5_strategy2.npz,20504–24750,DRINK,DRINK,TP
continuous_0528_S5_strategy2.npz,0–4332,GREETING,GREETING,TP
continuous_0528_S5_strategy2.npz,2833–5700,—,DAYS,FP
continuous_0528_S5_strategy2.npz,4332–8597,SURVIVAL,SURVIVAL,TP
continuous_0528_S5_strategy2.npz,8597–12842,FOOD,RELATIONSHIPS,TP
continuous_0528_S5_strategy2.npz,12842–17087,RELATIONSHIPS,RELATIONSHIPS,TP
continuous_0528_S5_strategy2.npz,17087–21366,NUMBER,NUMBER,TP
continuous_0528_S5_strategy2.npz,21366–25612,DRINK,DRINK,TP
continuous_0529_S5_strategy2.npz,0–4279,COLOR,COLOR,TP
continuous_0529_S5_strategy2.npz,4279–8525,SURVIVAL,SURVIVAL,TP
continuous_0529_S5_strategy2.npz,8525–12824,GREETING,GREETING,TP
continuous_0529_S5_strategy2.npz,12824–17023,FOOD,FOOD,TP
continuous_0529_S5_strategy2.npz,17023–21269,DAYS,DAYS,TP
continuous_0530_S5_strategy2.npz,0–4232,DRINK,DRINK,TP
continuous_0530_S5_strategy2.npz,4232–9164,RELATIONSHIPS,RELATIONSHIPS,TP
continuous_0530_S5_strategy2.npz,9164–13410,CALENDAR,CALENDAR,TP
continuous_0530_S5_strategy2.npz,12533–15666,—,CALENDAR,FP
continuous_0530_S5_strategy2.npz,13410–17656,FAMILY,FAMILY,TP
continuous_0530_S5_strategy2.npz,17656–21902,DAYS,DAYS,TP
continuous_0531_S5_strategy2.npz,0–4266,COLOR,COLOR,TP
continuous_0531_S5_strategy2.npz,4266–8531,GREETING,GREETING,TP
continuous_0531_S5_strategy2.npz,6333–9533,—,SURVIVAL,FP
continuous_0531_S5_strategy2.npz,8531–12744,SURVIVAL,SURVIVAL,TP
continuous_0531_S5_strategy2.npz,12744–16909,NUMBER,NUMBER,TP
continuous_0531_S5_strategy2.npz,15866–19066,—,SURVIVAL,FP
continuous_0531_S5_strategy2.npz,16909–21154,DRINK,DRINK,TP
continuous_0531_S5_strategy2.npz,21154–25400,DAYS,DAYS,TP
continuous_0532_S5_strategy2.npz,0–4246,RELATIONSHIPS,RELATIONSHIPS,TP
continuous_0532_S5_strategy2.npz,4246–8491,DAYS,DAYS,TP
continuous_0532_S5_strategy2.npz,8491–12737,SURVIVAL,SURVIVAL,TP
continuous_0532_S5_strategy2.npz,8933–11933,—,SURVIVAL,FP
continuous_0532_S5_strategy2.npz,12737–16983,FOOD,FOOD,TP
continuous_0532_S5_strategy2.npz,16983–21229,DRINK,—,FN
continuous_0532_S5_strategy2.npz,17900–20900,—,RELATIONSHIPS,FP
continuous_0532_S5_strategy2.npz,21229–25508,NUMBER,NUMBER,TP
continuous_0532_S5_strategy2.npz,25508–29720,CALENDAR,CALENDAR,TP
continuous_0533_S5_strategy2.npz,0–4246,RELATIONSHIPS,RELATIONSHIPS,TP
continuous_0533_S5_strategy2.npz,2400–4833,—,RELATIONSHIPS,FP
continuous_0533_S5_strategy2.npz,4246–8492,DRINK,DRINK,TP
continuous_0533_S5_strategy2.npz,7266–12100,—,COLOR,FP
continuous_0533_S5_strategy2.npz,8492–12992,SURVIVAL,SURVIVAL,TP
continuous_0533_S5_strategy2.npz,12992–17237,CALENDAR,CALENDAR,TP
continuous_0533_S5_strategy2.npz,17237–21736,GREETING,GREETING,TP
continuous_0534_S5_strategy2.npz,0–4246,SURVIVAL,SURVIVAL,TP
continuous_0534_S5_strategy2.npz,3166–6366,—,SURVIVAL,FP
continuous_0534_S5_strategy2.npz,4246–8492,DAYS,DAYS,TP
continuous_0534_S5_strategy2.npz,8492–12591,FOOD,SURVIVAL,TP
continuous_0534_S5_strategy2.npz,12591–16870,RELATIONSHIPS,RELATIONSHIPS,TP
continuous_0534_S5_strategy2.npz,16870–21116,FAMILY,FAMILY,TP
continuous_0534_S5_strategy2.npz,21116–25362,CALENDAR,CALENDAR,TP
continuous_0535_S5_strategy2.npz,0–4245,RELATIONSHIPS,RELATIONSHIPS,TP
continuous_0535_S5_strategy2.npz,2300–4600,—,SURVIVAL,FP
continuous_0535_S5_strategy2.npz,4245–8491,DRINK,DRINK,TP
continuous_0535_S5_strategy2.npz,6933–9233,—,COLOR,FP
continuous_0535_S5_strategy2.npz,8491–12737,COLOR,COLOR,TP
continuous_0535_S5_strategy2.npz,12737–16983,SURVIVAL,SURVIVAL,TP
continuous_0535_S5_strategy2.npz,16983–21196,DAYS,DAYS,TP
continuous_0535_S5_strategy2.npz,21196–25358,CALENDAR,CALENDAR,TP
continuous_0536_S5_strategy2.npz,0–4246,RELATIONSHIPS,RELATIONSHIPS,TP
continuous_0536_S5_strategy2.npz,4246–8492,DRINK,DRINK,TP
continuous_0536_S5_strategy2.npz,8492–12491,COLOR,COLOR,TP
continuous_0536_S5_strategy2.npz,12491–16284,CALENDAR,CALENDAR,TP
continuous_0536_S5_strategy2.npz,16200–18500,—,FOOD,FP
continuous_0536_S5_strategy2.npz,16284–20483,FOOD,FOOD,TP
continuous_0536_S5_strategy2.npz,20483–25415,GREETING,GREETING,TP
continuous_0537_S5_strategy2.npz,0–4397,CALENDAR,CALENDAR,TP
continuous_0537_S5_strategy2.npz,2333–4700,—,CALENDAR,FP
continuous_0537_S5_strategy2.npz,4397–8796,GREETING,GREETING,TP
continuous_0537_S5_strategy2.npz,7033–9400,—,COLOR,FP
continuous_0537_S5_strategy2.npz,8796–13042,NUMBER,NUMBER,TP
continuous_0537_S5_strategy2.npz,13042–17288,DRINK,DRINK,TP
continuous_0537_S5_strategy2.npz,17288–21534,FAMILY,FAMILY,TP
continuous_0537_S5_strategy2.npz,21534–25780,SURVIVAL,SURVIVAL,TP
continuous_0538_S5_strategy2.npz,0–4246,CALENDAR,CALENDAR,TP
continuous_0538_S5_strategy2.npz,2533–5066,—,CALENDAR,FP
continuous_0538_S5_strategy2.npz,4246–8312,FOOD,FOOD,TP
continuous_0538_S5_strategy2.npz,8312–12557,DRINK,DRINK,TP
continuous_0538_S5_strategy2.npz,10133–12700,—,NUMBER,FP
continuous_0538_S5_strategy2.npz,12557–16802,SURVIVAL,—,FN
continuous_0538_S5_strategy2.npz,12700–15233,—,GREETING,FP
continuous_0538_S5_strategy2.npz,16802–21048,DAYS,DAYS,TP
continuous_0538_S5_strategy2.npz,20300–22833,—,GREETING,FP
continuous_0538_S5_strategy2.npz,21048–25294,RELATIONSHIPS,RELATIONSHIPS,TP
continuous_0539_S5_strategy2.npz,0–4246,DAYS,DAYS,TP
continuous_0539_S5_strategy2.npz,3533–7100,—,SURVIVAL,FP
continuous_0539_S5_strategy2.npz,4246–8478,FOOD,FOOD,TP
continuous_0539_S5_strategy2.npz,8478–12724,DRINK,DRINK,TP
continuous_0539_S5_strategy2.npz,12724–16970,RELATIONSHIPS,RELATIONSHIPS,TP
continuous_0539_S5_strategy2.npz,16970–21216,NUMBER,NUMBER,TP
continuous_0540_S5_strategy2.npz,0–4279,CALENDAR,CALENDAR,TP
continuous_0540_S5_strategy2.npz,2700–5433,—,CALENDAR,FP
continuous_0540_S5_strategy2.npz,4279–8558,SURVIVAL,SURVIVAL,TP
continuous_0540_S5_strategy2.npz,8133–10866,—,DRINK,FP
continuous_0540_S5_strategy2.npz,8558–12804,NUMBER,NUMBER,TP
continuous_0540_S5_strategy2.npz,12804–17050,COLOR,COLOR,TP
continuous_0540_S5_strategy2.npz,17050–21263,DAYS,DAYS,TP
continuous_0540_S5_strategy2.npz,21263–25509,DRINK,DRINK,TP
continuous_0540_S5_strategy2.npz,21733–24433,—,NUMBER,FP
continuous_0540_S5_strategy2.npz,25509–29755,RELATIONSHIPS,RELATIONSHIPS,TP
continuous_0541_S5_strategy2.npz,0–4246,SURVIVAL,SURVIVAL,TP
continuous_0541_S5_strategy2.npz,2666–5333,—,RELATIONSHIPS,FP
continuous_0541_S5_strategy2.npz,4246–8492,RELATIONSHIPS,—,FN
continuous_0541_S5_strategy2.npz,5333–8000,—,RELATIONSHIPS,FP
continuous_0541_S5_strategy2.npz,8492–12738,NUMBER,NUMBER,TP
continuous_0541_S5_strategy2.npz,10666–13333,—,NUMBER,FP
continuous_0541_S5_strategy2.npz,12738–16984,CALENDAR,CALENDAR,TP
continuous_0541_S5_strategy2.npz,16984–21230,DRINK,DRINK,TP
continuous_0542_S5_strategy2.npz,0–4246,FOOD,FOOD,TP
continuous_0542_S5_strategy2.npz,3166–6366,—,COLOR,FP
continuous_0542_S5_strategy2.npz,4246–8492,COLOR,—,FN
continuous_0542_S5_strategy2.npz,6366–9566,—,GREETING,FP
continuous_0542_S5_strategy2.npz,8492–11791,GREETING,—,FN
continuous_0542_S5_strategy2.npz,9566–12766,—,NUMBER,FP
continuous_0542_S5_strategy2.npz,11791–16037,NUMBER,—,FN
continuous_0542_S5_strategy2.npz,16037–20132,CALENDAR,CALENDAR,TP
continuous_0542_S5_strategy2.npz,20132–24378,RELATIONSHIPS,RELATIONSHIPS,TP
continuous_0542_S5_strategy2.npz,22333–25533,—,RELATIONSHIPS,FP
continuous_0542_S5_strategy2.npz,24378–28624,DAYS,DAYS,TP
continuous_0543_S5_strategy2.npz,0–4212,RELATIONSHIPS,RELATIONSHIPS,TP
continuous_0543_S5_strategy2.npz,4212–8458,DAYS,DAYS,TP
continuous_0543_S5_strategy2.npz,6433–8566,—,NUMBER,FP
continuous_0543_S5_strategy2.npz,8458–13090,GREETING,GREETING,TP
continuous_0543_S5_strategy2.npz,12866–15000,—,FAMILY,FP
continuous_0543_S5_strategy2.npz,13090–17336,FAMILY,FAMILY,TP
continuous_0543_S5_strategy2.npz,17133–19300,—,RELATIONSHIPS,FP
continuous_0543_S5_strategy2.npz,17336–21401,DRINK,DRINK,TP
continuous_0543_S5_strategy2.npz,21401–25647,NUMBER,NUMBER,TP
continuous_0543_S5_strategy2.npz,21433–23566,—,SURVIVAL,FP
continuous_0544_S5_strategy2.npz,0–4099,COLOR,COLOR,TP
continuous_0544_S5_strategy2.npz,3000–6000,—,FOOD,FP
continuous_0544_S5_strategy2.npz,4099–8345,FOOD,FOOD,TP
continuous_0544_S5_strategy2.npz,8345–12591,FAMILY,NUMBER,TP
continuous_0544_S5_strategy2.npz,12033–15066,—,DAYS,FP
continuous_0544_S5_strategy2.npz,12591–16823,GREETING,GREETING,TP
continuous_0544_S5_strategy2.npz,16823–21068,DRINK,DRINK,TP
continuous_0545_S5_strategy2.npz,0–4297,CALENDAR,CALENDAR,TP
continuous_0545_S5_strategy2.npz,2666–5366,—,FOOD,FP
continuous_0545_S5_strategy2.npz,4297–8576,FOOD,—,FN
continuous_0545_S5_strategy2.npz,5366–8033,—,RELATIONSHIPS,FP
continuous_0545_S5_strategy2.npz,8576–12821,RELATIONSHIPS,RELATIONSHIPS,TP
continuous_0545_S5_strategy2.npz,10733–13400,—,RELATIONSHIPS,FP
continuous_0545_S5_strategy2.npz,12821–17100,NUMBER,NUMBER,TP
continuous_0545_S5_strategy2.npz,17100–21379,FAMILY,FAMILY,TP
continuous_0546_S5_strategy2.npz,0–4246,DAYS,DAYS,TP
continuous_0546_S5_strategy2.npz,2700–5400,—,CALENDAR,FP
continuous_0546_S5_strategy2.npz,4246–8576,CALENDAR,CALENDAR,TP
continuous_0546_S5_strategy2.npz,8576–12822,RELATIONSHIPS,RELATIONSHIPS,TP
continuous_0546_S5_strategy2.npz,10833–13533,—,RELATIONSHIPS,FP
continuous_0546_S5_strategy2.npz,12822–17021,NUMBER,NUMBER,TP
continuous_0546_S5_strategy2.npz,17021–21267,SURVIVAL,SURVIVAL,TP
continuous_0546_S5_strategy2.npz,21267–25513,COLOR,COLOR,TP
continuous_0546_S5_strategy2.npz,24400–27100,—,NUMBER,FP
continuous_0546_S5_strategy2.npz,25513–29726,DRINK,DRINK,TP
continuous_0547_S5_strategy2.npz,0–4246,SURVIVAL,SURVIVAL,TP
continuous_0547_S5_strategy2.npz,4246–8492,DRINK,DRINK,TP
continuous_0547_S5_strategy2.npz,8492–12657,GREETING,GREETING,TP
continuous_0547_S5_strategy2.npz,12657–16623,FAMILY,FAMILY,TP
continuous_0547_S5_strategy2.npz,16623–20869,FOOD,FOOD,TP
continuous_0548_S5_strategy2.npz,0–4246,RELATIONSHIPS,RELATIONSHIPS,TP
continuous_0548_S5_strategy2.npz,4246–8426,COLOR,COLOR,TP
continuous_0548_S5_strategy2.npz,8426–12672,DRINK,DRINK,TP
continuous_0548_S5_strategy2.npz,12672–16885,SURVIVAL,SURVIVAL,TP
continuous_0548_S5_strategy2.npz,16885–21130,DAYS,DAYS,TP
continuous_0549_S5_strategy2.npz,0–4279,FAMILY,FAMILY,TP
continuous_0549_S5_strategy2.npz,2566–5166,—,GREETING,FP
continuous_0549_S5_strategy2.npz,4279–8778,GREETING,—,FN
continuous_0549_S5_strategy2.npz,5166–7733,—,NUMBER,FP
continuous_0549_S5_strategy2.npz,7733–10333,—,NUMBER,FP
continuous_0549_S5_strategy2.npz,8778–13057,NUMBER,—,FN
continuous_0549_S5_strategy2.npz,10333–12933,—,CALENDAR,FP
continuous_0549_S5_strategy2.npz,12933–15500,—,CALENDAR,FP
continuous_0549_S5_strategy2.npz,13057–17269,CALENDAR,CALENDAR,TP
continuous_0549_S5_strategy2.npz,17269–21514,FOOD,FOOD,TP
continuous_0549_S5_strategy2.npz,18100–20666,—,CALENDAR,FP
continuous_0549_S5_strategy2.npz,21514–25760,DAYS,COLOR,TP
continuous_0550_S5_strategy2.npz,0–4279,COLOR,COLOR,TP
continuous_0550_S5_strategy2.npz,2300–4633,—,FAMILY,FP
continuous_0550_S5_strategy2.npz,4279–8525,FAMILY,FAMILY,TP
continuous_0550_S5_strategy2.npz,6966–9300,—,FAMILY,FP
continuous_0550_S5_strategy2.npz,8525–12770,DAYS,DAYS,TP
continuous_0550_S5_strategy2.npz,9300–11633,—,FOOD,FP
continuous_0550_S5_strategy2.npz,12770–17016,FOOD,FOOD,TP
continuous_0550_S5_strategy2.npz,16266–18600,—,CALENDAR,FP
continuous_0550_S5_strategy2.npz,17016–21248,GREETING,GREETING,TP
continuous_0550_S5_strategy2.npz,21248–25493,CALENDAR,CALENDAR,TP
continuous_0551_S5_strategy2.npz,0–4232,FAMILY,FAMILY,TP
continuous_0551_S5_strategy2.npz,2966–5933,—,COLOR,FP
continuous_0551_S5_strategy2.npz,4232–8478,COLOR,—,FN
continuous_0551_S5_strategy2.npz,5933–8933,—,FOOD,FP
continuous_0551_S5_strategy2.npz,8478–12777,GREETING,—,FN
continuous_0551_S5_strategy2.npz,8933–11900,—,DAYS,FP
continuous_0551_S5_strategy2.npz,11900–14900,—,NUMBER,FP
continuous_0551_S5_strategy2.npz,12777–16990,DAYS,—,FN
continuous_0551_S5_strategy2.npz,14900–17866,—,SURVIVAL,FP
continuous_0551_S5_strategy2.npz,16990–21236,SURVIVAL,—,FN
continuous_0551_S5_strategy2.npz,17866–20833,—,SURVIVAL,FP
continuous_0551_S5_strategy2.npz,21236–25449,CALENDAR,CALENDAR,TP
continuous_0551_S5_strategy2.npz,23833–26800,—,CALENDAR,FP
continuous_0551_S5_strategy2.npz,25449–29695,NUMBER,NUMBER,TP
continuous_0552_S5_strategy2.npz,0–4246,FOOD,FOOD,TP
continuous_0552_S5_strategy2.npz,4246–8491,RELATIONSHIPS,RELATIONSHIPS,TP
continuous_0552_S5_strategy2.npz,6366–8500,—,RELATIONSHIPS,FP
continuous_0552_S5_strategy2.npz,8491–12690,GREETING,GREETING,TP
continuous_0552_S5_strategy2.npz,12690–16936,CALENDAR,CALENDAR,TP
continuous_0552_S5_strategy2.npz,14900–17033,—,NUMBER,FP
continuous_0552_S5_strategy2.npz,16936–21214,COLOR,COLOR,TP
continuous_0552_S5_strategy2.npz,19166–23433,—,DRINK,FP
continuous_0552_S5_strategy2.npz,21214–25460,DAYS,DAYS,TP
continuous_0553_S5_strategy2.npz,0–4279,COLOR,COLOR,TP
continuous_0553_S5_strategy2.npz,4279–8525,DRINK,DRINK,TP
continuous_0553_S5_strategy2.npz,7700–10266,—,DAYS,FP
continuous_0553_S5_strategy2.npz,8525–12687,DAYS,—,FN
continuous_0553_S5_strategy2.npz,10266–12833,—,SURVIVAL,FP
continuous_0553_S5_strategy2.npz,12687–17186,GREETING,GREETING,TP
continuous_0553_S5_strategy2.npz,15400–23100,—,NUMBER,FP
continuous_0553_S5_strategy2.npz,17186–21418,FAMILY,—,FN
continuous_0553_S5_strategy2.npz,21418–25631,NUMBER,NUMBER,TP
continuous_0554_S5_strategy2.npz,0–4279,DAYS,DAYS,TP
continuous_0554_S5_strategy2.npz,2933–5900,—,CALENDAR,FP
continuous_0554_S5_strategy2.npz,4279–8492,CALENDAR,—,FN
continuous_0554_S5_strategy2.npz,5900–8833,—,FOOD,FP
continuous_0554_S5_strategy2.npz,8492–12738,FOOD,—,FN
continuous_0554_S5_strategy2.npz,8833–11800,—,SURVIVAL,FP
continuous_0554_S5_strategy2.npz,12738–16804,GREETING,GREETING,TP
continuous_0554_S5_strategy2.npz,14766–17700,—,NUMBER,FP
continuous_0554_S5_strategy2.npz,16804–21050,SURVIVAL,SURVIVAL,TP
continuous_0554_S5_strategy2.npz,21050–25296,DRINK,—,FN
continuous_0554_S5_strategy2.npz,23600–26566,—,DRINK,FP
continuous_0554_S5_strategy2.npz,25296–29428,FAMILY,FAMILY,TP
continuous_0555_S5_strategy2.npz,0–4279,SURVIVAL,SURVIVAL,TP
continuous_0555_S5_strategy2.npz,2733–5466,—,DRINK,FP
continuous_0555_S5_strategy2.npz,4279–7434,DAYS,—,FN
continuous_0555_S5_strategy2.npz,5466–8200,—,DRINK,FP
continuous_0555_S5_strategy2.npz,7434–11647,COLOR,COLOR,TP
continuous_0555_S5_strategy2.npz,11647–15892,DRINK,DRINK,TP
continuous_0555_S5_strategy2.npz,15892–20324,GREETING,GREETING,TP
continuous_0555_S5_strategy2.npz,20324–24570,RELATIONSHIPS,RELATIONSHIPS,TP
continuous_0556_S5_strategy2.npz,0–4246,RELATIONSHIPS,RELATIONSHIPS,TP
continuous_0556_S5_strategy2.npz,2766–5533,—,RELATIONSHIPS,FP
continuous_0556_S5_strategy2.npz,4246–8492,DAYS,DAYS,TP
continuous_0556_S5_strategy2.npz,8492–12324,GREETING,GREETING,TP
continuous_0556_S5_strategy2.npz,11066–13833,—,COLOR,FP
continuous_0556_S5_strategy2.npz,12324–16323,COLOR,—,FN
continuous_0556_S5_strategy2.npz,13833–16600,—,CALENDAR,FP
continuous_0556_S5_strategy2.npz,16323–20569,CALENDAR,CALENDAR,TP
continuous_0556_S5_strategy2.npz,20569–24815,NUMBER,NUMBER,TP
continuous_0557_S5_strategy2.npz,0–4279,FAMILY,FAMILY,TP
continuous_0557_S5_strategy2.npz,4279–8525,SURVIVAL,SURVIVAL,TP
continuous_0557_S5_strategy2.npz,8525–12771,RELATIONSHIPS,RELATIONSHIPS,TP
continuous_0557_S5_strategy2.npz,12771–17017,CALENDAR,CALENDAR,TP
continuous_0557_S5_strategy2.npz,17017–21230,COLOR,—,FN
continuous_0557_S5_strategy2.npz,19200–22400,—,COLOR,FP
continuous_0557_S5_strategy2.npz,21230–25476,DRINK,DRINK,TP
continuous_0558_S5_strategy2.npz,0–4245,NUMBER,NUMBER,TP
continuous_0558_S5_strategy2.npz,2666–5366,—,GREETING,FP
continuous_0558_S5_strategy2.npz,4245–8744,GREETING,—,FN
continuous_0558_S5_strategy2.npz,5366–8066,—,FAMILY,FP
continuous_0558_S5_strategy2.npz,8744–12990,RELATIONSHIPS,RELATIONSHIPS,TP
continuous_0558_S5_strategy2.npz,12990–17253,CALENDAR,CALENDAR,TP
continuous_0558_S5_strategy2.npz,17253–21498,COLOR,COLOR,TP
continuous_0559_S5_strategy2.npz,0–4246,CALENDAR,CALENDAR,TP
continuous_0559_S5_strategy2.npz,4246–8525,FOOD,FOOD,TP
continuous_0559_S5_strategy2.npz,8525–12590,COLOR,COLOR,TP
continuous_0559_S5_strategy2.npz,12590–16869,SURVIVAL,SURVIVAL,TP
continuous_0559_S5_strategy2.npz,14566–18200,—,DRINK,FP
continuous_0559_S5_strategy2.npz,16869–21147,DAYS,DAYS,TP
continuous_0559_S5_strategy2.npz,21147–25393,RELATIONSHIPS,RELATIONSHIPS,TP
continuous_0560_S5_strategy2.npz,0–4246,RELATIONSHIPS,RELATIONSHIPS,TP
continuous_0560_S5_strategy2.npz,2800–5600,—,CALENDAR,FP
continuous_0560_S5_strategy2.npz,4246–8946,CALENDAR,—,FN
continuous_0560_S5_strategy2.npz,5600–8400,—,SURVIVAL,FP
continuous_0560_S5_strategy2.npz,8400–14000,—,GREETING,FP
continuous_0560_S5_strategy2.npz,8946–13192,SURVIVAL,—,FN
continuous_0560_S5_strategy2.npz,13192–17457,GREETING,—,FN
continuous_0560_S5_strategy2.npz,14000–16833,—,DAYS,FP
continuous_0560_S5_strategy2.npz,16833–19633,—,NUMBER,FP
continuous_0560_S5_strategy2.npz,17457–25278,DAYS,—,FN
continuous_0560_S5_strategy2.npz,19633–25233,—,RELATIONSHIPS,FP
continuous_0560_S5_strategy2.npz,25278–29477,NUMBER,NUMBER,TP
continuous_0560_S5_strategy2.npz,28033–30833,—,NUMBER,FP
continuous_0560_S5_strategy2.npz,29477–33723,FAMILY,FAMILY,TP
continuous_0561_S5_strategy2.npz,0–4246,DRINK,DRINK,TP
continuous_0561_S5_strategy2.npz,2500–5033,—,DRINK,FP
continuous_0561_S5_strategy2.npz,4246–8492,COLOR,COLOR,TP
continuous_0561_S5_strategy2.npz,7533–10066,—,COLOR,FP
continuous_0561_S5_strategy2.npz,8492–12792,SURVIVAL,—,FN
continuous_0561_S5_strategy2.npz,10066–12600,—,CALENDAR,FP
continuous_0561_S5_strategy2.npz,12792–16988,CALENDAR,CALENDAR,TP
continuous_0561_S5_strategy2.npz,16988–21150,RELATIONSHIPS,RELATIONSHIPS,TP
continuous_0561_S5_strategy2.npz,21150–25149,FAMILY,FAMILY,TP
continuous_0562_S5_strategy2.npz,0–4265,DRINK,DRINK,TP
continuous_0562_S5_strategy2.npz,4265–8544,RELATIONSHIPS,RELATIONSHIPS,TP
continuous_0562_S5_strategy2.npz,8544–12776,GREETING,GREETING,TP
continuous_0562_S5_strategy2.npz,12776–17022,SURVIVAL,SURVIVAL,TP
continuous_0562_S5_strategy2.npz,15233–18266,—,GREETING,FP
continuous_0562_S5_strategy2.npz,17022–21268,DAYS,DAYS,TP
continuous_0563_S5_strategy2.npz,0–4246,FAMILY,FAMILY,TP
continuous_0563_S5_strategy2.npz,2833–5666,—,DAYS,FP
continuous_0563_S5_strategy2.npz,4246–8241,DAYS,—,FN
continuous_0563_S5_strategy2.npz,5666–8500,—,FOOD,FP
continuous_0563_S5_strategy2.npz,8241–12487,FOOD,FOOD,TP
continuous_0563_S5_strategy2.npz,12487–16733,CALENDAR,CALENDAR,TP
continuous_0563_S5_strategy2.npz,16733–21232,GREETING,GREETING,TP
continuous_0563_S5_strategy2.npz,21232–25478,COLOR,COLOR,TP
continuous_0564_S5_strategy2.npz,0–4245,FAMILY,FAMILY,TP
continuous_0564_S5_strategy2.npz,2333–4700,—,FAMILY,FP
continuous_0564_S5_strategy2.npz,4245–8491,RELATIONSHIPS,RELATIONSHIPS,TP
continuous_0564_S5_strategy2.npz,7033–9400,—,FOOD,FP
continuous_0564_S5_strategy2.npz,8491–12737,DRINK,DRINK,TP
continuous_0564_S5_strategy2.npz,12737–17002,NUMBER,NUMBER,TP
continuous_0564_S5_strategy2.npz,17002–21101,COLOR,—,FN
continuous_0564_S5_strategy2.npz,18800–21166,—,COLOR,FP
continuous_0565_S5_strategy2.npz,0–4246,COLOR,COLOR,TP
continuous_0565_S5_strategy2.npz,4246–8492,NUMBER,NUMBER,TP
continuous_0565_S5_strategy2.npz,8492–12738,DAYS,DAYS,TP
continuous_0565_S5_strategy2.npz,12738–17017,CALENDAR,CALENDAR,TP
continuous_0565_S5_strategy2.npz,17017–21017,SURVIVAL,SURVIVAL,TP
continuous_0565_S5_strategy2.npz,21017–25263,FAMILY,SURVIVAL,TP
continuous_0566_S5_strategy2.npz,0–4246,COLOR,COLOR,TP
continuous_0566_S5_strategy2.npz,4246–8492,DRINK,DRINK,TP
continuous_0566_S5_strategy2.npz,6633–9933,—,RELATIONSHIPS,FP
continuous_0566_S5_strategy2.npz,8492–13757,GREETING,GREETING,TP
continuous_0566_S5_strategy2.npz,13757–17956,NUMBER,NUMBER,TP
continuous_0566_S5_strategy2.npz,17956–22202,RELATIONSHIPS,RELATIONSHIPS,TP
continuous_0566_S5_strategy2.npz,22202–26468,FOOD,FOOD,TP
continuous_0567_S5_strategy2.npz,0–4246,CALENDAR,CALENDAR,TP
continuous_0567_S5_strategy2.npz,4246–8491,FAMILY,FAMILY,TP
continuous_0567_S5_strategy2.npz,6433–8600,—,FAMILY,FP
continuous_0567_S5_strategy2.npz,8491–12737,NUMBER,NUMBER,TP
continuous_0567_S5_strategy2.npz,8600–10733,—,RELATIONSHIPS,FP
continuous_0567_S5_strategy2.npz,12737–17136,RELATIONSHIPS,RELATIONSHIPS,TP
continuous_0567_S5_strategy2.npz,17136–21415,DRINK,DRINK,TP
continuous_0568_S5_strategy2.npz,0–4246,SURVIVAL,SURVIVAL,TP
continuous_0568_S5_strategy2.npz,4246–8492,COLOR,COLOR,TP
continuous_0568_S5_strategy2.npz,7633–10166,—,FAMILY,FP
continuous_0568_S5_strategy2.npz,8492–11924,FAMILY,—,FN
continuous_0568_S5_strategy2.npz,10166–12700,—,COLOR,FP
continuous_0568_S5_strategy2.npz,11924–16123,NUMBER,NUMBER,TP
continuous_0568_S5_strategy2.npz,15266–17800,—,NUMBER,FP
continuous_0568_S5_strategy2.npz,16123–20322,DRINK,DRINK,TP
continuous_0569_S5_strategy2.npz,0–4246,DAYS,DAYS,TP
continuous_0569_S5_strategy2.npz,4246–8346,DRINK,DRINK,TP
continuous_0569_S5_strategy2.npz,8346–12546,SURVIVAL,SURVIVAL,TP
continuous_0569_S5_strategy2.npz,12546–16792,COLOR,COLOR,TP
continuous_0569_S5_strategy2.npz,16792–21324,GREETING,GREETING,TP
continuous_0569_S5_strategy2.npz,21324–25603,CALENDAR,CALENDAR,TP
continuous_0569_S5_strategy2.npz,25603–29816,FOOD,FOOD,TP
continuous_0570_S5_strategy2.npz,0–4032,COLOR,COLOR,TP
continuous_0570_S5_strategy2.npz,2533–5100,—,COLOR,FP
continuous_0570_S5_strategy2.npz,4032–8311,CALENDAR,CALENDAR,TP
continuous_0570_S5_strategy2.npz,8311–12556,RELATIONSHIPS,RELATIONSHIPS,TP
continuous_0570_S5_strategy2.npz,12556–16921,GREETING,GREETING,TP
continuous_0570_S5_strategy2.npz,12733–15300,—,DRINK,FP
continuous_0570_S5_strategy2.npz,16921–21167,DRINK,DRINK,TP
continuous_0570_S5_strategy2.npz,17833–20400,—,DRINK,FP
continuous_0570_S5_strategy2.npz,21167–25413,FAMILY,FAMILY,TP
continuous_0571_S5_strategy2.npz,0–4246,DRINK,DRINK,TP
continuous_0571_S5_strategy2.npz,4246–8379,SURVIVAL,SURVIVAL,TP
continuous_0571_S5_strategy2.npz,8379–12411,NUMBER,NUMBER,TP
continuous_0571_S5_strategy2.npz,12411–16543,FAMILY,FAMILY,TP
continuous_0571_S5_strategy2.npz,16543–20789,CALENDAR,CALENDAR,TP
continuous_0571_S5_strategy2.npz,20433–23366,—,RELATIONSHIPS,FP
continuous_0571_S5_strategy2.npz,20789–24884,RELATIONSHIPS,RELATIONSHIPS,TP
continuous_0571_S5_strategy2.npz,24884–29163,COLOR,COLOR,TP
continuous_0572_S5_strategy2.npz,0–4246,DAYS,DAYS,TP
continuous_0572_S5_strategy2.npz,2666–5333,—,FOOD,FP
continuous_0572_S5_strategy2.npz,4246–8492,FOOD,FOOD,TP
continuous_0572_S5_strategy2.npz,8492–12738,CALENDAR,CALENDAR,TP
continuous_0572_S5_strategy2.npz,10666–13333,—,DRINK,FP
continuous_0572_S5_strategy2.npz,12738–16984,SURVIVAL,SURVIVAL,TP
continuous_0572_S5_strategy2.npz,16000–18666,—,DAYS,FP
continuous_0572_S5_strategy2.npz,16984–21230,COLOR,COLOR,TP
continuous_0573_S5_strategy2.npz,0–4279,CALENDAR,CALENDAR,TP
continuous_0573_S5_strategy2.npz,2933–5866,—,FAMILY,FP
continuous_0573_S5_strategy2.npz,4279–8491,FAMILY,—,FN
continuous_0573_S5_strategy2.npz,8491–12737,RELATIONSHIPS,RELATIONSHIPS,TP
continuous_0573_S5_strategy2.npz,11766–14733,—,GREETING,FP
continuous_0573_S5_strategy2.npz,12737–17902,GREETING,—,FN
continuous_0573_S5_strategy2.npz,14733–17666,—,GREETING,FP
continuous_0573_S5_strategy2.npz,17902–22148,SURVIVAL,SURVIVAL,TP
continuous_0573_S5_strategy2.npz,22148–26427,DRINK,DRINK,TP
continuous_0574_S5_strategy2.npz,0–4213,DRINK,DRINK,TP
continuous_0574_S5_strategy2.npz,3066–6133,—,DRINK,FP
continuous_0574_S5_strategy2.npz,4213–8492,FOOD,FOOD,TP
continuous_0574_S5_strategy2.npz,8492–12737,CALENDAR,CALENDAR,TP
continuous_0574_S5_strategy2.npz,9200–12266,—,SURVIVAL,FP
continuous_0574_S5_strategy2.npz,12737–16983,COLOR,COLOR,TP
continuous_0574_S5_strategy2.npz,16983–21382,GREETING,GREETING,TP
continuous_0575_S5_strategy2.npz,0–4065,FAMILY,FAMILY,TP
continuous_0575_S5_strategy2.npz,4065–8310,DRINK,DRINK,TP
continuous_0575_S5_strategy2.npz,8310–12523,FOOD,CALENDAR,TP
continuous_0575_S5_strategy2.npz,12523–16769,NUMBER,NUMBER,TP
continuous_0575_S5_strategy2.npz,16769–21168,GREETING,GREETING,TP
continuous_0576_S5_strategy2.npz,0–4243,DAYS,DAYS,TP
continuous_0576_S5_strategy2.npz,4243–8509,GREETING,—,FN
continuous_0576_S5_strategy2.npz,5866–8833,—,GREETING,FP
continuous_0576_S5_strategy2.npz,8509–12755,NUMBER,NUMBER,TP
continuous_0576_S5_strategy2.npz,8833–11766,—,GREETING,FP
continuous_0576_S5_strategy2.npz,12755–16821,FAMILY,FAMILY,TP
continuous_0576_S5_strategy2.npz,16821–21067,COLOR,COLOR,TP
continuous_0576_S5_strategy2.npz,20600–23566,—,DRINK,FP
continuous_0576_S5_strategy2.npz,21067–25313,SURVIVAL,SURVIVAL,TP
continuous_0576_S5_strategy2.npz,25313–29559,FOOD,FOOD,TP
continuous_0577_S5_strategy2.npz,0–4279,CALENDAR,CALENDAR,TP
continuous_0577_S5_strategy2.npz,4279–8525,FAMILY,FAMILY,TP
continuous_0577_S5_strategy2.npz,6500–9766,—,RELATIONSHIPS,FP
continuous_0577_S5_strategy2.npz,8525–12804,RELATIONSHIPS,—,FN
continuous_0577_S5_strategy2.npz,9766–13033,—,FAMILY,FP
continuous_0577_S5_strategy2.npz,12804–17083,SURVIVAL,SURVIVAL,TP
continuous_0577_S5_strategy2.npz,17083–21748,GREETING,GREETING,TP
continuous_0577_S5_strategy2.npz,21748–25994,DRINK,DRINK,TP
continuous_0578_S5_strategy2.npz,0–4245,FAMILY,FAMILY,TP
continuous_0578_S5_strategy2.npz,2533–5066,—,RELATIONSHIPS,FP
continuous_0578_S5_strategy2.npz,4245–8491,SURVIVAL,SURVIVAL,TP
continuous_0578_S5_strategy2.npz,7600–10166,—,DRINK,FP
continuous_0578_S5_strategy2.npz,8491–12737,DRINK,—,FN
continuous_0578_S5_strategy2.npz,10166–12700,—,DRINK,FP
continuous_0578_S5_strategy2.npz,12737–16936,NUMBER,NUMBER,TP
continuous_0578_S5_strategy2.npz,16936–21102,GREETING,GREETING,TP
continuous_0578_S5_strategy2.npz,20333–22866,—,FOOD,FP
continuous_0578_S5_strategy2.npz,21102–25348,RELATIONSHIPS,RELATIONSHIPS,TP
continuous_0579_S5_strategy2.npz,0–4245,DAYS,DAYS,TP
continuous_0579_S5_strategy2.npz,2366–4733,—,DAYS,FP
continuous_0579_S5_strategy2.npz,4245–9077,GREETING,GREETING,TP
continuous_0579_S5_strategy2.npz,9077–13323,FAMILY,FAMILY,TP
continuous_0579_S5_strategy2.npz,13323–17568,DRINK,DRINK,TP
continuous_0579_S5_strategy2.npz,17568–21847,RELATIONSHIPS,COLOR,TP
continuous_0579_S5_strategy2.npz,21433–23800,—,DRINK,FP
continuous_0579_S5_strategy2.npz,21847–26093,COLOR,COLOR,TP
continuous_0580_S5_strategy2.npz,0–3966,DRINK,DRINK,TP
continuous_0580_S5_strategy2.npz,3966–8212,NUMBER,NUMBER,TP
continuous_0580_S5_strategy2.npz,8212–12611,GREETING,GREETING,TP
continuous_0580_S5_strategy2.npz,12611–16857,CALENDAR,CALENDAR,TP
continuous_0580_S5_strategy2.npz,16857–20857,SURVIVAL,SURVIVAL,TP
continuous_0580_S5_strategy2.npz,20857–25103,COLOR,COLOR,TP
continuous_0580_S5_strategy2.npz,25103–29316,FAMILY,DRINK,TP
continuous_0581_S5_strategy2.npz,0–4246,DAYS,DAYS,TP
continuous_0581_S5_strategy2.npz,2466–4933,—,NUMBER,FP
continuous_0581_S5_strategy2.npz,4246–8491,SURVIVAL,SURVIVAL,TP
continuous_0581_S5_strategy2.npz,7433–9900,—,NUMBER,FP
continuous_0581_S5_strategy2.npz,8491–12769,FAMILY,—,FN
continuous_0581_S5_strategy2.npz,9900–12400,—,DRINK,FP
continuous_0581_S5_strategy2.npz,12769–16797,RELATIONSHIPS,RELATIONSHIPS,TP
continuous_0581_S5_strategy2.npz,16797–21162,GREETING,GREETING,TP
continuous_0581_S5_strategy2.npz,21162–25408,NUMBER,NUMBER,TP
continuous_0581_S5_strategy2.npz,24800–27266,—,CALENDAR,FP
continuous_0581_S5_strategy2.npz,25408–29654,CALENDAR,CALENDAR,TP
continuous_0582_S5_strategy2.npz,0–4246,FAMILY,FAMILY,TP
continuous_0582_S5_strategy2.npz,2666–5333,—,RELATIONSHIPS,FP
continuous_0582_S5_strategy2.npz,4246–8524,DAYS,DAYS,TP
continuous_0582_S5_strategy2.npz,8524–12770,NUMBER,NUMBER,TP
continuous_0582_S5_strategy2.npz,12770–17048,SURVIVAL,SURVIVAL,TP
continuous_0582_S5_strategy2.npz,17048–21294,CALENDAR,CALENDAR,TP
continuous_0583_S5_strategy2.npz,0–4432,GREETING,GREETING,TP
continuous_0583_S5_strategy2.npz,2466–7433,—,GREETING,FP
continuous_0583_S5_strategy2.npz,4432–8711,FAMILY,FAMILY,TP
continuous_0583_S5_strategy2.npz,8711–12710,COLOR,—,FN
continuous_0583_S5_strategy2.npz,9933–12400,—,DAYS,FP
continuous_0583_S5_strategy2.npz,12400–17400,—,COLOR,FP
continuous_0583_S5_strategy2.npz,12710–16956,DAYS,—,FN
continuous_0583_S5_strategy2.npz,16956–21202,CALENDAR,CALENDAR,TP
continuous_0583_S5_strategy2.npz,17400–19866,—,DAYS,FP
continuous_0583_S5_strategy2.npz,21202–25481,FOOD,FOOD,TP
continuous_0583_S5_strategy2.npz,22366–24833,—,CALENDAR,FP
continuous_0583_S5_strategy2.npz,25481–29727,SURVIVAL,SURVIVAL,TP
continuous_0584_S5_strategy2.npz,0–4466,GREETING,GREETING,TP
continuous_0584_S5_strategy2.npz,3200–6400,—,GREETING,FP
continuous_0584_S5_strategy2.npz,4466–8745,DAYS,DAYS,TP
continuous_0584_S5_strategy2.npz,8745–12845,SURVIVAL,—,FN
continuous_0584_S5_strategy2.npz,12833–16033,—,SURVIVAL,FP
continuous_0584_S5_strategy2.npz,12845–17091,CALENDAR,CALENDAR,TP
continuous_0584_S5_strategy2.npz,17091–21337,FOOD,FOOD,TP
continuous_0584_S5_strategy2.npz,21337–25636,RELATIONSHIPS,RELATIONSHIPS,TP
continuous_0585_S5_strategy2.npz,0–4279,DAYS,DAYS,TP
continuous_0585_S5_strategy2.npz,4279–8744,GREETING,SURVIVAL,TP
continuous_0585_S5_strategy2.npz,8744–13022,CALENDAR,CALENDAR,TP
continuous_0585_S5_strategy2.npz,11500–14366,—,COLOR,FP
continuous_0585_S5_strategy2.npz,13022–17268,COLOR,—,FN
continuous_0585_S5_strategy2.npz,14366–17266,—,SURVIVAL,FP
continuous_0585_S5_strategy2.npz,17268–21568,SURVIVAL,SURVIVAL,TP
continuous_0585_S5_strategy2.npz,21568–25814,RELATIONSHIPS,RELATIONSHIPS,TP
continuous_0586_S5_strategy2.npz,0–4213,DRINK,DRINK,TP
continuous_0586_S5_strategy2.npz,4213–8679,RELATIONSHIPS,RELATIONSHIPS,TP
continuous_0586_S5_strategy2.npz,6633–9933,—,COLOR,FP
continuous_0586_S5_strategy2.npz,8679–12958,CALENDAR,—,FN
continuous_0586_S5_strategy2.npz,9933–13266,—,CALENDAR,FP
continuous_0586_S5_strategy2.npz,12958–17423,GREETING,GREETING,TP
continuous_0586_S5_strategy2.npz,13266–16566,—,COLOR,FP
continuous_0586_S5_strategy2.npz,17423–21669,NUMBER,NUMBER,TP
continuous_0586_S5_strategy2.npz,21669–25635,SURVIVAL,SURVIVAL,TP
continuous_0586_S5_strategy2.npz,25635–29800,FAMILY,FAMILY,TP
continuous_0587_S5_strategy2.npz,0–4246,DAYS,DAYS,TP
continuous_0587_S5_strategy2.npz,4246–8492,NUMBER,NUMBER,TP
continuous_0587_S5_strategy2.npz,6600–9933,—,FAMILY,FP
continuous_0587_S5_strategy2.npz,8492–12738,FAMILY,—,FN
continuous_0587_S5_strategy2.npz,9933–13233,—,GREETING,FP
continuous_0587_S5_strategy2.npz,12738–17137,GREETING,—,FN
continuous_0587_S5_strategy2.npz,13233–16533,—,CALENDAR,FP
continuous_0587_S5_strategy2.npz,17137–21383,CALENDAR,CALENDAR,TP
continuous_0587_S5_strategy2.npz,21383–25629,COLOR,COLOR,TP
continuous_0587_S5_strategy2.npz,25629–29694,DRINK,DRINK,TP
continuous_0588_S5_strategy2.npz,0–4279,COLOR,COLOR,TP
continuous_0588_S5_strategy2.npz,2433–4900,—,DAYS,FP
continuous_0588_S5_strategy2.npz,4279–8525,SURVIVAL,SURVIVAL,TP
continuous_0588_S5_strategy2.npz,7366–9833,—,FAMILY,FP
continuous_0588_S5_strategy2.npz,8525–12770,FAMILY,—,FN
continuous_0588_S5_strategy2.npz,9833–14733,—,DRINK,FP
continuous_0588_S5_strategy2.npz,12770–16835,DRINK,—,FN
continuous_0588_S5_strategy2.npz,14733–17200,—,CALENDAR,FP
continuous_0588_S5_strategy2.npz,16835–21081,CALENDAR,CALENDAR,TP
continuous_0588_S5_strategy2.npz,19666–22100,—,DRINK,FP
continuous_0588_S5_strategy2.npz,21081–25213,NUMBER,NUMBER,TP
continuous_0588_S5_strategy2.npz,24566–27033,—,RELATIONSHIPS,FP
continuous_0588_S5_strategy2.npz,25213–29478,GREETING,GREETING,TP
continuous_0589_S5_strategy2.npz,0–3933,DRINK,DRINK,TP
continuous_0589_S5_strategy2.npz,3933–9165,GREETING,GREETING,TP
continuous_0589_S5_strategy2.npz,9165–13264,FAMILY,FAMILY,TP
continuous_0589_S5_strategy2.npz,11833–14200,—,COLOR,FP
continuous_0589_S5_strategy2.npz,13264–17510,COLOR,—,FN
continuous_0589_S5_strategy2.npz,14200–18933,—,CALENDAR,FP
continuous_0589_S5_strategy2.npz,17510–21756,CALENDAR,CALENDAR,TP
continuous_0589_S5_strategy2.npz,21756–26002,SURVIVAL,SURVIVAL,TP
continuous_0590_S5_strategy2.npz,0–4246,NUMBER,NUMBER,TP
continuous_0590_S5_strategy2.npz,4246–8492,SURVIVAL,SURVIVAL,TP
continuous_0590_S5_strategy2.npz,8492–12738,COLOR,COLOR,TP
continuous_0590_S5_strategy2.npz,10666–13333,—,CALENDAR,FP
continuous_0590_S5_strategy2.npz,12738–16983,CALENDAR,—,FN
continuous_0590_S5_strategy2.npz,13333–18666,—,RELATIONSHIPS,FP
continuous_0590_S5_strategy2.npz,16983–21229,FAMILY,FAMILY,TP
continuous_0591_S5_strategy2.npz,0–4246,RELATIONSHIPS,RELATIONSHIPS,TP
continuous_0591_S5_strategy2.npz,4246–8525,NUMBER,NUMBER,TP
continuous_0591_S5_strategy2.npz,8525–12771,CALENDAR,CALENDAR,TP
continuous_0591_S5_strategy2.npz,10233–12800,—,GREETING,FP
continuous_0591_S5_strategy2.npz,12771–17036,FOOD,FOOD,TP
continuous_0591_S5_strategy2.npz,15366–17933,—,COLOR,FP
continuous_0591_S5_strategy2.npz,17036–21282,SURVIVAL,SURVIVAL,TP
continuous_0591_S5_strategy2.npz,20500–23066,—,GREETING,FP
continuous_0591_S5_strategy2.npz,21282–25528,COLOR,COLOR,TP
continuous_0592_S5_strategy2.npz,0–4246,DRINK,DRINK,TP
continuous_0592_S5_strategy2.npz,4246–8458,CALENDAR,CALENDAR,TP
continuous_0592_S5_strategy2.npz,8458–12704,DAYS,DAYS,TP
continuous_0592_S5_strategy2.npz,12633–15166,—,SURVIVAL,FP
continuous_0592_S5_strategy2.npz,12704–17469,GREETING,GREETING,TP
continuous_0592_S5_strategy2.npz,17469–21715,COLOR,DRINK,TP
continuous_0592_S5_strategy2.npz,20200–22733,—,NUMBER,FP
continuous_0592_S5_strategy2.npz,21715–25961,NUMBER,NUMBER,TP
continuous_0592_S5_strategy2.npz,25266–27800,—,DAYS,FP
continuous_0592_S5_strategy2.npz,25961–30207,FAMILY,FAMILY,TP
continuous_0593_S5_strategy2.npz,0–4246,NUMBER,NUMBER,TP
continuous_0593_S5_strategy2.npz,4246–8408,RELATIONSHIPS,RELATIONSHIPS,TP
continuous_0593_S5_strategy2.npz,8408–12654,FOOD,FOOD,TP
continuous_0593_S5_strategy2.npz,12654–16900,CALENDAR,CALENDAR,TP
continuous_0593_S5_strategy2.npz,16900–21178,COLOR,COLOR,TP
continuous_0594_S5_strategy2.npz,0–4245,RELATIONSHIPS,RELATIONSHIPS,TP
continuous_0594_S5_strategy2.npz,2666–5333,—,FOOD,FP
continuous_0594_S5_strategy2.npz,4245–7977,GREETING,GREETING,TP
continuous_0594_S5_strategy2.npz,7977–12209,DRINK,DRINK,TP
continuous_0594_S5_strategy2.npz,12209–16488,DAYS,DAYS,TP
continuous_0594_S5_strategy2.npz,13333–16000,—,DRINK,FP
continuous_0594_S5_strategy2.npz,16488–20734,FOOD,FOOD,TP
continuous_0594_S5_strategy2.npz,20734–24980,CALENDAR,CALENDAR,TP
continuous_0594_S5_strategy2.npz,24980–29226,COLOR,COLOR,TP
continuous_0595_S5_strategy2.npz,0–4246,DAYS,DAYS,TP
continuous_0595_S5_strategy2.npz,4246–8492,COLOR,COLOR,TP
continuous_0595_S5_strategy2.npz,8492–13091,GREETING,GREETING,TP
continuous_0595_S5_strategy2.npz,8633–11500,—,COLOR,FP
continuous_0595_S5_strategy2.npz,13091–17337,SURVIVAL,—,FN
continuous_0595_S5_strategy2.npz,17266–20166,—,SURVIVAL,FP
continuous_0595_S5_strategy2.npz,17337–21582,FOOD,FOOD,TP
continuous_0595_S5_strategy2.npz,21582–25827,CALENDAR,—,FN
continuous_0595_S5_strategy2.npz,23033–25933,—,CALENDAR,FP
continuous_0596_S5_strategy2.npz,0–4246,FAMILY,FAMILY,TP
continuous_0596_S5_strategy2.npz,2900–5833,—,FAMILY,FP
continuous_0596_S5_strategy2.npz,4246–8178,COLOR,COLOR,TP
continuous_0596_S5_strategy2.npz,8178–12178,GREETING,GREETING,TP
continuous_0596_S5_strategy2.npz,11700–14633,—,DAYS,FP
continuous_0596_S5_strategy2.npz,12178–16424,SURVIVAL,SURVIVAL,TP
continuous_0596_S5_strategy2.npz,16424–20670,DRINK,DRINK,TP
continuous_0596_S5_strategy2.npz,20670–24916,NUMBER,NUMBER,TP
continuous_0596_S5_strategy2.npz,24916–29162,CALENDAR,—,FN
continuous_0596_S5_strategy2.npz,26333–29266,—,CALENDAR,FP
continuous_0597_S5_strategy2.npz,0–4246,COLOR,COLOR,TP
continuous_0597_S5_strategy2.npz,2366–4733,—,FAMILY,FP
continuous_0597_S5_strategy2.npz,4246–8492,FAMILY,—,FN
continuous_0597_S5_strategy2.npz,4733–7100,—,NUMBER,FP
continuous_0597_S5_strategy2.npz,8492–12738,NUMBER,NUMBER,TP
continuous_0597_S5_strategy2.npz,12738–17017,CALENDAR,CALENDAR,TP
continuous_0597_S5_strategy2.npz,16600–18966,—,COLOR,FP
continuous_0597_S5_strategy2.npz,17017–21262,RELATIONSHIPS,RELATIONSHIPS,TP
continuous_0598_S5_strategy2.npz,0–4246,DAYS,DAYS,TP
continuous_0598_S5_strategy2.npz,4246–8492,NUMBER,NUMBER,TP
continuous_0598_S5_strategy2.npz,8492–12737,COLOR,COLOR,TP
continuous_0598_S5_strategy2.npz,10933–13666,—,RELATIONSHIPS,FP
continuous_0598_S5_strategy2.npz,12737–16983,RELATIONSHIPS,—,FN
continuous_0598_S5_strategy2.npz,13666–16400,—,DRINK,FP
continuous_0598_S5_strategy2.npz,16983–21448,GREETING,GREETING,TP
continuous_0598_S5_strategy2.npz,19133–21866,—,DAYS,FP
continuous_0598_S5_strategy2.npz,21448–25694,FOOD,FOOD,TP
continuous_0598_S5_strategy2.npz,25694–29939,SURVIVAL,SURVIVAL,TP
continuous_0599_S5_strategy2.npz,0–4166,NUMBER,NUMBER,TP
continuous_0599_S5_strategy2.npz,4166–8412,CALENDAR,CALENDAR,TP
continuous_0599_S5_strategy2.npz,4633–6933,—,CALENDAR,FP
continuous_0599_S5_strategy2.npz,8412–12844,RELATIONSHIPS,—,FN
continuous_0599_S5_strategy2.npz,11566–13900,—,RELATIONSHIPS,FP
continuous_0599_S5_strategy2.npz,12844–17090,FAMILY,—,FN
continuous_0599_S5_strategy2.npz,13900–16200,—,RELATIONSHIPS,FP
continuous_0599_S5_strategy2.npz,16200–18533,—,FAMILY,FP
continuous_0599_S5_strategy2.npz,17090–21589,GREETING,—,FN
continuous_0599_S5_strategy2.npz,18533–20833,—,FAMILY,FP
continuous_0599_S5_strategy2.npz,20833–23166,—,GREETING,FP
continuous_0599_S5_strategy2.npz,21589–25835,FOOD,FOOD,TP
continuous_0599_S5_strategy2.npz,25835–30048,SURVIVAL,SURVIVAL,TP
continuous_0600_S5_strategy2.npz,0–4235,DRINK,DRINK,TP
continuous_0600_S5_strategy2.npz,2833–5666,—,FAMILY,FP
continuous_0600_S5_strategy2.npz,4235–8480,FAMILY,—,FN
continuous_0600_S5_strategy2.npz,5666–8533,—,NUMBER,FP
continuous_0600_S5_strategy2.npz,8480–12726,SURVIVAL,SURVIVAL,TP
continuous_0600_S5_strategy2.npz,11366–14233,—,SURVIVAL,FP
continuous_0600_S5_strategy2.npz,12726–16955,CALENDAR,CALENDAR,TP
continuous_0600_S5_strategy2.npz,16955–20821,FOOD,FOOD,TP
continuous_0601_S5_strategy2.npz,0–4432,GREETING,GREETING,TP
continuous_0601_S5_strategy2.npz,2833–5666,—,DRINK,FP
continuous_0601_S5_strategy2.npz,4432–8678,FAMILY,—,FN
continuous_0601_S5_strategy2.npz,5666–8500,—,DAYS,FP
continuous_0601_S5_strategy2.npz,8678–12874,DAYS,DAYS,TP
continuous_0601_S5_strategy2.npz,11333–14166,—,SURVIVAL,FP
continuous_0601_S5_strategy2.npz,12874–16906,NUMBER,NUMBER,TP
continuous_0601_S5_strategy2.npz,16906–21152,DRINK,DRINK,TP
continuous_0601_S5_strategy2.npz,21152–25431,RELATIONSHIPS,RELATIONSHIPS,TP
continuous_0602_S5_strategy2.npz,0–4246,DAYS,DAYS,TP
continuous_0602_S5_strategy2.npz,4246–8492,COLOR,COLOR,TP
continuous_0602_S5_strategy2.npz,6333–9533,—,CALENDAR,FP
continuous_0602_S5_strategy2.npz,8492–12738,CALENDAR,—,FN
continuous_0602_S5_strategy2.npz,9533–12700,—,NUMBER,FP
continuous_0602_S5_strategy2.npz,12738–16838,DRINK,DRINK,TP
continuous_0602_S5_strategy2.npz,16838–21084,FOOD,DRINK,TP
continuous_0602_S5_strategy2.npz,19066–22233,—,DRINK,FP
continuous_0602_S5_strategy2.npz,21084–25330,NUMBER,NUMBER,TP
continuous_0603_S5_strategy2.npz,0–4246,DRINK,DRINK,TP
continuous_0603_S5_strategy2.npz,4246–8745,GREETING,DAYS,TP
continuous_0603_S5_strategy2.npz,8745–12991,RELATIONSHIPS,RELATIONSHIPS,TP
continuous_0603_S5_strategy2.npz,12991–17237,DAYS,DRINK,TP
continuous_0603_S5_strategy2.npz,17237–21483,NUMBER,NUMBER,TP
continuous_0604_S5_strategy2.npz,0–4246,NUMBER,NUMBER,TP
continuous_0604_S5_strategy2.npz,4246–8492,FOOD,FOOD,TP
continuous_0604_S5_strategy2.npz,8492–12771,DAYS,NUMBER,TP
continuous_0604_S5_strategy2.npz,12771–17070,GREETING,GREETING,TP
continuous_0604_S5_strategy2.npz,17070–21135,DRINK,DRINK,TP
continuous_0604_S5_strategy2.npz,21135–25331,CALENDAR,CALENDAR,TP
continuous_0605_S5_strategy2.npz,0–4499,GREETING,GREETING,TP
continuous_0605_S5_strategy2.npz,3000–6000,—,NUMBER,FP
continuous_0605_S5_strategy2.npz,4499–8698,NUMBER,—,FN
continuous_0605_S5_strategy2.npz,8698–12943,DAYS,DAYS,TP
continuous_0605_S5_strategy2.npz,12033–15066,—,SURVIVAL,FP
continuous_0605_S5_strategy2.npz,12943–17222,SURVIVAL,—,FN
continuous_0605_S5_strategy2.npz,15066–18066,—,CALENDAR,FP
continuous_0605_S5_strategy2.npz,17222–21586,CALENDAR,CALENDAR,TP
continuous_0605_S5_strategy2.npz,21586–25799,RELATIONSHIPS,RELATIONSHIPS,TP
continuous_0605_S5_strategy2.npz,25799–30045,DRINK,DRINK,TP
continuous_0606_S5_strategy2.npz,0–4279,NUMBER,NUMBER,TP
continuous_0606_S5_strategy2.npz,2266–4566,—,NUMBER,FP
continuous_0606_S5_strategy2.npz,4279–8344,RELATIONSHIPS,RELATIONSHIPS,TP
continuous_0606_S5_strategy2.npz,6866–9166,—,DAYS,FP
continuous_0606_S5_strategy2.npz,8344–12557,DAYS,DAYS,TP
continuous_0606_S5_strategy2.npz,12557–16769,FOOD,FOOD,TP
continuous_0606_S5_strategy2.npz,16769–20901,DRINK,DRINK,TP
continuous_0606_S5_strategy2.npz,20666–22966,—,GREETING,FP
continuous_0606_S5_strategy2.npz,20901–25180,SURVIVAL,SURVIVAL,TP
continuous_0607_S5_strategy2.npz,0–3900,DRINK,DRINK,TP
continuous_0607_S5_strategy2.npz,3900–8145,DAYS,DAYS,TP
continuous_0607_S5_strategy2.npz,8145–12391,RELATIONSHIPS,RELATIONSHIPS,TP
continuous_0607_S5_strategy2.npz,12391–16637,SURVIVAL,SURVIVAL,TP
continuous_0607_S5_strategy2.npz,14400–18000,—,COLOR,FP
continuous_0607_S5_strategy2.npz,16637–20883,COLOR,—,FN
continuous_0607_S5_strategy2.npz,18000–21600,—,CALENDAR,FP
continuous_0607_S5_strategy2.npz,20883–25129,NUMBER,NUMBER,TP
continuous_0608_S5_strategy2.npz,0–4246,CALENDAR,CALENDAR,TP
continuous_0608_S5_strategy2.npz,2333–4666,—,GREETING,FP
continuous_0608_S5_strategy2.npz,4246–8411,GREETING,—,FN
continuous_0608_S5_strategy2.npz,4666–7000,—,SURVIVAL,FP
continuous_0608_S5_strategy2.npz,8411–12506,DAYS,DAYS,TP
continuous_0608_S5_strategy2.npz,11700–14033,—,NUMBER,FP
continuous_0608_S5_strategy2.npz,12506–16752,NUMBER,NUMBER,TP
continuous_0608_S5_strategy2.npz,16366–18700,—,NUMBER,FP
continuous_0608_S5_strategy2.npz,16752–20997,SURVIVAL,SURVIVAL,TP
continuous_0609_S5_strategy2.npz,0–4246,CALENDAR,CALENDAR,TP
continuous_0609_S5_strategy2.npz,4246–8492,NUMBER,NUMBER,TP
continuous_0609_S5_strategy2.npz,7000–9333,—,FAMILY,FP
continuous_0609_S5_strategy2.npz,8492–12738,FAMILY,—,FN
continuous_0609_S5_strategy2.npz,9333–14033,—,FAMILY,FP
continuous_0609_S5_strategy2.npz,12738–16937,FOOD,FOOD,TP
continuous_0609_S5_strategy2.npz,16366–18700,—,RELATIONSHIPS,FP
continuous_0609_S5_strategy2.npz,16937–21003,GREETING,GREETING,TP
continuous_0610_S5_strategy2.npz,0–4246,CALENDAR,CALENDAR,TP
continuous_0610_S5_strategy2.npz,2666–5333,—,RELATIONSHIPS,FP
continuous_0610_S5_strategy2.npz,4246–8491,RELATIONSHIPS,—,FN
continuous_0610_S5_strategy2.npz,5333–8000,—,NUMBER,FP
continuous_0610_S5_strategy2.npz,8000–10666,—,DRINK,FP
continuous_0610_S5_strategy2.npz,8491–12737,NUMBER,—,FN
continuous_0610_S5_strategy2.npz,12737–16983,DAYS,DAYS,TP
continuous_0610_S5_strategy2.npz,16983–20849,GREETING,GREETING,TP
continuous_0610_S5_strategy2.npz,20849–25014,FOOD,FOOD,TP
continuous_0610_S5_strategy2.npz,24000–26666,—,FOOD,FP
continuous_0610_S5_strategy2.npz,25014–29260,COLOR,—,FN
continuous_0610_S5_strategy2.npz,26666–29366,—,COLOR,FP
continuous_0611_S5_strategy2.npz,0–4246,CALENDAR,CALENDAR,TP
continuous_0611_S5_strategy2.npz,2433–4900,—,CALENDAR,FP
continuous_0611_S5_strategy2.npz,4246–8492,FOOD,FOOD,TP
continuous_0611_S5_strategy2.npz,7366–9800,—,NUMBER,FP
continuous_0611_S5_strategy2.npz,8492–12738,NUMBER,NUMBER,TP
continuous_0611_S5_strategy2.npz,12266–14733,—,DAYS,FP
continuous_0611_S5_strategy2.npz,12738–16770,COLOR,COLOR,TP
continuous_0611_S5_strategy2.npz,16770–21015,DRINK,DRINK,TP
continuous_0611_S5_strategy2.npz,19633–22100,—,COLOR,FP
continuous_0611_S5_strategy2.npz,21015–25261,RELATIONSHIPS,RELATIONSHIPS,TP
continuous_0611_S5_strategy2.npz,24533–27000,—,COLOR,FP
continuous_0611_S5_strategy2.npz,25261–29360,FAMILY,FAMILY,TP
continuous_0612_S5_strategy2.npz,0–4246,DRINK,DRINK,TP
continuous_0612_S5_strategy2.npz,2700–5433,—,NUMBER,FP
continuous_0612_S5_strategy2.npz,4246–8459,NUMBER,—,FN
continuous_0612_S5_strategy2.npz,5433–8166,—,FOOD,FP
continuous_0612_S5_strategy2.npz,8166–13633,—,FAMILY,FP
continuous_0612_S5_strategy2.npz,8459–12705,FOOD,—,FN
continuous_0612_S5_strategy2.npz,12705–17371,GREETING,GREETING,TP
continuous_0612_S5_strategy2.npz,17371–21617,DAYS,DAYS,TP
continuous_0612_S5_strategy2.npz,21617–25649,FAMILY,FAMILY,TP
continuous_0612_S5_strategy2.npz,25649–29895,COLOR,COLOR,TP
continuous_0613_S5_strategy2.npz,0–4213,RELATIONSHIPS,RELATIONSHIPS,TP
continuous_0613_S5_strategy2.npz,4213–8492,DAYS,DAYS,TP
continuous_0613_S5_strategy2.npz,7166–9566,—,DAYS,FP
continuous_0613_S5_strategy2.npz,8492–12658,FAMILY,FAMILY,TP
continuous_0613_S5_strategy2.npz,11933–14333,—,CALENDAR,FP
continuous_0613_S5_strategy2.npz,12658–16936,CALENDAR,CALENDAR,TP
continuous_0613_S5_strategy2.npz,16936–21468,GREETING,GREETING,TP
continuous_0614_S5_strategy2.npz,0–4246,SURVIVAL,SURVIVAL,TP
continuous_0614_S5_strategy2.npz,4246–8458,FOOD,FOOD,TP
continuous_0614_S5_strategy2.npz,8458–12704,CALENDAR,CALENDAR,TP
continuous_0614_S5_strategy2.npz,8500–10633,—,CALENDAR,FP
continuous_0614_S5_strategy2.npz,12704–16950,DAYS,DAYS,TP
continuous_0614_S5_strategy2.npz,16950–21196,COLOR,COLOR,TP
continuous_0614_S5_strategy2.npz,17033–19166,—,FAMILY,FP
continuous_0615_S5_strategy2.npz,0–4065,COLOR,COLOR,TP
continuous_0615_S5_strategy2.npz,4065–8130,DRINK,DRINK,TP
continuous_0615_S5_strategy2.npz,8130–12376,RELATIONSHIPS,RELATIONSHIPS,TP
continuous_0615_S5_strategy2.npz,12376–17008,CALENDAR,CALENDAR,TP
continuous_0615_S5_strategy2.npz,17008–21254,FOOD,FOOD,TP
continuous_0615_S5_strategy2.npz,21254–25500,FAMILY,—,FN
continuous_0615_S5_strategy2.npz,24400–27100,—,RELATIONSHIPS,FP
continuous_0615_S5_strategy2.npz,25500–29746,NUMBER,NUMBER,TP
continuous_0616_S5_strategy2.npz,0–4246,FOOD,FOOD,TP
continuous_0616_S5_strategy2.npz,2533–5066,—,RELATIONSHIPS,FP
continuous_0616_S5_strategy2.npz,4246–8492,RELATIONSHIPS,—,FN
continuous_0616_S5_strategy2.npz,5066–7633,—,DAYS,FP
continuous_0616_S5_strategy2.npz,8492–12624,COLOR,COLOR,TP
continuous_0616_S5_strategy2.npz,12624–16870,SURVIVAL,SURVIVAL,TP
continuous_0616_S5_strategy2.npz,16870–21149,CALENDAR,CALENDAR,TP
continuous_0616_S5_strategy2.npz,20366–22900,—,CALENDAR,FP
continuous_0616_S5_strategy2.npz,21149–25394,FAMILY,FAMILY,TP
continuous_0617_S5_strategy2.npz,0–4165,COLOR,COLOR,TP
continuous_0617_S5_strategy2.npz,2900–5800,—,NUMBER,FP
continuous_0617_S5_strategy2.npz,4165–8410,NUMBER,NUMBER,TP
continuous_0617_S5_strategy2.npz,8410–12689,FOOD,FOOD,TP
continuous_0617_S5_strategy2.npz,12689–16935,RELATIONSHIPS,RELATIONSHIPS,TP
continuous_0617_S5_strategy2.npz,16935–21100,SURVIVAL,SURVIVAL,TP
continuous_0617_S5_strategy2.npz,21100–24733,DRINK,DRINK,TP
continuous_0617_S5_strategy2.npz,23200–26100,—,COLOR,FP
continuous_0617_S5_strategy2.npz,24733–28929,CALENDAR,CALENDAR,TP
continuous_0618_S5_strategy2.npz,0–4246,RELATIONSHIPS,RELATIONSHIPS,TP
continuous_0618_S5_strategy2.npz,3033–6100,—,GREETING,FP
continuous_0618_S5_strategy2.npz,4246–8578,GREETING,—,FN
continuous_0618_S5_strategy2.npz,6100–9166,—,DRINK,FP
continuous_0618_S5_strategy2.npz,8578–12824,DAYS,DAYS,TP
continuous_0618_S5_strategy2.npz,12824–17103,CALENDAR,CALENDAR,TP
continuous_0618_S5_strategy2.npz,15300–18366,—,CALENDAR,FP
continuous_0618_S5_strategy2.npz,17103–21349,SURVIVAL,SURVIVAL,TP
continuous_0619_S5_strategy2.npz,0–4129,CALENDAR,CALENDAR,TP
continuous_0619_S5_strategy2.npz,4129–8375,RELATIONSHIPS,RELATIONSHIPS,TP
continuous_0619_S5_strategy2.npz,8375–12621,COLOR,COLOR,TP
continuous_0619_S5_strategy2.npz,9100–12133,—,SURVIVAL,FP
continuous_0619_S5_strategy2.npz,12621–16867,DAYS,DAYS,TP
continuous_0619_S5_strategy2.npz,16867–21146,NUMBER,NUMBER,TP
continuous_0620_S5_strategy2.npz,0–4246,RELATIONSHIPS,RELATIONSHIPS,TP
continuous_0620_S5_strategy2.npz,2300–4600,—,RELATIONSHIPS,FP
continuous_0620_S5_strategy2.npz,4246–8212,COLOR,COLOR,TP
continuous_0620_S5_strategy2.npz,6933–9233,—,COLOR,FP
continuous_0620_S5_strategy2.npz,8212–12458,FOOD,FOOD,TP
continuous_0620_S5_strategy2.npz,12458–16890,GREETING,—,FN
continuous_0620_S5_strategy2.npz,13866–16200,—,GREETING,FP
continuous_0620_S5_strategy2.npz,16200–18500,—,DAYS,FP
continuous_0620_S5_strategy2.npz,16890–21136,SURVIVAL,SURVIVAL,TP
continuous_0620_S5_strategy2.npz,21136–25381,CALENDAR,CALENDAR,TP
continuous_0621_S5_strategy2.npz,0–4279,RELATIONSHIPS,RELATIONSHIPS,TP
continuous_0621_S5_strategy2.npz,4279–8511,COLOR,COLOR,TP
continuous_0621_S5_strategy2.npz,6333–9500,—,DRINK,FP
continuous_0621_S5_strategy2.npz,8511–12757,DRINK,—,FN
continuous_0621_S5_strategy2.npz,9500–12666,—,CALENDAR,FP
continuous_0621_S5_strategy2.npz,12757–17003,CALENDAR,CALENDAR,TP
continuous_0621_S5_strategy2.npz,17003–21216,NUMBER,NUMBER,TP
continuous_0621_S5_strategy2.npz,21216–25282,GREETING,GREETING,TP
continuous_0622_S5_strategy2.npz,0–4245,NUMBER,NUMBER,TP
continuous_0622_S5_strategy2.npz,2700–5433,—,GREETING,FP
continuous_0622_S5_strategy2.npz,4245–8544,GREETING,GREETING,TP
continuous_0622_S5_strategy2.npz,8133–10866,—,DRINK,FP
continuous_0622_S5_strategy2.npz,8544–12823,FAMILY,FAMILY,TP
continuous_0622_S5_strategy2.npz,12823–17069,RELATIONSHIPS,RELATIONSHIPS,TP
continuous_0622_S5_strategy2.npz,16300–19000,—,FOOD,FP
continuous_0622_S5_strategy2.npz,17069–21282,DAYS,DAYS,TP
continuous_0622_S5_strategy2.npz,21282–25528,COLOR,COLOR,TP
continuous_0622_S5_strategy2.npz,21733–24433,—,FOOD,FP
continuous_0622_S5_strategy2.npz,25528–29774,DRINK,DRINK,TP
continuous_0623_S5_strategy2.npz,0–4279,FOOD,FOOD,TP
continuous_0623_S5_strategy2.npz,4279–8558,COLOR,COLOR,TP
continuous_0623_S5_strategy2.npz,8558–12257,FAMILY,FAMILY,TP
continuous_0623_S5_strategy2.npz,11033–13766,—,FAMILY,FP
continuous_0623_S5_strategy2.npz,12257–16503,NUMBER,NUMBER,TP
continuous_0623_S5_strategy2.npz,16503–20749,DRINK,DRINK,TP
continuous_0623_S5_strategy2.npz,16533–19300,—,DRINK,FP
continuous_0623_S5_strategy2.npz,20749–24748,GREETING,—,FN
continuous_0623_S5_strategy2.npz,22066–24833,—,DRINK,FP
continuous_0624_S5_strategy2.npz,0–4279,SURVIVAL,SURVIVAL,TP
continuous_0624_S5_strategy2.npz,4279–8492,RELATIONSHIPS,RELATIONSHIPS,TP
continuous_0624_S5_strategy2.npz,5933–8900,—,DRINK,FP
continuous_0624_S5_strategy2.npz,8492–12524,DRINK,—,FN
continuous_0624_S5_strategy2.npz,12524–16770,CALENDAR,CALENDAR,TP
continuous_0624_S5_strategy2.npz,16770–21135,GREETING,GREETING,TP
continuous_0624_S5_strategy2.npz,21135–25380,FOOD,FOOD,TP
continuous_0624_S5_strategy2.npz,25380–29626,FAMILY,FAMILY,TP
continuous_0625_S5_strategy2.npz,0–4232,FAMILY,FAMILY,TP
continuous_0625_S5_strategy2.npz,4232–8361,RELATIONSHIPS,RELATIONSHIPS,TP
continuous_0625_S5_strategy2.npz,8361–12693,GREETING,GREETING,TP
continuous_0625_S5_strategy2.npz,10933–14600,—,NUMBER,FP
continuous_0625_S5_strategy2.npz,12693–16939,DRINK,DRINK,TP
continuous_0625_S5_strategy2.npz,16939–21218,FOOD,FOOD,TP
continuous_0625_S5_strategy2.npz,21218–25497,SURVIVAL,SURVIVAL,TP
continuous_0626_S5_strategy2.npz,0–4279,COLOR,COLOR,TP
continuous_0626_S5_strategy2.npz,2800–5633,—,SURVIVAL,FP
continuous_0626_S5_strategy2.npz,4279–8524,SURVIVAL,—,FN
continuous_0626_S5_strategy2.npz,8524–12586,RELATIONSHIPS,RELATIONSHIPS,TP
continuous_0626_S5_strategy2.npz,11266–14100,—,FAMILY,FP
continuous_0626_S5_strategy2.npz,12586–16799,FAMILY,—,FN
continuous_0626_S5_strategy2.npz,14100–16933,—,COLOR,FP
continuous_0626_S5_strategy2.npz,16799–21045,DAYS,DAYS,TP
continuous_0626_S5_strategy2.npz,19733–22566,—,NUMBER,FP
continuous_0626_S5_strategy2.npz,21045–25291,NUMBER,NUMBER,TP
continuous_0627_S5_strategy2.npz,0–4498,CALENDAR,CALENDAR,TP
continuous_0627_S5_strategy2.npz,4498–8777,NUMBER,NUMBER,TP
continuous_0627_S5_strategy2.npz,8777–13143,SURVIVAL,SURVIVAL,TP
continuous_0627_S5_strategy2.npz,13143–17389,FOOD,FOOD,TP
continuous_0627_S5_strategy2.npz,17389–21721,GREETING,GREETING,TP
continuous_0628_S5_strategy2.npz,0–4212,NUMBER,NUMBER,TP
continuous_0628_S5_strategy2.npz,2466–4966,—,FOOD,FP
continuous_0628_S5_strategy2.npz,4212–8611,FOOD,FOOD,TP
continuous_0628_S5_strategy2.npz,8611–12890,DRINK,DRINK,TP
continuous_0628_S5_strategy2.npz,12890–16889,COLOR,COLOR,TP
continuous_0628_S5_strategy2.npz,16889–21521,GREETING,GREETING,TP
continuous_0628_S5_strategy2.npz,21521–25767,DAYS,DAYS,TP
continuous_0628_S5_strategy2.npz,25767–29832,FAMILY,FAMILY,TP
continuous_0629_S5_strategy2.npz,0–4199,FAMILY,FAMILY,TP
continuous_0629_S5_strategy2.npz,2366–4733,—,GREETING,FP
continuous_0629_S5_strategy2.npz,4199–8411,RELATIONSHIPS,RELATIONSHIPS,TP
continuous_0629_S5_strategy2.npz,7100–9466,—,SURVIVAL,FP
continuous_0629_S5_strategy2.npz,8411–12657,SURVIVAL,SURVIVAL,TP
continuous_0629_S5_strategy2.npz,11866–14233,—,RELATIONSHIPS,FP
continuous_0629_S5_strategy2.npz,12657–17056,GREETING,GREETING,TP
continuous_0629_S5_strategy2.npz,17056–21302,NUMBER,NUMBER,TP
continuous_0630_S5_strategy2.npz,0–4299,GREETING,GREETING,TP
continuous_0630_S5_strategy2.npz,2466–7466,—,FOOD,FP
continuous_0630_S5_strategy2.npz,4299–8544,RELATIONSHIPS,RELATIONSHIPS,TP
continuous_0630_S5_strategy2.npz,8544–12789,SURVIVAL,SURVIVAL,TP
continuous_0630_S5_strategy2.npz,12789–18395,CALENDAR,CALENDAR,TP
continuous_0630_S5_strategy2.npz,18395–22394,FAMILY,FAMILY,TP
continuous_0631_S5_strategy2.npz,0–4246,FAMILY,FAMILY,TP
continuous_0631_S5_strategy2.npz,4246–8492,RELATIONSHIPS,RELATIONSHIPS,TP
continuous_0631_S5_strategy2.npz,8492–12738,DAYS,DAYS,TP
continuous_0631_S5_strategy2.npz,11600–13900,—,FAMILY,FP
continuous_0631_S5_strategy2.npz,12738–16984,SURVIVAL,RELATIONSHIPS,TP
continuous_0631_S5_strategy2.npz,16984–21230,DRINK,DRINK,TP
continuous_0631_S5_strategy2.npz,20866–23200,—,DRINK,FP
continuous_0631_S5_strategy2.npz,21230–25430,GREETING,GREETING,TP
continuous_0632_S5_strategy2.npz,0–4246,COLOR,COLOR,TP
continuous_0632_S5_strategy2.npz,4246–8492,FAMILY,FAMILY,TP
continuous_0632_S5_strategy2.npz,8492–12791,GREETING,GREETING,TP
continuous_0632_S5_strategy2.npz,12791–17037,DRINK,DRINK,TP
continuous_0632_S5_strategy2.npz,17037–21316,SURVIVAL,SURVIVAL,TP
continuous_0633_S5_strategy2.npz,0–4399,GREETING,GREETING,TP
continuous_0633_S5_strategy2.npz,4399–8644,DRINK,DRINK,TP
continuous_0633_S5_strategy2.npz,8644–12773,DAYS,DAYS,TP
continuous_0633_S5_strategy2.npz,12773–16772,COLOR,COLOR,TP
continuous_0633_S5_strategy2.npz,16100–18766,—,SURVIVAL,FP
continuous_0633_S5_strategy2.npz,16772–21018,SURVIVAL,SURVIVAL,TP
continuous_0633_S5_strategy2.npz,21018–25231,CALENDAR,CALENDAR,TP
continuous_0633_S5_strategy2.npz,25231–29477,RELATIONSHIPS,RELATIONSHIPS,TP
continuous_0634_S5_strategy2.npz,0–4246,FAMILY,FAMILY,TP
continuous_0634_S5_strategy2.npz,4246–8459,COLOR,COLOR,TP
continuous_0634_S5_strategy2.npz,8459–12705,DRINK,DRINK,TP
continuous_0634_S5_strategy2.npz,10833–13566,—,CALENDAR,FP
continuous_0634_S5_strategy2.npz,12705–16984,CALENDAR,—,FN
continuous_0634_S5_strategy2.npz,13566–16266,—,CALENDAR,FP
continuous_0634_S5_strategy2.npz,16266–19000,—,SURVIVAL,FP
continuous_0634_S5_strategy2.npz,16984–21197,SURVIVAL,—,FN
continuous_0634_S5_strategy2.npz,19000–21700,—,COLOR,FP
continuous_0634_S5_strategy2.npz,21197–25443,DAYS,DAYS,TP
continuous_0634_S5_strategy2.npz,24433–27133,—,NUMBER,FP
continuous_0634_S5_strategy2.npz,25443–29722,NUMBER,NUMBER,TP
continuous_0635_S5_strategy2.npz,0–4246,FOOD,FOOD,TP
continuous_0635_S5_strategy2.npz,2900–5800,—,COLOR,FP
continuous_0635_S5_strategy2.npz,4246–9078,GREETING,FOOD,TP
continuous_0635_S5_strategy2.npz,9078–13324,DRINK,DRINK,TP
continuous_0635_S5_strategy2.npz,11633–14533,—,DRINK,FP
continuous_0635_S5_strategy2.npz,13324–17570,NUMBER,NUMBER,TP
continuous_0635_S5_strategy2.npz,17570–21815,COLOR,COLOR,TP
continuous_0635_S5_strategy2.npz,20366–23266,—,CALENDAR,FP
continuous_0635_S5_strategy2.npz,21815–26094,CALENDAR,CALENDAR,TP
continuous_0636_S5_strategy2.npz,0–4246,CALENDAR,CALENDAR,TP
continuous_0636_S5_strategy2.npz,4246–8524,NUMBER,NUMBER,TP
continuous_0636_S5_strategy2.npz,7933–10600,—,NUMBER,FP
continuous_0636_S5_strategy2.npz,8524–12787,DAYS,—,FN
continuous_0636_S5_strategy2.npz,10600–13233,—,COLOR,FP
continuous_0636_S5_strategy2.npz,12787–17919,GREETING,—,FN
continuous_0636_S5_strategy2.npz,13233–15900,—,DAYS,FP
continuous_0636_S5_strategy2.npz,15900–18533,—,COLOR,FP
continuous_0636_S5_strategy2.npz,17919–22165,COLOR,COLOR,TP
continuous_0636_S5_strategy2.npz,18533–21200,—,GREETING,FP
continuous_0636_S5_strategy2.npz,22165–26410,FAMILY,FAMILY,TP
continuous_0637_S5_strategy2.npz,0–4246,FOOD,FOOD,TP
continuous_0637_S5_strategy2.npz,2666–5366,—,COLOR,FP
continuous_0637_S5_strategy2.npz,4246–8492,SURVIVAL,SURVIVAL,TP
continuous_0637_S5_strategy2.npz,8492–12591,COLOR,COLOR,TP
continuous_0637_S5_strategy2.npz,12591–16837,CALENDAR,CALENDAR,TP
continuous_0637_S5_strategy2.npz,16837–21082,RELATIONSHIPS,RELATIONSHIPS,TP
continuous_0637_S5_strategy2.npz,18833–21500,—,FAMILY,FP
continuous_0637_S5_strategy2.npz,21082–25281,NUMBER,NUMBER,TP
continuous_0637_S5_strategy2.npz,25281–29513,GREETING,GREETING,TP
continuous_0638_S5_strategy2.npz,0–4213,FOOD,FOOD,TP
continuous_0638_S5_strategy2.npz,4213–8426,FAMILY,FAMILY,TP
continuous_0638_S5_strategy2.npz,8426–12672,COLOR,COLOR,TP
continuous_0638_S5_strategy2.npz,12672–16951,SURVIVAL,SURVIVAL,TP
continuous_0638_S5_strategy2.npz,16951–21350,GREETING,GREETING,TP
continuous_0638_S5_strategy2.npz,21350–25596,DAYS,RELATIONSHIPS,TP
continuous_0638_S5_strategy2.npz,25596–29875,RELATIONSHIPS,SURVIVAL,TP
continuous_0639_S5_strategy2.npz,0–4246,DRINK,DRINK,TP
continuous_0639_S5_strategy2.npz,4246–8458,CALENDAR,CALENDAR,TP
continuous_0639_S5_strategy2.npz,8458–12704,DAYS,DAYS,TP
continuous_0639_S5_strategy2.npz,12704–16936,FAMILY,FAMILY,TP
continuous_0639_S5_strategy2.npz,16936–21215,SURVIVAL,—,FN
continuous_0639_S5_strategy2.npz,18233–21300,—,SURVIVAL,FP
continuous_0640_S5_strategy2.npz,0–4246,COLOR,COLOR,TP
continuous_0640_S5_strategy2.npz,4246–8459,FOOD,FOOD,TP
continuous_0640_S5_strategy2.npz,5900–8833,—,COLOR,FP
continuous_0640_S5_strategy2.npz,8459–12737,DAYS,DAYS,TP
continuous_0640_S5_strategy2.npz,8833–11800,—,COLOR,FP
continuous_0640_S5_strategy2.npz,12737–17016,NUMBER,NUMBER,TP
continuous_0640_S5_strategy2.npz,17016–20948,FAMILY,—,FN
continuous_0640_S5_strategy2.npz,20666–23600,—,NUMBER,FP
continuous_0640_S5_strategy2.npz,20948–25127,CALENDAR,CALENDAR,TP
continuous_0640_S5_strategy2.npz,25127–29406,RELATIONSHIPS,FAMILY,TP
continuous_0641_S5_strategy2.npz,0–4246,CALENDAR,CALENDAR,TP
continuous_0641_S5_strategy2.npz,2633–5300,—,RELATIONSHIPS,FP
continuous_0641_S5_strategy2.npz,4246–8491,COLOR,COLOR,TP
continuous_0641_S5_strategy2.npz,8491–12704,FOOD,FOOD,TP
continuous_0641_S5_strategy2.npz,12704–16950,SURVIVAL,DAYS,TP
continuous_0641_S5_strategy2.npz,16950–21149,NUMBER,NUMBER,TP
continuous_0642_S5_strategy2.npz,0–4246,FAMILY,FAMILY,TP
continuous_0642_S5_strategy2.npz,2633–7933,—,FAMILY,FP
continuous_0642_S5_strategy2.npz,4246–8490,DRINK,DRINK,TP
continuous_0642_S5_strategy2.npz,8490–12753,CALENDAR,CALENDAR,TP
continuous_0642_S5_strategy2.npz,12753–17052,GREETING,GREETING,TP
continuous_0642_S5_strategy2.npz,15900–18566,—,DRINK,FP
continuous_0642_S5_strategy2.npz,17052–21285,SURVIVAL,SURVIVAL,TP
continuous_0643_S5_strategy2.npz,0–4246,FOOD,FOOD,TP
continuous_0643_S5_strategy2.npz,2900–5800,—,SURVIVAL,FP
continuous_0643_S5_strategy2.npz,4246–8112,SURVIVAL,—,FN
continuous_0643_S5_strategy2.npz,8112–12174,DAYS,DAYS,TP
continuous_0643_S5_strategy2.npz,12174–16107,DRINK,DRINK,TP
continuous_0643_S5_strategy2.npz,16107–20352,FAMILY,FAMILY,TP
continuous_0644_S5_strategy2.npz,0–4032,NUMBER,NUMBER,TP
continuous_0644_S5_strategy2.npz,4032–8295,DAYS,DAYS,TP
continuous_0644_S5_strategy2.npz,7400–9866,—,DRINK,FP
continuous_0644_S5_strategy2.npz,8295–12540,DRINK,GREETING,TP
continuous_0644_S5_strategy2.npz,12540–16753,RELATIONSHIPS,—,FN
continuous_0644_S5_strategy2.npz,14800–17266,—,RELATIONSHIPS,FP
continuous_0644_S5_strategy2.npz,16753–20999,FOOD,—,FN
continuous_0644_S5_strategy2.npz,17266–19733,—,RELATIONSHIPS,FP
continuous_0644_S5_strategy2.npz,19733–22200,—,SURVIVAL,FP
continuous_0644_S5_strategy2.npz,20999–25278,COLOR,COLOR,TP
continuous_0644_S5_strategy2.npz,22200–24666,—,FOOD,FP
continuous_0644_S5_strategy2.npz,25278–29544,GREETING,GREETING,TP
continuous_0645_S5_strategy2.npz,0–4246,RELATIONSHIPS,RELATIONSHIPS,TP
continuous_0645_S5_strategy2.npz,2500–5033,—,RELATIONSHIPS,FP
continuous_0645_S5_strategy2.npz,4246–8492,SURVIVAL,SURVIVAL,TP
continuous_0645_S5_strategy2.npz,5033–7566,—,SURVIVAL,FP
continuous_0645_S5_strategy2.npz,8492–12458,GREETING,—,FN
continuous_0645_S5_strategy2.npz,10100–12633,—,SURVIVAL,FP
continuous_0645_S5_strategy2.npz,12458–16704,COLOR,COLOR,TP
continuous_0645_S5_strategy2.npz,12633–15133,—,GREETING,FP
continuous_0645_S5_strategy2.npz,16704–20903,FOOD,FOOD,TP
continuous_0645_S5_strategy2.npz,20903–25182,DRINK,DRINK,TP
continuous_0646_S5_strategy2.npz,0–4096,DAYS,DAYS,TP
continuous_0646_S5_strategy2.npz,4096–8342,RELATIONSHIPS,RELATIONSHIPS,TP
continuous_0646_S5_strategy2.npz,8342–12541,COLOR,COLOR,TP
continuous_0646_S5_strategy2.npz,12541–16707,FOOD,FOOD,TP
continuous_0646_S5_strategy2.npz,16707–20972,GREETING,GREETING,TP
continuous_0647_S5_strategy2.npz,0–4213,FOOD,FOOD,TP
continuous_0647_S5_strategy2.npz,4213–8459,RELATIONSHIPS,RELATIONSHIPS,TP
continuous_0647_S5_strategy2.npz,8459–12672,NUMBER,NUMBER,TP
continuous_0647_S5_strategy2.npz,12672–17071,GREETING,GREETING,TP
continuous_0647_S5_strategy2.npz,15400–17966,—,CALENDAR,FP
continuous_0647_S5_strategy2.npz,17071–21317,CALENDAR,CALENDAR,TP
continuous_0647_S5_strategy2.npz,20533–23100,—,DRINK,FP
continuous_0647_S5_strategy2.npz,21317–25563,DRINK,DRINK,TP
continuous_0648_S5_strategy2.npz,0–4246,RELATIONSHIPS,RELATIONSHIPS,TP
continuous_0648_S5_strategy2.npz,3566–7133,—,FAMILY,FP
continuous_0648_S5_strategy2.npz,4246–8492,DRINK,DRINK,TP
continuous_0648_S5_strategy2.npz,8492–12737,COLOR,COLOR,TP
continuous_0648_S5_strategy2.npz,12737–17136,GREETING,GREETING,TP
continuous_0648_S5_strategy2.npz,17136–21382,NUMBER,NUMBER,TP
continuous_0649_S5_strategy2.npz,0–4246,FAMILY,FAMILY,TP
continuous_0649_S5_strategy2.npz,2500–5033,—,FAMILY,FP
continuous_0649_S5_strategy2.npz,4246–8445,NUMBER,NUMBER,TP
continuous_0649_S5_strategy2.npz,8445–12690,FOOD,FOOD,TP
continuous_0649_S5_strategy2.npz,12690–16935,CALENDAR,—,FN
continuous_0649_S5_strategy2.npz,15133–17666,—,CALENDAR,FP
continuous_0649_S5_strategy2.npz,16935–21148,RELATIONSHIPS,RELATIONSHIPS,TP
continuous_0649_S5_strategy2.npz,20200–22733,—,DRINK,FP
continuous_0649_S5_strategy2.npz,21148–25181,SURVIVAL,SURVIVAL,TP
continuous_0650_S5_strategy2.npz,0–4245,RELATIONSHIPS,RELATIONSHIPS,TP
continuous_0650_S5_strategy2.npz,4245–8491,DRINK,DRINK,TP
continuous_0650_S5_strategy2.npz,8491–12736,FOOD,FOOD,TP
continuous_0650_S5_strategy2.npz,12736–17135,GREETING,GREETING,TP
continuous_0650_S5_strategy2.npz,17135–21381,SURVIVAL,SURVIVAL,TP
continuous_0650_S5_strategy2.npz,21381–25627,DAYS,DAYS,TP
continuous_0650_S5_strategy2.npz,25627–29873,NUMBER,NUMBER,TP
continuous_0651_S5_strategy2.npz,0–4212,DRINK,DRINK,TP
continuous_0651_S5_strategy2.npz,4212–8491,FOOD,FOOD,TP
continuous_0651_S5_strategy2.npz,8491–12486,RELATIONSHIPS,RELATIONSHIPS,TP
continuous_0651_S5_strategy2.npz,9966–13300,—,CALENDAR,FP
continuous_0651_S5_strategy2.npz,12486–16765,CALENDAR,CALENDAR,TP
continuous_0651_S5_strategy2.npz,16765–21011,FAMILY,FAMILY,TP
continuous_0651_S5_strategy2.npz,19933–23266,—,RELATIONSHIPS,FP
continuous_0651_S5_strategy2.npz,21011–25643,GREETING,GREETING,TP
continuous_0651_S5_strategy2.npz,25643–29889,DAYS,GREETING,TP
continuous_0652_S5_strategy2.npz,0–3900,SURVIVAL,SURVIVAL,TP
continuous_0652_S5_strategy2.npz,3900–8146,FOOD,FOOD,TP
continuous_0652_S5_strategy2.npz,8146–12345,NUMBER,NUMBER,TP
continuous_0652_S5_strategy2.npz,12345–16591,FAMILY,FAMILY,TP
continuous_0652_S5_strategy2.npz,15700–18866,—,NUMBER,FP
continuous_0652_S5_strategy2.npz,16591–20804,DAYS,DAYS,TP
continuous_0652_S5_strategy2.npz,20804–25082,CALENDAR,CALENDAR,TP
continuous_0653_S5_strategy2.npz,0–4279,RELATIONSHIPS,RELATIONSHIPS,TP
continuous_0653_S5_strategy2.npz,2666–5366,—,SURVIVAL,FP
continuous_0653_S5_strategy2.npz,4279–8558,SURVIVAL,—,FN
continuous_0653_S5_strategy2.npz,8558–12837,NUMBER,NUMBER,TP
continuous_0653_S5_strategy2.npz,10733–13400,—,CALENDAR,FP
continuous_0653_S5_strategy2.npz,12837–17116,CALENDAR,CALENDAR,TP
continuous_0653_S5_strategy2.npz,16100–18766,—,CALENDAR,FP
continuous_0653_S5_strategy2.npz,17116–21362,COLOR,COLOR,TP
continuous_0654_S5_strategy2.npz,0–4246,DAYS,DAYS,TP
continuous_0654_S5_strategy2.npz,3033–6066,—,SURVIVAL,FP
continuous_0654_S5_strategy2.npz,4246–8492,SURVIVAL,—,FN
continuous_0654_S5_strategy2.npz,8492–12738,NUMBER,NUMBER,TP
continuous_0654_S5_strategy2.npz,12166–15233,—,DRINK,FP
continuous_0654_S5_strategy2.npz,12738–16984,DRINK,—,FN
continuous_0654_S5_strategy2.npz,15233–18266,—,FOOD,FP
continuous_0654_S5_strategy2.npz,16984–21230,FOOD,FOOD,TP
continuous_0655_S5_strategy2.npz,0–4246,NUMBER,NUMBER,TP
continuous_0655_S5_strategy2.npz,2833–5666,—,DRINK,FP
continuous_0655_S5_strategy2.npz,4246–8492,FAMILY,—,FN
continuous_0655_S5_strategy2.npz,5666–8500,—,CALENDAR,FP
continuous_0655_S5_strategy2.npz,8492–12738,CALENDAR,—,FN
continuous_0655_S5_strategy2.npz,8500–11333,—,DRINK,FP
continuous_0655_S5_strategy2.npz,12738–16951,DAYS,DAYS,TP
continuous_0655_S5_strategy2.npz,16951–21164,FOOD,FOOD,TP
continuous_0655_S5_strategy2.npz,21164–25443,SURVIVAL,SURVIVAL,TP
continuous_0656_S5_strategy2.npz,0–4278,SURVIVAL,SURVIVAL,TP
continuous_0656_S5_strategy2.npz,2833–5666,—,FAMILY,FP
continuous_0656_S5_strategy2.npz,4278–8524,FAMILY,—,FN
continuous_0656_S5_strategy2.npz,5666–8500,—,FAMILY,FP
continuous_0656_S5_strategy2.npz,8524–12803,COLOR,COLOR,TP
continuous_0656_S5_strategy2.npz,11333–14200,—,FOOD,FP
continuous_0656_S5_strategy2.npz,12803–16968,FOOD,FOOD,TP
continuous_0656_S5_strategy2.npz,16968–21214,DRINK,DRINK,TP
continuous_0656_S5_strategy2.npz,21214–25460,DAYS,DAYS,TP
continuous_0657_S5_strategy2.npz,0–4246,FAMILY,FAMILY,TP
continuous_0657_S5_strategy2.npz,4246–8492,RELATIONSHIPS,RELATIONSHIPS,TP
continuous_0657_S5_strategy2.npz,8492–12738,FOOD,FOOD,TP
continuous_0657_S5_strategy2.npz,12738–16984,DAYS,DAYS,TP
continuous_0657_S5_strategy2.npz,16984–21262,COLOR,COLOR,TP
continuous_0658_S5_strategy2.npz,0–4099,NUMBER,NUMBER,TP
continuous_0658_S5_strategy2.npz,2633–5266,—,DRINK,FP
continuous_0658_S5_strategy2.npz,4099–8345,DRINK,DRINK,TP
continuous_0658_S5_strategy2.npz,7933–10566,—,CALENDAR,FP
continuous_0658_S5_strategy2.npz,8345–12591,CALENDAR,CALENDAR,TP
continuous_0658_S5_strategy2.npz,12591–16837,DAYS,—,FN
continuous_0658_S5_strategy2.npz,13200–15866,—,COLOR,FP
continuous_0658_S5_strategy2.npz,15866–18500,—,DAYS,FP
continuous_0658_S5_strategy2.npz,16837–21082,RELATIONSHIPS,RELATIONSHIPS,TP
continuous_0659_S5_strategy2.npz,0–4246,FAMILY,FAMILY,TP
continuous_0659_S5_strategy2.npz,3200–6400,—,COLOR,FP
continuous_0659_S5_strategy2.npz,4246–8525,NUMBER,—,FN
continuous_0659_S5_strategy2.npz,6400–9600,—,COLOR,FP
continuous_0659_S5_strategy2.npz,8525–12737,DAYS,—,FN
continuous_0659_S5_strategy2.npz,9600–12800,—,NUMBER,FP
continuous_0659_S5_strategy2.npz,12737–16982,FOOD,FOOD,TP
continuous_0659_S5_strategy2.npz,12800–16000,—,RELATIONSHIPS,FP
continuous_0659_S5_strategy2.npz,16982–21228,COLOR,—,FN
continuous_0659_S5_strategy2.npz,19200–22400,—,COLOR,FP
continuous_0659_S5_strategy2.npz,21228–25474,DRINK,DRINK,TP
continuous_0660_S5_strategy2.npz,0–3760,DAYS,DAYS,TP
continuous_0660_S5_strategy2.npz,2700–5400,—,NUMBER,FP
continuous_0660_S5_strategy2.npz,3760–8859,GREETING,GREETING,TP
continuous_0660_S5_strategy2.npz,8859–13105,CALENDAR,CALENDAR,TP
continuous_0660_S5_strategy2.npz,13105–17351,FOOD,FOOD,TP
continuous_0660_S5_strategy2.npz,13500–16200,—,CALENDAR,FP
continuous_0660_S5_strategy2.npz,17351–21563,RELATIONSHIPS,RELATIONSHIPS,TP
continuous_0661_S5_strategy2.npz,0–4266,GREETING,GREETING,TP
continuous_0661_S5_strategy2.npz,4266–8512,NUMBER,NUMBER,TP
continuous_0661_S5_strategy2.npz,8512–12611,COLOR,COLOR,TP
continuous_0661_S5_strategy2.npz,10500–14000,—,FOOD,FP
continuous_0661_S5_strategy2.npz,12611–16706,DAYS,—,FN
continuous_0661_S5_strategy2.npz,14000–17500,—,DRINK,FP
continuous_0661_S5_strategy2.npz,16706–20952,DRINK,DRINK,TP
continuous_0662_S5_strategy2.npz,0–4232,GREETING,GREETING,TP
continuous_0662_S5_strategy2.npz,2966–5933,—,DRINK,FP
continuous_0662_S5_strategy2.npz,4232–8511,NUMBER,NUMBER,TP
continuous_0662_S5_strategy2.npz,8511–12643,DRINK,DRINK,TP
continuous_0662_S5_strategy2.npz,12643–16889,FOOD,FOOD,TP
continuous_0662_S5_strategy2.npz,16889–21135,RELATIONSHIPS,RELATIONSHIPS,TP
continuous_0662_S5_strategy2.npz,21135–25380,COLOR,COLOR,TP
continuous_0662_S5_strategy2.npz,25380–29593,DAYS,DAYS,TP
continuous_0663_S5_strategy2.npz,0–4213,DAYS,DAYS,TP
continuous_0663_S5_strategy2.npz,4213–8459,RELATIONSHIPS,RELATIONSHIPS,TP
continuous_0663_S5_strategy2.npz,6900–9200,—,CALENDAR,FP
continuous_0663_S5_strategy2.npz,8459–12621,CALENDAR,CALENDAR,TP
continuous_0663_S5_strategy2.npz,11500–13800,—,RELATIONSHIPS,FP
continuous_0663_S5_strategy2.npz,12621–16900,SURVIVAL,SURVIVAL,TP
continuous_0663_S5_strategy2.npz,16900–20999,FAMILY,FAMILY,TP
continuous_0663_S5_strategy2.npz,20700–23000,—,RELATIONSHIPS,FP
continuous_0663_S5_strategy2.npz,20999–25264,NUMBER,NUMBER,TP
continuous_0664_S5_strategy2.npz,0–4213,FAMILY,FAMILY,TP
continuous_0664_S5_strategy2.npz,4213–8492,DRINK,DRINK,TP
continuous_0664_S5_strategy2.npz,8492–12771,DAYS,DAYS,TP
continuous_0664_S5_strategy2.npz,12771–17017,SURVIVAL,SURVIVAL,TP
continuous_0664_S5_strategy2.npz,16000–18666,—,NUMBER,FP
continuous_0664_S5_strategy2.npz,17017–21263,NUMBER,NUMBER,TP
continuous_0665_S5_strategy2.npz,0–3966,NUMBER,NUMBER,TP
continuous_0665_S5_strategy2.npz,2966–5966,—,SURVIVAL,FP
continuous_0665_S5_strategy2.npz,3966–8212,SURVIVAL,SURVIVAL,TP
continuous_0665_S5_strategy2.npz,8212–12458,COLOR,COLOR,TP
continuous_0665_S5_strategy2.npz,8966–11933,—,SURVIVAL,FP
continuous_0665_S5_strategy2.npz,12458–16587,CALENDAR,CALENDAR,TP
continuous_0665_S5_strategy2.npz,16587–20865,FOOD,FOOD,TP
continuous_0666_S5_strategy2.npz,0–3525,CALENDAR,CALENDAR,TP
continuous_0666_S5_strategy2.npz,3525–7553,DAYS,DAYS,TP
continuous_0666_S5_strategy2.npz,7553–11799,FOOD,FOOD,TP
continuous_0666_S5_strategy2.npz,8166–10900,—,COLOR,FP
continuous_0666_S5_strategy2.npz,11799–16045,SURVIVAL,SURVIVAL,TP
continuous_0666_S5_strategy2.npz,16045–20244,FAMILY,FAMILY,TP
continuous_0666_S5_strategy2.npz,20244–24490,NUMBER,RELATIONSHIPS,TP
continuous_0667_S5_strategy2.npz,0–4213,FOOD,FOOD,TP
continuous_0667_S5_strategy2.npz,4213–9745,GREETING,GREETING,TP
continuous_0667_S5_strategy2.npz,5300–7966,—,NUMBER,FP
continuous_0667_S5_strategy2.npz,9745–13744,DRINK,DRINK,TP
continuous_0667_S5_strategy2.npz,13744–18023,DAYS,DAYS,TP
continuous_0667_S5_strategy2.npz,18023–22236,FAMILY,—,FN
continuous_0667_S5_strategy2.npz,18566–21233,—,GREETING,FP
continuous_0667_S5_strategy2.npz,21233–23900,—,FAMILY,FP
continuous_0667_S5_strategy2.npz,22236–26482,COLOR,COLOR,TP
continuous_0668_S5_strategy2.npz,0–4245,COLOR,COLOR,TP
continuous_0668_S5_strategy2.npz,4245–8491,DRINK,DRINK,TP
continuous_0668_S5_strategy2.npz,8491–12391,SURVIVAL,SURVIVAL,TP
continuous_0668_S5_strategy2.npz,12391–16637,CALENDAR,CALENDAR,TP
continuous_0668_S5_strategy2.npz,15766–18900,—,SURVIVAL,FP
continuous_0668_S5_strategy2.npz,16637–20883,RELATIONSHIPS,RELATIONSHIPS,TP
continuous_0668_S5_strategy2.npz,20883–25129,FAMILY,FAMILY,TP
continuous_0669_S5_strategy2.npz,0–4279,FAMILY,FAMILY,TP
continuous_0669_S5_strategy2.npz,4279–8609,CALENDAR,CALENDAR,TP
continuous_0669_S5_strategy2.npz,8609–12855,DAYS,DAYS,TP
continuous_0669_S5_strategy2.npz,12855–17100,FOOD,FOOD,TP
continuous_0669_S5_strategy2.npz,17100–21346,NUMBER,NUMBER,TP
continuous_0670_S5_strategy2.npz,0–4028,RELATIONSHIPS,RELATIONSHIPS,TP
continuous_0670_S5_strategy2.npz,2300–4633,—,RELATIONSHIPS,FP
continuous_0670_S5_strategy2.npz,4028–8307,DRINK,DRINK,TP
continuous_0670_S5_strategy2.npz,6966–9266,—,DRINK,FP
continuous_0670_S5_strategy2.npz,8307–12585,NUMBER,NUMBER,TP
continuous_0670_S5_strategy2.npz,12585–16584,COLOR,COLOR,TP
continuous_0670_S5_strategy2.npz,16233–18566,—,RELATIONSHIPS,FP
continuous_0670_S5_strategy2.npz,16584–20830,FOOD,FOOD,TP
continuous_0671_S5_strategy2.npz,0–4213,FAMILY,FAMILY,TP
continuous_0671_S5_strategy2.npz,4213–8459,NUMBER,NUMBER,TP
continuous_0671_S5_strategy2.npz,6600–9900,—,SURVIVAL,FP
continuous_0671_S5_strategy2.npz,8459–12705,RELATIONSHIPS,—,FN
continuous_0671_S5_strategy2.npz,9900–13200,—,FAMILY,FP
continuous_0671_S5_strategy2.npz,12705–16951,FOOD,FOOD,TP
continuous_0671_S5_strategy2.npz,16951–21164,SURVIVAL,SURVIVAL,TP
continuous_0671_S5_strategy2.npz,21164–25363,COLOR,COLOR,TP
continuous_0671_S5_strategy2.npz,25363–29642,DAYS,DAYS,TP
continuous_0672_S5_strategy2.npz,0–4246,CALENDAR,CALENDAR,TP
continuous_0672_S5_strategy2.npz,4246–8445,GREETING,GREETING,TP
continuous_0672_S5_strategy2.npz,8445–12540,DAYS,DAYS,TP
continuous_0672_S5_strategy2.npz,8800–11766,—,GREETING,FP
continuous_0672_S5_strategy2.npz,12540–16786,NUMBER,COLOR,TP
continuous_0672_S5_strategy2.npz,16786–20951,FOOD,FOOD,TP
continuous_0672_S5_strategy2.npz,20600–23533,—,COLOR,FP
continuous_0672_S5_strategy2.npz,20951–25196,COLOR,COLOR,TP
continuous_0672_S5_strategy2.npz,25196–29361,SURVIVAL,SURVIVAL,TP
continuous_0673_S5_strategy2.npz,0–4246,CALENDAR,CALENDAR,TP
continuous_0673_S5_strategy2.npz,4246–8459,RELATIONSHIPS,RELATIONSHIPS,TP
continuous_0673_S5_strategy2.npz,8066–10766,—,RELATIONSHIPS,FP
continuous_0673_S5_strategy2.npz,8459–12705,NUMBER,NUMBER,TP
continuous_0673_S5_strategy2.npz,12705–16951,COLOR,COLOR,TP
continuous_0673_S5_strategy2.npz,13466–16166,—,DRINK,FP
continuous_0673_S5_strategy2.npz,16951–21050,FOOD,FOOD,TP
continuous_0673_S5_strategy2.npz,21050–25296,SURVIVAL,RELATIONSHIPS,TP
continuous_0673_S5_strategy2.npz,25296–29542,FAMILY,FAMILY,TP
continuous_0674_S5_strategy2.npz,0–4212,CALENDAR,CALENDAR,TP
continuous_0674_S5_strategy2.npz,4212–8425,NUMBER,NUMBER,TP
continuous_0674_S5_strategy2.npz,4233–6366,—,NUMBER,FP
continuous_0674_S5_strategy2.npz,8425–12671,RELATIONSHIPS,RELATIONSHIPS,TP
continuous_0674_S5_strategy2.npz,12671–16917,FAMILY,FAMILY,TP
continuous_0674_S5_strategy2.npz,16917–21163,DRINK,—,FN
continuous_0674_S5_strategy2.npz,19133–21266,—,DRINK,FP
continuous_0675_S5_strategy2.npz,0–4246,FAMILY,FAMILY,TP
continuous_0675_S5_strategy2.npz,4246–8492,CALENDAR,CALENDAR,TP
continuous_0675_S5_strategy2.npz,5900–8866,—,DAYS,FP
continuous_0675_S5_strategy2.npz,8492–12771,SURVIVAL,SURVIVAL,TP
continuous_0675_S5_strategy2.npz,12771–16984,NUMBER,NUMBER,TP
continuous_0675_S5_strategy2.npz,16984–21230,COLOR,COLOR,TP
continuous_0675_S5_strategy2.npz,20700–23666,—,FOOD,FP
continuous_0675_S5_strategy2.npz,21230–25475,FOOD,—,FN
continuous_0675_S5_strategy2.npz,23666–26633,—,FOOD,FP
continuous_0675_S5_strategy2.npz,25475–29474,DRINK,DRINK,TP
continuous_0676_S5_strategy2.npz,0–4000,GREETING,GREETING,TP
continuous_0676_S5_strategy2.npz,2933–5866,—,NUMBER,FP
continuous_0676_S5_strategy2.npz,4000–8246,NUMBER,NUMBER,TP
continuous_0676_S5_strategy2.npz,8246–12492,FAMILY,FAMILY,TP
continuous_0676_S5_strategy2.npz,11766–14700,—,DAYS,FP
continuous_0676_S5_strategy2.npz,12492–16520,DAYS,DAYS,TP
continuous_0676_S5_strategy2.npz,16520–20553,SURVIVAL,SURVIVAL,TP
continuous_0677_S5_strategy2.npz,0–4246,NUMBER,NUMBER,TP
continuous_0677_S5_strategy2.npz,3033–6100,—,CALENDAR,FP
continuous_0677_S5_strategy2.npz,4246–8492,CALENDAR,CALENDAR,TP
continuous_0677_S5_strategy2.npz,8492–12738,DRINK,DRINK,TP
continuous_0677_S5_strategy2.npz,12738–17017,RELATIONSHIPS,RELATIONSHIPS,TP
continuous_0677_S5_strategy2.npz,17017–21296,FOOD,FOOD,TP
continuous_0678_S5_strategy2.npz,0–4246,RELATIONSHIPS,RELATIONSHIPS,TP
continuous_0678_S5_strategy2.npz,2133–4266,—,RELATIONSHIPS,FP
continuous_0678_S5_strategy2.npz,4246–8492,DAYS,DAYS,TP
continuous_0678_S5_strategy2.npz,8492–12889,CALENDAR,CALENDAR,TP
continuous_0678_S5_strategy2.npz,8566–10700,—,CALENDAR,FP
continuous_0678_S5_strategy2.npz,12889–17135,SURVIVAL,SURVIVAL,TP
continuous_0678_S5_strategy2.npz,17133–19300,—,DRINK,FP
continuous_0678_S5_strategy2.npz,17135–21381,DRINK,DRINK,TP
continuous_0678_S5_strategy2.npz,21381–25626,FAMILY,FAMILY,TP
continuous_0679_S5_strategy2.npz,0–4246,COLOR,COLOR,TP
continuous_0679_S5_strategy2.npz,4246–8492,CALENDAR,CALENDAR,TP
continuous_0679_S5_strategy2.npz,8492–12738,NUMBER,NUMBER,TP
continuous_0679_S5_strategy2.npz,12738–16951,DAYS,DAYS,TP
continuous_0679_S5_strategy2.npz,16951–21197,SURVIVAL,SURVIVAL,TP
continuous_0679_S5_strategy2.npz,21197–25497,DRINK,DRINK,TP
continuous_0680_S5_strategy2.npz,0–4213,RELATIONSHIPS,RELATIONSHIPS,TP
continuous_0680_S5_strategy2.npz,4213–8459,COLOR,COLOR,TP
continuous_0680_S5_strategy2.npz,8459–12705,FAMILY,FAMILY,TP
continuous_0680_S5_strategy2.npz,12705–16951,CALENDAR,CALENDAR,TP
continuous_0680_S5_strategy2.npz,15900–18566,—,CALENDAR,FP
continuous_0680_S5_strategy2.npz,16951–21150,DRINK,DRINK,TP
continuous_0681_S5_strategy2.npz,0–4212,FOOD,FOOD,TP
continuous_0681_S5_strategy2.npz,4212–8491,NUMBER,NUMBER,TP
continuous_0681_S5_strategy2.npz,8491–12737,DRINK,DRINK,TP
continuous_0681_S5_strategy2.npz,12737–16703,SURVIVAL,GREETING,TP
continuous_0681_S5_strategy2.npz,16703–20949,CALENDAR,CALENDAR,TP
continuous_0681_S5_strategy2.npz,19166–22366,—,RELATIONSHIPS,FP
continuous_0681_S5_strategy2.npz,20949–25161,FAMILY,FAMILY,TP
continuous_0681_S5_strategy2.npz,25161–28660,GREETING,GREETING,TP
continuous_0682_S5_strategy2.npz,0–4246,NUMBER,NUMBER,TP
continuous_0682_S5_strategy2.npz,4246–8491,DRINK,DRINK,TP
continuous_0682_S5_strategy2.npz,8491–12737,FAMILY,FAMILY,TP
continuous_0682_S5_strategy2.npz,11133–14866,—,CALENDAR,FP
continuous_0682_S5_strategy2.npz,12737–16983,FOOD,FOOD,TP
continuous_0682_S5_strategy2.npz,16983–21149,GREETING,DAYS,TP
continuous_0682_S5_strategy2.npz,21149–25395,DAYS,DAYS,TP
continuous_0682_S5_strategy2.npz,25395–29640,SURVIVAL,SURVIVAL,TP
continuous_0683_S5_strategy2.npz,0–4246,DRINK,DRINK,TP
continuous_0683_S5_strategy2.npz,2833–5666,—,NUMBER,FP
continuous_0683_S5_strategy2.npz,4246–8492,NUMBER,NUMBER,TP
continuous_0683_S5_strategy2.npz,8492–12658,GREETING,GREETING,TP
continuous_0683_S5_strategy2.npz,8500–11333,—,NUMBER,FP
continuous_0683_S5_strategy2.npz,12658–16904,COLOR,COLOR,TP
continuous_0683_S5_strategy2.npz,16904–21183,RELATIONSHIPS,COLOR,TP
continuous_0683_S5_strategy2.npz,19833–22666,—,SURVIVAL,FP
continuous_0683_S5_strategy2.npz,21183–25429,FOOD,FOOD,TP
continuous_0684_S5_strategy2.npz,0–4279,NUMBER,NUMBER,TP
continuous_0684_S5_strategy2.npz,2833–5700,—,CALENDAR,FP
continuous_0684_S5_strategy2.npz,4279–8878,CALENDAR,CALENDAR,TP
continuous_0684_S5_strategy2.npz,8878–13124,DAYS,RELATIONSHIPS,TP
continuous_0684_S5_strategy2.npz,11400–14266,—,GREETING,FP
continuous_0684_S5_strategy2.npz,13124–17156,COLOR,COLOR,TP
continuous_0684_S5_strategy2.npz,17133–19966,—,FOOD,FP
continuous_0684_S5_strategy2.npz,17156–21402,FOOD,FOOD,TP
continuous_0684_S5_strategy2.npz,21402–25615,DRINK,DRINK,TP
continuous_0685_S5_strategy2.npz,0–5899,GREETING,GREETING,TP
continuous_0685_S5_strategy2.npz,5899–10145,RELATIONSHIPS,RELATIONSHIPS,TP
continuous_0685_S5_strategy2.npz,10145–14391,NUMBER,—,FN
continuous_0685_S5_strategy2.npz,11500–14366,—,DRINK,FP
continuous_0685_S5_strategy2.npz,14366–17233,—,NUMBER,FP
continuous_0685_S5_strategy2.npz,14391–18670,SURVIVAL,SURVIVAL,TP
continuous_0685_S5_strategy2.npz,18670–22916,CALENDAR,CALENDAR,TP
continuous_0686_S5_strategy2.npz,0–4033,SURVIVAL,SURVIVAL,TP
continuous_0686_S5_strategy2.npz,4033–8279,COLOR,COLOR,TP
continuous_0686_S5_strategy2.npz,7366–9833,—,DAYS,FP
continuous_0686_S5_strategy2.npz,8279–12578,RELATIONSHIPS,RELATIONSHIPS,TP
continuous_0686_S5_strategy2.npz,12578–16857,NUMBER,NUMBER,TP
continuous_0686_S5_strategy2.npz,16857–21154,CALENDAR,CALENDAR,TP
continuous_0686_S5_strategy2.npz,19666–22133,—,RELATIONSHIPS,FP
continuous_0686_S5_strategy2.npz,21154–25553,GREETING,GREETING,TP
continuous_0686_S5_strategy2.npz,24600–27066,—,FOOD,FP
continuous_0686_S5_strategy2.npz,25553–29485,FOOD,FOOD,TP
continuous_0687_S5_strategy2.npz,0–4246,DRINK,DRINK,TP
continuous_0687_S5_strategy2.npz,4246–8445,NUMBER,NUMBER,TP
continuous_0687_S5_strategy2.npz,6500–9766,—,GREETING,FP
continuous_0687_S5_strategy2.npz,8445–12577,GREETING,—,FN
continuous_0687_S5_strategy2.npz,9766–13033,—,FAMILY,FP
continuous_0687_S5_strategy2.npz,12577–16822,FAMILY,—,FN
continuous_0687_S5_strategy2.npz,13033–16266,—,FOOD,FP
continuous_0687_S5_strategy2.npz,16266–19533,—,DRINK,FP
continuous_0687_S5_strategy2.npz,16822–21068,FOOD,—,FN
continuous_0687_S5_strategy2.npz,19533–22800,—,SURVIVAL,FP
continuous_0687_S5_strategy2.npz,21068–25001,SURVIVAL,—,FN
continuous_0687_S5_strategy2.npz,22800–26066,—,SURVIVAL,FP
continuous_0687_S5_strategy2.npz,25001–29247,COLOR,COLOR,TP
continuous_0688_S5_strategy2.npz,0–4246,DRINK,DRINK,TP
continuous_0688_S5_strategy2.npz,2966–5966,—,CALENDAR,FP
continuous_0688_S5_strategy2.npz,4246–8524,CALENDAR,CALENDAR,TP
continuous_0688_S5_strategy2.npz,8524–12770,FOOD,FOOD,TP
continuous_0688_S5_strategy2.npz,8933–11933,—,CALENDAR,FP
continuous_0688_S5_strategy2.npz,12770–17015,RELATIONSHIPS,RELATIONSHIPS,TP
continuous_0688_S5_strategy2.npz,17015–21261,NUMBER,NUMBER,TP
continuous_0688_S5_strategy2.npz,21261–25493,GREETING,GREETING,TP
continuous_0688_S5_strategy2.npz,25493–29739,SURVIVAL,SURVIVAL,TP
continuous_0689_S5_strategy2.npz,0–4246,FAMILY,FAMILY,TP
continuous_0689_S5_strategy2.npz,4246–8492,SURVIVAL,—,FN
continuous_0689_S5_strategy2.npz,5666–8500,—,SURVIVAL,FP
continuous_0689_S5_strategy2.npz,8492–12738,DRINK,DRINK,TP
continuous_0689_S5_strategy2.npz,8500–11333,—,SURVIVAL,FP
continuous_0689_S5_strategy2.npz,12738–16970,GREETING,—,FN
continuous_0689_S5_strategy2.npz,16970–21216,COLOR,DRINK,TP
continuous_0689_S5_strategy2.npz,17033–19866,—,GREETING,FP
continuous_0689_S5_strategy2.npz,21216–25462,FOOD,FOOD,TP
continuous_0690_S5_strategy2.npz,0–4213,FOOD,FOOD,TP
continuous_0690_S5_strategy2.npz,4213–8459,DRINK,DRINK,TP
continuous_0690_S5_strategy2.npz,8459–12958,GREETING,GREETING,TP
continuous_0690_S5_strategy2.npz,12958–17204,FAMILY,FAMILY,TP
continuous_0690_S5_strategy2.npz,17204–21449,DAYS,DAYS,TP
continuous_0690_S5_strategy2.npz,19333–23633,—,NUMBER,FP
continuous_0690_S5_strategy2.npz,21449–25695,NUMBER,NUMBER,TP
continuous_0690_S5_strategy2.npz,25695–29974,CALENDAR,CALENDAR,TP
continuous_0691_S5_strategy2.npz,0–4246,COLOR,COLOR,TP
continuous_0691_S5_strategy2.npz,2466–4966,—,CALENDAR,FP
continuous_0691_S5_strategy2.npz,4246–8079,DRINK,DRINK,TP
continuous_0691_S5_strategy2.npz,8079–12325,CALENDAR,CALENDAR,TP
continuous_0691_S5_strategy2.npz,12325–16571,FAMILY,FAMILY,TP
continuous_0691_S5_strategy2.npz,16571–21370,GREETING,GREETING,TP
continuous_0691_S5_strategy2.npz,19966–22466,—,COLOR,FP
continuous_0691_S5_strategy2.npz,21370–25615,FOOD,FOOD,TP
continuous_0691_S5_strategy2.npz,25615–29861,DAYS,RELATIONSHIPS,TP
continuous_0692_S5_strategy2.npz,0–4246,RELATIONSHIPS,RELATIONSHIPS,TP
continuous_0692_S5_strategy2.npz,4246–8492,FOOD,FOOD,TP
continuous_0692_S5_strategy2.npz,8492–13024,GREETING,DAYS,TP
continuous_0692_S5_strategy2.npz,13024–17270,CALENDAR,CALENDAR,TP
continuous_0692_S5_strategy2.npz,17270–21516,NUMBER,NUMBER,TP
continuous_0693_S5_strategy2.npz,0–3860,RELATIONSHIPS,RELATIONSHIPS,TP
continuous_0693_S5_strategy2.npz,2800–5600,—,COLOR,FP
continuous_0693_S5_strategy2.npz,3860–8359,GREETING,GREETING,TP
continuous_0693_S5_strategy2.npz,8359–12524,COLOR,COLOR,TP
continuous_0693_S5_strategy2.npz,12524–16770,DAYS,DAYS,TP
continuous_0693_S5_strategy2.npz,16770–21016,FAMILY,FAMILY,TP
continuous_0693_S5_strategy2.npz,21016–25262,NUMBER,NUMBER,TP
continuous_0694_S5_strategy2.npz,0–4199,COLOR,COLOR,TP
continuous_0694_S5_strategy2.npz,4199–8231,NUMBER,NUMBER,TP
continuous_0694_S5_strategy2.npz,8231–12563,RELATIONSHIPS,RELATIONSHIPS,TP
continuous_0694_S5_strategy2.npz,12563–17228,GREETING,GREETING,TP
continuous_0694_S5_strategy2.npz,17228–21256,DAYS,DAYS,TP
continuous_0694_S5_strategy2.npz,21256–25535,CALENDAR,CALENDAR,TP
continuous_0695_S5_strategy2.npz,0–4279,FAMILY,FAMILY,TP
continuous_0695_S5_strategy2.npz,3033–6066,—,NUMBER,FP
continuous_0695_S5_strategy2.npz,4279–8478,GREETING,GREETING,TP
continuous_0695_S5_strategy2.npz,8478–12757,CALENDAR,CALENDAR,TP
continuous_0695_S5_strategy2.npz,12757–17002,COLOR,COLOR,TP
continuous_0695_S5_strategy2.npz,15233–18266,—,COLOR,FP
continuous_0695_S5_strategy2.npz,17002–21248,FOOD,FOOD,TP
continuous_0696_S5_strategy2.npz,0–4246,FOOD,FOOD,TP
continuous_0696_S5_strategy2.npz,2166–4366,—,RELATIONSHIPS,FP
continuous_0696_S5_strategy2.npz,4246–9113,CALENDAR,—,FN
continuous_0696_S5_strategy2.npz,4366–6533,—,CALENDAR,FP
continuous_0696_S5_strategy2.npz,6533–8733,—,CALENDAR,FP
continuous_0696_S5_strategy2.npz,8733–10900,—,FAMILY,FP
continuous_0696_S5_strategy2.npz,9113–13359,COLOR,COLOR,TP
continuous_0696_S5_strategy2.npz,13100–15266,—,SURVIVAL,FP
continuous_0696_S5_strategy2.npz,13359–17604,SURVIVAL,SURVIVAL,TP
continuous_0696_S5_strategy2.npz,17466–19633,—,NUMBER,FP
continuous_0696_S5_strategy2.npz,17604–21850,NUMBER,—,FN
continuous_0696_S5_strategy2.npz,19633–21833,—,NUMBER,FP
continuous_0696_S5_strategy2.npz,21833–24000,—,NUMBER,FP
continuous_0696_S5_strategy2.npz,21850–26096,RELATIONSHIPS,RELATIONSHIPS,TP
continuous_0697_S5_strategy2.npz,0–3933,SURVIVAL,SURVIVAL,TP
continuous_0697_S5_strategy2.npz,3933–8132,GREETING,GREETING,TP
continuous_0697_S5_strategy2.npz,8132–12198,DRINK,DRINK,TP
continuous_0697_S5_strategy2.npz,12198–16444,RELATIONSHIPS,RELATIONSHIPS,TP
continuous_0697_S5_strategy2.npz,16444–20723,FOOD,FOOD,TP
continuous_0697_S5_strategy2.npz,20723–24969,DAYS,DAYS,TP
continuous_0698_S5_strategy2.npz,0–3366,FAMILY,FAMILY,TP
continuous_0698_S5_strategy2.npz,2133–4300,—,FAMILY,FP
continuous_0698_S5_strategy2.npz,3366–7612,FOOD,—,FN
continuous_0698_S5_strategy2.npz,4300–6466,—,NUMBER,FP
continuous_0698_S5_strategy2.npz,6466–10800,—,FOOD,FP
continuous_0698_S5_strategy2.npz,7612–11858,COLOR,COLOR,TP
continuous_0698_S5_strategy2.npz,11858–15450,DAYS,DAYS,TP
continuous_0698_S5_strategy2.npz,15133–17300,—,COLOR,FP
continuous_0698_S5_strategy2.npz,15450–19663,NUMBER,NUMBER,TP
continuous_0698_S5_strategy2.npz,19466–21633,—,RELATIONSHIPS,FP
continuous_0698_S5_strategy2.npz,19663–23829,GREETING,GREETING,TP
continuous_0698_S5_strategy2.npz,23829–28042,DRINK,DRINK,TP
continuous_0699_S5_strategy2.npz,0–4279,SURVIVAL,SURVIVAL,TP
continuous_0699_S5_strategy2.npz,4279–8525,RELATIONSHIPS,RELATIONSHIPS,TP
continuous_0699_S5_strategy2.npz,7000–9333,—,DRINK,FP
continuous_0699_S5_strategy2.npz,8525–12738,DAYS,DAYS,TP
continuous_0699_S5_strategy2.npz,9333–11666,—,NUMBER,FP
continuous_0699_S5_strategy2.npz,12738–16770,COLOR,COLOR,TP
continuous_0699_S5_strategy2.npz,16770–20969,NUMBER,FOOD,TP
continuous_0700_S5_strategy2.npz,0–4245,CALENDAR,CALENDAR,TP
continuous_0700_S5_strategy2.npz,4245–8410,FAMILY,FAMILY,TP
continuous_0700_S5_strategy2.npz,6400–9600,—,DAYS,FP
continuous_0700_S5_strategy2.npz,8410–12689,DAYS,—,FN
continuous_0700_S5_strategy2.npz,9600–12800,—,NUMBER,FP
continuous_0700_S5_strategy2.npz,12689–17121,GREETING,GREETING,TP
continuous_0700_S5_strategy2.npz,17121–21367,NUMBER,NUMBER,TP
continuous_0700_S5_strategy2.npz,21367–25566,DRINK,DRINK,TP
continuous_0701_S5_strategy2.npz,0–4246,RELATIONSHIPS,RELATIONSHIPS,TP
continuous_0701_S5_strategy2.npz,2633–5300,—,FAMILY,FP
continuous_0701_S5_strategy2.npz,4246–8492,SURVIVAL,SURVIVAL,TP
continuous_0701_S5_strategy2.npz,8492–12891,GREETING,GREETING,TP
continuous_0701_S5_strategy2.npz,10633–15966,—,FOOD,FP
continuous_0701_S5_strategy2.npz,12891–17170,FAMILY,FAMILY,TP
continuous_0701_S5_strategy2.npz,17170–21236,FOOD,FOOD,TP
continuous_0702_S5_strategy2.npz,0–4199,FOOD,FOOD,TP
continuous_0702_S5_strategy2.npz,4199–8412,NUMBER,NUMBER,TP
continuous_0702_S5_strategy2.npz,8412–12658,RELATIONSHIPS,RELATIONSHIPS,TP
continuous_0702_S5_strategy2.npz,12658–16838,COLOR,COLOR,TP
continuous_0702_S5_strategy2.npz,16838–21084,DRINK,DRINK,TP
continuous_0702_S5_strategy2.npz,20800–23766,—,SURVIVAL,FP
continuous_0702_S5_strategy2.npz,21084–25330,DAYS,DAYS,TP
continuous_0702_S5_strategy2.npz,25330–29609,CALENDAR,CALENDAR,TP
continuous_0703_S5_strategy2.npz,0–4213,FOOD,FOOD,TP
continuous_0703_S5_strategy2.npz,2766–5566,—,SURVIVAL,FP
continuous_0703_S5_strategy2.npz,4213–8459,SURVIVAL,—,FN
continuous_0703_S5_strategy2.npz,5566–8333,—,CALENDAR,FP
continuous_0703_S5_strategy2.npz,8333–11133,—,CALENDAR,FP
continuous_0703_S5_strategy2.npz,8459–12705,CALENDAR,—,FN
continuous_0703_S5_strategy2.npz,11133–13933,—,RELATIONSHIPS,FP
continuous_0703_S5_strategy2.npz,12705–16951,RELATIONSHIPS,—,FN
continuous_0703_S5_strategy2.npz,13933–16700,—,FAMILY,FP
continuous_0703_S5_strategy2.npz,16700–19500,—,NUMBER,FP
continuous_0703_S5_strategy2.npz,16951–22216,GREETING,GREETING,TP
continuous_0704_S5_strategy2.npz,0–4196,RELATIONSHIPS,RELATIONSHIPS,TP
continuous_0704_S5_strategy2.npz,2700–5433,—,DRINK,FP
continuous_0704_S5_strategy2.npz,4196–8442,DRINK,—,FN
continuous_0704_S5_strategy2.npz,5433–8166,—,DRINK,FP
continuous_0704_S5_strategy2.npz,8442–12688,COLOR,COLOR,TP
continuous_0704_S5_strategy2.npz,10900–13633,—,NUMBER,FP
continuous_0704_S5_strategy2.npz,12688–16934,NUMBER,—,FN
continuous_0704_S5_strategy2.npz,16934–21180,CALENDAR,CALENDAR,TP
continuous_0704_S5_strategy2.npz,19100–21833,—,SURVIVAL,FP
continuous_0704_S5_strategy2.npz,21180–25459,SURVIVAL,SURVIVAL,TP
continuous_0704_S5_strategy2.npz,24566–27300,—,SURVIVAL,FP
continuous_0704_S5_strategy2.npz,25459–29924,GREETING,GREETING,TP
continuous_0705_S5_strategy2.npz,0–4245,DAYS,DAYS,TP
continuous_0705_S5_strategy2.npz,4245–8345,SURVIVAL,SURVIVAL,TP
continuous_0705_S5_strategy2.npz,8345–12623,COLOR,COLOR,TP
continuous_0705_S5_strategy2.npz,12266–15333,—,SURVIVAL,FP
continuous_0705_S5_strategy2.npz,12623–17822,GREETING,GREETING,TP
continuous_0705_S5_strategy2.npz,17822–22068,CALENDAR,CALENDAR,TP
continuous_0705_S5_strategy2.npz,22068–26314,FOOD,FOOD,TP
continuous_0705_S5_strategy2.npz,26314–30593,DRINK,DRINK,TP
continuous_0706_S5_strategy2.npz,0–4165,COLOR,COLOR,TP
continuous_0706_S5_strategy2.npz,4165–8411,RELATIONSHIPS,RELATIONSHIPS,TP
continuous_0706_S5_strategy2.npz,8411–11977,SURVIVAL,SURVIVAL,TP
continuous_0706_S5_strategy2.npz,11977–16223,FOOD,FOOD,TP
continuous_0706_S5_strategy2.npz,16223–20436,CALENDAR,CALENDAR,TP
continuous_0707_S5_strategy2.npz,0–4399,GREETING,GREETING,TP
continuous_0707_S5_strategy2.npz,2833–5700,—,DAYS,FP
continuous_0707_S5_strategy2.npz,4399–8645,FOOD,FOOD,TP
continuous_0707_S5_strategy2.npz,8566–11433,—,COLOR,FP
continuous_0707_S5_strategy2.npz,8645–12924,DRINK,DRINK,TP
continuous_0707_S5_strategy2.npz,12924–17170,SURVIVAL,—,FN
continuous_0707_S5_strategy2.npz,17166–20033,—,SURVIVAL,FP
continuous_0707_S5_strategy2.npz,17170–21416,COLOR,COLOR,TP
continuous_0707_S5_strategy2.npz,21416–25662,FAMILY,FAMILY,TP
continuous_0708_S5_strategy2.npz,0–3961,RELATIONSHIPS,RELATIONSHIPS,TP
continuous_0708_S5_strategy2.npz,2100–4233,—,COLOR,FP
continuous_0708_S5_strategy2.npz,3961–8207,DAYS,DAYS,TP
continuous_0708_S5_strategy2.npz,6366–8466,—,NUMBER,FP
continuous_0708_S5_strategy2.npz,8207–12606,GREETING,GREETING,TP
continuous_0708_S5_strategy2.npz,8466–10600,—,RELATIONSHIPS,FP
continuous_0708_S5_strategy2.npz,12606–16852,SURVIVAL,SURVIVAL,TP
continuous_0708_S5_strategy2.npz,12733–14866,—,SURVIVAL,FP
continuous_0708_S5_strategy2.npz,16852–21131,NUMBER,NUMBER,TP
continuous_0708_S5_strategy2.npz,21131–25377,COLOR,COLOR,TP
continuous_0708_S5_strategy2.npz,25377–29623,CALENDAR,CALENDAR,TP
continuous_0709_S5_strategy2.npz,0–4246,FOOD,FOOD,TP
continuous_0709_S5_strategy2.npz,2700–5400,—,FOOD,FP
continuous_0709_S5_strategy2.npz,4246–8445,COLOR,COLOR,TP
continuous_0709_S5_strategy2.npz,8100–10800,—,CALENDAR,FP
continuous_0709_S5_strategy2.npz,8445–12540,CALENDAR,—,FN
continuous_0709_S5_strategy2.npz,10800–13500,—,CALENDAR,FP
continuous_0709_S5_strategy2.npz,12540–16786,DRINK,DRINK,TP
continuous_0709_S5_strategy2.npz,16786–21032,FAMILY,FAMILY,TP
continuous_0709_S5_strategy2.npz,21032–25311,DAYS,DAYS,TP
continuous_0709_S5_strategy2.npz,25311–29590,SURVIVAL,SURVIVAL,TP
continuous_0710_S5_strategy2.npz,0–4246,DRINK,DRINK,TP
continuous_0710_S5_strategy2.npz,4246–8492,DAYS,DAYS,TP
continuous_0710_S5_strategy2.npz,8492–12737,CALENDAR,CALENDAR,TP
continuous_0710_S5_strategy2.npz,12737–16983,FOOD,FOOD,TP
continuous_0710_S5_strategy2.npz,16133–18833,—,COLOR,FP
continuous_0710_S5_strategy2.npz,16983–21215,RELATIONSHIPS,RELATIONSHIPS,TP
continuous_0710_S5_strategy2.npz,21215–25248,SURVIVAL,SURVIVAL,TP
continuous_0710_S5_strategy2.npz,25248–29494,FAMILY,FAMILY,TP
continuous_0711_S5_strategy2.npz,0–4132,COLOR,COLOR,TP
continuous_0711_S5_strategy2.npz,4132–8378,CALENDAR,CALENDAR,TP
continuous_0711_S5_strategy2.npz,8378–12624,NUMBER,NUMBER,TP
continuous_0711_S5_strategy2.npz,12624–16903,SURVIVAL,SURVIVAL,TP
continuous_0711_S5_strategy2.npz,16903–21032,RELATIONSHIPS,RELATIONSHIPS,TP
continuous_0712_S5_strategy2.npz,0–4246,NUMBER,NUMBER,TP
continuous_0712_S5_strategy2.npz,2933–5900,—,NUMBER,FP
continuous_0712_S5_strategy2.npz,4246–8492,FAMILY,FAMILY,TP
continuous_0712_S5_strategy2.npz,8492–12704,DRINK,DRINK,TP
continuous_0712_S5_strategy2.npz,12704–16917,SURVIVAL,COLOR,TP
continuous_0712_S5_strategy2.npz,16917–20983,GREETING,GREETING,TP
continuous_0712_S5_strategy2.npz,20983–25229,RELATIONSHIPS,RELATIONSHIPS,TP
continuous_0712_S5_strategy2.npz,25229–29474,DAYS,DAYS,TP
continuous_0713_S5_strategy2.npz,0–4246,DRINK,DRINK,TP
continuous_0713_S5_strategy2.npz,4246–8486,COLOR,COLOR,TP
continuous_0713_S5_strategy2.npz,8486–12732,CALENDAR,CALENDAR,TP
continuous_0713_S5_strategy2.npz,12732–16398,SURVIVAL,SURVIVAL,TP
continuous_0713_S5_strategy2.npz,16398–20426,DAYS,DAYS,TP
continuous_0714_S5_strategy2.npz,0–4246,DAYS,DAYS,TP
continuous_0714_S5_strategy2.npz,4246–8491,RELATIONSHIPS,RELATIONSHIPS,TP
continuous_0714_S5_strategy2.npz,5333–8000,—,COLOR,FP
continuous_0714_S5_strategy2.npz,8491–12737,NUMBER,NUMBER,TP
continuous_0714_S5_strategy2.npz,10666–13333,—,FOOD,FP
continuous_0714_S5_strategy2.npz,12737–16983,FOOD,FOOD,TP
continuous_0714_S5_strategy2.npz,16983–21228,FAMILY,FAMILY,TP
continuous_0715_S5_strategy2.npz,0–4246,SURVIVAL,SURVIVAL,TP
continuous_0715_S5_strategy2.npz,4246–8525,RELATIONSHIPS,RELATIONSHIPS,TP
continuous_0715_S5_strategy2.npz,5700–8533,—,RELATIONSHIPS,FP
continuous_0715_S5_strategy2.npz,8525–12771,FOOD,FOOD,TP
continuous_0715_S5_strategy2.npz,12771–17017,FAMILY,FAMILY,TP
continuous_0715_S5_strategy2.npz,17017–21263,DAYS,DAYS,TP
continuous_0715_S5_strategy2.npz,21263–25542,COLOR,COLOR,TP
continuous_0716_S5_strategy2.npz,0–4246,SURVIVAL,SURVIVAL,TP
continuous_0716_S5_strategy2.npz,4246–8491,CALENDAR,CALENDAR,TP
continuous_0716_S5_strategy2.npz,8491–12737,COLOR,COLOR,TP
continuous_0716_S5_strategy2.npz,12737–17016,DRINK,DRINK,TP
continuous_0716_S5_strategy2.npz,17016–21262,FAMILY,FAMILY,TP
continuous_0717_S5_strategy2.npz,0–4246,DRINK,DRINK,TP
continuous_0717_S5_strategy2.npz,2400–4833,—,FAMILY,FP
continuous_0717_S5_strategy2.npz,4246–8492,FAMILY,FAMILY,TP
continuous_0717_S5_strategy2.npz,7233–12066,—,FAMILY,FP
continuous_0717_S5_strategy2.npz,8492–12857,GREETING,GREETING,TP
continuous_0717_S5_strategy2.npz,12857–17103,NUMBER,DRINK,TP
continuous_0717_S5_strategy2.npz,17103–20436,SURVIVAL,SURVIVAL,TP
continuous_0717_S5_strategy2.npz,20436–24635,COLOR,COLOR,TP
continuous_0717_S5_strategy2.npz,24166–26566,—,FOOD,FP
continuous_0717_S5_strategy2.npz,24635–28934,FOOD,FOOD,TP
continuous_0718_S5_strategy2.npz,0–4232,FOOD,FOOD,TP
continuous_0718_S5_strategy2.npz,3133–6300,—,FOOD,FP
continuous_0718_S5_strategy2.npz,4232–8331,DRINK,DRINK,TP
continuous_0718_S5_strategy2.npz,8331–12863,CALENDAR,—,FN
continuous_0718_S5_strategy2.npz,12633–15800,—,CALENDAR,FP
continuous_0718_S5_strategy2.npz,12863–16824,RELATIONSHIPS,CALENDAR,TP
continuous_0718_S5_strategy2.npz,16824–21070,NUMBER,NUMBER,TP
continuous_0718_S5_strategy2.npz,21070–25270,SURVIVAL,SURVIVAL,TP
continuous_0719_S5_strategy2.npz,0–4212,CALENDAR,CALENDAR,TP
continuous_0719_S5_strategy2.npz,4212–8458,RELATIONSHIPS,RELATIONSHIPS,TP
continuous_0719_S5_strategy2.npz,8458–12737,NUMBER,NUMBER,TP
continuous_0719_S5_strategy2.npz,12737–16902,FOOD,FOOD,TP
continuous_0719_S5_strategy2.npz,15900–18566,—,COLOR,FP
continuous_0719_S5_strategy2.npz,16902–21147,COLOR,COLOR,TP
continuous_0720_S5_strategy2.npz,0–4246,NUMBER,NUMBER,TP
continuous_0720_S5_strategy2.npz,2633–5300,—,NUMBER,FP
continuous_0720_S5_strategy2.npz,4246–8511,FOOD,FOOD,TP
continuous_0720_S5_strategy2.npz,7966–10633,—,NUMBER,FP
continuous_0720_S5_strategy2.npz,8511–12843,GREETING,GREETING,TP
continuous_0720_S5_strategy2.npz,12843–16976,DRINK,DAYS,TP
continuous_0720_S5_strategy2.npz,15966–18633,—,DRINK,FP
continuous_0720_S5_strategy2.npz,16976–21255,SURVIVAL,SURVIVAL,TP
continuous_0721_S5_strategy2.npz,0–4246,RELATIONSHIPS,RELATIONSHIPS,TP
continuous_0721_S5_strategy2.npz,3033–6066,—,NUMBER,FP
continuous_0721_S5_strategy2.npz,4246–8492,DAYS,DAYS,TP
continuous_0721_S5_strategy2.npz,8492–12724,GREETING,GREETING,TP
continuous_0721_S5_strategy2.npz,12724–16970,NUMBER,NUMBER,TP
continuous_0721_S5_strategy2.npz,16970–21249,FOOD,FOOD,TP
continuous_0722_S5_strategy2.npz,0–4246,FOOD,FOOD,TP
continuous_0722_S5_strategy2.npz,4246–8545,GREETING,GREETING,TP
continuous_0722_S5_strategy2.npz,8545–12790,FAMILY,FAMILY,TP
continuous_0722_S5_strategy2.npz,10833–13566,—,DAYS,FP
continuous_0722_S5_strategy2.npz,12790–17036,DAYS,—,FN
continuous_0722_S5_strategy2.npz,13566–16266,—,GREETING,FP
continuous_0722_S5_strategy2.npz,16266–19000,—,SURVIVAL,FP
continuous_0722_S5_strategy2.npz,17036–21282,SURVIVAL,SURVIVAL,TP
continuous_0722_S5_strategy2.npz,21282–25528,NUMBER,NUMBER,TP
continuous_0722_S5_strategy2.npz,21700–24433,—,NUMBER,FP
continuous_0722_S5_strategy2.npz,25528–29774,RELATIONSHIPS,RELATIONSHIPS,TP
continuous_0723_S5_strategy2.npz,0–4832,GREETING,GREETING,TP
continuous_0723_S5_strategy2.npz,4832–8931,FOOD,FOOD,TP
continuous_0723_S5_strategy2.npz,8931–13176,FAMILY,FAMILY,TP
continuous_0723_S5_strategy2.npz,13176–17422,CALENDAR,CALENDAR,TP
continuous_0723_S5_strategy2.npz,16500–19233,—,CALENDAR,FP
continuous_0723_S5_strategy2.npz,17422–21668,RELATIONSHIPS,—,FN
continuous_0723_S5_strategy2.npz,19233–22000,—,COLOR,FP
continuous_0723_S5_strategy2.npz,21668–25914,DRINK,DRINK,TP
continuous_0723_S5_strategy2.npz,22000–24733,—,RELATIONSHIPS,FP
continuous_0723_S5_strategy2.npz,25914–30160,NUMBER,NUMBER,TP
continuous_0724_S5_strategy2.npz,0–4279,RELATIONSHIPS,RELATIONSHIPS,TP
continuous_0724_S5_strategy2.npz,4279–8524,DAYS,FOOD,TP
continuous_0724_S5_strategy2.npz,6666–10000,—,DRINK,FP
continuous_0724_S5_strategy2.npz,8524–12923,GREETING,—,FN
continuous_0724_S5_strategy2.npz,10000–13333,—,FAMILY,FP
continuous_0724_S5_strategy2.npz,12923–17169,FAMILY,—,FN
continuous_0724_S5_strategy2.npz,13333–16666,—,RELATIONSHIPS,FP
continuous_0724_S5_strategy2.npz,17169–21415,SURVIVAL,SURVIVAL,TP
continuous_0724_S5_strategy2.npz,20000–23333,—,FAMILY,FP
continuous_0724_S5_strategy2.npz,21415–25694,COLOR,COLOR,TP
continuous_0724_S5_strategy2.npz,25694–29906,FOOD,FOOD,TP
continuous_0725_S5_strategy2.npz,0–4232,FOOD,FOOD,TP
continuous_0725_S5_strategy2.npz,2600–5200,—,DAYS,FP
continuous_0725_S5_strategy2.npz,4232–8126,DAYS,—,FN
continuous_0725_S5_strategy2.npz,5200–7833,—,FAMILY,FP
continuous_0725_S5_strategy2.npz,7833–10433,—,RELATIONSHIPS,FP
continuous_0725_S5_strategy2.npz,8126–12372,FAMILY,—,FN
continuous_0725_S5_strategy2.npz,10433–13066,—,RELATIONSHIPS,FP
continuous_0725_S5_strategy2.npz,12372–16568,RELATIONSHIPS,—,FN
continuous_0725_S5_strategy2.npz,13066–15666,—,GREETING,FP
continuous_0725_S5_strategy2.npz,15666–18300,—,SURVIVAL,FP
continuous_0725_S5_strategy2.npz,16568–20501,SURVIVAL,—,FN
continuous_0725_S5_strategy2.npz,18300–20900,—,RELATIONSHIPS,FP
continuous_0725_S5_strategy2.npz,20501–24601,GREETING,GREETING,TP
continuous_0725_S5_strategy2.npz,23533–26133,—,NUMBER,FP
continuous_0725_S5_strategy2.npz,24601–28733,NUMBER,NUMBER,TP
continuous_0726_S5_strategy2.npz,0–4212,DAYS,DAYS,TP
continuous_0726_S5_strategy2.npz,4212–8458,COLOR,COLOR,TP
continuous_0726_S5_strategy2.npz,8458–12704,NUMBER,NUMBER,TP
continuous_0726_S5_strategy2.npz,12704–17036,GREETING,GREETING,TP
continuous_0726_S5_strategy2.npz,17036–21282,DRINK,COLOR,TP
continuous_0726_S5_strategy2.npz,19233–22433,—,RELATIONSHIPS,FP
continuous_0726_S5_strategy2.npz,21282–25561,SURVIVAL,SURVIVAL,TP
continuous_0727_S5_strategy2.npz,0–4279,SURVIVAL,SURVIVAL,TP
continuous_0727_S5_strategy2.npz,4279–8525,FAMILY,FAMILY,TP
continuous_0727_S5_strategy2.npz,8525–12771,DAYS,DAYS,TP
continuous_0727_S5_strategy2.npz,12771–17017,NUMBER,DRINK,TP
continuous_0727_S5_strategy2.npz,17017–21263,RELATIONSHIPS,SURVIVAL,TP
continuous_0727_S5_strategy2.npz,21263–25509,DRINK,DRINK,TP
continuous_0728_S5_strategy2.npz,0–4213,FOOD,FOOD,TP
continuous_0728_S5_strategy2.npz,4213–8459,RELATIONSHIPS,RELATIONSHIPS,TP
continuous_0728_S5_strategy2.npz,7933–10600,—,FAMILY,FP
continuous_0728_S5_strategy2.npz,8459–12705,COLOR,COLOR,TP
continuous_0728_S5_strategy2.npz,12705–16937,GREETING,GREETING,TP
continuous_0728_S5_strategy2.npz,15900–18533,—,NUMBER,FP
continuous_0728_S5_strategy2.npz,16937–21136,NUMBER,NUMBER,TP
continuous_0729_S5_strategy2.npz,0–4165,COLOR,COLOR,TP
continuous_0729_S5_strategy2.npz,3033–6066,—,SURVIVAL,FP
continuous_0729_S5_strategy2.npz,4165–8378,FAMILY,FAMILY,TP
continuous_0729_S5_strategy2.npz,8378–12624,SURVIVAL,SURVIVAL,TP
continuous_0729_S5_strategy2.npz,12624–16902,DAYS,DAYS,TP
continuous_0729_S5_strategy2.npz,16902–21148,DRINK,DRINK,TP
continuous_0730_S5_strategy2.npz,0–4279,SURVIVAL,SURVIVAL,TP
continuous_0730_S5_strategy2.npz,4279–8525,FOOD,FOOD,TP
continuous_0730_S5_strategy2.npz,8525–12771,RELATIONSHIPS,RELATIONSHIPS,TP
continuous_0730_S5_strategy2.npz,12771–17017,DAYS,DAYS,TP
continuous_0730_S5_strategy2.npz,17017–21263,FAMILY,FAMILY,TP
continuous_0730_S5_strategy2.npz,21263–25509,COLOR,COLOR,TP
continuous_0730_S5_strategy2.npz,25509–29788,CALENDAR,—,FN
continuous_0730_S5_strategy2.npz,27600–29933,—,CALENDAR,FP
continuous_0731_S5_strategy2.npz,0–4246,FOOD,FOOD,TP
continuous_0731_S5_strategy2.npz,2966–5933,—,COLOR,FP
continuous_0731_S5_strategy2.npz,4246–8312,COLOR,—,FN
continuous_0731_S5_strategy2.npz,5933–8900,—,SURVIVAL,FP
continuous_0731_S5_strategy2.npz,8312–12345,SURVIVAL,—,FN
continuous_0731_S5_strategy2.npz,8900–11866,—,NUMBER,FP
continuous_0731_S5_strategy2.npz,11866–14833,—,NUMBER,FP
continuous_0731_S5_strategy2.npz,12345–16591,NUMBER,—,FN
continuous_0731_S5_strategy2.npz,14833–17800,—,FOOD,FP
continuous_0731_S5_strategy2.npz,16591–20923,GREETING,—,FN
continuous_0731_S5_strategy2.npz,17800–20766,—,NUMBER,FP
continuous_0731_S5_strategy2.npz,20923–25169,FAMILY,FAMILY,TP
continuous_0731_S5_strategy2.npz,23733–26700,—,FAMILY,FP
continuous_0731_S5_strategy2.npz,25169–29600,CALENDAR,CALENDAR,TP
continuous_0732_S5_strategy2.npz,0–4232,GREETING,GREETING,TP
continuous_0732_S5_strategy2.npz,4232–8264,FAMILY,FAMILY,TP
continuous_0732_S5_strategy2.npz,8264–12543,COLOR,COLOR,TP
continuous_0732_S5_strategy2.npz,12543–16822,DAYS,DAYS,TP
continuous_0732_S5_strategy2.npz,16822–21101,FOOD,FOOD,TP
continuous_0732_S5_strategy2.npz,21101–25380,DRINK,DRINK,TP
continuous_0732_S5_strategy2.npz,24300–27000,—,NUMBER,FP
continuous_0732_S5_strategy2.npz,25380–29626,NUMBER,NUMBER,TP
continuous_0733_S5_strategy2.npz,0–4499,GREETING,GREETING,TP
continuous_0733_S5_strategy2.npz,4499–8745,NUMBER,NUMBER,TP
continuous_0733_S5_strategy2.npz,6933–9233,—,RELATIONSHIPS,FP
continuous_0733_S5_strategy2.npz,8745–12991,FAMILY,—,FN
continuous_0733_S5_strategy2.npz,9233–13866,—,FAMILY,FP
continuous_0733_S5_strategy2.npz,12991–17236,DAYS,DAYS,TP
continuous_0733_S5_strategy2.npz,16200–18500,—,SURVIVAL,FP
continuous_0733_S5_strategy2.npz,17236–21482,SURVIVAL,SURVIVAL,TP
continuous_0733_S5_strategy2.npz,21482–25728,CALENDAR,CALENDAR,TP
continuous_0733_S5_strategy2.npz,25466–27766,—,CALENDAR,FP
continuous_0733_S5_strategy2.npz,25728–29974,RELATIONSHIPS,RELATIONSHIPS,TP
continuous_0734_S5_strategy2.npz,0–4246,DRINK,DRINK,TP
continuous_0734_S5_strategy2.npz,4246–8378,NUMBER,NUMBER,TP
continuous_0734_S5_strategy2.npz,6366–9533,—,COLOR,FP
continuous_0734_S5_strategy2.npz,8378–12656,COLOR,—,FN
continuous_0734_S5_strategy2.npz,9533–12733,—,GREETING,FP
continuous_0734_S5_strategy2.npz,12656–16902,DAYS,DAYS,TP
continuous_0734_S5_strategy2.npz,16902–21148,CALENDAR,CALENDAR,TP
continuous_0734_S5_strategy2.npz,21148–25360,FAMILY,FAMILY,TP
continuous_0735_S5_strategy2.npz,0–4278,COLOR,COLOR,TP
continuous_0735_S5_strategy2.npz,4278–8524,FAMILY,FAMILY,TP
continuous_0735_S5_strategy2.npz,8524–12770,DAYS,FAMILY,TP
continuous_0735_S5_strategy2.npz,12770–17016,NUMBER,NUMBER,TP
continuous_0735_S5_strategy2.npz,17016–21215,DRINK,DRINK,TP
continuous_0735_S5_strategy2.npz,20400–23333,—,FOOD,FP
continuous_0735_S5_strategy2.npz,21215–26180,GREETING,GREETING,TP
continuous_0736_S5_strategy2.npz,0–4246,COLOR,COLOR,TP
continuous_0736_S5_strategy2.npz,2700–5433,—,FAMILY,FP
continuous_0736_S5_strategy2.npz,4246–8492,FAMILY,—,FN
continuous_0736_S5_strategy2.npz,5433–8166,—,RELATIONSHIPS,FP
continuous_0736_S5_strategy2.npz,8166–10866,—,GREETING,FP
continuous_0736_S5_strategy2.npz,8492–12738,RELATIONSHIPS,—,FN
continuous_0736_S5_strategy2.npz,10866–13600,—,GREETING,FP
continuous_0736_S5_strategy2.npz,12738–17237,GREETING,—,FN
continuous_0736_S5_strategy2.npz,13600–16333,—,COLOR,FP
continuous_0736_S5_strategy2.npz,17237–21366,DAYS,DAYS,TP
continuous_0736_S5_strategy2.npz,21366–25612,SURVIVAL,SURVIVAL,TP
continuous_0736_S5_strategy2.npz,25612–29858,DRINK,DRINK,TP
continuous_0737_S5_strategy2.npz,0–4246,RELATIONSHIPS,RELATIONSHIPS,TP
continuous_0737_S5_strategy2.npz,3533–7100,—,FAMILY,FP
continuous_0737_S5_strategy2.npz,4246–8445,DRINK,DRINK,TP
continuous_0737_S5_strategy2.npz,8445–12744,GREETING,GREETING,TP
continuous_0737_S5_strategy2.npz,12744–17023,DAYS,DAYS,TP
continuous_0737_S5_strategy2.npz,17023–21269,FOOD,GREETING,TP
continuous_0738_S5_strategy2.npz,0–4465,GREETING,GREETING,TP
continuous_0738_S5_strategy2.npz,4465–8711,SURVIVAL,SURVIVAL,TP
continuous_0738_S5_strategy2.npz,8133–10833,—,SURVIVAL,FP
continuous_0738_S5_strategy2.npz,8711–12957,FOOD,FOOD,TP
continuous_0738_S5_strategy2.npz,12957–17389,DRINK,DRINK,TP
continuous_0738_S5_strategy2.npz,16266–18966,—,FOOD,FP
continuous_0738_S5_strategy2.npz,17389–21635,NUMBER,NUMBER,TP
continuous_0739_S5_strategy2.npz,0–4246,COLOR,COLOR,TP
continuous_0739_S5_strategy2.npz,4246–8492,FOOD,FOOD,TP
continuous_0739_S5_strategy2.npz,8492–12158,DRINK,DRINK,TP
continuous_0739_S5_strategy2.npz,12158–16404,NUMBER,NUMBER,TP
continuous_0739_S5_strategy2.npz,16404–21236,GREETING,GREETING,TP
continuous_0739_S5_strategy2.npz,21236–25481,RELATIONSHIPS,RELATIONSHIPS,TP
continuous_0740_S5_strategy2.npz,0–4065,COLOR,COLOR,TP
continuous_0740_S5_strategy2.npz,4065–8311,DAYS,DAYS,TP
continuous_0740_S5_strategy2.npz,8311–12411,GREETING,GREETING,TP
continuous_0740_S5_strategy2.npz,12411–16657,DRINK,DRINK,TP
continuous_0740_S5_strategy2.npz,12600–15766,—,FOOD,FP
continuous_0740_S5_strategy2.npz,16657–20936,SURVIVAL,SURVIVAL,TP
continuous_0740_S5_strategy2.npz,20936–25168,FOOD,—,FN
continuous_0740_S5_strategy2.npz,22066–25233,—,GREETING,FP
continuous_0741_S5_strategy2.npz,0–4232,GREETING,GREETING,TP
continuous_0741_S5_strategy2.npz,2333–4700,—,DRINK,FP
continuous_0741_S5_strategy2.npz,4232–8445,DRINK,—,FN
continuous_0741_S5_strategy2.npz,4700–9400,—,DRINK,FP
continuous_0741_S5_strategy2.npz,8445–12607,DAYS,DAYS,TP
continuous_0741_S5_strategy2.npz,11733–14100,—,RELATIONSHIPS,FP
continuous_0741_S5_strategy2.npz,12607–16853,RELATIONSHIPS,RELATIONSHIPS,TP
continuous_0741_S5_strategy2.npz,16433–18800,—,SURVIVAL,FP
continuous_0741_S5_strategy2.npz,16853–21099,NUMBER,NUMBER,TP
continuous_0742_S5_strategy2.npz,0–4245,SURVIVAL,SURVIVAL,TP
continuous_0742_S5_strategy2.npz,4245–8491,NUMBER,NUMBER,TP
continuous_0742_S5_strategy2.npz,7566–10100,—,CALENDAR,FP
continuous_0742_S5_strategy2.npz,8491–12737,CALENDAR,—,FN
continuous_0742_S5_strategy2.npz,10100–12633,—,CALENDAR,FP
continuous_0742_S5_strategy2.npz,12737–16664,RELATIONSHIPS,RELATIONSHIPS,TP
continuous_0742_S5_strategy2.npz,15133–17666,—,FOOD,FP
continuous_0742_S5_strategy2.npz,16664–20910,FOOD,FOOD,TP
continuous_0742_S5_strategy2.npz,20910–25156,FAMILY,FAMILY,TP
continuous_0743_S5_strategy2.npz,0–4246,COLOR,COLOR,TP
continuous_0743_S5_strategy2.npz,3533–7100,—,CALENDAR,FP
continuous_0743_S5_strategy2.npz,4246–8492,RELATIONSHIPS,RELATIONSHIPS,TP
continuous_0743_S5_strategy2.npz,8492–12738,CALENDAR,CALENDAR,TP
continuous_0743_S5_strategy2.npz,12738–16984,DRINK,DRINK,TP
continuous_0743_S5_strategy2.npz,16984–21229,DAYS,DAYS,TP
continuous_0744_S5_strategy2.npz,0–4099,RELATIONSHIPS,RELATIONSHIPS,TP
continuous_0744_S5_strategy2.npz,4099–8298,DRINK,DRINK,TP
continuous_0744_S5_strategy2.npz,8298–12544,CALENDAR,CALENDAR,TP
continuous_0744_S5_strategy2.npz,12544–16823,COLOR,COLOR,TP
continuous_0744_S5_strategy2.npz,16823–21069,FOOD,FOOD,TP
continuous_0744_S5_strategy2.npz,21069–25501,GREETING,GREETING,TP
continuous_0745_S5_strategy2.npz,0–4199,NUMBER,NUMBER,TP
continuous_0745_S5_strategy2.npz,4199–8445,CALENDAR,CALENDAR,TP
continuous_0745_S5_strategy2.npz,8445–12691,DAYS,DAYS,TP
continuous_0745_S5_strategy2.npz,12691–16937,FOOD,FOOD,TP
continuous_0745_S5_strategy2.npz,16937–21183,COLOR,COLOR,TP
continuous_0746_S5_strategy2.npz,0–4132,FAMILY,FAMILY,TP
continuous_0746_S5_strategy2.npz,4132–8378,FOOD,FOOD,TP
continuous_0746_S5_strategy2.npz,8378–12543,NUMBER,NUMBER,TP
continuous_0746_S5_strategy2.npz,10533–13166,—,SURVIVAL,FP
continuous_0746_S5_strategy2.npz,12543–16788,RELATIONSHIPS,RELATIONSHIPS,TP
continuous_0746_S5_strategy2.npz,15800–18433,—,DRINK,FP
continuous_0746_S5_strategy2.npz,16788–21034,SURVIVAL,SURVIVAL,TP
continuous_0747_S5_strategy2.npz,0–4246,FAMILY,FAMILY,TP
continuous_0747_S5_strategy2.npz,3000–6000,—,NUMBER,FP
continuous_0747_S5_strategy2.npz,4246–8442,DAYS,DAYS,TP
continuous_0747_S5_strategy2.npz,8442–12541,COLOR,COLOR,TP
continuous_0747_S5_strategy2.npz,9000–12033,—,SURVIVAL,FP
continuous_0747_S5_strategy2.npz,12541–16820,SURVIVAL,SURVIVAL,TP
continuous_0747_S5_strategy2.npz,16820–21020,GREETING,GREETING,TP
continuous_0748_S5_strategy2.npz,0–4246,FAMILY,FAMILY,TP
continuous_0748_S5_strategy2.npz,2933–5866,—,FOOD,FP
continuous_0748_S5_strategy2.npz,4246–8445,FOOD,—,FN
continuous_0748_S5_strategy2.npz,5866–8800,—,SURVIVAL,FP
continuous_0748_S5_strategy2.npz,8445–12691,SURVIVAL,SURVIVAL,TP
continuous_0748_S5_strategy2.npz,12691–16937,NUMBER,NUMBER,TP
continuous_0748_S5_strategy2.npz,16937–20969,COLOR,COLOR,TP
continuous_0748_S5_strategy2.npz,20969–25182,RELATIONSHIPS,RELATIONSHIPS,TP
continuous_0748_S5_strategy2.npz,25182–29344,DAYS,DAYS,TP
continuous_0749_S5_strategy2.npz,0–4246,SURVIVAL,SURVIVAL,TP
continuous_0749_S5_strategy2.npz,2500–5033,—,DRINK,FP
continuous_0749_S5_strategy2.npz,4246–8492,NUMBER,NUMBER,TP
continuous_0749_S5_strategy2.npz,8492–12738,CALENDAR,CALENDAR,TP
continuous_0749_S5_strategy2.npz,12738–17017,COLOR,COLOR,TP
continuous_0749_S5_strategy2.npz,15100–17600,—,COLOR,FP
continuous_0749_S5_strategy2.npz,17017–21079,DAYS,DAYS,TP
continuous_0749_S5_strategy2.npz,21079–25079,DRINK,DRINK,TP
continuous_0750_S5_strategy2.npz,0–4246,DAYS,DAYS,TP
continuous_0750_S5_strategy2.npz,2700–5433,—,SURVIVAL,FP
continuous_0750_S5_strategy2.npz,4246–8525,SURVIVAL,—,FN
continuous_0750_S5_strategy2.npz,5433–8133,—,RELATIONSHIPS,FP
continuous_0750_S5_strategy2.npz,8133–13566,—,COLOR,FP
continuous_0750_S5_strategy2.npz,8525–12770,RELATIONSHIPS,—,FN
continuous_0750_S5_strategy2.npz,12770–17016,COLOR,—,FN
continuous_0750_S5_strategy2.npz,13566–16300,—,CALENDAR,FP
continuous_0750_S5_strategy2.npz,16300–19000,—,RELATIONSHIPS,FP
continuous_0750_S5_strategy2.npz,17016–21262,CALENDAR,—,FN
continuous_0750_S5_strategy2.npz,19000–21733,—,NUMBER,FP
continuous_0750_S5_strategy2.npz,21262–25507,NUMBER,NUMBER,TP
continuous_0750_S5_strategy2.npz,24433–27166,—,GREETING,FP
continuous_0750_S5_strategy2.npz,25507–29752,FAMILY,FAMILY,TP
continuous_0751_S5_strategy2.npz,0–4199,COLOR,COLOR,TP
continuous_0751_S5_strategy2.npz,4199–8764,GREETING,GREETING,TP
continuous_0751_S5_strategy2.npz,4600–6900,—,COLOR,FP
continuous_0751_S5_strategy2.npz,8764–12829,DRINK,DRINK,TP
continuous_0751_S5_strategy2.npz,12829–17075,CALENDAR,CALENDAR,TP
continuous_0751_S5_strategy2.npz,17075–21321,FOOD,FOOD,TP
continuous_0751_S5_strategy2.npz,20700–23000,—,DRINK,FP
continuous_0751_S5_strategy2.npz,21321–25600,SURVIVAL,SURVIVAL,TP
continuous_0751_S5_strategy2.npz,25300–27600,—,SURVIVAL,FP
continuous_0751_S5_strategy2.npz,25600–29846,FAMILY,FAMILY,TP
continuous_0752_S5_strategy2.npz,0–4246,CALENDAR,CALENDAR,TP
continuous_0752_S5_strategy2.npz,2466–4933,—,SURVIVAL,FP
continuous_0752_S5_strategy2.npz,4246–8525,SURVIVAL,—,FN
continuous_0752_S5_strategy2.npz,4933–7433,—,SURVIVAL,FP
continuous_0752_S5_strategy2.npz,7433–9900,—,FOOD,FP
continuous_0752_S5_strategy2.npz,8525–12771,FOOD,—,FN
continuous_0752_S5_strategy2.npz,9900–12400,—,FOOD,FP
continuous_0752_S5_strategy2.npz,12771–17050,COLOR,COLOR,TP
continuous_0752_S5_strategy2.npz,17050–21295,FAMILY,FAMILY,TP
continuous_0752_S5_strategy2.npz,21295–25574,RELATIONSHIPS,RELATIONSHIPS,TP
continuous_0752_S5_strategy2.npz,24800–27266,—,FAMILY,FP
continuous_0752_S5_strategy2.npz,25574–29639,GREETING,GREETING,TP
continuous_0753_S5_strategy2.npz,0–4246,FOOD,FOOD,TP
continuous_0753_S5_strategy2.npz,4246–8445,DRINK,DRINK,TP
continuous_0753_S5_strategy2.npz,8445–12691,NUMBER,NUMBER,TP
continuous_0753_S5_strategy2.npz,12691–16937,COLOR,COLOR,TP
continuous_0753_S5_strategy2.npz,16937–21203,GREETING,GREETING,TP
continuous_0753_S5_strategy2.npz,21203–25449,CALENDAR,CALENDAR,TP
continuous_0753_S5_strategy2.npz,25449–29695,SURVIVAL,SURVIVAL,TP
continuous_0754_S5_strategy2.npz,0–4278,DRINK,DRINK,TP
continuous_0754_S5_strategy2.npz,3033–6066,—,COLOR,FP
continuous_0754_S5_strategy2.npz,4278–8490,COLOR,—,FN
continuous_0754_S5_strategy2.npz,6066–9133,—,DAYS,FP
continuous_0754_S5_strategy2.npz,8490–12736,DAYS,—,FN
continuous_0754_S5_strategy2.npz,9133–12166,—,DRINK,FP
continuous_0754_S5_strategy2.npz,12736–16982,SURVIVAL,SURVIVAL,TP
continuous_0754_S5_strategy2.npz,16982–21228,CALENDAR,CALENDAR,TP
continuous_0755_S5_strategy2.npz,0–4245,CALENDAR,CALENDAR,TP
continuous_0755_S5_strategy2.npz,2700–5400,—,CALENDAR,FP
continuous_0755_S5_strategy2.npz,4245–8491,FOOD,FOOD,TP
continuous_0755_S5_strategy2.npz,8491–12737,DRINK,DRINK,TP
continuous_0755_S5_strategy2.npz,12737–16983,SURVIVAL,SURVIVAL,TP
continuous_0755_S5_strategy2.npz,16983–21228,FAMILY,FAMILY,TP
continuous_0755_S5_strategy2.npz,21228–25493,GREETING,GREETING,TP
continuous_0755_S5_strategy2.npz,24433–27133,—,COLOR,FP
continuous_0755_S5_strategy2.npz,25493–29739,COLOR,COLOR,TP
continuous_0756_S5_strategy2.npz,0–4499,GREETING,GREETING,TP
continuous_0756_S5_strategy2.npz,2700–5433,—,DAYS,FP
continuous_0756_S5_strategy2.npz,4499–8728,DAYS,—,FN
continuous_0756_S5_strategy2.npz,5433–8133,—,NUMBER,FP
continuous_0756_S5_strategy2.npz,8728–12861,DRINK,DRINK,TP
continuous_0756_S5_strategy2.npz,10866–13600,—,GREETING,FP
continuous_0756_S5_strategy2.npz,12861–17074,FAMILY,FAMILY,TP
continuous_0756_S5_strategy2.npz,17074–21320,NUMBER,NUMBER,TP
continuous_0756_S5_strategy2.npz,21320–25566,COLOR,COLOR,TP
continuous_0756_S5_strategy2.npz,21766–24466,—,DRINK,FP
continuous_0756_S5_strategy2.npz,25566–29866,SURVIVAL,SURVIVAL,TP
continuous_0757_S5_strategy2.npz,0–4245,RELATIONSHIPS,RELATIONSHIPS,TP
continuous_0757_S5_strategy2.npz,2166–4333,—,RELATIONSHIPS,FP
continuous_0757_S5_strategy2.npz,4245–8491,DAYS,COLOR,TP
continuous_0757_S5_strategy2.npz,8491–12687,CALENDAR,CALENDAR,TP
continuous_0757_S5_strategy2.npz,12687–16933,FOOD,FOOD,TP
continuous_0757_S5_strategy2.npz,16933–21179,COLOR,—,FN
continuous_0757_S5_strategy2.npz,19600–21766,—,DRINK,FP
continuous_0757_S5_strategy2.npz,21179–25425,NUMBER,—,FN
continuous_0757_S5_strategy2.npz,21766–23933,—,COLOR,FP
continuous_0757_S5_strategy2.npz,23933–26133,—,RELATIONSHIPS,FP
continuous_0757_S5_strategy2.npz,25425–30390,GREETING,GREETING,TP
continuous_0757_S5_strategy2.npz,26133–28300,—,NUMBER,FP
continuous_0758_S5_strategy2.npz,0–4246,COLOR,COLOR,TP
continuous_0758_S5_strategy2.npz,4246–8492,FAMILY,FAMILY,TP
continuous_0758_S5_strategy2.npz,8492–12771,FOOD,FOOD,TP
continuous_0758_S5_strategy2.npz,12771–17016,SURVIVAL,SURVIVAL,TP
continuous_0758_S5_strategy2.npz,17016–21262,DRINK,DRINK,TP
continuous_0758_S5_strategy2.npz,21262–25762,GREETING,GREETING,TP
continuous_0759_S5_strategy2.npz,0–4245,FAMILY,FAMILY,TP
continuous_0759_S5_strategy2.npz,4245–8411,SURVIVAL,SURVIVAL,TP
continuous_0759_S5_strategy2.npz,8411–12610,GREETING,GREETING,TP
continuous_0759_S5_strategy2.npz,12610–16856,CALENDAR,CALENDAR,TP
continuous_0759_S5_strategy2.npz,16856–21102,DAYS,DAYS,TP
continuous_0759_S5_strategy2.npz,16933–19766,—,RELATIONSHIPS,FP
continuous_0759_S5_strategy2.npz,21102–25348,COLOR,RELATIONSHIPS,TP
continuous_0760_S5_strategy2.npz,0–4246,DRINK,DRINK,TP
continuous_0760_S5_strategy2.npz,2366–4733,—,DRINK,FP
continuous_0760_S5_strategy2.npz,4246–8579,SURVIVAL,SURVIVAL,TP
continuous_0760_S5_strategy2.npz,7133–11866,—,SURVIVAL,FP
continuous_0760_S5_strategy2.npz,8579–12825,DAYS,DAYS,TP
continuous_0760_S5_strategy2.npz,12825–17071,RELATIONSHIPS,RELATIONSHIPS,TP
continuous_0760_S5_strategy2.npz,17071–21317,FAMILY,FAMILY,TP
continuous_0761_S5_strategy2.npz,0–4246,DAYS,DAYS,TP
continuous_0761_S5_strategy2.npz,4246–8491,DRINK,DRINK,TP
continuous_0761_S5_strategy2.npz,8491–12524,GREETING,GREETING,TP
continuous_0761_S5_strategy2.npz,11700–14066,—,DRINK,FP
continuous_0761_S5_strategy2.npz,12524–16770,FAMILY,FAMILY,TP
continuous_0761_S5_strategy2.npz,16400–18733,—,NUMBER,FP
continuous_0761_S5_strategy2.npz,16770–21016,SURVIVAL,SURVIVAL,TP
continuous_0762_S5_strategy2.npz,0–4279,CALENDAR,CALENDAR,TP
continuous_0762_S5_strategy2.npz,4279–8307,DAYS,DAYS,TP
continuous_0762_S5_strategy2.npz,8307–12520,SURVIVAL,SURVIVAL,TP
continuous_0762_S5_strategy2.npz,12520–16799,FAMILY,FAMILY,TP
continuous_0762_S5_strategy2.npz,12800–15366,—,FAMILY,FP
continuous_0762_S5_strategy2.npz,16799–21045,FOOD,FOOD,TP
continuous_0762_S5_strategy2.npz,21045–25543,RELATIONSHIPS,RELATIONSHIPS,TP
continuous_0763_S5_strategy2.npz,0–4213,RELATIONSHIPS,RELATIONSHIPS,TP
continuous_0763_S5_strategy2.npz,2333–4700,—,FAMILY,FP
continuous_0763_S5_strategy2.npz,4213–8459,NUMBER,NUMBER,TP
continuous_0763_S5_strategy2.npz,4700–7033,—,NUMBER,FP
continuous_0763_S5_strategy2.npz,8459–12737,FAMILY,RELATIONSHIPS,TP
continuous_0763_S5_strategy2.npz,12737–16983,DRINK,DRINK,TP
continuous_0763_S5_strategy2.npz,16433–18800,—,RELATIONSHIPS,FP
continuous_0763_S5_strategy2.npz,16983–21082,GREETING,GREETING,TP
continuous_0764_S5_strategy2.npz,0–4832,GREETING,GREETING,TP
continuous_0764_S5_strategy2.npz,4832–9078,SURVIVAL,SURVIVAL,TP
continuous_0764_S5_strategy2.npz,9078–13291,RELATIONSHIPS,RELATIONSHIPS,TP
continuous_0764_S5_strategy2.npz,10933–13666,—,SURVIVAL,FP
continuous_0764_S5_strategy2.npz,13291–17536,FAMILY,FAMILY,TP
continuous_0764_S5_strategy2.npz,16400–19133,—,RELATIONSHIPS,FP
continuous_0764_S5_strategy2.npz,17536–21782,DAYS,DAYS,TP
continuous_0765_S5_strategy2.npz,0–4246,FAMILY,FAMILY,TP
continuous_0765_S5_strategy2.npz,2833–5666,—,SURVIVAL,FP
continuous_0765_S5_strategy2.npz,4246–8492,CALENDAR,CALENDAR,TP
continuous_0765_S5_strategy2.npz,8492–12738,RELATIONSHIPS,RELATIONSHIPS,TP
continuous_0765_S5_strategy2.npz,11333–14166,—,COLOR,FP
continuous_0765_S5_strategy2.npz,12738–16984,DAYS,—,FN
continuous_0765_S5_strategy2.npz,14166–17000,—,RELATIONSHIPS,FP
continuous_0765_S5_strategy2.npz,16984–21183,FOOD,FOOD,TP
continuous_0765_S5_strategy2.npz,19833–22666,—,SURVIVAL,FP
continuous_0765_S5_strategy2.npz,21183–25396,SURVIVAL,SURVIVAL,TP
continuous_0766_S5_strategy2.npz,0–4246,COLOR,COLOR,TP
continuous_0766_S5_strategy2.npz,2466–4966,—,SURVIVAL,FP
continuous_0766_S5_strategy2.npz,4246–8445,GREETING,GREETING,TP
continuous_0766_S5_strategy2.npz,7433–9933,—,DAYS,FP
continuous_0766_S5_strategy2.npz,8445–12690,DRINK,DRINK,TP
continuous_0766_S5_strategy2.npz,12690–16936,SURVIVAL,SURVIVAL,TP
continuous_0766_S5_strategy2.npz,16936–21182,CALENDAR,—,FN
continuous_0766_S5_strategy2.npz,17366–24833,—,CALENDAR,FP
continuous_0766_S5_strategy2.npz,21182–25428,FAMILY,FAMILY,TP
continuous_0766_S5_strategy2.npz,25428–29674,RELATIONSHIPS,RELATIONSHIPS,TP
continuous_0767_S5_strategy2.npz,0–4246,DRINK,DRINK,TP
continuous_0767_S5_strategy2.npz,2633–5300,—,DRINK,FP
continuous_0767_S5_strategy2.npz,4246–8492,DAYS,NUMBER,TP
continuous_0767_S5_strategy2.npz,8492–12738,SURVIVAL,SURVIVAL,TP
continuous_0767_S5_strategy2.npz,12738–16951,CALENDAR,CALENDAR,TP
continuous_0767_S5_strategy2.npz,15966–18633,—,CALENDAR,FP
continuous_0767_S5_strategy2.npz,16951–21197,FOOD,FOOD,TP
continuous_0768_S5_strategy2.npz,0–4333,GREETING,GREETING,TP
continuous_0768_S5_strategy2.npz,4333–8546,RELATIONSHIPS,—,FN
continuous_0768_S5_strategy2.npz,6333–9533,—,RELATIONSHIPS,FP
continuous_0768_S5_strategy2.npz,8546–12745,SURVIVAL,SURVIVAL,TP
continuous_0768_S5_strategy2.npz,12745–16910,NUMBER,NUMBER,TP
continuous_0768_S5_strategy2.npz,16910–21188,COLOR,COLOR,TP
continuous_0768_S5_strategy2.npz,21188–25387,DRINK,DRINK,TP
continuous_0769_S5_strategy2.npz,0–4066,SURVIVAL,SURVIVAL,TP
continuous_0769_S5_strategy2.npz,4066–8312,COLOR,COLOR,TP
continuous_0769_S5_strategy2.npz,8312–12557,CALENDAR,CALENDAR,TP
continuous_0769_S5_strategy2.npz,11733–14666,—,CALENDAR,FP
continuous_0769_S5_strategy2.npz,12557–16803,DAYS,—,FN
continuous_0769_S5_strategy2.npz,14666–17600,—,DAYS,FP
continuous_0769_S5_strategy2.npz,16803–20702,FAMILY,—,FN
continuous_0769_S5_strategy2.npz,17600–20533,—,RELATIONSHIPS,FP
continuous_0769_S5_strategy2.npz,20533–23466,—,FAMILY,FP
continuous_0769_S5_strategy2.npz,20702–24981,FOOD,FOOD,TP
continuous_0769_S5_strategy2.npz,24981–29227,NUMBER,NUMBER,TP
continuous_0770_S5_strategy2.npz,0–4246,FAMILY,FAMILY,TP
continuous_0770_S5_strategy2.npz,2733–5466,—,NUMBER,FP
continuous_0770_S5_strategy2.npz,4246–8492,NUMBER,—,FN
continuous_0770_S5_strategy2.npz,5466–8200,—,SURVIVAL,FP
continuous_0770_S5_strategy2.npz,8200–10933,—,NUMBER,FP
continuous_0770_S5_strategy2.npz,8492–12625,SURVIVAL,—,FN
continuous_0770_S5_strategy2.npz,10933–13666,—,GREETING,FP
continuous_0770_S5_strategy2.npz,12625–17357,GREETING,—,FN
continuous_0770_S5_strategy2.npz,13666–16433,—,SURVIVAL,FP
continuous_0770_S5_strategy2.npz,17357–21603,RELATIONSHIPS,RELATIONSHIPS,TP
continuous_0770_S5_strategy2.npz,21603–25816,FOOD,FOOD,TP
continuous_0770_S5_strategy2.npz,25816–30029,DAYS,DAYS,TP
continuous_0771_S5_strategy2.npz,0–4212,FOOD,FOOD,TP
continuous_0771_S5_strategy2.npz,2233–4500,—,COLOR,FP
continuous_0771_S5_strategy2.npz,4212–8458,NUMBER,—,FN
continuous_0771_S5_strategy2.npz,4500–6733,—,NUMBER,FP
continuous_0771_S5_strategy2.npz,6733–9000,—,NUMBER,FP
continuous_0771_S5_strategy2.npz,8458–12657,DRINK,DRINK,TP
continuous_0771_S5_strategy2.npz,11266–13500,—,CALENDAR,FP
continuous_0771_S5_strategy2.npz,12657–16685,CALENDAR,CALENDAR,TP
continuous_0771_S5_strategy2.npz,16685–20931,DAYS,DAYS,TP
continuous_0771_S5_strategy2.npz,20931–24963,COLOR,COLOR,TP
continuous_0771_S5_strategy2.npz,24963–29209,FAMILY,FAMILY,TP
continuous_0772_S5_strategy2.npz,0–4129,CALENDAR,CALENDAR,TP
continuous_0772_S5_strategy2.npz,4129–8375,SURVIVAL,SURVIVAL,TP
continuous_0772_S5_strategy2.npz,8375–12620,COLOR,COLOR,TP
continuous_0772_S5_strategy2.npz,10600–14133,—,NUMBER,FP
continuous_0772_S5_strategy2.npz,12620–16866,DAYS,DAYS,TP
continuous_0772_S5_strategy2.npz,16866–21145,DRINK,DAYS,TP
continuous_0773_S5_strategy2.npz,0–4199,NUMBER,NUMBER,TP
continuous_0773_S5_strategy2.npz,4199–8411,CALENDAR,CALENDAR,TP
continuous_0773_S5_strategy2.npz,8100–10800,—,DAYS,FP
continuous_0773_S5_strategy2.npz,8411–12657,SURVIVAL,SURVIVAL,TP
continuous_0773_S5_strategy2.npz,12657–16956,GREETING,GREETING,TP
continuous_0773_S5_strategy2.npz,16200–18900,—,DRINK,FP
continuous_0773_S5_strategy2.npz,16956–21155,FAMILY,FAMILY,TP
continuous_0773_S5_strategy2.npz,21155–25401,DRINK,DRINK,TP
continuous_0773_S5_strategy2.npz,24300–27000,—,RELATIONSHIPS,FP
continuous_0773_S5_strategy2.npz,25401–29647,RELATIONSHIPS,RELATIONSHIPS,TP
continuous_0774_S5_strategy2.npz,0–4246,FOOD,FOOD,TP
continuous_0774_S5_strategy2.npz,2533–5066,—,CALENDAR,FP
continuous_0774_S5_strategy2.npz,4246–8492,CALENDAR,CALENDAR,TP
continuous_0774_S5_strategy2.npz,7600–10133,—,CALENDAR,FP
continuous_0774_S5_strategy2.npz,8492–12770,COLOR,COLOR,TP
continuous_0774_S5_strategy2.npz,12770–16670,SURVIVAL,SURVIVAL,TP
continuous_0774_S5_strategy2.npz,16670–20916,FAMILY,FAMILY,TP
continuous_0774_S5_strategy2.npz,20916–25248,GREETING,FOOD,TP
continuous_0775_S5_strategy2.npz,0–4246,CALENDAR,CALENDAR,TP
continuous_0775_S5_strategy2.npz,4246–8492,SURVIVAL,SURVIVAL,TP
continuous_0775_S5_strategy2.npz,8492–12738,RELATIONSHIPS,RELATIONSHIPS,TP
continuous_0775_S5_strategy2.npz,11466–14333,—,RELATIONSHIPS,FP
continuous_0775_S5_strategy2.npz,12738–17203,GREETING,GREETING,TP
continuous_0775_S5_strategy2.npz,17203–21449,FOOD,FOOD,TP
continuous_0775_S5_strategy2.npz,21449–25695,NUMBER,COLOR,TP
continuous_0776_S5_strategy2.npz,0–4246,SURVIVAL,SURVIVAL,TP
continuous_0776_S5_strategy2.npz,4246–8492,NUMBER,NUMBER,TP
continuous_0776_S5_strategy2.npz,6333–9500,—,COLOR,FP
continuous_0776_S5_strategy2.npz,8492–12558,COLOR,—,FN
continuous_0776_S5_strategy2.npz,12558–16771,FAMILY,FAMILY,TP
continuous_0776_S5_strategy2.npz,16771–21016,DRINK,DRINK,TP
continuous_0776_S5_strategy2.npz,21016–25295,CALENDAR,CALENDAR,TP
continuous_0777_S5_strategy2.npz,0–4246,DRINK,DRINK,TP
continuous_0777_S5_strategy2.npz,4246–8492,SURVIVAL,SURVIVAL,TP
continuous_0777_S5_strategy2.npz,6800–9066,—,RELATIONSHIPS,FP
continuous_0777_S5_strategy2.npz,8492–12738,RELATIONSHIPS,—,FN
continuous_0777_S5_strategy2.npz,9066–11333,—,SURVIVAL,FP
continuous_0777_S5_strategy2.npz,12738–16803,FOOD,FOOD,TP
continuous_0777_S5_strategy2.npz,15866–18133,—,CALENDAR,FP
continuous_0777_S5_strategy2.npz,16803–21082,CALENDAR,—,FN
continuous_0777_S5_strategy2.npz,18133–20400,—,DRINK,FP
continuous_0777_S5_strategy2.npz,20400–22666,—,NUMBER,FP
continuous_0777_S5_strategy2.npz,21082–25328,NUMBER,NUMBER,TP
continuous_0777_S5_strategy2.npz,24933–27200,—,NUMBER,FP
continuous_0777_S5_strategy2.npz,25328–29360,FAMILY,FAMILY,TP
continuous_0778_S5_strategy2.npz,0–4246,SURVIVAL,SURVIVAL,TP
continuous_0778_S5_strategy2.npz,4246–8492,RELATIONSHIPS,RELATIONSHIPS,TP
continuous_0778_S5_strategy2.npz,8492–12592,DRINK,DRINK,TP
continuous_0778_S5_strategy2.npz,12592–16871,CALENDAR,CALENDAR,TP
continuous_0778_S5_strategy2.npz,16871–20865,DAYS,DAYS,TP
continuous_0779_S5_strategy2.npz,0–4246,CALENDAR,CALENDAR,TP
continuous_0779_S5_strategy2.npz,4246–8492,COLOR,COLOR,TP
continuous_0779_S5_strategy2.npz,8492–12658,GREETING,FAMILY,TP
continuous_0779_S5_strategy2.npz,12658–16904,FOOD,FOOD,TP
continuous_0779_S5_strategy2.npz,16904–21150,FAMILY,FAMILY,TP
continuous_0780_S5_strategy2.npz,0–4246,FOOD,FOOD,TP
continuous_0780_S5_strategy2.npz,4246–8492,FAMILY,NUMBER,TP
continuous_0780_S5_strategy2.npz,8492–12771,NUMBER,NUMBER,TP
continuous_0780_S5_strategy2.npz,12771–17017,DAYS,DAYS,TP
continuous_0780_S5_strategy2.npz,16200–18900,—,CALENDAR,FP
continuous_0780_S5_strategy2.npz,17017–21262,CALENDAR,CALENDAR,TP
continuous_0780_S5_strategy2.npz,21262–25361,COLOR,COLOR,TP
continuous_0780_S5_strategy2.npz,25361–29607,SURVIVAL,SURVIVAL,TP
continuous_0781_S5_strategy2.npz,0–4032,GREETING,GREETING,TP
continuous_0781_S5_strategy2.npz,2833–5666,—,FOOD,FP
continuous_0781_S5_strategy2.npz,4032–8097,FOOD,FOOD,TP
continuous_0781_S5_strategy2.npz,8097–12342,DAYS,DAYS,TP
continuous_0781_S5_strategy2.npz,8533–11366,—,FOOD,FP
continuous_0781_S5_strategy2.npz,12342–17041,FAMILY,—,FN
continuous_0781_S5_strategy2.npz,17041–21287,RELATIONSHIPS,RELATIONSHIPS,TP
continuous_0781_S5_strategy2.npz,17066–19900,—,FAMILY,FP
continuous_0781_S5_strategy2.npz,21287–25533,SURVIVAL,SURVIVAL,TP
continuous_0782_S5_strategy2.npz,0–4246,DAYS,DAYS,TP
continuous_0782_S5_strategy2.npz,2800–5633,—,FOOD,FP
continuous_0782_S5_strategy2.npz,4246–8511,FOOD,—,FN
continuous_0782_S5_strategy2.npz,5633–8466,—,GREETING,FP
continuous_0782_S5_strategy2.npz,8466–11300,—,RELATIONSHIPS,FP
continuous_0782_S5_strategy2.npz,8511–12876,GREETING,—,FN
continuous_0782_S5_strategy2.npz,11300–14100,—,FAMILY,FP
continuous_0782_S5_strategy2.npz,12876–16975,FAMILY,—,FN
continuous_0782_S5_strategy2.npz,14100–16933,—,SURVIVAL,FP
continuous_0782_S5_strategy2.npz,16975–21221,RELATIONSHIPS,RELATIONSHIPS,TP
continuous_0782_S5_strategy2.npz,19766–22600,—,SURVIVAL,FP
continuous_0782_S5_strategy2.npz,21221–25386,NUMBER,NUMBER,TP
continuous_0783_S5_strategy2.npz,0–4246,DRINK,DRINK,TP
continuous_0783_S5_strategy2.npz,2666–5366,—,RELATIONSHIPS,FP
continuous_0783_S5_strategy2.npz,4246–8492,RELATIONSHIPS,—,FN
continuous_0783_S5_strategy2.npz,5366–8066,—,DRINK,FP
continuous_0783_S5_strategy2.npz,8066–10766,—,GREETING,FP
continuous_0783_S5_strategy2.npz,8492–12924,GREETING,—,FN
continuous_0783_S5_strategy2.npz,10766–13433,—,GREETING,FP
continuous_0783_S5_strategy2.npz,12924–17170,DAYS,DAYS,TP
continuous_0783_S5_strategy2.npz,16133–18833,—,DAYS,FP
continuous_0783_S5_strategy2.npz,17170–21448,COLOR,COLOR,TP
continuous_0784_S5_strategy2.npz,0–4199,COLOR,COLOR,TP
continuous_0784_S5_strategy2.npz,4199–8445,DRINK,DRINK,TP
continuous_0784_S5_strategy2.npz,8445–12690,CALENDAR,CALENDAR,TP
continuous_0784_S5_strategy2.npz,12690–16955,NUMBER,NUMBER,TP
continuous_0784_S5_strategy2.npz,16955–20921,FAMILY,FAMILY,TP
continuous_0784_S5_strategy2.npz,20921–25200,RELATIONSHIPS,RELATIONSHIPS,TP
continuous_0785_S5_strategy2.npz,0–4246,DAYS,DAYS,TP
continuous_0785_S5_strategy2.npz,4246–8345,FOOD,FOOD,TP
continuous_0785_S5_strategy2.npz,7266–9700,—,COLOR,FP
continuous_0785_S5_strategy2.npz,8345–12444,NUMBER,NUMBER,TP
continuous_0785_S5_strategy2.npz,12444–16277,SURVIVAL,SURVIVAL,TP
continuous_0785_S5_strategy2.npz,16277–20523,FAMILY,FAMILY,TP
continuous_0785_S5_strategy2.npz,20523–24768,DRINK,DRINK,TP
continuous_0785_S5_strategy2.npz,24266–26700,—,DRINK,FP
continuous_0785_S5_strategy2.npz,24768–29067,GREETING,GREETING,TP
continuous_0786_S5_strategy2.npz,0–4032,FOOD,FOOD,TP
continuous_0786_S5_strategy2.npz,2600–5233,—,NUMBER,FP
continuous_0786_S5_strategy2.npz,4032–8098,NUMBER,—,FN
continuous_0786_S5_strategy2.npz,5233–10500,—,SURVIVAL,FP
continuous_0786_S5_strategy2.npz,8098–13497,GREETING,GREETING,TP
continuous_0786_S5_strategy2.npz,13497–17743,SURVIVAL,SURVIVAL,TP
continuous_0786_S5_strategy2.npz,17743–21989,RELATIONSHIPS,RELATIONSHIPS,TP
continuous_0786_S5_strategy2.npz,18400–21033,—,RELATIONSHIPS,FP
continuous_0786_S5_strategy2.npz,21989–26235,CALENDAR,DRINK,TP
continuous_0787_S5_strategy2.npz,0–4899,GREETING,GREETING,TP
continuous_0787_S5_strategy2.npz,2533–5066,—,NUMBER,FP
continuous_0787_S5_strategy2.npz,4899–9145,NUMBER,—,FN
continuous_0787_S5_strategy2.npz,5066–7600,—,NUMBER,FP
continuous_0787_S5_strategy2.npz,9145–13391,DAYS,DAYS,TP
continuous_0787_S5_strategy2.npz,13391–17637,FOOD,FOOD,TP
continuous_0787_S5_strategy2.npz,17637–21883,FAMILY,FAMILY,TP
continuous_0787_S5_strategy2.npz,20266–22800,—,FAMILY,FP
continuous_0787_S5_strategy2.npz,21883–26045,RELATIONSHIPS,RELATIONSHIPS,TP
continuous_0787_S5_strategy2.npz,25333–27866,—,RELATIONSHIPS,FP
continuous_0787_S5_strategy2.npz,26045–30290,DRINK,DRINK,TP
continuous_0788_S5_strategy2.npz,0–4246,CALENDAR,CALENDAR,TP
continuous_0788_S5_strategy2.npz,2533–5066,—,CALENDAR,FP
continuous_0788_S5_strategy2.npz,4246–8458,DRINK,DRINK,TP
continuous_0788_S5_strategy2.npz,7600–10133,—,DAYS,FP
continuous_0788_S5_strategy2.npz,8458–12704,FOOD,FOOD,TP
continuous_0788_S5_strategy2.npz,12704–16950,COLOR,COLOR,TP
continuous_0788_S5_strategy2.npz,16950–21046,DAYS,DAYS,TP
continuous_0788_S5_strategy2.npz,21046–25292,SURVIVAL,SURVIVAL,TP
continuous_0789_S5_strategy2.npz,0–4246,RELATIONSHIPS,RELATIONSHIPS,TP
continuous_0789_S5_strategy2.npz,4246–8491,SURVIVAL,SURVIVAL,TP
continuous_0789_S5_strategy2.npz,8491–12737,CALENDAR,CALENDAR,TP
continuous_0789_S5_strategy2.npz,11333–14200,—,FOOD,FP
continuous_0789_S5_strategy2.npz,12737–16950,FOOD,FOOD,TP
continuous_0789_S5_strategy2.npz,16950–21196,COLOR,COLOR,TP
continuous_0789_S5_strategy2.npz,19866–22700,—,FOOD,FP
continuous_0789_S5_strategy2.npz,21196–25442,FAMILY,—,FN
continuous_0789_S5_strategy2.npz,22700–25566,—,FAMILY,FP
continuous_0790_S5_strategy2.npz,0–4132,FAMILY,FAMILY,TP
continuous_0790_S5_strategy2.npz,4132–8410,DRINK,DRINK,TP
continuous_0790_S5_strategy2.npz,8410–12656,NUMBER,NUMBER,TP
continuous_0790_S5_strategy2.npz,12656–16621,GREETING,GREETING,TP
continuous_0790_S5_strategy2.npz,16621–20900,DAYS,DAYS,TP
continuous_0790_S5_strategy2.npz,20166–25233,—,FAMILY,FP
continuous_0790_S5_strategy2.npz,20900–25146,CALENDAR,—,FN
continuous_0791_S5_strategy2.npz,0–4246,DAYS,DAYS,TP
continuous_0791_S5_strategy2.npz,3200–6400,—,GREETING,FP
continuous_0791_S5_strategy2.npz,4246–8492,NUMBER,NUMBER,TP
continuous_0791_S5_strategy2.npz,8492–12757,GREETING,GREETING,TP
continuous_0791_S5_strategy2.npz,12757–16970,FOOD,FOOD,TP
continuous_0791_S5_strategy2.npz,16970–21249,RELATIONSHIPS,RELATIONSHIPS,TP
continuous_0791_S5_strategy2.npz,21249–25495,COLOR,COLOR,TP
continuous_0792_S5_strategy2.npz,0–4330,CALENDAR,CALENDAR,TP
continuous_0792_S5_strategy2.npz,3000–6000,—,FAMILY,FP
continuous_0792_S5_strategy2.npz,4330–8575,FAMILY,—,FN
continuous_0792_S5_strategy2.npz,6000–9000,—,FOOD,FP
continuous_0792_S5_strategy2.npz,8575–13040,GREETING,—,FN
continuous_0792_S5_strategy2.npz,9000–12033,—,FOOD,FP
continuous_0792_S5_strategy2.npz,12033–15033,—,DRINK,FP
continuous_0792_S5_strategy2.npz,13040–17286,FOOD,—,FN
continuous_0792_S5_strategy2.npz,17286–21532,DRINK,DRINK,TP
continuous_0792_S5_strategy2.npz,21532–25778,SURVIVAL,SURVIVAL,TP
continuous_0792_S5_strategy2.npz,25778–29990,RELATIONSHIPS,RELATIONSHIPS,TP
continuous_0793_S5_strategy2.npz,0–4279,SURVIVAL,SURVIVAL,TP
continuous_0793_S5_strategy2.npz,4279–8525,NUMBER,NUMBER,TP
continuous_0793_S5_strategy2.npz,8525–12771,FOOD,FOOD,TP
continuous_0793_S5_strategy2.npz,12771–17770,GREETING,GREETING,TP
continuous_0793_S5_strategy2.npz,17770–22016,FAMILY,FAMILY,TP
continuous_0793_S5_strategy2.npz,22016–26261,DRINK,DRINK,TP
continuous_0793_S5_strategy2.npz,26261–30506,DAYS,FOOD,TP
continuous_0794_S5_strategy2.npz,0–4279,FOOD,FOOD,TP
continuous_0794_S5_strategy2.npz,4279–8525,DRINK,DRINK,TP
continuous_0794_S5_strategy2.npz,8525–12771,RELATIONSHIPS,RELATIONSHIPS,TP
continuous_0794_S5_strategy2.npz,12771–17017,SURVIVAL,SURVIVAL,TP
continuous_0794_S5_strategy2.npz,17017–21263,DAYS,DAYS,TP
continuous_0795_S5_strategy2.npz,0–4767,CALENDAR,CALENDAR,TP
continuous_0795_S5_strategy2.npz,2566–5166,—,COLOR,FP
continuous_0795_S5_strategy2.npz,4767–9012,COLOR,—,FN
continuous_0795_S5_strategy2.npz,5166–7766,—,NUMBER,FP
continuous_0795_S5_strategy2.npz,9012–13258,NUMBER,NUMBER,TP
continuous_0795_S5_strategy2.npz,13258–17504,FAMILY,FAMILY,TP
continuous_0795_S5_strategy2.npz,15533–18133,—,COLOR,FP
continuous_0795_S5_strategy2.npz,17504–21750,FOOD,FOOD,TP
continuous_0795_S5_strategy2.npz,20733–23333,—,RELATIONSHIPS,FP
continuous_0795_S5_strategy2.npz,21750–25849,GREETING,GREETING,TP
continuous_0796_S5_strategy2.npz,0–4246,SURVIVAL,SURVIVAL,TP
continuous_0796_S5_strategy2.npz,4246–8278,FOOD,FOOD,TP
continuous_0796_S5_strategy2.npz,7233–10866,—,CALENDAR,FP
continuous_0796_S5_strategy2.npz,8278–12524,CALENDAR,CALENDAR,TP
continuous_0796_S5_strategy2.npz,12524–16769,RELATIONSHIPS,RELATIONSHIPS,TP
continuous_0796_S5_strategy2.npz,16769–21015,NUMBER,NUMBER,TP
continuous_0796_S5_strategy2.npz,21015–25261,DRINK,DRINK,TP
continuous_0797_S5_strategy2.npz,0–4665,GREETING,GREETING,TP
continuous_0797_S5_strategy2.npz,4665–8910,SURVIVAL,SURVIVAL,TP
continuous_0797_S5_strategy2.npz,8910–13189,COLOR,COLOR,TP
continuous_0797_S5_strategy2.npz,13189–17434,FOOD,FOOD,TP
continuous_0797_S5_strategy2.npz,17434–21633,FAMILY,FAMILY,TP
continuous_0797_S5_strategy2.npz,21633–25912,CALENDAR,CALENDAR,TP
continuous_0797_S5_strategy2.npz,23566–26933,—,NUMBER,FP
continuous_0797_S5_strategy2.npz,25912–30191,NUMBER,NUMBER,TP
continuous_0798_S5_strategy2.npz,0–4065,NUMBER,NUMBER,TP
continuous_0798_S5_strategy2.npz,4065–8311,COLOR,COLOR,TP
continuous_0798_S5_strategy2.npz,8311–12557,DRINK,DRINK,TP
continuous_0798_S5_strategy2.npz,12557–17789,GREETING,GREETING,TP
continuous_0798_S5_strategy2.npz,12666–15200,—,RELATIONSHIPS,FP
continuous_0798_S5_strategy2.npz,17789–22035,FOOD,FOOD,TP
continuous_0798_S5_strategy2.npz,22035–26097,DAYS,DAYS,TP
continuous_0798_S5_strategy2.npz,26097–30343,FAMILY,FAMILY,TP
continuous_0799_S5_strategy2.npz,0–4278,RELATIONSHIPS,RELATIONSHIPS,TP
continuous_0799_S5_strategy2.npz,2533–5100,—,DRINK,FP
continuous_0799_S5_strategy2.npz,4278–8524,DRINK,DRINK,TP
continuous_0799_S5_strategy2.npz,8524–12770,NUMBER,NUMBER,TP
continuous_0799_S5_strategy2.npz,12770–17033,CALENDAR,CALENDAR,TP
continuous_0799_S5_strategy2.npz,15366–17933,—,CALENDAR,FP
continuous_0799_S5_strategy2.npz,17033–21279,COLOR,COLOR,TP
continuous_0799_S5_strategy2.npz,20500–23066,—,COLOR,FP
continuous_0799_S5_strategy2.npz,21279–25525,SURVIVAL,SURVIVAL,TP
continuous_0800_S6_strategy2.npz,0–4246,FOOD,FOOD,TP
continuous_0800_S6_strategy2.npz,3033–6066,—,NUMBER,FP
continuous_0800_S6_strategy2.npz,4246–8725,NUMBER,—,FN
continuous_0800_S6_strategy2.npz,6066–9100,—,NUMBER,FP
continuous_0800_S6_strategy2.npz,8725–12924,GREETING,GREETING,TP
continuous_0800_S6_strategy2.npz,12924–17203,FAMILY,FAMILY,TP
continuous_0800_S6_strategy2.npz,17203–21449,DAYS,DAYS,TP
continuous_0801_S6_strategy2.npz,0–4246,FOOD,FOOD,TP
continuous_0801_S6_strategy2.npz,4246–8492,CALENDAR,CALENDAR,TP
continuous_0801_S6_strategy2.npz,6366–9566,—,FAMILY,FP
continuous_0801_S6_strategy2.npz,8492–12738,RELATIONSHIPS,RELATIONSHIPS,TP
continuous_0801_S6_strategy2.npz,12738–17324,SURVIVAL,SURVIVAL,TP
continuous_0801_S6_strategy2.npz,17324–21536,DRINK,—,FN
continuous_0801_S6_strategy2.npz,19166–22366,—,DRINK,FP
continuous_0801_S6_strategy2.npz,21536–25749,FAMILY,FAMILY,TP
continuous_0802_S6_strategy2.npz,0–4246,CALENDAR,CALENDAR,TP
continuous_0802_S6_strategy2.npz,4246–8478,FAMILY,FAMILY,TP
continuous_0802_S6_strategy2.npz,7900–10533,—,FOOD,FP
continuous_0802_S6_strategy2.npz,8478–12510,COLOR,COLOR,TP
continuous_0802_S6_strategy2.npz,12510–16756,DRINK,DRINK,TP
continuous_0802_S6_strategy2.npz,16756–21053,RELATIONSHIPS,RELATIONSHIPS,TP
continuous_0803_S6_strategy2.npz,0–4299,NUMBER,NUMBER,TP
continuous_0803_S6_strategy2.npz,4299–8545,FAMILY,FAMILY,TP
continuous_0803_S6_strategy2.npz,8545–12791,RELATIONSHIPS,RELATIONSHIPS,TP
continuous_0803_S6_strategy2.npz,11000–14666,—,SURVIVAL,FP
continuous_0803_S6_strategy2.npz,12791–17377,SURVIVAL,—,FN
continuous_0803_S6_strategy2.npz,17377–21623,CALENDAR,CALENDAR,TP
continuous_0803_S6_strategy2.npz,21623–25869,COLOR,COLOR,TP
continuous_0804_S6_strategy2.npz,0–4246,DRINK,DRINK,TP
continuous_0804_S6_strategy2.npz,4246–8617,NUMBER,—,FN
continuous_0804_S6_strategy2.npz,6600–9900,—,NUMBER,FP
continuous_0804_S6_strategy2.npz,8617–12929,RELATIONSHIPS,RELATIONSHIPS,TP
continuous_0804_S6_strategy2.npz,12929–17479,SURVIVAL,SURVIVAL,TP
continuous_0804_S6_strategy2.npz,13200–16500,—,DRINK,FP
continuous_0804_S6_strategy2.npz,17479–21692,FOOD,FOOD,TP
continuous_0804_S6_strategy2.npz,21692–25938,COLOR,COLOR,TP
continuous_0804_S6_strategy2.npz,25938–30184,DAYS,DAYS,TP
continuous_0805_S6_strategy2.npz,0–4632,GREETING,GREETING,TP
continuous_0805_S6_strategy2.npz,4632–8878,RELATIONSHIPS,RELATIONSHIPS,TP
continuous_0805_S6_strategy2.npz,8878–13091,FAMILY,FAMILY,TP
continuous_0805_S6_strategy2.npz,13091–17190,NUMBER,NUMBER,TP
continuous_0805_S6_strategy2.npz,17190–21355,FOOD,FOOD,TP
continuous_0806_S6_strategy2.npz,0–3900,SURVIVAL,SURVIVAL,TP
continuous_0806_S6_strategy2.npz,3900–8132,GREETING,NUMBER,TP
continuous_0806_S6_strategy2.npz,7533–10033,—,FAMILY,FP
continuous_0806_S6_strategy2.npz,8132–12378,CALENDAR,CALENDAR,TP
continuous_0806_S6_strategy2.npz,12378–16624,DAYS,—,FN
continuous_0806_S6_strategy2.npz,15066–17566,—,DAYS,FP
continuous_0806_S6_strategy2.npz,16624–21103,NUMBER,NUMBER,TP
continuous_0806_S6_strategy2.npz,17566–20100,—,DRINK,FP
continuous_0806_S6_strategy2.npz,21103–25349,FAMILY,FAMILY,TP
continuous_0807_S6_strategy2.npz,0–4279,RELATIONSHIPS,RELATIONSHIPS,TP
continuous_0807_S6_strategy2.npz,4279–8525,CALENDAR,CALENDAR,TP
continuous_0807_S6_strategy2.npz,8525–13321,GREETING,GREETING,TP
continuous_0807_S6_strategy2.npz,13066–15233,—,SURVIVAL,FP
continuous_0807_S6_strategy2.npz,13321–17871,SURVIVAL,SURVIVAL,TP
continuous_0807_S6_strategy2.npz,17871–22117,FOOD,FOOD,TP
continuous_0807_S6_strategy2.npz,22117–26363,DRINK,DRINK,TP
continuous_0808_S6_strategy2.npz,0–4099,NUMBER,NUMBER,TP
continuous_0808_S6_strategy2.npz,4099–8345,FOOD,FOOD,TP
continuous_0808_S6_strategy2.npz,8345–12824,SURVIVAL,SURVIVAL,TP
continuous_0808_S6_strategy2.npz,12824–16724,GREETING,GREETING,TP
continuous_0808_S6_strategy2.npz,16100–18400,—,GREETING,FP
continuous_0808_S6_strategy2.npz,16724–20954,RELATIONSHIPS,RELATIONSHIPS,TP
continuous_0809_S6_strategy2.npz,0–4065,NUMBER,NUMBER,TP
continuous_0809_S6_strategy2.npz,4065–8311,DAYS,DAYS,TP
continuous_0809_S6_strategy2.npz,8311–12557,RELATIONSHIPS,RELATIONSHIPS,TP
continuous_0809_S6_strategy2.npz,12557–16803,COLOR,COLOR,TP
continuous_0809_S6_strategy2.npz,16803–21068,GREETING,GREETING,TP
continuous_0809_S6_strategy2.npz,20500–22766,—,GREETING,FP
continuous_0809_S6_strategy2.npz,21068–25280,DRINK,DRINK,TP
continuous_0809_S6_strategy2.npz,25280–29545,FOOD,FOOD,TP
continuous_0810_S6_strategy2.npz,0–4694,NUMBER,NUMBER,TP
continuous_0810_S6_strategy2.npz,2633–5300,—,DAYS,FP
continuous_0810_S6_strategy2.npz,4694–8893,FAMILY,FAMILY,TP
continuous_0810_S6_strategy2.npz,8893–13172,FOOD,FOOD,TP
continuous_0810_S6_strategy2.npz,13172–18070,GREETING,GREETING,TP
continuous_0810_S6_strategy2.npz,18070–22764,SURVIVAL,SURVIVAL,TP
continuous_0810_S6_strategy2.npz,22764–27042,CALENDAR,CALENDAR,TP
continuous_0811_S6_strategy2.npz,0–4279,CALENDAR,CALENDAR,TP
continuous_0811_S6_strategy2.npz,4279–8865,SURVIVAL,SURVIVAL,TP
continuous_0811_S6_strategy2.npz,8133–10833,—,RELATIONSHIPS,FP
continuous_0811_S6_strategy2.npz,8865–12927,RELATIONSHIPS,—,FN
continuous_0811_S6_strategy2.npz,10833–13533,—,NUMBER,FP
continuous_0811_S6_strategy2.npz,12927–17660,GREETING,GREETING,TP
continuous_0811_S6_strategy2.npz,17660–21939,COLOR,COLOR,TP
continuous_0812_S6_strategy2.npz,0–4132,COLOR,COLOR,TP
continuous_0812_S6_strategy2.npz,4132–8378,RELATIONSHIPS,RELATIONSHIPS,TP
continuous_0812_S6_strategy2.npz,8378–13179,GREETING,GREETING,TP
continuous_0812_S6_strategy2.npz,13179–17425,DAYS,DAYS,TP
continuous_0812_S6_strategy2.npz,17425–21671,FAMILY,FAMILY,TP
continuous_0813_S6_strategy2.npz,0–4246,FOOD,FOOD,TP
continuous_0813_S6_strategy2.npz,4246–8446,SURVIVAL,SURVIVAL,TP
continuous_0813_S6_strategy2.npz,8446–12659,RELATIONSHIPS,RELATIONSHIPS,TP
continuous_0813_S6_strategy2.npz,12659–16905,COLOR,COLOR,TP
continuous_0813_S6_strategy2.npz,16905–20967,CALENDAR,CALENDAR,TP
continuous_0813_S6_strategy2.npz,20967–25166,NUMBER,NUMBER,TP
continuous_0813_S6_strategy2.npz,24133–26800,—,NUMBER,FP
continuous_0813_S6_strategy2.npz,25166–29412,FAMILY,FAMILY,TP
continuous_0814_S6_strategy2.npz,0–4246,DAYS,DAYS,TP
continuous_0814_S6_strategy2.npz,4246–8179,DRINK,DRINK,TP
continuous_0814_S6_strategy2.npz,8179–12458,CALENDAR,CALENDAR,TP
continuous_0814_S6_strategy2.npz,12458–16901,NUMBER,NUMBER,TP
continuous_0814_S6_strategy2.npz,16901–21147,FOOD,FOOD,TP
continuous_0814_S6_strategy2.npz,21147–25393,RELATIONSHIPS,RELATIONSHIPS,TP
continuous_0814_S6_strategy2.npz,25393–30225,GREETING,COLOR,TP
continuous_0815_S6_strategy2.npz,0–4443,SURVIVAL,SURVIVAL,TP
continuous_0815_S6_strategy2.npz,4443–8689,COLOR,COLOR,TP
continuous_0815_S6_strategy2.npz,6000–9033,—,NUMBER,FP
continuous_0815_S6_strategy2.npz,8689–13275,NUMBER,NUMBER,TP
continuous_0815_S6_strategy2.npz,13275–17521,DRINK,DRINK,TP
continuous_0815_S6_strategy2.npz,17521–21620,FAMILY,FAMILY,TP
continuous_0816_S6_strategy2.npz,0–4479,SURVIVAL,SURVIVAL,TP
continuous_0816_S6_strategy2.npz,3000–6033,—,SURVIVAL,FP
continuous_0816_S6_strategy2.npz,4479–8725,COLOR,COLOR,TP
continuous_0816_S6_strategy2.npz,8725–13275,NUMBER,NUMBER,TP
continuous_0816_S6_strategy2.npz,13275–17554,DRINK,DRINK,TP
continuous_0816_S6_strategy2.npz,17554–21686,FAMILY,FAMILY,TP
continuous_0817_S6_strategy2.npz,0–4479,NUMBER,NUMBER,TP
continuous_0817_S6_strategy2.npz,2933–5866,—,RELATIONSHIPS,FP
continuous_0817_S6_strategy2.npz,4479–8725,RELATIONSHIPS,—,FN
continuous_0817_S6_strategy2.npz,5866–8833,—,CALENDAR,FP
continuous_0817_S6_strategy2.npz,8725–12971,CALENDAR,CALENDAR,TP
continuous_0817_S6_strategy2.npz,11766–14733,—,COLOR,FP
continuous_0817_S6_strategy2.npz,12971–17184,DAYS,DAYS,TP
continuous_0817_S6_strategy2.npz,17184–21216,FAMILY,FAMILY,TP
continuous_0817_S6_strategy2.npz,21216–25381,DRINK,DRINK,TP
continuous_0817_S6_strategy2.npz,25381–29680,GREETING,GREETING,TP
continuous_0818_S6_strategy2.npz,0–4661,GREETING,GREETING,TP
continuous_0818_S6_strategy2.npz,4661–8493,FAMILY,FAMILY,TP
continuous_0818_S6_strategy2.npz,8493–12739,DRINK,DRINK,TP
continuous_0818_S6_strategy2.npz,8900–11866,—,FAMILY,FP
continuous_0818_S6_strategy2.npz,12739–16985,RELATIONSHIPS,RELATIONSHIPS,TP
continuous_0818_S6_strategy2.npz,16985–21114,CALENDAR,CALENDAR,TP
continuous_0818_S6_strategy2.npz,21114–25664,SURVIVAL,SURVIVAL,TP
continuous_0818_S6_strategy2.npz,25664–29909,DAYS,DAYS,TP
continuous_0819_S6_strategy2.npz,0–4246,DAYS,DAYS,TP
continuous_0819_S6_strategy2.npz,2300–4633,—,NUMBER,FP
continuous_0819_S6_strategy2.npz,4246–8617,NUMBER,—,FN
continuous_0819_S6_strategy2.npz,4633–6966,—,NUMBER,FP
continuous_0819_S6_strategy2.npz,8617–12717,DRINK,DRINK,TP
continuous_0819_S6_strategy2.npz,11600–13933,—,FAMILY,FP
continuous_0819_S6_strategy2.npz,12717–16745,RELATIONSHIPS,RELATIONSHIPS,TP
continuous_0819_S6_strategy2.npz,16233–18566,—,FAMILY,FP
continuous_0819_S6_strategy2.npz,16745–21439,SURVIVAL,SURVIVAL,TP
continuous_0820_S6_strategy2.npz,0–4245,COLOR,COLOR,TP
continuous_0820_S6_strategy2.npz,4245–8939,NUMBER,NUMBER,TP
continuous_0820_S6_strategy2.npz,8939–13185,RELATIONSHIPS,RELATIONSHIPS,TP
continuous_0820_S6_strategy2.npz,13100–15733,—,RELATIONSHIPS,FP
continuous_0820_S6_strategy2.npz,13185–18273,SURVIVAL,SURVIVAL,TP
continuous_0820_S6_strategy2.npz,18273–22519,DAYS,DAYS,TP
continuous_0820_S6_strategy2.npz,18333–20966,—,SURVIVAL,FP
continuous_0820_S6_strategy2.npz,22519–26765,FAMILY,FAMILY,TP
continuous_0821_S6_strategy2.npz,0–4246,COLOR,COLOR,TP
continuous_0821_S6_strategy2.npz,4246–8240,DAYS,DAYS,TP
continuous_0821_S6_strategy2.npz,8240–12486,FOOD,FOOD,TP
continuous_0821_S6_strategy2.npz,12486–16386,GREETING,GREETING,TP
continuous_0821_S6_strategy2.npz,16386–20632,CALENDAR,CALENDAR,TP
continuous_0821_S6_strategy2.npz,18200–21866,—,NUMBER,FP
continuous_0821_S6_strategy2.npz,20632–25146,NUMBER,—,FN
continuous_0821_S6_strategy2.npz,21866–25500,—,NUMBER,FP
continuous_0821_S6_strategy2.npz,25146–29359,RELATIONSHIPS,RELATIONSHIPS,TP
continuous_0822_S6_strategy2.npz,0–4213,FAMILY,FAMILY,TP
continuous_0822_S6_strategy2.npz,2700–5433,—,RELATIONSHIPS,FP
continuous_0822_S6_strategy2.npz,4213–8712,GREETING,GREETING,TP
continuous_0822_S6_strategy2.npz,8166–10866,—,SURVIVAL,FP
continuous_0822_S6_strategy2.npz,8712–12958,CALENDAR,—,FN
continuous_0822_S6_strategy2.npz,10866–13600,—,CALENDAR,FP
continuous_0822_S6_strategy2.npz,12958–17204,RELATIONSHIPS,—,FN
continuous_0822_S6_strategy2.npz,13600–16333,—,FAMILY,FP
continuous_0822_S6_strategy2.npz,16333–19066,—,RELATIONSHIPS,FP
continuous_0822_S6_strategy2.npz,17204–21611,NUMBER,—,FN
continuous_0822_S6_strategy2.npz,19066–21766,—,RELATIONSHIPS,FP
continuous_0822_S6_strategy2.npz,21611–25890,DRINK,DRINK,TP
continuous_0822_S6_strategy2.npz,21766–24500,—,NUMBER,FP
continuous_0822_S6_strategy2.npz,25890–30136,FOOD,FOOD,TP
continuous_0823_S6_strategy2.npz,0–4246,DAYS,DAYS,TP
continuous_0823_S6_strategy2.npz,4246–8492,COLOR,—,FN
continuous_0823_S6_strategy2.npz,6200–9333,—,COLOR,FP
continuous_0823_S6_strategy2.npz,8492–12738,RELATIONSHIPS,RELATIONSHIPS,TP
continuous_0823_S6_strategy2.npz,12738–16951,CALENDAR,CALENDAR,TP
continuous_0823_S6_strategy2.npz,16951–21197,DRINK,—,FN
continuous_0823_S6_strategy2.npz,18666–21800,—,DRINK,FP
continuous_0823_S6_strategy2.npz,21197–21698,NUMBER,—,FN
continuous_0824_S6_strategy2.npz,0–4232,GREETING,GREETING,TP
continuous_0824_S6_strategy2.npz,2633–5266,—,SURVIVAL,FP
continuous_0824_S6_strategy2.npz,4232–8464,SURVIVAL,SURVIVAL,TP
continuous_0824_S6_strategy2.npz,7900–10533,—,CALENDAR,FP
continuous_0824_S6_strategy2.npz,8464–12710,CALENDAR,CALENDAR,TP
continuous_0824_S6_strategy2.npz,12710–17117,NUMBER,NUMBER,TP
continuous_0824_S6_strategy2.npz,17117–21330,COLOR,COLOR,TP
continuous_0825_S6_strategy2.npz,0–4246,DRINK,DRINK,TP
continuous_0825_S6_strategy2.npz,2300–4633,—,FAMILY,FP
continuous_0825_S6_strategy2.npz,4246–8492,FAMILY,—,FN
continuous_0825_S6_strategy2.npz,4633–6933,—,SURVIVAL,FP
continuous_0825_S6_strategy2.npz,8492–12935,NUMBER,NUMBER,TP
continuous_0825_S6_strategy2.npz,11566–13900,—,DRINK,FP
continuous_0825_S6_strategy2.npz,12935–17181,DAYS,DAYS,TP
continuous_0825_S6_strategy2.npz,17181–21427,CALENDAR,CALENDAR,TP
continuous_0825_S6_strategy2.npz,18533–20833,—,FAMILY,FP
continuous_0825_S6_strategy2.npz,20833–23166,—,RELATIONSHIPS,FP
continuous_0825_S6_strategy2.npz,21427–25673,RELATIONSHIPS,RELATIONSHIPS,TP
continuous_0826_S6_strategy2.npz,0–4213,DRINK,DRINK,TP
continuous_0826_S6_strategy2.npz,2666–5366,—,CALENDAR,FP
continuous_0826_S6_strategy2.npz,4213–8459,CALENDAR,CALENDAR,TP
continuous_0826_S6_strategy2.npz,8459–12672,FAMILY,FAMILY,TP
continuous_0826_S6_strategy2.npz,12672–17258,NUMBER,NUMBER,TP
continuous_0826_S6_strategy2.npz,16100–18766,—,FOOD,FP
continuous_0826_S6_strategy2.npz,17258–21286,RELATIONSHIPS,RELATIONSHIPS,TP
continuous_0826_S6_strategy2.npz,21286–25485,FOOD,FOOD,TP
continuous_0826_S6_strategy2.npz,25485–29731,COLOR,COLOR,TP
continuous_0827_S6_strategy2.npz,0–4129,CALENDAR,CALENDAR,TP
continuous_0827_S6_strategy2.npz,4129–8787,NUMBER,NUMBER,TP
continuous_0827_S6_strategy2.npz,8787–13482,GREETING,GREETING,TP
continuous_0827_S6_strategy2.npz,13482–17728,COLOR,COLOR,TP
continuous_0827_S6_strategy2.npz,17728–21974,DRINK,DRINK,TP
continuous_0827_S6_strategy2.npz,19466–22700,—,SURVIVAL,FP
continuous_0827_S6_strategy2.npz,21974–26220,RELATIONSHIPS,RELATIONSHIPS,TP
continuous_0828_S6_strategy2.npz,0–3961,DAYS,DAYS,TP
continuous_0828_S6_strategy2.npz,2466–4966,—,SURVIVAL,FP
continuous_0828_S6_strategy2.npz,3961–8690,SURVIVAL,—,FN
continuous_0828_S6_strategy2.npz,4966–7466,—,GREETING,FP
continuous_0828_S6_strategy2.npz,8690–12903,CALENDAR,CALENDAR,TP
continuous_0828_S6_strategy2.npz,12466–14966,—,RELATIONSHIPS,FP
continuous_0828_S6_strategy2.npz,12903–17182,RELATIONSHIPS,—,FN
continuous_0828_S6_strategy2.npz,14966–17433,—,FOOD,FP
continuous_0828_S6_strategy2.npz,17182–21428,FOOD,FOOD,TP
continuous_0828_S6_strategy2.npz,21428–25960,GREETING,GREETING,TP
continuous_0828_S6_strategy2.npz,24933–27433,—,DAYS,FP
continuous_0828_S6_strategy2.npz,25960–30159,NUMBER,NUMBER,TP
continuous_0829_S6_strategy2.npz,0–2700,—,CALENDAR,FP
continuous_0829_S6_strategy2.npz,0–3894,CALENDAR,—,FN
continuous_0829_S6_strategy2.npz,2700–5400,—,CALENDAR,FP
continuous_0829_S6_strategy2.npz,3894–8124,RELATIONSHIPS,—,FN
continuous_0829_S6_strategy2.npz,5400–8100,—,RELATIONSHIPS,FP
continuous_0829_S6_strategy2.npz,8100–10800,—,RELATIONSHIPS,FP
continuous_0829_S6_strategy2.npz,8124–12370,COLOR,COLOR,TP
continuous_0829_S6_strategy2.npz,12370–17314,NUMBER,NUMBER,TP
continuous_0829_S6_strategy2.npz,17314–21560,FOOD,FOOD,TP
continuous_0829_S6_strategy2.npz,21560–25689,DAYS,DAYS,TP
continuous_0829_S6_strategy2.npz,25689–29935,DRINK,—,FN
continuous_0829_S6_strategy2.npz,27000–29700,—,DRINK,FP
continuous_0830_S6_strategy2.npz,0–4246,FOOD,FOOD,TP
continuous_0830_S6_strategy2.npz,4246–8445,DRINK,—,FN
continuous_0830_S6_strategy2.npz,6566–9866,—,DRINK,FP
continuous_0830_S6_strategy2.npz,8445–12691,COLOR,COLOR,TP
continuous_0830_S6_strategy2.npz,12691–17241,SURVIVAL,SURVIVAL,TP
continuous_0830_S6_strategy2.npz,17241–21487,FAMILY,FAMILY,TP
continuous_0830_S6_strategy2.npz,19733–23033,—,RELATIONSHIPS,FP
continuous_0830_S6_strategy2.npz,21487–25733,RELATIONSHIPS,—,FN
continuous_0830_S6_strategy2.npz,23033–26333,—,SURVIVAL,FP
continuous_0830_S6_strategy2.npz,25733–30104,NUMBER,NUMBER,TP
continuous_0831_S6_strategy2.npz,0–4133,DRINK,DRINK,TP
continuous_0831_S6_strategy2.npz,4133–8379,CALENDAR,CALENDAR,TP
continuous_0831_S6_strategy2.npz,8379–13001,SURVIVAL,SURVIVAL,TP
continuous_0831_S6_strategy2.npz,13001–17247,DAYS,—,FN
continuous_0831_S6_strategy2.npz,14166–16533,—,DAYS,FP
continuous_0831_S6_strategy2.npz,16533–18900,—,DAYS,FP
continuous_0831_S6_strategy2.npz,17247–21493,RELATIONSHIPS,RELATIONSHIPS,TP
continuous_0832_S6_strategy2.npz,0–4622,SURVIVAL,SURVIVAL,TP
continuous_0832_S6_strategy2.npz,2300–4633,—,CALENDAR,FP
continuous_0832_S6_strategy2.npz,4622–8868,CALENDAR,CALENDAR,TP
continuous_0832_S6_strategy2.npz,8868–13064,DAYS,DAYS,TP
continuous_0832_S6_strategy2.npz,13064–17310,DRINK,DRINK,TP
continuous_0832_S6_strategy2.npz,17310–21556,COLOR,COLOR,TP
continuous_0832_S6_strategy2.npz,20866–23200,—,COLOR,FP
continuous_0832_S6_strategy2.npz,21556–26035,NUMBER,NUMBER,TP
continuous_0833_S6_strategy2.npz,0–4279,CALENDAR,CALENDAR,TP
continuous_0833_S6_strategy2.npz,4279–8558,FOOD,FOOD,TP
continuous_0833_S6_strategy2.npz,8558–12754,DAYS,DAYS,TP
continuous_0833_S6_strategy2.npz,12754–17018,NUMBER,NUMBER,TP
continuous_0833_S6_strategy2.npz,17018–21264,RELATIONSHIPS,RELATIONSHIPS,TP
continuous_0834_S6_strategy2.npz,0–4200,SURVIVAL,SURVIVAL,TP
continuous_0834_S6_strategy2.npz,4200–8822,GREETING,GREETING,TP
continuous_0834_S6_strategy2.npz,8033–10700,—,FAMILY,FP
continuous_0834_S6_strategy2.npz,8822–13516,NUMBER,NUMBER,TP
continuous_0834_S6_strategy2.npz,13516–17762,RELATIONSHIPS,RELATIONSHIPS,TP
continuous_0834_S6_strategy2.npz,17762–21992,DAYS,DAYS,TP
continuous_0835_S6_strategy2.npz,0–4514,SURVIVAL,SURVIVAL,TP
continuous_0835_S6_strategy2.npz,3133–6300,—,GREETING,FP
continuous_0835_S6_strategy2.npz,4514–8646,GREETING,—,FN
continuous_0835_S6_strategy2.npz,6300–9433,—,DRINK,FP
continuous_0835_S6_strategy2.npz,8646–12859,DRINK,—,FN
continuous_0835_S6_strategy2.npz,12859–17091,COLOR,COLOR,TP
continuous_0835_S6_strategy2.npz,15766–18900,—,NUMBER,FP
continuous_0835_S6_strategy2.npz,17091–21190,NUMBER,—,FN
continuous_0835_S6_strategy2.npz,18900–22066,—,NUMBER,FP
continuous_0835_S6_strategy2.npz,21190–25469,RELATIONSHIPS,RELATIONSHIPS,TP
continuous_0836_S6_strategy2.npz,0–4246,CALENDAR,CALENDAR,TP
continuous_0836_S6_strategy2.npz,4246–8492,RELATIONSHIPS,RELATIONSHIPS,TP
continuous_0836_S6_strategy2.npz,6666–10033,—,GREETING,FP
continuous_0836_S6_strategy2.npz,8492–12991,GREETING,—,FN
continuous_0836_S6_strategy2.npz,10033–13366,—,FOOD,FP
continuous_0836_S6_strategy2.npz,12991–17270,FOOD,—,FN
continuous_0836_S6_strategy2.npz,13366–16700,—,RELATIONSHIPS,FP
continuous_0836_S6_strategy2.npz,17270–21784,NUMBER,NUMBER,TP
continuous_0836_S6_strategy2.npz,21784–26030,FAMILY,FAMILY,TP
continuous_0836_S6_strategy2.npz,26030–30276,DAYS,DAYS,TP
continuous_0837_S6_strategy2.npz,0–4246,FOOD,FOOD,TP
continuous_0837_S6_strategy2.npz,2900–5833,—,GREETING,FP
continuous_0837_S6_strategy2.npz,4246–8179,GREETING,—,FN
continuous_0837_S6_strategy2.npz,5833–8733,—,RELATIONSHIPS,FP
continuous_0837_S6_strategy2.npz,8179–12425,RELATIONSHIPS,RELATIONSHIPS,TP
continuous_0837_S6_strategy2.npz,12425–16225,DRINK,DRINK,TP
continuous_0837_S6_strategy2.npz,16225–20471,DAYS,DAYS,TP
continuous_0837_S6_strategy2.npz,20471–24717,COLOR,COLOR,TP
continuous_0837_S6_strategy2.npz,23333–26233,—,RELATIONSHIPS,FP
continuous_0837_S6_strategy2.npz,24717–29375,NUMBER,NUMBER,TP
continuous_0838_S6_strategy2.npz,0–4246,FOOD,FOOD,TP
continuous_0838_S6_strategy2.npz,4246–8491,COLOR,COLOR,TP
continuous_0838_S6_strategy2.npz,6633–9966,—,DRINK,FP
continuous_0838_S6_strategy2.npz,8491–12770,DRINK,—,FN
continuous_0838_S6_strategy2.npz,12770–17016,FAMILY,FAMILY,TP
continuous_0838_S6_strategy2.npz,17016–21262,DAYS,DAYS,TP
continuous_0838_S6_strategy2.npz,19933–23233,—,FAMILY,FP
continuous_0838_S6_strategy2.npz,21262–25508,CALENDAR,CALENDAR,TP
continuous_0838_S6_strategy2.npz,25508–29754,RELATIONSHIPS,RELATIONSHIPS,TP
continuous_0839_S6_strategy2.npz,0–4213,FOOD,FOOD,TP
continuous_0839_S6_strategy2.npz,2633–5300,—,CALENDAR,FP
continuous_0839_S6_strategy2.npz,4213–8459,CALENDAR,CALENDAR,TP
continuous_0839_S6_strategy2.npz,8459–12738,COLOR,COLOR,TP
continuous_0839_S6_strategy2.npz,12738–16937,FAMILY,FAMILY,TP
continuous_0839_S6_strategy2.npz,15933–18600,—,FAMILY,FP
continuous_0839_S6_strategy2.npz,16937–21183,DAYS,DAYS,TP
continuous_0840_S6_strategy2.npz,0–4213,DAYS,DAYS,TP
continuous_0840_S6_strategy2.npz,2833–5666,—,RELATIONSHIPS,FP
continuous_0840_S6_strategy2.npz,4213–8426,RELATIONSHIPS,—,FN
continuous_0840_S6_strategy2.npz,5666–8500,—,COLOR,FP
continuous_0840_S6_strategy2.npz,8426–12672,COLOR,—,FN
continuous_0840_S6_strategy2.npz,8500–11333,—,NUMBER,FP
continuous_0840_S6_strategy2.npz,11333–14166,—,SURVIVAL,FP
continuous_0840_S6_strategy2.npz,12672–17222,SURVIVAL,—,FN
continuous_0840_S6_strategy2.npz,14166–17000,—,FAMILY,FP
continuous_0840_S6_strategy2.npz,17222–21468,FAMILY,FAMILY,TP
continuous_0840_S6_strategy2.npz,19833–22666,—,FAMILY,FP
continuous_0840_S6_strategy2.npz,21468–25714,DRINK,DRINK,TP
continuous_0841_S6_strategy2.npz,0–4246,FOOD,FOOD,TP
continuous_0841_S6_strategy2.npz,4246–8492,CALENDAR,CALENDAR,TP
continuous_0841_S6_strategy2.npz,8492–12738,COLOR,NUMBER,TP
continuous_0841_S6_strategy2.npz,12738–17396,SURVIVAL,SURVIVAL,TP
continuous_0841_S6_strategy2.npz,16666–19033,—,SURVIVAL,FP
continuous_0841_S6_strategy2.npz,17396–21642,DAYS,DAYS,TP
continuous_0842_S6_strategy2.npz,0–4246,DRINK,DRINK,TP
continuous_0842_S6_strategy2.npz,2600–5200,—,DRINK,FP
continuous_0842_S6_strategy2.npz,4246–8179,SURVIVAL,SURVIVAL,TP
continuous_0842_S6_strategy2.npz,7800–10400,—,NUMBER,FP
continuous_0842_S6_strategy2.npz,8179–12411,GREETING,GREETING,TP
continuous_0842_S6_strategy2.npz,12411–16510,NUMBER,NUMBER,TP
continuous_0842_S6_strategy2.npz,16510–20789,CALENDAR,CALENDAR,TP
continuous_0843_S6_strategy2.npz,0–4443,SURVIVAL,SURVIVAL,TP
continuous_0843_S6_strategy2.npz,4443–8672,DAYS,DAYS,TP
continuous_0843_S6_strategy2.npz,8672–12918,COLOR,COLOR,TP
continuous_0843_S6_strategy2.npz,10933–14600,—,CALENDAR,FP
continuous_0843_S6_strategy2.npz,12918–17047,CALENDAR,—,FN
continuous_0843_S6_strategy2.npz,14600–18233,—,FAMILY,FP
continuous_0843_S6_strategy2.npz,17047–21246,FAMILY,—,FN
continuous_0843_S6_strategy2.npz,18233–21900,—,RELATIONSHIPS,FP
continuous_0843_S6_strategy2.npz,21246–25812,GREETING,GREETING,TP
continuous_0844_S6_strategy2.npz,0–4694,SURVIVAL,SURVIVAL,TP
continuous_0844_S6_strategy2.npz,3533–7066,—,RELATIONSHIPS,FP
continuous_0844_S6_strategy2.npz,4694–8940,FAMILY,FAMILY,TP
continuous_0844_S6_strategy2.npz,8940–13186,DRINK,—,FN
continuous_0844_S6_strategy2.npz,10600–14133,—,DRINK,FP
continuous_0844_S6_strategy2.npz,13186–17432,COLOR,COLOR,TP
continuous_0844_S6_strategy2.npz,17432–21460,CALENDAR,CALENDAR,TP
continuous_0845_S6_strategy2.npz,0–5164,GREETING,GREETING,TP
continuous_0845_S6_strategy2.npz,2933–5866,—,SURVIVAL,FP
continuous_0845_S6_strategy2.npz,5164–10073,SURVIVAL,SURVIVAL,TP
continuous_0845_S6_strategy2.npz,10073–14319,DRINK,DRINK,TP
continuous_0845_S6_strategy2.npz,11733–14666,—,DAYS,FP
continuous_0845_S6_strategy2.npz,14319–18565,DAYS,—,FN
continuous_0845_S6_strategy2.npz,14666–17600,—,DAYS,FP
continuous_0845_S6_strategy2.npz,17600–20533,—,RELATIONSHIPS,FP
continuous_0845_S6_strategy2.npz,18565–22593,RELATIONSHIPS,—,FN
continuous_0845_S6_strategy2.npz,20533–23466,—,RELATIONSHIPS,FP
continuous_0845_S6_strategy2.npz,22593–26692,NUMBER,NUMBER,TP
continuous_0846_S6_strategy2.npz,0–4246,FOOD,FOOD,TP
continuous_0846_S6_strategy2.npz,4246–7945,DRINK,DRINK,TP
continuous_0846_S6_strategy2.npz,7945–12158,CALENDAR,CALENDAR,TP
continuous_0846_S6_strategy2.npz,12066–14466,—,CALENDAR,FP
continuous_0846_S6_strategy2.npz,12158–16290,NUMBER,NUMBER,TP
continuous_0846_S6_strategy2.npz,16290–21019,GREETING,GREETING,TP
continuous_0846_S6_strategy2.npz,21019–25014,DAYS,FAMILY,TP
continuous_0846_S6_strategy2.npz,24133–26533,—,FAMILY,FP
continuous_0846_S6_strategy2.npz,25014–29213,FAMILY,FAMILY,TP
continuous_0847_S6_strategy2.npz,0–4246,RELATIONSHIPS,RELATIONSHIPS,TP
continuous_0847_S6_strategy2.npz,3166–6333,—,NUMBER,FP
continuous_0847_S6_strategy2.npz,4246–8445,NUMBER,—,FN
continuous_0847_S6_strategy2.npz,6333–9533,—,FAMILY,FP
continuous_0847_S6_strategy2.npz,8445–12691,FAMILY,—,FN
continuous_0847_S6_strategy2.npz,9533–12700,—,CALENDAR,FP
continuous_0847_S6_strategy2.npz,12691–16937,CALENDAR,CALENDAR,TP
continuous_0847_S6_strategy2.npz,16937–21203,GREETING,GREETING,TP
continuous_0847_S6_strategy2.npz,21203–25368,COLOR,COLOR,TP
continuous_0848_S6_strategy2.npz,0–4246,DAYS,DAYS,TP
continuous_0848_S6_strategy2.npz,4246–8492,FOOD,FOOD,TP
continuous_0848_S6_strategy2.npz,4266–6400,—,RELATIONSHIPS,FP
continuous_0848_S6_strategy2.npz,8492–13150,NUMBER,—,FN
continuous_0848_S6_strategy2.npz,8566–10700,—,RELATIONSHIPS,FP
continuous_0848_S6_strategy2.npz,10700–15000,—,NUMBER,FP
continuous_0848_S6_strategy2.npz,13150–17396,COLOR,COLOR,TP
continuous_0848_S6_strategy2.npz,17133–19266,—,SURVIVAL,FP
continuous_0848_S6_strategy2.npz,17396–21642,DRINK,DRINK,TP
continuous_0849_S6_strategy2.npz,0–4213,FOOD,FOOD,TP
continuous_0849_S6_strategy2.npz,2833–5700,—,FAMILY,FP
continuous_0849_S6_strategy2.npz,4213–8492,DAYS,DAYS,TP
continuous_0849_S6_strategy2.npz,8492–12738,FAMILY,FAMILY,TP
continuous_0849_S6_strategy2.npz,11433–14266,—,SURVIVAL,FP
continuous_0849_S6_strategy2.npz,12738–17017,COLOR,COLOR,TP
continuous_0849_S6_strategy2.npz,17017–21675,SURVIVAL,—,FN
continuous_0849_S6_strategy2.npz,17133–20000,—,RELATIONSHIPS,FP
continuous_0849_S6_strategy2.npz,20000–22866,—,SURVIVAL,FP
continuous_0849_S6_strategy2.npz,21675–25921,RELATIONSHIPS,RELATIONSHIPS,TP
continuous_0850_S6_strategy2.npz,0–4279,CALENDAR,CALENDAR,TP
continuous_0850_S6_strategy2.npz,4279–8558,DRINK,DRINK,TP
continuous_0850_S6_strategy2.npz,8558–12804,RELATIONSHIPS,RELATIONSHIPS,TP
continuous_0850_S6_strategy2.npz,12804–17050,FAMILY,FAMILY,TP
continuous_0850_S6_strategy2.npz,17050–21149,NUMBER,NUMBER,TP
continuous_0851_S6_strategy2.npz,0–4246,RELATIONSHIPS,RELATIONSHIPS,TP
continuous_0851_S6_strategy2.npz,4246–8492,FOOD,FOOD,TP
continuous_0851_S6_strategy2.npz,8492–12738,DAYS,DAYS,TP
continuous_0851_S6_strategy2.npz,10566–13200,—,DAYS,FP
continuous_0851_S6_strategy2.npz,12738–17467,NUMBER,NUMBER,TP
continuous_0851_S6_strategy2.npz,17467–21713,COLOR,COLOR,TP
continuous_0851_S6_strategy2.npz,21713–25959,CALENDAR,CALENDAR,TP
continuous_0851_S6_strategy2.npz,23800–26433,—,CALENDAR,FP
continuous_0851_S6_strategy2.npz,25959–29292,GREETING,GREETING,TP
continuous_0852_S6_strategy2.npz,0–4213,DAYS,DAYS,TP
continuous_0852_S6_strategy2.npz,2366–4733,—,COLOR,FP
continuous_0852_S6_strategy2.npz,4213–8459,DRINK,DRINK,TP
continuous_0852_S6_strategy2.npz,7100–11866,—,SURVIVAL,FP
continuous_0852_S6_strategy2.npz,8459–12705,FOOD,FOOD,TP
continuous_0852_S6_strategy2.npz,12705–16937,FAMILY,FAMILY,TP
continuous_0852_S6_strategy2.npz,16937–21595,SURVIVAL,SURVIVAL,TP
continuous_0853_S6_strategy2.npz,0–4246,DRINK,DRINK,TP
continuous_0853_S6_strategy2.npz,2566–5166,—,COLOR,FP
continuous_0853_S6_strategy2.npz,4246–8738,SURVIVAL,NUMBER,TP
continuous_0853_S6_strategy2.npz,8738–12984,DAYS,DAYS,TP
continuous_0853_S6_strategy2.npz,12984–17230,CALENDAR,CALENDAR,TP
continuous_0853_S6_strategy2.npz,15500–18066,—,CALENDAR,FP
continuous_0853_S6_strategy2.npz,17230–21995,GREETING,FAMILY,TP
continuous_0853_S6_strategy2.npz,20666–23233,—,FAMILY,FP
continuous_0853_S6_strategy2.npz,21995–26094,FAMILY,—,FN
continuous_0853_S6_strategy2.npz,23233–25833,—,FAMILY,FP
continuous_0854_S6_strategy2.npz,0–4246,CALENDAR,CALENDAR,TP
continuous_0854_S6_strategy2.npz,4246–8492,FAMILY,FAMILY,TP
continuous_0854_S6_strategy2.npz,8492–12771,RELATIONSHIPS,RELATIONSHIPS,TP
continuous_0854_S6_strategy2.npz,12771–17017,FOOD,FOOD,TP
continuous_0854_S6_strategy2.npz,17017–21639,NUMBER,NUMBER,TP
continuous_0854_S6_strategy2.npz,21639–26512,SURVIVAL,SURVIVAL,TP
continuous_0855_S6_strategy2.npz,0–4246,DAYS,DAYS,TP
continuous_0855_S6_strategy2.npz,2700–5433,—,SURVIVAL,FP
continuous_0855_S6_strategy2.npz,4246–8279,SURVIVAL,—,FN
continuous_0855_S6_strategy2.npz,5433–8133,—,NUMBER,FP
continuous_0855_S6_strategy2.npz,8279–12811,GREETING,GREETING,TP
continuous_0855_S6_strategy2.npz,12811–17361,NUMBER,NUMBER,TP
continuous_0855_S6_strategy2.npz,17361–21574,RELATIONSHIPS,RELATIONSHIPS,TP
continuous_0855_S6_strategy2.npz,21574–25853,FAMILY,—,FN
continuous_0855_S6_strategy2.npz,24433–27166,—,FAMILY,FP
continuous_0855_S6_strategy2.npz,25853–30099,FOOD,FOOD,TP
continuous_0856_S6_strategy2.npz,0–4246,RELATIONSHIPS,RELATIONSHIPS,TP
continuous_0856_S6_strategy2.npz,4246–8492,FAMILY,FAMILY,TP
continuous_0856_S6_strategy2.npz,8492–13024,GREETING,GREETING,TP
continuous_0856_S6_strategy2.npz,8933–11900,—,NUMBER,FP
continuous_0856_S6_strategy2.npz,13024–17395,NUMBER,—,FN
continuous_0856_S6_strategy2.npz,17395–21674,DRINK,NUMBER,TP
continuous_0856_S6_strategy2.npz,17866–20833,—,NUMBER,FP
continuous_0856_S6_strategy2.npz,21674–25920,COLOR,COLOR,TP
continuous_0856_S6_strategy2.npz,25920–30255,SURVIVAL,SURVIVAL,TP
continuous_0857_S6_strategy2.npz,0–4246,RELATIONSHIPS,RELATIONSHIPS,TP
continuous_0857_S6_strategy2.npz,4246–8492,COLOR,COLOR,TP
continuous_0857_S6_strategy2.npz,8492–13006,NUMBER,NUMBER,TP
continuous_0857_S6_strategy2.npz,13006–17205,FAMILY,FAMILY,TP
continuous_0857_S6_strategy2.npz,17205–21451,CALENDAR,CALENDAR,TP
continuous_0857_S6_strategy2.npz,21451–25697,FOOD,FOOD,TP
continuous_0857_S6_strategy2.npz,25697–29797,SURVIVAL,SURVIVAL,TP
continuous_0858_S6_strategy2.npz,0–4129,RELATIONSHIPS,RELATIONSHIPS,TP
continuous_0858_S6_strategy2.npz,4129–8408,DRINK,DRINK,TP
continuous_0858_S6_strategy2.npz,8408–12654,DAYS,DAYS,TP
continuous_0858_S6_strategy2.npz,12654–16900,CALENDAR,CALENDAR,TP
continuous_0858_S6_strategy2.npz,16900–21113,FOOD,FOOD,TP
continuous_0858_S6_strategy2.npz,21113–25326,FAMILY,FAMILY,TP
continuous_0858_S6_strategy2.npz,25326–29459,GREETING,GREETING,TP
continuous_0859_S6_strategy2.npz,0–4246,COLOR,COLOR,TP
continuous_0859_S6_strategy2.npz,4246–8492,DAYS,DAYS,TP
continuous_0859_S6_strategy2.npz,8492–13006,NUMBER,NUMBER,TP
continuous_0859_S6_strategy2.npz,10966–13700,—,COLOR,FP
continuous_0859_S6_strategy2.npz,13006–17449,SURVIVAL,SURVIVAL,TP
continuous_0859_S6_strategy2.npz,16466–19200,—,SURVIVAL,FP
continuous_0859_S6_strategy2.npz,17449–21678,RELATIONSHIPS,RELATIONSHIPS,TP
continuous_0859_S6_strategy2.npz,21678–25924,DRINK,DRINK,TP
continuous_0859_S6_strategy2.npz,24700–27433,—,DRINK,FP
continuous_0859_S6_strategy2.npz,25924–30690,GREETING,GREETING,TP
continuous_0860_S6_strategy2.npz,0–4246,RELATIONSHIPS,RELATIONSHIPS,TP
continuous_0860_S6_strategy2.npz,3000–6033,—,FAMILY,FP
continuous_0860_S6_strategy2.npz,4246–8445,COLOR,—,FN
continuous_0860_S6_strategy2.npz,6033–9066,—,SURVIVAL,FP
continuous_0860_S6_strategy2.npz,8445–12959,SURVIVAL,SURVIVAL,TP
continuous_0860_S6_strategy2.npz,12066–15100,—,DRINK,FP
continuous_0860_S6_strategy2.npz,12959–17158,DRINK,—,FN
continuous_0860_S6_strategy2.npz,15100–18133,—,DRINK,FP
continuous_0860_S6_strategy2.npz,17158–21404,FOOD,FOOD,TP
continuous_0861_S6_strategy2.npz,0–4132,GREETING,GREETING,TP
continuous_0861_S6_strategy2.npz,4132–8398,FOOD,FOOD,TP
continuous_0861_S6_strategy2.npz,8398–12644,FAMILY,FAMILY,TP
continuous_0861_S6_strategy2.npz,12644–16890,RELATIONSHIPS,RELATIONSHIPS,TP
continuous_0861_S6_strategy2.npz,16890–21136,COLOR,COLOR,TP
continuous_0862_S6_strategy2.npz,0–4199,COLOR,COLOR,TP
continuous_0862_S6_strategy2.npz,4199–8431,FOOD,FOOD,TP
continuous_0862_S6_strategy2.npz,7933–10566,—,DAYS,FP
continuous_0862_S6_strategy2.npz,8431–12677,DAYS,DAYS,TP
continuous_0862_S6_strategy2.npz,12677–16876,GREETING,GREETING,TP
continuous_0862_S6_strategy2.npz,13200–15866,—,GREETING,FP
continuous_0862_S6_strategy2.npz,16876–21122,RELATIONSHIPS,RELATIONSHIPS,TP
continuous_0863_S6_strategy2.npz,0–4279,DAYS,DAYS,TP
continuous_0863_S6_strategy2.npz,2366–4733,—,CALENDAR,FP
continuous_0863_S6_strategy2.npz,4279–8525,CALENDAR,CALENDAR,TP
continuous_0863_S6_strategy2.npz,7133–9500,—,CALENDAR,FP
continuous_0863_S6_strategy2.npz,8525–13357,GREETING,GREETING,TP
continuous_0863_S6_strategy2.npz,9500–11866,—,SURVIVAL,FP
continuous_0863_S6_strategy2.npz,13357–17603,DRINK,DRINK,TP
continuous_0863_S6_strategy2.npz,17603–21849,COLOR,COLOR,TP
continuous_0863_S6_strategy2.npz,21400–23766,—,RELATIONSHIPS,FP
continuous_0863_S6_strategy2.npz,21849–26363,NUMBER,NUMBER,TP
continuous_0864_S6_strategy2.npz,0–4246,DAYS,DAYS,TP
continuous_0864_S6_strategy2.npz,4246–8492,DRINK,DRINK,TP
continuous_0864_S6_strategy2.npz,8492–12487,RELATIONSHIPS,RELATIONSHIPS,TP
continuous_0864_S6_strategy2.npz,12487–16486,FOOD,RELATIONSHIPS,TP
continuous_0864_S6_strategy2.npz,16486–21466,SURVIVAL,SURVIVAL,TP
continuous_0864_S6_strategy2.npz,21466–25712,FAMILY,FAMILY,TP
continuous_0864_S6_strategy2.npz,24300–27000,—,FAMILY,FP
continuous_0864_S6_strategy2.npz,25712–29958,COLOR,COLOR,TP
continuous_0865_S6_strategy2.npz,0–4165,DRINK,DRINK,TP
continuous_0865_S6_strategy2.npz,2966–5933,—,DAYS,FP
continuous_0865_S6_strategy2.npz,4165–8411,DAYS,—,FN
continuous_0865_S6_strategy2.npz,5933–8900,—,RELATIONSHIPS,FP
continuous_0865_S6_strategy2.npz,8411–12657,RELATIONSHIPS,—,FN
continuous_0865_S6_strategy2.npz,8900–11866,—,SURVIVAL,FP
continuous_0865_S6_strategy2.npz,12657–17064,NUMBER,NUMBER,TP
continuous_0865_S6_strategy2.npz,17064–20991,CALENDAR,CALENDAR,TP
continuous_0866_S6_strategy2.npz,0–4622,SURVIVAL,SURVIVAL,TP
continuous_0866_S6_strategy2.npz,4622–8835,CALENDAR,CALENDAR,TP
continuous_0866_S6_strategy2.npz,7400–11100,—,CALENDAR,FP
continuous_0866_S6_strategy2.npz,8835–13113,DRINK,DRINK,TP
continuous_0866_S6_strategy2.npz,13113–17663,NUMBER,NUMBER,TP
continuous_0866_S6_strategy2.npz,17663–21909,DAYS,DAYS,TP
continuous_0866_S6_strategy2.npz,21909–26122,RELATIONSHIPS,RELATIONSHIPS,TP
continuous_0866_S6_strategy2.npz,26122–30154,FAMILY,FAMILY,TP
continuous_0867_S6_strategy2.npz,0–4694,SURVIVAL,SURVIVAL,TP
continuous_0867_S6_strategy2.npz,4694–8940,RELATIONSHIPS,RELATIONSHIPS,TP
continuous_0867_S6_strategy2.npz,8940–13373,GREETING,GREETING,TP
continuous_0867_S6_strategy2.npz,13373–17959,NUMBER,—,FN
continuous_0867_S6_strategy2.npz,13700–16433,—,DRINK,FP
continuous_0867_S6_strategy2.npz,16433–19166,—,NUMBER,FP
continuous_0867_S6_strategy2.npz,17959–22205,FAMILY,FAMILY,TP
continuous_0867_S6_strategy2.npz,22205–26468,CALENDAR,CALENDAR,TP
continuous_0867_S6_strategy2.npz,24666–27400,—,COLOR,FP
continuous_0867_S6_strategy2.npz,26468–30700,FOOD,FOOD,TP
continuous_0868_S6_strategy2.npz,0–4246,DAYS,DAYS,TP
continuous_0868_S6_strategy2.npz,3100–6233,—,COLOR,FP
continuous_0868_S6_strategy2.npz,4246–8492,DRINK,—,FN
continuous_0868_S6_strategy2.npz,6233–9333,—,DRINK,FP
continuous_0868_S6_strategy2.npz,8492–12657,COLOR,COLOR,TP
continuous_0868_S6_strategy2.npz,12466–15600,—,COLOR,FP
continuous_0868_S6_strategy2.npz,12657–16706,SURVIVAL,SURVIVAL,TP
continuous_0868_S6_strategy2.npz,16706–20952,RELATIONSHIPS,RELATIONSHIPS,TP
continuous_0868_S6_strategy2.npz,20952–25151,GREETING,GREETING,TP
continuous_0869_S6_strategy2.npz,0–4246,DRINK,DRINK,TP
continuous_0869_S6_strategy2.npz,2600–5233,—,FAMILY,FP
continuous_0869_S6_strategy2.npz,4246–8492,FAMILY,—,FN
continuous_0869_S6_strategy2.npz,5233–7833,—,FAMILY,FP
continuous_0869_S6_strategy2.npz,8492–12424,NUMBER,NUMBER,TP
continuous_0869_S6_strategy2.npz,12424–16637,RELATIONSHIPS,RELATIONSHIPS,TP
continuous_0869_S6_strategy2.npz,16637–21187,SURVIVAL,SURVIVAL,TP
continuous_0870_S6_strategy2.npz,0–4279,RELATIONSHIPS,RELATIONSHIPS,TP
continuous_0870_S6_strategy2.npz,4279–8611,COLOR,COLOR,TP
continuous_0870_S6_strategy2.npz,8166–10900,—,GREETING,FP
continuous_0870_S6_strategy2.npz,8611–13276,GREETING,—,FN
continuous_0870_S6_strategy2.npz,10900–13633,—,SURVIVAL,FP
continuous_0870_S6_strategy2.npz,13276–17522,DRINK,DRINK,TP
continuous_0870_S6_strategy2.npz,16366–19100,—,CALENDAR,FP
continuous_0870_S6_strategy2.npz,17522–21768,CALENDAR,CALENDAR,TP
continuous_0871_S6_strategy2.npz,0–4279,FAMILY,FAMILY,TP
continuous_0871_S6_strategy2.npz,4279–8525,DAYS,DAYS,TP
continuous_0871_S6_strategy2.npz,8525–12771,COLOR,COLOR,TP
continuous_0871_S6_strategy2.npz,10633–14200,—,FOOD,FP
continuous_0871_S6_strategy2.npz,12771–17050,FOOD,—,FN
continuous_0871_S6_strategy2.npz,14200–17733,—,RELATIONSHIPS,FP
continuous_0871_S6_strategy2.npz,17050–21493,NUMBER,NUMBER,TP
continuous_0872_S6_strategy2.npz,0–4246,FAMILY,FAMILY,TP
continuous_0872_S6_strategy2.npz,4246–8459,RELATIONSHIPS,RELATIONSHIPS,TP
continuous_0872_S6_strategy2.npz,8459–12973,NUMBER,NUMBER,TP
continuous_0872_S6_strategy2.npz,12973–17219,DRINK,DRINK,TP
continuous_0872_S6_strategy2.npz,15866–19066,—,FOOD,FP
continuous_0872_S6_strategy2.npz,17219–21465,DAYS,DAYS,TP
continuous_0872_S6_strategy2.npz,21465–25630,COLOR,COLOR,TP
continuous_0873_S6_strategy2.npz,0–4246,RELATIONSHIPS,RELATIONSHIPS,TP
continuous_0873_S6_strategy2.npz,4246–8492,FOOD,FOOD,TP
continuous_0873_S6_strategy2.npz,7166–10766,—,SURVIVAL,FP
continuous_0873_S6_strategy2.npz,8492–12491,GREETING,GREETING,TP
continuous_0873_S6_strategy2.npz,12491–17041,NUMBER,NUMBER,TP
continuous_0873_S6_strategy2.npz,17041–21107,SURVIVAL,SURVIVAL,TP
continuous_0873_S6_strategy2.npz,21107–25353,FAMILY,FAMILY,TP
continuous_0874_S6_strategy2.npz,0–4246,RELATIONSHIPS,RELATIONSHIPS,TP
continuous_0874_S6_strategy2.npz,4246–8375,CALENDAR,CALENDAR,TP
continuous_0874_S6_strategy2.npz,8375–12620,FAMILY,FAMILY,TP
continuous_0874_S6_strategy2.npz,11800–14733,—,SURVIVAL,FP
continuous_0874_S6_strategy2.npz,12620–17134,SURVIVAL,SURVIVAL,TP
continuous_0874_S6_strategy2.npz,17134–21613,NUMBER,NUMBER,TP
continuous_0874_S6_strategy2.npz,20633–23600,—,COLOR,FP
continuous_0874_S6_strategy2.npz,21613–25859,COLOR,—,FN
continuous_0874_S6_strategy2.npz,23600–26533,—,COLOR,FP
continuous_0874_S6_strategy2.npz,25859–29991,DRINK,DRINK,TP
continuous_0875_S6_strategy2.npz,0–4246,DAYS,DAYS,TP
continuous_0875_S6_strategy2.npz,4246–8278,COLOR,COLOR,TP
continuous_0875_S6_strategy2.npz,8278–12474,RELATIONSHIPS,RELATIONSHIPS,TP
continuous_0875_S6_strategy2.npz,12474–16845,NUMBER,NUMBER,TP
continuous_0875_S6_strategy2.npz,16845–21610,SURVIVAL,SURVIVAL,TP
continuous_0875_S6_strategy2.npz,21610–25610,GREETING,GREETING,TP
continuous_0876_S6_strategy2.npz,0–4550,SURVIVAL,SURVIVAL,TP
continuous_0876_S6_strategy2.npz,3033–6066,—,SURVIVAL,FP
continuous_0876_S6_strategy2.npz,4550–8749,GREETING,—,FN
continuous_0876_S6_strategy2.npz,6066–9100,—,NUMBER,FP
continuous_0876_S6_strategy2.npz,8749–13335,NUMBER,NUMBER,TP
continuous_0876_S6_strategy2.npz,9100–12166,—,GREETING,FP
continuous_0876_S6_strategy2.npz,13335–17581,FAMILY,—,FN
continuous_0876_S6_strategy2.npz,15200–18233,—,FAMILY,FP
continuous_0876_S6_strategy2.npz,17581–21827,DRINK,DRINK,TP
continuous_0877_S6_strategy2.npz,0–4532,GREETING,GREETING,TP
continuous_0877_S6_strategy2.npz,2766–5533,—,FAMILY,FP
continuous_0877_S6_strategy2.npz,4532–8778,FAMILY,—,FN
continuous_0877_S6_strategy2.npz,8778–13010,COLOR,COLOR,TP
continuous_0877_S6_strategy2.npz,13010–18241,NUMBER,NUMBER,TP
continuous_0877_S6_strategy2.npz,16666–19466,—,DAYS,FP
continuous_0877_S6_strategy2.npz,18241–22403,DAYS,—,FN
continuous_0877_S6_strategy2.npz,19466–22233,—,RELATIONSHIPS,FP
continuous_0877_S6_strategy2.npz,22403–26668,FOOD,FOOD,TP
continuous_0877_S6_strategy2.npz,25033–27800,—,CALENDAR,FP
continuous_0877_S6_strategy2.npz,26668–30898,CALENDAR,CALENDAR,TP
continuous_0878_S6_strategy2.npz,0–4246,DAYS,DAYS,TP
continuous_0878_S6_strategy2.npz,4246–8492,FAMILY,FAMILY,TP
continuous_0878_S6_strategy2.npz,8492–12738,RELATIONSHIPS,RELATIONSHIPS,TP
continuous_0878_S6_strategy2.npz,12738–16970,GREETING,GREETING,TP
continuous_0878_S6_strategy2.npz,16970–21169,FOOD,—,FN
continuous_0878_S6_strategy2.npz,19733–23000,—,FOOD,FP
continuous_0878_S6_strategy2.npz,21169–25269,SURVIVAL,SURVIVAL,TP
continuous_0878_S6_strategy2.npz,25269–29515,COLOR,COLOR,TP
continuous_0879_S6_strategy2.npz,0–4279,COLOR,COLOR,TP
continuous_0879_S6_strategy2.npz,4279–8558,CALENDAR,CALENDAR,TP
continuous_0879_S6_strategy2.npz,8466–11300,—,CALENDAR,FP
continuous_0879_S6_strategy2.npz,8558–12929,NUMBER,NUMBER,TP
continuous_0879_S6_strategy2.npz,12929–17142,FAMILY,FAMILY,TP
continuous_0879_S6_strategy2.npz,17142–21388,FOOD,FOOD,TP
continuous_0879_S6_strategy2.npz,21388–25620,GREETING,GREETING,TP
continuous_0880_S6_strategy2.npz,0–4279,FAMILY,FAMILY,TP
continuous_0880_S6_strategy2.npz,4279–8525,DRINK,DRINK,TP
continuous_0880_S6_strategy2.npz,8525–12771,RELATIONSHIPS,RELATIONSHIPS,TP
continuous_0880_S6_strategy2.npz,12771–17429,NUMBER,NUMBER,TP
continuous_0880_S6_strategy2.npz,17429–21491,CALENDAR,CALENDAR,TP
continuous_0880_S6_strategy2.npz,19800–22300,—,RELATIONSHIPS,FP
continuous_0880_S6_strategy2.npz,21491–25737,FOOD,FOOD,TP
continuous_0880_S6_strategy2.npz,25737–30216,SURVIVAL,SURVIVAL,TP
continuous_0881_S6_strategy2.npz,0–322,NUMBER,—,FN
continuous_0881_S6_strategy2.npz,322–4601,DRINK,DRINK,TP
continuous_0881_S6_strategy2.npz,2833–5666,—,SURVIVAL,FP
continuous_0881_S6_strategy2.npz,4601–8767,GREETING,GREETING,TP
continuous_0881_S6_strategy2.npz,8767–12766,COLOR,COLOR,TP
continuous_0881_S6_strategy2.npz,12766–17012,DAYS,DAYS,TP
continuous_0881_S6_strategy2.npz,17012–21258,CALENDAR,CALENDAR,TP
continuous_0881_S6_strategy2.npz,21258–25504,FOOD,FOOD,TP
continuous_0882_S6_strategy2.npz,0–4278,CALENDAR,CALENDAR,TP
continuous_0882_S6_strategy2.npz,2633–5300,—,NUMBER,FP
continuous_0882_S6_strategy2.npz,4278–8792,NUMBER,—,FN
continuous_0882_S6_strategy2.npz,5300–10633,—,FAMILY,FP
continuous_0882_S6_strategy2.npz,8792–13005,FAMILY,—,FN
continuous_0882_S6_strategy2.npz,13005–17251,COLOR,COLOR,TP
continuous_0882_S6_strategy2.npz,15933–18600,—,FOOD,FP
continuous_0882_S6_strategy2.npz,17251–21483,GREETING,GREETING,TP
continuous_0883_S6_strategy2.npz,0–4550,NUMBER,NUMBER,TP
continuous_0883_S6_strategy2.npz,4550–8882,FOOD,FOOD,TP
continuous_0883_S6_strategy2.npz,7966–10633,—,GREETING,FP
continuous_0883_S6_strategy2.npz,8882–12981,GREETING,—,FN
continuous_0883_S6_strategy2.npz,10633–13300,—,NUMBER,FP
continuous_0883_S6_strategy2.npz,12981–17639,SURVIVAL,SURVIVAL,TP
continuous_0883_S6_strategy2.npz,15966–18633,—,CALENDAR,FP
continuous_0883_S6_strategy2.npz,17639–21852,CALENDAR,CALENDAR,TP
continuous_0884_S6_strategy2.npz,0–4246,COLOR,COLOR,TP
continuous_0884_S6_strategy2.npz,4246–8492,FOOD,FOOD,TP
continuous_0884_S6_strategy2.npz,8492–12738,FAMILY,FAMILY,TP
continuous_0884_S6_strategy2.npz,12738–16733,RELATIONSHIPS,RELATIONSHIPS,TP
continuous_0884_S6_strategy2.npz,14800–17766,—,GREETING,FP
continuous_0884_S6_strategy2.npz,16733–20665,NUMBER,NUMBER,TP
continuous_0885_S6_strategy2.npz,0–4514,NUMBER,NUMBER,TP
continuous_0885_S6_strategy2.npz,4514–8760,FOOD,FOOD,TP
continuous_0885_S6_strategy2.npz,8760–12726,DRINK,DRINK,TP
continuous_0885_S6_strategy2.npz,12726–16972,COLOR,COLOR,TP
continuous_0885_S6_strategy2.npz,16972–21205,SURVIVAL,SURVIVAL,TP
continuous_0886_S6_strategy2.npz,0–4279,DAYS,DAYS,TP
continuous_0886_S6_strategy2.npz,4279–8179,DRINK,DRINK,TP
continuous_0886_S6_strategy2.npz,6133–9200,—,CALENDAR,FP
continuous_0886_S6_strategy2.npz,8179–12425,CALENDAR,—,FN
continuous_0886_S6_strategy2.npz,9200–12300,—,NUMBER,FP
continuous_0886_S6_strategy2.npz,12300–15366,—,SURVIVAL,FP
continuous_0886_S6_strategy2.npz,12425–17190,GREETING,GREETING,TP
continuous_0886_S6_strategy2.npz,17190–21776,SURVIVAL,SURVIVAL,TP
continuous_0887_S6_strategy2.npz,0–4246,CALENDAR,CALENDAR,TP
continuous_0887_S6_strategy2.npz,4246–8512,GREETING,GREETING,TP
continuous_0887_S6_strategy2.npz,8512–12725,DRINK,DRINK,TP
continuous_0887_S6_strategy2.npz,12725–16938,DAYS,DAYS,TP
continuous_0887_S6_strategy2.npz,14900–17866,—,DRINK,FP
continuous_0887_S6_strategy2.npz,16938–21184,COLOR,COLOR,TP
continuous_0887_S6_strategy2.npz,21184–25430,FAMILY,FAMILY,TP
continuous_0887_S6_strategy2.npz,25430–29676,FOOD,FOOD,TP
continuous_0888_S6_strategy2.npz,0–4032,DRINK,DRINK,TP
continuous_0888_S6_strategy2.npz,3066–6166,—,FOOD,FP
continuous_0888_S6_strategy2.npz,4032–8278,FOOD,—,FN
continuous_0888_S6_strategy2.npz,6166–9233,—,RELATIONSHIPS,FP
continuous_0888_S6_strategy2.npz,8278–12524,RELATIONSHIPS,—,FN
continuous_0888_S6_strategy2.npz,9233–12333,—,NUMBER,FP
continuous_0888_S6_strategy2.npz,12524–16967,SURVIVAL,SURVIVAL,TP
continuous_0888_S6_strategy2.npz,15400–18500,—,FOOD,FP
continuous_0888_S6_strategy2.npz,16967–21832,GREETING,GREETING,TP
continuous_0889_S6_strategy2.npz,0–4246,CALENDAR,CALENDAR,TP
continuous_0889_S6_strategy2.npz,2666–5333,—,FAMILY,FP
continuous_0889_S6_strategy2.npz,4246–8525,FAMILY,—,FN
continuous_0889_S6_strategy2.npz,5333–8000,—,FAMILY,FP
continuous_0889_S6_strategy2.npz,8000–10666,—,DAYS,FP
continuous_0889_S6_strategy2.npz,8525–12721,RELATIONSHIPS,RELATIONSHIPS,TP
continuous_0889_S6_strategy2.npz,12721–16967,FOOD,RELATIONSHIPS,TP
continuous_0889_S6_strategy2.npz,16000–18666,—,RELATIONSHIPS,FP
continuous_0889_S6_strategy2.npz,16967–21299,GREETING,GREETING,TP
continuous_0890_S6_strategy2.npz,0–4532,GREETING,GREETING,TP
continuous_0890_S6_strategy2.npz,4532–8778,COLOR,COLOR,TP
continuous_0890_S6_strategy2.npz,6466–9700,—,CALENDAR,FP
continuous_0890_S6_strategy2.npz,8778–13024,CALENDAR,—,FN
continuous_0890_S6_strategy2.npz,9700–12933,—,RELATIONSHIPS,FP
continuous_0890_S6_strategy2.npz,13024–17789,SURVIVAL,SURVIVAL,TP
continuous_0890_S6_strategy2.npz,17789–21888,NUMBER,NUMBER,TP
continuous_0890_S6_strategy2.npz,21888–26134,FOOD,FOOD,TP
continuous_0891_S6_strategy2.npz,0–4514,NUMBER,NUMBER,TP
continuous_0891_S6_strategy2.npz,4514–8760,DAYS,DAYS,TP
continuous_0891_S6_strategy2.npz,8760–13006,RELATIONSHIPS,RELATIONSHIPS,TP
continuous_0891_S6_strategy2.npz,13006–17285,FAMILY,FAMILY,TP
continuous_0891_S6_strategy2.npz,16233–18933,—,DRINK,FP
continuous_0891_S6_strategy2.npz,17285–21531,DRINK,—,FN
continuous_0891_S6_strategy2.npz,18933–21666,—,COLOR,FP
continuous_0891_S6_strategy2.npz,21531–25810,FOOD,FOOD,TP
continuous_0891_S6_strategy2.npz,25810–29976,SURVIVAL,SURVIVAL,TP
continuous_0892_S6_strategy2.npz,0–4330,RELATIONSHIPS,RELATIONSHIPS,TP
continuous_0892_S6_strategy2.npz,4330–8562,GREETING,GREETING,TP
continuous_0892_S6_strategy2.npz,8562–12775,CALENDAR,CALENDAR,TP
continuous_0892_S6_strategy2.npz,12775–17021,DRINK,DRINK,TP
continuous_0892_S6_strategy2.npz,17021–21267,FOOD,FOOD,TP
continuous_0893_S6_strategy2.npz,0–4213,FOOD,FOOD,TP
continuous_0893_S6_strategy2.npz,2466–4966,—,COLOR,FP
continuous_0893_S6_strategy2.npz,4213–8459,RELATIONSHIPS,RELATIONSHIPS,TP
continuous_0893_S6_strategy2.npz,7466–9933,—,DRINK,FP
continuous_0893_S6_strategy2.npz,8459–12738,DRINK,—,FN
continuous_0893_S6_strategy2.npz,9933–12433,—,COLOR,FP
continuous_0893_S6_strategy2.npz,12433–14933,—,GREETING,FP
continuous_0893_S6_strategy2.npz,12738–16837,COLOR,—,FN
continuous_0893_S6_strategy2.npz,14933–17400,—,FAMILY,FP
continuous_0893_S6_strategy2.npz,16837–21069,FAMILY,—,FN
continuous_0893_S6_strategy2.npz,17400–19900,—,FAMILY,FP
continuous_0893_S6_strategy2.npz,21069–25315,CALENDAR,CALENDAR,TP
continuous_0893_S6_strategy2.npz,24866–27366,—,NUMBER,FP
continuous_0893_S6_strategy2.npz,25315–29780,GREETING,GREETING,TP
continuous_0894_S6_strategy2.npz,0–4586,NUMBER,NUMBER,TP
continuous_0894_S6_strategy2.npz,4586–8832,RELATIONSHIPS,RELATIONSHIPS,TP
continuous_0894_S6_strategy2.npz,6433–9633,—,CALENDAR,FP
continuous_0894_S6_strategy2.npz,8832–13078,CALENDAR,—,FN
continuous_0894_S6_strategy2.npz,9633–12866,—,COLOR,FP
continuous_0894_S6_strategy2.npz,13078–17772,GREETING,GREETING,TP
continuous_0894_S6_strategy2.npz,16066–19300,—,DAYS,FP
continuous_0894_S6_strategy2.npz,17772–22322,SURVIVAL,SURVIVAL,TP
continuous_0894_S6_strategy2.npz,22322–26535,FAMILY,FAMILY,TP
continuous_0895_S6_strategy2.npz,0–4246,DAYS,DAYS,TP
continuous_0895_S6_strategy2.npz,2400–4800,—,DRINK,FP
continuous_0895_S6_strategy2.npz,4246–8492,DRINK,DRINK,TP
continuous_0895_S6_strategy2.npz,7233–9633,—,COLOR,FP
continuous_0895_S6_strategy2.npz,8492–13490,GREETING,GREETING,TP
continuous_0895_S6_strategy2.npz,9633–12066,—,CALENDAR,FP
continuous_0895_S6_strategy2.npz,13490–17736,COLOR,FAMILY,TP
continuous_0895_S6_strategy2.npz,14466–16900,—,RELATIONSHIPS,FP
continuous_0895_S6_strategy2.npz,17736–21668,FOOD,FOOD,TP
continuous_0896_S6_strategy2.npz,0–4246,FAMILY,FAMILY,TP
continuous_0896_S6_strategy2.npz,2766–5566,—,FAMILY,FP
continuous_0896_S6_strategy2.npz,4246–8725,SURVIVAL,SURVIVAL,TP
continuous_0896_S6_strategy2.npz,8725–12924,GREETING,GREETING,TP
continuous_0896_S6_strategy2.npz,12924–17137,DAYS,DAYS,TP
continuous_0896_S6_strategy2.npz,17137–21270,DRINK,DRINK,TP
continuous_0896_S6_strategy2.npz,21270–25399,RELATIONSHIPS,RELATIONSHIPS,TP
continuous_0897_S6_strategy2.npz,0–4213,FOOD,FOOD,TP
continuous_0897_S6_strategy2.npz,4213–8459,DRINK,DRINK,TP
continuous_0897_S6_strategy2.npz,8459–12902,NUMBER,NUMBER,TP
continuous_0897_S6_strategy2.npz,12902–17148,RELATIONSHIPS,RELATIONSHIPS,TP
continuous_0897_S6_strategy2.npz,17148–21280,FAMILY,FAMILY,TP
continuous_0897_S6_strategy2.npz,21280–25866,SURVIVAL,SURVIVAL,TP
continuous_0897_S6_strategy2.npz,25866–30145,COLOR,COLOR,TP
continuous_0898_S6_strategy2.npz,0–4246,FAMILY,FAMILY,TP
continuous_0898_S6_strategy2.npz,3033–6066,—,FAMILY,FP
continuous_0898_S6_strategy2.npz,4246–8491,CALENDAR,CALENDAR,TP
continuous_0898_S6_strategy2.npz,8491–12704,FOOD,FOOD,TP
continuous_0898_S6_strategy2.npz,9100–12133,—,FOOD,FP
continuous_0898_S6_strategy2.npz,12704–16917,COLOR,COLOR,TP
continuous_0898_S6_strategy2.npz,16917–21163,DRINK,DRINK,TP
continuous_0899_S6_strategy2.npz,0–4246,COLOR,COLOR,TP
continuous_0899_S6_strategy2.npz,4246–8476,CALENDAR,CALENDAR,TP
continuous_0899_S6_strategy2.npz,8476–12722,FAMILY,FAMILY,TP
continuous_0899_S6_strategy2.npz,12722–17165,NUMBER,NUMBER,TP
continuous_0899_S6_strategy2.npz,15800–18966,—,COLOR,FP
continuous_0899_S6_strategy2.npz,17165–21331,SURVIVAL,SURVIVAL,TP
continuous_0899_S6_strategy2.npz,21331–25530,GREETING,GREETING,TP
continuous_0900_S6_strategy2.npz,0–4246,RELATIONSHIPS,RELATIONSHIPS,TP
continuous_0900_S6_strategy2.npz,2866–5733,—,SURVIVAL,FP
continuous_0900_S6_strategy2.npz,4246–8379,SURVIVAL,—,FN
continuous_0900_S6_strategy2.npz,5733–8633,—,SURVIVAL,FP
continuous_0900_S6_strategy2.npz,8379–13209,GREETING,GREETING,TP
continuous_0900_S6_strategy2.npz,8633–11500,—,RELATIONSHIPS,FP
continuous_0900_S6_strategy2.npz,13209–17422,COLOR,COLOR,TP
continuous_0900_S6_strategy2.npz,17422–21635,FAMILY,FAMILY,TP
continuous_0900_S6_strategy2.npz,20166–23033,—,FAMILY,FP
continuous_0900_S6_strategy2.npz,21635–25881,CALENDAR,CALENDAR,TP
continuous_0901_S6_strategy2.npz,0–4232,GREETING,GREETING,TP
continuous_0901_S6_strategy2.npz,4232–8478,DAYS,DAYS,TP
continuous_0901_S6_strategy2.npz,5966–8933,—,CALENDAR,FP
continuous_0901_S6_strategy2.npz,8478–12724,CALENDAR,CALENDAR,TP
continuous_0901_S6_strategy2.npz,11933–14900,—,RELATIONSHIPS,FP
continuous_0901_S6_strategy2.npz,12724–17167,NUMBER,NUMBER,TP
continuous_0901_S6_strategy2.npz,17167–21413,COLOR,COLOR,TP
continuous_0901_S6_strategy2.npz,21413–26071,SURVIVAL,SURVIVAL,TP
continuous_0901_S6_strategy2.npz,26071–30317,FOOD,FOOD,TP
continuous_0902_S6_strategy2.npz,0–3759,CALENDAR,CALENDAR,TP
continuous_0902_S6_strategy2.npz,2466–4933,—,CALENDAR,FP
continuous_0902_S6_strategy2.npz,3759–8453,NUMBER,NUMBER,TP
continuous_0902_S6_strategy2.npz,7400–9866,—,RELATIONSHIPS,FP
continuous_0902_S6_strategy2.npz,8453–12699,DRINK,DRINK,TP
continuous_0902_S6_strategy2.npz,12333–14800,—,FAMILY,FP
continuous_0902_S6_strategy2.npz,12699–16945,DAYS,DAYS,TP
continuous_0902_S6_strategy2.npz,16945–21345,SURVIVAL,SURVIVAL,TP
continuous_0902_S6_strategy2.npz,21345–25624,RELATIONSHIPS,RELATIONSHIPS,TP
continuous_0902_S6_strategy2.npz,24666–27133,—,NUMBER,FP
continuous_0902_S6_strategy2.npz,25624–29837,FOOD,FOOD,TP
continuous_0903_S6_strategy2.npz,0–4443,NUMBER,NUMBER,TP
continuous_0903_S6_strategy2.npz,3266–6533,—,SURVIVAL,FP
continuous_0903_S6_strategy2.npz,4443–8656,DAYS,DAYS,TP
continuous_0903_S6_strategy2.npz,8656–12902,RELATIONSHIPS,RELATIONSHIPS,TP
continuous_0903_S6_strategy2.npz,12902–16901,DRINK,DRINK,TP
continuous_0903_S6_strategy2.npz,16901–21147,FOOD,FOOD,TP
continuous_0903_S6_strategy2.npz,21147–25393,COLOR,COLOR,TP
continuous_0903_S6_strategy2.npz,25393–29872,SURVIVAL,SURVIVAL,TP
continuous_0904_S6_strategy2.npz,0–4479,SURVIVAL,SURVIVAL,TP
continuous_0904_S6_strategy2.npz,4479–9543,GREETING,GREETING,TP
continuous_0904_S6_strategy2.npz,9543–13822,DAYS,DAYS,TP
continuous_0904_S6_strategy2.npz,11700–14633,—,DRINK,FP
continuous_0904_S6_strategy2.npz,13822–18068,FOOD,FOOD,TP
continuous_0904_S6_strategy2.npz,18068–22654,NUMBER,NUMBER,TP
continuous_0904_S6_strategy2.npz,20500–23433,—,SURVIVAL,FP
continuous_0904_S6_strategy2.npz,22654–26866,DRINK,DRINK,TP
continuous_0905_S6_strategy2.npz,0–4246,DRINK,DRINK,TP
continuous_0905_S6_strategy2.npz,4246–8492,FAMILY,FAMILY,TP
continuous_0905_S6_strategy2.npz,8492–12558,GREETING,GREETING,TP
continuous_0905_S6_strategy2.npz,10533–14033,—,DRINK,FP
continuous_0905_S6_strategy2.npz,12558–16804,FOOD,FOOD,TP
continuous_0905_S6_strategy2.npz,16804–21003,COLOR,COLOR,TP
continuous_0906_S6_strategy2.npz,0–5518,GREETING,GREETING,TP
continuous_0906_S6_strategy2.npz,2600–5233,—,DAYS,FP
continuous_0906_S6_strategy2.npz,5518–9764,COLOR,COLOR,TP
continuous_0906_S6_strategy2.npz,9764–14010,DRINK,DRINK,TP
continuous_0906_S6_strategy2.npz,14010–18223,RELATIONSHIPS,RELATIONSHIPS,TP
continuous_0906_S6_strategy2.npz,18223–22469,DAYS,DAYS,TP
continuous_0906_S6_strategy2.npz,20933–23533,—,GREETING,FP
continuous_0906_S6_strategy2.npz,22469–26434,FAMILY,FAMILY,TP
continuous_0907_S6_strategy2.npz,0–4312,RELATIONSHIPS,RELATIONSHIPS,TP
continuous_0907_S6_strategy2.npz,4312–8525,FOOD,FOOD,TP
continuous_0907_S6_strategy2.npz,7033–10566,—,FAMILY,FP
continuous_0907_S6_strategy2.npz,8525–12624,FAMILY,—,FN
continuous_0907_S6_strategy2.npz,12624–17067,SURVIVAL,SURVIVAL,TP
continuous_0907_S6_strategy2.npz,17067–21653,NUMBER,NUMBER,TP
continuous_0908_S6_strategy2.npz,0–4246,FOOD,FOOD,TP
continuous_0908_S6_strategy2.npz,2500–5000,—,FOOD,FP
continuous_0908_S6_strategy2.npz,4246–8492,CALENDAR,CALENDAR,TP
continuous_0908_S6_strategy2.npz,8492–12738,DAYS,DAYS,TP
continuous_0908_S6_strategy2.npz,12566–15066,—,GREETING,FP
continuous_0908_S6_strategy2.npz,12738–16984,RELATIONSHIPS,RELATIONSHIPS,TP
continuous_0908_S6_strategy2.npz,16984–21033,SURVIVAL,RELATIONSHIPS,TP
continuous_0908_S6_strategy2.npz,21033–25279,COLOR,COLOR,TP
continuous_0909_S6_strategy2.npz,0–4246,RELATIONSHIPS,RELATIONSHIPS,TP
continuous_0909_S6_strategy2.npz,4246–8525,COLOR,COLOR,TP
continuous_0909_S6_strategy2.npz,8525–12804,DRINK,DRINK,TP
continuous_0909_S6_strategy2.npz,12804–17318,SURVIVAL,SURVIVAL,TP
continuous_0909_S6_strategy2.npz,17318–21797,NUMBER,NUMBER,TP
continuous_0910_S6_strategy2.npz,0–4279,DRINK,DRINK,TP
continuous_0910_S6_strategy2.npz,4279–8475,CALENDAR,DRINK,TP
continuous_0910_S6_strategy2.npz,8475–12721,RELATIONSHIPS,RELATIONSHIPS,TP
continuous_0910_S6_strategy2.npz,12721–17415,SURVIVAL,SURVIVAL,TP
continuous_0910_S6_strategy2.npz,17415–21661,FAMILY,FAMILY,TP
continuous_0910_S6_strategy2.npz,21661–25927,GREETING,GREETING,TP
continuous_0910_S6_strategy2.npz,21666–24400,—,NUMBER,FP
continuous_0910_S6_strategy2.npz,25927–30056,DAYS,DAYS,TP
continuous_0911_S6_strategy2.npz,0–4514,SURVIVAL,SURVIVAL,TP
continuous_0911_S6_strategy2.npz,4514–9458,NUMBER,NUMBER,TP
continuous_0911_S6_strategy2.npz,9458–13587,DAYS,DAYS,TP
continuous_0911_S6_strategy2.npz,12166–15200,—,NUMBER,FP
continuous_0911_S6_strategy2.npz,13587–18219,GREETING,GREETING,TP
continuous_0911_S6_strategy2.npz,18219–22498,RELATIONSHIPS,RELATIONSHIPS,TP
continuous_0911_S6_strategy2.npz,22498–26711,DRINK,DRINK,TP
continuous_0911_S6_strategy2.npz,26711–30957,FAMILY,—,FN
continuous_0912_S6_strategy2.npz,0–4617,SURVIVAL,SURVIVAL,TP
continuous_0912_S6_strategy2.npz,4617–8863,DAYS,DAYS,TP
continuous_0912_S6_strategy2.npz,8863–13109,FOOD,FOOD,TP
continuous_0912_S6_strategy2.npz,13109–17104,CALENDAR,CALENDAR,TP
continuous_0912_S6_strategy2.npz,17104–21350,FAMILY,FAMILY,TP
continuous_0913_S6_strategy2.npz,0–4279,FOOD,FOOD,TP
continuous_0913_S6_strategy2.npz,4279–8511,FAMILY,FAMILY,TP
continuous_0913_S6_strategy2.npz,6666–10000,—,COLOR,FP
continuous_0913_S6_strategy2.npz,8511–12790,DAYS,DAYS,TP
continuous_0913_S6_strategy2.npz,12790–17003,COLOR,COLOR,TP
continuous_0913_S6_strategy2.npz,16666–20000,—,CALENDAR,FP
continuous_0913_S6_strategy2.npz,17003–21249,CALENDAR,CALENDAR,TP
continuous_0913_S6_strategy2.npz,21249–25907,SURVIVAL,SURVIVAL,TP
continuous_0913_S6_strategy2.npz,25907–30186,DRINK,DRINK,TP
continuous_0914_S6_strategy2.npz,0–4213,FOOD,FOOD,TP
continuous_0914_S6_strategy2.npz,4213–8426,DAYS,DAYS,TP
continuous_0914_S6_strategy2.npz,8426–12672,FAMILY,FAMILY,TP
continuous_0914_S6_strategy2.npz,12672–16918,COLOR,COLOR,TP
continuous_0914_S6_strategy2.npz,16918–20751,GREETING,GREETING,TP
continuous_0915_S6_strategy2.npz,0–4129,DAYS,DAYS,TP
continuous_0915_S6_strategy2.npz,3233–6466,—,RELATIONSHIPS,FP
continuous_0915_S6_strategy2.npz,4129–8224,RELATIONSHIPS,—,FN
continuous_0915_S6_strategy2.npz,6466–9700,—,GREETING,FP
continuous_0915_S6_strategy2.npz,8224–12423,GREETING,—,FN
continuous_0915_S6_strategy2.npz,9700–12933,—,FAMILY,FP
continuous_0915_S6_strategy2.npz,12423–16669,FAMILY,—,FN
continuous_0915_S6_strategy2.npz,16669–20801,COLOR,COLOR,TP
continuous_0915_S6_strategy2.npz,20801–24833,FOOD,FOOD,TP
continuous_0915_S6_strategy2.npz,24833–29419,SURVIVAL,SURVIVAL,TP
continuous_0916_S6_strategy2.npz,0–4246,FOOD,FOOD,TP
continuous_0916_S6_strategy2.npz,4246–8492,COLOR,COLOR,TP
continuous_0916_S6_strategy2.npz,8492–12691,GREETING,GREETING,TP
continuous_0916_S6_strategy2.npz,12691–16820,RELATIONSHIPS,RELATIONSHIPS,TP
continuous_0916_S6_strategy2.npz,16820–21120,SURVIVAL,SURVIVAL,TP
continuous_0917_S6_strategy2.npz,0–4560,SURVIVAL,SURVIVAL,TP
continuous_0917_S6_strategy2.npz,4560–9074,NUMBER,NUMBER,TP
continuous_0917_S6_strategy2.npz,9074–13806,GREETING,GREETING,TP
continuous_0917_S6_strategy2.npz,13806–18052,FAMILY,FAMILY,TP
continuous_0917_S6_strategy2.npz,15400–17600,—,FAMILY,FP
continuous_0917_S6_strategy2.npz,17600–19800,—,COLOR,FP
continuous_0917_S6_strategy2.npz,18052–22298,DRINK,DRINK,TP
continuous_0918_S6_strategy2.npz,0–4245,FOOD,FOOD,TP
continuous_0918_S6_strategy2.npz,2433–4900,—,RELATIONSHIPS,FP
continuous_0918_S6_strategy2.npz,4245–8688,NUMBER,NUMBER,TP
continuous_0918_S6_strategy2.npz,8688–12854,DRINK,DRINK,TP
continuous_0918_S6_strategy2.npz,12266–14733,—,SURVIVAL,FP
continuous_0918_S6_strategy2.npz,12854–17404,SURVIVAL,—,FN
continuous_0918_S6_strategy2.npz,14733–17200,—,SURVIVAL,FP
continuous_0918_S6_strategy2.npz,17404–21617,DAYS,DAYS,TP
continuous_0918_S6_strategy2.npz,19666–22100,—,GREETING,FP
continuous_0918_S6_strategy2.npz,21617–25749,FAMILY,FAMILY,TP
continuous_0918_S6_strategy2.npz,24566–27033,—,FAMILY,FP
continuous_0918_S6_strategy2.npz,25749–29995,RELATIONSHIPS,RELATIONSHIPS,TP
continuous_0919_S6_strategy2.npz,0–4622,SURVIVAL,SURVIVAL,TP
continuous_0919_S6_strategy2.npz,4622–8854,DRINK,DRINK,TP
continuous_0919_S6_strategy2.npz,8854–13100,FAMILY,FAMILY,TP
continuous_0919_S6_strategy2.npz,11733–14066,—,FAMILY,FP
continuous_0919_S6_strategy2.npz,13100–17346,RELATIONSHIPS,RELATIONSHIPS,TP
continuous_0919_S6_strategy2.npz,16433–18766,—,RELATIONSHIPS,FP
continuous_0919_S6_strategy2.npz,17346–21845,GREETING,GREETING,TP
continuous_0919_S6_strategy2.npz,21133–23466,—,NUMBER,FP
continuous_0919_S6_strategy2.npz,21845–26359,NUMBER,NUMBER,TP
continuous_0920_S6_strategy2.npz,0–4599,GREETING,GREETING,TP
continuous_0920_S6_strategy2.npz,2366–4733,—,GREETING,FP
continuous_0920_S6_strategy2.npz,4599–8798,DRINK,DRINK,TP
continuous_0920_S6_strategy2.npz,7100–9466,—,COLOR,FP
continuous_0920_S6_strategy2.npz,8798–13384,SURVIVAL,SURVIVAL,TP
continuous_0920_S6_strategy2.npz,13384–17379,RELATIONSHIPS,RELATIONSHIPS,TP
continuous_0920_S6_strategy2.npz,17379–21625,DAYS,DAYS,TP
continuous_0921_S6_strategy2.npz,0–3760,CALENDAR,CALENDAR,TP
continuous_0921_S6_strategy2.npz,3760–7973,FAMILY,FAMILY,TP
continuous_0921_S6_strategy2.npz,7973–12219,FOOD,FOOD,TP
continuous_0921_S6_strategy2.npz,12219–16251,COLOR,COLOR,TP
continuous_0921_S6_strategy2.npz,14866–17333,—,NUMBER,FP
continuous_0921_S6_strategy2.npz,16251–20447,RELATIONSHIPS,RELATIONSHIPS,TP
continuous_0921_S6_strategy2.npz,20447–24726,DRINK,DRINK,TP
continuous_0922_S6_strategy2.npz,0–4279,COLOR,COLOR,TP
continuous_0922_S6_strategy2.npz,2533–5100,—,FAMILY,FP
continuous_0922_S6_strategy2.npz,4279–8525,RELATIONSHIPS,RELATIONSHIPS,TP
continuous_0922_S6_strategy2.npz,8525–12771,DAYS,DAYS,TP
continuous_0922_S6_strategy2.npz,12771–17017,FOOD,FOOD,TP
continuous_0922_S6_strategy2.npz,15366–17933,—,CALENDAR,FP
continuous_0922_S6_strategy2.npz,17017–21263,CALENDAR,CALENDAR,TP
continuous_0922_S6_strategy2.npz,20500–23066,—,CALENDAR,FP
continuous_0922_S6_strategy2.npz,21263–25509,DRINK,DRINK,TP
continuous_0923_S6_strategy2.npz,0–4365,GREETING,GREETING,TP
continuous_0923_S6_strategy2.npz,4365–8987,SURVIVAL,SURVIVAL,TP
continuous_0923_S6_strategy2.npz,8987–13233,FAMILY,FAMILY,TP
continuous_0923_S6_strategy2.npz,13233–17479,CALENDAR,CALENDAR,TP
continuous_0923_S6_strategy2.npz,17479–22065,NUMBER,NUMBER,TP
continuous_0923_S6_strategy2.npz,22065–26278,FOOD,FOOD,TP
continuous_0923_S6_strategy2.npz,24566–27300,—,FAMILY,FP
continuous_0923_S6_strategy2.npz,26278–30524,RELATIONSHIPS,RELATIONSHIPS,TP
continuous_0924_S6_strategy2.npz,0–4246,DRINK,DRINK,TP
continuous_0924_S6_strategy2.npz,4246–8112,GREETING,GREETING,TP
continuous_0924_S6_strategy2.npz,8112–12806,SURVIVAL,SURVIVAL,TP
continuous_0924_S6_strategy2.npz,12806–17356,NUMBER,NUMBER,TP
continuous_0924_S6_strategy2.npz,17356–21635,FAMILY,FAMILY,TP
continuous_0925_S6_strategy2.npz,0–4199,GREETING,GREETING,TP
continuous_0925_S6_strategy2.npz,4199–8199,SURVIVAL,SURVIVAL,TP
continuous_0925_S6_strategy2.npz,8199–12445,FAMILY,FAMILY,TP
continuous_0925_S6_strategy2.npz,12445–16691,DRINK,DRINK,TP
continuous_0925_S6_strategy2.npz,16691–20904,CALENDAR,CALENDAR,TP
continuous_0926_S6_strategy2.npz,0–4732,GREETING,GREETING,TP
continuous_0926_S6_strategy2.npz,4732–8894,DAYS,DAYS,TP
continuous_0926_S6_strategy2.npz,8894–13140,DRINK,DRINK,TP
continuous_0926_S6_strategy2.npz,13140–17370,RELATIONSHIPS,RELATIONSHIPS,TP
continuous_0926_S6_strategy2.npz,17370–21649,FAMILY,FAMILY,TP
continuous_0926_S6_strategy2.npz,20000–22500,—,DRINK,FP
continuous_0926_S6_strategy2.npz,21649–25894,COLOR,COLOR,TP
continuous_0926_S6_strategy2.npz,25894–29959,FOOD,FOOD,TP
continuous_0927_S6_strategy2.npz,0–4246,DRINK,DRINK,TP
continuous_0927_S6_strategy2.npz,4246–8492,DAYS,DAYS,TP
continuous_0927_S6_strategy2.npz,8492–12971,SURVIVAL,NUMBER,TP
continuous_0927_S6_strategy2.npz,12971–17250,CALENDAR,CALENDAR,TP
continuous_0927_S6_strategy2.npz,15133–18166,—,CALENDAR,FP
continuous_0927_S6_strategy2.npz,17250–21647,GREETING,GREETING,TP
continuous_0928_S6_strategy2.npz,0–4213,FOOD,FOOD,TP
continuous_0928_S6_strategy2.npz,4213–8492,CALENDAR,CALENDAR,TP
continuous_0928_S6_strategy2.npz,8492–12738,RELATIONSHIPS,RELATIONSHIPS,TP
continuous_0928_S6_strategy2.npz,12738–17001,DAYS,DAYS,TP
continuous_0928_S6_strategy2.npz,17001–21551,NUMBER,NUMBER,TP
continuous_0928_S6_strategy2.npz,21551–25797,DRINK,DRINK,TP
continuous_0928_S6_strategy2.npz,25797–30043,FAMILY,FAMILY,TP
continuous_0929_S6_strategy2.npz,0–4133,GREETING,GREETING,TP
continuous_0929_S6_strategy2.npz,4133–8612,NUMBER,NUMBER,TP
continuous_0929_S6_strategy2.npz,7033–10533,—,FOOD,FP
continuous_0929_S6_strategy2.npz,8612–12858,FOOD,—,FN
continuous_0929_S6_strategy2.npz,10533–14066,—,CALENDAR,FP
continuous_0929_S6_strategy2.npz,12858–17137,CALENDAR,—,FN
continuous_0929_S6_strategy2.npz,14066–21100,—,RELATIONSHIPS,FP
continuous_0929_S6_strategy2.npz,17137–21336,DRINK,—,FN
continuous_0930_S6_strategy2.npz,0–4246,CALENDAR,CALENDAR,TP
continuous_0930_S6_strategy2.npz,4246–8459,FOOD,FOOD,TP
continuous_0930_S6_strategy2.npz,8100–10800,—,DRINK,FP
continuous_0930_S6_strategy2.npz,8459–12938,NUMBER,NUMBER,TP
continuous_0930_S6_strategy2.npz,12938–17104,GREETING,NUMBER,TP
continuous_0930_S6_strategy2.npz,16233–18933,—,GREETING,FP
continuous_0930_S6_strategy2.npz,17104–21350,DAYS,DAYS,TP
continuous_0930_S6_strategy2.npz,21350–25629,COLOR,COLOR,TP
continuous_0930_S6_strategy2.npz,24333–27033,—,SURVIVAL,FP
continuous_0930_S6_strategy2.npz,25629–30251,SURVIVAL,SURVIVAL,TP
continuous_0931_S6_strategy2.npz,0–4246,RELATIONSHIPS,RELATIONSHIPS,TP
continuous_0931_S6_strategy2.npz,4246–9119,SURVIVAL,SURVIVAL,TP
continuous_0931_S6_strategy2.npz,4700–7033,—,FAMILY,FP
continuous_0931_S6_strategy2.npz,9119–13151,NUMBER,NUMBER,TP
continuous_0931_S6_strategy2.npz,13151–17397,FAMILY,DRINK,TP
continuous_0931_S6_strategy2.npz,17397–21429,DRINK,DRINK,TP
continuous_0932_S6_strategy2.npz,0–4560,SURVIVAL,SURVIVAL,TP
continuous_0932_S6_strategy2.npz,4560–8692,GREETING,GREETING,TP
continuous_0932_S6_strategy2.npz,8692–12938,COLOR,COLOR,TP
continuous_0932_S6_strategy2.npz,12938–17067,CALENDAR,CALENDAR,TP
continuous_0932_S6_strategy2.npz,13833–16133,—,COLOR,FP
continuous_0932_S6_strategy2.npz,17067–21510,NUMBER,NUMBER,TP
continuous_0932_S6_strategy2.npz,20766–23066,—,NUMBER,FP
continuous_0932_S6_strategy2.npz,21510–25675,FAMILY,FAMILY,TP
continuous_0933_S6_strategy2.npz,0–4212,CALENDAR,CALENDAR,TP
continuous_0933_S6_strategy2.npz,4212–8726,NUMBER,NUMBER,TP
continuous_0933_S6_strategy2.npz,7500–10000,—,DAYS,FP
continuous_0933_S6_strategy2.npz,8726–12972,DAYS,DAYS,TP
continuous_0933_S6_strategy2.npz,12500–15000,—,FAMILY,FP
continuous_0933_S6_strategy2.npz,12972–17218,FOOD,FOOD,TP
continuous_0933_S6_strategy2.npz,17218–21284,SURVIVAL,SURVIVAL,TP
continuous_0933_S6_strategy2.npz,21284–26050,GREETING,GREETING,TP
continuous_0933_S6_strategy2.npz,25000–27500,—,RELATIONSHIPS,FP
continuous_0933_S6_strategy2.npz,26050–30263,FAMILY,FAMILY,TP
continuous_0934_S6_strategy2.npz,0–4199,DRINK,DRINK,TP
continuous_0934_S6_strategy2.npz,2266–4533,—,DAYS,FP
continuous_0934_S6_strategy2.npz,4199–8412,DAYS,—,FN
continuous_0934_S6_strategy2.npz,4533–6833,—,NUMBER,FP
continuous_0934_S6_strategy2.npz,6833–9100,—,GREETING,FP
continuous_0934_S6_strategy2.npz,8412–12777,GREETING,—,FN
continuous_0934_S6_strategy2.npz,9100–11366,—,FAMILY,FP
continuous_0934_S6_strategy2.npz,11366–13666,—,FAMILY,FP
continuous_0934_S6_strategy2.npz,12777–16842,FAMILY,—,FN
continuous_0934_S6_strategy2.npz,13666–15933,—,CALENDAR,FP
continuous_0934_S6_strategy2.npz,15933–18233,—,CALENDAR,FP
continuous_0934_S6_strategy2.npz,16842–21088,CALENDAR,—,FN
continuous_0934_S6_strategy2.npz,18233–20500,—,SURVIVAL,FP
continuous_0934_S6_strategy2.npz,20500–22766,—,NUMBER,FP
continuous_0934_S6_strategy2.npz,21088–25320,NUMBER,—,FN
continuous_0934_S6_strategy2.npz,22766–25066,—,DRINK,FP
continuous_0934_S6_strategy2.npz,25066–27333,—,GREETING,FP
continuous_0934_S6_strategy2.npz,25320–29566,FOOD,FOOD,TP
continuous_0935_S6_strategy2.npz,0–4213,FAMILY,FAMILY,TP
continuous_0935_S6_strategy2.npz,4213–8478,COLOR,COLOR,TP
continuous_0935_S6_strategy2.npz,8478–12877,GREETING,—,FN
continuous_0935_S6_strategy2.npz,9666–12900,—,FOOD,FP
continuous_0935_S6_strategy2.npz,12877–17714,SURVIVAL,SURVIVAL,TP
continuous_0935_S6_strategy2.npz,12900–16100,—,GREETING,FP
continuous_0935_S6_strategy2.npz,17714–21843,CALENDAR,CALENDAR,TP
continuous_0935_S6_strategy2.npz,21843–26055,DAYS,DAYS,TP
continuous_0936_S6_strategy2.npz,0–4246,FOOD,FOOD,TP
continuous_0936_S6_strategy2.npz,2833–5700,—,FOOD,FP
continuous_0936_S6_strategy2.npz,4246–8525,RELATIONSHIPS,RELATIONSHIPS,TP
continuous_0936_S6_strategy2.npz,8525–12758,SURVIVAL,SURVIVAL,TP
continuous_0936_S6_strategy2.npz,8533–11400,—,DRINK,FP
continuous_0936_S6_strategy2.npz,12758–17023,GREETING,GREETING,TP
continuous_0936_S6_strategy2.npz,17023–21302,DAYS,DAYS,TP
continuous_0936_S6_strategy2.npz,19933–22800,—,FOOD,FP
continuous_0936_S6_strategy2.npz,21302–25581,COLOR,COLOR,TP
continuous_0937_S6_strategy2.npz,0–4299,GREETING,GREETING,TP
continuous_0937_S6_strategy2.npz,2833–5666,—,DAYS,FP
continuous_0937_S6_strategy2.npz,4299–8731,NUMBER,NUMBER,TP
continuous_0937_S6_strategy2.npz,8731–12977,COLOR,COLOR,TP
continuous_0937_S6_strategy2.npz,11366–14200,—,RELATIONSHIPS,FP
continuous_0937_S6_strategy2.npz,12977–17190,FAMILY,FAMILY,TP
continuous_0937_S6_strategy2.npz,17190–21289,DRINK,DRINK,TP
continuous_0937_S6_strategy2.npz,21289–25535,RELATIONSHIPS,RELATIONSHIPS,TP
continuous_0938_S6_strategy2.npz,0–4246,DRINK,DRINK,TP
continuous_0938_S6_strategy2.npz,4246–8492,FOOD,FOOD,TP
continuous_0938_S6_strategy2.npz,8492–12738,DAYS,DAYS,TP
continuous_0938_S6_strategy2.npz,12738–17288,NUMBER,NUMBER,TP
continuous_0938_S6_strategy2.npz,17288–21282,CALENDAR,CALENDAR,TP
continuous_0938_S6_strategy2.npz,21282–25868,SURVIVAL,SURVIVAL,TP
continuous_0938_S6_strategy2.npz,25868–30067,FAMILY,FAMILY,TP
continuous_0939_S6_strategy2.npz,0–4658,SURVIVAL,SURVIVAL,TP
continuous_0939_S6_strategy2.npz,2366–4733,—,DRINK,FP
continuous_0939_S6_strategy2.npz,4658–9137,NUMBER,NUMBER,TP
continuous_0939_S6_strategy2.npz,9137–13383,FAMILY,FAMILY,TP
continuous_0939_S6_strategy2.npz,11833–14200,—,CALENDAR,FP
continuous_0939_S6_strategy2.npz,13383–17629,CALENDAR,CALENDAR,TP
continuous_0939_S6_strategy2.npz,16566–18933,—,RELATIONSHIPS,FP
continuous_0939_S6_strategy2.npz,17629–21842,DAYS,DAYS,TP
continuous_0940_S6_strategy2.npz,0–4279,CALENDAR,CALENDAR,TP
continuous_0940_S6_strategy2.npz,4279–8445,GREETING,GREETING,TP
continuous_0940_S6_strategy2.npz,8445–12724,FOOD,FOOD,TP
continuous_0940_S6_strategy2.npz,12724–17310,NUMBER,NUMBER,TP
continuous_0940_S6_strategy2.npz,17310–21556,COLOR,COLOR,TP
continuous_0940_S6_strategy2.npz,21556–26142,SURVIVAL,SURVIVAL,TP
continuous_0941_S6_strategy2.npz,0–4246,CALENDAR,CALENDAR,TP
continuous_0941_S6_strategy2.npz,4246–8492,COLOR,COLOR,TP
continuous_0941_S6_strategy2.npz,8492–12738,FAMILY,FAMILY,TP
continuous_0941_S6_strategy2.npz,12738–16951,DRINK,DRINK,TP
continuous_0941_S6_strategy2.npz,16951–21537,NUMBER,NUMBER,TP
continuous_0941_S6_strategy2.npz,18000–21000,—,COLOR,FP
continuous_0941_S6_strategy2.npz,21537–25908,SURVIVAL,SURVIVAL,TP
continuous_0941_S6_strategy2.npz,25908–30507,GREETING,GREETING,TP
continuous_0942_S6_strategy2.npz,0–4279,FAMILY,FAMILY,TP
continuous_0942_S6_strategy2.npz,4279–8492,RELATIONSHIPS,RELATIONSHIPS,TP
continuous_0942_S6_strategy2.npz,8492–12738,FOOD,FOOD,TP
continuous_0942_S6_strategy2.npz,12738–17017,CALENDAR,CALENDAR,TP
continuous_0942_S6_strategy2.npz,17017–21263,DAYS,DAYS,TP
continuous_0943_S6_strategy2.npz,0–4479,NUMBER,NUMBER,TP
continuous_0943_S6_strategy2.npz,4433–6666,—,GREETING,FP
continuous_0943_S6_strategy2.npz,4479–9477,GREETING,—,FN
continuous_0943_S6_strategy2.npz,6666–8866,—,SURVIVAL,FP
continuous_0943_S6_strategy2.npz,8866–11100,—,COLOR,FP
continuous_0943_S6_strategy2.npz,9477–13723,COLOR,—,FN
continuous_0943_S6_strategy2.npz,11100–13333,—,DAYS,FP
continuous_0943_S6_strategy2.npz,13723–18002,RELATIONSHIPS,RELATIONSHIPS,TP
continuous_0943_S6_strategy2.npz,18002–23125,SURVIVAL,SURVIVAL,TP
continuous_0943_S6_strategy2.npz,22200–24433,—,GREETING,FP
continuous_0943_S6_strategy2.npz,23125–27224,FAMILY,FAMILY,TP
continuous_0944_S6_strategy2.npz,0–4246,RELATIONSHIPS,RELATIONSHIPS,TP
continuous_0944_S6_strategy2.npz,4246–8375,DAYS,DAYS,TP
continuous_0944_S6_strategy2.npz,8375–12474,FOOD,FOOD,TP
continuous_0944_S6_strategy2.npz,10533–14033,—,SURVIVAL,FP
continuous_0944_S6_strategy2.npz,12474–17060,SURVIVAL,—,FN
continuous_0944_S6_strategy2.npz,14033–17533,—,SURVIVAL,FP
continuous_0944_S6_strategy2.npz,17060–21306,DRINK,DRINK,TP
continuous_0945_S6_strategy2.npz,0–4165,FAMILY,FAMILY,TP
continuous_0945_S6_strategy2.npz,2866–5733,—,COLOR,FP
continuous_0945_S6_strategy2.npz,4165–8444,COLOR,—,FN
continuous_0945_S6_strategy2.npz,5733–8600,—,DAYS,FP
continuous_0945_S6_strategy2.npz,8444–12690,DAYS,—,FN
continuous_0945_S6_strategy2.npz,8600–11466,—,NUMBER,FP
continuous_0945_S6_strategy2.npz,12690–17002,FOOD,FOOD,TP
continuous_0945_S6_strategy2.npz,17002–21767,SURVIVAL,SURVIVAL,TP
continuous_0945_S6_strategy2.npz,21767–26013,CALENDAR,CALENDAR,TP
continuous_0946_S6_strategy2.npz,0–4213,COLOR,COLOR,TP
continuous_0946_S6_strategy2.npz,2833–5666,—,CALENDAR,FP
continuous_0946_S6_strategy2.npz,4213–8459,CALENDAR,—,FN
continuous_0946_S6_strategy2.npz,5666–8533,—,RELATIONSHIPS,FP
continuous_0946_S6_strategy2.npz,8459–12705,RELATIONSHIPS,—,FN
continuous_0946_S6_strategy2.npz,8533–11366,—,RELATIONSHIPS,FP
continuous_0946_S6_strategy2.npz,12705–17148,NUMBER,NUMBER,TP
continuous_0946_S6_strategy2.npz,17148–21547,GREETING,GREETING,TP
continuous_0946_S6_strategy2.npz,21547–25793,DRINK,DRINK,TP
continuous_0947_S6_strategy2.npz,0–4550,SURVIVAL,SURVIVAL,TP
continuous_0947_S6_strategy2.npz,2733–5466,—,DAYS,FP
continuous_0947_S6_strategy2.npz,4550–8796,DAYS,—,FN
continuous_0947_S6_strategy2.npz,5466–10966,—,SURVIVAL,FP
continuous_0947_S6_strategy2.npz,8796–13661,GREETING,GREETING,TP
continuous_0947_S6_strategy2.npz,13661–17907,COLOR,COLOR,TP
continuous_0947_S6_strategy2.npz,13700–16433,—,FAMILY,FP
continuous_0947_S6_strategy2.npz,17907–22153,DRINK,DRINK,TP
continuous_0948_S6_strategy2.npz,0–4622,NUMBER,NUMBER,TP
continuous_0948_S6_strategy2.npz,2900–5800,—,RELATIONSHIPS,FP
continuous_0948_S6_strategy2.npz,4622–8867,RELATIONSHIPS,—,FN
continuous_0948_S6_strategy2.npz,5800–8700,—,CALENDAR,FP
continuous_0948_S6_strategy2.npz,8700–11600,—,CALENDAR,FP
continuous_0948_S6_strategy2.npz,8867–13130,CALENDAR,—,FN
continuous_0948_S6_strategy2.npz,11600–14500,—,DRINK,FP
continuous_0948_S6_strategy2.npz,13130–17376,DRINK,—,FN
continuous_0948_S6_strategy2.npz,14500–20300,—,DRINK,FP
continuous_0948_S6_strategy2.npz,17376–22075,GREETING,GREETING,TP
continuous_0948_S6_strategy2.npz,22075–26321,FOOD,FOOD,TP
continuous_0949_S6_strategy2.npz,0–4335,SURVIVAL,SURVIVAL,TP
continuous_0949_S6_strategy2.npz,2300–4633,—,RELATIONSHIPS,FP
continuous_0949_S6_strategy2.npz,4335–9300,GREETING,GREETING,TP
continuous_0949_S6_strategy2.npz,6933–9266,—,DRINK,FP
continuous_0949_S6_strategy2.npz,9300–13578,DAYS,DAYS,TP
continuous_0949_S6_strategy2.npz,13578–17857,DRINK,DRINK,TP
continuous_0949_S6_strategy2.npz,13900–16233,—,SURVIVAL,FP
continuous_0949_S6_strategy2.npz,17857–22070,FAMILY,FAMILY,TP
continuous_0949_S6_strategy2.npz,22070–26135,FOOD,FOOD,TP
continuous_0949_S6_strategy2.npz,26135–30364,RELATIONSHIPS,RELATIONSHIPS,TP
continuous_0950_S6_strategy2.npz,0–4246,CALENDAR,CALENDAR,TP
continuous_0950_S6_strategy2.npz,2133–4266,—,CALENDAR,FP
continuous_0950_S6_strategy2.npz,4246–8492,FAMILY,FAMILY,TP
continuous_0950_S6_strategy2.npz,8492–12705,FOOD,FOOD,TP
continuous_0950_S6_strategy2.npz,12705–17071,GREETING,GREETING,TP
continuous_0950_S6_strategy2.npz,12800–14933,—,COLOR,FP
continuous_0950_S6_strategy2.npz,17066–19200,—,FAMILY,FP
continuous_0950_S6_strategy2.npz,17071–21317,DAYS,DAYS,TP
continuous_0950_S6_strategy2.npz,21317–25796,SURVIVAL,SURVIVAL,TP
continuous_0950_S6_strategy2.npz,21333–23466,—,NUMBER,FP
continuous_0951_S6_strategy2.npz,0–4246,RELATIONSHIPS,RELATIONSHIPS,TP
continuous_0951_S6_strategy2.npz,4246–8492,COLOR,COLOR,TP
continuous_0951_S6_strategy2.npz,5100–7666,—,NUMBER,FP
continuous_0951_S6_strategy2.npz,8492–12738,FAMILY,—,FN
continuous_0951_S6_strategy2.npz,10200–12766,—,FAMILY,FP
continuous_0951_S6_strategy2.npz,12738–17017,FOOD,—,FN
continuous_0951_S6_strategy2.npz,12766–15333,—,FAMILY,FP
continuous_0951_S6_strategy2.npz,15333–17866,—,FOOD,FP
continuous_0951_S6_strategy2.npz,17017–21263,DAYS,DAYS,TP
continuous_0951_S6_strategy2.npz,17866–20433,—,GREETING,FP
continuous_0951_S6_strategy2.npz,21263–25462,SURVIVAL,SURVIVAL,TP
continuous_0952_S6_strategy2.npz,0–4199,FOOD,FOOD,TP
continuous_0952_S6_strategy2.npz,4199–8642,SURVIVAL,SURVIVAL,TP
continuous_0952_S6_strategy2.npz,7800–10400,—,FAMILY,FP
continuous_0952_S6_strategy2.npz,8642–12941,FAMILY,—,FN
continuous_0952_S6_strategy2.npz,10400–13000,—,CALENDAR,FP
continuous_0952_S6_strategy2.npz,12941–16801,CALENDAR,CALENDAR,TP
continuous_0952_S6_strategy2.npz,16801–21080,RELATIONSHIPS,RELATIONSHIPS,TP
continuous_0953_S6_strategy2.npz,0–4246,DRINK,DRINK,TP
continuous_0953_S6_strategy2.npz,3033–6066,—,DRINK,FP
continuous_0953_S6_strategy2.npz,4246–8492,FOOD,FOOD,TP
continuous_0953_S6_strategy2.npz,8492–12771,COLOR,COLOR,TP
continuous_0953_S6_strategy2.npz,12771–17017,CALENDAR,CALENDAR,TP
continuous_0953_S6_strategy2.npz,17017–21496,NUMBER,NUMBER,TP
continuous_0954_S6_strategy2.npz,0–4550,NUMBER,NUMBER,TP
continuous_0954_S6_strategy2.npz,2133–4300,—,CALENDAR,FP
continuous_0954_S6_strategy2.npz,4550–8796,FAMILY,FAMILY,TP
continuous_0954_S6_strategy2.npz,8796–13382,SURVIVAL,SURVIVAL,TP
continuous_0954_S6_strategy2.npz,13382–17628,COLOR,COLOR,TP
continuous_0954_S6_strategy2.npz,17628–21907,FOOD,FOOD,TP
continuous_0954_S6_strategy2.npz,21533–23700,—,NUMBER,FP
continuous_0954_S6_strategy2.npz,21907–26372,GREETING,GREETING,TP
continuous_0955_S6_strategy2.npz,0–4232,DRINK,DRINK,TP
continuous_0955_S6_strategy2.npz,4232–8327,DAYS,DAYS,TP
continuous_0955_S6_strategy2.npz,8327–12573,CALENDAR,CALENDAR,TP
continuous_0955_S6_strategy2.npz,12573–16852,FOOD,FOOD,TP
continuous_0955_S6_strategy2.npz,16852–21017,FAMILY,FAMILY,TP
continuous_0956_S6_strategy2.npz,0–4246,DAYS,DAYS,TP
continuous_0956_S6_strategy2.npz,4246–8207,CALENDAR,CALENDAR,TP
continuous_0956_S6_strategy2.npz,8207–12486,FOOD,FOOD,TP
continuous_0956_S6_strategy2.npz,8400–11200,—,COLOR,FP
continuous_0956_S6_strategy2.npz,12486–16618,SURVIVAL,—,FN
continuous_0956_S6_strategy2.npz,14000–16800,—,DAYS,FP
continuous_0956_S6_strategy2.npz,16618–20897,RELATIONSHIPS,RELATIONSHIPS,TP
continuous_0956_S6_strategy2.npz,16800–19600,—,SURVIVAL,FP
continuous_0956_S6_strategy2.npz,20897–25143,FAMILY,—,FN
continuous_0956_S6_strategy2.npz,22400–25233,—,RELATIONSHIPS,FP
continuous_0957_S6_strategy2.npz,0–4213,FAMILY,FAMILY,TP
continuous_0957_S6_strategy2.npz,2466–4933,—,FAMILY,FP
continuous_0957_S6_strategy2.npz,4213–8763,NUMBER,NUMBER,TP
continuous_0957_S6_strategy2.npz,7400–9866,—,COLOR,FP
continuous_0957_S6_strategy2.npz,8763–12795,COLOR,—,FN
continuous_0957_S6_strategy2.npz,9866–12333,—,CALENDAR,FP
continuous_0957_S6_strategy2.npz,12795–17041,CALENDAR,CALENDAR,TP
continuous_0957_S6_strategy2.npz,17041–21627,SURVIVAL,SURVIVAL,TP
continuous_0957_S6_strategy2.npz,19733–22200,—,DAYS,FP
continuous_0957_S6_strategy2.npz,21627–25840,FOOD,FOOD,TP
continuous_0957_S6_strategy2.npz,25840–30086,RELATIONSHIPS,RELATIONSHIPS,TP
continuous_0958_S6_strategy2.npz,0–4213,DAYS,DAYS,TP
continuous_0958_S6_strategy2.npz,2533–5066,—,COLOR,FP
continuous_0958_S6_strategy2.npz,4213–8745,FOOD,FOOD,TP
continuous_0958_S6_strategy2.npz,7600–10133,—,SURVIVAL,FP
continuous_0958_S6_strategy2.npz,8745–13204,SURVIVAL,—,FN
continuous_0958_S6_strategy2.npz,10133–12666,—,FAMILY,FP
continuous_0958_S6_strategy2.npz,12666–15200,—,DRINK,FP
continuous_0958_S6_strategy2.npz,13204–17417,FAMILY,—,FN
continuous_0958_S6_strategy2.npz,15200–17733,—,RELATIONSHIPS,FP
continuous_0958_S6_strategy2.npz,17417–21663,RELATIONSHIPS,RELATIONSHIPS,TP
continuous_0958_S6_strategy2.npz,20266–22800,—,SURVIVAL,FP
continuous_0958_S6_strategy2.npz,21663–26095,GREETING,GREETING,TP
continuous_0958_S6_strategy2.npz,26095–30341,DRINK,DRINK,TP
continuous_0959_S6_strategy2.npz,0–4100,SURVIVAL,SURVIVAL,TP
continuous_0959_S6_strategy2.npz,4100–7966,GREETING,GREETING,TP
continuous_0959_S6_strategy2.npz,7966–12212,COLOR,COLOR,TP
continuous_0959_S6_strategy2.npz,12212–16458,CALENDAR,CALENDAR,TP
continuous_0959_S6_strategy2.npz,16458–20523,NUMBER,NUMBER,TP
continuous_0959_S6_strategy2.npz,20366–23300,—,DRINK,FP
continuous_0959_S6_strategy2.npz,20523–24801,FAMILY,FAMILY,TP
continuous_0959_S6_strategy2.npz,24801–29047,FOOD,FOOD,TP
continuous_0960_S6_strategy2.npz,0–4246,RELATIONSHIPS,RELATIONSHIPS,TP
continuous_0960_S6_strategy2.npz,4246–8492,CALENDAR,CALENDAR,TP
continuous_0960_S6_strategy2.npz,6366–9533,—,FOOD,FP
continuous_0960_S6_strategy2.npz,8492–12738,FOOD,—,FN
continuous_0960_S6_strategy2.npz,9533–12733,—,FAMILY,FP
continuous_0960_S6_strategy2.npz,12738–16970,FAMILY,FAMILY,TP
continuous_0960_S6_strategy2.npz,16970–21216,COLOR,—,FN
continuous_0960_S6_strategy2.npz,19100–22300,—,COLOR,FP
continuous_0960_S6_strategy2.npz,21216–25695,SURVIVAL,SURVIVAL,TP
continuous_0961_S6_strategy2.npz,0–3833,DRINK,DRINK,TP
continuous_0961_S6_strategy2.npz,2466–4933,—,RELATIONSHIPS,FP
continuous_0961_S6_strategy2.npz,3833–7895,RELATIONSHIPS,RELATIONSHIPS,TP
continuous_0961_S6_strategy2.npz,7895–12589,GREETING,GREETING,TP
continuous_0961_S6_strategy2.npz,12589–16924,SURVIVAL,SURVIVAL,TP
continuous_0961_S6_strategy2.npz,16924–21086,DAYS,DAYS,TP
continuous_0961_S6_strategy2.npz,21086–25332,FAMILY,FAMILY,TP
continuous_0962_S6_strategy2.npz,0–4246,DRINK,DRINK,TP
continuous_0962_S6_strategy2.npz,4246–8341,CALENDAR,CALENDAR,TP
continuous_0962_S6_strategy2.npz,8341–12587,FOOD,FOOD,TP
continuous_0962_S6_strategy2.npz,10133–12666,—,SURVIVAL,FP
continuous_0962_S6_strategy2.npz,12587–17173,SURVIVAL,SURVIVAL,TP
continuous_0962_S6_strategy2.npz,15200–17733,—,RELATIONSHIPS,FP
continuous_0962_S6_strategy2.npz,17173–21419,DAYS,DAYS,TP
continuous_0962_S6_strategy2.npz,20266–22800,—,DAYS,FP
continuous_0962_S6_strategy2.npz,21419–25584,FAMILY,FAMILY,TP
continuous_0963_S6_strategy2.npz,0–4099,NUMBER,NUMBER,TP
continuous_0963_S6_strategy2.npz,4099–8345,DRINK,DRINK,TP
continuous_0963_S6_strategy2.npz,8345–12591,CALENDAR,CALENDAR,TP
continuous_0963_S6_strategy2.npz,12591–16804,FAMILY,FAMILY,TP
continuous_0963_S6_strategy2.npz,15066–18100,—,FAMILY,FP
continuous_0963_S6_strategy2.npz,16804–21050,RELATIONSHIPS,RELATIONSHIPS,TP
continuous_0964_S6_strategy2.npz,0–4698,GREETING,GREETING,TP
continuous_0964_S6_strategy2.npz,4698–8911,CALENDAR,CALENDAR,TP
continuous_0964_S6_strategy2.npz,8911–13157,RELATIONSHIPS,RELATIONSHIPS,TP
continuous_0964_S6_strategy2.npz,13157–17779,SURVIVAL,SURVIVAL,TP
continuous_0964_S6_strategy2.npz,17779–22293,NUMBER,—,FN
continuous_0964_S6_strategy2.npz,20133–23000,—,NUMBER,FP
continuous_0964_S6_strategy2.npz,22293–26572,DAYS,DAYS,TP
continuous_0965_S6_strategy2.npz,0–4199,FOOD,FOOD,TP
continuous_0965_S6_strategy2.npz,2666–5333,—,RELATIONSHIPS,FP
continuous_0965_S6_strategy2.npz,4199–8261,RELATIONSHIPS,—,FN
continuous_0965_S6_strategy2.npz,5333–8033,—,RELATIONSHIPS,FP
continuous_0965_S6_strategy2.npz,8033–10700,—,SURVIVAL,FP
continuous_0965_S6_strategy2.npz,8261–13062,SURVIVAL,—,FN
continuous_0965_S6_strategy2.npz,10700–13366,—,SURVIVAL,FP
continuous_0965_S6_strategy2.npz,13062–17461,GREETING,GREETING,TP
continuous_0965_S6_strategy2.npz,16066–18733,—,GREETING,FP
continuous_0965_S6_strategy2.npz,17461–21706,FAMILY,FAMILY,TP
continuous_0966_S6_strategy2.npz,0–4213,FAMILY,FAMILY,TP
continuous_0966_S6_strategy2.npz,4213–8459,CALENDAR,CALENDAR,TP
continuous_0966_S6_strategy2.npz,7400–9900,—,CALENDAR,FP
continuous_0966_S6_strategy2.npz,8459–12705,RELATIONSHIPS,RELATIONSHIPS,TP
continuous_0966_S6_strategy2.npz,12705–17184,NUMBER,NUMBER,TP
continuous_0966_S6_strategy2.npz,17184–21663,SURVIVAL,SURVIVAL,TP
continuous_0966_S6_strategy2.npz,17300–19800,—,DRINK,FP
continuous_0966_S6_strategy2.npz,21663–25942,COLOR,COLOR,TP
continuous_0966_S6_strategy2.npz,22266–24733,—,DAYS,FP
continuous_0966_S6_strategy2.npz,25942–30175,GREETING,GREETING,TP
continuous_0967_S6_strategy2.npz,0–4726,GREETING,GREETING,TP
continuous_0967_S6_strategy2.npz,4726–8892,NUMBER,NUMBER,TP
continuous_0967_S6_strategy2.npz,8892–13138,DAYS,DAYS,TP
continuous_0967_S6_strategy2.npz,13138–17384,FAMILY,FAMILY,TP
continuous_0967_S6_strategy2.npz,17384–21597,RELATIONSHIPS,RELATIONSHIPS,TP
continuous_0967_S6_strategy2.npz,21597–25876,COLOR,SURVIVAL,TP
continuous_0967_S6_strategy2.npz,25876–30641,SURVIVAL,SURVIVAL,TP
continuous_0968_S6_strategy2.npz,0–4232,FOOD,FOOD,TP
continuous_0968_S6_strategy2.npz,4232–8264,GREETING,GREETING,TP
continuous_0968_S6_strategy2.npz,8264–12477,DAYS,DAYS,TP
continuous_0968_S6_strategy2.npz,12166–15200,—,SURVIVAL,FP
continuous_0968_S6_strategy2.npz,12477–17135,SURVIVAL,SURVIVAL,TP
continuous_0968_S6_strategy2.npz,17135–21864,NUMBER,NUMBER,TP
continuous_0969_S6_strategy2.npz,0–4065,FOOD,FOOD,TP
continuous_0969_S6_strategy2.npz,4065–8311,CALENDAR,CALENDAR,TP
continuous_0969_S6_strategy2.npz,7633–10200,—,NUMBER,FP
continuous_0969_S6_strategy2.npz,8311–12577,GREETING,GREETING,TP
continuous_0969_S6_strategy2.npz,12577–16823,COLOR,COLOR,TP
continuous_0969_S6_strategy2.npz,16823–21481,SURVIVAL,SURVIVAL,TP
continuous_0969_S6_strategy2.npz,20400–22933,—,SURVIVAL,FP
continuous_0969_S6_strategy2.npz,21481–25727,RELATIONSHIPS,RELATIONSHIPS,TP
continuous_0970_S6_strategy2.npz,0–4586,NUMBER,NUMBER,TP
continuous_0970_S6_strategy2.npz,4586–9817,GREETING,GREETING,TP
continuous_0970_S6_strategy2.npz,7666–10200,—,SURVIVAL,FP
continuous_0970_S6_strategy2.npz,9817–13471,SURVIVAL,SURVIVAL,TP
continuous_0970_S6_strategy2.npz,13471–17717,FAMILY,FAMILY,TP
continuous_0970_S6_strategy2.npz,17717–21749,FOOD,FOOD,TP
continuous_0970_S6_strategy2.npz,17866–20433,—,FOOD,FP
continuous_0970_S6_strategy2.npz,21749–26028,COLOR,COLOR,TP
continuous_0971_S6_strategy2.npz,0–4246,DAYS,DAYS,TP
continuous_0971_S6_strategy2.npz,2566–5166,—,DAYS,FP
continuous_0971_S6_strategy2.npz,4246–8796,SURVIVAL,SURVIVAL,TP
continuous_0971_S6_strategy2.npz,7766–10366,—,SURVIVAL,FP
continuous_0971_S6_strategy2.npz,8796–13660,GREETING,GREETING,TP
continuous_0971_S6_strategy2.npz,12966–15566,—,NUMBER,FP
continuous_0971_S6_strategy2.npz,13660–18139,NUMBER,—,FN
continuous_0971_S6_strategy2.npz,15566–18166,—,COLOR,FP
continuous_0971_S6_strategy2.npz,18139–22338,FOOD,FOOD,TP
continuous_0971_S6_strategy2.npz,22338–26537,COLOR,COLOR,TP
continuous_0972_S6_strategy2.npz,0–4213,RELATIONSHIPS,RELATIONSHIPS,TP
continuous_0972_S6_strategy2.npz,2466–4933,—,DAYS,FP
continuous_0972_S6_strategy2.npz,4213–8478,GREETING,GREETING,TP
continuous_0972_S6_strategy2.npz,8478–13028,SURVIVAL,SURVIVAL,TP
continuous_0972_S6_strategy2.npz,13028–17241,DRINK,DRINK,TP
continuous_0972_S6_strategy2.npz,17241–21273,NUMBER,NUMBER,TP
continuous_0972_S6_strategy2.npz,19733–22200,—,CALENDAR,FP
continuous_0972_S6_strategy2.npz,21273–25519,CALENDAR,—,FN
continuous_0972_S6_strategy2.npz,22200–24666,—,CALENDAR,FP
continuous_0972_S6_strategy2.npz,24666–27133,—,FOOD,FP
continuous_0972_S6_strategy2.npz,25519–29798,FOOD,FOOD,TP
continuous_0973_S6_strategy2.npz,0–4246,DAYS,DAYS,TP
continuous_0973_S6_strategy2.npz,2833–5700,—,COLOR,FP
continuous_0973_S6_strategy2.npz,4246–8525,COLOR,COLOR,TP
continuous_0973_S6_strategy2.npz,8525–13111,NUMBER,NUMBER,TP
continuous_0973_S6_strategy2.npz,13111–17442,GREETING,GREETING,TP
continuous_0973_S6_strategy2.npz,17133–19966,—,CALENDAR,FP
continuous_0973_S6_strategy2.npz,17442–21721,CALENDAR,CALENDAR,TP
continuous_0973_S6_strategy2.npz,21721–25967,DRINK,DRINK,TP
continuous_0974_S6_strategy2.npz,0–4622,SURVIVAL,SURVIVAL,TP
continuous_0974_S6_strategy2.npz,4622–8516,RELATIONSHIPS,RELATIONSHIPS,TP
continuous_0974_S6_strategy2.npz,8516–12762,FOOD,FOOD,TP
continuous_0974_S6_strategy2.npz,12762–16828,NUMBER,NUMBER,TP
continuous_0974_S6_strategy2.npz,16828–21074,CALENDAR,CALENDAR,TP
continuous_0974_S6_strategy2.npz,21074–25287,FAMILY,FAMILY,TP
continuous_0975_S6_strategy2.npz,0–4246,DRINK,DRINK,TP
continuous_0975_S6_strategy2.npz,4246–8492,CALENDAR,CALENDAR,TP
continuous_0975_S6_strategy2.npz,8492–12738,COLOR,COLOR,TP
continuous_0975_S6_strategy2.npz,12738–16984,RELATIONSHIPS,RELATIONSHIPS,TP
continuous_0975_S6_strategy2.npz,16984–21230,FOOD,FOOD,TP
continuous_0976_S6_strategy2.npz,0–4443,NUMBER,NUMBER,TP
continuous_0976_S6_strategy2.npz,4443–8656,FAMILY,FAMILY,TP
continuous_0976_S6_strategy2.npz,7266–9700,—,FAMILY,FP
continuous_0976_S6_strategy2.npz,8656–12789,GREETING,GREETING,TP
continuous_0976_S6_strategy2.npz,12789–16918,CALENDAR,CALENDAR,TP
continuous_0976_S6_strategy2.npz,16918–21080,RELATIONSHIPS,—,FN
continuous_0976_S6_strategy2.npz,19433–21866,—,RELATIONSHIPS,FP
continuous_0976_S6_strategy2.npz,21080–25145,DRINK,DRINK,TP
continuous_0976_S6_strategy2.npz,24300–26733,—,COLOR,FP
continuous_0976_S6_strategy2.npz,25145–29391,DAYS,DAYS,TP
continuous_0977_S6_strategy2.npz,0–4100,GREETING,GREETING,TP
continuous_0977_S6_strategy2.npz,4100–8346,COLOR,COLOR,TP
continuous_0977_S6_strategy2.npz,5700–8533,—,DRINK,FP
continuous_0977_S6_strategy2.npz,8346–12592,DRINK,—,FN
continuous_0977_S6_strategy2.npz,8533–11400,—,CALENDAR,FP
continuous_0977_S6_strategy2.npz,11400–14233,—,CALENDAR,FP
continuous_0977_S6_strategy2.npz,12592–17299,CALENDAR,—,FN
continuous_0977_S6_strategy2.npz,14233–17100,—,CALENDAR,FP
continuous_0977_S6_strategy2.npz,17299–21545,FAMILY,FAMILY,TP
continuous_0977_S6_strategy2.npz,21545–25577,FOOD,FOOD,TP
continuous_0978_S6_strategy2.npz,0–4213,DRINK,DRINK,TP
continuous_0978_S6_strategy2.npz,4213–8309,CALENDAR,CALENDAR,TP
continuous_0978_S6_strategy2.npz,7033–10533,—,CALENDAR,FP
continuous_0978_S6_strategy2.npz,8309–12823,NUMBER,—,FN
continuous_0978_S6_strategy2.npz,10533–14066,—,NUMBER,FP
continuous_0978_S6_strategy2.npz,12823–17337,SURVIVAL,SURVIVAL,TP
continuous_0978_S6_strategy2.npz,17337–21616,FAMILY,FAMILY,TP
continuous_0979_S6_strategy2.npz,0–4132,FAMILY,FAMILY,TP
continuous_0979_S6_strategy2.npz,2966–5966,—,FAMILY,FP
continuous_0979_S6_strategy2.npz,4132–8646,NUMBER,NUMBER,TP
continuous_0979_S6_strategy2.npz,8646–13053,SURVIVAL,SURVIVAL,TP
continuous_0979_S6_strategy2.npz,11966–14966,—,CALENDAR,FP
continuous_0979_S6_strategy2.npz,13053–17299,CALENDAR,CALENDAR,TP
continuous_0979_S6_strategy2.npz,17299–21545,COLOR,COLOR,TP
continuous_0979_S6_strategy2.npz,21545–26525,GREETING,GREETING,TP
continuous_0979_S6_strategy2.npz,26525–30771,DAYS,DAYS,TP
continuous_0980_S6_strategy2.npz,0–4586,SURVIVAL,SURVIVAL,TP
continuous_0980_S6_strategy2.npz,4586–8785,DRINK,DRINK,TP
continuous_0980_S6_strategy2.npz,8785–12998,CALENDAR,CALENDAR,TP
continuous_0980_S6_strategy2.npz,12998–17130,COLOR,COLOR,TP
continuous_0980_S6_strategy2.npz,17130–21376,DAYS,DAYS,TP
continuous_0980_S6_strategy2.npz,21376–25655,FAMILY,FAMILY,TP
continuous_0980_S6_strategy2.npz,25655–30320,GREETING,NUMBER,TP
continuous_0981_S6_strategy2.npz,0–4199,GREETING,GREETING,TP
continuous_0981_S6_strategy2.npz,3000–6000,—,NUMBER,FP
continuous_0981_S6_strategy2.npz,4199–8264,NUMBER,—,FN
continuous_0981_S6_strategy2.npz,6000–9000,—,SURVIVAL,FP
continuous_0981_S6_strategy2.npz,8264–12477,DRINK,DRINK,TP
continuous_0981_S6_strategy2.npz,12000–15000,—,FAMILY,FP
continuous_0981_S6_strategy2.npz,12477–16723,CALENDAR,—,FN
continuous_0981_S6_strategy2.npz,15000–18000,—,CALENDAR,FP
continuous_0981_S6_strategy2.npz,16723–20969,COLOR,COLOR,TP
continuous_0982_S6_strategy2.npz,0–4162,CALENDAR,CALENDAR,TP
continuous_0982_S6_strategy2.npz,2266–4533,—,CALENDAR,FP
continuous_0982_S6_strategy2.npz,4162–8375,DRINK,DRINK,TP
continuous_0982_S6_strategy2.npz,6800–9066,—,RELATIONSHIPS,FP
continuous_0982_S6_strategy2.npz,8375–12336,RELATIONSHIPS,RELATIONSHIPS,TP
continuous_0982_S6_strategy2.npz,11333–13600,—,DAYS,FP
continuous_0982_S6_strategy2.npz,12336–16549,DAYS,—,FN
continuous_0982_S6_strategy2.npz,13600–15900,—,FAMILY,FP
continuous_0982_S6_strategy2.npz,15900–18166,—,FAMILY,FP
continuous_0982_S6_strategy2.npz,16549–20648,FAMILY,—,FN
continuous_0982_S6_strategy2.npz,18166–22700,—,FAMILY,FP
continuous_0982_S6_strategy2.npz,20648–25280,GREETING,GREETING,TP
continuous_0982_S6_strategy2.npz,24966–27233,—,DAYS,FP
continuous_0982_S6_strategy2.npz,25280–29479,NUMBER,NUMBER,TP
continuous_0983_S6_strategy2.npz,0–4246,FAMILY,FAMILY,TP
continuous_0983_S6_strategy2.npz,2833–5666,—,FAMILY,FP
continuous_0983_S6_strategy2.npz,4246–8492,DRINK,DRINK,TP
continuous_0983_S6_strategy2.npz,8492–12738,FOOD,FOOD,TP
continuous_0983_S6_strategy2.npz,11333–14166,—,RELATIONSHIPS,FP
continuous_0983_S6_strategy2.npz,12738–16984,COLOR,COLOR,TP
continuous_0983_S6_strategy2.npz,16984–21463,NUMBER,NUMBER,TP
continuous_0983_S6_strategy2.npz,21463–25695,GREETING,GREETING,TP
continuous_0984_S6_strategy2.npz,0–4586,NUMBER,NUMBER,TP
continuous_0984_S6_strategy2.npz,2533–5100,—,RELATIONSHIPS,FP
continuous_0984_S6_strategy2.npz,4586–8614,RELATIONSHIPS,—,FN
continuous_0984_S6_strategy2.npz,5100–7666,—,DAYS,FP
continuous_0984_S6_strategy2.npz,8614–12514,DRINK,DAYS,TP
continuous_0984_S6_strategy2.npz,10200–12766,—,FAMILY,FP
continuous_0984_S6_strategy2.npz,12514–16760,FAMILY,—,FN
continuous_0984_S6_strategy2.npz,12766–15333,—,FAMILY,FP
continuous_0984_S6_strategy2.npz,15333–17866,—,NUMBER,FP
continuous_0984_S6_strategy2.npz,16760–21039,DAYS,DAYS,TP
continuous_0984_S6_strategy2.npz,21039–25835,GREETING,RELATIONSHIPS,TP
continuous_0985_S6_strategy2.npz,0–4246,DAYS,DAYS,TP
continuous_0985_S6_strategy2.npz,2466–4933,—,SURVIVAL,FP
continuous_0985_S6_strategy2.npz,4246–8379,SURVIVAL,—,FN
continuous_0985_S6_strategy2.npz,4933–7400,—,RELATIONSHIPS,FP
continuous_0985_S6_strategy2.npz,7400–9866,—,RELATIONSHIPS,FP
continuous_0985_S6_strategy2.npz,8379–12625,RELATIONSHIPS,—,FN
continuous_0985_S6_strategy2.npz,9866–12333,—,RELATIONSHIPS,FP
continuous_0985_S6_strategy2.npz,12333–14800,—,NUMBER,FP
continuous_0985_S6_strategy2.npz,12625–17139,NUMBER,—,FN
continuous_0985_S6_strategy2.npz,14800–17266,—,SURVIVAL,FP
continuous_0985_S6_strategy2.npz,17139–21371,GREETING,GREETING,TP
continuous_0985_S6_strategy2.npz,21371–25617,DRINK,DRINK,TP
continuous_0985_S6_strategy2.npz,24666–27133,—,FAMILY,FP
continuous_0985_S6_strategy2.npz,25617–29830,COLOR,COLOR,TP
continuous_0986_S6_strategy2.npz,0–4586,NUMBER,NUMBER,TP
continuous_0986_S6_strategy2.npz,2866–5733,—,GREETING,FP
continuous_0986_S6_strategy2.npz,4586–8985,GREETING,—,FN
continuous_0986_S6_strategy2.npz,8985–13231,CALENDAR,CALENDAR,TP
continuous_0986_S6_strategy2.npz,11500–14366,—,COLOR,FP
continuous_0986_S6_strategy2.npz,13231–17477,COLOR,—,FN
continuous_0986_S6_strategy2.npz,14366–17266,—,FAMILY,FP
continuous_0986_S6_strategy2.npz,17477–21723,RELATIONSHIPS,RELATIONSHIPS,TP
continuous_0986_S6_strategy2.npz,21723–26380,SURVIVAL,SURVIVAL,TP
continuous_0987_S6_strategy2.npz,0–4658,SURVIVAL,SURVIVAL,TP
continuous_0987_S6_strategy2.npz,4658–8724,GREETING,GREETING,TP
continuous_0987_S6_strategy2.npz,6966–10466,—,DAYS,FP
continuous_0987_S6_strategy2.npz,8724–12853,DAYS,—,FN
continuous_0987_S6_strategy2.npz,10466–13966,—,NUMBER,FP
continuous_0987_S6_strategy2.npz,12853–17018,NUMBER,NUMBER,TP
continuous_0987_S6_strategy2.npz,17018–21231,RELATIONSHIPS,RELATIONSHIPS,TP
continuous_0988_S6_strategy2.npz,0–4279,DRINK,DRINK,TP
continuous_0988_S6_strategy2.npz,2666–5333,—,SURVIVAL,FP
continuous_0988_S6_strategy2.npz,4279–8829,NUMBER,NUMBER,TP
continuous_0988_S6_strategy2.npz,8000–10666,—,NUMBER,FP
continuous_0988_S6_strategy2.npz,8829–13379,SURVIVAL,SURVIVAL,TP
continuous_0988_S6_strategy2.npz,13333–16000,—,DAYS,FP
continuous_0988_S6_strategy2.npz,13379–17625,FOOD,—,FN
continuous_0988_S6_strategy2.npz,16000–18666,—,FOOD,FP
continuous_0988_S6_strategy2.npz,17625–21870,COLOR,COLOR,TP
continuous_0989_S6_strategy2.npz,0–4443,NUMBER,NUMBER,TP
continuous_0989_S6_strategy2.npz,4443–8642,COLOR,COLOR,TP
continuous_0989_S6_strategy2.npz,8642–13371,SURVIVAL,SURVIVAL,TP
continuous_0989_S6_strategy2.npz,13371–17584,FOOD,FOOD,TP
continuous_0989_S6_strategy2.npz,14933–17900,—,RELATIONSHIPS,FP
continuous_0989_S6_strategy2.npz,17584–21813,DAYS,DAYS,TP
continuous_0989_S6_strategy2.npz,21813–26092,FAMILY,FAMILY,TP
continuous_0989_S6_strategy2.npz,23866–26866,—,CALENDAR,FP
continuous_0989_S6_strategy2.npz,26092–30371,CALENDAR,CALENDAR,TP
continuous_0990_S6_strategy2.npz,0–4279,CALENDAR,CALENDAR,TP
continuous_0990_S6_strategy2.npz,4279–8378,FOOD,FOOD,TP
continuous_0990_S6_strategy2.npz,8378–12624,FAMILY,FAMILY,TP
continuous_0990_S6_strategy2.npz,10800–14400,—,RELATIONSHIPS,FP
continuous_0990_S6_strategy2.npz,12624–16837,RELATIONSHIPS,—,FN
continuous_0990_S6_strategy2.npz,14400–18000,—,SURVIVAL,FP
continuous_0990_S6_strategy2.npz,16837–21423,SURVIVAL,—,FN
continuous_0990_S6_strategy2.npz,18000–21600,—,GREETING,FP
continuous_0990_S6_strategy2.npz,21423–25455,DRINK,DRINK,TP
continuous_0991_S6_strategy2.npz,0–4213,COLOR,COLOR,TP
continuous_0991_S6_strategy2.npz,4213–8459,FOOD,FOOD,TP
continuous_0991_S6_strategy2.npz,8459–12724,GREETING,GREETING,TP
continuous_0991_S6_strategy2.npz,12724–16970,RELATIONSHIPS,RELATIONSHIPS,TP
continuous_0991_S6_strategy2.npz,16970–21216,CALENDAR,CALENDAR,TP
continuous_0992_S6_strategy2.npz,0–4371,NUMBER,NUMBER,TP
continuous_0992_S6_strategy2.npz,4371–8617,DRINK,DRINK,TP
continuous_0992_S6_strategy2.npz,8617–12863,FAMILY,FAMILY,TP
continuous_0992_S6_strategy2.npz,9000–12000,—,GREETING,FP
continuous_0992_S6_strategy2.npz,12863–16995,FOOD,—,FN
continuous_0992_S6_strategy2.npz,15000–18000,—,FOOD,FP
continuous_0992_S6_strategy2.npz,16995–21241,RELATIONSHIPS,RELATIONSHIPS,TP
continuous_0993_S6_strategy2.npz,0–4246,RELATIONSHIPS,RELATIONSHIPS,TP
continuous_0993_S6_strategy2.npz,4246–8459,CALENDAR,CALENDAR,TP
continuous_0993_S6_strategy2.npz,8459–12658,DRINK,RELATIONSHIPS,TP
continuous_0993_S6_strategy2.npz,12658–16904,FAMILY,FAMILY,TP
continuous_0993_S6_strategy2.npz,16904–20932,DAYS,DAYS,TP
continuous_0994_S6_strategy2.npz,0–4658,NUMBER,NUMBER,TP
continuous_0994_S6_strategy2.npz,3033–6100,—,RELATIONSHIPS,FP
continuous_0994_S6_strategy2.npz,4658–8904,RELATIONSHIPS,—,FN
continuous_0994_S6_strategy2.npz,6100–9166,—,DAYS,FP
continuous_0994_S6_strategy2.npz,8904–13150,FAMILY,—,FN
continuous_0994_S6_strategy2.npz,9166–12233,—,COLOR,FP
continuous_0994_S6_strategy2.npz,13150–17396,DAYS,DAYS,TP
continuous_0994_S6_strategy2.npz,17396–21642,COLOR,COLOR,TP
continuous_0995_S6_strategy2.npz,0–4278,FOOD,FOOD,TP
continuous_0995_S6_strategy2.npz,3066–6133,—,DRINK,FP
continuous_0995_S6_strategy2.npz,4278–8557,DRINK,—,FN
continuous_0995_S6_strategy2.npz,6133–9200,—,CALENDAR,FP
continuous_0995_S6_strategy2.npz,8557–12836,CALENDAR,—,FN
continuous_0995_S6_strategy2.npz,9200–12300,—,RELATIONSHIPS,FP
continuous_0995_S6_strategy2.npz,12836–17386,SURVIVAL,SURVIVAL,TP
continuous_0995_S6_strategy2.npz,17386–21751,GREETING,GREETING,TP
continuous_0996_S6_strategy2.npz,0–3860,DAYS,DAYS,TP
continuous_0996_S6_strategy2.npz,3860–8073,COLOR,COLOR,TP
continuous_0996_S6_strategy2.npz,6300–9433,—,FOOD,FP
continuous_0996_S6_strategy2.npz,8073–12319,FOOD,—,FN
continuous_0996_S6_strategy2.npz,12319–16565,CALENDAR,CALENDAR,TP
continuous_0996_S6_strategy2.npz,16565–21151,NUMBER,NUMBER,TP
continuous_0996_S6_strategy2.npz,21151–25701,SURVIVAL,SURVIVAL,TP
continuous_0997_S6_strategy2.npz,0–4246,FAMILY,FAMILY,TP
continuous_0997_S6_strategy2.npz,3100–6233,—,SURVIVAL,FP
continuous_0997_S6_strategy2.npz,4246–8492,DAYS,DAYS,TP
continuous_0997_S6_strategy2.npz,8492–12738,COLOR,—,FN
continuous_0997_S6_strategy2.npz,12466–15600,—,COLOR,FP
continuous_0997_S6_strategy2.npz,12738–16984,RELATIONSHIPS,RELATIONSHIPS,TP
continuous_0997_S6_strategy2.npz,16984–21783,GREETING,GREETING,TP
continuous_0998_S6_strategy2.npz,0–4622,NUMBER,NUMBER,TP
continuous_0998_S6_strategy2.npz,4622–8868,DAYS,DAYS,TP
continuous_0998_S6_strategy2.npz,8868–13114,RELATIONSHIPS,—,FN
continuous_0998_S6_strategy2.npz,9166–12200,—,SURVIVAL,FP
continuous_0998_S6_strategy2.npz,12200–15266,—,RELATIONSHIPS,FP
continuous_0998_S6_strategy2.npz,13114–17360,DRINK,DRINK,TP
continuous_0998_S6_strategy2.npz,17360–21606,COLOR,GREETING,TP
continuous_0999_S6_strategy2.npz,0–4246,DRINK,DRINK,TP
continuous_0999_S6_strategy2.npz,2733–5466,—,GREETING,FP
continuous_0999_S6_strategy2.npz,4246–8878,GREETING,—,FN
continuous_0999_S6_strategy2.npz,5466–8200,—,FAMILY,FP
continuous_0999_S6_strategy2.npz,8878–13428,NUMBER,NUMBER,TP
continuous_0999_S6_strategy2.npz,13428–17674,FAMILY,FAMILY,TP
continuous_0999_S6_strategy2.npz,16433–19166,—,FAMILY,FP
continuous_0999_S6_strategy2.npz,17674–21937,RELATIONSHIPS,FAMILY,TP
continuous_0999_S6_strategy2.npz,21937–26183,CALENDAR,CALENDAR,TP
continuous_0999_S6_strategy2.npz,26183–30662,SURVIVAL,SURVIVAL,TP
continuous_1000_S6_strategy2.npz,0–4246,RELATIONSHIPS,RELATIONSHIPS,TP
continuous_1000_S6_strategy2.npz,4246–8868,SURVIVAL,SURVIVAL,TP
continuous_1000_S6_strategy2.npz,8868–13767,GREETING,GREETING,TP
continuous_1000_S6_strategy2.npz,13767–18013,FOOD,—,FN
continuous_1000_S6_strategy2.npz,15333–17900,—,FAMILY,FP
continuous_1000_S6_strategy2.npz,17900–20466,—,FOOD,FP
continuous_1000_S6_strategy2.npz,18013–22742,NUMBER,—,FN
continuous_1000_S6_strategy2.npz,20466–23000,—,FAMILY,FP
continuous_1000_S6_strategy2.npz,22742–26988,CALENDAR,CALENDAR,TP
continuous_1000_S6_strategy2.npz,23000–25566,—,NUMBER,FP
continuous_1000_S6_strategy2.npz,26988–31200,DRINK,DRINK,TP
continuous_1001_S6_strategy2.npz,0–4246,CALENDAR,CALENDAR,TP
continuous_1001_S6_strategy2.npz,2233–4500,—,CALENDAR,FP
continuous_1001_S6_strategy2.npz,4246–8492,DRINK,DRINK,TP
continuous_1001_S6_strategy2.npz,4500–6766,—,FAMILY,FP
continuous_1001_S6_strategy2.npz,8492–12705,COLOR,COLOR,TP
continuous_1001_S6_strategy2.npz,12705–17184,SURVIVAL,SURVIVAL,TP
continuous_1001_S6_strategy2.npz,13566–15833,—,FAMILY,FP
continuous_1001_S6_strategy2.npz,17184–21430,DAYS,DAYS,TP
continuous_1001_S6_strategy2.npz,18100–20366,—,SURVIVAL,FP
continuous_1001_S6_strategy2.npz,21430–25530,GREETING,GREETING,TP
continuous_1001_S6_strategy2.npz,25530–29629,FOOD,FOOD,TP
continuous_1002_S6_strategy2.npz,0–4246,COLOR,COLOR,TP
continuous_1002_S6_strategy2.npz,3033–6100,—,DRINK,FP
continuous_1002_S6_strategy2.npz,4246–8832,NUMBER,NUMBER,TP
continuous_1002_S6_strategy2.npz,8832–13078,FAMILY,FAMILY,TP
continuous_1002_S6_strategy2.npz,13078–17443,GREETING,GREETING,TP
continuous_1002_S6_strategy2.npz,17443–21922,SURVIVAL,SURVIVAL,TP
continuous_1003_S6_strategy2.npz,0–4246,FAMILY,FAMILY,TP
continuous_1003_S6_strategy2.npz,2000–6033,—,FAMILY,FP
continuous_1003_S6_strategy2.npz,4246–8509,DAYS,DAYS,TP
continuous_1003_S6_strategy2.npz,8033–10066,—,DRINK,FP
continuous_1003_S6_strategy2.npz,8509–12880,SURVIVAL,SURVIVAL,TP
continuous_1003_S6_strategy2.npz,12066–14100,—,SURVIVAL,FP
continuous_1003_S6_strategy2.npz,12880–17538,NUMBER,NUMBER,TP
continuous_1003_S6_strategy2.npz,16100–18133,—,NUMBER,FP
continuous_1003_S6_strategy2.npz,17538–22702,GREETING,GREETING,TP
continuous_1003_S6_strategy2.npz,18133–20133,—,FOOD,FP
continuous_1004_S6_strategy2.npz,0–4133,GREETING,GREETING,TP
continuous_1004_S6_strategy2.npz,3166–6366,—,DAYS,FP
continuous_1004_S6_strategy2.npz,4133–8412,CALENDAR,CALENDAR,TP
continuous_1004_S6_strategy2.npz,8412–12658,RELATIONSHIPS,RELATIONSHIPS,TP
continuous_1004_S6_strategy2.npz,12658–16904,COLOR,COLOR,TP
continuous_1004_S6_strategy2.npz,16904–21418,SURVIVAL,SURVIVAL,TP
continuous_1004_S6_strategy2.npz,19100–22266,—,DAYS,FP
continuous_1004_S6_strategy2.npz,21418–25664,DAYS,DAYS,TP
continuous_1005_S6_strategy2.npz,0–4479,SURVIVAL,SURVIVAL,TP
continuous_1005_S6_strategy2.npz,4479–8725,FAMILY,FAMILY,TP
continuous_1005_S6_strategy2.npz,8725–12971,DRINK,DRINK,TP
continuous_1005_S6_strategy2.npz,12971–17201,RELATIONSHIPS,RELATIONSHIPS,TP
continuous_1005_S6_strategy2.npz,17201–21447,DAYS,DAYS,TP
continuous_1006_S6_strategy2.npz,0–4246,CALENDAR,CALENDAR,TP
continuous_1006_S6_strategy2.npz,2966–5933,—,CALENDAR,FP
continuous_1006_S6_strategy2.npz,4246–8492,COLOR,COLOR,TP
continuous_1006_S6_strategy2.npz,8492–12738,DAYS,DAYS,TP
continuous_1006_S6_strategy2.npz,12738–17217,NUMBER,NUMBER,TP
continuous_1006_S6_strategy2.npz,17217–21463,RELATIONSHIPS,RELATIONSHIPS,TP
continuous_1006_S6_strategy2.npz,20800–23766,—,NUMBER,FP
continuous_1006_S6_strategy2.npz,21463–25728,GREETING,GREETING,TP
continuous_1006_S6_strategy2.npz,25728–29927,DRINK,DRINK,TP
continuous_1007_S6_strategy2.npz,0–4550,NUMBER,NUMBER,TP
continuous_1007_S6_strategy2.npz,2100–4233,—,SURVIVAL,FP
continuous_1007_S6_strategy2.npz,4550–8796,FAMILY,FAMILY,TP
continuous_1007_S6_strategy2.npz,6333–8466,—,FAMILY,FP
continuous_1007_S6_strategy2.npz,8796–13239,SURVIVAL,SURVIVAL,TP
continuous_1007_S6_strategy2.npz,12700–14833,—,COLOR,FP
continuous_1007_S6_strategy2.npz,13239–17518,COLOR,—,FN
continuous_1007_S6_strategy2.npz,14833–16966,—,RELATIONSHIPS,FP
continuous_1007_S6_strategy2.npz,16966–19066,—,GREETING,FP
continuous_1007_S6_strategy2.npz,17518–21684,GREETING,—,FN
continuous_1007_S6_strategy2.npz,19066–21200,—,GREETING,FP
continuous_1007_S6_strategy2.npz,21684–25930,FOOD,FOOD,TP
continuous_1007_S6_strategy2.npz,23333–25433,—,DRINK,FP
continuous_1007_S6_strategy2.npz,25433–27566,—,CALENDAR,FP
continuous_1007_S6_strategy2.npz,25930–30176,CALENDAR,—,FN
continuous_1007_S6_strategy2.npz,27566–29700,—,CALENDAR,FP
continuous_1008_S6_strategy2.npz,0–4479,SURVIVAL,SURVIVAL,TP
continuous_1008_S6_strategy2.npz,4479–8725,FAMILY,FAMILY,TP
continuous_1008_S6_strategy2.npz,6066–9100,—,FAMILY,FP
continuous_1008_S6_strategy2.npz,8725–13204,NUMBER,NUMBER,TP
continuous_1008_S6_strategy2.npz,13204–17450,FOOD,FOOD,TP
continuous_1008_S6_strategy2.npz,15200–18233,—,NUMBER,FP
continuous_1008_S6_strategy2.npz,17450–21696,RELATIONSHIPS,RELATIONSHIPS,TP
continuous_1008_S6_strategy2.npz,21696–26127,CALENDAR,CALENDAR,TP
continuous_1008_S6_strategy2.npz,26127–30925,GREETING,GREETING,TP
continuous_1009_S6_strategy2.npz,0–4199,COLOR,COLOR,TP
continuous_1009_S6_strategy2.npz,2466–4933,—,SURVIVAL,FP
continuous_1009_S6_strategy2.npz,4199–8445,FOOD,FOOD,TP
continuous_1009_S6_strategy2.npz,7433–9900,—,DAYS,FP
continuous_1009_S6_strategy2.npz,8445–12674,DAYS,—,FN
continuous_1009_S6_strategy2.npz,9900–12366,—,SURVIVAL,FP
continuous_1009_S6_strategy2.npz,12366–14866,—,RELATIONSHIPS,FP
continuous_1009_S6_strategy2.npz,12674–16973,SURVIVAL,—,FN
continuous_1009_S6_strategy2.npz,14866–17333,—,RELATIONSHIPS,FP
continuous_1009_S6_strategy2.npz,16973–21219,RELATIONSHIPS,—,FN
continuous_1009_S6_strategy2.npz,17333–19800,—,RELATIONSHIPS,FP
continuous_1009_S6_strategy2.npz,19800–22300,—,GREETING,FP
continuous_1009_S6_strategy2.npz,21219–25984,GREETING,—,FN
continuous_1009_S6_strategy2.npz,22300–24766,—,DAYS,FP
continuous_1009_S6_strategy2.npz,24766–27233,—,GREETING,FP
continuous_1009_S6_strategy2.npz,25984–30534,NUMBER,NUMBER,TP
continuous_1010_S6_strategy2.npz,0–4166,DRINK,DRINK,TP
continuous_1010_S6_strategy2.npz,4166–8609,SURVIVAL,—,FN
continuous_1010_S6_strategy2.npz,6333–9500,—,SURVIVAL,FP
continuous_1010_S6_strategy2.npz,8609–12855,FAMILY,FAMILY,TP
continuous_1010_S6_strategy2.npz,12855–16887,COLOR,COLOR,TP
continuous_1010_S6_strategy2.npz,16887–21346,GREETING,DRINK,TP
continuous_1010_S6_strategy2.npz,21346–25592,CALENDAR,CALENDAR,TP
continuous_1011_S6_strategy2.npz,0–4729,SURVIVAL,SURVIVAL,TP
continuous_1011_S6_strategy2.npz,4729–9136,NUMBER,NUMBER,TP
continuous_1011_S6_strategy2.npz,9136–13401,GREETING,GREETING,TP
continuous_1011_S6_strategy2.npz,13401–17647,DAYS,DAYS,TP
continuous_1011_S6_strategy2.npz,17647–21860,COLOR,COLOR,TP
continuous_1011_S6_strategy2.npz,21860–26106,RELATIONSHIPS,RELATIONSHIPS,TP
continuous_1012_S6_strategy2.npz,0–4232,GREETING,GREETING,TP
continuous_1012_S6_strategy2.npz,4232–8495,CALENDAR,CALENDAR,TP
continuous_1012_S6_strategy2.npz,8000–10666,—,CALENDAR,FP
continuous_1012_S6_strategy2.npz,8495–12774,DAYS,—,FN
continuous_1012_S6_strategy2.npz,10666–13333,—,DAYS,FP
continuous_1012_S6_strategy2.npz,12774–17360,NUMBER,NUMBER,TP
continuous_1012_S6_strategy2.npz,17360–21606,COLOR,COLOR,TP
continuous_1013_S6_strategy2.npz,0–4132,FAMILY,FAMILY,TP
continuous_1013_S6_strategy2.npz,4132–8227,DAYS,DAYS,TP
continuous_1013_S6_strategy2.npz,6266–9400,—,NUMBER,FP
continuous_1013_S6_strategy2.npz,8227–12670,NUMBER,—,FN
continuous_1013_S6_strategy2.npz,12670–16869,GREETING,GREETING,TP
continuous_1013_S6_strategy2.npz,15700–18833,—,COLOR,FP
continuous_1013_S6_strategy2.npz,16869–21115,COLOR,—,FN
continuous_1013_S6_strategy2.npz,18833–21966,—,FOOD,FP
continuous_1013_S6_strategy2.npz,21115–25361,FOOD,FOOD,TP
continuous_1014_S6_strategy2.npz,0–4586,SURVIVAL,SURVIVAL,TP
continuous_1014_S6_strategy2.npz,4586–8832,COLOR,FAMILY,TP
continuous_1014_S6_strategy2.npz,8832–13563,GREETING,GREETING,TP
continuous_1014_S6_strategy2.npz,13563–17809,CALENDAR,CALENDAR,TP
continuous_1014_S6_strategy2.npz,17809–22055,DRINK,DRINK,TP
continuous_1014_S6_strategy2.npz,22055–26254,NUMBER,NUMBER,TP
continuous_1015_S6_strategy2.npz,0–4246,FOOD,FOOD,TP
continuous_1015_S6_strategy2.npz,2700–5400,—,FOOD,FP
continuous_1015_S6_strategy2.npz,4246–8492,DAYS,DAYS,TP
continuous_1015_S6_strategy2.npz,8492–12771,FAMILY,FAMILY,TP
continuous_1015_S6_strategy2.npz,12771–17357,SURVIVAL,SURVIVAL,TP
continuous_1015_S6_strategy2.npz,13500–16233,—,FAMILY,FP
continuous_1015_S6_strategy2.npz,17357–21570,RELATIONSHIPS,RELATIONSHIPS,TP
continuous_1015_S6_strategy2.npz,21570–26264,NUMBER,NUMBER,TP
continuous_1015_S6_strategy2.npz,26264–30264,DRINK,DRINK,TP
continuous_1016_S6_strategy2.npz,0–4213,DRINK,DRINK,TP
continuous_1016_S6_strategy2.npz,4213–8459,DAYS,DAYS,TP
continuous_1016_S6_strategy2.npz,8459–12705,CALENDAR,CALENDAR,TP
continuous_1016_S6_strategy2.npz,12705–16951,COLOR,COLOR,TP
continuous_1016_S6_strategy2.npz,16000–19200,—,COLOR,FP
continuous_1016_S6_strategy2.npz,16951–21573,SURVIVAL,SURVIVAL,TP
continuous_1016_S6_strategy2.npz,21573–25819,FAMILY,FAMILY,TP
continuous_1017_S6_strategy2.npz,0–4246,FOOD,FOOD,TP
continuous_1017_S6_strategy2.npz,2966–5966,—,COLOR,FP
continuous_1017_S6_strategy2.npz,4246–8459,DRINK,DRINK,TP
continuous_1017_S6_strategy2.npz,8459–12705,COLOR,COLOR,TP
continuous_1017_S6_strategy2.npz,12705–16767,DAYS,DAYS,TP
continuous_1017_S6_strategy2.npz,16767–20832,FAMILY,FAMILY,TP
continuous_1018_S6_strategy2.npz,0–4246,DAYS,DAYS,TP
continuous_1018_S6_strategy2.npz,4246–8411,FOOD,FOOD,TP
continuous_1018_S6_strategy2.npz,6300–9466,—,COLOR,FP
continuous_1018_S6_strategy2.npz,8411–12624,COLOR,—,FN
continuous_1018_S6_strategy2.npz,9466–12633,—,DRINK,FP
continuous_1018_S6_strategy2.npz,12624–16789,DRINK,—,FN
continuous_1018_S6_strategy2.npz,12633–15800,—,FOOD,FP
continuous_1018_S6_strategy2.npz,16789–21035,RELATIONSHIPS,RELATIONSHIPS,TP
continuous_1018_S6_strategy2.npz,21035–25234,GREETING,GREETING,TP
continuous_1019_S6_strategy2.npz,0–4550,SURVIVAL,SURVIVAL,TP
continuous_1019_S6_strategy2.npz,4550–9082,FOOD,FOOD,TP
continuous_1019_S6_strategy2.npz,9082–13361,DRINK,DRINK,TP
continuous_1019_S6_strategy2.npz,13361–17640,FAMILY,FAMILY,TP
continuous_1019_S6_strategy2.npz,17640–21668,DAYS,DAYS,TP
continuous_1020_S6_strategy2.npz,0–5164,GREETING,GREETING,TP
continuous_1020_S6_strategy2.npz,2466–4933,—,FOOD,FP
continuous_1020_S6_strategy2.npz,5164–9410,COLOR,COLOR,TP
continuous_1020_S6_strategy2.npz,7400–9866,—,RELATIONSHIPS,FP
continuous_1020_S6_strategy2.npz,9410–13623,DAYS,DAYS,TP
continuous_1020_S6_strategy2.npz,12333–14800,—,NUMBER,FP
continuous_1020_S6_strategy2.npz,13623–17869,RELATIONSHIPS,RELATIONSHIPS,TP
continuous_1020_S6_strategy2.npz,14800–17266,—,RELATIONSHIPS,FP
continuous_1020_S6_strategy2.npz,17869–22115,DRINK,DRINK,TP
continuous_1021_S6_strategy2.npz,0–4246,FAMILY,FAMILY,TP
continuous_1021_S6_strategy2.npz,2300–4600,—,FAMILY,FP
continuous_1021_S6_strategy2.npz,4246–8311,NUMBER,NUMBER,TP
continuous_1021_S6_strategy2.npz,6900–9233,—,DAYS,FP
continuous_1021_S6_strategy2.npz,8311–12557,DAYS,—,FN
continuous_1021_S6_strategy2.npz,9233–11533,—,NUMBER,FP
continuous_1021_S6_strategy2.npz,11533–13833,—,SURVIVAL,FP
continuous_1021_S6_strategy2.npz,12557–17107,SURVIVAL,—,FN
continuous_1021_S6_strategy2.npz,13833–16133,—,FAMILY,FP
continuous_1021_S6_strategy2.npz,17107–21353,DRINK,DRINK,TP
continuous_1021_S6_strategy2.npz,18466–20766,—,COLOR,FP
continuous_1021_S6_strategy2.npz,20766–23066,—,NUMBER,FP
continuous_1021_S6_strategy2.npz,21353–25599,RELATIONSHIPS,RELATIONSHIPS,TP
continuous_1022_S6_strategy2.npz,0–4279,CALENDAR,CALENDAR,TP
continuous_1022_S6_strategy2.npz,2966–5966,—,CALENDAR,FP
continuous_1022_S6_strategy2.npz,4279–8492,FAMILY,FAMILY,TP
continuous_1022_S6_strategy2.npz,8492–12738,DAYS,DAYS,TP
continuous_1022_S6_strategy2.npz,12738–16937,NUMBER,NUMBER,TP
continuous_1022_S6_strategy2.npz,16937–21170,SURVIVAL,SURVIVAL,TP
continuous_1022_S6_strategy2.npz,21170–25449,DRINK,DRINK,TP
continuous_1022_S6_strategy2.npz,23866–26833,—,RELATIONSHIPS,FP
continuous_1022_S6_strategy2.npz,25449–29748,FOOD,FOOD,TP
continuous_1023_S6_strategy2.npz,0–4246,COLOR,COLOR,TP
continuous_1023_S6_strategy2.npz,4246–8492,CALENDAR,CALENDAR,TP
continuous_1023_S6_strategy2.npz,8492–12738,DRINK,DRINK,TP
continuous_1023_S6_strategy2.npz,10000–13333,—,FAMILY,FP
continuous_1023_S6_strategy2.npz,12738–16984,FAMILY,—,FN
continuous_1023_S6_strategy2.npz,13333–16700,—,SURVIVAL,FP
continuous_1023_S6_strategy2.npz,16700–20033,—,NUMBER,FP
continuous_1023_S6_strategy2.npz,16984–21713,SURVIVAL,—,FN
continuous_1023_S6_strategy2.npz,21713–26012,GREETING,GREETING,TP
continuous_1023_S6_strategy2.npz,26012–30258,RELATIONSHIPS,RELATIONSHIPS,TP
continuous_1024_S6_strategy2.npz,0–4246,FOOD,FOOD,TP
continuous_1024_S6_strategy2.npz,4246–8492,CALENDAR,CALENDAR,TP
continuous_1024_S6_strategy2.npz,7066–10600,—,FOOD,FP
continuous_1024_S6_strategy2.npz,8492–12658,GREETING,—,FN
continuous_1024_S6_strategy2.npz,10600–14133,—,DRINK,FP
continuous_1024_S6_strategy2.npz,12658–16904,DRINK,—,FN
continuous_1024_S6_strategy2.npz,14133–17666,—,FAMILY,FP
continuous_1024_S6_strategy2.npz,16904–21149,COLOR,COLOR,TP
continuous_1025_S6_strategy2.npz,0–4279,DAYS,DAYS,TP
continuous_1025_S6_strategy2.npz,4279–8525,COLOR,COLOR,TP
continuous_1025_S6_strategy2.npz,8525–12657,FOOD,DRINK,TP
continuous_1025_S6_strategy2.npz,12657–16752,CALENDAR,CALENDAR,TP
continuous_1025_S6_strategy2.npz,15766–18400,—,CALENDAR,FP
continuous_1025_S6_strategy2.npz,16752–20965,RELATIONSHIPS,RELATIONSHIPS,TP
continuous_1026_S6_strategy2.npz,0–4132,GREETING,GREETING,TP
continuous_1026_S6_strategy2.npz,2666–5366,—,FOOD,FP
continuous_1026_S6_strategy2.npz,4132–8378,FOOD,—,FN
continuous_1026_S6_strategy2.npz,5366–8033,—,RELATIONSHIPS,FP
continuous_1026_S6_strategy2.npz,8033–10733,—,NUMBER,FP
continuous_1026_S6_strategy2.npz,8378–12591,RELATIONSHIPS,—,FN
continuous_1026_S6_strategy2.npz,10733–13400,—,NUMBER,FP
continuous_1026_S6_strategy2.npz,12591–16457,NUMBER,—,FN
continuous_1026_S6_strategy2.npz,13400–16100,—,COLOR,FP
continuous_1026_S6_strategy2.npz,16457–20703,DAYS,DAYS,TP
continuous_1026_S6_strategy2.npz,20703–25504,SURVIVAL,SURVIVAL,TP
continuous_1026_S6_strategy2.npz,25504–29750,FAMILY,FAMILY,TP
continuous_1027_S6_strategy2.npz,0–4213,FAMILY,FAMILY,TP
continuous_1027_S6_strategy2.npz,2766–5533,—,DRINK,FP
continuous_1027_S6_strategy2.npz,4213–8458,COLOR,COLOR,TP
continuous_1027_S6_strategy2.npz,8458–12972,SURVIVAL,SURVIVAL,TP
continuous_1027_S6_strategy2.npz,12972–17251,DAYS,DAYS,TP
continuous_1027_S6_strategy2.npz,17251–21212,RELATIONSHIPS,RELATIONSHIPS,TP
continuous_1027_S6_strategy2.npz,19366–22133,—,DAYS,FP
continuous_1027_S6_strategy2.npz,21212–25404,NUMBER,NUMBER,TP
continuous_1028_S6_strategy2.npz,0–4099,COLOR,COLOR,TP
continuous_1028_S6_strategy2.npz,4099–8798,GREETING,GREETING,TP
continuous_1028_S6_strategy2.npz,5166–7766,—,NUMBER,FP
continuous_1028_S6_strategy2.npz,8798–13044,FOOD,FOOD,TP
continuous_1028_S6_strategy2.npz,13044–17290,DAYS,DAYS,TP
continuous_1028_S6_strategy2.npz,17290–21912,NUMBER,NUMBER,TP
continuous_1028_S6_strategy2.npz,21912–26158,CALENDAR,CALENDAR,TP
continuous_1029_S6_strategy2.npz,0–4028,CALENDAR,CALENDAR,TP
continuous_1029_S6_strategy2.npz,2566–5166,—,CALENDAR,FP
continuous_1029_S6_strategy2.npz,4028–7994,NUMBER,NUMBER,TP
continuous_1029_S6_strategy2.npz,7766–10366,—,COLOR,FP
continuous_1029_S6_strategy2.npz,7994–12207,DRINK,DRINK,TP
continuous_1029_S6_strategy2.npz,12207–16420,FAMILY,FAMILY,TP
continuous_1029_S6_strategy2.npz,16420–20666,COLOR,COLOR,TP
continuous_1030_S6_strategy2.npz,0–4246,FOOD,FOOD,TP
continuous_1030_S6_strategy2.npz,2133–4266,—,RELATIONSHIPS,FP
continuous_1030_S6_strategy2.npz,4246–8525,DAYS,DAYS,TP
continuous_1030_S6_strategy2.npz,8525–12771,COLOR,COLOR,TP
continuous_1030_S6_strategy2.npz,12771–16984,FAMILY,RELATIONSHIPS,TP
continuous_1030_S6_strategy2.npz,14966–17100,—,NUMBER,FP
continuous_1030_S6_strategy2.npz,16984–21316,GREETING,GREETING,TP
continuous_1030_S6_strategy2.npz,21316–25562,DRINK,DRINK,TP
continuous_1030_S6_strategy2.npz,21366–23500,—,FAMILY,FP
continuous_1030_S6_strategy2.npz,25562–29808,CALENDAR,CALENDAR,TP
continuous_1030_S6_strategy2.npz,25633–27766,—,CALENDAR,FP
continuous_1031_S6_strategy2.npz,0–4622,NUMBER,NUMBER,TP
continuous_1031_S6_strategy2.npz,2866–5766,—,NUMBER,FP
continuous_1031_S6_strategy2.npz,4622–9387,GREETING,GREETING,TP
continuous_1031_S6_strategy2.npz,8666–11533,—,GREETING,FP
continuous_1031_S6_strategy2.npz,9387–13666,FOOD,FOOD,TP
continuous_1031_S6_strategy2.npz,13666–17912,DAYS,DAYS,TP
continuous_1031_S6_strategy2.npz,17912–22158,RELATIONSHIPS,RELATIONSHIPS,TP
continuous_1031_S6_strategy2.npz,20200–23100,—,CALENDAR,FP
continuous_1031_S6_strategy2.npz,22158–26220,CALENDAR,CALENDAR,TP
continuous_1032_S6_strategy2.npz,0–4299,GREETING,GREETING,TP
continuous_1032_S6_strategy2.npz,4299–8545,RELATIONSHIPS,—,FN
continuous_1032_S6_strategy2.npz,6100–9133,—,RELATIONSHIPS,FP
continuous_1032_S6_strategy2.npz,8545–12758,COLOR,COLOR,TP
continuous_1032_S6_strategy2.npz,9133–12200,—,FAMILY,FP
continuous_1032_S6_strategy2.npz,12758–17004,DRINK,DRINK,TP
continuous_1032_S6_strategy2.npz,17004–21283,FAMILY,FAMILY,TP
continuous_1033_S6_strategy2.npz,0–4265,GREETING,GREETING,TP
continuous_1033_S6_strategy2.npz,2700–5400,—,RELATIONSHIPS,FP
continuous_1033_S6_strategy2.npz,4265–8511,FOOD,FOOD,TP
continuous_1033_S6_strategy2.npz,8511–12677,SURVIVAL,SURVIVAL,TP
continuous_1033_S6_strategy2.npz,10800–13500,—,DRINK,FP
continuous_1033_S6_strategy2.npz,12677–16922,DRINK,DRINK,TP
continuous_1033_S6_strategy2.npz,16922–21401,NUMBER,NUMBER,TP
continuous_1033_S6_strategy2.npz,21401–25647,FAMILY,FAMILY,TP
continuous_1033_S6_strategy2.npz,25647–29893,COLOR,COLOR,TP
continuous_1034_S6_strategy2.npz,0–4246,COLOR,COLOR,TP
continuous_1034_S6_strategy2.npz,4246–8245,SURVIVAL,SURVIVAL,TP
continuous_1034_S6_strategy2.npz,8245–12524,RELATIONSHIPS,RELATIONSHIPS,TP
continuous_1034_S6_strategy2.npz,12524–16737,DAYS,DAYS,TP
continuous_1034_S6_strategy2.npz,14733–17700,—,FAMILY,FP
continuous_1034_S6_strategy2.npz,16737–21016,FAMILY,—,FN
continuous_1034_S6_strategy2.npz,17700–20633,—,DRINK,FP
continuous_1034_S6_strategy2.npz,21016–25116,GREETING,GREETING,TP
continuous_1034_S6_strategy2.npz,25116–29395,CALENDAR,CALENDAR,TP
continuous_1035_S6_strategy2.npz,0–4299,NUMBER,NUMBER,TP
continuous_1035_S6_strategy2.npz,2633–5266,—,SURVIVAL,FP
continuous_1035_S6_strategy2.npz,4299–8578,FAMILY,FAMILY,TP
continuous_1035_S6_strategy2.npz,7900–10533,—,FAMILY,FP
continuous_1035_S6_strategy2.npz,8578–12824,COLOR,COLOR,TP
continuous_1035_S6_strategy2.npz,12824–17070,RELATIONSHIPS,RELATIONSHIPS,TP
continuous_1035_S6_strategy2.npz,17070–21300,DAYS,DAYS,TP
continuous_1036_S6_strategy2.npz,0–4246,RELATIONSHIPS,RELATIONSHIPS,TP
continuous_1036_S6_strategy2.npz,4246–8442,CALENDAR,CALENDAR,TP
continuous_1036_S6_strategy2.npz,8442–12374,COLOR,COLOR,TP
continuous_1036_S6_strategy2.npz,12374–16653,DAYS,DAYS,TP
continuous_1036_S6_strategy2.npz,16653–20866,FAMILY,FAMILY,TP
continuous_1036_S6_strategy2.npz,20866–25416,SURVIVAL,SURVIVAL,TP
continuous_1037_S6_strategy2.npz,0–4200,GREETING,GREETING,TP
continuous_1037_S6_strategy2.npz,2433–4900,—,FOOD,FP
continuous_1037_S6_strategy2.npz,4200–8413,COLOR,COLOR,TP
continuous_1037_S6_strategy2.npz,7366–9800,—,CALENDAR,FP
continuous_1037_S6_strategy2.npz,8413–12626,CALENDAR,—,FN
continuous_1037_S6_strategy2.npz,9800–12266,—,COLOR,FP
continuous_1037_S6_strategy2.npz,12626–16658,SURVIVAL,SURVIVAL,TP
continuous_1037_S6_strategy2.npz,16658–20904,DRINK,DRINK,TP
continuous_1037_S6_strategy2.npz,20904–25150,RELATIONSHIPS,RELATIONSHIPS,TP
continuous_1037_S6_strategy2.npz,25150–29664,NUMBER,NUMBER,TP
continuous_1038_S6_strategy2.npz,0–4246,DRINK,DRINK,TP
continuous_1038_S6_strategy2.npz,2933–5900,—,RELATIONSHIPS,FP
continuous_1038_S6_strategy2.npz,4246–8492,RELATIONSHIPS,RELATIONSHIPS,TP
continuous_1038_S6_strategy2.npz,8492–12771,FOOD,FOOD,TP
continuous_1038_S6_strategy2.npz,12771–17017,COLOR,COLOR,TP
continuous_1038_S6_strategy2.npz,17017–20978,DAYS,DAYS,TP
continuous_1038_S6_strategy2.npz,20978–25241,CALENDAR,CALENDAR,TP
continuous_1038_S6_strategy2.npz,23700–26666,—,CALENDAR,FP
continuous_1038_S6_strategy2.npz,25241–29827,SURVIVAL,SURVIVAL,TP
continuous_1039_S6_strategy2.npz,0–4514,SURVIVAL,SURVIVAL,TP
continuous_1039_S6_strategy2.npz,4514–8760,FOOD,FOOD,TP
continuous_1039_S6_strategy2.npz,8760–12989,DAYS,DAYS,TP
continuous_1039_S6_strategy2.npz,11266–14100,—,COLOR,FP
continuous_1039_S6_strategy2.npz,12989–17235,COLOR,—,FN
continuous_1039_S6_strategy2.npz,14100–16933,—,GREETING,FP
continuous_1039_S6_strategy2.npz,17235–21367,NUMBER,NUMBER,TP
continuous_1039_S6_strategy2.npz,21367–25613,RELATIONSHIPS,RELATIONSHIPS,TP
continuous_1040_S6_strategy2.npz,0–4213,CALENDAR,CALENDAR,TP
continuous_1040_S6_strategy2.npz,4213–8656,NUMBER,NUMBER,TP
continuous_1040_S6_strategy2.npz,8656–12856,SURVIVAL,SURVIVAL,TP
continuous_1040_S6_strategy2.npz,12856–17102,FAMILY,FAMILY,TP
continuous_1040_S6_strategy2.npz,17102–21348,FOOD,FOOD,TP
continuous_1040_S6_strategy2.npz,19800–23100,—,RELATIONSHIPS,FP
continuous_1040_S6_strategy2.npz,21348–25681,GREETING,GREETING,TP
continuous_1040_S6_strategy2.npz,25681–29927,DRINK,DRINK,TP
continuous_1041_S6_strategy2.npz,0–4246,FAMILY,FAMILY,TP
continuous_1041_S6_strategy2.npz,2466–4966,—,FAMILY,FP
continuous_1041_S6_strategy2.npz,4246–8459,CALENDAR,CALENDAR,TP
continuous_1041_S6_strategy2.npz,7433–9933,—,NUMBER,FP
continuous_1041_S6_strategy2.npz,8459–12691,GREETING,GREETING,TP
continuous_1041_S6_strategy2.npz,12691–16937,DRINK,DRINK,TP
continuous_1041_S6_strategy2.npz,16937–21183,DAYS,DAYS,TP
continuous_1041_S6_strategy2.npz,21183–25429,FOOD,FOOD,TP
continuous_1041_S6_strategy2.npz,25429–29675,COLOR,COLOR,TP
continuous_1042_S6_strategy2.npz,0–4479,SURVIVAL,SURVIVAL,TP
continuous_1042_S6_strategy2.npz,4479–8692,DAYS,DAYS,TP
continuous_1042_S6_strategy2.npz,8692–12938,RELATIONSHIPS,RELATIONSHIPS,TP
continuous_1042_S6_strategy2.npz,10933–14566,—,FAMILY,FP
continuous_1042_S6_strategy2.npz,12938–17217,FAMILY,—,FN
continuous_1042_S6_strategy2.npz,14566–18233,—,GREETING,FP
continuous_1042_S6_strategy2.npz,17217–21483,GREETING,—,FN
continuous_1042_S6_strategy2.npz,18233–21866,—,RELATIONSHIPS,FP
continuous_1042_S6_strategy2.npz,21483–25729,CALENDAR,CALENDAR,TP
continuous_1043_S6_strategy2.npz,0–4213,DRINK,DRINK,TP
continuous_1043_S6_strategy2.npz,4213–8835,SURVIVAL,SURVIVAL,TP
continuous_1043_S6_strategy2.npz,8835–13167,GREETING,GREETING,TP
continuous_1043_S6_strategy2.npz,13167–17380,COLOR,COLOR,TP
continuous_1043_S6_strategy2.npz,17380–21894,NUMBER,NUMBER,TP
continuous_1044_S6_strategy2.npz,0–4246,DAYS,DAYS,TP
continuous_1044_S6_strategy2.npz,4246–8525,FOOD,—,FN
continuous_1044_S6_strategy2.npz,7133–10700,—,FOOD,FP
continuous_1044_S6_strategy2.npz,8525–12932,SURVIVAL,SURVIVAL,TP
continuous_1044_S6_strategy2.npz,12932–17398,GREETING,GREETING,TP
continuous_1044_S6_strategy2.npz,17398–21644,CALENDAR,CALENDAR,TP
continuous_1045_S6_strategy2.npz,0–4065,FAMILY,FAMILY,TP
continuous_1045_S6_strategy2.npz,2133–4300,—,GREETING,FP
continuous_1045_S6_strategy2.npz,4065–8278,COLOR,COLOR,TP
continuous_1045_S6_strategy2.npz,8278–12524,CALENDAR,CALENDAR,TP
continuous_1045_S6_strategy2.npz,10733–15033,—,CALENDAR,FP
continuous_1045_S6_strategy2.npz,12524–17576,GREETING,GREETING,TP
continuous_1045_S6_strategy2.npz,17576–21822,RELATIONSHIPS,RELATIONSHIPS,TP
continuous_1045_S6_strategy2.npz,21822–26035,DAYS,DAYS,TP
continuous_1046_S6_strategy2.npz,0–4229,RELATIONSHIPS,RELATIONSHIPS,TP
continuous_1046_S6_strategy2.npz,4229–8461,FAMILY,FAMILY,TP
continuous_1046_S6_strategy2.npz,7400–11133,—,COLOR,FP
continuous_1046_S6_strategy2.npz,8461–12707,COLOR,COLOR,TP
continuous_1046_S6_strategy2.npz,12707–17106,GREETING,GREETING,TP
continuous_1046_S6_strategy2.npz,17106–21352,CALENDAR,CALENDAR,TP
continuous_1046_S6_strategy2.npz,21352–25598,DRINK,DRINK,TP
continuous_1046_S6_strategy2.npz,25598–29631,SURVIVAL,SURVIVAL,TP
continuous_1047_S6_strategy2.npz,0–4213,FAMILY,FAMILY,TP
continuous_1047_S6_strategy2.npz,4213–8459,FOOD,FOOD,TP
continuous_1047_S6_strategy2.npz,8459–13045,NUMBER,NUMBER,TP
continuous_1047_S6_strategy2.npz,13045–17291,DRINK,DRINK,TP
continuous_1047_S6_strategy2.npz,17291–21841,SURVIVAL,SURVIVAL,TP
continuous_1048_S6_strategy2.npz,0–4432,GREETING,GREETING,TP
continuous_1048_S6_strategy2.npz,4432–8645,CALENDAR,CALENDAR,TP
continuous_1048_S6_strategy2.npz,8645–12891,COLOR,COLOR,TP
continuous_1048_S6_strategy2.npz,10733–14300,—,FAMILY,FP
continuous_1048_S6_strategy2.npz,12891–17137,DRINK,DRINK,TP
continuous_1048_S6_strategy2.npz,17137–21383,FAMILY,FAMILY,TP
continuous_1049_S6_strategy2.npz,0–4062,CALENDAR,CALENDAR,TP
continuous_1049_S6_strategy2.npz,2600–5200,—,CALENDAR,FP
continuous_1049_S6_strategy2.npz,4062–8308,DRINK,DRINK,TP
continuous_1049_S6_strategy2.npz,8308–12640,GREETING,FOOD,TP
continuous_1049_S6_strategy2.npz,12640–16706,SURVIVAL,SURVIVAL,TP
continuous_1049_S6_strategy2.npz,16706–20872,NUMBER,NUMBER,TP
continuous_1050_S6_strategy2.npz,0–4246,DAYS,DAYS,TP
continuous_1050_S6_strategy2.npz,4246–8492,DRINK,DRINK,TP
continuous_1050_S6_strategy2.npz,8492–12705,FOOD,FOOD,TP
continuous_1050_S6_strategy2.npz,9933–13266,—,SURVIVAL,FP
continuous_1050_S6_strategy2.npz,12705–17363,NUMBER,—,FN
continuous_1050_S6_strategy2.npz,13266–16566,—,GREETING,FP
continuous_1050_S6_strategy2.npz,16566–19900,—,GREETING,FP
continuous_1050_S6_strategy2.npz,17363–21562,GREETING,—,FN
continuous_1050_S6_strategy2.npz,21562–25808,CALENDAR,CALENDAR,TP
continuous_1050_S6_strategy2.npz,25808–30054,FAMILY,FAMILY,TP
continuous_1051_S6_strategy2.npz,0–4246,FAMILY,FAMILY,TP
continuous_1051_S6_strategy2.npz,4246–8525,DRINK,DRINK,TP
continuous_1051_S6_strategy2.npz,8525–12755,RELATIONSHIPS,RELATIONSHIPS,TP
continuous_1051_S6_strategy2.npz,12755–17001,CALENDAR,CALENDAR,TP
continuous_1051_S6_strategy2.npz,17001–21247,COLOR,COLOR,TP
continuous_1051_S6_strategy2.npz,21247–25833,NUMBER,NUMBER,TP
continuous_1052_S6_strategy2.npz,0–4586,SURVIVAL,SURVIVAL,TP
continuous_1052_S6_strategy2.npz,2800–5600,—,FOOD,FP
continuous_1052_S6_strategy2.npz,4586–8832,FOOD,—,FN
continuous_1052_S6_strategy2.npz,5600–8433,—,DRINK,FP
continuous_1052_S6_strategy2.npz,8832–13275,DRINK,DRINK,TP
continuous_1052_S6_strategy2.npz,11233–14066,—,GREETING,FP
continuous_1052_S6_strategy2.npz,13275–17108,GREETING,—,FN
continuous_1052_S6_strategy2.npz,14066–16866,—,NUMBER,FP
continuous_1052_S6_strategy2.npz,17108–21766,NUMBER,NUMBER,TP
continuous_1052_S6_strategy2.npz,21766–25861,CALENDAR,CALENDAR,TP
continuous_1053_S6_strategy2.npz,0–4246,CALENDAR,CALENDAR,TP
continuous_1053_S6_strategy2.npz,4246–8492,DRINK,DRINK,TP
continuous_1053_S6_strategy2.npz,8492–13114,NUMBER,—,FN
continuous_1053_S6_strategy2.npz,10666–13333,—,NUMBER,FP
continuous_1053_S6_strategy2.npz,13114–17360,FOOD,FOOD,TP
continuous_1053_S6_strategy2.npz,13333–16000,—,COLOR,FP
continuous_1053_S6_strategy2.npz,17360–21559,FAMILY,FAMILY,TP
continuous_1054_S6_strategy2.npz,0–4213,COLOR,COLOR,TP
continuous_1054_S6_strategy2.npz,2500–5033,—,RELATIONSHIPS,FP
continuous_1054_S6_strategy2.npz,4213–8426,RELATIONSHIPS,RELATIONSHIPS,TP
continuous_1054_S6_strategy2.npz,8426–13155,GREETING,GREETING,TP
continuous_1054_S6_strategy2.npz,13155–17401,CALENDAR,CALENDAR,TP
continuous_1054_S6_strategy2.npz,17401–21647,FOOD,FOOD,TP
continuous_1054_S6_strategy2.npz,17633–20133,—,CALENDAR,FP
continuous_1054_S6_strategy2.npz,21647–25893,FAMILY,FAMILY,TP
continuous_1054_S6_strategy2.npz,25893–30443,NUMBER,NUMBER,TP
continuous_1055_S6_strategy2.npz,0–4246,COLOR,COLOR,TP
continuous_1055_S6_strategy2.npz,4246–8492,DAYS,DAYS,TP
continuous_1055_S6_strategy2.npz,8492–13257,GREETING,GREETING,TP
continuous_1055_S6_strategy2.npz,8633–11500,—,RELATIONSHIPS,FP
continuous_1055_S6_strategy2.npz,13257–17536,CALENDAR,CALENDAR,TP
continuous_1055_S6_strategy2.npz,17536–22122,SURVIVAL,—,FN
continuous_1055_S6_strategy2.npz,20133–23000,—,SURVIVAL,FP
continuous_1055_S6_strategy2.npz,22122–26419,RELATIONSHIPS,RELATIONSHIPS,TP
continuous_1056_S6_strategy2.npz,0–4246,FAMILY,FAMILY,TP
continuous_1056_S6_strategy2.npz,2666–5333,—,FAMILY,FP
continuous_1056_S6_strategy2.npz,4246–8492,DRINK,DRINK,TP
continuous_1056_S6_strategy2.npz,8492–12771,RELATIONSHIPS,RELATIONSHIPS,TP
continuous_1056_S6_strategy2.npz,12771–17017,CALENDAR,FAMILY,TP
continuous_1056_S6_strategy2.npz,16000–18666,—,DRINK,FP
continuous_1056_S6_strategy2.npz,17017–21567,SURVIVAL,SURVIVAL,TP
continuous_1057_S6_strategy2.npz,0–4443,NUMBER,NUMBER,TP
continuous_1057_S6_strategy2.npz,3000–6033,—,SURVIVAL,FP
continuous_1057_S6_strategy2.npz,4443–8689,DAYS,DAYS,TP
continuous_1057_S6_strategy2.npz,8689–12935,FOOD,FOOD,TP
continuous_1057_S6_strategy2.npz,12935–17148,FAMILY,—,FN
continuous_1057_S6_strategy2.npz,15066–18100,—,FAMILY,FP
continuous_1057_S6_strategy2.npz,17148–21347,GREETING,GREETING,TP
continuous_1058_S6_strategy2.npz,0–4279,DRINK,DRINK,TP
continuous_1058_S6_strategy2.npz,2700–5433,—,FOOD,FP
continuous_1058_S6_strategy2.npz,4279–8525,DAYS,DAYS,TP
continuous_1058_S6_strategy2.npz,8525–12738,RELATIONSHIPS,RELATIONSHIPS,TP
continuous_1058_S6_strategy2.npz,10900–13633,—,GREETING,FP
continuous_1058_S6_strategy2.npz,12738–17503,GREETING,—,FN
continuous_1058_S6_strategy2.npz,13633–16366,—,NUMBER,FP
continuous_1058_S6_strategy2.npz,17503–21749,FOOD,FOOD,TP
continuous_1058_S6_strategy2.npz,21749–25995,COLOR,—,FN
continuous_1058_S6_strategy2.npz,24566–27300,—,COLOR,FP
continuous_1058_S6_strategy2.npz,25995–30227,FAMILY,FAMILY,TP
continuous_1059_S6_strategy2.npz,0–4246,COLOR,COLOR,TP
continuous_1059_S6_strategy2.npz,2733–5466,—,SURVIVAL,FP
continuous_1059_S6_strategy2.npz,4246–8796,SURVIVAL,—,FN
continuous_1059_S6_strategy2.npz,8796–13009,RELATIONSHIPS,RELATIONSHIPS,TP
continuous_1059_S6_strategy2.npz,10933–13666,—,SURVIVAL,FP
continuous_1059_S6_strategy2.npz,13009–17808,GREETING,GREETING,TP
continuous_1059_S6_strategy2.npz,16400–19133,—,CALENDAR,FP
continuous_1059_S6_strategy2.npz,17808–22087,CALENDAR,CALENDAR,TP
continuous_1060_S6_strategy2.npz,0–4246,DRINK,DRINK,TP
continuous_1060_S6_strategy2.npz,4246–8492,FAMILY,FAMILY,TP
continuous_1060_S6_strategy2.npz,6800–9066,—,FAMILY,FP
continuous_1060_S6_strategy2.npz,8492–13076,GREETING,GREETING,TP
continuous_1060_S6_strategy2.npz,11333–13600,—,GREETING,FP
continuous_1060_S6_strategy2.npz,13076–17003,DAYS,DAYS,TP
continuous_1060_S6_strategy2.npz,15866–18133,—,FOOD,FP
continuous_1060_S6_strategy2.npz,17003–21235,FOOD,—,FN
continuous_1060_S6_strategy2.npz,18133–20400,—,RELATIONSHIPS,FP
continuous_1060_S6_strategy2.npz,20400–22666,—,NUMBER,FP
continuous_1060_S6_strategy2.npz,21235–25467,NUMBER,NUMBER,TP
continuous_1060_S6_strategy2.npz,25467–29680,RELATIONSHIPS,RELATIONSHIPS,TP
continuous_1061_S6_strategy2.npz,0–4768,GREETING,GREETING,TP
continuous_1061_S6_strategy2.npz,2966–5933,—,FAMILY,FP
continuous_1061_S6_strategy2.npz,4768–9047,RELATIONSHIPS,RELATIONSHIPS,TP
continuous_1061_S6_strategy2.npz,9047–13293,DAYS,RELATIONSHIPS,TP
continuous_1061_S6_strategy2.npz,11866–14833,—,DAYS,FP
continuous_1061_S6_strategy2.npz,13293–17700,NUMBER,NUMBER,TP
continuous_1061_S6_strategy2.npz,17700–21946,DRINK,DRINK,TP
continuous_1061_S6_strategy2.npz,21946–26192,CALENDAR,CALENDAR,TP
continuous_1061_S6_strategy2.npz,23733–26700,—,FAMILY,FP
continuous_1061_S6_strategy2.npz,26192–30024,FAMILY,FAMILY,TP
continuous_1062_S6_strategy2.npz,0–4550,NUMBER,NUMBER,TP
continuous_1062_S6_strategy2.npz,2800–5633,—,DAYS,FP
continuous_1062_S6_strategy2.npz,4550–8796,DAYS,—,FN
continuous_1062_S6_strategy2.npz,5633–8433,—,RELATIONSHIPS,FP
continuous_1062_S6_strategy2.npz,8433–11266,—,NUMBER,FP
continuous_1062_S6_strategy2.npz,8796–13042,RELATIONSHIPS,—,FN
continuous_1062_S6_strategy2.npz,11266–14066,—,SURVIVAL,FP
continuous_1062_S6_strategy2.npz,13042–17521,SURVIVAL,—,FN
continuous_1062_S6_strategy2.npz,14066–16900,—,RELATIONSHIPS,FP
continuous_1062_S6_strategy2.npz,17521–21686,COLOR,COLOR,TP
continuous_1062_S6_strategy2.npz,21686–25885,GREETING,GREETING,TP
continuous_1063_S6_strategy2.npz,0–4232,FAMILY,FAMILY,TP
continuous_1063_S6_strategy2.npz,2533–5100,—,CALENDAR,FP
continuous_1063_S6_strategy2.npz,4232–8478,CALENDAR,CALENDAR,TP
continuous_1063_S6_strategy2.npz,7633–10200,—,CALENDAR,FP
continuous_1063_S6_strategy2.npz,8478–12724,RELATIONSHIPS,RELATIONSHIPS,TP
continuous_1063_S6_strategy2.npz,12724–17310,NUMBER,NUMBER,TP
continuous_1063_S6_strategy2.npz,17310–21475,COLOR,COLOR,TP
continuous_1063_S6_strategy2.npz,21475–26061,SURVIVAL,SURVIVAL,TP
continuous_1064_S6_strategy2.npz,0–4432,GREETING,GREETING,TP
continuous_1064_S6_strategy2.npz,4432–8494,DAYS,DAYS,TP
continuous_1064_S6_strategy2.npz,8494–12707,FAMILY,FAMILY,TP
continuous_1064_S6_strategy2.npz,12707–16953,FOOD,FOOD,TP
continuous_1064_S6_strategy2.npz,15833–18466,—,FOOD,FP
continuous_1064_S6_strategy2.npz,16953–21085,COLOR,COLOR,TP
continuous_1065_S6_strategy2.npz,0–4246,FAMILY,FAMILY,TP
continuous_1065_S6_strategy2.npz,2633–5266,—,RELATIONSHIPS,FP
continuous_1065_S6_strategy2.npz,4246–8492,DRINK,DRINK,TP
continuous_1065_S6_strategy2.npz,7900–10566,—,COLOR,FP
continuous_1065_S6_strategy2.npz,8492–13006,SURVIVAL,SURVIVAL,TP
continuous_1065_S6_strategy2.npz,13006–17186,DAYS,DAYS,TP
continuous_1065_S6_strategy2.npz,17186–21951,NUMBER,NUMBER,TP
continuous_1065_S6_strategy2.npz,21951–26949,GREETING,GREETING,TP
continuous_1066_S6_strategy2.npz,0–4246,COLOR,COLOR,TP
continuous_1066_S6_strategy2.npz,4246–8378,FAMILY,FAMILY,TP
continuous_1066_S6_strategy2.npz,8378–12624,FOOD,FOOD,TP
continuous_1066_S6_strategy2.npz,12624–16870,CALENDAR,CALENDAR,TP
continuous_1066_S6_strategy2.npz,16870–20227,RELATIONSHIPS,RELATIONSHIPS,TP
continuous_1067_S6_strategy2.npz,0–4246,DRINK,DRINK,TP
continuous_1067_S6_strategy2.npz,4246–8868,NUMBER,NUMBER,TP
continuous_1067_S6_strategy2.npz,4700–7066,—,NUMBER,FP
continuous_1067_S6_strategy2.npz,8868–13741,GREETING,RELATIONSHIPS,TP
continuous_1067_S6_strategy2.npz,13741–17987,COLOR,COLOR,TP
continuous_1067_S6_strategy2.npz,16500–18866,—,FAMILY,FP
continuous_1067_S6_strategy2.npz,17987–22233,FAMILY,FAMILY,TP
continuous_1067_S6_strategy2.npz,21233–23600,—,COLOR,FP
continuous_1067_S6_strategy2.npz,22233–26479,DAYS,DAYS,TP
continuous_1068_S6_strategy2.npz,0–4066,GREETING,GREETING,TP
continuous_1068_S6_strategy2.npz,4066–8299,SURVIVAL,SURVIVAL,TP
continuous_1068_S6_strategy2.npz,8299–12578,DAYS,DAYS,TP
continuous_1068_S6_strategy2.npz,10400–13866,—,COLOR,FP
continuous_1068_S6_strategy2.npz,12578–16791,COLOR,—,FN
continuous_1068_S6_strategy2.npz,13866–17333,—,GREETING,FP
continuous_1068_S6_strategy2.npz,16791–20790,FAMILY,FAMILY,TP
continuous_1069_S6_strategy2.npz,0–4246,CALENDAR,CALENDAR,TP
continuous_1069_S6_strategy2.npz,2833–5666,—,NUMBER,FP
continuous_1069_S6_strategy2.npz,4246–8492,DAYS,DAYS,TP
continuous_1069_S6_strategy2.npz,8492–12738,FAMILY,COLOR,TP
continuous_1069_S6_strategy2.npz,12738–17288,SURVIVAL,SURVIVAL,TP
continuous_1069_S6_strategy2.npz,17288–21501,DRINK,DRINK,TP
continuous_1069_S6_strategy2.npz,21501–25747,FOOD,FOOD,TP
continuous_1070_S6_strategy2.npz,0–4213,DAYS,DAYS,TP
continuous_1070_S6_strategy2.npz,4213–8459,FOOD,FOOD,TP
continuous_1070_S6_strategy2.npz,8459–12705,RELATIONSHIPS,RELATIONSHIPS,TP
continuous_1070_S6_strategy2.npz,11833–14200,—,GREETING,FP
continuous_1070_S6_strategy2.npz,12705–16984,FAMILY,FAMILY,TP
continuous_1070_S6_strategy2.npz,16566–18933,—,CALENDAR,FP
continuous_1070_S6_strategy2.npz,16984–21230,CALENDAR,CALENDAR,TP
continuous_1071_S6_strategy2.npz,0–4550,NUMBER,NUMBER,TP
continuous_1071_S6_strategy2.npz,4550–8763,RELATIONSHIPS,RELATIONSHIPS,TP
continuous_1071_S6_strategy2.npz,8066–10766,—,RELATIONSHIPS,FP
continuous_1071_S6_strategy2.npz,8763–13042,FOOD,FOOD,TP
continuous_1071_S6_strategy2.npz,13042–17108,SURVIVAL,SURVIVAL,TP
continuous_1071_S6_strategy2.npz,17108–21354,FAMILY,FAMILY,TP
continuous_1071_S6_strategy2.npz,21354–25600,COLOR,COLOR,TP
continuous_1071_S6_strategy2.npz,24266–26966,—,COLOR,FP
continuous_1071_S6_strategy2.npz,25600–29846,DRINK,DRINK,TP
continuous_1072_S6_strategy2.npz,0–4246,FAMILY,FAMILY,TP
continuous_1072_S6_strategy2.npz,4246–8492,FOOD,FOOD,TP
continuous_1072_S6_strategy2.npz,6466–9733,—,CALENDAR,FP
continuous_1072_S6_strategy2.npz,8492–12738,CALENDAR,—,FN
continuous_1072_S6_strategy2.npz,9733–12966,—,CALENDAR,FP
continuous_1072_S6_strategy2.npz,12738–17826,NUMBER,NUMBER,TP
continuous_1072_S6_strategy2.npz,12966–16200,—,NUMBER,FP
continuous_1072_S6_strategy2.npz,17826–22025,COLOR,COLOR,TP
continuous_1072_S6_strategy2.npz,22025–26225,SURVIVAL,SURVIVAL,TP
continuous_1073_S6_strategy2.npz,0–4246,CALENDAR,CALENDAR,TP
continuous_1073_S6_strategy2.npz,2933–5900,—,FOOD,FP
continuous_1073_S6_strategy2.npz,4246–8525,FOOD,—,FN
continuous_1073_S6_strategy2.npz,5900–8866,—,RELATIONSHIPS,FP
continuous_1073_S6_strategy2.npz,8525–12771,RELATIONSHIPS,—,FN
continuous_1073_S6_strategy2.npz,8866–11833,—,NUMBER,FP
continuous_1073_S6_strategy2.npz,12771–16984,COLOR,COLOR,TP
continuous_1073_S6_strategy2.npz,16984–21230,DAYS,DAYS,TP
continuous_1073_S6_strategy2.npz,21230–25230,SURVIVAL,SURVIVAL,TP
continuous_1073_S6_strategy2.npz,25230–29476,FAMILY,FAMILY,TP
continuous_1074_S6_strategy2.npz,0–4246,FOOD,FOOD,TP
continuous_1074_S6_strategy2.npz,4246–8312,FAMILY,FAMILY,TP
continuous_1074_S6_strategy2.npz,8312–12898,SURVIVAL,SURVIVAL,TP
continuous_1074_S6_strategy2.npz,11300–14133,—,SURVIVAL,FP
continuous_1074_S6_strategy2.npz,12898–17197,GREETING,GREETING,TP
continuous_1074_S6_strategy2.npz,17197–21442,DRINK,DRINK,TP
continuous_1074_S6_strategy2.npz,21442–25688,CALENDAR,CALENDAR,TP
continuous_1075_S6_strategy2.npz,0–5768,GREETING,GREETING,TP
continuous_1075_S6_strategy2.npz,3200–6433,—,DAYS,FP
continuous_1075_S6_strategy2.npz,5768–10014,COLOR,COLOR,TP
continuous_1075_S6_strategy2.npz,10014–14260,CALENDAR,CALENDAR,TP
continuous_1075_S6_strategy2.npz,12866–16066,—,FOOD,FP
continuous_1075_S6_strategy2.npz,14260–18539,FOOD,FOOD,TP
continuous_1075_S6_strategy2.npz,18539–23125,NUMBER,NUMBER,TP
continuous_1076_S6_strategy2.npz,0–4066,SURVIVAL,SURVIVAL,TP
continuous_1076_S6_strategy2.npz,4066–8312,FAMILY,FAMILY,TP
continuous_1076_S6_strategy2.npz,8312–12525,DRINK,DRINK,TP
continuous_1076_S6_strategy2.npz,12525–16620,RELATIONSHIPS,RELATIONSHIPS,TP
continuous_1076_S6_strategy2.npz,15166–18200,—,DRINK,FP
continuous_1076_S6_strategy2.npz,16620–21185,GREETING,GREETING,TP
continuous_1077_S6_strategy2.npz,0–4165,DRINK,SURVIVAL,TP
continuous_1077_S6_strategy2.npz,2800–5633,—,DAYS,FP
continuous_1077_S6_strategy2.npz,4165–8378,DAYS,DAYS,TP
continuous_1077_S6_strategy2.npz,8378–13107,NUMBER,NUMBER,TP
continuous_1077_S6_strategy2.npz,13107–17386,FAMILY,FAMILY,TP
continuous_1077_S6_strategy2.npz,17386–21632,RELATIONSHIPS,RELATIONSHIPS,TP
continuous_1077_S6_strategy2.npz,21632–25698,SURVIVAL,SURVIVAL,TP
continuous_1078_S6_strategy2.npz,0–4246,DRINK,DRINK,TP
continuous_1078_S6_strategy2.npz,2266–4566,—,RELATIONSHIPS,FP
continuous_1078_S6_strategy2.npz,4246–9047,GREETING,GREETING,TP
continuous_1078_S6_strategy2.npz,4566–6866,—,RELATIONSHIPS,FP
continuous_1078_S6_strategy2.npz,9047–13669,SURVIVAL,SURVIVAL,TP
continuous_1078_S6_strategy2.npz,9166–11466,—,DAYS,FP
continuous_1078_S6_strategy2.npz,13669–17701,FAMILY,FAMILY,TP
continuous_1078_S6_strategy2.npz,13766–16066,—,NUMBER,FP
continuous_1078_S6_strategy2.npz,17701–21914,CALENDAR,CALENDAR,TP
continuous_1078_S6_strategy2.npz,21914–26146,NUMBER,NUMBER,TP
continuous_1078_S6_strategy2.npz,26146–30392,COLOR,COLOR,TP
continuous_1079_S6_strategy2.npz,0–4550,NUMBER,NUMBER,TP
continuous_1079_S6_strategy2.npz,2966–5933,—,SURVIVAL,FP
continuous_1079_S6_strategy2.npz,4550–9100,SURVIVAL,—,FN
continuous_1079_S6_strategy2.npz,5933–8900,—,DRINK,FP
continuous_1079_S6_strategy2.npz,8900–11900,—,RELATIONSHIPS,FP
continuous_1079_S6_strategy2.npz,9100–13346,DRINK,—,FN
continuous_1079_S6_strategy2.npz,13346–18111,GREETING,GREETING,TP
continuous_1079_S6_strategy2.npz,18111–22390,COLOR,COLOR,TP
continuous_1079_S6_strategy2.npz,22390–26636,FOOD,FOOD,TP
continuous_1079_S6_strategy2.npz,26636–30563,DAYS,DAYS,TP
continuous_1080_S6_strategy2.npz,0–4550,NUMBER,NUMBER,TP
continuous_1080_S6_strategy2.npz,2333–4700,—,DAYS,FP
continuous_1080_S6_strategy2.npz,4550–8679,DAYS,DAYS,TP
continuous_1080_S6_strategy2.npz,8679–12778,FOOD,FOOD,TP
continuous_1080_S6_strategy2.npz,11733–14100,—,SURVIVAL,FP
continuous_1080_S6_strategy2.npz,12778–17472,SURVIVAL,SURVIVAL,TP
continuous_1080_S6_strategy2.npz,16433–18800,—,DRINK,FP
continuous_1080_S6_strategy2.npz,17472–21718,COLOR,COLOR,TP
continuous_1081_S6_strategy2.npz,0–4246,COLOR,COLOR,TP
continuous_1081_S6_strategy2.npz,4246–8760,SURVIVAL,SURVIVAL,TP
continuous_1081_S6_strategy2.npz,8760–13006,DRINK,DRINK,TP
continuous_1081_S6_strategy2.npz,11533–13866,—,FOOD,FP
continuous_1081_S6_strategy2.npz,13006–17105,FOOD,FOOD,TP
continuous_1081_S6_strategy2.npz,17105–21384,RELATIONSHIPS,RELATIONSHIPS,TP
continuous_1081_S6_strategy2.npz,21384–25630,FAMILY,FAMILY,TP
continuous_1082_S6_strategy2.npz,0–4213,FAMILY,FAMILY,TP
continuous_1082_S6_strategy2.npz,2466–4966,—,FAMILY,FP
continuous_1082_S6_strategy2.npz,4213–8459,COLOR,COLOR,TP
continuous_1082_S6_strategy2.npz,7433–9933,—,DAYS,FP
continuous_1082_S6_strategy2.npz,8459–12705,DRINK,—,FN
continuous_1082_S6_strategy2.npz,9933–12400,—,DAYS,FP
continuous_1082_S6_strategy2.npz,12400–14900,—,NUMBER,FP
continuous_1082_S6_strategy2.npz,12705–16950,RELATIONSHIPS,RELATIONSHIPS,TP
continuous_1082_S6_strategy2.npz,16950–21429,NUMBER,NUMBER,TP
continuous_1082_S6_strategy2.npz,17366–19866,—,DRINK,FP
continuous_1082_S6_strategy2.npz,21429–25728,GREETING,GREETING,TP
continuous_1082_S6_strategy2.npz,25728–30278,SURVIVAL,SURVIVAL,TP
continuous_1083_S6_strategy2.npz,0–4246,FAMILY,FAMILY,TP
continuous_1083_S6_strategy2.npz,4246–8492,CALENDAR,CALENDAR,TP
continuous_1083_S6_strategy2.npz,8492–12771,FOOD,FOOD,TP
continuous_1083_S6_strategy2.npz,12771–16770,NUMBER,NUMBER,TP
continuous_1083_S6_strategy2.npz,16770–21320,SURVIVAL,SURVIVAL,TP
continuous_1083_S6_strategy2.npz,21320–25566,DAYS,DAYS,TP
continuous_1084_S6_strategy2.npz,0–4279,CALENDAR,CALENDAR,TP
continuous_1084_S6_strategy2.npz,4279–8525,FOOD,FOOD,TP
continuous_1084_S6_strategy2.npz,8525–13039,SURVIVAL,SURVIVAL,TP
continuous_1084_S6_strategy2.npz,11700–14033,—,SURVIVAL,FP
continuous_1084_S6_strategy2.npz,13039–17482,NUMBER,NUMBER,TP
continuous_1084_S6_strategy2.npz,16366–18700,—,DRINK,FP
continuous_1084_S6_strategy2.npz,17482–21728,DRINK,DRINK,TP
continuous_1084_S6_strategy2.npz,21728–25974,COLOR,COLOR,TP
continuous_1084_S6_strategy2.npz,25733–28066,—,FOOD,FP
continuous_1084_S6_strategy2.npz,25974–30905,GREETING,GREETING,TP
continuous_1085_S6_strategy2.npz,0–4246,FAMILY,FAMILY,TP
continuous_1085_S6_strategy2.npz,4246–8492,RELATIONSHIPS,RELATIONSHIPS,TP
continuous_1085_S6_strategy2.npz,8492–12705,CALENDAR,CALENDAR,TP
continuous_1085_S6_strategy2.npz,10966–14633,—,SURVIVAL,FP
continuous_1085_S6_strategy2.npz,12705–17327,SURVIVAL,SURVIVAL,TP
continuous_1085_S6_strategy2.npz,17327–21573,DAYS,DAYS,TP
continuous_1085_S6_strategy2.npz,21573–25819,FOOD,FOOD,TP
continuous_1086_S6_strategy2.npz,0–4246,CALENDAR,CALENDAR,TP
continuous_1086_S6_strategy2.npz,4246–8346,SURVIVAL,SURVIVAL,TP
continuous_1086_S6_strategy2.npz,6866–9166,—,NUMBER,FP
continuous_1086_S6_strategy2.npz,8346–12478,COLOR,COLOR,TP
continuous_1086_S6_strategy2.npz,11466–13766,—,DRINK,FP
continuous_1086_S6_strategy2.npz,12478–16992,NUMBER,NUMBER,TP
continuous_1086_S6_strategy2.npz,16066–18366,—,SURVIVAL,FP
continuous_1086_S6_strategy2.npz,16992–21271,DAYS,DAYS,TP
continuous_1086_S6_strategy2.npz,20666–22966,—,SURVIVAL,FP
continuous_1086_S6_strategy2.npz,21271–25484,DRINK,DRINK,TP
continuous_1087_S6_strategy2.npz,0–4586,NUMBER,NUMBER,TP
continuous_1087_S6_strategy2.npz,4586–8865,RELATIONSHIPS,RELATIONSHIPS,TP
continuous_1087_S6_strategy2.npz,7033–9366,—,SURVIVAL,FP
continuous_1087_S6_strategy2.npz,8865–13111,FOOD,FOOD,TP
continuous_1087_S6_strategy2.npz,13111–17324,DAYS,DAYS,TP
continuous_1087_S6_strategy2.npz,16400–18766,—,FAMILY,FP
continuous_1087_S6_strategy2.npz,17324–21570,FAMILY,—,FN
continuous_1087_S6_strategy2.npz,18766–21100,—,FAMILY,FP
continuous_1087_S6_strategy2.npz,21570–25849,DRINK,DRINK,TP
continuous_1087_S6_strategy2.npz,25800–28133,—,FAMILY,FP
continuous_1087_S6_strategy2.npz,25849–30713,GREETING,GREETING,TP
continuous_1088_S6_strategy2.npz,0–4166,SURVIVAL,SURVIVAL,TP
continuous_1088_S6_strategy2.npz,2933–5866,—,COLOR,FP
continuous_1088_S6_strategy2.npz,4166–8412,COLOR,—,FN
continuous_1088_S6_strategy2.npz,5866–8800,—,RELATIONSHIPS,FP
continuous_1088_S6_strategy2.npz,8412–12658,RELATIONSHIPS,—,FN
continuous_1088_S6_strategy2.npz,8800–11766,—,FOOD,FP
continuous_1088_S6_strategy2.npz,11766–14700,—,RELATIONSHIPS,FP
continuous_1088_S6_strategy2.npz,12658–16904,FOOD,—,FN
continuous_1088_S6_strategy2.npz,16904–21096,NUMBER,NUMBER,TP
continuous_1088_S6_strategy2.npz,21096–25342,CALENDAR,CALENDAR,TP
continuous_1088_S6_strategy2.npz,23533–26466,—,FAMILY,FP
continuous_1088_S6_strategy2.npz,25342–29588,FAMILY,FAMILY,TP
continuous_1089_S6_strategy2.npz,0–4246,CALENDAR,CALENDAR,TP
continuous_1089_S6_strategy2.npz,2966–5933,—,GREETING,FP
continuous_1089_S6_strategy2.npz,4246–8445,GREETING,—,FN
continuous_1089_S6_strategy2.npz,5933–8933,—,DAYS,FP
continuous_1089_S6_strategy2.npz,8445–13031,SURVIVAL,SURVIVAL,TP
continuous_1089_S6_strategy2.npz,13031–17244,RELATIONSHIPS,RELATIONSHIPS,TP
continuous_1089_S6_strategy2.npz,17244–21490,FOOD,FOOD,TP
continuous_1089_S6_strategy2.npz,20833–23833,—,RELATIONSHIPS,FP
continuous_1089_S6_strategy2.npz,21490–25736,FAMILY,FAMILY,TP
continuous_1089_S6_strategy2.npz,25736–29982,COLOR,COLOR,TP
continuous_1090_S6_strategy2.npz,0–4279,DAYS,DAYS,TP
continuous_1090_S6_strategy2.npz,4279–8686,NUMBER,NUMBER,TP
continuous_1090_S6_strategy2.npz,6633–9933,—,COLOR,FP
continuous_1090_S6_strategy2.npz,8686–12932,COLOR,—,FN
continuous_1090_S6_strategy2.npz,9933–13266,—,FAMILY,FP
continuous_1090_S6_strategy2.npz,12932–17178,FAMILY,—,FN
continuous_1090_S6_strategy2.npz,13266–16566,—,FAMILY,FP
continuous_1090_S6_strategy2.npz,17178–21800,SURVIVAL,SURVIVAL,TP
continuous_1090_S6_strategy2.npz,21800–26079,RELATIONSHIPS,RELATIONSHIPS,TP
continuous_1090_S6_strategy2.npz,26079–30325,CALENDAR,CALENDAR,TP
continuous_1091_S6_strategy2.npz,0–4066,SURVIVAL,SURVIVAL,TP
continuous_1091_S6_strategy2.npz,4066–8265,FAMILY,FAMILY,TP
continuous_1091_S6_strategy2.npz,8265–12511,FOOD,FOOD,TP
continuous_1091_S6_strategy2.npz,12511–16244,GREETING,GREETING,TP
continuous_1091_S6_strategy2.npz,16244–20758,NUMBER,NUMBER,TP
continuous_1091_S6_strategy2.npz,20366–23266,—,FAMILY,FP
continuous_1091_S6_strategy2.npz,20758–25037,COLOR,COLOR,TP
continuous_1091_S6_strategy2.npz,25037–29316,DRINK,DRINK,TP
continuous_1092_S6_strategy2.npz,0–4246,RELATIONSHIPS,RELATIONSHIPS,TP
continuous_1092_S6_strategy2.npz,2700–5433,—,NUMBER,FP
continuous_1092_S6_strategy2.npz,4246–8832,NUMBER,—,FN
continuous_1092_S6_strategy2.npz,5433–8133,—,COLOR,FP
continuous_1092_S6_strategy2.npz,8133–10866,—,FAMILY,FP
continuous_1092_S6_strategy2.npz,8832–12798,COLOR,—,FN
continuous_1092_S6_strategy2.npz,10866–13566,—,NUMBER,FP
continuous_1092_S6_strategy2.npz,12798–17044,FAMILY,—,FN
continuous_1092_S6_strategy2.npz,13566–16300,—,SURVIVAL,FP
continuous_1092_S6_strategy2.npz,16300–19000,—,SURVIVAL,FP
continuous_1092_S6_strategy2.npz,17044–21469,SURVIVAL,—,FN
continuous_1092_S6_strategy2.npz,19000–21733,—,CALENDAR,FP
continuous_1092_S6_strategy2.npz,21469–25598,CALENDAR,—,FN
continuous_1092_S6_strategy2.npz,21733–24433,—,CALENDAR,FP
continuous_1092_S6_strategy2.npz,24433–27166,—,NUMBER,FP
continuous_1092_S6_strategy2.npz,25598–30164,GREETING,GREETING,TP
continuous_1093_S6_strategy2.npz,0–3866,DRINK,DRINK,TP
continuous_1093_S6_strategy2.npz,3866–8964,GREETING,GREETING,TP
continuous_1093_S6_strategy2.npz,8166–10900,—,SURVIVAL,FP
continuous_1093_S6_strategy2.npz,8964–12963,NUMBER,NUMBER,TP
continuous_1093_S6_strategy2.npz,12963–17585,SURVIVAL,SURVIVAL,TP
continuous_1093_S6_strategy2.npz,16366–19100,—,DAYS,FP
continuous_1093_S6_strategy2.npz,17585–21831,DAYS,—,FN
continuous_1093_S6_strategy2.npz,19100–21833,—,FAMILY,FP
continuous_1093_S6_strategy2.npz,21831–26030,COLOR,COLOR,TP
continuous_1093_S6_strategy2.npz,24566–27300,—,CALENDAR,FP
continuous_1093_S6_strategy2.npz,26030–30276,CALENDAR,CALENDAR,TP
continuous_1094_S6_strategy2.npz,0–2166,—,GREETING,FP
continuous_1094_S6_strategy2.npz,0–5231,GREETING,—,FN
continuous_1094_S6_strategy2.npz,2166–4366,—,SURVIVAL,FP
continuous_1094_S6_strategy2.npz,4366–6566,—,RELATIONSHIPS,FP
continuous_1094_S6_strategy2.npz,5231–9293,RELATIONSHIPS,RELATIONSHIPS,TP
continuous_1094_S6_strategy2.npz,8733–10933,—,NUMBER,FP
continuous_1094_S6_strategy2.npz,9293–13772,NUMBER,—,FN
continuous_1094_S6_strategy2.npz,10933–13133,—,DRINK,FP
continuous_1094_S6_strategy2.npz,13772–17985,COLOR,COLOR,TP
continuous_1094_S6_strategy2.npz,17500–19700,—,CALENDAR,FP
continuous_1094_S6_strategy2.npz,17985–22231,CALENDAR,CALENDAR,TP
continuous_1094_S6_strategy2.npz,22231–26477,DRINK,DRINK,TP
continuous_1095_S6_strategy2.npz,0–4246,FOOD,FOOD,TP
continuous_1095_S6_strategy2.npz,4246–8509,DAYS,DAYS,TP
continuous_1095_S6_strategy2.npz,8433–11266,—,FAMILY,FP
continuous_1095_S6_strategy2.npz,8509–13059,SURVIVAL,—,FN
continuous_1095_S6_strategy2.npz,11266–14066,—,SURVIVAL,FP
continuous_1095_S6_strategy2.npz,13059–17305,CALENDAR,COLOR,TP
continuous_1095_S6_strategy2.npz,17305–21570,COLOR,—,FN
continuous_1095_S6_strategy2.npz,19700–22533,—,COLOR,FP
continuous_1095_S6_strategy2.npz,21570–25598,RELATIONSHIPS,RELATIONSHIPS,TP
continuous_1096_S6_strategy2.npz,0–4246,RELATIONSHIPS,RELATIONSHIPS,TP
continuous_1096_S6_strategy2.npz,4246–8525,FOOD,FOOD,TP
continuous_1096_S6_strategy2.npz,8525–12968,SURVIVAL,SURVIVAL,TP
continuous_1096_S6_strategy2.npz,11933–14900,—,RELATIONSHIPS,FP
continuous_1096_S6_strategy2.npz,12968–17590,NUMBER,NUMBER,TP
continuous_1096_S6_strategy2.npz,17590–21822,GREETING,GREETING,TP
continuous_1096_S6_strategy2.npz,21822–26068,FAMILY,FAMILY,TP
continuous_1096_S6_strategy2.npz,26068–30314,DAYS,DAYS,TP
continuous_1097_S6_strategy2.npz,0–4246,RELATIONSHIPS,RELATIONSHIPS,TP
continuous_1097_S6_strategy2.npz,4246–8492,DAYS,DAYS,TP
continuous_1097_S6_strategy2.npz,8492–12738,FOOD,FOOD,TP
continuous_1097_S6_strategy2.npz,12738–17252,NUMBER,NUMBER,TP
continuous_1097_S6_strategy2.npz,17252–21531,CALENDAR,COLOR,TP
continuous_1097_S6_strategy2.npz,21531–25777,DRINK,DRINK,TP
continuous_1098_S6_strategy2.npz,0–4213,FOOD,FOOD,TP
continuous_1098_S6_strategy2.npz,4213–8459,FAMILY,FAMILY,TP
continuous_1098_S6_strategy2.npz,8459–12705,CALENDAR,CALENDAR,TP
continuous_1098_S6_strategy2.npz,11333–14166,—,SURVIVAL,FP
continuous_1098_S6_strategy2.npz,12705–16937,GREETING,GREETING,TP
continuous_1098_S6_strategy2.npz,16937–21183,RELATIONSHIPS,RELATIONSHIPS,TP
continuous_1098_S6_strategy2.npz,21183–25396,DRINK,DRINK,TP
continuous_1099_S6_strategy2.npz,0–4699,GREETING,GREETING,TP
continuous_1099_S6_strategy2.npz,3100–6200,—,DRINK,FP
continuous_1099_S6_strategy2.npz,4699–9321,SURVIVAL,SURVIVAL,TP
continuous_1099_S6_strategy2.npz,9321–13567,FAMILY,FAMILY,TP
continuous_1099_S6_strategy2.npz,13567–17780,DAYS,DAYS,TP
continuous_1099_S6_strategy2.npz,17780–21979,DRINK,DRINK,TP
continuous_1100_S6_strategy2.npz,0–4465,NUMBER,NUMBER,TP
continuous_1100_S6_strategy2.npz,4465–8711,DAYS,DAYS,TP
continuous_1100_S6_strategy2.npz,8711–12924,FAMILY,FAMILY,TP
continuous_1100_S6_strategy2.npz,12924–17203,DRINK,DRINK,TP
continuous_1100_S6_strategy2.npz,17203–21435,GREETING,GREETING,TP
continuous_1100_S6_strategy2.npz,21435–25714,RELATIONSHIPS,RELATIONSHIPS,TP
continuous_1101_S6_strategy2.npz,0–4246,FAMILY,FAMILY,TP
continuous_1101_S6_strategy2.npz,2700–5433,—,FAMILY,FP
continuous_1101_S6_strategy2.npz,4246–8492,FOOD,FOOD,TP
continuous_1101_S6_strategy2.npz,8492–12899,NUMBER,—,FN
continuous_1101_S6_strategy2.npz,10866–13566,—,NUMBER,FP
continuous_1101_S6_strategy2.npz,12899–17145,CALENDAR,CALENDAR,TP
continuous_1101_S6_strategy2.npz,17145–21839,SURVIVAL,SURVIVAL,TP
continuous_1101_S6_strategy2.npz,21839–26118,DAYS,DAYS,TP
continuous_1101_S6_strategy2.npz,26118–30364,COLOR,COLOR,TP
continuous_1102_S6_strategy2.npz,0–4586,NUMBER,NUMBER,TP
continuous_1102_S6_strategy2.npz,2366–4733,—,RELATIONSHIPS,FP
continuous_1102_S6_strategy2.npz,4586–8865,DAYS,—,FN
continuous_1102_S6_strategy2.npz,4733–7100,—,DAYS,FP
continuous_1102_S6_strategy2.npz,8865–13078,COLOR,COLOR,TP
continuous_1102_S6_strategy2.npz,11833–14200,—,CALENDAR,FP
continuous_1102_S6_strategy2.npz,13078–17291,CALENDAR,—,FN
continuous_1102_S6_strategy2.npz,14200–16566,—,DRINK,FP
continuous_1102_S6_strategy2.npz,17291–21537,DRINK,DRINK,TP
continuous_1102_S6_strategy2.npz,21300–23666,—,NUMBER,FP
continuous_1102_S6_strategy2.npz,21537–26236,GREETING,GREETING,TP
continuous_1103_S6_strategy2.npz,0–4246,DAYS,DAYS,TP
continuous_1103_S6_strategy2.npz,4246–8459,RELATIONSHIPS,RELATIONSHIPS,TP
continuous_1103_S6_strategy2.npz,8459–12705,CALENDAR,—,FN
continuous_1103_S6_strategy2.npz,10600–13233,—,CALENDAR,FP
continuous_1103_S6_strategy2.npz,12705–16951,FOOD,FOOD,TP
continuous_1103_S6_strategy2.npz,16951–21394,NUMBER,NUMBER,TP
continuous_1104_S6_strategy2.npz,0–4279,DAYS,DAYS,TP
continuous_1104_S6_strategy2.npz,4279–8612,SURVIVAL,SURVIVAL,TP
continuous_1104_S6_strategy2.npz,6400–9600,—,COLOR,FP
continuous_1104_S6_strategy2.npz,8612–12844,COLOR,—,FN
continuous_1104_S6_strategy2.npz,9600–12800,—,FAMILY,FP
continuous_1104_S6_strategy2.npz,12800–16000,—,CALENDAR,FP
continuous_1104_S6_strategy2.npz,12844–16876,FAMILY,—,FN
continuous_1104_S6_strategy2.npz,16876–21319,CALENDAR,CALENDAR,TP
continuous_1104_S6_strategy2.npz,21319–25565,RELATIONSHIPS,RELATIONSHIPS,TP
continuous_1105_S6_strategy2.npz,0–4230,DAYS,DAYS,TP
continuous_1105_S6_strategy2.npz,2500–5000,—,NUMBER,FP
continuous_1105_S6_strategy2.npz,4230–8673,NUMBER,NUMBER,TP
continuous_1105_S6_strategy2.npz,7500–10000,—,SURVIVAL,FP
continuous_1105_S6_strategy2.npz,8673–12539,GREETING,GREETING,TP
continuous_1105_S6_strategy2.npz,12539–17089,SURVIVAL,SURVIVAL,TP
continuous_1105_S6_strategy2.npz,17089–21335,FOOD,FOOD,TP
continuous_1105_S6_strategy2.npz,20033–22533,—,COLOR,FP
continuous_1105_S6_strategy2.npz,21335–25581,DRINK,DRINK,TP
continuous_1106_S6_strategy2.npz,0–4246,FOOD,FOOD,TP
continuous_1106_S6_strategy2.npz,2966–5933,—,DRINK,FP
continuous_1106_S6_strategy2.npz,4246–8492,DAYS,DAYS,TP
continuous_1106_S6_strategy2.npz,8492–13042,SURVIVAL,SURVIVAL,TP
continuous_1106_S6_strategy2.npz,13042–17288,RELATIONSHIPS,RELATIONSHIPS,TP
continuous_1106_S6_strategy2.npz,14900–17866,—,NUMBER,FP
continuous_1106_S6_strategy2.npz,17288–21487,NUMBER,—,FN
continuous_1106_S6_strategy2.npz,17866–20833,—,SURVIVAL,FP
continuous_1106_S6_strategy2.npz,21487–25733,DRINK,DRINK,TP
continuous_1106_S6_strategy2.npz,25733–29979,CALENDAR,CALENDAR,TP
continuous_1107_S6_strategy2.npz,0–4665,GREETING,GREETING,TP
continuous_1107_S6_strategy2.npz,4665–8911,COLOR,DRINK,TP
continuous_1107_S6_strategy2.npz,8911–13157,DRINK,DRINK,TP
continuous_1107_S6_strategy2.npz,10866–13566,—,SURVIVAL,FP
continuous_1107_S6_strategy2.npz,13157–17403,FAMILY,FAMILY,TP
continuous_1107_S6_strategy2.npz,16300–19000,—,FAMILY,FP
continuous_1107_S6_strategy2.npz,17403–21649,RELATIONSHIPS,RELATIONSHIPS,TP
continuous_1108_S6_strategy2.npz,0–4279,FAMILY,FAMILY,TP
continuous_1108_S6_strategy2.npz,2700–8133,—,FAMILY,FP
continuous_1108_S6_strategy2.npz,4279–8525,CALENDAR,CALENDAR,TP
continuous_1108_S6_strategy2.npz,8525–12771,DRINK,DRINK,TP
continuous_1108_S6_strategy2.npz,12771–16984,FOOD,FOOD,TP
continuous_1108_S6_strategy2.npz,16300–19000,—,RELATIONSHIPS,FP
continuous_1108_S6_strategy2.npz,16984–21349,GREETING,NUMBER,TP
continuous_1108_S6_strategy2.npz,21349–25863,NUMBER,—,FN
continuous_1108_S6_strategy2.npz,24433–27166,—,NUMBER,FP
continuous_1108_S6_strategy2.npz,25863–30076,COLOR,COLOR,TP
continuous_1109_S6_strategy2.npz,0–4246,DRINK,DRINK,TP
continuous_1109_S6_strategy2.npz,3000–6033,—,NUMBER,FP
continuous_1109_S6_strategy2.npz,4246–8725,NUMBER,—,FN
continuous_1109_S6_strategy2.npz,6033–9066,—,DRINK,FP
continuous_1109_S6_strategy2.npz,8725–12891,SURVIVAL,SURVIVAL,TP
continuous_1109_S6_strategy2.npz,12891–17137,CALENDAR,CALENDAR,TP
continuous_1109_S6_strategy2.npz,15133–18166,—,FOOD,FP
continuous_1109_S6_strategy2.npz,17137–21416,FOOD,FOOD,TP
continuous_1110_S6_strategy2.npz,0–4479,NUMBER,NUMBER,TP
continuous_1110_S6_strategy2.npz,4479–8725,COLOR,COLOR,TP
continuous_1110_S6_strategy2.npz,8725–12938,FOOD,FOOD,TP
continuous_1110_S6_strategy2.npz,12938–17184,DAYS,DAYS,TP
continuous_1110_S6_strategy2.npz,17184–21430,FAMILY,FAMILY,TP
continuous_1111_S6_strategy2.npz,0–4246,DAYS,DAYS,TP
continuous_1111_S6_strategy2.npz,4246–8492,RELATIONSHIPS,DAYS,TP
continuous_1111_S6_strategy2.npz,8492–12724,COLOR,COLOR,TP
continuous_1111_S6_strategy2.npz,12724–16970,FOOD,FOOD,TP
continuous_1111_S6_strategy2.npz,16970–21449,NUMBER,NUMBER,TP
continuous_1112_S6_strategy2.npz,0–4129,DAYS,DAYS,TP
continuous_1112_S6_strategy2.npz,2333–4700,—,NUMBER,FP
continuous_1112_S6_strategy2.npz,4129–8375,RELATIONSHIPS,RELATIONSHIPS,TP
continuous_1112_S6_strategy2.npz,4700–7066,—,RELATIONSHIPS,FP
continuous_1112_S6_strategy2.npz,8375–12588,FOOD,FOOD,TP
continuous_1112_S6_strategy2.npz,9400–11766,—,RELATIONSHIPS,FP
continuous_1112_S6_strategy2.npz,12588–16834,DRINK,DRINK,TP
continuous_1112_S6_strategy2.npz,16466–18833,—,CALENDAR,FP
continuous_1112_S6_strategy2.npz,16834–21113,CALENDAR,CALENDAR,TP
continuous_1113_S6_strategy2.npz,0–4132,DRINK,SURVIVAL,TP
continuous_1113_S6_strategy2.npz,2633–5266,—,SURVIVAL,FP
continuous_1113_S6_strategy2.npz,4132–8378,FOOD,FOOD,TP
continuous_1113_S6_strategy2.npz,8378–12510,NUMBER,NUMBER,TP
continuous_1113_S6_strategy2.npz,10533–13166,—,DAYS,FP
continuous_1113_S6_strategy2.npz,12510–16842,FAMILY,FAMILY,TP
continuous_1113_S6_strategy2.npz,15800–18433,—,COLOR,FP
continuous_1113_S6_strategy2.npz,16842–21055,DAYS,DAYS,TP
continuous_1114_S6_strategy2.npz,0–4332,GREETING,GREETING,TP
continuous_1114_S6_strategy2.npz,2633–5300,—,NUMBER,FP
continuous_1114_S6_strategy2.npz,4332–8739,NUMBER,—,FN
continuous_1114_S6_strategy2.npz,5300–7933,—,SURVIVAL,FP
continuous_1114_S6_strategy2.npz,8739–13253,SURVIVAL,SURVIVAL,TP
continuous_1114_S6_strategy2.npz,13253–17532,DRINK,DRINK,TP
continuous_1114_S6_strategy2.npz,17532–21745,COLOR,COLOR,TP
continuous_1115_S6_strategy2.npz,0–4279,CALENDAR,CALENDAR,TP
continuous_1115_S6_strategy2.npz,4279–8525,DRINK,DRINK,TP
continuous_1115_S6_strategy2.npz,8525–13792,GREETING,GREETING,TP
continuous_1115_S6_strategy2.npz,13792–18038,FAMILY,FAMILY,TP
continuous_1115_S6_strategy2.npz,16400–19133,—,DAYS,FP
continuous_1115_S6_strategy2.npz,18038–22284,DAYS,—,FN
continuous_1115_S6_strategy2.npz,19133–21866,—,DAYS,FP
continuous_1115_S6_strategy2.npz,22284–26184,SURVIVAL,SURVIVAL,TP
continuous_1115_S6_strategy2.npz,24600–27333,—,RELATIONSHIPS,FP
continuous_1115_S6_strategy2.npz,26184–30349,COLOR,COLOR,TP
continuous_1116_S6_strategy2.npz,0–4246,DAYS,DAYS,TP
continuous_1116_S6_strategy2.npz,4246–8492,DRINK,DRINK,TP
continuous_1116_S6_strategy2.npz,8492–12738,FOOD,FOOD,TP
continuous_1116_S6_strategy2.npz,12738–16984,FAMILY,FAMILY,TP
continuous_1116_S6_strategy2.npz,16984–20945,RELATIONSHIPS,RELATIONSHIPS,TP
continuous_1117_S6_strategy2.npz,0–4799,GREETING,GREETING,TP
continuous_1117_S6_strategy2.npz,4799–9045,DAYS,DAYS,TP
continuous_1117_S6_strategy2.npz,7766–10333,—,SURVIVAL,FP
continuous_1117_S6_strategy2.npz,9045–13524,SURVIVAL,—,FN
continuous_1117_S6_strategy2.npz,13524–17737,CALENDAR,CALENDAR,TP
continuous_1117_S6_strategy2.npz,17737–21870,DRINK,DRINK,TP
continuous_1117_S6_strategy2.npz,21870–26116,FOOD,FOOD,TP
continuous_1118_S6_strategy2.npz,0–4514,NUMBER,NUMBER,TP
continuous_1118_S6_strategy2.npz,2733–5466,—,GREETING,FP
continuous_1118_S6_strategy2.npz,4514–8760,RELATIONSHIPS,RELATIONSHIPS,TP
continuous_1118_S6_strategy2.npz,8760–13326,SURVIVAL,SURVIVAL,TP
continuous_1118_S6_strategy2.npz,13326–17572,FOOD,FOOD,TP
continuous_1118_S6_strategy2.npz,16400–19133,—,DAYS,FP
continuous_1118_S6_strategy2.npz,17572–21818,DAYS,—,FN
continuous_1118_S6_strategy2.npz,19133–21866,—,GREETING,FP
continuous_1118_S6_strategy2.npz,21818–26064,FAMILY,FAMILY,TP
continuous_1118_S6_strategy2.npz,24600–27333,—,FAMILY,FP
continuous_1118_S6_strategy2.npz,26064–30277,COLOR,COLOR,TP
continuous_1119_S6_strategy2.npz,0–4622,SURVIVAL,SURVIVAL,TP
continuous_1119_S6_strategy2.npz,3033–6100,—,RELATIONSHIPS,FP
continuous_1119_S6_strategy2.npz,4622–8835,RELATIONSHIPS,—,FN
continuous_1119_S6_strategy2.npz,6100–9166,—,CALENDAR,FP
continuous_1119_S6_strategy2.npz,8835–13081,CALENDAR,—,FN
continuous_1119_S6_strategy2.npz,9166–12200,—,DAYS,FP
continuous_1119_S6_strategy2.npz,13081–17360,DAYS,DAYS,TP
continuous_1119_S6_strategy2.npz,17360–21606,DRINK,DRINK,TP
continuous_1120_S6_strategy2.npz,0–4246,FAMILY,FAMILY,TP
continuous_1120_S6_strategy2.npz,4246–8725,SURVIVAL,SURVIVAL,TP
continuous_1120_S6_strategy2.npz,8725–12857,GREETING,GREETING,TP
continuous_1120_S6_strategy2.npz,10566–14100,—,DAYS,FP
continuous_1120_S6_strategy2.npz,12857–17103,DAYS,—,FN
continuous_1120_S6_strategy2.npz,14100–17633,—,COLOR,FP
continuous_1120_S6_strategy2.npz,17103–21382,FOOD,FOOD,TP
continuous_1121_S6_strategy2.npz,0–4279,DAYS,DAYS,TP
continuous_1121_S6_strategy2.npz,2133–6466,—,DAYS,FP
continuous_1121_S6_strategy2.npz,4279–8907,SURVIVAL,SURVIVAL,TP
continuous_1121_S6_strategy2.npz,8907–13153,FOOD,FOOD,TP
continuous_1121_S6_strategy2.npz,12966–15100,—,DRINK,FP
continuous_1121_S6_strategy2.npz,13153–17399,DRINK,DRINK,TP
continuous_1121_S6_strategy2.npz,17399–21595,CALENDAR,CALENDAR,TP
continuous_1121_S6_strategy2.npz,21595–25874,COLOR,COLOR,TP
continuous_1121_S6_strategy2.npz,21600–23766,—,RELATIONSHIPS,FP
continuous_1122_S6_strategy2.npz,0–4246,FAMILY,FAMILY,TP
continuous_1122_S6_strategy2.npz,2466–7433,—,FAMILY,FP
continuous_1122_S6_strategy2.npz,4246–8868,SURVIVAL,SURVIVAL,TP
continuous_1122_S6_strategy2.npz,8868–13382,NUMBER,NUMBER,TP
continuous_1122_S6_strategy2.npz,9933–12400,—,GREETING,FP
continuous_1122_S6_strategy2.npz,13382–17628,COLOR,—,FN
continuous_1122_S6_strategy2.npz,17400–22366,—,COLOR,FP
continuous_1122_S6_strategy2.npz,17628–21874,DAYS,—,FN
continuous_1122_S6_strategy2.npz,21874–26073,FOOD,FOOD,TP
continuous_1122_S6_strategy2.npz,22366–24833,—,DAYS,FP
continuous_1122_S6_strategy2.npz,26073–30319,DRINK,DRINK,TP
continuous_1123_S6_strategy2.npz,0–4622,SURVIVAL,SURVIVAL,TP
continuous_1123_S6_strategy2.npz,4622–8788,FOOD,FOOD,TP
continuous_1123_S6_strategy2.npz,8788–13159,NUMBER,NUMBER,TP
continuous_1123_S6_strategy2.npz,13159–17438,DRINK,DRINK,TP
continuous_1123_S6_strategy2.npz,17438–21717,FAMILY,DRINK,TP
continuous_1123_S6_strategy2.npz,21717–25963,RELATIONSHIPS,RELATIONSHIPS,TP
continuous_1123_S6_strategy2.npz,25963–29763,GREETING,GREETING,TP
continuous_1124_S6_strategy2.npz,0–4213,CALENDAR,CALENDAR,TP
continuous_1124_S6_strategy2.npz,4213–8412,NUMBER,NUMBER,TP
continuous_1124_S6_strategy2.npz,8412–12658,COLOR,COLOR,TP
continuous_1124_S6_strategy2.npz,12658–16904,DRINK,RELATIONSHIPS,TP
continuous_1124_S6_strategy2.npz,16904–21117,FOOD,FOOD,TP
continuous_1125_S6_strategy2.npz,0–4246,CALENDAR,CALENDAR,TP
continuous_1125_S6_strategy2.npz,4246–8492,FAMILY,FAMILY,TP
continuous_1125_S6_strategy2.npz,7033–9400,—,DAYS,FP
continuous_1125_S6_strategy2.npz,8492–12738,DAYS,—,FN
continuous_1125_S6_strategy2.npz,9400–11766,—,GREETING,FP
continuous_1125_S6_strategy2.npz,12738–17288,NUMBER,NUMBER,TP
continuous_1125_S6_strategy2.npz,17288–22412,GREETING,GREETING,TP
continuous_1125_S6_strategy2.npz,22412–26444,FOOD,FOOD,TP
continuous_1126_S6_strategy2.npz,0–4199,GREETING,GREETING,TP
continuous_1126_S6_strategy2.npz,4199–8445,DAYS,DAYS,TP
continuous_1126_S6_strategy2.npz,8445–12691,FAMILY,FAMILY,TP
continuous_1126_S6_strategy2.npz,12691–16585,CALENDAR,CALENDAR,TP
continuous_1126_S6_strategy2.npz,16585–20831,DRINK,DRINK,TP
continuous_1126_S6_strategy2.npz,20831–25030,FOOD,FOOD,TP
continuous_1126_S6_strategy2.npz,25030–29276,RELATIONSHIPS,RELATIONSHIPS,TP
continuous_1127_S6_strategy2.npz,0–4246,CALENDAR,CALENDAR,TP
continuous_1127_S6_strategy2.npz,2700–5400,—,CALENDAR,FP
continuous_1127_S6_strategy2.npz,4246–8379,SURVIVAL,SURVIVAL,TP
continuous_1127_S6_strategy2.npz,8379–12592,RELATIONSHIPS,RELATIONSHIPS,TP
continuous_1127_S6_strategy2.npz,10833–13533,—,FAMILY,FP
continuous_1127_S6_strategy2.npz,12592–16838,COLOR,—,FN
continuous_1127_S6_strategy2.npz,13533–16266,—,COLOR,FP
continuous_1127_S6_strategy2.npz,16266–18966,—,DRINK,FP
continuous_1127_S6_strategy2.npz,16838–21070,DRINK,—,FN
continuous_1127_S6_strategy2.npz,18966–21666,—,FOOD,FP
continuous_1127_S6_strategy2.npz,21070–25316,FOOD,FOOD,TP
continuous_1127_S6_strategy2.npz,25316–29748,GREETING,GREETING,TP
continuous_1128_S6_strategy2.npz,0–4365,GREETING,GREETING,TP
continuous_1128_S6_strategy2.npz,4365–8611,RELATIONSHIPS,RELATIONSHIPS,TP
continuous_1128_S6_strategy2.npz,6200–9300,—,CALENDAR,FP
continuous_1128_S6_strategy2.npz,8611–12857,CALENDAR,—,FN
continuous_1128_S6_strategy2.npz,9300–12400,—,NUMBER,FP
continuous_1128_S6_strategy2.npz,12857–17103,DRINK,DRINK,TP
continuous_1128_S6_strategy2.npz,17103–21976,SURVIVAL,SURVIVAL,TP
continuous_1129_S6_strategy2.npz,0–4246,DRINK,DRINK,TP
continuous_1129_S6_strategy2.npz,4246–8492,RELATIONSHIPS,RELATIONSHIPS,TP
continuous_1129_S6_strategy2.npz,8492–12738,COLOR,COLOR,TP
continuous_1129_S6_strategy2.npz,10600–14133,—,NUMBER,FP
continuous_1129_S6_strategy2.npz,12738–16903,GREETING,GREETING,TP
continuous_1129_S6_strategy2.npz,16903–21149,FAMILY,FAMILY,TP
continuous_1130_S6_strategy2.npz,0–4246,DRINK,DRINK,TP
continuous_1130_S6_strategy2.npz,2700–5433,—,DRINK,FP
continuous_1130_S6_strategy2.npz,4246–8492,COLOR,COLOR,TP
continuous_1130_S6_strategy2.npz,8166–10866,—,GREETING,FP
continuous_1130_S6_strategy2.npz,8492–12991,GREETING,—,FN
continuous_1130_S6_strategy2.npz,12991–17270,FOOD,FOOD,TP
continuous_1130_S6_strategy2.npz,17270–21399,DAYS,DAYS,TP
continuous_1130_S6_strategy2.npz,21399–25612,FAMILY,FAMILY,TP
continuous_1130_S6_strategy2.npz,24500–27233,—,COLOR,FP
continuous_1130_S6_strategy2.npz,25612–29858,RELATIONSHIPS,RELATIONSHIPS,TP
continuous_1131_S6_strategy2.npz,0–4279,FOOD,FOOD,TP
continuous_1131_S6_strategy2.npz,4279–8525,FAMILY,FAMILY,TP
continuous_1131_S6_strategy2.npz,7133–9500,—,NUMBER,FP
continuous_1131_S6_strategy2.npz,8525–12738,COLOR,COLOR,TP
continuous_1131_S6_strategy2.npz,12738–17017,CALENDAR,CALENDAR,TP
continuous_1131_S6_strategy2.npz,17017–21881,GREETING,GREETING,TP
continuous_1131_S6_strategy2.npz,21433–23800,—,COLOR,FP
continuous_1131_S6_strategy2.npz,21881–26127,DAYS,DAYS,TP
continuous_1132_S6_strategy2.npz,0–4246,COLOR,COLOR,TP
continuous_1132_S6_strategy2.npz,3500–7033,—,FAMILY,FP
continuous_1132_S6_strategy2.npz,4246–8868,SURVIVAL,SURVIVAL,TP
continuous_1132_S6_strategy2.npz,8868–12896,DAYS,RELATIONSHIPS,TP
continuous_1132_S6_strategy2.npz,12896–17142,CALENDAR,CALENDAR,TP
continuous_1132_S6_strategy2.npz,17142–21388,FAMILY,FAMILY,TP
continuous_1133_S6_strategy2.npz,0–4196,DAYS,DAYS,TP
continuous_1133_S6_strategy2.npz,4196–9355,GREETING,GREETING,TP
continuous_1133_S6_strategy2.npz,7600–10133,—,DAYS,FP
continuous_1133_S6_strategy2.npz,9355–13601,COLOR,COLOR,TP
continuous_1133_S6_strategy2.npz,13601–17880,FAMILY,FAMILY,TP
continuous_1133_S6_strategy2.npz,17880–22466,NUMBER,—,FN
continuous_1133_S6_strategy2.npz,20300–22833,—,NUMBER,FP
continuous_1133_S6_strategy2.npz,22466–26766,SURVIVAL,SURVIVAL,TP
continuous_1133_S6_strategy2.npz,26766–31012,DRINK,DRINK,TP
continuous_1134_S6_strategy2.npz,0–4246,RELATIONSHIPS,RELATIONSHIPS,TP
continuous_1134_S6_strategy2.npz,2233–4500,—,SURVIVAL,FP
continuous_1134_S6_strategy2.npz,4246–8725,NUMBER,NUMBER,TP
continuous_1134_S6_strategy2.npz,6766–9033,—,SURVIVAL,FP
continuous_1134_S6_strategy2.npz,8725–13311,SURVIVAL,SURVIVAL,TP
continuous_1134_S6_strategy2.npz,13311–17272,DAYS,DAYS,TP
continuous_1134_S6_strategy2.npz,15833–18100,—,DRINK,FP
continuous_1134_S6_strategy2.npz,17272–21471,DRINK,DRINK,TP
continuous_1134_S6_strategy2.npz,21471–25717,FAMILY,FAMILY,TP
continuous_1134_S6_strategy2.npz,25717–29930,CALENDAR,CALENDAR,TP
continuous_1135_S6_strategy2.npz,0–4443,SURVIVAL,SURVIVAL,TP
continuous_1135_S6_strategy2.npz,4443–8689,FAMILY,FAMILY,TP
continuous_1135_S6_strategy2.npz,8689–12755,DRINK,DRINK,TP
continuous_1135_S6_strategy2.npz,12755–16968,FOOD,FOOD,TP
continuous_1135_S6_strategy2.npz,16066–18733,—,GREETING,FP
continuous_1135_S6_strategy2.npz,16968–21482,NUMBER,NUMBER,TP
continuous_1135_S6_strategy2.npz,21482–25728,CALENDAR,CALENDAR,TP
continuous_1135_S6_strategy2.npz,24100–26766,—,RELATIONSHIPS,FP
continuous_1135_S6_strategy2.npz,25728–29941,RELATIONSHIPS,RELATIONSHIPS,TP
continuous_1136_S6_strategy2.npz,0–4246,DAYS,DAYS,TP
continuous_1136_S6_strategy2.npz,3166–6366,—,COLOR,FP
continuous_1136_S6_strategy2.npz,4246–8492,COLOR,—,FN
continuous_1136_S6_strategy2.npz,6366–9566,—,RELATIONSHIPS,FP
continuous_1136_S6_strategy2.npz,8492–12771,FOOD,FOOD,TP
continuous_1136_S6_strategy2.npz,12771–16984,FAMILY,FAMILY,TP
continuous_1136_S6_strategy2.npz,16984–21216,DRINK,DRINK,TP
continuous_1136_S6_strategy2.npz,21216–25462,RELATIONSHIPS,RELATIONSHIPS,TP
continuous_1137_S6_strategy2.npz,0–3949,FOOD,FOOD,TP
continuous_1137_S6_strategy2.npz,3949–7981,FAMILY,FAMILY,TP
continuous_1137_S6_strategy2.npz,6900–9200,—,FAMILY,FP
continuous_1137_S6_strategy2.npz,7981–12424,NUMBER,NUMBER,TP
continuous_1137_S6_strategy2.npz,12424–16703,CALENDAR,CALENDAR,TP
continuous_1137_S6_strategy2.npz,16703–20916,RELATIONSHIPS,RELATIONSHIPS,TP
continuous_1138_S6_strategy2.npz,0–3860,CALENDAR,CALENDAR,TP
continuous_1138_S6_strategy2.npz,2966–5966,—,DRINK,FP
continuous_1138_S6_strategy2.npz,3860–8139,DRINK,—,FN
continuous_1138_S6_strategy2.npz,5966–8966,—,SURVIVAL,FP
continuous_1138_S6_strategy2.npz,8139–12653,SURVIVAL,SURVIVAL,TP
continuous_1138_S6_strategy2.npz,11933–14933,—,DRINK,FP
continuous_1138_S6_strategy2.npz,12653–16899,FOOD,FOOD,TP
continuous_1138_S6_strategy2.npz,16899–21145,DAYS,—,FN
continuous_1138_S6_strategy2.npz,17933–20933,—,RELATIONSHIPS,FP
continuous_1139_S6_strategy2.npz,0–4246,FAMILY,FAMILY,TP
continuous_1139_S6_strategy2.npz,2800–5633,—,RELATIONSHIPS,FP
continuous_1139_S6_strategy2.npz,4246–8492,DRINK,DRINK,TP
continuous_1139_S6_strategy2.npz,8492–12557,COLOR,COLOR,TP
continuous_1139_S6_strategy2.npz,12557–17107,NUMBER,NUMBER,TP
continuous_1139_S6_strategy2.npz,17107–21353,DAYS,DAYS,TP
continuous_1139_S6_strategy2.npz,21353–25650,CALENDAR,CALENDAR,TP
continuous_1140_S6_strategy2.npz,0–4246,CALENDAR,CALENDAR,TP
continuous_1140_S6_strategy2.npz,4246–8492,DAYS,DAYS,TP
continuous_1140_S6_strategy2.npz,8492–12738,RELATIONSHIPS,RELATIONSHIPS,TP
continuous_1140_S6_strategy2.npz,12738–17288,NUMBER,NUMBER,TP
continuous_1140_S6_strategy2.npz,17288–21587,GREETING,GREETING,TP
continuous_1140_S6_strategy2.npz,21587–25686,FAMILY,FAMILY,TP
continuous_1140_S6_strategy2.npz,25686–29899,COLOR,COLOR,TP
continuous_1141_S6_strategy2.npz,0–4232,FOOD,FOOD,TP
continuous_1141_S6_strategy2.npz,2866–5733,—,NUMBER,FP
continuous_1141_S6_strategy2.npz,4232–8364,NUMBER,—,FN
continuous_1141_S6_strategy2.npz,5733–8633,—,FAMILY,FP
continuous_1141_S6_strategy2.npz,8364–13096,GREETING,GREETING,TP
continuous_1141_S6_strategy2.npz,11500–14366,—,CALENDAR,FP
continuous_1141_S6_strategy2.npz,13096–17375,CALENDAR,—,FN
continuous_1141_S6_strategy2.npz,14366–17266,—,CALENDAR,FP
continuous_1141_S6_strategy2.npz,17375–21588,RELATIONSHIPS,RELATIONSHIPS,TP
continuous_1141_S6_strategy2.npz,21588–25834,DAYS,DAYS,TP
continuous_1142_S6_strategy2.npz,0–4246,DAYS,DAYS,TP
continuous_1142_S6_strategy2.npz,2800–5600,—,NUMBER,FP
continuous_1142_S6_strategy2.npz,4246–8345,NUMBER,—,FN
continuous_1142_S6_strategy2.npz,5600–8433,—,CALENDAR,FP
continuous_1142_S6_strategy2.npz,8345–12474,CALENDAR,CALENDAR,TP
continuous_1142_S6_strategy2.npz,11233–14033,—,CALENDAR,FP
continuous_1142_S6_strategy2.npz,12474–16753,FAMILY,FAMILY,TP
continuous_1142_S6_strategy2.npz,16753–20999,FOOD,FOOD,TP
continuous_1142_S6_strategy2.npz,16866–19666,—,FOOD,FP
continuous_1142_S6_strategy2.npz,20999–25212,DRINK,FOOD,TP
continuous_1143_S6_strategy2.npz,0–4165,FOOD,FOOD,TP
continuous_1143_S6_strategy2.npz,4165–8411,DAYS,DAYS,TP
continuous_1143_S6_strategy2.npz,5900–8866,—,NUMBER,FP
continuous_1143_S6_strategy2.npz,8411–12624,COLOR,COLOR,TP
continuous_1143_S6_strategy2.npz,12624–16903,CALENDAR,CALENDAR,TP
continuous_1143_S6_strategy2.npz,16903–21032,RELATIONSHIPS,RELATIONSHIPS,TP
continuous_1143_S6_strategy2.npz,21032–25511,SURVIVAL,—,FN
continuous_1143_S6_strategy2.npz,23700–26666,—,SURVIVAL,FP
continuous_1143_S6_strategy2.npz,25511–30133,NUMBER,NUMBER,TP
continuous_1144_S6_strategy2.npz,0–4432,GREETING,GREETING,TP
continuous_1144_S6_strategy2.npz,2133–4266,—,GREETING,FP
continuous_1144_S6_strategy2.npz,4266–6400,—,NUMBER,FP
continuous_1144_S6_strategy2.npz,4432–8982,NUMBER,—,FN
continuous_1144_S6_strategy2.npz,6400–8533,—,DRINK,FP
continuous_1144_S6_strategy2.npz,8982–13228,COLOR,COLOR,TP
continuous_1144_S6_strategy2.npz,13228–17424,RELATIONSHIPS,RELATIONSHIPS,TP
continuous_1144_S6_strategy2.npz,17424–21670,FAMILY,FAMILY,TP
continuous_1144_S6_strategy2.npz,19233–21366,—,DRINK,FP
continuous_1144_S6_strategy2.npz,21366–23500,—,SURVIVAL,FP
continuous_1144_S6_strategy2.npz,21670–25916,DRINK,DRINK,TP
continuous_1144_S6_strategy2.npz,25633–27766,—,DAYS,FP
continuous_1144_S6_strategy2.npz,25916–30129,FOOD,FOOD,TP
continuous_1145_S6_strategy2.npz,0–5666,—,CALENDAR,FP
continuous_1145_S6_strategy2.npz,0–4279,CALENDAR,—,FN
continuous_1145_S6_strategy2.npz,4279–8312,SURVIVAL,SURVIVAL,TP
continuous_1145_S6_strategy2.npz,8312–12558,FAMILY,FAMILY,TP
continuous_1145_S6_strategy2.npz,12558–16757,FOOD,FOOD,TP
continuous_1145_S6_strategy2.npz,16757–21451,NUMBER,NUMBER,TP
continuous_1145_S6_strategy2.npz,19833–22666,—,COLOR,FP
continuous_1145_S6_strategy2.npz,21451–25783,GREETING,GREETING,TP
continuous_1146_S6_strategy2.npz,0–4133,GREETING,GREETING,TP
continuous_1146_S6_strategy2.npz,4133–8313,DRINK,DRINK,TP
continuous_1146_S6_strategy2.npz,8313–12559,CALENDAR,CALENDAR,TP
continuous_1146_S6_strategy2.npz,10533–13166,—,CALENDAR,FP
continuous_1146_S6_strategy2.npz,12559–16805,FAMILY,FAMILY,TP
continuous_1146_S6_strategy2.npz,16805–21284,NUMBER,NUMBER,TP
continuous_1147_S6_strategy2.npz,0–4246,COLOR,COLOR,TP
continuous_1147_S6_strategy2.npz,4246–8279,DRINK,DRINK,TP
continuous_1147_S6_strategy2.npz,8279–12558,FOOD,—,FN
continuous_1147_S6_strategy2.npz,10766–13466,—,FOOD,FP
continuous_1147_S6_strategy2.npz,12558–16804,CALENDAR,CALENDAR,TP
continuous_1147_S6_strategy2.npz,16804–21050,FAMILY,FAMILY,TP
continuous_1147_S6_strategy2.npz,18866–21566,—,FAMILY,FP
continuous_1147_S6_strategy2.npz,21050–25296,RELATIONSHIPS,RELATIONSHIPS,TP
continuous_1147_S6_strategy2.npz,25296–29846,SURVIVAL,SURVIVAL,TP
continuous_1148_S6_strategy2.npz,0–4246,DAYS,DAYS,TP
continuous_1148_S6_strategy2.npz,4246–8492,COLOR,COLOR,TP
continuous_1148_S6_strategy2.npz,6366–9566,—,COLOR,FP
continuous_1148_S6_strategy2.npz,8492–12738,CALENDAR,CALENDAR,TP
continuous_1148_S6_strategy2.npz,12738–16983,FOOD,FOOD,TP
continuous_1148_S6_strategy2.npz,12766–15966,—,COLOR,FP
continuous_1148_S6_strategy2.npz,16983–21229,RELATIONSHIPS,RELATIONSHIPS,TP
continuous_1148_S6_strategy2.npz,21229–25442,FAMILY,FAMILY,TP
continuous_1149_S6_strategy2.npz,0–5892,FOOD,FOOD,TP
continuous_1149_S6_strategy2.npz,5892–10371,NUMBER,NUMBER,TP
continuous_1149_S6_strategy2.npz,10371–14584,RELATIONSHIPS,RELATIONSHIPS,TP
continuous_1149_S6_strategy2.npz,14584–18830,DRINK,—,FN
continuous_1149_S6_strategy2.npz,16333–19600,—,DRINK,FP
continuous_1149_S6_strategy2.npz,18830–23075,CALENDAR,CALENDAR,TP
continuous_1150_S6_strategy2.npz,0–4944,SURVIVAL,SURVIVAL,TP
continuous_1150_S6_strategy2.npz,4944–8871,CALENDAR,SURVIVAL,TP
continuous_1150_S6_strategy2.npz,8871–13503,GREETING,SURVIVAL,TP
continuous_1150_S6_strategy2.npz,13503–17749,COLOR,COLOR,TP
continuous_1150_S6_strategy2.npz,17749–22228,NUMBER,NUMBER,TP
continuous_1151_S6_strategy2.npz,0–4245,FOOD,FOOD,TP
continuous_1151_S6_strategy2.npz,2533–5100,—,DRINK,FP
continuous_1151_S6_strategy2.npz,4245–8491,DRINK,—,FN
continuous_1151_S6_strategy2.npz,5100–7633,—,DRINK,FP
continuous_1151_S6_strategy2.npz,7633–10200,—,NUMBER,FP
continuous_1151_S6_strategy2.npz,8491–12690,NUMBER,NUMBER,TP
continuous_1151_S6_strategy2.npz,12690–16969,RELATIONSHIPS,—,FN
continuous_1151_S6_strategy2.npz,15300–17866,—,RELATIONSHIPS,FP
continuous_1151_S6_strategy2.npz,16969–21215,FAMILY,FAMILY,TP
continuous_1151_S6_strategy2.npz,17866–20400,—,FAMILY,FP
continuous_1151_S6_strategy2.npz,21215–25729,SURVIVAL,SURVIVAL,TP
continuous_1152_S6_strategy2.npz,0–4246,CALENDAR,CALENDAR,TP
continuous_1152_S6_strategy2.npz,4246–8341,RELATIONSHIPS,RELATIONSHIPS,TP
continuous_1152_S6_strategy2.npz,7033–9366,—,FAMILY,FP
continuous_1152_S6_strategy2.npz,8341–13054,GREETING,GREETING,TP
continuous_1152_S6_strategy2.npz,13054–17119,NUMBER,NUMBER,TP
continuous_1152_S6_strategy2.npz,17119–21598,SURVIVAL,SURVIVAL,TP
continuous_1153_S6_strategy2.npz,0–4032,DRINK,DRINK,TP
continuous_1153_S6_strategy2.npz,4032–8277,FAMILY,FAMILY,TP
continuous_1153_S6_strategy2.npz,8277–12756,NUMBER,NUMBER,TP
continuous_1153_S6_strategy2.npz,12756–17002,RELATIONSHIPS,RELATIONSHIPS,TP
continuous_1153_S6_strategy2.npz,15000–18000,—,RELATIONSHIPS,FP
continuous_1153_S6_strategy2.npz,17002–21248,DAYS,DAYS,TP
continuous_1154_S6_strategy2.npz,0–4279,RELATIONSHIPS,RELATIONSHIPS,TP
continuous_1154_S6_strategy2.npz,4279–8525,FOOD,FOOD,TP
continuous_1154_S6_strategy2.npz,8525–12658,DRINK,DRINK,TP
continuous_1154_S6_strategy2.npz,12658–16658,GREETING,GREETING,TP
continuous_1154_S6_strategy2.npz,16658–20871,COLOR,COLOR,TP
continuous_1154_S6_strategy2.npz,20871–25529,NUMBER,NUMBER,TP
continuous_1154_S6_strategy2.npz,24633–27100,—,CALENDAR,FP
continuous_1154_S6_strategy2.npz,25529–29775,CALENDAR,CALENDAR,TP
continuous_1155_S6_strategy2.npz,0–4246,CALENDAR,CALENDAR,TP
continuous_1155_S6_strategy2.npz,2266–4566,—,NUMBER,FP
continuous_1155_S6_strategy2.npz,4246–8678,GREETING,GREETING,TP
continuous_1155_S6_strategy2.npz,6866–9166,—,FAMILY,FP
continuous_1155_S6_strategy2.npz,8678–12941,RELATIONSHIPS,RELATIONSHIPS,TP
continuous_1155_S6_strategy2.npz,12941–17036,DAYS,DAYS,TP
continuous_1155_S6_strategy2.npz,16033–18333,—,GREETING,FP
continuous_1155_S6_strategy2.npz,17036–21550,NUMBER,NUMBER,TP
continuous_1155_S6_strategy2.npz,21550–25829,FAMILY,FAMILY,TP
continuous_1155_S6_strategy2.npz,25829–30343,SURVIVAL,SURVIVAL,TP
continuous_1156_S6_strategy2.npz,0–3961,CALENDAR,CALENDAR,TP
continuous_1156_S6_strategy2.npz,3961–8174,COLOR,COLOR,TP
continuous_1156_S6_strategy2.npz,8174–12101,RELATIONSHIPS,RELATIONSHIPS,TP
continuous_1156_S6_strategy2.npz,11300–14133,—,FOOD,FP
continuous_1156_S6_strategy2.npz,12101–16899,GREETING,GREETING,TP
continuous_1156_S6_strategy2.npz,16899–21145,DAYS,—,FN
continuous_1156_S6_strategy2.npz,19800–22633,—,DAYS,FP
continuous_1156_S6_strategy2.npz,21145–25391,DRINK,DRINK,TP
continuous_1157_S6_strategy2.npz,0–4246,RELATIONSHIPS,RELATIONSHIPS,TP
continuous_1157_S6_strategy2.npz,2133–4266,—,DRINK,FP
continuous_1157_S6_strategy2.npz,4246–8492,DRINK,DRINK,TP
continuous_1157_S6_strategy2.npz,6400–10666,—,COLOR,FP
continuous_1157_S6_strategy2.npz,8492–12857,GREETING,GREETING,TP
continuous_1157_S6_strategy2.npz,12800–14933,—,FAMILY,FP
continuous_1157_S6_strategy2.npz,12857–17103,COLOR,—,FN
continuous_1157_S6_strategy2.npz,14933–17066,—,COLOR,FP
continuous_1157_S6_strategy2.npz,17066–19200,—,FAMILY,FP
continuous_1157_S6_strategy2.npz,17103–21316,FAMILY,FAMILY,TP
continuous_1157_S6_strategy2.npz,21316–25529,DAYS,DAYS,TP
continuous_1157_S6_strategy2.npz,21333–23466,—,FAMILY,FP
continuous_1158_S6_strategy2.npz,0–4246,DAYS,DAYS,TP
continuous_1158_S6_strategy2.npz,4246–8492,FOOD,FOOD,TP
continuous_1158_S6_strategy2.npz,8492–12738,FAMILY,—,FN
continuous_1158_S6_strategy2.npz,10600–14133,—,FAMILY,FP
continuous_1158_S6_strategy2.npz,12738–16737,COLOR,COLOR,TP
continuous_1158_S6_strategy2.npz,16737–21136,GREETING,GREETING,TP
continuous_1159_S6_strategy2.npz,0–4246,RELATIONSHIPS,RELATIONSHIPS,TP
continuous_1159_S6_strategy2.npz,4246–8760,NUMBER,NUMBER,TP
continuous_1159_S6_strategy2.npz,8200–10933,—,SURVIVAL,FP
continuous_1159_S6_strategy2.npz,8760–13346,SURVIVAL,—,FN
continuous_1159_S6_strategy2.npz,10933–13666,—,DAYS,FP
continuous_1159_S6_strategy2.npz,13346–17609,DAYS,—,FN
continuous_1159_S6_strategy2.npz,13666–16433,—,NUMBER,FP
continuous_1159_S6_strategy2.npz,16433–19166,—,GREETING,FP
continuous_1159_S6_strategy2.npz,17609–22340,GREETING,—,FN
continuous_1159_S6_strategy2.npz,19166–21900,—,CALENDAR,FP
continuous_1159_S6_strategy2.npz,22340–26619,CALENDAR,CALENDAR,TP
continuous_1159_S6_strategy2.npz,26619–30651,DRINK,DRINK,TP
continuous_1160_S6_strategy2.npz,0–4788,GREETING,GREETING,TP
continuous_1160_S6_strategy2.npz,2566–5133,—,FOOD,FP
continuous_1160_S6_strategy2.npz,4788–9067,RELATIONSHIPS,RELATIONSHIPS,TP
continuous_1160_S6_strategy2.npz,7733–10300,—,GREETING,FP
continuous_1160_S6_strategy2.npz,9067–13232,NUMBER,NUMBER,TP
continuous_1160_S6_strategy2.npz,12900–15466,—,CALENDAR,FP
continuous_1160_S6_strategy2.npz,13232–17477,CALENDAR,CALENDAR,TP
continuous_1160_S6_strategy2.npz,17477–21756,DRINK,DRINK,TP
continuous_1160_S6_strategy2.npz,21756–26035,COLOR,COLOR,TP
continuous_1161_S6_strategy2.npz,0–4232,FAMILY,FAMILY,TP
continuous_1161_S6_strategy2.npz,4232–8890,SURVIVAL,SURVIVAL,TP
continuous_1161_S6_strategy2.npz,8033–10733,—,RELATIONSHIPS,FP
continuous_1161_S6_strategy2.npz,8890–13103,RELATIONSHIPS,RELATIONSHIPS,TP
continuous_1161_S6_strategy2.npz,13103–17349,FOOD,FOOD,TP
continuous_1161_S6_strategy2.npz,17349–20323,NUMBER,NUMBER,TP
continuous_1161_S6_strategy2.npz,20323–24569,COLOR,COLOR,TP
continuous_1162_S6_strategy2.npz,0–4246,FOOD,FOOD,TP
continuous_1162_S6_strategy2.npz,4246–8653,SURVIVAL,SURVIVAL,TP
continuous_1162_S6_strategy2.npz,8653–12852,NUMBER,NUMBER,TP
continuous_1162_S6_strategy2.npz,12852–17098,RELATIONSHIPS,RELATIONSHIPS,TP
continuous_1162_S6_strategy2.npz,17098–21344,DAYS,DAYS,TP
continuous_1162_S6_strategy2.npz,21344–25476,COLOR,COLOR,TP
continuous_1162_S6_strategy2.npz,25476–29722,DRINK,DRINK,TP
continuous_1163_S6_strategy2.npz,0–4246,FOOD,FOOD,TP
continuous_1163_S6_strategy2.npz,4246–8492,DRINK,DRINK,TP
continuous_1163_S6_strategy2.npz,6366–9566,—,RELATIONSHIPS,FP
continuous_1163_S6_strategy2.npz,8492–12722,RELATIONSHIPS,RELATIONSHIPS,TP
continuous_1163_S6_strategy2.npz,12722–16968,CALENDAR,CALENDAR,TP
continuous_1163_S6_strategy2.npz,12766–15933,—,RELATIONSHIPS,FP
continuous_1163_S6_strategy2.npz,16968–21247,COLOR,—,FN
continuous_1163_S6_strategy2.npz,19133–22333,—,COLOR,FP
continuous_1163_S6_strategy2.npz,21247–25726,NUMBER,NUMBER,TP
continuous_1164_S6_strategy2.npz,0–5052,SURVIVAL,SURVIVAL,TP
continuous_1164_S6_strategy2.npz,5052–9264,CALENDAR,CALENDAR,TP
continuous_1164_S6_strategy2.npz,9264–13629,GREETING,GREETING,TP
continuous_1164_S6_strategy2.npz,13629–17875,DAYS,DAYS,TP
continuous_1164_S6_strategy2.npz,17875–22389,NUMBER,NUMBER,TP
continuous_1164_S6_strategy2.npz,22389–26588,FOOD,FOOD,TP
continuous_1164_S6_strategy2.npz,26588–30800,RELATIONSHIPS,RELATIONSHIPS,TP
continuous_1165_S6_strategy2.npz,0–4246,RELATIONSHIPS,RELATIONSHIPS,TP
continuous_1165_S6_strategy2.npz,2966–5933,—,RELATIONSHIPS,FP
continuous_1165_S6_strategy2.npz,4246–8512,SURVIVAL,SURVIVAL,TP
continuous_1165_S6_strategy2.npz,8512–12744,NUMBER,NUMBER,TP
continuous_1165_S6_strategy2.npz,11866–14866,—,RELATIONSHIPS,FP
continuous_1165_S6_strategy2.npz,12744–16990,FOOD,FOOD,TP
continuous_1165_S6_strategy2.npz,16990–21236,CALENDAR,CALENDAR,TP
continuous_1165_S6_strategy2.npz,17833–20800,—,CALENDAR,FP
continuous_1165_S6_strategy2.npz,21236–25401,GREETING,GREETING,TP
continuous_1165_S6_strategy2.npz,25401–29647,FAMILY,FAMILY,TP
continuous_1166_S6_strategy2.npz,0–4246,DAYS,DAYS,TP
continuous_1166_S6_strategy2.npz,4246–8525,FAMILY,FAMILY,TP
continuous_1166_S6_strategy2.npz,6466–9700,—,FAMILY,FP
continuous_1166_S6_strategy2.npz,8525–12657,DRINK,DRINK,TP
continuous_1166_S6_strategy2.npz,12657–16786,CALENDAR,CALENDAR,TP
continuous_1166_S6_strategy2.npz,16786–20886,GREETING,GREETING,TP
continuous_1166_S6_strategy2.npz,19400–22633,—,NUMBER,FP
continuous_1166_S6_strategy2.npz,20886–25257,NUMBER,NUMBER,TP
continuous_1166_S6_strategy2.npz,25257–29352,RELATIONSHIPS,RELATIONSHIPS,TP
continuous_1167_S6_strategy2.npz,0–4213,FAMILY,FAMILY,TP
continuous_1167_S6_strategy2.npz,2466–4966,—,FAMILY,FP
continuous_1167_S6_strategy2.npz,4213–8459,CALENDAR,CALENDAR,TP
continuous_1167_S6_strategy2.npz,8459–13045,NUMBER,NUMBER,TP
continuous_1167_S6_strategy2.npz,13045–17291,RELATIONSHIPS,RELATIONSHIPS,TP
continuous_1167_S6_strategy2.npz,17291–21537,FOOD,FOOD,TP
continuous_1167_S6_strategy2.npz,17400–19866,—,DRINK,FP
continuous_1167_S6_strategy2.npz,21537–25783,DRINK,—,FN
continuous_1167_S6_strategy2.npz,24833–27333,—,DRINK,FP
continuous_1167_S6_strategy2.npz,25783–29996,COLOR,COLOR,TP
continuous_1168_S6_strategy2.npz,0–4550,SURVIVAL,SURVIVAL,TP
continuous_1168_S6_strategy2.npz,2466–4966,—,SURVIVAL,FP
continuous_1168_S6_strategy2.npz,4550–9100,NUMBER,—,FN
continuous_1168_S6_strategy2.npz,4966–7433,—,FAMILY,FP
continuous_1168_S6_strategy2.npz,7433–9933,—,FAMILY,FP
continuous_1168_S6_strategy2.npz,9100–13313,FAMILY,—,FN
continuous_1168_S6_strategy2.npz,9933–14900,—,FAMILY,FP
continuous_1168_S6_strategy2.npz,13313–17559,DAYS,DAYS,TP
continuous_1168_S6_strategy2.npz,17366–19866,—,SURVIVAL,FP
continuous_1168_S6_strategy2.npz,17559–21825,DRINK,DRINK,TP
continuous_1168_S6_strategy2.npz,21825–26021,RELATIONSHIPS,RELATIONSHIPS,TP
continuous_1168_S6_strategy2.npz,22333–24833,—,DRINK,FP
continuous_1168_S6_strategy2.npz,26021–30300,CALENDAR,CALENDAR,TP
continuous_1169_S6_strategy2.npz,0–4279,COLOR,COLOR,TP
continuous_1169_S6_strategy2.npz,4279–8686,NUMBER,NUMBER,TP
continuous_1169_S6_strategy2.npz,8686–12932,DRINK,DRINK,TP
continuous_1169_S6_strategy2.npz,10733–13433,—,RELATIONSHIPS,FP
continuous_1169_S6_strategy2.npz,12932–17061,DAYS,DAYS,TP
continuous_1169_S6_strategy2.npz,16133–18833,—,FAMILY,FP
continuous_1169_S6_strategy2.npz,17061–21307,CALENDAR,CALENDAR,TP
continuous_1169_S6_strategy2.npz,21307–25553,FAMILY,FAMILY,TP
continuous_1169_S6_strategy2.npz,24200–26900,—,FAMILY,FP
continuous_1169_S6_strategy2.npz,25553–29785,GREETING,GREETING,TP
continuous_1170_S6_strategy2.npz,0–4246,COLOR,COLOR,TP
continuous_1170_S6_strategy2.npz,2933–5866,—,GREETING,FP
continuous_1170_S6_strategy2.npz,4246–8904,GREETING,—,FN
continuous_1170_S6_strategy2.npz,8904–13150,DAYS,DAYS,TP
continuous_1170_S6_strategy2.npz,11766–14733,—,RELATIONSHIPS,FP
continuous_1170_S6_strategy2.npz,13150–17429,RELATIONSHIPS,—,FN
continuous_1170_S6_strategy2.npz,14733–17666,—,SURVIVAL,FP
continuous_1170_S6_strategy2.npz,17429–21943,SURVIVAL,SURVIVAL,TP
continuous_1170_S6_strategy2.npz,21943–25837,CALENDAR,CALENDAR,TP
continuous_1170_S6_strategy2.npz,25837–30244,NUMBER,NUMBER,TP
continuous_1171_S6_strategy2.npz,0–4246,DAYS,DAYS,TP
continuous_1171_S6_strategy2.npz,4246–8492,FAMILY,FAMILY,TP
continuous_1171_S6_strategy2.npz,6766–9033,—,FAMILY,FP
continuous_1171_S6_strategy2.npz,8492–12458,COLOR,COLOR,TP
continuous_1171_S6_strategy2.npz,11300–13566,—,RELATIONSHIPS,FP
continuous_1171_S6_strategy2.npz,12458–16937,NUMBER,NUMBER,TP
continuous_1171_S6_strategy2.npz,15800–18066,—,COLOR,FP
continuous_1171_S6_strategy2.npz,16937–21183,RELATIONSHIPS,RELATIONSHIPS,TP
continuous_1171_S6_strategy2.npz,21183–25396,CALENDAR,CALENDAR,TP
continuous_1171_S6_strategy2.npz,24866–27133,—,GREETING,FP
continuous_1171_S6_strategy2.npz,25396–29595,FOOD,FOOD,TP
continuous_1172_S6_strategy2.npz,0–4246,RELATIONSHIPS,RELATIONSHIPS,TP
continuous_1172_S6_strategy2.npz,4246–8178,FOOD,RELATIONSHIPS,TP
continuous_1172_S6_strategy2.npz,8178–12692,NUMBER,NUMBER,TP
continuous_1172_S6_strategy2.npz,10466–13933,—,DRINK,FP
continuous_1172_S6_strategy2.npz,12692–16905,CALENDAR,CALENDAR,TP
continuous_1172_S6_strategy2.npz,16905–21151,COLOR,COLOR,TP
continuous_1173_S6_strategy2.npz,0–4266,SURVIVAL,SURVIVAL,TP
continuous_1173_S6_strategy2.npz,4266–8298,FAMILY,FAMILY,TP
continuous_1173_S6_strategy2.npz,8298–12577,COLOR,COLOR,TP
continuous_1173_S6_strategy2.npz,12577–16543,DRINK,DRINK,TP
continuous_1173_S6_strategy2.npz,16543–20789,FOOD,FOOD,TP
continuous_1174_S6_strategy2.npz,0–4246,DAYS,DAYS,TP
continuous_1174_S6_strategy2.npz,2333–4666,—,FAMILY,FP
continuous_1174_S6_strategy2.npz,4246–8491,CALENDAR,CALENDAR,TP
continuous_1174_S6_strategy2.npz,7000–9333,—,RELATIONSHIPS,FP
continuous_1174_S6_strategy2.npz,8491–12723,GREETING,GREETING,TP
continuous_1174_S6_strategy2.npz,9333–11666,—,NUMBER,FP
continuous_1174_S6_strategy2.npz,12723–16969,RELATIONSHIPS,RELATIONSHIPS,TP
continuous_1174_S6_strategy2.npz,16969–21248,FAMILY,FAMILY,TP
continuous_1174_S6_strategy2.npz,21000–23333,—,FAMILY,FP
continuous_1174_S6_strategy2.npz,21248–25870,SURVIVAL,SURVIVAL,TP
continuous_1175_S6_strategy2.npz,0–4765,NUMBER,NUMBER,TP
continuous_1175_S6_strategy2.npz,2666–5366,—,NUMBER,FP
continuous_1175_S6_strategy2.npz,4765–9011,DRINK,DRINK,TP
continuous_1175_S6_strategy2.npz,8033–10733,—,DRINK,FP
continuous_1175_S6_strategy2.npz,9011–13240,CALENDAR,CALENDAR,TP
continuous_1175_S6_strategy2.npz,13240–17486,FAMILY,FAMILY,TP
continuous_1175_S6_strategy2.npz,17486–21732,DAYS,DAYS,TP
continuous_1176_S6_strategy2.npz,0–4801,SURVIVAL,SURVIVAL,TP
continuous_1176_S6_strategy2.npz,4801–9047,DRINK,DRINK,TP
continuous_1176_S6_strategy2.npz,9047–13293,CALENDAR,CALENDAR,TP
continuous_1176_S6_strategy2.npz,10933–13666,—,CALENDAR,FP
continuous_1176_S6_strategy2.npz,13293–17539,FOOD,FOOD,TP
continuous_1176_S6_strategy2.npz,16400–19133,—,NUMBER,FP
continuous_1176_S6_strategy2.npz,17539–21771,NUMBER,—,FN
continuous_1176_S6_strategy2.npz,19133–21866,—,COLOR,FP
continuous_1176_S6_strategy2.npz,21771–26068,RELATIONSHIPS,RELATIONSHIPS,TP
continuous_1176_S6_strategy2.npz,26068–30314,COLOR,COLOR,TP
continuous_1177_S6_strategy2.npz,0–4443,NUMBER,NUMBER,TP
continuous_1177_S6_strategy2.npz,4443–8656,COLOR,COLOR,TP
continuous_1177_S6_strategy2.npz,8656–13206,SURVIVAL,SURVIVAL,TP
continuous_1177_S6_strategy2.npz,13206–17419,DAYS,DAYS,TP
continuous_1177_S6_strategy2.npz,15900–19100,—,FOOD,FP
continuous_1177_S6_strategy2.npz,17419–21665,FOOD,—,FN
continuous_1177_S6_strategy2.npz,19100–22266,—,NUMBER,FP
continuous_1177_S6_strategy2.npz,21665–25964,GREETING,GREETING,TP
continuous_1178_S6_strategy2.npz,0–4162,DAYS,DAYS,TP
continuous_1178_S6_strategy2.npz,2600–5233,—,RELATIONSHIPS,FP
continuous_1178_S6_strategy2.npz,4162–8224,RELATIONSHIPS,—,FN
continuous_1178_S6_strategy2.npz,5233–7833,—,COLOR,FP
continuous_1178_S6_strategy2.npz,7833–10466,—,NUMBER,FP
continuous_1178_S6_strategy2.npz,8224–12667,NUMBER,—,FN
continuous_1178_S6_strategy2.npz,10466–13066,—,COLOR,FP
continuous_1178_S6_strategy2.npz,12667–16913,COLOR,COLOR,TP
continuous_1178_S6_strategy2.npz,15700–18300,—,FAMILY,FP
continuous_1178_S6_strategy2.npz,16913–21463,SURVIVAL,SURVIVAL,TP
continuous_1179_S6_strategy2.npz,0–4165,FOOD,FOOD,TP
continuous_1179_S6_strategy2.npz,3300–6600,—,FOOD,FP
continuous_1179_S6_strategy2.npz,4165–8444,RELATIONSHIPS,RELATIONSHIPS,TP
continuous_1179_S6_strategy2.npz,8444–12610,GREETING,GREETING,TP
continuous_1179_S6_strategy2.npz,12610–16856,CALENDAR,CALENDAR,TP
continuous_1179_S6_strategy2.npz,16500–19800,—,RELATIONSHIPS,FP
continuous_1179_S6_strategy2.npz,16856–21122,SURVIVAL,SURVIVAL,TP
continuous_1179_S6_strategy2.npz,21122–25368,FAMILY,FAMILY,TP
continuous_1179_S6_strategy2.npz,25368–29647,DAYS,DAYS,TP
continuous_1180_S6_strategy2.npz,0–4279,RELATIONSHIPS,RELATIONSHIPS,TP
continuous_1180_S6_strategy2.npz,3300–6600,—,COLOR,FP
continuous_1180_S6_strategy2.npz,4279–8525,COLOR,COLOR,TP
continuous_1180_S6_strategy2.npz,8525–12771,FOOD,FOOD,TP
continuous_1180_S6_strategy2.npz,12771–17170,GREETING,GREETING,TP
continuous_1180_S6_strategy2.npz,17170–21449,DRINK,DRINK,TP
continuous_1180_S6_strategy2.npz,19866–23200,—,RELATIONSHIPS,FP
continuous_1180_S6_strategy2.npz,21449–25578,CALENDAR,CALENDAR,TP
continuous_1180_S6_strategy2.npz,25578–30021,NUMBER,NUMBER,TP
continuous_1181_S6_strategy2.npz,0–4213,DAYS,DAYS,TP
continuous_1181_S6_strategy2.npz,2333–4666,—,NUMBER,FP
continuous_1181_S6_strategy2.npz,4213–8459,RELATIONSHIPS,RELATIONSHIPS,TP
continuous_1181_S6_strategy2.npz,4666–7000,—,RELATIONSHIPS,FP
continuous_1181_S6_strategy2.npz,8459–12738,COLOR,COLOR,TP
continuous_1181_S6_strategy2.npz,9366–11700,—,RELATIONSHIPS,FP
continuous_1181_S6_strategy2.npz,12738–17288,NUMBER,NUMBER,TP
continuous_1181_S6_strategy2.npz,16366–18733,—,SURVIVAL,FP
continuous_1181_S6_strategy2.npz,17288–21534,DRINK,DRINK,TP
continuous_1181_S6_strategy2.npz,21534–26263,SURVIVAL,SURVIVAL,TP
continuous_1182_S6_strategy2.npz,0–3799,NUMBER,NUMBER,TP
continuous_1182_S6_strategy2.npz,3799–7965,GREETING,GREETING,TP
continuous_1182_S6_strategy2.npz,7965–12164,COLOR,COLOR,TP
continuous_1182_S6_strategy2.npz,10333–12933,—,CALENDAR,FP
continuous_1182_S6_strategy2.npz,12164–16410,CALENDAR,CALENDAR,TP
continuous_1182_S6_strategy2.npz,15500–18100,—,COLOR,FP
continuous_1182_S6_strategy2.npz,16410–20656,DRINK,DRINK,TP
continuous_1183_S6_strategy2.npz,0–4246,DAYS,DAYS,TP
continuous_1183_S6_strategy2.npz,4246–8525,FAMILY,FAMILY,TP
continuous_1183_S6_strategy2.npz,8525–12771,CALENDAR,CALENDAR,TP
continuous_1183_S6_strategy2.npz,10633–13266,—,SURVIVAL,FP
continuous_1183_S6_strategy2.npz,12771–16936,FOOD,FOOD,TP
continuous_1183_S6_strategy2.npz,15933–18600,—,RELATIONSHIPS,FP
continuous_1183_S6_strategy2.npz,16936–21182,DRINK,DRINK,TP
continuous_1184_S6_strategy2.npz,0–4196,DAYS,DAYS,TP
continuous_1184_S6_strategy2.npz,4196–8442,FOOD,FOOD,TP
continuous_1184_S6_strategy2.npz,6700–10066,—,SURVIVAL,FP
continuous_1184_S6_strategy2.npz,8442–12992,SURVIVAL,—,FN
continuous_1184_S6_strategy2.npz,10066–13433,—,COLOR,FP
continuous_1184_S6_strategy2.npz,12992–17238,COLOR,—,FN
continuous_1184_S6_strategy2.npz,13433–16766,—,DRINK,FP
continuous_1184_S6_strategy2.npz,16766–20133,—,SURVIVAL,FP
continuous_1184_S6_strategy2.npz,17238–21404,DRINK,—,FN
continuous_1184_S6_strategy2.npz,21404–25883,NUMBER,NUMBER,TP
continuous_1184_S6_strategy2.npz,25883–30748,GREETING,GREETING,TP
continuous_1185_S6_strategy2.npz,0–4694,NUMBER,NUMBER,TP
continuous_1185_S6_strategy2.npz,4694–8973,FAMILY,FAMILY,TP
continuous_1185_S6_strategy2.npz,8973–13219,COLOR,COLOR,TP
continuous_1185_S6_strategy2.npz,13219–17464,CALENDAR,CALENDAR,TP
continuous_1185_S6_strategy2.npz,17464–21710,DRINK,DRINK,TP
continuous_1185_S6_strategy2.npz,21710–25955,DAYS,DAYS,TP
continuous_1186_S6_strategy2.npz,0–4196,RELATIONSHIPS,RELATIONSHIPS,TP
continuous_1186_S6_strategy2.npz,4196–8442,DRINK,DRINK,TP
continuous_1186_S6_strategy2.npz,8442–12956,SURVIVAL,SURVIVAL,TP
continuous_1186_S6_strategy2.npz,12956–17202,DAYS,DAYS,TP
continuous_1186_S6_strategy2.npz,15066–17566,—,DAYS,FP
continuous_1186_S6_strategy2.npz,17202–21331,CALENDAR,CALENDAR,TP
continuous_1186_S6_strategy2.npz,21331–25364,GREETING,GREETING,TP
continuous_1187_S6_strategy2.npz,0–4232,FOOD,FOOD,TP
continuous_1187_S6_strategy2.npz,2300–4633,—,GREETING,FP
continuous_1187_S6_strategy2.npz,4232–6561,NUMBER,—,FN
continuous_1187_S6_strategy2.npz,4633–9266,—,GREETING,FP
continuous_1187_S6_strategy2.npz,6561–10807,CALENDAR,CALENDAR,TP
continuous_1187_S6_strategy2.npz,10807–15053,RELATIONSHIPS,RELATIONSHIPS,TP
continuous_1187_S6_strategy2.npz,15053–19332,DAYS,DAYS,TP
continuous_1187_S6_strategy2.npz,19332–23578,DRINK,—,FN
continuous_1187_S6_strategy2.npz,20833–23166,—,COLOR,FP
continuous_1187_S6_strategy2.npz,23166–25466,—,COLOR,FP
continuous_1187_S6_strategy2.npz,23578–28128,SURVIVAL,SURVIVAL,TP
continuous_1188_S6_strategy2.npz,0–4586,SURVIVAL,SURVIVAL,TP
continuous_1188_S6_strategy2.npz,2800–5633,—,NUMBER,FP
continuous_1188_S6_strategy2.npz,4586–8993,NUMBER,—,FN
continuous_1188_S6_strategy2.npz,5633–8466,—,CALENDAR,FP
continuous_1188_S6_strategy2.npz,8466–11300,—,NUMBER,FP
continuous_1188_S6_strategy2.npz,8993–13189,CALENDAR,—,FN
continuous_1188_S6_strategy2.npz,13189–17435,DRINK,DRINK,TP
continuous_1188_S6_strategy2.npz,17435–21681,FAMILY,FAMILY,TP
continuous_1188_S6_strategy2.npz,21681–25927,COLOR,COLOR,TP
continuous_1189_S6_strategy2.npz,0–4246,FAMILY,FAMILY,TP
continuous_1189_S6_strategy2.npz,4246–8492,DAYS,DAYS,TP
continuous_1189_S6_strategy2.npz,6033–9033,—,COLOR,FP
continuous_1189_S6_strategy2.npz,8492–12705,COLOR,—,FN
continuous_1189_S6_strategy2.npz,9033–12066,—,DRINK,FP
continuous_1189_S6_strategy2.npz,12705–17255,NUMBER,NUMBER,TP
continuous_1189_S6_strategy2.npz,15066–18100,—,GREETING,FP
continuous_1189_S6_strategy2.npz,17255–21350,CALENDAR,CALENDAR,TP
continuous_1190_S6_strategy2.npz,0–4532,GREETING,GREETING,TP
continuous_1190_S6_strategy2.npz,4532–9369,SURVIVAL,SURVIVAL,TP
continuous_1190_S6_strategy2.npz,7733–10333,—,CALENDAR,FP
continuous_1190_S6_strategy2.npz,9369–13464,CALENDAR,—,FN
continuous_1190_S6_strategy2.npz,10333–12900,—,RELATIONSHIPS,FP
continuous_1190_S6_strategy2.npz,13464–17710,FAMILY,FAMILY,TP
continuous_1190_S6_strategy2.npz,17710–21956,DRINK,DRINK,TP
continuous_1190_S6_strategy2.npz,21956–26088,NUMBER,NUMBER,TP
continuous_1191_S6_strategy2.npz,0–4232,SURVIVAL,SURVIVAL,TP
continuous_1191_S6_strategy2.npz,4232–8478,RELATIONSHIPS,RELATIONSHIPS,TP
continuous_1191_S6_strategy2.npz,8478–12724,DAYS,DAYS,TP
continuous_1191_S6_strategy2.npz,12724–16970,COLOR,COLOR,TP
continuous_1191_S6_strategy2.npz,14566–18233,—,FAMILY,FP
continuous_1191_S6_strategy2.npz,16970–21216,FAMILY,—,FN
continuous_1191_S6_strategy2.npz,18233–21866,—,COLOR,FP
continuous_1191_S6_strategy2.npz,21216–25448,FOOD,FOOD,TP
continuous_1192_S6_strategy2.npz,0–4246,CALENDAR,CALENDAR,TP
continuous_1192_S6_strategy2.npz,2100–6333,—,CALENDAR,FP
continuous_1192_S6_strategy2.npz,4246–8459,FAMILY,FAMILY,TP
continuous_1192_S6_strategy2.npz,8459–12672,DAYS,DAYS,TP
continuous_1192_S6_strategy2.npz,12672–17115,NUMBER,SURVIVAL,TP
continuous_1192_S6_strategy2.npz,16933–19066,—,SURVIVAL,FP
continuous_1192_S6_strategy2.npz,17115–21701,SURVIVAL,SURVIVAL,TP
continuous_1193_S6_strategy2.npz,0–4586,NUMBER,NUMBER,TP
continuous_1193_S6_strategy2.npz,3166–6366,—,DRINK,FP
continuous_1193_S6_strategy2.npz,4586–8799,FAMILY,FAMILY,TP
continuous_1193_S6_strategy2.npz,8799–13045,CALENDAR,CALENDAR,TP
continuous_1193_S6_strategy2.npz,13045–17145,GREETING,GREETING,TP
continuous_1193_S6_strategy2.npz,17145–20377,FOOD,FOOD,TP
continuous_1193_S6_strategy2.npz,20377–24610,SURVIVAL,SURVIVAL,TP
continuous_1193_S6_strategy2.npz,24610–28856,DAYS,DAYS,TP
continuous_1194_S6_strategy2.npz,0–4133,GREETING,GREETING,TP
continuous_1194_S6_strategy2.npz,2533–5066,—,DAYS,FP
continuous_1194_S6_strategy2.npz,4133–8412,FAMILY,FAMILY,TP
continuous_1194_S6_strategy2.npz,8412–12625,COLOR,COLOR,TP
continuous_1194_S6_strategy2.npz,12625–17175,SURVIVAL,SURVIVAL,TP
continuous_1194_S6_strategy2.npz,15200–17733,—,NUMBER,FP
continuous_1194_S6_strategy2.npz,17175–21689,NUMBER,—,FN
continuous_1194_S6_strategy2.npz,17733–20266,—,NUMBER,FP
continuous_1194_S6_strategy2.npz,20266–22800,—,FOOD,FP
continuous_1194_S6_strategy2.npz,21689–25869,FOOD,FOOD,TP
continuous_1195_S6_strategy2.npz,0–4246,DRINK,DRINK,TP
continuous_1195_S6_strategy2.npz,2800–5633,—,SURVIVAL,FP
continuous_1195_S6_strategy2.npz,4246–8796,SURVIVAL,—,FN
continuous_1195_S6_strategy2.npz,5633–8466,—,GREETING,FP
continuous_1195_S6_strategy2.npz,8796–13310,NUMBER,NUMBER,TP
continuous_1195_S6_strategy2.npz,13310–17556,DAYS,DAYS,TP
continuous_1195_S6_strategy2.npz,17556–21802,CALENDAR,CALENDAR,TP
continuous_1195_S6_strategy2.npz,21802–25901,COLOR,COLOR,TP
continuous_1196_S6_strategy2.npz,0–4246,CALENDAR,CALENDAR,TP
continuous_1196_S6_strategy2.npz,4246–8492,DRINK,DRINK,TP
continuous_1196_S6_strategy2.npz,7600–10133,—,RELATIONSHIPS,FP
continuous_1196_S6_strategy2.npz,8492–12738,RELATIONSHIPS,RELATIONSHIPS,TP
continuous_1196_S6_strategy2.npz,12666–15200,—,NUMBER,FP
continuous_1196_S6_strategy2.npz,12738–17736,GREETING,GREETING,TP
continuous_1196_S6_strategy2.npz,17736–21981,COLOR,—,FN
continuous_1196_S6_strategy2.npz,20266–22800,—,COLOR,FP
continuous_1196_S6_strategy2.npz,21981–26227,DAYS,DAYS,TP
continuous_1196_S6_strategy2.npz,22800–25333,—,COLOR,FP
continuous_1196_S6_strategy2.npz,26227–30598,NUMBER,NUMBER,TP
continuous_1197_S6_strategy2.npz,0–4213,DAYS,DAYS,TP
continuous_1197_S6_strategy2.npz,4213–8459,DRINK,DRINK,TP
continuous_1197_S6_strategy2.npz,7433–9900,—,RELATIONSHIPS,FP
continuous_1197_S6_strategy2.npz,8459–12738,RELATIONSHIPS,RELATIONSHIPS,TP
continuous_1197_S6_strategy2.npz,12738–17360,NUMBER,NUMBER,TP
continuous_1197_S6_strategy2.npz,17360–21606,COLOR,COLOR,TP
continuous_1197_S6_strategy2.npz,21606–25706,SURVIVAL,SURVIVAL,TP
continuous_1197_S6_strategy2.npz,25706–29952,FOOD,FOOD,TP
continuous_1198_S6_strategy2.npz,0–4246,COLOR,COLOR,TP
continuous_1198_S6_strategy2.npz,4246–9298,GREETING,GREETING,TP
continuous_1198_S6_strategy2.npz,9298–13497,NUMBER,NUMBER,TP
continuous_1198_S6_strategy2.npz,13497–17776,DAYS,DAYS,TP
continuous_1198_S6_strategy2.npz,13600–16300,—,NUMBER,FP
continuous_1198_S6_strategy2.npz,17776–22022,DRINK,DRINK,TP
continuous_1199_S6_strategy2.npz,0–4246,DRINK,DRINK,TP
continuous_1199_S6_strategy2.npz,4246–8492,CALENDAR,CALENDAR,TP
continuous_1199_S6_strategy2.npz,7033–10566,—,FAMILY,FP
continuous_1199_S6_strategy2.npz,8492–12738,RELATIONSHIPS,RELATIONSHIPS,TP
continuous_1199_S6_strategy2.npz,12738–16733,DAYS,DAYS,TP
continuous_1199_S6_strategy2.npz,16733–21391,SURVIVAL,SURVIVAL,TP
continuous_1200_S7_strategy2.npz,0–4265,COLOR,COLOR,TP
continuous_1200_S7_strategy2.npz,4265–8564,DAYS,DAYS,TP
continuous_1200_S7_strategy2.npz,8564–12795,FOOD,FOOD,TP
continuous_1200_S7_strategy2.npz,12795–17567,CALENDAR,CALENDAR,TP
continuous_1200_S7_strategy2.npz,16700–19500,—,NUMBER,FP
continuous_1200_S7_strategy2.npz,17567–22241,NUMBER,NUMBER,TP
continuous_1201_S7_strategy2.npz,0–4476,CALENDAR,CALENDAR,TP
continuous_1201_S7_strategy2.npz,2733–5466,—,CALENDAR,FP
continuous_1201_S7_strategy2.npz,4476–8722,FAMILY,FAMILY,TP
continuous_1201_S7_strategy2.npz,8722–13353,SURVIVAL,SURVIVAL,TP
continuous_1201_S7_strategy2.npz,13353–17584,DRINK,DRINK,TP
continuous_1201_S7_strategy2.npz,17584–21849,RELATIONSHIPS,RELATIONSHIPS,TP
continuous_1201_S7_strategy2.npz,21849–26081,NUMBER,NUMBER,TP
continuous_1201_S7_strategy2.npz,24666–27400,—,SURVIVAL,FP
continuous_1201_S7_strategy2.npz,26081–30113,COLOR,COLOR,TP
continuous_1202_S7_strategy2.npz,0–4032,DRINK,DRINK,TP
continuous_1202_S7_strategy2.npz,4032–8969,CALENDAR,CALENDAR,TP
continuous_1202_S7_strategy2.npz,8969–13567,SURVIVAL,SURVIVAL,TP
continuous_1202_S7_strategy2.npz,9166–12200,—,CALENDAR,FP
continuous_1202_S7_strategy2.npz,13567–17799,NUMBER,NUMBER,TP
continuous_1202_S7_strategy2.npz,17799–21998,FAMILY,FAMILY,TP
continuous_1202_S7_strategy2.npz,21998–26263,RELATIONSHIPS,RELATIONSHIPS,TP
continuous_1202_S7_strategy2.npz,26263–30507,DAYS,DAYS,TP
continuous_1203_S7_strategy2.npz,0–4970,DAYS,DAYS,TP
continuous_1203_S7_strategy2.npz,4970–9201,FOOD,FOOD,TP
continuous_1203_S7_strategy2.npz,7800–11733,—,COLOR,FP
continuous_1203_S7_strategy2.npz,9201–13466,COLOR,COLOR,TP
continuous_1203_S7_strategy2.npz,13466–17731,RELATIONSHIPS,RELATIONSHIPS,TP
continuous_1203_S7_strategy2.npz,17731–21996,DRINK,DRINK,TP
continuous_1203_S7_strategy2.npz,21996–26966,CALENDAR,CALENDAR,TP
continuous_1203_S7_strategy2.npz,26966–31212,FAMILY,FAMILY,TP
continuous_1204_S7_strategy2.npz,0–4831,SURVIVAL,SURVIVAL,TP
continuous_1204_S7_strategy2.npz,2466–4933,—,SURVIVAL,FP
continuous_1204_S7_strategy2.npz,4831–9044,FAMILY,FAMILY,TP
continuous_1204_S7_strategy2.npz,9044–13702,GREETING,GREETING,TP
continuous_1204_S7_strategy2.npz,13702–17980,DAYS,DAYS,TP
continuous_1204_S7_strategy2.npz,17980–22687,NUMBER,NUMBER,TP
continuous_1204_S7_strategy2.npz,22200–24666,—,COLOR,FP
continuous_1204_S7_strategy2.npz,22687–27361,CALENDAR,CALENDAR,TP
continuous_1205_S7_strategy2.npz,0–4132,FOOD,FOOD,TP
continuous_1205_S7_strategy2.npz,2166–4366,—,COLOR,FP
continuous_1205_S7_strategy2.npz,4132–9102,DAYS,DAYS,TP
continuous_1205_S7_strategy2.npz,6566–8766,—,NUMBER,FP
continuous_1205_S7_strategy2.npz,8766–10966,—,FAMILY,FP
continuous_1205_S7_strategy2.npz,9102–13348,FAMILY,—,FN
continuous_1205_S7_strategy2.npz,10966–13166,—,NUMBER,FP
continuous_1205_S7_strategy2.npz,13166–17566,—,CALENDAR,FP
continuous_1205_S7_strategy2.npz,13348–17347,CALENDAR,—,FN
continuous_1205_S7_strategy2.npz,17347–21612,RELATIONSHIPS,RELATIONSHIPS,TP
continuous_1205_S7_strategy2.npz,17566–19766,—,RELATIONSHIPS,FP
continuous_1205_S7_strategy2.npz,21612–26310,SURVIVAL,SURVIVAL,TP
continuous_1205_S7_strategy2.npz,21966–24166,—,SURVIVAL,FP
continuous_1206_S7_strategy2.npz,0–4399,DAYS,DAYS,TP
continuous_1206_S7_strategy2.npz,4399–8610,FAMILY,FAMILY,TP
continuous_1206_S7_strategy2.npz,8610–12909,COLOR,SURVIVAL,TP
continuous_1206_S7_strategy2.npz,12909–17583,NUMBER,NUMBER,TP
continuous_1206_S7_strategy2.npz,17583–21814,FOOD,FOOD,TP
continuous_1207_S7_strategy2.npz,0–4265,FOOD,FOOD,TP
continuous_1207_S7_strategy2.npz,4265–8906,CALENDAR,CALENDAR,TP
continuous_1207_S7_strategy2.npz,8906–13137,DRINK,DRINK,TP
continuous_1207_S7_strategy2.npz,13137–17402,RELATIONSHIPS,RELATIONSHIPS,TP
continuous_1207_S7_strategy2.npz,15066–18100,—,NUMBER,FP
continuous_1207_S7_strategy2.npz,17402–21646,DAYS,DAYS,TP
continuous_1207_S7_strategy2.npz,21100–24133,—,NUMBER,FP
continuous_1207_S7_strategy2.npz,21646–26125,GREETING,GREETING,TP
continuous_1207_S7_strategy2.npz,26125–30390,COLOR,COLOR,TP
continuous_1208_S7_strategy2.npz,0–4264,GREETING,GREETING,TP
continuous_1208_S7_strategy2.npz,4264–8529,FAMILY,FAMILY,TP
continuous_1208_S7_strategy2.npz,8529–12740,DAYS,DAYS,TP
continuous_1208_S7_strategy2.npz,12740–17106,SURVIVAL,SURVIVAL,TP
continuous_1208_S7_strategy2.npz,17106–21871,FOOD,GREETING,TP
continuous_1208_S7_strategy2.npz,21871–26102,COLOR,COLOR,TP
continuous_1209_S7_strategy2.npz,0–4265,FOOD,FOOD,TP
continuous_1209_S7_strategy2.npz,3100–6200,—,DRINK,FP
continuous_1209_S7_strategy2.npz,4265–8939,NUMBER,NUMBER,TP
continuous_1209_S7_strategy2.npz,8939–13170,DRINK,DRINK,TP
continuous_1209_S7_strategy2.npz,9333–12433,—,COLOR,FP
continuous_1209_S7_strategy2.npz,13170–18107,CALENDAR,CALENDAR,TP
continuous_1209_S7_strategy2.npz,18107–22805,SURVIVAL,SURVIVAL,TP
continuous_1209_S7_strategy2.npz,22805–27049,DAYS,FAMILY,TP
continuous_1209_S7_strategy2.npz,27049–31048,COLOR,—,FN
continuous_1209_S7_strategy2.npz,28000–31133,—,COLOR,FP
continuous_1210_S7_strategy2.npz,0–4631,SURVIVAL,SURVIVAL,TP
continuous_1210_S7_strategy2.npz,4631–8877,FAMILY,FAMILY,TP
continuous_1210_S7_strategy2.npz,6733–10100,—,FAMILY,FP
continuous_1210_S7_strategy2.npz,8877–13142,RELATIONSHIPS,RELATIONSHIPS,TP
continuous_1210_S7_strategy2.npz,13142–17407,COLOR,COLOR,TP
continuous_1210_S7_strategy2.npz,17407–21949,NUMBER,NUMBER,TP
continuous_1210_S7_strategy2.npz,20200–23566,—,DRINK,FP
continuous_1210_S7_strategy2.npz,21949–26082,DRINK,—,FN
continuous_1210_S7_strategy2.npz,23566–26933,—,COLOR,FP
continuous_1210_S7_strategy2.npz,26082–30247,FOOD,FOOD,TP
continuous_1211_S7_strategy2.npz,0–4970,CALENDAR,CALENDAR,TP
continuous_1211_S7_strategy2.npz,2633–5266,—,DRINK,FP
continuous_1211_S7_strategy2.npz,4970–9235,DRINK,DRINK,TP
continuous_1211_S7_strategy2.npz,7900–10533,—,GREETING,FP
continuous_1211_S7_strategy2.npz,9235–13964,GREETING,—,FN
continuous_1211_S7_strategy2.npz,10533–13166,—,DAYS,FP
continuous_1211_S7_strategy2.npz,13166–15800,—,COLOR,FP
continuous_1211_S7_strategy2.npz,13964–18229,COLOR,—,FN
continuous_1211_S7_strategy2.npz,15800–18433,—,DAYS,FP
continuous_1211_S7_strategy2.npz,18229–23166,DAYS,—,FN
continuous_1211_S7_strategy2.npz,18433–23700,—,NUMBER,FP
continuous_1211_S7_strategy2.npz,23166–27397,FOOD,FOOD,TP
continuous_1211_S7_strategy2.npz,27397–31863,SURVIVAL,SURVIVAL,TP
continuous_1212_S7_strategy2.npz,0–4231,DRINK,DRINK,TP
continuous_1212_S7_strategy2.npz,4231–8602,GREETING,GREETING,TP
continuous_1212_S7_strategy2.npz,8602–12634,RELATIONSHIPS,RELATIONSHIPS,TP
continuous_1212_S7_strategy2.npz,10933–13133,—,SURVIVAL,FP
continuous_1212_S7_strategy2.npz,12634–17604,DAYS,DAYS,TP
continuous_1212_S7_strategy2.npz,17500–19700,—,NUMBER,FP
continuous_1212_S7_strategy2.npz,17604–22113,NUMBER,NUMBER,TP
continuous_1213_S7_strategy2.npz,0–4000,DRINK,DRINK,TP
continuous_1213_S7_strategy2.npz,4000–8231,RELATIONSHIPS,RELATIONSHIPS,TP
continuous_1213_S7_strategy2.npz,6533–9800,—,FOOD,FP
continuous_1213_S7_strategy2.npz,8231–12396,FOOD,—,FN
continuous_1213_S7_strategy2.npz,12396–16607,DAYS,DAYS,TP
continuous_1213_S7_strategy2.npz,16607–21205,SURVIVAL,SURVIVAL,TP
continuous_1213_S7_strategy2.npz,21205–25138,GREETING,GREETING,TP
continuous_1213_S7_strategy2.npz,25138–29403,COLOR,COLOR,TP
continuous_1214_S7_strategy2.npz,0–4245,FAMILY,FAMILY,TP
continuous_1214_S7_strategy2.npz,2433–4900,—,FAMILY,FP
continuous_1214_S7_strategy2.npz,4245–9215,CALENDAR,CALENDAR,TP
continuous_1214_S7_strategy2.npz,9215–13480,RELATIONSHIPS,RELATIONSHIPS,TP
continuous_1214_S7_strategy2.npz,13480–17711,COLOR,COLOR,TP
continuous_1214_S7_strategy2.npz,14700–17133,—,FOOD,FP
continuous_1214_S7_strategy2.npz,17711–22010,DAYS,DAYS,TP
continuous_1215_S7_strategy2.npz,0–4479,GREETING,GREETING,TP
continuous_1215_S7_strategy2.npz,4479–8690,FAMILY,FAMILY,TP
continuous_1215_S7_strategy2.npz,8690–12889,CALENDAR,NUMBER,TP
continuous_1215_S7_strategy2.npz,12889–17154,DRINK,DRINK,TP
continuous_1215_S7_strategy2.npz,14700–18366,—,COLOR,FP
continuous_1215_S7_strategy2.npz,17154–21320,COLOR,COLOR,TP
continuous_1215_S7_strategy2.npz,21320–25419,FOOD,FOOD,TP
continuous_1215_S7_strategy2.npz,25419–29663,DAYS,DAYS,TP
continuous_1216_S7_strategy2.npz,0–4000,GREETING,GREETING,TP
continuous_1216_S7_strategy2.npz,4000–8231,FOOD,DRINK,TP
continuous_1216_S7_strategy2.npz,8231–13029,SURVIVAL,SURVIVAL,TP
continuous_1216_S7_strategy2.npz,12600–16800,—,CALENDAR,FP
continuous_1216_S7_strategy2.npz,13029–16728,CALENDAR,—,FN
continuous_1216_S7_strategy2.npz,16728–20974,FAMILY,FAMILY,TP
continuous_1217_S7_strategy2.npz,0–4244,DAYS,DAYS,TP
continuous_1217_S7_strategy2.npz,3066–6166,—,COLOR,FP
continuous_1217_S7_strategy2.npz,4244–8509,DRINK,DRINK,TP
continuous_1217_S7_strategy2.npz,8509–12740,COLOR,COLOR,TP
continuous_1217_S7_strategy2.npz,12740–16986,FAMILY,FAMILY,TP
continuous_1217_S7_strategy2.npz,16986–21651,SURVIVAL,SURVIVAL,TP
continuous_1217_S7_strategy2.npz,21651–26621,CALENDAR,CALENDAR,TP
continuous_1217_S7_strategy2.npz,21666–24766,—,DRINK,FP
continuous_1217_S7_strategy2.npz,26621–30886,RELATIONSHIPS,RELATIONSHIPS,TP
continuous_1218_S7_strategy2.npz,0–4244,DAYS,DAYS,TP
continuous_1218_S7_strategy2.npz,2633–5300,—,COLOR,FP
continuous_1218_S7_strategy2.npz,4244–8476,COLOR,—,FN
continuous_1218_S7_strategy2.npz,5300–7966,—,NUMBER,FP
continuous_1218_S7_strategy2.npz,7966–10633,—,GREETING,FP
continuous_1218_S7_strategy2.npz,8476–13062,GREETING,—,FN
continuous_1218_S7_strategy2.npz,10633–13266,—,DRINK,FP
continuous_1218_S7_strategy2.npz,13062–17294,NUMBER,NUMBER,TP
continuous_1218_S7_strategy2.npz,15933–18600,—,NUMBER,FP
continuous_1218_S7_strategy2.npz,17294–21525,FOOD,FOOD,TP
continuous_1219_S7_strategy2.npz,0–4739,NUMBER,NUMBER,TP
continuous_1219_S7_strategy2.npz,2900–5800,—,DRINK,FP
continuous_1219_S7_strategy2.npz,4739–8970,FOOD,FOOD,TP
continuous_1219_S7_strategy2.npz,8970–13568,SURVIVAL,SURVIVAL,TP
continuous_1219_S7_strategy2.npz,13568–17833,RELATIONSHIPS,RELATIONSHIPS,TP
continuous_1219_S7_strategy2.npz,17833–22803,CALENDAR,CALENDAR,TP
continuous_1219_S7_strategy2.npz,22803–27773,DAYS,DAYS,TP
continuous_1219_S7_strategy2.npz,26133–29033,—,SURVIVAL,FP
continuous_1219_S7_strategy2.npz,27773–31872,DRINK,DRINK,TP
continuous_1220_S7_strategy2.npz,0–4937,CALENDAR,CALENDAR,TP
continuous_1220_S7_strategy2.npz,4733–7100,—,DRINK,FP
continuous_1220_S7_strategy2.npz,4937–9168,DRINK,—,FN
continuous_1220_S7_strategy2.npz,9168–13575,GREETING,GREETING,TP
continuous_1220_S7_strategy2.npz,13575–17840,COLOR,COLOR,TP
continuous_1220_S7_strategy2.npz,16600–18966,—,RELATIONSHIPS,FP
continuous_1220_S7_strategy2.npz,17840–22071,RELATIONSHIPS,—,FN
continuous_1220_S7_strategy2.npz,18966–21333,—,DRINK,FP
continuous_1220_S7_strategy2.npz,21333–23700,—,FOOD,FP
continuous_1220_S7_strategy2.npz,22071–26336,FOOD,FOOD,TP
continuous_1221_S7_strategy2.npz,0–4231,RELATIONSHIPS,RELATIONSHIPS,TP
continuous_1221_S7_strategy2.npz,2666–5366,—,RELATIONSHIPS,FP
continuous_1221_S7_strategy2.npz,4231–8510,FAMILY,FAMILY,TP
continuous_1221_S7_strategy2.npz,8510–12742,NUMBER,NUMBER,TP
continuous_1221_S7_strategy2.npz,12742–16986,DAYS,DAYS,TP
continuous_1221_S7_strategy2.npz,16166–18866,—,SURVIVAL,FP
continuous_1221_S7_strategy2.npz,16986–21717,SURVIVAL,—,FN
continuous_1221_S7_strategy2.npz,18866–21566,—,DAYS,FP
continuous_1221_S7_strategy2.npz,21717–25882,GREETING,GREETING,TP
continuous_1221_S7_strategy2.npz,24266–26966,—,GREETING,FP
continuous_1221_S7_strategy2.npz,25882–29614,DRINK,DRINK,TP
continuous_1222_S7_strategy2.npz,0–4224,DAYS,DAYS,TP
continuous_1222_S7_strategy2.npz,2766–5533,—,NUMBER,FP
continuous_1222_S7_strategy2.npz,4224–8832,NUMBER,—,FN
continuous_1222_S7_strategy2.npz,5533–8300,—,RELATIONSHIPS,FP
continuous_1222_S7_strategy2.npz,8300–11066,—,DRINK,FP
continuous_1222_S7_strategy2.npz,8832–13063,RELATIONSHIPS,—,FN
continuous_1222_S7_strategy2.npz,11066–13833,—,FAMILY,FP
continuous_1222_S7_strategy2.npz,13063–17295,FAMILY,—,FN
continuous_1222_S7_strategy2.npz,13833–16633,—,RELATIONSHIPS,FP
continuous_1222_S7_strategy2.npz,17295–21953,GREETING,GREETING,TP
continuous_1222_S7_strategy2.npz,21953–26118,CALENDAR,CALENDAR,TP
continuous_1222_S7_strategy2.npz,26118–30749,SURVIVAL,SURVIVAL,TP
continuous_1223_S7_strategy2.npz,0–4232,COLOR,COLOR,TP
continuous_1223_S7_strategy2.npz,4232–8497,RELATIONSHIPS,RELATIONSHIPS,TP
continuous_1223_S7_strategy2.npz,7066–10633,—,DRINK,FP
continuous_1223_S7_strategy2.npz,8497–12762,DRINK,—,FN
continuous_1223_S7_strategy2.npz,10633–14166,—,GREETING,FP
continuous_1223_S7_strategy2.npz,12762–17312,GREETING,—,FN
continuous_1223_S7_strategy2.npz,14166–17700,—,SURVIVAL,FP
continuous_1223_S7_strategy2.npz,17312–21543,FOOD,FOOD,TP
continuous_1224_S7_strategy2.npz,0–4231,RELATIONSHIPS,RELATIONSHIPS,TP
continuous_1224_S7_strategy2.npz,4231–8773,CALENDAR,CALENDAR,TP
continuous_1224_S7_strategy2.npz,8700–11600,—,RELATIONSHIPS,FP
continuous_1224_S7_strategy2.npz,8773–13038,FOOD,FOOD,TP
continuous_1224_S7_strategy2.npz,13038–17646,SURVIVAL,—,FN
continuous_1224_S7_strategy2.npz,14500–17400,—,DRINK,FP
continuous_1224_S7_strategy2.npz,17400–20300,—,SURVIVAL,FP
continuous_1224_S7_strategy2.npz,17646–21778,DAYS,DAYS,TP
continuous_1224_S7_strategy2.npz,21778–26023,FAMILY,FAMILY,TP
continuous_1225_S7_strategy2.npz,0–4166,DRINK,DRINK,TP
continuous_1225_S7_strategy2.npz,2433–4900,—,COLOR,FP
continuous_1225_S7_strategy2.npz,4166–8410,DAYS,DAYS,TP
continuous_1225_S7_strategy2.npz,8410–12919,NUMBER,NUMBER,TP
continuous_1225_S7_strategy2.npz,12919–17433,GREETING,GREETING,TP
continuous_1225_S7_strategy2.npz,17166–19633,—,DAYS,FP
continuous_1225_S7_strategy2.npz,17433–22304,CALENDAR,—,FN
continuous_1225_S7_strategy2.npz,19633–22100,—,CALENDAR,FP
continuous_1226_S7_strategy2.npz,0–4244,DAYS,DAYS,TP
continuous_1226_S7_strategy2.npz,2333–4666,—,NUMBER,FP
continuous_1226_S7_strategy2.npz,4244–8830,GREETING,GREETING,TP
continuous_1226_S7_strategy2.npz,4666–7033,—,RELATIONSHIPS,FP
continuous_1226_S7_strategy2.npz,8830–13095,COLOR,COLOR,TP
continuous_1226_S7_strategy2.npz,11733–16433,—,DAYS,FP
continuous_1226_S7_strategy2.npz,13095–17160,CALENDAR,CALENDAR,TP
continuous_1226_S7_strategy2.npz,17160–21392,NUMBER,NUMBER,TP
continuous_1227_S7_strategy2.npz,0–4231,DRINK,DRINK,TP
continuous_1227_S7_strategy2.npz,2633–5300,—,DRINK,FP
continuous_1227_S7_strategy2.npz,4231–8496,COLOR,COLOR,TP
continuous_1227_S7_strategy2.npz,8496–13046,GREETING,GREETING,TP
continuous_1227_S7_strategy2.npz,13046–17311,FOOD,FOOD,TP
continuous_1227_S7_strategy2.npz,17311–21543,NUMBER,NUMBER,TP
continuous_1228_S7_strategy2.npz,0–4608,NUMBER,NUMBER,TP
continuous_1228_S7_strategy2.npz,4608–8607,COLOR,COLOR,TP
continuous_1228_S7_strategy2.npz,6400–9633,—,FAMILY,FP
continuous_1228_S7_strategy2.npz,8607–12859,FAMILY,FAMILY,TP
continuous_1228_S7_strategy2.npz,12859–17445,GREETING,GREETING,TP
continuous_1228_S7_strategy2.npz,17445–21691,DAYS,DAYS,TP
continuous_1228_S7_strategy2.npz,19266–22466,—,DRINK,FP
continuous_1228_S7_strategy2.npz,21691–25922,RELATIONSHIPS,RELATIONSHIPS,TP
continuous_1229_S7_strategy2.npz,0–4631,SURVIVAL,SURVIVAL,TP
continuous_1229_S7_strategy2.npz,4631–8875,DAYS,DAYS,TP
continuous_1229_S7_strategy2.npz,8200–10933,—,DRINK,FP
continuous_1229_S7_strategy2.npz,8875–13007,CALENDAR,CALENDAR,TP
continuous_1229_S7_strategy2.npz,13007–17306,GREETING,GREETING,TP
continuous_1229_S7_strategy2.npz,17306–21505,FOOD,—,FN
continuous_1229_S7_strategy2.npz,19133–21866,—,GREETING,FP
continuous_1229_S7_strategy2.npz,21505–26047,NUMBER,NUMBER,TP
continuous_1229_S7_strategy2.npz,21866–24600,—,FOOD,FP
continuous_1229_S7_strategy2.npz,26047–30312,RELATIONSHIPS,RELATIONSHIPS,TP
continuous_1230_S7_strategy2.npz,0–4937,DAYS,DAYS,TP
continuous_1230_S7_strategy2.npz,4937–9202,COLOR,COLOR,TP
continuous_1230_S7_strategy2.npz,9202–13501,RELATIONSHIPS,RELATIONSHIPS,TP
continuous_1230_S7_strategy2.npz,12200–15266,—,RELATIONSHIPS,FP
continuous_1230_S7_strategy2.npz,13501–18501,SURVIVAL,SURVIVAL,TP
continuous_1230_S7_strategy2.npz,18501–22766,DRINK,DRINK,TP
continuous_1230_S7_strategy2.npz,22766–27440,CALENDAR,—,FN
continuous_1230_S7_strategy2.npz,24433–27500,—,CALENDAR,FP
continuous_1231_S7_strategy2.npz,0–4246,FAMILY,FAMILY,TP
continuous_1231_S7_strategy2.npz,2866–5766,—,FOOD,FP
continuous_1231_S7_strategy2.npz,4246–8511,FOOD,—,FN
continuous_1231_S7_strategy2.npz,5766–8666,—,FOOD,FP
continuous_1231_S7_strategy2.npz,8511–13152,NUMBER,NUMBER,TP
continuous_1231_S7_strategy2.npz,11533–14433,—,RELATIONSHIPS,FP
continuous_1231_S7_strategy2.npz,13152–17417,COLOR,COLOR,TP
continuous_1231_S7_strategy2.npz,17417–21661,DAYS,DAYS,TP
continuous_1231_S7_strategy2.npz,20200–23100,—,DRINK,FP
continuous_1231_S7_strategy2.npz,21661–25926,DRINK,DRINK,TP
continuous_1232_S7_strategy2.npz,0–4100,SURVIVAL,SURVIVAL,TP
continuous_1232_S7_strategy2.npz,3133–6300,—,RELATIONSHIPS,FP
continuous_1232_S7_strategy2.npz,4100–8365,RELATIONSHIPS,—,FN
continuous_1232_S7_strategy2.npz,6300–12633,—,NUMBER,FP
continuous_1232_S7_strategy2.npz,8365–12874,NUMBER,—,FN
continuous_1232_S7_strategy2.npz,12874–17844,CALENDAR,CALENDAR,TP
continuous_1232_S7_strategy2.npz,15800–18966,—,FOOD,FP
continuous_1232_S7_strategy2.npz,17844–22075,FOOD,FOOD,TP
continuous_1233_S7_strategy2.npz,0–4265,RELATIONSHIPS,RELATIONSHIPS,TP
continuous_1233_S7_strategy2.npz,4265–8543,DAYS,DAYS,TP
continuous_1233_S7_strategy2.npz,7666–12766,—,COLOR,FP
continuous_1233_S7_strategy2.npz,8543–12774,COLOR,—,FN
continuous_1233_S7_strategy2.npz,12766–15333,—,COLOR,FP
continuous_1233_S7_strategy2.npz,12774–16973,DRINK,—,FN
continuous_1233_S7_strategy2.npz,15333–17866,—,FOOD,FP
continuous_1233_S7_strategy2.npz,16973–21604,SURVIVAL,SURVIVAL,TP
continuous_1233_S7_strategy2.npz,17866–20433,—,DRINK,FP
continuous_1233_S7_strategy2.npz,21604–25883,FAMILY,FAMILY,TP
continuous_1233_S7_strategy2.npz,25883–30590,NUMBER,NUMBER,TP
continuous_1234_S7_strategy2.npz,0–4231,RELATIONSHIPS,RELATIONSHIPS,TP
continuous_1234_S7_strategy2.npz,4231–8996,SURVIVAL,SURVIVAL,TP
continuous_1234_S7_strategy2.npz,8996–13228,CALENDAR,CALENDAR,TP
continuous_1234_S7_strategy2.npz,13228–17360,DRINK,DRINK,TP
continuous_1234_S7_strategy2.npz,15000–17500,—,FOOD,FP
continuous_1234_S7_strategy2.npz,17360–21625,FOOD,FOOD,TP
continuous_1234_S7_strategy2.npz,20000–22500,—,GREETING,FP
continuous_1234_S7_strategy2.npz,21625–25957,NUMBER,NUMBER,TP
continuous_1234_S7_strategy2.npz,25000–27500,—,DAYS,FP
continuous_1234_S7_strategy2.npz,25957–29989,DAYS,—,FN
continuous_1234_S7_strategy2.npz,27500–30000,—,DAYS,FP
continuous_1235_S7_strategy2.npz,0–4232,RELATIONSHIPS,RELATIONSHIPS,TP
continuous_1235_S7_strategy2.npz,4232–8464,FAMILY,FAMILY,TP
continuous_1235_S7_strategy2.npz,8464–13195,SURVIVAL,SURVIVAL,TP
continuous_1235_S7_strategy2.npz,13195–18032,GREETING,GREETING,TP
continuous_1235_S7_strategy2.npz,17566–21066,—,GREETING,FP
continuous_1235_S7_strategy2.npz,18032–22673,NUMBER,NUMBER,TP
continuous_1235_S7_strategy2.npz,22673–26904,DRINK,DRINK,TP
continuous_1235_S7_strategy2.npz,26904–31874,CALENDAR,—,FN
continuous_1235_S7_strategy2.npz,28100–31633,—,CALENDAR,FP
continuous_1236_S7_strategy2.npz,0–4231,COLOR,COLOR,TP
continuous_1236_S7_strategy2.npz,4231–9168,CALENDAR,CALENDAR,TP
continuous_1236_S7_strategy2.npz,9168–13414,FAMILY,FAMILY,TP
continuous_1236_S7_strategy2.npz,13414–17679,FOOD,FOOD,TP
continuous_1236_S7_strategy2.npz,15933–18600,—,FOOD,FP
continuous_1236_S7_strategy2.npz,17679–21944,RELATIONSHIPS,RELATIONSHIPS,TP
continuous_1236_S7_strategy2.npz,21944–26542,SURVIVAL,SURVIVAL,TP
continuous_1237_S7_strategy2.npz,0–4231,COLOR,COLOR,TP
continuous_1237_S7_strategy2.npz,4231–8477,FAMILY,FAMILY,TP
continuous_1237_S7_strategy2.npz,8477–12742,DRINK,DRINK,TP
continuous_1237_S7_strategy2.npz,12742–17007,FOOD,FOOD,TP
continuous_1237_S7_strategy2.npz,17007–21738,SURVIVAL,SURVIVAL,TP
continuous_1237_S7_strategy2.npz,19900–22733,—,DRINK,FP
continuous_1237_S7_strategy2.npz,21738–26280,NUMBER,NUMBER,TP
continuous_1237_S7_strategy2.npz,26280–31217,CALENDAR,CALENDAR,TP
continuous_1238_S7_strategy2.npz,0–4255,FAMILY,FAMILY,TP
continuous_1238_S7_strategy2.npz,2733–5466,—,FAMILY,FP
continuous_1238_S7_strategy2.npz,4255–8841,GREETING,GREETING,TP
continuous_1238_S7_strategy2.npz,8841–13040,COLOR,DRINK,TP
continuous_1238_S7_strategy2.npz,13040–17271,FOOD,FOOD,TP
continuous_1238_S7_strategy2.npz,16433–19166,—,CALENDAR,FP
continuous_1238_S7_strategy2.npz,17271–22241,CALENDAR,CALENDAR,TP
continuous_1238_S7_strategy2.npz,22241–26141,SURVIVAL,SURVIVAL,TP
continuous_1238_S7_strategy2.npz,24666–27400,—,FOOD,FP
continuous_1238_S7_strategy2.npz,26141–30385,DAYS,DAYS,TP
continuous_1239_S7_strategy2.npz,0–4265,COLOR,COLOR,TP
continuous_1239_S7_strategy2.npz,2333–4666,—,RELATIONSHIPS,FP
continuous_1239_S7_strategy2.npz,4265–8530,FOOD,FOOD,TP
continuous_1239_S7_strategy2.npz,7033–9366,—,CALENDAR,FP
continuous_1239_S7_strategy2.npz,8530–12696,CALENDAR,CALENDAR,TP
continuous_1239_S7_strategy2.npz,12696–16940,DAYS,DAYS,TP
continuous_1239_S7_strategy2.npz,14066–16400,—,NUMBER,FP
continuous_1239_S7_strategy2.npz,16400–18733,—,DRINK,FP
continuous_1239_S7_strategy2.npz,16940–21072,FAMILY,FAMILY,TP
continuous_1240_S7_strategy2.npz,0–4213,FAMILY,FAMILY,TP
continuous_1240_S7_strategy2.npz,4213–9183,CALENDAR,CALENDAR,TP
continuous_1240_S7_strategy2.npz,7333–9800,—,CALENDAR,FP
continuous_1240_S7_strategy2.npz,9183–13448,RELATIONSHIPS,RELATIONSHIPS,TP
continuous_1240_S7_strategy2.npz,13448–15382,GREETING,GREETING,TP
continuous_1240_S7_strategy2.npz,15382–19647,DRINK,DRINK,TP
continuous_1241_S7_strategy2.npz,0–4265,DRINK,DRINK,TP
continuous_1241_S7_strategy2.npz,3033–6100,—,FAMILY,FP
continuous_1241_S7_strategy2.npz,4265–8863,SURVIVAL,—,FN
continuous_1241_S7_strategy2.npz,8863–13128,CALENDAR,CALENDAR,TP
continuous_1241_S7_strategy2.npz,13128–17360,DAYS,DAYS,TP
continuous_1241_S7_strategy2.npz,17360–22132,NUMBER,NUMBER,TP
continuous_1241_S7_strategy2.npz,21433–24500,—,DRINK,FP
continuous_1241_S7_strategy2.npz,22132–26345,FAMILY,FAMILY,TP
continuous_1241_S7_strategy2.npz,26345–30576,FOOD,—,FN
continuous_1241_S7_strategy2.npz,27566–30633,—,FOOD,FP
continuous_1242_S7_strategy2.npz,0–4231,DRINK,DRINK,TP
continuous_1242_S7_strategy2.npz,4231–9168,CALENDAR,CALENDAR,TP
continuous_1242_S7_strategy2.npz,8433–11233,—,CALENDAR,FP
continuous_1242_S7_strategy2.npz,9168–13433,RELATIONSHIPS,RELATIONSHIPS,TP
continuous_1242_S7_strategy2.npz,13433–17698,COLOR,COLOR,TP
continuous_1242_S7_strategy2.npz,17698–21963,FOOD,FOOD,TP
continuous_1242_S7_strategy2.npz,21963–26585,GREETING,GREETING,TP
continuous_1242_S7_strategy2.npz,25333–28133,—,COLOR,FP
continuous_1242_S7_strategy2.npz,26585–31226,NUMBER,NUMBER,TP
continuous_1243_S7_strategy2.npz,0–4658,GREETING,GREETING,TP
continuous_1243_S7_strategy2.npz,4658–9332,NUMBER,NUMBER,TP
continuous_1243_S7_strategy2.npz,9332–13543,DAYS,DAYS,TP
continuous_1243_S7_strategy2.npz,13543–18041,SURVIVAL,SURVIVAL,TP
continuous_1243_S7_strategy2.npz,18041–22320,FAMILY,FAMILY,TP
continuous_1244_S7_strategy2.npz,0–4231,FOOD,FOOD,TP
continuous_1244_S7_strategy2.npz,2733–5466,—,DRINK,FP
continuous_1244_S7_strategy2.npz,4231–8862,SURVIVAL,SURVIVAL,TP
continuous_1244_S7_strategy2.npz,8862–13093,RELATIONSHIPS,RELATIONSHIPS,TP
continuous_1244_S7_strategy2.npz,10966–13700,—,SURVIVAL,FP
continuous_1244_S7_strategy2.npz,13093–17292,CALENDAR,CALENDAR,TP
continuous_1244_S7_strategy2.npz,17292–21933,NUMBER,NUMBER,TP
continuous_1245_S7_strategy2.npz,0–4674,NUMBER,NUMBER,TP
continuous_1245_S7_strategy2.npz,4674–8774,DRINK,DRINK,TP
continuous_1245_S7_strategy2.npz,6666–10033,—,RELATIONSHIPS,FP
continuous_1245_S7_strategy2.npz,8774–13005,RELATIONSHIPS,—,FN
continuous_1245_S7_strategy2.npz,10033–13366,—,RELATIONSHIPS,FP
continuous_1245_S7_strategy2.npz,13005–17770,GREETING,GREETING,TP
continuous_1245_S7_strategy2.npz,13366–16700,—,RELATIONSHIPS,FP
continuous_1245_S7_strategy2.npz,17770–22035,FOOD,FOOD,TP
continuous_1245_S7_strategy2.npz,22035–27005,CALENDAR,CALENDAR,TP
continuous_1246_S7_strategy2.npz,0–4199,NUMBER,NUMBER,TP
continuous_1246_S7_strategy2.npz,2500–5033,—,SURVIVAL,FP
continuous_1246_S7_strategy2.npz,4199–8830,SURVIVAL,SURVIVAL,TP
continuous_1246_S7_strategy2.npz,8830–13095,COLOR,COLOR,TP
continuous_1246_S7_strategy2.npz,12633–15166,—,FOOD,FP
continuous_1246_S7_strategy2.npz,13095–17769,CALENDAR,CALENDAR,TP
continuous_1246_S7_strategy2.npz,17700–20233,—,DRINK,FP
continuous_1246_S7_strategy2.npz,17769–21801,DAYS,DAYS,TP
continuous_1246_S7_strategy2.npz,21801–26066,FOOD,FOOD,TP
continuous_1246_S7_strategy2.npz,26066–30331,DRINK,DRINK,TP
continuous_1247_S7_strategy2.npz,0–2366,—,COLOR,FP
continuous_1247_S7_strategy2.npz,0–4231,COLOR,—,FN
continuous_1247_S7_strategy2.npz,4231–9168,CALENDAR,CALENDAR,TP
continuous_1247_S7_strategy2.npz,9168–13466,DRINK,DRINK,TP
continuous_1247_S7_strategy2.npz,11933–14333,—,FAMILY,FP
continuous_1247_S7_strategy2.npz,13466–17712,FAMILY,—,FN
continuous_1247_S7_strategy2.npz,14333–19100,—,FAMILY,FP
continuous_1247_S7_strategy2.npz,17712–22334,GREETING,GREETING,TP
continuous_1247_S7_strategy2.npz,21500–23866,—,FOOD,FP
continuous_1247_S7_strategy2.npz,22334–27008,NUMBER,NUMBER,TP
continuous_1247_S7_strategy2.npz,27008–31273,FOOD,FOOD,TP
continuous_1248_S7_strategy2.npz,0–4658,GREETING,GREETING,TP
continuous_1248_S7_strategy2.npz,3033–6066,—,CALENDAR,FP
continuous_1248_S7_strategy2.npz,4658–8939,FAMILY,FAMILY,TP
continuous_1248_S7_strategy2.npz,8939–13170,COLOR,COLOR,TP
continuous_1248_S7_strategy2.npz,13170–17401,RELATIONSHIPS,RELATIONSHIPS,TP
continuous_1248_S7_strategy2.npz,17401–22371,DAYS,DAYS,TP
continuous_1248_S7_strategy2.npz,21233–24266,—,NUMBER,FP
continuous_1248_S7_strategy2.npz,22371–26536,NUMBER,—,FN
continuous_1248_S7_strategy2.npz,24266–27300,—,NUMBER,FP
continuous_1248_S7_strategy2.npz,26536–30601,CALENDAR,CALENDAR,TP
continuous_1249_S7_strategy2.npz,0–4231,COLOR,COLOR,TP
continuous_1249_S7_strategy2.npz,2366–4766,—,DRINK,FP
continuous_1249_S7_strategy2.npz,4231–8463,DRINK,—,FN
continuous_1249_S7_strategy2.npz,4766–7133,—,DRINK,FP
continuous_1249_S7_strategy2.npz,7133–9533,—,DAYS,FP
continuous_1249_S7_strategy2.npz,8463–12741,DAYS,—,FN
continuous_1249_S7_strategy2.npz,12741–16987,FAMILY,FOOD,TP
continuous_1249_S7_strategy2.npz,14300–16666,—,CALENDAR,FP
continuous_1249_S7_strategy2.npz,16666–19066,—,CALENDAR,FP
continuous_1249_S7_strategy2.npz,16987–21957,CALENDAR,—,FN
continuous_1249_S7_strategy2.npz,19066–21433,—,CALENDAR,FP
continuous_1249_S7_strategy2.npz,21433–23833,—,DRINK,FP
continuous_1249_S7_strategy2.npz,21957–26655,SURVIVAL,SURVIVAL,TP
continuous_1249_S7_strategy2.npz,26655–30920,FOOD,FOOD,TP
continuous_1250_S7_strategy2.npz,0–4231,DRINK,DRINK,TP
continuous_1250_S7_strategy2.npz,4231–8477,FAMILY,FAMILY,TP
continuous_1250_S7_strategy2.npz,8477–12708,RELATIONSHIPS,RELATIONSHIPS,TP
continuous_1250_S7_strategy2.npz,12708–17513,NUMBER,NUMBER,TP
continuous_1250_S7_strategy2.npz,17366–20266,—,DRINK,FP
continuous_1250_S7_strategy2.npz,17513–21779,COLOR,COLOR,TP
continuous_1250_S7_strategy2.npz,21779–26010,FOOD,FOOD,TP
continuous_1251_S7_strategy2.npz,0–4946,DAYS,DAYS,TP
continuous_1251_S7_strategy2.npz,3233–6466,—,COLOR,FP
continuous_1251_S7_strategy2.npz,4946–9177,COLOR,—,FN
continuous_1251_S7_strategy2.npz,9177–13408,FOOD,DRINK,TP
continuous_1251_S7_strategy2.npz,13408–17639,DRINK,DRINK,TP
continuous_1251_S7_strategy2.npz,17639–22609,CALENDAR,CALENDAR,TP
continuous_1252_S7_strategy2.npz,0–4246,FAMILY,FAMILY,TP
continuous_1252_S7_strategy2.npz,2433–4900,—,FAMILY,FP
continuous_1252_S7_strategy2.npz,4246–8445,FOOD,FOOD,TP
continuous_1252_S7_strategy2.npz,7366–9833,—,COLOR,FP
continuous_1252_S7_strategy2.npz,8445–12511,GREETING,GREETING,TP
continuous_1252_S7_strategy2.npz,12300–14766,—,NUMBER,FP
continuous_1252_S7_strategy2.npz,12511–16742,RELATIONSHIPS,RELATIONSHIPS,TP
continuous_1252_S7_strategy2.npz,16742–21041,COLOR,COLOR,TP
continuous_1252_S7_strategy2.npz,21041–25306,DRINK,DRINK,TP
continuous_1252_S7_strategy2.npz,24633–27100,—,DAYS,FP
continuous_1252_S7_strategy2.npz,25306–29517,DAYS,DAYS,TP
continuous_1253_S7_strategy2.npz,0–4184,DAYS,DAYS,TP
continuous_1253_S7_strategy2.npz,4184–8428,FAMILY,FAMILY,TP
continuous_1253_S7_strategy2.npz,7033–9400,—,COLOR,FP
continuous_1253_S7_strategy2.npz,8428–12659,COLOR,—,FN
continuous_1253_S7_strategy2.npz,9400–11733,—,DAYS,FP
continuous_1253_S7_strategy2.npz,11733–14100,—,COLOR,FP
continuous_1253_S7_strategy2.npz,12659–16890,RELATIONSHIPS,RELATIONSHIPS,TP
continuous_1253_S7_strategy2.npz,16890–21369,GREETING,GREETING,TP
continuous_1253_S7_strategy2.npz,21133–23500,—,FAMILY,FP
continuous_1253_S7_strategy2.npz,21369–26076,CALENDAR,CALENDAR,TP
continuous_1254_S7_strategy2.npz,0–4254,FAMILY,FAMILY,TP
continuous_1254_S7_strategy2.npz,4254–8485,RELATIONSHIPS,RELATIONSHIPS,TP
continuous_1254_S7_strategy2.npz,8485–13126,CALENDAR,CALENDAR,TP
continuous_1254_S7_strategy2.npz,13126–17092,COLOR,COLOR,TP
continuous_1254_S7_strategy2.npz,13833–16600,—,CALENDAR,FP
continuous_1254_S7_strategy2.npz,17092–21357,GREETING,GREETING,TP
continuous_1254_S7_strategy2.npz,21357–25588,DRINK,DRINK,TP
continuous_1254_S7_strategy2.npz,25588–30360,NUMBER,NUMBER,TP
continuous_1255_S7_strategy2.npz,0–4265,COLOR,COLOR,TP
continuous_1255_S7_strategy2.npz,4265–8264,RELATIONSHIPS,RELATIONSHIPS,TP
continuous_1255_S7_strategy2.npz,6066–9100,—,RELATIONSHIPS,FP
continuous_1255_S7_strategy2.npz,8264–12543,FAMILY,FAMILY,TP
continuous_1255_S7_strategy2.npz,9100–12166,—,DRINK,FP
continuous_1255_S7_strategy2.npz,12543–16808,DRINK,DRINK,TP
continuous_1255_S7_strategy2.npz,16808–21482,CALENDAR,CALENDAR,TP
continuous_1255_S7_strategy2.npz,21300–24333,—,CALENDAR,FP
continuous_1255_S7_strategy2.npz,21482–25961,GREETING,GREETING,TP
continuous_1255_S7_strategy2.npz,25961–30635,NUMBER,NUMBER,TP
continuous_1256_S7_strategy2.npz,0–4231,RELATIONSHIPS,RELATIONSHIPS,TP
continuous_1256_S7_strategy2.npz,2933–5900,—,FOOD,FP
continuous_1256_S7_strategy2.npz,4231–8462,COLOR,COLOR,TP
continuous_1256_S7_strategy2.npz,8462–12693,DRINK,—,FN
continuous_1256_S7_strategy2.npz,8866–14766,—,DRINK,FP
continuous_1256_S7_strategy2.npz,12693–16905,FAMILY,—,FN
continuous_1256_S7_strategy2.npz,14766–17733,—,DRINK,FP
continuous_1256_S7_strategy2.npz,16905–21527,GREETING,GREETING,TP
continuous_1256_S7_strategy2.npz,17733–20666,—,FAMILY,FP
continuous_1256_S7_strategy2.npz,21527–25626,CALENDAR,CALENDAR,TP
continuous_1256_S7_strategy2.npz,25626–29825,NUMBER,NUMBER,TP
continuous_1257_S7_strategy2.npz,0–4279,FAMILY,FAMILY,TP
continuous_1257_S7_strategy2.npz,4279–8887,CALENDAR,CALENDAR,TP
continuous_1257_S7_strategy2.npz,8887–13320,SURVIVAL,SURVIVAL,TP
continuous_1257_S7_strategy2.npz,9366–12500,—,GREETING,FP
continuous_1257_S7_strategy2.npz,13320–17586,DAYS,DAYS,TP
continuous_1257_S7_strategy2.npz,17586–21851,RELATIONSHIPS,RELATIONSHIPS,TP
continuous_1258_S7_strategy2.npz,0–4707,NUMBER,NUMBER,TP
continuous_1258_S7_strategy2.npz,2766–5533,—,NUMBER,FP
continuous_1258_S7_strategy2.npz,4707–8740,SURVIVAL,—,FN
continuous_1258_S7_strategy2.npz,5533–8300,—,RELATIONSHIPS,FP
continuous_1258_S7_strategy2.npz,8300–11066,—,FAMILY,FP
continuous_1258_S7_strategy2.npz,8740–12971,RELATIONSHIPS,—,FN
continuous_1258_S7_strategy2.npz,11066–13833,—,CALENDAR,FP
continuous_1258_S7_strategy2.npz,12971–17710,CALENDAR,—,FN
continuous_1258_S7_strategy2.npz,13833–16600,—,COLOR,FP
continuous_1258_S7_strategy2.npz,17710–21908,COLOR,COLOR,TP
continuous_1258_S7_strategy2.npz,21908–26139,FOOD,FOOD,TP
continuous_1258_S7_strategy2.npz,26139–30385,FAMILY,FAMILY,TP
continuous_1259_S7_strategy2.npz,0–4608,NUMBER,NUMBER,TP
continuous_1259_S7_strategy2.npz,4608–9158,GREETING,GREETING,TP
continuous_1259_S7_strategy2.npz,9158–13402,DAYS,DAYS,TP
continuous_1259_S7_strategy2.npz,13402–18076,CALENDAR,CALENDAR,TP
continuous_1259_S7_strategy2.npz,16933–19766,—,DRINK,FP
continuous_1259_S7_strategy2.npz,18076–22307,DRINK,DRINK,TP
continuous_1259_S7_strategy2.npz,22307–27005,SURVIVAL,SURVIVAL,TP
continuous_1259_S7_strategy2.npz,27005–31270,FOOD,FOOD,TP
continuous_1260_S7_strategy2.npz,0–4965,SURVIVAL,SURVIVAL,TP
continuous_1260_S7_strategy2.npz,3100–6233,—,DRINK,FP
continuous_1260_S7_strategy2.npz,4965–9935,CALENDAR,—,FN
continuous_1260_S7_strategy2.npz,6233–9366,—,FOOD,FP
continuous_1260_S7_strategy2.npz,9366–12500,—,FAMILY,FP
continuous_1260_S7_strategy2.npz,9935–14200,FOOD,—,FN
continuous_1260_S7_strategy2.npz,12500–18733,—,FAMILY,FP
continuous_1260_S7_strategy2.npz,14200–18446,FAMILY,—,FN
continuous_1260_S7_strategy2.npz,18446–22679,DRINK,DRINK,TP
continuous_1260_S7_strategy2.npz,22679–26878,RELATIONSHIPS,RELATIONSHIPS,TP
continuous_1260_S7_strategy2.npz,25000–28133,—,RELATIONSHIPS,FP
continuous_1260_S7_strategy2.npz,26878–31211,GREETING,GREETING,TP
continuous_1261_S7_strategy2.npz,0–4231,DRINK,DRINK,TP
continuous_1261_S7_strategy2.npz,4231–8496,NUMBER,NUMBER,TP
continuous_1261_S7_strategy2.npz,8496–13190,GREETING,GREETING,TP
continuous_1261_S7_strategy2.npz,11866–14233,—,COLOR,FP
continuous_1261_S7_strategy2.npz,13190–17455,COLOR,—,FN
continuous_1261_S7_strategy2.npz,14233–16600,—,DAYS,FP
continuous_1261_S7_strategy2.npz,17455–22129,CALENDAR,CALENDAR,TP
continuous_1261_S7_strategy2.npz,21366–23733,—,DRINK,FP
continuous_1261_S7_strategy2.npz,22129–26375,FAMILY,FAMILY,TP
continuous_1262_S7_strategy2.npz,0–4000,GREETING,GREETING,TP
continuous_1262_S7_strategy2.npz,4000–8937,CALENDAR,CALENDAR,TP
continuous_1262_S7_strategy2.npz,8066–10733,—,CALENDAR,FP
continuous_1262_S7_strategy2.npz,8937–13644,NUMBER,NUMBER,TP
continuous_1262_S7_strategy2.npz,13644–17809,COLOR,COLOR,TP
continuous_1262_S7_strategy2.npz,17809–22040,FOOD,FOOD,TP
continuous_1262_S7_strategy2.npz,21500–24200,—,COLOR,FP
continuous_1262_S7_strategy2.npz,22040–26838,SURVIVAL,SURVIVAL,TP
continuous_1263_S7_strategy2.npz,0–4575,NUMBER,NUMBER,TP
continuous_1263_S7_strategy2.npz,3033–6066,—,FAMILY,FP
continuous_1263_S7_strategy2.npz,4575–8854,FAMILY,—,FN
continuous_1263_S7_strategy2.npz,6066–9100,—,COLOR,FP
continuous_1263_S7_strategy2.npz,8854–13119,FOOD,FOOD,TP
continuous_1263_S7_strategy2.npz,12133–15200,—,DAYS,FP
continuous_1263_S7_strategy2.npz,13119–18056,DAYS,—,FN
continuous_1263_S7_strategy2.npz,15200–18233,—,NUMBER,FP
continuous_1263_S7_strategy2.npz,18056–22287,RELATIONSHIPS,RELATIONSHIPS,TP
continuous_1263_S7_strategy2.npz,21266–24300,—,CALENDAR,FP
continuous_1263_S7_strategy2.npz,22287–27257,CALENDAR,—,FN
continuous_1263_S7_strategy2.npz,24300–27366,—,CALENDAR,FP
continuous_1264_S7_strategy2.npz,0–4165,NUMBER,NUMBER,TP
continuous_1264_S7_strategy2.npz,2966–5966,—,FAMILY,FP
continuous_1264_S7_strategy2.npz,4165–8411,FAMILY,FAMILY,TP
continuous_1264_S7_strategy2.npz,8411–13381,DAYS,DAYS,TP
continuous_1264_S7_strategy2.npz,13381–17612,DRINK,DRINK,TP
continuous_1264_S7_strategy2.npz,17612–22549,CALENDAR,CALENDAR,TP
continuous_1264_S7_strategy2.npz,22549–26814,GREETING,GREETING,TP
continuous_1265_S7_strategy2.npz,0–4937,CALENDAR,CALENDAR,TP
continuous_1265_S7_strategy2.npz,4937–9202,FOOD,FOOD,TP
continuous_1265_S7_strategy2.npz,9202–13467,RELATIONSHIPS,RELATIONSHIPS,TP
continuous_1265_S7_strategy2.npz,11600–14500,—,SURVIVAL,FP
continuous_1265_S7_strategy2.npz,13467–18132,SURVIVAL,—,FN
continuous_1265_S7_strategy2.npz,14500–17400,—,GREETING,FP
continuous_1265_S7_strategy2.npz,18132–22674,NUMBER,NUMBER,TP
continuous_1265_S7_strategy2.npz,20300–23200,—,NUMBER,FP
continuous_1265_S7_strategy2.npz,22674–27611,DAYS,DAYS,TP
continuous_1265_S7_strategy2.npz,27611–31842,DRINK,DRINK,TP
continuous_1266_S7_strategy2.npz,0–4299,GREETING,GREETING,TP
continuous_1266_S7_strategy2.npz,3333–6666,—,GREETING,FP
continuous_1266_S7_strategy2.npz,4299–8498,COLOR,COLOR,TP
continuous_1266_S7_strategy2.npz,8498–12744,FAMILY,FAMILY,TP
continuous_1266_S7_strategy2.npz,12744–17714,DAYS,DAYS,TP
continuous_1266_S7_strategy2.npz,17714–21979,DRINK,DRINK,TP
continuous_1266_S7_strategy2.npz,21979–26686,CALENDAR,CALENDAR,TP
continuous_1267_S7_strategy2.npz,0–4707,CALENDAR,CALENDAR,TP
continuous_1267_S7_strategy2.npz,4707–8972,FOOD,DAYS,TP
continuous_1267_S7_strategy2.npz,8972–13646,NUMBER,DAYS,TP
continuous_1267_S7_strategy2.npz,12333–15433,—,NUMBER,FP
continuous_1267_S7_strategy2.npz,13646–17679,DRINK,DRINK,TP
continuous_1267_S7_strategy2.npz,17679–21944,COLOR,COLOR,TP
continuous_1267_S7_strategy2.npz,21944–26387,GREETING,GREETING,TP
continuous_1267_S7_strategy2.npz,26387–31085,SURVIVAL,SURVIVAL,TP
continuous_1268_S7_strategy2.npz,0–4231,FOOD,FOOD,TP
continuous_1268_S7_strategy2.npz,3066–6166,—,GREETING,FP
continuous_1268_S7_strategy2.npz,4231–8817,GREETING,—,FN
continuous_1268_S7_strategy2.npz,6166–9266,—,COLOR,FP
continuous_1268_S7_strategy2.npz,8817–13082,COLOR,—,FN
continuous_1268_S7_strategy2.npz,9266–12366,—,SURVIVAL,FP
continuous_1268_S7_strategy2.npz,12366–15466,—,DRINK,FP
continuous_1268_S7_strategy2.npz,13082–17713,SURVIVAL,—,FN
continuous_1268_S7_strategy2.npz,17713–21978,RELATIONSHIPS,RELATIONSHIPS,TP
continuous_1268_S7_strategy2.npz,21978–26224,FAMILY,FAMILY,TP
continuous_1268_S7_strategy2.npz,26224–31194,CALENDAR,CALENDAR,TP
continuous_1269_S7_strategy2.npz,0–4265,DRINK,DRINK,TP
continuous_1269_S7_strategy2.npz,4265–8530,RELATIONSHIPS,RELATIONSHIPS,TP
continuous_1269_S7_strategy2.npz,8530–13138,NUMBER,NUMBER,TP
continuous_1269_S7_strategy2.npz,13138–17403,FAMILY,FAMILY,TP
continuous_1269_S7_strategy2.npz,16733–20100,—,FAMILY,FP
continuous_1269_S7_strategy2.npz,17403–21647,DAYS,DAYS,TP
continuous_1269_S7_strategy2.npz,21647–25878,FOOD,FOOD,TP
continuous_1269_S7_strategy2.npz,25878–30109,COLOR,COLOR,TP
continuous_1270_S7_strategy2.npz,0–4265,FOOD,FOOD,TP
continuous_1270_S7_strategy2.npz,2600–5233,—,DAYS,FP
continuous_1270_S7_strategy2.npz,4265–9235,DAYS,—,FN
continuous_1270_S7_strategy2.npz,5233–7866,—,NUMBER,FP
continuous_1270_S7_strategy2.npz,7866–10466,—,SURVIVAL,FP
continuous_1270_S7_strategy2.npz,9235–13900,SURVIVAL,SURVIVAL,TP
continuous_1270_S7_strategy2.npz,13100–15733,—,COLOR,FP
continuous_1270_S7_strategy2.npz,13900–17999,COLOR,—,FN
continuous_1270_S7_strategy2.npz,17999–22230,RELATIONSHIPS,RELATIONSHIPS,TP
continuous_1270_S7_strategy2.npz,20966–23600,—,CALENDAR,FP
continuous_1270_S7_strategy2.npz,22230–27167,CALENDAR,CALENDAR,TP
continuous_1270_S7_strategy2.npz,27167–31398,DRINK,DRINK,TP
continuous_1271_S7_strategy2.npz,0–4133,DRINK,DRINK,TP
continuous_1271_S7_strategy2.npz,2233–4466,—,FAMILY,FP
continuous_1271_S7_strategy2.npz,4133–8379,FAMILY,—,FN
continuous_1271_S7_strategy2.npz,4466–6700,—,FAMILY,FP
continuous_1271_S7_strategy2.npz,6700–8933,—,GREETING,FP
continuous_1271_S7_strategy2.npz,8379–13210,SURVIVAL,SURVIVAL,TP
continuous_1271_S7_strategy2.npz,13210–18048,CALENDAR,CALENDAR,TP
continuous_1271_S7_strategy2.npz,18048–23018,DAYS,DAYS,TP
continuous_1271_S7_strategy2.npz,23018–27018,GREETING,GREETING,TP
continuous_1271_S7_strategy2.npz,27018–31183,FOOD,FOOD,TP
continuous_1272_S7_strategy2.npz,0–4231,COLOR,COLOR,TP
continuous_1272_S7_strategy2.npz,3100–6200,—,SURVIVAL,FP
continuous_1272_S7_strategy2.npz,4231–8896,SURVIVAL,SURVIVAL,TP
continuous_1272_S7_strategy2.npz,8896–13174,DAYS,DAYS,TP
continuous_1272_S7_strategy2.npz,9300–12433,—,SURVIVAL,FP
continuous_1272_S7_strategy2.npz,13174–17453,FAMILY,FAMILY,TP
continuous_1272_S7_strategy2.npz,17453–21718,DRINK,DRINK,TP
continuous_1273_S7_strategy2.npz,0–4765,SURVIVAL,SURVIVAL,TP
continuous_1273_S7_strategy2.npz,4765–9406,NUMBER,NUMBER,TP
continuous_1273_S7_strategy2.npz,9406–13637,RELATIONSHIPS,RELATIONSHIPS,TP
continuous_1273_S7_strategy2.npz,13637–18508,CALENDAR,CALENDAR,TP
continuous_1273_S7_strategy2.npz,17733–20266,—,CALENDAR,FP
continuous_1273_S7_strategy2.npz,18508–22754,DAYS,DAYS,TP
continuous_1274_S7_strategy2.npz,0–4132,FOOD,FOOD,TP
continuous_1274_S7_strategy2.npz,4132–8343,FAMILY,FAMILY,TP
continuous_1274_S7_strategy2.npz,8343–12575,DRINK,DRINK,TP
continuous_1274_S7_strategy2.npz,12575–17314,NUMBER,NUMBER,TP
continuous_1274_S7_strategy2.npz,17314–21545,COLOR,COLOR,TP
continuous_1274_S7_strategy2.npz,21545–25823,DAYS,DAYS,TP
continuous_1274_S7_strategy2.npz,25823–29989,GREETING,GREETING,TP
continuous_1275_S7_strategy2.npz,0–4066,SURVIVAL,SURVIVAL,TP
continuous_1275_S7_strategy2.npz,4066–8310,FAMILY,FAMILY,TP
continuous_1275_S7_strategy2.npz,8310–12675,DAYS,—,FN
continuous_1275_S7_strategy2.npz,8466–14100,—,GREETING,FP
continuous_1275_S7_strategy2.npz,12675–16940,RELATIONSHIPS,—,FN
continuous_1275_S7_strategy2.npz,14100–16933,—,RELATIONSHIPS,FP
continuous_1275_S7_strategy2.npz,16940–21205,FOOD,FOOD,TP
continuous_1275_S7_strategy2.npz,21205–25370,GREETING,GREETING,TP
continuous_1276_S7_strategy2.npz,0–4246,FAMILY,FAMILY,TP
continuous_1276_S7_strategy2.npz,3133–6300,—,RELATIONSHIPS,FP
continuous_1276_S7_strategy2.npz,4246–8312,SURVIVAL,SURVIVAL,TP
continuous_1276_S7_strategy2.npz,8312–12477,DAYS,DAYS,TP
continuous_1276_S7_strategy2.npz,12477–16708,DRINK,DRINK,TP
continuous_1276_S7_strategy2.npz,16708–21381,NUMBER,NUMBER,TP
continuous_1276_S7_strategy2.npz,21381–25213,CALENDAR,—,FN
continuous_1277_S7_strategy2.npz,0–4133,DRINK,DRINK,TP
continuous_1277_S7_strategy2.npz,4133–8364,RELATIONSHIPS,CALENDAR,TP
continuous_1277_S7_strategy2.npz,8364–12914,GREETING,GREETING,TP
continuous_1277_S7_strategy2.npz,12914–17719,NUMBER,NUMBER,TP
continuous_1277_S7_strategy2.npz,17719–22018,FOOD,GREETING,TP
continuous_1277_S7_strategy2.npz,20333–23733,—,DAYS,FP
continuous_1277_S7_strategy2.npz,22018–26250,FAMILY,FAMILY,TP
continuous_1277_S7_strategy2.npz,26250–30781,SURVIVAL,SURVIVAL,TP
continuous_1278_S7_strategy2.npz,0–4246,FAMILY,FAMILY,TP
continuous_1278_S7_strategy2.npz,4066–6100,—,DRINK,FP
continuous_1278_S7_strategy2.npz,4246–8477,DRINK,—,FN
continuous_1278_S7_strategy2.npz,6100–10166,—,DRINK,FP
continuous_1278_S7_strategy2.npz,8477–13151,NUMBER,NUMBER,TP
continuous_1278_S7_strategy2.npz,12200–14233,—,DRINK,FP
continuous_1278_S7_strategy2.npz,13151–18121,CALENDAR,CALENDAR,TP
continuous_1278_S7_strategy2.npz,14233–16266,—,CALENDAR,FP
continuous_1278_S7_strategy2.npz,18121–22286,COLOR,COLOR,TP
continuous_1279_S7_strategy2.npz,0–4232,FAMILY,FAMILY,TP
continuous_1279_S7_strategy2.npz,4232–8807,NUMBER,NUMBER,TP
continuous_1279_S7_strategy2.npz,6766–10133,—,COLOR,FP
continuous_1279_S7_strategy2.npz,8807–13072,FOOD,FOOD,TP
continuous_1279_S7_strategy2.npz,13072–17337,RELATIONSHIPS,RELATIONSHIPS,TP
continuous_1279_S7_strategy2.npz,17337–21935,SURVIVAL,SURVIVAL,TP
continuous_1279_S7_strategy2.npz,21935–26166,DRINK,DRINK,TP
continuous_1279_S7_strategy2.npz,26166–30410,DAYS,DAYS,TP
continuous_1280_S7_strategy2.npz,0–4765,SURVIVAL,SURVIVAL,TP
continuous_1280_S7_strategy2.npz,4765–9030,COLOR,SURVIVAL,TP
continuous_1280_S7_strategy2.npz,9030–13129,RELATIONSHIPS,RELATIONSHIPS,TP
continuous_1280_S7_strategy2.npz,13129–17373,FAMILY,FAMILY,TP
continuous_1280_S7_strategy2.npz,17373–21672,FOOD,FOOD,TP
continuous_1281_S7_strategy2.npz,0–4246,FAMILY,FAMILY,TP
continuous_1281_S7_strategy2.npz,4246–8445,COLOR,COLOR,TP
continuous_1281_S7_strategy2.npz,6533–9833,—,RELATIONSHIPS,FP
continuous_1281_S7_strategy2.npz,8445–13184,NUMBER,NUMBER,TP
continuous_1281_S7_strategy2.npz,13184–17682,SURVIVAL,SURVIVAL,TP
continuous_1281_S7_strategy2.npz,16366–19666,—,RELATIONSHIPS,FP
continuous_1281_S7_strategy2.npz,17682–21947,RELATIONSHIPS,—,FN
continuous_1281_S7_strategy2.npz,19666–22933,—,FOOD,FP
continuous_1281_S7_strategy2.npz,21947–26178,FOOD,FOOD,TP
continuous_1282_S7_strategy2.npz,0–4232,COLOR,COLOR,TP
continuous_1282_S7_strategy2.npz,3000–6033,—,GREETING,FP
continuous_1282_S7_strategy2.npz,4232–8173,GREETING,—,FN
continuous_1282_S7_strategy2.npz,6033–9066,—,DRINK,FP
continuous_1282_S7_strategy2.npz,8173–12438,DRINK,—,FN
continuous_1282_S7_strategy2.npz,9066–12066,—,DRINK,FP
continuous_1282_S7_strategy2.npz,12438–16669,FOOD,FOOD,TP
continuous_1282_S7_strategy2.npz,15100–18133,—,FAMILY,FP
continuous_1282_S7_strategy2.npz,16669–21376,NUMBER,NUMBER,TP
continuous_1283_S7_strategy2.npz,0–4665,SURVIVAL,SURVIVAL,TP
continuous_1283_S7_strategy2.npz,4665–8930,FOOD,FOOD,TP
continuous_1283_S7_strategy2.npz,7566–11333,—,DRINK,FP
continuous_1283_S7_strategy2.npz,8930–13163,DRINK,—,FN
continuous_1283_S7_strategy2.npz,13163–18100,DAYS,DAYS,TP
continuous_1283_S7_strategy2.npz,18100–22200,GREETING,GREETING,TP
continuous_1283_S7_strategy2.npz,22200–26465,COLOR,COLOR,TP
continuous_1284_S7_strategy2.npz,0–4231,FOOD,FOOD,TP
continuous_1284_S7_strategy2.npz,2766–5566,—,DRINK,FP
continuous_1284_S7_strategy2.npz,4231–8905,CALENDAR,CALENDAR,TP
continuous_1284_S7_strategy2.npz,8905–13570,SURVIVAL,SURVIVAL,TP
continuous_1284_S7_strategy2.npz,13570–17801,COLOR,COLOR,TP
continuous_1284_S7_strategy2.npz,17801–22033,GREETING,GREETING,TP
continuous_1284_S7_strategy2.npz,22033–26332,NUMBER,NUMBER,TP
continuous_1284_S7_strategy2.npz,26332–30597,DRINK,DRINK,TP
continuous_1285_S7_strategy2.npz,0–4211,DAYS,DAYS,TP
continuous_1285_S7_strategy2.npz,4211–8410,COLOR,COLOR,TP
continuous_1285_S7_strategy2.npz,8410–12675,FOOD,FOOD,TP
continuous_1285_S7_strategy2.npz,10900–13633,—,GREETING,FP
continuous_1285_S7_strategy2.npz,12675–16741,GREETING,GREETING,TP
continuous_1285_S7_strategy2.npz,16741–21020,FAMILY,FAMILY,TP
continuous_1285_S7_strategy2.npz,21020–25385,CALENDAR,CALENDAR,TP
continuous_1285_S7_strategy2.npz,25385–29983,SURVIVAL,SURVIVAL,TP
continuous_1286_S7_strategy2.npz,0–4798,SURVIVAL,SURVIVAL,TP
continuous_1286_S7_strategy2.npz,3066–6166,—,SURVIVAL,FP
continuous_1286_S7_strategy2.npz,4798–9439,NUMBER,NUMBER,TP
continuous_1286_S7_strategy2.npz,9439–14146,CALENDAR,CALENDAR,TP
continuous_1286_S7_strategy2.npz,14146–18211,COLOR,COLOR,TP
continuous_1286_S7_strategy2.npz,18211–22310,FOOD,FOOD,TP
continuous_1286_S7_strategy2.npz,22310–26860,GREETING,GREETING,TP
continuous_1286_S7_strategy2.npz,24700–27800,—,FOOD,FP
continuous_1286_S7_strategy2.npz,26860–31125,DRINK,DRINK,TP
continuous_1287_S7_strategy2.npz,0–4265,RELATIONSHIPS,RELATIONSHIPS,TP
continuous_1287_S7_strategy2.npz,3233–6500,—,COLOR,FP
continuous_1287_S7_strategy2.npz,4265–8994,GREETING,GREETING,TP
continuous_1287_S7_strategy2.npz,8994–13225,DRINK,DRINK,TP
continuous_1287_S7_strategy2.npz,13000–16233,—,DRINK,FP
continuous_1287_S7_strategy2.npz,13225–17890,SURVIVAL,SURVIVAL,TP
continuous_1287_S7_strategy2.npz,17890–22055,NUMBER,NUMBER,TP
continuous_1287_S7_strategy2.npz,22055–26266,DAYS,DAYS,TP
continuous_1288_S7_strategy2.npz,0–4231,FOOD,FOOD,TP
continuous_1288_S7_strategy2.npz,2733–5466,—,RELATIONSHIPS,FP
continuous_1288_S7_strategy2.npz,4231–8730,RELATIONSHIPS,—,FN
continuous_1288_S7_strategy2.npz,5466–8233,—,DRINK,FP
continuous_1288_S7_strategy2.npz,8730–12941,DAYS,DAYS,TP
continuous_1288_S7_strategy2.npz,10966–13700,—,NUMBER,FP
continuous_1288_S7_strategy2.npz,12941–17491,GREETING,GREETING,TP
continuous_1288_S7_strategy2.npz,17491–22198,CALENDAR,CALENDAR,TP
continuous_1289_S7_strategy2.npz,0–4232,FAMILY,FAMILY,TP
continuous_1289_S7_strategy2.npz,4232–8497,FOOD,FOOD,TP
continuous_1289_S7_strategy2.npz,8497–12729,RELATIONSHIPS,RELATIONSHIPS,TP
continuous_1289_S7_strategy2.npz,12729–16960,DRINK,DRINK,TP
continuous_1289_S7_strategy2.npz,16960–21159,CALENDAR,CALENDAR,TP
continuous_1289_S7_strategy2.npz,21159–25709,GREETING,GREETING,TP
continuous_1290_S7_strategy2.npz,0–4739,NUMBER,NUMBER,TP
continuous_1290_S7_strategy2.npz,3700–7433,—,NUMBER,FP
continuous_1290_S7_strategy2.npz,4739–8938,FOOD,FOOD,TP
continuous_1290_S7_strategy2.npz,8938–13216,DAYS,DAYS,TP
continuous_1290_S7_strategy2.npz,13216–17447,COLOR,COLOR,TP
continuous_1290_S7_strategy2.npz,17447–22245,SURVIVAL,SURVIVAL,TP
continuous_1291_S7_strategy2.npz,0–4265,FOOD,FOOD,TP
continuous_1291_S7_strategy2.npz,4265–8530,COLOR,COLOR,TP
continuous_1291_S7_strategy2.npz,8300–11066,—,SURVIVAL,FP
continuous_1291_S7_strategy2.npz,8530–12761,DRINK,DRINK,TP
continuous_1291_S7_strategy2.npz,12761–17005,DAYS,DAYS,TP
continuous_1291_S7_strategy2.npz,17005–21744,NUMBER,NUMBER,TP
continuous_1291_S7_strategy2.npz,21744–26109,RELATIONSHIPS,RELATIONSHIPS,TP
continuous_1291_S7_strategy2.npz,26109–30695,GREETING,GREETING,TP
continuous_1292_S7_strategy2.npz,0–4265,FOOD,FOOD,TP
continuous_1292_S7_strategy2.npz,2133–4300,—,GREETING,FP
continuous_1292_S7_strategy2.npz,4265–8744,GREETING,GREETING,TP
continuous_1292_S7_strategy2.npz,8633–10800,—,CALENDAR,FP
continuous_1292_S7_strategy2.npz,8744–13385,CALENDAR,—,FN
continuous_1292_S7_strategy2.npz,10800–15133,—,CALENDAR,FP
continuous_1292_S7_strategy2.npz,13385–17650,RELATIONSHIPS,RELATIONSHIPS,TP
continuous_1292_S7_strategy2.npz,17300–19466,—,SURVIVAL,FP
continuous_1292_S7_strategy2.npz,17650–21882,NUMBER,NUMBER,TP
continuous_1293_S7_strategy2.npz,0–4211,DAYS,DAYS,TP
continuous_1293_S7_strategy2.npz,4211–8819,NUMBER,NUMBER,TP
continuous_1293_S7_strategy2.npz,8819–13756,CALENDAR,CALENDAR,TP
continuous_1293_S7_strategy2.npz,13533–15800,—,COLOR,FP
continuous_1293_S7_strategy2.npz,13756–18554,SURVIVAL,SURVIVAL,TP
continuous_1293_S7_strategy2.npz,18554–22785,COLOR,COLOR,TP
continuous_1293_S7_strategy2.npz,22566–24833,—,FOOD,FP
continuous_1293_S7_strategy2.npz,22785–27016,FOOD,FOOD,TP
continuous_1294_S7_strategy2.npz,0–4265,FOOD,FOOD,TP
continuous_1294_S7_strategy2.npz,2133–4300,—,FAMILY,FP
continuous_1294_S7_strategy2.npz,4265–8939,NUMBER,NUMBER,TP
continuous_1294_S7_strategy2.npz,6433–8600,—,NUMBER,FP
continuous_1294_S7_strategy2.npz,8600–10766,—,FAMILY,FP
continuous_1294_S7_strategy2.npz,8939–13176,FAMILY,FAMILY,TP
continuous_1294_S7_strategy2.npz,13176–17420,DAYS,DAYS,TP
continuous_1294_S7_strategy2.npz,15066–17233,—,NUMBER,FP
continuous_1294_S7_strategy2.npz,17233–19366,—,NUMBER,FP
continuous_1294_S7_strategy2.npz,17420–22078,GREETING,GREETING,TP
continuous_1294_S7_strategy2.npz,22078–26243,DRINK,DRINK,TP
continuous_1294_S7_strategy2.npz,26243–30375,CALENDAR,—,FN
continuous_1295_S7_strategy2.npz,0–4231,RELATIONSHIPS,RELATIONSHIPS,TP
continuous_1295_S7_strategy2.npz,3133–6300,—,DRINK,FP
continuous_1295_S7_strategy2.npz,4231–8496,FOOD,FOOD,TP
continuous_1295_S7_strategy2.npz,8496–13127,SURVIVAL,SURVIVAL,TP
continuous_1295_S7_strategy2.npz,13127–17713,GREETING,—,FN
continuous_1295_S7_strategy2.npz,15800–18966,—,GREETING,FP
continuous_1295_S7_strategy2.npz,17713–22387,NUMBER,NUMBER,TP
continuous_1296_S7_strategy2.npz,0–4298,RELATIONSHIPS,RELATIONSHIPS,TP
continuous_1296_S7_strategy2.npz,3033–6100,—,DAYS,FP
continuous_1296_S7_strategy2.npz,4298–8920,GREETING,GREETING,TP
continuous_1296_S7_strategy2.npz,8920–13857,CALENDAR,—,FN
continuous_1296_S7_strategy2.npz,9166–12200,—,FOOD,FP
continuous_1296_S7_strategy2.npz,12200–15266,—,CALENDAR,FP
continuous_1296_S7_strategy2.npz,13857–18101,FAMILY,—,FN
continuous_1296_S7_strategy2.npz,15266–18333,—,CALENDAR,FP
continuous_1296_S7_strategy2.npz,18101–22332,COLOR,COLOR,TP
continuous_1296_S7_strategy2.npz,18333–21366,—,FAMILY,FP
continuous_1296_S7_strategy2.npz,22332–26997,SURVIVAL,SURVIVAL,TP
continuous_1296_S7_strategy2.npz,26997–30797,DRINK,DRINK,TP
continuous_1297_S7_strategy2.npz,0–4265,COLOR,COLOR,TP
continuous_1297_S7_strategy2.npz,4265–8509,DAYS,DAYS,TP
continuous_1297_S7_strategy2.npz,8509–12774,RELATIONSHIPS,RELATIONSHIPS,TP
continuous_1297_S7_strategy2.npz,12400–15500,—,SURVIVAL,FP
continuous_1297_S7_strategy2.npz,12774–17039,DRINK,DAYS,TP
continuous_1297_S7_strategy2.npz,17039–21670,SURVIVAL,SURVIVAL,TP
continuous_1298_S7_strategy2.npz,0–4665,SURVIVAL,SURVIVAL,TP
continuous_1298_S7_strategy2.npz,4665–8896,DRINK,DRINK,TP
continuous_1298_S7_strategy2.npz,6566–9866,—,NUMBER,FP
continuous_1298_S7_strategy2.npz,8896–13570,NUMBER,—,FN
continuous_1298_S7_strategy2.npz,13570–17702,COLOR,COLOR,TP
continuous_1298_S7_strategy2.npz,17702–22068,GREETING,GREETING,TP
continuous_1298_S7_strategy2.npz,19766–23066,—,FAMILY,FP
continuous_1298_S7_strategy2.npz,22068–26314,FAMILY,FAMILY,TP
continuous_1299_S7_strategy2.npz,0–4232,GREETING,GREETING,TP
continuous_1299_S7_strategy2.npz,4232–8897,SURVIVAL,SURVIVAL,TP
continuous_1299_S7_strategy2.npz,8100–10833,—,GREETING,FP
continuous_1299_S7_strategy2.npz,8897–13128,FOOD,FOOD,TP
continuous_1299_S7_strategy2.npz,13128–17374,FAMILY,FAMILY,TP
continuous_1299_S7_strategy2.npz,13533–16233,—,FOOD,FP
continuous_1299_S7_strategy2.npz,17374–21639,DRINK,DRINK,TP
continuous_1300_S7_strategy2.npz,0–4937,CALENDAR,CALENDAR,TP
continuous_1300_S7_strategy2.npz,4937–9150,FAMILY,FAMILY,TP
continuous_1300_S7_strategy2.npz,8766–11700,—,GREETING,FP
continuous_1300_S7_strategy2.npz,9150–13515,DAYS,—,FN
continuous_1300_S7_strategy2.npz,11700–14600,—,DRINK,FP
continuous_1300_S7_strategy2.npz,13515–17746,DRINK,—,FN
continuous_1300_S7_strategy2.npz,14600–17533,—,DRINK,FP
continuous_1300_S7_strategy2.npz,17746–22011,COLOR,COLOR,TP
continuous_1300_S7_strategy2.npz,22011–26276,NUMBER,NUMBER,TP
continuous_1301_S7_strategy2.npz,0–4265,COLOR,COLOR,TP
continuous_1301_S7_strategy2.npz,2733–5466,—,RELATIONSHIPS,FP
continuous_1301_S7_strategy2.npz,4265–8807,NUMBER,NUMBER,TP
continuous_1301_S7_strategy2.npz,8200–10933,—,SURVIVAL,FP
continuous_1301_S7_strategy2.npz,8807–13448,CALENDAR,CALENDAR,TP
continuous_1301_S7_strategy2.npz,13448–17679,DRINK,DRINK,TP
continuous_1301_S7_strategy2.npz,17679–21844,DAYS,NUMBER,TP
continuous_1302_S7_strategy2.npz,0–4244,DAYS,DAYS,TP
continuous_1302_S7_strategy2.npz,4244–8475,RELATIONSHIPS,RELATIONSHIPS,TP
continuous_1302_S7_strategy2.npz,5833–8766,—,SURVIVAL,FP
continuous_1302_S7_strategy2.npz,8475–13061,GREETING,GREETING,TP
continuous_1302_S7_strategy2.npz,8766–11666,—,FOOD,FP
continuous_1302_S7_strategy2.npz,13061–17326,DRINK,—,FN
continuous_1302_S7_strategy2.npz,14600–17533,—,COLOR,FP
continuous_1302_S7_strategy2.npz,17326–21835,CALENDAR,—,FN
continuous_1302_S7_strategy2.npz,17533–20433,—,DRINK,FP
continuous_1302_S7_strategy2.npz,20433–23366,—,CALENDAR,FP
continuous_1302_S7_strategy2.npz,21835–26509,NUMBER,NUMBER,TP
continuous_1303_S7_strategy2.npz,0–4265,RELATIONSHIPS,RELATIONSHIPS,TP
continuous_1303_S7_strategy2.npz,2733–5466,—,FOOD,FP
continuous_1303_S7_strategy2.npz,4265–8530,FOOD,—,FN
continuous_1303_S7_strategy2.npz,5466–8233,—,DRINK,FP
continuous_1303_S7_strategy2.npz,8530–12761,DRINK,DRINK,TP
continuous_1303_S7_strategy2.npz,10966–13700,—,DRINK,FP
continuous_1303_S7_strategy2.npz,12761–17026,FAMILY,FAMILY,TP
continuous_1303_S7_strategy2.npz,17026–21930,CALENDAR,CALENDAR,TP
continuous_1304_S7_strategy2.npz,0–4631,SURVIVAL,SURVIVAL,TP
continuous_1304_S7_strategy2.npz,4631–8877,FAMILY,FAMILY,TP
continuous_1304_S7_strategy2.npz,8877–13142,RELATIONSHIPS,RELATIONSHIPS,TP
continuous_1304_S7_strategy2.npz,13142–17407,FOOD,FOOD,TP
continuous_1304_S7_strategy2.npz,17407–21639,DAYS,NUMBER,TP
continuous_1304_S7_strategy2.npz,21639–25870,DRINK,DRINK,TP
continuous_1305_S7_strategy2.npz,0–4231,COLOR,COLOR,TP
continuous_1305_S7_strategy2.npz,2533–5066,—,DRINK,FP
continuous_1305_S7_strategy2.npz,4231–8462,DRINK,—,FN
continuous_1305_S7_strategy2.npz,5066–7600,—,CALENDAR,FP
continuous_1305_S7_strategy2.npz,7600–10166,—,CALENDAR,FP
continuous_1305_S7_strategy2.npz,8462–13136,CALENDAR,—,FN
continuous_1305_S7_strategy2.npz,13136–17744,NUMBER,NUMBER,TP
continuous_1305_S7_strategy2.npz,17744–21975,RELATIONSHIPS,RELATIONSHIPS,TP
continuous_1305_S7_strategy2.npz,21975–26174,DAYS,DAYS,TP
continuous_1305_S7_strategy2.npz,26174–30420,FAMILY,FAMILY,TP
continuous_1306_S7_strategy2.npz,0–4265,DRINK,DRINK,TP
continuous_1306_S7_strategy2.npz,3266–6566,—,NUMBER,FP
continuous_1306_S7_strategy2.npz,4265–8906,NUMBER,—,FN
continuous_1306_S7_strategy2.npz,6566–9833,—,DRINK,FP
continuous_1306_S7_strategy2.npz,8906–13456,GREETING,GREETING,TP
continuous_1306_S7_strategy2.npz,13133–16433,—,NUMBER,FP
continuous_1306_S7_strategy2.npz,13456–18087,SURVIVAL,SURVIVAL,TP
continuous_1306_S7_strategy2.npz,18087–22318,RELATIONSHIPS,RELATIONSHIPS,TP
continuous_1306_S7_strategy2.npz,22318–26549,FOOD,FOOD,TP
continuous_1307_S7_strategy2.npz,0–4211,DAYS,DAYS,TP
continuous_1307_S7_strategy2.npz,2433–4866,—,COLOR,FP
continuous_1307_S7_strategy2.npz,4211–8476,COLOR,—,FN
continuous_1307_S7_strategy2.npz,4866–7300,—,DRINK,FP
continuous_1307_S7_strategy2.npz,7300–9733,—,DRINK,FP
continuous_1307_S7_strategy2.npz,8476–12741,DRINK,—,FN
continuous_1307_S7_strategy2.npz,9733–12200,—,COLOR,FP
continuous_1307_S7_strategy2.npz,12200–14633,—,CALENDAR,FP
continuous_1307_S7_strategy2.npz,12741–17678,CALENDAR,—,FN
continuous_1307_S7_strategy2.npz,14633–17066,—,CALENDAR,FP
continuous_1307_S7_strategy2.npz,17066–19500,—,GREETING,FP
continuous_1307_S7_strategy2.npz,17678–22192,GREETING,GREETING,TP
continuous_1308_S7_strategy2.npz,0–4674,NUMBER,NUMBER,TP
continuous_1308_S7_strategy2.npz,2533–5066,—,RELATIONSHIPS,FP
continuous_1308_S7_strategy2.npz,4674–8905,RELATIONSHIPS,RELATIONSHIPS,TP
continuous_1308_S7_strategy2.npz,8905–12970,COLOR,COLOR,TP
continuous_1308_S7_strategy2.npz,12970–17201,FOOD,FOOD,TP
continuous_1308_S7_strategy2.npz,17201–22138,CALENDAR,CALENDAR,TP
continuous_1308_S7_strategy2.npz,22138–26403,DRINK,DRINK,TP
continuous_1308_S7_strategy2.npz,25400–27933,—,SURVIVAL,FP
continuous_1308_S7_strategy2.npz,26403–30435,SURVIVAL,SURVIVAL,TP
continuous_1309_S7_strategy2.npz,0–4000,DRINK,DRINK,TP
continuous_1309_S7_strategy2.npz,4000–8658,GREETING,RELATIONSHIPS,TP
continuous_1309_S7_strategy2.npz,8658–12823,FAMILY,FAMILY,TP
continuous_1309_S7_strategy2.npz,12823–17088,RELATIONSHIPS,RELATIONSHIPS,TP
continuous_1309_S7_strategy2.npz,16933–20333,—,FOOD,FP
continuous_1309_S7_strategy2.npz,17088–21353,FOOD,FOOD,TP
continuous_1309_S7_strategy2.npz,21353–25984,SURVIVAL,SURVIVAL,TP
continuous_1309_S7_strategy2.npz,25984–30756,NUMBER,NUMBER,TP
continuous_1310_S7_strategy2.npz,0–4065,DAYS,DAYS,TP
continuous_1310_S7_strategy2.npz,3100–6233,—,FAMILY,FP
continuous_1310_S7_strategy2.npz,4065–8311,FAMILY,—,FN
continuous_1310_S7_strategy2.npz,6233–9366,—,RELATIONSHIPS,FP
continuous_1310_S7_strategy2.npz,8311–12942,SURVIVAL,SURVIVAL,TP
continuous_1310_S7_strategy2.npz,12942–17141,DRINK,—,FN
continuous_1310_S7_strategy2.npz,15633–18766,—,DRINK,FP
continuous_1310_S7_strategy2.npz,17141–21848,NUMBER,NUMBER,TP
continuous_1311_S7_strategy2.npz,0–4265,FOOD,FOOD,TP
continuous_1311_S7_strategy2.npz,2800–5633,—,FAMILY,FP
continuous_1311_S7_strategy2.npz,4265–8531,FAMILY,—,FN
continuous_1311_S7_strategy2.npz,8531–12796,COLOR,COLOR,TP
continuous_1311_S7_strategy2.npz,11266–14100,—,SURVIVAL,FP
continuous_1311_S7_strategy2.npz,12796–16929,SURVIVAL,—,FN
continuous_1311_S7_strategy2.npz,14100–16900,—,NUMBER,FP
continuous_1311_S7_strategy2.npz,16900–22566,—,NUMBER,FP
continuous_1311_S7_strategy2.npz,16929–21668,NUMBER,—,FN
continuous_1311_S7_strategy2.npz,21668–26290,GREETING,GREETING,TP
continuous_1311_S7_strategy2.npz,26290–31260,DAYS,DAYS,TP
continuous_1312_S7_strategy2.npz,0–4231,FOOD,FOOD,TP
continuous_1312_S7_strategy2.npz,2566–5133,—,SURVIVAL,FP
continuous_1312_S7_strategy2.npz,4231–8464,SURVIVAL,—,FN
continuous_1312_S7_strategy2.npz,5133–7733,—,COLOR,FP
continuous_1312_S7_strategy2.npz,8464–12695,COLOR,COLOR,TP
continuous_1312_S7_strategy2.npz,10300–12900,—,DRINK,FP
continuous_1312_S7_strategy2.npz,12695–16941,FAMILY,FAMILY,TP
continuous_1312_S7_strategy2.npz,15466–18033,—,CALENDAR,FP
continuous_1312_S7_strategy2.npz,16941–21845,CALENDAR,—,FN
continuous_1312_S7_strategy2.npz,18033–20633,—,SURVIVAL,FP
continuous_1312_S7_strategy2.npz,21845–26815,DAYS,DAYS,TP
continuous_1312_S7_strategy2.npz,25800–28366,—,COLOR,FP
continuous_1312_S7_strategy2.npz,26815–30880,GREETING,GREETING,TP
continuous_1313_S7_strategy2.npz,0–4244,DAYS,DAYS,TP
continuous_1313_S7_strategy2.npz,2666–5333,—,FAMILY,FP
continuous_1313_S7_strategy2.npz,4244–8490,FAMILY,—,FN
continuous_1313_S7_strategy2.npz,8490–12755,COLOR,COLOR,TP
continuous_1313_S7_strategy2.npz,12755–17429,NUMBER,NUMBER,TP
continuous_1313_S7_strategy2.npz,17429–22366,CALENDAR,CALENDAR,TP
continuous_1313_S7_strategy2.npz,22366–26952,GREETING,GREETING,TP
continuous_1314_S7_strategy2.npz,0–4399,RELATIONSHIPS,RELATIONSHIPS,TP
continuous_1314_S7_strategy2.npz,2666–5333,—,FAMILY,FP
continuous_1314_S7_strategy2.npz,4399–9336,DAYS,DAYS,TP
continuous_1314_S7_strategy2.npz,8000–10666,—,SURVIVAL,FP
continuous_1314_S7_strategy2.npz,9336–13934,SURVIVAL,SURVIVAL,TP
continuous_1314_S7_strategy2.npz,13366–16033,—,RELATIONSHIPS,FP
continuous_1314_S7_strategy2.npz,13934–18189,FAMILY,FAMILY,TP
continuous_1314_S7_strategy2.npz,18189–22420,COLOR,COLOR,TP
continuous_1314_S7_strategy2.npz,21366–24033,—,COLOR,FP
continuous_1314_S7_strategy2.npz,22420–26685,DRINK,DAYS,TP
continuous_1315_S7_strategy2.npz,0–4244,FAMILY,FAMILY,TP
continuous_1315_S7_strategy2.npz,4244–8975,SURVIVAL,SURVIVAL,TP
continuous_1315_S7_strategy2.npz,7666–10233,—,CALENDAR,FP
continuous_1315_S7_strategy2.npz,8975–13945,CALENDAR,—,FN
continuous_1315_S7_strategy2.npz,10233–12800,—,CALENDAR,FP
continuous_1315_S7_strategy2.npz,12800–15366,—,CALENDAR,FP
continuous_1315_S7_strategy2.npz,13945–17977,DAYS,DAYS,TP
continuous_1315_S7_strategy2.npz,17933–20500,—,NUMBER,FP
continuous_1315_S7_strategy2.npz,17977–22142,NUMBER,NUMBER,TP
continuous_1315_S7_strategy2.npz,22142–26728,GREETING,GREETING,TP
continuous_1315_S7_strategy2.npz,26728–30993,FOOD,FOOD,TP
continuous_1316_S7_strategy2.npz,0–4707,NUMBER,NUMBER,TP
continuous_1316_S7_strategy2.npz,4707–9611,CALENDAR,CALENDAR,TP
continuous_1316_S7_strategy2.npz,5733–8633,—,CALENDAR,FP
continuous_1316_S7_strategy2.npz,9611–13982,GREETING,GREETING,TP
continuous_1316_S7_strategy2.npz,13982–18247,FOOD,FOOD,TP
continuous_1316_S7_strategy2.npz,18247–23217,DAYS,DAYS,TP
continuous_1317_S7_strategy2.npz,0–4165,COLOR,COLOR,TP
continuous_1317_S7_strategy2.npz,2366–4733,—,DRINK,FP
continuous_1317_S7_strategy2.npz,4165–8839,NUMBER,NUMBER,TP
continuous_1317_S7_strategy2.npz,4733–7100,—,NUMBER,FP
continuous_1317_S7_strategy2.npz,8839–13070,DRINK,DRINK,TP
continuous_1317_S7_strategy2.npz,9466–11833,—,DRINK,FP
continuous_1317_S7_strategy2.npz,13070–17316,DAYS,DAYS,TP
continuous_1317_S7_strategy2.npz,17316–22253,CALENDAR,CALENDAR,TP
continuous_1317_S7_strategy2.npz,18933–21300,—,DRINK,FP
continuous_1317_S7_strategy2.npz,22253–26499,FAMILY,FAMILY,TP
continuous_1317_S7_strategy2.npz,23666–26033,—,CALENDAR,FP
continuous_1317_S7_strategy2.npz,26499–30978,GREETING,GREETING,TP
continuous_1318_S7_strategy2.npz,0–4132,DRINK,DRINK,TP
continuous_1318_S7_strategy2.npz,4132–8363,FOOD,FOOD,TP
continuous_1318_S7_strategy2.npz,8363–12428,CALENDAR,CALENDAR,TP
continuous_1318_S7_strategy2.npz,10433–13033,—,CALENDAR,FP
continuous_1318_S7_strategy2.npz,12428–16627,NUMBER,NUMBER,TP
continuous_1318_S7_strategy2.npz,15666–18266,—,RELATIONSHIPS,FP
continuous_1318_S7_strategy2.npz,16627–21177,GREETING,GREETING,TP
continuous_1319_S7_strategy2.npz,0–4278,DAYS,DAYS,TP
continuous_1319_S7_strategy2.npz,3100–6200,—,CALENDAR,FP
continuous_1319_S7_strategy2.npz,4278–8543,RELATIONSHIPS,RELATIONSHIPS,TP
continuous_1319_S7_strategy2.npz,8543–12797,FAMILY,FAMILY,TP
continuous_1319_S7_strategy2.npz,12400–15500,—,DRINK,FP
continuous_1319_S7_strategy2.npz,12797–17028,DRINK,DRINK,TP
continuous_1319_S7_strategy2.npz,17028–21669,NUMBER,NUMBER,TP
continuous_1320_S7_strategy2.npz,0–3866,NUMBER,NUMBER,TP
continuous_1320_S7_strategy2.npz,2466–4966,—,NUMBER,FP
continuous_1320_S7_strategy2.npz,3866–8131,COLOR,COLOR,TP
continuous_1320_S7_strategy2.npz,8131–13101,DAYS,DAYS,TP
continuous_1320_S7_strategy2.npz,12433–14933,—,SURVIVAL,FP
continuous_1320_S7_strategy2.npz,13101–17366,FAMILY,FAMILY,TP
continuous_1320_S7_strategy2.npz,17366–22336,CALENDAR,CALENDAR,TP
continuous_1320_S7_strategy2.npz,17400–19900,—,CALENDAR,FP
continuous_1321_S7_strategy2.npz,0–4231,RELATIONSHIPS,RELATIONSHIPS,TP
continuous_1321_S7_strategy2.npz,4231–8496,COLOR,NUMBER,TP
continuous_1321_S7_strategy2.npz,8496–13010,GREETING,GREETING,TP
continuous_1321_S7_strategy2.npz,13010–17275,DRINK,DRINK,TP
continuous_1321_S7_strategy2.npz,16300–19033,—,SURVIVAL,FP
continuous_1321_S7_strategy2.npz,17275–21873,SURVIVAL,—,FN
continuous_1321_S7_strategy2.npz,21873–25938,FOOD,COLOR,TP
continuous_1321_S7_strategy2.npz,25938–30184,FAMILY,RELATIONSHIPS,TP
continuous_1322_S7_strategy2.npz,0–4265,FOOD,FOOD,TP
continuous_1322_S7_strategy2.npz,4265–8431,GREETING,GREETING,TP
continuous_1322_S7_strategy2.npz,8431–12675,FAMILY,FAMILY,TP
continuous_1322_S7_strategy2.npz,12675–17373,SURVIVAL,SURVIVAL,TP
continuous_1322_S7_strategy2.npz,17373–22014,NUMBER,NUMBER,TP
continuous_1323_S7_strategy2.npz,0–4265,DRINK,DRINK,TP
continuous_1323_S7_strategy2.npz,4265–8779,GREETING,GREETING,TP
continuous_1323_S7_strategy2.npz,8779–12977,FOOD,FOOD,TP
continuous_1323_S7_strategy2.npz,12977–17256,DAYS,COLOR,TP
continuous_1323_S7_strategy2.npz,17256–21887,SURVIVAL,SURVIVAL,TP
continuous_1323_S7_strategy2.npz,21887–26166,FAMILY,FAMILY,TP
continuous_1323_S7_strategy2.npz,26166–30298,COLOR,DRINK,TP
continuous_1324_S7_strategy2.npz,0–4199,FOOD,FOOD,TP
continuous_1324_S7_strategy2.npz,4199–8445,FAMILY,FAMILY,TP
continuous_1324_S7_strategy2.npz,8445–12744,CALENDAR,CALENDAR,TP
continuous_1324_S7_strategy2.npz,12744–17294,GREETING,GREETING,TP
continuous_1324_S7_strategy2.npz,17294–21326,RELATIONSHIPS,RELATIONSHIPS,TP
continuous_1325_S7_strategy2.npz,0–4231,FOOD,FOOD,TP
continuous_1325_S7_strategy2.npz,2633–5266,—,DAYS,FP
continuous_1325_S7_strategy2.npz,4231–8463,DAYS,—,FN
continuous_1325_S7_strategy2.npz,5266–7933,—,COLOR,FP
continuous_1325_S7_strategy2.npz,8463–13104,NUMBER,NUMBER,TP
continuous_1325_S7_strategy2.npz,13104–17403,COLOR,COLOR,TP
continuous_1325_S7_strategy2.npz,17403–21668,DRINK,DRINK,TP
continuous_1325_S7_strategy2.npz,21166–23800,—,CALENDAR,FP
continuous_1325_S7_strategy2.npz,21668–26407,CALENDAR,—,FN
continuous_1325_S7_strategy2.npz,23800–26466,—,CALENDAR,FP
continuous_1326_S7_strategy2.npz,0–4565,SURVIVAL,SURVIVAL,TP
continuous_1326_S7_strategy2.npz,4565–8831,NUMBER,NUMBER,TP
continuous_1326_S7_strategy2.npz,8831–13768,DAYS,DAYS,TP
continuous_1326_S7_strategy2.npz,13768–18705,CALENDAR,NUMBER,TP
continuous_1326_S7_strategy2.npz,18705–22936,COLOR,COLOR,TP
continuous_1327_S7_strategy2.npz,0–4631,SURVIVAL,SURVIVAL,TP
continuous_1327_S7_strategy2.npz,4631–9568,CALENDAR,CALENDAR,TP
continuous_1327_S7_strategy2.npz,7633–10166,—,CALENDAR,FP
continuous_1327_S7_strategy2.npz,9568–13825,DAYS,DAYS,TP
continuous_1327_S7_strategy2.npz,13825–17757,NUMBER,NUMBER,TP
continuous_1327_S7_strategy2.npz,17757–21988,COLOR,RELATIONSHIPS,TP
continuous_1327_S7_strategy2.npz,20333–22900,—,DRINK,FP
continuous_1327_S7_strategy2.npz,21988–26219,DRINK,—,FN
continuous_1327_S7_strategy2.npz,22900–25433,—,DRINK,FP
continuous_1327_S7_strategy2.npz,25433–27966,—,DRINK,FP
continuous_1327_S7_strategy2.npz,26219–30484,RELATIONSHIPS,RELATIONSHIPS,TP
continuous_1328_S7_strategy2.npz,0–4399,CALENDAR,CALENDAR,TP
continuous_1328_S7_strategy2.npz,4399–9106,NUMBER,NUMBER,TP
continuous_1328_S7_strategy2.npz,9106–13438,DAYS,DAYS,TP
continuous_1328_S7_strategy2.npz,13438–17703,COLOR,COLOR,TP
continuous_1328_S7_strategy2.npz,16633–19000,—,DAYS,FP
continuous_1328_S7_strategy2.npz,17703–21868,RELATIONSHIPS,RELATIONSHIPS,TP
continuous_1328_S7_strategy2.npz,21366–23766,—,FAMILY,FP
continuous_1328_S7_strategy2.npz,21868–26562,GREETING,GREETING,TP
continuous_1328_S7_strategy2.npz,26133–28500,—,SURVIVAL,FP
continuous_1328_S7_strategy2.npz,26562–31160,SURVIVAL,SURVIVAL,TP
continuous_1329_S7_strategy2.npz,0–4279,FAMILY,FAMILY,TP
continuous_1329_S7_strategy2.npz,2933–5866,—,COLOR,FP
continuous_1329_S7_strategy2.npz,4279–8078,COLOR,—,FN
continuous_1329_S7_strategy2.npz,5866–8833,—,SURVIVAL,FP
continuous_1329_S7_strategy2.npz,8078–12044,SURVIVAL,—,FN
continuous_1329_S7_strategy2.npz,8833–11766,—,DRINK,FP
continuous_1329_S7_strategy2.npz,11766–14733,—,DRINK,FP
continuous_1329_S7_strategy2.npz,12044–16309,FOOD,FOOD,TP
continuous_1329_S7_strategy2.npz,16309–20895,GREETING,GREETING,TP
continuous_1330_S7_strategy2.npz,0–4231,COLOR,COLOR,TP
continuous_1330_S7_strategy2.npz,4231–8444,FAMILY,FAMILY,TP
continuous_1330_S7_strategy2.npz,6266–9400,—,DRINK,FP
continuous_1330_S7_strategy2.npz,8444–12709,FOOD,FOOD,TP
continuous_1330_S7_strategy2.npz,12709–17473,SURVIVAL,SURVIVAL,TP
continuous_1330_S7_strategy2.npz,17473–21972,RELATIONSHIPS,RELATIONSHIPS,TP
continuous_1331_S7_strategy2.npz,0–4575,NUMBER,NUMBER,TP
continuous_1331_S7_strategy2.npz,2333–4666,—,NUMBER,FP
continuous_1331_S7_strategy2.npz,4575–9512,CALENDAR,CALENDAR,TP
continuous_1331_S7_strategy2.npz,4666–7000,—,SURVIVAL,FP
continuous_1331_S7_strategy2.npz,9512–13758,FAMILY,FAMILY,TP
continuous_1331_S7_strategy2.npz,11666–14000,—,COLOR,FP
continuous_1331_S7_strategy2.npz,13758–17989,COLOR,COLOR,TP
continuous_1331_S7_strategy2.npz,16333–18666,—,DRINK,FP
continuous_1331_S7_strategy2.npz,17989–22121,RELATIONSHIPS,RELATIONSHIPS,TP
continuous_1331_S7_strategy2.npz,22121–26153,FOOD,FOOD,TP
continuous_1331_S7_strategy2.npz,25666–28000,—,COLOR,FP
continuous_1331_S7_strategy2.npz,26153–30285,DRINK,DRINK,TP
continuous_1332_S7_strategy2.npz,0–4199,FAMILY,FAMILY,TP
continuous_1332_S7_strategy2.npz,3233–6466,—,RELATIONSHIPS,FP
continuous_1332_S7_strategy2.npz,4199–8464,COLOR,COLOR,TP
continuous_1332_S7_strategy2.npz,8464–12729,RELATIONSHIPS,RELATIONSHIPS,TP
continuous_1332_S7_strategy2.npz,12729–17666,NUMBER,NUMBER,TP
continuous_1332_S7_strategy2.npz,16200–19433,—,CALENDAR,FP
continuous_1332_S7_strategy2.npz,17666–22636,CALENDAR,CALENDAR,TP
continuous_1333_S7_strategy2.npz,0–4231,RELATIONSHIPS,RELATIONSHIPS,TP
continuous_1333_S7_strategy2.npz,4231–8806,NUMBER,NUMBER,TP
continuous_1333_S7_strategy2.npz,8806–13414,SURVIVAL,SURVIVAL,TP
continuous_1333_S7_strategy2.npz,12333–15400,—,RELATIONSHIPS,FP
continuous_1333_S7_strategy2.npz,13414–17347,GREETING,GREETING,TP
continuous_1333_S7_strategy2.npz,17347–21546,FOOD,FOOD,TP
continuous_1334_S7_strategy2.npz,0–4265,COLOR,COLOR,TP
continuous_1334_S7_strategy2.npz,4265–8530,RELATIONSHIPS,RELATIONSHIPS,TP
continuous_1334_S7_strategy2.npz,7133–9533,—,DRINK,FP
continuous_1334_S7_strategy2.npz,8530–12776,FAMILY,FAMILY,TP
continuous_1334_S7_strategy2.npz,11933–14300,—,SURVIVAL,FP
continuous_1334_S7_strategy2.npz,12776–17674,SURVIVAL,SURVIVAL,TP
continuous_1334_S7_strategy2.npz,17674–21905,DRINK,DRINK,TP
continuous_1334_S7_strategy2.npz,21905–26527,GREETING,GREETING,TP
continuous_1335_S7_strategy2.npz,0–4231,FOOD,FOOD,TP
continuous_1335_S7_strategy2.npz,4231–8872,NUMBER,NUMBER,TP
continuous_1335_S7_strategy2.npz,8872–13137,DRINK,DRINK,TP
continuous_1335_S7_strategy2.npz,13137–17368,RELATIONSHIPS,RELATIONSHIPS,TP
continuous_1335_S7_strategy2.npz,17368–21566,COLOR,COLOR,TP
continuous_1336_S7_strategy2.npz,0–4365,DAYS,DAYS,TP
continuous_1336_S7_strategy2.npz,2666–5333,—,DRINK,FP
continuous_1336_S7_strategy2.npz,4365–8630,DRINK,—,FN
continuous_1336_S7_strategy2.npz,5333–8033,—,FOOD,FP
continuous_1336_S7_strategy2.npz,8630–12895,FOOD,FOOD,TP
continuous_1336_S7_strategy2.npz,10700–13366,—,RELATIONSHIPS,FP
continuous_1336_S7_strategy2.npz,12895–17160,RELATIONSHIPS,RELATIONSHIPS,TP
continuous_1336_S7_strategy2.npz,16066–18733,—,DRINK,FP
continuous_1336_S7_strategy2.npz,17160–21426,SURVIVAL,SURVIVAL,TP
continuous_1337_S7_strategy2.npz,0–4265,COLOR,COLOR,TP
continuous_1337_S7_strategy2.npz,4265–9138,GREETING,GREETING,TP
continuous_1337_S7_strategy2.npz,9138–13369,RELATIONSHIPS,RELATIONSHIPS,TP
continuous_1337_S7_strategy2.npz,13369–17434,FOOD,FOOD,TP
continuous_1337_S7_strategy2.npz,17434–21647,FAMILY,FAMILY,TP
continuous_1338_S7_strategy2.npz,0–4265,COLOR,COLOR,TP
continuous_1338_S7_strategy2.npz,4265–8496,FOOD,FOOD,TP
continuous_1338_S7_strategy2.npz,4866–7333,—,FOOD,FP
continuous_1338_S7_strategy2.npz,8496–13104,CALENDAR,CALENDAR,TP
continuous_1338_S7_strategy2.npz,9766–12200,—,DRINK,FP
continuous_1338_S7_strategy2.npz,13104–17735,SURVIVAL,SURVIVAL,TP
continuous_1338_S7_strategy2.npz,17735–21967,RELATIONSHIPS,RELATIONSHIPS,TP
continuous_1339_S7_strategy2.npz,0–4805,NUMBER,NUMBER,TP
continuous_1339_S7_strategy2.npz,4805–9070,FOOD,FOOD,TP
continuous_1339_S7_strategy2.npz,7900–10533,—,CALENDAR,FP
continuous_1339_S7_strategy2.npz,9070–14040,CALENDAR,—,FN
continuous_1339_S7_strategy2.npz,10533–18466,—,CALENDAR,FP
continuous_1339_S7_strategy2.npz,14040–18672,DAYS,—,FN
continuous_1339_S7_strategy2.npz,18466–23733,—,DAYS,FP
continuous_1339_S7_strategy2.npz,18672–23366,GREETING,—,FN
continuous_1339_S7_strategy2.npz,23366–27612,FAMILY,FAMILY,TP
continuous_1339_S7_strategy2.npz,23733–26366,—,GREETING,FP
continuous_1339_S7_strategy2.npz,27612–31877,COLOR,COLOR,TP
continuous_1340_S7_strategy2.npz,0–4231,RELATIONSHIPS,RELATIONSHIPS,TP
continuous_1340_S7_strategy2.npz,2933–5866,—,RELATIONSHIPS,FP
continuous_1340_S7_strategy2.npz,4231–8115,NUMBER,NUMBER,TP
continuous_1340_S7_strategy2.npz,8115–12380,DRINK,DRINK,TP
continuous_1340_S7_strategy2.npz,12380–16645,COLOR,COLOR,TP
continuous_1340_S7_strategy2.npz,16645–20877,CALENDAR,CALENDAR,TP
continuous_1340_S7_strategy2.npz,20877–25009,FAMILY,—,FN
continuous_1340_S7_strategy2.npz,23500–26433,—,FAMILY,FP
continuous_1340_S7_strategy2.npz,25009–29667,GREETING,GREETING,TP
continuous_1341_S7_strategy2.npz,0–4231,FOOD,FOOD,TP
continuous_1341_S7_strategy2.npz,2900–5800,—,FOOD,FP
continuous_1341_S7_strategy2.npz,4231–8462,COLOR,COLOR,TP
continuous_1341_S7_strategy2.npz,8462–13103,NUMBER,—,FN
continuous_1341_S7_strategy2.npz,11633–14566,—,NUMBER,FP
continuous_1341_S7_strategy2.npz,13103–17734,SURVIVAL,DRINK,TP
continuous_1341_S7_strategy2.npz,17734–21966,FAMILY,FAMILY,TP
continuous_1341_S7_strategy2.npz,21966–26198,DAYS,DAYS,TP
continuous_1342_S7_strategy2.npz,0–4586,GREETING,GREETING,TP
continuous_1342_S7_strategy2.npz,2700–5433,—,DRINK,FP
continuous_1342_S7_strategy2.npz,4586–8851,DRINK,—,FN
continuous_1342_S7_strategy2.npz,5433–8133,—,DAYS,FP
continuous_1342_S7_strategy2.npz,8133–13600,—,NUMBER,FP
continuous_1342_S7_strategy2.npz,8851–13095,DAYS,—,FN
continuous_1342_S7_strategy2.npz,13095–17769,NUMBER,NUMBER,TP
continuous_1342_S7_strategy2.npz,17769–22000,COLOR,COLOR,TP
continuous_1343_S7_strategy2.npz,0–4244,DAYS,DAYS,TP
continuous_1343_S7_strategy2.npz,2633–5266,—,NUMBER,FP
continuous_1343_S7_strategy2.npz,4244–8490,FAMILY,FAMILY,TP
continuous_1343_S7_strategy2.npz,8490–12755,COLOR,COLOR,TP
continuous_1343_S7_strategy2.npz,12755–16986,FOOD,FOOD,TP
continuous_1343_S7_strategy2.npz,15833–18466,—,RELATIONSHIPS,FP
continuous_1343_S7_strategy2.npz,16986–21086,DRINK,DRINK,TP
continuous_1344_S7_strategy2.npz,0–4765,GREETING,GREETING,TP
continuous_1344_S7_strategy2.npz,4765–9011,FAMILY,FAMILY,TP
continuous_1344_S7_strategy2.npz,9011–13210,DAYS,DAYS,TP
continuous_1344_S7_strategy2.npz,13210–17818,NUMBER,NUMBER,TP
continuous_1344_S7_strategy2.npz,17818–22049,RELATIONSHIPS,RELATIONSHIPS,TP
continuous_1345_S7_strategy2.npz,0–4265,DRINK,DRINK,TP
continuous_1345_S7_strategy2.npz,4265–8664,FAMILY,FAMILY,TP
continuous_1345_S7_strategy2.npz,8664–12929,FOOD,FOOD,TP
continuous_1345_S7_strategy2.npz,12929–17160,COLOR,COLOR,TP
continuous_1345_S7_strategy2.npz,17160–21932,NUMBER,—,FN
continuous_1345_S7_strategy2.npz,20366–23266,—,NUMBER,FP
continuous_1345_S7_strategy2.npz,21932–26164,RELATIONSHIPS,RELATIONSHIPS,TP
continuous_1346_S7_strategy2.npz,0–4550,GREETING,GREETING,TP
continuous_1346_S7_strategy2.npz,4550–8749,DAYS,DAYS,TP
continuous_1346_S7_strategy2.npz,6766–10166,—,SURVIVAL,FP
continuous_1346_S7_strategy2.npz,8749–13357,NUMBER,NUMBER,TP
continuous_1346_S7_strategy2.npz,13357–17622,DRINK,DRINK,TP
continuous_1346_S7_strategy2.npz,17622–21887,FOOD,FOOD,TP
continuous_1346_S7_strategy2.npz,21887–26152,FAMILY,FAMILY,TP
continuous_1346_S7_strategy2.npz,26152–30783,SURVIVAL,SURVIVAL,TP
continuous_1347_S7_strategy2.npz,0–4246,FAMILY,FAMILY,TP
continuous_1347_S7_strategy2.npz,2800–5633,—,RELATIONSHIPS,FP
continuous_1347_S7_strategy2.npz,4246–8904,GREETING,GREETING,TP
continuous_1347_S7_strategy2.npz,8466–11300,—,DRINK,FP
continuous_1347_S7_strategy2.npz,8904–13874,DAYS,DAYS,TP
continuous_1347_S7_strategy2.npz,13874–18581,NUMBER,NUMBER,TP
continuous_1347_S7_strategy2.npz,18581–22846,COLOR,COLOR,TP
continuous_1348_S7_strategy2.npz,0–4244,DAYS,DAYS,TP
continuous_1348_S7_strategy2.npz,2500–5033,—,NUMBER,FP
continuous_1348_S7_strategy2.npz,4244–9214,CALENDAR,CALENDAR,TP
continuous_1348_S7_strategy2.npz,5033–7566,—,CALENDAR,FP
continuous_1348_S7_strategy2.npz,9214–13713,RELATIONSHIPS,RELATIONSHIPS,TP
continuous_1348_S7_strategy2.npz,10100–12633,—,CALENDAR,FP
continuous_1348_S7_strategy2.npz,13713–17978,COLOR,COLOR,TP
continuous_1348_S7_strategy2.npz,17978–22685,NUMBER,NUMBER,TP
continuous_1349_S7_strategy2.npz,0–4231,RELATIONSHIPS,RELATIONSHIPS,TP
continuous_1349_S7_strategy2.npz,4231–8462,COLOR,COLOR,TP
continuous_1349_S7_strategy2.npz,5966–8966,—,SURVIVAL,FP
continuous_1349_S7_strategy2.npz,8462–12795,SURVIVAL,SURVIVAL,TP
continuous_1349_S7_strategy2.npz,12795–16927,FOOD,FOOD,TP
continuous_1349_S7_strategy2.npz,16927–21864,CALENDAR,CALENDAR,TP
continuous_1349_S7_strategy2.npz,20900–23900,—,SURVIVAL,FP
continuous_1349_S7_strategy2.npz,21864–26834,DAYS,DAYS,TP
continuous_1350_S7_strategy2.npz,0–4265,FOOD,FOOD,TP
continuous_1350_S7_strategy2.npz,3066–6166,—,FAMILY,FP
continuous_1350_S7_strategy2.npz,4265–8519,FAMILY,—,FN
continuous_1350_S7_strategy2.npz,6166–9266,—,DAYS,FP
continuous_1350_S7_strategy2.npz,8519–12750,COLOR,COLOR,TP
continuous_1350_S7_strategy2.npz,12750–16950,GREETING,GREETING,TP
continuous_1350_S7_strategy2.npz,16950–21689,NUMBER,NUMBER,TP
continuous_1350_S7_strategy2.npz,21689–25920,DRINK,DRINK,TP
continuous_1350_S7_strategy2.npz,25920–30857,CALENDAR,CALENDAR,TP
continuous_1351_S7_strategy2.npz,0–4231,RELATIONSHIPS,RELATIONSHIPS,TP
continuous_1351_S7_strategy2.npz,4231–8477,FAMILY,FAMILY,TP
continuous_1351_S7_strategy2.npz,8477–12991,GREETING,GREETING,TP
continuous_1351_S7_strategy2.npz,12991–17256,FOOD,FOOD,TP
continuous_1351_S7_strategy2.npz,17256–22193,DAYS,DAYS,TP
continuous_1351_S7_strategy2.npz,22193–26392,COLOR,COLOR,TP
continuous_1351_S7_strategy2.npz,26392–30657,DRINK,DRINK,TP
continuous_1352_S7_strategy2.npz,0–4265,FOOD,FOOD,TP
continuous_1352_S7_strategy2.npz,4265–8597,FAMILY,FAMILY,TP
continuous_1352_S7_strategy2.npz,8597–13435,SURVIVAL,SURVIVAL,TP
continuous_1352_S7_strategy2.npz,13435–17666,DRINK,DRINK,TP
continuous_1352_S7_strategy2.npz,17666–22142,NUMBER,NUMBER,TP
continuous_1353_S7_strategy2.npz,0–4970,CALENDAR,CALENDAR,TP
continuous_1353_S7_strategy2.npz,2466–4966,—,RELATIONSHIPS,FP
continuous_1353_S7_strategy2.npz,4970–9207,FAMILY,FAMILY,TP
continuous_1353_S7_strategy2.npz,7466–9933,—,SURVIVAL,FP
continuous_1353_S7_strategy2.npz,9207–13838,SURVIVAL,SURVIVAL,TP
continuous_1353_S7_strategy2.npz,12433–14933,—,SURVIVAL,FP
continuous_1353_S7_strategy2.npz,13838–18103,RELATIONSHIPS,RELATIONSHIPS,TP
continuous_1353_S7_strategy2.npz,18103–22334,DRINK,DRINK,TP
continuous_1354_S7_strategy2.npz,0–4199,DRINK,DRINK,TP
continuous_1354_S7_strategy2.npz,4199–8398,CALENDAR,CALENDAR,TP
continuous_1354_S7_strategy2.npz,8398–12630,FAMILY,—,FN
continuous_1354_S7_strategy2.npz,9966–14966,—,CALENDAR,FP
continuous_1354_S7_strategy2.npz,12630–16895,COLOR,—,FN
continuous_1354_S7_strategy2.npz,14966–19966,—,FAMILY,FP
continuous_1354_S7_strategy2.npz,16895–21027,NUMBER,—,FN
continuous_1354_S7_strategy2.npz,19966–22466,—,COLOR,FP
continuous_1354_S7_strategy2.npz,21027–25725,SURVIVAL,SURVIVAL,TP
continuous_1354_S7_strategy2.npz,22466–24966,—,NUMBER,FP
continuous_1354_S7_strategy2.npz,25725–29956,RELATIONSHIPS,RELATIONSHIPS,TP
continuous_1355_S7_strategy2.npz,0–4586,GREETING,GREETING,TP
continuous_1355_S7_strategy2.npz,4586–8817,FOOD,FOOD,TP
continuous_1355_S7_strategy2.npz,8300–11066,—,FOOD,FP
continuous_1355_S7_strategy2.npz,8817–13622,CALENDAR,CALENDAR,TP
continuous_1355_S7_strategy2.npz,13622–18153,SURVIVAL,SURVIVAL,TP
continuous_1355_S7_strategy2.npz,13833–16600,—,CALENDAR,FP
continuous_1355_S7_strategy2.npz,18153–22418,COLOR,COLOR,TP
continuous_1356_S7_strategy2.npz,0–4265,DRINK,DRINK,TP
continuous_1356_S7_strategy2.npz,4265–8994,GREETING,GREETING,TP
continuous_1356_S7_strategy2.npz,8994–13668,NUMBER,NUMBER,TP
continuous_1356_S7_strategy2.npz,13333–16000,—,CALENDAR,FP
continuous_1356_S7_strategy2.npz,13668–18407,CALENDAR,CALENDAR,TP
continuous_1356_S7_strategy2.npz,18407–22651,DAYS,DAYS,TP
continuous_1356_S7_strategy2.npz,21333–24000,—,FAMILY,FP
continuous_1356_S7_strategy2.npz,22651–26916,RELATIONSHIPS,RELATIONSHIPS,TP
continuous_1357_S7_strategy2.npz,0–4970,CALENDAR,CALENDAR,TP
continuous_1357_S7_strategy2.npz,3133–6266,—,SURVIVAL,FP
continuous_1357_S7_strategy2.npz,4970–9709,NUMBER,NUMBER,TP
continuous_1357_S7_strategy2.npz,9709–13953,DAYS,DAYS,TP
continuous_1357_S7_strategy2.npz,13953–18085,FOOD,FOOD,TP
continuous_1357_S7_strategy2.npz,18085–22350,COLOR,COLOR,TP
continuous_1357_S7_strategy2.npz,21966–25100,—,RELATIONSHIPS,FP
continuous_1357_S7_strategy2.npz,22350–27083,GREETING,GREETING,TP
continuous_1357_S7_strategy2.npz,27083–31314,DRINK,DRINK,TP
continuous_1358_S7_strategy2.npz,0–4608,CALENDAR,CALENDAR,TP
continuous_1358_S7_strategy2.npz,2700–5433,—,GREETING,FP
continuous_1358_S7_strategy2.npz,4608–9380,NUMBER,NUMBER,TP
continuous_1358_S7_strategy2.npz,9380–13593,FAMILY,FAMILY,TP
continuous_1358_S7_strategy2.npz,13593–17858,RELATIONSHIPS,RELATIONSHIPS,TP
continuous_1358_S7_strategy2.npz,17858–22795,DAYS,DAYS,TP
continuous_1358_S7_strategy2.npz,21766–24500,—,DAYS,FP
continuous_1358_S7_strategy2.npz,22795–27417,GREETING,GREETING,TP
continuous_1359_S7_strategy2.npz,0–4674,NUMBER,NUMBER,TP
continuous_1359_S7_strategy2.npz,4674–8918,DAYS,DAYS,TP
continuous_1359_S7_strategy2.npz,7366–11066,—,CALENDAR,FP
continuous_1359_S7_strategy2.npz,8918–13855,CALENDAR,—,FN
continuous_1359_S7_strategy2.npz,13855–17821,SURVIVAL,SURVIVAL,TP
continuous_1359_S7_strategy2.npz,17821–22067,FAMILY,FAMILY,TP
continuous_1360_S7_strategy2.npz,0–4231,COLOR,COLOR,TP
continuous_1360_S7_strategy2.npz,2866–5733,—,FOOD,FP
continuous_1360_S7_strategy2.npz,4231–8462,FOOD,—,FN
continuous_1360_S7_strategy2.npz,5733–8600,—,RELATIONSHIPS,FP
continuous_1360_S7_strategy2.npz,8462–12727,RELATIONSHIPS,—,FN
continuous_1360_S7_strategy2.npz,8600–11466,—,SURVIVAL,FP
continuous_1360_S7_strategy2.npz,11466–14333,—,DRINK,FP
continuous_1360_S7_strategy2.npz,12727–16992,DRINK,DRINK,TP
continuous_1360_S7_strategy2.npz,16992–21623,SURVIVAL,SURVIVAL,TP
continuous_1360_S7_strategy2.npz,20066–22933,—,GREETING,FP
continuous_1360_S7_strategy2.npz,21623–26066,GREETING,GREETING,TP
continuous_1361_S7_strategy2.npz,0–4244,DAYS,DAYS,TP
continuous_1361_S7_strategy2.npz,4244–8852,NUMBER,NUMBER,TP
continuous_1361_S7_strategy2.npz,8852–13083,DRINK,DRINK,TP
continuous_1361_S7_strategy2.npz,9400–12533,—,COLOR,FP
continuous_1361_S7_strategy2.npz,13083–17049,FOOD,FOOD,TP
continuous_1361_S7_strategy2.npz,17049–21887,CALENDAR,CALENDAR,TP
continuous_1362_S7_strategy2.npz,0–4244,DAYS,DAYS,TP
continuous_1362_S7_strategy2.npz,4244–8509,COLOR,COLOR,TP
continuous_1362_S7_strategy2.npz,6133–9233,—,SURVIVAL,FP
continuous_1362_S7_strategy2.npz,8509–12675,SURVIVAL,SURVIVAL,TP
continuous_1362_S7_strategy2.npz,12300–15400,—,NUMBER,FP
continuous_1362_S7_strategy2.npz,12675–17316,NUMBER,—,FN
continuous_1362_S7_strategy2.npz,15400–18466,—,CALENDAR,FP
continuous_1362_S7_strategy2.npz,17316–22253,CALENDAR,CALENDAR,TP
continuous_1362_S7_strategy2.npz,21533–24633,—,RELATIONSHIPS,FP
continuous_1362_S7_strategy2.npz,22253–26485,GREETING,GREETING,TP
continuous_1362_S7_strategy2.npz,26485–30716,DRINK,DRINK,TP
continuous_1363_S7_strategy2.npz,0–4278,DAYS,DAYS,TP
continuous_1363_S7_strategy2.npz,4278–9215,CALENDAR,CALENDAR,TP
continuous_1363_S7_strategy2.npz,9215–13461,FAMILY,FAMILY,TP
continuous_1363_S7_strategy2.npz,13461–17726,COLOR,COLOR,TP
continuous_1363_S7_strategy2.npz,17726–21991,RELATIONSHIPS,RELATIONSHIPS,TP
continuous_1363_S7_strategy2.npz,21991–26256,FOOD,FOOD,TP
continuous_1363_S7_strategy2.npz,26256–30322,SURVIVAL,SURVIVAL,TP
continuous_1364_S7_strategy2.npz,0–4231,COLOR,COLOR,TP
continuous_1364_S7_strategy2.npz,4231–8745,GREETING,GREETING,TP
continuous_1364_S7_strategy2.npz,8745–12976,DRINK,DRINK,TP
continuous_1364_S7_strategy2.npz,12976–17781,NUMBER,NUMBER,TP
continuous_1364_S7_strategy2.npz,17781–22046,FOOD,FOOD,TP
continuous_1365_S7_strategy2.npz,0–4731,SURVIVAL,SURVIVAL,TP
continuous_1365_S7_strategy2.npz,4731–8977,FAMILY,FAMILY,TP
continuous_1365_S7_strategy2.npz,6433–12866,—,DRINK,FP
continuous_1365_S7_strategy2.npz,8977–13563,GREETING,GREETING,TP
continuous_1365_S7_strategy2.npz,13563–18533,CALENDAR,CALENDAR,TP
continuous_1365_S7_strategy2.npz,18533–22764,FOOD,FOOD,TP
continuous_1366_S7_strategy2.npz,0–4132,NUMBER,NUMBER,TP
continuous_1366_S7_strategy2.npz,2600–5200,—,SURVIVAL,FP
continuous_1366_S7_strategy2.npz,4132–8930,SURVIVAL,—,FN
continuous_1366_S7_strategy2.npz,5200–7800,—,SURVIVAL,FP
continuous_1366_S7_strategy2.npz,7800–10400,—,DRINK,FP
continuous_1366_S7_strategy2.npz,8930–13516,GREETING,—,FN
continuous_1366_S7_strategy2.npz,10400–13000,—,DAYS,FP
continuous_1366_S7_strategy2.npz,13516–17727,DAYS,DAYS,TP
continuous_1366_S7_strategy2.npz,17727–21992,COLOR,COLOR,TP
continuous_1366_S7_strategy2.npz,21992–26257,DRINK,DRINK,TP
continuous_1367_S7_strategy2.npz,0–4265,COLOR,COLOR,TP
continuous_1367_S7_strategy2.npz,2500–5033,—,NUMBER,FP
continuous_1367_S7_strategy2.npz,4265–8430,NUMBER,—,FN
continuous_1367_S7_strategy2.npz,5033–7533,—,SURVIVAL,FP
continuous_1367_S7_strategy2.npz,8430–12837,GREETING,GREETING,TP
continuous_1367_S7_strategy2.npz,12837–17003,SURVIVAL,SURVIVAL,TP
continuous_1367_S7_strategy2.npz,17003–21202,FAMILY,FAMILY,TP
continuous_1367_S7_strategy2.npz,21202–25467,FOOD,FOOD,TP
continuous_1368_S7_strategy2.npz,0–4965,SURVIVAL,SURVIVAL,TP
continuous_1368_S7_strategy2.npz,4965–9196,COLOR,COLOR,TP
continuous_1368_S7_strategy2.npz,9100–12133,—,FAMILY,FP
continuous_1368_S7_strategy2.npz,9196–13427,RELATIONSHIPS,RELATIONSHIPS,TP
continuous_1368_S7_strategy2.npz,13427–17559,DAYS,—,FN
continuous_1368_S7_strategy2.npz,17559–21824,FOOD,FOOD,TP
continuous_1368_S7_strategy2.npz,18200–21233,—,DAYS,FP
continuous_1368_S7_strategy2.npz,21824–26068,FAMILY,FAMILY,TP
continuous_1368_S7_strategy2.npz,26068–30333,DRINK,DRINK,TP
continuous_1369_S7_strategy2.npz,0–4244,DAYS,DAYS,TP
continuous_1369_S7_strategy2.npz,4244–8509,RELATIONSHIPS,RELATIONSHIPS,TP
continuous_1369_S7_strategy2.npz,8509–13453,GREETING,GREETING,TP
continuous_1369_S7_strategy2.npz,13233–15866,—,FOOD,FP
continuous_1369_S7_strategy2.npz,13453–18258,NUMBER,NUMBER,TP
continuous_1369_S7_strategy2.npz,18258–22489,COLOR,COLOR,TP
continuous_1369_S7_strategy2.npz,22489–26720,FOOD,FOOD,TP
continuous_1370_S7_strategy2.npz,0–4300,SURVIVAL,SURVIVAL,TP
continuous_1370_S7_strategy2.npz,4300–8532,FAMILY,FAMILY,TP
continuous_1370_S7_strategy2.npz,8532–12776,DAYS,DAYS,TP
continuous_1370_S7_strategy2.npz,12776–17007,COLOR,COLOR,TP
continuous_1370_S7_strategy2.npz,17007–21521,GREETING,GREETING,TP
continuous_1370_S7_strategy2.npz,21521–25720,NUMBER,NUMBER,TP
continuous_1370_S7_strategy2.npz,23733–26700,—,NUMBER,FP
continuous_1370_S7_strategy2.npz,25720–29952,CALENDAR,CALENDAR,TP
continuous_1371_S7_strategy2.npz,0–4514,GREETING,GREETING,TP
continuous_1371_S7_strategy2.npz,4514–8779,DRINK,DRINK,TP
continuous_1371_S7_strategy2.npz,8779–13044,FOOD,FOOD,TP
continuous_1371_S7_strategy2.npz,13044–17619,NUMBER,NUMBER,TP
continuous_1371_S7_strategy2.npz,17619–22184,SURVIVAL,SURVIVAL,TP
continuous_1371_S7_strategy2.npz,22184–26415,RELATIONSHIPS,RELATIONSHIPS,TP
continuous_1371_S7_strategy2.npz,26415–30646,COLOR,FAMILY,TP
continuous_1372_S7_strategy2.npz,0–4244,DAYS,DAYS,TP
continuous_1372_S7_strategy2.npz,3033–6066,—,FAMILY,FP
continuous_1372_S7_strategy2.npz,4244–8488,FAMILY,—,FN
continuous_1372_S7_strategy2.npz,6066–9133,—,FAMILY,FP
continuous_1372_S7_strategy2.npz,8488–13195,NUMBER,NUMBER,TP
continuous_1372_S7_strategy2.npz,13195–17426,COLOR,COLOR,TP
continuous_1372_S7_strategy2.npz,15233–18266,—,SURVIVAL,FP
continuous_1372_S7_strategy2.npz,17426–21857,SURVIVAL,SURVIVAL,TP
continuous_1372_S7_strategy2.npz,21857–26122,RELATIONSHIPS,RELATIONSHIPS,TP
continuous_1372_S7_strategy2.npz,26122–30387,FOOD,FOOD,TP
continuous_1373_S7_strategy2.npz,0–4231,COLOR,COLOR,TP
continuous_1373_S7_strategy2.npz,2900–5800,—,DAYS,FP
continuous_1373_S7_strategy2.npz,4231–8475,DAYS,—,FN
continuous_1373_S7_strategy2.npz,5800–8733,—,NUMBER,FP
continuous_1373_S7_strategy2.npz,8475–12721,FAMILY,SURVIVAL,TP
continuous_1373_S7_strategy2.npz,12721–17460,SURVIVAL,SURVIVAL,TP
continuous_1373_S7_strategy2.npz,17460–21725,FOOD,FOOD,TP
continuous_1373_S7_strategy2.npz,17466–20366,—,COLOR,FP
continuous_1373_S7_strategy2.npz,21725–26124,CALENDAR,CALENDAR,TP
continuous_1374_S7_strategy2.npz,0–4937,DAYS,DAYS,TP
continuous_1374_S7_strategy2.npz,3166–6366,—,DRINK,FP
continuous_1374_S7_strategy2.npz,4937–9102,DRINK,—,FN
continuous_1374_S7_strategy2.npz,6366–9566,—,NUMBER,FP
continuous_1374_S7_strategy2.npz,9102–13776,NUMBER,NUMBER,TP
continuous_1374_S7_strategy2.npz,13776–18041,RELATIONSHIPS,RELATIONSHIPS,TP
continuous_1374_S7_strategy2.npz,15933–19133,—,DRINK,FP
continuous_1374_S7_strategy2.npz,18041–22272,COLOR,COLOR,TP
continuous_1375_S7_strategy2.npz,0–4237,DAYS,DAYS,TP
continuous_1375_S7_strategy2.npz,4237–8516,FAMILY,FAMILY,TP
continuous_1375_S7_strategy2.npz,8516–13354,NUMBER,NUMBER,TP
continuous_1375_S7_strategy2.npz,12533–15666,—,COLOR,FP
continuous_1375_S7_strategy2.npz,13354–17619,FOOD,FOOD,TP
continuous_1375_S7_strategy2.npz,17619–21850,COLOR,COLOR,TP
continuous_1376_S7_strategy2.npz,0–4731,SURVIVAL,SURVIVAL,TP
continuous_1376_S7_strategy2.npz,3100–6200,—,FOOD,FP
continuous_1376_S7_strategy2.npz,4731–8997,GREETING,GREETING,TP
continuous_1376_S7_strategy2.npz,8997–13262,DRINK,DRINK,TP
continuous_1376_S7_strategy2.npz,9300–12433,—,DAYS,FP
continuous_1376_S7_strategy2.npz,13262–17527,RELATIONSHIPS,RELATIONSHIPS,TP
continuous_1376_S7_strategy2.npz,17527–21759,DAYS,DAYS,TP
continuous_1377_S7_strategy2.npz,0–3966,CALENDAR,CALENDAR,TP
continuous_1377_S7_strategy2.npz,3966–8177,DAYS,DAYS,TP
continuous_1377_S7_strategy2.npz,8177–12708,SURVIVAL,—,FN
continuous_1377_S7_strategy2.npz,12533–15033,—,SURVIVAL,FP
continuous_1377_S7_strategy2.npz,12708–16954,FAMILY,FAMILY,TP
continuous_1377_S7_strategy2.npz,16954–21219,COLOR,—,FN
continuous_1377_S7_strategy2.npz,20066–22566,—,COLOR,FP
continuous_1377_S7_strategy2.npz,21219–25893,NUMBER,NUMBER,TP
continuous_1377_S7_strategy2.npz,25066–27566,—,NUMBER,FP
continuous_1377_S7_strategy2.npz,25893–30026,GREETING,GREETING,TP
continuous_1378_S7_strategy2.npz,0–4533,GREETING,GREETING,TP
continuous_1378_S7_strategy2.npz,4533–8798,RELATIONSHIPS,RELATIONSHIPS,TP
continuous_1378_S7_strategy2.npz,8798–13063,DRINK,DRINK,TP
continuous_1378_S7_strategy2.npz,13063–17095,FOOD,FOOD,TP
continuous_1378_S7_strategy2.npz,17095–21327,FAMILY,FAMILY,TP
continuous_1379_S7_strategy2.npz,0–4231,DRINK,DRINK,TP
continuous_1379_S7_strategy2.npz,4231–8817,GREETING,GREETING,TP
continuous_1379_S7_strategy2.npz,8817–13048,COLOR,COLOR,TP
continuous_1379_S7_strategy2.npz,11100–13900,—,GREETING,FP
continuous_1379_S7_strategy2.npz,13048–17656,NUMBER,NUMBER,TP
continuous_1379_S7_strategy2.npz,17656–22321,SURVIVAL,SURVIVAL,TP
continuous_1379_S7_strategy2.npz,22321–26620,CALENDAR,CALENDAR,TP
continuous_1379_S7_strategy2.npz,26620–30851,FOOD,FOOD,TP
continuous_1380_S7_strategy2.npz,0–4805,NUMBER,NUMBER,TP
continuous_1380_S7_strategy2.npz,4805–9391,GREETING,GREETING,TP
continuous_1380_S7_strategy2.npz,9366–12500,—,GREETING,FP
continuous_1380_S7_strategy2.npz,9391–13656,FOOD,FOOD,TP
continuous_1380_S7_strategy2.npz,13656–17887,COLOR,COLOR,TP
continuous_1380_S7_strategy2.npz,17887–22152,DRINK,DRINK,TP
continuous_1381_S7_strategy2.npz,0–4608,NUMBER,NUMBER,TP
continuous_1381_S7_strategy2.npz,2866–5733,—,NUMBER,FP
continuous_1381_S7_strategy2.npz,4608–8840,COLOR,—,FN
continuous_1381_S7_strategy2.npz,5733–8600,—,FAMILY,FP
continuous_1381_S7_strategy2.npz,8600–11466,—,COLOR,FP
continuous_1381_S7_strategy2.npz,8840–13638,SURVIVAL,SURVIVAL,TP
continuous_1381_S7_strategy2.npz,13638–17871,DAYS,DAYS,TP
continuous_1381_S7_strategy2.npz,17871–22841,CALENDAR,CALENDAR,TP
continuous_1382_S7_strategy2.npz,0–4244,DAYS,DAYS,TP
continuous_1382_S7_strategy2.npz,4244–8490,FAMILY,FAMILY,TP
continuous_1382_S7_strategy2.npz,8490–13460,CALENDAR,CALENDAR,TP
continuous_1382_S7_strategy2.npz,13460–17725,RELATIONSHIPS,RELATIONSHIPS,TP
continuous_1382_S7_strategy2.npz,17725–22432,NUMBER,NUMBER,TP
continuous_1382_S7_strategy2.npz,18733–21400,—,SURVIVAL,FP
continuous_1382_S7_strategy2.npz,22432–26663,COLOR,COLOR,TP
continuous_1383_S7_strategy2.npz,0–4165,FAMILY,FAMILY,TP
continuous_1383_S7_strategy2.npz,2633–5266,—,COLOR,FP
continuous_1383_S7_strategy2.npz,4165–8430,COLOR,COLOR,TP
continuous_1383_S7_strategy2.npz,8430–12695,FOOD,FOOD,TP
continuous_1383_S7_strategy2.npz,12695–16860,NUMBER,NUMBER,TP
continuous_1383_S7_strategy2.npz,16860–21446,GREETING,GREETING,TP
continuous_1384_S7_strategy2.npz,0–4265,COLOR,COLOR,TP
continuous_1384_S7_strategy2.npz,4265–9202,CALENDAR,CALENDAR,TP
continuous_1384_S7_strategy2.npz,9202–13446,FAMILY,FAMILY,TP
continuous_1384_S7_strategy2.npz,13446–17678,RELATIONSHIPS,RELATIONSHIPS,TP
continuous_1384_S7_strategy2.npz,17678–21644,DRINK,DRINK,TP
continuous_1384_S7_strategy2.npz,21644–25836,GREETING,GREETING,TP
continuous_1385_S7_strategy2.npz,0–4132,CALENDAR,CALENDAR,TP
continuous_1385_S7_strategy2.npz,2666–5366,—,DRINK,FP
continuous_1385_S7_strategy2.npz,4132–8363,DRINK,—,FN
continuous_1385_S7_strategy2.npz,5366–8066,—,DRINK,FP
continuous_1385_S7_strategy2.npz,8363–12642,FAMILY,FAMILY,TP
continuous_1385_S7_strategy2.npz,12642–17273,SURVIVAL,SURVIVAL,TP
continuous_1385_S7_strategy2.npz,17273–21538,COLOR,COLOR,TP
continuous_1386_S7_strategy2.npz,0–4232,DAYS,DAYS,TP
continuous_1386_S7_strategy2.npz,4232–8463,COLOR,COLOR,TP
continuous_1386_S7_strategy2.npz,8463–12728,FOOD,FOOD,TP
continuous_1386_S7_strategy2.npz,12333–15400,—,FOOD,FP
continuous_1386_S7_strategy2.npz,12728–16974,FAMILY,FAMILY,TP
continuous_1386_S7_strategy2.npz,16974–21572,SURVIVAL,SURVIVAL,TP
continuous_1387_S7_strategy2.npz,0–4132,FOOD,FOOD,TP
continuous_1387_S7_strategy2.npz,4132–8718,GREETING,GREETING,TP
continuous_1387_S7_strategy2.npz,7800–10400,—,CALENDAR,FP
continuous_1387_S7_strategy2.npz,8718–13359,CALENDAR,—,FN
continuous_1387_S7_strategy2.npz,10400–13000,—,COLOR,FP
continuous_1387_S7_strategy2.npz,13000–15600,—,DRINK,FP
continuous_1387_S7_strategy2.npz,13359–17590,DRINK,—,FN
continuous_1387_S7_strategy2.npz,15600–18200,—,DAYS,FP
continuous_1387_S7_strategy2.npz,17590–22527,DAYS,—,FN
continuous_1387_S7_strategy2.npz,18200–20800,—,NUMBER,FP
continuous_1387_S7_strategy2.npz,20800–23400,—,NUMBER,FP
continuous_1387_S7_strategy2.npz,22527–27192,SURVIVAL,SURVIVAL,TP
continuous_1387_S7_strategy2.npz,27192–31457,COLOR,COLOR,TP
continuous_1388_S7_strategy2.npz,0–5036,CALENDAR,CALENDAR,TP
continuous_1388_S7_strategy2.npz,5036–9808,NUMBER,NUMBER,TP
continuous_1388_S7_strategy2.npz,9808–14039,FOOD,FOOD,TP
continuous_1388_S7_strategy2.npz,14039–18304,COLOR,COLOR,TP
continuous_1388_S7_strategy2.npz,18304–22602,DRINK,DRINK,TP
continuous_1388_S7_strategy2.npz,22602–27333,SURVIVAL,SURVIVAL,TP
continuous_1389_S7_strategy2.npz,0–4246,FAMILY,FAMILY,TP
continuous_1389_S7_strategy2.npz,4246–9216,CALENDAR,CALENDAR,TP
continuous_1389_S7_strategy2.npz,8133–10866,—,CALENDAR,FP
continuous_1389_S7_strategy2.npz,9216–13481,DRINK,SURVIVAL,TP
continuous_1389_S7_strategy2.npz,13481–17746,COLOR,COLOR,TP
continuous_1389_S7_strategy2.npz,16300–19033,—,COLOR,FP
continuous_1389_S7_strategy2.npz,17746–22444,SURVIVAL,SURVIVAL,TP
continuous_1389_S7_strategy2.npz,22444–27118,NUMBER,SURVIVAL,TP
continuous_1390_S7_strategy2.npz,0–4265,COLOR,COLOR,TP
continuous_1390_S7_strategy2.npz,2433–4900,—,SURVIVAL,FP
continuous_1390_S7_strategy2.npz,4265–8815,GREETING,GREETING,TP
continuous_1390_S7_strategy2.npz,7366–9833,—,NUMBER,FP
continuous_1390_S7_strategy2.npz,8815–13357,NUMBER,NUMBER,TP
continuous_1390_S7_strategy2.npz,12300–14766,—,DRINK,FP
continuous_1390_S7_strategy2.npz,13357–17622,FOOD,FOOD,TP
continuous_1390_S7_strategy2.npz,17622–22559,DAYS,DAYS,TP
continuous_1390_S7_strategy2.npz,22166–24633,—,SURVIVAL,FP
continuous_1390_S7_strategy2.npz,22559–27324,SURVIVAL,SURVIVAL,TP
continuous_1391_S7_strategy2.npz,0–4246,FAMILY,FAMILY,TP
continuous_1391_S7_strategy2.npz,4246–8511,FOOD,FOOD,TP
continuous_1391_S7_strategy2.npz,8511–12742,DRINK,DRINK,TP
continuous_1391_S7_strategy2.npz,12742–17416,NUMBER,NUMBER,TP
continuous_1391_S7_strategy2.npz,17416–21648,DAYS,DAYS,TP
continuous_1392_S7_strategy2.npz,0–4244,DAYS,DAYS,TP
continuous_1392_S7_strategy2.npz,2833–5700,—,NUMBER,FP
continuous_1392_S7_strategy2.npz,4244–8491,FAMILY,FAMILY,TP
continuous_1392_S7_strategy2.npz,8491–13149,GREETING,GREETING,TP
continuous_1392_S7_strategy2.npz,13149–17414,RELATIONSHIPS,RELATIONSHIPS,TP
continuous_1392_S7_strategy2.npz,17414–21679,FOOD,FOOD,TP
continuous_1392_S7_strategy2.npz,21679–25945,COLOR,COLOR,TP
continuous_1393_S7_strategy2.npz,0–4199,CALENDAR,CALENDAR,TP
continuous_1393_S7_strategy2.npz,3366–6733,—,CALENDAR,FP
continuous_1393_S7_strategy2.npz,4199–8398,FOOD,FOOD,TP
continuous_1393_S7_strategy2.npz,8398–12663,RELATIONSHIPS,RELATIONSHIPS,TP
continuous_1393_S7_strategy2.npz,12663–16907,FAMILY,FAMILY,TP
continuous_1393_S7_strategy2.npz,16907–21505,SURVIVAL,SURVIVAL,TP
continuous_1393_S7_strategy2.npz,20266–23633,—,NUMBER,FP
continuous_1393_S7_strategy2.npz,21505–26310,NUMBER,—,FN
continuous_1393_S7_strategy2.npz,23633–27000,—,SURVIVAL,FP
continuous_1393_S7_strategy2.npz,26310–30343,GREETING,GREETING,TP
continuous_1394_S7_strategy2.npz,0–4608,SURVIVAL,SURVIVAL,TP
continuous_1394_S7_strategy2.npz,2266–4566,—,NUMBER,FP
continuous_1394_S7_strategy2.npz,4608–9249,NUMBER,NUMBER,TP
continuous_1394_S7_strategy2.npz,9249–13514,COLOR,COLOR,TP
continuous_1394_S7_strategy2.npz,13514–18451,CALENDAR,CALENDAR,TP
continuous_1394_S7_strategy2.npz,13700–16000,—,CALENDAR,FP
continuous_1394_S7_strategy2.npz,18266–20566,—,SURVIVAL,FP
continuous_1394_S7_strategy2.npz,18451–22758,FAMILY,FAMILY,TP
continuous_1395_S7_strategy2.npz,0–4065,RELATIONSHIPS,RELATIONSHIPS,TP
continuous_1395_S7_strategy2.npz,2566–5166,—,RELATIONSHIPS,FP
continuous_1395_S7_strategy2.npz,4065–8706,SURVIVAL,—,FN
continuous_1395_S7_strategy2.npz,5166–7733,—,RELATIONSHIPS,FP
continuous_1395_S7_strategy2.npz,7733–10333,—,SURVIVAL,FP
continuous_1395_S7_strategy2.npz,8706–13435,GREETING,GREETING,TP
continuous_1395_S7_strategy2.npz,10333–12900,—,COLOR,FP
continuous_1395_S7_strategy2.npz,13435–17734,DAYS,—,FN
continuous_1395_S7_strategy2.npz,15500–18066,—,DRINK,FP
continuous_1395_S7_strategy2.npz,17734–21999,COLOR,COLOR,TP
continuous_1395_S7_strategy2.npz,18066–20666,—,DAYS,FP
continuous_1395_S7_strategy2.npz,21999–26098,NUMBER,NUMBER,TP
continuous_1396_S7_strategy2.npz,0–4265,COLOR,COLOR,TP
continuous_1396_S7_strategy2.npz,4265–8530,FOOD,FOOD,TP
continuous_1396_S7_strategy2.npz,8530–12937,GREETING,GREETING,TP
continuous_1396_S7_strategy2.npz,12937–17168,RELATIONSHIPS,RELATIONSHIPS,TP
continuous_1396_S7_strategy2.npz,14833–17300,—,DRINK,FP
continuous_1396_S7_strategy2.npz,17168–21414,FAMILY,FAMILY,TP
continuous_1396_S7_strategy2.npz,21414–25645,DRINK,DRINK,TP
continuous_1396_S7_strategy2.npz,24700–27166,—,COLOR,FP
continuous_1396_S7_strategy2.npz,25645–29889,DAYS,DAYS,TP
continuous_1397_S7_strategy2.npz,0–4213,FAMILY,FAMILY,TP
continuous_1397_S7_strategy2.npz,4213–8478,DRINK,DRINK,TP
continuous_1397_S7_strategy2.npz,8478–13448,CALENDAR,CALENDAR,TP
continuous_1397_S7_strategy2.npz,13448–17713,COLOR,COLOR,TP
continuous_1397_S7_strategy2.npz,17713–21944,FOOD,FOOD,TP
continuous_1397_S7_strategy2.npz,21944–26310,SURVIVAL,SURVIVAL,TP
continuous_1398_S7_strategy2.npz,0–4731,SURVIVAL,SURVIVAL,TP
continuous_1398_S7_strategy2.npz,4731–8962,COLOR,COLOR,TP
continuous_1398_S7_strategy2.npz,8633–11533,—,DAYS,FP
continuous_1398_S7_strategy2.npz,8962–13193,RELATIONSHIPS,RELATIONSHIPS,TP
continuous_1398_S7_strategy2.npz,13193–17424,FOOD,—,FN
continuous_1398_S7_strategy2.npz,14400–17300,—,SURVIVAL,FP
continuous_1398_S7_strategy2.npz,17300–20166,—,FOOD,FP
continuous_1398_S7_strategy2.npz,17424–21689,DRINK,DRINK,TP
continuous_1398_S7_strategy2.npz,21689–25935,FAMILY,FAMILY,TP
continuous_1399_S7_strategy2.npz,0–4231,DRINK,DRINK,TP
continuous_1399_S7_strategy2.npz,4231–8485,FAMILY,FAMILY,TP
continuous_1399_S7_strategy2.npz,8485–13422,CALENDAR,CALENDAR,TP
continuous_1399_S7_strategy2.npz,12533–15666,—,CALENDAR,FP
continuous_1399_S7_strategy2.npz,13422–18030,NUMBER,SURVIVAL,TP
continuous_1399_S7_strategy2.npz,18030–22295,COLOR,COLOR,TP
continuous_1399_S7_strategy2.npz,22295–26526,RELATIONSHIPS,—,FN
continuous_1399_S7_strategy2.npz,25066–28200,—,RELATIONSHIPS,FP
continuous_1399_S7_strategy2.npz,26526–31257,SURVIVAL,SURVIVAL,TP
continuous_1400_S7_strategy2.npz,0–4231,DRINK,DRINK,TP
continuous_1400_S7_strategy2.npz,4231–8496,RELATIONSHIPS,RELATIONSHIPS,TP
continuous_1400_S7_strategy2.npz,8496–13433,CALENDAR,CALENDAR,TP
continuous_1400_S7_strategy2.npz,13433–18019,GREETING,GREETING,TP
continuous_1400_S7_strategy2.npz,16033–18700,—,DRINK,FP
continuous_1400_S7_strategy2.npz,18019–22660,NUMBER,NUMBER,TP
continuous_1400_S7_strategy2.npz,21366–24033,—,DRINK,FP
continuous_1400_S7_strategy2.npz,22660–26939,FAMILY,FAMILY,TP
continuous_1401_S7_strategy2.npz,0–4232,FAMILY,FAMILY,TP
continuous_1401_S7_strategy2.npz,2866–5733,—,FAMILY,FP
continuous_1401_S7_strategy2.npz,4232–8497,DRINK,DRINK,TP
continuous_1401_S7_strategy2.npz,8497–13162,SURVIVAL,SURVIVAL,TP
continuous_1401_S7_strategy2.npz,13162–17427,RELATIONSHIPS,RELATIONSHIPS,TP
continuous_1401_S7_strategy2.npz,17427–21692,COLOR,SURVIVAL,TP
continuous_1401_S7_strategy2.npz,20166–23033,—,DRINK,FP
continuous_1401_S7_strategy2.npz,21692–25923,FOOD,FOOD,TP
continuous_1402_S7_strategy2.npz,0–4265,FOOD,FOOD,TP
continuous_1402_S7_strategy2.npz,2800–5633,—,RELATIONSHIPS,FP
continuous_1402_S7_strategy2.npz,4265–8530,RELATIONSHIPS,—,FN
continuous_1402_S7_strategy2.npz,5633–8433,—,DAYS,FP
continuous_1402_S7_strategy2.npz,8433–11266,—,NUMBER,FP
continuous_1402_S7_strategy2.npz,8530–12741,DAYS,—,FN
continuous_1402_S7_strategy2.npz,12741–16972,DRINK,DRINK,TP
continuous_1402_S7_strategy2.npz,16972–21379,GREETING,GREETING,TP
continuous_1402_S7_strategy2.npz,19700–22533,—,NUMBER,FP
continuous_1402_S7_strategy2.npz,21379–25610,COLOR,COLOR,TP
continuous_1403_S7_strategy2.npz,0–4211,DAYS,DAYS,TP
continuous_1403_S7_strategy2.npz,4211–8476,COLOR,COLOR,TP
continuous_1403_S7_strategy2.npz,8476–12675,DRINK,DRINK,TP
continuous_1403_S7_strategy2.npz,12675–17349,NUMBER,NUMBER,TP
continuous_1403_S7_strategy2.npz,16100–19300,—,FOOD,FP
continuous_1403_S7_strategy2.npz,17349–21448,FOOD,—,FN
continuous_1403_S7_strategy2.npz,19300–22533,—,RELATIONSHIPS,FP
continuous_1403_S7_strategy2.npz,21448–25694,FAMILY,FAMILY,TP
continuous_1404_S7_strategy2.npz,0–4265,FOOD,FOOD,TP
continuous_1404_S7_strategy2.npz,2900–5833,—,DRINK,FP
continuous_1404_S7_strategy2.npz,4265–8496,DRINK,—,FN
continuous_1404_S7_strategy2.npz,5833–8733,—,COLOR,FP
continuous_1404_S7_strategy2.npz,8496–12761,COLOR,—,FN
continuous_1404_S7_strategy2.npz,8733–11666,—,FOOD,FP
continuous_1404_S7_strategy2.npz,11666–14566,—,NUMBER,FP
continuous_1404_S7_strategy2.npz,12761–17026,NUMBER,—,FN
continuous_1404_S7_strategy2.npz,14566–20400,—,SURVIVAL,FP
continuous_1404_S7_strategy2.npz,17026–21996,CALENDAR,—,FN
continuous_1404_S7_strategy2.npz,20400–23333,—,CALENDAR,FP
continuous_1404_S7_strategy2.npz,21996–26510,GREETING,GREETING,TP
continuous_1405_S7_strategy2.npz,0–4265,COLOR,COLOR,TP
continuous_1405_S7_strategy2.npz,4265–8543,DAYS,DAYS,TP
continuous_1405_S7_strategy2.npz,7400–11133,—,DRINK,FP
continuous_1405_S7_strategy2.npz,8543–12808,RELATIONSHIPS,RELATIONSHIPS,TP
continuous_1405_S7_strategy2.npz,12808–17073,DRINK,DRINK,TP
continuous_1405_S7_strategy2.npz,17073–21714,SURVIVAL,SURVIVAL,TP
continuous_1405_S7_strategy2.npz,21714–25945,FOOD,FOOD,TP
continuous_1406_S7_strategy2.npz,0–4937,CALENDAR,CALENDAR,TP
continuous_1406_S7_strategy2.npz,4937–9907,DAYS,DAYS,TP
continuous_1406_S7_strategy2.npz,9000–12000,—,DRINK,FP
continuous_1406_S7_strategy2.npz,9907–14138,COLOR,—,FN
continuous_1406_S7_strategy2.npz,12000–15000,—,SURVIVAL,FP
continuous_1406_S7_strategy2.npz,14138–18369,DRINK,DRINK,TP
continuous_1406_S7_strategy2.npz,15000–18000,—,COLOR,FP
continuous_1406_S7_strategy2.npz,18369–22634,FOOD,FOOD,TP
continuous_1406_S7_strategy2.npz,22634–26933,FAMILY,FAMILY,TP
continuous_1407_S7_strategy2.npz,0–4674,CALENDAR,CALENDAR,TP
continuous_1407_S7_strategy2.npz,4674–8905,DRINK,DRINK,TP
continuous_1407_S7_strategy2.npz,8905–13037,NUMBER,NUMBER,TP
continuous_1407_S7_strategy2.npz,12100–15133,—,FOOD,FP
continuous_1407_S7_strategy2.npz,13037–17302,FOOD,—,FN
continuous_1407_S7_strategy2.npz,15133–18133,—,RELATIONSHIPS,FP
continuous_1407_S7_strategy2.npz,17302–21533,RELATIONSHIPS,—,FN
continuous_1407_S7_strategy2.npz,18133–21166,—,FAMILY,FP
continuous_1407_S7_strategy2.npz,21533–25777,FAMILY,FAMILY,TP
continuous_1407_S7_strategy2.npz,25777–30209,DAYS,DAYS,TP
continuous_1408_S7_strategy2.npz,0–4165,CALENDAR,CALENDAR,TP
continuous_1408_S7_strategy2.npz,2700–5433,—,NUMBER,FP
continuous_1408_S7_strategy2.npz,4165–8364,NUMBER,—,FN
continuous_1408_S7_strategy2.npz,5433–8166,—,COLOR,FP
continuous_1408_S7_strategy2.npz,8166–10900,—,FAMILY,FP
continuous_1408_S7_strategy2.npz,8364–12529,COLOR,—,FN
continuous_1408_S7_strategy2.npz,10900–13633,—,RELATIONSHIPS,FP
continuous_1408_S7_strategy2.npz,12529–16775,FAMILY,—,FN
continuous_1408_S7_strategy2.npz,13633–16366,—,FOOD,FP
continuous_1408_S7_strategy2.npz,16366–21833,—,FOOD,FP
continuous_1408_S7_strategy2.npz,16775–21040,FOOD,—,FN
continuous_1408_S7_strategy2.npz,21040–25714,SURVIVAL,SURVIVAL,TP
continuous_1408_S7_strategy2.npz,25714–29979,DRINK,DRINK,TP
continuous_1409_S7_strategy2.npz,0–4641,NUMBER,NUMBER,TP
continuous_1409_S7_strategy2.npz,2766–5566,—,SURVIVAL,FP
continuous_1409_S7_strategy2.npz,4641–9611,DAYS,DAYS,TP
continuous_1409_S7_strategy2.npz,8333–11133,—,DAYS,FP
continuous_1409_S7_strategy2.npz,9611–13842,FOOD,FOOD,TP
continuous_1409_S7_strategy2.npz,13842–18055,FAMILY,FOOD,TP
continuous_1409_S7_strategy2.npz,16700–19466,—,RELATIONSHIPS,FP
continuous_1409_S7_strategy2.npz,18055–22254,DRINK,DRINK,TP
continuous_1409_S7_strategy2.npz,22254–26287,GREETING,GREETING,TP
continuous_1409_S7_strategy2.npz,25033–27833,—,GREETING,FP
continuous_1409_S7_strategy2.npz,26287–30552,COLOR,COLOR,TP
continuous_1410_S7_strategy2.npz,0–4232,FOOD,FOOD,TP
continuous_1410_S7_strategy2.npz,4232–8497,RELATIONSHIPS,RELATIONSHIPS,TP
continuous_1410_S7_strategy2.npz,8497–13236,CALENDAR,CALENDAR,TP
continuous_1410_S7_strategy2.npz,13236–17501,COLOR,COLOR,TP
continuous_1410_S7_strategy2.npz,17501–21766,DAYS,DAYS,TP
continuous_1410_S7_strategy2.npz,21766–26031,DRINK,DRINK,TP
continuous_1411_S7_strategy2.npz,0–4265,DRINK,DRINK,TP
continuous_1411_S7_strategy2.npz,2566–5166,—,NUMBER,FP
continuous_1411_S7_strategy2.npz,4265–8972,NUMBER,—,FN
continuous_1411_S7_strategy2.npz,5166–7766,—,FAMILY,FP
continuous_1411_S7_strategy2.npz,7766–10333,—,CALENDAR,FP
continuous_1411_S7_strategy2.npz,8972–13646,CALENDAR,CALENDAR,TP
continuous_1411_S7_strategy2.npz,13646–18268,GREETING,GREETING,TP
continuous_1411_S7_strategy2.npz,18100–20700,—,GREETING,FP
continuous_1411_S7_strategy2.npz,18268–22533,RELATIONSHIPS,RELATIONSHIPS,TP
continuous_1411_S7_strategy2.npz,22533–27031,SURVIVAL,SURVIVAL,TP
continuous_1411_S7_strategy2.npz,23300–25866,—,SURVIVAL,FP
continuous_1411_S7_strategy2.npz,27031–31296,COLOR,DRINK,TP
continuous_1412_S7_strategy2.npz,0–4937,CALENDAR,CALENDAR,TP
continuous_1412_S7_strategy2.npz,2933–5900,—,FOOD,FP
continuous_1412_S7_strategy2.npz,4937–9181,DAYS,DAYS,TP
continuous_1412_S7_strategy2.npz,9181–13412,DRINK,DRINK,TP
continuous_1412_S7_strategy2.npz,13412–17891,GREETING,GREETING,TP
continuous_1412_S7_strategy2.npz,17891–22522,SURVIVAL,SURVIVAL,TP
continuous_1412_S7_strategy2.npz,20633–23600,—,RELATIONSHIPS,FP
continuous_1412_S7_strategy2.npz,22522–26787,FOOD,FOOD,TP
continuous_1413_S7_strategy2.npz,0–4231,DRINK,DRINK,TP
continuous_1413_S7_strategy2.npz,4231–8477,FAMILY,FAMILY,TP
continuous_1413_S7_strategy2.npz,8477–13414,CALENDAR,CALENDAR,TP
continuous_1413_S7_strategy2.npz,12166–15200,—,CALENDAR,FP
continuous_1413_S7_strategy2.npz,13414–17646,FOOD,FOOD,TP
continuous_1413_S7_strategy2.npz,17646–22377,SURVIVAL,SURVIVAL,TP
continuous_1413_S7_strategy2.npz,21300–24333,—,CALENDAR,FP
continuous_1413_S7_strategy2.npz,22377–27314,DAYS,DAYS,TP
continuous_1414_S7_strategy2.npz,0–4598,SURVIVAL,SURVIVAL,TP
continuous_1414_S7_strategy2.npz,4598–8877,FAMILY,FAMILY,TP
continuous_1414_S7_strategy2.npz,8877–13584,NUMBER,NUMBER,TP
continuous_1414_S7_strategy2.npz,13584–17849,RELATIONSHIPS,RELATIONSHIPS,TP
continuous_1414_S7_strategy2.npz,17849–22435,GREETING,GREETING,TP
continuous_1415_S7_strategy2.npz,0–4265,RELATIONSHIPS,RELATIONSHIPS,TP
continuous_1415_S7_strategy2.npz,3066–6133,—,COLOR,FP
continuous_1415_S7_strategy2.npz,4265–8496,COLOR,—,FN
continuous_1415_S7_strategy2.npz,6133–9200,—,COLOR,FP
continuous_1415_S7_strategy2.npz,8496–13161,SURVIVAL,SURVIVAL,TP
continuous_1415_S7_strategy2.npz,12266–15333,—,GREETING,FP
continuous_1415_S7_strategy2.npz,13161–17227,GREETING,—,FN
continuous_1415_S7_strategy2.npz,15333–18400,—,FOOD,FP
continuous_1415_S7_strategy2.npz,17227–21471,DAYS,DAYS,TP
continuous_1416_S7_strategy2.npz,0–4479,GREETING,GREETING,TP
continuous_1416_S7_strategy2.npz,4479–8679,SURVIVAL,SURVIVAL,TP
continuous_1416_S7_strategy2.npz,8679–12910,COLOR,COLOR,TP
continuous_1416_S7_strategy2.npz,12910–17075,FOOD,FOOD,TP
continuous_1416_S7_strategy2.npz,17075–21749,NUMBER,NUMBER,TP
continuous_1416_S7_strategy2.npz,21749–26014,DRINK,DRINK,TP
continuous_1417_S7_strategy2.npz,0–4665,SURVIVAL,SURVIVAL,TP
continuous_1417_S7_strategy2.npz,4665–8863,DRINK,DRINK,TP
continuous_1417_S7_strategy2.npz,8863–13537,CALENDAR,CALENDAR,TP
continuous_1417_S7_strategy2.npz,13537–18159,GREETING,GREETING,TP
continuous_1417_S7_strategy2.npz,18159–22424,RELATIONSHIPS,RELATIONSHIPS,TP
continuous_1417_S7_strategy2.npz,22424–26689,FOOD,FOOD,TP
continuous_1418_S7_strategy2.npz,0–4066,SURVIVAL,SURVIVAL,TP
continuous_1418_S7_strategy2.npz,2766–5533,—,GREETING,FP
continuous_1418_S7_strategy2.npz,4066–8115,GREETING,—,FN
continuous_1418_S7_strategy2.npz,8115–12346,RELATIONSHIPS,RELATIONSHIPS,TP
continuous_1418_S7_strategy2.npz,12346–17283,CALENDAR,CALENDAR,TP
continuous_1418_S7_strategy2.npz,16666–19433,—,CALENDAR,FP
continuous_1418_S7_strategy2.npz,17283–22220,DAYS,DAYS,TP
continuous_1418_S7_strategy2.npz,22220–26466,FAMILY,FAMILY,TP
continuous_1418_S7_strategy2.npz,26466–30731,COLOR,COLOR,TP
continuous_1419_S7_strategy2.npz,0–4232,COLOR,COLOR,TP
continuous_1419_S7_strategy2.npz,3733–7500,—,DRINK,FP
continuous_1419_S7_strategy2.npz,4232–8497,RELATIONSHIPS,RELATIONSHIPS,TP
continuous_1419_S7_strategy2.npz,8497–12741,FAMILY,FAMILY,TP
continuous_1419_S7_strategy2.npz,12741–17006,DAYS,DAYS,TP
continuous_1419_S7_strategy2.npz,17006–21581,SURVIVAL,SURVIVAL,TP
continuous_1419_S7_strategy2.npz,21581–25812,DRINK,DRINK,TP
continuous_1419_S7_strategy2.npz,25812–30044,NUMBER,NUMBER,TP
continuous_1420_S7_strategy2.npz,0–4231,DRINK,DRINK,TP
continuous_1420_S7_strategy2.npz,4231–8905,NUMBER,CALENDAR,TP
continuous_1420_S7_strategy2.npz,8905–13447,CALENDAR,CALENDAR,TP
continuous_1420_S7_strategy2.npz,13447–17579,FOOD,FOOD,TP
continuous_1420_S7_strategy2.npz,16400–19133,—,GREETING,FP
continuous_1420_S7_strategy2.npz,17579–21792,FAMILY,FAMILY,TP
continuous_1421_S7_strategy2.npz,0–4265,DRINK,DRINK,TP
continuous_1421_S7_strategy2.npz,4265–8496,RELATIONSHIPS,RELATIONSHIPS,TP
continuous_1421_S7_strategy2.npz,6066–9133,—,DRINK,FP
continuous_1421_S7_strategy2.npz,8496–13010,GREETING,GREETING,TP
continuous_1421_S7_strategy2.npz,12166–15233,—,DRINK,FP
continuous_1421_S7_strategy2.npz,13010–17947,CALENDAR,CALENDAR,TP
continuous_1421_S7_strategy2.npz,17947–22160,FAMILY,FAMILY,TP
continuous_1421_S7_strategy2.npz,22160–26425,COLOR,COLOR,TP
continuous_1421_S7_strategy2.npz,24366–27400,—,DRINK,FP
continuous_1421_S7_strategy2.npz,26425–30690,FOOD,FOOD,TP
continuous_1422_S7_strategy2.npz,0–4550,GREETING,GREETING,TP
continuous_1422_S7_strategy2.npz,4550–8749,COLOR,COLOR,TP
continuous_1422_S7_strategy2.npz,8749–12980,RELATIONSHIPS,FOOD,TP
continuous_1422_S7_strategy2.npz,10500–14000,—,FAMILY,FP
continuous_1422_S7_strategy2.npz,12980–17245,DRINK,DRINK,TP
continuous_1422_S7_strategy2.npz,17245–21310,CALENDAR,—,FN
continuous_1422_S7_strategy2.npz,17500–21033,—,CALENDAR,FP
continuous_1423_S7_strategy2.npz,0–4231,COLOR,COLOR,TP
continuous_1423_S7_strategy2.npz,4231–9029,SURVIVAL,SURVIVAL,TP
continuous_1423_S7_strategy2.npz,9029–13240,FAMILY,FAMILY,TP
continuous_1423_S7_strategy2.npz,13240–18177,DAYS,DAYS,TP
continuous_1423_S7_strategy2.npz,18177–22442,DRINK,DRINK,TP
continuous_1423_S7_strategy2.npz,20800–23766,—,DRINK,FP
continuous_1423_S7_strategy2.npz,22442–26707,RELATIONSHIPS,RELATIONSHIPS,TP
continuous_1424_S7_strategy2.npz,0–4000,SURVIVAL,SURVIVAL,TP
continuous_1424_S7_strategy2.npz,4000–8213,FAMILY,FAMILY,TP
continuous_1424_S7_strategy2.npz,5700–8566,—,CALENDAR,FP
continuous_1424_S7_strategy2.npz,8213–12920,CALENDAR,CALENDAR,TP
continuous_1424_S7_strategy2.npz,11400–14266,—,CALENDAR,FP
continuous_1424_S7_strategy2.npz,12920–17399,GREETING,GREETING,TP
continuous_1424_S7_strategy2.npz,17399–21697,DRINK,DRINK,TP
continuous_1424_S7_strategy2.npz,19966–22833,—,DRINK,FP
continuous_1424_S7_strategy2.npz,21697–25928,COLOR,COLOR,TP
continuous_1425_S7_strategy2.npz,0–4332,NUMBER,NUMBER,TP
continuous_1425_S7_strategy2.npz,4332–8731,DAYS,DAYS,TP
continuous_1425_S7_strategy2.npz,8333–11100,—,SURVIVAL,FP
continuous_1425_S7_strategy2.npz,8731–12896,SURVIVAL,—,FN
continuous_1425_S7_strategy2.npz,11100–13866,—,SURVIVAL,FP
continuous_1425_S7_strategy2.npz,12896–17127,FOOD,FOOD,TP
continuous_1425_S7_strategy2.npz,16666–19433,—,CALENDAR,FP
continuous_1425_S7_strategy2.npz,17127–22097,CALENDAR,CALENDAR,TP
continuous_1425_S7_strategy2.npz,22097–26262,COLOR,COLOR,TP
continuous_1425_S7_strategy2.npz,25000–27766,—,RELATIONSHIPS,FP
continuous_1425_S7_strategy2.npz,26262–30527,RELATIONSHIPS,RELATIONSHIPS,TP
continuous_1426_S7_strategy2.npz,0–4641,CALENDAR,CALENDAR,TP
continuous_1426_S7_strategy2.npz,2333–4700,—,COLOR,FP
continuous_1426_S7_strategy2.npz,4641–8939,COLOR,—,FN
continuous_1426_S7_strategy2.npz,4700–7066,—,DRINK,FP
continuous_1426_S7_strategy2.npz,7066–9433,—,SURVIVAL,FP
continuous_1426_S7_strategy2.npz,8939–13570,SURVIVAL,—,FN
continuous_1426_S7_strategy2.npz,9433–11800,—,RELATIONSHIPS,FP
continuous_1426_S7_strategy2.npz,11800–14166,—,COLOR,FP
continuous_1426_S7_strategy2.npz,13570–17835,RELATIONSHIPS,—,FN
continuous_1426_S7_strategy2.npz,14166–16533,—,DRINK,FP
continuous_1426_S7_strategy2.npz,17835–22079,DAYS,DAYS,TP
continuous_1426_S7_strategy2.npz,22079–26445,GREETING,GREETING,TP
continuous_1426_S7_strategy2.npz,26000–28366,—,FOOD,FP
continuous_1426_S7_strategy2.npz,26445–30676,DRINK,—,FN
continuous_1426_S7_strategy2.npz,28366–30733,—,DRINK,FP
continuous_1427_S7_strategy2.npz,0–4231,RELATIONSHIPS,RELATIONSHIPS,TP
continuous_1427_S7_strategy2.npz,2700–5400,—,CALENDAR,FP
continuous_1427_S7_strategy2.npz,4231–8430,CALENDAR,—,FN
continuous_1427_S7_strategy2.npz,5400–8100,—,DRINK,FP
continuous_1427_S7_strategy2.npz,8430–12980,GREETING,GREETING,TP
continuous_1427_S7_strategy2.npz,12980–17711,SURVIVAL,SURVIVAL,TP
continuous_1427_S7_strategy2.npz,16233–18933,—,COLOR,FP
continuous_1427_S7_strategy2.npz,17711–21942,FOOD,FOOD,TP
continuous_1428_S7_strategy2.npz,0–4698,SURVIVAL,SURVIVAL,TP
continuous_1428_S7_strategy2.npz,4698–8997,RELATIONSHIPS,RELATIONSHIPS,TP
continuous_1428_S7_strategy2.npz,8997–13967,DAYS,DAYS,TP
continuous_1428_S7_strategy2.npz,11300–13566,—,NUMBER,FP
continuous_1428_S7_strategy2.npz,13566–15800,—,SURVIVAL,FP
continuous_1428_S7_strategy2.npz,13967–18608,NUMBER,NUMBER,TP
continuous_1428_S7_strategy2.npz,18608–22839,FOOD,FOOD,TP
continuous_1428_S7_strategy2.npz,22600–24866,—,COLOR,FP
continuous_1428_S7_strategy2.npz,22839–27053,FAMILY,FAMILY,TP
continuous_1429_S7_strategy2.npz,0–4335,GREETING,GREETING,TP
continuous_1429_S7_strategy2.npz,4335–8566,COLOR,COLOR,TP
continuous_1429_S7_strategy2.npz,7533–11300,—,DRINK,FP
continuous_1429_S7_strategy2.npz,8566–12797,DRINK,—,FN
continuous_1429_S7_strategy2.npz,12797–17562,SURVIVAL,SURVIVAL,TP
continuous_1429_S7_strategy2.npz,17562–21808,FAMILY,FAMILY,TP
continuous_1429_S7_strategy2.npz,21808–26073,FOOD,FOOD,TP
continuous_1429_S7_strategy2.npz,26073–30352,CALENDAR,CALENDAR,TP
continuous_1430_S7_strategy2.npz,0–4299,CALENDAR,CALENDAR,TP
continuous_1430_S7_strategy2.npz,4299–8577,FAMILY,FAMILY,TP
continuous_1430_S7_strategy2.npz,8577–12842,FOOD,FOOD,TP
continuous_1430_S7_strategy2.npz,12842–17086,DAYS,DAYS,TP
continuous_1430_S7_strategy2.npz,17086–21152,SURVIVAL,SURVIVAL,TP
continuous_1430_S7_strategy2.npz,19700–22966,—,DRINK,FP
continuous_1430_S7_strategy2.npz,21152–25631,GREETING,RELATIONSHIPS,TP
continuous_1430_S7_strategy2.npz,25631–29797,COLOR,COLOR,TP
continuous_1431_S7_strategy2.npz,0–4479,GREETING,GREETING,TP
continuous_1431_S7_strategy2.npz,4479–8723,DAYS,DAYS,TP
continuous_1431_S7_strategy2.npz,8723–12988,COLOR,COLOR,TP
continuous_1431_S7_strategy2.npz,12988–17958,CALENDAR,CALENDAR,TP
continuous_1431_S7_strategy2.npz,17958–21990,FOOD,FOOD,TP
continuous_1432_S7_strategy2.npz,0–4244,DAYS,DAYS,TP
continuous_1432_S7_strategy2.npz,4244–8376,RELATIONSHIPS,RELATIONSHIPS,TP
continuous_1432_S7_strategy2.npz,6233–9333,—,FOOD,FP
continuous_1432_S7_strategy2.npz,8376–12607,FOOD,—,FN
continuous_1432_S7_strategy2.npz,9333–12466,—,CALENDAR,FP
continuous_1432_S7_strategy2.npz,12607–17972,CALENDAR,CALENDAR,TP
continuous_1432_S7_strategy2.npz,17972–22204,COLOR,COLOR,TP
continuous_1432_S7_strategy2.npz,22204–26911,NUMBER,—,FN
continuous_1432_S7_strategy2.npz,24933–28033,—,NUMBER,FP
continuous_1432_S7_strategy2.npz,26911–31110,FAMILY,FAMILY,TP
continuous_1433_S7_strategy2.npz,0–4231,DRINK,DRINK,TP
continuous_1433_S7_strategy2.npz,4231–8444,DAYS,DAYS,TP
continuous_1433_S7_strategy2.npz,5966–8966,—,FAMILY,FP
continuous_1433_S7_strategy2.npz,8444–12609,FAMILY,FAMILY,TP
continuous_1433_S7_strategy2.npz,12609–16807,COLOR,COLOR,TP
continuous_1433_S7_strategy2.npz,16807–21214,GREETING,GREETING,TP
continuous_1434_S7_strategy2.npz,0–4166,DRINK,DRINK,TP
continuous_1434_S7_strategy2.npz,4166–8788,GREETING,GREETING,TP
continuous_1434_S7_strategy2.npz,8788–13053,COLOR,COLOR,TP
continuous_1434_S7_strategy2.npz,13053–17318,RELATIONSHIPS,GREETING,TP
continuous_1434_S7_strategy2.npz,15933–19100,—,RELATIONSHIPS,FP
continuous_1434_S7_strategy2.npz,17318–21564,FAMILY,FAMILY,TP
continuous_1434_S7_strategy2.npz,21564–25764,SURVIVAL,SURVIVAL,TP
continuous_1435_S7_strategy2.npz,0–4245,DAYS,DAYS,TP
continuous_1435_S7_strategy2.npz,2366–4733,—,DRINK,FP
continuous_1435_S7_strategy2.npz,4245–8510,RELATIONSHIPS,RELATIONSHIPS,TP
continuous_1435_S7_strategy2.npz,7100–9466,—,SURVIVAL,FP
continuous_1435_S7_strategy2.npz,8510–12741,COLOR,COLOR,TP
continuous_1435_S7_strategy2.npz,12741–17184,GREETING,GREETING,TP
continuous_1435_S7_strategy2.npz,17184–21449,FOOD,FOOD,TP
continuous_1435_S7_strategy2.npz,21333–23700,—,SURVIVAL,FP
continuous_1435_S7_strategy2.npz,21449–26080,SURVIVAL,SURVIVAL,TP
continuous_1435_S7_strategy2.npz,26080–31050,CALENDAR,CALENDAR,TP
continuous_1436_S7_strategy2.npz,0–4265,DRINK,DRINK,TP
continuous_1436_S7_strategy2.npz,3266–6566,—,RELATIONSHIPS,FP
continuous_1436_S7_strategy2.npz,4265–8564,GREETING,—,FN
continuous_1436_S7_strategy2.npz,6566–9866,—,SURVIVAL,FP
continuous_1436_S7_strategy2.npz,8564–12664,SURVIVAL,—,FN
continuous_1436_S7_strategy2.npz,12664–17338,NUMBER,NUMBER,TP
continuous_1436_S7_strategy2.npz,17338–22308,CALENDAR,CALENDAR,TP
continuous_1436_S7_strategy2.npz,22308–26573,COLOR,COLOR,TP
continuous_1437_S7_strategy2.npz,0–3200,—,NUMBER,FP
continuous_1437_S7_strategy2.npz,0–4641,NUMBER,—,FN
continuous_1437_S7_strategy2.npz,4641–8740,RELATIONSHIPS,RELATIONSHIPS,TP
continuous_1437_S7_strategy2.npz,8740–13005,COLOR,COLOR,TP
continuous_1437_S7_strategy2.npz,13005–17519,GREETING,GREETING,TP
continuous_1437_S7_strategy2.npz,16066–19300,—,DAYS,FP
continuous_1437_S7_strategy2.npz,17519–21751,DAYS,—,FN
continuous_1437_S7_strategy2.npz,19300–22500,—,COLOR,FP
continuous_1437_S7_strategy2.npz,21751–25982,FOOD,FOOD,TP
continuous_1438_S7_strategy2.npz,0–4258,DAYS,DAYS,TP
continuous_1438_S7_strategy2.npz,4258–8357,CALENDAR,CALENDAR,TP
continuous_1438_S7_strategy2.npz,7200–9600,—,CALENDAR,FP
continuous_1438_S7_strategy2.npz,8357–13064,NUMBER,NUMBER,TP
continuous_1438_S7_strategy2.npz,9600–12000,—,FAMILY,FP
continuous_1438_S7_strategy2.npz,13064–17308,FAMILY,FAMILY,TP
continuous_1438_S7_strategy2.npz,16800–19200,—,COLOR,FP
continuous_1438_S7_strategy2.npz,17308–21539,DRINK,DRINK,TP
continuous_1439_S7_strategy2.npz,0–4542,NUMBER,NUMBER,TP
continuous_1439_S7_strategy2.npz,4542–8774,DAYS,DAYS,TP
continuous_1439_S7_strategy2.npz,8774–13039,DRINK,DRINK,TP
continuous_1439_S7_strategy2.npz,12233–15300,—,GREETING,FP
continuous_1439_S7_strategy2.npz,13039–17661,GREETING,—,FN
continuous_1439_S7_strategy2.npz,15300–18366,—,SURVIVAL,FP
continuous_1439_S7_strategy2.npz,17661–22368,SURVIVAL,SURVIVAL,TP
continuous_1439_S7_strategy2.npz,22368–26633,COLOR,COLOR,TP
continuous_1439_S7_strategy2.npz,26633–30864,FOOD,FOOD,TP
continuous_1440_S7_strategy2.npz,0–4265,COLOR,COLOR,TP
continuous_1440_S7_strategy2.npz,2433–4866,—,DRINK,FP
continuous_1440_S7_strategy2.npz,4265–9235,DAYS,DAYS,TP
continuous_1440_S7_strategy2.npz,7300–9733,—,NUMBER,FP
continuous_1440_S7_strategy2.npz,9235–13481,FAMILY,FAMILY,TP
continuous_1440_S7_strategy2.npz,12166–14633,—,DRINK,FP
continuous_1440_S7_strategy2.npz,13481–18122,NUMBER,NUMBER,TP
continuous_1440_S7_strategy2.npz,17066–19500,—,FAMILY,FP
continuous_1440_S7_strategy2.npz,18122–22320,DRINK,DRINK,TP
continuous_1440_S7_strategy2.npz,22320–27049,GREETING,GREETING,TP
continuous_1441_S7_strategy2.npz,0–4231,COLOR,COLOR,TP
continuous_1441_S7_strategy2.npz,4231–9036,CALENDAR,CALENDAR,TP
continuous_1441_S7_strategy2.npz,7166–9566,—,CALENDAR,FP
continuous_1441_S7_strategy2.npz,9036–13550,GREETING,GREETING,TP
continuous_1441_S7_strategy2.npz,13550–17815,FOOD,FOOD,TP
continuous_1441_S7_strategy2.npz,16733–19133,—,SURVIVAL,FP
continuous_1441_S7_strategy2.npz,17815–22446,SURVIVAL,—,FN
continuous_1441_S7_strategy2.npz,19133–21500,—,NUMBER,FP
continuous_1441_S7_strategy2.npz,21500–23900,—,FAMILY,FP
continuous_1441_S7_strategy2.npz,22446–26690,FAMILY,—,FN
continuous_1441_S7_strategy2.npz,23900–28700,—,FAMILY,FP
continuous_1441_S7_strategy2.npz,26690–31298,NUMBER,NUMBER,TP
continuous_1442_S7_strategy2.npz,0–4244,DAYS,DAYS,TP
continuous_1442_S7_strategy2.npz,3200–6400,—,FAMILY,FP
continuous_1442_S7_strategy2.npz,4244–9214,CALENDAR,CALENDAR,TP
continuous_1442_S7_strategy2.npz,9214–13479,RELATIONSHIPS,RELATIONSHIPS,TP
continuous_1442_S7_strategy2.npz,12833–16033,—,SURVIVAL,FP
continuous_1442_S7_strategy2.npz,13479–18277,SURVIVAL,—,FN
continuous_1442_S7_strategy2.npz,16033–19233,—,SURVIVAL,FP
continuous_1442_S7_strategy2.npz,18277–22409,DRINK,DRINK,TP
continuous_1443_S7_strategy2.npz,0–4265,RELATIONSHIPS,RELATIONSHIPS,TP
continuous_1443_S7_strategy2.npz,2700–5400,—,SURVIVAL,FP
continuous_1443_S7_strategy2.npz,4265–8896,SURVIVAL,SURVIVAL,TP
continuous_1443_S7_strategy2.npz,8896–13162,CALENDAR,CALENDAR,TP
continuous_1443_S7_strategy2.npz,13162–17427,DRINK,DRINK,TP
continuous_1443_S7_strategy2.npz,17427–21692,COLOR,SURVIVAL,TP
continuous_1444_S7_strategy2.npz,0–4278,DAYS,DAYS,TP
continuous_1444_S7_strategy2.npz,4278–9215,CALENDAR,CALENDAR,TP
continuous_1444_S7_strategy2.npz,9215–13494,FAMILY,FAMILY,TP
continuous_1444_S7_strategy2.npz,12533–15066,—,GREETING,FP
continuous_1444_S7_strategy2.npz,13494–17973,GREETING,GREETING,TP
continuous_1444_S7_strategy2.npz,17973–22778,NUMBER,NUMBER,TP
continuous_1445_S7_strategy2.npz,0–4232,COLOR,COLOR,TP
continuous_1445_S7_strategy2.npz,2733–5500,—,SURVIVAL,FP
continuous_1445_S7_strategy2.npz,4232–8232,SURVIVAL,SURVIVAL,TP
continuous_1445_S7_strategy2.npz,8232–12664,NUMBER,NUMBER,TP
continuous_1445_S7_strategy2.npz,12664–17601,CALENDAR,CALENDAR,TP
continuous_1445_S7_strategy2.npz,16533–19300,—,FAMILY,FP
continuous_1445_S7_strategy2.npz,17601–21832,FOOD,FOOD,TP
continuous_1445_S7_strategy2.npz,21832–26069,FAMILY,FAMILY,TP
continuous_1445_S7_strategy2.npz,26069–30280,DAYS,DAYS,TP
continuous_1446_S7_strategy2.npz,0–4598,SURVIVAL,SURVIVAL,TP
continuous_1446_S7_strategy2.npz,3033–6066,—,DAYS,FP
continuous_1446_S7_strategy2.npz,4598–8876,DAYS,—,FN
continuous_1446_S7_strategy2.npz,8876–12842,FOOD,FOOD,TP
continuous_1446_S7_strategy2.npz,12842–16941,COLOR,COLOR,TP
continuous_1446_S7_strategy2.npz,16941–21206,RELATIONSHIPS,RELATIONSHIPS,TP
continuous_1446_S7_strategy2.npz,21206–26044,NUMBER,NUMBER,TP
continuous_1446_S7_strategy2.npz,26044–30276,FAMILY,FAMILY,TP
continuous_1447_S7_strategy2.npz,0–4550,GREETING,GREETING,TP
continuous_1447_S7_strategy2.npz,4550–8781,RELATIONSHIPS,RELATIONSHIPS,TP
continuous_1447_S7_strategy2.npz,8781–13025,FAMILY,FAMILY,TP
continuous_1447_S7_strategy2.npz,13025–17666,NUMBER,NUMBER,TP
continuous_1447_S7_strategy2.npz,17666–21897,DRINK,SURVIVAL,TP
continuous_1447_S7_strategy2.npz,21897–26062,COLOR,COLOR,TP
continuous_1447_S7_strategy2.npz,26062–30328,DAYS,DAYS,TP
continuous_1448_S7_strategy2.npz,0–4265,RELATIONSHIPS,RELATIONSHIPS,TP
continuous_1448_S7_strategy2.npz,4265–8939,NUMBER,NUMBER,TP
continuous_1448_S7_strategy2.npz,8939–13404,SURVIVAL,SURVIVAL,TP
continuous_1448_S7_strategy2.npz,13404–17650,FAMILY,FAMILY,TP
continuous_1448_S7_strategy2.npz,17650–21615,COLOR,COLOR,TP
continuous_1448_S7_strategy2.npz,21615–26552,CALENDAR,CALENDAR,TP
continuous_1449_S7_strategy2.npz,0–3966,DRINK,DRINK,TP
continuous_1449_S7_strategy2.npz,3966–8564,SURVIVAL,SURVIVAL,TP
continuous_1449_S7_strategy2.npz,8564–12829,COLOR,COLOR,TP
continuous_1449_S7_strategy2.npz,12829–17094,RELATIONSHIPS,RELATIONSHIPS,TP
continuous_1449_S7_strategy2.npz,16366–19100,—,NUMBER,FP
continuous_1449_S7_strategy2.npz,17094–21801,NUMBER,NUMBER,TP
continuous_1450_S7_strategy2.npz,0–4542,NUMBER,NUMBER,TP
continuous_1450_S7_strategy2.npz,4542–8807,COLOR,COLOR,TP
continuous_1450_S7_strategy2.npz,8807–13072,DRINK,DRINK,TP
continuous_1450_S7_strategy2.npz,12300–15400,—,DRINK,FP
continuous_1450_S7_strategy2.npz,13072–17586,GREETING,GREETING,TP
continuous_1450_S7_strategy2.npz,17586–21817,RELATIONSHIPS,RELATIONSHIPS,TP
continuous_1451_S7_strategy2.npz,0–4231,DRINK,DRINK,TP
continuous_1451_S7_strategy2.npz,4231–8496,RELATIONSHIPS,RELATIONSHIPS,TP
continuous_1451_S7_strategy2.npz,8496–12727,FOOD,FOOD,TP
continuous_1451_S7_strategy2.npz,12727–17335,NUMBER,NUMBER,TP
continuous_1451_S7_strategy2.npz,17335–22107,SURVIVAL,SURVIVAL,TP
continuous_1451_S7_strategy2.npz,22107–26439,CALENDAR,—,FN
continuous_1451_S7_strategy2.npz,23533–26500,—,CALENDAR,FP
continuous_1452_S7_strategy2.npz,0–4244,DAYS,DAYS,TP
continuous_1452_S7_strategy2.npz,2533–7600,—,NUMBER,FP
continuous_1452_S7_strategy2.npz,4244–8983,SURVIVAL,SURVIVAL,TP
continuous_1452_S7_strategy2.npz,8983–13229,FAMILY,FAMILY,TP
continuous_1452_S7_strategy2.npz,10133–12666,—,DRINK,FP
continuous_1452_S7_strategy2.npz,13229–17460,DRINK,DRINK,TP
continuous_1452_S7_strategy2.npz,17460–22189,GREETING,GREETING,TP
continuous_1452_S7_strategy2.npz,17766–20300,—,DRINK,FP
continuous_1452_S7_strategy2.npz,22189–26454,FOOD,FOOD,TP
continuous_1452_S7_strategy2.npz,26454–30685,RELATIONSHIPS,RELATIONSHIPS,TP
continuous_1453_S7_strategy2.npz,0–4371,GREETING,GREETING,TP
continuous_1453_S7_strategy2.npz,3133–6266,—,COLOR,FP
continuous_1453_S7_strategy2.npz,4371–8636,COLOR,COLOR,TP
continuous_1453_S7_strategy2.npz,8636–12901,DRINK,DRINK,TP
continuous_1453_S7_strategy2.npz,12901–17532,SURVIVAL,SURVIVAL,TP
continuous_1453_S7_strategy2.npz,15700–18833,—,NUMBER,FP
continuous_1453_S7_strategy2.npz,17532–22239,NUMBER,NUMBER,TP
continuous_1454_S7_strategy2.npz,0–4631,SURVIVAL,SURVIVAL,TP
continuous_1454_S7_strategy2.npz,4631–8862,FOOD,FOOD,TP
continuous_1454_S7_strategy2.npz,7033–9400,—,GREETING,FP
continuous_1454_S7_strategy2.npz,8862–13233,GREETING,—,FN
continuous_1454_S7_strategy2.npz,9400–11733,—,CALENDAR,FP
continuous_1454_S7_strategy2.npz,13233–17479,FAMILY,FAMILY,TP
continuous_1454_S7_strategy2.npz,16433–18800,—,COLOR,FP
continuous_1454_S7_strategy2.npz,17479–21710,COLOR,—,FN
continuous_1454_S7_strategy2.npz,18800–21133,—,DAYS,FP
continuous_1454_S7_strategy2.npz,21133–23500,—,NUMBER,FP
continuous_1454_S7_strategy2.npz,21710–26548,NUMBER,NUMBER,TP
continuous_1454_S7_strategy2.npz,25833–28200,—,SURVIVAL,FP
continuous_1454_S7_strategy2.npz,26548–30779,DRINK,DRINK,TP
continuous_1455_S7_strategy2.npz,0–4232,RELATIONSHIPS,RELATIONSHIPS,TP
continuous_1455_S7_strategy2.npz,3066–6166,—,GREETING,FP
continuous_1455_S7_strategy2.npz,4232–8873,NUMBER,NUMBER,TP
continuous_1455_S7_strategy2.npz,8873–13459,GREETING,GREETING,TP
continuous_1455_S7_strategy2.npz,9266–12366,—,SURVIVAL,FP
continuous_1455_S7_strategy2.npz,13459–17690,COLOR,COLOR,TP
continuous_1455_S7_strategy2.npz,17690–21921,DRINK,DRINK,TP
continuous_1456_S7_strategy2.npz,0–4133,SURVIVAL,SURVIVAL,TP
continuous_1456_S7_strategy2.npz,2700–5433,—,CALENDAR,FP
continuous_1456_S7_strategy2.npz,4133–8298,CALENDAR,CALENDAR,TP
continuous_1456_S7_strategy2.npz,8166–13633,—,CALENDAR,FP
continuous_1456_S7_strategy2.npz,8298–12906,NUMBER,—,FN
continuous_1456_S7_strategy2.npz,12906–17150,DAYS,DAYS,TP
continuous_1456_S7_strategy2.npz,13633–16333,—,NUMBER,FP
continuous_1456_S7_strategy2.npz,17150–21415,DRINK,—,FN
continuous_1456_S7_strategy2.npz,19066–21800,—,FAMILY,FP
continuous_1456_S7_strategy2.npz,21415–25680,COLOR,COLOR,TP
continuous_1456_S7_strategy2.npz,21800–24533,—,DRINK,FP
continuous_1456_S7_strategy2.npz,25680–29945,FOOD,FOOD,TP
continuous_1457_S7_strategy2.npz,0–4199,DAYS,DAYS,TP
continuous_1457_S7_strategy2.npz,4199–8897,SURVIVAL,SURVIVAL,TP
continuous_1457_S7_strategy2.npz,4700–7066,—,DRINK,FP
continuous_1457_S7_strategy2.npz,8897–13376,GREETING,GREETING,TP
continuous_1457_S7_strategy2.npz,13376–17575,NUMBER,NUMBER,TP
continuous_1457_S7_strategy2.npz,16500–18866,—,RELATIONSHIPS,FP
continuous_1457_S7_strategy2.npz,17575–21807,RELATIONSHIPS,—,FN
continuous_1457_S7_strategy2.npz,18866–23566,—,FAMILY,FP
continuous_1457_S7_strategy2.npz,21807–26072,COLOR,COLOR,TP
continuous_1457_S7_strategy2.npz,26072–30910,CALENDAR,CALENDAR,TP
continuous_1458_S7_strategy2.npz,0–4231,RELATIONSHIPS,RELATIONSHIPS,TP
continuous_1458_S7_strategy2.npz,4231–8430,FAMILY,FAMILY,TP
continuous_1458_S7_strategy2.npz,7900–10566,—,SURVIVAL,FP
continuous_1458_S7_strategy2.npz,8430–12961,SURVIVAL,—,FN
continuous_1458_S7_strategy2.npz,10566–13200,—,CALENDAR,FP
continuous_1458_S7_strategy2.npz,12961–17700,CALENDAR,CALENDAR,TP
continuous_1458_S7_strategy2.npz,15833–18500,—,CALENDAR,FP
continuous_1458_S7_strategy2.npz,17700–21399,DRINK,DRINK,TP
continuous_1458_S7_strategy2.npz,21399–26369,DAYS,DAYS,TP
continuous_1459_S7_strategy2.npz,0–4266,SURVIVAL,SURVIVAL,TP
continuous_1459_S7_strategy2.npz,2766–5533,—,COLOR,FP
continuous_1459_S7_strategy2.npz,4266–9071,CALENDAR,CALENDAR,TP
continuous_1459_S7_strategy2.npz,8333–11100,—,COLOR,FP
continuous_1459_S7_strategy2.npz,9071–13336,COLOR,—,FN
continuous_1459_S7_strategy2.npz,13336–17845,NUMBER,NUMBER,TP
continuous_1459_S7_strategy2.npz,17845–22091,FAMILY,FAMILY,TP
continuous_1459_S7_strategy2.npz,22091–26713,GREETING,GREETING,TP
continuous_1459_S7_strategy2.npz,26713–30778,DRINK,DRINK,TP
continuous_1460_S7_strategy2.npz,0–4244,FAMILY,FAMILY,TP
continuous_1460_S7_strategy2.npz,2933–5900,—,COLOR,FP
continuous_1460_S7_strategy2.npz,4244–8975,SURVIVAL,SURVIVAL,TP
continuous_1460_S7_strategy2.npz,8975–13240,FOOD,FOOD,TP
continuous_1460_S7_strategy2.npz,13240–17572,DAYS,DAYS,TP
continuous_1460_S7_strategy2.npz,17572–21837,RELATIONSHIPS,RELATIONSHIPS,TP
continuous_1460_S7_strategy2.npz,21837–26511,CALENDAR,CALENDAR,TP
continuous_1461_S7_strategy2.npz,0–4132,FAMILY,FAMILY,TP
continuous_1461_S7_strategy2.npz,3033–6100,—,GREETING,FP
continuous_1461_S7_strategy2.npz,4132–8682,GREETING,—,FN
continuous_1461_S7_strategy2.npz,6100–9166,—,NUMBER,FP
continuous_1461_S7_strategy2.npz,8682–13290,NUMBER,NUMBER,TP
continuous_1461_S7_strategy2.npz,13290–17556,SURVIVAL,SURVIVAL,TP
continuous_1461_S7_strategy2.npz,17556–21655,COLOR,COLOR,TP
continuous_1462_S7_strategy2.npz,0–4265,COLOR,COLOR,TP
continuous_1462_S7_strategy2.npz,3466–6933,—,DRINK,FP
continuous_1462_S7_strategy2.npz,4265–9070,CALENDAR,CALENDAR,TP
continuous_1462_S7_strategy2.npz,9070–13777,SURVIVAL,SURVIVAL,TP
continuous_1462_S7_strategy2.npz,13777–18008,RELATIONSHIPS,RELATIONSHIPS,TP
continuous_1462_S7_strategy2.npz,18008–22252,FAMILY,DRINK,TP
continuous_1462_S7_strategy2.npz,22252–26860,NUMBER,NUMBER,TP
continuous_1462_S7_strategy2.npz,26860–31091,FOOD,FOOD,TP
continuous_1463_S7_strategy2.npz,0–4213,FAMILY,FAMILY,TP
continuous_1463_S7_strategy2.npz,3233–6466,—,SURVIVAL,FP
continuous_1463_S7_strategy2.npz,4213–8944,SURVIVAL,—,FN
continuous_1463_S7_strategy2.npz,8944–13209,RELATIONSHIPS,RELATIONSHIPS,TP
continuous_1463_S7_strategy2.npz,13209–17474,DRINK,DRINK,TP
continuous_1463_S7_strategy2.npz,17474–21607,GREETING,GREETING,TP
continuous_1463_S7_strategy2.npz,21607–25838,COLOR,COLOR,TP
continuous_1464_S7_strategy2.npz,0–4265,RELATIONSHIPS,RELATIONSHIPS,TP
continuous_1464_S7_strategy2.npz,2733–5500,—,RELATIONSHIPS,FP
continuous_1464_S7_strategy2.npz,4265–8496,FOOD,FOOD,TP
continuous_1464_S7_strategy2.npz,8496–12695,NUMBER,NUMBER,TP
continuous_1464_S7_strategy2.npz,12695–16893,DRINK,DAYS,TP
continuous_1464_S7_strategy2.npz,16893–21336,GREETING,GREETING,TP
continuous_1464_S7_strategy2.npz,21336–25601,COLOR,—,FN
continuous_1464_S7_strategy2.npz,22033–24766,—,DAYS,FP
continuous_1464_S7_strategy2.npz,24766–27533,—,COLOR,FP
continuous_1464_S7_strategy2.npz,25601–30538,DAYS,DAYS,TP
continuous_1465_S7_strategy2.npz,0–4937,CALENDAR,CALENDAR,TP
continuous_1465_S7_strategy2.npz,2933–5866,—,FOOD,FP
continuous_1465_S7_strategy2.npz,4937–9202,FOOD,—,FN
continuous_1465_S7_strategy2.npz,5866–8833,—,DAYS,FP
continuous_1465_S7_strategy2.npz,9202–13458,DAYS,DAYS,TP
continuous_1465_S7_strategy2.npz,13458–17458,SURVIVAL,SURVIVAL,TP
continuous_1465_S7_strategy2.npz,17458–22165,NUMBER,NUMBER,TP
continuous_1465_S7_strategy2.npz,22165–26430,DRINK,DRINK,TP
continuous_1466_S7_strategy2.npz,0–4099,CALENDAR,CALENDAR,TP
continuous_1466_S7_strategy2.npz,4099–8330,FOOD,FOOD,TP
continuous_1466_S7_strategy2.npz,8330–12562,COLOR,COLOR,TP
continuous_1466_S7_strategy2.npz,12562–17148,GREETING,GREETING,TP
continuous_1466_S7_strategy2.npz,17148–21379,DRINK,DRINK,TP
continuous_1466_S7_strategy2.npz,19700–22533,—,DRINK,FP
continuous_1466_S7_strategy2.npz,21379–25623,DAYS,DAYS,TP
continuous_1467_S7_strategy2.npz,0–4265,COLOR,COLOR,TP
continuous_1467_S7_strategy2.npz,4265–8464,RELATIONSHIPS,RELATIONSHIPS,TP
continuous_1467_S7_strategy2.npz,8464–13195,SURVIVAL,SURVIVAL,TP
continuous_1467_S7_strategy2.npz,10966–13166,—,RELATIONSHIPS,FP
continuous_1467_S7_strategy2.npz,13195–17460,DAYS,DAYS,TP
continuous_1467_S7_strategy2.npz,17460–21659,CALENDAR,CALENDAR,TP
continuous_1467_S7_strategy2.npz,21659–26333,NUMBER,NUMBER,TP
continuous_1467_S7_strategy2.npz,21966–24166,—,FAMILY,FP
continuous_1468_S7_strategy2.npz,0–4266,NUMBER,NUMBER,TP
continuous_1468_S7_strategy2.npz,4266–8531,RELATIONSHIPS,RELATIONSHIPS,TP
continuous_1468_S7_strategy2.npz,8531–12463,DRINK,DRINK,TP
continuous_1468_S7_strategy2.npz,10500–14000,—,DRINK,FP
continuous_1468_S7_strategy2.npz,12463–16695,DAYS,—,FN
continuous_1468_S7_strategy2.npz,14000–17500,—,NUMBER,FP
continuous_1468_S7_strategy2.npz,16695–21317,GREETING,GREETING,TP
continuous_1469_S7_strategy2.npz,0–4246,FAMILY,FAMILY,TP
continuous_1469_S7_strategy2.npz,4246–8511,RELATIONSHIPS,RELATIONSHIPS,TP
continuous_1469_S7_strategy2.npz,8511–13218,CALENDAR,CALENDAR,TP
continuous_1469_S7_strategy2.npz,13218–17449,DRINK,DRINK,TP
continuous_1469_S7_strategy2.npz,17449–21714,COLOR,COLOR,TP
continuous_1469_S7_strategy2.npz,20300–23200,—,RELATIONSHIPS,FP
continuous_1469_S7_strategy2.npz,21714–26047,GREETING,GREETING,TP
continuous_1470_S7_strategy2.npz,0–4265,RELATIONSHIPS,RELATIONSHIPS,TP
continuous_1470_S7_strategy2.npz,3066–6166,—,FAMILY,FP
continuous_1470_S7_strategy2.npz,4265–8764,FAMILY,—,FN
continuous_1470_S7_strategy2.npz,6166–12333,—,FAMILY,FP
continuous_1470_S7_strategy2.npz,8764–13569,CALENDAR,CALENDAR,TP
continuous_1470_S7_strategy2.npz,13569–17813,DAYS,DAYS,TP
continuous_1470_S7_strategy2.npz,17813–22044,COLOR,COLOR,TP
continuous_1470_S7_strategy2.npz,22044–26523,GREETING,GREETING,TP
continuous_1470_S7_strategy2.npz,26523–31098,NUMBER,NUMBER,TP
continuous_1471_S7_strategy2.npz,0–4937,CALENDAR,CALENDAR,TP
continuous_1471_S7_strategy2.npz,3166–6333,—,GREETING,FP
continuous_1471_S7_strategy2.npz,4937–9202,DRINK,—,FN
continuous_1471_S7_strategy2.npz,6333–9500,—,FAMILY,FP
continuous_1471_S7_strategy2.npz,9202–13448,FAMILY,—,FN
continuous_1471_S7_strategy2.npz,9500–12666,—,NUMBER,FP
continuous_1471_S7_strategy2.npz,13448–17880,GREETING,GREETING,TP
continuous_1471_S7_strategy2.npz,17880–22111,FOOD,FOOD,TP
continuous_1472_S7_strategy2.npz,0–4221,FAMILY,FAMILY,TP
continuous_1472_S7_strategy2.npz,4221–8735,GREETING,GREETING,TP
continuous_1472_S7_strategy2.npz,8735–12966,COLOR,COLOR,TP
continuous_1472_S7_strategy2.npz,12966–17231,RELATIONSHIPS,RELATIONSHIPS,TP
continuous_1472_S7_strategy2.npz,17231–21872,NUMBER,NUMBER,TP
continuous_1472_S7_strategy2.npz,20400–23300,—,DRINK,FP
continuous_1472_S7_strategy2.npz,21872–26470,SURVIVAL,SURVIVAL,TP
continuous_1473_S7_strategy2.npz,0–4674,NUMBER,NUMBER,TP
continuous_1473_S7_strategy2.npz,2666–5333,—,FAMILY,FP
continuous_1473_S7_strategy2.npz,4674–8973,FAMILY,—,FN
continuous_1473_S7_strategy2.npz,5333–8000,—,FAMILY,FP
continuous_1473_S7_strategy2.npz,8000–10666,—,GREETING,FP
continuous_1473_S7_strategy2.npz,8973–13595,GREETING,—,FN
continuous_1473_S7_strategy2.npz,10666–16033,—,FOOD,FP
continuous_1473_S7_strategy2.npz,13595–18532,CALENDAR,CALENDAR,TP
continuous_1473_S7_strategy2.npz,18532–22697,COLOR,COLOR,TP
continuous_1473_S7_strategy2.npz,21366–24033,—,COLOR,FP
continuous_1473_S7_strategy2.npz,22697–26962,FOOD,FOOD,TP
continuous_1474_S7_strategy2.npz,0–4199,RELATIONSHIPS,RELATIONSHIPS,TP
continuous_1474_S7_strategy2.npz,4199–8906,SURVIVAL,SURVIVAL,TP
continuous_1474_S7_strategy2.npz,8906–13580,NUMBER,NUMBER,TP
continuous_1474_S7_strategy2.npz,9133–11433,—,COLOR,FP
continuous_1474_S7_strategy2.npz,13580–18130,GREETING,GREETING,TP
continuous_1474_S7_strategy2.npz,16000–20566,—,RELATIONSHIPS,FP
continuous_1474_S7_strategy2.npz,18130–23067,CALENDAR,CALENDAR,TP
continuous_1475_S7_strategy2.npz,0–4443,GREETING,GREETING,TP
continuous_1475_S7_strategy2.npz,3533–7066,—,FAMILY,FP
continuous_1475_S7_strategy2.npz,4443–8741,DRINK,DRINK,TP
continuous_1475_S7_strategy2.npz,8741–12972,FOOD,FOOD,TP
continuous_1475_S7_strategy2.npz,12972–17237,COLOR,COLOR,TP
continuous_1475_S7_strategy2.npz,17237–21481,DAYS,DAYS,TP
continuous_1476_S7_strategy2.npz,0–4199,NUMBER,NUMBER,TP
continuous_1476_S7_strategy2.npz,2700–5400,—,NUMBER,FP
continuous_1476_S7_strategy2.npz,4199–8464,FAMILY,FAMILY,TP
continuous_1476_S7_strategy2.npz,8464–12729,COLOR,COLOR,TP
continuous_1476_S7_strategy2.npz,12729–16994,RELATIONSHIPS,RELATIONSHIPS,TP
continuous_1476_S7_strategy2.npz,16994–21692,SURVIVAL,SURVIVAL,TP
continuous_1477_S7_strategy2.npz,0–4244,DAYS,DAYS,TP
continuous_1477_S7_strategy2.npz,4244–8509,COLOR,COLOR,TP
continuous_1477_S7_strategy2.npz,8509–12774,DRINK,DRINK,TP
continuous_1477_S7_strategy2.npz,12774–17505,SURVIVAL,SURVIVAL,TP
continuous_1477_S7_strategy2.npz,15533–18633,—,SURVIVAL,FP
continuous_1477_S7_strategy2.npz,17505–22508,NUMBER,NUMBER,TP
continuous_1477_S7_strategy2.npz,22508–26773,RELATIONSHIPS,RELATIONSHIPS,TP
continuous_1477_S7_strategy2.npz,24866–27966,—,SURVIVAL,FP
continuous_1477_S7_strategy2.npz,26773–31038,FOOD,FOOD,TP
continuous_1478_S7_strategy2.npz,0–4231,FOOD,FOOD,TP
continuous_1478_S7_strategy2.npz,4231–8442,FAMILY,FAMILY,TP
continuous_1478_S7_strategy2.npz,8442–12441,RELATIONSHIPS,RELATIONSHIPS,TP
continuous_1478_S7_strategy2.npz,10966–14600,—,DRINK,FP
continuous_1478_S7_strategy2.npz,12441–17072,SURVIVAL,SURVIVAL,TP
continuous_1478_S7_strategy2.npz,17072–21337,DRINK,DRINK,TP
continuous_1478_S7_strategy2.npz,21337–25568,COLOR,COLOR,TP
continuous_1479_S7_strategy2.npz,0–4265,DRINK,DRINK,TP
continuous_1479_S7_strategy2.npz,2933–5900,—,NUMBER,FP
continuous_1479_S7_strategy2.npz,4265–8397,NUMBER,—,FN
continuous_1479_S7_strategy2.npz,8397–12629,FAMILY,FAMILY,TP
continuous_1479_S7_strategy2.npz,11800–14766,—,FOOD,FP
continuous_1479_S7_strategy2.npz,12629–16860,FOOD,—,FN
continuous_1479_S7_strategy2.npz,14766–17733,—,CALENDAR,FP
continuous_1479_S7_strategy2.npz,16860–21092,CALENDAR,—,FN
continuous_1479_S7_strategy2.npz,17733–23633,—,CALENDAR,FP
continuous_1479_S7_strategy2.npz,21092–25392,SURVIVAL,SURVIVAL,TP
continuous_1479_S7_strategy2.npz,25392–29557,COLOR,COLOR,TP
continuous_1480_S7_strategy2.npz,0–4298,DRINK,DRINK,TP
continuous_1480_S7_strategy2.npz,2633–5300,—,GREETING,FP
continuous_1480_S7_strategy2.npz,4298–8884,GREETING,—,FN
continuous_1480_S7_strategy2.npz,5300–7966,—,DRINK,FP
continuous_1480_S7_strategy2.npz,8884–13064,FAMILY,FAMILY,TP
continuous_1480_S7_strategy2.npz,13064–17329,FOOD,FOOD,TP
continuous_1480_S7_strategy2.npz,17329–21560,RELATIONSHIPS,RELATIONSHIPS,TP
continuous_1481_S7_strategy2.npz,0–4231,DRINK,DRINK,TP
continuous_1481_S7_strategy2.npz,4231–8462,FOOD,FOOD,TP
continuous_1481_S7_strategy2.npz,8462–13027,SURVIVAL,SURVIVAL,TP
continuous_1481_S7_strategy2.npz,13027–17259,COLOR,COLOR,TP
continuous_1481_S7_strategy2.npz,17259–21391,DAYS,DAYS,TP
continuous_1482_S7_strategy2.npz,0–4299,FAMILY,FAMILY,TP
continuous_1482_S7_strategy2.npz,4299–8564,DRINK,DRINK,TP
continuous_1482_S7_strategy2.npz,8564–13043,GREETING,GREETING,TP
continuous_1482_S7_strategy2.npz,13043–17808,SURVIVAL,SURVIVAL,TP
continuous_1482_S7_strategy2.npz,16666–19433,—,NUMBER,FP
continuous_1482_S7_strategy2.npz,17808–22482,NUMBER,NUMBER,TP
continuous_1483_S7_strategy2.npz,0–4100,GREETING,GREETING,TP
continuous_1483_S7_strategy2.npz,2600–5233,—,NUMBER,FP
continuous_1483_S7_strategy2.npz,4100–8232,NUMBER,—,FN
continuous_1483_S7_strategy2.npz,5233–7833,—,SURVIVAL,FP
continuous_1483_S7_strategy2.npz,8232–12497,COLOR,COLOR,TP
continuous_1483_S7_strategy2.npz,12497–16741,DAYS,DAYS,TP
continuous_1483_S7_strategy2.npz,16741–20940,FAMILY,FAMILY,TP
continuous_1484_S7_strategy2.npz,0–4231,FOOD,FOOD,TP
continuous_1484_S7_strategy2.npz,2366–4733,—,CALENDAR,FP
continuous_1484_S7_strategy2.npz,4231–9201,CALENDAR,CALENDAR,TP
continuous_1484_S7_strategy2.npz,7100–9466,—,CALENDAR,FP
continuous_1484_S7_strategy2.npz,9201–13467,SURVIVAL,SURVIVAL,TP
continuous_1484_S7_strategy2.npz,11833–14233,—,COLOR,FP
continuous_1484_S7_strategy2.npz,13467–17699,GREETING,GREETING,TP
continuous_1484_S7_strategy2.npz,16600–18966,—,DAYS,FP
continuous_1484_S7_strategy2.npz,17699–21945,FAMILY,FAMILY,TP
continuous_1484_S7_strategy2.npz,21945–26044,NUMBER,NUMBER,TP
continuous_1485_S7_strategy2.npz,0–4565,SURVIVAL,SURVIVAL,TP
continuous_1485_S7_strategy2.npz,3333–6666,—,RELATIONSHIPS,FP
continuous_1485_S7_strategy2.npz,4565–8830,RELATIONSHIPS,RELATIONSHIPS,TP
continuous_1485_S7_strategy2.npz,8830–13195,NUMBER,NUMBER,TP
continuous_1485_S7_strategy2.npz,13195–17408,FAMILY,FAMILY,TP
continuous_1485_S7_strategy2.npz,16666–20000,—,DAYS,FP
continuous_1485_S7_strategy2.npz,17408–22345,DAYS,—,FN
continuous_1485_S7_strategy2.npz,20000–23333,—,FAMILY,FP
continuous_1485_S7_strategy2.npz,22345–26644,COLOR,COLOR,TP
continuous_1486_S7_strategy2.npz,0–4622,GREETING,GREETING,TP
continuous_1486_S7_strategy2.npz,3100–6200,—,RELATIONSHIPS,FP
continuous_1486_S7_strategy2.npz,4622–8866,DAYS,—,FN
continuous_1486_S7_strategy2.npz,6200–9300,—,COLOR,FP
continuous_1486_S7_strategy2.npz,8866–13131,FOOD,FOOD,TP
continuous_1486_S7_strategy2.npz,12400–15500,—,SURVIVAL,FP
continuous_1486_S7_strategy2.npz,13131–17363,FAMILY,FAMILY,TP
continuous_1486_S7_strategy2.npz,17363–21994,SURVIVAL,SURVIVAL,TP
continuous_1487_S7_strategy2.npz,0–4065,RELATIONSHIPS,—,FN
continuous_1487_S7_strategy2.npz,3100–6200,—,CALENDAR,FP
continuous_1487_S7_strategy2.npz,4065–9035,DAYS,DAYS,TP
continuous_1487_S7_strategy2.npz,9035–13266,FOOD,FOOD,TP
continuous_1487_S7_strategy2.npz,13266–17780,GREETING,GREETING,TP
continuous_1487_S7_strategy2.npz,17780–22011,COLOR,COLOR,TP
continuous_1488_S7_strategy2.npz,0–4133,SURVIVAL,SURVIVAL,TP
continuous_1488_S7_strategy2.npz,3366–6766,—,DRINK,FP
continuous_1488_S7_strategy2.npz,4133–8741,CALENDAR,CALENDAR,TP
continuous_1488_S7_strategy2.npz,8741–12972,COLOR,—,FN
continuous_1488_S7_strategy2.npz,12972–17558,GREETING,GREETING,TP
continuous_1488_S7_strategy2.npz,13533–16900,—,COLOR,FP
continuous_1488_S7_strategy2.npz,17558–21823,RELATIONSHIPS,RELATIONSHIPS,TP
continuous_1488_S7_strategy2.npz,21823–26431,NUMBER,NUMBER,TP
continuous_1488_S7_strategy2.npz,26431–30675,DAYS,DAYS,TP
continuous_1489_S7_strategy2.npz,0–4937,CALENDAR,CALENDAR,TP
continuous_1489_S7_strategy2.npz,3700–7433,—,CALENDAR,FP
continuous_1489_S7_strategy2.npz,4937–9380,GREETING,RELATIONSHIPS,TP
continuous_1489_S7_strategy2.npz,9380–13645,DRINK,DRINK,TP
continuous_1489_S7_strategy2.npz,13645–17876,COLOR,COLOR,TP
continuous_1489_S7_strategy2.npz,17876–22583,SURVIVAL,SURVIVAL,TP
continuous_1490_S7_strategy2.npz,0–4231,RELATIONSHIPS,RELATIONSHIPS,TP
continuous_1490_S7_strategy2.npz,4231–8630,FOOD,FOOD,TP
continuous_1490_S7_strategy2.npz,6900–10333,—,GREETING,FP
continuous_1490_S7_strategy2.npz,8630–13037,GREETING,—,FN
continuous_1490_S7_strategy2.npz,10333–13800,—,FOOD,FP
continuous_1490_S7_strategy2.npz,13037–17702,SURVIVAL,SURVIVAL,TP
continuous_1490_S7_strategy2.npz,17702–21967,DRINK,DRINK,TP
continuous_1490_S7_strategy2.npz,21967–26211,DAYS,DAYS,TP
continuous_1490_S7_strategy2.npz,26211–31280,NUMBER,NUMBER,TP
continuous_1491_S7_strategy2.npz,0–4265,RELATIONSHIPS,RELATIONSHIPS,TP
continuous_1491_S7_strategy2.npz,4265–8519,DAYS,DAYS,TP
continuous_1491_S7_strategy2.npz,8519–12750,FOOD,—,FN
continuous_1491_S7_strategy2.npz,9000–15000,—,DRINK,FP
continuous_1491_S7_strategy2.npz,12750–17720,CALENDAR,—,FN
continuous_1491_S7_strategy2.npz,15000–18000,—,FOOD,FP
continuous_1491_S7_strategy2.npz,17720–22152,FAMILY,FAMILY,TP
continuous_1491_S7_strategy2.npz,18000–21000,—,CALENDAR,FP
continuous_1491_S7_strategy2.npz,22152–26924,NUMBER,NUMBER,TP
continuous_1492_S7_strategy2.npz,0–4765,GREETING,GREETING,TP
continuous_1492_S7_strategy2.npz,4765–9043,FAMILY,FAMILY,TP
continuous_1492_S7_strategy2.npz,9043–14013,CALENDAR,CALENDAR,TP
continuous_1492_S7_strategy2.npz,11666–15566,—,SURVIVAL,FP
continuous_1492_S7_strategy2.npz,14013–18644,SURVIVAL,—,FN
continuous_1492_S7_strategy2.npz,15566–19466,—,DRINK,FP
continuous_1492_S7_strategy2.npz,18644–22909,DRINK,—,FN
continuous_1492_S7_strategy2.npz,22909–27174,FOOD,FOOD,TP
continuous_1492_S7_strategy2.npz,27174–31405,COLOR,COLOR,TP
continuous_1493_S7_strategy2.npz,0–4232,DAYS,DAYS,TP
continuous_1493_S7_strategy2.npz,3066–6166,—,CALENDAR,FP
continuous_1493_S7_strategy2.npz,4232–9169,CALENDAR,CALENDAR,TP
continuous_1493_S7_strategy2.npz,9169–13400,RELATIONSHIPS,RELATIONSHIPS,TP
continuous_1493_S7_strategy2.npz,13400–18098,SURVIVAL,—,FN
continuous_1493_S7_strategy2.npz,15433–18533,—,DRINK,FP
continuous_1493_S7_strategy2.npz,18098–22363,COLOR,COLOR,TP
continuous_1493_S7_strategy2.npz,18533–21600,—,SURVIVAL,FP
continuous_1493_S7_strategy2.npz,22363–26949,GREETING,GREETING,TP
continuous_1493_S7_strategy2.npz,26949–31148,FOOD,FOOD,TP
continuous_1494_S7_strategy2.npz,0–4231,COLOR,COLOR,TP
continuous_1494_S7_strategy2.npz,2633–5266,—,DAYS,FP
continuous_1494_S7_strategy2.npz,4231–8475,FAMILY,FAMILY,TP
continuous_1494_S7_strategy2.npz,8475–12742,DAYS,DAYS,TP
continuous_1494_S7_strategy2.npz,12742–17074,DRINK,DRINK,TP
continuous_1494_S7_strategy2.npz,13200–15833,—,DRINK,FP
continuous_1494_S7_strategy2.npz,17074–21407,SURVIVAL,SURVIVAL,TP
continuous_1494_S7_strategy2.npz,21407–26344,CALENDAR,CALENDAR,TP
continuous_1495_S7_strategy2.npz,0–4970,CALENDAR,CALENDAR,TP
continuous_1495_S7_strategy2.npz,3100–6200,—,CALENDAR,FP
continuous_1495_S7_strategy2.npz,4970–9102,FOOD,FOOD,TP
continuous_1495_S7_strategy2.npz,9102–13367,DRINK,DRINK,TP
continuous_1495_S7_strategy2.npz,13367–17612,FAMILY,FAMILY,TP
continuous_1495_S7_strategy2.npz,17612–22090,GREETING,RELATIONSHIPS,TP
continuous_1496_S7_strategy2.npz,0–4199,RELATIONSHIPS,RELATIONSHIPS,TP
continuous_1496_S7_strategy2.npz,2933–5900,—,GREETING,FP
continuous_1496_S7_strategy2.npz,4199–8785,GREETING,—,FN
continuous_1496_S7_strategy2.npz,5900–8866,—,GREETING,FP
continuous_1496_S7_strategy2.npz,8785–12984,FOOD,FOOD,TP
continuous_1496_S7_strategy2.npz,11833–14800,—,DRINK,FP
continuous_1496_S7_strategy2.npz,12984–17921,CALENDAR,CALENDAR,TP
continuous_1496_S7_strategy2.npz,17921–22644,SURVIVAL,SURVIVAL,TP
continuous_1496_S7_strategy2.npz,22644–26890,FAMILY,RELATIONSHIPS,TP
continuous_1497_S7_strategy2.npz,0–4608,CALENDAR,CALENDAR,TP
continuous_1497_S7_strategy2.npz,2800–5600,—,DRINK,FP
continuous_1497_S7_strategy2.npz,4608–9380,NUMBER,NUMBER,TP
continuous_1497_S7_strategy2.npz,8433–11233,—,SURVIVAL,FP
continuous_1497_S7_strategy2.npz,9380–13978,SURVIVAL,SURVIVAL,TP
continuous_1497_S7_strategy2.npz,13978–18224,FAMILY,FAMILY,TP
continuous_1497_S7_strategy2.npz,16866–19666,—,DRINK,FP
continuous_1497_S7_strategy2.npz,18224–22423,DRINK,DRINK,TP
continuous_1498_S7_strategy2.npz,0–4299,FAMILY,FAMILY,TP
continuous_1498_S7_strategy2.npz,2400–4833,—,FAMILY,FP
continuous_1498_S7_strategy2.npz,4299–8897,SURVIVAL,SURVIVAL,TP
continuous_1498_S7_strategy2.npz,7266–9666,—,CALENDAR,FP
continuous_1498_S7_strategy2.npz,8897–13867,CALENDAR,—,FN
continuous_1498_S7_strategy2.npz,9666–12100,—,CALENDAR,FP
continuous_1498_S7_strategy2.npz,12100–16933,—,CALENDAR,FP
continuous_1498_S7_strategy2.npz,13867–18837,NUMBER,NUMBER,TP
continuous_1498_S7_strategy2.npz,18837–23102,FOOD,FOOD,TP
continuous_1498_S7_strategy2.npz,23102–27367,RELATIONSHIPS,RELATIONSHIPS,TP
continuous_1498_S7_strategy2.npz,27367–31432,DRINK,DRINK,TP
continuous_1499_S7_strategy2.npz,0–4970,CALENDAR,CALENDAR,TP
continuous_1499_S7_strategy2.npz,4970–9235,COLOR,—,FN
continuous_1499_S7_strategy2.npz,7833–13100,—,FOOD,FP
continuous_1499_S7_strategy2.npz,9235–13201,RELATIONSHIPS,—,FN
continuous_1499_S7_strategy2.npz,13100–15700,—,RELATIONSHIPS,FP
continuous_1499_S7_strategy2.npz,13201–17875,NUMBER,NUMBER,TP
continuous_1499_S7_strategy2.npz,17875–22174,GREETING,GREETING,TP
continuous_1499_S7_strategy2.npz,22174–26405,DRINK,FOOD,TP
continuous_1500_S7_strategy2.npz,0–4066,GREETING,GREETING,TP
continuous_1500_S7_strategy2.npz,2500–5000,—,NUMBER,FP
continuous_1500_S7_strategy2.npz,4066–9003,DAYS,DAYS,TP
continuous_1500_S7_strategy2.npz,7500–10000,—,FOOD,FP
continuous_1500_S7_strategy2.npz,9003–13035,FOOD,—,FN
continuous_1500_S7_strategy2.npz,10000–12500,—,RELATIONSHIPS,FP
continuous_1500_S7_strategy2.npz,13035–17709,NUMBER,NUMBER,TP
continuous_1500_S7_strategy2.npz,17500–20000,—,CALENDAR,FP
continuous_1500_S7_strategy2.npz,17709–22679,CALENDAR,—,FN
continuous_1500_S7_strategy2.npz,20000–22500,—,CALENDAR,FP
continuous_1500_S7_strategy2.npz,22500–25000,—,FAMILY,FP
continuous_1500_S7_strategy2.npz,22679–27410,SURVIVAL,SURVIVAL,TP
continuous_1501_S7_strategy2.npz,0–4246,FAMILY,FAMILY,TP
continuous_1501_S7_strategy2.npz,2700–5400,—,FAMILY,FP
continuous_1501_S7_strategy2.npz,4246–9183,CALENDAR,CALENDAR,TP
continuous_1501_S7_strategy2.npz,9183–13349,DAYS,DAYS,TP
continuous_1501_S7_strategy2.npz,13349–17580,COLOR,COLOR,TP
continuous_1501_S7_strategy2.npz,13500–16200,—,DRINK,FP
continuous_1501_S7_strategy2.npz,17580–22287,NUMBER,NUMBER,TP
continuous_1501_S7_strategy2.npz,22287–26952,SURVIVAL,SURVIVAL,TP
continuous_1502_S7_strategy2.npz,0–4465,NUMBER,NUMBER,TP
continuous_1502_S7_strategy2.npz,4465–9087,GREETING,GREETING,TP
continuous_1502_S7_strategy2.npz,9087–13285,COLOR,COLOR,TP
continuous_1502_S7_strategy2.npz,13285–17917,SURVIVAL,SURVIVAL,TP
continuous_1502_S7_strategy2.npz,17917–22182,RELATIONSHIPS,RELATIONSHIPS,TP
continuous_1503_S7_strategy2.npz,0–4970,DAYS,DAYS,TP
continuous_1503_S7_strategy2.npz,3133–6266,—,NUMBER,FP
continuous_1503_S7_strategy2.npz,4970–9249,FAMILY,FAMILY,TP
continuous_1503_S7_strategy2.npz,9249–13480,FOOD,FOOD,TP
continuous_1503_S7_strategy2.npz,12533–15666,—,FOOD,FP
continuous_1503_S7_strategy2.npz,13480–17645,GREETING,GREETING,TP
continuous_1503_S7_strategy2.npz,17645–21876,DRINK,DRINK,TP
continuous_1504_S7_strategy2.npz,0–4232,SURVIVAL,SURVIVAL,TP
continuous_1504_S7_strategy2.npz,2700–5400,—,SURVIVAL,FP
continuous_1504_S7_strategy2.npz,4232–9103,NUMBER,NUMBER,TP
continuous_1504_S7_strategy2.npz,8133–10833,—,SURVIVAL,FP
continuous_1504_S7_strategy2.npz,9103–13135,CALENDAR,CALENDAR,TP
continuous_1504_S7_strategy2.npz,13135–17400,RELATIONSHIPS,—,FN
continuous_1504_S7_strategy2.npz,13533–16266,—,CALENDAR,FP
continuous_1504_S7_strategy2.npz,16266–18966,—,RELATIONSHIPS,FP
continuous_1504_S7_strategy2.npz,17400–21665,DRINK,DRINK,TP
continuous_1505_S7_strategy2.npz,0–4674,NUMBER,NUMBER,TP
continuous_1505_S7_strategy2.npz,3000–6000,—,DAYS,FP
continuous_1505_S7_strategy2.npz,4674–8918,DAYS,—,FN
continuous_1505_S7_strategy2.npz,6000–9000,—,FAMILY,FP
continuous_1505_S7_strategy2.npz,8918–13117,CALENDAR,CALENDAR,TP
continuous_1505_S7_strategy2.npz,13117–17348,FOOD,FOOD,TP
continuous_1505_S7_strategy2.npz,17348–21755,GREETING,GREETING,TP
continuous_1505_S7_strategy2.npz,21000–24000,—,DRINK,FP
continuous_1505_S7_strategy2.npz,21755–26020,DRINK,—,FN
continuous_1505_S7_strategy2.npz,24000–27000,—,DRINK,FP
continuous_1505_S7_strategy2.npz,26020–30233,FAMILY,FAMILY,TP
continuous_1506_S7_strategy2.npz,0–4237,DAYS,DAYS,TP
continuous_1506_S7_strategy2.npz,4237–8448,FAMILY,FAMILY,TP
continuous_1506_S7_strategy2.npz,8448–12679,DRINK,DRINK,TP
continuous_1506_S7_strategy2.npz,12679–16944,RELATIONSHIPS,RELATIONSHIPS,TP
continuous_1506_S7_strategy2.npz,14433–19233,—,SURVIVAL,FP
continuous_1506_S7_strategy2.npz,16944–21585,NUMBER,NUMBER,TP
continuous_1507_S7_strategy2.npz,0–4231,RELATIONSHIPS,RELATIONSHIPS,TP
continuous_1507_S7_strategy2.npz,2366–4733,—,SURVIVAL,FP
continuous_1507_S7_strategy2.npz,4231–9201,CALENDAR,CALENDAR,TP
continuous_1507_S7_strategy2.npz,7100–9466,—,CALENDAR,FP
continuous_1507_S7_strategy2.npz,9201–13432,COLOR,COLOR,TP
continuous_1507_S7_strategy2.npz,13432–17364,DAYS,DAYS,TP
continuous_1507_S7_strategy2.npz,17364–21629,DRINK,DRINK,TP
continuous_1507_S7_strategy2.npz,21333–23700,—,SURVIVAL,FP
continuous_1507_S7_strategy2.npz,21629–26527,SURVIVAL,SURVIVAL,TP
continuous_1507_S7_strategy2.npz,26527–30773,FAMILY,FAMILY,TP
continuous_1508_S7_strategy2.npz,0–4244,FAMILY,FAMILY,TP
continuous_1508_S7_strategy2.npz,4244–8877,SURVIVAL,SURVIVAL,TP
continuous_1508_S7_strategy2.npz,8877–13142,COLOR,COLOR,TP
continuous_1508_S7_strategy2.npz,13142–17373,FOOD,FOOD,TP
continuous_1508_S7_strategy2.npz,15766–18933,—,DRINK,FP
continuous_1508_S7_strategy2.npz,17373–22047,CALENDAR,CALENDAR,TP
continuous_1509_S7_strategy2.npz,0–855,CALENDAR,—,FN
continuous_1509_S7_strategy2.npz,855–5120,DRINK,DRINK,TP
continuous_1509_S7_strategy2.npz,5120–9706,GREETING,GREETING,TP
continuous_1509_S7_strategy2.npz,9706–13971,COLOR,COLOR,TP
continuous_1509_S7_strategy2.npz,13971–18513,NUMBER,NUMBER,TP
continuous_1510_S7_strategy2.npz,0–4641,NUMBER,NUMBER,TP
continuous_1510_S7_strategy2.npz,4641–8872,FOOD,FOOD,TP
continuous_1510_S7_strategy2.npz,8872–13670,SURVIVAL,SURVIVAL,TP
continuous_1510_S7_strategy2.npz,13670–17836,FAMILY,FAMILY,TP
continuous_1510_S7_strategy2.npz,17836–22101,COLOR,COLOR,TP
continuous_1511_S7_strategy2.npz,0–4232,GREETING,GREETING,TP
continuous_1511_S7_strategy2.npz,2700–8133,—,FAMILY,FP
continuous_1511_S7_strategy2.npz,4232–8497,RELATIONSHIPS,RELATIONSHIPS,TP
continuous_1511_S7_strategy2.npz,8497–12775,DAYS,DAYS,TP
continuous_1511_S7_strategy2.npz,12775–17006,FOOD,FOOD,TP
continuous_1511_S7_strategy2.npz,17006–21713,NUMBER,NUMBER,TP
continuous_1512_S7_strategy2.npz,0–4199,RELATIONSHIPS,RELATIONSHIPS,TP
continuous_1512_S7_strategy2.npz,4199–8464,FOOD,FOOD,TP
continuous_1512_S7_strategy2.npz,8464–12708,DAYS,DAYS,TP
continuous_1512_S7_strategy2.npz,12708–17283,CALENDAR,CALENDAR,TP
continuous_1512_S7_strategy2.npz,17283–21349,SURVIVAL,SURVIVAL,TP
continuous_1512_S7_strategy2.npz,21349–26154,NUMBER,DAYS,TP
continuous_1513_S7_strategy2.npz,0–4937,CALENDAR,CALENDAR,TP
continuous_1513_S7_strategy2.npz,4937–9202,RELATIONSHIPS,RELATIONSHIPS,TP
continuous_1513_S7_strategy2.npz,9202–13433,COLOR,COLOR,TP
continuous_1513_S7_strategy2.npz,13433–17912,GREETING,GREETING,TP
continuous_1513_S7_strategy2.npz,17366–20833,—,RELATIONSHIPS,FP
continuous_1513_S7_strategy2.npz,17912–22543,SURVIVAL,SURVIVAL,TP
continuous_1513_S7_strategy2.npz,22543–26774,DRINK,DRINK,TP
continuous_1513_S7_strategy2.npz,26774–31481,NUMBER,NUMBER,TP
continuous_1514_S7_strategy2.npz,0–4099,DRINK,DRINK,TP
continuous_1514_S7_strategy2.npz,2700–5433,—,FOOD,FP
continuous_1514_S7_strategy2.npz,4099–8265,FOOD,—,FN
continuous_1514_S7_strategy2.npz,5433–8166,—,RELATIONSHIPS,FP
continuous_1514_S7_strategy2.npz,8166–13600,—,SURVIVAL,FP
continuous_1514_S7_strategy2.npz,8265–12530,RELATIONSHIPS,—,FN
continuous_1514_S7_strategy2.npz,12530–16808,FAMILY,FAMILY,TP
continuous_1514_S7_strategy2.npz,16333–19066,—,FAMILY,FP
continuous_1514_S7_strategy2.npz,16808–21745,CALENDAR,CALENDAR,TP
continuous_1515_S7_strategy2.npz,0–4698,SURVIVAL,SURVIVAL,TP
continuous_1515_S7_strategy2.npz,4698–8730,DAYS,DAYS,TP
continuous_1515_S7_strategy2.npz,8730–12895,COLOR,FOOD,TP
continuous_1515_S7_strategy2.npz,11133–14833,—,RELATIONSHIPS,FP
continuous_1515_S7_strategy2.npz,12895–17160,RELATIONSHIPS,—,FN
continuous_1515_S7_strategy2.npz,14833–18533,—,GREETING,FP
continuous_1515_S7_strategy2.npz,17160–21782,GREETING,—,FN
continuous_1515_S7_strategy2.npz,21782–25715,DRINK,DRINK,TP
continuous_1515_S7_strategy2.npz,25715–29959,FAMILY,FAMILY,TP
continuous_1516_S7_strategy2.npz,0–4279,FAMILY,FAMILY,TP
continuous_1516_S7_strategy2.npz,4279–8829,GREETING,SURVIVAL,TP
continuous_1516_S7_strategy2.npz,8200–10933,—,DAYS,FP
continuous_1516_S7_strategy2.npz,8829–13073,DAYS,—,FN
continuous_1516_S7_strategy2.npz,10933–13666,—,CALENDAR,FP
continuous_1516_S7_strategy2.npz,13073–17812,CALENDAR,CALENDAR,TP
continuous_1516_S7_strategy2.npz,16400–19133,—,CALENDAR,FP
continuous_1516_S7_strategy2.npz,17812–22077,COLOR,COLOR,TP
continuous_1517_S7_strategy2.npz,0–4244,DAYS,DAYS,TP
continuous_1517_S7_strategy2.npz,4244–8377,SURVIVAL,SURVIVAL,TP
continuous_1517_S7_strategy2.npz,8377–12476,FOOD,FOOD,TP
continuous_1517_S7_strategy2.npz,11300–15066,—,COLOR,FP
continuous_1517_S7_strategy2.npz,12476–16675,RELATIONSHIPS,RELATIONSHIPS,TP
continuous_1517_S7_strategy2.npz,16675–20886,FAMILY,FAMILY,TP
continuous_1517_S7_strategy2.npz,20886–25856,CALENDAR,CALENDAR,TP
continuous_1517_S7_strategy2.npz,25856–30121,DRINK,DRINK,TP
continuous_1518_S7_strategy2.npz,0–4466,GREETING,GREETING,TP
continuous_1518_S7_strategy2.npz,2800–5600,—,NUMBER,FP
continuous_1518_S7_strategy2.npz,4466–9173,NUMBER,NUMBER,TP
continuous_1518_S7_strategy2.npz,8400–11200,—,DRINK,FP
continuous_1518_S7_strategy2.npz,9173–13404,DRINK,DAYS,TP
continuous_1518_S7_strategy2.npz,13404–18078,CALENDAR,CALENDAR,TP
continuous_1518_S7_strategy2.npz,18078–22324,FAMILY,FAMILY,TP
continuous_1519_S7_strategy2.npz,0–4707,NUMBER,NUMBER,TP
continuous_1519_S7_strategy2.npz,4707–8938,COLOR,COLOR,TP
continuous_1519_S7_strategy2.npz,6600–9900,—,DRINK,FP
continuous_1519_S7_strategy2.npz,8938–14105,CALENDAR,CALENDAR,TP
continuous_1519_S7_strategy2.npz,14105–18803,SURVIVAL,SURVIVAL,TP
continuous_1519_S7_strategy2.npz,18803–23034,RELATIONSHIPS,RELATIONSHIPS,TP
continuous_1520_S7_strategy2.npz,0–4232,NUMBER,NUMBER,TP
continuous_1520_S7_strategy2.npz,2133–4266,—,NUMBER,FP
continuous_1520_S7_strategy2.npz,4232–8830,SURVIVAL,SURVIVAL,TP
continuous_1520_S7_strategy2.npz,4266–6400,—,SURVIVAL,FP
continuous_1520_S7_strategy2.npz,8830–13061,FOOD,FOOD,TP
continuous_1520_S7_strategy2.npz,13061–17293,CALENDAR,CALENDAR,TP
continuous_1520_S7_strategy2.npz,17293–21558,COLOR,COLOR,TP
continuous_1520_S7_strategy2.npz,21333–23466,—,RELATIONSHIPS,FP
continuous_1520_S7_strategy2.npz,21558–25623,RELATIONSHIPS,RELATIONSHIPS,TP
continuous_1521_S7_strategy2.npz,0–4231,COLOR,COLOR,TP
continuous_1521_S7_strategy2.npz,3066–6133,—,DRINK,FP
continuous_1521_S7_strategy2.npz,4231–8462,DRINK,—,FN
continuous_1521_S7_strategy2.npz,8462–12761,RELATIONSHIPS,CALENDAR,TP
continuous_1521_S7_strategy2.npz,12761–17168,GREETING,GREETING,TP
continuous_1521_S7_strategy2.npz,17168–21446,DAYS,DAYS,TP
continuous_1521_S7_strategy2.npz,21446–25988,NUMBER,NUMBER,TP
continuous_1521_S7_strategy2.npz,25988–30925,CALENDAR,CALENDAR,TP
continuous_1522_S7_strategy2.npz,0–4674,CALENDAR,CALENDAR,TP
continuous_1522_S7_strategy2.npz,2533–5100,—,COLOR,FP
continuous_1522_S7_strategy2.npz,4674–8939,COLOR,—,FN
continuous_1522_S7_strategy2.npz,5100–7633,—,DRINK,FP
continuous_1522_S7_strategy2.npz,7633–10200,—,DRINK,FP
continuous_1522_S7_strategy2.npz,8939–13170,DRINK,—,FN
continuous_1522_S7_strategy2.npz,10200–12733,—,DAYS,FP
continuous_1522_S7_strategy2.npz,12733–15300,—,NUMBER,FP
continuous_1522_S7_strategy2.npz,13170–17448,DAYS,—,FN
continuous_1522_S7_strategy2.npz,15300–17833,—,RELATIONSHIPS,FP
continuous_1522_S7_strategy2.npz,17448–22023,SURVIVAL,SURVIVAL,TP
continuous_1522_S7_strategy2.npz,20400–22933,—,NUMBER,FP
continuous_1522_S7_strategy2.npz,22023–26269,FAMILY,FAMILY,TP
continuous_1522_S7_strategy2.npz,26269–30500,FOOD,FOOD,TP
continuous_1523_S7_strategy2.npz,0–4798,SURVIVAL,SURVIVAL,TP
continuous_1523_S7_strategy2.npz,2800–5633,—,SURVIVAL,FP
continuous_1523_S7_strategy2.npz,4798–9063,COLOR,COLOR,TP
continuous_1523_S7_strategy2.npz,8466–11300,—,DRINK,FP
continuous_1523_S7_strategy2.npz,9063–13328,DRINK,—,FN
continuous_1523_S7_strategy2.npz,11300–14100,—,FOOD,FP
continuous_1523_S7_strategy2.npz,13328–17593,FOOD,FOOD,TP
continuous_1523_S7_strategy2.npz,17593–22563,DAYS,DAYS,TP
continuous_1524_S7_strategy2.npz,0–4698,SURVIVAL,SURVIVAL,TP
continuous_1524_S7_strategy2.npz,4698–9306,NUMBER,NUMBER,TP
continuous_1524_S7_strategy2.npz,9306–14276,DAYS,DAYS,TP
continuous_1524_S7_strategy2.npz,14276–18522,FAMILY,FAMILY,TP
continuous_1524_S7_strategy2.npz,18522–23108,GREETING,GREETING,TP
continuous_1524_S7_strategy2.npz,23108–27339,RELATIONSHIPS,RELATIONSHIPS,TP
continuous_1525_S7_strategy2.npz,0–4244,DAYS,DAYS,TP
continuous_1525_S7_strategy2.npz,3066–6133,—,FOOD,FP
continuous_1525_S7_strategy2.npz,4244–8509,FOOD,—,FN
continuous_1525_S7_strategy2.npz,6133–9233,—,COLOR,FP
continuous_1525_S7_strategy2.npz,8509–13314,NUMBER,NUMBER,TP
continuous_1525_S7_strategy2.npz,12300–15400,—,DRINK,FP
continuous_1525_S7_strategy2.npz,13314–18045,SURVIVAL,SURVIVAL,TP
continuous_1525_S7_strategy2.npz,18045–22144,CALENDAR,CALENDAR,TP
continuous_1525_S7_strategy2.npz,21533–24633,—,RELATIONSHIPS,FP
continuous_1525_S7_strategy2.npz,22144–26423,FAMILY,FAMILY,TP
continuous_1525_S7_strategy2.npz,26423–31009,GREETING,GREETING,TP
continuous_1526_S7_strategy2.npz,0–4246,FAMILY,FAMILY,TP
continuous_1526_S7_strategy2.npz,4246–9183,DAYS,DAYS,TP
continuous_1526_S7_strategy2.npz,9183–13733,GREETING,GREETING,TP
continuous_1526_S7_strategy2.npz,13733–17964,RELATIONSHIPS,RELATIONSHIPS,TP
continuous_1526_S7_strategy2.npz,17964–22229,COLOR,COLOR,TP
continuous_1526_S7_strategy2.npz,20800–23766,—,DRINK,FP
continuous_1526_S7_strategy2.npz,22229–26968,NUMBER,NUMBER,TP
continuous_1527_S7_strategy2.npz,0–4265,COLOR,COLOR,TP
continuous_1527_S7_strategy2.npz,4265–8431,FOOD,FOOD,TP
continuous_1527_S7_strategy2.npz,8100–10833,—,SURVIVAL,FP
continuous_1527_S7_strategy2.npz,8431–13105,SURVIVAL,—,FN
continuous_1527_S7_strategy2.npz,10833–13533,—,SURVIVAL,FP
continuous_1527_S7_strategy2.npz,13105–17371,DRINK,DRINK,TP
continuous_1527_S7_strategy2.npz,16233–18933,—,FAMILY,FP
continuous_1527_S7_strategy2.npz,17371–21617,FAMILY,FAMILY,TP
continuous_1528_S7_strategy2.npz,0–4265,RELATIONSHIPS,RELATIONSHIPS,TP
continuous_1528_S7_strategy2.npz,3066–6166,—,GREETING,FP
continuous_1528_S7_strategy2.npz,4265–8744,GREETING,—,FN
continuous_1528_S7_strategy2.npz,6166–9266,—,GREETING,FP
continuous_1528_S7_strategy2.npz,8744–13418,NUMBER,NUMBER,TP
continuous_1528_S7_strategy2.npz,13418–17683,DRINK,DRINK,TP
continuous_1528_S7_strategy2.npz,17683–21914,COLOR,COLOR,TP
continuous_1529_S7_strategy2.npz,0–4244,DAYS,DAYS,TP
continuous_1529_S7_strategy2.npz,3266–6566,—,SURVIVAL,FP
continuous_1529_S7_strategy2.npz,4244–8909,SURVIVAL,SURVIVAL,TP
continuous_1529_S7_strategy2.npz,8909–13583,NUMBER,NUMBER,TP
continuous_1529_S7_strategy2.npz,13583–17814,DRINK,DRINK,TP
continuous_1529_S7_strategy2.npz,16433–19733,—,DRINK,FP
continuous_1529_S7_strategy2.npz,17814–22013,COLOR,—,FN
continuous_1529_S7_strategy2.npz,19733–23033,—,COLOR,FP
continuous_1529_S7_strategy2.npz,22013–26278,RELATIONSHIPS,RELATIONSHIPS,TP
continuous_1530_S7_strategy2.npz,0–4265,COLOR,COLOR,TP
continuous_1530_S7_strategy2.npz,4265–8873,NUMBER,NUMBER,TP
continuous_1530_S7_strategy2.npz,7633–10200,—,DRINK,FP
continuous_1530_S7_strategy2.npz,8873–13459,GREETING,GREETING,TP
continuous_1530_S7_strategy2.npz,12733–15300,—,COLOR,FP
continuous_1530_S7_strategy2.npz,13459–18090,SURVIVAL,SURVIVAL,TP
continuous_1530_S7_strategy2.npz,18090–22334,DAYS,DAYS,TP
continuous_1530_S7_strategy2.npz,20400–22933,—,SURVIVAL,FP
continuous_1530_S7_strategy2.npz,22334–26599,RELATIONSHIPS,RELATIONSHIPS,TP
continuous_1530_S7_strategy2.npz,25500–28033,—,FAMILY,FP
continuous_1530_S7_strategy2.npz,26599–30830,FOOD,FOOD,TP
continuous_1531_S7_strategy2.npz,0–4550,GREETING,GREETING,TP
continuous_1531_S7_strategy2.npz,4550–9257,NUMBER,NUMBER,TP
continuous_1531_S7_strategy2.npz,7800–13000,—,FAMILY,FP
continuous_1531_S7_strategy2.npz,9257–13503,FAMILY,FAMILY,TP
continuous_1531_S7_strategy2.npz,13503–17768,FOOD,—,FN
continuous_1531_S7_strategy2.npz,17768–21999,COLOR,COLOR,TP
continuous_1531_S7_strategy2.npz,18200–20800,—,FOOD,FP
continuous_1531_S7_strategy2.npz,21999–26264,DRINK,DRINK,TP
continuous_1532_S7_strategy2.npz,0–4231,FOOD,FOOD,TP
continuous_1532_S7_strategy2.npz,4231–8477,FAMILY,FAMILY,TP
continuous_1532_S7_strategy2.npz,8477–12543,DAYS,DAYS,TP
continuous_1532_S7_strategy2.npz,12543–17174,SURVIVAL,SURVIVAL,TP
continuous_1532_S7_strategy2.npz,17174–21405,COLOR,COLOR,TP
continuous_1533_S7_strategy2.npz,0–5069,NUMBER,NUMBER,TP
continuous_1533_S7_strategy2.npz,2900–5800,—,FAMILY,FP
continuous_1533_S7_strategy2.npz,5069–9300,RELATIONSHIPS,—,FN
continuous_1533_S7_strategy2.npz,5800–8700,—,COLOR,FP
continuous_1533_S7_strategy2.npz,8700–11633,—,SURVIVAL,FP
continuous_1533_S7_strategy2.npz,9300–13565,COLOR,—,FN
continuous_1533_S7_strategy2.npz,13565–18230,SURVIVAL,SURVIVAL,TP
continuous_1533_S7_strategy2.npz,17433–20333,—,SURVIVAL,FP
continuous_1533_S7_strategy2.npz,18230–23200,DAYS,DAYS,TP
continuous_1534_S7_strategy2.npz,0–4265,RELATIONSHIPS,RELATIONSHIPS,TP
continuous_1534_S7_strategy2.npz,4265–8906,NUMBER,NUMBER,TP
continuous_1534_S7_strategy2.npz,8906–13385,GREETING,GREETING,TP
continuous_1534_S7_strategy2.npz,13385–17631,FAMILY,FAMILY,TP
continuous_1534_S7_strategy2.npz,17631–21863,DAYS,DAYS,TP
continuous_1534_S7_strategy2.npz,21863–26094,DRINK,DRINK,TP
continuous_1535_S7_strategy2.npz,0–4243,DAYS,DAYS,TP
continuous_1535_S7_strategy2.npz,2466–4933,—,COLOR,FP
continuous_1535_S7_strategy2.npz,4243–8474,COLOR,—,FN
continuous_1535_S7_strategy2.npz,4933–7400,—,GREETING,FP
continuous_1535_S7_strategy2.npz,8474–13082,NUMBER,NUMBER,TP
continuous_1535_S7_strategy2.npz,12366–14833,—,RELATIONSHIPS,FP
continuous_1535_S7_strategy2.npz,13082–17313,RELATIONSHIPS,—,FN
continuous_1535_S7_strategy2.npz,14833–19766,—,RELATIONSHIPS,FP
continuous_1535_S7_strategy2.npz,17313–22184,CALENDAR,CALENDAR,TP
continuous_1536_S7_strategy2.npz,0–4514,GREETING,GREETING,TP
continuous_1536_S7_strategy2.npz,2433–4866,—,RELATIONSHIPS,FP
continuous_1536_S7_strategy2.npz,4514–8745,RELATIONSHIPS,—,FN
continuous_1536_S7_strategy2.npz,4866–7333,—,DRINK,FP
continuous_1536_S7_strategy2.npz,7333–9766,—,SURVIVAL,FP
continuous_1536_S7_strategy2.npz,8745–13287,CALENDAR,CALENDAR,TP
continuous_1536_S7_strategy2.npz,13287–17531,DAYS,DAYS,TP
continuous_1536_S7_strategy2.npz,17531–22205,SURVIVAL,SURVIVAL,TP
continuous_1537_S7_strategy2.npz,0–4631,SURVIVAL,SURVIVAL,TP
continuous_1537_S7_strategy2.npz,2700–5400,—,FOOD,FP
continuous_1537_S7_strategy2.npz,4631–8875,DAYS,DAYS,TP
continuous_1537_S7_strategy2.npz,8100–10800,—,COLOR,FP
continuous_1537_S7_strategy2.npz,8875–13173,COLOR,—,FN
continuous_1537_S7_strategy2.npz,10800–13500,—,COLOR,FP
continuous_1537_S7_strategy2.npz,13173–17404,DRINK,DRINK,TP
continuous_1537_S7_strategy2.npz,16200–18900,—,DRINK,FP
continuous_1537_S7_strategy2.npz,17404–22341,CALENDAR,CALENDAR,TP
continuous_1537_S7_strategy2.npz,22341–26949,NUMBER,NUMBER,TP
continuous_1538_S7_strategy2.npz,0–5003,CALENDAR,CALENDAR,TP
continuous_1538_S7_strategy2.npz,2933–5866,—,RELATIONSHIPS,FP
continuous_1538_S7_strategy2.npz,5003–9940,DAYS,DAYS,TP
continuous_1538_S7_strategy2.npz,9940–13740,GREETING,GREETING,TP
continuous_1538_S7_strategy2.npz,13740–18216,NUMBER,FAMILY,TP
continuous_1538_S7_strategy2.npz,18216–22462,FAMILY,FAMILY,TP
continuous_1538_S7_strategy2.npz,22462–26362,SURVIVAL,SURVIVAL,TP
continuous_1539_S7_strategy2.npz,0–4265,DRINK,DRINK,TP
continuous_1539_S7_strategy2.npz,4265–8896,SURVIVAL,SURVIVAL,TP
continuous_1539_S7_strategy2.npz,8896–13142,FAMILY,FAMILY,TP
continuous_1539_S7_strategy2.npz,12400–15500,—,FAMILY,FP
continuous_1539_S7_strategy2.npz,13142–17407,RELATIONSHIPS,RELATIONSHIPS,TP
continuous_1539_S7_strategy2.npz,17407–22377,DAYS,SURVIVAL,TP
continuous_1539_S7_strategy2.npz,22377–26963,GREETING,GREETING,TP
continuous_1539_S7_strategy2.npz,26963–31229,NUMBER,NUMBER,TP
continuous_1540_S7_strategy2.npz,0–5003,CALENDAR,CALENDAR,TP
continuous_1540_S7_strategy2.npz,3300–6600,—,FOOD,FP
continuous_1540_S7_strategy2.npz,5003–9202,FOOD,—,FN
continuous_1540_S7_strategy2.npz,9202–14139,DAYS,RELATIONSHIPS,TP
continuous_1540_S7_strategy2.npz,14139–18405,GREETING,GREETING,TP
continuous_1540_S7_strategy2.npz,18405–23036,SURVIVAL,SURVIVAL,TP
continuous_1541_S7_strategy2.npz,0–4244,DAYS,DAYS,TP
continuous_1541_S7_strategy2.npz,4244–8723,GREETING,FOOD,TP
continuous_1541_S7_strategy2.npz,8723–12922,FAMILY,FAMILY,TP
continuous_1541_S7_strategy2.npz,12066–15066,—,SURVIVAL,FP
continuous_1541_S7_strategy2.npz,12922–17187,RELATIONSHIPS,—,FN
continuous_1541_S7_strategy2.npz,15066–18100,—,RELATIONSHIPS,FP
continuous_1541_S7_strategy2.npz,17187–21386,DRINK,DRINK,TP
continuous_1542_S7_strategy2.npz,0–4210,FAMILY,FAMILY,TP
continuous_1542_S7_strategy2.npz,4210–8409,DAYS,DAYS,TP
continuous_1542_S7_strategy2.npz,7866–10466,—,NUMBER,FP
continuous_1542_S7_strategy2.npz,8409–13050,NUMBER,—,FN
continuous_1542_S7_strategy2.npz,10466–13100,—,COLOR,FP
continuous_1542_S7_strategy2.npz,13050–18015,SURVIVAL,SURVIVAL,TP
continuous_1542_S7_strategy2.npz,13100–15733,—,SURVIVAL,FP
continuous_1542_S7_strategy2.npz,18015–22246,FOOD,RELATIONSHIPS,TP
continuous_1542_S7_strategy2.npz,22246–26246,GREETING,GREETING,TP
continuous_1543_S7_strategy2.npz,0–4244,DAYS,DAYS,TP
continuous_1543_S7_strategy2.npz,4244–8475,COLOR,COLOR,TP
continuous_1543_S7_strategy2.npz,8475–12740,RELATIONSHIPS,RELATIONSHIPS,TP
continuous_1543_S7_strategy2.npz,11200–14933,—,SURVIVAL,FP
continuous_1543_S7_strategy2.npz,12740–17505,SURVIVAL,—,FN
continuous_1543_S7_strategy2.npz,14933–18666,—,DAYS,FP
continuous_1543_S7_strategy2.npz,17505–21736,DRINK,—,FN
continuous_1543_S7_strategy2.npz,18666–22400,—,GREETING,FP
continuous_1543_S7_strategy2.npz,21736–26394,GREETING,GREETING,TP
continuous_1544_S7_strategy2.npz,0–4265,COLOR,COLOR,TP
continuous_1544_S7_strategy2.npz,3000–6033,—,FAMILY,FP
continuous_1544_S7_strategy2.npz,4265–8544,FAMILY,—,FN
continuous_1544_S7_strategy2.npz,6033–9066,—,RELATIONSHIPS,FP
continuous_1544_S7_strategy2.npz,8544–12809,RELATIONSHIPS,—,FN
continuous_1544_S7_strategy2.npz,9066–12100,—,FOOD,FP
continuous_1544_S7_strategy2.npz,12809–16941,FOOD,FOOD,TP
continuous_1544_S7_strategy2.npz,16941–21615,NUMBER,NUMBER,TP
continuous_1544_S7_strategy2.npz,21615–25880,DRINK,DRINK,TP
continuous_1544_S7_strategy2.npz,25880–30502,GREETING,GREETING,TP
continuous_1545_S7_strategy2.npz,0–4246,FAMILY,FAMILY,TP
continuous_1545_S7_strategy2.npz,4246–8985,CALENDAR,CALENDAR,TP
continuous_1545_S7_strategy2.npz,8985–13250,RELATIONSHIPS,RELATIONSHIPS,TP
continuous_1545_S7_strategy2.npz,13250–17182,DAYS,RELATIONSHIPS,TP
continuous_1545_S7_strategy2.npz,16100–18766,—,SURVIVAL,FP
continuous_1545_S7_strategy2.npz,17182–21413,DRINK,DRINK,TP
continuous_1546_S7_strategy2.npz,0–4707,NUMBER,NUMBER,TP
continuous_1546_S7_strategy2.npz,4707–9348,CALENDAR,CALENDAR,TP
continuous_1546_S7_strategy2.npz,7300–9733,—,CALENDAR,FP
continuous_1546_S7_strategy2.npz,9348–13913,SURVIVAL,SURVIVAL,TP
continuous_1546_S7_strategy2.npz,9733–12166,—,SURVIVAL,FP
continuous_1546_S7_strategy2.npz,13913–18157,DAYS,DAYS,TP
continuous_1546_S7_strategy2.npz,17033–21900,—,NUMBER,FP
continuous_1546_S7_strategy2.npz,18157–22422,RELATIONSHIPS,RELATIONSHIPS,TP
continuous_1546_S7_strategy2.npz,22422–27008,GREETING,RELATIONSHIPS,TP
continuous_1547_S7_strategy2.npz,0–4598,SURVIVAL,SURVIVAL,TP
continuous_1547_S7_strategy2.npz,4598–8698,DRINK,DRINK,TP
continuous_1547_S7_strategy2.npz,7666–10233,—,GREETING,FP
continuous_1547_S7_strategy2.npz,8698–13212,GREETING,—,FN
continuous_1547_S7_strategy2.npz,10233–12766,—,GREETING,FP
continuous_1547_S7_strategy2.npz,12766–15333,—,FOOD,FP
continuous_1547_S7_strategy2.npz,13212–17443,FOOD,—,FN
continuous_1547_S7_strategy2.npz,15333–17900,—,DAYS,FP
continuous_1547_S7_strategy2.npz,17443–21687,DAYS,—,FN
continuous_1547_S7_strategy2.npz,17900–20466,—,NUMBER,FP
continuous_1547_S7_strategy2.npz,21687–25952,COLOR,COLOR,TP
continuous_1547_S7_strategy2.npz,25952–30922,CALENDAR,—,FN
continuous_1548_S7_strategy2.npz,0–4937,DAYS,DAYS,TP
continuous_1548_S7_strategy2.npz,3300–6600,—,NUMBER,FP
continuous_1548_S7_strategy2.npz,4937–9635,SURVIVAL,SURVIVAL,TP
continuous_1548_S7_strategy2.npz,9635–13934,GREETING,GREETING,TP
continuous_1548_S7_strategy2.npz,13934–18180,FAMILY,FAMILY,TP
continuous_1548_S7_strategy2.npz,16500–19800,—,FOOD,FP
continuous_1548_S7_strategy2.npz,18180–22411,FOOD,—,FN
continuous_1548_S7_strategy2.npz,19800–23100,—,FOOD,FP
continuous_1548_S7_strategy2.npz,22411–26643,RELATIONSHIPS,RELATIONSHIPS,TP
continuous_1549_S7_strategy2.npz,0–4265,COLOR,COLOR,TP
continuous_1549_S7_strategy2.npz,2733–5466,—,GREETING,FP
continuous_1549_S7_strategy2.npz,4265–8600,GREETING,—,FN
continuous_1549_S7_strategy2.npz,5466–8200,—,FOOD,FP
continuous_1549_S7_strategy2.npz,8200–10933,—,GREETING,FP
continuous_1549_S7_strategy2.npz,8600–12765,FOOD,—,FN
continuous_1549_S7_strategy2.npz,12765–17011,FAMILY,FAMILY,TP
continuous_1549_S7_strategy2.npz,16400–19133,—,SURVIVAL,FP
continuous_1549_S7_strategy2.npz,17011–21709,SURVIVAL,—,FN
continuous_1549_S7_strategy2.npz,19133–21866,—,RELATIONSHIPS,FP
continuous_1549_S7_strategy2.npz,21709–26074,RELATIONSHIPS,—,FN
continuous_1549_S7_strategy2.npz,21866–27333,—,FAMILY,FP
continuous_1549_S7_strategy2.npz,26074–30339,DRINK,DRINK,TP
continuous_1550_S7_strategy2.npz,0–4232,FOOD,FOOD,TP
continuous_1550_S7_strategy2.npz,4232–8478,FAMILY,FAMILY,TP
continuous_1550_S7_strategy2.npz,8478–13119,NUMBER,NUMBER,TP
continuous_1550_S7_strategy2.npz,12233–14700,—,RELATIONSHIPS,FP
continuous_1550_S7_strategy2.npz,13119–17598,GREETING,GREETING,TP
continuous_1550_S7_strategy2.npz,17598–22296,SURVIVAL,SURVIVAL,TP
continuous_1551_S7_strategy2.npz,0–4533,SURVIVAL,SURVIVAL,TP
continuous_1551_S7_strategy2.npz,4533–8798,FOOD,FOOD,TP
continuous_1551_S7_strategy2.npz,8798–13042,DAYS,DAYS,TP
continuous_1551_S7_strategy2.npz,13042–17273,DRINK,DRINK,TP
continuous_1551_S7_strategy2.npz,17133–20000,—,DRINK,FP
continuous_1551_S7_strategy2.npz,17273–21338,RELATIONSHIPS,RELATIONSHIPS,TP
continuous_1551_S7_strategy2.npz,21338–25996,GREETING,GREETING,TP
continuous_1552_S7_strategy2.npz,0–4231,RELATIONSHIPS,RELATIONSHIPS,TP
continuous_1552_S7_strategy2.npz,2733–5500,—,COLOR,FP
continuous_1552_S7_strategy2.npz,4231–8862,SURVIVAL,SURVIVAL,TP
continuous_1552_S7_strategy2.npz,8233–11000,—,SURVIVAL,FP
continuous_1552_S7_strategy2.npz,8862–13799,DAYS,DAYS,TP
continuous_1552_S7_strategy2.npz,13799–18064,FOOD,FOOD,TP
continuous_1552_S7_strategy2.npz,18064–21997,DRINK,DRINK,TP
continuous_1553_S7_strategy2.npz,0–4231,COLOR,COLOR,TP
continuous_1553_S7_strategy2.npz,4231–9168,CALENDAR,CALENDAR,TP
continuous_1553_S7_strategy2.npz,4466–6733,—,CALENDAR,FP
continuous_1553_S7_strategy2.npz,9168–13907,NUMBER,NUMBER,TP
continuous_1553_S7_strategy2.npz,13907–18172,RELATIONSHIPS,RELATIONSHIPS,TP
continuous_1553_S7_strategy2.npz,18172–22686,GREETING,GREETING,TP
continuous_1554_S7_strategy2.npz,0–4674,NUMBER,NUMBER,TP
continuous_1554_S7_strategy2.npz,2466–4966,—,DRINK,FP
continuous_1554_S7_strategy2.npz,4674–9272,SURVIVAL,SURVIVAL,TP
continuous_1554_S7_strategy2.npz,7466–9966,—,CALENDAR,FP
continuous_1554_S7_strategy2.npz,9272–13880,CALENDAR,CALENDAR,TP
continuous_1554_S7_strategy2.npz,12466–14966,—,DRINK,FP
continuous_1554_S7_strategy2.npz,13880–18111,DRINK,—,FN
continuous_1554_S7_strategy2.npz,14966–17466,—,DRINK,FP
continuous_1554_S7_strategy2.npz,17466–19966,—,GREETING,FP
continuous_1554_S7_strategy2.npz,18111–22697,GREETING,GREETING,TP
continuous_1555_S7_strategy2.npz,0–4674,NUMBER,NUMBER,TP
continuous_1555_S7_strategy2.npz,2633–5300,—,DRINK,FP
continuous_1555_S7_strategy2.npz,4674–9372,SURVIVAL,SURVIVAL,TP
continuous_1555_S7_strategy2.npz,9372–13616,DAYS,DAYS,TP
continuous_1555_S7_strategy2.npz,13266–15900,—,GREETING,FP
continuous_1555_S7_strategy2.npz,13616–18238,GREETING,—,FN
continuous_1555_S7_strategy2.npz,15900–18566,—,FOOD,FP
continuous_1555_S7_strategy2.npz,18238–22637,FAMILY,FAMILY,TP
continuous_1555_S7_strategy2.npz,21200–23866,—,FAMILY,FP
continuous_1555_S7_strategy2.npz,22637–26770,DRINK,DRINK,TP
continuous_1556_S7_strategy2.npz,0–4213,FAMILY,FAMILY,TP
continuous_1556_S7_strategy2.npz,4213–9150,CALENDAR,CALENDAR,TP
continuous_1556_S7_strategy2.npz,7833–10466,—,CALENDAR,FP
continuous_1556_S7_strategy2.npz,9150–13415,FOOD,FOOD,TP
continuous_1556_S7_strategy2.npz,13415–17680,RELATIONSHIPS,RELATIONSHIPS,TP
continuous_1556_S7_strategy2.npz,17680–22230,GREETING,GREETING,TP
continuous_1556_S7_strategy2.npz,22230–26429,COLOR,COLOR,TP
continuous_1557_S7_strategy2.npz,0–4265,FOOD,FOOD,TP
continuous_1557_S7_strategy2.npz,2600–5233,—,GREETING,FP
continuous_1557_S7_strategy2.npz,4265–8598,GREETING,—,FN
continuous_1557_S7_strategy2.npz,5233–7833,—,FOOD,FP
continuous_1557_S7_strategy2.npz,7833–10466,—,DAYS,FP
continuous_1557_S7_strategy2.npz,8598–12809,DAYS,—,FN
continuous_1557_S7_strategy2.npz,10466–13066,—,DRINK,FP
continuous_1557_S7_strategy2.npz,12809–16908,RELATIONSHIPS,RELATIONSHIPS,TP
continuous_1557_S7_strategy2.npz,16908–21845,CALENDAR,CALENDAR,TP
continuous_1557_S7_strategy2.npz,21845–26110,DRINK,DRINK,TP
continuous_1558_S7_strategy2.npz,0–4231,FOOD,FOOD,TP
continuous_1558_S7_strategy2.npz,3000–6000,—,COLOR,FP
continuous_1558_S7_strategy2.npz,4231–8462,COLOR,COLOR,TP
continuous_1558_S7_strategy2.npz,8462–13048,GREETING,GREETING,TP
continuous_1558_S7_strategy2.npz,13048–17346,RELATIONSHIPS,RELATIONSHIPS,TP
continuous_1558_S7_strategy2.npz,15066–18066,—,RELATIONSHIPS,FP
continuous_1558_S7_strategy2.npz,17346–21378,NUMBER,NUMBER,TP
continuous_1559_S7_strategy2.npz,0–4244,DAYS,DAYS,TP
continuous_1559_S7_strategy2.npz,2900–5833,—,FAMILY,FP
continuous_1559_S7_strategy2.npz,4244–8476,FAMILY,—,FN
continuous_1559_S7_strategy2.npz,5833–8766,—,SURVIVAL,FP
continuous_1559_S7_strategy2.npz,8476–13170,GREETING,GREETING,TP
continuous_1559_S7_strategy2.npz,11700–14633,—,SURVIVAL,FP
continuous_1559_S7_strategy2.npz,13170–17401,RELATIONSHIPS,RELATIONSHIPS,TP
continuous_1559_S7_strategy2.npz,17401–21632,DRINK,DRINK,TP
continuous_1559_S7_strategy2.npz,21632–26602,CALENDAR,CALENDAR,TP
continuous_1560_S7_strategy2.npz,0–4231,RELATIONSHIPS,RELATIONSHIPS,TP
continuous_1560_S7_strategy2.npz,4231–8896,SURVIVAL,SURVIVAL,TP
continuous_1560_S7_strategy2.npz,8896–13174,DAYS,DAYS,TP
continuous_1560_S7_strategy2.npz,11700–14633,—,NUMBER,FP
continuous_1560_S7_strategy2.npz,13174–17405,COLOR,COLOR,TP
continuous_1560_S7_strategy2.npz,17405–21670,FOOD,FOOD,TP
continuous_1560_S7_strategy2.npz,21670–26311,NUMBER,NUMBER,TP
continuous_1561_S7_strategy2.npz,0–4698,SURVIVAL,SURVIVAL,TP
continuous_1561_S7_strategy2.npz,2400–4800,—,FOOD,FP
continuous_1561_S7_strategy2.npz,4698–8963,FOOD,FOOD,TP
continuous_1561_S7_strategy2.npz,7200–9600,—,NUMBER,FP
continuous_1561_S7_strategy2.npz,8963–13604,NUMBER,—,FN
continuous_1561_S7_strategy2.npz,9600–12000,—,SURVIVAL,FP
continuous_1561_S7_strategy2.npz,13604–17835,RELATIONSHIPS,RELATIONSHIPS,TP
continuous_1561_S7_strategy2.npz,16833–19233,—,COLOR,FP
continuous_1561_S7_strategy2.npz,17835–22278,GREETING,GREETING,TP
continuous_1561_S7_strategy2.npz,22278–26710,COLOR,COLOR,TP
continuous_1562_S7_strategy2.npz,0–4231,FOOD,FOOD,TP
continuous_1562_S7_strategy2.npz,2833–5700,—,CALENDAR,FP
continuous_1562_S7_strategy2.npz,4231–8397,CALENDAR,—,FN
continuous_1562_S7_strategy2.npz,8397–12643,FAMILY,FAMILY,TP
continuous_1562_S7_strategy2.npz,12643–16642,NUMBER,NUMBER,TP
continuous_1562_S7_strategy2.npz,16642–21013,GREETING,GREETING,TP
continuous_1562_S7_strategy2.npz,21013–25983,DAYS,DAYS,TP
continuous_1563_S7_strategy2.npz,0–4231,RELATIONSHIPS,RELATIONSHIPS,TP
continuous_1563_S7_strategy2.npz,4231–8430,DAYS,DAYS,TP
continuous_1563_S7_strategy2.npz,8430–12909,GREETING,FOOD,TP
continuous_1563_S7_strategy2.npz,12909–17174,DRINK,DRINK,TP
continuous_1563_S7_strategy2.npz,15900–19100,—,DRINK,FP
continuous_1563_S7_strategy2.npz,17174–21439,FOOD,FOOD,TP
continuous_1563_S7_strategy2.npz,21439–25738,FAMILY,DRINK,TP
continuous_1564_S7_strategy2.npz,0–4231,DRINK,DRINK,TP
continuous_1564_S7_strategy2.npz,2166–4366,—,NUMBER,FP
continuous_1564_S7_strategy2.npz,4231–8839,NUMBER,NUMBER,TP
continuous_1564_S7_strategy2.npz,6566–8733,—,NUMBER,FP
continuous_1564_S7_strategy2.npz,8839–12904,RELATIONSHIPS,RELATIONSHIPS,TP
continuous_1564_S7_strategy2.npz,12904–17669,FAMILY,FAMILY,TP
continuous_1564_S7_strategy2.npz,15300–19700,—,FAMILY,FP
continuous_1564_S7_strategy2.npz,17669–21934,COLOR,COLOR,TP
continuous_1564_S7_strategy2.npz,21866–24066,—,DRINK,FP
continuous_1564_S7_strategy2.npz,21934–26212,DAYS,DAYS,TP
continuous_1565_S7_strategy2.npz,0–4707,SURVIVAL,SURVIVAL,TP
continuous_1565_S7_strategy2.npz,2533–5100,—,DAYS,FP
continuous_1565_S7_strategy2.npz,4707–8972,FOOD,FOOD,TP
continuous_1565_S7_strategy2.npz,7666–10200,—,DRINK,FP
continuous_1565_S7_strategy2.npz,8972–13237,DRINK,DRINK,TP
continuous_1565_S7_strategy2.npz,13237–17502,COLOR,COLOR,TP
continuous_1565_S7_strategy2.npz,17502–21748,FAMILY,FAMILY,TP
continuous_1565_S7_strategy2.npz,20433–23000,—,DAYS,FP
continuous_1565_S7_strategy2.npz,21748–25992,DAYS,—,FN
continuous_1565_S7_strategy2.npz,23000–25533,—,NUMBER,FP
continuous_1565_S7_strategy2.npz,25533–28100,—,RELATIONSHIPS,FP
continuous_1565_S7_strategy2.npz,25992–30567,NUMBER,NUMBER,TP
continuous_1566_S7_strategy2.npz,0–4443,GREETING,GREETING,TP
continuous_1566_S7_strategy2.npz,2966–5966,—,RELATIONSHIPS,FP
continuous_1566_S7_strategy2.npz,4443–8742,RELATIONSHIPS,—,FN
continuous_1566_S7_strategy2.npz,8742–12907,FOOD,FOOD,TP
continuous_1566_S7_strategy2.npz,12907–16939,NUMBER,NUMBER,TP
continuous_1566_S7_strategy2.npz,16939–21570,SURVIVAL,SURVIVAL,TP
continuous_1566_S7_strategy2.npz,21570–25835,DRINK,DRINK,TP
continuous_1566_S7_strategy2.npz,25835–30134,DAYS,NUMBER,TP
continuous_1567_S7_strategy2.npz,0–4550,GREETING,GREETING,TP
continuous_1567_S7_strategy2.npz,2500–7500,—,GREETING,FP
continuous_1567_S7_strategy2.npz,4550–8781,DRINK,DRINK,TP
continuous_1567_S7_strategy2.npz,8781–13718,DAYS,DAYS,TP
continuous_1567_S7_strategy2.npz,12533–15033,—,SURVIVAL,FP
continuous_1567_S7_strategy2.npz,13718–18523,CALENDAR,CALENDAR,TP
continuous_1567_S7_strategy2.npz,18523–22788,RELATIONSHIPS,RELATIONSHIPS,TP
continuous_1568_S7_strategy2.npz,0–4000,GREETING,GREETING,TP
continuous_1568_S7_strategy2.npz,2300–4633,—,RELATIONSHIPS,FP
continuous_1568_S7_strategy2.npz,4000–8698,SURVIVAL,SURVIVAL,TP
continuous_1568_S7_strategy2.npz,6966–9300,—,NUMBER,FP
continuous_1568_S7_strategy2.npz,8698–12909,FAMILY,FAMILY,TP
continuous_1568_S7_strategy2.npz,12909–17140,DRINK,DRINK,TP
continuous_1568_S7_strategy2.npz,16300–18633,—,FOOD,FP
continuous_1568_S7_strategy2.npz,17140–21371,RELATIONSHIPS,RELATIONSHIPS,TP
continuous_1568_S7_strategy2.npz,20966–23300,—,RELATIONSHIPS,FP
continuous_1568_S7_strategy2.npz,21371–25602,COLOR,COLOR,TP
continuous_1568_S7_strategy2.npz,25602–30243,CALENDAR,CALENDAR,TP
continuous_1569_S7_strategy2.npz,0–4244,DAYS,DAYS,TP
continuous_1569_S7_strategy2.npz,4244–8909,SURVIVAL,SURVIVAL,TP
continuous_1569_S7_strategy2.npz,8909–13155,FAMILY,FAMILY,TP
continuous_1569_S7_strategy2.npz,13155–17420,RELATIONSHIPS,RELATIONSHIPS,TP
continuous_1569_S7_strategy2.npz,17420–22357,CALENDAR,CALENDAR,TP
continuous_1569_S7_strategy2.npz,22357–26523,DRINK,DRINK,TP
continuous_1570_S7_strategy2.npz,0–4300,SURVIVAL,SURVIVAL,TP
continuous_1570_S7_strategy2.npz,4300–8511,DAYS,DAYS,TP
continuous_1570_S7_strategy2.npz,8511–12742,DRINK,DRINK,TP
continuous_1570_S7_strategy2.npz,12742–17449,NUMBER,NUMBER,TP
continuous_1570_S7_strategy2.npz,15133–17666,—,NUMBER,FP
continuous_1570_S7_strategy2.npz,17449–21714,RELATIONSHIPS,RELATIONSHIPS,TP
continuous_1570_S7_strategy2.npz,21714–26300,GREETING,GREETING,TP
continuous_1570_S7_strategy2.npz,26300–30531,FOOD,FOOD,TP
continuous_1571_S7_strategy2.npz,0–4265,DRINK,DRINK,TP
continuous_1571_S7_strategy2.npz,2433–7366,—,DRINK,FP
continuous_1571_S7_strategy2.npz,4265–8774,NUMBER,NUMBER,TP
continuous_1571_S7_strategy2.npz,8774–13546,CALENDAR,CALENDAR,TP
continuous_1571_S7_strategy2.npz,13546–17812,RELATIONSHIPS,RELATIONSHIPS,TP
continuous_1571_S7_strategy2.npz,17812–22043,FOOD,FOOD,TP
continuous_1572_S7_strategy2.npz,0–4265,FOOD,FOOD,TP
continuous_1572_S7_strategy2.npz,2966–5933,—,DAYS,FP
continuous_1572_S7_strategy2.npz,4265–8530,RELATIONSHIPS,RELATIONSHIPS,TP
continuous_1572_S7_strategy2.npz,8530–13269,NUMBER,DRINK,TP
continuous_1572_S7_strategy2.npz,11866–14833,—,SURVIVAL,FP
continuous_1572_S7_strategy2.npz,13269–17369,SURVIVAL,—,FN
continuous_1572_S7_strategy2.npz,14833–17800,—,CALENDAR,FP
continuous_1572_S7_strategy2.npz,17369–22339,CALENDAR,CALENDAR,TP
continuous_1572_S7_strategy2.npz,22339–26617,DAYS,DAYS,TP
continuous_1573_S7_strategy2.npz,0–4032,FOOD,FOOD,TP
continuous_1573_S7_strategy2.npz,4032–8097,COLOR,COLOR,TP
continuous_1573_S7_strategy2.npz,8097–12928,SURVIVAL,SURVIVAL,TP
continuous_1573_S7_strategy2.npz,12928–17159,RELATIONSHIPS,RELATIONSHIPS,TP
continuous_1573_S7_strategy2.npz,17159–21668,NUMBER,NUMBER,TP
continuous_1573_S7_strategy2.npz,21668–25912,DAYS,DAYS,TP
continuous_1574_S7_strategy2.npz,0–4299,GREETING,GREETING,TP
continuous_1574_S7_strategy2.npz,4299–8564,FOOD,FOOD,TP
continuous_1574_S7_strategy2.npz,8564–13238,CALENDAR,CALENDAR,TP
continuous_1574_S7_strategy2.npz,13238–17503,DRINK,DRINK,TP
continuous_1574_S7_strategy2.npz,17503–21716,FAMILY,FAMILY,TP
continuous_1574_S7_strategy2.npz,21716–25960,DAYS,DAYS,TP
continuous_1575_S7_strategy2.npz,0–4231,DRINK,DRINK,TP
continuous_1575_S7_strategy2.npz,2433–4866,—,DRINK,FP
continuous_1575_S7_strategy2.npz,4231–8817,GREETING,GREETING,TP
continuous_1575_S7_strategy2.npz,7333–9766,—,RELATIONSHIPS,FP
continuous_1575_S7_strategy2.npz,8817–13082,RELATIONSHIPS,RELATIONSHIPS,TP
continuous_1575_S7_strategy2.npz,13082–18019,CALENDAR,CALENDAR,TP
continuous_1575_S7_strategy2.npz,17133–19566,—,COLOR,FP
continuous_1575_S7_strategy2.npz,18019–22284,FOOD,FOOD,TP
continuous_1576_S7_strategy2.npz,0–4244,FAMILY,FAMILY,TP
continuous_1576_S7_strategy2.npz,4244–9181,DAYS,DRINK,TP
continuous_1576_S7_strategy2.npz,8233–10966,—,FOOD,FP
continuous_1576_S7_strategy2.npz,9181–13446,FOOD,—,FN
continuous_1576_S7_strategy2.npz,10966–13700,—,FOOD,FP
continuous_1576_S7_strategy2.npz,13446–17677,RELATIONSHIPS,RELATIONSHIPS,TP
continuous_1576_S7_strategy2.npz,17677–22191,GREETING,GREETING,TP
continuous_1577_S7_strategy2.npz,0–4622,GREETING,GREETING,TP
continuous_1577_S7_strategy2.npz,3000–6033,—,FAMILY,FP
continuous_1577_S7_strategy2.npz,4622–8868,FAMILY,—,FN
continuous_1577_S7_strategy2.npz,8868–13133,COLOR,COLOR,TP
continuous_1577_S7_strategy2.npz,12066–15100,—,DAYS,FP
continuous_1577_S7_strategy2.npz,13133–17411,DAYS,—,FN
continuous_1577_S7_strategy2.npz,15100–18133,—,CALENDAR,FP
continuous_1577_S7_strategy2.npz,17411–22085,CALENDAR,—,FN
continuous_1577_S7_strategy2.npz,18133–21133,—,RELATIONSHIPS,FP
continuous_1577_S7_strategy2.npz,22085–26218,SURVIVAL,SURVIVAL,TP
continuous_1577_S7_strategy2.npz,26218–30449,DRINK,DRINK,TP
continuous_1578_S7_strategy2.npz,0–4211,FAMILY,FAMILY,TP
continuous_1578_S7_strategy2.npz,2766–5566,—,DAYS,FP
continuous_1578_S7_strategy2.npz,4211–8449,DAYS,—,FN
continuous_1578_S7_strategy2.npz,5566–8333,—,SURVIVAL,FP
continuous_1578_S7_strategy2.npz,8449–13156,CALENDAR,CALENDAR,TP
continuous_1578_S7_strategy2.npz,13156–17742,GREETING,GREETING,TP
continuous_1578_S7_strategy2.npz,17742–22481,NUMBER,NUMBER,TP
continuous_1579_S7_strategy2.npz,0–4265,COLOR,COLOR,TP
continuous_1579_S7_strategy2.npz,2266–4533,—,NUMBER,FP
continuous_1579_S7_strategy2.npz,4265–8972,NUMBER,NUMBER,TP
continuous_1579_S7_strategy2.npz,8972–13909,CALENDAR,CALENDAR,TP
continuous_1579_S7_strategy2.npz,9066–11333,—,CALENDAR,FP
continuous_1579_S7_strategy2.npz,13909–18122,FAMILY,FAMILY,TP
continuous_1579_S7_strategy2.npz,18122–22636,GREETING,GREETING,TP
continuous_1579_S7_strategy2.npz,22636–27467,SURVIVAL,SURVIVAL,TP
continuous_1579_S7_strategy2.npz,22700–24966,—,FOOD,FP
continuous_1580_S7_strategy2.npz,0–4622,GREETING,GREETING,TP
continuous_1580_S7_strategy2.npz,4622–8687,COLOR,COLOR,TP
continuous_1580_S7_strategy2.npz,8687–12918,DRINK,DRINK,TP
continuous_1580_S7_strategy2.npz,12918–17083,CALENDAR,CALENDAR,TP
continuous_1580_S7_strategy2.npz,16166–18466,—,DAYS,FP
continuous_1580_S7_strategy2.npz,17083–21790,SURVIVAL,SURVIVAL,TP
continuous_1580_S7_strategy2.npz,20766–23100,—,FOOD,FP
continuous_1580_S7_strategy2.npz,21790–26055,FOOD,FOOD,TP
continuous_1580_S7_strategy2.npz,25400–27700,—,FOOD,FP
continuous_1580_S7_strategy2.npz,26055–30268,FAMILY,FAMILY,TP
continuous_1581_S7_strategy2.npz,0–4898,SURVIVAL,SURVIVAL,TP
continuous_1581_S7_strategy2.npz,4898–9129,FOOD,FOOD,TP
continuous_1581_S7_strategy2.npz,9129–13394,COLOR,COLOR,TP
continuous_1581_S7_strategy2.npz,13394–17660,DRINK,DRINK,TP
continuous_1581_S7_strategy2.npz,17660–22630,CALENDAR,CALENDAR,TP
continuous_1582_S7_strategy2.npz,0–4199,COLOR,COLOR,TP
continuous_1582_S7_strategy2.npz,2200–4400,—,DAYS,FP
continuous_1582_S7_strategy2.npz,4199–8464,RELATIONSHIPS,RELATIONSHIPS,TP
continuous_1582_S7_strategy2.npz,6600–8800,—,DRINK,FP
continuous_1582_S7_strategy2.npz,8464–12708,FAMILY,FAMILY,TP
continuous_1582_S7_strategy2.npz,11033–13233,—,DAYS,FP
continuous_1582_S7_strategy2.npz,12708–16907,GREETING,GREETING,TP
continuous_1582_S7_strategy2.npz,15433–19833,—,FAMILY,FP
continuous_1582_S7_strategy2.npz,16907–21877,CALENDAR,CALENDAR,TP
continuous_1582_S7_strategy2.npz,21877–26551,NUMBER,NUMBER,TP
continuous_1582_S7_strategy2.npz,26551–30816,FOOD,FOOD,TP
continuous_1583_S7_strategy2.npz,0–4264,GREETING,GREETING,TP
continuous_1583_S7_strategy2.npz,4264–8429,COLOR,COLOR,TP
continuous_1583_S7_strategy2.npz,7133–9500,—,DRINK,FP
continuous_1583_S7_strategy2.npz,8429–12660,DRINK,—,FN
continuous_1583_S7_strategy2.npz,9500–11900,—,NUMBER,FP
continuous_1583_S7_strategy2.npz,12660–16859,CALENDAR,CALENDAR,TP
continuous_1583_S7_strategy2.npz,16859–21664,NUMBER,NUMBER,TP
continuous_1584_S7_strategy2.npz,0–4244,FAMILY,FAMILY,TP
continuous_1584_S7_strategy2.npz,2433–4866,—,COLOR,FP
continuous_1584_S7_strategy2.npz,4244–8509,COLOR,—,FN
continuous_1584_S7_strategy2.npz,4866–7333,—,CALENDAR,FP
continuous_1584_S7_strategy2.npz,7333–9766,—,CALENDAR,FP
continuous_1584_S7_strategy2.npz,8509–13479,CALENDAR,—,FN
continuous_1584_S7_strategy2.npz,9766–14666,—,RELATIONSHIPS,FP
continuous_1584_S7_strategy2.npz,13479–17993,GREETING,GREETING,TP
continuous_1584_S7_strategy2.npz,17133–19566,—,GREETING,FP
continuous_1584_S7_strategy2.npz,17993–22258,DRINK,DRINK,TP
continuous_1585_S7_strategy2.npz,0–4479,GREETING,GREETING,TP
continuous_1585_S7_strategy2.npz,4479–9449,DAYS,DAYS,TP
continuous_1585_S7_strategy2.npz,8366–11166,—,SURVIVAL,FP
continuous_1585_S7_strategy2.npz,9449–14057,NUMBER,NUMBER,TP
continuous_1585_S7_strategy2.npz,14057–18289,FOOD,FOOD,TP
continuous_1585_S7_strategy2.npz,16766–19566,—,FAMILY,FP
continuous_1585_S7_strategy2.npz,18289–22520,DRINK,DRINK,TP
continuous_1585_S7_strategy2.npz,22520–26719,COLOR,COLOR,TP
continuous_1585_S7_strategy2.npz,25166–27966,—,DRINK,FP
continuous_1585_S7_strategy2.npz,26719–30985,SURVIVAL,SURVIVAL,TP
continuous_1586_S7_strategy2.npz,0–4598,SURVIVAL,SURVIVAL,TP
continuous_1586_S7_strategy2.npz,2900–5833,—,NUMBER,FP
continuous_1586_S7_strategy2.npz,4598–9403,NUMBER,NUMBER,TP
continuous_1586_S7_strategy2.npz,8766–11666,—,FAMILY,FP
continuous_1586_S7_strategy2.npz,9403–13868,FAMILY,—,FN
continuous_1586_S7_strategy2.npz,13868–17800,CALENDAR,CALENDAR,TP
continuous_1586_S7_strategy2.npz,17800–22279,GREETING,GREETING,TP
continuous_1586_S7_strategy2.npz,22279–26544,FOOD,FOOD,TP
continuous_1587_S7_strategy2.npz,0–4641,CALENDAR,CALENDAR,TP
continuous_1587_S7_strategy2.npz,3133–6300,—,DRINK,FP
continuous_1587_S7_strategy2.npz,4641–9306,SURVIVAL,SURVIVAL,TP
continuous_1587_S7_strategy2.npz,9306–13571,RELATIONSHIPS,DAYS,TP
continuous_1587_S7_strategy2.npz,13571–17803,COLOR,COLOR,TP
continuous_1587_S7_strategy2.npz,17803–22068,FOOD,FOOD,TP
continuous_1588_S7_strategy2.npz,0–4265,RELATIONSHIPS,RELATIONSHIPS,TP
continuous_1588_S7_strategy2.npz,4265–8496,COLOR,COLOR,TP
continuous_1588_S7_strategy2.npz,8496–13137,NUMBER,NUMBER,TP
continuous_1588_S7_strategy2.npz,13137–17827,SURVIVAL,SURVIVAL,TP
continuous_1588_S7_strategy2.npz,17827–22797,DAYS,DAYS,TP
continuous_1589_S7_strategy2.npz,0–4674,NUMBER,NUMBER,TP
continuous_1589_S7_strategy2.npz,2866–5733,—,RELATIONSHIPS,FP
continuous_1589_S7_strategy2.npz,4674–8905,RELATIONSHIPS,RELATIONSHIPS,TP
continuous_1589_S7_strategy2.npz,8905–13136,FOOD,FOOD,TP
continuous_1589_S7_strategy2.npz,13136–17335,DRINK,—,FN
continuous_1589_S7_strategy2.npz,14366–17233,—,COLOR,FP
continuous_1589_S7_strategy2.npz,17233–20100,—,DRINK,FP
continuous_1589_S7_strategy2.npz,17335–21579,DAYS,DAYS,TP
continuous_1589_S7_strategy2.npz,21579–25811,COLOR,COLOR,TP
continuous_1590_S7_strategy2.npz,0–4065,RELATIONSHIPS,RELATIONSHIPS,TP
continuous_1590_S7_strategy2.npz,4065–8330,FOOD,FOOD,TP
continuous_1590_S7_strategy2.npz,8330–12574,DAYS,DAYS,TP
continuous_1590_S7_strategy2.npz,12574–17172,SURVIVAL,SURVIVAL,TP
continuous_1590_S7_strategy2.npz,17172–21404,CALENDAR,CALENDAR,TP
continuous_1591_S7_strategy2.npz,0–4231,COLOR,COLOR,TP
continuous_1591_S7_strategy2.npz,4231–9102,CALENDAR,CALENDAR,TP
continuous_1591_S7_strategy2.npz,9102–13616,GREETING,GREETING,TP
continuous_1591_S7_strategy2.npz,13616–17860,DAYS,DAYS,TP
continuous_1591_S7_strategy2.npz,17860–21926,DRINK,DRINK,TP
continuous_1591_S7_strategy2.npz,20133–23000,—,GREETING,FP
continuous_1591_S7_strategy2.npz,21926–26204,FAMILY,FAMILY,TP
continuous_1592_S7_strategy2.npz,0–4265,RELATIONSHIPS,RELATIONSHIPS,TP
continuous_1592_S7_strategy2.npz,4265–8963,SURVIVAL,SURVIVAL,TP
continuous_1592_S7_strategy2.npz,8963–13194,COLOR,COLOR,TP
continuous_1592_S7_strategy2.npz,11866–14833,—,GREETING,FP
continuous_1592_S7_strategy2.npz,13194–17780,GREETING,—,FN
continuous_1592_S7_strategy2.npz,14833–20766,—,DRINK,FP
continuous_1592_S7_strategy2.npz,17780–22717,CALENDAR,CALENDAR,TP
continuous_1592_S7_strategy2.npz,22717–26982,DRINK,DRINK,TP
continuous_1593_S7_strategy2.npz,0–4739,NUMBER,NUMBER,TP
continuous_1593_S7_strategy2.npz,2433–4866,—,FAMILY,FP
continuous_1593_S7_strategy2.npz,4739–9468,GREETING,GREETING,TP
continuous_1593_S7_strategy2.npz,7300–9733,—,COLOR,FP
continuous_1593_S7_strategy2.npz,9468–13733,RELATIONSHIPS,RELATIONSHIPS,TP
continuous_1593_S7_strategy2.npz,12200–14633,—,RELATIONSHIPS,FP
continuous_1593_S7_strategy2.npz,13733–17979,FAMILY,FAMILY,TP
continuous_1593_S7_strategy2.npz,17979–22210,FOOD,FOOD,TP
continuous_1594_S7_strategy2.npz,0–4231,COLOR,COLOR,TP
continuous_1594_S7_strategy2.npz,3333–6666,—,SURVIVAL,FP
continuous_1594_S7_strategy2.npz,4231–9162,SURVIVAL,—,FN
continuous_1594_S7_strategy2.npz,6666–10000,—,DRINK,FP
continuous_1594_S7_strategy2.npz,9162–13427,DRINK,—,FN
continuous_1594_S7_strategy2.npz,10000–13333,—,DRINK,FP
continuous_1594_S7_strategy2.npz,13427–17673,FAMILY,FAMILY,TP
continuous_1594_S7_strategy2.npz,17673–21938,RELATIONSHIPS,RELATIONSHIPS,TP
continuous_1594_S7_strategy2.npz,21938–26612,NUMBER,NUMBER,TP
continuous_1595_S7_strategy2.npz,0–4132,COLOR,COLOR,TP
continuous_1595_S7_strategy2.npz,2766–5566,—,SURVIVAL,FP
continuous_1595_S7_strategy2.npz,4132–8265,SURVIVAL,—,FN
continuous_1595_S7_strategy2.npz,5566–8366,—,FOOD,FP
continuous_1595_S7_strategy2.npz,8265–12397,DAYS,DAYS,TP
continuous_1595_S7_strategy2.npz,12397–16596,NUMBER,NUMBER,TP
continuous_1595_S7_strategy2.npz,16596–20842,FAMILY,FAMILY,TP
continuous_1595_S7_strategy2.npz,19500–22300,—,FAMILY,FP
continuous_1595_S7_strategy2.npz,20842–25073,DRINK,DRINK,TP
continuous_1596_S7_strategy2.npz,0–4066,GREETING,GREETING,TP
continuous_1596_S7_strategy2.npz,4066–8297,DRINK,DRINK,TP
continuous_1596_S7_strategy2.npz,8297–12496,SURVIVAL,SURVIVAL,TP
continuous_1596_S7_strategy2.npz,12496–16768,DAYS,DAYS,TP
continuous_1596_S7_strategy2.npz,16768–20999,COLOR,COLOR,TP
continuous_1596_S7_strategy2.npz,20200–23100,—,FAMILY,FP
continuous_1596_S7_strategy2.npz,20999–25936,CALENDAR,CALENDAR,TP
continuous_1597_S7_strategy2.npz,0–4199,NUMBER,NUMBER,TP
continuous_1597_S7_strategy2.npz,4199–8231,RELATIONSHIPS,RELATIONSHIPS,TP
continuous_1597_S7_strategy2.npz,8231–12477,FAMILY,FAMILY,TP
continuous_1597_S7_strategy2.npz,12477–16810,GREETING,GREETING,TP
continuous_1597_S7_strategy2.npz,16810–21041,FOOD,FOOD,TP
continuous_1598_S7_strategy2.npz,0–4970,DAYS,DAYS,TP
continuous_1598_S7_strategy2.npz,2833–5666,—,FAMILY,FP
continuous_1598_S7_strategy2.npz,4970–9216,FAMILY,FAMILY,TP
continuous_1598_S7_strategy2.npz,9216–13447,FOOD,FOOD,TP
continuous_1598_S7_strategy2.npz,13447–17380,DRINK,DRINK,TP
continuous_1598_S7_strategy2.npz,17380–22245,SURVIVAL,SURVIVAL,TP
continuous_1598_S7_strategy2.npz,22245–26952,NUMBER,NUMBER,TP
continuous_1598_S7_strategy2.npz,26952–31183,COLOR,COLOR,TP
continuous_1599_S7_strategy2.npz,0–4550,GREETING,GREETING,TP
continuous_1599_S7_strategy2.npz,4550–8815,RELATIONSHIPS,—,FN
continuous_1599_S7_strategy2.npz,6866–11466,—,RELATIONSHIPS,FP
continuous_1599_S7_strategy2.npz,8815–10493,CALENDAR,—,FN
continuous_1599_S7_strategy2.npz,10493–14724,COLOR,COLOR,TP
continuous_1599_S7_strategy2.npz,11466–13766,—,RELATIONSHIPS,FP
continuous_1599_S7_strategy2.npz,14724–18955,FOOD,FOOD,TP
continuous_1599_S7_strategy2.npz,18955–23199,FAMILY,FAMILY,TP