file,gloss,cat,occluded,signer,duration
C0/clip_00001_good_morning_S0.npz,0,0,1,S0,4.08333333333333
C0/clip_00002_good_morning_S0.npz,0,0,1,S0,4.06666666666666
C0/clip_00003_good_morning_S0.npz,0,0,1,S0,4.06666666666666
C0/clip_00004_good_morning_S0.npz,0,0,1,S0,4.06666666666666
C0/clip_00005_good_morning_S0.npz,0,0,1,S0,4.06666666666666
C0/clip_00006_good_morning_S1.npz,0,0,1,S1,4.08333333333333
C0/clip_00007_good_morning_S1.npz,0,0,1,S1,4.08333333333333
C0/clip_00008_good_morning_S1.npz,0,0,1,S1,4.06666666666666
C0/clip_00009_good_morning_S1.npz,0,0,1,S1,4.06666666666666
C0/clip_00010_good_morning_S1.npz,0,0,1,S1,4.06666666666666
C0/clip_00011_good_morning_S2.npz,0,0,1,S2,4.08333333333333
C0/clip_00012_good_morning_S2.npz,0,0,1,S2,4.06666666666666
C0/clip_00013_good_morning_S2.npz,0,0,1,S2,4.06666666666666
C0/clip_00014_good_morning_S2.npz,0,0,1,S2,4.06666666666666
C0/clip_00015_good_morning_S2.npz,0,0,1,S2,4.06666666666666
C0/clip_00016_good_morning_S3.npz,0,0,1,S3,4.06666666666666
C0/clip_00017_good_morning_S3.npz,0,0,1,S3,4.06666666666666
C0/clip_00018_good_morning_S3.npz,0,0,1,S3,4.06666666666666
C0/clip_00019_good_morning_S3.npz,0,0,1,S3,4.06666666666666
C0/clip_00020_good_morning_S3.npz,0,0,1,S3,4.06666666666666
C0/clip_00021_good_morning_S4.npz,0,0,1,S4,4.1
C0/clip_00022_good_morning_S4.npz,0,0,1,S4,3.63333333333333
C0/clip_00023_good_morning_S4.npz,0,0,1,S4,4.23333333333333
C0/clip_00024_good_morning_S4.npz,0,0,1,S4,4.03333333333333
C0/clip_00025_good_morning_S4.npz,0,0,1,S4,4.39926678886852
C0/clip_00026_good_morning_S4.npz,0,0,1,S4,4.33261123146142
C0/clip_00027_good_morning_S4.npz,0,0,1,S4,4.1327822956939
C0/clip_00028_good_morning_S4.npz,0,0,1,S4,4.33261123146142
C0/clip_00029_good_morning_S4.npz,0,0,1,S4,4.56605785895213
C0/clip_00030_good_morning_S4.npz,0,0,1,S4,4.33261123146142
C0/clip_00031_good_morning_S4.npz,0,0,1,S4,4.53272896947073
C0/clip_00032_good_morning_S4.npz,0,0,1,S4,4.39926678886852
C0/clip_00033_good_morning_S4.npz,0,0,1,S4,4.56590344457127
C0/clip_00034_good_morning_S4.npz,0,0,1,S4,4.39926678886852
C0/clip_00035_good_morning_S4.npz,0,0,1,S4,4.23262789535077
C0/clip_00036_good_morning_S4.npz,0,0,0,S4,4.23262789535077
C0/clip_00037_good_morning_S4.npz,0,0,0,S4,4.499100179964
C0/clip_00038_good_morning_S4.npz,0,0,1,S4,4.53272896947073
C0/clip_00039_good_morning_S4.npz,0,0,1,S4,4.23276896413811
C0/clip_00040_good_morning_S4.npz,0,0,1,S4,4.06598900183302
C0/clip_00041_good_morning_S4.npz,0,0,1,S4,4.39926678886852
C0/clip_00042_good_morning_S4.npz,0,0,1,S4,4.46607119050793
C0/clip_00043_good_morning_S4.npz,0,0,1,S4,4.13264455924012
C0/clip_00044_good_morning_S4.npz,0,0,1,S4,4.26595567405432
C0/clip_00045_good_morning_S4.npz,0,0,0,S4,4.13264455924012
C0/clip_00046_good_morning_S5.npz,0,0,0,S5,4.23333333333333
C0/clip_00047_good_morning_S5.npz,0,0,0,S5,4.53333333333333
C0/clip_00048_good_morning_S5.npz,0,0,0,S5,4.3
C0/clip_00049_good_morning_S5.npz,0,0,0,S5,4.33333333333333
C0/clip_00050_good_morning_S5.npz,0,0,1,S5,4.19944007465671
C0/clip_00051_good_morning_S5.npz,0,0,1,S5,4.39926678886852
C0/clip_00052_good_morning_S5.npz,0,0,0,S5,4.33261123146142
C0/clip_00053_good_morning_S5.npz,0,0,1,S5,4.63256123979336
C0/clip_00054_good_morning_S5.npz,0,0,1,S5,4.43259456757207
C0/clip_00055_good_morning_S5.npz,0,0,1,S5,4.36593901016497
C0/clip_00056_good_morning_S5.npz,0,0,1,S5,4.69921679720046
C0/clip_00057_good_morning_S5.npz,0,0,1,S5,4.29942674310092
C0/clip_00058_good_morning_S5.npz,0,0,1,S5,4.33275563258232
C0/clip_00059_good_morning_S5.npz,0,0,1,S5,4.43259456757207
C0/clip_00060_good_morning_S5.npz,0,0,1,S5,4.39926678886852
C0/clip_00061_good_morning_S5.npz,0,0,1,S5,4.46592234627562
C0/clip_00062_good_morning_S5.npz,0,0,1,S5,4.36608452206372
C0/clip_00063_good_morning_S5.npz,0,0,1,S5,4.33261123146142
C0/clip_00064_good_morning_S5.npz,0,0,1,S5,4.26595567405432
C0/clip_00065_good_morning_S5.npz,0,0,0,S5,3.79936677220463
C0/clip_00066_good_morning_S5.npz,0,0,0,S5,4.76587235460756
C0/clip_00067_good_morning_S5.npz,0,0,0,S5,4.36608452206372
C0/clip_00068_good_morning_S5.npz,0,0,1,S5,4.53257790368272
C0/clip_00069_good_morning_S5.npz,0,0,1,S5,4.63256123979336
C0/clip_00070_good_morning_S5.npz,0,0,1,S5,4.69921679720046
C0/clip_00071_good_morning_S5.npz,0,0,1,S5,4.46592234627562
C0/clip_00072_good_morning_S5.npz,0,0,1,S5,4.29928345275787
C0/clip_00073_good_morning_S5.npz,0,0,1,S5,4.69921679720046
C0/clip_00074_good_morning_S5.npz,0,0,1,S5,4.33261123146142
C0/clip_00075_good_morning_S6.npz,0,0,1,S6,3.36666666666666
C0/clip_00076_good_morning_S6.npz,0,0,1,S6,3.96666666666666
C0/clip_00077_good_morning_S6.npz,0,0,1,S6,4.8
C0/clip_00078_good_morning_S6.npz,0,0,1,S6,4.6
C0/clip_00079_good_morning_S6.npz,0,0,1,S6,4.46666666666666
C0/clip_00080_good_morning_S6.npz,0,0,1,S6,4.36666666666666
C0/clip_00081_good_morning_S6.npz,0,0,1,S6,4.26609785361951
C0/clip_00082_good_morning_S6.npz,0,0,1,S6,4.36593901016497
C0/clip_00083_good_morning_S6.npz,0,0,1,S6,4.39926678886852
C0/clip_00084_good_morning_S6.npz,0,0,1,S6,4.53272896947073
C0/clip_00085_good_morning_S6.npz,0,0,1,S6,4.29942674310092
C0/clip_00086_good_morning_S6.npz,0,0,1,S6,4.23276896413811
C0/clip_00087_good_morning_S6.npz,0,0,1,S6,4.16597233794367
C0/clip_00088_good_morning_S6.npz,0,0,1,S6,4.23262789535077
C0/clip_00089_good_morning_S6.npz,0,0,1,S6,4.43259456757207
C0/clip_00090_good_morning_S6.npz,0,0,1,S6,4.23248683596614
C0/clip_00091_good_morning_S6.npz,0,0,1,S6,4.43259456757207
C0/clip_00092_good_morning_S6.npz,0,0,1,S6,4.29928345275787
C0/clip_00093_good_morning_S6.npz,0,0,1,S6,4.56590568238626
C0/clip_00094_good_morning_S6.npz,0,0,1,S6,4.49925012497917
C0/clip_00095_good_morning_S6.npz,0,0,1,S6,4.43262411347517
C0/clip_00096_good_morning_S6.npz,0,0,1,S6,4.26595567405432
C0/clip_00097_good_morning_S6.npz,0,0,1,S6,4.23273313625369
C0/clip_00098_good_morning_S6.npz,0,0,1,S6,4.16597233794367
C0/clip_00099_good_morning_S6.npz,0,0,1,S6,4.23262789535077
C0/clip_00100_good_morning_S6.npz,0,0,1,S6,4.36606746938636
C0/clip_00101_good_morning_S7.npz,0,0,1,S7,4.3
C0/clip_00102_good_morning_S7.npz,0,0,1,S7,4.5
C0/clip_00103_good_morning_S7.npz,0,0,1,S7,4.4
C0/clip_00104_good_morning_S7.npz,0,0,1,S7,4.36666666666666
C0/clip_00105_good_morning_S7.npz,0,0,1,S7,4.62249614791987
C0/clip_00106_good_morning_S7.npz,0,0,1,S7,4.65832945139212
C0/clip_00107_good_morning_S7.npz,0,0,1,S7,4.72999605833661
C0/clip_00108_good_morning_S7.npz,0,0,1,S7,4.62249614791987
C0/clip_00109_good_morning_S7.npz,0,0,1,S7,4.8733292722256
C0/clip_00110_good_morning_S7.npz,0,0,1,S7,4.69416275486437
C0/clip_00111_good_morning_S7.npz,0,0,1,S7,4.80131857107026
C0/clip_00112_good_morning_S7.npz,0,0,1,S7,4.44332963055864
C0/clip_00113_good_morning_S7.npz,0,0,1,S7,4.62249614791987
C0/clip_00114_good_morning_S7.npz,0,0,1,S7,4.69416275486437
C0/clip_00115_good_morning_S7.npz,0,0,1,S7,4.62249614791987
C0/clip_00116_good_morning_S7.npz,0,0,1,S7,4.55082954097538
C0/clip_00117_good_morning_S7.npz,0,0,1,S7,4.51499623750313
C0/clip_00118_good_morning_S7.npz,0,0,1,S7,4.6223305145478
C0/clip_00119_good_morning_S7.npz,0,0,1,S7,4.62249614791987
C0/clip_00120_good_morning_S7.npz,0,0,1,S7,4.29999641666965
C0/clip_00121_good_morning_S7.npz,0,0,1,S7,4.58666284444763
C0/clip_00122_good_morning_S7.npz,0,0,1,S7,4.6223305145478
C0/clip_00123_good_morning_S7.npz,0,0,1,S7,4.62249614791987
C0/clip_00124_good_morning_S7.npz,0,0,1,S7,4.6223305145478
C0/clip_00125_good_afternoon_S0.npz,1,0,1,S0,4.06666666666666
C0/clip_00126_good_afternoon_S0.npz,1,0,1,S0,4.06666666666666
C0/clip_00127_good_afternoon_S0.npz,1,0,1,S0,4.06666666666666
C0/clip_00128_good_afternoon_S0.npz,1,0,1,S0,4.06666666666666
C0/clip_00129_good_afternoon_S0.npz,1,0,1,S0,4.06666666666666
C0/clip_00130_good_afternoon_S1.npz,1,0,1,S1,4.06666666666666
C0/clip_00131_good_afternoon_S1.npz,1,0,1,S1,4.06666666666666
C0/clip_00132_good_afternoon_S1.npz,1,0,1,S1,4.06666666666666
C0/clip_00133_good_afternoon_S1.npz,1,0,1,S1,4.06666666666666
C0/clip_00134_good_afternoon_S1.npz,1,0,1,S1,4.06666666666666
C0/clip_00135_good_afternoon_S2.npz,1,0,0,S2,4.06666666666666
C0/clip_00136_good_afternoon_S2.npz,1,0,0,S2,4.06666666666666
C0/clip_00137_good_afternoon_S2.npz,1,0,0,S2,4.06666666666666
C0/clip_00138_good_afternoon_S2.npz,1,0,0,S2,4.06666666666666
C0/clip_00139_good_afternoon_S2.npz,1,0,0,S2,4.06666666666666
C0/clip_00140_good_afternoon_S2.npz,1,0,1,S2,4.06666666666666
C0/clip_00141_good_afternoon_S3.npz,1,0,1,S3,4.06666666666666
C0/clip_00142_good_afternoon_S3.npz,1,0,1,S3,4.06666666666666
C0/clip_00143_good_afternoon_S3.npz,1,0,1,S3,4.06666666666666
C0/clip_00144_good_afternoon_S3.npz,1,0,1,S3,4.06666666666666
C0/clip_00145_good_afternoon_S3.npz,1,0,1,S3,4.06666666666666
C0/clip_00146_good_afternoon_S4.npz,1,0,1,S4,4.56605785895213
C0/clip_00147_good_afternoon_S4.npz,1,0,1,S4,4.43259456757207
C0/clip_00148_good_afternoon_S4.npz,1,0,1,S4,4.69921679720046
C0/clip_00149_good_afternoon_S4.npz,1,0,1,S4,4.56605785895213
C0/clip_00150_good_afternoon_S4.npz,1,0,1,S4,4.43259456757207
C0/clip_00151_good_afternoon_S4.npz,1,0,1,S4,4.16597233794367
C0/clip_00152_good_afternoon_S4.npz,1,0,0,S4,4.43259456757207
C0/clip_00153_good_afternoon_S4.npz,1,0,1,S4,4.23262789535077
C0/clip_00154_good_afternoon_S4.npz,1,0,1,S4,4.16611118517531
C0/clip_00155_good_afternoon_S4.npz,1,0,1,S4,4.46607119050793
C0/clip_00156_good_afternoon_S4.npz,1,0,1,S4,4.1995800419958
C0/clip_00157_good_afternoon_S4.npz,1,0,1,S4,4.33261123146142
C0/clip_00158_good_afternoon_S4.npz,1,0,1,S4,4.46592234627562
C0/clip_00159_good_afternoon_S4.npz,1,0,1,S4,4.1995800419958
C0/clip_00160_good_afternoon_S4.npz,1,0,1,S4,4.26595567405432
C0/clip_00161_good_afternoon_S4.npz,1,0,1,S4,4.43259456757207
C0/clip_00162_good_afternoon_S4.npz,1,0,1,S4,4.39926678886852
C0/clip_00163_good_afternoon_S4.npz,1,0,1,S4,4.33275563258232
C0/clip_00164_good_afternoon_S4.npz,1,0,0,S4,4.39926678886852
C0/clip_00165_good_afternoon_S4.npz,1,0,1,S4,4.36593229446534
C0/clip_00166_good_afternoon_S4.npz,1,0,1,S4,4.23262789535077
C0/clip_00167_good_afternoon_S4.npz,1,0,1,S4,3.8329500383295
C0/clip_00168_good_afternoon_S4.npz,1,0,1,S4,4.29928345275787
C0/clip_00169_good_afternoon_S4.npz,1,0,1,S4,4.19930011664722
C0/clip_00170_good_afternoon_S4.npz,1,0,1,S4,4.36608452206372
C0/clip_00171_good_afternoon_S5.npz,1,0,0,S5,4.16611118517531
C0/clip_00172_good_afternoon_S5.npz,1,0,0,S5,4.19930011664722
C0/clip_00173_good_afternoon_S5.npz,1,0,1,S5,4.26595567405432
C0/clip_00174_good_afternoon_S5.npz,1,0,1,S5,4.09931678053657
C0/clip_00175_good_afternoon_S5.npz,1,0,0,S5,3.33300003333
C0/clip_00176_good_afternoon_S5.npz,1,0,1,S5,4.26595567405432
C0/clip_00177_good_afternoon_S5.npz,1,0,1,S5,4.69937341687775
C0/clip_00178_good_afternoon_S5.npz,1,0,0,S5,4.49925012497917
C0/clip_00179_good_afternoon_S5.npz,1,0,0,S5,4.23262789535077
C0/clip_00180_good_afternoon_S5.npz,1,0,0,S5,4.26609785361951
C0/clip_00181_good_afternoon_S5.npz,1,0,1,S5,5.13264898013598
C0/clip_00182_good_afternoon_S5.npz,1,0,0,S5,4.83252791201466
C0/clip_00183_good_afternoon_S5.npz,1,0,0,S5,4.46592234627562
C0/clip_00184_good_afternoon_S5.npz,1,0,1,S5,4.43259456757207
C0/clip_00185_good_afternoon_S5.npz,1,0,1,S5,4.56590568238626
C0/clip_00186_good_afternoon_S5.npz,1,0,0,S5,4.53257790368272
C0/clip_00187_good_afternoon_S5.npz,1,0,1,S5,3.53274454257623
C0/clip_00188_good_afternoon_S5.npz,1,0,1,S5,4.43259456757207
C0/clip_00189_good_afternoon_S5.npz,1,0,0,S5,4.26595567405432
C0/clip_00190_good_afternoon_S5.npz,1,0,0,S5,4.86601786428476
C0/clip_00191_good_afternoon_S5.npz,1,0,0,S5,5.29929342754299
C0/clip_00192_good_afternoon_S5.npz,1,0,0,S5,4.36593901016497
C0/clip_00193_good_afternoon_S5.npz,1,0,0,S5,4.96600453272896
C0/clip_00194_good_afternoon_S5.npz,1,0,0,S5,5.56573904349275
C0/clip_00195_good_afternoon_S5.npz,1,0,0,S5,4.76587235460756
C0/clip_00196_good_afternoon_S5.npz,1,0,0,S5,5.23263564858018
C0/clip_00197_good_afternoon_S6.npz,1,0,0,S6,4.76666666666666
C0/clip_00198_good_afternoon_S6.npz,1,0,1,S6,4.29942674310092
C0/clip_00199_good_afternoon_S6.npz,1,0,1,S6,4.23262789535077
C0/clip_00200_good_afternoon_S6.npz,1,0,1,S6,4.0995900409959
C0/clip_00201_good_afternoon_S6.npz,1,0,1,S6,4.26609785361951
C0/clip_00202_good_afternoon_S6.npz,1,0,1,S6,4.1991601679664
C0/clip_00203_good_afternoon_S6.npz,1,0,1,S6,4.26595567405432
C0/clip_00204_good_afternoon_S6.npz,1,0,1,S6,4.26595567405432
C0/clip_00205_good_afternoon_S6.npz,1,0,1,S6,4.2993416633078
C0/clip_00206_good_afternoon_S6.npz,1,0,1,S6,4.33261123146142
C0/clip_00207_good_afternoon_S6.npz,1,0,1,S6,4.16597233794367
C0/clip_00208_good_afternoon_S6.npz,1,0,1,S6,4.13264455924012
C0/clip_00209_good_afternoon_S6.npz,1,0,1,S6,4.16597233794367
C0/clip_00210_good_afternoon_S6.npz,1,0,1,S6,4.33275563258232
C0/clip_00211_good_afternoon_S6.npz,1,0,1,S6,4.46592234627562
C0/clip_00212_good_afternoon_S6.npz,1,0,1,S6,4.23262789535077
C0/clip_00213_good_afternoon_S6.npz,1,0,1,S6,4.29928345275787
C0/clip_00214_good_afternoon_S6.npz,1,0,1,S6,4.36593901016497
C0/clip_00215_good_afternoon_S6.npz,1,0,1,S6,4.79920013331111
C0/clip_00216_good_afternoon_S6.npz,1,0,1,S6,4.59923346108981
C0/clip_00217_good_afternoon_S6.npz,1,0,1,S6,4.53257790368272
C0/clip_00218_good_afternoon_S6.npz,1,0,1,S6,4.49925012497917
C0/clip_00219_good_afternoon_S6.npz,1,0,1,S6,4.66588901849691
C0/clip_00220_good_afternoon_S6.npz,1,0,1,S6,4.43259456757207
C0/clip_00221_good_afternoon_S6.npz,1,0,1,S6,4.43274230102652
C0/clip_00222_good_afternoon_S7.npz,1,0,1,S7,4.26609785361951
C0/clip_00223_good_afternoon_S7.npz,1,0,1,S7,4.23262789535077
C0/clip_00224_good_afternoon_S7.npz,1,0,1,S7,4.19930011664722
C0/clip_00225_good_afternoon_S7.npz,1,0,1,S7,4.46592234627562
C0/clip_00226_good_afternoon_S7.npz,1,0,1,S7,4.33261123146142
C0/clip_00227_good_afternoon_S7.npz,1,0,1,S7,4.69416275486437
C0/clip_00228_good_afternoon_S7.npz,1,0,1,S7,4.76582936180886
C0/clip_00229_good_afternoon_S7.npz,1,0,1,S7,4.58666284444763
C0/clip_00230_good_afternoon_S7.npz,1,0,1,S7,1.97083169097359
C0/clip_00231_good_afternoon_S7.npz,1,0,1,S7,4.44332963055864
C0/clip_00232_good_afternoon_S7.npz,1,0,1,S7,4.58666284444763
C0/clip_00233_good_afternoon_S7.npz,1,0,1,S7,4.58666284444763
C0/clip_00234_good_afternoon_S7.npz,1,0,1,S7,4.55082954097538
C0/clip_00235_good_afternoon_S7.npz,1,0,1,S7,4.72999605833661
C0/clip_00236_good_afternoon_S7.npz,1,0,1,S7,4.76582936180886
C0/clip_00237_good_afternoon_S7.npz,1,0,1,S7,4.65832945139212
C0/clip_00238_good_afternoon_S7.npz,1,0,1,S7,4.58666284444763
C0/clip_00239_good_afternoon_S7.npz,1,0,1,S7,4.58666284444763
C0/clip_00240_good_afternoon_S7.npz,1,0,1,S7,4.55082954097538
C0/clip_00241_good_afternoon_S7.npz,1,0,1,S7,4.44332963055864
C0/clip_00242_good_afternoon_S7.npz,1,0,1,S7,4.55082954097538
C0/clip_00243_good_afternoon_S7.npz,1,0,1,S7,4.69416275486437
C0/clip_00244_good_afternoon_S7.npz,1,0,1,S7,4.51499623750313
C0/clip_00245_good_afternoon_S7.npz,1,0,1,S7,4.51499623750313
C0/clip_00246_good_afternoon_S7.npz,1,0,1,S7,4.55082954097538
C0/clip_00247_good_afternoon_S7.npz,1,0,1,S7,4.58666284444763
C0/clip_00248_good_afternoon_S7.npz,1,0,1,S7,4.65832945139212
C0/clip_00249_good_evening_S0.npz,2,0,1,S0,4.06666666666666
C0/clip_00250_good_evening_S0.npz,2,0,1,S0,4.06666666666666
C0/clip_00251_good_evening_S0.npz,2,0,1,S0,4.06666666666666
C0/clip_00252_good_evening_S0.npz,2,0,1,S0,4.06666666666666
C0/clip_00253_good_evening_S0.npz,2,0,1,S0,4.06666666666666
C0/clip_00254_good_evening_S0.npz,2,0,1,S0,4.06666666666666
C0/clip_00255_good_evening_S1.npz,2,0,1,S1,4.06666666666666
C0/clip_00256_good_evening_S1.npz,2,0,1,S1,4.06666666666666
C0/clip_00257_good_evening_S1.npz,2,0,1,S1,4.06666666666666
C0/clip_00258_good_evening_S1.npz,2,0,1,S1,4.06666666666666
C0/clip_00259_good_evening_S1.npz,2,0,1,S1,4.06666666666666
C0/clip_00260_good_evening_S2.npz,2,0,0,S2,4.06666666666666
C0/clip_00261_good_evening_S2.npz,2,0,0,S2,4.06666666666666
C0/clip_00262_good_evening_S2.npz,2,0,0,S2,4.06666666666666
C0/clip_00263_good_evening_S2.npz,2,0,1,S2,4.06666666666666
C0/clip_00264_good_evening_S2.npz,2,0,0,S2,4.06666666666666
C0/clip_00265_good_evening_S3.npz,2,0,1,S3,4.06666666666666
C0/clip_00266_good_evening_S3.npz,2,0,1,S3,4.06666666666666
C0/clip_00267_good_evening_S3.npz,2,0,1,S3,4.06666666666666
C0/clip_00268_good_evening_S3.npz,2,0,1,S3,4.06666666666666
C0/clip_00269_good_evening_S3.npz,2,0,1,S3,4.06666666666666
C0/clip_00270_good_evening_S3.npz,2,0,1,S3,4.06666666666666
C0/clip_00271_good_evening_S4.npz,2,0,1,S4,4.33275563258232
C0/clip_00272_good_evening_S4.npz,2,0,1,S4,4.56590568238626
C0/clip_00273_good_evening_S4.npz,2,0,1,S4,4.29928345275787
C0/clip_00274_good_evening_S4.npz,2,0,1,S4,3.99946673776829
C0/clip_00275_good_evening_S4.npz,2,0,1,S4,4.49940007998933
C0/clip_00276_good_evening_S4.npz,2,0,1,S4,4.33275563258232
C0/clip_00277_good_evening_S4.npz,2,0,1,S4,4.33261123146142
C0/clip_00278_good_evening_S4.npz,2,0,1,S4,4.36593901016497
C0/clip_00279_good_evening_S4.npz,2,0,1,S4,4.16611118517531
C0/clip_00280_good_evening_S4.npz,2,0,1,S4,4.36608452206372
C0/clip_00281_good_evening_S4.npz,2,0,1,S4,4.19930011664722
C0/clip_00282_good_evening_S4.npz,2,0,0,S4,4.26609785361951
C0/clip_00283_good_evening_S4.npz,2,0,1,S4,4.19930011664722
C0/clip_00284_good_evening_S4.npz,2,0,1,S4,4.26595567405432
C0/clip_00285_good_evening_S4.npz,2,0,1,S4,4.23262789535077
C0/clip_00286_good_evening_S4.npz,2,0,1,S4,4.332900043329
C0/clip_00287_good_evening_S4.npz,2,0,1,S4,4.1995800419958
C0/clip_00288_good_evening_S4.npz,2,0,1,S4,4.16611118517531
C0/clip_00289_good_evening_S4.npz,2,0,1,S4,4.19930011664722
C0/clip_00290_good_evening_S4.npz,2,0,1,S4,4.33261123146142
C0/clip_00291_good_evening_S4.npz,2,0,1,S4,4.13264455924012
C0/clip_00292_good_evening_S4.npz,2,0,1,S4,4.23262789535077
C0/clip_00293_good_evening_S4.npz,2,0,1,S4,4.26595567405432
C0/clip_00294_good_evening_S4.npz,2,0,1,S4,4.19930011664722
C0/clip_00295_good_evening_S4.npz,2,0,1,S4,4.16597233794367
C0/clip_00296_good_evening_S5.npz,2,0,0,S5,4.19930011664722
C0/clip_00297_good_evening_S5.npz,2,0,0,S5,4.26609785361951
C0/clip_00298_good_evening_S5.npz,2,0,1,S5,4.23262789535077
C0/clip_00299_good_evening_S5.npz,2,0,1,S5,4.23262789535077
C0/clip_00300_good_evening_S5.npz,2,0,1,S5,3.93267788701883
C0/clip_00301_good_evening_S5.npz,2,0,1,S5,5.03266231169177
C0/clip_00302_good_evening_S5.npz,2,0,1,S5,4.43259456757207
C0/clip_00303_good_evening_S5.npz,2,0,1,S5,5.43242792867855
C0/clip_00304_good_evening_S5.npz,2,0,1,S5,4.43274230102652
C0/clip_00305_good_evening_S5.npz,2,0,1,S5,4.49925012497917
C0/clip_00306_good_evening_S5.npz,2,0,1,S5,4.29942674310092
C0/clip_00307_good_evening_S5.npz,2,0,1,S5,4.86585569071821
C0/clip_00308_good_evening_S5.npz,2,0,1,S5,4.39926678886852
C0/clip_00309_good_evening_S5.npz,2,0,1,S5,4.19944007465671
C0/clip_00310_good_evening_S5.npz,2,0,1,S5,5.03266231169177
C0/clip_00311_good_evening_S5.npz,2,0,1,S5,5.09932009065458
C0/clip_00312_good_evening_S5.npz,2,0,1,S5,4.39926678886852
C0/clip_00313_good_evening_S5.npz,2,0,1,S5,4.53257790368272
C0/clip_00314_good_evening_S5.npz,2,0,1,S5,4.66588901849691
C0/clip_00315_good_evening_S5.npz,2,0,1,S5,4.59923346108981
C0/clip_00316_good_evening_S5.npz,2,0,1,S5,5.09915014164306
C0/clip_00317_good_evening_S5.npz,2,0,1,S5,4.93251124812531
C0/clip_00318_good_evening_S5.npz,2,0,1,S5,4.39926678886852
C0/clip_00319_good_evening_S5.npz,2,0,1,S5,4.56590568238626
C0/clip_00320_good_evening_S5.npz,2,0,1,S5,4.69937341687775
C0/clip_00321_good_evening_S6.npz,2,0,1,S6,4.0662600406626
C0/clip_00322_good_evening_S6.npz,2,0,1,S6,4.26595567405432
C0/clip_00323_good_evening_S6.npz,2,0,1,S6,4.1995800419958
C0/clip_00324_good_evening_S6.npz,2,0,1,S6,4.1662500416625
C0/clip_00325_good_evening_S6.npz,2,0,1,S6,4.23262789535077
C0/clip_00326_good_evening_S6.npz,2,0,1,S6,4.19930011664722
C0/clip_00327_good_evening_S6.npz,2,0,1,S6,4.39926678886852
C0/clip_00328_good_evening_S6.npz,2,0,1,S6,4.26595567405432
C0/clip_00329_good_evening_S6.npz,2,0,1,S6,4.26595567405432
C0/clip_00330_good_evening_S6.npz,2,0,1,S6,4.56590568238626
C0/clip_00331_good_evening_S6.npz,2,0,1,S6,4.26595567405432
C0/clip_00332_good_evening_S6.npz,2,0,1,S6,4.29928345275787
C0/clip_00333_good_evening_S6.npz,2,0,1,S6,4.39926678886852
C0/clip_00334_good_evening_S6.npz,2,0,1,S6,4.56590568238626
C0/clip_00335_good_evening_S6.npz,2,0,1,S6,4.23262789535077
C0/clip_00336_good_evening_S6.npz,2,0,1,S6,4.29928345275787
C0/clip_00337_good_evening_S6.npz,2,0,1,S6,4.73254457590401
C0/clip_00338_good_evening_S6.npz,2,0,1,S6,4.63256123979336
C0/clip_00339_good_evening_S6.npz,2,0,1,S6,4.33275563258232
C0/clip_00340_good_evening_S6.npz,2,0,1,S6,4.49940007998933
C0/clip_00341_good_evening_S6.npz,2,0,1,S6,4.26595567405432
C0/clip_00342_good_evening_S6.npz,2,0,1,S6,4.69921679720046
C0/clip_00343_good_evening_S6.npz,2,0,1,S6,4.39926678886852
C0/clip_00344_good_evening_S6.npz,2,0,1,S6,4.26595567405432
C0/clip_00345_good_evening_S6.npz,2,0,1,S6,4.59938674843354
C0/clip_00346_good_evening_S7.npz,2,0,1,S7,4.26609785361951
C0/clip_00347_good_evening_S7.npz,2,0,1,S7,4.09931678053657
C0/clip_00348_good_evening_S7.npz,2,0,1,S7,4.19930011664722
C0/clip_00349_good_evening_S7.npz,2,0,1,S7,4.29928345275787
C0/clip_00350_good_evening_S7.npz,2,0,1,S7,4.3358297201419
C0/clip_00351_good_evening_S7.npz,2,0,1,S7,4.40749632708639
C0/clip_00352_good_evening_S7.npz,2,0,1,S7,4.55082954097538
C0/clip_00353_good_evening_S7.npz,2,0,1,S7,4.55082954097538
C0/clip_00354_good_evening_S7.npz,2,0,1,S7,4.58666284444763
C0/clip_00355_good_evening_S7.npz,2,0,1,S7,4.40749632708639
C0/clip_00356_good_evening_S7.npz,2,0,1,S7,4.51499623750313
C0/clip_00357_good_evening_S7.npz,2,0,1,S7,4.47916293403088
C0/clip_00358_good_evening_S7.npz,2,0,1,S7,4.58666284444763
C0/clip_00359_good_evening_S7.npz,2,0,1,S7,4.62249614791987
C0/clip_00360_good_evening_S7.npz,2,0,1,S7,4.55082954097538
C0/clip_00361_good_evening_S7.npz,2,0,1,S7,4.6223305145478
C0/clip_00362_good_evening_S7.npz,2,0,1,S7,4.65832945139212
C0/clip_00363_good_evening_S7.npz,2,0,1,S7,4.58666284444763
C0/clip_00364_good_evening_S7.npz,2,0,1,S7,4.69416275486437
C0/clip_00365_good_evening_S7.npz,2,0,1,S7,4.51499623750313
C0/clip_00366_good_evening_S7.npz,2,0,1,S7,4.51499623750313
C0/clip_00367_good_evening_S7.npz,2,0,1,S7,4.55082954097538
C0/clip_00368_good_evening_S7.npz,2,0,1,S7,4.6223305145478
C0/clip_00369_good_evening_S7.npz,2,0,1,S7,4.76582936180886
C0/clip_00370_hello_S0.npz,3,0,1,S0,4.06666666666666
C0/clip_00371_hello_S0.npz,3,0,1,S0,4.06666666666666
C0/clip_00372_hello_S0.npz,3,0,1,S0,4.06666666666666
C0/clip_00373_hello_S0.npz,3,0,1,S0,4.06666666666666
C0/clip_00374_hello_S0.npz,3,0,1,S0,4.06666666666666
C0/clip_00375_hello_S1.npz,3,0,0,S1,4.06666666666666
C0/clip_00376_hello_S1.npz,3,0,0,S1,4.06666666666666
C0/clip_00377_hello_S1.npz,3,0,0,S1,4.06666666666666
C0/clip_00378_hello_S1.npz,3,0,1,S1,4.06666666666666
C0/clip_00379_hello_S1.npz,3,0,0,S1,4.06666666666666
C0/clip_00380_hello_S2.npz,3,0,0,S2,4.06666666666666
C0/clip_00381_hello_S2.npz,3,0,0,S2,4.06666666666666
C0/clip_00382_hello_S2.npz,3,0,0,S2,4.06666666666666
C0/clip_00383_hello_S2.npz,3,0,0,S2,4.06666666666666
C0/clip_00384_hello_S2.npz,3,0,0,S2,4.06666666666666
C0/clip_00385_hello_S3.npz,3,0,1,S3,4.06666666666666
C0/clip_00386_hello_S3.npz,3,0,0,S3,4.06666666666666
C0/clip_00387_hello_S3.npz,3,0,1,S3,4.06666666666666
C0/clip_00388_hello_S3.npz,3,0,1,S3,4.06666666666666
C0/clip_00389_hello_S3.npz,3,0,1,S3,4.05
C0/clip_00390_hello_S4.npz,3,0,1,S4,4.23333333333333
C0/clip_00391_hello_S4.npz,3,0,1,S4,4.3
C0/clip_00392_hello_S4.npz,3,0,0,S4,4.63333333333333
C0/clip_00393_hello_S4.npz,3,0,1,S4,4.8
C0/clip_00394_hello_S4.npz,3,0,1,S4,4.53333333333333
C0/clip_00395_hello_S4.npz,3,0,1,S4,4.26666666666666
C0/clip_00396_hello_S4.npz,3,0,1,S4,4.19930011664722
C0/clip_00397_hello_S4.npz,3,0,1,S4,4.66588901849691
C0/clip_00398_hello_S4.npz,3,0,1,S4,4.2329100423291
C0/clip_00399_hello_S4.npz,3,0,1,S4,3.96600566572238
C0/clip_00400_hello_S4.npz,3,0,1,S4,4.1662500416625
C0/clip_00401_hello_S4.npz,3,0,1,S4,4.19930011664722
C0/clip_00402_hello_S4.npz,3,0,1,S4,4.16597233794367
C0/clip_00403_hello_S4.npz,3,0,1,S4,3.23279453424429
C0/clip_00404_hello_S4.npz,3,0,1,S4,4.36593901016497
C0/clip_00405_hello_S4.npz,3,0,1,S4,4.19930011664722
C0/clip_00406_hello_S4.npz,3,0,1,S4,4.19930011664722
C0/clip_00407_hello_S4.npz,3,0,1,S4,4.16597233794367
C0/clip_00408_hello_S4.npz,3,0,1,S4,4.16597233794367
C0/clip_00409_hello_S4.npz,3,0,1,S4,4.23262789535077
C0/clip_00410_hello_S4.npz,3,0,1,S4,4.19930011664722
C0/clip_00411_hello_S4.npz,3,0,1,S4,4.46592234627562
C0/clip_00412_hello_S4.npz,3,0,1,S4,4.23262789535077
C0/clip_00413_hello_S4.npz,3,0,1,S4,4.16611118517531
C0/clip_00414_hello_S4.npz,3,0,1,S4,4.16611118517531
C0/clip_00415_hello_S4.npz,3,0,1,S4,4.43259456757207
C0/clip_00416_hello_S4.npz,3,0,1,S4,3.66605565739043
C0/clip_00417_hello_S4.npz,3,0,1,S4,4.23262789535077
C0/clip_00418_hello_S4.npz,3,0,1,S4,4.19930011664722
C0/clip_00419_hello_S4.npz,3,0,1,S4,4.23262789535077
C0/clip_00420_hello_S4.npz,3,0,1,S4,4.19930011664722
C0/clip_00421_hello_S5.npz,3,0,0,S5,4.1
C0/clip_00422_hello_S5.npz,3,0,0,S5,4.1
C0/clip_00423_hello_S5.npz,3,0,0,S5,4.13333333333333
C0/clip_00424_hello_S5.npz,3,0,0,S5,4.1
C0/clip_00425_hello_S5.npz,3,0,0,S5,3.9
C0/clip_00426_hello_S5.npz,3,0,1,S5,4.03279562724969
C0/clip_00427_hello_S5.npz,3,0,0,S5,4.43259456757207
C0/clip_00428_hello_S5.npz,3,0,1,S5,4.2329100423291
C0/clip_00429_hello_S5.npz,3,0,1,S5,4.29942674310092
C0/clip_00430_hello_S5.npz,3,0,1,S5,4.49925012497917
C0/clip_00431_hello_S5.npz,3,0,0,S5,3.96600566572238
C0/clip_00432_hello_S5.npz,3,0,0,S5,4.39926678886852
C0/clip_00433_hello_S5.npz,3,0,0,S5,4.26595567405432
C0/clip_00434_hello_S5.npz,3,0,0,S5,4.46592234627562
C0/clip_00435_hello_S5.npz,3,0,0,S5,4.46592234627562
C0/clip_00436_hello_S5.npz,3,0,0,S5,4.86585569071821
C0/clip_00437_hello_S5.npz,3,0,0,S5,4.66588901849691
C0/clip_00438_hello_S5.npz,3,0,0,S5,3.76603899350108
C0/clip_00439_hello_S5.npz,3,0,0,S5,4.36608452206372
C0/clip_00440_hello_S5.npz,3,0,0,S5,4.16597233794367
C0/clip_00441_hello_S5.npz,3,0,0,S5,4.53242684796374
C0/clip_00442_hello_S5.npz,3,0,0,S5,4.46592234627562
C0/clip_00443_hello_S5.npz,3,0,0,S5,4.39926678886852
C0/clip_00444_hello_S5.npz,3,0,0,S5,4.46592234627562
C0/clip_00445_hello_S5.npz,3,0,0,S5,4.33261123146142
C0/clip_00446_hello_S6.npz,3,0,0,S6,4.2
C0/clip_00447_hello_S6.npz,3,0,1,S6,4.16666666666666
C0/clip_00448_hello_S6.npz,3,0,0,S6,4.2
C0/clip_00449_hello_S6.npz,3,0,0,S6,3.86666666666666
C0/clip_00450_hello_S6.npz,3,0,0,S6,4.1
C0/clip_00451_hello_S6.npz,3,0,0,S6,4.23262789535077
C0/clip_00452_hello_S6.npz,3,0,0,S6,4.69921679720046
C0/clip_00453_hello_S6.npz,3,0,0,S6,4.39926678886852
C0/clip_00454_hello_S6.npz,3,0,0,S6,4.26609785361951
C0/clip_00455_hello_S6.npz,3,0,0,S6,4.23262789535077
C0/clip_00456_hello_S6.npz,3,0,0,S6,4.83252791201466
C0/clip_00457_hello_S6.npz,3,0,0,S6,4.23262789535077
C0/clip_00458_hello_S6.npz,3,0,0,S6,4.13264455924012
C0/clip_00459_hello_S6.npz,3,0,0,S6,4.23262789535077
C0/clip_00460_hello_S6.npz,3,0,0,S6,4.26609785361951
C0/clip_00461_hello_S6.npz,3,0,0,S6,4.36608452206372
C0/clip_00462_hello_S6.npz,3,0,0,S6,4.26609785361951
C0/clip_00463_hello_S6.npz,3,0,0,S6,4.33261123146142
C0/clip_00464_hello_S6.npz,3,0,0,S6,4.66588901849691
C0/clip_00465_hello_S6.npz,3,0,0,S6,4.33261123146142
C0/clip_00466_hello_S6.npz,3,0,0,S6,4.36593901016497
C0/clip_00467_hello_S6.npz,3,0,0,S6,4.29942674310092
C0/clip_00468_hello_S6.npz,3,0,0,S6,4.23276896413811
C0/clip_00469_hello_S6.npz,3,0,0,S6,4.26609785361951
C0/clip_00470_hello_S6.npz,3,0,0,S6,4.39926678886852
C0/clip_00471_hello_S7.npz,3,0,0,S7,3.96666666666666
C0/clip_00472_hello_S7.npz,3,0,1,S7,4.06666666666666
C0/clip_00473_hello_S7.npz,3,0,1,S7,4.13333333333333
C0/clip_00474_hello_S7.npz,3,0,0,S7,4.26666666666666
C0/clip_00475_hello_S7.npz,3,0,1,S7,4.1
C0/clip_00476_hello_S7.npz,3,0,0,S7,4.44332963055864
C0/clip_00477_hello_S7.npz,3,0,0,S7,4.80166266528111
C0/clip_00478_hello_S7.npz,3,0,0,S7,4.44332963055864
C0/clip_00479_hello_S7.npz,3,0,1,S7,4.51499623750313
C0/clip_00480_hello_S7.npz,3,0,1,S7,4.6223305145478
C0/clip_00481_hello_S7.npz,3,0,0,S7,4.55082954097538
C0/clip_00482_hello_S7.npz,3,0,1,S7,4.51499623750313
C0/clip_00483_hello_S7.npz,3,0,0,S7,3.97749668541942
C0/clip_00484_hello_S7.npz,3,0,0,S7,4.44332963055864
C0/clip_00485_hello_S7.npz,3,0,0,S7,4.65832945139212
C0/clip_00486_hello_S7.npz,3,0,1,S7,4.58666284444763
C0/clip_00487_hello_S7.npz,3,0,1,S7,4.65832945139212
C0/clip_00488_hello_S7.npz,3,0,1,S7,4.55082954097538
C0/clip_00489_hello_S7.npz,3,0,1,S7,4.58666284444763
C0/clip_00490_hello_S7.npz,3,0,0,S7,4.51499623750313
C0/clip_00491_hello_S7.npz,3,0,0,S7,4.40749632708639
C0/clip_00492_hello_S7.npz,3,0,1,S7,4.90916257569785
C0/clip_00493_hello_S7.npz,3,0,1,S7,4.58666284444763
C0/clip_00494_hello_S7.npz,3,0,1,S7,4.08499659583617
C0/clip_00495_hello_S7.npz,3,0,1,S7,4.65832945139212
C0/clip_00496_hello_S7.npz,3,0,0,S7,4.62249614791987
C0/clip_00497_how_are_you_S0.npz,4,0,1,S0,4.06666666666666
C0/clip_00498_how_are_you_S0.npz,4,0,1,S0,4.05
C0/clip_00499_how_are_you_S0.npz,4,0,1,S0,4.05
C0/clip_00500_how_are_you_S0.npz,4,0,1,S0,4.05
C0/clip_00501_how_are_you_S0.npz,4,0,1,S0,4.05
C0/clip_00502_how_are_you_S1.npz,4,0,1,S1,4.06666666666666
C0/clip_00503_how_are_you_S1.npz,4,0,1,S1,4.06666666666666
C0/clip_00504_how_are_you_S1.npz,4,0,1,S1,4.06666666666666
C0/clip_00505_how_are_you_S1.npz,4,0,1,S1,4.06666666666666
C0/clip_00506_how_are_you_S1.npz,4,0,1,S1,4.06666666666666
C0/clip_00507_how_are_you_S2.npz,4,0,1,S2,4.06666666666666
C0/clip_00508_how_are_you_S2.npz,4,0,1,S2,4.06666666666666
C0/clip_00509_how_are_you_S2.npz,4,0,1,S2,4.06666666666666
C0/clip_00510_how_are_you_S2.npz,4,0,1,S2,4.05
C0/clip_00511_how_are_you_S2.npz,4,0,1,S2,4.05
C0/clip_00512_how_are_you_S2.npz,4,0,1,S2,4.05
C0/clip_00513_how_are_you_S3.npz,4,0,1,S3,4.05
C0/clip_00514_how_are_you_S3.npz,4,0,1,S3,4.05
C0/clip_00515_how_are_you_S3.npz,4,0,0,S3,4.05
C0/clip_00516_how_are_you_S3.npz,4,0,1,S3,4.05
C0/clip_00517_how_are_you_S3.npz,4,0,1,S3,4.05
C0/clip_00518_how_are_you_S4.npz,4,0,1,S4,4.4
C0/clip_00519_how_are_you_S4.npz,4,0,1,S4,4.53333333333333
C0/clip_00520_how_are_you_S4.npz,4,0,1,S4,4.16666666666666
C0/clip_00521_how_are_you_S4.npz,4,0,1,S4,3.73333333333333
C0/clip_00522_how_are_you_S4.npz,4,0,1,S4,3.33333333333333
C0/clip_00523_how_are_you_S4.npz,4,0,1,S4,4.23262789535077
C0/clip_00524_how_are_you_S4.npz,4,0,1,S4,4.33261123146142
C0/clip_00525_how_are_you_S4.npz,4,0,1,S4,4.16611118517531
C0/clip_00526_how_are_you_S4.npz,4,0,1,S4,4.16597233794367
C0/clip_00527_how_are_you_S4.npz,4,0,1,S4,4.33261123146142
C0/clip_00528_how_are_you_S4.npz,4,0,1,S4,4.23248683596614
C0/clip_00529_how_are_you_S4.npz,4,0,1,S4,4.26609785361951
C0/clip_00530_how_are_you_S4.npz,4,0,1,S4,4.19930011664722
C0/clip_00531_how_are_you_S4.npz,4,0,1,S4,4.39926678886852
C0/clip_00532_how_are_you_S4.npz,4,0,1,S4,4.26595567405432
C0/clip_00533_how_are_you_S4.npz,4,0,1,S4,4.23262789535077
C0/clip_00534_how_are_you_S4.npz,4,0,1,S4,4.19930011664722
C0/clip_00535_how_are_you_S4.npz,4,0,1,S4,4.26595567405432
C0/clip_00536_how_are_you_S4.npz,4,0,1,S4,4.16597233794367
C0/clip_00537_how_are_you_S4.npz,4,0,1,S4,4.46592234627562
C0/clip_00538_how_are_you_S4.npz,4,0,1,S4,4.23262789535077
C0/clip_00539_how_are_you_S4.npz,4,0,1,S4,4.26609785361951
C0/clip_00540_how_are_you_S4.npz,4,0,1,S4,4.46607119050793
C0/clip_00541_how_are_you_S4.npz,4,0,1,S4,4.63271563791494
C0/clip_00542_how_are_you_S4.npz,4,0,1,S4,4.33261123146142
C0/clip_00543_how_are_you_S5.npz,4,0,1,S5,4
C0/clip_00544_how_are_you_S5.npz,4,0,0,S5,4.13333333333333
C0/clip_00545_how_are_you_S5.npz,4,0,1,S5,4.2
C0/clip_00546_how_are_you_S5.npz,4,0,0,S5,4
C0/clip_00547_how_are_you_S5.npz,4,0,1,S5,4.13333333333333
C0/clip_00548_how_are_you_S5.npz,4,0,1,S5,4.29928345275787
C0/clip_00549_how_are_you_S5.npz,4,0,0,S5,4.76603119584055
C0/clip_00550_how_are_you_S5.npz,4,0,0,S5,3.56607232127978
C0/clip_00551_how_are_you_S5.npz,4,0,0,S5,4.79920013331111
C0/clip_00552_how_are_you_S5.npz,4,0,0,S5,4.5990801839632
C0/clip_00553_how_are_you_S5.npz,4,0,0,S5,4.63256123979336
C0/clip_00554_how_are_you_S5.npz,4,0,0,S5,4.666200046662
C0/clip_00555_how_are_you_S5.npz,4,0,0,S5,4.49925012497917
C0/clip_00556_how_are_you_S5.npz,4,0,0,S5,4.29928345275787
C0/clip_00557_how_are_you_S5.npz,4,0,0,S5,4.43274230102652
C0/clip_00558_how_are_you_S5.npz,4,0,0,S5,5.26596453806159
C0/clip_00559_how_are_you_S5.npz,4,0,0,S5,5.2657890351608
C0/clip_00560_how_are_you_S5.npz,4,0,0,S5,4.69921679720046
C0/clip_00561_how_are_you_S5.npz,4,0,0,S5,4.53257790368272
C0/clip_00562_how_are_you_S5.npz,4,0,0,S5,4.66588901849691
C0/clip_00563_how_are_you_S5.npz,4,0,0,S5,5.29929342754299
C0/clip_00564_how_are_you_S5.npz,4,0,0,S5,4.53257790368272
C0/clip_00565_how_are_you_S5.npz,4,0,0,S5,4.76587235460756
C0/clip_00566_how_are_you_S5.npz,4,0,0,S5,4.33275563258232
C0/clip_00567_how_are_you_S5.npz,4,0,0,S5,4.43274230102652
C0/clip_00568_how_are_you_S5.npz,4,0,0,S5,4.36593901016497
C0/clip_00569_how_are_you_S5.npz,4,0,0,S5,4.93267564324756
C0/clip_00570_how_are_you_S5.npz,4,0,0,S5,5.1991334777537
C0/clip_00571_how_are_you_S6.npz,4,0,1,S6,4.2
C0/clip_00572_how_are_you_S6.npz,4,0,1,S6,3.66666666666666
C0/clip_00573_how_are_you_S6.npz,4,0,1,S6,4.23333333333333
C0/clip_00574_how_are_you_S6.npz,4,0,1,S6,4.2
C0/clip_00575_how_are_you_S6.npz,4,0,1,S6,4.13333333333333
C0/clip_00576_how_are_you_S6.npz,4,0,1,S6,4.13333333333333
C0/clip_00577_how_are_you_S6.npz,4,0,1,S6,4.16666666666666
C0/clip_00578_how_are_you_S6.npz,4,0,1,S6,4.86585569071821
C0/clip_00579_how_are_you_S6.npz,4,0,1,S6,4.56590568238626
C0/clip_00580_how_are_you_S6.npz,4,0,1,S6,4.73254457590401
C0/clip_00581_how_are_you_S6.npz,4,0,1,S6,4.46592234627562
C0/clip_00582_how_are_you_S6.npz,4,0,1,S6,4.73254457590401
C0/clip_00583_how_are_you_S6.npz,4,0,1,S6,4.46592234627562
C0/clip_00584_how_are_you_S6.npz,4,0,1,S6,4.56590568238626
C0/clip_00585_how_are_you_S6.npz,4,0,1,S6,4.69921679720046
C0/clip_00586_how_are_you_S6.npz,4,0,1,S6,4.83268897480335
C0/clip_00587_how_are_you_S6.npz,4,0,1,S6,4.89918346942176
C0/clip_00588_how_are_you_S6.npz,4,0,1,S6,4.83252791201466
C0/clip_00589_how_are_you_S6.npz,4,0,1,S6,4.76587235460756
C0/clip_00590_how_are_you_S6.npz,4,0,1,S6,4.66588901849691
C0/clip_00591_how_are_you_S6.npz,4,0,1,S6,4.93267564324756
C0/clip_00592_how_are_you_S6.npz,4,0,1,S6,4.99933342221037
C0/clip_00593_how_are_you_S6.npz,4,0,1,S6,4.76587235460756
C0/clip_00594_how_are_you_S6.npz,4,0,1,S6,4.79920013331111
C0/clip_00595_how_are_you_S6.npz,4,0,1,S6,5.1324779203466
C0/clip_00596_how_are_you_S6.npz,4,0,1,S6,4.66588901849691
C0/clip_00597_how_are_you_S6.npz,4,0,1,S6,5.03242366927857
C0/clip_00598_how_are_you_S7.npz,4,0,1,S7,4.76666666666666
C0/clip_00599_how_are_you_S7.npz,4,0,1,S7,4.36666666666666
C0/clip_00600_how_are_you_S7.npz,4,0,1,S7,4.1
C0/clip_00601_how_are_you_S7.npz,4,0,1,S7,4.4
C0/clip_00602_how_are_you_S7.npz,4,0,1,S7,4.65832945139212
C0/clip_00603_how_are_you_S7.npz,4,0,1,S7,4.98082918264234
C0/clip_00604_how_are_you_S7.npz,4,0,1,S7,4.65832945139212
C0/clip_00605_how_are_you_S7.npz,4,0,1,S7,4.58666284444763
C0/clip_00606_how_are_you_S7.npz,4,0,1,S7,4.51499623750313
C0/clip_00607_how_are_you_S7.npz,4,0,1,S7,4.55082954097538
C0/clip_00608_how_are_you_S7.npz,4,0,1,S7,4.62249614791987
C0/clip_00609_how_are_you_S7.npz,4,0,1,S7,4.65799562865025
C0/clip_00610_how_are_you_S7.npz,4,0,1,S7,4.55082954097538
C0/clip_00611_how_are_you_S7.npz,4,0,1,S7,4.62249614791987
C0/clip_00612_how_are_you_S7.npz,4,0,1,S7,4.51499623750313
C0/clip_00613_how_are_you_S7.npz,4,0,1,S7,4.65832945139212
C0/clip_00614_how_are_you_S7.npz,4,0,1,S7,4.76565859251827
C0/clip_00615_how_are_you_S7.npz,4,0,1,S7,4.69416275486437
C0/clip_00616_how_are_you_S7.npz,4,0,1,S7,4.58666284444763
C0/clip_00617_how_are_you_S7.npz,4,0,1,S7,4.65832945139212
C0/clip_00618_how_are_you_S7.npz,4,0,1,S7,4.58666284444763
C0/clip_00619_how_are_you_S7.npz,4,0,1,S7,4.44332963055864
C0/clip_00620_how_are_you_S7.npz,4,0,1,S7,4.44332963055864
C0/clip_00621_how_are_you_S7.npz,4,0,1,S7,4.65832945139212
C0/clip_00622_im_fine_S0.npz,5,0,1,S0,4.05
C0/clip_00623_im_fine_S0.npz,5,0,1,S0,4.05
C0/clip_00624_im_fine_S0.npz,5,0,1,S0,4.05
C0/clip_00625_im_fine_S0.npz,5,0,1,S0,4.05
C0/clip_00626_im_fine_S0.npz,5,0,1,S0,4.05
C0/clip_00627_im_fine_S1.npz,5,0,0,S1,4.05
C0/clip_00628_im_fine_S1.npz,5,0,0,S1,4.05
C0/clip_00629_im_fine_S1.npz,5,0,0,S1,4.05
C0/clip_00630_im_fine_S1.npz,5,0,0,S1,4.05
C0/clip_00631_im_fine_S1.npz,5,0,0,S1,4.05
C0/clip_00632_im_fine_S2.npz,5,0,0,S2,4.05
C0/clip_00633_im_fine_S2.npz,5,0,0,S2,4.05
C0/clip_00634_im_fine_S2.npz,5,0,0,S2,4.05
C0/clip_00635_im_fine_S2.npz,5,0,0,S2,4.05
C0/clip_00636_im_fine_S2.npz,5,0,0,S2,4.05
C0/clip_00637_im_fine_S3.npz,5,0,1,S3,4.05
C0/clip_00638_im_fine_S3.npz,5,0,1,S3,4.05
C0/clip_00639_im_fine_S3.npz,5,0,1,S3,4.05
C0/clip_00640_im_fine_S3.npz,5,0,1,S3,4.05
C0/clip_00641_im_fine_S3.npz,5,0,1,S3,4.05
C0/clip_00642_im_fine_S4.npz,5,0,0,S4,4.4
C0/clip_00643_im_fine_S4.npz,5,0,0,S4,4.26666666666666
C0/clip_00644_im_fine_S4.npz,5,0,0,S4,4.23333333333333
C0/clip_00645_im_fine_S4.npz,5,0,0,S4,5.1
C0/clip_00646_im_fine_S4.npz,5,0,0,S4,4.6
C0/clip_00647_im_fine_S4.npz,5,0,0,S4,4.66666666666666
C0/clip_00648_im_fine_S4.npz,5,0,0,S4,4.33261123146142
C0/clip_00649_im_fine_S4.npz,5,0,0,S4,4.26609785361951
C0/clip_00650_im_fine_S4.npz,5,0,0,S4,4.19944007465671
C0/clip_00651_im_fine_S4.npz,5,0,1,S4,4.23276896413811
C0/clip_00652_im_fine_S4.npz,5,0,0,S4,3.5329800353298
C0/clip_00653_im_fine_S4.npz,5,0,0,S4,4.23276896413811
C0/clip_00654_im_fine_S4.npz,5,0,1,S4,4.23262789535077
C0/clip_00655_im_fine_S4.npz,5,0,1,S4,4.43259456757207
C0/clip_00656_im_fine_S4.npz,5,0,0,S4,4.19930011664722
C0/clip_00657_im_fine_S4.npz,5,0,1,S4,4.29928345275787
C0/clip_00658_im_fine_S4.npz,5,0,0,S4,4.39926678886852
C0/clip_00659_im_fine_S4.npz,5,0,1,S4,4.26609785361951
C0/clip_00660_im_fine_S4.npz,5,0,1,S4,4.16611118517531
C0/clip_00661_im_fine_S4.npz,5,0,1,S4,4.29942674310092
C0/clip_00662_im_fine_S4.npz,5,0,1,S4,4.23276896413811
C0/clip_00663_im_fine_S4.npz,5,0,1,S4,4.39926678886852
C0/clip_00664_im_fine_S4.npz,5,0,1,S4,4.23276896413811
C0/clip_00665_im_fine_S4.npz,5,0,0,S4,4.36593901016497
C0/clip_00666_im_fine_S4.npz,5,0,0,S4,4.46607119050793
C0/clip_00667_im_fine_S4.npz,5,0,0,S4,4.33275563258232
C0/clip_00668_im_fine_S4.npz,5,0,0,S4,4.43274230102652
C0/clip_00669_im_fine_S4.npz,5,0,0,S4,4.19930011664722
C0/clip_00670_im_fine_S5.npz,5,0,0,S5,4.1
C0/clip_00671_im_fine_S5.npz,5,0,0,S5,4.16666666666666
C0/clip_00672_im_fine_S5.npz,5,0,0,S5,4.2
C0/clip_00673_im_fine_S5.npz,5,0,0,S5,3.83333333333333
C0/clip_00674_im_fine_S5.npz,5,0,0,S5,3.83333333333333
C0/clip_00675_im_fine_S5.npz,5,0,0,S5,4.29942674310092
C0/clip_00676_im_fine_S5.npz,5,0,0,S5,4.33261123146142
C0/clip_00677_im_fine_S5.npz,5,0,0,S5,4.33261123146142
C0/clip_00678_im_fine_S5.npz,5,0,0,S5,4.56590568238626
C0/clip_00679_im_fine_S5.npz,5,0,0,S5,4.23276896413811
C0/clip_00680_im_fine_S5.npz,5,0,0,S5,4.43259456757207
C0/clip_00681_im_fine_S5.npz,5,0,0,S5,4.33261123146142
C0/clip_00682_im_fine_S5.npz,5,0,0,S5,4.53257790368272
C0/clip_00683_im_fine_S5.npz,5,0,0,S5,4.33261123146142
C0/clip_00684_im_fine_S5.npz,5,0,0,S5,4.69921679720046
C0/clip_00685_im_fine_S5.npz,5,0,0,S5,4.46607119050793
C0/clip_00686_im_fine_S5.npz,5,0,0,S5,4.53257790368272
C0/clip_00687_im_fine_S5.npz,5,0,0,S5,4.53257790368272
C0/clip_00688_im_fine_S5.npz,5,0,0,S5,4.26595567405432
C0/clip_00689_im_fine_S5.npz,5,0,0,S5,5.93254232768964
C0/clip_00690_im_fine_S5.npz,5,0,0,S5,4.19930011664722
C0/clip_00691_im_fine_S5.npz,5,0,0,S5,3.99946673776829
C0/clip_00692_im_fine_S5.npz,5,0,0,S5,5.4992667644314
C0/clip_00693_im_fine_S5.npz,5,0,1,S5,4.06598900183302
C0/clip_00694_im_fine_S5.npz,5,0,0,S5,4.46592234627562
C0/clip_00695_im_fine_S5.npz,5,0,0,S5,4.26595567405432
C0/clip_00696_im_fine_S6.npz,5,0,0,S6,4.16666666666666
C0/clip_00697_im_fine_S6.npz,5,0,0,S6,3.9
C0/clip_00698_im_fine_S6.npz,5,0,0,S6,3.9
C0/clip_00699_im_fine_S6.npz,5,0,0,S6,4.13333333333333
C0/clip_00700_im_fine_S6.npz,5,0,0,S6,4.03333333333333
C0/clip_00701_im_fine_S6.npz,5,0,1,S6,4.23276896413811
C0/clip_00702_im_fine_S6.npz,5,0,1,S6,4.43259456757207
C0/clip_00703_im_fine_S6.npz,5,0,1,S6,4.63256123979336
C0/clip_00704_im_fine_S6.npz,5,0,1,S6,4.29928345275787
C0/clip_00705_im_fine_S6.npz,5,0,1,S6,4.26581350396587
C0/clip_00706_im_fine_S6.npz,5,0,1,S6,4.39926678886852
C0/clip_00707_im_fine_S6.npz,5,0,1,S6,4.29942674310092
C0/clip_00708_im_fine_S6.npz,5,0,1,S6,4.36593901016497
C0/clip_00709_im_fine_S6.npz,5,0,1,S6,4.86585569071821
C0/clip_00710_im_fine_S6.npz,5,0,1,S6,4.73254457590401
C0/clip_00711_im_fine_S6.npz,5,0,1,S6,4.73254457590401
C0/clip_00712_im_fine_S6.npz,5,0,1,S6,4.76587235460756
C0/clip_00713_im_fine_S6.npz,5,0,1,S6,4.39926678886852
C0/clip_00714_im_fine_S6.npz,5,0,1,S6,4.66588901849691
C0/clip_00715_im_fine_S6.npz,5,0,1,S6,4.46592234627562
C0/clip_00716_im_fine_S6.npz,5,0,1,S6,4.46592234627562
C0/clip_00717_im_fine_S6.npz,5,0,1,S6,4.53257790368272
C0/clip_00718_im_fine_S6.npz,5,0,1,S6,4.33261123146142
C0/clip_00719_im_fine_S6.npz,5,0,1,S6,4.46592234627562
C0/clip_00720_im_fine_S6.npz,5,0,1,S6,4.43259456757207
C0/clip_00721_im_fine_S7.npz,5,0,0,S7,4.36666666666666
C0/clip_00722_im_fine_S7.npz,5,0,0,S7,4.36666666666666
C0/clip_00723_im_fine_S7.npz,5,0,1,S7,4.13333333333333
C0/clip_00724_im_fine_S7.npz,5,0,0,S7,4.16666666666666
C0/clip_00725_im_fine_S7.npz,5,0,1,S7,4.03333333333333
C0/clip_00726_im_fine_S7.npz,5,0,1,S7,4.55082954097538
C0/clip_00727_im_fine_S7.npz,5,0,1,S7,4.37166302361414
C0/clip_00728_im_fine_S7.npz,5,0,1,S7,4.55082954097538
C0/clip_00729_im_fine_S7.npz,5,0,1,S7,4.3358297201419
C0/clip_00730_im_fine_S7.npz,5,0,1,S7,4.47916293403088
C0/clip_00731_im_fine_S7.npz,5,0,1,S7,4.62249614791987
C0/clip_00732_im_fine_S7.npz,5,0,1,S7,4.62249614791987
C0/clip_00733_im_fine_S7.npz,5,0,1,S7,4.62249614791987
C0/clip_00734_im_fine_S7.npz,5,0,0,S7,4.29999641666965
C0/clip_00735_im_fine_S7.npz,5,0,1,S7,4.47916293403088
C0/clip_00736_im_fine_S7.npz,5,0,1,S7,4.3358297201419
C0/clip_00737_im_fine_S7.npz,5,0,1,S7,4.51499623750313
C0/clip_00738_im_fine_S7.npz,5,0,1,S7,4.22832980972515
C0/clip_00739_im_fine_S7.npz,5,0,1,S7,4.58666284444763
C0/clip_00740_im_fine_S7.npz,5,0,1,S7,4.51499623750313
C0/clip_00741_im_fine_S7.npz,5,0,1,S7,4.62249614791987
C0/clip_00742_im_fine_S7.npz,5,0,1,S7,4.58666284444763
C0/clip_00743_im_fine_S7.npz,5,0,1,S7,4.6223305145478
C0/clip_00744_im_fine_S7.npz,5,0,1,S7,4.62249614791987
C0/clip_00745_im_fine_S7.npz,5,0,1,S7,4.65832945139212
C0/clip_00746_nice_to_meet_you_S0.npz,6,0,1,S0,4.05
C0/clip_00747_nice_to_meet_you_S0.npz,6,0,1,S0,4.05
C0/clip_00748_nice_to_meet_you_S0.npz,6,0,1,S0,4.05
C0/clip_00749_nice_to_meet_you_S0.npz,6,0,1,S0,4.05
C0/clip_00750_nice_to_meet_you_S0.npz,6,0,1,S0,4.05
C0/clip_00751_nice_to_meet_you_S0.npz,6,0,1,S0,4.05
C0/clip_00752_nice_to_meet_you_S1.npz,6,0,1,S1,4.05
C0/clip_00753_nice_to_meet_you_S1.npz,6,0,1,S1,4.05
C0/clip_00754_nice_to_meet_you_S1.npz,6,0,1,S1,4.05
C0/clip_00755_nice_to_meet_you_S1.npz,6,0,1,S1,4.05
C0/clip_00756_nice_to_meet_you_S1.npz,6,0,1,S1,4.05
C0/clip_00757_nice_to_meet_you_S1.npz,6,0,1,S1,4.05
C0/clip_00758_nice_to_meet_you_S2.npz,6,0,1,S2,4.05
C0/clip_00759_nice_to_meet_you_S2.npz,6,0,1,S2,4.05
C0/clip_00760_nice_to_meet_you_S2.npz,6,0,1,S2,4.05
C0/clip_00761_nice_to_meet_you_S2.npz,6,0,1,S2,4.05
C0/clip_00762_nice_to_meet_you_S2.npz,6,0,1,S2,4.05
C0/clip_00763_nice_to_meet_you_S3.npz,6,0,1,S3,4.05
C0/clip_00764_nice_to_meet_you_S3.npz,6,0,1,S3,4.05
C0/clip_00765_nice_to_meet_you_S3.npz,6,0,1,S3,4.05
C0/clip_00766_nice_to_meet_you_S3.npz,6,0,1,S3,4.05
C0/clip_00767_nice_to_meet_you_S3.npz,6,0,1,S3,4.05
C0/clip_00768_nice_to_meet_you_S4.npz,6,0,1,S4,4.53257790368272
C0/clip_00769_nice_to_meet_you_S4.npz,6,0,1,S4,4.33275563258232
C0/clip_00770_nice_to_meet_you_S4.npz,6,0,1,S4,4.39926678886852
C0/clip_00771_nice_to_meet_you_S4.npz,6,0,1,S4,5.46593787495
C0/clip_00772_nice_to_meet_you_S4.npz,6,0,1,S4,4.23276896413811
C0/clip_00773_nice_to_meet_you_S4.npz,6,0,1,S4,4.23262789535077
C0/clip_00774_nice_to_meet_you_S4.npz,6,0,1,S4,4.36593901016497
C0/clip_00775_nice_to_meet_you_S4.npz,6,0,1,S4,4.16611118517531
C0/clip_00776_nice_to_meet_you_S4.npz,6,0,1,S4,4.49925012497917
C0/clip_00777_nice_to_meet_you_S4.npz,6,0,1,S4,4.36593901016497
C0/clip_00778_nice_to_meet_you_S4.npz,6,0,1,S4,4.19930011664722
C0/clip_00779_nice_to_meet_you_S4.npz,6,0,1,S4,4.23276896413811
C0/clip_00780_nice_to_meet_you_S4.npz,6,0,1,S4,4.43274230102652
C0/clip_00781_nice_to_meet_you_S4.npz,6,0,1,S4,4.19930011664722
C0/clip_00782_nice_to_meet_you_S4.npz,6,0,1,S4,4.26609785361951
C0/clip_00783_nice_to_meet_you_S4.npz,6,0,1,S4,4.49925012497917
C0/clip_00784_nice_to_meet_you_S4.npz,6,0,1,S4,4.29942674310092
C0/clip_00785_nice_to_meet_you_S4.npz,6,0,1,S4,4.39926678886852
C0/clip_00786_nice_to_meet_you_S4.npz,6,0,1,S4,4.19930011664722
C0/clip_00787_nice_to_meet_you_S4.npz,6,0,1,S4,4.23262789535077
C0/clip_00788_nice_to_meet_you_S4.npz,6,0,1,S4,4.26609785361951
C0/clip_00789_nice_to_meet_you_S4.npz,6,0,1,S4,4.83268897480335
C0/clip_00790_nice_to_meet_you_S4.npz,6,0,1,S4,4.16597233794367
C0/clip_00791_nice_to_meet_you_S4.npz,6,0,1,S4,4.23262789535077
C0/clip_00792_nice_to_meet_you_S4.npz,6,0,1,S4,4.19930011664722
C0/clip_00793_nice_to_meet_you_S4.npz,6,0,1,S4,4.19930011664722
C0/clip_00794_nice_to_meet_you_S4.npz,6,0,1,S4,4.0661245167311
C0/clip_00795_nice_to_meet_you_S5.npz,6,0,1,S5,4.23248683596614
C0/clip_00796_nice_to_meet_you_S5.npz,6,0,1,S5,4.19944007465671
C0/clip_00797_nice_to_meet_you_S5.npz,6,0,1,S5,4.13264455924012
C0/clip_00798_nice_to_meet_you_S5.npz,6,0,1,S5,4.26595567405432
C0/clip_00799_nice_to_meet_you_S5.npz,6,0,1,S5,4.86585569071821
C0/clip_00800_nice_to_meet_you_S5.npz,6,0,1,S5,4.39926678886852
C0/clip_00801_nice_to_meet_you_S5.npz,6,0,1,S5,4.33261123146142
C0/clip_00802_nice_to_meet_you_S5.npz,6,0,1,S5,4.43259456757207
C0/clip_00803_nice_to_meet_you_S5.npz,6,0,1,S5,4.53257790368272
C0/clip_00804_nice_to_meet_you_S5.npz,6,0,1,S5,4.43259456757207
C0/clip_00805_nice_to_meet_you_S5.npz,6,0,1,S5,4.36593901016497
C0/clip_00806_nice_to_meet_you_S5.npz,6,0,1,S5,4.29928345275787
C0/clip_00807_nice_to_meet_you_S5.npz,6,0,1,S5,4.49925012497917
C0/clip_00808_nice_to_meet_you_S5.npz,6,0,1,S5,4.39926678886852
C0/clip_00809_nice_to_meet_you_S5.npz,6,0,1,S5,4.19930011664722
C0/clip_00810_nice_to_meet_you_S5.npz,6,0,1,S5,4.36593901016497
C0/clip_00811_nice_to_meet_you_S5.npz,6,0,1,S5,4.33261123146142
C0/clip_00812_nice_to_meet_you_S5.npz,6,0,1,S5,4.53272896947073
C0/clip_00813_nice_to_meet_you_S5.npz,6,0,1,S5,5.26596453806159
C0/clip_00814_nice_to_meet_you_S5.npz,6,0,1,S5,4.39941341154512
C0/clip_00815_nice_to_meet_you_S5.npz,6,0,1,S5,4.43274230102652
C0/clip_00816_nice_to_meet_you_S5.npz,6,0,1,S5,4.49936203075683
C0/clip_00817_nice_to_meet_you_S5.npz,6,0,1,S5,4.16597233794367
C0/clip_00818_nice_to_meet_you_S5.npz,6,0,1,S5,4.53272896947073
C0/clip_00819_nice_to_meet_you_S6.npz,6,0,1,S6,5.19826724425191
C0/clip_00820_nice_to_meet_you_S6.npz,6,0,1,S6,4.99833388870376
C0/clip_00821_nice_to_meet_you_S6.npz,6,0,1,S6,4.93168943685438
C0/clip_00822_nice_to_meet_you_S6.npz,6,0,1,S6,5.26491169610129
C0/clip_00823_nice_to_meet_you_S6.npz,6,0,1,S6,4.8317227590803
C0/clip_00824_nice_to_meet_you_S6.npz,6,0,1,S6,4.89836721092969
C0/clip_00825_nice_to_meet_you_S6.npz,6,0,1,S6,4.86504498500499
C0/clip_00826_nice_to_meet_you_S6.npz,6,0,1,S6,4.89836721092969
C0/clip_00827_nice_to_meet_you_S6.npz,6,0,1,S6,4.96501166277907
C0/clip_00828_nice_to_meet_you_S6.npz,6,0,1,S6,5.03165611462845
C0/clip_00829_nice_to_meet_you_S6.npz,6,0,1,S6,4.8317227590803
C0/clip_00830_nice_to_meet_you_S6.npz,6,0,1,S6,5.13162279240253
C0/clip_00831_nice_to_meet_you_S6.npz,6,0,1,S6,4.86504498500499
C0/clip_00832_nice_to_meet_you_S6.npz,6,0,1,S6,5.19826724425191
C0/clip_00833_nice_to_meet_you_S6.npz,6,0,1,S6,5.03165611462845
C0/clip_00834_nice_to_meet_you_S6.npz,6,0,1,S6,5.03165611462845
C0/clip_00835_nice_to_meet_you_S6.npz,6,0,1,S6,4.69843385538154
C0/clip_00836_nice_to_meet_you_S6.npz,6,0,1,S6,5.26491169610129
C0/clip_00837_nice_to_meet_you_S6.npz,6,0,1,S6,4.76507830723092
C0/clip_00838_nice_to_meet_you_S6.npz,6,0,1,S6,5.19826724425191
C0/clip_00839_nice_to_meet_you_S6.npz,6,0,1,S6,5.09830056647784
C0/clip_00840_nice_to_meet_you_S6.npz,6,0,1,S6,4.76507830723092
C0/clip_00841_nice_to_meet_you_S6.npz,6,0,1,S6,4.26609785361951
C0/clip_00842_nice_to_meet_you_S6.npz,6,0,1,S6,4.03266122312947
C0/clip_00843_nice_to_meet_you_S6.npz,6,0,1,S6,4.19944007465671
C0/clip_00844_nice_to_meet_you_S6.npz,6,0,1,S6,4.23262789535077
C0/clip_00845_nice_to_meet_you_S7.npz,6,0,1,S7,4.19930011664722
C0/clip_00846_nice_to_meet_you_S7.npz,6,0,1,S7,4.29928345275787
C0/clip_00847_nice_to_meet_you_S7.npz,6,0,1,S7,4.26609785361951
C0/clip_00848_nice_to_meet_you_S7.npz,6,0,1,S7,4.26609785361951
C0/clip_00849_nice_to_meet_you_S7.npz,6,0,1,S7,4.26595567405432
C0/clip_00850_nice_to_meet_you_S7.npz,6,0,1,S7,4.47916293403088
C0/clip_00851_nice_to_meet_you_S7.npz,6,0,1,S7,4.76582936180886
C0/clip_00852_nice_to_meet_you_S7.npz,6,0,1,S7,4.65832945139212
C0/clip_00853_nice_to_meet_you_S7.npz,6,0,1,S7,4.55082954097538
C0/clip_00854_nice_to_meet_you_S7.npz,6,0,1,S7,4.72999605833661
C0/clip_00855_nice_to_meet_you_S7.npz,6,0,1,S7,4.47916293403088
C0/clip_00856_nice_to_meet_you_S7.npz,6,0,1,S7,4.51499623750313
C0/clip_00857_nice_to_meet_you_S7.npz,6,0,1,S7,4.47916293403088
C0/clip_00858_nice_to_meet_you_S7.npz,6,0,1,S7,4.51499623750313
C0/clip_00859_nice_to_meet_you_S7.npz,6,0,1,S7,4.51499623750313
C0/clip_00860_nice_to_meet_you_S7.npz,6,0,1,S7,4.58666284444763
C0/clip_00861_nice_to_meet_you_S7.npz,6,0,1,S7,4.65799562865025
C0/clip_00862_nice_to_meet_you_S7.npz,6,0,1,S7,4.51499623750313
C0/clip_00863_nice_to_meet_you_S7.npz,6,0,1,S7,4.62249614791987
C0/clip_00864_nice_to_meet_you_S7.npz,6,0,1,S7,4.40749632708639
C0/clip_00865_nice_to_meet_you_S7.npz,6,0,1,S7,4.69416275486437
C0/clip_00866_nice_to_meet_you_S7.npz,6,0,1,S7,4.72999605833661
C0/clip_00867_nice_to_meet_you_S7.npz,6,0,1,S7,4.47916293403088
C0/clip_00868_nice_to_meet_you_S7.npz,6,0,1,S7,4.6223305145478
C0/clip_00869_nice_to_meet_you_S7.npz,6,0,1,S7,4.51499623750313
C0/clip_00870_thank_you_S0.npz,7,0,1,S0,4.05
C0/clip_00871_thank_you_S0.npz,7,0,1,S0,4.05
C0/clip_00872_thank_you_S0.npz,7,0,1,S0,4.05
C0/clip_00873_thank_you_S0.npz,7,0,1,S0,4.05
C0/clip_00874_thank_you_S0.npz,7,0,1,S0,4.05
C0/clip_00875_thank_you_S1.npz,7,0,1,S1,4.05
C0/clip_00876_thank_you_S1.npz,7,0,1,S1,4.05
C0/clip_00877_thank_you_S1.npz,7,0,1,S1,4.05
C0/clip_00878_thank_you_S1.npz,7,0,1,S1,4.05
C0/clip_00879_thank_you_S1.npz,7,0,1,S1,4.05
C0/clip_00880_thank_you_S2.npz,7,0,1,S2,4.05
C0/clip_00881_thank_you_S2.npz,7,0,1,S2,4.05
C0/clip_00882_thank_you_S2.npz,7,0,1,S2,4.05
C0/clip_00883_thank_you_S2.npz,7,0,1,S2,4.05
C0/clip_00884_thank_you_S2.npz,7,0,1,S2,4.05
C0/clip_00885_thank_you_S3.npz,7,0,1,S3,4.05
C0/clip_00886_thank_you_S3.npz,7,0,1,S3,4.05
C0/clip_00887_thank_you_S3.npz,7,0,1,S3,4.03333333333333
C0/clip_00888_thank_you_S3.npz,7,0,1,S3,4.03333333333333
C0/clip_00889_thank_you_S3.npz,7,0,1,S3,4.03333333333333
C0/clip_00890_thank_you_S4.npz,7,0,1,S4,4.63333333333333
C0/clip_00891_thank_you_S4.npz,7,0,1,S4,4.63333333333333
C0/clip_00892_thank_you_S4.npz,7,0,1,S4,5.53333333333333
C0/clip_00893_thank_you_S4.npz,7,0,1,S4,4.2
C0/clip_00894_thank_you_S4.npz,7,0,1,S4,4.26666666666666
C0/clip_00895_thank_you_S4.npz,7,0,1,S4,4.46666666666666
C0/clip_00896_thank_you_S4.npz,7,0,1,S4,4.66666666666666
C0/clip_00897_thank_you_S4.npz,7,0,1,S4,4.16597233794367
C0/clip_00898_thank_you_S4.npz,7,0,1,S4,4.19930011664722
C0/clip_00899_thank_you_S4.npz,7,0,1,S4,4.0662600406626
C0/clip_00900_thank_you_S4.npz,7,0,1,S4,4.23262789535077
C0/clip_00901_thank_you_S4.npz,7,0,1,S4,4.16611118517531
C0/clip_00902_thank_you_S4.npz,7,0,1,S4,4.29928345275787
C0/clip_00903_thank_you_S4.npz,7,0,1,S4,4.29942674310092
C0/clip_00904_thank_you_S4.npz,7,0,1,S4,4.19930011664722
C0/clip_00905_thank_you_S4.npz,7,0,1,S4,4.23262789535077
C0/clip_00906_thank_you_S4.npz,7,0,1,S4,4.19930011664722
C0/clip_00907_thank_you_S4.npz,7,0,1,S4,4.13264455924012
C0/clip_00908_thank_you_S4.npz,7,0,1,S4,4.29928345275787
C0/clip_00909_thank_you_S4.npz,7,0,1,S4,4.16597233794367
C0/clip_00910_thank_you_S4.npz,7,0,1,S4,4.16611118517531
C0/clip_00911_thank_you_S4.npz,7,0,1,S4,4.13264455924012
C0/clip_00912_thank_you_S4.npz,7,0,1,S4,4.23276896413811
C0/clip_00913_thank_you_S4.npz,7,0,1,S4,4.03279562724969
C0/clip_00914_thank_you_S4.npz,7,0,1,S4,4.33275563258232
C0/clip_00915_thank_you_S4.npz,7,0,1,S4,4.23276896413811
C0/clip_00916_thank_you_S4.npz,7,0,1,S4,4.39941341154512
C0/clip_00917_thank_you_S4.npz,7,0,1,S4,4.29928345275787
C0/clip_00918_thank_you_S5.npz,7,0,1,S5,4.03333333333333
C0/clip_00919_thank_you_S5.npz,7,0,1,S5,4.075
C0/clip_00920_thank_you_S5.npz,7,0,1,S5,4.23333333333333
C0/clip_00921_thank_you_S5.npz,7,0,1,S5,4.2
C0/clip_00922_thank_you_S5.npz,7,0,1,S5,4.26666666666666
C0/clip_00923_thank_you_S5.npz,7,0,1,S5,4.29928345275787
C0/clip_00924_thank_you_S5.npz,7,0,1,S5,4.43259456757207
C0/clip_00925_thank_you_S5.npz,7,0,1,S5,4.63256123979336
C0/clip_00926_thank_you_S5.npz,7,0,1,S5,4.19930011664722
C0/clip_00927_thank_you_S5.npz,7,0,1,S5,3.999200159968
C0/clip_00928_thank_you_S5.npz,7,0,1,S5,4.99916680553241
C0/clip_00929_thank_you_S5.npz,7,0,1,S5,4.33261123146142
C0/clip_00930_thank_you_S5.npz,7,0,1,S5,4.99916680553241
C0/clip_00931_thank_you_S5.npz,7,0,1,S5,4.26595567405432
C0/clip_00932_thank_you_S5.npz,7,0,1,S5,4.33261123146142
C0/clip_00933_thank_you_S5.npz,7,0,1,S5,4.26595567405432
C0/clip_00934_thank_you_S5.npz,7,0,1,S5,4.33261123146142
C0/clip_00935_thank_you_S5.npz,7,0,1,S5,4.43259456757207
C0/clip_00936_thank_you_S5.npz,7,0,1,S5,3.76603899350108
C0/clip_00937_thank_you_S5.npz,7,0,1,S5,4.53257790368272
C0/clip_00938_thank_you_S5.npz,7,0,1,S5,4.29928345275787
C0/clip_00939_thank_you_S5.npz,7,0,1,S5,4.49925012497917
C0/clip_00940_thank_you_S5.npz,7,0,1,S5,5.1991334777537
C0/clip_00941_thank_you_S5.npz,7,0,1,S5,4.26609785361951
C0/clip_00942_thank_you_S5.npz,7,0,1,S5,4.53257790368272
C0/clip_00943_thank_you_S5.npz,7,0,1,S5,4.29928345275787
C0/clip_00944_thank_you_S6.npz,7,0,1,S6,3.93333333333333
C0/clip_00945_thank_you_S6.npz,7,0,1,S6,4.26666666666666
C0/clip_00946_thank_you_S6.npz,7,0,1,S6,4.26666666666666
C0/clip_00947_thank_you_S6.npz,7,0,1,S6,4.03333333333333
C0/clip_00948_thank_you_S6.npz,7,0,1,S6,4.11666666666666
C0/clip_00949_thank_you_S6.npz,7,0,1,S6,4.16666666666666
C0/clip_00950_thank_you_S6.npz,7,0,1,S6,4.26609785361951
C0/clip_00951_thank_you_S6.npz,7,0,1,S6,4.23276896413811
C0/clip_00952_thank_you_S6.npz,7,0,1,S6,4.23262789535077
C0/clip_00953_thank_you_S6.npz,7,0,1,S6,4.36593901016497
C0/clip_00954_thank_you_S6.npz,7,0,1,S6,4.19944007465671
C0/clip_00955_thank_you_S6.npz,7,0,1,S6,4.33261123146142
C0/clip_00956_thank_you_S6.npz,7,0,1,S6,4.332900043329
C0/clip_00957_thank_you_S6.npz,7,0,1,S6,4.29928345275787
C0/clip_00958_thank_you_S6.npz,7,0,1,S6,4.43259456757207
C0/clip_00959_thank_you_S6.npz,7,0,1,S6,4.26609785361951
C0/clip_00960_thank_you_S6.npz,7,0,1,S6,4.43259456757207
C0/clip_00961_thank_you_S6.npz,7,0,1,S6,4.53257790368272
C0/clip_00962_thank_you_S6.npz,7,0,1,S6,4.36608452206372
C0/clip_00963_thank_you_S6.npz,7,0,1,S6,4.56605785895213
C0/clip_00964_thank_you_S6.npz,7,0,1,S6,4.39926678886852
C0/clip_00965_thank_you_S6.npz,7,0,1,S6,4.23262789535077
C0/clip_00966_thank_you_S6.npz,7,0,1,S6,4.79936008532195
C0/clip_00967_thank_you_S6.npz,7,0,1,S6,4.23262789535077
C0/clip_00968_thank_you_S6.npz,7,0,1,S6,4.29942674310092
C0/clip_00969_thank_you_S6.npz,7,0,1,S6,4.56590568238626
C0/clip_00970_thank_you_S7.npz,7,0,1,S7,4.03333333333333
C0/clip_00971_thank_you_S7.npz,7,0,1,S7,4.2
C0/clip_00972_thank_you_S7.npz,7,0,1,S7,4.3
C0/clip_00973_thank_you_S7.npz,7,0,1,S7,4.23333333333333
C0/clip_00974_thank_you_S7.npz,7,0,1,S7,4.03333333333333
C0/clip_00975_thank_you_S7.npz,7,0,1,S7,4.62249614791987
C0/clip_00976_thank_you_S7.npz,7,0,1,S7,4.62249614791987
C0/clip_00977_thank_you_S7.npz,7,0,1,S7,4.51499623750313
C0/clip_00978_thank_you_S7.npz,7,0,1,S7,4.51499623750313
C0/clip_00979_thank_you_S7.npz,7,0,1,S7,4.51499623750313
C0/clip_00980_thank_you_S7.npz,7,0,1,S7,4.62249614791987
C0/clip_00981_thank_you_S7.npz,7,0,1,S7,4.69416275486437
C0/clip_00982_thank_you_S7.npz,7,0,1,S7,4.65832945139212
C0/clip_00983_thank_you_S7.npz,7,0,1,S7,4.69416275486437
C0/clip_00984_thank_you_S7.npz,7,0,1,S7,4.62249614791987
C0/clip_00985_thank_you_S7.npz,7,0,1,S7,4.51499623750313
C0/clip_00986_thank_you_S7.npz,7,0,1,S7,4.55082954097538
C0/clip_00987_thank_you_S7.npz,7,0,1,S7,4.62249614791987
C0/clip_00988_thank_you_S7.npz,7,0,1,S7,4.40749632708639
C0/clip_00989_thank_you_S7.npz,7,0,1,S7,4.55082954097538
C0/clip_00990_thank_you_S7.npz,7,0,1,S7,4.76582936180886
C0/clip_00991_thank_you_S7.npz,7,0,1,S7,4.55079271873165
C0/clip_00992_thank_you_S7.npz,7,0,1,S7,4.3358297201419
C0/clip_00993_thank_you_S7.npz,7,0,1,S7,4.58666284444763
C0/clip_00994_thank_you_S7.npz,7,0,1,S7,4.62249614791987
C0/clip_00995_youre_welcome_S0.npz,8,0,1,S0,4.05
C0/clip_00996_youre_welcome_S0.npz,8,0,1,S0,4.05
C0/clip_00997_youre_welcome_S0.npz,8,0,1,S0,4.05
C0/clip_00998_youre_welcome_S0.npz,8,0,1,S0,4.03333333333333
C0/clip_00999_youre_welcome_S0.npz,8,0,1,S0,4.03333333333333
C0/clip_01000_youre_welcome_S1.npz,8,0,1,S1,4.05
C0/clip_01001_youre_welcome_S1.npz,8,0,1,S1,4.05
C0/clip_01002_youre_welcome_S1.npz,8,0,1,S1,4.05
C0/clip_01003_youre_welcome_S1.npz,8,0,1,S1,4.05
C0/clip_01004_youre_welcome_S1.npz,8,0,1,S1,4.05
C0/clip_01005_youre_welcome_S2.npz,8,0,1,S2,4.05
C0/clip_01006_youre_welcome_S2.npz,8,0,1,S2,4.05
C0/clip_01007_youre_welcome_S2.npz,8,0,1,S2,4.05
C0/clip_01008_youre_welcome_S2.npz,8,0,1,S2,4.05
C0/clip_01009_youre_welcome_S2.npz,8,0,1,S2,4.05
C0/clip_01010_youre_welcome_S3.npz,8,0,0,S3,4.03333333333333
C0/clip_01011_youre_welcome_S3.npz,8,0,1,S3,4.03333333333333
C0/clip_01012_youre_welcome_S3.npz,8,0,1,S3,4.03333333333333
C0/clip_01013_youre_welcome_S3.npz,8,0,1,S3,4.03333333333333
C0/clip_01014_youre_welcome_S4.npz,8,0,1,S4,4.13333333333333
C0/clip_01015_youre_welcome_S4.npz,8,0,1,S4,4.23333333333333
C0/clip_01016_youre_welcome_S4.npz,8,0,1,S4,4.56666666666666
C0/clip_01017_youre_welcome_S4.npz,8,0,1,S4,4.46666666666666
C0/clip_01018_youre_welcome_S4.npz,8,0,1,S4,4.43333333333333
C0/clip_01019_youre_welcome_S4.npz,8,0,1,S4,4.1991601679664
C0/clip_01020_youre_welcome_S4.npz,8,0,1,S4,4.26609785361951
C0/clip_01021_youre_welcome_S4.npz,8,0,1,S4,4.19944007465671
C0/clip_01022_youre_welcome_S4.npz,8,0,1,S4,4.19944007465671
C0/clip_01023_youre_welcome_S4.npz,8,0,1,S4,4.19930011664722
C0/clip_01024_youre_welcome_S4.npz,8,0,1,S4,4.29942674310092
C0/clip_01025_youre_welcome_S4.npz,8,0,1,S4,4.23276896413811
C0/clip_01026_youre_welcome_S4.npz,8,0,1,S4,4.03266122312947
C0/clip_01027_youre_welcome_S4.npz,8,0,1,S4,4.23262789535077
C0/clip_01028_youre_welcome_S4.npz,8,0,1,S4,4.26595567405432
C0/clip_01029_youre_welcome_S4.npz,8,0,1,S4,4.39941341154512
C0/clip_01030_youre_welcome_S4.npz,8,0,1,S4,4.33261123146142
C0/clip_01031_youre_welcome_S4.npz,8,0,1,S4,4.26595567405432
C0/clip_01032_youre_welcome_S4.npz,8,0,1,S4,4.16597233794367
C0/clip_01033_youre_welcome_S4.npz,8,0,1,S4,4.23262789535077
C0/clip_01034_youre_welcome_S4.npz,8,0,1,S4,3.83284716097958
C0/clip_01035_youre_welcome_S4.npz,8,0,1,S4,4.26595567405432
C0/clip_01036_youre_welcome_S4.npz,8,0,1,S4,4.23262789535077
C0/clip_01037_youre_welcome_S4.npz,8,0,1,S4,4.16597233794367
C0/clip_01038_youre_welcome_S4.npz,8,0,1,S4,4.16597233794367
C0/clip_01039_youre_welcome_S4.npz,8,0,1,S4,4.23262789535077
C0/clip_01040_youre_welcome_S4.npz,8,0,1,S4,4.19930011664722
C0/clip_01041_youre_welcome_S4.npz,8,0,1,S4,4.26609785361951
C0/clip_01042_youre_welcome_S4.npz,8,0,1,S4,4.36593901016497
C0/clip_01043_youre_welcome_S5.npz,8,0,1,S5,4.3
C0/clip_01044_youre_welcome_S5.npz,8,0,1,S5,4.23333333333333
C0/clip_01045_youre_welcome_S5.npz,8,0,1,S5,4.06666666666666
C0/clip_01046_youre_welcome_S5.npz,8,0,1,S5,4.03333333333333
C0/clip_01047_youre_welcome_S5.npz,8,0,1,S5,4.1
C0/clip_01048_youre_welcome_S5.npz,8,0,1,S5,4.49940007998933
C0/clip_01049_youre_welcome_S5.npz,8,0,1,S5,4.56605785895213
C0/clip_01050_youre_welcome_S5.npz,8,0,1,S5,5.16597786961738
C0/clip_01051_youre_welcome_S5.npz,8,0,1,S5,4.29942674310092
C0/clip_01052_youre_welcome_S5.npz,8,0,1,S5,4.76587235460756
C0/clip_01053_youre_welcome_S5.npz,8,0,1,S5,4.26581350396587
C0/clip_01054_youre_welcome_S5.npz,8,0,1,S5,3.86602232961173
C0/clip_01055_youre_welcome_S5.npz,8,0,1,S5,4.46592234627562
C0/clip_01056_youre_welcome_S5.npz,8,0,1,S5,4.33261123146142
C0/clip_01057_youre_welcome_S5.npz,8,0,1,S5,4.56590568238626
C0/clip_01058_youre_welcome_S5.npz,8,0,1,S5,4.46592234627562
C0/clip_01059_youre_welcome_S5.npz,8,0,1,S5,4.29942674310092
C0/clip_01060_youre_welcome_S5.npz,8,0,1,S5,4.46592234627562
C0/clip_01061_youre_welcome_S5.npz,8,0,1,S5,5.5324112647892
C0/clip_01062_youre_welcome_S5.npz,8,0,1,S5,5.2657890351608
C0/clip_01063_youre_welcome_S5.npz,8,0,1,S5,4.53257790368272
C0/clip_01064_youre_welcome_S5.npz,8,0,1,S5,4.39926678886852
C0/clip_01065_youre_welcome_S5.npz,8,0,1,S5,4.96600453272896
C0/clip_01066_youre_welcome_S5.npz,8,0,1,S5,4.49925012497917
C0/clip_01067_youre_welcome_S6.npz,8,0,1,S6,3.83333333333333
C0/clip_01068_youre_welcome_S6.npz,8,0,1,S6,4.4
C0/clip_01069_youre_welcome_S6.npz,8,0,1,S6,3.9
C0/clip_01070_youre_welcome_S6.npz,8,0,1,S6,4.1
C0/clip_01071_youre_welcome_S6.npz,8,0,1,S6,4.06666666666666
C0/clip_01072_youre_welcome_S6.npz,8,0,1,S6,4.49293966623876
C0/clip_01073_youre_welcome_S6.npz,8,0,1,S6,4.72941017498817
C0/clip_01074_youre_welcome_S6.npz,8,0,1,S6,4.86437185420396
C0/clip_01075_youre_welcome_S6.npz,8,0,1,S6,4.69562867373826
C0/clip_01076_youre_welcome_S6.npz,8,0,1,S6,4.8981522143026
C0/clip_01077_youre_welcome_S6.npz,8,0,1,S6,4.8981522143026
C0/clip_01078_youre_welcome_S6.npz,8,0,1,S6,4.72941017498817
C0/clip_01079_youre_welcome_S6.npz,8,0,1,S6,4.83059149410532
C0/clip_01080_youre_welcome_S6.npz,8,0,1,S6,4.73356305036371
C0/clip_01081_youre_welcome_S6.npz,8,0,1,S6,4.74917329205656
C0/clip_01082_youre_welcome_S6.npz,8,0,1,S6,4.8981522143026
C0/clip_01083_youre_welcome_S6.npz,8,0,1,S6,4.76303077390804
C0/clip_01084_youre_welcome_S6.npz,8,0,1,S6,4.82500360074895
C0/clip_01085_youre_welcome_S6.npz,8,0,1,S6,4.62034383954154
C0/clip_01086_youre_welcome_S6.npz,8,0,1,S6,4.69416275486437
C0/clip_01087_youre_welcome_S6.npz,8,0,1,S6,4.80166266528111
C0/clip_01088_youre_welcome_S6.npz,8,0,1,S6,4.65832945139212
C0/clip_01089_youre_welcome_S6.npz,8,0,1,S6,4.76258683663969
C0/clip_01090_youre_welcome_S6.npz,8,0,1,S6,4.72999605833661
C0/clip_01091_youre_welcome_S6.npz,8,0,1,S6,4.80131857107026
C0/clip_01092_youre_welcome_S6.npz,8,0,1,S6,5.01666248611459
C0/clip_01093_youre_welcome_S7.npz,8,0,1,S7,3.83333333333333
C0/clip_01094_youre_welcome_S7.npz,8,0,1,S7,4.03333333333333
C0/clip_01095_youre_welcome_S7.npz,8,0,1,S7,4.16666666666666
C0/clip_01096_youre_welcome_S7.npz,8,0,1,S7,4.06666666666666
C0/clip_01097_youre_welcome_S7.npz,8,0,1,S7,4.2
C0/clip_01098_youre_welcome_S7.npz,8,0,1,S7,4.56666666666666
C0/clip_01099_youre_welcome_S7.npz,8,0,0,S7,4.62249614791987
C0/clip_01100_youre_welcome_S7.npz,8,0,1,S7,4.65821687791138
C0/clip_01101_youre_welcome_S7.npz,8,0,0,S7,4.62249614791987
C0/clip_01102_youre_welcome_S7.npz,8,0,0,S7,4.58666284444763
C0/clip_01103_youre_welcome_S7.npz,8,0,1,S7,4.51499623750313
C0/clip_01104_youre_welcome_S7.npz,8,0,1,S7,4.62249614791987
C0/clip_01105_youre_welcome_S7.npz,8,0,1,S7,4.51499623750313
C0/clip_01106_youre_welcome_S7.npz,8,0,1,S7,4.47916293403088
C0/clip_01107_youre_welcome_S7.npz,8,0,1,S7,4.55082954097538
C0/clip_01108_youre_welcome_S7.npz,8,0,1,S7,4.62249614791987
C0/clip_01109_youre_welcome_S7.npz,8,0,1,S7,4.51499623750313
C0/clip_01110_youre_welcome_S7.npz,8,0,1,S7,4.37166302361414
C0/clip_01111_youre_welcome_S7.npz,8,0,0,S7,4.6223305145478
C0/clip_01112_youre_welcome_S7.npz,8,0,1,S7,4.76582936180886
C0/clip_01113_youre_welcome_S7.npz,8,0,1,S7,4.6223305145478
C0/clip_01114_youre_welcome_S7.npz,8,0,1,S7,4.65832945139212
C0/clip_01115_youre_welcome_S7.npz,8,0,1,S7,4.80166266528111
C0/clip_01116_youre_welcome_S7.npz,8,0,1,S7,4.62249614791987
C0/clip_01117_youre_welcome_S7.npz,8,0,1,S7,4.55082954097538
C0/clip_01118_youre_welcome_S7.npz,8,0,1,S7,4.62249614791987
C0/clip_01119_see_you_tomorrow_S0.npz,9,0,1,S0,4.03333333333333
C0/clip_01120_see_you_tomorrow_S0.npz,9,0,1,S0,4.03333333333333
C0/clip_01121_see_you_tomorrow_S0.npz,9,0,1,S0,4.03333333333333
C0/clip_01122_see_you_tomorrow_S0.npz,9,0,1,S0,4.03333333333333
C0/clip_01123_see_you_tomorrow_S0.npz,9,0,1,S0,4.03333333333333
C0/clip_01124_see_you_tomorrow_S1.npz,9,0,1,S1,4.05
C0/clip_01125_see_you_tomorrow_S1.npz,9,0,1,S1,4.05
C0/clip_01126_see_you_tomorrow_S1.npz,9,0,1,S1,4.03333333333333
C0/clip_01127_see_you_tomorrow_S1.npz,9,0,1,S1,4.03333333333333
C0/clip_01128_see_you_tomorrow_S1.npz,9,0,1,S1,4.03333333333333
C0/clip_01129_see_you_tomorrow_S2.npz,9,0,1,S2,4.05
C0/clip_01130_see_you_tomorrow_S2.npz,9,0,1,S2,4.05
C0/clip_01131_see_you_tomorrow_S2.npz,9,0,1,S2,4.03333333333333
C0/clip_01132_see_you_tomorrow_S2.npz,9,0,1,S2,4.03333333333333
C0/clip_01133_see_you_tomorrow_S2.npz,9,0,1,S2,4.03333333333333
C0/clip_01134_see_you_tomorrow_S3.npz,9,0,1,S3,4.1
C0/clip_01135_see_you_tomorrow_S3.npz,9,0,1,S3,4.08333333333333
C0/clip_01136_see_you_tomorrow_S3.npz,9,0,1,S3,4.08333333333333
C0/clip_01137_see_you_tomorrow_S3.npz,9,0,1,S3,4.08333333333333
C0/clip_01138_see_you_tomorrow_S3.npz,9,0,1,S3,4.08333333333333
C0/clip_01139_see_you_tomorrow_S4.npz,9,0,1,S4,4.23333333333333
C0/clip_01140_see_you_tomorrow_S4.npz,9,0,1,S4,5.1
C0/clip_01141_see_you_tomorrow_S4.npz,9,0,1,S4,4.63333333333333
C0/clip_01142_see_you_tomorrow_S4.npz,9,0,1,S4,4.5
C0/clip_01143_see_you_tomorrow_S4.npz,9,0,1,S4,4.3
C0/clip_01144_see_you_tomorrow_S4.npz,9,0,1,S4,4.19930011664722
C0/clip_01145_see_you_tomorrow_S4.npz,9,0,1,S4,4.26595567405432
C0/clip_01146_see_you_tomorrow_S4.npz,9,0,1,S4,4.23262789535077
C0/clip_01147_see_you_tomorrow_S4.npz,9,0,1,S4,4.16597233794367
C0/clip_01148_see_you_tomorrow_S4.npz,9,0,1,S4,4.16597233794367
C0/clip_01149_see_you_tomorrow_S4.npz,9,0,1,S4,4.29928345275787
C0/clip_01150_see_you_tomorrow_S4.npz,9,0,1,S4,4.13264455924012
C0/clip_01151_see_you_tomorrow_S4.npz,9,0,1,S4,4.26595567405432
C0/clip_01152_see_you_tomorrow_S4.npz,9,0,1,S4,4.36608452206372
C0/clip_01153_see_you_tomorrow_S4.npz,9,0,1,S4,4.26595567405432
C0/clip_01154_see_you_tomorrow_S4.npz,9,0,1,S4,4.23262789535077
C0/clip_01155_see_you_tomorrow_S4.npz,9,0,1,S4,4.23262789535077
C0/clip_01156_see_you_tomorrow_S4.npz,9,0,1,S4,4.29928345275787
C0/clip_01157_see_you_tomorrow_S4.npz,9,0,1,S4,4.19930011664722
C0/clip_01158_see_you_tomorrow_S4.npz,9,0,1,S4,4.23276896413811
C0/clip_01159_see_you_tomorrow_S4.npz,9,0,1,S4,4.16597233794367
C0/clip_01160_see_you_tomorrow_S4.npz,9,0,1,S4,4.36593901016497
C0/clip_01161_see_you_tomorrow_S4.npz,9,0,1,S4,4.23276896413811
C0/clip_01162_see_you_tomorrow_S4.npz,9,0,1,S4,4.16597233794367
C0/clip_01163_see_you_tomorrow_S5.npz,9,0,1,S5,4.1
C0/clip_01164_see_you_tomorrow_S5.npz,9,0,1,S5,4.2
C0/clip_01165_see_you_tomorrow_S5.npz,9,0,1,S5,4.03333333333333
C0/clip_01166_see_you_tomorrow_S5.npz,9,0,1,S5,3.76666666666666
C0/clip_01167_see_you_tomorrow_S5.npz,9,0,1,S5,4.36666666666666
C0/clip_01168_see_you_tomorrow_S5.npz,9,0,1,S5,4.23276896413811
C0/clip_01169_see_you_tomorrow_S5.npz,9,0,1,S5,4.26581350396587
C0/clip_01170_see_you_tomorrow_S5.npz,9,0,1,S5,4.49925012497917
C0/clip_01171_see_you_tomorrow_S5.npz,9,0,1,S5,4.43259456757207
C0/clip_01172_see_you_tomorrow_S5.npz,9,0,1,S5,4.39926678886852
C0/clip_01173_see_you_tomorrow_S5.npz,9,0,1,S5,4.43274230102652
C0/clip_01174_see_you_tomorrow_S5.npz,9,0,1,S5,4.56590568238626
C0/clip_01175_see_you_tomorrow_S5.npz,9,0,1,S5,4.36593901016497
C0/clip_01176_see_you_tomorrow_S5.npz,9,0,1,S5,4.13264455924012
C0/clip_01177_see_you_tomorrow_S5.npz,9,0,1,S5,4.96600453272896
C0/clip_01178_see_you_tomorrow_S5.npz,9,0,1,S5,4.43259456757207
C0/clip_01179_see_you_tomorrow_S5.npz,9,0,1,S5,4.26609785361951
C0/clip_01180_see_you_tomorrow_S5.npz,9,0,1,S5,5.6657223796034
C0/clip_01181_see_you_tomorrow_S5.npz,9,0,1,S5,4.56605785895213
C0/clip_01182_see_you_tomorrow_S5.npz,9,0,1,S5,4.43274230102652
C0/clip_01183_see_you_tomorrow_S5.npz,9,0,1,S5,4.43259456757207
C0/clip_01184_see_you_tomorrow_S5.npz,9,0,1,S5,4.13264455924012
C0/clip_01185_see_you_tomorrow_S5.npz,9,0,1,S5,4.86585569071821
C0/clip_01186_see_you_tomorrow_S5.npz,9,0,1,S5,4.46592234627562
C0/clip_01187_see_you_tomorrow_S5.npz,9,0,1,S5,4.83268897480335
C0/clip_01188_see_you_tomorrow_S6.npz,9,0,1,S6,3.93333333333333
C0/clip_01189_see_you_tomorrow_S6.npz,9,0,1,S6,3.76666666666666
C0/clip_01190_see_you_tomorrow_S6.npz,9,0,1,S6,4.16666666666666
C0/clip_01191_see_you_tomorrow_S6.npz,9,0,1,S6,3.86666666666666
C0/clip_01192_see_you_tomorrow_S6.npz,9,0,1,S6,4.16666666666666
C0/clip_01193_see_you_tomorrow_S6.npz,9,0,1,S6,4.13333333333333
C0/clip_01194_see_you_tomorrow_S6.npz,9,0,1,S6,4.83059149410532
C0/clip_01195_see_you_tomorrow_S6.npz,9,0,1,S6,4.88715425080604
C0/clip_01196_see_you_tomorrow_S6.npz,9,0,1,S6,4.80334145492516
C0/clip_01197_see_you_tomorrow_S6.npz,9,0,1,S6,4.79959883949998
C0/clip_01198_see_you_tomorrow_S6.npz,9,0,1,S6,4.72999605833661
C0/clip_01199_see_you_tomorrow_S6.npz,9,0,1,S6,5.08832909305908
C0/clip_01200_see_you_tomorrow_S6.npz,9,0,1,S6,4.80131857107026
C0/clip_01201_see_you_tomorrow_S6.npz,9,0,1,S6,4.80166266528111
C0/clip_01202_see_you_tomorrow_S6.npz,9,0,1,S6,5.01666248611459
C0/clip_01203_see_you_tomorrow_S6.npz,9,0,1,S6,5.30332891389257
C0/clip_01204_see_you_tomorrow_S6.npz,9,0,1,S6,5.08796445591028
C0/clip_01205_see_you_tomorrow_S6.npz,9,0,1,S6,5.19564282642969
C0/clip_01206_see_you_tomorrow_S6.npz,9,0,1,S6,5.55396302135588
C0/clip_01207_see_you_tomorrow_S6.npz,9,0,1,S6,5.15999570000358
C0/clip_01208_see_you_tomorrow_S6.npz,9,0,1,S6,4.90916257569785
C0/clip_01209_see_you_tomorrow_S6.npz,9,0,1,S6,4.83749596875335
C0/clip_01210_see_you_tomorrow_S6.npz,9,0,1,S6,4.76582936180886
C0/clip_01211_see_you_tomorrow_S6.npz,9,0,1,S6,4.80166266528111
C0/clip_01212_see_you_tomorrow_S6.npz,9,0,1,S6,5.80478715780421
C0/clip_01213_see_you_tomorrow_S6.npz,9,0,1,S6,4.83749596875335
C0/clip_01214_see_you_tomorrow_S7.npz,9,0,1,S7,4.1
C0/clip_01215_see_you_tomorrow_S7.npz,9,0,1,S7,4.03333333333333
C0/clip_01216_see_you_tomorrow_S7.npz,9,0,1,S7,4.1
C0/clip_01217_see_you_tomorrow_S7.npz,9,0,1,S7,3.96666666666666
C0/clip_01218_see_you_tomorrow_S7.npz,9,0,1,S7,4.1
C0/clip_01219_see_you_tomorrow_S7.npz,9,0,1,S7,4.47916293403088
C0/clip_01220_see_you_tomorrow_S7.npz,9,0,1,S7,4.62249614791987
C0/clip_01221_see_you_tomorrow_S7.npz,9,0,1,S7,4.62249614791987
C0/clip_01222_see_you_tomorrow_S7.npz,9,0,1,S7,4.58666284444763
C0/clip_01223_see_you_tomorrow_S7.npz,9,0,1,S7,4.3358297201419
C0/clip_01224_see_you_tomorrow_S7.npz,9,0,1,S7,4.55082954097538
C0/clip_01225_see_you_tomorrow_S7.npz,9,0,1,S7,4.3358297201419
C0/clip_01226_see_you_tomorrow_S7.npz,9,0,1,S7,4.51500145645208
C0/clip_01227_see_you_tomorrow_S7.npz,9,0,1,S7,4.55082954097538
C0/clip_01228_see_you_tomorrow_S7.npz,9,0,1,S7,4.65799562865025
C0/clip_01229_see_you_tomorrow_S7.npz,9,0,1,S7,4.69416275486437
C0/clip_01230_see_you_tomorrow_S7.npz,9,0,1,S7,4.47916293403088
C0/clip_01231_see_you_tomorrow_S7.npz,9,0,1,S7,4.69416275486437
C0/clip_01232_see_you_tomorrow_S7.npz,9,0,1,S7,4.6223305145478
C0/clip_01233_see_you_tomorrow_S7.npz,9,0,1,S7,4.51499623750313
C0/clip_01234_see_you_tomorrow_S7.npz,9,0,1,S7,4.58666284444763
C0/clip_01235_see_you_tomorrow_S7.npz,9,0,1,S7,4.69416275486437
C0/clip_01236_see_you_tomorrow_S7.npz,9,0,1,S7,4.58666284444763
C0/clip_01237_see_you_tomorrow_S7.npz,9,0,1,S7,4.65832945139212
C0/clip_01238_see_you_tomorrow_S7.npz,9,0,1,S7,4.62249614791987
C1/clip_01239_understand_S0.npz,10,1,1,S0,4.08333333333333
C1/clip_01240_understand_S0.npz,10,1,1,S0,4.08333333333333
C1/clip_01241_understand_S0.npz,10,1,1,S0,4.06666666666666
C1/clip_01242_understand_S0.npz,10,1,1,S0,4.06666666666666
C1/clip_01243_understand_S0.npz,10,1,1,S0,4.06666666666666
C1/clip_01244_understand_S1.npz,10,1,1,S1,4.08333333333333
C1/clip_01245_understand_S1.npz,10,1,1,S1,4.06666666666666
C1/clip_01246_understand_S1.npz,10,1,1,S1,4.06666666666666
C1/clip_01247_understand_S1.npz,10,1,1,S1,4.06666666666666
C1/clip_01248_understand_S1.npz,10,1,1,S1,4.06666666666666
C1/clip_01249_understand_S2.npz,10,1,1,S2,4.08333333333333
C1/clip_01250_understand_S2.npz,10,1,1,S2,4.08333333333333
C1/clip_01251_understand_S2.npz,10,1,1,S2,4.06666666666666
C1/clip_01252_understand_S2.npz,10,1,1,S2,4.06666666666666
C1/clip_01253_understand_S2.npz,10,1,1,S2,4.06666666666666
C1/clip_01254_understand_S3.npz,10,1,1,S3,4.06666666666666
C1/clip_01255_understand_S3.npz,10,1,1,S3,4.06666666666666
C1/clip_01256_understand_S3.npz,10,1,0,S3,4.06666666666666
C1/clip_01257_understand_S3.npz,10,1,0,S3,4.06666666666666
C1/clip_01258_understand_S3.npz,10,1,1,S3,4.06666666666666
C1/clip_01259_understand_S4.npz,10,1,0,S4,3.6
C1/clip_01260_understand_S4.npz,10,1,0,S4,4.6
C1/clip_01261_understand_S4.npz,10,1,0,S4,4.46666666666666
C1/clip_01262_understand_S4.npz,10,1,0,S4,4.53333333333333
C1/clip_01263_understand_S4.npz,10,1,0,S4,4.5
C1/clip_01264_understand_S4.npz,10,1,0,S4,4.76666666666666
C1/clip_01265_understand_S4.npz,10,1,0,S4,4.23333333333333
C1/clip_01266_understand_S4.npz,10,1,0,S4,6.85833333333333
C1/clip_01267_understand_S4.npz,10,1,0,S4,3.66666666666666
C1/clip_01268_understand_S4.npz,10,1,1,S4,4.23276896413811
C1/clip_01269_understand_S4.npz,10,1,0,S4,4.23276896413811
C1/clip_01270_understand_S4.npz,10,1,1,S4,4.23262789535077
C1/clip_01271_understand_S4.npz,10,1,1,S4,4.23262789535077
C1/clip_01272_understand_S4.npz,10,1,1,S4,4.16597233794367
C1/clip_01273_understand_S4.npz,10,1,1,S4,4.23262789535077
C1/clip_01274_understand_S4.npz,10,1,1,S4,4.33261123146142
C1/clip_01275_understand_S4.npz,10,1,1,S4,4.29942674310092
C1/clip_01276_understand_S4.npz,10,1,1,S4,4.13264455924012
C1/clip_01277_understand_S4.npz,10,1,1,S4,4.29942674310092
C1/clip_01278_understand_S4.npz,10,1,1,S4,4.26595567405432
C1/clip_01279_understand_S4.npz,10,1,1,S4,4.1991601679664
C1/clip_01280_understand_S4.npz,10,1,1,S4,4.09931678053657
C1/clip_01281_understand_S4.npz,10,1,1,S4,4.19930011664722
C1/clip_01282_understand_S4.npz,10,1,1,S4,4.36593901016497
C1/clip_01283_understand_S4.npz,10,1,1,S4,4.29928345275787
C1/clip_01284_understand_S4.npz,10,1,1,S4,4.26609785361951
C1/clip_01285_understand_S4.npz,10,1,1,S4,4.23262789535077
C1/clip_01286_understand_S4.npz,10,1,1,S4,4.26595567405432
C1/clip_01287_understand_S4.npz,10,1,1,S4,4.33261123146142
C1/clip_01288_understand_S5.npz,10,1,0,S5,4.2791310072416
C1/clip_01289_understand_S5.npz,10,1,0,S5,4.2791310072416
C1/clip_01290_understand_S5.npz,10,1,0,S5,4.2791310072416
C1/clip_01291_understand_S5.npz,10,1,0,S5,4.2791310072416
C1/clip_01292_understand_S5.npz,10,1,0,S5,4.312047399605
C1/clip_01293_understand_S5.npz,10,1,0,S5,4.2791310072416
C1/clip_01294_understand_S5.npz,10,1,0,S5,4.2791310072416
C1/clip_01295_understand_S5.npz,10,1,0,S5,4.2791310072416
C1/clip_01296_understand_S5.npz,10,1,0,S5,4.24621461487821
C1/clip_01297_understand_S5.npz,10,1,0,S5,4.24621461487821
C1/clip_01298_understand_S5.npz,10,1,0,S5,4.27903273957607
C1/clip_01299_understand_S5.npz,10,1,0,S5,4.24621461487821
C1/clip_01300_understand_S5.npz,10,1,0,S5,4.312047399605
C1/clip_01301_understand_S5.npz,10,1,0,S5,4.24621461487821
C1/clip_01302_understand_S5.npz,10,1,0,S5,4.2791310072416
C1/clip_01303_understand_S5.npz,10,1,0,S5,4.2791310072416
C1/clip_01304_understand_S5.npz,10,1,0,S5,4.312047399605
C1/clip_01305_understand_S5.npz,10,1,0,S5,4.312047399605
C1/clip_01306_understand_S5.npz,10,1,0,S5,4.2791310072416
C1/clip_01307_understand_S5.npz,10,1,0,S5,4.312047399605
C1/clip_01308_understand_S5.npz,10,1,0,S5,3.86666666666666
C1/clip_01309_understand_S5.npz,10,1,0,S5,4.3
C1/clip_01310_understand_S5.npz,10,1,0,S5,4.2
C1/clip_01311_understand_S5.npz,10,1,0,S5,4.53333333333333
C1/clip_01312_understand_S5.npz,10,1,0,S5,4.16666666666666
C1/clip_01313_understand_S6.npz,10,1,0,S6,4.1
C1/clip_01314_understand_S6.npz,10,1,0,S6,4.43333333333333
C1/clip_01315_understand_S6.npz,10,1,0,S6,4.26666666666666
C1/clip_01316_understand_S6.npz,10,1,0,S6,4.33333333333333
C1/clip_01317_understand_S6.npz,10,1,0,S6,4.1
C1/clip_01318_understand_S6.npz,10,1,0,S6,4.6929996089167
C1/clip_01319_understand_S6.npz,10,1,0,S6,4.76565859251827
C1/clip_01320_understand_S6.npz,10,1,0,S6,4.8733292722256
C1/clip_01321_understand_S6.npz,10,1,0,S6,4.8733292722256
C1/clip_01322_understand_S6.npz,10,1,0,S6,5.12416239653133
C1/clip_01323_understand_S6.npz,10,1,0,S6,4.90916257569785
C1/clip_01324_understand_S6.npz,10,1,0,S6,4.90916257569785
C1/clip_01325_understand_S6.npz,10,1,0,S6,4.72999605833661
C1/clip_01326_understand_S6.npz,10,1,0,S6,4.58666284444763
C1/clip_01327_understand_S6.npz,10,1,0,S6,4.58666284444763
C1/clip_01328_understand_S6.npz,10,1,0,S6,4.55082954097538
C1/clip_01329_understand_S6.npz,10,1,0,S6,4.65832945139212
C1/clip_01330_understand_S6.npz,10,1,0,S6,4.55082954097538
C1/clip_01331_understand_S6.npz,10,1,0,S6,4.62249614791987
C1/clip_01332_understand_S6.npz,10,1,0,S6,4.55082954097538
C1/clip_01333_understand_S6.npz,10,1,0,S6,4.69416275486437
C1/clip_01334_understand_S6.npz,10,1,0,S6,4.76582936180886
C1/clip_01335_understand_S6.npz,10,1,0,S6,4.62249614791987
C1/clip_01336_understand_S6.npz,10,1,0,S6,4.69416275486437
C1/clip_01337_understand_S6.npz,10,1,0,S6,4.90916257569785
C1/clip_01338_understand_S7.npz,10,1,0,S7,4.66464532036117
C1/clip_01339_understand_S7.npz,10,1,1,S7,4.79776104484573
C1/clip_01340_understand_S7.npz,10,1,1,S7,4.76507830723092
C1/clip_01341_understand_S7.npz,10,1,0,S7,4.79840053315561
C1/clip_01342_understand_S7.npz,10,1,0,S7,4.76507830723092
C1/clip_01343_understand_S7.npz,10,1,1,S7,4.8317227590803
C1/clip_01344_understand_S7.npz,10,1,0,S7,4.86504498500499
C1/clip_01345_understand_S7.npz,10,1,1,S7,4.49850049983338
C1/clip_01346_understand_S7.npz,10,1,1,S7,4.8317227590803
C1/clip_01347_understand_S7.npz,10,1,0,S7,4.66511162945684
C1/clip_01348_understand_S7.npz,10,1,1,S7,4.53182272575808
C1/clip_01349_understand_S7.npz,10,1,0,S7,4.66511162945684
C1/clip_01350_understand_S7.npz,10,1,1,S7,4.63178940353215
C1/clip_01351_understand_S7.npz,10,1,1,S7,4.69843385538154
C1/clip_01352_understand_S7.npz,10,1,1,S7,4.66511162945684
C1/clip_01353_understand_S7.npz,10,1,1,S7,4.8317227590803
C1/clip_01354_understand_S7.npz,10,1,1,S7,4.8317227590803
C1/clip_01355_understand_S7.npz,10,1,1,S7,4.69843385538154
C1/clip_01356_understand_S7.npz,10,1,1,S7,4.66511162945684
C1/clip_01357_understand_S7.npz,10,1,1,S7,4.66511162945684
C1/clip_01358_understand_S7.npz,10,1,0,S7,4.3
C1/clip_01359_understand_S7.npz,10,1,0,S7,4.66666666666666
C1/clip_01360_understand_S7.npz,10,1,0,S7,4.4
C1/clip_01361_understand_S7.npz,10,1,0,S7,5.03333333333333
C1/clip_01362_understand_S7.npz,10,1,0,S7,4.56666666666666
C1/clip_01363_dont_understand_S0.npz,11,1,1,S0,4.06666666666666
C1/clip_01364_dont_understand_S0.npz,11,1,0,S0,4.06666666666666
C1/clip_01365_dont_understand_S0.npz,11,1,1,S0,4.06666666666666
C1/clip_01366_dont_understand_S0.npz,11,1,1,S0,4.06666666666666
C1/clip_01367_dont_understand_S0.npz,11,1,1,S0,4.06666666666666
C1/clip_01368_dont_understand_S1.npz,11,1,1,S1,4.06666666666666
C1/clip_01369_dont_understand_S1.npz,11,1,0,S1,4.06666666666666
C1/clip_01370_dont_understand_S1.npz,11,1,0,S1,4.06666666666666
C1/clip_01371_dont_understand_S1.npz,11,1,0,S1,4.06666666666666
C1/clip_01372_dont_understand_S1.npz,11,1,0,S1,4.06666666666666
C1/clip_01373_dont_understand_S1.npz,11,1,0,S1,4.06666666666666
C1/clip_01374_dont_understand_S2.npz,11,1,1,S2,4.06666666666666
C1/clip_01375_dont_understand_S2.npz,11,1,1,S2,4.06666666666666
C1/clip_01376_dont_understand_S2.npz,11,1,1,S2,4.06666666666666
C1/clip_01377_dont_understand_S2.npz,11,1,1,S2,4.06666666666666
C1/clip_01378_dont_understand_S2.npz,11,1,1,S2,4.06666666666666
C1/clip_01379_dont_understand_S3.npz,11,1,1,S3,4.06666666666666
C1/clip_01380_dont_understand_S3.npz,11,1,1,S3,4.06666666666666
C1/clip_01381_dont_understand_S3.npz,11,1,1,S3,4.06666666666666
C1/clip_01382_dont_understand_S3.npz,11,1,1,S3,4.06666666666666
C1/clip_01383_dont_understand_S3.npz,11,1,1,S3,4.06666666666666
C1/clip_01384_dont_understand_S4.npz,11,1,1,S4,4.23262789535077
C1/clip_01385_dont_understand_S4.npz,11,1,1,S4,4.1995800419958
C1/clip_01386_dont_understand_S4.npz,11,1,1,S4,4.89918346942176
C1/clip_01387_dont_understand_S4.npz,11,1,0,S4,4.33261123146142
C1/clip_01388_dont_understand_S4.npz,11,1,0,S4,4.76587235460756
C1/clip_01389_dont_understand_S4.npz,11,1,1,S4,4.29942674310092
C1/clip_01390_dont_understand_S4.npz,11,1,1,S4,4.33275563258232
C1/clip_01391_dont_understand_S4.npz,11,1,1,S4,4.19930011664722
C1/clip_01392_dont_understand_S4.npz,11,1,1,S4,4.26595567405432
C1/clip_01393_dont_understand_S4.npz,11,1,1,S4,4.23262789535077
C1/clip_01394_dont_understand_S4.npz,11,1,1,S4,4.43259456757207
C1/clip_01395_dont_understand_S4.npz,11,1,1,S4,4.26581350396587
C1/clip_01396_dont_understand_S4.npz,11,1,1,S4,4.26609785361951
C1/clip_01397_dont_understand_S4.npz,11,1,1,S4,4.29928345275787
C1/clip_01398_dont_understand_S4.npz,11,1,1,S4,4.23262789535077
C1/clip_01399_dont_understand_S4.npz,11,1,1,S4,4.23262789535077
C1/clip_01400_dont_understand_S4.npz,11,1,1,S4,4.43274230102652
C1/clip_01401_dont_understand_S4.npz,11,1,1,S4,4.43259456757207
C1/clip_01402_dont_understand_S4.npz,11,1,1,S4,4.26609785361951
C1/clip_01403_dont_understand_S4.npz,11,1,1,S4,4.03266122312947
C1/clip_01404_dont_understand_S4.npz,11,1,1,S4,4.23276896413811
C1/clip_01405_dont_understand_S4.npz,11,1,1,S4,4.23276896413811
C1/clip_01406_dont_understand_S4.npz,11,1,1,S4,4.19930011664722
C1/clip_01407_dont_understand_S4.npz,11,1,1,S4,4.33261123146142
C1/clip_01408_dont_understand_S4.npz,11,1,1,S4,4.16597233794367
C1/clip_01409_dont_understand_S4.npz,11,1,1,S4,4.26595567405432
C1/clip_01410_dont_understand_S5.npz,11,1,1,S5,4.312047399605
C1/clip_01411_dont_understand_S5.npz,11,1,1,S5,4.2791310072416
C1/clip_01412_dont_understand_S5.npz,11,1,1,S5,4.31191747653321
C1/clip_01413_dont_understand_S5.npz,11,1,1,S5,4.2791310072416
C1/clip_01414_dont_understand_S5.npz,11,1,1,S5,4.2791310072416
C1/clip_01415_dont_understand_S5.npz,11,1,1,S5,4.312047399605
C1/clip_01416_dont_understand_S5.npz,11,1,1,S5,4.312047399605
C1/clip_01417_dont_understand_S5.npz,11,1,1,S5,4.2791310072416
C1/clip_01418_dont_understand_S5.npz,11,1,1,S5,4.2791310072416
C1/clip_01419_dont_understand_S5.npz,11,1,1,S5,4.312047399605
C1/clip_01420_dont_understand_S5.npz,11,1,1,S5,4.2791310072416
C1/clip_01421_dont_understand_S5.npz,11,1,1,S5,4.2791310072416
C1/clip_01422_dont_understand_S5.npz,11,1,1,S5,4.2791310072416
C1/clip_01423_dont_understand_S5.npz,11,1,1,S5,4.2791310072416
C1/clip_01424_dont_understand_S5.npz,11,1,1,S5,4.2791310072416
C1/clip_01425_dont_understand_S5.npz,11,1,1,S5,4.2791310072416
C1/clip_01426_dont_understand_S5.npz,11,1,1,S5,4.2791310072416
C1/clip_01427_dont_understand_S5.npz,11,1,1,S5,4.312047399605
C1/clip_01428_dont_understand_S5.npz,11,1,1,S5,4.312047399605
C1/clip_01429_dont_understand_S5.npz,11,1,0,S5,4.2791310072416
C1/clip_01430_dont_understand_S5.npz,11,1,0,S5,4.19930011664722
C1/clip_01431_dont_understand_S5.npz,11,1,1,S5,4.19930011664722
C1/clip_01432_dont_understand_S5.npz,11,1,1,S5,4.23276896413811
C1/clip_01433_dont_understand_S5.npz,11,1,1,S5,4.19930011664722
C1/clip_01434_dont_understand_S5.npz,11,1,1,S5,4.29928345275787
C1/clip_01435_dont_understand_S6.npz,11,1,0,S6,4.26609785361951
C1/clip_01436_dont_understand_S6.npz,11,1,1,S6,4.03279562724969
C1/clip_01437_dont_understand_S6.npz,11,1,0,S6,4.06598900183302
C1/clip_01438_dont_understand_S6.npz,11,1,0,S6,4.26595567405432
C1/clip_01439_dont_understand_S6.npz,11,1,0,S6,4.19930011664722
C1/clip_01440_dont_understand_S6.npz,11,1,0,S6,4.16611118517531
C1/clip_01441_dont_understand_S6.npz,11,1,0,S6,4.23276896413811
C1/clip_01442_dont_understand_S6.npz,11,1,0,S6,4.69416275486437
C1/clip_01443_dont_understand_S6.npz,11,1,0,S6,4.62249614791987
C1/clip_01444_dont_understand_S6.npz,11,1,0,S6,4.51499623750313
C1/clip_01445_dont_understand_S6.npz,11,1,0,S6,4.72999605833661
C1/clip_01446_dont_understand_S6.npz,11,1,1,S6,4.72999605833661
C1/clip_01447_dont_understand_S6.npz,11,1,0,S6,4.69416275486437
C1/clip_01448_dont_understand_S6.npz,11,1,0,S6,4.40749632708639
C1/clip_01449_dont_understand_S6.npz,11,1,0,S6,4.6223305145478
C1/clip_01450_dont_understand_S6.npz,11,1,0,S6,4.58666284444763
C1/clip_01451_dont_understand_S6.npz,11,1,0,S6,4.58666284444763
C1/clip_01452_dont_understand_S6.npz,11,1,0,S6,4.58666284444763
C1/clip_01453_dont_understand_S6.npz,11,1,0,S6,4.62249614791987
C1/clip_01454_dont_understand_S6.npz,11,1,0,S6,4.58666284444763
C1/clip_01455_dont_understand_S6.npz,11,1,0,S6,4.65832945139212
C1/clip_01456_dont_understand_S6.npz,11,1,0,S6,4.51499623750313
C1/clip_01457_dont_understand_S6.npz,11,1,0,S6,4.65832945139212
C1/clip_01458_dont_understand_S6.npz,11,1,0,S6,4.65799562865025
C1/clip_01459_dont_understand_S6.npz,11,1,1,S6,4.65832945139212
C1/clip_01460_dont_understand_S6.npz,11,1,0,S6,4.55082954097538
C1/clip_01461_dont_understand_S6.npz,11,1,0,S6,5.15981080693707
C1/clip_01462_dont_understand_S7.npz,11,1,1,S7,4.53182272575808
C1/clip_01463_dont_understand_S7.npz,11,1,0,S7,4.69843385538154
C1/clip_01464_dont_understand_S7.npz,11,1,1,S7,4.76507830723092
C1/clip_01465_dont_understand_S7.npz,11,1,1,S7,4.66573351996267
C1/clip_01466_dont_understand_S7.npz,11,1,1,S7,4.99833388870376
C1/clip_01467_dont_understand_S7.npz,11,1,1,S7,4.73175608130623
C1/clip_01468_dont_understand_S7.npz,11,1,1,S7,4.46517827390869
C1/clip_01469_dont_understand_S7.npz,11,1,1,S7,4.66511162945684
C1/clip_01470_dont_understand_S7.npz,11,1,1,S7,4.63178940353215
C1/clip_01471_dont_understand_S7.npz,11,1,1,S7,4.73175608130623
C1/clip_01472_dont_understand_S7.npz,11,1,1,S7,4.73175608130623
C1/clip_01473_dont_understand_S7.npz,11,1,1,S7,4.66511162945684
C1/clip_01474_dont_understand_S7.npz,11,1,1,S7,4.8317227590803
C1/clip_01475_dont_understand_S7.npz,11,1,1,S7,4.59846717760746
C1/clip_01476_dont_understand_S7.npz,11,1,0,S7,4.69843385538154
C1/clip_01477_dont_understand_S7.npz,11,1,1,S7,4.76507830723092
C1/clip_01478_dont_understand_S7.npz,11,1,1,S7,4.8317227590803
C1/clip_01479_dont_understand_S7.npz,11,1,1,S7,4.76507830723092
C1/clip_01480_dont_understand_S7.npz,11,1,1,S7,4.63178940353215
C1/clip_01481_dont_understand_S7.npz,11,1,1,S7,4.86504498500499
C1/clip_01482_dont_understand_S7.npz,11,1,1,S7,4.06598900183302
C1/clip_01483_dont_understand_S7.npz,11,1,1,S7,4.23276896413811
C1/clip_01484_dont_understand_S7.npz,11,1,1,S7,4.26609785361951
C1/clip_01485_dont_understand_S7.npz,11,1,1,S7,4.19930011664722
C1/clip_01486_dont_understand_S7.npz,11,1,1,S7,4.23262789535077
C1/clip_01487_know_S0.npz,12,1,1,S0,4.06666666666666
C1/clip_01488_know_S0.npz,12,1,1,S0,4.06666666666666
C1/clip_01489_know_S0.npz,12,1,1,S0,4.06666666666666
C1/clip_01490_know_S0.npz,12,1,1,S0,4.06666666666666
C1/clip_01491_know_S0.npz,12,1,1,S0,4.06666666666666
C1/clip_01492_know_S1.npz,12,1,0,S1,4.06666666666666
C1/clip_01493_know_S1.npz,12,1,0,S1,4.06666666666666
C1/clip_01494_know_S1.npz,12,1,0,S1,4.06666666666666
C1/clip_01495_know_S1.npz,12,1,0,S1,4.06666666666666
C1/clip_01496_know_S1.npz,12,1,0,S1,4.06666666666666
C1/clip_01497_know_S2.npz,12,1,0,S2,4.06666666666666
C1/clip_01498_know_S2.npz,12,1,0,S2,4.06666666666666
C1/clip_01499_know_S2.npz,12,1,0,S2,4.06666666666666
C1/clip_01500_know_S2.npz,12,1,1,S2,4.06666666666666
C1/clip_01501_know_S2.npz,12,1,0,S2,4.06666666666666
C1/clip_01502_know_S3.npz,12,1,1,S3,4.06666666666666
C1/clip_01503_know_S3.npz,12,1,1,S3,4.06666666666666
C1/clip_01504_know_S3.npz,12,1,1,S3,4.06666666666666
C1/clip_01505_know_S3.npz,12,1,1,S3,4.06666666666666
C1/clip_01506_know_S3.npz,12,1,1,S3,4.06666666666666
C1/clip_01507_know_S3.npz,12,1,1,S3,4.06666666666666
C1/clip_01508_know_S4.npz,12,1,1,S4,4.33333333333333
C1/clip_01509_know_S4.npz,12,1,0,S4,4.03333333333333
C1/clip_01510_know_S4.npz,12,1,0,S4,4.76666666666666
C1/clip_01511_know_S4.npz,12,1,0,S4,4.26666666666666
C1/clip_01512_know_S4.npz,12,1,0,S4,4.5
C1/clip_01513_know_S4.npz,12,1,0,S4,4.26581350396587
C1/clip_01514_know_S4.npz,12,1,1,S4,4.29928345275787
C1/clip_01515_know_S4.npz,12,1,1,S4,4.36593901016497
C1/clip_01516_know_S4.npz,12,1,0,S4,4.26609785361951
C1/clip_01517_know_S4.npz,12,1,1,S4,4.29942674310092
C1/clip_01518_know_S4.npz,12,1,0,S4,4.23262789535077
C1/clip_01519_know_S4.npz,12,1,0,S4,4.16597233794367
C1/clip_01520_know_S4.npz,12,1,0,S4,4.13250683196694
C1/clip_01521_know_S4.npz,12,1,0,S4,4.36593901016497
C1/clip_01522_know_S4.npz,12,1,0,S4,4.23262789535077
C1/clip_01523_know_S4.npz,12,1,0,S4,4.23262789535077
C1/clip_01524_know_S4.npz,12,1,0,S4,4.33261123146142
C1/clip_01525_know_S4.npz,12,1,0,S4,4.16611118517531
C1/clip_01526_know_S4.npz,12,1,0,S4,4.49925012497917
C1/clip_01527_know_S4.npz,12,1,0,S4,4.23262789535077
C1/clip_01528_know_S4.npz,12,1,0,S4,4.36608452206372
C1/clip_01529_know_S4.npz,12,1,1,S4,4.23276896413811
C1/clip_01530_know_S4.npz,12,1,1,S4,4.26595567405432
C1/clip_01531_know_S5.npz,12,1,0,S5,4.27903273957607
C1/clip_01532_know_S5.npz,12,1,0,S5,4.2791310072416
C1/clip_01533_know_S5.npz,12,1,0,S5,4.2791310072416
C1/clip_01534_know_S5.npz,12,1,0,S5,4.312047399605
C1/clip_01535_know_S5.npz,12,1,0,S5,4.2791310072416
C1/clip_01536_know_S5.npz,12,1,0,S5,4.312047399605
C1/clip_01537_know_S5.npz,12,1,0,S5,4.2791310072416
C1/clip_01538_know_S5.npz,12,1,0,S5,4.2791310072416
C1/clip_01539_know_S5.npz,12,1,0,S5,4.2791310072416
C1/clip_01540_know_S5.npz,12,1,0,S5,4.2791310072416
C1/clip_01541_know_S5.npz,12,1,0,S5,4.27903273957607
C1/clip_01542_know_S5.npz,12,1,0,S5,4.2791310072416
C1/clip_01543_know_S5.npz,12,1,0,S5,4.2791310072416
C1/clip_01544_know_S5.npz,12,1,0,S5,4.2791310072416
C1/clip_01545_know_S5.npz,12,1,0,S5,4.2791310072416
C1/clip_01546_know_S5.npz,12,1,0,S5,4.27903273957607
C1/clip_01547_know_S5.npz,12,1,0,S5,4.2791310072416
C1/clip_01548_know_S5.npz,12,1,0,S5,4.312047399605
C1/clip_01549_know_S5.npz,12,1,0,S5,4.312047399605
C1/clip_01550_know_S5.npz,12,1,0,S5,4.312047399605
C1/clip_01551_know_S5.npz,12,1,0,S5,4
C1/clip_01552_know_S5.npz,12,1,0,S5,4.26666666666666
C1/clip_01553_know_S5.npz,12,1,0,S5,4.4
C1/clip_01554_know_S5.npz,12,1,0,S5,4.36666666666666
C1/clip_01555_know_S5.npz,12,1,0,S5,4.26666666666666
C1/clip_01556_know_S5.npz,12,1,0,S5,4.23333333333333
C1/clip_01557_know_S6.npz,12,1,0,S6,4.33333333333333
C1/clip_01558_know_S6.npz,12,1,0,S6,4.2
C1/clip_01559_know_S6.npz,12,1,0,S6,4.26666666666666
C1/clip_01560_know_S6.npz,12,1,0,S6,4.26666666666666
C1/clip_01561_know_S6.npz,12,1,0,S6,4.23333333333333
C1/clip_01562_know_S6.npz,12,1,0,S6,4.62249614791987
C1/clip_01563_know_S6.npz,12,1,0,S6,4.83749596875335
C1/clip_01564_know_S6.npz,12,1,0,S6,4.51499623750313
C1/clip_01565_know_S6.npz,12,1,0,S6,4.51499623750313
C1/clip_01566_know_S6.npz,12,1,0,S6,4.69416275486437
C1/clip_01567_know_S6.npz,12,1,0,S6,4.62249614791987
C1/clip_01568_know_S6.npz,12,1,0,S6,4.62249614791987
C1/clip_01569_know_S6.npz,12,1,0,S6,4.62249614791987
C1/clip_01570_know_S6.npz,12,1,0,S6,4.58666284444763
C1/clip_01571_know_S6.npz,12,1,0,S6,4.58666284444763
C1/clip_01572_know_S6.npz,12,1,0,S6,4.76582936180886
C1/clip_01573_know_S6.npz,12,1,0,S6,4.08499659583617
C1/clip_01574_know_S6.npz,12,1,0,S6,4.58666284444763
C1/clip_01575_know_S6.npz,12,1,0,S6,4.47916293403088
C1/clip_01576_know_S6.npz,12,1,0,S6,4.58666284444763
C1/clip_01577_know_S6.npz,12,1,0,S6,4.65832945139212
C1/clip_01578_know_S6.npz,12,1,0,S6,4.80166266528111
C1/clip_01579_know_S6.npz,12,1,0,S6,4.65799562865025
C1/clip_01580_know_S6.npz,12,1,0,S6,4.80166266528111
C1/clip_01581_know_S6.npz,12,1,0,S6,4.83749596875335
C1/clip_01582_know_S6.npz,12,1,0,S6,4.76565859251827
C1/clip_01583_know_S7.npz,12,1,1,S7,4.76507830723092
C1/clip_01584_know_S7.npz,12,1,0,S7,4.63178940353215
C1/clip_01585_know_S7.npz,12,1,1,S7,4.56514495168277
C1/clip_01586_know_S7.npz,12,1,0,S7,4.63178940353215
C1/clip_01587_know_S7.npz,12,1,0,S7,4.73175608130623
C1/clip_01588_know_S7.npz,12,1,0,S7,4.73175608130623
C1/clip_01589_know_S7.npz,12,1,0,S7,4.63178940353215
C1/clip_01590_know_S7.npz,12,1,0,S7,4.8317227590803
C1/clip_01591_know_S7.npz,12,1,0,S7,4.63178940353215
C1/clip_01592_know_S7.npz,12,1,0,S7,4.59846717760746
C1/clip_01593_know_S7.npz,12,1,0,S7,4.56514495168277
C1/clip_01594_know_S7.npz,12,1,0,S7,4.69843385538154
C1/clip_01595_know_S7.npz,12,1,1,S7,4.66511162945684
C1/clip_01596_know_S7.npz,12,1,1,S7,4.69843385538154
C1/clip_01597_know_S7.npz,12,1,0,S7,4.76507830723092
C1/clip_01598_know_S7.npz,12,1,0,S7,4.76507830723092
C1/clip_01599_know_S7.npz,12,1,1,S7,4.79840053315561
C1/clip_01600_know_S7.npz,12,1,0,S7,4.63178940353215
C1/clip_01601_know_S7.npz,12,1,0,S7,4.8317227590803
C1/clip_01602_know_S7.npz,12,1,0,S7,4.66511162945684
C1/clip_01603_know_S7.npz,12,1,0,S7,4.3
C1/clip_01604_know_S7.npz,12,1,0,S7,4.03333333333333
C1/clip_01605_know_S7.npz,12,1,0,S7,4.33333333333333
C1/clip_01606_know_S7.npz,12,1,0,S7,4.4
C1/clip_01607_know_S7.npz,12,1,0,S7,4.33333333333333
C1/clip_01608_dont_know_S0.npz,13,1,1,S0,4.06666666666666
C1/clip_01609_dont_know_S0.npz,13,1,1,S0,4.06666666666666
C1/clip_01610_dont_know_S0.npz,13,1,1,S0,4.06666666666666
C1/clip_01611_dont_know_S0.npz,13,1,1,S0,4.06666666666666
C1/clip_01612_dont_know_S0.npz,13,1,1,S0,4.06666666666666
C1/clip_01613_dont_know_S1.npz,13,1,1,S1,4.06666666666666
C1/clip_01614_dont_know_S1.npz,13,1,1,S1,4.06666666666666
C1/clip_01615_dont_know_S1.npz,13,1,1,S1,4.06666666666666
C1/clip_01616_dont_know_S1.npz,13,1,1,S1,4.06666666666666
C1/clip_01617_dont_know_S1.npz,13,1,1,S1,4.06666666666666
C1/clip_01618_dont_know_S2.npz,13,1,0,S2,4.06666666666666
C1/clip_01619_dont_know_S2.npz,13,1,1,S2,4.06666666666666
C1/clip_01620_dont_know_S2.npz,13,1,1,S2,4.06666666666666
C1/clip_01621_dont_know_S2.npz,13,1,1,S2,4.06666666666666
C1/clip_01622_dont_know_S2.npz,13,1,1,S2,4.06666666666666
C1/clip_01623_dont_know_S3.npz,13,1,1,S3,4.06666666666666
C1/clip_01624_dont_know_S3.npz,13,1,1,S3,4.06666666666666
C1/clip_01625_dont_know_S3.npz,13,1,1,S3,4.06666666666666
C1/clip_01626_dont_know_S3.npz,13,1,1,S3,4.06666666666666
C1/clip_01627_dont_know_S3.npz,13,1,1,S3,4.06666666666666
C1/clip_01628_dont_know_S4.npz,13,1,1,S4,3.66666666666666
C1/clip_01629_dont_know_S4.npz,13,1,1,S4,4.53333333333333
C1/clip_01630_dont_know_S4.npz,13,1,1,S4,4.33333333333333
C1/clip_01631_dont_know_S4.npz,13,1,1,S4,3.63333333333333
C1/clip_01632_dont_know_S4.npz,13,1,1,S4,4.16597233794367
C1/clip_01633_dont_know_S4.npz,13,1,1,S4,4.19944007465671
C1/clip_01634_dont_know_S4.npz,13,1,1,S4,4.33246683996534
C1/clip_01635_dont_know_S4.npz,13,1,1,S4,4.29928345275787
C1/clip_01636_dont_know_S4.npz,13,1,1,S4,4.39926678886852
C1/clip_01637_dont_know_S4.npz,13,1,1,S4,4.26581350396587
C1/clip_01638_dont_know_S4.npz,13,1,1,S4,4.26603963721867
C1/clip_01639_dont_know_S4.npz,13,1,1,S4,4.19930011664722
C1/clip_01640_dont_know_S4.npz,13,1,1,S4,4.23262789535077
C1/clip_01641_dont_know_S4.npz,13,1,1,S4,4.29928345275787
C1/clip_01642_dont_know_S4.npz,13,1,1,S4,4.23262789535077
C1/clip_01643_dont_know_S4.npz,13,1,1,S4,4.29928345275787
C1/clip_01644_dont_know_S4.npz,13,1,1,S4,4.23262789535077
C1/clip_01645_dont_know_S4.npz,13,1,1,S4,4.26595567405432
C1/clip_01646_dont_know_S4.npz,13,1,1,S4,4.29928345275787
C1/clip_01647_dont_know_S4.npz,13,1,1,S4,4.16597233794367
C1/clip_01648_dont_know_S4.npz,13,1,1,S4,4.26609785361951
C1/clip_01649_dont_know_S4.npz,13,1,1,S4,4.23262789535077
C1/clip_01650_dont_know_S4.npz,13,1,1,S4,4.13264455924012
C1/clip_01651_dont_know_S4.npz,13,1,1,S4,4.19930011664722
C1/clip_01652_dont_know_S4.npz,13,1,1,S4,4.46592234627562
C1/clip_01653_dont_know_S4.npz,13,1,1,S4,4.23262789535077
C1/clip_01654_dont_know_S5.npz,13,1,0,S5,4.2791310072416
C1/clip_01655_dont_know_S5.npz,13,1,0,S5,4.2791310072416
C1/clip_01656_dont_know_S5.npz,13,1,1,S5,4.31191747653321
C1/clip_01657_dont_know_S5.npz,13,1,1,S5,4.2791310072416
C1/clip_01658_dont_know_S5.npz,13,1,1,S5,4.2791310072416
C1/clip_01659_dont_know_S5.npz,13,1,0,S5,4.2791310072416
C1/clip_01660_dont_know_S5.npz,13,1,1,S5,4.2791310072416
C1/clip_01661_dont_know_S5.npz,13,1,1,S5,4.2791310072416
C1/clip_01662_dont_know_S5.npz,13,1,1,S5,4.312047399605
C1/clip_01663_dont_know_S5.npz,13,1,0,S5,4.24621461487821
C1/clip_01664_dont_know_S5.npz,13,1,0,S5,4.2791310072416
C1/clip_01665_dont_know_S5.npz,13,1,0,S5,4.27903273957607
C1/clip_01666_dont_know_S5.npz,13,1,0,S5,4.312047399605
C1/clip_01667_dont_know_S5.npz,13,1,0,S5,4.2791310072416
C1/clip_01668_dont_know_S5.npz,13,1,0,S5,4.2791310072416
C1/clip_01669_dont_know_S5.npz,13,1,0,S5,4.24621461487821
C1/clip_01670_dont_know_S5.npz,13,1,1,S5,4.2791310072416
C1/clip_01671_dont_know_S5.npz,13,1,1,S5,4.2791310072416
C1/clip_01672_dont_know_S5.npz,13,1,0,S5,4.2791310072416
C1/clip_01673_dont_know_S5.npz,13,1,0,S5,4.2791310072416
C1/clip_01674_dont_know_S5.npz,13,1,0,S5,3.63333333333333
C1/clip_01675_dont_know_S5.npz,13,1,0,S5,3.36666666666666
C1/clip_01676_dont_know_S5.npz,13,1,0,S5,4.1
C1/clip_01677_dont_know_S5.npz,13,1,0,S5,4.1
C1/clip_01678_dont_know_S5.npz,13,1,0,S5,4.06666666666666
C1/clip_01679_dont_know_S5.npz,13,1,0,S5,4.13333333333333
C1/clip_01680_dont_know_S5.npz,13,1,0,S5,4.33333333333333
C1/clip_01681_dont_know_S5.npz,13,1,0,S5,4.06666666666666
C1/clip_01682_dont_know_S6.npz,13,1,1,S6,3.93333333333333
C1/clip_01683_dont_know_S6.npz,13,1,1,S6,4.3
C1/clip_01684_dont_know_S6.npz,13,1,1,S6,4.3
C1/clip_01685_dont_know_S6.npz,13,1,1,S6,4.23333333333333
C1/clip_01686_dont_know_S6.npz,13,1,0,S6,4.58666284444763
C1/clip_01687_dont_know_S6.npz,13,1,1,S6,4.6223305145478
C1/clip_01688_dont_know_S6.npz,13,1,1,S6,3.69083025764145
C1/clip_01689_dont_know_S6.npz,13,1,1,S6,4.58666284444763
C1/clip_01690_dont_know_S6.npz,13,1,1,S6,4.55082954097538
C1/clip_01691_dont_know_S6.npz,13,1,1,S6,4.6223305145478
C1/clip_01692_dont_know_S6.npz,13,1,1,S6,4.65832945139212
C1/clip_01693_dont_know_S6.npz,13,1,1,S6,4.62249614791987
C1/clip_01694_dont_know_S6.npz,13,1,1,S6,4.62249614791987
C1/clip_01695_dont_know_S6.npz,13,1,1,S6,4.69416275486437
C1/clip_01696_dont_know_S6.npz,13,1,1,S6,4.83749596875335
C1/clip_01697_dont_know_S6.npz,13,1,1,S6,4.58666284444763
C1/clip_01698_dont_know_S6.npz,13,1,1,S6,4.58666284444763
C1/clip_01699_dont_know_S6.npz,13,1,1,S6,4.58666284444763
C1/clip_01700_dont_know_S6.npz,13,1,1,S6,4.98082918264234
C1/clip_01701_dont_know_S6.npz,13,1,1,S6,4.44332963055864
C1/clip_01702_dont_know_S6.npz,13,1,1,S6,4.9449958791701
C1/clip_01703_dont_know_S6.npz,13,1,1,S6,4.55082954097538
C1/clip_01704_dont_know_S6.npz,13,1,1,S6,4.55082954097538
C1/clip_01705_dont_know_S6.npz,13,1,1,S6,4.69416275486437
C1/clip_01706_dont_know_S6.npz,13,1,1,S6,4.65799562865025
C1/clip_01707_dont_know_S7.npz,13,1,1,S7,4.59846717760746
C1/clip_01708_dont_know_S7.npz,13,1,1,S7,4.66511162945684
C1/clip_01709_dont_know_S7.npz,13,1,1,S7,4.59846717760746
C1/clip_01710_dont_know_S7.npz,13,1,1,S7,4.66511162945684
C1/clip_01711_dont_know_S7.npz,13,1,1,S7,4.63178940353215
C1/clip_01712_dont_know_S7.npz,13,1,0,S7,4.69843385538154
C1/clip_01713_dont_know_S7.npz,13,1,1,S7,4.93168943685438
C1/clip_01714_dont_know_S7.npz,13,1,1,S7,4.73175608130623
C1/clip_01715_dont_know_S7.npz,13,1,1,S7,4.66511162945684
C1/clip_01716_dont_know_S7.npz,13,1,1,S7,4.63178940353215
C1/clip_01717_dont_know_S7.npz,13,1,1,S7,4.66511162945684
C1/clip_01718_dont_know_S7.npz,13,1,0,S7,4.53182272575808
C1/clip_01719_dont_know_S7.npz,13,1,0,S7,4.66511162945684
C1/clip_01720_dont_know_S7.npz,13,1,1,S7,4.66511162945684
C1/clip_01721_dont_know_S7.npz,13,1,0,S7,4.66511162945684
C1/clip_01722_dont_know_S7.npz,13,1,1,S7,4.63178940353215
C1/clip_01723_dont_know_S7.npz,13,1,1,S7,4.69843385538154
C1/clip_01724_dont_know_S7.npz,13,1,1,S7,4.66511162945684
C1/clip_01725_dont_know_S7.npz,13,1,1,S7,4.69843385538154
C1/clip_01726_dont_know_S7.npz,13,1,1,S7,4.76507830723092
C1/clip_01727_dont_know_S7.npz,13,1,0,S7,4.36666666666666
C1/clip_01728_dont_know_S7.npz,13,1,0,S7,4.23333333333333
C1/clip_01729_dont_know_S7.npz,13,1,0,S7,4.23333333333333
C1/clip_01730_dont_know_S7.npz,13,1,0,S7,4.3
C1/clip_01731_dont_know_S7.npz,13,1,0,S7,4.3
C1/clip_01732_no_S0.npz,14,1,0,S0,4.06666666666666
C1/clip_01733_no_S0.npz,14,1,0,S0,4.06666666666666
C1/clip_01734_no_S0.npz,14,1,0,S0,4.06666666666666
C1/clip_01735_no_S0.npz,14,1,0,S0,4.06666666666666
C1/clip_01736_no_S0.npz,14,1,1,S0,4.06666666666666
C1/clip_01737_no_S1.npz,14,1,1,S1,4.06666666666666
C1/clip_01738_no_S1.npz,14,1,1,S1,4.06666666666666
C1/clip_01739_no_S1.npz,14,1,1,S1,4.06666666666666
C1/clip_01740_no_S1.npz,14,1,1,S1,4.06666666666666
C1/clip_01741_no_S1.npz,14,1,1,S1,4.06666666666666
C1/clip_01742_no_S2.npz,14,1,0,S2,4.06666666666666
C1/clip_01743_no_S2.npz,14,1,0,S2,4.06666666666666
C1/clip_01744_no_S2.npz,14,1,0,S2,4.06666666666666
C1/clip_01745_no_S2.npz,14,1,0,S2,4.06666666666666
C1/clip_01746_no_S2.npz,14,1,0,S2,4.06666666666666
C1/clip_01747_no_S2.npz,14,1,0,S2,4.06666666666666
C1/clip_01748_no_S3.npz,14,1,1,S3,4.06666666666666
C1/clip_01749_no_S3.npz,14,1,1,S3,4.06666666666666
C1/clip_01750_no_S3.npz,14,1,1,S3,4.06666666666666
C1/clip_01751_no_S3.npz,14,1,0,S3,4.06666666666666
C1/clip_01752_no_S3.npz,14,1,1,S3,4.06666666666666
C1/clip_01753_no_S4.npz,14,1,0,S4,4.2
C1/clip_01754_no_S4.npz,14,1,0,S4,4.5
C1/clip_01755_no_S4.npz,14,1,0,S4,4.26666666666666
C1/clip_01756_no_S4.npz,14,1,0,S4,4.36666666666666
C1/clip_01757_no_S4.npz,14,1,0,S4,4.73333333333333
C1/clip_01758_no_S4.npz,14,1,0,S4,4.46666666666666
C1/clip_01759_no_S4.npz,14,1,0,S4,4.16666666666666
C1/clip_01760_no_S4.npz,14,1,1,S4,4.23262789535077
C1/clip_01761_no_S4.npz,14,1,1,S4,4.2329100423291
C1/clip_01762_no_S4.npz,14,1,0,S4,4.43274230102652
C1/clip_01763_no_S4.npz,14,1,1,S4,4.33275563258232
C1/clip_01764_no_S4.npz,14,1,1,S4,4.16583349996667
C1/clip_01765_no_S4.npz,14,1,1,S4,4.23276896413811
C1/clip_01766_no_S4.npz,14,1,1,S4,4.46592234627562
C1/clip_01767_no_S4.npz,14,1,1,S4,4.69921679720046
C1/clip_01768_no_S4.npz,14,1,1,S4,4.16597233794367
C1/clip_01769_no_S4.npz,14,1,1,S4,4.33261123146142
C1/clip_01770_no_S4.npz,14,1,1,S4,4.19940395556759
C1/clip_01771_no_S4.npz,14,1,1,S4,4.16597233794367
C1/clip_01772_no_S4.npz,14,1,1,S4,4.36593901016497
C1/clip_01773_no_S4.npz,14,1,1,S4,4.29928345275787
C1/clip_01774_no_S4.npz,14,1,1,S4,4.39941341154512
C1/clip_01775_no_S4.npz,14,1,1,S4,4.26595567405432
C1/clip_01776_no_S4.npz,14,1,1,S4,4.23262789535077
C1/clip_01777_no_S4.npz,14,1,1,S4,4.19930011664722
C1/clip_01778_no_S4.npz,14,1,1,S4,4.26595567405432
C1/clip_01779_no_S4.npz,14,1,1,S4,4.23262789535077
C1/clip_01780_no_S5.npz,14,1,0,S5,4.27903273957607
C1/clip_01781_no_S5.npz,14,1,0,S5,4.2791310072416
C1/clip_01782_no_S5.npz,14,1,0,S5,4.312047399605
C1/clip_01783_no_S5.npz,14,1,0,S5,4.2791310072416
C1/clip_01784_no_S5.npz,14,1,0,S5,4.27903273957607
C1/clip_01785_no_S5.npz,14,1,0,S5,4.312047399605
C1/clip_01786_no_S5.npz,14,1,0,S5,4.2791310072416
C1/clip_01787_no_S5.npz,14,1,0,S5,4.2791310072416
C1/clip_01788_no_S5.npz,14,1,0,S5,4.2791310072416
C1/clip_01789_no_S5.npz,14,1,0,S5,4.2791310072416
C1/clip_01790_no_S5.npz,14,1,0,S5,4.27903273957607
C1/clip_01791_no_S5.npz,14,1,0,S5,4.312047399605
C1/clip_01792_no_S5.npz,14,1,0,S5,4.27903273957607
C1/clip_01793_no_S5.npz,14,1,0,S5,4.2791310072416
C1/clip_01794_no_S5.npz,14,1,0,S5,4.312047399605
C1/clip_01795_no_S5.npz,14,1,0,S5,4.2791310072416
C1/clip_01796_no_S5.npz,14,1,0,S5,4.2791310072416
C1/clip_01797_no_S5.npz,14,1,0,S5,4.2791310072416
C1/clip_01798_no_S5.npz,14,1,0,S5,4.2791310072416
C1/clip_01799_no_S5.npz,14,1,0,S5,4.2791310072416
C1/clip_01800_no_S5.npz,14,1,0,S5,4
C1/clip_01801_no_S5.npz,14,1,0,S5,4.06666666666666
C1/clip_01802_no_S5.npz,14,1,0,S5,3.96666666666666
C1/clip_01803_no_S5.npz,14,1,0,S5,3.86666666666666
C1/clip_01804_no_S5.npz,14,1,0,S5,3.7
C1/clip_01805_no_S5.npz,14,1,0,S5,4.03333333333333
C1/clip_01806_no_S5.npz,14,1,0,S5,4.1
C1/clip_01807_no_S6.npz,14,1,0,S6,3.93333333333333
C1/clip_01808_no_S6.npz,14,1,1,S6,4.06666666666666
C1/clip_01809_no_S6.npz,14,1,0,S6,4.13333333333333
C1/clip_01810_no_S6.npz,14,1,0,S6,4.13333333333333
C1/clip_01811_no_S6.npz,14,1,0,S6,4.03333333333333
C1/clip_01812_no_S6.npz,14,1,0,S6,4.66184717248834
C1/clip_01813_no_S6.npz,14,1,1,S6,4.59428416998851
C1/clip_01814_no_S6.npz,14,1,1,S6,4.52672116748868
C1/clip_01815_no_S6.npz,14,1,0,S6,4.56050266873859
C1/clip_01816_no_S6.npz,14,1,1,S6,4.45915816498885
C1/clip_01817_no_S6.npz,14,1,1,S6,4.49293966623876
C1/clip_01818_no_S6.npz,14,1,1,S6,4.59428416998851
C1/clip_01819_no_S6.npz,14,1,1,S6,4.65278992478572
C1/clip_01820_no_S6.npz,14,1,1,S6,4.37166302361414
C1/clip_01821_no_S6.npz,14,1,1,S6,4.58666284444763
C1/clip_01822_no_S6.npz,14,1,1,S6,4.58666284444763
C1/clip_01823_no_S6.npz,14,1,1,S6,4.69416275486437
C1/clip_01824_no_S6.npz,14,1,1,S6,4.62249614791987
C1/clip_01825_no_S6.npz,14,1,1,S6,4.58666284444763
C1/clip_01826_no_S6.npz,14,1,1,S6,4.51499623750313
C1/clip_01827_no_S6.npz,14,1,1,S6,4.51499623750313
C1/clip_01828_no_S6.npz,14,1,1,S6,4.44332963055864
C1/clip_01829_no_S6.npz,14,1,0,S6,4.51499623750313
C1/clip_01830_no_S6.npz,14,1,1,S6,4.62249614791987
C1/clip_01831_no_S6.npz,14,1,1,S6,4.51499623750313
C1/clip_01832_no_S7.npz,14,1,0,S7,4.66511162945684
C1/clip_01833_no_S7.npz,14,1,0,S7,4.63178940353215
C1/clip_01834_no_S7.npz,14,1,1,S7,4.66511162945684
C1/clip_01835_no_S7.npz,14,1,1,S7,4.73175608130623
C1/clip_01836_no_S7.npz,14,1,1,S7,4.76507830723092
C1/clip_01837_no_S7.npz,14,1,1,S7,4.76507830723092
C1/clip_01838_no_S7.npz,14,1,1,S7,4.66511162945684
C1/clip_01839_no_S7.npz,14,1,0,S7,4.79840053315561
C1/clip_01840_no_S7.npz,14,1,1,S7,4.66511162945684
C1/clip_01841_no_S7.npz,14,1,1,S7,4.69843385538154
C1/clip_01842_no_S7.npz,14,1,1,S7,4.69843385538154
C1/clip_01843_no_S7.npz,14,1,1,S7,4.93168943685438
C1/clip_01844_no_S7.npz,14,1,1,S7,4.76507830723092
C1/clip_01845_no_S7.npz,14,1,1,S7,4.63178940353215
C1/clip_01846_no_S7.npz,14,1,0,S7,4.69843385538154
C1/clip_01847_no_S7.npz,14,1,0,S7,4.69843385538154
C1/clip_01848_no_S7.npz,14,1,1,S7,4.8317227590803
C1/clip_01849_no_S7.npz,14,1,1,S7,4.69843385538154
C1/clip_01850_no_S7.npz,14,1,1,S7,4.66511162945684
C1/clip_01851_no_S7.npz,14,1,1,S7,4.73175608130623
C1/clip_01852_no_S7.npz,14,1,1,S7,4.1
C1/clip_01853_no_S7.npz,14,1,1,S7,4.06666666666666
C1/clip_01854_no_S7.npz,14,1,1,S7,4.16666666666666
C1/clip_01855_no_S7.npz,14,1,1,S7,4.1
C1/clip_01856_no_S7.npz,14,1,1,S7,4.16666666666666
C1/clip_01857_yes_S0.npz,15,1,0,S0,4.05
C1/clip_01858_yes_S0.npz,15,1,0,S0,4.05
C1/clip_01859_yes_S0.npz,15,1,0,S0,4.05
C1/clip_01860_yes_S0.npz,15,1,0,S0,4.05
C1/clip_01861_yes_S0.npz,15,1,0,S0,4.05
C1/clip_01862_yes_S1.npz,15,1,1,S1,4.06666666666666
C1/clip_01863_yes_S1.npz,15,1,1,S1,4.06666666666666
C1/clip_01864_yes_S1.npz,15,1,1,S1,4.05
C1/clip_01865_yes_S1.npz,15,1,0,S1,4.05
C1/clip_01866_yes_S1.npz,15,1,1,S1,4.05
C1/clip_01867_yes_S2.npz,15,1,0,S2,4.05
C1/clip_01868_yes_S2.npz,15,1,0,S2,4.05
C1/clip_01869_yes_S2.npz,15,1,0,S2,4.05
C1/clip_01870_yes_S2.npz,15,1,0,S2,4.05
C1/clip_01871_yes_S2.npz,15,1,0,S2,4.05
C1/clip_01872_yes_S3.npz,15,1,0,S3,4.05
C1/clip_01873_yes_S3.npz,15,1,0,S3,4.05
C1/clip_01874_yes_S3.npz,15,1,1,S3,4.05
C1/clip_01875_yes_S3.npz,15,1,0,S3,4.05
C1/clip_01876_yes_S3.npz,15,1,0,S3,4.05
C1/clip_01877_yes_S4.npz,15,1,0,S4,4.16666666666666
C1/clip_01878_yes_S4.npz,15,1,1,S4,4.56666666666666
C1/clip_01879_yes_S4.npz,15,1,1,S4,4.46666666666666
C1/clip_01880_yes_S4.npz,15,1,1,S4,5.3
C1/clip_01881_yes_S4.npz,15,1,1,S4,4.5
C1/clip_01882_yes_S4.npz,15,1,0,S4,4.2991401719656
C1/clip_01883_yes_S4.npz,15,1,0,S4,4.26609785361951
C1/clip_01884_yes_S4.npz,15,1,0,S4,4.19930011664722
C1/clip_01885_yes_S4.npz,15,1,0,S4,4.23262789535077
C1/clip_01886_yes_S4.npz,15,1,0,S4,4.19930011664722
C1/clip_01887_yes_S4.npz,15,1,0,S4,4.19944007465671
C1/clip_01888_yes_S4.npz,15,1,0,S4,4.19930011664722
C1/clip_01889_yes_S4.npz,15,1,0,S4,4.19930011664722
C1/clip_01890_yes_S4.npz,15,1,1,S4,4.23262789535077
C1/clip_01891_yes_S4.npz,15,1,1,S4,4.23262789535077
C1/clip_01892_yes_S4.npz,15,1,1,S4,4.23262789535077
C1/clip_01893_yes_S4.npz,15,1,1,S4,4.2329100423291
C1/clip_01894_yes_S4.npz,15,1,1,S4,4.29928345275787
C1/clip_01895_yes_S4.npz,15,1,1,S4,4.19930011664722
C1/clip_01896_yes_S4.npz,15,1,1,S4,4.19930011664722
C1/clip_01897_yes_S4.npz,15,1,1,S4,4.29942674310092
C1/clip_01898_yes_S4.npz,15,1,1,S4,4.23262789535077
C1/clip_01899_yes_S4.npz,15,1,1,S4,4.29928345275787
C1/clip_01900_yes_S4.npz,15,1,1,S4,4.43259456757207
C1/clip_01901_yes_S4.npz,15,1,1,S4,4.19930011664722
C1/clip_01902_yes_S4.npz,15,1,1,S4,4.19944007465671
C1/clip_01903_yes_S5.npz,15,1,0,S5,4.2791310072416
C1/clip_01904_yes_S5.npz,15,1,0,S5,4.312047399605
C1/clip_01905_yes_S5.npz,15,1,0,S5,4.24621461487821
C1/clip_01906_yes_S5.npz,15,1,0,S5,4.312047399605
C1/clip_01907_yes_S5.npz,15,1,0,S5,4.2791310072416
C1/clip_01908_yes_S5.npz,15,1,0,S5,4.2791310072416
C1/clip_01909_yes_S5.npz,15,1,0,S5,4.312047399605
C1/clip_01910_yes_S5.npz,15,1,0,S5,4.2791310072416
C1/clip_01911_yes_S5.npz,15,1,0,S5,4.2791310072416
C1/clip_01912_yes_S5.npz,15,1,0,S5,4.24621461487821
C1/clip_01913_yes_S5.npz,15,1,0,S5,4.2791310072416
C1/clip_01914_yes_S5.npz,15,1,0,S5,4.2791310072416
C1/clip_01915_yes_S5.npz,15,1,0,S5,4.2791310072416
C1/clip_01916_yes_S5.npz,15,1,0,S5,4.2791310072416
C1/clip_01917_yes_S5.npz,15,1,0,S5,4.2791310072416
C1/clip_01918_yes_S5.npz,15,1,0,S5,4.2791310072416
C1/clip_01919_yes_S5.npz,15,1,0,S5,4.24621461487821
C1/clip_01920_yes_S5.npz,15,1,0,S5,4.2791310072416
C1/clip_01921_yes_S5.npz,15,1,0,S5,4.24621461487821
C1/clip_01922_yes_S5.npz,15,1,0,S5,4.312047399605
C1/clip_01923_yes_S5.npz,15,1,0,S5,4.2
C1/clip_01924_yes_S5.npz,15,1,0,S5,3.93333333333333
C1/clip_01925_yes_S5.npz,15,1,0,S5,4.06666666666666
C1/clip_01926_yes_S5.npz,15,1,0,S5,3.96666666666666
C1/clip_01927_yes_S5.npz,15,1,0,S5,4.06666666666666
C1/clip_01928_yes_S6.npz,15,1,0,S6,4.26666666666666
C1/clip_01929_yes_S6.npz,15,1,0,S6,4.06666666666666
C1/clip_01930_yes_S6.npz,15,1,0,S6,4.6
C1/clip_01931_yes_S6.npz,15,1,0,S6,4.06666666666666
C1/clip_01932_yes_S6.npz,15,1,0,S6,4.13333333333333
C1/clip_01933_yes_S6.npz,15,1,0,S6,4.58666284444763
C1/clip_01934_yes_S6.npz,15,1,0,S6,4.58666284444763
C1/clip_01935_yes_S6.npz,15,1,0,S6,4.69416275486437
C1/clip_01936_yes_S6.npz,15,1,0,S6,4.72999605833661
C1/clip_01937_yes_S6.npz,15,1,0,S6,4.62249614791987
C1/clip_01938_yes_S6.npz,15,1,0,S6,4.37166302361414
C1/clip_01939_yes_S6.npz,15,1,0,S6,4.44332963055864
C1/clip_01940_yes_S6.npz,15,1,0,S6,4.55082954097538
C1/clip_01941_yes_S6.npz,15,1,0,S6,4.62249614791987
C1/clip_01942_yes_S6.npz,15,1,0,S6,4.58666284444763
C1/clip_01943_yes_S6.npz,15,1,0,S6,4.55082954097538
C1/clip_01944_yes_S6.npz,15,1,0,S6,4.47916293403088
C1/clip_01945_yes_S6.npz,15,1,0,S6,4.58666284444763
C1/clip_01946_yes_S6.npz,15,1,0,S6,4.51499623750313
C1/clip_01947_yes_S6.npz,15,1,0,S6,4.51499623750313
C1/clip_01948_yes_S6.npz,15,1,0,S6,4.65832945139212
C1/clip_01949_yes_S6.npz,15,1,0,S6,4.62249614791987
C1/clip_01950_yes_S6.npz,15,1,0,S6,4.80166266528111
C1/clip_01951_yes_S6.npz,15,1,0,S6,4.69416275486437
C1/clip_01952_yes_S6.npz,15,1,0,S6,4.69416275486437
C1/clip_01953_yes_S7.npz,15,1,0,S7,4.59846717760746
C1/clip_01954_yes_S7.npz,15,1,0,S7,4.63178940353215
C1/clip_01955_yes_S7.npz,15,1,1,S7,4.69843385538154
C1/clip_01956_yes_S7.npz,15,1,1,S7,4.8317227590803
C1/clip_01957_yes_S7.npz,15,1,1,S7,4.73175608130623
C1/clip_01958_yes_S7.npz,15,1,1,S7,4.66511162945684
C1/clip_01959_yes_S7.npz,15,1,1,S7,4.73175608130623
C1/clip_01960_yes_S7.npz,15,1,1,S7,4.66511162945684
C1/clip_01961_yes_S7.npz,15,1,1,S7,4.73175608130623
C1/clip_01962_yes_S7.npz,15,1,1,S7,4.66511162945684
C1/clip_01963_yes_S7.npz,15,1,1,S7,4.56514495168277
C1/clip_01964_yes_S7.npz,15,1,1,S7,4.56514495168277
C1/clip_01965_yes_S7.npz,15,1,1,S7,4.79840053315561
C1/clip_01966_yes_S7.npz,15,1,1,S7,4.66511162945684
C1/clip_01967_yes_S7.npz,15,1,1,S7,4.66511162945684
C1/clip_01968_yes_S7.npz,15,1,0,S7,4.63178940353215
C1/clip_01969_yes_S7.npz,15,1,0,S7,4.63178940353215
C1/clip_01970_yes_S7.npz,15,1,1,S7,4.79840053315561
C1/clip_01971_yes_S7.npz,15,1,1,S7,4.63178940353215
C1/clip_01972_yes_S7.npz,15,1,1,S7,4.66511162945684
C1/clip_01973_yes_S7.npz,15,1,1,S7,4.73175608130623
C1/clip_01974_yes_S7.npz,15,1,1,S7,4.46666666666666
C1/clip_01975_yes_S7.npz,15,1,1,S7,3.93333333333333
C1/clip_01976_yes_S7.npz,15,1,1,S7,4.13333333333333
C1/clip_01977_yes_S7.npz,15,1,1,S7,4.5
C1/clip_01978_yes_S7.npz,15,1,1,S7,4.2
C1/clip_01979_yes_S7.npz,15,1,1,S7,4.03333333333333
C1/clip_01980_wrong_S0.npz,16,1,1,S0,4.05
C1/clip_01981_wrong_S0.npz,16,1,1,S0,4.05
C1/clip_01982_wrong_S0.npz,16,1,1,S0,4.05
C1/clip_01983_wrong_S0.npz,16,1,1,S0,4.05
C1/clip_01984_wrong_S0.npz,16,1,1,S0,4.05
C1/clip_01985_wrong_S1.npz,16,1,1,S1,4.05
C1/clip_01986_wrong_S1.npz,16,1,1,S1,4.05
C1/clip_01987_wrong_S1.npz,16,1,1,S1,4.05
C1/clip_01988_wrong_S1.npz,16,1,1,S1,4.05
C1/clip_01989_wrong_S1.npz,16,1,1,S1,4.05
C1/clip_01990_wrong_S2.npz,16,1,1,S2,4.05
C1/clip_01991_wrong_S2.npz,16,1,1,S2,4.05
C1/clip_01992_wrong_S2.npz,16,1,1,S2,4.05
C1/clip_01993_wrong_S2.npz,16,1,1,S2,4.05
C1/clip_01994_wrong_S2.npz,16,1,1,S2,4.05
C1/clip_01995_wrong_S2.npz,16,1,1,S2,4.05
C1/clip_01996_wrong_S3.npz,16,1,1,S3,4.05
C1/clip_01997_wrong_S3.npz,16,1,1,S3,4.05
C1/clip_01998_wrong_S3.npz,16,1,1,S3,4.05
C1/clip_01999_wrong_S3.npz,16,1,1,S3,4.05
C1/clip_02000_wrong_S3.npz,16,1,1,S3,4.05
C1/clip_02001_wrong_S4.npz,16,1,1,S4,3.83333333333333
C1/clip_02002_wrong_S4.npz,16,1,1,S4,4.23333333333333
C1/clip_02003_wrong_S4.npz,16,1,1,S4,4.3
C1/clip_02004_wrong_S4.npz,16,1,1,S4,5.03333333333333
C1/clip_02005_wrong_S4.npz,16,1,1,S4,3.76666666666666
C1/clip_02006_wrong_S4.npz,16,1,1,S4,4.23276896413811
C1/clip_02007_wrong_S4.npz,16,1,1,S4,4.26595567405432
C1/clip_02008_wrong_S4.npz,16,1,1,S4,4.39926678886852
C1/clip_02009_wrong_S4.npz,16,1,1,S4,4.16597233794367
C1/clip_02010_wrong_S4.npz,16,1,1,S4,4.26595567405432
C1/clip_02011_wrong_S4.npz,16,1,1,S4,4.16611118517531
C1/clip_02012_wrong_S4.npz,16,1,1,S4,4.26595567405432
C1/clip_02013_wrong_S4.npz,16,1,1,S4,4.19930011664722
C1/clip_02014_wrong_S4.npz,16,1,1,S4,4.09931678053657
C1/clip_02015_wrong_S4.npz,16,1,1,S4,4.29942674310092
C1/clip_02016_wrong_S4.npz,16,1,1,S4,4.26595567405432
C1/clip_02017_wrong_S4.npz,16,1,1,S4,4.26595567405432
C1/clip_02018_wrong_S4.npz,16,1,1,S4,4.29942674310092
C1/clip_02019_wrong_S4.npz,16,1,1,S4,4.26595567405432
C1/clip_02020_wrong_S4.npz,16,1,1,S4,4.2329100423291
C1/clip_02021_wrong_S4.npz,16,1,1,S4,4.19944007465671
C1/clip_02022_wrong_S4.npz,16,1,1,S4,4.29928345275787
C1/clip_02023_wrong_S4.npz,16,1,1,S4,4.2329100423291
C1/clip_02024_wrong_S4.npz,16,1,1,S4,4.26595567405432
C1/clip_02025_wrong_S4.npz,16,1,1,S4,4.26595567405432
C1/clip_02026_wrong_S4.npz,16,1,1,S4,4.23262789535077
C1/clip_02027_wrong_S4.npz,16,1,1,S4,4.19930011664722
C1/clip_02028_wrong_S4.npz,16,1,1,S4,4.23262789535077
C1/clip_02029_wrong_S4.npz,16,1,1,S4,4.16597233794367
C1/clip_02030_wrong_S4.npz,16,1,1,S4,4.19930011664722
C1/clip_02031_wrong_S4.npz,16,1,1,S4,4.29928345275787
C1/clip_02032_wrong_S4.npz,16,1,1,S4,4.23262789535077
C1/clip_02033_wrong_S4.npz,16,1,1,S4,4.23262789535077
C1/clip_02034_wrong_S5.npz,16,1,1,S5,4.31191747653321
C1/clip_02035_wrong_S5.npz,16,1,1,S5,4.2791310072416
C1/clip_02036_wrong_S5.npz,16,1,1,S5,4.2791310072416
C1/clip_02037_wrong_S5.npz,16,1,1,S5,4.2791310072416
C1/clip_02038_wrong_S5.npz,16,1,1,S5,4.2791310072416
C1/clip_02039_wrong_S5.npz,16,1,1,S5,4.312047399605
C1/clip_02040_wrong_S5.npz,16,1,1,S5,4.2791310072416
C1/clip_02041_wrong_S5.npz,16,1,1,S5,4.27903273957607
C1/clip_02042_wrong_S5.npz,16,1,1,S5,4.2791310072416
C1/clip_02043_wrong_S5.npz,16,1,1,S5,4.27903273957607
C1/clip_02044_wrong_S5.npz,16,1,1,S5,4.2791310072416
C1/clip_02045_wrong_S5.npz,16,1,1,S5,4.2791310072416
C1/clip_02046_wrong_S5.npz,16,1,1,S5,4.2791310072416
C1/clip_02047_wrong_S5.npz,16,1,1,S5,4.2791310072416
C1/clip_02048_wrong_S5.npz,16,1,1,S5,4.312047399605
C1/clip_02049_wrong_S5.npz,16,1,1,S5,4.2791310072416
C1/clip_02050_wrong_S5.npz,16,1,1,S5,4.2791310072416
C1/clip_02051_wrong_S5.npz,16,1,1,S5,4.27903273957607
C1/clip_02052_wrong_S5.npz,16,1,1,S5,4.2791310072416
C1/clip_02053_wrong_S5.npz,16,1,1,S5,4.2791310072416
C1/clip_02054_wrong_S5.npz,16,1,1,S5,4.06666666666666
C1/clip_02055_wrong_S5.npz,16,1,1,S5,4.16666666666666
C1/clip_02056_wrong_S5.npz,16,1,1,S5,4.2
C1/clip_02057_wrong_S5.npz,16,1,1,S5,3.6
C1/clip_02058_wrong_S5.npz,16,1,1,S5,4.26666666666666
C1/clip_02059_wrong_S5.npz,16,1,1,S5,4.23333333333333
C1/clip_02060_wrong_S5.npz,16,1,1,S5,4.33333333333333
C1/clip_02061_wrong_S6.npz,16,1,1,S6,4.16666666666666
C1/clip_02062_wrong_S6.npz,16,1,1,S6,4.26666666666666
C1/clip_02063_wrong_S6.npz,16,1,1,S6,4.23333333333333
C1/clip_02064_wrong_S6.npz,16,1,1,S6,4.2
C1/clip_02065_wrong_S6.npz,16,1,1,S6,4.16666666666666
C1/clip_02066_wrong_S6.npz,16,1,1,S6,4.47916293403088
C1/clip_02067_wrong_S6.npz,16,1,1,S6,4.55082954097538
C1/clip_02068_wrong_S6.npz,16,1,1,S6,4.47916293403088
C1/clip_02069_wrong_S6.npz,16,1,1,S6,4.55082954097538
C1/clip_02070_wrong_S6.npz,16,1,1,S6,4.62249614791987
C1/clip_02071_wrong_S6.npz,16,1,1,S6,4.55082954097538
C1/clip_02072_wrong_S6.npz,16,1,1,S6,4.40749632708639
C1/clip_02073_wrong_S6.npz,16,1,1,S6,4.58666284444763
C1/clip_02074_wrong_S6.npz,16,1,1,S6,4.51499623750313
C1/clip_02075_wrong_S6.npz,16,1,1,S6,4.47916293403088
C1/clip_02076_wrong_S6.npz,16,1,1,S6,4.51499623750313
C1/clip_02077_wrong_S6.npz,16,1,1,S6,4.58666284444763
C1/clip_02078_wrong_S6.npz,16,1,1,S6,4.37166302361414
C1/clip_02079_wrong_S6.npz,16,1,1,S6,4.55082954097538
C1/clip_02080_wrong_S6.npz,16,1,1,S6,4.58666284444763
C1/clip_02081_wrong_S6.npz,16,1,1,S6,4.55082954097538
C1/clip_02082_wrong_S6.npz,16,1,1,S6,4.65799562865025
C1/clip_02083_wrong_S6.npz,16,1,1,S6,4.80166266528111
C1/clip_02084_wrong_S6.npz,16,1,1,S6,4.62249614791987
C1/clip_02085_wrong_S6.npz,16,1,1,S6,4.58666284444763
C1/clip_02086_wrong_S7.npz,16,1,1,S7,4.76507830723092
C1/clip_02087_wrong_S7.npz,16,1,1,S7,4.66511162945684
C1/clip_02088_wrong_S7.npz,16,1,1,S7,4.73175608130623
C1/clip_02089_wrong_S7.npz,16,1,1,S7,4.66511162945684
C1/clip_02090_wrong_S7.npz,16,1,1,S7,4.73175608130623
C1/clip_02091_wrong_S7.npz,16,1,1,S7,4.7568358725301
C1/clip_02092_wrong_S7.npz,16,1,1,S7,4.69843385538154
C1/clip_02093_wrong_S7.npz,16,1,1,S7,4.79840053315561
C1/clip_02094_wrong_S7.npz,16,1,1,S7,4.69843385538154
C1/clip_02095_wrong_S7.npz,16,1,1,S7,4.73175608130623
C1/clip_02096_wrong_S7.npz,16,1,1,S7,4.66511162945684
C1/clip_02097_wrong_S7.npz,16,1,1,S7,4.96501166277907
C1/clip_02098_wrong_S7.npz,16,1,1,S7,4.79840053315561
C1/clip_02099_wrong_S7.npz,16,1,1,S7,4.66511162945684
C1/clip_02100_wrong_S7.npz,16,1,1,S7,4.86504498500499
C1/clip_02101_wrong_S7.npz,16,1,1,S7,4.66511162945684
C1/clip_02102_wrong_S7.npz,16,1,1,S7,4.89836721092969
C1/clip_02103_wrong_S7.npz,16,1,1,S7,4.63178940353215
C1/clip_02104_wrong_S7.npz,16,1,1,S7,4.73175608130623
C1/clip_02105_wrong_S7.npz,16,1,1,S7,4.73175608130623
C1/clip_02106_wrong_S7.npz,16,1,1,S7,4.36666666666666
C1/clip_02107_wrong_S7.npz,16,1,1,S7,4.26666666666666
C1/clip_02108_wrong_S7.npz,16,1,1,S7,4.2
C1/clip_02109_wrong_S7.npz,16,1,1,S7,4.3
C1/clip_02110_wrong_S7.npz,16,1,1,S7,4.3
C1/clip_02111_correct_S0.npz,17,1,0,S0,4.05
C1/clip_02112_correct_S0.npz,17,1,0,S0,4.05
C1/clip_02113_correct_S0.npz,17,1,0,S0,4.05
C1/clip_02114_correct_S0.npz,17,1,0,S0,4.05
C1/clip_02115_correct_S0.npz,17,1,0,S0,4.05
C1/clip_02116_correct_S1.npz,17,1,0,S1,4.05
C1/clip_02117_correct_S1.npz,17,1,1,S1,4.05
C1/clip_02118_correct_S1.npz,17,1,1,S1,4.05
C1/clip_02119_correct_S1.npz,17,1,1,S1,4.05
C1/clip_02120_correct_S1.npz,17,1,1,S1,4.05
C1/clip_02121_correct_S2.npz,17,1,1,S2,4.05
C1/clip_02122_correct_S2.npz,17,1,1,S2,4.05
C1/clip_02123_correct_S2.npz,17,1,1,S2,4.05
C1/clip_02124_correct_S2.npz,17,1,1,S2,4.05
C1/clip_02125_correct_S2.npz,17,1,1,S2,4.05
C1/clip_02126_correct_S2.npz,17,1,1,S2,4.05
C1/clip_02127_correct_S3.npz,17,1,1,S3,4.05
C1/clip_02128_correct_S3.npz,17,1,1,S3,4.05
C1/clip_02129_correct_S3.npz,17,1,1,S3,4.05
C1/clip_02130_correct_S3.npz,17,1,1,S3,4.05
C1/clip_02131_correct_S3.npz,17,1,1,S3,4.05
C1/clip_02132_correct_S3.npz,17,1,1,S3,4.05
C1/clip_02133_correct_S4.npz,17,1,1,S4,4.2
C1/clip_02134_correct_S4.npz,17,1,1,S4,4.4
C1/clip_02135_correct_S4.npz,17,1,1,S4,3.7
C1/clip_02136_correct_S4.npz,17,1,1,S4,4.23333333333333
C1/clip_02137_correct_S4.npz,17,1,0,S4,4.3
C1/clip_02138_correct_S4.npz,17,1,1,S4,4.23276896413811
C1/clip_02139_correct_S4.npz,17,1,1,S4,4.29928345275787
C1/clip_02140_correct_S4.npz,17,1,1,S4,4.23262789535077
C1/clip_02141_correct_S4.npz,17,1,1,S4,4.19944007465671
C1/clip_02142_correct_S4.npz,17,1,1,S4,4.19930011664722
C1/clip_02143_correct_S4.npz,17,1,1,S4,4.23262789535077
C1/clip_02144_correct_S4.npz,17,1,1,S4,4.26595567405432
C1/clip_02145_correct_S4.npz,17,1,1,S4,4.26595567405432
C1/clip_02146_correct_S4.npz,17,1,1,S4,4.16597233794367
C1/clip_02147_correct_S4.npz,17,1,1,S4,4.13264455924012
C1/clip_02148_correct_S4.npz,17,1,1,S4,4.23262789535077
C1/clip_02149_correct_S4.npz,17,1,1,S4,4.19930011664722
C1/clip_02150_correct_S4.npz,17,1,1,S4,4.23262789535077
C1/clip_02151_correct_S4.npz,17,1,1,S4,4.23262789535077
C1/clip_02152_correct_S4.npz,17,1,1,S4,4.23269673574427
C1/clip_02153_correct_S4.npz,17,1,1,S4,4.16597233794367
C1/clip_02154_correct_S4.npz,17,1,1,S4,4.19930011664722
C1/clip_02155_correct_S4.npz,17,1,1,S4,4.56590568238626
C1/clip_02156_correct_S4.npz,17,1,1,S4,4.23262789535077
C1/clip_02157_correct_S4.npz,17,1,1,S4,4.23262789535077
C1/clip_02158_correct_S4.npz,17,1,1,S4,4.33261123146142
C1/clip_02159_correct_S4.npz,17,1,1,S4,3.76603899350108
C1/clip_02160_correct_S4.npz,17,1,1,S4,4.23262789535077
C1/clip_02161_correct_S4.npz,17,1,1,S4,4.19930011664722
C1/clip_02162_correct_S4.npz,17,1,1,S4,4.26595567405432
C1/clip_02163_correct_S4.npz,17,1,1,S4,4.23262789535077
C1/clip_02164_correct_S4.npz,17,1,1,S4,4.19930011664722
C1/clip_02165_correct_S4.npz,17,1,1,S4,4.26595567405432
C1/clip_02166_correct_S4.npz,17,1,1,S4,4.36593901016497
C1/clip_02167_correct_S4.npz,17,1,1,S4,4.23262789535077
C1/clip_02168_correct_S5.npz,17,1,1,S5,4.27901922162602
C1/clip_02169_correct_S5.npz,17,1,1,S5,4.2791310072416
C1/clip_02170_correct_S5.npz,17,1,1,S5,4.2791310072416
C1/clip_02171_correct_S5.npz,17,1,1,S5,4.2791310072416
C1/clip_02172_correct_S5.npz,17,1,1,S5,4.2791310072416
C1/clip_02173_correct_S5.npz,17,1,1,S5,4.2791310072416
C1/clip_02174_correct_S5.npz,17,1,1,S5,4.2791310072416
C1/clip_02175_correct_S5.npz,17,1,1,S5,4.2791310072416
C1/clip_02176_correct_S5.npz,17,1,1,S5,4.2791310072416
C1/clip_02177_correct_S5.npz,17,1,1,S5,4.2791310072416
C1/clip_02178_correct_S5.npz,17,1,1,S5,4.312047399605
C1/clip_02179_correct_S5.npz,17,1,1,S5,4.27903273957607
C1/clip_02180_correct_S5.npz,17,1,1,S5,4.312047399605
C1/clip_02181_correct_S5.npz,17,1,1,S5,4.2791310072416
C1/clip_02182_correct_S5.npz,17,1,1,S5,4.312047399605
C1/clip_02183_correct_S5.npz,17,1,1,S5,4.2791310072416
C1/clip_02184_correct_S5.npz,17,1,1,S5,4.2791310072416
C1/clip_02185_correct_S5.npz,17,1,1,S5,4.2791310072416
C1/clip_02186_correct_S5.npz,17,1,1,S5,4.2791310072416
C1/clip_02187_correct_S5.npz,17,1,1,S5,4.2791310072416
C1/clip_02188_correct_S5.npz,17,1,1,S5,3.93333333333333
C1/clip_02189_correct_S5.npz,17,1,1,S5,4.13333333333333
C1/clip_02190_correct_S5.npz,17,1,1,S5,4.33333333333333
C1/clip_02191_correct_S5.npz,17,1,1,S5,4.13333333333333
C1/clip_02192_correct_S5.npz,17,1,1,S5,3.86666666666666
C1/clip_02193_correct_S6.npz,17,1,1,S6,4.1
C1/clip_02194_correct_S6.npz,17,1,1,S6,4.2
C1/clip_02195_correct_S6.npz,17,1,1,S6,4.03333333333333
C1/clip_02196_correct_S6.npz,17,1,1,S6,4.16666666666666
C1/clip_02197_correct_S6.npz,17,1,1,S6,4.13333333333333
C1/clip_02198_correct_S6.npz,17,1,1,S6,4.2
C1/clip_02199_correct_S6.npz,17,1,1,S6,4.55082954097538
C1/clip_02200_correct_S6.npz,17,1,1,S6,4.55082954097538
C1/clip_02201_correct_S6.npz,17,1,1,S6,4.62249614791987
C1/clip_02202_correct_S6.npz,17,1,1,S6,4.58666284444763
C1/clip_02203_correct_S6.npz,17,1,1,S6,4.62249614791987
C1/clip_02204_correct_S6.npz,17,1,1,S6,4.58666284444763
C1/clip_02205_correct_S6.npz,17,1,1,S6,4.58666284444763
C1/clip_02206_correct_S6.npz,17,1,1,S6,4.65832945139212
C1/clip_02207_correct_S6.npz,17,1,1,S6,4.08499659583617
C1/clip_02208_correct_S6.npz,17,1,1,S6,4.58666284444763
C1/clip_02209_correct_S6.npz,17,1,1,S6,4.72999605833661
C1/clip_02210_correct_S6.npz,17,1,1,S6,4.47916293403088
C1/clip_02211_correct_S6.npz,17,1,1,S6,4.69416275486437
C1/clip_02212_correct_S6.npz,17,1,1,S6,4.47916293403088
C1/clip_02213_correct_S6.npz,17,1,1,S6,4.51499623750313
C1/clip_02214_correct_S6.npz,17,1,1,S6,4.58666284444763
C1/clip_02215_correct_S6.npz,17,1,1,S6,4.65799562865025
C1/clip_02216_correct_S6.npz,17,1,1,S6,4.72999605833661
C1/clip_02217_correct_S6.npz,17,1,1,S6,4.65799562865025
C1/clip_02218_correct_S6.npz,17,1,1,S6,4.51499623750313
C1/clip_02219_correct_S7.npz,17,1,1,S7,4.63178940353215
C1/clip_02220_correct_S7.npz,17,1,1,S7,4.63178940353215
C1/clip_02221_correct_S7.npz,17,1,1,S7,4.72341416358979
C1/clip_02222_correct_S7.npz,17,1,1,S7,4.8317227590803
C1/clip_02223_correct_S7.npz,17,1,1,S7,4.73175608130623
C1/clip_02224_correct_S7.npz,17,1,1,S7,4.66511162945684
C1/clip_02225_correct_S7.npz,17,1,1,S7,4.66511162945684
C1/clip_02226_correct_S7.npz,17,1,1,S7,4.69843385538154
C1/clip_02227_correct_S7.npz,17,1,1,S7,4.86504498500499
C1/clip_02228_correct_S7.npz,17,1,1,S7,4.69843385538154
C1/clip_02229_correct_S7.npz,17,1,1,S7,4.73175608130623
C1/clip_02230_correct_S7.npz,17,1,1,S7,4.99833388870376
C1/clip_02231_correct_S7.npz,17,1,1,S7,4.63178940353215
C1/clip_02232_correct_S7.npz,17,1,1,S7,4.66511162945684
C1/clip_02233_correct_S7.npz,17,1,1,S7,4.63178940353215
C1/clip_02234_correct_S7.npz,17,1,1,S7,4.76507830723092
C1/clip_02235_correct_S7.npz,17,1,1,S7,4.76507830723092
C1/clip_02236_correct_S7.npz,17,1,1,S7,4.69843385538154
C1/clip_02237_correct_S7.npz,17,1,1,S7,4.69843385538154
C1/clip_02238_correct_S7.npz,17,1,1,S7,4.73175608130623
C1/clip_02239_correct_S7.npz,17,1,1,S7,4
C1/clip_02240_correct_S7.npz,17,1,1,S7,4.1
C1/clip_02241_correct_S7.npz,17,1,1,S7,4.13333333333333
C1/clip_02242_correct_S7.npz,17,1,1,S7,4
C1/clip_02243_correct_S7.npz,17,1,1,S7,4.1
C1/clip_02244_slow_S0.npz,18,1,0,S0,4.05
C1/clip_02245_slow_S0.npz,18,1,0,S0,4.05
C1/clip_02246_slow_S0.npz,18,1,0,S0,4.05
C1/clip_02247_slow_S0.npz,18,1,0,S0,4.05
C1/clip_02248_slow_S0.npz,18,1,0,S0,4.05
C1/clip_02249_slow_S1.npz,18,1,0,S1,4.05
C1/clip_02250_slow_S1.npz,18,1,0,S1,4.05
C1/clip_02251_slow_S1.npz,18,1,0,S1,4.05
C1/clip_02252_slow_S1.npz,18,1,0,S1,4.05
C1/clip_02253_slow_S1.npz,18,1,1,S1,4.05
C1/clip_02254_slow_S2.npz,18,1,0,S2,4.05
C1/clip_02255_slow_S2.npz,18,1,0,S2,4.05
C1/clip_02256_slow_S2.npz,18,1,0,S2,4.05
C1/clip_02257_slow_S2.npz,18,1,0,S2,4.05
C1/clip_02258_slow_S2.npz,18,1,0,S2,4.05
C1/clip_02259_slow_S3.npz,18,1,1,S3,4.05
C1/clip_02260_slow_S3.npz,18,1,1,S3,4.05
C1/clip_02261_slow_S3.npz,18,1,1,S3,4.05
C1/clip_02262_slow_S3.npz,18,1,1,S3,4.05
C1/clip_02263_slow_S3.npz,18,1,1,S3,4.05
C1/clip_02264_slow_S3.npz,18,1,1,S3,4.05
C1/clip_02265_slow_S4.npz,18,1,0,S4,4.5
C1/clip_02266_slow_S4.npz,18,1,0,S4,5.06666666666666
C1/clip_02267_slow_S4.npz,18,1,0,S4,4.4
C1/clip_02268_slow_S4.npz,18,1,1,S4,4.83333333333333
C1/clip_02269_slow_S4.npz,18,1,0,S4,4.2
C1/clip_02270_slow_S4.npz,18,1,0,S4,3.1
C1/clip_02271_slow_S4.npz,18,1,1,S4,4.26609785361951
C1/clip_02272_slow_S4.npz,18,1,1,S4,4.23262789535077
C1/clip_02273_slow_S4.npz,18,1,1,S4,4.23262789535077
C1/clip_02274_slow_S4.npz,18,1,1,S4,4.19930011664722
C1/clip_02275_slow_S4.npz,18,1,1,S4,4.23262789535077
C1/clip_02276_slow_S4.npz,18,1,1,S4,4.29928345275787
C1/clip_02277_slow_S4.npz,18,1,1,S4,4.26595567405432
C1/clip_02278_slow_S4.npz,18,1,1,S4,4.33261123146142
C1/clip_02279_slow_S4.npz,18,1,1,S4,4.16597233794367
C1/clip_02280_slow_S4.npz,18,1,1,S4,4.23262789535077
C1/clip_02281_slow_S4.npz,18,1,1,S4,4.26609785361951
C1/clip_02282_slow_S4.npz,18,1,1,S4,4.29942674310092
C1/clip_02283_slow_S4.npz,18,1,1,S4,4.19930011664722
C1/clip_02284_slow_S4.npz,18,1,1,S4,4.33275563258232
C1/clip_02285_slow_S4.npz,18,1,1,S4,4.56590568238626
C1/clip_02286_slow_S4.npz,18,1,1,S4,4.19930011664722
C1/clip_02287_slow_S4.npz,18,1,1,S4,4.26609785361951
C1/clip_02288_slow_S4.npz,18,1,1,S4,4.39941341154512
C1/clip_02289_slow_S4.npz,18,1,1,S4,4.43274230102652
C1/clip_02290_slow_S4.npz,18,1,1,S4,4.23262789535077
C1/clip_02291_slow_S5.npz,18,1,0,S5,4.27903273957607
C1/clip_02292_slow_S5.npz,18,1,0,S5,4.2791310072416
C1/clip_02293_slow_S5.npz,18,1,1,S5,4.312047399605
C1/clip_02294_slow_S5.npz,18,1,1,S5,4.312047399605
C1/clip_02295_slow_S5.npz,18,1,1,S5,4.2791310072416
C1/clip_02296_slow_S5.npz,18,1,0,S5,4.2791310072416
C1/clip_02297_slow_S5.npz,18,1,1,S5,4.312047399605
C1/clip_02298_slow_S5.npz,18,1,1,S5,4.2791310072416
C1/clip_02299_slow_S5.npz,18,1,1,S5,4.2791310072416
C1/clip_02300_slow_S5.npz,18,1,1,S5,4.2791310072416
C1/clip_02301_slow_S5.npz,18,1,0,S5,4.2791310072416
C1/clip_02302_slow_S5.npz,18,1,1,S5,4.2791310072416
C1/clip_02303_slow_S5.npz,18,1,1,S5,4.24621461487821
C1/clip_02304_slow_S5.npz,18,1,1,S5,4.312047399605
C1/clip_02305_slow_S5.npz,18,1,1,S5,4.2791310072416
C1/clip_02306_slow_S5.npz,18,1,1,S5,4.2791310072416
C1/clip_02307_slow_S5.npz,18,1,0,S5,4.2791310072416
C1/clip_02308_slow_S5.npz,18,1,0,S5,4.312047399605
C1/clip_02309_slow_S5.npz,18,1,1,S5,4.312047399605
C1/clip_02310_slow_S5.npz,18,1,1,S5,4.2791310072416
C1/clip_02311_slow_S5.npz,18,1,0,S5,3.96666666666666
C1/clip_02312_slow_S5.npz,18,1,1,S5,3.93333333333333
C1/clip_02313_slow_S5.npz,18,1,0,S5,3.86666666666666
C1/clip_02314_slow_S5.npz,18,1,0,S5,3.96666666666666
C1/clip_02315_slow_S5.npz,18,1,0,S5,4.13333333333333
C1/clip_02316_slow_S6.npz,18,1,1,S6,4.1
C1/clip_02317_slow_S6.npz,18,1,1,S6,4.3
C1/clip_02318_slow_S6.npz,18,1,1,S6,3.96666666666666
C1/clip_02319_slow_S6.npz,18,1,1,S6,4.1
C1/clip_02320_slow_S6.npz,18,1,1,S6,4.36666666666666
C1/clip_02321_slow_S6.npz,18,1,1,S6,4.55082954097538
C1/clip_02322_slow_S6.npz,18,1,1,S6,6.77233429394812
C1/clip_02323_slow_S6.npz,18,1,1,S6,4.69416275486437
C1/clip_02324_slow_S6.npz,18,1,1,S6,4.65832945139212
C1/clip_02325_slow_S6.npz,18,1,1,S6,4.62249614791987
C1/clip_02326_slow_S6.npz,18,1,1,S6,4.58666284444763
C1/clip_02327_slow_S6.npz,18,1,1,S6,4.58666284444763
C1/clip_02328_slow_S6.npz,18,1,1,S6,4.58666284444763
C1/clip_02329_slow_S6.npz,18,1,1,S6,4.51499623750313
C1/clip_02330_slow_S6.npz,18,1,1,S6,4.65832945139212
C1/clip_02331_slow_S6.npz,18,1,1,S6,4.62249614791987
C1/clip_02332_slow_S6.npz,18,1,1,S6,5.08796445591028
C1/clip_02333_slow_S6.npz,18,1,1,S6,4.51499623750313
C1/clip_02334_slow_S6.npz,18,1,1,S6,4.51499623750313
C1/clip_02335_slow_S6.npz,18,1,1,S6,4.47916293403088
C1/clip_02336_slow_S6.npz,18,1,1,S6,4.47916293403088
C1/clip_02337_slow_S6.npz,18,1,1,S6,4.65832945139212
C1/clip_02338_slow_S6.npz,18,1,1,S6,4.65832945139212
C1/clip_02339_slow_S6.npz,18,1,1,S6,4.3358297201419
C1/clip_02340_slow_S6.npz,18,1,1,S6,4.47916293403088
C1/clip_02341_slow_S6.npz,18,1,1,S6,4.51499623750313
C1/clip_02342_slow_S7.npz,18,1,1,S7,4.73175608130623
C1/clip_02343_slow_S7.npz,18,1,1,S7,4.93168943685438
C1/clip_02344_slow_S7.npz,18,1,0,S7,4.59846717760746
C1/clip_02345_slow_S7.npz,18,1,1,S7,4.66511162945684
C1/clip_02346_slow_S7.npz,18,1,1,S7,4.66511162945684
C1/clip_02347_slow_S7.npz,18,1,0,S7,4.89836721092969
C1/clip_02348_slow_S7.npz,18,1,1,S7,4.8317227590803
C1/clip_02349_slow_S7.npz,18,1,1,S7,4.69843385538154
C1/clip_02350_slow_S7.npz,18,1,1,S7,4.66511162945684
C1/clip_02351_slow_S7.npz,18,1,1,S7,5.16494501832722
C1/clip_02352_slow_S7.npz,18,1,1,S7,4.76507830723092
C1/clip_02353_slow_S7.npz,18,1,0,S7,4.99833388870376
C1/clip_02354_slow_S7.npz,18,1,1,S7,4.63178940353215
C1/clip_02355_slow_S7.npz,18,1,1,S7,4.66511162945684
C1/clip_02356_slow_S7.npz,18,1,1,S7,4.76507830723092
C1/clip_02357_slow_S7.npz,18,1,1,S7,4.69843385538154
C1/clip_02358_slow_S7.npz,18,1,1,S7,4.66511162945684
C1/clip_02359_slow_S7.npz,18,1,0,S7,4.73175608130623
C1/clip_02360_slow_S7.npz,18,1,1,S7,4.8317227590803
C1/clip_02361_slow_S7.npz,18,1,1,S7,4.66511162945684
C1/clip_02362_slow_S7.npz,18,1,1,S7,3.93333333333333
C1/clip_02363_slow_S7.npz,18,1,1,S7,4.16666666666666
C1/clip_02364_slow_S7.npz,18,1,1,S7,4.03333333333333
C1/clip_02365_slow_S7.npz,18,1,1,S7,4.16666666666666
C1/clip_02366_slow_S7.npz,18,1,1,S7,4.33333333333333
C1/clip_02367_slow_S7.npz,18,1,1,S7,4.16666666666666
C1/clip_02368_fast_S0.npz,19,1,0,S0,4.05
C1/clip_02369_fast_S0.npz,19,1,0,S0,4.05
C1/clip_02370_fast_S0.npz,19,1,0,S0,4.05
C1/clip_02371_fast_S0.npz,19,1,1,S0,4.05
C1/clip_02372_fast_S0.npz,19,1,1,S0,4.05
C1/clip_02373_fast_S1.npz,19,1,1,S1,4.05
C1/clip_02374_fast_S1.npz,19,1,1,S1,4.05
C1/clip_02375_fast_S1.npz,19,1,1,S1,4.05
C1/clip_02376_fast_S1.npz,19,1,1,S1,4.05
C1/clip_02377_fast_S1.npz,19,1,1,S1,4.05
C1/clip_02378_fast_S1.npz,19,1,1,S1,4.05
C1/clip_02379_fast_S2.npz,19,1,0,S2,4.05
C1/clip_02380_fast_S2.npz,19,1,0,S2,4.05
C1/clip_02381_fast_S2.npz,19,1,0,S2,4.05
C1/clip_02382_fast_S2.npz,19,1,0,S2,4.03333333333333
C1/clip_02383_fast_S2.npz,19,1,0,S2,4.03333333333333
C1/clip_02384_fast_S3.npz,19,1,0,S3,4.05
C1/clip_02385_fast_S3.npz,19,1,1,S3,4.05
C1/clip_02386_fast_S3.npz,19,1,0,S3,4.03333333333333
C1/clip_02387_fast_S3.npz,19,1,0,S3,4.03333333333333
C1/clip_02388_fast_S3.npz,19,1,0,S3,4.03333333333333
C1/clip_02389_fast_S4.npz,19,1,0,S4,4.63333333333333
C1/clip_02390_fast_S4.npz,19,1,0,S4,4.96666666666666
C1/clip_02391_fast_S4.npz,19,1,1,S4,4.1
C1/clip_02392_fast_S4.npz,19,1,1,S4,5.4
C1/clip_02393_fast_S4.npz,19,1,1,S4,4.43333333333333
C1/clip_02394_fast_S4.npz,19,1,1,S4,4.3
C1/clip_02395_fast_S4.npz,19,1,1,S4,4.19930011664722
C1/clip_02396_fast_S4.npz,19,1,1,S4,4.19930011664722
C1/clip_02397_fast_S4.npz,19,1,1,S4,4.23262789535077
C1/clip_02398_fast_S4.npz,19,1,1,S4,4.26595567405432
C1/clip_02399_fast_S4.npz,19,1,1,S4,4.16611118517531
C1/clip_02400_fast_S4.npz,19,1,1,S4,4.23262789535077
C1/clip_02401_fast_S4.npz,19,1,0,S4,4.26595567405432
C1/clip_02402_fast_S4.npz,19,1,1,S4,4.26609785361951
C1/clip_02403_fast_S4.npz,19,1,1,S4,4.23262789535077
C1/clip_02404_fast_S4.npz,19,1,1,S4,4.19944007465671
C1/clip_02405_fast_S4.npz,19,1,1,S4,4.26595567405432
C1/clip_02406_fast_S4.npz,19,1,1,S4,4.19930011664722
C1/clip_02407_fast_S4.npz,19,1,1,S4,4.23262789535077
C1/clip_02408_fast_S4.npz,19,1,1,S4,3.93267788701883
C1/clip_02409_fast_S4.npz,19,1,1,S4,4.33261123146142
C1/clip_02410_fast_S4.npz,19,1,1,S4,4.29928345275787
C1/clip_02411_fast_S4.npz,19,1,1,S4,4.23262789535077
C1/clip_02412_fast_S4.npz,19,1,1,S4,4.19930011664722
C1/clip_02413_fast_S5.npz,19,1,0,S5,4.2791310072416
C1/clip_02414_fast_S5.npz,19,1,0,S5,4.2791310072416
C1/clip_02415_fast_S5.npz,19,1,0,S5,4.2791310072416
C1/clip_02416_fast_S5.npz,19,1,0,S5,4.2791310072416
C1/clip_02417_fast_S5.npz,19,1,0,S5,4.312047399605
C1/clip_02418_fast_S5.npz,19,1,0,S5,4.312047399605
C1/clip_02419_fast_S5.npz,19,1,0,S5,4.2791310072416
C1/clip_02420_fast_S5.npz,19,1,0,S5,4.27903273957607
C1/clip_02421_fast_S5.npz,19,1,0,S5,4.2791310072416
C1/clip_02422_fast_S5.npz,19,1,0,S5,4.2791310072416
C1/clip_02423_fast_S5.npz,19,1,0,S5,4.2791310072416
C1/clip_02424_fast_S5.npz,19,1,0,S5,4.2791310072416
C1/clip_02425_fast_S5.npz,19,1,0,S5,4.312047399605
C1/clip_02426_fast_S5.npz,19,1,0,S5,4.312047399605
C1/clip_02427_fast_S5.npz,19,1,0,S5,4.312047399605
C1/clip_02428_fast_S5.npz,19,1,0,S5,4.2791310072416
C1/clip_02429_fast_S5.npz,19,1,0,S5,4.2791310072416
C1/clip_02430_fast_S5.npz,19,1,0,S5,4.2791310072416
C1/clip_02431_fast_S5.npz,19,1,0,S5,4.2791310072416
C1/clip_02432_fast_S5.npz,19,1,0,S5,4.2791310072416
C1/clip_02433_fast_S5.npz,19,1,0,S5,4.03333333333333
C1/clip_02434_fast_S5.npz,19,1,0,S5,3.9
C1/clip_02435_fast_S5.npz,19,1,0,S5,3.66666666666666
C1/clip_02436_fast_S5.npz,19,1,0,S5,4
C1/clip_02437_fast_S5.npz,19,1,0,S5,4.03333333333333
C1/clip_02438_fast_S5.npz,19,1,0,S5,4.03333333333333
C1/clip_02439_fast_S6.npz,19,1,0,S6,4.13333333333333
C1/clip_02440_fast_S6.npz,19,1,1,S6,4.2
C1/clip_02441_fast_S6.npz,19,1,1,S6,4.23333333333333
C1/clip_02442_fast_S6.npz,19,1,1,S6,4.1
C1/clip_02443_fast_S6.npz,19,1,0,S6,4.1
C1/clip_02444_fast_S6.npz,19,1,1,S6,4.51499623750313
C1/clip_02445_fast_S6.npz,19,1,1,S6,4.65821687791138
C1/clip_02446_fast_S6.npz,19,1,1,S6,4.72999605833661
C1/clip_02447_fast_S6.npz,19,1,1,S6,4.65799562865025
C1/clip_02448_fast_S6.npz,19,1,1,S6,4.58666284444763
C1/clip_02449_fast_S6.npz,19,1,1,S6,4.62249614791987
C1/clip_02450_fast_S6.npz,19,1,1,S6,4.6223305145478
C1/clip_02451_fast_S6.npz,19,1,1,S6,4.62249614791987
C1/clip_02452_fast_S6.npz,19,1,1,S6,4.65832945139212
C1/clip_02453_fast_S6.npz,19,1,1,S6,4.76582936180886
C1/clip_02454_fast_S6.npz,19,1,1,S6,4.58666284444763
C1/clip_02455_fast_S6.npz,19,1,1,S6,4.55082954097538
C1/clip_02456_fast_S6.npz,19,1,1,S6,4.62249614791987
C1/clip_02457_fast_S6.npz,19,1,1,S6,4.65832945139212
C1/clip_02458_fast_S6.npz,19,1,1,S6,4.72999605833661
C1/clip_02459_fast_S6.npz,19,1,1,S6,4.51499623750313
C1/clip_02460_fast_S6.npz,19,1,1,S6,4.51499623750313
C1/clip_02461_fast_S6.npz,19,1,1,S6,5.01666248611459
C1/clip_02462_fast_S6.npz,19,1,1,S6,4.58666284444763
C1/clip_02463_fast_S7.npz,19,1,1,S7,4.63178940353215
C1/clip_02464_fast_S7.npz,19,1,1,S7,4.73175608130623
C1/clip_02465_fast_S7.npz,19,1,1,S7,4.80579328505595
C1/clip_02466_fast_S7.npz,19,1,1,S7,4.73996050032916
C1/clip_02467_fast_S7.npz,19,1,1,S7,4.77287689269256
C1/clip_02468_fast_S7.npz,19,1,1,S7,4.73996050032916
C1/clip_02469_fast_S7.npz,19,1,1,S7,4.77287689269256
C1/clip_02470_fast_S7.npz,19,1,1,S7,4.67412771560237
C1/clip_02471_fast_S7.npz,19,1,1,S7,4.70704410796576
C1/clip_02472_fast_S7.npz,19,1,1,S7,4.64121132323897
C1/clip_02473_fast_S7.npz,19,1,1,S7,4.70704410796576
C1/clip_02474_fast_S7.npz,19,1,1,S7,4.73996050032916
C1/clip_02475_fast_S7.npz,19,1,1,S7,4.64121132323897
C1/clip_02476_fast_S7.npz,19,1,1,S7,4.67412771560237
C1/clip_02477_fast_S7.npz,19,1,1,S7,4.73996050032916
C1/clip_02478_fast_S7.npz,19,1,1,S7,4.60829493087557
C1/clip_02479_fast_S7.npz,19,1,1,S7,4.70704410796576
C1/clip_02480_fast_S7.npz,19,1,1,S7,4.87162606978275
C1/clip_02481_fast_S7.npz,19,1,1,S7,4.73996050032916
C1/clip_02482_fast_S7.npz,19,1,1,S7,4.64121132323897
C1/clip_02483_fast_S7.npz,19,1,1,S7,4.73996050032916
C1/clip_02484_fast_S7.npz,19,1,1,S7,4.60829493087557
C1/clip_02485_fast_S7.npz,19,1,1,S7,4.13333333333333
C1/clip_02486_fast_S7.npz,19,1,1,S7,4.16666666666666
C1/clip_02487_fast_S7.npz,19,1,1,S7,4.1
C1/clip_02488_fast_S7.npz,19,1,1,S7,4.03333333333333
C1/clip_02489_fast_S7.npz,19,1,1,S7,4.1
C2/clip_02490_one_S0.npz,20,2,0,S0,4.08333333333333
C2/clip_02491_one_S0.npz,20,2,0,S0,4.08333333333333
C2/clip_02492_one_S0.npz,20,2,0,S0,4.06666666666666
C2/clip_02493_one_S0.npz,20,2,0,S0,4.06666666666666
C2/clip_02494_one_S0.npz,20,2,0,S0,4.06666666666666
C2/clip_02495_one_S1.npz,20,2,1,S1,4.08333333333333
C2/clip_02496_one_S1.npz,20,2,1,S1,4.06666666666666
C2/clip_02497_one_S1.npz,20,2,1,S1,4.06666666666666
C2/clip_02498_one_S1.npz,20,2,1,S1,4.06666666666666
C2/clip_02499_one_S1.npz,20,2,1,S1,4.06666666666666
C2/clip_02500_one_S2.npz,20,2,0,S2,4.08333333333333
C2/clip_02501_one_S2.npz,20,2,0,S2,4.08333333333333
C2/clip_02502_one_S2.npz,20,2,0,S2,4.06666666666666
C2/clip_02503_one_S2.npz,20,2,0,S2,4.06666666666666
C2/clip_02504_one_S2.npz,20,2,0,S2,4.06666666666666
C2/clip_02505_one_S3.npz,20,2,0,S3,4.08333333333333
C2/clip_02506_one_S3.npz,20,2,0,S3,4.08333333333333
C2/clip_02507_one_S3.npz,20,2,0,S3,4.06666666666666
C2/clip_02508_one_S3.npz,20,2,0,S3,4.06666666666666
C2/clip_02509_one_S3.npz,20,2,0,S3,4.06666666666666
C2/clip_02510_one_S4.npz,20,2,1,S4,4.26609785361951
C2/clip_02511_one_S4.npz,20,2,1,S4,4.23262789535077
C2/clip_02512_one_S4.npz,20,2,0,S4,4.43259456757207
C2/clip_02513_one_S4.npz,20,2,1,S4,4.39926678886852
C2/clip_02514_one_S4.npz,20,2,1,S4,4.29928345275787
C2/clip_02515_one_S4.npz,20,2,1,S4,4.23262789535077
C2/clip_02516_one_S4.npz,20,2,1,S4,4.39926678886852
C2/clip_02517_one_S4.npz,20,2,1,S4,4.23262789535077
C2/clip_02518_one_S4.npz,20,2,1,S4,4.36593901016497
C2/clip_02519_one_S4.npz,20,2,1,S4,4.23276896413811
C2/clip_02520_one_S4.npz,20,2,1,S4,4.23262789535077
C2/clip_02521_one_S4.npz,20,2,1,S4,4.33261123146142
C2/clip_02522_one_S4.npz,20,2,1,S4,4.23276896413811
C2/clip_02523_one_S4.npz,20,2,1,S4,4.26595567405432
C2/clip_02524_one_S4.npz,20,2,1,S4,4.16597233794367
C2/clip_02525_one_S4.npz,20,2,1,S4,4.19930011664722
C2/clip_02526_one_S4.npz,20,2,1,S4,4.19930011664722
C2/clip_02527_one_S4.npz,20,2,1,S4,4.19930011664722
C2/clip_02528_one_S4.npz,20,2,1,S4,4.23262789535077
C2/clip_02529_one_S4.npz,20,2,1,S4,4.16596673945909
C2/clip_02530_one_S5.npz,20,2,0,S5,4.2791310072416
C2/clip_02531_one_S5.npz,20,2,0,S5,4.2791310072416
C2/clip_02532_one_S5.npz,20,2,0,S5,4.312047399605
C2/clip_02533_one_S5.npz,20,2,0,S5,4.2791310072416
C2/clip_02534_one_S5.npz,20,2,0,S5,4.2791310072416
C2/clip_02535_one_S5.npz,20,2,0,S5,4.312047399605
C2/clip_02536_one_S5.npz,20,2,0,S5,4.312047399605
C2/clip_02537_one_S5.npz,20,2,0,S5,4.2791310072416
C2/clip_02538_one_S5.npz,20,2,0,S5,4.2791310072416
C2/clip_02539_one_S5.npz,20,2,0,S5,4.2791310072416
C2/clip_02540_one_S5.npz,20,2,0,S5,4.2791310072416
C2/clip_02541_one_S5.npz,20,2,0,S5,4.2791310072416
C2/clip_02542_one_S5.npz,20,2,0,S5,4.2791310072416
C2/clip_02543_one_S5.npz,20,2,0,S5,4.2791310072416
C2/clip_02544_one_S5.npz,20,2,0,S5,4.312047399605
C2/clip_02545_one_S5.npz,20,2,0,S5,4.2791310072416
C2/clip_02546_one_S5.npz,20,2,0,S5,4.2791310072416
C2/clip_02547_one_S5.npz,20,2,0,S5,4.2791310072416
C2/clip_02548_one_S5.npz,20,2,0,S5,4.2791310072416
C2/clip_02549_one_S5.npz,20,2,0,S5,4.2791310072416
C2/clip_02550_one_S5.npz,20,2,0,S5,4.0994534062125
C2/clip_02551_one_S5.npz,20,2,0,S5,4.23262789535077
C2/clip_02552_one_S5.npz,20,2,0,S5,4.06598900183302
C2/clip_02553_one_S5.npz,20,2,0,S5,4.23262789535077
C2/clip_02554_one_S6.npz,20,2,1,S6,4.09931678053657
C2/clip_02555_one_S6.npz,20,2,0,S6,4.23262789535077
C2/clip_02556_one_S6.npz,20,2,0,S6,4.13264455924012
C2/clip_02557_one_S6.npz,20,2,0,S6,4.09931678053657
C2/clip_02558_one_S6.npz,20,2,0,S6,4.23262789535077
C2/clip_02559_one_S6.npz,20,2,0,S6,4.51499623750313
C2/clip_02560_one_S6.npz,20,2,1,S6,4.47916293403088
C2/clip_02561_one_S6.npz,20,2,1,S6,4.47916293403088
C2/clip_02562_one_S6.npz,20,2,1,S6,4.47916293403088
C2/clip_02563_one_S6.npz,20,2,1,S6,4.69416275486437
C2/clip_02564_one_S6.npz,20,2,1,S6,4.55082954097538
C2/clip_02565_one_S6.npz,20,2,0,S6,4.72999605833661
C2/clip_02566_one_S6.npz,20,2,1,S6,4.58666284444763
C2/clip_02567_one_S6.npz,20,2,1,S6,4.40749632708639
C2/clip_02568_one_S6.npz,20,2,1,S6,4.55082954097538
C2/clip_02569_one_S6.npz,20,2,1,S6,4.58666284444763
C2/clip_02570_one_S6.npz,20,2,0,S6,4.47916293403088
C2/clip_02571_one_S6.npz,20,2,0,S6,4.62249614791987
C2/clip_02572_one_S6.npz,20,2,0,S6,4.40749632708639
C2/clip_02573_one_S6.npz,20,2,1,S6,4.47916293403088
C2/clip_02574_one_S6.npz,20,2,0,S6,4.51499623750313
C2/clip_02575_one_S6.npz,20,2,0,S6,4.69416275486437
C2/clip_02576_one_S6.npz,20,2,0,S6,4.55082954097538
C2/clip_02577_one_S6.npz,20,2,0,S6,4.44332963055864
C2/clip_02578_one_S6.npz,20,2,1,S6,4.51499623750313
C2/clip_02579_one_S7.npz,20,2,1,S7,4.80579328505595
C2/clip_02580_one_S7.npz,20,2,1,S7,4.57537853851218
C2/clip_02581_one_S7.npz,20,2,1,S7,4.57537853851218
C2/clip_02582_one_S7.npz,20,2,1,S7,4.64121132323897
C2/clip_02583_one_S7.npz,20,2,1,S7,4.77287689269256
C2/clip_02584_one_S7.npz,20,2,1,S7,4.64121132323897
C2/clip_02585_one_S7.npz,20,2,1,S7,4.60829493087557
C2/clip_02586_one_S7.npz,20,2,1,S7,4.67412771560237
C2/clip_02587_one_S7.npz,20,2,1,S7,5.00329163923634
C2/clip_02588_one_S7.npz,20,2,1,S7,4.67412771560237
C2/clip_02589_one_S7.npz,20,2,1,S7,4.83870967741935
C2/clip_02590_one_S7.npz,20,2,1,S7,4.67412771560237
C2/clip_02591_one_S7.npz,20,2,1,S7,4.57537853851218
C2/clip_02592_one_S7.npz,20,2,1,S7,5.03620803159973
C2/clip_02593_one_S7.npz,20,2,1,S7,4.64121132323897
C2/clip_02594_one_S7.npz,20,2,1,S7,4.73996050032916
C2/clip_02595_one_S7.npz,20,2,1,S7,4.57537853851218
C2/clip_02596_one_S7.npz,20,2,1,S7,4.64121132323897
C2/clip_02597_one_S7.npz,20,2,1,S7,4.80579328505595
C2/clip_02598_one_S7.npz,20,2,1,S7,4.70704410796576
C2/clip_02599_one_S7.npz,20,2,1,S7,4.26609785361951
C2/clip_02600_one_S7.npz,20,2,1,S7,3.96600566572238
C2/clip_02601_one_S7.npz,20,2,1,S7,4.13264455924012
C2/clip_02602_one_S7.npz,20,2,1,S7,4.26595567405432
C2/clip_02603_one_S7.npz,20,2,1,S7,4.19930011664722
C2/clip_02604_two_S0.npz,21,2,0,S0,4.06666666666666
C2/clip_02605_two_S0.npz,21,2,0,S0,4.06666666666666
C2/clip_02606_two_S0.npz,21,2,0,S0,4.06666666666666
C2/clip_02607_two_S0.npz,21,2,0,S0,4.06666666666666
C2/clip_02608_two_S0.npz,21,2,0,S0,4.06666666666666
C2/clip_02609_two_S1.npz,21,2,1,S1,4.06666666666666
C2/clip_02610_two_S1.npz,21,2,1,S1,4.06666666666666
C2/clip_02611_two_S1.npz,21,2,1,S1,4.06666666666666
C2/clip_02612_two_S1.npz,21,2,1,S1,4.06666666666666
C2/clip_02613_two_S1.npz,21,2,1,S1,4.06666666666666
C2/clip_02614_two_S2.npz,21,2,0,S2,4.06666666666666
C2/clip_02615_two_S2.npz,21,2,0,S2,4.06666666666666
C2/clip_02616_two_S2.npz,21,2,0,S2,4.06666666666666
C2/clip_02617_two_S2.npz,21,2,0,S2,4.06666666666666
C2/clip_02618_two_S2.npz,21,2,0,S2,4.06666666666666
C2/clip_02619_two_S3.npz,21,2,0,S3,4.06666666666666
C2/clip_02620_two_S3.npz,21,2,0,S3,4.06666666666666
C2/clip_02621_two_S3.npz,21,2,1,S3,4.06666666666666
C2/clip_02622_two_S3.npz,21,2,1,S3,4.06666666666666
C2/clip_02623_two_S3.npz,21,2,0,S3,4.06666666666666
C2/clip_02624_two_S4.npz,21,2,1,S4,4.23262789535077
C2/clip_02625_two_S4.npz,21,2,0,S4,4.23262789535077
C2/clip_02626_two_S4.npz,21,2,1,S4,4.1995800419958
C2/clip_02627_two_S4.npz,21,2,1,S4,4.33275563258232
C2/clip_02628_two_S4.npz,21,2,1,S4,4.1991601679664
C2/clip_02629_two_S4.npz,21,2,1,S4,4.19930011664722
C2/clip_02630_two_S4.npz,21,2,1,S4,4.19930011664722
C2/clip_02631_two_S4.npz,21,2,1,S4,4.29928345275787
C2/clip_02632_two_S4.npz,21,2,1,S4,4.19930011664722
C2/clip_02633_two_S4.npz,21,2,1,S4,4.26595567405432
C2/clip_02634_two_S4.npz,21,2,1,S4,4.23262789535077
C2/clip_02635_two_S4.npz,21,2,1,S4,4.16597233794367
C2/clip_02636_two_S4.npz,21,2,1,S4,4.19930011664722
C2/clip_02637_two_S4.npz,21,2,1,S4,4.33261123146142
C2/clip_02638_two_S4.npz,21,2,1,S4,4.16597233794367
C2/clip_02639_two_S4.npz,21,2,0,S4,4.16597233794367
C2/clip_02640_two_S4.npz,21,2,1,S4,4.33261123146142
C2/clip_02641_two_S4.npz,21,2,1,S4,4.29928345275787
C2/clip_02642_two_S4.npz,21,2,1,S4,4.19930011664722
C2/clip_02643_two_S4.npz,21,2,1,S4,4.23276896413811
C2/clip_02644_two_S5.npz,21,2,0,S5,4.2791310072416
C2/clip_02645_two_S5.npz,21,2,0,S5,4.27903273957607
C2/clip_02646_two_S5.npz,21,2,0,S5,4.2791310072416
C2/clip_02647_two_S5.npz,21,2,0,S5,4.2791310072416
C2/clip_02648_two_S5.npz,21,2,0,S5,4.312047399605
C2/clip_02649_two_S5.npz,21,2,0,S5,4.2791310072416
C2/clip_02650_two_S5.npz,21,2,0,S5,4.2791310072416
C2/clip_02651_two_S5.npz,21,2,0,S5,4.2791310072416
C2/clip_02652_two_S5.npz,21,2,0,S5,4.2791310072416
C2/clip_02653_two_S5.npz,21,2,0,S5,4.2791310072416
C2/clip_02654_two_S5.npz,21,2,0,S5,4.27903273957607
C2/clip_02655_two_S5.npz,21,2,0,S5,4.2791310072416
C2/clip_02656_two_S5.npz,21,2,0,S5,4.2791310072416
C2/clip_02657_two_S5.npz,21,2,0,S5,4.2791310072416
C2/clip_02658_two_S5.npz,21,2,0,S5,4.24614140324863
C2/clip_02659_two_S5.npz,21,2,0,S5,4.2791310072416
C2/clip_02660_two_S5.npz,21,2,0,S5,4.2791310072416
C2/clip_02661_two_S5.npz,21,2,0,S5,4.312047399605
C2/clip_02662_two_S5.npz,21,2,0,S5,4.2791310072416
C2/clip_02663_two_S5.npz,21,2,0,S5,4.19930011664722
C2/clip_02664_two_S5.npz,21,2,0,S5,4.19930011664722
C2/clip_02665_two_S5.npz,21,2,0,S5,4.19930011664722
C2/clip_02666_two_S5.npz,21,2,0,S5,4.16597233794367
C2/clip_02667_two_S5.npz,21,2,0,S5,4.23276896413811
C2/clip_02668_two_S6.npz,21,2,0,S6,4.23276896413811
C2/clip_02669_two_S6.npz,21,2,0,S6,4.09931678053657
C2/clip_02670_two_S6.npz,21,2,1,S6,4.16597233794367
C2/clip_02671_two_S6.npz,21,2,0,S6,4.19930011664722
C2/clip_02672_two_S6.npz,21,2,0,S6,4.16597233794367
C2/clip_02673_two_S6.npz,21,2,0,S6,4.62249614791987
C2/clip_02674_two_S6.npz,21,2,0,S6,4.62249614791987
C2/clip_02675_two_S6.npz,21,2,0,S6,4.58666284444763
C2/clip_02676_two_S6.npz,21,2,0,S6,4.6223305145478
C2/clip_02677_two_S6.npz,21,2,0,S6,4.58666284444763
C2/clip_02678_two_S6.npz,21,2,0,S6,4.72999605833661
C2/clip_02679_two_S6.npz,21,2,0,S6,4.76582936180886
C2/clip_02680_two_S6.npz,21,2,0,S6,4.62249614791987
C2/clip_02681_two_S6.npz,21,2,0,S6,4.76582936180886
C2/clip_02682_two_S6.npz,21,2,0,S6,4.58666284444763
C2/clip_02683_two_S6.npz,21,2,0,S6,4.98082918264234
C2/clip_02684_two_S6.npz,21,2,0,S6,4.55082954097538
C2/clip_02685_two_S6.npz,21,2,0,S6,4.62249614791987
C2/clip_02686_two_S6.npz,21,2,0,S6,4.58666284444763
C2/clip_02687_two_S6.npz,21,2,0,S6,4.72999605833661
C2/clip_02688_two_S6.npz,21,2,0,S6,4.58666284444763
C2/clip_02689_two_S6.npz,21,2,0,S6,4.98082918264234
C2/clip_02690_two_S6.npz,21,2,0,S6,4.58666284444763
C2/clip_02691_two_S6.npz,21,2,0,S6,4.72999605833661
C2/clip_02692_two_S6.npz,21,2,0,S6,4.55082954097538
C2/clip_02693_two_S7.npz,21,2,1,S7,4.64121132323897
C2/clip_02694_two_S7.npz,21,2,1,S7,4.70704410796576
C2/clip_02695_two_S7.npz,21,2,1,S7,4.64121132323897
C2/clip_02696_two_S7.npz,21,2,1,S7,4.64121132323897
C2/clip_02697_two_S7.npz,21,2,1,S7,4.64121132323897
C2/clip_02698_two_S7.npz,21,2,1,S7,4.64121132323897
C2/clip_02699_two_S7.npz,21,2,1,S7,4.60829493087557
C2/clip_02700_two_S7.npz,21,2,1,S7,4.60829493087557
C2/clip_02701_two_S7.npz,21,2,1,S7,4.70704410796576
C2/clip_02702_two_S7.npz,21,2,1,S7,4.87162606978275
C2/clip_02703_two_S7.npz,21,2,1,S7,4.83870967741935
C2/clip_02704_two_S7.npz,21,2,1,S7,4.67412771560237
C2/clip_02705_two_S7.npz,21,2,1,S7,3.91705069124424
C2/clip_02706_two_S7.npz,21,2,1,S7,4.70704410796576
C2/clip_02707_two_S7.npz,21,2,1,S7,4.67412771560237
C2/clip_02708_two_S7.npz,21,2,1,S7,4.67412771560237
C2/clip_02709_two_S7.npz,21,2,1,S7,4.67412771560237
C2/clip_02710_two_S7.npz,21,2,1,S7,4.70704410796576
C2/clip_02711_two_S7.npz,21,2,1,S7,4.73996050032916
C2/clip_02712_two_S7.npz,21,2,1,S7,4.70704410796576
C2/clip_02713_two_S7.npz,21,2,1,S7,4.77287689269256
C2/clip_02714_three_S0.npz,22,2,0,S0,4.06666666666666
C2/clip_02715_three_S0.npz,22,2,0,S0,4.06666666666666
C2/clip_02716_three_S0.npz,22,2,0,S0,4.06666666666666
C2/clip_02717_three_S0.npz,22,2,0,S0,4.06666666666666
C2/clip_02718_three_S0.npz,22,2,0,S0,4.06666666666666
C2/clip_02719_three_S1.npz,22,2,1,S1,4.06666666666666
C2/clip_02720_three_S1.npz,22,2,1,S1,4.06666666666666
C2/clip_02721_three_S1.npz,22,2,1,S1,4.06666666666666
C2/clip_02722_three_S1.npz,22,2,1,S1,4.06666666666666
C2/clip_02723_three_S1.npz,22,2,1,S1,4.06666666666666
C2/clip_02724_three_S2.npz,22,2,0,S2,4.06666666666666
C2/clip_02725_three_S2.npz,22,2,0,S2,4.06666666666666
C2/clip_02726_three_S2.npz,22,2,0,S2,4.06666666666666
C2/clip_02727_three_S2.npz,22,2,0,S2,4.06666666666666
C2/clip_02728_three_S2.npz,22,2,0,S2,4.06666666666666
C2/clip_02729_three_S3.npz,22,2,0,S3,4.06666666666666
C2/clip_02730_three_S3.npz,22,2,0,S3,4.06666666666666
C2/clip_02731_three_S3.npz,22,2,0,S3,4.06666666666666
C2/clip_02732_three_S3.npz,22,2,1,S3,4.06666666666666
C2/clip_02733_three_S3.npz,22,2,1,S3,4.06666666666666
C2/clip_02734_three_S4.npz,22,2,1,S4,3.5663100356631
C2/clip_02735_three_S4.npz,22,2,1,S4,4.23262789535077
C2/clip_02736_three_S4.npz,22,2,1,S4,4.26609785361951
C2/clip_02737_three_S4.npz,22,2,1,S4,4.23262789535077
C2/clip_02738_three_S4.npz,22,2,1,S4,4.46607119050793
C2/clip_02739_three_S4.npz,22,2,1,S4,4.53257790368272
C2/clip_02740_three_S4.npz,22,2,1,S4,4.29942674310092
C2/clip_02741_three_S4.npz,22,2,1,S4,4.23262789535077
C2/clip_02742_three_S4.npz,22,2,1,S4,4.19930011664722
C2/clip_02743_three_S4.npz,22,2,1,S4,4.19928108307857
C2/clip_02744_three_S4.npz,22,2,1,S4,4.19930011664722
C2/clip_02745_three_S4.npz,22,2,1,S4,4.19930011664722
C2/clip_02746_three_S4.npz,22,2,1,S4,4.23262789535077
C2/clip_02747_three_S4.npz,22,2,1,S4,4.29928345275787
C2/clip_02748_three_S4.npz,22,2,1,S4,4.23262789535077
C2/clip_02749_three_S4.npz,22,2,1,S4,4.33275563258232
C2/clip_02750_three_S5.npz,22,2,0,S5,4.312047399605
C2/clip_02751_three_S5.npz,22,2,0,S5,4.27903273957607
C2/clip_02752_three_S5.npz,22,2,0,S5,4.312047399605
C2/clip_02753_three_S5.npz,22,2,0,S5,4.2791310072416
C2/clip_02754_three_S5.npz,22,2,0,S5,4.2791310072416
C2/clip_02755_three_S5.npz,22,2,0,S5,4.2791310072416
C2/clip_02756_three_S5.npz,22,2,0,S5,4.312047399605
C2/clip_02757_three_S5.npz,22,2,0,S5,4.2791310072416
C2/clip_02758_three_S5.npz,22,2,0,S5,4.2791310072416
C2/clip_02759_three_S5.npz,22,2,0,S5,4.24621461487821
C2/clip_02760_three_S5.npz,22,2,0,S5,4.2791310072416
C2/clip_02761_three_S5.npz,22,2,0,S5,4.2791310072416
C2/clip_02762_three_S5.npz,22,2,0,S5,4.2791310072416
C2/clip_02763_three_S5.npz,22,2,0,S5,4.2791310072416
C2/clip_02764_three_S5.npz,22,2,0,S5,4.2791310072416
C2/clip_02765_three_S5.npz,22,2,0,S5,4.2791310072416
C2/clip_02766_three_S5.npz,22,2,0,S5,4.2791310072416
C2/clip_02767_three_S5.npz,22,2,0,S5,4.2791310072416
C2/clip_02768_three_S5.npz,22,2,0,S5,4.2791310072416
C2/clip_02769_three_S5.npz,22,2,0,S5,4.312047399605
C2/clip_02770_three_S5.npz,22,2,0,S5,3.99933344442592
C2/clip_02771_three_S5.npz,22,2,0,S5,4.06598900183302
C2/clip_02772_three_S5.npz,22,2,0,S5,4.16597233794367
C2/clip_02773_three_S5.npz,22,2,0,S5,4.09931678053657
C2/clip_02774_three_S5.npz,22,2,0,S5,4.23276896413811
C2/clip_02775_three_S6.npz,22,2,1,S6,3.89935010831528
C2/clip_02776_three_S6.npz,22,2,1,S6,4.1662500416625
C2/clip_02777_three_S6.npz,22,2,1,S6,4.26595567405432
C2/clip_02778_three_S6.npz,22,2,1,S6,4.33275563258232
C2/clip_02779_three_S6.npz,22,2,1,S6,4.23262789535077
C2/clip_02780_three_S6.npz,22,2,1,S6,4.06598900183302
C2/clip_02781_three_S6.npz,22,2,1,S6,4.46592234627562
C2/clip_02782_three_S6.npz,22,2,0,S6,4.44332963055864
C2/clip_02783_three_S6.npz,22,2,0,S6,4.55082954097538
C2/clip_02784_three_S6.npz,22,2,0,S6,4.44332963055864
C2/clip_02785_three_S6.npz,22,2,0,S6,0.537499552083706
C2/clip_02786_three_S6.npz,22,2,0,S6,4.69416275486437
C2/clip_02787_three_S6.npz,22,2,0,S6,4.58666284444763
C2/clip_02788_three_S6.npz,22,2,0,S6,4.44332963055864
C2/clip_02789_three_S6.npz,22,2,0,S6,4.44332963055864
C2/clip_02790_three_S6.npz,22,2,0,S6,4.58666284444763
C2/clip_02791_three_S6.npz,22,2,0,S6,4.69416275486437
C2/clip_02792_three_S6.npz,22,2,0,S6,4.51499623750313
C2/clip_02793_three_S6.npz,22,2,0,S6,4.47916293403088
C2/clip_02794_three_S6.npz,22,2,0,S6,4.58666284444763
C2/clip_02795_three_S6.npz,22,2,0,S6,4.62249614791987
C2/clip_02796_three_S6.npz,22,2,0,S6,4.55082954097538
C2/clip_02797_three_S6.npz,22,2,0,S6,4.80166266528111
C2/clip_02798_three_S6.npz,22,2,0,S6,4.51499623750313
C2/clip_02799_three_S6.npz,22,2,1,S6,4.55082954097538
C2/clip_02800_three_S6.npz,22,2,0,S6,4.72999605833661
C2/clip_02801_three_S6.npz,22,2,0,S6,4.62249614791987
C2/clip_02802_three_S7.npz,22,2,1,S7,4.87162606978275
C2/clip_02803_three_S7.npz,22,2,1,S7,4.70704410796576
C2/clip_02804_three_S7.npz,22,2,1,S7,4.73996050032916
C2/clip_02805_three_S7.npz,22,2,1,S7,4.67412771560237
C2/clip_02806_three_S7.npz,22,2,1,S7,4.73996050032916
C2/clip_02807_three_S7.npz,22,2,1,S7,4.70704410796576
C2/clip_02808_three_S7.npz,22,2,1,S7,4.70704410796576
C2/clip_02809_three_S7.npz,22,2,1,S7,4.70704410796576
C2/clip_02810_three_S7.npz,22,2,1,S7,4.80579328505595
C2/clip_02811_three_S7.npz,22,2,1,S7,4.73996050032916
C2/clip_02812_three_S7.npz,22,2,1,S7,4.73996050032916
C2/clip_02813_three_S7.npz,22,2,1,S7,4.67412771560237
C2/clip_02814_three_S7.npz,22,2,1,S7,4.77287689269256
C2/clip_02815_three_S7.npz,22,2,1,S7,4.77287689269256
C2/clip_02816_three_S7.npz,22,2,1,S7,4.64121132323897
C2/clip_02817_three_S7.npz,22,2,1,S7,4.67412771560237
C2/clip_02818_three_S7.npz,22,2,1,S7,4.73996050032916
C2/clip_02819_three_S7.npz,22,2,1,S7,4.97037524687294
C2/clip_02820_three_S7.npz,22,2,1,S7,4.67412771560237
C2/clip_02821_three_S7.npz,22,2,1,S7,4.80579328505595
C2/clip_02822_three_S7.npz,22,2,1,S7,4.29928345275787
C2/clip_02823_three_S7.npz,22,2,1,S7,4.23262789535077
C2/clip_02824_three_S7.npz,22,2,1,S7,4.19930011664722
C2/clip_02825_three_S7.npz,22,2,1,S7,4.23276896413811
C2/clip_02826_three_S7.npz,22,2,1,S7,4.29942674310092
C2/clip_02827_three_S7.npz,22,2,1,S7,4.29928345275787
C2/clip_02828_three_S7.npz,22,2,1,S7,4.26609785361951
C2/clip_02829_three_S7.npz,22,2,1,S7,4.23262789535077
C2/clip_02830_three_S7.npz,22,2,1,S7,4.23262789535077
C2/clip_02831_three_S7.npz,22,2,1,S7,4.0661245167311
C2/clip_02832_four_S0.npz,23,2,0,S0,4.06666666666666
C2/clip_02833_four_S0.npz,23,2,0,S0,4.06666666666666
C2/clip_02834_four_S0.npz,23,2,1,S0,4.06666666666666
C2/clip_02835_four_S0.npz,23,2,1,S0,4.06666666666666
C2/clip_02836_four_S0.npz,23,2,1,S0,4.06666666666666
C2/clip_02837_four_S1.npz,23,2,1,S1,4.06666666666666
C2/clip_02838_four_S1.npz,23,2,1,S1,4.06666666666666
C2/clip_02839_four_S1.npz,23,2,1,S1,4.06666666666666
C2/clip_02840_four_S1.npz,23,2,1,S1,4.06666666666666
C2/clip_02841_four_S1.npz,23,2,1,S1,4.06666666666666
C2/clip_02842_four_S1.npz,23,2,1,S1,4.06666666666666
C2/clip_02843_four_S2.npz,23,2,1,S2,4.06666666666666
C2/clip_02844_four_S2.npz,23,2,1,S2,4.06666666666666
C2/clip_02845_four_S2.npz,23,2,1,S2,4.06666666666666
C2/clip_02846_four_S2.npz,23,2,1,S2,4.06666666666666
C2/clip_02847_four_S2.npz,23,2,1,S2,4.06666666666666
C2/clip_02848_four_S3.npz,23,2,1,S3,4.06666666666666
C2/clip_02849_four_S3.npz,23,2,0,S3,4.06666666666666
C2/clip_02850_four_S3.npz,23,2,1,S3,4.06666666666666
C2/clip_02851_four_S3.npz,23,2,1,S3,4.06666666666666
C2/clip_02852_four_S4.npz,23,2,1,S4,4.13264455924012
C2/clip_02853_four_S4.npz,23,2,1,S4,4.26595567405432
C2/clip_02854_four_S4.npz,23,2,1,S4,4.23262789535077
C2/clip_02855_four_S4.npz,23,2,1,S4,4.23262789535077
C2/clip_02856_four_S4.npz,23,2,1,S4,4.36593901016497
C2/clip_02857_four_S4.npz,23,2,1,S4,4.29928345275787
C2/clip_02858_four_S4.npz,23,2,1,S4,4.26609785361951
C2/clip_02859_four_S4.npz,23,2,1,S4,4.23276896413811
C2/clip_02860_four_S4.npz,23,2,1,S4,4.19930011664722
C2/clip_02861_four_S4.npz,23,2,1,S4,4.19944007465671
C2/clip_02862_four_S4.npz,23,2,1,S4,4.23262789535077
C2/clip_02863_four_S4.npz,23,2,1,S4,4.63256123979336
C2/clip_02864_four_S4.npz,23,2,1,S4,4.1327822956939
C2/clip_02865_four_S4.npz,23,2,1,S4,4.16597233794367
C2/clip_02866_four_S4.npz,23,2,1,S4,4.19930011664722
C2/clip_02867_four_S4.npz,23,2,1,S4,4.29942674310092
C2/clip_02868_four_S4.npz,23,2,1,S4,4.33261123146142
C2/clip_02869_four_S4.npz,23,2,1,S4,4.23262789535077
C2/clip_02870_four_S4.npz,23,2,1,S4,4.19930011664722
C2/clip_02871_four_S4.npz,23,2,1,S4,4.29928345275787
C2/clip_02872_four_S5.npz,23,2,0,S5,4.31191747653321
C2/clip_02873_four_S5.npz,23,2,0,S5,4.2791310072416
C2/clip_02874_four_S5.npz,23,2,0,S5,4.2791310072416
C2/clip_02875_four_S5.npz,23,2,0,S5,4.2791310072416
C2/clip_02876_four_S5.npz,23,2,0,S5,4.27903273957607
C2/clip_02877_four_S5.npz,23,2,0,S5,4.2791310072416
C2/clip_02878_four_S5.npz,23,2,0,S5,4.312047399605
C2/clip_02879_four_S5.npz,23,2,0,S5,4.2791310072416
C2/clip_02880_four_S5.npz,23,2,0,S5,4.312047399605
C2/clip_02881_four_S5.npz,23,2,0,S5,4.2791310072416
C2/clip_02882_four_S5.npz,23,2,0,S5,4.2791310072416
C2/clip_02883_four_S5.npz,23,2,0,S5,4.2791310072416
C2/clip_02884_four_S5.npz,23,2,0,S5,4.2791310072416
C2/clip_02885_four_S5.npz,23,2,0,S5,4.2791310072416
C2/clip_02886_four_S5.npz,23,2,0,S5,4.312047399605
C2/clip_02887_four_S5.npz,23,2,0,S5,4.24621461487821
C2/clip_02888_four_S5.npz,23,2,0,S5,4.2791310072416
C2/clip_02889_four_S5.npz,23,2,0,S5,4.24621461487821
C2/clip_02890_four_S5.npz,23,2,0,S5,4.2791310072416
C2/clip_02891_four_S5.npz,23,2,0,S5,4.2791310072416
C2/clip_02892_four_S5.npz,23,2,0,S5,4.23262789535077
C2/clip_02893_four_S5.npz,23,2,0,S5,4.1995800419958
C2/clip_02894_four_S5.npz,23,2,0,S5,4.0994534062125
C2/clip_02895_four_S5.npz,23,2,0,S5,4.06598900183302
C2/clip_02896_four_S5.npz,23,2,0,S5,4.13264455924012
C2/clip_02897_four_S6.npz,23,2,0,S6,4.13264455924012
C2/clip_02898_four_S6.npz,23,2,0,S6,4.0994534062125
C2/clip_02899_four_S6.npz,23,2,0,S6,4.19930011664722
C2/clip_02900_four_S6.npz,23,2,1,S6,4.1995800419958
C2/clip_02901_four_S6.npz,23,2,1,S6,4.23262789535077
C2/clip_02902_four_S6.npz,23,2,0,S6,4.51499623750313
C2/clip_02903_four_S6.npz,23,2,0,S6,4.58666284444763
C2/clip_02904_four_S6.npz,23,2,0,S6,4.51499623750313
C2/clip_02905_four_S6.npz,23,2,0,S6,4.44332963055864
C2/clip_02906_four_S6.npz,23,2,0,S6,4.40749632708639
C2/clip_02907_four_S6.npz,23,2,0,S6,4.51499623750313
C2/clip_02908_four_S6.npz,23,2,0,S6,3.00999749166875
C2/clip_02909_four_S6.npz,23,2,0,S6,4.69416275486437
C2/clip_02910_four_S6.npz,23,2,0,S6,4.47916293403088
C2/clip_02911_four_S6.npz,23,2,0,S6,4.55082954097538
C2/clip_02912_four_S6.npz,23,2,0,S6,4.55082954097538
C2/clip_02913_four_S6.npz,23,2,0,S6,4.58666284444763
C2/clip_02914_four_S6.npz,23,2,0,S6,0.358333034722471
C2/clip_02915_four_S6.npz,23,2,0,S6,4.51499623750313
C2/clip_02916_four_S6.npz,23,2,0,S6,4.47916293403088
C2/clip_02917_four_S6.npz,23,2,0,S6,4.22832980972515
C2/clip_02918_four_S6.npz,23,2,0,S6,4.65799562865025
C2/clip_02919_four_S6.npz,23,2,0,S6,4.47916293403088
C2/clip_02920_four_S6.npz,23,2,0,S6,4.55082954097538
C2/clip_02921_four_S6.npz,23,2,0,S6,4.51499623750313
C2/clip_02922_four_S6.npz,23,2,0,S6,4.65832945139212
C2/clip_02923_four_S7.npz,23,2,1,S7,4.64121132323897
C2/clip_02924_four_S7.npz,23,2,0,S7,4.70704410796576
C2/clip_02925_four_S7.npz,23,2,0,S7,4.70704410796576
C2/clip_02926_four_S7.npz,23,2,1,S7,4.57537853851218
C2/clip_02927_four_S7.npz,23,2,1,S7,4.77287689269256
C2/clip_02928_four_S7.npz,23,2,1,S7,4.70704410796576
C2/clip_02929_four_S7.npz,23,2,1,S7,4.60829493087557
C2/clip_02930_four_S7.npz,23,2,1,S7,4.64121132323897
C2/clip_02931_four_S7.npz,23,2,1,S7,4.70704410796576
C2/clip_02932_four_S7.npz,23,2,1,S7,4.54246214614878
C2/clip_02933_four_S7.npz,23,2,1,S7,4.70704410796576
C2/clip_02934_four_S7.npz,23,2,1,S7,4.70704410796576
C2/clip_02935_four_S7.npz,23,2,1,S7,4.70704410796576
C2/clip_02936_four_S7.npz,23,2,1,S7,4.67412771560237
C2/clip_02937_four_S7.npz,23,2,1,S7,4.80579328505595
C2/clip_02938_four_S7.npz,23,2,1,S7,4.67412771560237
C2/clip_02939_four_S7.npz,23,2,1,S7,4.73996050032916
C2/clip_02940_four_S7.npz,23,2,1,S7,4.50954575378538
C2/clip_02941_four_S7.npz,23,2,1,S7,4.83870967741935
C2/clip_02942_four_S7.npz,23,2,1,S7,4.73996050032916
C2/clip_02943_four_S7.npz,23,2,1,S7,4.16597233794367
C2/clip_02944_four_S7.npz,23,2,1,S7,4.23262789535077
C2/clip_02945_four_S7.npz,23,2,1,S7,4.29928345275787
C2/clip_02946_four_S7.npz,23,2,1,S7,4.29942674310092
C2/clip_02947_four_S7.npz,23,2,1,S7,4.26595567405432
C2/clip_02948_five_S0.npz,24,2,0,S0,4.06666666666666
C2/clip_02949_five_S0.npz,24,2,1,S0,4.06666666666666
C2/clip_02950_five_S0.npz,24,2,1,S0,4.06666666666666
C2/clip_02951_five_S0.npz,24,2,0,S0,4.06666666666666
C2/clip_02952_five_S0.npz,24,2,1,S0,4.06666666666666
C2/clip_02953_five_S1.npz,24,2,1,S1,4.06666666666666
C2/clip_02954_five_S1.npz,24,2,1,S1,4.06666666666666
C2/clip_02955_five_S1.npz,24,2,1,S1,4.06666666666666
C2/clip_02956_five_S1.npz,24,2,1,S1,4.06666666666666
C2/clip_02957_five_S1.npz,24,2,1,S1,4.06666666666666
C2/clip_02958_five_S2.npz,24,2,1,S2,4.06666666666666
C2/clip_02959_five_S2.npz,24,2,1,S2,4.06666666666666
C2/clip_02960_five_S2.npz,24,2,1,S2,4.06666666666666
C2/clip_02961_five_S2.npz,24,2,1,S2,4.06666666666666
C2/clip_02962_five_S2.npz,24,2,1,S2,4.06666666666666
C2/clip_02963_five_S3.npz,24,2,1,S3,4.06666666666666
C2/clip_02964_five_S3.npz,24,2,0,S3,4.06666666666666
C2/clip_02965_five_S3.npz,24,2,1,S3,4.06666666666666
C2/clip_02966_five_S3.npz,24,2,1,S3,4.06666666666666
C2/clip_02967_five_S3.npz,24,2,1,S3,4.06666666666666
C2/clip_02968_five_S4.npz,24,2,1,S4,3.7996200379962
C2/clip_02969_five_S4.npz,24,2,1,S4,4.36593901016497
C2/clip_02970_five_S4.npz,24,2,1,S4,4.23262789535077
C2/clip_02971_five_S4.npz,24,2,1,S4,4.23262789535077
C2/clip_02972_five_S4.npz,24,2,1,S4,4.26609785361951
C2/clip_02973_five_S4.npz,24,2,1,S4,4.26609785361951
C2/clip_02974_five_S4.npz,24,2,1,S4,4.23276896413811
C2/clip_02975_five_S4.npz,24,2,1,S4,4.23276896413811
C2/clip_02976_five_S4.npz,24,2,1,S4,4.49925012497917
C2/clip_02977_five_S4.npz,24,2,1,S4,4.23262789535077
C2/clip_02978_five_S4.npz,24,2,1,S4,4.19944007465671
C2/clip_02979_five_S4.npz,24,2,1,S4,4.16611118517531
C2/clip_02980_five_S4.npz,24,2,1,S4,4.16597233794367
C2/clip_02981_five_S4.npz,24,2,1,S4,4.16611118517531
C2/clip_02982_five_S4.npz,24,2,1,S4,4.33261123146142
C2/clip_02983_five_S4.npz,24,2,1,S4,4.19944007465671
C2/clip_02984_five_S4.npz,24,2,1,S4,4.13264455924012
C2/clip_02985_five_S4.npz,24,2,1,S4,4.03279562724969
C2/clip_02986_five_S5.npz,24,2,0,S5,4.31191747653321
C2/clip_02987_five_S5.npz,24,2,0,S5,4.2791310072416
C2/clip_02988_five_S5.npz,24,2,0,S5,4.31191747653321
C2/clip_02989_five_S5.npz,24,2,0,S5,4.312047399605
C2/clip_02990_five_S5.npz,24,2,0,S5,4.27903273957607
C2/clip_02991_five_S5.npz,24,2,0,S5,4.2791310072416
C2/clip_02992_five_S5.npz,24,2,0,S5,4.2791310072416
C2/clip_02993_five_S5.npz,24,2,0,S5,4.2791310072416
C2/clip_02994_five_S5.npz,24,2,0,S5,4.24621461487821
C2/clip_02995_five_S5.npz,24,2,0,S5,4.2791310072416
C2/clip_02996_five_S5.npz,24,2,0,S5,4.312047399605
C2/clip_02997_five_S5.npz,24,2,0,S5,4.2791310072416
C2/clip_02998_five_S5.npz,24,2,0,S5,4.24621461487821
C2/clip_02999_five_S5.npz,24,2,0,S5,4.2791310072416
C2/clip_03000_five_S5.npz,24,2,0,S5,4.2791310072416
C2/clip_03001_five_S5.npz,24,2,0,S5,4.2791310072416
C2/clip_03002_five_S5.npz,24,2,0,S5,4.2791310072416
C2/clip_03003_five_S5.npz,24,2,0,S5,4.2791310072416
C2/clip_03004_five_S5.npz,24,2,0,S5,4.2791310072416
C2/clip_03005_five_S5.npz,24,2,0,S5,4.2791310072416
C2/clip_03006_five_S5.npz,24,2,0,S5,4.23262789535077
C2/clip_03007_five_S5.npz,24,2,0,S5,4.19930011664722
C2/clip_03008_five_S5.npz,24,2,0,S5,4.16597233794367
C2/clip_03009_five_S5.npz,24,2,0,S5,4.06598900183302
C2/clip_03010_five_S6.npz,24,2,1,S6,4.13264455924012
C2/clip_03011_five_S6.npz,24,2,1,S6,4.13264455924012
C2/clip_03012_five_S6.npz,24,2,1,S6,4.13264455924012
C2/clip_03013_five_S6.npz,24,2,1,S6,4.0662600406626
C2/clip_03014_five_S6.npz,24,2,1,S6,4.23262789535077
C2/clip_03015_five_S6.npz,24,2,1,S6,4.58666284444763
C2/clip_03016_five_S6.npz,24,2,0,S6,4.40749632708639
C2/clip_03017_five_S6.npz,24,2,0,S6,4.58666284444763
C2/clip_03018_five_S6.npz,24,2,0,S6,4.62249614791987
C2/clip_03019_five_S6.npz,24,2,0,S6,4.55082954097538
C2/clip_03020_five_S6.npz,24,2,0,S6,4.51499623750313
C2/clip_03021_five_S6.npz,24,2,0,S6,4.44332963055864
C2/clip_03022_five_S6.npz,24,2,1,S6,4.40749632708639
C2/clip_03023_five_S6.npz,24,2,1,S6,4.3358297201419
C2/clip_03024_five_S6.npz,24,2,0,S6,4.62249614791987
C2/clip_03025_five_S6.npz,24,2,1,S6,4.51499623750313
C2/clip_03026_five_S6.npz,24,2,1,S6,4.62249614791987
C2/clip_03027_five_S6.npz,24,2,1,S6,4.40749632708639
C2/clip_03028_five_S6.npz,24,2,1,S6,4.51499623750313
C2/clip_03029_five_S6.npz,24,2,1,S6,4.62249614791987
C2/clip_03030_five_S6.npz,24,2,1,S6,4.51499623750313
C2/clip_03031_five_S6.npz,24,2,0,S6,4.65832945139212
C2/clip_03032_five_S6.npz,24,2,1,S6,4.62249614791987
C2/clip_03033_five_S6.npz,24,2,1,S6,4.69416275486437
C2/clip_03034_five_S6.npz,24,2,1,S6,4.58666284444763
C2/clip_03035_five_S7.npz,24,2,1,S7,4.87162606978275
C2/clip_03036_five_S7.npz,24,2,1,S7,4.73996050032916
C2/clip_03037_five_S7.npz,24,2,1,S7,4.70704410796576
C2/clip_03038_five_S7.npz,24,2,1,S7,4.77287689269256
C2/clip_03039_five_S7.npz,24,2,1,S7,4.54246214614878
C2/clip_03040_five_S7.npz,24,2,1,S7,4.70704410796576
C2/clip_03041_five_S7.npz,24,2,1,S7,4.83870967741935
C2/clip_03042_five_S7.npz,24,2,1,S7,4.73996050032916
C2/clip_03043_five_S7.npz,24,2,1,S7,4.70704410796576
C2/clip_03044_five_S7.npz,24,2,1,S7,4.70704410796576
C2/clip_03045_five_S7.npz,24,2,1,S7,4.77287689269256
C2/clip_03046_five_S7.npz,24,2,1,S7,4.73996050032916
C2/clip_03047_five_S7.npz,24,2,1,S7,4.67412771560237
C2/clip_03048_five_S7.npz,24,2,1,S7,4.83870967741935
C2/clip_03049_five_S7.npz,24,2,1,S7,4.67412771560237
C2/clip_03050_five_S7.npz,24,2,1,S7,4.67412771560237
C2/clip_03051_five_S7.npz,24,2,1,S7,4.70704410796576
C2/clip_03052_five_S7.npz,24,2,1,S7,4.70704410796576
C2/clip_03053_five_S7.npz,24,2,1,S7,4.73996050032916
C2/clip_03054_five_S7.npz,24,2,1,S7,4.67412771560237
C2/clip_03055_five_S7.npz,24,2,1,S7,4.19930011664722
C2/clip_03056_five_S7.npz,24,2,1,S7,4.23262789535077
C2/clip_03057_five_S7.npz,24,2,1,S7,4.46592234627562
C2/clip_03058_five_S7.npz,24,2,1,S7,4.19930011664722
C2/clip_03059_five_S7.npz,24,2,1,S7,4.26595567405432
C2/clip_03060_five_S7.npz,24,2,1,S7,4.06600481143902
C2/clip_03061_six_S0.npz,25,2,0,S0,4.06666666666666
C2/clip_03062_six_S0.npz,25,2,0,S0,4.06666666666666
C2/clip_03063_six_S0.npz,25,2,0,S0,4.06666666666666
C2/clip_03064_six_S0.npz,25,2,0,S0,4.06666666666666
C2/clip_03065_six_S0.npz,25,2,0,S0,4.06666666666666
C2/clip_03066_six_S1.npz,25,2,0,S1,4.06666666666666
C2/clip_03067_six_S1.npz,25,2,1,S1,4.06666666666666
C2/clip_03068_six_S1.npz,25,2,1,S1,4.06666666666666
C2/clip_03069_six_S1.npz,25,2,0,S1,4.06666666666666
C2/clip_03070_six_S1.npz,25,2,1,S1,4.06666666666666
C2/clip_03071_six_S1.npz,25,2,1,S1,4.06666666666666
C2/clip_03072_six_S2.npz,25,2,0,S2,4.06666666666666
C2/clip_03073_six_S2.npz,25,2,1,S2,4.06666666666666
C2/clip_03074_six_S2.npz,25,2,1,S2,4.06666666666666
C2/clip_03075_six_S2.npz,25,2,1,S2,4.06666666666666
C2/clip_03076_six_S2.npz,25,2,0,S2,4.06666666666666
C2/clip_03077_six_S3.npz,25,2,0,S3,4.05
C2/clip_03078_six_S3.npz,25,2,0,S3,4.05
C2/clip_03079_six_S3.npz,25,2,0,S3,4.05
C2/clip_03080_six_S3.npz,25,2,0,S3,4.05
C2/clip_03081_six_S3.npz,25,2,0,S3,4.05
C2/clip_03082_six_S4.npz,25,2,0,S4,4.33261123146142
C2/clip_03083_six_S4.npz,25,2,1,S4,4.29928345275787
C2/clip_03084_six_S4.npz,25,2,1,S4,4.39926678886852
C2/clip_03085_six_S4.npz,25,2,1,S4,4.06598900183302
C2/clip_03086_six_S4.npz,25,2,1,S4,4.23262789535077
C2/clip_03087_six_S4.npz,25,2,1,S4,4.23262789535077
C2/clip_03088_six_S4.npz,25,2,1,S4,4.19930011664722
C2/clip_03089_six_S4.npz,25,2,1,S4,4.23276896413811
C2/clip_03090_six_S4.npz,25,2,1,S4,4.23276896413811
C2/clip_03091_six_S4.npz,25,2,1,S4,4.23262789535077
C2/clip_03092_six_S4.npz,25,2,1,S4,4.19930011664722
C2/clip_03093_six_S4.npz,25,2,1,S4,4.26609785361951
C2/clip_03094_six_S4.npz,25,2,1,S4,5.399100149975
C2/clip_03095_six_S4.npz,25,2,1,S4,4.23276896413811
C2/clip_03096_six_S4.npz,25,2,1,S4,4.19930011664722
C2/clip_03097_six_S4.npz,25,2,1,S4,4.16611118517531
C2/clip_03098_six_S4.npz,25,2,1,S4,4.23262789535077
C2/clip_03099_six_S4.npz,25,2,0,S4,4.16611118517531
C2/clip_03100_six_S4.npz,25,2,1,S4,4.29942674310092
C2/clip_03101_six_S4.npz,25,2,1,S4,4.19930011664722
C2/clip_03102_six_S4.npz,25,2,1,S4,4.29928345275787
C2/clip_03103_six_S4.npz,25,2,1,S4,4.19930011664722
C2/clip_03104_six_S5.npz,25,2,0,S5,4.2791310072416
C2/clip_03105_six_S5.npz,25,2,0,S5,4.2791310072416
C2/clip_03106_six_S5.npz,25,2,0,S5,4.312047399605
C2/clip_03107_six_S5.npz,25,2,0,S5,4.24621461487821
C2/clip_03108_six_S5.npz,25,2,0,S5,4.2791310072416
C2/clip_03109_six_S5.npz,25,2,0,S5,4.2791310072416
C2/clip_03110_six_S5.npz,25,2,0,S5,4.312047399605
C2/clip_03111_six_S5.npz,25,2,0,S5,4.2791310072416
C2/clip_03112_six_S5.npz,25,2,0,S5,4.2791310072416
C2/clip_03113_six_S5.npz,25,2,0,S5,4.2791310072416
C2/clip_03114_six_S5.npz,25,2,0,S5,4.2791310072416
C2/clip_03115_six_S5.npz,25,2,0,S5,4.2791310072416
C2/clip_03116_six_S5.npz,25,2,0,S5,4.2791310072416
C2/clip_03117_six_S5.npz,25,2,0,S5,4.2791310072416
C2/clip_03118_six_S5.npz,25,2,0,S5,4.2791310072416
C2/clip_03119_six_S5.npz,25,2,0,S5,4.27903273957607
C2/clip_03120_six_S5.npz,25,2,0,S5,4.2791310072416
C2/clip_03121_six_S5.npz,25,2,0,S5,4.2791310072416
C2/clip_03122_six_S5.npz,25,2,0,S5,4.2791310072416
C2/clip_03123_six_S5.npz,25,2,0,S5,4.2791310072416
C2/clip_03124_six_S5.npz,25,2,0,S5,4.23276896413811
C2/clip_03125_six_S5.npz,25,2,0,S5,4.19930011664722
C2/clip_03126_six_S5.npz,25,2,0,S5,4.23262789535077
C2/clip_03127_six_S5.npz,25,2,0,S5,4.29928345275787
C2/clip_03128_six_S5.npz,25,2,0,S5,4.23262789535077
C2/clip_03129_six_S6.npz,25,2,1,S6,3.99933344442592
C2/clip_03130_six_S6.npz,25,2,0,S6,4.13264455924012
C2/clip_03131_six_S6.npz,25,2,0,S6,4.26595567405432
C2/clip_03132_six_S6.npz,25,2,0,S6,3.96600566572238
C2/clip_03133_six_S6.npz,25,2,0,S6,4.26609785361951
C2/clip_03134_six_S6.npz,25,2,0,S6,4.22832980972515
C2/clip_03135_six_S6.npz,25,2,0,S6,4.58666284444763
C2/clip_03136_six_S6.npz,25,2,0,S6,4.47916293403088
C2/clip_03137_six_S6.npz,25,2,0,S6,4.58666284444763
C2/clip_03138_six_S6.npz,25,2,0,S6,4.51499623750313
C2/clip_03139_six_S6.npz,25,2,0,S6,4.62249614791987
C2/clip_03140_six_S6.npz,25,2,0,S6,4.55082954097538
C2/clip_03141_six_S6.npz,25,2,0,S6,4.58666284444763
C2/clip_03142_six_S6.npz,25,2,0,S6,4.62249614791987
C2/clip_03143_six_S6.npz,25,2,0,S6,4.47916293403088
C2/clip_03144_six_S6.npz,25,2,0,S6,4.51499623750313
C2/clip_03145_six_S6.npz,25,2,0,S6,4.72999605833661
C2/clip_03146_six_S6.npz,25,2,0,S6,4.47916293403088
C2/clip_03147_six_S6.npz,25,2,0,S6,4.58666284444763
C2/clip_03148_six_S6.npz,25,2,0,S6,4.55082954097538
C2/clip_03149_six_S6.npz,25,2,0,S6,4.62249614791987
C2/clip_03150_six_S6.npz,25,2,0,S6,4.55082954097538
C2/clip_03151_six_S6.npz,25,2,0,S6,4.62249614791987
C2/clip_03152_six_S6.npz,25,2,0,S6,4.65832945139212
C2/clip_03153_six_S6.npz,25,2,0,S6,4.65832945139212
C2/clip_03154_six_S7.npz,25,2,0,S7,4.73996050032916
C2/clip_03155_six_S7.npz,25,2,1,S7,4.70704410796576
C2/clip_03156_six_S7.npz,25,2,1,S7,4.54246214614878
C2/clip_03157_six_S7.npz,25,2,1,S7,4.64121132323897
C2/clip_03158_six_S7.npz,25,2,1,S7,4.60829493087557
C2/clip_03159_six_S7.npz,25,2,1,S7,4.64121132323897
C2/clip_03160_six_S7.npz,25,2,1,S7,4.73996050032916
C2/clip_03161_six_S7.npz,25,2,1,S7,4.83870967741935
C2/clip_03162_six_S7.npz,25,2,1,S7,5.10204081632653
C2/clip_03163_six_S7.npz,25,2,1,S7,4.83870967741935
C2/clip_03164_six_S7.npz,25,2,1,S7,4.73996050032916
C2/clip_03165_six_S7.npz,25,2,1,S7,4.73996050032916
C2/clip_03166_six_S7.npz,25,2,1,S7,4.70704410796576
C2/clip_03167_six_S7.npz,25,2,1,S7,4.67412771560237
C2/clip_03168_six_S7.npz,25,2,1,S7,4.83870967741935
C2/clip_03169_six_S7.npz,25,2,1,S7,4.70704410796576
C2/clip_03170_six_S7.npz,25,2,1,S7,4.54246214614878
C2/clip_03171_six_S7.npz,25,2,1,S7,4.73996050032916
C2/clip_03172_six_S7.npz,25,2,1,S7,4.77287689269256
C2/clip_03173_six_S7.npz,25,2,0,S7,4.19930011664722
C2/clip_03174_six_S7.npz,25,2,0,S7,4.16597233794367
C2/clip_03175_six_S7.npz,25,2,1,S7,4.26609785361951
C2/clip_03176_six_S7.npz,25,2,0,S7,4.23262789535077
C2/clip_03177_six_S7.npz,25,2,0,S7,4.36593901016497
C2/clip_03178_seven_S0.npz,26,2,0,S0,4.05
C2/clip_03179_seven_S0.npz,26,2,0,S0,4.05
C2/clip_03180_seven_S0.npz,26,2,0,S0,4.05
C2/clip_03181_seven_S0.npz,26,2,0,S0,4.05
C2/clip_03182_seven_S0.npz,26,2,1,S0,4.05
C2/clip_03183_seven_S0.npz,26,2,0,S0,4.05
C2/clip_03184_seven_S2.npz,26,2,0,S2,4.06666666666666
C2/clip_03185_seven_S2.npz,26,2,0,S2,4.06666666666666
C2/clip_03186_seven_S2.npz,26,2,0,S2,4.05
C2/clip_03187_seven_S2.npz,26,2,0,S2,4.05
C2/clip_03188_seven_S2.npz,26,2,0,S2,4.05
C2/clip_03189_seven_S3.npz,26,2,1,S3,4.05
C2/clip_03190_seven_S3.npz,26,2,1,S3,4.05
C2/clip_03191_seven_S3.npz,26,2,1,S3,4.05
C2/clip_03192_seven_S3.npz,26,2,1,S3,4.05
C2/clip_03193_seven_S3.npz,26,2,1,S3,4.05
C2/clip_03194_seven_S4.npz,26,2,1,S4,4.23262789535077
C2/clip_03195_seven_S4.npz,26,2,1,S4,4.0994534062125
C2/clip_03196_seven_S4.npz,26,2,1,S4,4.19944007465671
C2/clip_03197_seven_S4.npz,26,2,1,S4,4.19930011664722
C2/clip_03198_seven_S4.npz,26,2,1,S4,4.23262789535077
C2/clip_03199_seven_S4.npz,26,2,1,S4,4.23262789535077
C2/clip_03200_seven_S4.npz,26,2,1,S4,4.26595567405432
C2/clip_03201_seven_S4.npz,26,2,1,S4,4.29928345275787
C2/clip_03202_seven_S4.npz,26,2,1,S4,4.29928345275787
C2/clip_03203_seven_S4.npz,26,2,1,S4,4.36593901016497
C2/clip_03204_seven_S4.npz,26,2,1,S4,4.23276896413811
C2/clip_03205_seven_S4.npz,26,2,1,S4,4.29928345275787
C2/clip_03206_seven_S4.npz,26,2,1,S4,4.23262789535077
C2/clip_03207_seven_S4.npz,26,2,1,S4,4.2329100423291
C2/clip_03208_seven_S4.npz,26,2,1,S4,4.16611118517531
C2/clip_03209_seven_S4.npz,26,2,1,S4,4.19930011664722
C2/clip_03210_seven_S4.npz,26,2,1,S4,4.16597233794367
C2/clip_03211_seven_S4.npz,26,2,1,S4,4.46592234627562
C2/clip_03212_seven_S4.npz,26,2,1,S4,4.36608452206372
C2/clip_03213_seven_S4.npz,26,2,1,S4,4.2995700429957
C2/clip_03214_seven_S4.npz,26,2,1,S4,4.23262789535077
C2/clip_03215_seven_S5.npz,26,2,0,S5,4.2791310072416
C2/clip_03216_seven_S5.npz,26,2,0,S5,4.2791310072416
C2/clip_03217_seven_S5.npz,26,2,0,S5,4.2791310072416
C2/clip_03218_seven_S5.npz,26,2,0,S5,4.24621461487821
C2/clip_03219_seven_S5.npz,26,2,0,S5,4.2791310072416
C2/clip_03220_seven_S5.npz,26,2,0,S5,4.2791310072416
C2/clip_03221_seven_S5.npz,26,2,0,S5,4.2791310072416
C2/clip_03222_seven_S5.npz,26,2,0,S5,4.2791310072416
C2/clip_03223_seven_S5.npz,26,2,0,S5,4.2791310072416
C2/clip_03224_seven_S5.npz,26,2,0,S5,4.2791310072416
C2/clip_03225_seven_S5.npz,26,2,0,S5,4.2791310072416
C2/clip_03226_seven_S5.npz,26,2,0,S5,4.2791310072416
C2/clip_03227_seven_S5.npz,26,2,0,S5,4.2791310072416
C2/clip_03228_seven_S5.npz,26,2,0,S5,4.312047399605
C2/clip_03229_seven_S5.npz,26,2,0,S5,4.312047399605
C2/clip_03230_seven_S5.npz,26,2,0,S5,4.2791310072416
C2/clip_03231_seven_S5.npz,26,2,0,S5,4.2791310072416
C2/clip_03232_seven_S5.npz,26,2,0,S5,4.24621461487821
C2/clip_03233_seven_S5.npz,26,2,0,S5,4.2791310072416
C2/clip_03234_seven_S5.npz,26,2,0,S5,4.2791310072416
C2/clip_03235_seven_S5.npz,26,2,0,S5,4.06598900183302
C2/clip_03236_seven_S5.npz,26,2,0,S5,4.23276896413811
C2/clip_03237_seven_S5.npz,26,2,0,S5,4.23248683596614
C2/clip_03238_seven_S5.npz,26,2,0,S5,4.26595567405432
C2/clip_03239_seven_S5.npz,26,2,0,S5,4.23262789535077
C2/clip_03240_seven_S6.npz,26,2,0,S6,4.26609785361951
C2/clip_03241_seven_S6.npz,26,2,0,S6,4.1995800419958
C2/clip_03242_seven_S6.npz,26,2,0,S6,4.23262789535077
C2/clip_03243_seven_S6.npz,26,2,0,S6,3.96600566572238
C2/clip_03244_seven_S6.npz,26,2,0,S6,4.09931678053657
C2/clip_03245_seven_S6.npz,26,2,0,S6,4.47916293403088
C2/clip_03246_seven_S6.npz,26,2,0,S6,4.65799562865025
C2/clip_03247_seven_S6.npz,26,2,0,S6,4.55082954097538
C2/clip_03248_seven_S6.npz,26,2,0,S6,4.47916293403088
C2/clip_03249_seven_S6.npz,26,2,0,S6,4.55082954097538
C2/clip_03250_seven_S6.npz,26,2,0,S6,4.62249614791987
C2/clip_03251_seven_S6.npz,26,2,0,S6,4.72999605833661
C2/clip_03252_seven_S6.npz,26,2,0,S6,4.51499623750313
C2/clip_03253_seven_S6.npz,26,2,0,S6,4.58666284444763
C2/clip_03254_seven_S6.npz,26,2,0,S6,4.62249614791987
C2/clip_03255_seven_S6.npz,26,2,0,S6,4.51499623750313
C2/clip_03256_seven_S6.npz,26,2,0,S6,4.6223305145478
C2/clip_03257_seven_S6.npz,26,2,0,S6,4.58666284444763
C2/clip_03258_seven_S6.npz,26,2,0,S6,4.58666284444763
C2/clip_03259_seven_S6.npz,26,2,0,S6,5.12416239653133
C2/clip_03260_seven_S6.npz,26,2,0,S6,4.47916293403088
C2/clip_03261_seven_S6.npz,26,2,0,S6,4.58666284444763
C2/clip_03262_seven_S6.npz,26,2,0,S6,4.55082954097538
C2/clip_03263_seven_S6.npz,26,2,0,S6,4.65832945139212
C2/clip_03264_seven_S6.npz,26,2,0,S6,4.51499623750313
C2/clip_03265_seven_S7.npz,26,2,1,S7,4.70704410796576
C2/clip_03266_seven_S7.npz,26,2,1,S7,4.67412771560237
C2/clip_03267_seven_S7.npz,26,2,1,S7,4.70704410796576
C2/clip_03268_seven_S7.npz,26,2,1,S7,4.70704410796576
C2/clip_03269_seven_S7.npz,26,2,1,S7,4.64121132323897
C2/clip_03270_seven_S7.npz,26,2,1,S7,4.64121132323897
C2/clip_03271_seven_S7.npz,26,2,1,S7,4.73996050032916
C2/clip_03272_seven_S7.npz,26,2,1,S7,4.57537853851218
C2/clip_03273_seven_S7.npz,26,2,1,S7,4.80579328505595
C2/clip_03274_seven_S7.npz,26,2,1,S7,4.77287689269256
C2/clip_03275_seven_S7.npz,26,2,1,S7,4.70704410796576
C2/clip_03276_seven_S7.npz,26,2,1,S7,4.57537853851218
C2/clip_03277_seven_S7.npz,26,2,1,S7,4.57537853851218
C2/clip_03278_seven_S7.npz,26,2,1,S7,4.77287689269256
C2/clip_03279_seven_S7.npz,26,2,1,S7,4.50954575378538
C2/clip_03280_seven_S7.npz,26,2,1,S7,4.67412771560237
C2/clip_03281_seven_S7.npz,26,2,1,S7,4.60829493087557
C2/clip_03282_seven_S7.npz,26,2,1,S7,4.60829493087557
C2/clip_03283_seven_S7.npz,26,2,1,S7,4.73996050032916
C2/clip_03284_seven_S7.npz,26,2,1,S7,5.10204081632653
C2/clip_03285_seven_S7.npz,26,2,0,S7,4.16597233794367
C2/clip_03286_seven_S7.npz,26,2,0,S7,3.8996100389961
C2/clip_03287_seven_S7.npz,26,2,1,S7,4.36593901016497
C2/clip_03288_seven_S7.npz,26,2,1,S7,4.49925012497917
C2/clip_03289_seven_S7.npz,26,2,1,S7,4.26595567405432
C2/clip_03290_seven_S7.npz,26,2,1,S7,4.23262789535077
C2/clip_03291_eight_S0.npz,27,2,0,S0,4.05
C2/clip_03292_eight_S0.npz,27,2,0,S0,4.05
C2/clip_03293_eight_S0.npz,27,2,0,S0,4.05
C2/clip_03294_eight_S0.npz,27,2,0,S0,4.05
C2/clip_03295_eight_S0.npz,27,2,0,S0,4.05
C2/clip_03296_eight_S0.npz,27,2,0,S0,4.05
C2/clip_03297_eight_S1.npz,27,2,1,S1,4.05
C2/clip_03298_eight_S1.npz,27,2,1,S1,4.05
C2/clip_03299_eight_S1.npz,27,2,1,S1,4.05
C2/clip_03300_eight_S2.npz,27,2,0,S2,4.05
C2/clip_03301_eight_S2.npz,27,2,1,S2,4.05
C2/clip_03302_eight_S2.npz,27,2,0,S2,4.05
C2/clip_03303_eight_S2.npz,27,2,0,S2,4.05
C2/clip_03304_eight_S2.npz,27,2,0,S2,4.05
C2/clip_03305_eight_S3.npz,27,2,0,S3,4.05
C2/clip_03306_eight_S3.npz,27,2,1,S3,4.05
C2/clip_03307_eight_S3.npz,27,2,1,S3,4.05
C2/clip_03308_eight_S3.npz,27,2,1,S3,4.05
C2/clip_03309_eight_S3.npz,27,2,0,S3,4.05
C2/clip_03310_eight_S4.npz,27,2,1,S4,4.39926678886852
C2/clip_03311_eight_S4.npz,27,2,1,S4,4.19930011664722
C2/clip_03312_eight_S4.npz,27,2,1,S4,4.26609785361951
C2/clip_03313_eight_S4.npz,27,2,1,S4,4.29942674310092
C2/clip_03314_eight_S4.npz,27,2,1,S4,4.33261123146142
C2/clip_03315_eight_S4.npz,27,2,1,S4,4.23262789535077
C2/clip_03316_eight_S4.npz,27,2,1,S4,4.33275563258232
C2/clip_03317_eight_S4.npz,27,2,1,S4,4.19930011664722
C2/clip_03318_eight_S4.npz,27,2,1,S4,4.23276896413811
C2/clip_03319_eight_S4.npz,27,2,1,S4,4.26595567405432
C2/clip_03320_eight_S4.npz,27,2,1,S4,4.29928345275787
C2/clip_03321_eight_S4.npz,27,2,1,S4,4.23262789535077
C2/clip_03322_eight_S4.npz,27,2,1,S4,4.23262789535077
C2/clip_03323_eight_S4.npz,27,2,1,S4,4.29928345275787
C2/clip_03324_eight_S4.npz,27,2,1,S4,4.29928345275787
C2/clip_03325_eight_S4.npz,27,2,1,S4,4.19930011664722
C2/clip_03326_eight_S4.npz,27,2,1,S4,4.29928345275787
C2/clip_03327_eight_S5.npz,27,2,0,S5,4.2791310072416
C2/clip_03328_eight_S5.npz,27,2,0,S5,4.2791310072416
C2/clip_03329_eight_S5.npz,27,2,0,S5,4.312047399605
C2/clip_03330_eight_S5.npz,27,2,0,S5,4.312047399605
C2/clip_03331_eight_S5.npz,27,2,0,S5,4.2791310072416
C2/clip_03332_eight_S5.npz,27,2,0,S5,4.2791310072416
C2/clip_03333_eight_S5.npz,27,2,0,S5,4.2791310072416
C2/clip_03334_eight_S5.npz,27,2,0,S5,4.2791310072416
C2/clip_03335_eight_S5.npz,27,2,0,S5,4.2791310072416
C2/clip_03336_eight_S5.npz,27,2,0,S5,4.24621461487821
C2/clip_03337_eight_S5.npz,27,2,0,S5,4.2791310072416
C2/clip_03338_eight_S5.npz,27,2,0,S5,4.2791310072416
C2/clip_03339_eight_S5.npz,27,2,0,S5,4.2791310072416
C2/clip_03340_eight_S5.npz,27,2,0,S5,4.2791310072416
C2/clip_03341_eight_S5.npz,27,2,0,S5,4.2791310072416
C2/clip_03342_eight_S5.npz,27,2,0,S5,4.2791310072416
C2/clip_03343_eight_S5.npz,27,2,0,S5,4.24621461487821
C2/clip_03344_eight_S5.npz,27,2,0,S5,4.2791310072416
C2/clip_03345_eight_S5.npz,27,2,0,S5,4.2791310072416
C2/clip_03346_eight_S5.npz,27,2,0,S5,4.2791310072416
C2/clip_03347_eight_S5.npz,27,2,0,S5,4.29928345275787
C2/clip_03348_eight_S5.npz,27,2,0,S5,3.99933344442592
C2/clip_03349_eight_S5.npz,27,2,0,S5,4.19930011664722
C2/clip_03350_eight_S5.npz,27,2,0,S5,4.2329100423291
C2/clip_03351_eight_S6.npz,27,2,0,S6,3.83269455090818
C2/clip_03352_eight_S6.npz,27,2,0,S6,4.03266122312947
C2/clip_03353_eight_S6.npz,27,2,0,S6,4.23262789535077
C2/clip_03354_eight_S6.npz,27,2,0,S6,4.03266122312947
C2/clip_03355_eight_S6.npz,27,2,0,S6,4.23248683596614
C2/clip_03356_eight_S6.npz,27,2,0,S6,4.47916293403088
C2/clip_03357_eight_S6.npz,27,2,0,S6,4.80131857107026
C2/clip_03358_eight_S6.npz,27,2,0,S6,4.55082954097538
C2/clip_03359_eight_S6.npz,27,2,0,S6,4.55082954097538
C2/clip_03360_eight_S6.npz,27,2,0,S6,4.47916293403088
C2/clip_03361_eight_S6.npz,27,2,0,S6,4.47916293403088
C2/clip_03362_eight_S6.npz,27,2,0,S6,4.55082954097538
C2/clip_03363_eight_S6.npz,27,2,0,S6,4.51499623750313
C2/clip_03364_eight_S6.npz,27,2,0,S6,4.62249614791987
C2/clip_03365_eight_S6.npz,27,2,0,S6,4.51499623750313
C2/clip_03366_eight_S6.npz,27,2,0,S6,4.40749632708639
C2/clip_03367_eight_S6.npz,27,2,0,S6,4.55082954097538
C2/clip_03368_eight_S6.npz,27,2,0,S6,4.51499623750313
C2/clip_03369_eight_S6.npz,27,2,0,S6,4.55082954097538
C2/clip_03370_eight_S6.npz,27,2,0,S6,4.69416275486437
C2/clip_03371_eight_S6.npz,27,2,0,S6,4.40749632708639
C2/clip_03372_eight_S6.npz,27,2,0,S6,4.51499623750313
C2/clip_03373_eight_S6.npz,27,2,0,S6,4.58666284444763
C2/clip_03374_eight_S6.npz,27,2,0,S6,4.62249614791987
C2/clip_03375_eight_S6.npz,27,2,0,S6,4.76582936180886
C2/clip_03376_eight_S7.npz,27,2,1,S7,4.73996050032916
C2/clip_03377_eight_S7.npz,27,2,1,S7,4.83870967741935
C2/clip_03378_eight_S7.npz,27,2,1,S7,4.80579328505595
C2/clip_03379_eight_S7.npz,27,2,1,S7,4.67412771560237
C2/clip_03380_eight_S7.npz,27,2,1,S7,4.70697427738
C2/clip_03381_eight_S7.npz,27,2,1,S7,4.83870967741935
C2/clip_03382_eight_S7.npz,27,2,1,S7,4.70704410796576
C2/clip_03383_eight_S7.npz,27,2,1,S7,4.70704410796576
C2/clip_03384_eight_S7.npz,27,2,1,S7,4.70704410796576
C2/clip_03385_eight_S7.npz,27,2,1,S7,4.73996050032916
C2/clip_03386_eight_S7.npz,27,2,1,S7,4.67412771560237
C2/clip_03387_eight_S7.npz,27,2,1,S7,4.77287689269256
C2/clip_03388_eight_S7.npz,27,2,1,S7,4.90454246214614
C2/clip_03389_eight_S7.npz,27,2,1,S7,4.67412771560237
C2/clip_03390_eight_S7.npz,27,2,1,S7,4.70704410796576
C2/clip_03391_eight_S7.npz,27,2,1,S7,4.57537853851218
C2/clip_03392_eight_S7.npz,27,2,1,S7,4.70704410796576
C2/clip_03393_eight_S7.npz,27,2,1,S7,4.70704410796576
C2/clip_03394_eight_S7.npz,27,2,1,S7,4.64121132323897
C2/clip_03395_eight_S7.npz,27,2,1,S7,4.70704410796576
C2/clip_03396_eight_S7.npz,27,2,1,S7,4.16597233794367
C2/clip_03397_eight_S7.npz,27,2,1,S7,4.39926678886852
C2/clip_03398_eight_S7.npz,27,2,1,S7,4.19930011664722
C2/clip_03399_eight_S7.npz,27,2,1,S7,4.26609785361951
C2/clip_03400_eight_S7.npz,27,2,1,S7,4.49925012497917
C2/clip_03401_nine_S0.npz,28,2,0,S0,4.05
C2/clip_03402_nine_S0.npz,28,2,0,S0,4.05
C2/clip_03403_nine_S0.npz,28,2,0,S0,4.05
C2/clip_03404_nine_S0.npz,28,2,0,S0,4.05
C2/clip_03405_nine_S0.npz,28,2,0,S0,4.05
C2/clip_03406_nine_S1.npz,28,2,1,S1,4.05
C2/clip_03407_nine_S1.npz,28,2,1,S1,4.05
C2/clip_03408_nine_S1.npz,28,2,1,S1,4.05
C2/clip_03409_nine_S1.npz,28,2,1,S1,4.05
C2/clip_03410_nine_S1.npz,28,2,1,S1,4.05
C2/clip_03411_nine_S2.npz,28,2,0,S2,4.05
C2/clip_03412_nine_S2.npz,28,2,0,S2,4.05
C2/clip_03413_nine_S2.npz,28,2,0,S2,4.05
C2/clip_03414_nine_S2.npz,28,2,0,S2,4.05
C2/clip_03415_nine_S2.npz,28,2,0,S2,4.05
C2/clip_03416_nine_S3.npz,28,2,0,S3,4.05
C2/clip_03417_nine_S3.npz,28,2,0,S3,4.05
C2/clip_03418_nine_S3.npz,28,2,0,S3,4.05
C2/clip_03419_nine_S3.npz,28,2,0,S3,4.05
C2/clip_03420_nine_S3.npz,28,2,0,S3,4.05
C2/clip_03421_nine_S4.npz,28,2,1,S4,4.26595567405432
C2/clip_03422_nine_S4.npz,28,2,1,S4,4.29928345275787
C2/clip_03423_nine_S4.npz,28,2,1,S4,4.36608452206372
C2/clip_03424_nine_S4.npz,28,2,1,S4,4.29928345275787
C2/clip_03425_nine_S4.npz,28,2,1,S4,4.09931678053657
C2/clip_03426_nine_S4.npz,28,2,1,S4,4.23262789535077
C2/clip_03427_nine_S4.npz,28,2,1,S4,4.23262789535077
C2/clip_03428_nine_S4.npz,28,2,1,S4,4.23262789535077
C2/clip_03429_nine_S4.npz,28,2,1,S4,4.29928345275787
C2/clip_03430_nine_S4.npz,28,2,1,S4,4.19930011664722
C2/clip_03431_nine_S4.npz,28,2,1,S4,4.23259095031744
C2/clip_03432_nine_S4.npz,28,2,1,S4,4.66604452739634
C2/clip_03433_nine_S4.npz,28,2,1,S4,4.26609785361951
C2/clip_03434_nine_S4.npz,28,2,1,S4,4.0661245167311
C2/clip_03435_nine_S4.npz,28,2,1,S4,4.16597233794367
C2/clip_03436_nine_S4.npz,28,2,1,S4,4.19930011664722
C2/clip_03437_nine_S4.npz,28,2,1,S4,4.19930011664722
C2/clip_03438_nine_S4.npz,28,2,1,S4,4.26595567405432
C2/clip_03439_nine_S4.npz,28,2,1,S4,4.19944007465671
C2/clip_03440_nine_S4.npz,28,2,1,S4,4.23262789535077
C2/clip_03441_nine_S5.npz,28,2,0,S5,4.312047399605
C2/clip_03442_nine_S5.npz,28,2,0,S5,4.2791310072416
C2/clip_03443_nine_S5.npz,28,2,0,S5,4.2791310072416
C2/clip_03444_nine_S5.npz,28,2,0,S5,4.2791310072416
C2/clip_03445_nine_S5.npz,28,2,0,S5,4.2791310072416
C2/clip_03446_nine_S5.npz,28,2,0,S5,4.2791310072416
C2/clip_03447_nine_S5.npz,28,2,0,S5,4.2791310072416
C2/clip_03448_nine_S5.npz,28,2,0,S5,4.2791310072416
C2/clip_03449_nine_S5.npz,28,2,0,S5,4.312047399605
C2/clip_03450_nine_S5.npz,28,2,0,S5,4.312047399605
C2/clip_03451_nine_S5.npz,28,2,0,S5,4.27903273957607
C2/clip_03452_nine_S5.npz,28,2,0,S5,4.2791310072416
C2/clip_03453_nine_S5.npz,28,2,0,S5,4.312047399605
C2/clip_03454_nine_S5.npz,28,2,0,S5,4.312047399605
C2/clip_03455_nine_S5.npz,28,2,0,S5,4.2791310072416
C2/clip_03456_nine_S5.npz,28,2,0,S5,4.2791310072416
C2/clip_03457_nine_S5.npz,28,2,0,S5,4.312047399605
C2/clip_03458_nine_S5.npz,28,2,0,S5,4.312047399605
C2/clip_03459_nine_S5.npz,28,2,0,S5,4.2791310072416
C2/clip_03460_nine_S5.npz,28,2,0,S5,4.2791310072416
C2/clip_03461_nine_S5.npz,28,2,0,S5,4.23276896413811
C2/clip_03462_nine_S5.npz,28,2,0,S5,4.16597233794367
C2/clip_03463_nine_S5.npz,28,2,0,S5,4.2329100423291
C2/clip_03464_nine_S5.npz,28,2,0,S5,4.1327822956939
C2/clip_03465_nine_S5.npz,28,2,0,S5,4.23276896413811
C2/clip_03466_nine_S6.npz,28,2,0,S6,4.13264455924012
C2/clip_03467_nine_S6.npz,28,2,0,S6,4.49925012497917
C2/clip_03468_nine_S6.npz,28,2,0,S6,4.13264455924012
C2/clip_03469_nine_S6.npz,28,2,0,S6,4.26609785361951
C2/clip_03470_nine_S6.npz,28,2,0,S6,4.23262789535077
C2/clip_03471_nine_S6.npz,28,2,0,S6,4.62249614791987
C2/clip_03472_nine_S6.npz,28,2,0,S6,4.55082954097538
C2/clip_03473_nine_S6.npz,28,2,0,S6,4.69416275486437
C2/clip_03474_nine_S6.npz,28,2,1,S6,4.47916293403088
C2/clip_03475_nine_S6.npz,28,2,1,S6,4.44332963055864
C2/clip_03476_nine_S6.npz,28,2,1,S6,4.29999641666965
C2/clip_03477_nine_S6.npz,28,2,0,S6,4.51499623750313
C2/clip_03478_nine_S6.npz,28,2,1,S6,4.65832945139212
C2/clip_03479_nine_S6.npz,28,2,1,S6,4.55082954097538
C2/clip_03480_nine_S6.npz,28,2,1,S6,4.51499623750313
C2/clip_03481_nine_S6.npz,28,2,1,S6,4.62249614791987
C2/clip_03482_nine_S6.npz,28,2,0,S6,4.44332963055864
C2/clip_03483_nine_S6.npz,28,2,1,S6,4.55082954097538
C2/clip_03484_nine_S6.npz,28,2,1,S6,4.40749632708639
C2/clip_03485_nine_S6.npz,28,2,1,S6,4.55082954097538
C2/clip_03486_nine_S6.npz,28,2,1,S6,4.62249614791987
C2/clip_03487_nine_S6.npz,28,2,0,S6,4.76565859251827
C2/clip_03488_nine_S6.npz,28,2,1,S6,4.44332963055864
C2/clip_03489_nine_S6.npz,28,2,1,S6,4.51499623750313
C2/clip_03490_nine_S6.npz,28,2,0,S6,4.47916293403088
C2/clip_03491_nine_S6.npz,28,2,1,S6,4.55082954097538
C2/clip_03492_nine_S7.npz,28,2,1,S7,4.73996050032916
C2/clip_03493_nine_S7.npz,28,2,1,S7,4.67412771560237
C2/clip_03494_nine_S7.npz,28,2,1,S7,4.64121132323897
C2/clip_03495_nine_S7.npz,28,2,1,S7,4.70704410796576
C2/clip_03496_nine_S7.npz,28,2,1,S7,4.57537853851218
C2/clip_03497_nine_S7.npz,28,2,1,S7,4.70704410796576
C2/clip_03498_nine_S7.npz,28,2,1,S7,4.57537853851218
C2/clip_03499_nine_S7.npz,28,2,1,S7,4.73996050032916
C2/clip_03500_nine_S7.npz,28,2,1,S7,4.73996050032916
C2/clip_03501_nine_S7.npz,28,2,1,S7,4.73996050032916
C2/clip_03502_nine_S7.npz,28,2,1,S7,4.64121132323897
C2/clip_03503_nine_S7.npz,28,2,1,S7,4.54246214614878
C2/clip_03504_nine_S7.npz,28,2,1,S7,4.67412771560237
C2/clip_03505_nine_S7.npz,28,2,1,S7,4.67412771560237
C2/clip_03506_nine_S7.npz,28,2,1,S7,4.77287689269256
C2/clip_03507_nine_S7.npz,28,2,1,S7,4.70704410796576
C2/clip_03508_nine_S7.npz,28,2,1,S7,4.64121132323897
C2/clip_03509_nine_S7.npz,28,2,1,S7,4.70704410796576
C2/clip_03510_nine_S7.npz,28,2,1,S7,4.73996050032916
C2/clip_03511_nine_S7.npz,28,2,1,S7,4.67412771560237
C2/clip_03512_nine_S7.npz,28,2,1,S7,4.23262789535077
C2/clip_03513_nine_S7.npz,28,2,1,S7,4.03266122312947
C2/clip_03514_nine_S7.npz,28,2,1,S7,4.13264455924012
C2/clip_03515_nine_S7.npz,28,2,1,S7,4.26595567405432
C2/clip_03516_ten_S0.npz,29,2,0,S0,4.05
C2/clip_03517_ten_S0.npz,29,2,1,S0,4.05
C2/clip_03518_ten_S0.npz,29,2,1,S0,4.05
C2/clip_03519_ten_S0.npz,29,2,1,S0,4.05
C2/clip_03520_ten_S0.npz,29,2,1,S0,4.05
C2/clip_03521_ten_S1.npz,29,2,1,S1,4.05
C2/clip_03522_ten_S1.npz,29,2,1,S1,4.05
C2/clip_03523_ten_S1.npz,29,2,1,S1,4.05
C2/clip_03524_ten_S1.npz,29,2,1,S1,4.05
C2/clip_03525_ten_S1.npz,29,2,1,S1,4.05
C2/clip_03526_ten_S2.npz,29,2,0,S2,4.05
C2/clip_03527_ten_S2.npz,29,2,0,S2,4.05
C2/clip_03528_ten_S2.npz,29,2,0,S2,4.05
C2/clip_03529_ten_S2.npz,29,2,0,S2,4.05
C2/clip_03530_ten_S2.npz,29,2,0,S2,4.05
C2/clip_03531_ten_S3.npz,29,2,0,S3,4.05
C2/clip_03532_ten_S3.npz,29,2,1,S3,4.05
C2/clip_03533_ten_S3.npz,29,2,1,S3,4.05
C2/clip_03534_ten_S3.npz,29,2,1,S3,4.05
C2/clip_03535_ten_S3.npz,29,2,0,S3,4.05
C2/clip_03536_ten_S4.npz,29,2,1,S4,4.26595567405432
C2/clip_03537_ten_S4.npz,29,2,1,S4,4.23276896413811
C2/clip_03538_ten_S4.npz,29,2,0,S4,4.26595567405432
C2/clip_03539_ten_S4.npz,29,2,1,S4,4.33261123146142
C2/clip_03540_ten_S4.npz,29,2,1,S4,4.63256123979336
C2/clip_03541_ten_S4.npz,29,2,1,S4,4.23262789535077
C2/clip_03542_ten_S4.npz,29,2,1,S4,4.39926678886852
C2/clip_03543_ten_S4.npz,29,2,1,S4,4.36608452206372
C2/clip_03544_ten_S4.npz,29,2,1,S4,4.26595567405432
C2/clip_03545_ten_S4.npz,29,2,1,S4,4.56590568238626
C2/clip_03546_ten_S4.npz,29,2,1,S4,4.26595567405432
C2/clip_03547_ten_S4.npz,29,2,0,S4,4.16597233794367
C2/clip_03548_ten_S4.npz,29,2,1,S4,4.43259456757207
C2/clip_03549_ten_S4.npz,29,2,1,S4,4.33275563258232
C2/clip_03550_ten_S4.npz,29,2,1,S4,4.13264455924012
C2/clip_03551_ten_S4.npz,29,2,0,S4,4.26609785361951
C2/clip_03552_ten_S4.npz,29,2,1,S4,4.26595567405432
C2/clip_03553_ten_S4.npz,29,2,1,S4,4.29942674310092
C2/clip_03554_ten_S4.npz,29,2,1,S4,4.26595567405432
C2/clip_03555_ten_S4.npz,29,2,1,S4,4.19930011664722
C2/clip_03556_ten_S5.npz,29,2,0,S5,4.2791310072416
C2/clip_03557_ten_S5.npz,29,2,0,S5,4.27903273957607
C2/clip_03558_ten_S5.npz,29,2,0,S5,4.24621461487821
C2/clip_03559_ten_S5.npz,29,2,0,S5,4.27903273957607
C2/clip_03560_ten_S5.npz,29,2,0,S5,4.2791310072416
C2/clip_03561_ten_S5.npz,29,2,0,S5,4.2791310072416
C2/clip_03562_ten_S5.npz,29,2,0,S5,4.2791310072416
C2/clip_03563_ten_S5.npz,29,2,0,S5,4.2791310072416
C2/clip_03564_ten_S5.npz,29,2,0,S5,4.2791310072416
C2/clip_03565_ten_S5.npz,29,2,0,S5,4.2791310072416
C2/clip_03566_ten_S5.npz,29,2,0,S5,4.312047399605
C2/clip_03567_ten_S5.npz,29,2,0,S5,4.2791310072416
C2/clip_03568_ten_S5.npz,29,2,0,S5,4.2791310072416
C2/clip_03569_ten_S5.npz,29,2,0,S5,4.312047399605
C2/clip_03570_ten_S5.npz,29,2,0,S5,4.2791310072416
C2/clip_03571_ten_S5.npz,29,2,0,S5,4.2791310072416
C2/clip_03572_ten_S5.npz,29,2,0,S5,4.2791310072416
C2/clip_03573_ten_S5.npz,29,2,0,S5,4.2791310072416
C2/clip_03574_ten_S5.npz,29,2,0,S5,4.2791310072416
C2/clip_03575_ten_S5.npz,29,2,0,S5,4.24621461487821
C2/clip_03576_ten_S5.npz,29,2,0,S5,4.23262789535077
C2/clip_03577_ten_S5.npz,29,2,0,S5,4.23248683596614
C2/clip_03578_ten_S5.npz,29,2,0,S5,4.19930011664722
C2/clip_03579_ten_S5.npz,29,2,0,S5,4.29928345275787
C2/clip_03580_ten_S5.npz,29,2,0,S5,4.19930011664722
C2/clip_03581_ten_S6.npz,29,2,0,S6,4.13264455924012
C2/clip_03582_ten_S6.npz,29,2,0,S6,4.23262789535077
C2/clip_03583_ten_S6.npz,29,2,0,S6,4.16597233794367
C2/clip_03584_ten_S6.npz,29,2,0,S6,4.16597233794367
C2/clip_03585_ten_S6.npz,29,2,0,S6,4.09931678053657
C2/clip_03586_ten_S6.npz,29,2,0,S6,4.47916293403088
C2/clip_03587_ten_S6.npz,29,2,0,S6,4.51499623750313
C2/clip_03588_ten_S6.npz,29,2,0,S6,4.55082954097538
C2/clip_03589_ten_S6.npz,29,2,0,S6,2.3649980291683
C2/clip_03590_ten_S6.npz,29,2,0,S6,4.51499623750313
C2/clip_03591_ten_S6.npz,29,2,0,S6,4.69416275486437
C2/clip_03592_ten_S6.npz,29,2,0,S6,4.62249614791987
C2/clip_03593_ten_S6.npz,29,2,0,S6,4.51499623750313
C2/clip_03594_ten_S6.npz,29,2,0,S6,4.55082954097538
C2/clip_03595_ten_S6.npz,29,2,0,S6,4.55082954097538
C2/clip_03596_ten_S6.npz,29,2,0,S6,4.47916293403088
C2/clip_03597_ten_S6.npz,29,2,0,S6,5.26749561042032
C2/clip_03598_ten_S6.npz,29,2,0,S6,4.40749632708639
C2/clip_03599_ten_S6.npz,29,2,0,S6,4.6223305145478
C2/clip_03600_ten_S6.npz,29,2,0,S6,4.58666284444763
C2/clip_03601_ten_S6.npz,29,2,0,S6,4.47916293403088
C2/clip_03602_ten_S6.npz,29,2,0,S6,4.65832945139212
C2/clip_03603_ten_S6.npz,29,2,0,S6,4.65832945139212
C2/clip_03604_ten_S6.npz,29,2,0,S6,4.51499623750313
C2/clip_03605_ten_S6.npz,29,2,0,S6,4.44332963055864
C2/clip_03606_ten_S6.npz,29,2,0,S6,4.62249614791987
C2/clip_03607_ten_S7.npz,29,2,1,S7,4.54246214614878
C2/clip_03608_ten_S7.npz,29,2,1,S7,4.64121132323897
C2/clip_03609_ten_S7.npz,29,2,0,S7,4.73996050032916
C2/clip_03610_ten_S7.npz,29,2,1,S7,4.64121132323897
C2/clip_03611_ten_S7.npz,29,2,1,S7,4.64121132323897
C2/clip_03612_ten_S7.npz,29,2,1,S7,4.77287689269256
C2/clip_03613_ten_S7.npz,29,2,1,S7,4.70704410796576
C2/clip_03614_ten_S7.npz,29,2,1,S7,4.70704410796576
C2/clip_03615_ten_S7.npz,29,2,1,S7,4.67412771560237
C2/clip_03616_ten_S7.npz,29,2,1,S7,4.57537853851218
C2/clip_03617_ten_S7.npz,29,2,1,S7,4.70704410796576
C2/clip_03618_ten_S7.npz,29,2,1,S7,4.83870967741935
C2/clip_03619_ten_S7.npz,29,2,1,S7,4.67412771560237
C2/clip_03620_ten_S7.npz,29,2,1,S7,4.77287689269256
C2/clip_03621_ten_S7.npz,29,2,1,S7,4.73996050032916
C2/clip_03622_ten_S7.npz,29,2,1,S7,4.80579328505595
C2/clip_03623_ten_S7.npz,29,2,0,S7,4.67412771560237
C2/clip_03624_ten_S7.npz,29,2,0,S7,4.64121132323897
C2/clip_03625_ten_S7.npz,29,2,0,S7,4.70704410796576
C2/clip_03626_ten_S7.npz,29,2,0,S7,4.83870967741935
C2/clip_03627_ten_S7.npz,29,2,1,S7,4.16597233794367
C2/clip_03628_ten_S7.npz,29,2,1,S7,4.23262789535077
C2/clip_03629_ten_S7.npz,29,2,1,S7,4.23276896413811
C2/clip_03630_ten_S7.npz,29,2,1,S7,4.33275563258232
C2/clip_03631_ten_S7.npz,29,2,1,S7,4.29942674310092
C3/clip_03632_january_S0.npz,30,3,1,S0,4.06666666666666
C3/clip_03633_january_S0.npz,30,3,1,S0,4.06666666666666
C3/clip_03634_january_S0.npz,30,3,1,S0,4.06666666666666
C3/clip_03635_january_S0.npz,30,3,1,S0,4.06666666666666
C3/clip_03636_january_S0.npz,30,3,1,S0,4.06666666666666
C3/clip_03637_january_S1.npz,30,3,1,S1,4.08333333333333
C3/clip_03638_january_S1.npz,30,3,1,S1,4.08333333333333
C3/clip_03639_january_S1.npz,30,3,1,S1,4.06666666666666
C3/clip_03640_january_S1.npz,30,3,1,S1,4.06666666666666
C3/clip_03641_january_S1.npz,30,3,1,S1,4.06666666666666
C3/clip_03642_january_S2.npz,30,3,1,S2,4.06666666666666
C3/clip_03643_january_S2.npz,30,3,0,S2,4.06666666666666
C3/clip_03644_january_S2.npz,30,3,1,S2,4.06666666666666
C3/clip_03645_january_S2.npz,30,3,1,S2,4.06666666666666
C3/clip_03646_january_S2.npz,30,3,1,S2,4.06666666666666
C3/clip_03647_january_S3.npz,30,3,1,S3,4.08333333333333
C3/clip_03648_january_S3.npz,30,3,1,S3,4.08333333333333
C3/clip_03649_january_S3.npz,30,3,1,S3,4.06666666666666
C3/clip_03650_january_S3.npz,30,3,1,S3,4.06666666666666
C3/clip_03651_january_S3.npz,30,3,1,S3,4.06666666666666
C3/clip_03652_january_S4.npz,30,3,1,S4,4.06203840472673
C3/clip_03653_january_S4.npz,30,3,1,S4,4.43131462333825
C3/clip_03654_january_S4.npz,30,3,1,S4,4.29703236202497
C3/clip_03655_january_S4.npz,30,3,1,S4,4.06217477423036
C3/clip_03656_january_S4.npz,30,3,1,S4,4.06217477423036
C3/clip_03657_january_S4.npz,30,3,1,S4,4.36593901016497
C3/clip_03658_january_S4.npz,30,3,1,S4,4.23262789535077
C3/clip_03659_january_S4.npz,30,3,1,S4,4.53257790368272
C3/clip_03660_january_S4.npz,30,3,1,S4,4.29928345275787
C3/clip_03661_january_S4.npz,30,3,1,S4,4.19930011664722
C3/clip_03662_january_S4.npz,30,3,1,S4,4.23262789535077
C3/clip_03663_january_S4.npz,30,3,1,S4,4.23262789535077
C3/clip_03664_january_S4.npz,30,3,1,S4,4.19944007465671
C3/clip_03665_january_S4.npz,30,3,1,S4,4.19930011664722
C3/clip_03666_january_S4.npz,30,3,1,S4,4.33261123146142
C3/clip_03667_january_S4.npz,30,3,1,S4,4.33261123146142
C3/clip_03668_january_S4.npz,30,3,1,S4,4.36608452206372
C3/clip_03669_january_S4.npz,30,3,1,S4,4.33261123146142
C3/clip_03670_january_S4.npz,30,3,1,S4,4.26595567405432
C3/clip_03671_january_S4.npz,30,3,1,S4,4.59923346108981
C3/clip_03672_january_S4.npz,30,3,1,S4,4.23276896413811
C3/clip_03673_january_S4.npz,30,3,1,S4,4.29942674310092
C3/clip_03674_january_S4.npz,30,3,1,S4,4.16597233794367
C3/clip_03675_january_S4.npz,30,3,1,S4,4.29928345275787
C3/clip_03676_january_S4.npz,30,3,1,S4,4.26609785361951
C3/clip_03677_january_S4.npz,30,3,1,S4,4.26595567405432
C3/clip_03678_january_S5.npz,30,3,1,S5,4.27897574123989
C3/clip_03679_january_S5.npz,30,3,1,S5,4.2791310072416
C3/clip_03680_january_S5.npz,30,3,1,S5,4.312047399605
C3/clip_03681_january_S5.npz,30,3,1,S5,4.24621461487821
C3/clip_03682_january_S5.npz,30,3,1,S5,4.2791310072416
C3/clip_03683_january_S5.npz,30,3,1,S5,4.312047399605
C3/clip_03684_january_S5.npz,30,3,1,S5,4.312047399605
C3/clip_03685_january_S5.npz,30,3,1,S5,4.24621461487821
C3/clip_03686_january_S5.npz,30,3,1,S5,4.2791310072416
C3/clip_03687_january_S5.npz,30,3,1,S5,4.2791310072416
C3/clip_03688_january_S5.npz,30,3,1,S5,4.2791310072416
C3/clip_03689_january_S5.npz,30,3,1,S5,4.2791310072416
C3/clip_03690_january_S5.npz,30,3,1,S5,4.2791310072416
C3/clip_03691_january_S5.npz,30,3,1,S5,4.2791310072416
C3/clip_03692_january_S5.npz,30,3,1,S5,4.24621461487821
C3/clip_03693_january_S5.npz,30,3,1,S5,4.2791310072416
C3/clip_03694_january_S5.npz,30,3,1,S5,4.312047399605
C3/clip_03695_january_S5.npz,30,3,1,S5,4.2791310072416
C3/clip_03696_january_S5.npz,30,3,1,S5,4.27903273957607
C3/clip_03697_january_S5.npz,30,3,1,S5,4.2791310072416
C3/clip_03698_january_S5.npz,30,3,1,S5,4.02846783939841
C3/clip_03699_january_S5.npz,30,3,1,S5,4.1628898512774
C3/clip_03700_january_S5.npz,30,3,1,S5,4.1628898512774
C3/clip_03701_january_S5.npz,30,3,1,S5,4.09574646657938
C3/clip_03702_january_S5.npz,30,3,1,S5,4.16302961122675
C3/clip_03703_january_S6.npz,30,3,1,S6,4.2791310072416
C3/clip_03704_january_S6.npz,30,3,1,S6,4.2791310072416
C3/clip_03705_january_S6.npz,30,3,1,S6,4.2791310072416
C3/clip_03706_january_S6.npz,30,3,1,S6,4.24621461487821
C3/clip_03707_january_S6.npz,30,3,1,S6,4.2791310072416
C3/clip_03708_january_S6.npz,30,3,1,S6,4.2791310072416
C3/clip_03709_january_S6.npz,30,3,1,S6,4.2791310072416
C3/clip_03710_january_S6.npz,30,3,1,S6,4.24614140324863
C3/clip_03711_january_S6.npz,30,3,1,S6,4.2791310072416
C3/clip_03712_january_S6.npz,30,3,1,S6,4.312047399605
C3/clip_03713_january_S6.npz,30,3,1,S6,4.2791310072416
C3/clip_03714_january_S6.npz,30,3,1,S6,4.2791310072416
C3/clip_03715_january_S6.npz,30,3,1,S6,4.312047399605
C3/clip_03716_january_S6.npz,30,3,1,S6,4.2791310072416
C3/clip_03717_january_S6.npz,30,3,1,S6,4.2791310072416
C3/clip_03718_january_S6.npz,30,3,1,S6,4.2791310072416
C3/clip_03719_january_S6.npz,30,3,1,S6,4.2791310072416
C3/clip_03720_january_S6.npz,30,3,1,S6,4.2791310072416
C3/clip_03721_january_S6.npz,30,3,1,S6,4.2791310072416
C3/clip_03722_january_S6.npz,30,3,1,S6,4.2791310072416
C3/clip_03723_january_S6.npz,30,3,1,S6,4.23003323597542
C3/clip_03724_january_S6.npz,30,3,1,S6,4.1628898512774
C3/clip_03725_january_S6.npz,30,3,1,S6,4.02846783939841
C3/clip_03726_january_S6.npz,30,3,1,S6,4.12931815892839
C3/clip_03727_january_S6.npz,30,3,1,S6,3.96145969718333
C3/clip_03728_january_S7.npz,30,3,1,S7,4.67398150296681
C3/clip_03729_january_S7.npz,30,3,1,S7,4.70704410796576
C3/clip_03730_january_S7.npz,30,3,1,S7,4.83870967741935
C3/clip_03731_january_S7.npz,30,3,1,S7,4.67412771560237
C3/clip_03732_january_S7.npz,30,3,1,S7,4.73996050032916
C3/clip_03733_january_S7.npz,30,3,1,S7,4.67412771560237
C3/clip_03734_january_S7.npz,30,3,1,S7,5.06912442396313
C3/clip_03735_january_S7.npz,30,3,1,S7,5.06912442396313
C3/clip_03736_january_S7.npz,30,3,1,S7,4.70704410796576
C3/clip_03737_january_S7.npz,30,3,1,S7,4.67412771560237
C3/clip_03738_january_S7.npz,30,3,1,S7,4.64121132323897
C3/clip_03739_january_S7.npz,30,3,1,S7,4.70704410796576
C3/clip_03740_january_S7.npz,30,3,1,S7,4.67412771560237
C3/clip_03741_january_S7.npz,30,3,1,S7,4.64121132323897
C3/clip_03742_january_S7.npz,30,3,1,S7,4.73996050032916
C3/clip_03743_january_S7.npz,30,3,1,S7,4.80579328505595
C3/clip_03744_january_S7.npz,30,3,1,S7,4.64121132323897
C3/clip_03745_january_S7.npz,30,3,1,S7,4.50954575378538
C3/clip_03746_january_S7.npz,30,3,1,S7,4.57537853851218
C3/clip_03747_january_S7.npz,30,3,1,S7,5.00329163923634
C3/clip_03748_january_S7.npz,30,3,1,S7,4.77287689269256
C3/clip_03749_january_S7.npz,30,3,1,S7,4.36593901016497
C3/clip_03750_january_S7.npz,30,3,1,S7,4.33261123146142
C3/clip_03751_january_S7.npz,30,3,1,S7,4.23276896413811
C3/clip_03752_january_S7.npz,30,3,1,S7,4.23262789535077
C3/clip_03753_january_S7.npz,30,3,1,S7,4.19930011664722
C3/clip_03754_february_S0.npz,31,3,1,S0,4.06666666666666
C3/clip_03755_february_S0.npz,31,3,1,S0,4.06666666666666
C3/clip_03756_february_S0.npz,31,3,1,S0,4.06666666666666
C3/clip_03757_february_S0.npz,31,3,1,S0,4.06666666666666
C3/clip_03758_february_S1.npz,31,3,1,S1,4.06666666666666
C3/clip_03759_february_S1.npz,31,3,1,S1,4.06666666666666
C3/clip_03760_february_S1.npz,31,3,1,S1,4.06666666666666
C3/clip_03761_february_S1.npz,31,3,1,S1,4.06666666666666
C3/clip_03762_february_S1.npz,31,3,1,S1,4.06666666666666
C3/clip_03763_february_S2.npz,31,3,1,S2,4.06666666666666
C3/clip_03764_february_S2.npz,31,3,1,S2,4.06666666666666
C3/clip_03765_february_S2.npz,31,3,1,S2,4.06666666666666
C3/clip_03766_february_S2.npz,31,3,1,S2,4.06666666666666
C3/clip_03767_february_S2.npz,31,3,1,S2,4.06666666666666
C3/clip_03768_february_S3.npz,31,3,1,S3,4.06666666666666
C3/clip_03769_february_S3.npz,31,3,1,S3,4.06666666666666
C3/clip_03770_february_S3.npz,31,3,1,S3,4.06666666666666
C3/clip_03771_february_S3.npz,31,3,1,S3,4.06666666666666
C3/clip_03772_february_S3.npz,31,3,1,S3,4.06666666666666
C3/clip_03773_february_S4.npz,31,3,1,S4,4.33074831302245
C3/clip_03774_february_S4.npz,31,3,1,S4,4.36417349268161
C3/clip_03775_february_S4.npz,31,3,1,S4,4.36432000537147
C3/clip_03776_february_S4.npz,31,3,1,S4,4.83432369825762
C3/clip_03777_february_S4.npz,31,3,1,S4,4.93503877530466
C3/clip_03778_february_S4.npz,31,3,1,S4,4.39926678886852
C3/clip_03779_february_S4.npz,31,3,1,S4,4.23262789535077
C3/clip_03780_february_S4.npz,31,3,1,S4,4.09931678053657
C3/clip_03781_february_S4.npz,31,3,1,S4,4.19930011664722
C3/clip_03782_february_S4.npz,31,3,1,S4,4.19930011664722
C3/clip_03783_february_S4.npz,31,3,1,S4,4.19944007465671
C3/clip_03784_february_S4.npz,31,3,1,S4,4.23276896413811
C3/clip_03785_february_S4.npz,31,3,1,S4,4.33261123146142
C3/clip_03786_february_S4.npz,31,3,1,S4,4.66588901849691
C3/clip_03787_february_S4.npz,31,3,1,S4,4.23262789535077
C3/clip_03788_february_S4.npz,31,3,1,S4,4.23262789535077
C3/clip_03789_february_S4.npz,31,3,1,S4,4.33261123146142
C3/clip_03790_february_S4.npz,31,3,1,S4,4.43274230102652
C3/clip_03791_february_S4.npz,31,3,1,S4,4.23262789535077
C3/clip_03792_february_S4.npz,31,3,1,S4,4.23262789535077
C3/clip_03793_february_S4.npz,31,3,1,S4,4.26595567405432
C3/clip_03794_february_S4.npz,31,3,1,S4,4.23262789535077
C3/clip_03795_february_S4.npz,31,3,1,S4,4.29942674310092
C3/clip_03796_february_S4.npz,31,3,1,S4,4.29928345275787
C3/clip_03797_february_S5.npz,31,3,1,S5,4.312047399605
C3/clip_03798_february_S5.npz,31,3,1,S5,4.31191747653321
C3/clip_03799_february_S5.npz,31,3,1,S5,4.2791310072416
C3/clip_03800_february_S5.npz,31,3,1,S5,4.2791310072416
C3/clip_03801_february_S5.npz,31,3,1,S5,4.312047399605
C3/clip_03802_february_S5.npz,31,3,1,S5,4.2791310072416
C3/clip_03803_february_S5.npz,31,3,1,S5,4.312047399605
C3/clip_03804_february_S5.npz,31,3,1,S5,4.2791310072416
C3/clip_03805_february_S5.npz,31,3,1,S5,4.2791310072416
C3/clip_03806_february_S5.npz,31,3,1,S5,4.2791310072416
C3/clip_03807_february_S5.npz,31,3,1,S5,4.2791310072416
C3/clip_03808_february_S5.npz,31,3,1,S5,4.2791310072416
C3/clip_03809_february_S5.npz,31,3,1,S5,4.2791310072416
C3/clip_03810_february_S5.npz,31,3,1,S5,4.2791310072416
C3/clip_03811_february_S5.npz,31,3,1,S5,4.312047399605
C3/clip_03812_february_S5.npz,31,3,1,S5,4.2791310072416
C3/clip_03813_february_S5.npz,31,3,1,S5,4.2791310072416
C3/clip_03814_february_S5.npz,31,3,1,S5,4.312047399605
C3/clip_03815_february_S5.npz,31,3,1,S5,4.2791310072416
C3/clip_03816_february_S5.npz,31,3,1,S5,4.24621461487821
C3/clip_03817_february_S5.npz,31,3,1,S5,4.26346179669665
C3/clip_03818_february_S5.npz,31,3,1,S5,4.23003323597542
C3/clip_03819_february_S5.npz,31,3,1,S5,4.23003323597542
C3/clip_03820_february_S5.npz,31,3,1,S5,4.49860677476751
C3/clip_03821_february_S5.npz,31,3,1,S5,4.22989123136833
C3/clip_03822_february_S6.npz,31,3,1,S6,4.312047399605
C3/clip_03823_february_S6.npz,31,3,1,S6,4.2791310072416
C3/clip_03824_february_S6.npz,31,3,1,S6,4.2791310072416
C3/clip_03825_february_S6.npz,31,3,1,S6,4.2791310072416
C3/clip_03826_february_S6.npz,31,3,1,S6,4.2791310072416
C3/clip_03827_february_S6.npz,31,3,1,S6,4.2791310072416
C3/clip_03828_february_S6.npz,31,3,1,S6,4.24621461487821
C3/clip_03829_february_S6.npz,31,3,1,S6,4.2791310072416
C3/clip_03830_february_S6.npz,31,3,1,S6,4.2791310072416
C3/clip_03831_february_S6.npz,31,3,1,S6,4.24621461487821
C3/clip_03832_february_S6.npz,31,3,1,S6,4.312047399605
C3/clip_03833_february_S6.npz,31,3,1,S6,4.2791310072416
C3/clip_03834_february_S6.npz,31,3,1,S6,4.312047399605
C3/clip_03835_february_S6.npz,31,3,1,S6,4.312047399605
C3/clip_03836_february_S6.npz,31,3,1,S6,4.2791310072416
C3/clip_03837_february_S6.npz,31,3,1,S6,4.2791310072416
C3/clip_03838_february_S6.npz,31,3,1,S6,4.2791310072416
C3/clip_03839_february_S6.npz,31,3,1,S6,4.2791310072416
C3/clip_03840_february_S6.npz,31,3,1,S6,4.2791310072416
C3/clip_03841_february_S6.npz,31,3,1,S6,4.24621461487821
C3/clip_03842_february_S6.npz,31,3,1,S6,4.23003323597542
C3/clip_03843_february_S6.npz,31,3,1,S6,3.96145969718333
C3/clip_03844_february_S6.npz,31,3,1,S6,4.16316938056068
C3/clip_03845_february_S6.npz,31,3,1,S6,4.1628898512774
C3/clip_03846_february_S6.npz,31,3,1,S6,4.12931815892839
C3/clip_03847_february_S7.npz,31,3,1,S7,4.73996050032916
C3/clip_03848_february_S7.npz,31,3,1,S7,4.83870967741935
C3/clip_03849_february_S7.npz,31,3,1,S7,4.67412771560237
C3/clip_03850_february_S7.npz,31,3,1,S7,4.70704410796576
C3/clip_03851_february_S7.npz,31,3,1,S7,4.83870967741935
C3/clip_03852_february_S7.npz,31,3,1,S7,5.03620803159973
C3/clip_03853_february_S7.npz,31,3,1,S7,4.67412771560237
C3/clip_03854_february_S7.npz,31,3,1,S7,4.70704410796576
C3/clip_03855_february_S7.npz,31,3,1,S7,4.67412771560237
C3/clip_03856_february_S7.npz,31,3,1,S7,4.70704410796576
C3/clip_03857_february_S7.npz,31,3,1,S7,4.70704410796576
C3/clip_03858_february_S7.npz,31,3,1,S7,4.67412771560237
C3/clip_03859_february_S7.npz,31,3,1,S7,4.67412771560237
C3/clip_03860_february_S7.npz,31,3,1,S7,4.73996050032916
C3/clip_03861_february_S7.npz,31,3,1,S7,5.20078999341672
C3/clip_03862_february_S7.npz,31,3,1,S7,4.67412771560237
C3/clip_03863_february_S7.npz,31,3,1,S7,4.64121132323897
C3/clip_03864_february_S7.npz,31,3,1,S7,4.312047399605
C3/clip_03865_february_S7.npz,31,3,1,S7,4.54246214614878
C3/clip_03866_february_S7.npz,31,3,1,S7,4.77287689269256
C3/clip_03867_february_S7.npz,31,3,1,S7,4.03266122312947
C3/clip_03868_february_S7.npz,31,3,1,S7,4.16611118517531
C3/clip_03869_february_S7.npz,31,3,1,S7,4.19930011664722
C3/clip_03870_february_S7.npz,31,3,1,S7,4.26603963721867
C3/clip_03871_february_S7.npz,31,3,1,S7,4.09931678053657
C3/clip_03872_march_S0.npz,32,3,1,S0,4.06666666666666
C3/clip_03873_march_S0.npz,32,3,1,S0,4.06666666666666
C3/clip_03874_march_S0.npz,32,3,1,S0,4.06666666666666
C3/clip_03875_march_S0.npz,32,3,1,S0,4.06666666666666
C3/clip_03876_march_S0.npz,32,3,1,S0,4.06666666666666
C3/clip_03877_march_S1.npz,32,3,1,S1,4.06666666666666
C3/clip_03878_march_S1.npz,32,3,1,S1,4.06666666666666
C3/clip_03879_march_S1.npz,32,3,1,S1,4.06666666666666
C3/clip_03880_march_S1.npz,32,3,1,S1,4.06666666666666
C3/clip_03881_march_S1.npz,32,3,1,S1,4.06666666666666
C3/clip_03882_march_S2.npz,32,3,1,S2,4.06666666666666
C3/clip_03883_march_S2.npz,32,3,1,S2,4.06666666666666
C3/clip_03884_march_S2.npz,32,3,1,S2,4.06666666666666
C3/clip_03885_march_S2.npz,32,3,1,S2,4.06666666666666
C3/clip_03886_march_S2.npz,32,3,1,S2,4.06666666666666
C3/clip_03887_march_S3.npz,32,3,1,S3,4.06666666666666
C3/clip_03888_march_S3.npz,32,3,1,S3,4.06666666666666
C3/clip_03889_march_S3.npz,32,3,1,S3,4.06666666666666
C3/clip_03890_march_S3.npz,32,3,1,S3,4.06666666666666
C3/clip_03891_march_S3.npz,32,3,1,S3,4.06666666666666
C3/clip_03892_march_S4.npz,32,3,1,S4,4.29717662067344
C3/clip_03893_march_S4.npz,32,3,1,S4,5.10289723704972
C3/clip_03894_march_S4.npz,32,3,1,S4,4.66646523651257
C3/clip_03895_march_S4.npz,32,3,1,S4,5.30414932187458
C3/clip_03896_march_S4.npz,32,3,1,S4,3.05492144487713
C3/clip_03897_march_S4.npz,32,3,1,S4,4.36593901016497
C3/clip_03898_march_S4.npz,32,3,1,S4,4.26609785361951
C3/clip_03899_march_S4.npz,32,3,1,S4,4.26595567405432
C3/clip_03900_march_S4.npz,32,3,1,S4,4.26595567405432
C3/clip_03901_march_S4.npz,32,3,1,S4,4.36593901016497
C3/clip_03902_march_S4.npz,32,3,1,S4,4.33275563258232
C3/clip_03903_march_S4.npz,32,3,1,S4,4.19944007465671
C3/clip_03904_march_S4.npz,32,3,1,S4,4.23262789535077
C3/clip_03905_march_S4.npz,32,3,1,S4,4.23276896413811
C3/clip_03906_march_S4.npz,32,3,1,S4,4.39926678886852
C3/clip_03907_march_S4.npz,32,3,1,S4,4.23262789535077
C3/clip_03908_march_S4.npz,32,3,1,S4,4.23262789535077
C3/clip_03909_march_S4.npz,32,3,1,S4,4.23276896413811
C3/clip_03910_march_S4.npz,32,3,1,S4,4.0991801639672
C3/clip_03911_march_S4.npz,32,3,1,S4,4.26595567405432
C3/clip_03912_march_S4.npz,32,3,1,S4,4.23276896413811
C3/clip_03913_march_S4.npz,32,3,1,S4,4.29928345275787
C3/clip_03914_march_S4.npz,32,3,1,S4,4.29942674310092
C3/clip_03915_march_S4.npz,32,3,1,S4,4.76587235460756
C3/clip_03916_march_S4.npz,32,3,1,S4,4.26595567405432
C3/clip_03917_march_S4.npz,32,3,1,S4,4.29928345275787
C3/clip_03918_march_S5.npz,32,3,1,S5,4.312047399605
C3/clip_03919_march_S5.npz,32,3,1,S5,4.2791310072416
C3/clip_03920_march_S5.npz,32,3,1,S5,4.2791310072416
C3/clip_03921_march_S5.npz,32,3,1,S5,4.2791310072416
C3/clip_03922_march_S5.npz,32,3,1,S5,4.2791310072416
C3/clip_03923_march_S5.npz,32,3,1,S5,4.2791310072416
C3/clip_03924_march_S5.npz,32,3,1,S5,4.27903273957607
C3/clip_03925_march_S5.npz,32,3,1,S5,4.312047399605
C3/clip_03926_march_S5.npz,32,3,1,S5,4.2791310072416
C3/clip_03927_march_S5.npz,32,3,1,S5,4.27903273957607
C3/clip_03928_march_S5.npz,32,3,1,S5,4.2791310072416
C3/clip_03929_march_S5.npz,32,3,1,S5,4.2791310072416
C3/clip_03930_march_S5.npz,32,3,1,S5,4.312047399605
C3/clip_03931_march_S5.npz,32,3,1,S5,4.27903273957607
C3/clip_03932_march_S5.npz,32,3,1,S5,4.2791310072416
C3/clip_03933_march_S5.npz,32,3,1,S5,4.312047399605
C3/clip_03934_march_S5.npz,32,3,1,S5,4.2791310072416
C3/clip_03935_march_S5.npz,32,3,1,S5,4.312047399605
C3/clip_03936_march_S5.npz,32,3,1,S5,4.2791310072416
C3/clip_03937_march_S5.npz,32,3,1,S5,4.24607154797726
C3/clip_03938_march_S5.npz,32,3,1,S5,4.09574646657938
C3/clip_03939_march_S5.npz,32,3,1,S5,4.29717662067344
C3/clip_03940_march_S5.npz,32,3,1,S5,4.23003323597542
C3/clip_03941_march_S5.npz,32,3,1,S5,4.12917953538337
C3/clip_03942_march_S5.npz,32,3,1,S5,4.06217477423036
C3/clip_03943_march_S6.npz,32,3,1,S6,4.312047399605
C3/clip_03944_march_S6.npz,32,3,1,S6,4.2791310072416
C3/clip_03945_march_S6.npz,32,3,1,S6,4.2791310072416
C3/clip_03946_march_S6.npz,32,3,1,S6,4.2791310072416
C3/clip_03947_march_S6.npz,32,3,1,S6,4.2791310072416
C3/clip_03948_march_S6.npz,32,3,1,S6,4.24621461487821
C3/clip_03949_march_S6.npz,32,3,1,S6,4.2791310072416
C3/clip_03950_march_S6.npz,32,3,1,S6,4.2791310072416
C3/clip_03951_march_S6.npz,32,3,1,S6,4.27903273957607
C3/clip_03952_march_S6.npz,32,3,1,S6,4.24621461487821
C3/clip_03953_march_S6.npz,32,3,1,S6,4.2791310072416
C3/clip_03954_march_S6.npz,32,3,1,S6,4.24621461487821
C3/clip_03955_march_S6.npz,32,3,1,S6,4.312047399605
C3/clip_03956_march_S6.npz,32,3,1,S6,4.2791310072416
C3/clip_03957_march_S6.npz,32,3,1,S6,4.2791310072416
C3/clip_03958_march_S6.npz,32,3,1,S6,4.2791310072416
C3/clip_03959_march_S6.npz,32,3,1,S6,4.2791310072416
C3/clip_03960_march_S6.npz,32,3,1,S6,4.2791310072416
C3/clip_03961_march_S6.npz,32,3,1,S6,4.2791310072416
C3/clip_03962_march_S6.npz,32,3,1,S6,4.2791310072416
C3/clip_03963_march_S6.npz,32,3,1,S6,4.09574646657938
C3/clip_03964_march_S6.npz,32,3,1,S6,4.29717662067344
C3/clip_03965_march_S6.npz,32,3,1,S6,4.06217477423036
C3/clip_03966_march_S6.npz,32,3,1,S6,3.89418557808513
C3/clip_03967_march_S6.npz,32,3,1,S6,3.99503138953234
C3/clip_03968_march_S7.npz,32,3,1,S7,4.77287689269256
C3/clip_03969_march_S7.npz,32,3,1,S7,4.57537853851218
C3/clip_03970_march_S7.npz,32,3,1,S7,4.73996050032916
C3/clip_03971_march_S7.npz,32,3,1,S7,4.70704410796576
C3/clip_03972_march_S7.npz,32,3,1,S7,4.73996050032916
C3/clip_03973_march_S7.npz,32,3,1,S7,4.73996050032916
C3/clip_03974_march_S7.npz,32,3,1,S7,4.70704410796576
C3/clip_03975_march_S7.npz,32,3,1,S7,4.67412771560237
C3/clip_03976_march_S7.npz,32,3,1,S7,4.67412771560237
C3/clip_03977_march_S7.npz,32,3,1,S7,4.57537853851218
C3/clip_03978_march_S7.npz,32,3,1,S7,4.70704410796576
C3/clip_03979_march_S7.npz,32,3,1,S7,4.64121132323897
C3/clip_03980_march_S7.npz,32,3,1,S7,4.77287689269256
C3/clip_03981_march_S7.npz,32,3,1,S7,4.70704410796576
C3/clip_03982_march_S7.npz,32,3,1,S7,4.70704410796576
C3/clip_03983_march_S7.npz,32,3,1,S7,4.70704410796576
C3/clip_03984_march_S7.npz,32,3,1,S7,4.93745885450954
C3/clip_03985_march_S7.npz,32,3,1,S7,4.73996050032916
C3/clip_03986_march_S7.npz,32,3,1,S7,4.73996050032916
C3/clip_03987_march_S7.npz,32,3,1,S7,4.77287689269256
C3/clip_03988_march_S7.npz,32,3,1,S7,4.83870967741935
C3/clip_03989_march_S7.npz,32,3,1,S7,4.09931678053657
C3/clip_03990_march_S7.npz,32,3,1,S7,4.09931678053657
C3/clip_03991_march_S7.npz,32,3,1,S7,4.26595567405432
C3/clip_03992_march_S7.npz,32,3,1,S7,4.13264455924012
C3/clip_03993_march_S7.npz,32,3,1,S7,4.26595567405432
C3/clip_03994_april_S0.npz,33,3,1,S0,4.06666666666666
C3/clip_03995_april_S0.npz,33,3,1,S0,4.06666666666666
C3/clip_03996_april_S0.npz,33,3,1,S0,4.06666666666666
C3/clip_03997_april_S0.npz,33,3,1,S0,4.06666666666666
C3/clip_03998_april_S0.npz,33,3,1,S0,4.06666666666666
C3/clip_03999_april_S1.npz,33,3,1,S1,4.06666666666666
C3/clip_04000_april_S1.npz,33,3,1,S1,4.06666666666666
C3/clip_04001_april_S1.npz,33,3,1,S1,4.06666666666666
C3/clip_04002_april_S1.npz,33,3,1,S1,4.06666666666666
C3/clip_04003_april_S1.npz,33,3,1,S1,4.06666666666666
C3/clip_04004_april_S2.npz,33,3,1,S2,4.06666666666666
C3/clip_04005_april_S2.npz,33,3,1,S2,4.06666666666666
C3/clip_04006_april_S2.npz,33,3,1,S2,4.06666666666666
C3/clip_04007_april_S2.npz,33,3,1,S2,4.06666666666666
C3/clip_04008_april_S2.npz,33,3,1,S2,4.06666666666666
C3/clip_04009_april_S3.npz,33,3,1,S3,4.06666666666666
C3/clip_04010_april_S3.npz,33,3,1,S3,4.06666666666666
C3/clip_04011_april_S3.npz,33,3,1,S3,4.06666666666666
C3/clip_04012_april_S3.npz,33,3,1,S3,4.06666666666666
C3/clip_04013_april_S3.npz,33,3,1,S3,4.06666666666666
C3/clip_04014_april_S4.npz,33,3,1,S4,4.59932185181455
C3/clip_04015_april_S4.npz,33,3,1,S4,4.80091318068891
C3/clip_04016_april_S4.npz,33,3,1,S4,4.59932185181455
C3/clip_04017_april_S4.npz,33,3,1,S4,4.33060292735329
C3/clip_04018_april_S4.npz,33,3,1,S4,4.70003692886158
C3/clip_04019_april_S4.npz,33,3,1,S4,4.29942674310092
C3/clip_04020_april_S4.npz,33,3,1,S4,4.23276896413811
C3/clip_04021_april_S4.npz,33,3,1,S4,4.19930011664722
C3/clip_04022_april_S4.npz,33,3,1,S4,4.0994534062125
C3/clip_04023_april_S4.npz,33,3,1,S4,4.09931678053657
C3/clip_04024_april_S4.npz,33,3,1,S4,4.19944007465671
C3/clip_04025_april_S4.npz,33,3,1,S4,4.13264455924012
C3/clip_04026_april_S4.npz,33,3,1,S4,4.06598900183302
C3/clip_04027_april_S4.npz,33,3,1,S4,4.23262789535077
C3/clip_04028_april_S4.npz,33,3,1,S4,4.23262789535077
C3/clip_04029_april_S4.npz,33,3,1,S4,4.29928345275787
C3/clip_04030_april_S4.npz,33,3,1,S4,4.1995800419958
C3/clip_04031_april_S4.npz,33,3,1,S4,4.19930011664722
C3/clip_04032_april_S4.npz,33,3,1,S4,4.06598900183302
C3/clip_04033_april_S4.npz,33,3,1,S4,4.29928345275787
C3/clip_04034_april_S4.npz,33,3,1,S4,4.1995800419958
C3/clip_04035_april_S4.npz,33,3,1,S4,4.19930011664722
C3/clip_04036_april_S4.npz,33,3,1,S4,4.43274230102652
C3/clip_04037_april_S4.npz,33,3,1,S4,4.13264455924012
C3/clip_04038_april_S4.npz,33,3,1,S4,4.63256123979336
C3/clip_04039_april_S4.npz,33,3,1,S4,4.26609785361951
C3/clip_04040_april_S4.npz,33,3,1,S4,4.1327822956939
C3/clip_04041_april_S4.npz,33,3,1,S4,4.23262789535077
C3/clip_04042_april_S4.npz,33,3,1,S4,4.19930011664722
C3/clip_04043_april_S4.npz,33,3,1,S4,4.33261123146142
C3/clip_04044_april_S4.npz,33,3,1,S4,4.26609785361951
C3/clip_04045_april_S4.npz,33,3,1,S4,4.2329100423291
C3/clip_04046_april_S4.npz,33,3,1,S4,4.89934675376616
C3/clip_04047_april_S4.npz,33,3,1,S4,4.19930011664722
C3/clip_04048_april_S5.npz,33,3,1,S5,4.312047399605
C3/clip_04049_april_S5.npz,33,3,1,S5,4.2791310072416
C3/clip_04050_april_S5.npz,33,3,1,S5,4.2791310072416
C3/clip_04051_april_S5.npz,33,3,1,S5,4.2791310072416
C3/clip_04052_april_S5.npz,33,3,1,S5,4.2791310072416
C3/clip_04053_april_S5.npz,33,3,1,S5,4.24621461487821
C3/clip_04054_april_S5.npz,33,3,1,S5,4.2791310072416
C3/clip_04055_april_S5.npz,33,3,1,S5,4.2791310072416
C3/clip_04056_april_S5.npz,33,3,1,S5,4.2791310072416
C3/clip_04057_april_S5.npz,33,3,1,S5,4.24621461487821
C3/clip_04058_april_S5.npz,33,3,1,S5,4.312047399605
C3/clip_04059_april_S5.npz,33,3,1,S5,4.2791310072416
C3/clip_04060_april_S5.npz,33,3,1,S5,4.31191747653321
C3/clip_04061_april_S5.npz,33,3,1,S5,4.2791310072416
C3/clip_04062_april_S5.npz,33,3,1,S5,4.312047399605
C3/clip_04063_april_S5.npz,33,3,1,S5,4.2791310072416
C3/clip_04064_april_S5.npz,33,3,1,S5,4.31191747653321
C3/clip_04065_april_S5.npz,33,3,1,S5,4.2791310072416
C3/clip_04066_april_S5.npz,33,3,1,S5,4.24614363907779
C3/clip_04067_april_S5.npz,33,3,1,S5,4.2791310072416
C3/clip_04068_april_S5.npz,33,3,1,S5,4.12931815892839
C3/clip_04069_april_S5.npz,33,3,1,S5,4.1628898512774
C3/clip_04070_april_S5.npz,33,3,1,S5,4.19646154362641
C3/clip_04071_april_S5.npz,33,3,1,S5,4.19646154362641
C3/clip_04072_april_S5.npz,33,3,1,S5,4.26360492832443
C3/clip_04073_april_S6.npz,33,3,1,S6,4.312047399605
C3/clip_04074_april_S6.npz,33,3,1,S6,4.24621461487821
C3/clip_04075_april_S6.npz,33,3,1,S6,4.312047399605
C3/clip_04076_april_S6.npz,33,3,1,S6,4.2791310072416
C3/clip_04077_april_S6.npz,33,3,1,S6,4.2791310072416
C3/clip_04078_april_S6.npz,33,3,1,S6,4.2791310072416
C3/clip_04079_april_S6.npz,33,3,1,S6,4.2791310072416
C3/clip_04080_april_S6.npz,33,3,1,S6,4.2791310072416
C3/clip_04081_april_S6.npz,33,3,1,S6,4.2791310072416
C3/clip_04082_april_S6.npz,33,3,1,S6,4.2791310072416
C3/clip_04083_april_S6.npz,33,3,1,S6,4.2791310072416
C3/clip_04084_april_S6.npz,33,3,1,S6,4.24621461487821
C3/clip_04085_april_S6.npz,33,3,1,S6,4.2791310072416
C3/clip_04086_april_S6.npz,33,3,1,S6,4.2791310072416
C3/clip_04087_april_S6.npz,33,3,1,S6,4.312047399605
C3/clip_04088_april_S6.npz,33,3,1,S6,4.2791310072416
C3/clip_04089_april_S6.npz,33,3,1,S6,4.312047399605
C3/clip_04090_april_S6.npz,33,3,1,S6,4.24621461487821
C3/clip_04091_april_S6.npz,33,3,1,S6,4.2791310072416
C3/clip_04092_april_S6.npz,33,3,1,S6,4.2791310072416
C3/clip_04093_april_S6.npz,33,3,1,S6,3.92788800483432
C3/clip_04094_april_S6.npz,33,3,1,S6,4.06203840472673
C3/clip_04095_april_S6.npz,33,3,1,S6,3.96145969718333
C3/clip_04096_april_S6.npz,33,3,1,S6,4.1628898512774
C3/clip_04097_april_S6.npz,33,3,1,S6,4.23003323597542
C3/clip_04098_april_S6.npz,33,3,1,S6,4.26360492832443
C3/clip_04099_april_S7.npz,33,3,1,S7,4.87162606978275
C3/clip_04100_april_S7.npz,33,3,1,S7,4.80579328505595
C3/clip_04101_april_S7.npz,33,3,1,S7,4.73996050032916
C3/clip_04102_april_S7.npz,33,3,1,S7,4.70704410796576
C3/clip_04103_april_S7.npz,33,3,1,S7,4.77287689269256
C3/clip_04104_april_S7.npz,33,3,1,S7,4.70704410796576
C3/clip_04105_april_S7.npz,33,3,1,S7,4.67412771560237
C3/clip_04106_april_S7.npz,33,3,1,S7,4.57537853851218
C3/clip_04107_april_S7.npz,33,3,1,S7,4.67412771560237
C3/clip_04108_april_S7.npz,33,3,1,S7,4.67412771560237
C3/clip_04109_april_S7.npz,33,3,1,S7,4.70704410796576
C3/clip_04110_april_S7.npz,33,3,1,S7,4.64121132323897
C3/clip_04111_april_S7.npz,33,3,1,S7,4.67412771560237
C3/clip_04112_april_S7.npz,33,3,1,S7,4.73996050032916
C3/clip_04113_april_S7.npz,33,3,1,S7,4.83870967741935
C3/clip_04114_april_S7.npz,33,3,0,S7,1.71165240289664
C3/clip_04115_april_S7.npz,33,3,1,S7,4.83870967741935
C3/clip_04116_april_S7.npz,33,3,1,S7,4.70704410796576
C3/clip_04117_april_S7.npz,33,3,1,S7,4.67412771560237
C3/clip_04118_april_S7.npz,33,3,1,S7,4.67412771560237
C3/clip_04119_april_S7.npz,33,3,1,S7,4.64121132323897
C3/clip_04120_april_S7.npz,33,3,1,S7,4.73996050032916
C3/clip_04121_april_S7.npz,33,3,1,S7,4.87162606978275
C3/clip_04122_april_S7.npz,33,3,1,S7,4.73996050032916
C3/clip_04123_april_S7.npz,33,3,1,S7,4.73996050032916
C3/clip_04124_april_S7.npz,33,3,1,S7,4.60829493087557
C3/clip_04125_april_S7.npz,33,3,1,S7,4.70704410796576
C3/clip_04126_april_S7.npz,33,3,1,S7,4.77287689269256
C3/clip_04127_april_S7.npz,33,3,1,S7,4.26595567405432
C3/clip_04128_april_S7.npz,33,3,1,S7,4.19930011664722
C3/clip_04129_april_S7.npz,33,3,1,S7,4.2329100423291
C3/clip_04130_april_S7.npz,33,3,1,S7,4.13264455924012
C3/clip_04131_april_S7.npz,33,3,1,S7,4.13264455924012
C3/clip_04132_may_S0.npz,34,3,1,S0,4.06666666666666
C3/clip_04133_may_S0.npz,34,3,1,S0,4.06666666666666
C3/clip_04134_may_S0.npz,34,3,1,S0,4.06666666666666
C3/clip_04135_may_S0.npz,34,3,1,S0,4.06666666666666
C3/clip_04136_may_S0.npz,34,3,1,S0,4.06666666666666
C3/clip_04137_may_S0.npz,34,3,1,S0,4.06666666666666
C3/clip_04138_may_S1.npz,34,3,1,S1,4.06666666666666
C3/clip_04139_may_S1.npz,34,3,1,S1,4.06666666666666
C3/clip_04140_may_S1.npz,34,3,1,S1,4.06666666666666
C3/clip_04141_may_S1.npz,34,3,1,S1,4.06666666666666
C3/clip_04142_may_S1.npz,34,3,1,S1,4.06666666666666
C3/clip_04143_may_S2.npz,34,3,1,S2,4.06666666666666
C3/clip_04144_may_S2.npz,34,3,1,S2,4.06666666666666
C3/clip_04145_may_S2.npz,34,3,1,S2,4.06666666666666
C3/clip_04146_may_S2.npz,34,3,1,S2,4.06666666666666
C3/clip_04147_may_S2.npz,34,3,1,S2,4.06666666666666
C3/clip_04148_may_S3.npz,34,3,1,S3,4.06666666666666
C3/clip_04149_may_S3.npz,34,3,1,S3,4.06666666666666
C3/clip_04150_may_S3.npz,34,3,1,S3,4.06666666666666
C3/clip_04151_may_S3.npz,34,3,1,S3,4.06666666666666
C3/clip_04152_may_S3.npz,34,3,1,S3,4.06666666666666
C3/clip_04153_may_S4.npz,34,3,1,S4,4.33060292735329
C3/clip_04154_may_S4.npz,34,3,1,S4,3.32348596750369
C3/clip_04155_may_S4.npz,34,3,1,S4,3.45776822881697
C3/clip_04156_may_S4.npz,34,3,1,S4,4.96861046765367
C3/clip_04157_may_S4.npz,34,3,1,S4,5.27075569879477
C3/clip_04158_may_S4.npz,34,3,1,S4,5.67361600698291
C3/clip_04159_may_S4.npz,34,3,1,S4,4.26609785361951
C3/clip_04160_may_S4.npz,34,3,1,S4,4.53257790368272
C3/clip_04161_may_S4.npz,34,3,1,S4,4.23262789535077
C3/clip_04162_may_S4.npz,34,3,1,S4,4.13264455924012
C3/clip_04163_may_S4.npz,34,3,1,S4,4.13264455924012
C3/clip_04164_may_S4.npz,34,3,1,S4,4.09931678053657
C3/clip_04165_may_S4.npz,34,3,1,S4,4.13264455924012
C3/clip_04166_may_S4.npz,34,3,1,S4,4.06598900183302
C3/clip_04167_may_S4.npz,34,3,1,S4,4.06598900183302
C3/clip_04168_may_S4.npz,34,3,1,S4,4.46607119050793
C3/clip_04169_may_S4.npz,34,3,1,S4,4.29942674310092
C3/clip_04170_may_S4.npz,34,3,1,S4,4.03266122312947
C3/clip_04171_may_S4.npz,34,3,1,S4,4.19930011664722
C3/clip_04172_may_S4.npz,34,3,1,S4,3.99933344442592
C3/clip_04173_may_S4.npz,34,3,1,S4,4.0995900409959
C3/clip_04174_may_S4.npz,34,3,1,S4,4.09931678053657
C3/clip_04175_may_S4.npz,34,3,1,S4,4.19930011664722
C3/clip_04176_may_S4.npz,34,3,1,S4,4.19930011664722
C3/clip_04177_may_S4.npz,34,3,1,S4,4.26595567405432
C3/clip_04178_may_S4.npz,34,3,1,S4,4.13264455924012
C3/clip_04179_may_S4.npz,34,3,1,S4,4.33275563258232
C3/clip_04180_may_S4.npz,34,3,1,S4,4.09931678053657
C3/clip_04181_may_S4.npz,34,3,1,S4,4.33275563258232
C3/clip_04182_may_S4.npz,34,3,1,S4,4.33275563258232
C3/clip_04183_may_S5.npz,34,3,1,S5,4.31191747653321
C3/clip_04184_may_S5.npz,34,3,1,S5,4.27903273957607
C3/clip_04185_may_S5.npz,34,3,1,S5,4.312047399605
C3/clip_04186_may_S5.npz,34,3,1,S5,4.312047399605
C3/clip_04187_may_S5.npz,34,3,1,S5,4.2791310072416
C3/clip_04188_may_S5.npz,34,3,1,S5,4.2791310072416
C3/clip_04189_may_S5.npz,34,3,1,S5,4.2791310072416
C3/clip_04190_may_S5.npz,34,3,1,S5,4.2791310072416
C3/clip_04191_may_S5.npz,34,3,1,S5,4.2791310072416
C3/clip_04192_may_S5.npz,34,3,1,S5,4.2791310072416
C3/clip_04193_may_S5.npz,34,3,1,S5,4.2791310072416
C3/clip_04194_may_S5.npz,34,3,1,S5,4.312047399605
C3/clip_04195_may_S5.npz,34,3,1,S5,4.2791310072416
C3/clip_04196_may_S5.npz,34,3,1,S5,4.2791310072416
C3/clip_04197_may_S5.npz,34,3,1,S5,4.312047399605
C3/clip_04198_may_S5.npz,34,3,1,S5,4.312047399605
C3/clip_04199_may_S5.npz,34,3,1,S5,4.27903273957607
C3/clip_04200_may_S5.npz,34,3,1,S5,4.2791310072416
C3/clip_04201_may_S5.npz,34,3,1,S5,4.312047399605
C3/clip_04202_may_S5.npz,34,3,1,S5,4.2791310072416
C3/clip_04203_may_S5.npz,34,3,1,S5,4.06217477423036
C3/clip_04204_may_S5.npz,34,3,1,S5,4.23003323597542
C3/clip_04205_may_S5.npz,34,3,1,S5,4.06217477423036
C3/clip_04206_may_S5.npz,34,3,1,S5,4.06231115289062
C3/clip_04207_may_S5.npz,34,3,1,S5,4.19674332717811
C3/clip_04208_may_S6.npz,34,3,1,S6,4.2791310072416
C3/clip_04209_may_S6.npz,34,3,1,S6,4.31191747653321
C3/clip_04210_may_S6.npz,34,3,1,S6,4.2791310072416
C3/clip_04211_may_S6.npz,34,3,1,S6,4.312047399605
C3/clip_04212_may_S6.npz,34,3,1,S6,4.2791310072416
C3/clip_04213_may_S6.npz,34,3,1,S6,4.312047399605
C3/clip_04214_may_S6.npz,34,3,1,S6,4.312047399605
C3/clip_04215_may_S6.npz,34,3,1,S6,4.2791310072416
C3/clip_04216_may_S6.npz,34,3,1,S6,4.2791310072416
C3/clip_04217_may_S6.npz,34,3,1,S6,4.2791310072416
C3/clip_04218_may_S6.npz,34,3,1,S6,4.2791310072416
C3/clip_04219_may_S6.npz,34,3,1,S6,4.2791310072416
C3/clip_04220_may_S6.npz,34,3,1,S6,4.2791310072416
C3/clip_04221_may_S6.npz,34,3,1,S6,4.2791310072416
C3/clip_04222_may_S6.npz,34,3,1,S6,4.24621461487821
C3/clip_04223_may_S6.npz,34,3,1,S6,4.312047399605
C3/clip_04224_may_S6.npz,34,3,1,S6,4.312047399605
C3/clip_04225_may_S6.npz,34,3,1,S6,4.2791310072416
C3/clip_04226_may_S6.npz,34,3,1,S6,4.2791310072416
C3/clip_04227_may_S6.npz,34,3,1,S6,4.73996050032916
C3/clip_04228_may_S6.npz,34,3,1,S6,4.47662936142198
C3/clip_04229_may_S6.npz,34,3,1,S6,3.79360123543827
C3/clip_04230_may_S6.npz,34,3,1,S6,4.09574646657938
C3/clip_04231_may_S6.npz,34,3,1,S6,4.1628898512774
C3/clip_04232_may_S6.npz,34,3,1,S6,4.12931815892839
C3/clip_04233_may_S6.npz,34,3,1,S6,4.29717662067344
C3/clip_04234_may_S7.npz,34,3,1,S7,5.00329163923634
C3/clip_04235_may_S7.npz,34,3,1,S7,4.97037524687294
C3/clip_04236_may_S7.npz,34,3,1,S7,4.97037524687294
C3/clip_04237_may_S7.npz,34,3,1,S7,4.97037524687294
C3/clip_04238_may_S7.npz,34,3,1,S7,4.97037524687294
C3/clip_04239_may_S7.npz,34,3,1,S7,5.00329163923634
C3/clip_04240_may_S7.npz,34,3,1,S7,4.97037524687294
C3/clip_04241_may_S7.npz,34,3,1,S7,5.00314767569
C3/clip_04242_may_S7.npz,34,3,1,S7,4.93745885450954
C3/clip_04243_may_S7.npz,34,3,1,S7,4.97037524687294
C3/clip_04244_may_S7.npz,34,3,1,S7,4.97037524687294
C3/clip_04245_may_S7.npz,34,3,1,S7,4.93745885450954
C3/clip_04246_may_S7.npz,34,3,1,S7,4.97037524687294
C3/clip_04247_may_S7.npz,34,3,1,S7,4.97037524687294
C3/clip_04248_may_S7.npz,34,3,1,S7,4.97037524687294
C3/clip_04249_may_S7.npz,34,3,1,S7,4.97037524687294
C3/clip_04250_may_S7.npz,34,3,1,S7,5.00314767569
C3/clip_04251_may_S7.npz,34,3,1,S7,4.97037524687294
C3/clip_04252_may_S7.npz,34,3,1,S7,4.93745885450954
C3/clip_04253_may_S7.npz,34,3,1,S7,4.87162606978275
C3/clip_04254_may_S7.npz,34,3,1,S7,5.3982883475971
C3/clip_04255_may_S7.npz,34,3,1,S7,4.90439738873976
C3/clip_04256_may_S7.npz,34,3,1,S7,4.70704410796576
C3/clip_04257_may_S7.npz,34,3,1,S7,3.73271121479753
C3/clip_04258_may_S7.npz,34,3,1,S7,4.33275563258232
C3/clip_04259_may_S7.npz,34,3,1,S7,4.09931678053657
C3/clip_04260_may_S7.npz,34,3,0,S7,3.76603899350108
C3/clip_04261_may_S7.npz,34,3,1,S7,3.96613784828689
C3/clip_04262_may_S7.npz,34,3,1,S7,4.39926678886852
C3/clip_04263_may_S7.npz,34,3,1,S7,4.16597233794367
C3/clip_04264_may_S7.npz,34,3,1,S7,3.96600566572238
C3/clip_04265_may_S7.npz,34,3,1,S7,4.26595567405432
C3/clip_04266_june_S0.npz,35,3,1,S0,4.06666666666666
C3/clip_04267_june_S0.npz,35,3,1,S0,4.06666666666666
C3/clip_04268_june_S0.npz,35,3,1,S0,4.06666666666666
C3/clip_04269_june_S0.npz,35,3,1,S0,4.05
C3/clip_04270_june_S0.npz,35,3,1,S0,4.05
C3/clip_04271_june_S1.npz,35,3,1,S1,4.06666666666666
C3/clip_04272_june_S1.npz,35,3,1,S1,4.06666666666666
C3/clip_04273_june_S1.npz,35,3,1,S1,4.06666666666666
C3/clip_04274_june_S1.npz,35,3,1,S1,4.06666666666666
C3/clip_04275_june_S1.npz,35,3,1,S1,4.06666666666666
C3/clip_04276_june_S2.npz,35,3,1,S2,4.06666666666666
C3/clip_04277_june_S2.npz,35,3,1,S2,4.06666666666666
C3/clip_04278_june_S2.npz,35,3,1,S2,4.06666666666666
C3/clip_04279_june_S2.npz,35,3,1,S2,4.06666666666666
C3/clip_04280_june_S2.npz,35,3,1,S2,4.05
C3/clip_04281_june_S3.npz,35,3,1,S3,4.06666666666666
C3/clip_04282_june_S3.npz,35,3,1,S3,4.06666666666666
C3/clip_04283_june_S3.npz,35,3,1,S3,4.06666666666666
C3/clip_04284_june_S3.npz,35,3,1,S3,4.06666666666666
C3/clip_04285_june_S3.npz,35,3,1,S3,4.06666666666666
C3/clip_04286_june_S4.npz,35,3,1,S4,4.36432000537147
C3/clip_04287_june_S4.npz,35,3,1,S4,4.96861046765367
C3/clip_04288_june_S4.npz,35,3,1,S4,5.57271384450114
C3/clip_04289_june_S4.npz,35,3,1,S4,4.56575015946553
C3/clip_04290_june_S4.npz,35,3,1,S4,4.39789169772048
C3/clip_04291_june_S4.npz,35,3,1,S4,4.29942674310092
C3/clip_04292_june_S4.npz,35,3,1,S4,4.26595567405432
C3/clip_04293_june_S4.npz,35,3,1,S4,3.96600566572238
C3/clip_04294_june_S4.npz,35,3,1,S4,4.23276896413811
C3/clip_04295_june_S4.npz,35,3,1,S4,4.39936864022567
C3/clip_04296_june_S4.npz,35,3,1,S4,4.43259456757207
C3/clip_04297_june_S4.npz,35,3,1,S4,4.16597233794367
C3/clip_04298_june_S4.npz,35,3,1,S4,4.29928345275787
C3/clip_04299_june_S4.npz,35,3,1,S4,4.23262789535077
C3/clip_04300_june_S4.npz,35,3,1,S4,4.26595567405432
C3/clip_04301_june_S4.npz,35,3,1,S4,4.23262789535077
C3/clip_04302_june_S4.npz,35,3,1,S4,4.19930011664722
C3/clip_04303_june_S4.npz,35,3,1,S4,4.26609785361951
C3/clip_04304_june_S4.npz,35,3,1,S4,4.3662300436623
C3/clip_04305_june_S4.npz,35,3,1,S4,4.33261123146142
C3/clip_04306_june_S4.npz,35,3,1,S4,4.19930011664722
C3/clip_04307_june_S4.npz,35,3,1,S4,4.23276896413811
C3/clip_04308_june_S4.npz,35,3,1,S4,4.23276896413811
C3/clip_04309_june_S4.npz,35,3,1,S4,4.29942674310092
C3/clip_04310_june_S4.npz,35,3,1,S4,4.43274230102652
C3/clip_04311_june_S5.npz,35,3,1,S5,4.27903273957607
C3/clip_04312_june_S5.npz,35,3,1,S5,4.2791310072416
C3/clip_04313_june_S5.npz,35,3,1,S5,4.2791310072416
C3/clip_04314_june_S5.npz,35,3,1,S5,4.312047399605
C3/clip_04315_june_S5.npz,35,3,1,S5,4.24621461487821
C3/clip_04316_june_S5.npz,35,3,1,S5,4.2791310072416
C3/clip_04317_june_S5.npz,35,3,1,S5,4.2791310072416
C3/clip_04318_june_S5.npz,35,3,1,S5,4.2791310072416
C3/clip_04319_june_S5.npz,35,3,1,S5,4.31191747653321
C3/clip_04320_june_S5.npz,35,3,1,S5,4.27903273957607
C3/clip_04321_june_S5.npz,35,3,1,S5,4.2791310072416
C3/clip_04322_june_S5.npz,35,3,1,S5,4.312047399605
C3/clip_04323_june_S5.npz,35,3,1,S5,4.2791310072416
C3/clip_04324_june_S5.npz,35,3,1,S5,4.27903273957607
C3/clip_04325_june_S5.npz,35,3,1,S5,4.2791310072416
C3/clip_04326_june_S5.npz,35,3,1,S5,4.24621461487821
C3/clip_04327_june_S5.npz,35,3,1,S5,4.2791310072416
C3/clip_04328_june_S5.npz,35,3,1,S5,4.2791310072416
C3/clip_04329_june_S5.npz,35,3,1,S5,4.2791310072416
C3/clip_04330_june_S5.npz,35,3,1,S5,4.2791310072416
C3/clip_04331_june_S5.npz,35,3,1,S5,4.66646523651257
C3/clip_04332_june_S5.npz,35,3,1,S5,4.43131462333825
C3/clip_04333_june_S5.npz,35,3,1,S5,4.66646523651257
C3/clip_04334_june_S5.npz,35,3,1,S5,4.90146708295565
C3/clip_04335_june_S5.npz,35,3,1,S5,4.43146339006949
C3/clip_04336_june_S5.npz,35,3,1,S5,4.36446652789901
C3/clip_04337_june_S5.npz,35,3,1,S5,4.39803934734438
C3/clip_04338_june_S6.npz,35,3,1,S6,4.312047399605
C3/clip_04339_june_S6.npz,35,3,1,S6,4.2791310072416
C3/clip_04340_june_S6.npz,35,3,1,S6,4.2791310072416
C3/clip_04341_june_S6.npz,35,3,1,S6,4.2791310072416
C3/clip_04342_june_S6.npz,35,3,1,S6,4.24621461487821
C3/clip_04343_june_S6.npz,35,3,1,S6,4.2791310072416
C3/clip_04344_june_S6.npz,35,3,1,S6,4.2791310072416
C3/clip_04345_june_S6.npz,35,3,1,S6,4.2791310072416
C3/clip_04346_june_S6.npz,35,3,1,S6,4.312047399605
C3/clip_04347_june_S6.npz,35,3,1,S6,4.2791310072416
C3/clip_04348_june_S6.npz,35,3,1,S6,4.2791310072416
C3/clip_04349_june_S6.npz,35,3,1,S6,4.2791310072416
C3/clip_04350_june_S6.npz,35,3,1,S6,4.2791310072416
C3/clip_04351_june_S6.npz,35,3,1,S6,4.2791310072416
C3/clip_04352_june_S6.npz,35,3,1,S6,4.24621461487821
C3/clip_04353_june_S6.npz,35,3,1,S6,4.2791310072416
C3/clip_04354_june_S6.npz,35,3,1,S6,4.2791310072416
C3/clip_04355_june_S6.npz,35,3,1,S6,4.2791310072416
C3/clip_04356_june_S6.npz,35,3,1,S6,4.2791310072416
C3/clip_04357_june_S6.npz,35,3,1,S6,4.2791310072416
C3/clip_04358_june_S6.npz,35,3,1,S6,4.33074831302245
C3/clip_04359_june_S6.npz,35,3,1,S6,4.29732088900825
C3/clip_04360_june_S6.npz,35,3,1,S6,4.33060292735329
C3/clip_04361_june_S6.npz,35,3,1,S6,4.1628898512774
C3/clip_04362_june_S6.npz,35,3,1,S6,4.1628898512774
C3/clip_04363_june_S7.npz,35,3,1,S7,4.97037524687294
C3/clip_04364_june_S7.npz,35,3,1,S7,4.97037524687294
C3/clip_04365_june_S7.npz,35,3,1,S7,5.00329163923634
C3/clip_04366_june_S7.npz,35,3,1,S7,5.00329163923634
C3/clip_04367_june_S7.npz,35,3,1,S7,4.97037524687294
C3/clip_04368_june_S7.npz,35,3,1,S7,5.00329163923634
C3/clip_04369_june_S7.npz,35,3,1,S7,4.97037524687294
C3/clip_04370_june_S7.npz,35,3,1,S7,4.97037524687294
C3/clip_04371_june_S7.npz,35,3,1,S7,4.97017892644135
C3/clip_04372_june_S7.npz,35,3,1,S7,4.97037524687294
C3/clip_04373_june_S7.npz,35,3,1,S7,5.00329163923634
C3/clip_04374_june_S7.npz,35,3,1,S7,4.97037524687294
C3/clip_04375_june_S7.npz,35,3,1,S7,5.00329163923634
C3/clip_04376_june_S7.npz,35,3,1,S7,4.97037524687294
C3/clip_04377_june_S7.npz,35,3,1,S7,5.00329163923634
C3/clip_04378_june_S7.npz,35,3,1,S7,4.97037524687294
C3/clip_04379_june_S7.npz,35,3,1,S7,4.97037524687294
C3/clip_04380_june_S7.npz,35,3,1,S7,4.97037524687294
C3/clip_04381_june_S7.npz,35,3,1,S7,4.97037524687294
C3/clip_04382_june_S7.npz,35,3,1,S7,5.00329163923634
C3/clip_04383_june_S7.npz,35,3,1,S7,3.86615117984268
C3/clip_04384_june_S7.npz,35,3,1,S7,4.23276896413811
C3/clip_04385_june_S7.npz,35,3,1,S7,4.16597233794367
C3/clip_04386_june_S7.npz,35,3,1,S7,4.29928345275787
C3/clip_04387_june_S7.npz,35,3,1,S7,4.43259456757207
C3/clip_04388_july_S0.npz,36,3,1,S0,4.05
C3/clip_04389_july_S0.npz,36,3,1,S0,4.05
C3/clip_04390_july_S0.npz,36,3,1,S0,4.05
C3/clip_04391_july_S0.npz,36,3,1,S0,4.05
C3/clip_04392_july_S0.npz,36,3,1,S0,4.05
C3/clip_04393_july_S0.npz,36,3,1,S0,4.05
C3/clip_04394_july_S1.npz,36,3,1,S1,4.06666666666666
C3/clip_04395_july_S1.npz,36,3,1,S1,4.06666666666666
C3/clip_04396_july_S1.npz,36,3,1,S1,4.06666666666666
C3/clip_04397_july_S1.npz,36,3,1,S1,4.05
C3/clip_04398_july_S1.npz,36,3,1,S1,4.05
C3/clip_04399_july_S2.npz,36,3,1,S2,4.05
C3/clip_04400_july_S2.npz,36,3,1,S2,4.05
C3/clip_04401_july_S2.npz,36,3,1,S2,4.05
C3/clip_04402_july_S2.npz,36,3,1,S2,4.05
C3/clip_04403_july_S2.npz,36,3,1,S2,4.05
C3/clip_04404_july_S3.npz,36,3,1,S3,4.06666666666666
C3/clip_04405_july_S3.npz,36,3,1,S3,4.05
C3/clip_04406_july_S3.npz,36,3,1,S3,4.05
C3/clip_04407_july_S3.npz,36,3,1,S3,4.05
C3/clip_04408_july_S3.npz,36,3,1,S3,4.05
C3/clip_04409_july_S4.npz,36,3,1,S4,4.33060292735329
C3/clip_04410_july_S4.npz,36,3,1,S4,5.57271384450114
C3/clip_04411_july_S4.npz,36,3,1,S4,4.73360862121059
C3/clip_04412_july_S4.npz,36,3,1,S4,4.70003692886158
C3/clip_04413_july_S4.npz,36,3,1,S4,4.39803934734438
C3/clip_04414_july_S4.npz,36,3,1,S4,4.0991801639672
C3/clip_04415_july_S4.npz,36,3,1,S4,4.06598900183302
C3/clip_04416_july_S4.npz,36,3,1,S4,4.16597233794367
C3/clip_04417_july_S4.npz,36,3,1,S4,4.1327822956939
C3/clip_04418_july_S4.npz,36,3,1,S4,4.19930011664722
C3/clip_04419_july_S4.npz,36,3,1,S4,4.26609785361951
C3/clip_04420_july_S4.npz,36,3,1,S4,4.19930011664722
C3/clip_04421_july_S4.npz,36,3,1,S4,4.23262789535077
C3/clip_04422_july_S4.npz,36,3,1,S4,4.16597233794367
C3/clip_04423_july_S4.npz,36,3,1,S4,4.06585349596747
C3/clip_04424_july_S4.npz,36,3,1,S4,4.16597233794367
C3/clip_04425_july_S4.npz,36,3,1,S4,4.16597233794367
C3/clip_04426_july_S4.npz,36,3,1,S4,4.03266122312947
C3/clip_04427_july_S4.npz,36,3,1,S4,4.03266122312947
C3/clip_04428_july_S4.npz,36,3,1,S4,4.16597233794367
C3/clip_04429_july_S4.npz,36,3,1,S4,4.06598900183302
C3/clip_04430_july_S4.npz,36,3,1,S4,4.16597233794367
C3/clip_04431_july_S4.npz,36,3,1,S4,4.23276896413811
C3/clip_04432_july_S4.npz,36,3,1,S4,4.19930011664722
C3/clip_04433_july_S4.npz,36,3,1,S4,3.99946673776829
C3/clip_04434_july_S4.npz,36,3,1,S4,3.99946673776829
C3/clip_04435_july_S4.npz,36,3,1,S4,4.26595567405432
C3/clip_04436_july_S5.npz,36,3,1,S5,4.27903273957607
C3/clip_04437_july_S5.npz,36,3,1,S5,4.312047399605
C3/clip_04438_july_S5.npz,36,3,1,S5,4.312047399605
C3/clip_04439_july_S5.npz,36,3,1,S5,4.27903273957607
C3/clip_04440_july_S5.npz,36,3,1,S5,4.27903273957607
C3/clip_04441_july_S5.npz,36,3,1,S5,4.312047399605
C3/clip_04442_july_S5.npz,36,3,1,S5,4.2791310072416
C3/clip_04443_july_S5.npz,36,3,1,S5,4.2791310072416
C3/clip_04444_july_S5.npz,36,3,1,S5,4.27903273957607
C3/clip_04445_july_S5.npz,36,3,1,S5,4.2791310072416
C3/clip_04446_july_S5.npz,36,3,1,S5,4.312047399605
C3/clip_04447_july_S5.npz,36,3,1,S5,4.2791310072416
C3/clip_04448_july_S5.npz,36,3,1,S5,4.2791310072416
C3/clip_04449_july_S5.npz,36,3,1,S5,4.312047399605
C3/clip_04450_july_S5.npz,36,3,1,S5,4.312047399605
C3/clip_04451_july_S5.npz,36,3,1,S5,4.2791310072416
C3/clip_04452_july_S5.npz,36,3,1,S5,4.2791310072416
C3/clip_04453_july_S5.npz,36,3,1,S5,4.2791310072416
C3/clip_04454_july_S5.npz,36,3,1,S5,4.31192967209278
C3/clip_04455_july_S5.npz,36,3,1,S5,4.2791310072416
C3/clip_04456_july_S5.npz,36,3,1,S5,3.82730141677298
C3/clip_04457_july_S5.npz,36,3,1,S5,4.4650350824185
C3/clip_04458_july_S5.npz,36,3,1,S5,4.56575015946553
C3/clip_04459_july_S5.npz,36,3,1,S5,4.56575015946553
C3/clip_04460_july_S5.npz,36,3,1,S5,4.43146339006949
C3/clip_04461_july_S6.npz,36,3,1,S6,4.312047399605
C3/clip_04462_july_S6.npz,36,3,1,S6,4.2791310072416
C3/clip_04463_july_S6.npz,36,3,1,S6,4.312047399605
C3/clip_04464_july_S6.npz,36,3,1,S6,4.2791310072416
C3/clip_04465_july_S6.npz,36,3,1,S6,4.24621461487821
C3/clip_04466_july_S6.npz,36,3,1,S6,4.2791310072416
C3/clip_04467_july_S6.npz,36,3,1,S6,4.2791310072416
C3/clip_04468_july_S6.npz,36,3,1,S6,4.2791310072416
C3/clip_04469_july_S6.npz,36,3,1,S6,4.24621461487821
C3/clip_04470_july_S6.npz,36,3,1,S6,4.2791310072416
C3/clip_04471_july_S6.npz,36,3,1,S6,4.2791310072416
C3/clip_04472_july_S6.npz,36,3,1,S6,4.2791310072416
C3/clip_04473_july_S6.npz,36,3,1,S6,4.2791310072416
C3/clip_04474_july_S6.npz,36,3,1,S6,4.2791310072416
C3/clip_04475_july_S6.npz,36,3,1,S6,4.2791310072416
C3/clip_04476_july_S6.npz,36,3,1,S6,4.312047399605
C3/clip_04477_july_S6.npz,36,3,1,S6,4.2791310072416
C3/clip_04478_july_S6.npz,36,3,1,S6,4.2791310072416
C3/clip_04479_july_S6.npz,36,3,1,S6,4.2791310072416
C3/clip_04480_july_S6.npz,36,3,1,S6,4.2791310072416
C3/clip_04481_july_S6.npz,36,3,1,S6,4.12959543394326
C3/clip_04482_july_S6.npz,36,3,1,S6,4.1628898512774
C3/clip_04483_july_S6.npz,36,3,1,S6,4.1628898512774
C3/clip_04484_july_S6.npz,36,3,1,S6,4.12959543394326
C3/clip_04485_july_S6.npz,36,3,1,S6,4.12931815892839
C3/clip_04486_july_S7.npz,36,3,1,S7,5.00329163923634
C3/clip_04487_july_S7.npz,36,3,1,S7,4.97037524687294
C3/clip_04488_july_S7.npz,36,3,1,S7,4.97037524687294
C3/clip_04489_july_S7.npz,36,3,1,S7,4.97037524687294
C3/clip_04490_july_S7.npz,36,3,1,S7,4.97037524687294
C3/clip_04491_july_S7.npz,36,3,1,S7,5.00329163923634
C3/clip_04492_july_S7.npz,36,3,1,S7,4.97037524687294
C3/clip_04493_july_S7.npz,36,3,1,S7,4.97037524687294
C3/clip_04494_july_S7.npz,36,3,1,S7,4.97037524687294
C3/clip_04495_july_S7.npz,36,3,1,S7,5.00329163923634
C3/clip_04496_july_S7.npz,36,3,1,S7,4.97037524687294
C3/clip_04497_july_S7.npz,36,3,1,S7,4.97037524687294
C3/clip_04498_july_S7.npz,36,3,1,S7,5.00329163923634
C3/clip_04499_july_S7.npz,36,3,1,S7,5.00329163923634
C3/clip_04500_july_S7.npz,36,3,1,S7,5.00329163923634
C3/clip_04501_july_S7.npz,36,3,1,S7,4.97037524687294
C3/clip_04502_july_S7.npz,36,3,1,S7,5.00329163923634
C3/clip_04503_july_S7.npz,36,3,1,S7,5.00329163923634
C3/clip_04504_july_S7.npz,36,3,1,S7,4.97037524687294
C3/clip_04505_july_S7.npz,36,3,1,S7,4.97037524687294
C3/clip_04506_july_S7.npz,36,3,1,S7,4.16597233794367
C3/clip_04507_july_S7.npz,36,3,1,S7,4.23262789535077
C3/clip_04508_july_S7.npz,36,3,1,S7,4.29928345275787
C3/clip_04509_july_S7.npz,36,3,1,S7,4.23262789535077
C3/clip_04510_july_S7.npz,36,3,1,S7,4.23276896413811
C3/clip_04511_august_S0.npz,37,3,1,S0,4.05
C3/clip_04512_august_S0.npz,37,3,1,S0,4.05
C3/clip_04513_august_S0.npz,37,3,1,S0,4.05
C3/clip_04514_august_S0.npz,37,3,1,S0,4.05
C3/clip_04515_august_S0.npz,37,3,1,S0,4.05
C3/clip_04516_august_S0.npz,37,3,1,S0,4.05
C3/clip_04517_august_S0.npz,37,3,1,S0,4.05
C3/clip_04518_august_S1.npz,37,3,1,S1,4.05
C3/clip_04519_august_S1.npz,37,3,1,S1,4.05
C3/clip_04520_august_S1.npz,37,3,1,S1,4.05
C3/clip_04521_august_S1.npz,37,3,1,S1,4.05
C3/clip_04522_august_S1.npz,37,3,1,S1,4.05
C3/clip_04523_august_S2.npz,37,3,1,S2,4.05
C3/clip_04524_august_S2.npz,37,3,1,S2,4.05
C3/clip_04525_august_S2.npz,37,3,1,S2,4.05
C3/clip_04526_august_S2.npz,37,3,1,S2,4.05
C3/clip_04527_august_S2.npz,37,3,1,S2,4.05
C3/clip_04528_august_S3.npz,37,3,1,S3,4.05
C3/clip_04529_august_S3.npz,37,3,1,S3,4.05
C3/clip_04530_august_S3.npz,37,3,1,S3,4.05
C3/clip_04531_august_S3.npz,37,3,1,S3,4.05
C3/clip_04532_august_S3.npz,37,3,1,S3,4.05
C3/clip_04533_august_S3.npz,37,3,1,S3,4.05
C3/clip_04534_august_S4.npz,37,3,1,S4,4.80075200590861
C3/clip_04535_august_S4.npz,37,3,1,S4,4.53217846711652
C3/clip_04536_august_S4.npz,37,3,1,S4,4.63304908346202
C3/clip_04537_august_S4.npz,37,3,1,S4,5.3377198872029
C3/clip_04538_august_S4.npz,37,3,1,S4,3.49941676387268
C3/clip_04539_august_S4.npz,37,3,1,S4,4.36593901016497
C3/clip_04540_august_S4.npz,37,3,1,S4,4.1991601679664
C3/clip_04541_august_S4.npz,37,3,1,S4,4.13264455924012
C3/clip_04542_august_S4.npz,37,3,1,S4,4.19944007465671
C3/clip_04543_august_S4.npz,37,3,1,S4,4.23262789535077
C3/clip_04544_august_S4.npz,37,3,1,S4,4.29928345275787
C3/clip_04545_august_S4.npz,37,3,1,S4,4.26595567405432
C3/clip_04546_august_S4.npz,37,3,1,S4,4.19944007465671
C3/clip_04547_august_S4.npz,37,3,1,S4,4.26609785361951
C3/clip_04548_august_S4.npz,37,3,1,S4,4.03279562724969
C3/clip_04549_august_S4.npz,37,3,1,S4,4.16611118517531
C3/clip_04550_august_S4.npz,37,3,1,S4,4.19930011664722
C3/clip_04551_august_S4.npz,37,3,1,S4,4.29928345275787
C3/clip_04552_august_S4.npz,37,3,1,S4,4.33275563258232
C3/clip_04553_august_S4.npz,37,3,1,S4,4.23276896413811
C3/clip_04554_august_S4.npz,37,3,1,S4,4.19944007465671
C3/clip_04555_august_S5.npz,37,3,1,S5,4.2791310072416
C3/clip_04556_august_S5.npz,37,3,1,S5,4.2791310072416
C3/clip_04557_august_S5.npz,37,3,1,S5,4.2791310072416
C3/clip_04558_august_S5.npz,37,3,1,S5,4.312047399605
C3/clip_04559_august_S5.npz,37,3,1,S5,4.2791310072416
C3/clip_04560_august_S5.npz,37,3,1,S5,4.24614363907779
C3/clip_04561_august_S5.npz,37,3,1,S5,4.2791310072416
C3/clip_04562_august_S5.npz,37,3,1,S5,4.24614363907779
C3/clip_04563_august_S5.npz,37,3,1,S5,4.2791310072416
C3/clip_04564_august_S5.npz,37,3,1,S5,4.27903273957607
C3/clip_04565_august_S5.npz,37,3,1,S5,4.31191747653321
C3/clip_04566_august_S5.npz,37,3,1,S5,4.24621461487821
C3/clip_04567_august_S5.npz,37,3,1,S5,4.2791310072416
C3/clip_04568_august_S5.npz,37,3,1,S5,4.2791310072416
C3/clip_04569_august_S5.npz,37,3,1,S5,4.24614363907779
C3/clip_04570_august_S5.npz,37,3,1,S5,4.2791310072416
C3/clip_04571_august_S5.npz,37,3,1,S5,4.2791310072416
C3/clip_04572_august_S5.npz,37,3,1,S5,4.2791310072416
C3/clip_04573_august_S5.npz,37,3,1,S5,4.2791310072416
C3/clip_04574_august_S5.npz,37,3,1,S5,4.2791310072416
C3/clip_04575_august_S5.npz,37,3,1,S5,4.29703236202497
C3/clip_04576_august_S5.npz,37,3,1,S5,4.26389122041295
C3/clip_04577_august_S5.npz,37,3,1,S5,3.59217108134421
C3/clip_04578_august_S5.npz,37,3,1,S5,4.63289354416356
C3/clip_04579_august_S5.npz,37,3,1,S5,5.6400443146339
C3/clip_04580_august_S5.npz,37,3,1,S5,4.73376754179816
C3/clip_04581_august_S6.npz,37,3,1,S6,4.312047399605
C3/clip_04582_august_S6.npz,37,3,1,S6,4.2791310072416
C3/clip_04583_august_S6.npz,37,3,1,S6,4.2791310072416
C3/clip_04584_august_S6.npz,37,3,1,S6,4.24621461487821
C3/clip_04585_august_S6.npz,37,3,1,S6,4.312047399605
C3/clip_04586_august_S6.npz,37,3,1,S6,4.2791310072416
C3/clip_04587_august_S6.npz,37,3,1,S6,4.2791310072416
C3/clip_04588_august_S6.npz,37,3,1,S6,4.24621461487821
C3/clip_04589_august_S6.npz,37,3,1,S6,4.2791310072416
C3/clip_04590_august_S6.npz,37,3,1,S6,4.312047399605
C3/clip_04591_august_S6.npz,37,3,1,S6,4.2791310072416
C3/clip_04592_august_S6.npz,37,3,1,S6,4.2791310072416
C3/clip_04593_august_S6.npz,37,3,1,S6,4.2791310072416
C3/clip_04594_august_S6.npz,37,3,1,S6,4.2791310072416
C3/clip_04595_august_S6.npz,37,3,1,S6,4.2791310072416
C3/clip_04596_august_S6.npz,37,3,1,S6,4.2791310072416
C3/clip_04597_august_S6.npz,37,3,1,S6,4.2791310072416
C3/clip_04598_august_S6.npz,37,3,1,S6,4.2791310072416
C3/clip_04599_august_S6.npz,37,3,1,S6,4.2791310072416
C3/clip_04600_august_S6.npz,37,3,1,S6,4.2791310072416
C3/clip_04601_august_S6.npz,37,3,1,S6,4.4653349001175
C3/clip_04602_august_S6.npz,37,3,1,S6,4.06217477423036
C3/clip_04603_august_S6.npz,37,3,1,S6,4.29703236202497
C3/clip_04604_august_S6.npz,37,3,1,S6,4.26389122041295
C3/clip_04605_august_S6.npz,37,3,1,S6,3.99516551399986
C3/clip_04606_august_S6.npz,37,3,1,S6,4.16302961122675
C3/clip_04607_august_S7.npz,37,3,1,S7,5.00329163923634
C3/clip_04608_august_S7.npz,37,3,1,S7,5.00329163923634
C3/clip_04609_august_S7.npz,37,3,1,S7,4.97037524687294
C3/clip_04610_august_S7.npz,37,3,1,S7,4.97037524687294
C3/clip_04611_august_S7.npz,37,3,1,S7,4.97037524687294
C3/clip_04612_august_S7.npz,37,3,1,S7,4.97037524687294
C3/clip_04613_august_S7.npz,37,3,1,S7,4.97037524687294
C3/clip_04614_august_S7.npz,37,3,1,S7,5.00329163923634
C3/clip_04615_august_S7.npz,37,3,1,S7,4.97037524687294
C3/clip_04616_august_S7.npz,37,3,1,S7,4.97037524687294
C3/clip_04617_august_S7.npz,37,3,1,S7,5.00329163923634
C3/clip_04618_august_S7.npz,37,3,1,S7,5.03620803159973
C3/clip_04619_august_S7.npz,37,3,1,S7,4.97037524687294
C3/clip_04620_august_S7.npz,37,3,1,S7,4.97037524687294
C3/clip_04621_august_S7.npz,37,3,1,S7,4.97037524687294
C3/clip_04622_august_S7.npz,37,3,1,S7,5.00329163923634
C3/clip_04623_august_S7.npz,37,3,1,S7,4.97017892644135
C3/clip_04624_august_S7.npz,37,3,1,S7,4.97037524687294
C3/clip_04625_august_S7.npz,37,3,1,S7,5.00329163923634
C3/clip_04626_august_S7.npz,37,3,1,S7,5.00329163923634
C3/clip_04627_august_S7.npz,37,3,1,S7,4.26595567405432
C3/clip_04628_august_S7.npz,37,3,1,S7,4.26595567405432
C3/clip_04629_august_S7.npz,37,3,1,S7,4.0662600406626
C3/clip_04630_august_S7.npz,37,3,1,S7,4.1991601679664
C3/clip_04631_august_S7.npz,37,3,1,S7,4.29928345275787
C3/clip_04632_september_S0.npz,38,3,1,S0,4.05
C3/clip_04633_september_S0.npz,38,3,1,S0,4.05
C3/clip_04634_september_S0.npz,38,3,1,S0,4.05
C3/clip_04635_september_S0.npz,38,3,1,S0,4.05
C3/clip_04636_september_S0.npz,38,3,1,S0,4.05
C3/clip_04637_september_S1.npz,38,3,1,S1,4.05
C3/clip_04638_september_S1.npz,38,3,1,S1,4.05
C3/clip_04639_september_S1.npz,38,3,1,S1,4.05
C3/clip_04640_september_S1.npz,38,3,1,S1,4.05
C3/clip_04641_september_S1.npz,38,3,1,S1,4.05
C3/clip_04642_september_S2.npz,38,3,0,S2,4.05
C3/clip_04643_september_S2.npz,38,3,0,S2,4.05
C3/clip_04644_september_S2.npz,38,3,1,S2,4.05
C3/clip_04645_september_S2.npz,38,3,1,S2,4.05
C3/clip_04646_september_S2.npz,38,3,1,S2,4.05
C3/clip_04647_september_S3.npz,38,3,1,S3,4.05
C3/clip_04648_september_S3.npz,38,3,1,S3,4.05
C3/clip_04649_september_S3.npz,38,3,1,S3,4.05
C3/clip_04650_september_S3.npz,38,3,1,S3,4.05
C3/clip_04651_september_S3.npz,38,3,1,S3,4.05
C3/clip_04652_september_S4.npz,38,3,1,S4,4.80091318068891
C3/clip_04653_september_S4.npz,38,3,1,S4,4.63289354416356
C3/clip_04654_september_S4.npz,38,3,1,S4,4.39789169772048
C3/clip_04655_september_S4.npz,38,3,1,S4,4.43146339006949
C3/clip_04656_september_S4.npz,38,3,1,S4,5.40504246819082
C3/clip_04657_september_S4.npz,38,3,1,S4,4.26595567405432
C3/clip_04658_september_S4.npz,38,3,1,S4,4.33261123146142
C3/clip_04659_september_S4.npz,38,3,1,S4,4.49925012497917
C3/clip_04660_september_S4.npz,38,3,1,S4,4.43274230102652
C3/clip_04661_september_S4.npz,38,3,1,S4,4.36593901016497
C3/clip_04662_september_S4.npz,38,3,1,S4,4.26595567405432
C3/clip_04663_september_S4.npz,38,3,1,S4,4.46592234627562
C3/clip_04664_september_S4.npz,38,3,1,S4,4.83252791201466
C3/clip_04665_september_S4.npz,38,3,1,S4,4.43274230102652
C3/clip_04666_september_S4.npz,38,3,1,S4,4.36608452206372
C3/clip_04667_september_S4.npz,38,3,1,S4,4.53257790368272
C3/clip_04668_september_S4.npz,38,3,1,S4,4.36593901016497
C3/clip_04669_september_S4.npz,38,3,1,S4,3.59940009998333
C3/clip_04670_september_S4.npz,38,3,1,S4,5.03249458423596
C3/clip_04671_september_S4.npz,38,3,1,S4,4.79920013331111
C3/clip_04672_september_S4.npz,38,3,1,S4,4.66588901849691
C3/clip_04673_september_S4.npz,38,3,1,S4,4.43259456757207
C3/clip_04674_september_S4.npz,38,3,1,S4,5.2657890351608
C3/clip_04675_september_S4.npz,38,3,1,S4,4.29928345275787
C3/clip_04676_september_S4.npz,38,3,1,S4,5.16597786961738
C3/clip_04677_september_S4.npz,38,3,1,S4,4.76587235460756
C3/clip_04678_september_S5.npz,38,3,1,S5,4.27903273957607
C3/clip_04679_september_S5.npz,38,3,1,S5,4.2791310072416
C3/clip_04680_september_S5.npz,38,3,1,S5,4.312047399605
C3/clip_04681_september_S5.npz,38,3,1,S5,4.312047399605
C3/clip_04682_september_S5.npz,38,3,1,S5,4.24614363907779
C3/clip_04683_september_S5.npz,38,3,1,S5,4.2791310072416
C3/clip_04684_september_S5.npz,38,3,1,S5,4.312047399605
C3/clip_04685_september_S5.npz,38,3,1,S5,4.2791310072416
C3/clip_04686_september_S5.npz,38,3,1,S5,4.2791310072416
C3/clip_04687_september_S5.npz,38,3,1,S5,4.2791310072416
C3/clip_04688_september_S5.npz,38,3,1,S5,4.312047399605
C3/clip_04689_september_S5.npz,38,3,1,S5,4.2791310072416
C3/clip_04690_september_S5.npz,38,3,1,S5,4.27903273957607
C3/clip_04691_september_S5.npz,38,3,1,S5,4.27903273957607
C3/clip_04692_september_S5.npz,38,3,1,S5,4.2791310072416
C3/clip_04693_september_S5.npz,38,3,1,S5,4.27903273957607
C3/clip_04694_september_S5.npz,38,3,1,S5,4.2791310072416
C3/clip_04695_september_S5.npz,38,3,1,S5,4.2791310072416
C3/clip_04696_september_S5.npz,38,3,1,S5,4.2791310072416
C3/clip_04697_september_S5.npz,38,3,1,S5,4.2791310072416
C3/clip_04698_september_S5.npz,38,3,1,S5,5.13646892939873
C3/clip_04699_september_S5.npz,38,3,1,S5,4.22989123136833
C3/clip_04700_september_S5.npz,38,3,1,S5,4.36417349268161
C3/clip_04701_september_S5.npz,38,3,1,S5,3.55871886120996
C3/clip_04702_september_S5.npz,38,3,1,S5,4.80091318068891
C3/clip_04703_september_S5.npz,38,3,1,S5,4.29717662067344
C3/clip_04704_september_S6.npz,38,3,1,S6,4.312047399605
C3/clip_04705_september_S6.npz,38,3,1,S6,4.2791310072416
C3/clip_04706_september_S6.npz,38,3,1,S6,4.2791310072416
C3/clip_04707_september_S6.npz,38,3,1,S6,4.2791310072416
C3/clip_04708_september_S6.npz,38,3,1,S6,4.312047399605
C3/clip_04709_september_S6.npz,38,3,1,S6,4.2791310072416
C3/clip_04710_september_S6.npz,38,3,1,S6,4.2791310072416
C3/clip_04711_september_S6.npz,38,3,1,S6,4.312047399605
C3/clip_04712_september_S6.npz,38,3,1,S6,4.24614363907779
C3/clip_04713_september_S6.npz,38,3,1,S6,4.2791310072416
C3/clip_04714_september_S6.npz,38,3,1,S6,4.2791310072416
C3/clip_04715_september_S6.npz,38,3,1,S6,4.24621461487821
C3/clip_04716_september_S6.npz,38,3,1,S6,4.24621461487821
C3/clip_04717_september_S6.npz,38,3,1,S6,4.2791310072416
C3/clip_04718_september_S6.npz,38,3,1,S6,4.2791310072416
C3/clip_04719_september_S6.npz,38,3,1,S6,4.24621461487821
C3/clip_04720_september_S6.npz,38,3,1,S6,4.24621461487821
C3/clip_04721_september_S6.npz,38,3,1,S6,4.2791310072416
C3/clip_04722_september_S6.npz,38,3,1,S6,4.2791310072416
C3/clip_04723_september_S6.npz,38,3,1,S6,4.24621461487821
C3/clip_04724_september_S6.npz,38,3,1,S6,3.79347388210017
C3/clip_04725_september_S6.npz,38,3,1,S6,3.92788800483432
C3/clip_04726_september_S6.npz,38,3,1,S6,4.1628898512774
C3/clip_04727_september_S6.npz,38,3,1,S6,4.09574646657938
C3/clip_04728_september_S7.npz,38,3,1,S7,4.90454246214614
C3/clip_04729_september_S7.npz,38,3,1,S7,5.00329163923634
C3/clip_04730_september_S7.npz,38,3,1,S7,4.90454246214614
C3/clip_04731_september_S7.npz,38,3,1,S7,5.00314767569
C3/clip_04732_september_S7.npz,38,3,1,S7,5.00329163923634
C3/clip_04733_september_S7.npz,38,3,1,S7,5.00329163923634
C3/clip_04734_september_S7.npz,38,3,1,S7,5.00329163923634
C3/clip_04735_september_S7.npz,38,3,1,S7,5.00329163923634
C3/clip_04736_september_S7.npz,38,3,1,S7,4.97037524687294
C3/clip_04737_september_S7.npz,38,3,1,S7,5.00329163923634
C3/clip_04738_september_S7.npz,38,3,1,S7,4.97037524687294
C3/clip_04739_september_S7.npz,38,3,1,S7,5.00329163923634
C3/clip_04740_september_S7.npz,38,3,1,S7,5.00329163923634
C3/clip_04741_september_S7.npz,38,3,1,S7,4.97037524687294
C3/clip_04742_september_S7.npz,38,3,1,S7,5.00329163923634
C3/clip_04743_september_S7.npz,38,3,1,S7,4.97037524687294
C3/clip_04744_september_S7.npz,38,3,1,S7,5.00329163923634
C3/clip_04745_september_S7.npz,38,3,1,S7,5.00329163923634
C3/clip_04746_september_S7.npz,38,3,1,S7,5.00314767569
C3/clip_04747_september_S7.npz,38,3,1,S7,5.00329163923634
C3/clip_04748_september_S7.npz,38,3,1,S7,5.00329163923634
C3/clip_04749_september_S7.npz,38,3,1,S7,5.00329163923634
C3/clip_04750_september_S7.npz,38,3,1,S7,4.97037524687294
C3/clip_04751_september_S7.npz,38,3,1,S7,4.1995800419958
C3/clip_04752_september_S7.npz,38,3,1,S7,3.9329400393294
C3/clip_04753_september_S7.npz,38,3,1,S7,4.26609785361951
C3/clip_04754_september_S7.npz,38,3,1,S7,4.26595567405432
C3/clip_04755_september_S7.npz,38,3,1,S7,4.23276896413811
C3/clip_04756_october_S0.npz,39,3,1,S0,4.05
C3/clip_04757_october_S0.npz,39,3,1,S0,4.05
C3/clip_04758_october_S0.npz,39,3,1,S0,4.05
C3/clip_04759_october_S0.npz,39,3,1,S0,4.05
C3/clip_04760_october_S0.npz,39,3,1,S0,4.05
C3/clip_04761_october_S1.npz,39,3,1,S1,4.05
C3/clip_04762_october_S1.npz,39,3,1,S1,4.05
C3/clip_04763_october_S1.npz,39,3,1,S1,4.05
C3/clip_04764_october_S1.npz,39,3,1,S1,4.05
C3/clip_04765_october_S1.npz,39,3,1,S1,4.05
C3/clip_04766_october_S2.npz,39,3,1,S2,4.05
C3/clip_04767_october_S2.npz,39,3,1,S2,4.05
C3/clip_04768_october_S2.npz,39,3,0,S2,4.05
C3/clip_04769_october_S2.npz,39,3,1,S2,4.05
C3/clip_04770_october_S2.npz,39,3,1,S2,4.05
C3/clip_04771_october_S3.npz,39,3,1,S3,4.05
C3/clip_04772_october_S3.npz,39,3,1,S3,4.05
C3/clip_04773_october_S3.npz,39,3,1,S3,4.05
C3/clip_04774_october_S3.npz,39,3,1,S3,4.05
C3/clip_04775_october_S3.npz,39,3,1,S3,4.05
C3/clip_04776_october_S4.npz,39,3,1,S4,4.36417349268161
C3/clip_04777_october_S4.npz,39,3,1,S4,4.63289354416356
C3/clip_04778_october_S4.npz,39,3,1,S4,3.49145600429717
C3/clip_04779_october_S4.npz,39,3,1,S4,4.39789169772048
C3/clip_04780_october_S4.npz,39,3,1,S4,5.33789908349279
C3/clip_04781_october_S4.npz,39,3,1,S4,4.36446652789901
C3/clip_04782_october_S4.npz,39,3,1,S4,4.39926678886852
C3/clip_04783_october_S4.npz,39,3,1,S4,4.99933342221037
C3/clip_04784_october_S4.npz,39,3,1,S4,4.53257790368272
C3/clip_04785_october_S4.npz,39,3,1,S4,4.43259456757207
C3/clip_04786_october_S4.npz,39,3,1,S4,4.39926678886852
C3/clip_04787_october_S4.npz,39,3,1,S4,5.03266231169177
C3/clip_04788_october_S4.npz,39,3,1,S4,4.46592234627562
C3/clip_04789_october_S4.npz,39,3,1,S4,4.36593901016497
C3/clip_04790_october_S4.npz,39,3,1,S4,5.33262231702439
C3/clip_04791_october_S4.npz,39,3,1,S4,4.46592234627562
C3/clip_04792_october_S4.npz,39,3,1,S4,4.76587235460756
C3/clip_04793_october_S4.npz,39,3,1,S4,5.09932009065458
C3/clip_04794_october_S4.npz,39,3,1,S4,4.69921679720046
C3/clip_04795_october_S4.npz,39,3,1,S4,4.33261123146142
C3/clip_04796_october_S4.npz,39,3,1,S4,4.49925012497917
C3/clip_04797_october_S4.npz,39,3,1,S4,4.79920013331111
C3/clip_04798_october_S4.npz,39,3,1,S4,4.33261123146142
C3/clip_04799_october_S4.npz,39,3,1,S4,4.39926678886852
C3/clip_04800_october_S4.npz,39,3,1,S4,4.36593901016497
C3/clip_04801_october_S4.npz,39,3,1,S4,4.23262789535077
C3/clip_04802_october_S5.npz,39,3,1,S5,4.2791310072416
C3/clip_04803_october_S5.npz,39,3,1,S5,4.312047399605
C3/clip_04804_october_S5.npz,39,3,1,S5,4.2791310072416
C3/clip_04805_october_S5.npz,39,3,1,S5,4.27903273957607
C3/clip_04806_october_S5.npz,39,3,1,S5,4.2791310072416
C3/clip_04807_october_S5.npz,39,3,1,S5,4.312047399605
C3/clip_04808_october_S5.npz,39,3,1,S5,4.27903273957607
C3/clip_04809_october_S5.npz,39,3,1,S5,4.2791310072416
C3/clip_04810_october_S5.npz,39,3,1,S5,4.2791310072416
C3/clip_04811_october_S5.npz,39,3,1,S5,4.2791310072416
C3/clip_04812_october_S5.npz,39,3,1,S5,4.2791310072416
C3/clip_04813_october_S5.npz,39,3,1,S5,4.31191747653321
C3/clip_04814_october_S5.npz,39,3,1,S5,4.2791310072416
C3/clip_04815_october_S5.npz,39,3,1,S5,4.2791310072416
C3/clip_04816_october_S5.npz,39,3,1,S5,4.24621461487821
C3/clip_04817_october_S5.npz,39,3,1,S5,4.312047399605
C3/clip_04818_october_S5.npz,39,3,1,S5,4.27903273957607
C3/clip_04819_october_S5.npz,39,3,1,S5,4.2791310072416
C3/clip_04820_october_S5.npz,39,3,1,S5,4.21311040339702
C3/clip_04821_october_S5.npz,39,3,1,S5,4.2791310072416
C3/clip_04822_october_S5.npz,39,3,1,S5,4.53248279335235
C3/clip_04823_october_S5.npz,39,3,1,S5,4.36446652789901
C3/clip_04824_october_S5.npz,39,3,1,S5,4.12959543394326
C3/clip_04825_october_S5.npz,39,3,1,S5,4.39774405800993
C3/clip_04826_october_S5.npz,39,3,1,S5,4.66646523651257
C3/clip_04827_october_S5.npz,39,3,1,S5,4.49875780568052
C3/clip_04828_october_S6.npz,39,3,1,S6,4.312047399605
C3/clip_04829_october_S6.npz,39,3,1,S6,4.2791310072416
C3/clip_04830_october_S6.npz,39,3,1,S6,4.312047399605
C3/clip_04831_october_S6.npz,39,3,1,S6,4.24621461487821
C3/clip_04832_october_S6.npz,39,3,1,S6,4.2791310072416
C3/clip_04833_october_S6.npz,39,3,1,S6,4.27903273957607
C3/clip_04834_october_S6.npz,39,3,1,S6,4.2791310072416
C3/clip_04835_october_S6.npz,39,3,1,S6,4.24621461487821
C3/clip_04836_october_S6.npz,39,3,1,S6,4.2791310072416
C3/clip_04837_october_S6.npz,39,3,1,S6,4.2791310072416
C3/clip_04838_october_S6.npz,39,3,1,S6,4.2791310072416
C3/clip_04839_october_S6.npz,39,3,1,S6,4.2791310072416
C3/clip_04840_october_S6.npz,39,3,1,S6,4.2791310072416
C3/clip_04841_october_S6.npz,39,3,1,S6,4.2791310072416
C3/clip_04842_october_S6.npz,39,3,1,S6,4.312047399605
C3/clip_04843_october_S6.npz,39,3,1,S6,4.2791310072416
C3/clip_04844_october_S6.npz,39,3,1,S6,4.312047399605
C3/clip_04845_october_S6.npz,39,3,1,S6,4.2791310072416
C3/clip_04846_october_S6.npz,39,3,1,S6,4.2791310072416
C3/clip_04847_october_S6.npz,39,3,1,S6,4.2791310072416
C3/clip_04848_october_S6.npz,39,3,1,S6,3.99503138953234
C3/clip_04849_october_S6.npz,39,3,1,S6,4.29703236202497
C3/clip_04850_october_S6.npz,39,3,1,S6,4.12931815892839
C3/clip_04851_october_S6.npz,39,3,1,S6,4.19646154362641
C3/clip_04852_october_S6.npz,39,3,1,S6,3.99529964747356
C3/clip_04853_october_S6.npz,39,3,1,S6,4.23003323597542
C3/clip_04854_october_S6.npz,39,3,1,S6,4.12931815892839
C3/clip_04855_october_S6.npz,39,3,1,S6,4.26360492832443
C3/clip_04856_october_S7.npz,39,3,1,S7,5.00329163923634
C3/clip_04857_october_S7.npz,39,3,1,S7,4.97037524687294
C3/clip_04858_october_S7.npz,39,3,1,S7,4.97037524687294
C3/clip_04859_october_S7.npz,39,3,1,S7,4.97037524687294
C3/clip_04860_october_S7.npz,39,3,1,S7,4.97037524687294
C3/clip_04861_october_S7.npz,39,3,1,S7,5.00329163923634
C3/clip_04862_october_S7.npz,39,3,1,S7,4.97037524687294
C3/clip_04863_october_S7.npz,39,3,1,S7,5.00314767569
C3/clip_04864_october_S7.npz,39,3,1,S7,5.00329163923634
C3/clip_04865_october_S7.npz,39,3,1,S7,4.97037524687294
C3/clip_04866_october_S7.npz,39,3,1,S7,4.97037524687294
C3/clip_04867_october_S7.npz,39,3,1,S7,4.97037524687294
C3/clip_04868_october_S7.npz,39,3,1,S7,5.00329163923634
C3/clip_04869_october_S7.npz,39,3,1,S7,5.00329163923634
C3/clip_04870_october_S7.npz,39,3,1,S7,5.00329163923634
C3/clip_04871_october_S7.npz,39,3,1,S7,5.00329163923634
C3/clip_04872_october_S7.npz,39,3,1,S7,5.00329163923634
C3/clip_04873_october_S7.npz,39,3,1,S7,5.00329163923634
C3/clip_04874_october_S7.npz,39,3,1,S7,5.00329163923634
C3/clip_04875_october_S7.npz,39,3,1,S7,4.16597233794367
C3/clip_04876_october_S7.npz,39,3,1,S7,4.23262789535077
C3/clip_04877_october_S7.npz,39,3,1,S7,4.23262789535077
C3/clip_04878_october_S7.npz,39,3,1,S7,3.99933344442592
C3/clip_04879_october_S7.npz,39,3,1,S7,4.13264455924012
C3/clip_04880_october_S7.npz,39,3,1,S7,3.499300139972
C3/clip_04881_october_S7.npz,39,3,1,S7,4.13264455924012
C3/clip_04882_november_S0.npz,40,3,1,S0,4.05
C3/clip_04883_november_S0.npz,40,3,1,S0,4.05
C3/clip_04884_november_S0.npz,40,3,1,S0,4.05
C3/clip_04885_november_S0.npz,40,3,1,S0,4.03333333333333
C3/clip_04886_november_S0.npz,40,3,1,S0,4.03333333333333
C3/clip_04887_november_S1.npz,40,3,1,S1,4.05
C3/clip_04888_november_S1.npz,40,3,1,S1,4.05
C3/clip_04889_november_S1.npz,40,3,1,S1,4.05
C3/clip_04890_november_S1.npz,40,3,1,S1,4.05
C3/clip_04891_november_S1.npz,40,3,1,S1,4.05
C3/clip_04892_november_S2.npz,40,3,1,S2,4.05
C3/clip_04893_november_S2.npz,40,3,1,S2,4.05
C3/clip_04894_november_S2.npz,40,3,1,S2,4.05
C3/clip_04895_november_S2.npz,40,3,1,S2,4.05
C3/clip_04896_november_S2.npz,40,3,1,S2,4.05
C3/clip_04897_november_S3.npz,40,3,1,S3,4.05
C3/clip_04898_november_S3.npz,40,3,1,S3,4.05
C3/clip_04899_november_S3.npz,40,3,1,S3,4.05
C3/clip_04900_november_S3.npz,40,3,1,S3,4.05
C3/clip_04901_november_S3.npz,40,3,1,S3,4.05
C3/clip_04902_november_S3.npz,40,3,1,S3,4.05
C3/clip_04903_november_S4.npz,40,3,1,S4,4.43161216678976
C3/clip_04904_november_S4.npz,40,3,1,S4,4.43131462333825
C3/clip_04905_november_S4.npz,40,3,1,S4,4.53248279335235
C3/clip_04906_november_S4.npz,40,3,1,S4,4.56590344457127
C3/clip_04907_november_S4.npz,40,3,1,S4,4.49845575399489
C3/clip_04908_november_S4.npz,40,3,1,S4,4.13264455924012
C3/clip_04909_november_S4.npz,40,3,1,S4,4.29942674310092
C3/clip_04910_november_S4.npz,40,3,1,S4,4.23276896413811
C3/clip_04911_november_S4.npz,40,3,1,S4,4.36593901016497
C3/clip_04912_november_S4.npz,40,3,1,S4,4.19930011664722
C3/clip_04913_november_S4.npz,40,3,1,S4,4.0994534062125
C3/clip_04914_november_S4.npz,40,3,1,S4,4.29942674310092
C3/clip_04915_november_S4.npz,40,3,1,S4,4.36593901016497
C3/clip_04916_november_S4.npz,40,3,1,S4,4.26595567405432
C3/clip_04917_november_S4.npz,40,3,1,S4,4.23262789535077
C3/clip_04918_november_S4.npz,40,3,1,S4,4.1995800419958
C3/clip_04919_november_S4.npz,40,3,1,S4,4.29928345275787
C3/clip_04920_november_S4.npz,40,3,1,S4,4.19930011664722
C3/clip_04921_november_S4.npz,40,3,1,S4,4.33261123146142
C3/clip_04922_november_S4.npz,40,3,1,S4,4.36593901016497
C3/clip_04923_november_S4.npz,40,3,1,S4,4.23262789535077
C3/clip_04924_november_S4.npz,40,3,1,S4,4.26609785361951
C3/clip_04925_november_S4.npz,40,3,1,S4,4.19930011664722
C3/clip_04926_november_S4.npz,40,3,1,S4,4.23276896413811
C3/clip_04927_november_S4.npz,40,3,1,S4,4.06585349596747
C3/clip_04928_november_S5.npz,40,3,1,S5,4.27903273957607
C3/clip_04929_november_S5.npz,40,3,1,S5,4.2791310072416
C3/clip_04930_november_S5.npz,40,3,1,S5,4.2791310072416
C3/clip_04931_november_S5.npz,40,3,1,S5,4.31191747653321
C3/clip_04932_november_S5.npz,40,3,1,S5,4.24607154797726
C3/clip_04933_november_S5.npz,40,3,1,S5,4.2791310072416
C3/clip_04934_november_S5.npz,40,3,1,S5,4.312047399605
C3/clip_04935_november_S5.npz,40,3,1,S5,4.2791310072416
C3/clip_04936_november_S5.npz,40,3,1,S5,4.27907598702905
C3/clip_04937_november_S5.npz,40,3,1,S5,4.2791310072416
C3/clip_04938_november_S5.npz,40,3,1,S5,4.2791310072416
C3/clip_04939_november_S5.npz,40,3,1,S5,4.2791310072416
C3/clip_04940_november_S5.npz,40,3,1,S5,4.27903273957607
C3/clip_04941_november_S5.npz,40,3,1,S5,4.312047399605
C3/clip_04942_november_S5.npz,40,3,1,S5,4.2791310072416
C3/clip_04943_november_S5.npz,40,3,1,S5,4.27903273957607
C3/clip_04944_november_S5.npz,40,3,1,S5,4.2791310072416
C3/clip_04945_november_S5.npz,40,3,1,S5,4.2791310072416
C3/clip_04946_november_S5.npz,40,3,1,S5,4.27903273957607
C3/clip_04947_november_S5.npz,40,3,1,S5,4.2791310072416
C3/clip_04948_november_S5.npz,40,3,1,S5,4.22989123136833
C3/clip_04949_november_S5.npz,40,3,1,S5,4.43146339006949
C3/clip_04950_november_S5.npz,40,3,1,S5,4.43146339006949
C3/clip_04951_november_S5.npz,40,3,1,S5,4.19646154362641
C3/clip_04952_november_S5.npz,40,3,1,S5,4.39774405800993
C3/clip_04953_november_S6.npz,40,3,1,S6,4.27903273957607
C3/clip_04954_november_S6.npz,40,3,1,S6,4.2791310072416
C3/clip_04955_november_S6.npz,40,3,1,S6,4.27903273957607
C3/clip_04956_november_S6.npz,40,3,1,S6,4.2791310072416
C3/clip_04957_november_S6.npz,40,3,1,S6,4.2791310072416
C3/clip_04958_november_S6.npz,40,3,1,S6,4.2791310072416
C3/clip_04959_november_S6.npz,40,3,1,S6,4.27903273957607
C3/clip_04960_november_S6.npz,40,3,1,S6,4.2791310072416
C3/clip_04961_november_S6.npz,40,3,1,S6,4.2791310072416
C3/clip_04962_november_S6.npz,40,3,1,S6,4.24621461487821
C3/clip_04963_november_S6.npz,40,3,1,S6,4.312047399605
C3/clip_04964_november_S6.npz,40,3,1,S6,4.31191747653321
C3/clip_04965_november_S6.npz,40,3,1,S6,4.2791310072416
C3/clip_04966_november_S6.npz,40,3,1,S6,4.24621461487821
C3/clip_04967_november_S6.npz,40,3,1,S6,4.2791310072416
C3/clip_04968_november_S6.npz,40,3,1,S6,4.312047399605
C3/clip_04969_november_S6.npz,40,3,1,S6,4.2791310072416
C3/clip_04970_november_S6.npz,40,3,1,S6,4.312047399605
C3/clip_04971_november_S6.npz,40,3,1,S6,4.2791310072416
C3/clip_04972_november_S6.npz,40,3,1,S6,4.312047399605
C3/clip_04973_november_S6.npz,40,3,1,S6,4.09574646657938
C3/clip_04974_november_S6.npz,40,3,1,S6,4.02860308188135
C3/clip_04975_november_S6.npz,40,3,1,S6,3.92788800483432
C3/clip_04976_november_S6.npz,40,3,1,S6,4.26346179669665
C3/clip_04977_november_S6.npz,40,3,1,S6,4.1628898512774
C3/clip_04978_november_S7.npz,40,3,1,S7,4.90454246214614
C3/clip_04979_november_S7.npz,40,3,1,S7,4.97037524687294
C3/clip_04980_november_S7.npz,40,3,1,S7,4.97037524687294
C3/clip_04981_november_S7.npz,40,3,1,S7,4.97037524687294
C3/clip_04982_november_S7.npz,40,3,1,S7,5.00329163923634
C3/clip_04983_november_S7.npz,40,3,1,S7,4.97037524687294
C3/clip_04984_november_S7.npz,40,3,1,S7,4.97037524687294
C3/clip_04985_november_S7.npz,40,3,1,S7,5.00329163923634
C3/clip_04986_november_S7.npz,40,3,1,S7,5.00329163923634
C3/clip_04987_november_S7.npz,40,3,1,S7,4.97037524687294
C3/clip_04988_november_S7.npz,40,3,1,S7,4.97037524687294
C3/clip_04989_november_S7.npz,40,3,1,S7,5.00329163923634
C3/clip_04990_november_S7.npz,40,3,1,S7,4.97037524687294
C3/clip_04991_november_S7.npz,40,3,1,S7,5.00329163923634
C3/clip_04992_november_S7.npz,40,3,1,S7,4.97037524687294
C3/clip_04993_november_S7.npz,40,3,1,S7,5.00329163923634
C3/clip_04994_november_S7.npz,40,3,1,S7,5.00314767569
C3/clip_04995_november_S7.npz,40,3,0,S7,0.888713340574701
C3/clip_04996_november_S7.npz,40,3,1,S7,4.93745885450954
C3/clip_04997_november_S7.npz,40,3,1,S7,4.43259456757207
C3/clip_04998_november_S7.npz,40,3,1,S7,4.33275563258232
C3/clip_04999_november_S7.npz,40,3,1,S7,4.29928345275787
C3/clip_05000_november_S7.npz,40,3,1,S7,4.29942674310092
C3/clip_05001_november_S7.npz,40,3,1,S7,4.26595567405432
C3/clip_05002_december_S0.npz,41,3,1,S0,4.03333333333333
C3/clip_05003_december_S0.npz,41,3,1,S0,4.03333333333333
C3/clip_05004_december_S0.npz,41,3,1,S0,4.03333333333333
C3/clip_05005_december_S0.npz,41,3,1,S0,4.03333333333333
C3/clip_05006_december_S0.npz,41,3,1,S0,4.03333333333333
C3/clip_05007_december_S1.npz,41,3,1,S1,4.05
C3/clip_05008_december_S1.npz,41,3,1,S1,4.05
C3/clip_05009_december_S1.npz,41,3,1,S1,4.05
C3/clip_05010_december_S1.npz,41,3,1,S1,4.05
C3/clip_05011_december_S1.npz,41,3,1,S1,4.05
C3/clip_05012_december_S1.npz,41,3,1,S1,4.03333333333333
C3/clip_05013_december_S1.npz,41,3,1,S1,4.03333333333333
C3/clip_05014_december_S2.npz,41,3,1,S2,4.05
C3/clip_05015_december_S2.npz,41,3,0,S2,4.05
C3/clip_05016_december_S2.npz,41,3,0,S2,4.05
C3/clip_05017_december_S2.npz,41,3,0,S2,4.03333333333333
C3/clip_05018_december_S2.npz,41,3,0,S2,4.03333333333333
C3/clip_05019_december_S3.npz,41,3,1,S3,4.05
C3/clip_05020_december_S3.npz,41,3,1,S3,4.05
C3/clip_05021_december_S3.npz,41,3,0,S3,4.05
C3/clip_05022_december_S3.npz,41,3,1,S3,4.05
C3/clip_05023_december_S3.npz,41,3,1,S3,4.03333333333333
C3/clip_05024_december_S4.npz,41,3,1,S4,4.29717662067344
C3/clip_05025_december_S4.npz,41,3,1,S4,4.43146339006949
C3/clip_05026_december_S4.npz,41,3,1,S4,4.53202631932321
C3/clip_05027_december_S4.npz,41,3,1,S4,4.36446652789901
C3/clip_05028_december_S4.npz,41,3,1,S4,4.36446652789901
C3/clip_05029_december_S4.npz,41,3,1,S4,4.36593901016497
C3/clip_05030_december_S4.npz,41,3,1,S4,4.26595567405432
C3/clip_05031_december_S4.npz,41,3,1,S4,4.49940007998933
C3/clip_05032_december_S4.npz,41,3,1,S4,4.13264455924012
C3/clip_05033_december_S4.npz,41,3,1,S4,4.19930011664722
C3/clip_05034_december_S4.npz,41,3,1,S4,4.19930011664722
C3/clip_05035_december_S4.npz,41,3,1,S4,4.23276896413811
C3/clip_05036_december_S4.npz,41,3,1,S4,4.19930011664722
C3/clip_05037_december_S4.npz,41,3,1,S4,4.23262789535077
C3/clip_05038_december_S4.npz,41,3,1,S4,4.1995800419958
C3/clip_05039_december_S4.npz,41,3,1,S4,4.19930011664722
C3/clip_05040_december_S4.npz,41,3,1,S4,4.23262789535077
C3/clip_05041_december_S4.npz,41,3,1,S4,4.26595567405432
C3/clip_05042_december_S4.npz,41,3,1,S4,4.06598900183302
C3/clip_05043_december_S4.npz,41,3,1,S4,4.33246683996534
C3/clip_05044_december_S4.npz,41,3,1,S4,4.76603119584055
C3/clip_05045_december_S4.npz,41,3,1,S4,4.19930011664722
C3/clip_05046_december_S4.npz,41,3,1,S4,4.19930011664722
C3/clip_05047_december_S4.npz,41,3,1,S4,4.23262789535077
C3/clip_05048_december_S4.npz,41,3,1,S4,4.19930011664722
C3/clip_05049_december_S5.npz,41,3,1,S5,4.24614363907779
C3/clip_05050_december_S5.npz,41,3,1,S5,4.24621461487821
C3/clip_05051_december_S5.npz,41,3,1,S5,4.2791310072416
C3/clip_05052_december_S5.npz,41,3,1,S5,4.24621461487821
C3/clip_05053_december_S5.npz,41,3,1,S5,4.2791310072416
C3/clip_05054_december_S5.npz,41,3,1,S5,4.2791310072416
C3/clip_05055_december_S5.npz,41,3,1,S5,4.2791310072416
C3/clip_05056_december_S5.npz,41,3,1,S5,4.2791310072416
C3/clip_05057_december_S5.npz,41,3,1,S5,4.2791310072416
C3/clip_05058_december_S5.npz,41,3,1,S5,4.2791310072416
C3/clip_05059_december_S5.npz,41,3,1,S5,4.2791310072416
C3/clip_05060_december_S5.npz,41,3,1,S5,4.2791310072416
C3/clip_05061_december_S5.npz,41,3,1,S5,4.2791310072416
C3/clip_05062_december_S5.npz,41,3,1,S5,4.27903273957607
C3/clip_05063_december_S5.npz,41,3,1,S5,4.27903273957607
C3/clip_05064_december_S5.npz,41,3,1,S5,4.24621461487821
C3/clip_05065_december_S5.npz,41,3,1,S5,4.31191747653321
C3/clip_05066_december_S5.npz,41,3,1,S5,4.27903273957607
C3/clip_05067_december_S5.npz,41,3,1,S5,4.312047399605
C3/clip_05068_december_S5.npz,41,3,1,S5,4.2791310072416
C3/clip_05069_december_S5.npz,41,3,1,S5,4.12931815892839
C3/clip_05070_december_S5.npz,41,3,1,S5,4.36432000537147
C3/clip_05071_december_S5.npz,41,3,1,S5,4.33060292735329
C3/clip_05072_december_S5.npz,41,3,1,S5,4.33074831302245
C3/clip_05073_december_S5.npz,41,3,1,S5,4.7671803135596
C3/clip_05074_december_S6.npz,41,3,1,S6,4.312047399605
C3/clip_05075_december_S6.npz,41,3,1,S6,4.24621461487821
C3/clip_05076_december_S6.npz,41,3,1,S6,4.27903273957607
C3/clip_05077_december_S6.npz,41,3,1,S6,4.2791310072416
C3/clip_05078_december_S6.npz,41,3,1,S6,4.2791310072416
C3/clip_05079_december_S6.npz,41,3,1,S6,4.2791310072416
C3/clip_05080_december_S6.npz,41,3,1,S6,4.2791310072416
C3/clip_05081_december_S6.npz,41,3,1,S6,4.2791310072416
C3/clip_05082_december_S6.npz,41,3,1,S6,4.24621461487821
C3/clip_05083_december_S6.npz,41,3,1,S6,4.2791310072416
C3/clip_05084_december_S6.npz,41,3,1,S6,4.2791310072416
C3/clip_05085_december_S6.npz,41,3,1,S6,4.27903273957607
C3/clip_05086_december_S6.npz,41,3,1,S6,4.2791310072416
C3/clip_05087_december_S6.npz,41,3,1,S6,4.2791310072416
C3/clip_05088_december_S6.npz,41,3,1,S6,4.2791310072416
C3/clip_05089_december_S6.npz,41,3,1,S6,4.2791310072416
C3/clip_05090_december_S6.npz,41,3,1,S6,4.312047399605
C3/clip_05091_december_S6.npz,41,3,1,S6,4.2791310072416
C3/clip_05092_december_S6.npz,41,3,1,S6,4.2791310072416
C3/clip_05093_december_S6.npz,41,3,1,S6,4.312047399605
C3/clip_05094_december_S6.npz,41,3,1,S6,3.89431631248531
C3/clip_05095_december_S6.npz,41,3,1,S6,4.09574646657938
C3/clip_05096_december_S6.npz,41,3,1,S6,4.1628898512774
C3/clip_05097_december_S6.npz,41,3,1,S6,4.09588397233599
C3/clip_05098_december_S6.npz,41,3,1,S6,4.2301752501175
C3/clip_05099_december_S7.npz,41,3,1,S7,4.90454246214614
C3/clip_05100_december_S7.npz,41,3,1,S7,5.00329163923634
C3/clip_05101_december_S7.npz,41,3,1,S7,4.97037524687294
C3/clip_05102_december_S7.npz,41,3,1,S7,5.00329163923634
C3/clip_05103_december_S7.npz,41,3,1,S7,5.03620803159973
C3/clip_05104_december_S7.npz,41,3,1,S7,4.97037524687294
C3/clip_05105_december_S7.npz,41,3,1,S7,4.97037524687294
C3/clip_05106_december_S7.npz,41,3,1,S7,5.00329163923634
C3/clip_05107_december_S7.npz,41,3,1,S7,4.97037524687294
C3/clip_05108_december_S7.npz,41,3,1,S7,5.00314767569
C3/clip_05109_december_S7.npz,41,3,1,S7,5.00329163923634
C3/clip_05110_december_S7.npz,41,3,1,S7,4.97037524687294
C3/clip_05111_december_S7.npz,41,3,1,S7,4.97037524687294
C3/clip_05112_december_S7.npz,41,3,1,S7,4.97037524687294
C3/clip_05113_december_S7.npz,41,3,1,S7,5.00314767569
C3/clip_05114_december_S7.npz,41,3,1,S7,4.97037524687294
C3/clip_05115_december_S7.npz,41,3,1,S7,5.00329163923634
C3/clip_05116_december_S7.npz,41,3,1,S7,4.97037524687294
C3/clip_05117_december_S7.npz,41,3,1,S7,4.77287689269256
C3/clip_05118_december_S7.npz,41,3,1,S7,4.29928345275787
C3/clip_05119_december_S7.npz,41,3,1,S7,4.23262789535077
C3/clip_05120_december_S7.npz,41,3,1,S7,4.33261123146142
C3/clip_05121_december_S7.npz,41,3,1,S7,4.19944007465671
C3/clip_05122_december_S7.npz,41,3,1,S7,4.26609785361951
C4/clip_05123_monday_S0.npz,42,4,1,S0,4.08333333333333
C4/clip_05124_monday_S0.npz,42,4,1,S0,4.06666666666666
C4/clip_05125_monday_S0.npz,42,4,1,S0,4.06666666666666
C4/clip_05126_monday_S0.npz,42,4,1,S0,4.06666666666666
C4/clip_05127_monday_S0.npz,42,4,1,S0,4.06666666666666
C4/clip_05128_monday_S1.npz,42,4,1,S1,4.08333333333333
C4/clip_05129_monday_S1.npz,42,4,1,S1,4.06666666666666
C4/clip_05130_monday_S1.npz,42,4,1,S1,4.06666666666666
C4/clip_05131_monday_S1.npz,42,4,1,S1,4.06666666666666
C4/clip_05132_monday_S1.npz,42,4,1,S1,4.06666666666666
C4/clip_05133_monday_S2.npz,42,4,0,S2,4.08333333333333
C4/clip_05134_monday_S2.npz,42,4,0,S2,4.06666666666666
C4/clip_05135_monday_S2.npz,42,4,1,S2,4.06666666666666
C4/clip_05136_monday_S2.npz,42,4,0,S2,4.06666666666666
C4/clip_05137_monday_S2.npz,42,4,0,S2,4.06666666666666
C4/clip_05138_monday_S3.npz,42,4,1,S3,4.08333333333333
C4/clip_05139_monday_S3.npz,42,4,1,S3,4.06666666666666
C4/clip_05140_monday_S3.npz,42,4,1,S3,4.06666666666666
C4/clip_05141_monday_S3.npz,42,4,1,S3,4.06666666666666
C4/clip_05142_monday_S3.npz,42,4,1,S3,4.06666666666666
C4/clip_05143_monday_S4.npz,42,4,0,S4,4.39789169772048
C4/clip_05144_monday_S4.npz,42,4,0,S4,4.09574646657938
C4/clip_05145_monday_S4.npz,42,4,1,S4,4.26360492832443
C4/clip_05146_monday_S4.npz,42,4,1,S4,4.70019472235278
C4/clip_05147_monday_S4.npz,42,4,1,S4,4.49875780568052
C4/clip_05148_monday_S4.npz,42,4,1,S4,4.19930011664722
C4/clip_05149_monday_S4.npz,42,4,1,S4,4.26595567405432
C4/clip_05150_monday_S4.npz,42,4,1,S4,4.23262789535077
C4/clip_05151_monday_S4.npz,42,4,1,S4,4.26609785361951
C4/clip_05152_monday_S4.npz,42,4,1,S4,4.13264455924012
C4/clip_05153_monday_S4.npz,42,4,1,S4,4.13264455924012
C4/clip_05154_monday_S4.npz,42,4,1,S4,4.23262789535077
C4/clip_05155_monday_S4.npz,42,4,1,S4,4.19930011664722
C4/clip_05156_monday_S4.npz,42,4,1,S4,4.23276896413811
C4/clip_05157_monday_S4.npz,42,4,1,S4,4.29928345275787
C4/clip_05158_monday_S4.npz,42,4,1,S4,4.09931678053657
C4/clip_05159_monday_S4.npz,42,4,1,S4,4.29928345275787
C4/clip_05160_monday_S4.npz,42,4,1,S4,4.29928345275787
C4/clip_05161_monday_S4.npz,42,4,1,S4,4.23262789535077
C4/clip_05162_monday_S4.npz,42,4,1,S4,4.1327822956939
C4/clip_05163_monday_S4.npz,42,4,1,S4,4.23262789535077
C4/clip_05164_monday_S4.npz,42,4,1,S4,4.53257790368272
C4/clip_05165_monday_S4.npz,42,4,1,S4,4.59923346108981
C4/clip_05166_monday_S4.npz,42,4,1,S4,4.19930011664722
C4/clip_05167_monday_S4.npz,42,4,1,S4,4.19944007465671
C4/clip_05168_monday_S4.npz,42,4,1,S4,4.19944007465671
C4/clip_05169_monday_S5.npz,42,4,0,S5,4.2791310072416
C4/clip_05170_monday_S5.npz,42,4,0,S5,4.312047399605
C4/clip_05171_monday_S5.npz,42,4,0,S5,4.2791310072416
C4/clip_05172_monday_S5.npz,42,4,0,S5,4.2791310072416
C4/clip_05173_monday_S5.npz,42,4,0,S5,4.2791310072416
C4/clip_05174_monday_S5.npz,42,4,0,S5,4.2791310072416
C4/clip_05175_monday_S5.npz,42,4,0,S5,4.31191747653321
C4/clip_05176_monday_S5.npz,42,4,0,S5,4.2791310072416
C4/clip_05177_monday_S5.npz,42,4,0,S5,4.2791310072416
C4/clip_05178_monday_S5.npz,42,4,0,S5,4.2791310072416
C4/clip_05179_monday_S5.npz,42,4,0,S5,4.2791310072416
C4/clip_05180_monday_S5.npz,42,4,0,S5,4.2791310072416
C4/clip_05181_monday_S5.npz,42,4,0,S5,4.2791310072416
C4/clip_05182_monday_S5.npz,42,4,0,S5,4.2791310072416
C4/clip_05183_monday_S5.npz,42,4,0,S5,4.24621461487821
C4/clip_05184_monday_S5.npz,42,4,0,S5,4.24621461487821
C4/clip_05185_monday_S5.npz,42,4,0,S5,4.2791310072416
C4/clip_05186_monday_S5.npz,42,4,0,S5,4.2791310072416
C4/clip_05187_monday_S5.npz,42,4,0,S5,4.2791310072416
C4/clip_05188_monday_S5.npz,42,4,0,S5,4.2791310072416
C4/clip_05189_monday_S5.npz,42,4,0,S5,4.19632066604001
C4/clip_05190_monday_S5.npz,42,4,0,S5,4.26346179669665
C4/clip_05191_monday_S5.npz,42,4,0,S5,4.06217477423036
C4/clip_05192_monday_S5.npz,42,4,0,S5,4.06203840472673
C4/clip_05193_monday_S5.npz,42,4,0,S5,4.29717662067344
C4/clip_05194_monday_S6.npz,42,4,1,S6,4.2791310072416
C4/clip_05195_monday_S6.npz,42,4,1,S6,4.312047399605
C4/clip_05196_monday_S6.npz,42,4,1,S6,4.2791310072416
C4/clip_05197_monday_S6.npz,42,4,1,S6,4.2791310072416
C4/clip_05198_monday_S6.npz,42,4,1,S6,4.24621461487821
C4/clip_05199_monday_S6.npz,42,4,1,S6,4.312047399605
C4/clip_05200_monday_S6.npz,42,4,0,S6,4.2791310072416
C4/clip_05201_monday_S6.npz,42,4,0,S6,4.24621461487821
C4/clip_05202_monday_S6.npz,42,4,0,S6,4.2791310072416
C4/clip_05203_monday_S6.npz,42,4,0,S6,4.2791310072416
C4/clip_05204_monday_S6.npz,42,4,0,S6,4.2791310072416
C4/clip_05205_monday_S6.npz,42,4,0,S6,4.2791310072416
C4/clip_05206_monday_S6.npz,42,4,1,S6,4.2791310072416
C4/clip_05207_monday_S6.npz,42,4,0,S6,4.24621461487821
C4/clip_05208_monday_S6.npz,42,4,1,S6,4.2791310072416
C4/clip_05209_monday_S6.npz,42,4,0,S6,4.2791310072416
C4/clip_05210_monday_S6.npz,42,4,0,S6,4.24621461487821
C4/clip_05211_monday_S6.npz,42,4,0,S6,4.2791310072416
C4/clip_05212_monday_S6.npz,42,4,0,S6,4.24621461487821
C4/clip_05213_monday_S6.npz,42,4,0,S6,4.2791310072416
C4/clip_05214_monday_S6.npz,42,4,0,S6,4.2791310072416
C4/clip_05215_monday_S6.npz,42,4,0,S6,4.2791310072416
C4/clip_05216_monday_S6.npz,42,4,0,S6,4.2791310072416
C4/clip_05217_monday_S6.npz,42,4,0,S6,4.2791310072416
C4/clip_05218_monday_S6.npz,42,4,1,S6,4.1628898512774
C4/clip_05219_monday_S6.npz,42,4,0,S6,4.26374806956288
C4/clip_05220_monday_S6.npz,42,4,1,S6,3.99503138953234
C4/clip_05221_monday_S6.npz,42,4,1,S6,4.26346179669665
C4/clip_05222_monday_S6.npz,42,4,0,S6,4.06203840472673
C4/clip_05223_monday_S7.npz,42,4,1,S7,5.00314767569
C4/clip_05224_monday_S7.npz,42,4,1,S7,4.97037524687294
C4/clip_05225_monday_S7.npz,42,4,1,S7,4.97037524687294
C4/clip_05226_monday_S7.npz,42,4,1,S7,4.97037524687294
C4/clip_05227_monday_S7.npz,42,4,1,S7,5.00329163923634
C4/clip_05228_monday_S7.npz,42,4,1,S7,5.00329163923634
C4/clip_05229_monday_S7.npz,42,4,1,S7,4.97037524687294
C4/clip_05230_monday_S7.npz,42,4,1,S7,4.97037524687294
C4/clip_05231_monday_S7.npz,42,4,1,S7,4.97037524687294
C4/clip_05232_monday_S7.npz,42,4,1,S7,5.00329163923634
C4/clip_05233_monday_S7.npz,42,4,1,S7,4.97037524687294
C4/clip_05234_monday_S7.npz,42,4,1,S7,5.00329163923634
C4/clip_05235_monday_S7.npz,42,4,1,S7,5.00329163923634
C4/clip_05236_monday_S7.npz,42,4,1,S7,5.00329163923634
C4/clip_05237_monday_S7.npz,42,4,1,S7,5.00329163923634
C4/clip_05238_monday_S7.npz,42,4,1,S7,4.97037524687294
C4/clip_05239_monday_S7.npz,42,4,1,S7,5.00329163923634
C4/clip_05240_monday_S7.npz,42,4,1,S7,5.00329163923634
C4/clip_05241_monday_S7.npz,42,4,1,S7,4.97037524687294
C4/clip_05242_monday_S7.npz,42,4,1,S7,5.00329163923634
C4/clip_05243_monday_S7.npz,42,4,1,S7,4.26595567405432
C4/clip_05244_monday_S7.npz,42,4,1,S7,4.23262789535077
C4/clip_05245_monday_S7.npz,42,4,1,S7,4.29928345275787
C4/clip_05246_monday_S7.npz,42,4,1,S7,4.26609785361951
C4/clip_05247_monday_S7.npz,42,4,1,S7,4.33261123146142
C4/clip_05248_tuesday_S0.npz,43,4,1,S0,4.06666666666666
C4/clip_05249_tuesday_S0.npz,43,4,1,S0,4.06666666666666
C4/clip_05250_tuesday_S0.npz,43,4,1,S0,4.06666666666666
C4/clip_05251_tuesday_S0.npz,43,4,1,S0,4.06666666666666
C4/clip_05252_tuesday_S0.npz,43,4,1,S0,4.06666666666666
C4/clip_05253_tuesday_S1.npz,43,4,1,S1,4.06666666666666
C4/clip_05254_tuesday_S1.npz,43,4,1,S1,4.06666666666666
C4/clip_05255_tuesday_S1.npz,43,4,1,S1,4.06666666666666
C4/clip_05256_tuesday_S1.npz,43,4,1,S1,4.06666666666666
C4/clip_05257_tuesday_S1.npz,43,4,1,S1,4.06666666666666
C4/clip_05258_tuesday_S2.npz,43,4,1,S2,4.06666666666666
C4/clip_05259_tuesday_S2.npz,43,4,1,S2,4.06666666666666
C4/clip_05260_tuesday_S2.npz,43,4,1,S2,4.06666666666666
C4/clip_05261_tuesday_S2.npz,43,4,1,S2,4.06666666666666
C4/clip_05262_tuesday_S2.npz,43,4,1,S2,4.06666666666666
C4/clip_05263_tuesday_S3.npz,43,4,1,S3,4.06666666666666
C4/clip_05264_tuesday_S3.npz,43,4,1,S3,4.06666666666666
C4/clip_05265_tuesday_S3.npz,43,4,1,S3,4.06666666666666
C4/clip_05266_tuesday_S3.npz,43,4,1,S3,4.06666666666666
C4/clip_05267_tuesday_S3.npz,43,4,0,S3,4.06666666666666
C4/clip_05268_tuesday_S4.npz,43,4,1,S4,4.36432000537147
C4/clip_05269_tuesday_S4.npz,43,4,1,S4,3.82704444742849
C4/clip_05270_tuesday_S4.npz,43,4,1,S4,4.70003692886158
C4/clip_05271_tuesday_S4.npz,43,4,1,S4,4.36432000537147
C4/clip_05272_tuesday_S4.npz,43,4,1,S4,4.33074831302245
C4/clip_05273_tuesday_S4.npz,43,4,1,S4,4.19930011664722
C4/clip_05274_tuesday_S4.npz,43,4,1,S4,4.13264455924012
C4/clip_05275_tuesday_S4.npz,43,4,1,S4,4.19930011664722
C4/clip_05276_tuesday_S4.npz,43,4,1,S4,4.33275563258232
C4/clip_05277_tuesday_S4.npz,43,4,1,S4,4.23262789535077
C4/clip_05278_tuesday_S4.npz,43,4,1,S4,4.19930011664722
C4/clip_05279_tuesday_S4.npz,43,4,1,S4,4.23276896413811
C4/clip_05280_tuesday_S4.npz,43,4,1,S4,4.26609785361951
C4/clip_05281_tuesday_S4.npz,43,4,1,S4,4.29928345275787
C4/clip_05282_tuesday_S4.npz,43,4,1,S4,4.16597233794367
C4/clip_05283_tuesday_S4.npz,43,4,1,S4,4.16597233794367
C4/clip_05284_tuesday_S4.npz,43,4,1,S4,4.26609785361951
C4/clip_05285_tuesday_S4.npz,43,4,1,S4,4.0994534062125
C4/clip_05286_tuesday_S4.npz,43,4,1,S4,4.16611118517531
C4/clip_05287_tuesday_S4.npz,43,4,1,S4,4.19944007465671
C4/clip_05288_tuesday_S4.npz,43,4,1,S4,4.16597233794367
C4/clip_05289_tuesday_S4.npz,43,4,1,S4,4.23276896413811
C4/clip_05290_tuesday_S4.npz,43,4,1,S4,4.23262789535077
C4/clip_05291_tuesday_S4.npz,43,4,1,S4,4.23262789535077
C4/clip_05292_tuesday_S5.npz,43,4,0,S5,4.31191747653321
C4/clip_05293_tuesday_S5.npz,43,4,0,S5,4.2791310072416
C4/clip_05294_tuesday_S5.npz,43,4,0,S5,4.27897574123989
C4/clip_05295_tuesday_S5.npz,43,4,0,S5,4.2791310072416
C4/clip_05296_tuesday_S5.npz,43,4,0,S5,4.24621461487821
C4/clip_05297_tuesday_S5.npz,43,4,0,S5,4.27903273957607
C4/clip_05298_tuesday_S5.npz,43,4,0,S5,4.27903273957607
C4/clip_05299_tuesday_S5.npz,43,4,0,S5,4.2791310072416
C4/clip_05300_tuesday_S5.npz,43,4,0,S5,4.24621461487821
C4/clip_05301_tuesday_S5.npz,43,4,0,S5,4.312047399605
C4/clip_05302_tuesday_S5.npz,43,4,0,S5,4.31192967209278
C4/clip_05303_tuesday_S5.npz,43,4,0,S5,4.2791310072416
C4/clip_05304_tuesday_S5.npz,43,4,0,S5,4.2791310072416
C4/clip_05305_tuesday_S5.npz,43,4,0,S5,4.27905019115429
C4/clip_05306_tuesday_S5.npz,43,4,0,S5,4.2791310072416
C4/clip_05307_tuesday_S5.npz,43,4,0,S5,4.2791310072416
C4/clip_05308_tuesday_S5.npz,43,4,0,S5,4.27903273957607
C4/clip_05309_tuesday_S5.npz,43,4,0,S5,4.2791310072416
C4/clip_05310_tuesday_S5.npz,43,4,0,S5,4.2791310072416
C4/clip_05311_tuesday_S5.npz,43,4,0,S5,4.2791310072416
C4/clip_05312_tuesday_S5.npz,43,4,0,S5,3.18920370619041
C4/clip_05313_tuesday_S5.npz,43,4,0,S5,3.96145969718333
C4/clip_05314_tuesday_S5.npz,43,4,0,S5,4.12959543394326
C4/clip_05315_tuesday_S5.npz,43,4,0,S5,4.23003323597542
C4/clip_05316_tuesday_S5.npz,43,4,0,S5,3.99489727407009
C4/clip_05317_tuesday_S5.npz,43,4,0,S5,4.06217477423036
C4/clip_05318_tuesday_S5.npz,43,4,0,S5,4.06217477423036
C4/clip_05319_tuesday_S6.npz,43,4,1,S6,4.2791310072416
C4/clip_05320_tuesday_S6.npz,43,4,1,S6,4.2791310072416
C4/clip_05321_tuesday_S6.npz,43,4,1,S6,4.2791310072416
C4/clip_05322_tuesday_S6.npz,43,4,1,S6,4.24621461487821
C4/clip_05323_tuesday_S6.npz,43,4,1,S6,4.2791310072416
C4/clip_05324_tuesday_S6.npz,43,4,1,S6,4.2791310072416
C4/clip_05325_tuesday_S6.npz,43,4,1,S6,4.2791310072416
C4/clip_05326_tuesday_S6.npz,43,4,0,S6,4.2791310072416
C4/clip_05327_tuesday_S6.npz,43,4,0,S6,4.24621461487821
C4/clip_05328_tuesday_S6.npz,43,4,0,S6,4.2791310072416
C4/clip_05329_tuesday_S6.npz,43,4,0,S6,4.2791310072416
C4/clip_05330_tuesday_S6.npz,43,4,0,S6,4.2791310072416
C4/clip_05331_tuesday_S6.npz,43,4,0,S6,4.312047399605
C4/clip_05332_tuesday_S6.npz,43,4,0,S6,4.24621461487821
C4/clip_05333_tuesday_S6.npz,43,4,0,S6,4.2791310072416
C4/clip_05334_tuesday_S6.npz,43,4,0,S6,4.2791310072416
C4/clip_05335_tuesday_S6.npz,43,4,0,S6,4.2791310072416
C4/clip_05336_tuesday_S6.npz,43,4,0,S6,4.2791310072416
C4/clip_05337_tuesday_S6.npz,43,4,0,S6,4.2791310072416
C4/clip_05338_tuesday_S6.npz,43,4,0,S6,4.2791310072416
C4/clip_05339_tuesday_S6.npz,43,4,0,S6,4.2791310072416
C4/clip_05340_tuesday_S6.npz,43,4,1,S6,4.1628898512774
C4/clip_05341_tuesday_S6.npz,43,4,1,S6,4.1628898512774
C4/clip_05342_tuesday_S6.npz,43,4,1,S6,4.19632066604001
C4/clip_05343_tuesday_S6.npz,43,4,1,S6,3.89431631248531
C4/clip_05344_tuesday_S6.npz,43,4,1,S6,4.26346179669665
C4/clip_05345_tuesday_S7.npz,43,4,1,S7,4.90454246214614
C4/clip_05346_tuesday_S7.npz,43,4,1,S7,5.00314767569
C4/clip_05347_tuesday_S7.npz,43,4,1,S7,5.00329163923634
C4/clip_05348_tuesday_S7.npz,43,4,1,S7,4.97037524687294
C4/clip_05349_tuesday_S7.npz,43,4,1,S7,5.00329163923634
C4/clip_05350_tuesday_S7.npz,43,4,1,S7,5.00329163923634
C4/clip_05351_tuesday_S7.npz,43,4,1,S7,5.00329163923634
C4/clip_05352_tuesday_S7.npz,43,4,1,S7,5.00329163923634
C4/clip_05353_tuesday_S7.npz,43,4,1,S7,4.97037524687294
C4/clip_05354_tuesday_S7.npz,43,4,1,S7,5.00329163923634
C4/clip_05355_tuesday_S7.npz,43,4,1,S7,5.00329163923634
C4/clip_05356_tuesday_S7.npz,43,4,1,S7,4.97037524687294
C4/clip_05357_tuesday_S7.npz,43,4,1,S7,5.00329163923634
C4/clip_05358_tuesday_S7.npz,43,4,1,S7,4.97037524687294
C4/clip_05359_tuesday_S7.npz,43,4,1,S7,5.00329163923634
C4/clip_05360_tuesday_S7.npz,43,4,1,S7,4.97037524687294
C4/clip_05361_tuesday_S7.npz,43,4,1,S7,4.97037524687294
C4/clip_05362_tuesday_S7.npz,43,4,1,S7,4.97037524687294
C4/clip_05363_tuesday_S7.npz,43,4,1,S7,4.97037524687294
C4/clip_05364_tuesday_S7.npz,43,4,1,S7,4.97037524687294
C4/clip_05365_tuesday_S7.npz,43,4,1,S7,4.36593901016497
C4/clip_05366_tuesday_S7.npz,43,4,1,S7,4.33261123146142
C4/clip_05367_tuesday_S7.npz,43,4,1,S7,4.26609785361951
C4/clip_05368_tuesday_S7.npz,43,4,1,S7,4.19930011664722
C4/clip_05369_tuesday_S7.npz,43,4,1,S7,4.66588901849691
C4/clip_05370_wednesday_S0.npz,44,4,1,S0,4.06666666666666
C4/clip_05371_wednesday_S0.npz,44,4,1,S0,4.06666666666666
C4/clip_05372_wednesday_S0.npz,44,4,1,S0,4.06666666666666
C4/clip_05373_wednesday_S0.npz,44,4,1,S0,4.06666666666666
C4/clip_05374_wednesday_S0.npz,44,4,1,S0,4.06666666666666
C4/clip_05375_wednesday_S1.npz,44,4,1,S1,4.06666666666666
C4/clip_05376_wednesday_S1.npz,44,4,1,S1,4.06666666666666
C4/clip_05377_wednesday_S1.npz,44,4,1,S1,4.06666666666666
C4/clip_05378_wednesday_S1.npz,44,4,1,S1,4.06666666666666
C4/clip_05379_wednesday_S1.npz,44,4,1,S1,4.06666666666666
C4/clip_05380_wednesday_S2.npz,44,4,1,S2,4.06666666666666
C4/clip_05381_wednesday_S2.npz,44,4,1,S2,4.06666666666666
C4/clip_05382_wednesday_S2.npz,44,4,1,S2,4.06666666666666
C4/clip_05383_wednesday_S2.npz,44,4,1,S2,4.06666666666666
C4/clip_05384_wednesday_S2.npz,44,4,1,S2,4.06666666666666
C4/clip_05385_wednesday_S3.npz,44,4,1,S3,4.06666666666666
C4/clip_05386_wednesday_S3.npz,44,4,1,S3,4.06666666666666
C4/clip_05387_wednesday_S3.npz,44,4,1,S3,4.06666666666666
C4/clip_05388_wednesday_S3.npz,44,4,1,S3,4.06666666666666
C4/clip_05389_wednesday_S3.npz,44,4,1,S3,4.06666666666666
C4/clip_05390_wednesday_S4.npz,44,4,0,S4,4.56575015946553
C4/clip_05391_wednesday_S4.npz,44,4,0,S4,4.83432369825762
C4/clip_05392_wednesday_S4.npz,44,4,0,S4,3.76002954308926
C4/clip_05393_wednesday_S4.npz,44,4,0,S4,4.59916744997985
C4/clip_05394_wednesday_S4.npz,44,4,1,S4,4.59932185181455
C4/clip_05395_wednesday_S4.npz,44,4,1,S4,4.26595567405432
C4/clip_05396_wednesday_S4.npz,44,4,1,S4,4.19930011664722
C4/clip_05397_wednesday_S4.npz,44,4,1,S4,4.26609785361951
C4/clip_05398_wednesday_S4.npz,44,4,1,S4,4.33261123146142
C4/clip_05399_wednesday_S4.npz,44,4,1,S4,4.13250683196694
C4/clip_05400_wednesday_S4.npz,44,4,1,S4,4.26595567405432
C4/clip_05401_wednesday_S4.npz,44,4,1,S4,4.16611118517531
C4/clip_05402_wednesday_S4.npz,44,4,1,S4,4.39926678886852
C4/clip_05403_wednesday_S4.npz,44,4,1,S4,4.26606600457322
C4/clip_05404_wednesday_S4.npz,44,4,1,S4,4.19930011664722
C4/clip_05405_wednesday_S4.npz,44,4,1,S4,4.13264455924012
C4/clip_05406_wednesday_S4.npz,44,4,1,S4,4.36593901016497
C4/clip_05407_wednesday_S4.npz,44,4,1,S4,4.19944007465671
C4/clip_05408_wednesday_S4.npz,44,4,1,S4,4.19944007465671
C4/clip_05409_wednesday_S4.npz,44,4,1,S4,3.93280895880549
C4/clip_05410_wednesday_S4.npz,44,4,1,S4,4.36593901016497
C4/clip_05411_wednesday_S4.npz,44,4,1,S4,4.03266122312947
C4/clip_05412_wednesday_S4.npz,44,4,1,S4,4.19930011664722
C4/clip_05413_wednesday_S4.npz,44,4,1,S4,4.26609785361951
C4/clip_05414_wednesday_S4.npz,44,4,1,S4,4.26595567405432
C4/clip_05415_wednesday_S5.npz,44,4,0,S5,4.2791310072416
C4/clip_05416_wednesday_S5.npz,44,4,0,S5,4.312047399605
C4/clip_05417_wednesday_S5.npz,44,4,0,S5,4.2791310072416
C4/clip_05418_wednesday_S5.npz,44,4,0,S5,4.21329822251481
C4/clip_05419_wednesday_S5.npz,44,4,0,S5,4.312047399605
C4/clip_05420_wednesday_S5.npz,44,4,0,S5,4.312047399605
C4/clip_05421_wednesday_S5.npz,44,4,0,S5,4.2791310072416
C4/clip_05422_wednesday_S5.npz,44,4,0,S5,4.2791310072416
C4/clip_05423_wednesday_S5.npz,44,4,0,S5,4.2791310072416
C4/clip_05424_wednesday_S5.npz,44,4,0,S5,4.312047399605
C4/clip_05425_wednesday_S5.npz,44,4,0,S5,4.2791310072416
C4/clip_05426_wednesday_S5.npz,44,4,0,S5,4.2791310072416
C4/clip_05427_wednesday_S5.npz,44,4,0,S5,4.24614363907779
C4/clip_05428_wednesday_S5.npz,44,4,0,S5,4.2791310072416
C4/clip_05429_wednesday_S5.npz,44,4,0,S5,4.2791310072416
C4/clip_05430_wednesday_S5.npz,44,4,0,S5,4.2791310072416
C4/clip_05431_wednesday_S5.npz,44,4,0,S5,4.2791310072416
C4/clip_05432_wednesday_S5.npz,44,4,0,S5,4.2791310072416
C4/clip_05433_wednesday_S5.npz,44,4,0,S5,4.2791310072416
C4/clip_05434_wednesday_S5.npz,44,4,0,S5,4.2791310072416
C4/clip_05435_wednesday_S5.npz,44,4,0,S5,4.02846783939841
C4/clip_05436_wednesday_S5.npz,44,4,0,S5,7.85580683557218
C4/clip_05437_wednesday_S5.npz,44,4,0,S5,4.12931815892839
C4/clip_05438_wednesday_S5.npz,44,4,0,S5,4.09574646657938
C4/clip_05439_wednesday_S5.npz,44,4,0,S5,4.09560897005505
C4/clip_05440_wednesday_S5.npz,44,4,0,S5,4.19632066604001
C4/clip_05441_wednesday_S6.npz,44,4,1,S6,4.2791310072416
C4/clip_05442_wednesday_S6.npz,44,4,1,S6,4.2791310072416
C4/clip_05443_wednesday_S6.npz,44,4,1,S6,4.2791310072416
C4/clip_05444_wednesday_S6.npz,44,4,1,S6,4.312047399605
C4/clip_05445_wednesday_S6.npz,44,4,1,S6,4.2791310072416
C4/clip_05446_wednesday_S6.npz,44,4,0,S6,4.2791310072416
C4/clip_05447_wednesday_S6.npz,44,4,1,S6,4.27903273957607
C4/clip_05448_wednesday_S6.npz,44,4,1,S6,4.24621461487821
C4/clip_05449_wednesday_S6.npz,44,4,0,S6,4.312047399605
C4/clip_05450_wednesday_S6.npz,44,4,0,S6,4.312047399605
C4/clip_05451_wednesday_S6.npz,44,4,1,S6,4.2791310072416
C4/clip_05452_wednesday_S6.npz,44,4,0,S6,4.2791310072416
C4/clip_05453_wednesday_S6.npz,44,4,0,S6,4.24621461487821
C4/clip_05454_wednesday_S6.npz,44,4,1,S6,4.312047399605
C4/clip_05455_wednesday_S6.npz,44,4,0,S6,4.2791310072416
C4/clip_05456_wednesday_S6.npz,44,4,0,S6,4.2791310072416
C4/clip_05457_wednesday_S6.npz,44,4,1,S6,4.24621461487821
C4/clip_05458_wednesday_S6.npz,44,4,1,S6,4.2791310072416
C4/clip_05459_wednesday_S6.npz,44,4,1,S6,4.2791310072416
C4/clip_05460_wednesday_S6.npz,44,4,0,S6,4.2791310072416
C4/clip_05461_wednesday_S6.npz,44,4,1,S6,4.1628898512774
C4/clip_05462_wednesday_S6.npz,44,4,0,S6,4.1628898512774
C4/clip_05463_wednesday_S6.npz,44,4,0,S6,4.23003323597542
C4/clip_05464_wednesday_S6.npz,44,4,0,S6,4.23003323597542
C4/clip_05465_wednesday_S6.npz,44,4,1,S6,4.23003323597542
C4/clip_05466_wednesday_S7.npz,44,4,1,S7,5.00329163923634
C4/clip_05467_wednesday_S7.npz,44,4,1,S7,5.00329163923634
C4/clip_05468_wednesday_S7.npz,44,4,1,S7,4.97037524687294
C4/clip_05469_wednesday_S7.npz,44,4,1,S7,5.00329163923634
C4/clip_05470_wednesday_S7.npz,44,4,1,S7,4.97037524687294
C4/clip_05471_wednesday_S7.npz,44,4,1,S7,5.00329163923634
C4/clip_05472_wednesday_S7.npz,44,4,1,S7,5.00329163923634
C4/clip_05473_wednesday_S7.npz,44,4,1,S7,5.00329163923634
C4/clip_05474_wednesday_S7.npz,44,4,1,S7,5.00329163923634
C4/clip_05475_wednesday_S7.npz,44,4,1,S7,5.00329163923634
C4/clip_05476_wednesday_S7.npz,44,4,1,S7,4.97037524687294
C4/clip_05477_wednesday_S7.npz,44,4,1,S7,5.00329163923634
C4/clip_05478_wednesday_S7.npz,44,4,1,S7,4.97037524687294
C4/clip_05479_wednesday_S7.npz,44,4,1,S7,4.97037524687294
C4/clip_05480_wednesday_S7.npz,44,4,1,S7,4.97037524687294
C4/clip_05481_wednesday_S7.npz,44,4,1,S7,4.97037524687294
C4/clip_05482_wednesday_S7.npz,44,4,1,S7,5.00329163923634
C4/clip_05483_wednesday_S7.npz,44,4,1,S7,5.00329163923634
C4/clip_05484_wednesday_S7.npz,44,4,1,S7,4.97037524687294
C4/clip_05485_wednesday_S7.npz,44,4,1,S7,4.97037524687294
C4/clip_05486_wednesday_S7.npz,44,4,1,S7,4.36579350796507
C4/clip_05487_wednesday_S7.npz,44,4,1,S7,4.29942674310092
C4/clip_05488_wednesday_S7.npz,44,4,1,S7,4.29942674310092
C4/clip_05489_wednesday_S7.npz,44,4,1,S7,4.0661245167311
C4/clip_05490_wednesday_S7.npz,44,4,1,S7,4.23262789535077
C4/clip_05491_wednesday_S7.npz,44,4,1,S7,4.06598900183302
C4/clip_05492_thursday_S0.npz,45,4,1,S0,4.06666666666666
C4/clip_05493_thursday_S0.npz,45,4,1,S0,4.06666666666666
C4/clip_05494_thursday_S0.npz,45,4,1,S0,4.06666666666666
C4/clip_05495_thursday_S0.npz,45,4,1,S0,4.06666666666666
C4/clip_05496_thursday_S0.npz,45,4,1,S0,4.06666666666666
C4/clip_05497_thursday_S1.npz,45,4,1,S1,4.06666666666666
C4/clip_05498_thursday_S1.npz,45,4,1,S1,4.06666666666666
C4/clip_05499_thursday_S1.npz,45,4,1,S1,4.06666666666666
C4/clip_05500_thursday_S1.npz,45,4,1,S1,4.06666666666666
C4/clip_05501_thursday_S1.npz,45,4,1,S1,4.06666666666666
C4/clip_05502_thursday_S2.npz,45,4,1,S2,4.06666666666666
C4/clip_05503_thursday_S2.npz,45,4,1,S2,4.06666666666666
C4/clip_05504_thursday_S2.npz,45,4,1,S2,4.06666666666666
C4/clip_05505_thursday_S2.npz,45,4,1,S2,4.06666666666666
C4/clip_05506_thursday_S2.npz,45,4,1,S2,4.06666666666666
C4/clip_05507_thursday_S3.npz,45,4,0,S3,4.06666666666666
C4/clip_05508_thursday_S3.npz,45,4,1,S3,4.06666666666666
C4/clip_05509_thursday_S3.npz,45,4,1,S3,4.06666666666666
C4/clip_05510_thursday_S3.npz,45,4,1,S3,4.06666666666666
C4/clip_05511_thursday_S3.npz,45,4,1,S3,4.06666666666666
C4/clip_05512_thursday_S4.npz,45,4,1,S4,4.33074831302245
C4/clip_05513_thursday_S4.npz,45,4,1,S4,4.53217846711652
C4/clip_05514_thursday_S4.npz,45,4,1,S4,4.39774405800993
C4/clip_05515_thursday_S4.npz,45,4,1,S4,4.7671803135596
C4/clip_05516_thursday_S4.npz,45,4,1,S4,5.30432739114378
C4/clip_05517_thursday_S4.npz,45,4,1,S4,4.43131462333825
C4/clip_05518_thursday_S4.npz,45,4,1,S4,4.26609785361951
C4/clip_05519_thursday_S4.npz,45,4,1,S4,4.23276896413811
C4/clip_05520_thursday_S4.npz,45,4,1,S4,4.19930011664722
C4/clip_05521_thursday_S4.npz,45,4,1,S4,4.23262789535077
C4/clip_05522_thursday_S4.npz,45,4,1,S4,3.93280895880549
C4/clip_05523_thursday_S4.npz,45,4,1,S4,4.23276896413811
C4/clip_05524_thursday_S4.npz,45,4,1,S4,4.26595567405432
C4/clip_05525_thursday_S4.npz,45,4,1,S4,4.16611118517531
C4/clip_05526_thursday_S4.npz,45,4,1,S4,4.19944007465671
C4/clip_05527_thursday_S4.npz,45,4,1,S4,4.09931678053657
C4/clip_05528_thursday_S4.npz,45,4,1,S4,4.1327822956939
C4/clip_05529_thursday_S4.npz,45,4,1,S4,4.23262789535077
C4/clip_05530_thursday_S4.npz,45,4,1,S4,4.0994534062125
C4/clip_05531_thursday_S4.npz,45,4,1,S4,4.0661245167311
C4/clip_05532_thursday_S4.npz,45,4,1,S4,4.19930011664722
C4/clip_05533_thursday_S4.npz,45,4,1,S4,4.23262789535077
C4/clip_05534_thursday_S4.npz,45,4,1,S4,4.16597233794367
C4/clip_05535_thursday_S4.npz,45,4,1,S4,4.23276896413811
C4/clip_05536_thursday_S4.npz,45,4,1,S4,4.13264455924012
C4/clip_05537_thursday_S4.npz,45,4,1,S4,4.26595567405432
C4/clip_05538_thursday_S5.npz,45,4,1,S5,4.27907598702905
C4/clip_05539_thursday_S5.npz,45,4,1,S5,4.2791310072416
C4/clip_05540_thursday_S5.npz,45,4,1,S5,4.2791310072416
C4/clip_05541_thursday_S5.npz,45,4,1,S5,4.2791310072416
C4/clip_05542_thursday_S5.npz,45,4,1,S5,4.2791310072416
C4/clip_05543_thursday_S5.npz,45,4,1,S5,4.2791310072416
C4/clip_05544_thursday_S5.npz,45,4,1,S5,4.2791310072416
C4/clip_05545_thursday_S5.npz,45,4,1,S5,4.2791310072416
C4/clip_05546_thursday_S5.npz,45,4,1,S5,4.2791310072416
C4/clip_05547_thursday_S5.npz,45,4,1,S5,4.2791310072416
C4/clip_05548_thursday_S5.npz,45,4,1,S5,4.2791310072416
C4/clip_05549_thursday_S5.npz,45,4,1,S5,4.24621461487821
C4/clip_05550_thursday_S5.npz,45,4,1,S5,4.312047399605
C4/clip_05551_thursday_S5.npz,45,4,0,S5,4.2791310072416
C4/clip_05552_thursday_S5.npz,45,4,1,S5,4.2791310072416
C4/clip_05553_thursday_S5.npz,45,4,0,S5,4.312047399605
C4/clip_05554_thursday_S5.npz,45,4,0,S5,4.24621461487821
C4/clip_05555_thursday_S5.npz,45,4,1,S5,4.2791310072416
C4/clip_05556_thursday_S5.npz,45,4,1,S5,4.2791310072416
C4/clip_05557_thursday_S5.npz,45,4,1,S5,4.24621461487821
C4/clip_05558_thursday_S5.npz,45,4,1,S5,4.06217477423036
C4/clip_05559_thursday_S5.npz,45,4,1,S5,4.1628898512774
C4/clip_05560_thursday_S5.npz,45,4,1,S5,4.23003323597542
C4/clip_05561_thursday_S5.npz,45,4,1,S5,4.09574646657938
C4/clip_05562_thursday_S5.npz,45,4,1,S5,3.79360123543827
C4/clip_05563_thursday_S6.npz,45,4,1,S6,4.2791310072416
C4/clip_05564_thursday_S6.npz,45,4,1,S6,4.2791310072416
C4/clip_05565_thursday_S6.npz,45,4,1,S6,4.2791310072416
C4/clip_05566_thursday_S6.npz,45,4,1,S6,4.2791310072416
C4/clip_05567_thursday_S6.npz,45,4,1,S6,4.312047399605
C4/clip_05568_thursday_S6.npz,45,4,1,S6,4.2791310072416
C4/clip_05569_thursday_S6.npz,45,4,1,S6,4.2791310072416
C4/clip_05570_thursday_S6.npz,45,4,1,S6,4.312047399605
C4/clip_05571_thursday_S6.npz,45,4,1,S6,4.2791310072416
C4/clip_05572_thursday_S6.npz,45,4,1,S6,4.2791310072416
C4/clip_05573_thursday_S6.npz,45,4,1,S6,4.2791310072416
C4/clip_05574_thursday_S6.npz,45,4,1,S6,4.2791310072416
C4/clip_05575_thursday_S6.npz,45,4,1,S6,4.2791310072416
C4/clip_05576_thursday_S6.npz,45,4,1,S6,4.2791310072416
C4/clip_05577_thursday_S6.npz,45,4,1,S6,4.2791310072416
C4/clip_05578_thursday_S6.npz,45,4,1,S6,4.2791310072416
C4/clip_05579_thursday_S6.npz,45,4,1,S6,4.2791310072416
C4/clip_05580_thursday_S6.npz,45,4,1,S6,4.2791310072416
C4/clip_05581_thursday_S6.npz,45,4,1,S6,4.312047399605
C4/clip_05582_thursday_S6.npz,45,4,1,S6,4.2791310072416
C4/clip_05583_thursday_S6.npz,45,4,1,S6,4.2791310072416
C4/clip_05584_thursday_S6.npz,45,4,1,S6,4.2791310072416
C4/clip_05585_thursday_S6.npz,45,4,1,S6,4.2791310072416
C4/clip_05586_thursday_S6.npz,45,4,1,S6,4.312047399605
C4/clip_05587_thursday_S6.npz,45,4,0,S6,4.12931815892839
C4/clip_05588_thursday_S6.npz,45,4,1,S6,4.26389122041295
C4/clip_05589_thursday_S6.npz,45,4,1,S6,4.1628898512774
C4/clip_05590_thursday_S6.npz,45,4,1,S6,4.1628898512774
C4/clip_05591_thursday_S6.npz,45,4,1,S6,4.06203840472673
C4/clip_05592_thursday_S7.npz,45,4,1,S7,4.27903273957607
C4/clip_05593_thursday_S7.npz,45,4,1,S7,4.2791310072416
C4/clip_05594_thursday_S7.npz,45,4,1,S7,4.24621461487821
C4/clip_05595_thursday_S7.npz,45,4,1,S7,4.24621461487821
C4/clip_05596_thursday_S7.npz,45,4,1,S7,4.2791310072416
C4/clip_05597_thursday_S7.npz,45,4,1,S7,4.2791310072416
C4/clip_05598_thursday_S7.npz,45,4,1,S7,4.312047399605
C4/clip_05599_thursday_S7.npz,45,4,1,S7,4.21774087254514
C4/clip_05600_thursday_S7.npz,45,4,1,S7,4.29127880108272
C4/clip_05601_thursday_S7.npz,45,4,1,S7,4.30036387694343
C4/clip_05602_thursday_S7.npz,45,4,1,S7,4.27633759862096
C4/clip_05603_thursday_S7.npz,45,4,1,S7,4.27095748907429
C4/clip_05604_thursday_S7.npz,45,4,1,S7,4.29269581297054
C4/clip_05605_thursday_S7.npz,45,4,1,S7,4.28915503645781
C4/clip_05606_thursday_S7.npz,45,4,1,S7,4.25700425700425
C4/clip_05607_thursday_S7.npz,45,4,1,S7,4.28742355756447
C4/clip_05608_thursday_S7.npz,45,4,1,S7,4.27079510193186
C4/clip_05609_thursday_S7.npz,45,4,1,S7,4.29041806631855
C4/clip_05610_thursday_S7.npz,45,4,1,S7,4.26695113007533
C4/clip_05611_thursday_S7.npz,45,4,1,S7,4.26552919221541
C4/clip_05612_thursday_S7.npz,45,4,1,S7,4.23262789535077
C4/clip_05613_thursday_S7.npz,45,4,1,S7,4.29928345275787
C4/clip_05614_thursday_S7.npz,45,4,1,S7,4.16597233794367
C4/clip_05615_thursday_S7.npz,45,4,1,S7,4.26609785361951
C4/clip_05616_thursday_S7.npz,45,4,1,S7,4.19944007465671
C4/clip_05617_thursday_S7.npz,45,4,1,S7,4.0994534062125
C4/clip_05618_friday_S0.npz,46,4,1,S0,4.06666666666666
C4/clip_05619_friday_S0.npz,46,4,1,S0,4.06666666666666
C4/clip_05620_friday_S0.npz,46,4,1,S0,4.06666666666666
C4/clip_05621_friday_S0.npz,46,4,1,S0,4.06666666666666
C4/clip_05622_friday_S0.npz,46,4,1,S0,4.06666666666666
C4/clip_05623_friday_S1.npz,46,4,1,S1,4.06666666666666
C4/clip_05624_friday_S1.npz,46,4,1,S1,4.06666666666666
C4/clip_05625_friday_S1.npz,46,4,1,S1,4.06666666666666
C4/clip_05626_friday_S1.npz,46,4,1,S1,4.05
C4/clip_05627_friday_S1.npz,46,4,1,S1,4.05
C4/clip_05628_friday_S2.npz,46,4,1,S2,4.06666666666666
C4/clip_05629_friday_S2.npz,46,4,1,S2,4.06666666666666
C4/clip_05630_friday_S2.npz,46,4,1,S2,4.06666666666666
C4/clip_05631_friday_S2.npz,46,4,1,S2,4.06666666666666
C4/clip_05632_friday_S2.npz,46,4,1,S2,4.06666666666666
C4/clip_05633_friday_S3.npz,46,4,0,S3,4.06666666666666
C4/clip_05634_friday_S3.npz,46,4,1,S3,4.06666666666666
C4/clip_05635_friday_S3.npz,46,4,1,S3,4.06666666666666
C4/clip_05636_friday_S3.npz,46,4,1,S3,4.06666666666666
C4/clip_05637_friday_S3.npz,46,4,0,S3,4.06666666666666
C4/clip_05638_friday_S4.npz,46,4,0,S4,4.39789169772048
C4/clip_05639_friday_S4.npz,46,4,1,S4,4.09574646657938
C4/clip_05640_friday_S4.npz,46,4,0,S4,4.39789169772048
C4/clip_05641_friday_S4.npz,46,4,0,S4,4.80091318068891
C4/clip_05642_friday_S4.npz,46,4,0,S4,4.49860677476751
C4/clip_05643_friday_S4.npz,46,4,1,S4,4.33261123146142
C4/clip_05644_friday_S4.npz,46,4,1,S4,4.16597233794367
C4/clip_05645_friday_S4.npz,46,4,1,S4,4.26595567405432
C4/clip_05646_friday_S4.npz,46,4,1,S4,4.23262789535077
C4/clip_05647_friday_S4.npz,46,4,1,S4,4.23276896413811
C4/clip_05648_friday_S4.npz,46,4,1,S4,4.29928345275787
C4/clip_05649_friday_S4.npz,46,4,1,S4,4.23276896413811
C4/clip_05650_friday_S4.npz,46,4,1,S4,4.13264455924012
C4/clip_05651_friday_S4.npz,46,4,1,S4,4.23276896413811
C4/clip_05652_friday_S4.npz,46,4,1,S4,4.23262789535077
C4/clip_05653_friday_S4.npz,46,4,1,S4,4.16597233794367
C4/clip_05654_friday_S4.npz,46,4,1,S4,4.33261123146142
C4/clip_05655_friday_S4.npz,46,4,1,S4,4.23273313625369
C4/clip_05656_friday_S4.npz,46,4,1,S4,4.19930011664722
C4/clip_05657_friday_S4.npz,46,4,1,S4,4.06598900183302
C4/clip_05658_friday_S4.npz,46,4,1,S4,4.26595567405432
C4/clip_05659_friday_S4.npz,46,4,1,S4,4.56590568238626
C4/clip_05660_friday_S4.npz,46,4,1,S4,4.29942674310092
C4/clip_05661_friday_S4.npz,46,4,1,S4,4.332900043329
C4/clip_05662_friday_S4.npz,46,4,1,S4,4.33261123146142
C4/clip_05663_friday_S5.npz,46,4,0,S5,4.27903273957607
C4/clip_05664_friday_S5.npz,46,4,0,S5,4.27903273957607
C4/clip_05665_friday_S5.npz,46,4,0,S5,4.27907598702905
C4/clip_05666_friday_S5.npz,46,4,0,S5,4.24621461487821
C4/clip_05667_friday_S5.npz,46,4,0,S5,4.2791310072416
C4/clip_05668_friday_S5.npz,46,4,0,S5,4.2791310072416
C4/clip_05669_friday_S5.npz,46,4,0,S5,4.2791310072416
C4/clip_05670_friday_S5.npz,46,4,0,S5,4.312047399605
C4/clip_05671_friday_S5.npz,46,4,0,S5,4.24614363907779
C4/clip_05672_friday_S5.npz,46,4,0,S5,4.2791310072416
C4/clip_05673_friday_S5.npz,46,4,0,S5,4.2791310072416
C4/clip_05674_friday_S5.npz,46,4,0,S5,4.312047399605
C4/clip_05675_friday_S5.npz,46,4,0,S5,4.24621461487821
C4/clip_05676_friday_S5.npz,46,4,0,S5,4.2791310072416
C4/clip_05677_friday_S5.npz,46,4,0,S5,4.2791310072416
C4/clip_05678_friday_S5.npz,46,4,0,S5,4.312047399605
C4/clip_05679_friday_S5.npz,46,4,0,S5,4.31191747653321
C4/clip_05680_friday_S5.npz,46,4,0,S5,4.2791310072416
C4/clip_05681_friday_S5.npz,46,4,0,S5,4.2791310072416
C4/clip_05682_friday_S5.npz,46,4,1,S5,4.31191747653321
C4/clip_05683_friday_S5.npz,46,4,0,S5,4.02860308188135
C4/clip_05684_friday_S5.npz,46,4,0,S5,4.16302961122675
C4/clip_05685_friday_S5.npz,46,4,0,S5,4.19632066604001
C4/clip_05686_friday_S5.npz,46,4,0,S5,4.09588397233599
C4/clip_05687_friday_S5.npz,46,4,0,S5,4.02860308188135
C4/clip_05688_friday_S6.npz,46,4,1,S6,4.312047399605
C4/clip_05689_friday_S6.npz,46,4,1,S6,4.24621461487821
C4/clip_05690_friday_S6.npz,46,4,1,S6,4.2791310072416
C4/clip_05691_friday_S6.npz,46,4,1,S6,4.2791310072416
C4/clip_05692_friday_S6.npz,46,4,1,S6,4.312047399605
C4/clip_05693_friday_S6.npz,46,4,1,S6,4.2791310072416
C4/clip_05694_friday_S6.npz,46,4,1,S6,4.31191747653321
C4/clip_05695_friday_S6.npz,46,4,1,S6,4.24621461487821
C4/clip_05696_friday_S6.npz,46,4,1,S6,4.312047399605
C4/clip_05697_friday_S6.npz,46,4,1,S6,4.2791310072416
C4/clip_05698_friday_S6.npz,46,4,1,S6,4.2791310072416
C4/clip_05699_friday_S6.npz,46,4,1,S6,4.2791310072416
C4/clip_05700_friday_S6.npz,46,4,1,S6,4.2791310072416
C4/clip_05701_friday_S6.npz,46,4,1,S6,4.2791310072416
C4/clip_05702_friday_S6.npz,46,4,1,S6,4.2791310072416
C4/clip_05703_friday_S6.npz,46,4,1,S6,4.2791310072416
C4/clip_05704_friday_S6.npz,46,4,1,S6,4.2791310072416
C4/clip_05705_friday_S6.npz,46,4,1,S6,4.24621461487821
C4/clip_05706_friday_S6.npz,46,4,1,S6,4.2791310072416
C4/clip_05707_friday_S6.npz,46,4,1,S6,4.24621461487821
C4/clip_05708_friday_S6.npz,46,4,1,S6,4.1628898512774
C4/clip_05709_friday_S6.npz,46,4,0,S6,4.19646154362641
C4/clip_05710_friday_S6.npz,46,4,1,S6,4.29703236202497
C4/clip_05711_friday_S6.npz,46,4,1,S6,4.19646154362641
C4/clip_05712_friday_S6.npz,46,4,1,S6,4.29717662067344
C4/clip_05713_friday_S7.npz,46,4,1,S7,4.3114973262032
C4/clip_05714_friday_S7.npz,46,4,1,S7,4.24465240641711
C4/clip_05715_friday_S7.npz,46,4,1,S7,4.27150770873656
C4/clip_05716_friday_S7.npz,46,4,1,S7,4.27807486631016
C4/clip_05717_friday_S7.npz,46,4,1,S7,4.27807486631016
C4/clip_05718_friday_S7.npz,46,4,1,S7,4.30602843981574
C4/clip_05719_friday_S7.npz,46,4,1,S7,4.27807486631016
C4/clip_05720_friday_S7.npz,46,4,1,S7,4.27807486631016
C4/clip_05721_friday_S7.npz,46,4,1,S7,4.27807486631016
C4/clip_05722_friday_S7.npz,46,4,1,S7,4.27807486631016
C4/clip_05723_friday_S7.npz,46,4,1,S7,4.27807486631016
C4/clip_05724_friday_S7.npz,46,4,1,S7,4.27807486631016
C4/clip_05725_friday_S7.npz,46,4,1,S7,4.27807486631016
C4/clip_05726_friday_S7.npz,46,4,1,S7,4.27807486631016
C4/clip_05727_friday_S7.npz,46,4,1,S7,4.3114973262032
C4/clip_05728_friday_S7.npz,46,4,1,S7,4.24465240641711
C4/clip_05729_friday_S7.npz,46,4,1,S7,4.27807486631016
C4/clip_05730_friday_S7.npz,46,4,1,S7,4.27807486631016
C4/clip_05731_friday_S7.npz,46,4,1,S7,4.27807486631016
C4/clip_05732_friday_S7.npz,46,4,1,S7,4.27807486631016
C4/clip_05733_friday_S7.npz,46,4,1,S7,4.26595567405432
C4/clip_05734_friday_S7.npz,46,4,1,S7,4.26609785361951
C4/clip_05735_friday_S7.npz,46,4,1,S7,4.23262789535077
C4/clip_05736_friday_S7.npz,46,4,1,S7,4.33275563258232
C4/clip_05737_friday_S7.npz,46,4,1,S7,4.09931678053657
C4/clip_05738_friday_S7.npz,46,4,1,S7,4.16597233794367
C4/clip_05739_saturday_S0.npz,47,4,0,S0,4.06666666666666
C4/clip_05740_saturday_S0.npz,47,4,1,S0,4.06666666666666
C4/clip_05741_saturday_S0.npz,47,4,1,S0,4.06666666666666
C4/clip_05742_saturday_S0.npz,47,4,1,S0,4.05
C4/clip_05743_saturday_S0.npz,47,4,1,S0,4.05
C4/clip_05744_saturday_S1.npz,47,4,1,S1,4.05
C4/clip_05745_saturday_S1.npz,47,4,1,S1,4.05
C4/clip_05746_saturday_S1.npz,47,4,1,S1,4.05
C4/clip_05747_saturday_S1.npz,47,4,1,S1,4.05
C4/clip_05748_saturday_S1.npz,47,4,1,S1,4.05
C4/clip_05749_saturday_S2.npz,47,4,0,S2,4.06666666666666
C4/clip_05750_saturday_S2.npz,47,4,0,S2,4.06666666666666
C4/clip_05751_saturday_S2.npz,47,4,0,S2,4.06666666666666
C4/clip_05752_saturday_S2.npz,47,4,1,S2,4.06666666666666
C4/clip_05753_saturday_S2.npz,47,4,0,S2,4.05
C4/clip_05754_saturday_S3.npz,47,4,0,S3,4.05
C4/clip_05755_saturday_S3.npz,47,4,0,S3,4.05
C4/clip_05756_saturday_S3.npz,47,4,0,S3,4.05
C4/clip_05757_saturday_S3.npz,47,4,0,S3,4.05
C4/clip_05758_saturday_S3.npz,47,4,0,S3,4.05
C4/clip_05759_saturday_S4.npz,47,4,0,S4,4.36432000537147
C4/clip_05760_saturday_S4.npz,47,4,0,S4,4.43146339006949
C4/clip_05761_saturday_S4.npz,47,4,0,S4,3.55847992480193
C4/clip_05762_saturday_S4.npz,47,4,0,S4,4.46488518866657
C4/clip_05763_saturday_S4.npz,47,4,0,S4,4.53248279335235
C4/clip_05764_saturday_S4.npz,47,4,1,S4,4.16597233794367
C4/clip_05765_saturday_S4.npz,47,4,1,S4,4.23262789535077
C4/clip_05766_saturday_S4.npz,47,4,1,S4,4.16611118517531
C4/clip_05767_saturday_S4.npz,47,4,1,S4,4.23276896413811
C4/clip_05768_saturday_S4.npz,47,4,1,S4,4.23262789535077
C4/clip_05769_saturday_S4.npz,47,4,1,S4,4.23262789535077
C4/clip_05770_saturday_S4.npz,47,4,1,S4,4.26609785361951
C4/clip_05771_saturday_S4.npz,47,4,1,S4,4.1995800419958
C4/clip_05772_saturday_S4.npz,47,4,1,S4,4.23276896413811
C4/clip_05773_saturday_S4.npz,47,4,1,S4,4.26609785361951
C4/clip_05774_saturday_S4.npz,47,4,1,S4,3.93267788701883
C4/clip_05775_saturday_S4.npz,47,4,1,S4,4.19930011664722
C4/clip_05776_saturday_S4.npz,47,4,1,S4,4.19930011664722
C4/clip_05777_saturday_S4.npz,47,4,1,S4,4.19930011664722
C4/clip_05778_saturday_S4.npz,47,4,1,S4,4.43259456757207
C4/clip_05779_saturday_S4.npz,47,4,1,S4,4.09931678053657
C4/clip_05780_saturday_S4.npz,47,4,1,S4,4.23262789535077
C4/clip_05781_saturday_S4.npz,47,4,1,S4,4.29928345275787
C4/clip_05782_saturday_S4.npz,47,4,1,S4,4.23276896413811
C4/clip_05783_saturday_S4.npz,47,4,1,S4,4.06598900183302
C4/clip_05784_saturday_S5.npz,47,4,1,S5,4.27903273957607
C4/clip_05785_saturday_S5.npz,47,4,0,S5,4.2791310072416
C4/clip_05786_saturday_S5.npz,47,4,0,S5,4.2791310072416
C4/clip_05787_saturday_S5.npz,47,4,1,S5,4.27903273957607
C4/clip_05788_saturday_S5.npz,47,4,1,S5,4.2791310072416
C4/clip_05789_saturday_S5.npz,47,4,0,S5,4.24621461487821
C4/clip_05790_saturday_S5.npz,47,4,0,S5,4.24621461487821
C4/clip_05791_saturday_S5.npz,47,4,1,S5,4.2791310072416
C4/clip_05792_saturday_S5.npz,47,4,0,S5,4.2791310072416
C4/clip_05793_saturday_S5.npz,47,4,0,S5,4.2791310072416
C4/clip_05794_saturday_S5.npz,47,4,0,S5,4.31191747653321
C4/clip_05795_saturday_S5.npz,47,4,1,S5,4.2791310072416
C4/clip_05796_saturday_S5.npz,47,4,0,S5,4.27903273957607
C4/clip_05797_saturday_S5.npz,47,4,0,S5,4.312047399605
C4/clip_05798_saturday_S5.npz,47,4,0,S5,4.2791310072416
C4/clip_05799_saturday_S5.npz,47,4,0,S5,4.27903273957607
C4/clip_05800_saturday_S5.npz,47,4,1,S5,4.27903273957607
C4/clip_05801_saturday_S5.npz,47,4,1,S5,4.2791310072416
C4/clip_05802_saturday_S5.npz,47,4,0,S5,4.2791310072416
C4/clip_05803_saturday_S5.npz,47,4,1,S5,4.2791310072416
C4/clip_05804_saturday_S5.npz,47,4,0,S5,4.12959543394326
C4/clip_05805_saturday_S5.npz,47,4,0,S5,4.12931815892839
C4/clip_05806_saturday_S5.npz,47,4,0,S5,4.06217477423036
C4/clip_05807_saturday_S5.npz,47,4,0,S5,3.92775614341345
C4/clip_05808_saturday_S5.npz,47,4,0,S5,4.26360492832443
C4/clip_05809_saturday_S6.npz,47,4,1,S6,4.312047399605
C4/clip_05810_saturday_S6.npz,47,4,1,S6,4.312047399605
C4/clip_05811_saturday_S6.npz,47,4,1,S6,4.2791310072416
C4/clip_05812_saturday_S6.npz,47,4,0,S6,4.2791310072416
C4/clip_05813_saturday_S6.npz,47,4,1,S6,4.2791310072416
C4/clip_05814_saturday_S6.npz,47,4,1,S6,4.24621461487821
C4/clip_05815_saturday_S6.npz,47,4,0,S6,4.2791310072416
C4/clip_05816_saturday_S6.npz,47,4,0,S6,4.2791310072416
C4/clip_05817_saturday_S6.npz,47,4,0,S6,4.24621461487821
C4/clip_05818_saturday_S6.npz,47,4,1,S6,4.24621461487821
C4/clip_05819_saturday_S6.npz,47,4,1,S6,4.312047399605
C4/clip_05820_saturday_S6.npz,47,4,1,S6,4.2791310072416
C4/clip_05821_saturday_S6.npz,47,4,1,S6,4.2791310072416
C4/clip_05822_saturday_S6.npz,47,4,1,S6,4.2791310072416
C4/clip_05823_saturday_S6.npz,47,4,1,S6,4.2791310072416
C4/clip_05824_saturday_S6.npz,47,4,0,S6,4.2791310072416
C4/clip_05825_saturday_S6.npz,47,4,1,S6,4.312047399605
C4/clip_05826_saturday_S6.npz,47,4,1,S6,4.2791310072416
C4/clip_05827_saturday_S6.npz,47,4,0,S6,4.2791310072416
C4/clip_05828_saturday_S6.npz,47,4,1,S6,4.2791310072416
C4/clip_05829_saturday_S6.npz,47,4,1,S6,4.29703236202497
C4/clip_05830_saturday_S6.npz,47,4,1,S6,3.99503138953234
C4/clip_05831_saturday_S6.npz,47,4,1,S6,4.22989123136833
C4/clip_05832_saturday_S6.npz,47,4,1,S6,4.02860308188135
C4/clip_05833_saturday_S6.npz,47,4,1,S6,4.23003323597542
C4/clip_05834_saturday_S7.npz,47,4,1,S7,4.3114973262032
C4/clip_05835_saturday_S7.npz,47,4,1,S7,4.27807486631016
C4/clip_05836_saturday_S7.npz,47,4,1,S7,4.27807486631016
C4/clip_05837_saturday_S7.npz,47,4,1,S7,4.27807486631016
C4/clip_05838_saturday_S7.npz,47,4,1,S7,4.27807486631016
C4/clip_05839_saturday_S7.npz,47,4,1,S7,4.27807486631016
C4/clip_05840_saturday_S7.npz,47,4,1,S7,4.24465240641711
C4/clip_05841_saturday_S7.npz,47,4,1,S7,4.27811089402412
C4/clip_05842_saturday_S7.npz,47,4,1,S7,4.27807486631016
C4/clip_05843_saturday_S7.npz,47,4,1,S7,4.27807486631016
C4/clip_05844_saturday_S7.npz,47,4,1,S7,4.27807486631016
C4/clip_05845_saturday_S7.npz,47,4,1,S7,4.27807486631016
C4/clip_05846_saturday_S7.npz,47,4,1,S7,4.24465240641711
C4/clip_05847_saturday_S7.npz,47,4,1,S7,4.27807486631016
C4/clip_05848_saturday_S7.npz,47,4,1,S7,4.27807486631016
C4/clip_05849_saturday_S7.npz,47,4,1,S7,4.27807486631016
C4/clip_05850_saturday_S7.npz,47,4,1,S7,4.3114973262032
C4/clip_05851_saturday_S7.npz,47,4,1,S7,4.27807486631016
C4/clip_05852_saturday_S7.npz,47,4,1,S7,4.24465240641711
C4/clip_05853_saturday_S7.npz,47,4,1,S7,4.27807486631016
C4/clip_05854_saturday_S7.npz,47,4,1,S7,4.23276896413811
C4/clip_05855_saturday_S7.npz,47,4,1,S7,4.26609785361951
C4/clip_05856_saturday_S7.npz,47,4,1,S7,4.26595567405432
C4/clip_05857_saturday_S7.npz,47,4,0,S7,4.16597233794367
C4/clip_05858_saturday_S7.npz,47,4,1,S7,4.26595567405432
C4/clip_05859_sunday_S0.npz,48,4,1,S0,4.05
C4/clip_05860_sunday_S0.npz,48,4,1,S0,4.05
C4/clip_05861_sunday_S0.npz,48,4,1,S0,4.05
C4/clip_05862_sunday_S0.npz,48,4,1,S0,4.05
C4/clip_05863_sunday_S0.npz,48,4,1,S0,4.05
C4/clip_05864_sunday_S1.npz,48,4,1,S1,4.05
C4/clip_05865_sunday_S1.npz,48,4,1,S1,4.05
C4/clip_05866_sunday_S1.npz,48,4,1,S1,4.05
C4/clip_05867_sunday_S1.npz,48,4,1,S1,4.05
C4/clip_05868_sunday_S1.npz,48,4,1,S1,4.05
C4/clip_05869_sunday_S2.npz,48,4,1,S2,4.05
C4/clip_05870_sunday_S2.npz,48,4,1,S2,4.05
C4/clip_05871_sunday_S2.npz,48,4,1,S2,4.05
C4/clip_05872_sunday_S2.npz,48,4,1,S2,4.05
C4/clip_05873_sunday_S2.npz,48,4,0,S2,4.05
C4/clip_05874_sunday_S3.npz,48,4,1,S3,4.05
C4/clip_05875_sunday_S3.npz,48,4,1,S3,4.05
C4/clip_05876_sunday_S3.npz,48,4,1,S3,4.05
C4/clip_05877_sunday_S3.npz,48,4,1,S3,4.05
C4/clip_05878_sunday_S3.npz,48,4,1,S3,4.05
C4/clip_05879_sunday_S4.npz,48,4,1,S4,4.4650350824185
C4/clip_05880_sunday_S4.npz,48,4,1,S4,4.43146339006949
C4/clip_05881_sunday_S4.npz,48,4,1,S4,4.29717662067344
C4/clip_05882_sunday_S4.npz,48,4,1,S4,4.59932185181455
C4/clip_05883_sunday_S4.npz,48,4,1,S4,4.73344971129313
C4/clip_05884_sunday_S4.npz,48,4,1,S4,4.13264455924012
C4/clip_05885_sunday_S4.npz,48,4,1,S4,4.49940007998933
C4/clip_05886_sunday_S4.npz,48,4,1,S4,4.16611118517531
C4/clip_05887_sunday_S4.npz,48,4,1,S4,4.23262789535077
C4/clip_05888_sunday_S4.npz,48,4,1,S4,4.16597233794367
C4/clip_05889_sunday_S4.npz,48,4,1,S4,4.29928345275787
C4/clip_05890_sunday_S4.npz,48,4,1,S4,4.43259456757207
C4/clip_05891_sunday_S4.npz,48,4,1,S4,4.23276896413811
C4/clip_05892_sunday_S4.npz,48,4,1,S4,4.39926678886852
C4/clip_05893_sunday_S4.npz,48,4,1,S4,4.26609785361951
C4/clip_05894_sunday_S4.npz,48,4,1,S4,4.13264455924012
C4/clip_05895_sunday_S4.npz,48,4,1,S4,4.23262789535077
C4/clip_05896_sunday_S4.npz,48,4,1,S4,4.19930011664722
C4/clip_05897_sunday_S4.npz,48,4,1,S4,4.19930011664722
C4/clip_05898_sunday_S4.npz,48,4,1,S4,4.13264455924012
C4/clip_05899_sunday_S4.npz,48,4,1,S4,4.2329100423291
C4/clip_05900_sunday_S4.npz,48,4,1,S4,4.36593901016497
C4/clip_05901_sunday_S4.npz,48,4,1,S4,4.33261123146142
C4/clip_05902_sunday_S4.npz,48,4,1,S4,4.23262789535077
C4/clip_05903_sunday_S4.npz,48,4,1,S4,4.19930011664722
C4/clip_05904_sunday_S5.npz,48,4,1,S5,4.312047399605
C4/clip_05905_sunday_S5.npz,48,4,1,S5,4.2791310072416
C4/clip_05906_sunday_S5.npz,48,4,1,S5,4.2791310072416
C4/clip_05907_sunday_S5.npz,48,4,1,S5,4.27903273957607
C4/clip_05908_sunday_S5.npz,48,4,1,S5,4.312047399605
C4/clip_05909_sunday_S5.npz,48,4,1,S5,4.2791310072416
C4/clip_05910_sunday_S5.npz,48,4,1,S5,4.2791310072416
C4/clip_05911_sunday_S5.npz,48,4,1,S5,4.2791310072416
C4/clip_05912_sunday_S5.npz,48,4,1,S5,4.24621461487821
C4/clip_05913_sunday_S5.npz,48,4,1,S5,4.312047399605
C4/clip_05914_sunday_S5.npz,48,4,1,S5,4.2791310072416
C4/clip_05915_sunday_S5.npz,48,4,1,S5,4.2791310072416
C4/clip_05916_sunday_S5.npz,48,4,1,S5,4.312047399605
C4/clip_05917_sunday_S5.npz,48,4,1,S5,4.2791310072416
C4/clip_05918_sunday_S5.npz,48,4,1,S5,4.27907598702905
C4/clip_05919_sunday_S5.npz,48,4,1,S5,4.2791310072416
C4/clip_05920_sunday_S5.npz,48,4,1,S5,4.2791310072416
C4/clip_05921_sunday_S5.npz,48,4,1,S5,4.2791310072416
C4/clip_05922_sunday_S5.npz,48,4,1,S5,4.27903273957607
C4/clip_05923_sunday_S5.npz,48,4,1,S5,4.2791310072416
C4/clip_05924_sunday_S5.npz,48,4,0,S5,4.1628898512774
C4/clip_05925_sunday_S5.npz,48,4,0,S5,4.09574646657938
C4/clip_05926_sunday_S5.npz,48,4,0,S5,4.1628898512774
C4/clip_05927_sunday_S5.npz,48,4,0,S5,4.12959543394326
C4/clip_05928_sunday_S5.npz,48,4,1,S5,4.12931815892839
C4/clip_05929_sunday_S5.npz,48,4,0,S5,4.29717662067344
C4/clip_05930_sunday_S6.npz,48,4,1,S6,4.2791310072416
C4/clip_05931_sunday_S6.npz,48,4,1,S6,4.2791310072416
C4/clip_05932_sunday_S6.npz,48,4,1,S6,4.2791310072416
C4/clip_05933_sunday_S6.npz,48,4,1,S6,4.2791310072416
C4/clip_05934_sunday_S6.npz,48,4,1,S6,4.2791310072416
C4/clip_05935_sunday_S6.npz,48,4,1,S6,4.2791310072416
C4/clip_05936_sunday_S6.npz,48,4,1,S6,4.24621461487821
C4/clip_05937_sunday_S6.npz,48,4,1,S6,4.2791310072416
C4/clip_05938_sunday_S6.npz,48,4,1,S6,4.2791310072416
C4/clip_05939_sunday_S6.npz,48,4,1,S6,4.2791310072416
C4/clip_05940_sunday_S6.npz,48,4,1,S6,4.2791310072416
C4/clip_05941_sunday_S6.npz,48,4,1,S6,4.24621461487821
C4/clip_05942_sunday_S6.npz,48,4,1,S6,4.2791310072416
C4/clip_05943_sunday_S6.npz,48,4,1,S6,4.2791310072416
C4/clip_05944_sunday_S6.npz,48,4,1,S6,4.2791310072416
C4/clip_05945_sunday_S6.npz,48,4,1,S6,4.2791310072416
C4/clip_05946_sunday_S6.npz,48,4,1,S6,4.2791310072416
C4/clip_05947_sunday_S6.npz,48,4,1,S6,4.2791310072416
C4/clip_05948_sunday_S6.npz,48,4,1,S6,4.2791310072416
C4/clip_05949_sunday_S6.npz,48,4,1,S6,4.2791310072416
C4/clip_05950_sunday_S6.npz,48,4,1,S6,4.26346179669665
C4/clip_05951_sunday_S6.npz,48,4,1,S6,4.26389122041295
C4/clip_05952_sunday_S6.npz,48,4,1,S6,4.19646154362641
C4/clip_05953_sunday_S6.npz,48,4,1,S6,4.1628898512774
C4/clip_05954_sunday_S6.npz,48,4,1,S6,4.26346179669665
C4/clip_05955_sunday_S7.npz,48,4,1,S7,4.3114973262032
C4/clip_05956_sunday_S7.npz,48,4,1,S7,4.27807486631016
C4/clip_05957_sunday_S7.npz,48,4,1,S7,4.27807486631016
C4/clip_05958_sunday_S7.npz,48,4,1,S7,4.3114973262032
C4/clip_05959_sunday_S7.npz,48,4,1,S7,4.27807486631016
C4/clip_05960_sunday_S7.npz,48,4,1,S7,4.27807486631016
C4/clip_05961_sunday_S7.npz,48,4,1,S7,4.27807486631016
C4/clip_05962_sunday_S7.npz,48,4,1,S7,4.3114973262032
C4/clip_05963_sunday_S7.npz,48,4,1,S7,4.27807486631016
C4/clip_05964_sunday_S7.npz,48,4,1,S7,4.3114973262032
C4/clip_05965_sunday_S7.npz,48,4,1,S7,4.3114973262032
C4/clip_05966_sunday_S7.npz,48,4,1,S7,4.27807486631016
C4/clip_05967_sunday_S7.npz,48,4,1,S7,4.27811089402412
C4/clip_05968_sunday_S7.npz,48,4,1,S7,4.27807486631016
C4/clip_05969_sunday_S7.npz,48,4,1,S7,4.27807486631016
C4/clip_05970_sunday_S7.npz,48,4,1,S7,4.24465240641711
C4/clip_05971_sunday_S7.npz,48,4,1,S7,4.27807486631016
C4/clip_05972_sunday_S7.npz,48,4,1,S7,4.24465240641711
C4/clip_05973_sunday_S7.npz,48,4,1,S7,4.27807486631016
C4/clip_05974_sunday_S7.npz,48,4,1,S7,4.27807486631016
C4/clip_05975_sunday_S7.npz,48,4,1,S7,4.26609785361951
C4/clip_05976_sunday_S7.npz,48,4,1,S7,4.33275563258232
C4/clip_05977_sunday_S7.npz,48,4,1,S7,4.29928345275787
C4/clip_05978_sunday_S7.npz,48,4,1,S7,4.46592234627562
C4/clip_05979_sunday_S7.npz,48,4,1,S7,4.19930011664722
C4/clip_05980_sunday_S7.npz,48,4,1,S7,4.06598900183302
C4/clip_05981_today_S0.npz,49,4,0,S0,4.05
C4/clip_05982_today_S0.npz,49,4,0,S0,4.05
C4/clip_05983_today_S0.npz,49,4,0,S0,4.05
C4/clip_05984_today_S0.npz,49,4,0,S0,4.05
C4/clip_05985_today_S0.npz,49,4,0,S0,4.05
C4/clip_05986_today_S1.npz,49,4,0,S1,4.05
C4/clip_05987_today_S1.npz,49,4,0,S1,4.05
C4/clip_05988_today_S1.npz,49,4,0,S1,4.05
C4/clip_05989_today_S1.npz,49,4,0,S1,4.05
C4/clip_05990_today_S1.npz,49,4,0,S1,4.05
C4/clip_05991_today_S2.npz,49,4,0,S2,4.05
C4/clip_05992_today_S2.npz,49,4,0,S2,4.05
C4/clip_05993_today_S2.npz,49,4,0,S2,4.05
C4/clip_05994_today_S2.npz,49,4,0,S2,4.05
C4/clip_05995_today_S2.npz,49,4,0,S2,4.05
C4/clip_05996_today_S3.npz,49,4,0,S3,4.05
C4/clip_05997_today_S3.npz,49,4,0,S3,4.05
C4/clip_05998_today_S3.npz,49,4,0,S3,4.05
C4/clip_05999_today_S3.npz,49,4,0,S3,4.05
C4/clip_06000_today_S3.npz,49,4,0,S3,4.05
C4/clip_06001_today_S4.npz,49,4,0,S4,3.99529964747356
C4/clip_06002_today_S4.npz,49,4,1,S4,3.99516551399986
C4/clip_06003_today_S4.npz,49,4,0,S4,4.43146339006949
C4/clip_06004_today_S4.npz,49,4,1,S4,4.09574646657938
C4/clip_06005_today_S4.npz,49,4,0,S4,4.19660243067212
C4/clip_06006_today_S4.npz,49,4,1,S4,4.19930011664722
C4/clip_06007_today_S4.npz,49,4,0,S4,4.0994534062125
C4/clip_06008_today_S4.npz,49,4,1,S4,4.23262789535077
C4/clip_06009_today_S4.npz,49,4,0,S4,4.16611118517531
C4/clip_06010_today_S4.npz,49,4,1,S4,4.29928345275787
C4/clip_06011_today_S4.npz,49,4,1,S4,4.19930011664722
C4/clip_06012_today_S4.npz,49,4,0,S4,4.53257790368272
C4/clip_06013_today_S4.npz,49,4,1,S4,4.16611118517531
C4/clip_06014_today_S4.npz,49,4,1,S4,4.23248683596614
C4/clip_06015_today_S4.npz,49,4,1,S4,4.19930011664722
C4/clip_06016_today_S4.npz,49,4,1,S4,4.13264455924012
C4/clip_06017_today_S4.npz,49,4,1,S4,4.26595567405432
C4/clip_06018_today_S4.npz,49,4,1,S4,4.19930011664722
C4/clip_06019_today_S4.npz,49,4,1,S4,4.23262789535077
C4/clip_06020_today_S4.npz,49,4,1,S4,4.29942674310092
C4/clip_06021_today_S4.npz,49,4,1,S4,4.19930011664722
C4/clip_06022_today_S4.npz,49,4,1,S4,4.19930011664722
C4/clip_06023_today_S4.npz,49,4,1,S4,4.23262789535077
C4/clip_06024_today_S4.npz,49,4,1,S4,4.16597233794367
C4/clip_06025_today_S4.npz,49,4,1,S4,4.19930011664722
C4/clip_06026_today_S5.npz,49,4,0,S5,4.2791310072416
C4/clip_06027_today_S5.npz,49,4,0,S5,4.2791310072416
C4/clip_06028_today_S5.npz,49,4,0,S5,4.27903273957607
C4/clip_06029_today_S5.npz,49,4,0,S5,4.312047399605
C4/clip_06030_today_S5.npz,49,4,0,S5,4.2791310072416
C4/clip_06031_today_S5.npz,49,4,0,S5,4.2791310072416
C4/clip_06032_today_S5.npz,49,4,0,S5,4.2791310072416
C4/clip_06033_today_S5.npz,49,4,0,S5,4.2791310072416
C4/clip_06034_today_S5.npz,49,4,0,S5,4.24621461487821
C4/clip_06035_today_S5.npz,49,4,0,S5,4.27903273957607
C4/clip_06036_today_S5.npz,49,4,0,S5,4.2791310072416
C4/clip_06037_today_S5.npz,49,4,0,S5,4.2791310072416
C4/clip_06038_today_S5.npz,49,4,0,S5,4.2791310072416
C4/clip_06039_today_S5.npz,49,4,1,S5,4.31191747653321
C4/clip_06040_today_S5.npz,49,4,0,S5,4.2791310072416
C4/clip_06041_today_S5.npz,49,4,0,S5,4.2791310072416
C4/clip_06042_today_S5.npz,49,4,0,S5,4.2791310072416
C4/clip_06043_today_S5.npz,49,4,0,S5,4.2791310072416
C4/clip_06044_today_S5.npz,49,4,0,S5,4.27903273957607
C4/clip_06045_today_S5.npz,49,4,0,S5,4.312047399605
C4/clip_06046_today_S5.npz,49,4,0,S5,4.06244754070841
C4/clip_06047_today_S5.npz,49,4,0,S5,4.06217477423036
C4/clip_06048_today_S5.npz,49,4,0,S5,4.1628898512774
C4/clip_06049_today_S5.npz,49,4,0,S5,4.06244754070841
C4/clip_06050_today_S5.npz,49,4,0,S5,4.02860308188135
C4/clip_06051_today_S6.npz,49,4,0,S6,4.2791310072416
C4/clip_06052_today_S6.npz,49,4,0,S6,4.2791310072416
C4/clip_06053_today_S6.npz,49,4,0,S6,4.2791310072416
C4/clip_06054_today_S6.npz,49,4,0,S6,4.2791310072416
C4/clip_06055_today_S6.npz,49,4,0,S6,4.24621461487821
C4/clip_06056_today_S6.npz,49,4,0,S6,4.2791310072416
C4/clip_06057_today_S6.npz,49,4,0,S6,4.2791310072416
C4/clip_06058_today_S6.npz,49,4,0,S6,4.2791310072416
C4/clip_06059_today_S6.npz,49,4,0,S6,4.2791310072416
C4/clip_06060_today_S6.npz,49,4,0,S6,4.2791310072416
C4/clip_06061_today_S6.npz,49,4,0,S6,4.2791310072416
C4/clip_06062_today_S6.npz,49,4,0,S6,4.2791310072416
C4/clip_06063_today_S6.npz,49,4,0,S6,4.27897574123989
C4/clip_06064_today_S6.npz,49,4,0,S6,4.2791310072416
C4/clip_06065_today_S6.npz,49,4,0,S6,4.2791310072416
C4/clip_06066_today_S6.npz,49,4,0,S6,4.24621461487821
C4/clip_06067_today_S6.npz,49,4,0,S6,4.2791310072416
C4/clip_06068_today_S6.npz,49,4,0,S6,4.24621461487821
C4/clip_06069_today_S6.npz,49,4,0,S6,4.2791310072416
C4/clip_06070_today_S6.npz,49,4,0,S6,4.2791310072416
C4/clip_06071_today_S6.npz,49,4,0,S6,3.96145969718333
C4/clip_06072_today_S6.npz,49,4,0,S6,3.96132670874177
C4/clip_06073_today_S6.npz,49,4,0,S6,4.09574646657938
C4/clip_06074_today_S6.npz,49,4,0,S6,4.02846783939841
C4/clip_06075_today_S6.npz,49,4,0,S6,3.99503138953234
C4/clip_06076_today_S7.npz,49,4,1,S7,4.27807486631016
C4/clip_06077_today_S7.npz,49,4,0,S7,4.27807486631016
C4/clip_06078_today_S7.npz,49,4,1,S7,4.27811089402412
C4/clip_06079_today_S7.npz,49,4,0,S7,4.27807486631016
C4/clip_06080_today_S7.npz,49,4,0,S7,4.3114973262032
C4/clip_06081_today_S7.npz,49,4,0,S7,4.27807486631016
C4/clip_06082_today_S7.npz,49,4,0,S7,4.24465240641711
C4/clip_06083_today_S7.npz,49,4,0,S7,4.27807486631016
C4/clip_06084_today_S7.npz,49,4,0,S7,4.3114973262032
C4/clip_06085_today_S7.npz,49,4,0,S7,4.27807486631016
C4/clip_06086_today_S7.npz,49,4,0,S7,4.27807486631016
C4/clip_06087_today_S7.npz,49,4,0,S7,4.27807486631016
C4/clip_06088_today_S7.npz,49,4,0,S7,4.27807486631016
C4/clip_06089_today_S7.npz,49,4,0,S7,4.27807486631016
C4/clip_06090_today_S7.npz,49,4,0,S7,4.27807486631016
C4/clip_06091_today_S7.npz,49,4,0,S7,4.27807486631016
C4/clip_06092_today_S7.npz,49,4,0,S7,4.27807486631016
C4/clip_06093_today_S7.npz,49,4,0,S7,4.27807486631016
C4/clip_06094_today_S7.npz,49,4,0,S7,4.27807486631016
C4/clip_06095_today_S7.npz,49,4,0,S7,4.27807486631016
C4/clip_06096_today_S7.npz,49,4,1,S7,4.16611118517531
C4/clip_06097_today_S7.npz,49,4,1,S7,4.39926678886852
C4/clip_06098_today_S7.npz,49,4,1,S7,4.39926678886852
C4/clip_06099_today_S7.npz,49,4,0,S7,4.29942674310092
C4/clip_06100_tomorrow_S0.npz,50,4,1,S0,4.05
C4/clip_06101_tomorrow_S0.npz,50,4,1,S0,4.05
C4/clip_06102_tomorrow_S0.npz,50,4,1,S0,4.05
C4/clip_06103_tomorrow_S0.npz,50,4,1,S0,4.05
C4/clip_06104_tomorrow_S0.npz,50,4,1,S0,4.05
C4/clip_06105_tomorrow_S1.npz,50,4,1,S1,4.05
C4/clip_06106_tomorrow_S1.npz,50,4,1,S1,4.05
C4/clip_06107_tomorrow_S1.npz,50,4,1,S1,4.05
C4/clip_06108_tomorrow_S1.npz,50,4,1,S1,4.05
C4/clip_06109_tomorrow_S1.npz,50,4,1,S1,4.05
C4/clip_06110_tomorrow_S2.npz,50,4,1,S2,4.05
C4/clip_06111_tomorrow_S2.npz,50,4,1,S2,4.05
C4/clip_06112_tomorrow_S2.npz,50,4,1,S2,4.05
C4/clip_06113_tomorrow_S2.npz,50,4,1,S2,4.05
C4/clip_06114_tomorrow_S2.npz,50,4,1,S2,4.05
C4/clip_06115_tomorrow_S2.npz,50,4,1,S2,4.05
C4/clip_06116_tomorrow_S3.npz,50,4,1,S3,4.05
C4/clip_06117_tomorrow_S3.npz,50,4,1,S3,4.05
C4/clip_06118_tomorrow_S3.npz,50,4,1,S3,4.05
C4/clip_06119_tomorrow_S3.npz,50,4,1,S3,4.05
C4/clip_06120_tomorrow_S3.npz,50,4,1,S3,4.03333333333333
C4/clip_06121_tomorrow_S4.npz,50,4,1,S4,4.29717662067344
C4/clip_06122_tomorrow_S4.npz,50,4,1,S4,3.39062709816033
C4/clip_06123_tomorrow_S4.npz,50,4,1,S4,4.43146339006949
C4/clip_06124_tomorrow_S4.npz,50,4,1,S4,4.26346179669665
C4/clip_06125_tomorrow_S4.npz,50,4,1,S4,4.36417349268161
C4/clip_06126_tomorrow_S4.npz,50,4,1,S4,4.19930011664722
C4/clip_06127_tomorrow_S4.npz,50,4,1,S4,4.26595567405432
C4/clip_06128_tomorrow_S4.npz,50,4,1,S4,4.09931678053657
C4/clip_06129_tomorrow_S4.npz,50,4,1,S4,4.1662500416625
C4/clip_06130_tomorrow_S4.npz,50,4,1,S4,4.16597233794367
C4/clip_06131_tomorrow_S4.npz,50,4,1,S4,4.23262789535077
C4/clip_06132_tomorrow_S4.npz,50,4,1,S4,4.39926678886852
C4/clip_06133_tomorrow_S4.npz,50,4,1,S4,4.19944007465671
C4/clip_06134_tomorrow_S4.npz,50,4,1,S4,4.13264455924012
C4/clip_06135_tomorrow_S4.npz,50,4,1,S4,4.23262789535077
C4/clip_06136_tomorrow_S4.npz,50,4,1,S4,4.16611118517531
C4/clip_06137_tomorrow_S4.npz,50,4,1,S4,4.19930011664722
C4/clip_06138_tomorrow_S4.npz,50,4,1,S4,4.23262789535077
C4/clip_06139_tomorrow_S4.npz,50,4,1,S4,4.23262789535077
C4/clip_06140_tomorrow_S4.npz,50,4,1,S4,4.93267564324756
C4/clip_06141_tomorrow_S4.npz,50,4,1,S4,4.23276896413811
C4/clip_06142_tomorrow_S4.npz,50,4,1,S4,4.06598900183302
C4/clip_06143_tomorrow_S4.npz,50,4,1,S4,4.19930011664722
C4/clip_06144_tomorrow_S4.npz,50,4,1,S4,4.16597233794367
C4/clip_06145_tomorrow_S4.npz,50,4,1,S4,4.26609785361951
C4/clip_06146_tomorrow_S5.npz,50,4,1,S5,4.2791310072416
C4/clip_06147_tomorrow_S5.npz,50,4,1,S5,4.2791310072416
C4/clip_06148_tomorrow_S5.npz,50,4,1,S5,4.2791310072416
C4/clip_06149_tomorrow_S5.npz,50,4,1,S5,4.21329822251481
C4/clip_06150_tomorrow_S5.npz,50,4,1,S5,4.27903273957607
C4/clip_06151_tomorrow_S5.npz,50,4,1,S5,4.24621461487821
C4/clip_06152_tomorrow_S5.npz,50,4,1,S5,4.2791310072416
C4/clip_06153_tomorrow_S5.npz,50,4,1,S5,4.2791310072416
C4/clip_06154_tomorrow_S5.npz,50,4,1,S5,4.2791310072416
C4/clip_06155_tomorrow_S5.npz,50,4,1,S5,4.2791310072416
C4/clip_06156_tomorrow_S5.npz,50,4,1,S5,4.2791310072416
C4/clip_06157_tomorrow_S5.npz,50,4,1,S5,4.2791310072416
C4/clip_06158_tomorrow_S5.npz,50,4,1,S5,4.2791310072416
C4/clip_06159_tomorrow_S5.npz,50,4,1,S5,4.24621461487821
C4/clip_06160_tomorrow_S5.npz,50,4,1,S5,4.312047399605
C4/clip_06161_tomorrow_S5.npz,50,4,1,S5,4.24621461487821
C4/clip_06162_tomorrow_S5.npz,50,4,1,S5,4.2791310072416
C4/clip_06163_tomorrow_S5.npz,50,4,1,S5,4.2791310072416
C4/clip_06164_tomorrow_S5.npz,50,4,1,S5,4.24621461487821
C4/clip_06165_tomorrow_S5.npz,50,4,1,S5,4.2791310072416
C4/clip_06166_tomorrow_S5.npz,50,4,0,S5,4.19646154362641
C4/clip_06167_tomorrow_S5.npz,50,4,1,S5,3.62562105545857
C4/clip_06168_tomorrow_S5.npz,50,4,1,S5,4.12945679178137
C4/clip_06169_tomorrow_S5.npz,50,4,1,S5,4.16285917352015
C4/clip_06170_tomorrow_S5.npz,50,4,1,S5,4.1628898512774
C4/clip_06171_tomorrow_S6.npz,50,4,0,S6,4.312047399605
C4/clip_06172_tomorrow_S6.npz,50,4,0,S6,4.2791310072416
C4/clip_06173_tomorrow_S6.npz,50,4,0,S6,4.2791310072416
C4/clip_06174_tomorrow_S6.npz,50,4,0,S6,4.2791310072416
C4/clip_06175_tomorrow_S6.npz,50,4,0,S6,4.2791310072416
C4/clip_06176_tomorrow_S6.npz,50,4,1,S6,4.2791310072416
C4/clip_06177_tomorrow_S6.npz,50,4,0,S6,4.2791310072416
C4/clip_06178_tomorrow_S6.npz,50,4,0,S6,4.312047399605
C4/clip_06179_tomorrow_S6.npz,50,4,0,S6,4.24621461487821
C4/clip_06180_tomorrow_S6.npz,50,4,0,S6,4.312047399605
C4/clip_06181_tomorrow_S6.npz,50,4,0,S6,4.24621461487821
C4/clip_06182_tomorrow_S6.npz,50,4,0,S6,4.2791310072416
C4/clip_06183_tomorrow_S6.npz,50,4,0,S6,4.2791310072416
C4/clip_06184_tomorrow_S6.npz,50,4,0,S6,4.2791310072416
C4/clip_06185_tomorrow_S6.npz,50,4,0,S6,4.24621461487821
C4/clip_06186_tomorrow_S6.npz,50,4,0,S6,4.2791310072416
C4/clip_06187_tomorrow_S6.npz,50,4,0,S6,4.312047399605
C4/clip_06188_tomorrow_S6.npz,50,4,0,S6,4.2791310072416
C4/clip_06189_tomorrow_S6.npz,50,4,0,S6,4.2791310072416
C4/clip_06190_tomorrow_S6.npz,50,4,0,S6,4.2791310072416
C4/clip_06191_tomorrow_S6.npz,50,4,1,S6,4.12917953538337
C4/clip_06192_tomorrow_S6.npz,50,4,0,S6,3.96145969718333
C4/clip_06193_tomorrow_S6.npz,50,4,0,S6,4.12931815892839
C4/clip_06194_tomorrow_S6.npz,50,4,0,S6,4.02860308188135
C4/clip_06195_tomorrow_S6.npz,50,4,0,S6,3.99503138953234
C4/clip_06196_tomorrow_S7.npz,50,4,1,S7,4.97994652406417
C4/clip_06197_tomorrow_S7.npz,50,4,1,S7,4.3114973262032
C4/clip_06198_tomorrow_S7.npz,50,4,1,S7,4.27807486631016
C4/clip_06199_tomorrow_S7.npz,50,4,1,S7,4.27807486631016
C4/clip_06200_tomorrow_S7.npz,50,4,1,S7,4.27807486631016
C4/clip_06201_tomorrow_S7.npz,50,4,1,S7,4.27807486631016
C4/clip_06202_tomorrow_S7.npz,50,4,1,S7,4.3114973262032
C4/clip_06203_tomorrow_S7.npz,50,4,1,S7,4.27807486631016
C4/clip_06204_tomorrow_S7.npz,50,4,1,S7,4.24465240641711
C4/clip_06205_tomorrow_S7.npz,50,4,1,S7,4.27807486631016
C4/clip_06206_tomorrow_S7.npz,50,4,1,S7,4.3114973262032
C4/clip_06207_tomorrow_S7.npz,50,4,1,S7,4.27807486631016
C4/clip_06208_tomorrow_S7.npz,50,4,1,S7,4.24465240641711
C4/clip_06209_tomorrow_S7.npz,50,4,1,S7,4.24465240641711
C4/clip_06210_tomorrow_S7.npz,50,4,1,S7,4.3114973262032
C4/clip_06211_tomorrow_S7.npz,50,4,1,S7,4.27807486631016
C4/clip_06212_tomorrow_S7.npz,50,4,1,S7,4.27807486631016
C4/clip_06213_tomorrow_S7.npz,50,4,1,S7,4.27807486631016
C4/clip_06214_tomorrow_S7.npz,50,4,1,S7,4.27807486631016
C4/clip_06215_tomorrow_S7.npz,50,4,1,S7,4.27807486631016
C4/clip_06216_tomorrow_S7.npz,50,4,1,S7,4.3114973262032
C4/clip_06217_tomorrow_S7.npz,50,4,1,S7,3.96600566572238
C4/clip_06218_tomorrow_S7.npz,50,4,1,S7,4.06585349596747
C4/clip_06219_tomorrow_S7.npz,50,4,1,S7,4.39922090133655
C4/clip_06220_tomorrow_S7.npz,50,4,1,S7,4.26609785361951
C4/clip_06221_tomorrow_S7.npz,50,4,1,S7,4.43274230102652
C4/clip_06222_yesterday_S0.npz,51,4,1,S0,4.05
C4/clip_06223_yesterday_S0.npz,51,4,1,S0,4.05
C4/clip_06224_yesterday_S0.npz,51,4,1,S0,4.05
C4/clip_06225_yesterday_S0.npz,51,4,1,S0,4.05
C4/clip_06226_yesterday_S0.npz,51,4,1,S0,4.05
C4/clip_06227_yesterday_S1.npz,51,4,1,S1,4.05
C4/clip_06228_yesterday_S1.npz,51,4,1,S1,4.05
C4/clip_06229_yesterday_S1.npz,51,4,1,S1,4.05
C4/clip_06230_yesterday_S1.npz,51,4,1,S1,4.03333333333333
C4/clip_06231_yesterday_S1.npz,51,4,1,S1,4.03333333333333
C4/clip_06232_yesterday_S2.npz,51,4,1,S2,4.05
C4/clip_06233_yesterday_S2.npz,51,4,0,S2,4.05
C4/clip_06234_yesterday_S2.npz,51,4,0,S2,4.05
C4/clip_06235_yesterday_S2.npz,51,4,0,S2,4.05
C4/clip_06236_yesterday_S2.npz,51,4,0,S2,4.05
C4/clip_06237_yesterday_S3.npz,51,4,1,S3,4.03333333333333
C4/clip_06238_yesterday_S3.npz,51,4,1,S3,4.03333333333333
C4/clip_06239_yesterday_S3.npz,51,4,1,S3,4.03333333333333
C4/clip_06240_yesterday_S3.npz,51,4,1,S3,4.03333333333333
C4/clip_06241_yesterday_S3.npz,51,4,1,S3,4.03333333333333
C4/clip_06242_yesterday_S4.npz,51,4,1,S4,4.33074831302245
C4/clip_06243_yesterday_S4.npz,51,4,1,S4,4.33060292735329
C4/clip_06244_yesterday_S4.npz,51,4,1,S4,4.39789169772048
C4/clip_06245_yesterday_S4.npz,51,4,1,S4,4.39818700688265
C4/clip_06246_yesterday_S4.npz,51,4,1,S4,4.56575015946553
C4/clip_06247_yesterday_S4.npz,51,4,1,S4,4.19930011664722
C4/clip_06248_yesterday_S4.npz,51,4,1,S4,3.69950673243567
C4/clip_06249_yesterday_S4.npz,51,4,1,S4,4.23276896413811
C4/clip_06250_yesterday_S4.npz,51,4,1,S4,4.23262789535077
C4/clip_06251_yesterday_S4.npz,51,4,1,S4,4.16597233794367
C4/clip_06252_yesterday_S4.npz,51,4,1,S4,4.16597233794367
C4/clip_06253_yesterday_S4.npz,51,4,1,S4,4.16597233794367
C4/clip_06254_yesterday_S4.npz,51,4,1,S4,4.13264455924012
C4/clip_06255_yesterday_S4.npz,51,4,1,S4,4.13264455924012
C4/clip_06256_yesterday_S4.npz,51,4,1,S4,4.19930011664722
C4/clip_06257_yesterday_S4.npz,51,4,1,S4,4.26595567405432
C4/clip_06258_yesterday_S4.npz,51,4,1,S4,4.26595567405432
C4/clip_06259_yesterday_S4.npz,51,4,1,S4,4.19930011664722
C4/clip_06260_yesterday_S4.npz,51,4,1,S4,4.13264455924012
C4/clip_06261_yesterday_S4.npz,51,4,1,S4,4.16597233794367
C4/clip_06262_yesterday_S4.npz,51,4,1,S4,4.19944007465671
C4/clip_06263_yesterday_S4.npz,51,4,1,S4,4.16597233794367
C4/clip_06264_yesterday_S4.npz,51,4,1,S4,4.19930011664722
C4/clip_06265_yesterday_S4.npz,51,4,1,S4,4.13264455924012
C4/clip_06266_yesterday_S4.npz,51,4,1,S4,4.16597233794367
C4/clip_06267_yesterday_S5.npz,51,4,1,S5,4.24614363907779
C4/clip_06268_yesterday_S5.npz,51,4,1,S5,4.2791310072416
C4/clip_06269_yesterday_S5.npz,51,4,1,S5,4.2791310072416
C4/clip_06270_yesterday_S5.npz,51,4,1,S5,4.2791310072416
C4/clip_06271_yesterday_S5.npz,51,4,1,S5,4.24621461487821
C4/clip_06272_yesterday_S5.npz,51,4,0,S5,4.312047399605
C4/clip_06273_yesterday_S5.npz,51,4,1,S5,4.27903273957607
C4/clip_06274_yesterday_S5.npz,51,4,1,S5,4.2791310072416
C4/clip_06275_yesterday_S5.npz,51,4,1,S5,4.2791310072416
C4/clip_06276_yesterday_S5.npz,51,4,0,S5,4.2791310072416
C4/clip_06277_yesterday_S5.npz,51,4,0,S5,4.2791310072416
C4/clip_06278_yesterday_S5.npz,51,4,0,S5,4.312047399605
C4/clip_06279_yesterday_S5.npz,51,4,0,S5,4.2791310072416
C4/clip_06280_yesterday_S5.npz,51,4,0,S5,4.27903273957607
C4/clip_06281_yesterday_S5.npz,51,4,0,S5,4.312047399605
C4/clip_06282_yesterday_S5.npz,51,4,1,S5,4.31191747653321
C4/clip_06283_yesterday_S5.npz,51,4,0,S5,4.2791310072416
C4/clip_06284_yesterday_S5.npz,51,4,1,S5,4.2791310072416
C4/clip_06285_yesterday_S5.npz,51,4,1,S5,4.2791310072416
C4/clip_06286_yesterday_S5.npz,51,4,1,S5,4.2791310072416
C4/clip_06287_yesterday_S5.npz,51,4,1,S5,4.23003323597542
C4/clip_06288_yesterday_S5.npz,51,4,1,S5,4.12931815892839
C4/clip_06289_yesterday_S5.npz,51,4,1,S5,4.12931815892839
C4/clip_06290_yesterday_S5.npz,51,4,1,S5,4.06217477423036
C4/clip_06291_yesterday_S5.npz,51,4,1,S5,4.06217477423036
C4/clip_06292_yesterday_S6.npz,51,4,1,S6,4.2791310072416
C4/clip_06293_yesterday_S6.npz,51,4,1,S6,4.2791310072416
C4/clip_06294_yesterday_S6.npz,51,4,1,S6,4.21329822251481
C4/clip_06295_yesterday_S6.npz,51,4,1,S6,4.2791310072416
C4/clip_06296_yesterday_S6.npz,51,4,1,S6,4.24621461487821
C4/clip_06297_yesterday_S6.npz,51,4,1,S6,4.2791310072416
C4/clip_06298_yesterday_S6.npz,51,4,1,S6,4.2791310072416
C4/clip_06299_yesterday_S6.npz,51,4,1,S6,4.2791310072416
C4/clip_06300_yesterday_S6.npz,51,4,1,S6,4.2791310072416
C4/clip_06301_yesterday_S6.npz,51,4,1,S6,4.312047399605
C4/clip_06302_yesterday_S6.npz,51,4,1,S6,4.2791310072416
C4/clip_06303_yesterday_S6.npz,51,4,1,S6,4.2791310072416
C4/clip_06304_yesterday_S6.npz,51,4,1,S6,4.2791310072416
C4/clip_06305_yesterday_S6.npz,51,4,1,S6,4.312047399605
C4/clip_06306_yesterday_S6.npz,51,4,1,S6,4.24614363907779
C4/clip_06307_yesterday_S6.npz,51,4,1,S6,4.2791310072416
C4/clip_06308_yesterday_S6.npz,51,4,1,S6,4.2791310072416
C4/clip_06309_yesterday_S6.npz,51,4,1,S6,4.2791310072416
C4/clip_06310_yesterday_S6.npz,51,4,1,S6,4.2791310072416
C4/clip_06311_yesterday_S6.npz,51,4,1,S6,4.2791310072416
C4/clip_06312_yesterday_S6.npz,51,4,1,S6,4.29717662067344
C4/clip_06313_yesterday_S6.npz,51,4,1,S6,4.19646154362641
C4/clip_06314_yesterday_S6.npz,51,4,1,S6,4.12931815892839
C4/clip_06315_yesterday_S6.npz,51,4,1,S6,4.09588397233599
C4/clip_06316_yesterday_S6.npz,51,4,1,S6,4.06217477423036
C4/clip_06317_yesterday_S6.npz,51,4,1,S6,4.1628898512774
C4/clip_06318_yesterday_S7.npz,51,4,1,S7,4.27807486631016
C4/clip_06319_yesterday_S7.npz,51,4,1,S7,4.27807486631016
C4/clip_06320_yesterday_S7.npz,51,4,1,S7,4.27807486631016
C4/clip_06321_yesterday_S7.npz,51,4,1,S7,4.3114973262032
C4/clip_06322_yesterday_S7.npz,51,4,1,S7,4.27807486631016
C4/clip_06323_yesterday_S7.npz,51,4,1,S7,4.24465240641711
C4/clip_06324_yesterday_S7.npz,51,4,1,S7,4.24465240641711
C4/clip_06325_yesterday_S7.npz,51,4,1,S7,4.3114973262032
C4/clip_06326_yesterday_S7.npz,51,4,1,S7,4.27807486631016
C4/clip_06327_yesterday_S7.npz,51,4,1,S7,4.27807486631016
C4/clip_06328_yesterday_S7.npz,51,4,1,S7,4.24465240641711
C4/clip_06329_yesterday_S7.npz,51,4,1,S7,4.27807486631016
C4/clip_06330_yesterday_S7.npz,51,4,1,S7,4.27807486631016
C4/clip_06331_yesterday_S7.npz,51,4,1,S7,4.27807486631016
C4/clip_06332_yesterday_S7.npz,51,4,1,S7,4.3114973262032
C4/clip_06333_yesterday_S7.npz,51,4,1,S7,4.27807486631016
C4/clip_06334_yesterday_S7.npz,51,4,1,S7,4.24465240641711
C4/clip_06335_yesterday_S7.npz,51,4,1,S7,4.27807486631016
C4/clip_06336_yesterday_S7.npz,51,4,1,S7,4.27807486631016
C4/clip_06337_yesterday_S7.npz,51,4,1,S7,4.24465240641711
C4/clip_06338_yesterday_S7.npz,51,4,1,S7,3.96600566572238
C4/clip_06339_yesterday_S7.npz,51,4,1,S7,4.26595567405432
C4/clip_06340_yesterday_S7.npz,51,4,1,S7,4.33261123146142
C4/clip_06341_yesterday_S7.npz,51,4,1,S7,4.23276896413811
C4/clip_06342_yesterday_S7.npz,51,4,1,S7,4.43274230102652
C5/clip_06343_father_S0.npz,52,5,1,S0,4.08333333333333
C5/clip_06344_father_S0.npz,52,5,1,S0,4.08333333333333
C5/clip_06345_father_S0.npz,52,5,1,S0,4.06666666666666
C5/clip_06346_father_S0.npz,52,5,1,S0,4.06666666666666
C5/clip_06347_father_S0.npz,52,5,1,S0,4.06666666666666
C5/clip_06348_father_S1.npz,52,5,1,S1,4.06666666666666
C5/clip_06349_father_S1.npz,52,5,1,S1,4.06666666666666
C5/clip_06350_father_S1.npz,52,5,1,S1,4.06666666666666
C5/clip_06351_father_S1.npz,52,5,1,S1,4.06666666666666
C5/clip_06352_father_S1.npz,52,5,0,S1,4.06666666666666
C5/clip_06353_father_S2.npz,52,5,1,S2,4.08333333333333
C5/clip_06354_father_S2.npz,52,5,1,S2,4.06666666666666
C5/clip_06355_father_S2.npz,52,5,1,S2,4.06666666666666
C5/clip_06356_father_S2.npz,52,5,1,S2,4.06666666666666
C5/clip_06357_father_S2.npz,52,5,1,S2,4.06666666666666
C5/clip_06358_father_S3.npz,52,5,1,S3,4.08333333333333
C5/clip_06359_father_S3.npz,52,5,1,S3,4.08333333333333
C5/clip_06360_father_S3.npz,52,5,1,S3,4.06666666666666
C5/clip_06361_father_S3.npz,52,5,1,S3,4.06666666666666
C5/clip_06362_father_S3.npz,52,5,1,S3,4.06666666666666
C5/clip_06363_father_S4.npz,52,5,1,S4,4.16611118517531
C5/clip_06364_father_S4.npz,52,5,1,S4,4.23262789535077
C5/clip_06365_father_S4.npz,52,5,1,S4,4.23262789535077
C5/clip_06366_father_S4.npz,52,5,1,S4,4.0661245167311
C5/clip_06367_father_S4.npz,52,5,1,S4,4.19930011664722
C5/clip_06368_father_S4.npz,52,5,1,S4,4.39926678886852
C5/clip_06369_father_S4.npz,52,5,1,S4,4.26595567405432
C5/clip_06370_father_S4.npz,52,5,1,S4,4.19944007465671
C5/clip_06371_father_S4.npz,52,5,1,S4,4.19930011664722
C5/clip_06372_father_S4.npz,52,5,1,S4,4.13264455924012
C5/clip_06373_father_S4.npz,52,5,1,S4,4.16597233794367
C5/clip_06374_father_S4.npz,52,5,1,S4,4.26595567405432
C5/clip_06375_father_S4.npz,52,5,1,S4,4.33261123146142
C5/clip_06376_father_S4.npz,52,5,1,S4,4.19930011664722
C5/clip_06377_father_S4.npz,52,5,1,S4,4.33261123146142
C5/clip_06378_father_S4.npz,52,5,1,S4,4.23262789535077
C5/clip_06379_father_S4.npz,52,5,1,S4,4.26595567405432
C5/clip_06380_father_S4.npz,52,5,1,S4,4.16583349996667
C5/clip_06381_father_S4.npz,52,5,1,S4,4.23276896413811
C5/clip_06382_father_S4.npz,52,5,1,S4,4.23262789535077
C5/clip_06383_father_S4.npz,52,5,1,S4,4.23276896413811
C5/clip_06384_father_S4.npz,52,5,1,S4,4.19930011664722
C5/clip_06385_father_S4.npz,52,5,1,S4,4.19930011664722
C5/clip_06386_father_S4.npz,52,5,1,S4,4.13264455924012
C5/clip_06387_father_S4.npz,52,5,1,S4,4.33261123146142
C5/clip_06388_father_S5.npz,52,5,1,S5,4.2791310072416
C5/clip_06389_father_S5.npz,52,5,1,S5,4.27903273957607
C5/clip_06390_father_S5.npz,52,5,1,S5,4.2791310072416
C5/clip_06391_father_S5.npz,52,5,1,S5,4.27907598702905
C5/clip_06392_father_S5.npz,52,5,1,S5,4.27903273957607
C5/clip_06393_father_S5.npz,52,5,1,S5,4.312047399605
C5/clip_06394_father_S5.npz,52,5,1,S5,4.2791310072416
C5/clip_06395_father_S5.npz,52,5,1,S5,4.24621461487821
C5/clip_06396_father_S5.npz,52,5,1,S5,4.2791310072416
C5/clip_06397_father_S5.npz,52,5,1,S5,4.2791310072416
C5/clip_06398_father_S5.npz,52,5,1,S5,4.24621461487821
C5/clip_06399_father_S5.npz,52,5,1,S5,4.2791310072416
C5/clip_06400_father_S5.npz,52,5,1,S5,4.24621461487821
C5/clip_06401_father_S5.npz,52,5,1,S5,4.2791310072416
C5/clip_06402_father_S5.npz,52,5,1,S5,4.2791310072416
C5/clip_06403_father_S5.npz,52,5,1,S5,4.2791310072416
C5/clip_06404_father_S5.npz,52,5,1,S5,4.2791310072416
C5/clip_06405_father_S5.npz,52,5,1,S5,4.2791310072416
C5/clip_06406_father_S5.npz,52,5,1,S5,4.2791310072416
C5/clip_06407_father_S5.npz,52,5,1,S5,4.27903273957607
C5/clip_06408_father_S5.npz,52,5,1,S5,3.3996600339966
C5/clip_06409_father_S5.npz,52,5,1,S5,4.03266122312947
C5/clip_06410_father_S5.npz,52,5,1,S5,4.06598900183302
C5/clip_06411_father_S5.npz,52,5,1,S5,3.73271121479753
C5/clip_06412_father_S5.npz,52,5,1,S5,4.0994534062125
C5/clip_06413_father_S5.npz,52,5,1,S5,4.23276896413811
C5/clip_06414_father_S6.npz,52,5,1,S6,4.2791310072416
C5/clip_06415_father_S6.npz,52,5,1,S6,4.2791310072416
C5/clip_06416_father_S6.npz,52,5,1,S6,4.2791310072416
C5/clip_06417_father_S6.npz,52,5,1,S6,4.2791310072416
C5/clip_06418_father_S6.npz,52,5,1,S6,4.2791310072416
C5/clip_06419_father_S6.npz,52,5,1,S6,4.2791310072416
C5/clip_06420_father_S6.npz,52,5,1,S6,4.24621461487821
C5/clip_06421_father_S6.npz,52,5,1,S6,4.2791310072416
C5/clip_06422_father_S6.npz,52,5,1,S6,4.2791310072416
C5/clip_06423_father_S6.npz,52,5,1,S6,4.24621461487821
C5/clip_06424_father_S6.npz,52,5,1,S6,4.2791310072416
C5/clip_06425_father_S6.npz,52,5,1,S6,4.2791310072416
C5/clip_06426_father_S6.npz,52,5,1,S6,4.2791310072416
C5/clip_06427_father_S6.npz,52,5,1,S6,4.2791310072416
C5/clip_06428_father_S6.npz,52,5,1,S6,4.2791310072416
C5/clip_06429_father_S6.npz,52,5,1,S6,4.2791310072416
C5/clip_06430_father_S6.npz,52,5,1,S6,4.2791310072416
C5/clip_06431_father_S6.npz,52,5,1,S6,4.2791310072416
C5/clip_06432_father_S6.npz,52,5,1,S6,4.2791310072416
C5/clip_06433_father_S6.npz,52,5,1,S6,4.27907598702905
C5/clip_06434_father_S6.npz,52,5,1,S6,4.16597233794367
C5/clip_06435_father_S6.npz,52,5,1,S6,4.26595567405432
C5/clip_06436_father_S6.npz,52,5,1,S6,4.13264455924012
C5/clip_06437_father_S6.npz,52,5,1,S6,4.26609785361951
C5/clip_06438_father_S6.npz,52,5,1,S6,4.33275563258232
C5/clip_06439_father_S7.npz,52,5,1,S7,4.3114973262032
C5/clip_06440_father_S7.npz,52,5,1,S7,4.24465240641711
C5/clip_06441_father_S7.npz,52,5,1,S7,4.27807486631016
C5/clip_06442_father_S7.npz,52,5,1,S7,4.24465240641711
C5/clip_06443_father_S7.npz,52,5,1,S7,4.27807486631016
C5/clip_06444_father_S7.npz,52,5,1,S7,4.24465240641711
C5/clip_06445_father_S7.npz,52,5,1,S7,4.27807486631016
C5/clip_06446_father_S7.npz,52,5,1,S7,4.27807486631016
C5/clip_06447_father_S7.npz,52,5,1,S7,4.3114973262032
C5/clip_06448_father_S7.npz,52,5,0,S7,4.27807486631016
C5/clip_06449_father_S7.npz,52,5,1,S7,4.27807486631016
C5/clip_06450_father_S7.npz,52,5,1,S7,4.27807486631016
C5/clip_06451_father_S7.npz,52,5,1,S7,4.27807486631016
C5/clip_06452_father_S7.npz,52,5,1,S7,4.24465240641711
C5/clip_06453_father_S7.npz,52,5,1,S7,4.27807486631016
C5/clip_06454_father_S7.npz,52,5,1,S7,4.27807486631016
C5/clip_06455_father_S7.npz,52,5,0,S7,4.27807486631016
C5/clip_06456_father_S7.npz,52,5,1,S7,4.27807486631016
C5/clip_06457_father_S7.npz,52,5,1,S7,4.27807486631016
C5/clip_06458_father_S7.npz,52,5,1,S7,4.3114973262032
C5/clip_06459_father_S7.npz,52,5,1,S7,4.26609785361951
C5/clip_06460_father_S7.npz,52,5,1,S7,4.16597233794367
C5/clip_06461_father_S7.npz,52,5,1,S7,4.33275563258232
C5/clip_06462_father_S7.npz,52,5,1,S7,4.33261123146142
C5/clip_06463_father_S7.npz,52,5,1,S7,4.33261123146142
C5/clip_06464_mother_S0.npz,53,5,1,S0,4.06666666666666
C5/clip_06465_mother_S0.npz,53,5,1,S0,4.06666666666666
C5/clip_06466_mother_S0.npz,53,5,1,S0,4.06666666666666
C5/clip_06467_mother_S0.npz,53,5,1,S0,4.06666666666666
C5/clip_06468_mother_S0.npz,53,5,1,S0,4.06666666666666
C5/clip_06469_mother_S1.npz,53,5,1,S1,4.06666666666666
C5/clip_06470_mother_S1.npz,53,5,1,S1,4.06666666666666
C5/clip_06471_mother_S1.npz,53,5,1,S1,4.06666666666666
C5/clip_06472_mother_S1.npz,53,5,1,S1,4.06666666666666
C5/clip_06473_mother_S1.npz,53,5,1,S1,4.06666666666666
C5/clip_06474_mother_S2.npz,53,5,1,S2,4.06666666666666
C5/clip_06475_mother_S2.npz,53,5,1,S2,4.06666666666666
C5/clip_06476_mother_S2.npz,53,5,1,S2,4.06666666666666
C5/clip_06477_mother_S2.npz,53,5,1,S2,4.06666666666666
C5/clip_06478_mother_S2.npz,53,5,1,S2,4.06666666666666
C5/clip_06479_mother_S3.npz,53,5,1,S3,4.06666666666666
C5/clip_06480_mother_S3.npz,53,5,1,S3,4.06666666666666
C5/clip_06481_mother_S3.npz,53,5,1,S3,4.06666666666666
C5/clip_06482_mother_S3.npz,53,5,1,S3,4.06666666666666
C5/clip_06483_mother_S3.npz,53,5,1,S3,4.06666666666666
C5/clip_06484_mother_S4.npz,53,5,0,S4,4.36593901016497
C5/clip_06485_mother_S4.npz,53,5,0,S4,4.33261123146142
C5/clip_06486_mother_S4.npz,53,5,1,S4,4.43274230102652
C5/clip_06487_mother_S4.npz,53,5,1,S4,4.23262789535077
C5/clip_06488_mother_S4.npz,53,5,1,S4,4.13264455924012
C5/clip_06489_mother_S4.npz,53,5,0,S4,4.19930011664722
C5/clip_06490_mother_S4.npz,53,5,1,S4,4.39941341154512
C5/clip_06491_mother_S4.npz,53,5,1,S4,4.09931678053657
C5/clip_06492_mother_S4.npz,53,5,1,S4,4.23262789535077
C5/clip_06493_mother_S4.npz,53,5,0,S4,4.23276896413811
C5/clip_06494_mother_S4.npz,53,5,0,S4,4.23276896413811
C5/clip_06495_mother_S4.npz,53,5,0,S4,4.19944007465671
C5/clip_06496_mother_S4.npz,53,5,0,S4,4.13264455924012
C5/clip_06497_mother_S4.npz,53,5,0,S4,4.0661245167311
C5/clip_06498_mother_S4.npz,53,5,0,S4,4.06598900183302
C5/clip_06499_mother_S4.npz,53,5,1,S4,4.13264455924012
C5/clip_06500_mother_S4.npz,53,5,0,S4,4.19944007465671
C5/clip_06501_mother_S4.npz,53,5,0,S4,4.26609785361951
C5/clip_06502_mother_S4.npz,53,5,1,S4,4.19930011664722
C5/clip_06503_mother_S4.npz,53,5,0,S4,4.23262789535077
C5/clip_06504_mother_S4.npz,53,5,1,S4,4.16611118517531
C5/clip_06505_mother_S4.npz,53,5,1,S4,4.23276896413811
C5/clip_06506_mother_S4.npz,53,5,1,S4,4.36608452206372
C5/clip_06507_mother_S4.npz,53,5,1,S4,4.23262789535077
C5/clip_06508_mother_S4.npz,53,5,1,S4,4.33261123146142
C5/clip_06509_mother_S5.npz,53,5,1,S5,4.2791310072416
C5/clip_06510_mother_S5.npz,53,5,1,S5,4.27903273957607
C5/clip_06511_mother_S5.npz,53,5,1,S5,4.24607154797726
C5/clip_06512_mother_S5.npz,53,5,1,S5,4.31191747653321
C5/clip_06513_mother_S5.npz,53,5,1,S5,4.24621461487821
C5/clip_06514_mother_S5.npz,53,5,1,S5,4.2791310072416
C5/clip_06515_mother_S5.npz,53,5,1,S5,4.2791310072416
C5/clip_06516_mother_S5.npz,53,5,1,S5,4.2791310072416
C5/clip_06517_mother_S5.npz,53,5,1,S5,4.2791310072416
C5/clip_06518_mother_S5.npz,53,5,1,S5,4.2791310072416
C5/clip_06519_mother_S5.npz,53,5,1,S5,4.2791310072416
C5/clip_06520_mother_S5.npz,53,5,1,S5,4.2791310072416
C5/clip_06521_mother_S5.npz,53,5,1,S5,4.2791310072416
C5/clip_06522_mother_S5.npz,53,5,1,S5,4.2791310072416
C5/clip_06523_mother_S5.npz,53,5,1,S5,4.2791310072416
C5/clip_06524_mother_S5.npz,53,5,1,S5,4.2791310072416
C5/clip_06525_mother_S5.npz,53,5,1,S5,4.2791310072416
C5/clip_06526_mother_S5.npz,53,5,1,S5,4.2791310072416
C5/clip_06527_mother_S5.npz,53,5,1,S5,4.27897574123989
C5/clip_06528_mother_S5.npz,53,5,1,S5,4.31191747653321
C5/clip_06529_mother_S5.npz,53,5,1,S5,4.26609785361951
C5/clip_06530_mother_S5.npz,53,5,1,S5,4.06598900183302
C5/clip_06531_mother_S5.npz,53,5,1,S5,3.96600566572238
C5/clip_06532_mother_S5.npz,53,5,1,S5,4.16597233794367
C5/clip_06533_mother_S5.npz,53,5,1,S5,4.26595567405432
C5/clip_06534_mother_S6.npz,53,5,1,S6,4.312047399605
C5/clip_06535_mother_S6.npz,53,5,1,S6,4.2791310072416
C5/clip_06536_mother_S6.npz,53,5,1,S6,4.2791310072416
C5/clip_06537_mother_S6.npz,53,5,1,S6,4.2791310072416
C5/clip_06538_mother_S6.npz,53,5,1,S6,4.27903273957607
C5/clip_06539_mother_S6.npz,53,5,1,S6,4.2791310072416
C5/clip_06540_mother_S6.npz,53,5,1,S6,4.2791310072416
C5/clip_06541_mother_S6.npz,53,5,1,S6,4.2791310072416
C5/clip_06542_mother_S6.npz,53,5,1,S6,4.2791310072416
C5/clip_06543_mother_S6.npz,53,5,1,S6,4.2791310072416
C5/clip_06544_mother_S6.npz,53,5,1,S6,4.2791310072416
C5/clip_06545_mother_S6.npz,53,5,1,S6,4.24621461487821
C5/clip_06546_mother_S6.npz,53,5,1,S6,4.2791310072416
C5/clip_06547_mother_S6.npz,53,5,1,S6,4.2791310072416
C5/clip_06548_mother_S6.npz,53,5,1,S6,4.27903273957607
C5/clip_06549_mother_S6.npz,53,5,1,S6,4.312047399605
C5/clip_06550_mother_S6.npz,53,5,1,S6,4.2791310072416
C5/clip_06551_mother_S6.npz,53,5,1,S6,4.2791310072416
C5/clip_06552_mother_S6.npz,53,5,1,S6,4.2791310072416
C5/clip_06553_mother_S6.npz,53,5,1,S6,4.2791310072416
C5/clip_06554_mother_S6.npz,53,5,1,S6,4.1662500416625
C5/clip_06555_mother_S6.npz,53,5,1,S6,4.23248683596614
C5/clip_06556_mother_S6.npz,53,5,1,S6,4.23276896413811
C5/clip_06557_mother_S6.npz,53,5,1,S6,4.06598900183302
C5/clip_06558_mother_S6.npz,53,5,1,S6,4.06598900183302
C5/clip_06559_mother_S7.npz,53,5,1,S7,4.27807486631016
C5/clip_06560_mother_S7.npz,53,5,1,S7,4.24465240641711
C5/clip_06561_mother_S7.npz,53,5,1,S7,4.27807486631016
C5/clip_06562_mother_S7.npz,53,5,1,S7,4.27807486631016
C5/clip_06563_mother_S7.npz,53,5,1,S7,4.27807486631016
C5/clip_06564_mother_S7.npz,53,5,1,S7,4.27807486631016
C5/clip_06565_mother_S7.npz,53,5,1,S7,4.27807486631016
C5/clip_06566_mother_S7.npz,53,5,1,S7,4.24465240641711
C5/clip_06567_mother_S7.npz,53,5,1,S7,4.24465240641711
C5/clip_06568_mother_S7.npz,53,5,1,S7,4.27807486631016
C5/clip_06569_mother_S7.npz,53,5,1,S7,4.27807486631016
C5/clip_06570_mother_S7.npz,53,5,1,S7,4.24477044281445
C5/clip_06571_mother_S7.npz,53,5,1,S7,4.27807486631016
C5/clip_06572_mother_S7.npz,53,5,1,S7,4.27807486631016
C5/clip_06573_mother_S7.npz,53,5,1,S7,4.3114973262032
C5/clip_06574_mother_S7.npz,53,5,1,S7,4.24465240641711
C5/clip_06575_mother_S7.npz,53,5,1,S7,4.24465240641711
C5/clip_06576_mother_S7.npz,53,5,1,S7,4.27807486631016
C5/clip_06577_mother_S7.npz,53,5,1,S7,4.27807486631016
C5/clip_06578_mother_S7.npz,53,5,1,S7,4.27807486631016
C5/clip_06579_mother_S7.npz,53,5,1,S7,4.2991401719656
C5/clip_06580_mother_S7.npz,53,5,1,S7,4.29942674310092
C5/clip_06581_mother_S7.npz,53,5,1,S7,4.26595567405432
C5/clip_06582_mother_S7.npz,53,5,1,S7,4.26609785361951
C5/clip_06583_mother_S7.npz,53,5,1,S7,4.33261123146142
C5/clip_06584_son_S0.npz,54,5,1,S0,4.06666666666666
C5/clip_06585_son_S0.npz,54,5,1,S0,4.06666666666666
C5/clip_06586_son_S0.npz,54,5,1,S0,4.06666666666666
C5/clip_06587_son_S0.npz,54,5,1,S0,4.06666666666666
C5/clip_06588_son_S0.npz,54,5,1,S0,4.06666666666666
C5/clip_06589_son_S1.npz,54,5,1,S1,4.06666666666666
C5/clip_06590_son_S1.npz,54,5,1,S1,4.06666666666666
C5/clip_06591_son_S1.npz,54,5,1,S1,4.06666666666666
C5/clip_06592_son_S1.npz,54,5,1,S1,4.06666666666666
C5/clip_06593_son_S1.npz,54,5,1,S1,4.06666666666666
C5/clip_06594_son_S2.npz,54,5,1,S2,4.06666666666666
C5/clip_06595_son_S2.npz,54,5,1,S2,4.06666666666666
C5/clip_06596_son_S2.npz,54,5,1,S2,4.06666666666666
C5/clip_06597_son_S2.npz,54,5,1,S2,4.06666666666666
C5/clip_06598_son_S2.npz,54,5,1,S2,4.06666666666666
C5/clip_06599_son_S3.npz,54,5,1,S3,4.06666666666666
C5/clip_06600_son_S3.npz,54,5,1,S3,4.06666666666666
C5/clip_06601_son_S3.npz,54,5,1,S3,4.06666666666666
C5/clip_06602_son_S3.npz,54,5,1,S3,4.06666666666666
C5/clip_06603_son_S3.npz,54,5,1,S3,4.06666666666666
C5/clip_06604_son_S4.npz,54,5,1,S4,4.0662600406626
C5/clip_06605_son_S4.npz,54,5,1,S4,4.19930011664722
C5/clip_06606_son_S4.npz,54,5,1,S4,4.26595567405432
C5/clip_06607_son_S4.npz,54,5,1,S4,4.59938674843354
C5/clip_06608_son_S4.npz,54,5,1,S4,4.26609785361951
C5/clip_06609_son_S4.npz,54,5,1,S4,4.29928345275787
C5/clip_06610_son_S4.npz,54,5,1,S4,4.23262789535077
C5/clip_06611_son_S4.npz,54,5,1,S4,4.59938674843354
C5/clip_06612_son_S4.npz,54,5,1,S4,4.16597233794367
C5/clip_06613_son_S4.npz,54,5,1,S4,4.19930011664722
C5/clip_06614_son_S4.npz,54,5,1,S4,4.13264455924012
C5/clip_06615_son_S4.npz,54,5,1,S4,4.16597233794367
C5/clip_06616_son_S4.npz,54,5,1,S4,4.56590568238626
C5/clip_06617_son_S4.npz,54,5,1,S4,4.13264455924012
C5/clip_06618_son_S4.npz,54,5,1,S4,4.23262789535077
C5/clip_06619_son_S4.npz,54,5,1,S4,4.09931678053657
C5/clip_06620_son_S4.npz,54,5,1,S4,4.13264455924012
C5/clip_06621_son_S4.npz,54,5,1,S4,4.13264455924012
C5/clip_06622_son_S4.npz,54,5,1,S4,4.16597233794367
C5/clip_06623_son_S4.npz,54,5,1,S4,4.19930011664722
C5/clip_06624_son_S4.npz,54,5,1,S4,4.23262789535077
C5/clip_06625_son_S4.npz,54,5,1,S4,4.23262789535077
C5/clip_06626_son_S4.npz,54,5,1,S4,4.13264455924012
C5/clip_06627_son_S4.npz,54,5,1,S4,4.19944007465671
C5/clip_06628_son_S4.npz,54,5,1,S4,4.16597233794367
C5/clip_06629_son_S5.npz,54,5,1,S5,4.2791310072416
C5/clip_06630_son_S5.npz,54,5,1,S5,4.27907598702905
C5/clip_06631_son_S5.npz,54,5,1,S5,4.2791310072416
C5/clip_06632_son_S5.npz,54,5,1,S5,4.24621461487821
C5/clip_06633_son_S5.npz,54,5,1,S5,4.27907598702905
C5/clip_06634_son_S5.npz,54,5,1,S5,4.2791310072416
C5/clip_06635_son_S5.npz,54,5,1,S5,4.2791310072416
C5/clip_06636_son_S5.npz,54,5,1,S5,4.27903273957607
C5/clip_06637_son_S5.npz,54,5,1,S5,4.2791310072416
C5/clip_06638_son_S5.npz,54,5,1,S5,4.27903273957607
C5/clip_06639_son_S5.npz,54,5,1,S5,4.31192967209278
C5/clip_06640_son_S5.npz,54,5,1,S5,4.27903273957607
C5/clip_06641_son_S5.npz,54,5,1,S5,4.27903273957607
C5/clip_06642_son_S5.npz,54,5,1,S5,4.2791310072416
C5/clip_06643_son_S5.npz,54,5,1,S5,4.2791310072416
C5/clip_06644_son_S5.npz,54,5,1,S5,4.2791310072416
C5/clip_06645_son_S5.npz,54,5,1,S5,4.2791310072416
C5/clip_06646_son_S5.npz,54,5,1,S5,4.2791310072416
C5/clip_06647_son_S5.npz,54,5,1,S5,4.2791310072416
C5/clip_06648_son_S5.npz,54,5,1,S5,4.2791310072416
C5/clip_06649_son_S5.npz,54,5,1,S5,4.13264455924012
C5/clip_06650_son_S5.npz,54,5,1,S5,4.19930011664722
C5/clip_06651_son_S5.npz,54,5,1,S5,3.4663200346632
C5/clip_06652_son_S5.npz,54,5,1,S5,4.73270230635915
C5/clip_06653_son_S5.npz,54,5,1,S5,4.03279562724969
C5/clip_06654_son_S5.npz,54,5,1,S5,4.23262789535077
C5/clip_06655_son_S6.npz,54,5,1,S6,4.2791310072416
C5/clip_06656_son_S6.npz,54,5,1,S6,4.24621461487821
C5/clip_06657_son_S6.npz,54,5,1,S6,4.2791310072416
C5/clip_06658_son_S6.npz,54,5,1,S6,4.24621461487821
C5/clip_06659_son_S6.npz,54,5,1,S6,4.24621461487821
C5/clip_06660_son_S6.npz,54,5,1,S6,4.2791310072416
C5/clip_06661_son_S6.npz,54,5,1,S6,4.2791310072416
C5/clip_06662_son_S6.npz,54,5,1,S6,4.24621461487821
C5/clip_06663_son_S6.npz,54,5,1,S6,4.2791310072416
C5/clip_06664_son_S6.npz,54,5,1,S6,4.2791310072416
C5/clip_06665_son_S6.npz,54,5,1,S6,4.2791310072416
C5/clip_06666_son_S6.npz,54,5,1,S6,4.24621461487821
C5/clip_06667_son_S6.npz,54,5,1,S6,4.312047399605
C5/clip_06668_son_S6.npz,54,5,1,S6,4.312047399605
C5/clip_06669_son_S6.npz,54,5,1,S6,4.2791310072416
C5/clip_06670_son_S6.npz,54,5,1,S6,4.2791310072416
C5/clip_06671_son_S6.npz,54,5,1,S6,4.2791310072416
C5/clip_06672_son_S6.npz,54,5,1,S6,4.2791310072416
C5/clip_06673_son_S6.npz,54,5,1,S6,4.312047399605
C5/clip_06674_son_S6.npz,54,5,1,S6,4.2791310072416
C5/clip_06675_son_S6.npz,54,5,1,S6,3.86602232961173
C5/clip_06676_son_S6.npz,54,5,1,S6,4.39941341154512
C5/clip_06677_son_S6.npz,54,5,1,S6,3.86615117984268
C5/clip_06678_son_S6.npz,54,5,1,S6,4.13264455924012
C5/clip_06679_son_S6.npz,54,5,1,S6,4.26595567405432
C5/clip_06680_son_S6.npz,54,5,1,S6,4.26595567405432
C5/clip_06681_son_S7.npz,54,5,1,S7,4.2791310072416
C5/clip_06682_son_S7.npz,54,5,1,S7,4.27903273957607
C5/clip_06683_son_S7.npz,54,5,1,S7,4.2791310072416
C5/clip_06684_son_S7.npz,54,5,1,S7,4.2791310072416
C5/clip_06685_son_S7.npz,54,5,1,S7,4.2791310072416
C5/clip_06686_son_S7.npz,54,5,1,S7,4.2791310072416
C5/clip_06687_son_S7.npz,54,5,1,S7,4.2791310072416
C5/clip_06688_son_S7.npz,54,5,1,S7,4.24621461487821
C5/clip_06689_son_S7.npz,54,5,1,S7,4.2791310072416
C5/clip_06690_son_S7.npz,54,5,1,S7,4.2791310072416
C5/clip_06691_son_S7.npz,54,5,1,S7,4.2791310072416
C5/clip_06692_son_S7.npz,54,5,1,S7,4.312047399605
C5/clip_06693_son_S7.npz,54,5,1,S7,4.2791310072416
C5/clip_06694_son_S7.npz,54,5,1,S7,4.2791310072416
C5/clip_06695_son_S7.npz,54,5,1,S7,4.2791310072416
C5/clip_06696_son_S7.npz,54,5,1,S7,4.2791310072416
C5/clip_06697_son_S7.npz,54,5,1,S7,4.312047399605
C5/clip_06698_son_S7.npz,54,5,1,S7,4.2791310072416
C5/clip_06699_son_S7.npz,54,5,1,S7,4.27903273957607
C5/clip_06700_son_S7.npz,54,5,1,S7,4.2791310072416
C5/clip_06701_son_S7.npz,54,5,1,S7,4.53257790368272
C5/clip_06702_son_S7.npz,54,5,1,S7,4.29928345275787
C5/clip_06703_son_S7.npz,54,5,1,S7,4.29928345275787
C5/clip_06704_son_S7.npz,54,5,1,S7,4.26595567405432
C5/clip_06705_son_S7.npz,54,5,1,S7,4.33275563258232
C5/clip_06706_daughter_S0.npz,55,5,1,S0,4.06666666666666
C5/clip_06707_daughter_S0.npz,55,5,1,S0,4.06666666666666
C5/clip_06708_daughter_S0.npz,55,5,1,S0,4.06666666666666
C5/clip_06709_daughter_S0.npz,55,5,1,S0,4.06666666666666
C5/clip_06710_daughter_S0.npz,55,5,1,S0,4.06666666666666
C5/clip_06711_daughter_S1.npz,55,5,1,S1,4.06666666666666
C5/clip_06712_daughter_S1.npz,55,5,1,S1,4.06666666666666
C5/clip_06713_daughter_S1.npz,55,5,1,S1,4.06666666666666
C5/clip_06714_daughter_S1.npz,55,5,1,S1,4.06666666666666
C5/clip_06715_daughter_S1.npz,55,5,1,S1,4.06666666666666
C5/clip_06716_daughter_S2.npz,55,5,1,S2,4.06666666666666
C5/clip_06717_daughter_S2.npz,55,5,1,S2,4.06666666666666
C5/clip_06718_daughter_S2.npz,55,5,1,S2,4.06666666666666
C5/clip_06719_daughter_S2.npz,55,5,1,S2,4.06666666666666
C5/clip_06720_daughter_S2.npz,55,5,1,S2,4.06666666666666
C5/clip_06721_daughter_S3.npz,55,5,1,S3,4.06666666666666
C5/clip_06722_daughter_S3.npz,55,5,1,S3,4.06666666666666
C5/clip_06723_daughter_S3.npz,55,5,1,S3,4.06666666666666
C5/clip_06724_daughter_S3.npz,55,5,1,S3,4.06666666666666
C5/clip_06725_daughter_S3.npz,55,5,1,S3,4.06666666666666
C5/clip_06726_daughter_S4.npz,55,5,1,S4,3.13281119813364
C5/clip_06727_daughter_S4.npz,55,5,1,S4,4.26595567405432
C5/clip_06728_daughter_S4.npz,55,5,1,S4,4.53257790368272
C5/clip_06729_daughter_S4.npz,55,5,1,S4,5.2661400526614
C5/clip_06730_daughter_S4.npz,55,5,1,S4,4.46592234627562
C5/clip_06731_daughter_S4.npz,55,5,1,S4,4.26609785361951
C5/clip_06732_daughter_S4.npz,55,5,1,S4,3.96600566572238
C5/clip_06733_daughter_S4.npz,55,5,1,S4,4.09931678053657
C5/clip_06734_daughter_S4.npz,55,5,1,S4,4.16611118517531
C5/clip_06735_daughter_S4.npz,55,5,1,S4,4.19930011664722
C5/clip_06736_daughter_S4.npz,55,5,1,S4,4.16597233794367
C5/clip_06737_daughter_S4.npz,55,5,1,S4,4.26609785361951
C5/clip_06738_daughter_S4.npz,55,5,1,S4,4.09931678053657
C5/clip_06739_daughter_S4.npz,55,5,1,S4,4.1995800419958
C5/clip_06740_daughter_S4.npz,55,5,1,S4,4.19944007465671
C5/clip_06741_daughter_S4.npz,55,5,1,S4,4.19944007465671
C5/clip_06742_daughter_S4.npz,55,5,1,S4,4.06585349596747
C5/clip_06743_daughter_S4.npz,55,5,1,S4,4.19930011664722
C5/clip_06744_daughter_S4.npz,55,5,1,S4,3.99933344442592
C5/clip_06745_daughter_S4.npz,55,5,1,S4,4.19930011664722
C5/clip_06746_daughter_S4.npz,55,5,1,S4,4.13264455924012
C5/clip_06747_daughter_S4.npz,55,5,1,S4,4.23276896413811
C5/clip_06748_daughter_S4.npz,55,5,1,S4,3.99933344442592
C5/clip_06749_daughter_S4.npz,55,5,1,S4,4.19930011664722
C5/clip_06750_daughter_S4.npz,55,5,1,S4,4.16597233794367
C5/clip_06751_daughter_S4.npz,55,5,1,S4,4.16611118517531
C5/clip_06752_daughter_S5.npz,55,5,1,S5,4.312047399605
C5/clip_06753_daughter_S5.npz,55,5,1,S5,4.2791310072416
C5/clip_06754_daughter_S5.npz,55,5,1,S5,4.27903273957607
C5/clip_06755_daughter_S5.npz,55,5,1,S5,4.2791310072416
C5/clip_06756_daughter_S5.npz,55,5,1,S5,4.2791310072416
C5/clip_06757_daughter_S5.npz,55,5,1,S5,4.2791310072416
C5/clip_06758_daughter_S5.npz,55,5,1,S5,4.2791310072416
C5/clip_06759_daughter_S5.npz,55,5,1,S5,4.2791310072416
C5/clip_06760_daughter_S5.npz,55,5,1,S5,4.312047399605
C5/clip_06761_daughter_S5.npz,55,5,1,S5,4.24621461487821
C5/clip_06762_daughter_S5.npz,55,5,1,S5,4.2791310072416
C5/clip_06763_daughter_S5.npz,55,5,1,S5,4.2791310072416
C5/clip_06764_daughter_S5.npz,55,5,1,S5,4.2791310072416
C5/clip_06765_daughter_S5.npz,55,5,1,S5,4.2791310072416
C5/clip_06766_daughter_S5.npz,55,5,1,S5,4.2791310072416
C5/clip_06767_daughter_S5.npz,55,5,1,S5,4.27903273957607
C5/clip_06768_daughter_S5.npz,55,5,1,S5,4.24621461487821
C5/clip_06769_daughter_S5.npz,55,5,1,S5,4.2791310072416
C5/clip_06770_daughter_S5.npz,55,5,1,S5,4.2791310072416
C5/clip_06771_daughter_S5.npz,55,5,1,S5,4.2791310072416
C5/clip_06772_daughter_S5.npz,55,5,1,S5,4.16597233794367
C5/clip_06773_daughter_S5.npz,55,5,1,S5,4.23262789535077
C5/clip_06774_daughter_S5.npz,55,5,1,S5,4.13264455924012
C5/clip_06775_daughter_S5.npz,55,5,1,S5,4.06598900183302
C5/clip_06776_daughter_S5.npz,55,5,1,S5,4.26595567405432
C5/clip_06777_daughter_S6.npz,55,5,1,S6,4.312047399605
C5/clip_06778_daughter_S6.npz,55,5,1,S6,4.24621461487821
C5/clip_06779_daughter_S6.npz,55,5,1,S6,4.2791310072416
C5/clip_06780_daughter_S6.npz,55,5,1,S6,4.2791310072416
C5/clip_06781_daughter_S6.npz,55,5,1,S6,4.2791310072416
C5/clip_06782_daughter_S6.npz,55,5,1,S6,4.2791310072416
C5/clip_06783_daughter_S6.npz,55,5,1,S6,4.2791310072416
C5/clip_06784_daughter_S6.npz,55,5,1,S6,4.24621461487821
C5/clip_06785_daughter_S6.npz,55,5,1,S6,20.6385780118499
C5/clip_06786_daughter_S6.npz,55,5,1,S6,4.312047399605
C5/clip_06787_daughter_S6.npz,55,5,1,S6,4.2791310072416
C5/clip_06788_daughter_S6.npz,55,5,1,S6,4.312047399605
C5/clip_06789_daughter_S6.npz,55,5,1,S6,4.24621461487821
C5/clip_06790_daughter_S6.npz,55,5,1,S6,4.2791310072416
C5/clip_06791_daughter_S6.npz,55,5,1,S6,4.2791310072416
C5/clip_06792_daughter_S6.npz,55,5,1,S6,4.2791310072416
C5/clip_06793_daughter_S6.npz,55,5,1,S6,4.2791310072416
C5/clip_06794_daughter_S6.npz,55,5,1,S6,4.312047399605
C5/clip_06795_daughter_S6.npz,55,5,1,S6,4.24621461487821
C5/clip_06796_daughter_S6.npz,55,5,1,S6,4.2791310072416
C5/clip_06797_daughter_S6.npz,55,5,1,S6,4.2791310072416
C5/clip_06798_daughter_S6.npz,55,5,1,S6,4.2791310072416
C5/clip_06799_daughter_S6.npz,55,5,1,S6,4.24621461487821
C5/clip_06800_daughter_S6.npz,55,5,1,S6,4.312047399605
C5/clip_06801_daughter_S6.npz,55,5,1,S6,4.2791310072416
C5/clip_06802_daughter_S6.npz,55,5,1,S6,4.2791310072416
C5/clip_06803_daughter_S6.npz,55,5,1,S6,4.24621461487821
C5/clip_06804_daughter_S6.npz,55,5,1,S6,4.2791310072416
C5/clip_06805_daughter_S6.npz,55,5,1,S6,4.24621461487821
C5/clip_06806_daughter_S6.npz,55,5,1,S6,4.13264455924012
C5/clip_06807_daughter_S6.npz,55,5,1,S6,4.26595567405432
C5/clip_06808_daughter_S6.npz,55,5,1,S6,4.19930011664722
C5/clip_06809_daughter_S6.npz,55,5,1,S6,4.23262789535077
C5/clip_06810_daughter_S6.npz,55,5,1,S6,4.36608452206372
C5/clip_06811_daughter_S7.npz,55,5,1,S7,4.2791310072416
C5/clip_06812_daughter_S7.npz,55,5,1,S7,4.2791310072416
C5/clip_06813_daughter_S7.npz,55,5,1,S7,4.2791310072416
C5/clip_06814_daughter_S7.npz,55,5,1,S7,4.24621461487821
C5/clip_06815_daughter_S7.npz,55,5,1,S7,4.2791310072416
C5/clip_06816_daughter_S7.npz,55,5,1,S7,4.312047399605
C5/clip_06817_daughter_S7.npz,55,5,1,S7,4.2791310072416
C5/clip_06818_daughter_S7.npz,55,5,1,S7,4.2791310072416
C5/clip_06819_daughter_S7.npz,55,5,1,S7,4.2791310072416
C5/clip_06820_daughter_S7.npz,55,5,1,S7,4.24621461487821
C5/clip_06821_daughter_S7.npz,55,5,1,S7,4.2791310072416
C5/clip_06822_daughter_S7.npz,55,5,1,S7,4.2791310072416
C5/clip_06823_daughter_S7.npz,55,5,1,S7,4.2791310072416
C5/clip_06824_daughter_S7.npz,55,5,1,S7,4.2791310072416
C5/clip_06825_daughter_S7.npz,55,5,1,S7,4.2791310072416
C5/clip_06826_daughter_S7.npz,55,5,1,S7,4.2791310072416
C5/clip_06827_daughter_S7.npz,55,5,1,S7,4.21329822251481
C5/clip_06828_daughter_S7.npz,55,5,1,S7,4.2791310072416
C5/clip_06829_daughter_S7.npz,55,5,1,S7,4.2791310072416
C5/clip_06830_daughter_S7.npz,55,5,1,S7,4.2791310072416
C5/clip_06831_daughter_S7.npz,55,5,1,S7,4.19930011664722
C5/clip_06832_daughter_S7.npz,55,5,1,S7,4.3411473986509
C5/clip_06833_daughter_S7.npz,55,5,1,S7,4.26595567405432
C5/clip_06834_daughter_S7.npz,55,5,1,S7,4.36593901016497
C5/clip_06835_daughter_S7.npz,55,5,1,S7,4.26595567405432
C5/clip_06836_grandfather_S0.npz,56,5,1,S0,4.06666666666666
C5/clip_06837_grandfather_S0.npz,56,5,1,S0,4.06666666666666
C5/clip_06838_grandfather_S0.npz,56,5,1,S0,4.06666666666666
C5/clip_06839_grandfather_S0.npz,56,5,1,S0,4.06666666666666
C5/clip_06840_grandfather_S0.npz,56,5,1,S0,4.06666666666666
C5/clip_06841_grandfather_S1.npz,56,5,1,S1,4.06666666666666
C5/clip_06842_grandfather_S1.npz,56,5,1,S1,4.06666666666666
C5/clip_06843_grandfather_S1.npz,56,5,1,S1,4.05
C5/clip_06844_grandfather_S2.npz,56,5,1,S2,4.06666666666666
C5/clip_06845_grandfather_S2.npz,56,5,1,S2,4.06666666666666
C5/clip_06846_grandfather_S2.npz,56,5,1,S2,4.06666666666666
C5/clip_06847_grandfather_S2.npz,56,5,1,S2,4.06666666666666
C5/clip_06848_grandfather_S2.npz,56,5,1,S2,4.06666666666666
C5/clip_06849_grandfather_S3.npz,56,5,1,S3,4.06666666666666
C5/clip_06850_grandfather_S3.npz,56,5,1,S3,4.06666666666666
C5/clip_06851_grandfather_S3.npz,56,5,1,S3,4.06666666666666
C5/clip_06852_grandfather_S3.npz,56,5,1,S3,4.06666666666666
C5/clip_06853_grandfather_S3.npz,56,5,1,S3,4.06666666666666
C5/clip_06854_grandfather_S4.npz,56,5,1,S4,4.2991401719656
C5/clip_06855_grandfather_S4.npz,56,5,1,S4,4.39926678886852
C5/clip_06856_grandfather_S4.npz,56,5,1,S4,4.36593901016497
C5/clip_06857_grandfather_S4.npz,56,5,1,S4,4.36593901016497
C5/clip_06858_grandfather_S4.npz,56,5,1,S4,4.33246683996534
C5/clip_06859_grandfather_S4.npz,56,5,1,S4,4.23262789535077
C5/clip_06860_grandfather_S4.npz,56,5,1,S4,4.19930011664722
C5/clip_06861_grandfather_S4.npz,56,5,1,S4,4.06598900183302
C5/clip_06862_grandfather_S4.npz,56,5,1,S4,3.99933344442592
C5/clip_06863_grandfather_S4.npz,56,5,1,S4,4.19944007465671
C5/clip_06864_grandfather_S4.npz,56,5,1,S4,4.19944007465671
C5/clip_06865_grandfather_S4.npz,56,5,1,S4,4.23262789535077
C5/clip_06866_grandfather_S4.npz,56,5,1,S4,4.09931678053657
C5/clip_06867_grandfather_S4.npz,56,5,1,S4,4.23262789535077
C5/clip_06868_grandfather_S4.npz,56,5,1,S4,4.23262789535077
C5/clip_06869_grandfather_S4.npz,56,5,1,S4,4.0995900409959
C5/clip_06870_grandfather_S4.npz,56,5,1,S4,4.0329300403293
C5/clip_06871_grandfather_S4.npz,56,5,1,S4,4.29928345275787
C5/clip_06872_grandfather_S4.npz,56,5,1,S4,4.13264455924012
C5/clip_06873_grandfather_S4.npz,56,5,1,S4,4.13264455924012
C5/clip_06874_grandfather_S4.npz,56,5,1,S4,4.09931678053657
C5/clip_06875_grandfather_S4.npz,56,5,1,S4,4.23276896413811
C5/clip_06876_grandfather_S4.npz,56,5,1,S4,4.23276896413811
C5/clip_06877_grandfather_S4.npz,56,5,1,S4,4.09931678053657
C5/clip_06878_grandfather_S4.npz,56,5,1,S4,4.19930011664722
C5/clip_06879_grandfather_S5.npz,56,5,1,S5,4.2791310072416
C5/clip_06880_grandfather_S5.npz,56,5,1,S5,4.27903273957607
C5/clip_06881_grandfather_S5.npz,56,5,1,S5,4.24621461487821
C5/clip_06882_grandfather_S5.npz,56,5,1,S5,4.2791310072416
C5/clip_06883_grandfather_S5.npz,56,5,1,S5,4.2791310072416
C5/clip_06884_grandfather_S5.npz,56,5,1,S5,4.24621461487821
C5/clip_06885_grandfather_S5.npz,56,5,1,S5,4.2791310072416
C5/clip_06886_grandfather_S5.npz,56,5,1,S5,4.2791310072416
C5/clip_06887_grandfather_S5.npz,56,5,1,S5,4.2791310072416
C5/clip_06888_grandfather_S5.npz,56,5,1,S5,4.2791310072416
C5/clip_06889_grandfather_S5.npz,56,5,1,S5,4.2791310072416
C5/clip_06890_grandfather_S5.npz,56,5,1,S5,4.2791310072416
C5/clip_06891_grandfather_S5.npz,56,5,1,S5,4.24614363907779
C5/clip_06892_grandfather_S5.npz,56,5,1,S5,4.27903273957607
C5/clip_06893_grandfather_S5.npz,56,5,1,S5,4.2791310072416
C5/clip_06894_grandfather_S5.npz,56,5,1,S5,4.2791310072416
C5/clip_06895_grandfather_S5.npz,56,5,1,S5,4.24621461487821
C5/clip_06896_grandfather_S5.npz,56,5,1,S5,4.27897574123989
C5/clip_06897_grandfather_S5.npz,56,5,1,S5,4.27903273957607
C5/clip_06898_grandfather_S5.npz,56,5,1,S5,4.2791310072416
C5/clip_06899_grandfather_S5.npz,56,5,1,S5,4.09931678053657
C5/clip_06900_grandfather_S5.npz,56,5,1,S5,4.13264455924012
C5/clip_06901_grandfather_S5.npz,56,5,1,S5,3.99946673776829
C5/clip_06902_grandfather_S5.npz,56,5,1,S5,3.99946673776829
C5/clip_06903_grandfather_S5.npz,56,5,1,S5,4.16597233794367
C5/clip_06904_grandfather_S6.npz,56,5,1,S6,4.312047399605
C5/clip_06905_grandfather_S6.npz,56,5,1,S6,4.2791310072416
C5/clip_06906_grandfather_S6.npz,56,5,1,S6,4.312047399605
C5/clip_06907_grandfather_S6.npz,56,5,1,S6,4.2791310072416
C5/clip_06908_grandfather_S6.npz,56,5,1,S6,4.2791310072416
C5/clip_06909_grandfather_S6.npz,56,5,1,S6,4.24621461487821
C5/clip_06910_grandfather_S6.npz,56,5,1,S6,4.2791310072416
C5/clip_06911_grandfather_S6.npz,56,5,0,S6,4.312047399605
C5/clip_06912_grandfather_S6.npz,56,5,1,S6,4.2791310072416
C5/clip_06913_grandfather_S6.npz,56,5,1,S6,4.2791310072416
C5/clip_06914_grandfather_S6.npz,56,5,1,S6,4.2791310072416
C5/clip_06915_grandfather_S6.npz,56,5,1,S6,4.24621461487821
C5/clip_06916_grandfather_S6.npz,56,5,1,S6,4.2791310072416
C5/clip_06917_grandfather_S6.npz,56,5,1,S6,4.2791310072416
C5/clip_06918_grandfather_S6.npz,56,5,1,S6,4.24621461487821
C5/clip_06919_grandfather_S6.npz,56,5,1,S6,4.24621461487821
C5/clip_06920_grandfather_S6.npz,56,5,1,S6,4.2791310072416
C5/clip_06921_grandfather_S6.npz,56,5,1,S6,4.312047399605
C5/clip_06922_grandfather_S6.npz,56,5,1,S6,4.24621461487821
C5/clip_06923_grandfather_S6.npz,56,5,1,S6,4.312047399605
C5/clip_06924_grandfather_S6.npz,56,5,1,S6,4.23262789535077
C5/clip_06925_grandfather_S6.npz,56,5,1,S6,3.999200159968
C5/clip_06926_grandfather_S6.npz,56,5,1,S6,4.19930011664722
C5/clip_06927_grandfather_S6.npz,56,5,1,S6,4.06598900183302
C5/clip_06928_grandfather_S6.npz,56,5,1,S6,4.23276896413811
C5/clip_06929_grandfather_S7.npz,56,5,1,S7,4.27903273957607
C5/clip_06930_grandfather_S7.npz,56,5,1,S7,4.28054000658544
C5/clip_06931_grandfather_S7.npz,56,5,1,S7,4.28562009626162
C5/clip_06932_grandfather_S7.npz,56,5,1,S7,4.28717475183853
C5/clip_06933_grandfather_S7.npz,56,5,1,S7,4.25461741424802
C5/clip_06934_grandfather_S7.npz,56,5,1,S7,4.28816466552315
C5/clip_06935_grandfather_S7.npz,56,5,1,S7,4.31446168033461
C5/clip_06936_grandfather_S7.npz,56,5,1,S7,4.28816466552315
C5/clip_06937_grandfather_S7.npz,56,5,1,S7,4.24761277576555
C5/clip_06938_grandfather_S7.npz,56,5,1,S7,4.2791310072416
C5/clip_06939_grandfather_S7.npz,56,5,1,S7,4.2791310072416
C5/clip_06940_grandfather_S7.npz,56,5,1,S7,4.2791310072416
C5/clip_06941_grandfather_S7.npz,56,5,1,S7,4.312047399605
C5/clip_06942_grandfather_S7.npz,56,5,1,S7,4.24621461487821
C5/clip_06943_grandfather_S7.npz,56,5,1,S7,4.2791310072416
C5/clip_06944_grandfather_S7.npz,56,5,1,S7,4.27069645203679
C5/clip_06945_grandfather_S7.npz,56,5,1,S7,4.2791310072416
C5/clip_06946_grandfather_S7.npz,56,5,1,S7,4.24621461487821
C5/clip_06947_grandfather_S7.npz,56,5,1,S7,4.2791310072416
C5/clip_06948_grandfather_S7.npz,56,5,1,S7,4.2791310072416
C5/clip_06949_grandfather_S7.npz,56,5,1,S7,4.312047399605
C5/clip_06950_grandfather_S7.npz,56,5,1,S7,4.2791310072416
C5/clip_06951_grandfather_S7.npz,56,5,1,S7,4.2791310072416
C5/clip_06952_grandfather_S7.npz,56,5,1,S7,4.2791310072416
C5/clip_06953_grandfather_S7.npz,56,5,1,S7,4.2791310072416
C5/clip_06954_grandfather_S7.npz,56,5,1,S7,4.24621461487821
C5/clip_06955_grandfather_S7.npz,56,5,1,S7,4.19930011664722
C5/clip_06956_grandfather_S7.npz,56,5,1,S7,4.23276896413811
C5/clip_06957_grandfather_S7.npz,56,5,1,S7,4.26609785361951
C5/clip_06958_grandfather_S7.npz,56,5,1,S7,4.43259456757207
C5/clip_06959_grandfather_S7.npz,56,5,1,S7,4.26609785361951
C5/clip_06960_grandmother_S0.npz,57,5,1,S0,4.06666666666666
C5/clip_06961_grandmother_S0.npz,57,5,1,S0,4.06666666666666
C5/clip_06962_grandmother_S0.npz,57,5,1,S0,4.06666666666666
C5/clip_06963_grandmother_S0.npz,57,5,1,S0,4.06666666666666
C5/clip_06964_grandmother_S0.npz,57,5,1,S0,4.06666666666666
C5/clip_06965_grandmother_S1.npz,57,5,1,S1,4.05
C5/clip_06966_grandmother_S1.npz,57,5,1,S1,4.05
C5/clip_06967_grandmother_S1.npz,57,5,1,S1,4.05
C5/clip_06968_grandmother_S1.npz,57,5,1,S1,4.05
C5/clip_06969_grandmother_S1.npz,57,5,1,S1,4.05
C5/clip_06970_grandmother_S1.npz,57,5,1,S1,4.05
C5/clip_06971_grandmother_S2.npz,57,5,1,S2,4.06666666666666
C5/clip_06972_grandmother_S2.npz,57,5,1,S2,4.06666666666666
C5/clip_06973_grandmother_S2.npz,57,5,1,S2,4.06666666666666
C5/clip_06974_grandmother_S2.npz,57,5,0,S2,4.06666666666666
C5/clip_06975_grandmother_S2.npz,57,5,0,S2,4.06666666666666
C5/clip_06976_grandmother_S3.npz,57,5,1,S3,4.06666666666666
C5/clip_06977_grandmother_S3.npz,57,5,1,S3,4.06666666666666
C5/clip_06978_grandmother_S3.npz,57,5,1,S3,4.06666666666666
C5/clip_06979_grandmother_S3.npz,57,5,1,S3,4.06666666666666
C5/clip_06980_grandmother_S3.npz,57,5,1,S3,4.06666666666666
C5/clip_06981_grandmother_S4.npz,57,5,1,S4,4.29928345275787
C5/clip_06982_grandmother_S4.npz,57,5,1,S4,4.26595567405432
C5/clip_06983_grandmother_S4.npz,57,5,1,S4,4.43274230102652
C5/clip_06984_grandmother_S4.npz,57,5,1,S4,4.36593901016497
C5/clip_06985_grandmother_S4.npz,57,5,1,S4,4.39926678886852
C5/clip_06986_grandmother_S4.npz,57,5,1,S4,4.26595567405432
C5/clip_06987_grandmother_S4.npz,57,5,1,S4,4.23276896413811
C5/clip_06988_grandmother_S4.npz,57,5,1,S4,4.23262789535077
C5/clip_06989_grandmother_S4.npz,57,5,1,S4,4.19930011664722
C5/clip_06990_grandmother_S4.npz,57,5,1,S4,4.23262789535077
C5/clip_06991_grandmother_S4.npz,57,5,1,S4,4.09931678053657
C5/clip_06992_grandmother_S4.npz,57,5,1,S4,4.23262789535077
C5/clip_06993_grandmother_S4.npz,57,5,1,S4,4.13264455924012
C5/clip_06994_grandmother_S4.npz,57,5,1,S4,4.06598900183302
C5/clip_06995_grandmother_S4.npz,57,5,1,S4,4.06598900183302
C5/clip_06996_grandmother_S4.npz,57,5,1,S4,4.33261123146142
C5/clip_06997_grandmother_S4.npz,57,5,1,S4,4.19930011664722
C5/clip_06998_grandmother_S4.npz,57,5,1,S4,4.23262789535077
C5/clip_06999_grandmother_S4.npz,57,5,1,S4,4.33261123146142
C5/clip_07000_grandmother_S4.npz,57,5,1,S4,4.29942674310092
C5/clip_07001_grandmother_S4.npz,57,5,1,S4,4.0661245167311
C5/clip_07002_grandmother_S4.npz,57,5,1,S4,4.23262789535077
C5/clip_07003_grandmother_S4.npz,57,5,1,S4,4.19944007465671
C5/clip_07004_grandmother_S4.npz,57,5,1,S4,4.13264455924012
C5/clip_07005_grandmother_S4.npz,57,5,1,S4,4.16597233794367
C5/clip_07006_grandmother_S4.npz,57,5,1,S4,4.19930011664722
C5/clip_07007_grandmother_S5.npz,57,5,1,S5,4.2791310072416
C5/clip_07008_grandmother_S5.npz,57,5,0,S5,4.2791310072416
C5/clip_07009_grandmother_S5.npz,57,5,1,S5,4.2791310072416
C5/clip_07010_grandmother_S5.npz,57,5,1,S5,4.312047399605
C5/clip_07011_grandmother_S5.npz,57,5,1,S5,4.2791310072416
C5/clip_07012_grandmother_S5.npz,57,5,1,S5,4.24621461487821
C5/clip_07013_grandmother_S5.npz,57,5,1,S5,4.2791310072416
C5/clip_07014_grandmother_S5.npz,57,5,1,S5,4.24621461487821
C5/clip_07015_grandmother_S5.npz,57,5,1,S5,4.2791310072416
C5/clip_07016_grandmother_S5.npz,57,5,1,S5,4.2791310072416
C5/clip_07017_grandmother_S5.npz,57,5,1,S5,4.2791310072416
C5/clip_07018_grandmother_S5.npz,57,5,1,S5,4.2791310072416
C5/clip_07019_grandmother_S5.npz,57,5,1,S5,4.312047399605
C5/clip_07020_grandmother_S5.npz,57,5,1,S5,4.2791310072416
C5/clip_07021_grandmother_S5.npz,57,5,1,S5,4.2791310072416
C5/clip_07022_grandmother_S5.npz,57,5,1,S5,4.27903273957607
C5/clip_07023_grandmother_S5.npz,57,5,1,S5,4.24607154797726
C5/clip_07024_grandmother_S5.npz,57,5,1,S5,4.2791310072416
C5/clip_07025_grandmother_S5.npz,57,5,1,S5,4.2791310072416
C5/clip_07026_grandmother_S5.npz,57,5,1,S5,4.2791310072416
C5/clip_07027_grandmother_S5.npz,57,5,1,S5,3.93267788701883
C5/clip_07028_grandmother_S5.npz,57,5,1,S5,4.23262789535077
C5/clip_07029_grandmother_S5.npz,57,5,1,S5,4.19930011664722
C5/clip_07030_grandmother_S5.npz,57,5,1,S5,4.26595567405432
C5/clip_07031_grandmother_S5.npz,57,5,1,S5,4.03266122312947
C5/clip_07032_grandmother_S6.npz,57,5,1,S6,4.2791310072416
C5/clip_07033_grandmother_S6.npz,57,5,1,S6,4.2791310072416
C5/clip_07034_grandmother_S6.npz,57,5,1,S6,4.2791310072416
C5/clip_07035_grandmother_S6.npz,57,5,1,S6,4.2791310072416
C5/clip_07036_grandmother_S6.npz,57,5,1,S6,4.2791310072416
C5/clip_07037_grandmother_S6.npz,57,5,1,S6,4.2791310072416
C5/clip_07038_grandmother_S6.npz,57,5,1,S6,4.312047399605
C5/clip_07039_grandmother_S6.npz,57,5,1,S6,4.24621461487821
C5/clip_07040_grandmother_S6.npz,57,5,1,S6,4.2791310072416
C5/clip_07041_grandmother_S6.npz,57,5,1,S6,4.24621461487821
C5/clip_07042_grandmother_S6.npz,57,5,1,S6,4.312047399605
C5/clip_07043_grandmother_S6.npz,57,5,1,S6,4.312047399605
C5/clip_07044_grandmother_S6.npz,57,5,1,S6,4.2791310072416
C5/clip_07045_grandmother_S6.npz,57,5,1,S6,4.2791310072416
C5/clip_07046_grandmother_S6.npz,57,5,1,S6,4.24621461487821
C5/clip_07047_grandmother_S6.npz,57,5,1,S6,4.2791310072416
C5/clip_07048_grandmother_S6.npz,57,5,1,S6,4.2791310072416
C5/clip_07049_grandmother_S6.npz,57,5,1,S6,4.2791310072416
C5/clip_07050_grandmother_S6.npz,57,5,1,S6,4.24621461487821
C5/clip_07051_grandmother_S6.npz,57,5,1,S6,4.2791310072416
C5/clip_07052_grandmother_S6.npz,57,5,1,S6,4.16597233794367
C5/clip_07053_grandmother_S6.npz,57,5,1,S6,4.2329100423291
C5/clip_07054_grandmother_S6.npz,57,5,1,S6,4.16597233794367
C5/clip_07055_grandmother_S6.npz,57,5,1,S6,4.0994534062125
C5/clip_07056_grandmother_S6.npz,57,5,1,S6,4.03279562724969
C5/clip_07057_grandmother_S7.npz,57,5,1,S7,4.312047399605
C5/clip_07058_grandmother_S7.npz,57,5,1,S7,4.24621461487821
C5/clip_07059_grandmother_S7.npz,57,5,1,S7,4.24621461487821
C5/clip_07060_grandmother_S7.npz,57,5,1,S7,4.2791310072416
C5/clip_07061_grandmother_S7.npz,57,5,1,S7,4.24621461487821
C5/clip_07062_grandmother_S7.npz,57,5,1,S7,4.2791310072416
C5/clip_07063_grandmother_S7.npz,57,5,1,S7,4.2791310072416
C5/clip_07064_grandmother_S7.npz,57,5,1,S7,4.2791310072416
C5/clip_07065_grandmother_S7.npz,57,5,1,S7,4.2791310072416
C5/clip_07066_grandmother_S7.npz,57,5,1,S7,4.2791310072416
C5/clip_07067_grandmother_S7.npz,57,5,1,S7,4.24621461487821
C5/clip_07068_grandmother_S7.npz,57,5,1,S7,4.2791310072416
C5/clip_07069_grandmother_S7.npz,57,5,1,S7,4.24621461487821
C5/clip_07070_grandmother_S7.npz,57,5,1,S7,4.2791310072416
C5/clip_07071_grandmother_S7.npz,57,5,1,S7,4.24621461487821
C5/clip_07072_grandmother_S7.npz,57,5,1,S7,4.2791310072416
C5/clip_07073_grandmother_S7.npz,57,5,1,S7,4.2791310072416
C5/clip_07074_grandmother_S7.npz,57,5,1,S7,4.2791310072416
C5/clip_07075_grandmother_S7.npz,57,5,1,S7,4.2873161400963
C5/clip_07076_grandmother_S7.npz,57,5,1,S7,4.2791310072416
C5/clip_07077_grandmother_S7.npz,57,5,1,S7,4.19930011664722
C5/clip_07078_grandmother_S7.npz,57,5,1,S7,4.49925012497917
C5/clip_07079_grandmother_S7.npz,57,5,1,S7,4.26609785361951
C5/clip_07080_grandmother_S7.npz,57,5,1,S7,4.46592234627562
C5/clip_07081_grandmother_S7.npz,57,5,1,S7,4.23262789535077
C5/clip_07082_uncle_S0.npz,58,5,0,S0,4.06666666666666
C5/clip_07083_uncle_S0.npz,58,5,1,S0,4.06666666666666
C5/clip_07084_uncle_S0.npz,58,5,0,S0,4.05
C5/clip_07085_uncle_S0.npz,58,5,1,S0,4.05
C5/clip_07086_uncle_S0.npz,58,5,0,S0,4.05
C5/clip_07087_uncle_S1.npz,58,5,0,S1,4.05
C5/clip_07088_uncle_S1.npz,58,5,0,S1,4.05
C5/clip_07089_uncle_S1.npz,58,5,0,S1,4.05
C5/clip_07090_uncle_S1.npz,58,5,1,S1,4.05
C5/clip_07091_uncle_S1.npz,58,5,1,S1,4.05
C5/clip_07092_uncle_S1.npz,58,5,0,S1,4.05
C5/clip_07093_uncle_S1.npz,58,5,0,S1,4.05
C5/clip_07094_uncle_S1.npz,58,5,0,S1,4.05
C5/clip_07095_uncle_S1.npz,58,5,1,S1,4.05
C5/clip_07096_uncle_S1.npz,58,5,1,S1,4.05
C5/clip_07097_uncle_S2.npz,58,5,0,S2,4.05
C5/clip_07098_uncle_S2.npz,58,5,0,S2,4.05
C5/clip_07099_uncle_S2.npz,58,5,0,S2,4.05
C5/clip_07100_uncle_S2.npz,58,5,0,S2,4.05
C5/clip_07101_uncle_S2.npz,58,5,0,S2,4.05
C5/clip_07102_uncle_S3.npz,58,5,0,S3,4.05
C5/clip_07103_uncle_S3.npz,58,5,0,S3,4.05
C5/clip_07104_uncle_S3.npz,58,5,0,S3,4.05
C5/clip_07105_uncle_S3.npz,58,5,0,S3,4.05
C5/clip_07106_uncle_S3.npz,58,5,0,S3,4.05
C5/clip_07107_uncle_S3.npz,58,5,0,S3,4.05
C5/clip_07108_uncle_S4.npz,58,5,0,S4,4.23262789535077
C5/clip_07109_uncle_S4.npz,58,5,0,S4,4.49925012497917
C5/clip_07110_uncle_S4.npz,58,5,0,S4,4.26595567405432
C5/clip_07111_uncle_S4.npz,58,5,0,S4,4.53257790368272
C5/clip_07112_uncle_S4.npz,58,5,0,S4,4.49925012497917
C5/clip_07113_uncle_S4.npz,58,5,0,S4,4.26609785361951
C5/clip_07114_uncle_S4.npz,58,5,0,S4,4.33261123146142
C5/clip_07115_uncle_S4.npz,58,5,0,S4,4.19930011664722
C5/clip_07116_uncle_S4.npz,58,5,0,S4,4.13264455924012
C5/clip_07117_uncle_S4.npz,58,5,1,S4,4.06598900183302
C5/clip_07118_uncle_S4.npz,58,5,0,S4,4.16597233794367
C5/clip_07119_uncle_S4.npz,58,5,0,S4,4.16597233794367
C5/clip_07120_uncle_S4.npz,58,5,0,S4,4.13264455924012
C5/clip_07121_uncle_S4.npz,58,5,0,S4,4.26609785361951
C5/clip_07122_uncle_S4.npz,58,5,1,S4,4.23262789535077
C5/clip_07123_uncle_S4.npz,58,5,1,S4,4.3662300436623
C5/clip_07124_uncle_S4.npz,58,5,0,S4,4.29928345275787
C5/clip_07125_uncle_S4.npz,58,5,1,S4,4.59938674843354
C5/clip_07126_uncle_S4.npz,58,5,1,S4,4.0994534062125
C5/clip_07127_uncle_S4.npz,58,5,1,S4,4.23262789535077
C5/clip_07128_uncle_S4.npz,58,5,1,S4,4.1327822956939
C5/clip_07129_uncle_S4.npz,58,5,1,S4,4.23262789535077
C5/clip_07130_uncle_S4.npz,58,5,0,S4,4.23262789535077
C5/clip_07131_uncle_S4.npz,58,5,0,S4,4.23276896413811
C5/clip_07132_uncle_S4.npz,58,5,1,S4,4.23262789535077
C5/clip_07133_uncle_S5.npz,58,5,0,S5,4.2791310072416
C5/clip_07134_uncle_S5.npz,58,5,0,S5,4.27903273957607
C5/clip_07135_uncle_S5.npz,58,5,0,S5,4.312047399605
C5/clip_07136_uncle_S5.npz,58,5,0,S5,4.2791310072416
C5/clip_07137_uncle_S5.npz,58,5,0,S5,4.2791310072416
C5/clip_07138_uncle_S5.npz,58,5,0,S5,4.27897574123989
C5/clip_07139_uncle_S5.npz,58,5,0,S5,4.27903273957607
C5/clip_07140_uncle_S5.npz,58,5,0,S5,4.2791310072416
C5/clip_07141_uncle_S5.npz,58,5,0,S5,4.31191747653321
C5/clip_07142_uncle_S5.npz,58,5,0,S5,4.27907598702905
C5/clip_07143_uncle_S5.npz,58,5,0,S5,4.27903273957607
C5/clip_07144_uncle_S5.npz,58,5,0,S5,4.2791310072416
C5/clip_07145_uncle_S5.npz,58,5,0,S5,4.24614363907779
C5/clip_07146_uncle_S5.npz,58,5,0,S5,4.2791310072416
C5/clip_07147_uncle_S5.npz,58,5,0,S5,4.312047399605
C5/clip_07148_uncle_S5.npz,58,5,0,S5,4.2791310072416
C5/clip_07149_uncle_S5.npz,58,5,0,S5,4.27903273957607
C5/clip_07150_uncle_S5.npz,58,5,0,S5,4.24614363907779
C5/clip_07151_uncle_S5.npz,58,5,0,S5,4.2791310072416
C5/clip_07152_uncle_S5.npz,58,5,0,S5,4.2791310072416
C5/clip_07153_uncle_S5.npz,58,5,0,S5,4.13264455924012
C5/clip_07154_uncle_S5.npz,58,5,0,S5,4.23262789535077
C5/clip_07155_uncle_S5.npz,58,5,0,S5,4.1995800419958
C5/clip_07156_uncle_S5.npz,58,5,0,S5,4.26595567405432
C5/clip_07157_uncle_S5.npz,58,5,0,S5,4.0661245167311
C5/clip_07158_uncle_S6.npz,58,5,0,S6,4.312047399605
C5/clip_07159_uncle_S6.npz,58,5,0,S6,4.2791310072416
C5/clip_07160_uncle_S6.npz,58,5,0,S6,4.2791310072416
C5/clip_07161_uncle_S6.npz,58,5,0,S6,4.2791310072416
C5/clip_07162_uncle_S6.npz,58,5,0,S6,4.2791310072416
C5/clip_07163_uncle_S6.npz,58,5,0,S6,4.24621461487821
C5/clip_07164_uncle_S6.npz,58,5,0,S6,4.2791310072416
C5/clip_07165_uncle_S6.npz,58,5,0,S6,4.312047399605
C5/clip_07166_uncle_S6.npz,58,5,0,S6,4.2791310072416
C5/clip_07167_uncle_S6.npz,58,5,0,S6,4.2791310072416
C5/clip_07168_uncle_S6.npz,58,5,0,S6,4.2791310072416
C5/clip_07169_uncle_S6.npz,58,5,0,S6,4.24621461487821
C5/clip_07170_uncle_S6.npz,58,5,0,S6,4.2791310072416
C5/clip_07171_uncle_S6.npz,58,5,0,S6,4.2791310072416
C5/clip_07172_uncle_S6.npz,58,5,0,S6,4.312047399605
C5/clip_07173_uncle_S6.npz,58,5,0,S6,4.2791310072416
C5/clip_07174_uncle_S6.npz,58,5,0,S6,4.24621461487821
C5/clip_07175_uncle_S6.npz,58,5,0,S6,4.312047399605
C5/clip_07176_uncle_S6.npz,58,5,0,S6,4.2791310072416
C5/clip_07177_uncle_S6.npz,58,5,0,S6,4.2791310072416
C5/clip_07178_uncle_S6.npz,58,5,0,S6,4.26609785361951
C5/clip_07179_uncle_S6.npz,58,5,0,S6,4.23262789535077
C5/clip_07180_uncle_S6.npz,58,5,0,S6,4.06598900183302
C5/clip_07181_uncle_S6.npz,58,5,0,S6,4.09931678053657
C5/clip_07182_uncle_S6.npz,58,5,0,S6,4.16597233794367
C5/clip_07183_uncle_S7.npz,58,5,0,S7,4.2873161400963
C5/clip_07184_uncle_S7.npz,58,5,0,S7,4.28742355756447
C5/clip_07185_uncle_S7.npz,58,5,1,S7,4.2791310072416
C5/clip_07186_uncle_S7.npz,58,5,0,S7,4.2791310072416
C5/clip_07187_uncle_S7.npz,58,5,0,S7,4.2791310072416
C5/clip_07188_uncle_S7.npz,58,5,0,S7,4.312047399605
C5/clip_07189_uncle_S7.npz,58,5,0,S7,4.2791310072416
C5/clip_07190_uncle_S7.npz,58,5,0,S7,4.2791310072416
C5/clip_07191_uncle_S7.npz,58,5,0,S7,4.2791310072416
C5/clip_07192_uncle_S7.npz,58,5,0,S7,4.24621461487821
C5/clip_07193_uncle_S7.npz,58,5,0,S7,4.312047399605
C5/clip_07194_uncle_S7.npz,58,5,0,S7,4.2791310072416
C5/clip_07195_uncle_S7.npz,58,5,1,S7,4.2791310072416
C5/clip_07196_uncle_S7.npz,58,5,0,S7,4.24621461487821
C5/clip_07197_uncle_S7.npz,58,5,0,S7,4.2791310072416
C5/clip_07198_uncle_S7.npz,58,5,0,S7,4.2791310072416
C5/clip_07199_uncle_S7.npz,58,5,0,S7,4.2791310072416
C5/clip_07200_uncle_S7.npz,58,5,0,S7,4.2791310072416
C5/clip_07201_uncle_S7.npz,58,5,1,S7,4.2791310072416
C5/clip_07202_uncle_S7.npz,58,5,1,S7,4.24621461487821
C5/clip_07203_uncle_S7.npz,58,5,1,S7,4.16597233794367
C5/clip_07204_uncle_S7.npz,58,5,0,S7,4.23262789535077
C5/clip_07205_uncle_S7.npz,58,5,0,S7,4.26595567405432
C5/clip_07206_uncle_S7.npz,58,5,0,S7,4.29928345275787
C5/clip_07207_uncle_S7.npz,58,5,0,S7,4.26595567405432
C5/clip_07208_auntie_S0.npz,59,5,0,S0,4.05
C5/clip_07209_auntie_S0.npz,59,5,0,S0,4.05
C5/clip_07210_auntie_S0.npz,59,5,0,S0,4.05
C5/clip_07211_auntie_S0.npz,59,5,0,S0,4.05
C5/clip_07212_auntie_S0.npz,59,5,0,S0,4.05
C5/clip_07213_auntie_S1.npz,59,5,0,S1,4.05
C5/clip_07214_auntie_S1.npz,59,5,0,S1,4.05
C5/clip_07215_auntie_S1.npz,59,5,0,S1,4.05
C5/clip_07216_auntie_S1.npz,59,5,0,S1,4.05
C5/clip_07217_auntie_S1.npz,59,5,0,S1,4.05
C5/clip_07218_auntie_S2.npz,59,5,0,S2,4.05
C5/clip_07219_auntie_S2.npz,59,5,0,S2,4.05
C5/clip_07220_auntie_S2.npz,59,5,0,S2,4.05
C5/clip_07221_auntie_S2.npz,59,5,0,S2,4.05
C5/clip_07222_auntie_S2.npz,59,5,0,S2,4.05
C5/clip_07223_auntie_S3.npz,59,5,0,S3,4.05
C5/clip_07224_auntie_S3.npz,59,5,0,S3,4.05
C5/clip_07225_auntie_S3.npz,59,5,0,S3,4.05
C5/clip_07226_auntie_S3.npz,59,5,0,S3,4.05
C5/clip_07227_auntie_S3.npz,59,5,0,S3,4.05
C5/clip_07228_auntie_S4.npz,59,5,0,S4,4.19930011664722
C5/clip_07229_auntie_S4.npz,59,5,0,S4,4.29928345275787
C5/clip_07230_auntie_S4.npz,59,5,0,S4,4.49925012497917
C5/clip_07231_auntie_S4.npz,59,5,0,S4,4.46607119050793
C5/clip_07232_auntie_S4.npz,59,5,0,S4,4.39926678886852
C5/clip_07233_auntie_S4.npz,59,5,1,S4,3.93267788701883
C5/clip_07234_auntie_S4.npz,59,5,1,S4,4.16597233794367
C5/clip_07235_auntie_S4.npz,59,5,1,S4,4.23262789535077
C5/clip_07236_auntie_S4.npz,59,5,1,S4,4.23276896413811
C5/clip_07237_auntie_S4.npz,59,5,1,S4,4.26595567405432
C5/clip_07238_auntie_S4.npz,59,5,1,S4,4.26595567405432
C5/clip_07239_auntie_S4.npz,59,5,1,S4,4.26609785361951
C5/clip_07240_auntie_S4.npz,59,5,1,S4,4.43259456757207
C5/clip_07241_auntie_S4.npz,59,5,1,S4,4.19930011664722
C5/clip_07242_auntie_S4.npz,59,5,1,S4,4.16597233794367
C5/clip_07243_auntie_S4.npz,59,5,1,S4,3.99946673776829
C5/clip_07244_auntie_S4.npz,59,5,1,S4,4.09931678053657
C5/clip_07245_auntie_S4.npz,59,5,1,S4,4.29928345275787
C5/clip_07246_auntie_S4.npz,59,5,1,S4,4.26609785361951
C5/clip_07247_auntie_S4.npz,59,5,1,S4,4.19930011664722
C5/clip_07248_auntie_S4.npz,59,5,1,S4,4.0661245167311
C5/clip_07249_auntie_S4.npz,59,5,1,S4,4.16597233794367
C5/clip_07250_auntie_S4.npz,59,5,1,S4,4.23259095031744
C5/clip_07251_auntie_S4.npz,59,5,1,S4,4.43259456757207
C5/clip_07252_auntie_S4.npz,59,5,1,S4,4.09931678053657
C5/clip_07253_auntie_S5.npz,59,5,0,S5,4.2791310072416
C5/clip_07254_auntie_S5.npz,59,5,0,S5,4.2791310072416
C5/clip_07255_auntie_S5.npz,59,5,0,S5,4.2791310072416
C5/clip_07256_auntie_S5.npz,59,5,0,S5,4.2791310072416
C5/clip_07257_auntie_S5.npz,59,5,0,S5,4.2791310072416
C5/clip_07258_auntie_S5.npz,59,5,0,S5,4.2791310072416
C5/clip_07259_auntie_S5.npz,59,5,0,S5,4.2791310072416
C5/clip_07260_auntie_S5.npz,59,5,0,S5,4.2791310072416
C5/clip_07261_auntie_S5.npz,59,5,0,S5,4.27903273957607
C5/clip_07262_auntie_S5.npz,59,5,0,S5,4.24621461487821
C5/clip_07263_auntie_S5.npz,59,5,0,S5,4.2791310072416
C5/clip_07264_auntie_S5.npz,59,5,0,S5,4.2791310072416
C5/clip_07265_auntie_S5.npz,59,5,0,S5,4.2791310072416
C5/clip_07266_auntie_S5.npz,59,5,0,S5,4.2791310072416
C5/clip_07267_auntie_S5.npz,59,5,0,S5,4.2791310072416
C5/clip_07268_auntie_S5.npz,59,5,0,S5,4.312047399605
C5/clip_07269_auntie_S5.npz,59,5,0,S5,4.2791310072416
C5/clip_07270_auntie_S5.npz,59,5,0,S5,4.2791310072416
C5/clip_07271_auntie_S5.npz,59,5,0,S5,4.24621461487821
C5/clip_07272_auntie_S5.npz,59,5,0,S5,4.24621461487821
C5/clip_07273_auntie_S5.npz,59,5,0,S5,4.03266122312947
C5/clip_07274_auntie_S5.npz,59,5,0,S5,4.03266122312947
C5/clip_07275_auntie_S5.npz,59,5,0,S5,4.26595567405432
C5/clip_07276_auntie_S5.npz,59,5,1,S5,4.23262789535077
C5/clip_07277_auntie_S5.npz,59,5,1,S5,4.26609785361951
C5/clip_07278_auntie_S6.npz,59,5,1,S6,4.31191747653321
C5/clip_07279_auntie_S6.npz,59,5,1,S6,4.312047399605
C5/clip_07280_auntie_S6.npz,59,5,1,S6,4.2791310072416
C5/clip_07281_auntie_S6.npz,59,5,1,S6,4.24621461487821
C5/clip_07282_auntie_S6.npz,59,5,1,S6,4.2791310072416
C5/clip_07283_auntie_S6.npz,59,5,1,S6,4.2791310072416
C5/clip_07284_auntie_S6.npz,59,5,1,S6,4.27903273957607
C5/clip_07285_auntie_S6.npz,59,5,1,S6,4.2791310072416
C5/clip_07286_auntie_S6.npz,59,5,1,S6,4.2791310072416
C5/clip_07287_auntie_S6.npz,59,5,1,S6,4.24621461487821
C5/clip_07288_auntie_S6.npz,59,5,1,S6,4.2791310072416
C5/clip_07289_auntie_S6.npz,59,5,1,S6,4.2791310072416
C5/clip_07290_auntie_S6.npz,59,5,1,S6,4.24621461487821
C5/clip_07291_auntie_S6.npz,59,5,1,S6,4.2791310072416
C5/clip_07292_auntie_S6.npz,59,5,1,S6,4.2791310072416
C5/clip_07293_auntie_S6.npz,59,5,1,S6,4.2791310072416
C5/clip_07294_auntie_S6.npz,59,5,1,S6,4.2791310072416
C5/clip_07295_auntie_S6.npz,59,5,1,S6,4.2791310072416
C5/clip_07296_auntie_S6.npz,59,5,1,S6,4.2791310072416
C5/clip_07297_auntie_S6.npz,59,5,1,S6,4.312047399605
C5/clip_07298_auntie_S6.npz,59,5,0,S6,4.0662600406626
C5/clip_07299_auntie_S6.npz,59,5,0,S6,4.09931678053657
C5/clip_07300_auntie_S6.npz,59,5,0,S6,4.13250683196694
C5/clip_07301_auntie_S6.npz,59,5,0,S6,4.16611118517531
C5/clip_07302_auntie_S6.npz,59,5,0,S6,4.26609785361951
C5/clip_07303_auntie_S7.npz,59,5,0,S7,4.312047399605
C5/clip_07304_auntie_S7.npz,59,5,1,S7,4.2791310072416
C5/clip_07305_auntie_S7.npz,59,5,1,S7,4.2791310072416
C5/clip_07306_auntie_S7.npz,59,5,0,S7,4.2791310072416
C5/clip_07307_auntie_S7.npz,59,5,0,S7,4.24621461487821
C5/clip_07308_auntie_S7.npz,59,5,1,S7,4.24621461487821
C5/clip_07309_auntie_S7.npz,59,5,1,S7,4.2791310072416
C5/clip_07310_auntie_S7.npz,59,5,0,S7,4.2791310072416
C5/clip_07311_auntie_S7.npz,59,5,0,S7,4.24621461487821
C5/clip_07312_auntie_S7.npz,59,5,0,S7,4.2791310072416
C5/clip_07313_auntie_S7.npz,59,5,1,S7,4.312047399605
C5/clip_07314_auntie_S7.npz,59,5,0,S7,4.2791310072416
C5/clip_07315_auntie_S7.npz,59,5,1,S7,4.24621461487821
C5/clip_07316_auntie_S7.npz,59,5,0,S7,4.2791310072416
C5/clip_07317_auntie_S7.npz,59,5,1,S7,4.24614363907779
C5/clip_07318_auntie_S7.npz,59,5,1,S7,4.2791310072416
C5/clip_07319_auntie_S7.npz,59,5,1,S7,4.2791310072416
C5/clip_07320_auntie_S7.npz,59,5,0,S7,4.2791310072416
C5/clip_07321_auntie_S7.npz,59,5,1,S7,4.24621461487821
C5/clip_07322_auntie_S7.npz,59,5,1,S7,4.2791310072416
C5/clip_07323_auntie_S7.npz,59,5,0,S7,4.26595567405432
C5/clip_07324_auntie_S7.npz,59,5,0,S7,4.23276896413811
C5/clip_07325_auntie_S7.npz,59,5,0,S7,4.29928345275787
C5/clip_07326_auntie_S7.npz,59,5,0,S7,4.29928345275787
C5/clip_07327_auntie_S7.npz,59,5,0,S7,4.16611118517531
C5/clip_07328_cousin_S0.npz,60,5,1,S0,4.05
C5/clip_07329_cousin_S0.npz,60,5,1,S0,4.05
C5/clip_07330_cousin_S0.npz,60,5,1,S0,4.05
C5/clip_07331_cousin_S0.npz,60,5,0,S0,4.05
C5/clip_07332_cousin_S0.npz,60,5,0,S0,4.05
C5/clip_07333_cousin_S1.npz,60,5,0,S1,4.05
C5/clip_07334_cousin_S1.npz,60,5,0,S1,4.05
C5/clip_07335_cousin_S1.npz,60,5,0,S1,4.05
C5/clip_07336_cousin_S1.npz,60,5,0,S1,4.05
C5/clip_07337_cousin_S2.npz,60,5,0,S2,4.05
C5/clip_07338_cousin_S2.npz,60,5,0,S2,4.05
C5/clip_07339_cousin_S2.npz,60,5,0,S2,4.05
C5/clip_07340_cousin_S2.npz,60,5,0,S2,4.05
C5/clip_07341_cousin_S2.npz,60,5,0,S2,4.05
C5/clip_07342_cousin_S3.npz,60,5,0,S3,4.05
C5/clip_07343_cousin_S3.npz,60,5,0,S3,4.05
C5/clip_07344_cousin_S3.npz,60,5,0,S3,4.05
C5/clip_07345_cousin_S3.npz,60,5,0,S3,4.05
C5/clip_07346_cousin_S3.npz,60,5,0,S3,4.05
C5/clip_07347_cousin_S3.npz,60,5,0,S3,4.05
C5/clip_07348_cousin_S4.npz,60,5,0,S4,4.36608452206372
C5/clip_07349_cousin_S4.npz,60,5,0,S4,4.59923346108981
C5/clip_07350_cousin_S4.npz,60,5,0,S4,4.46592234627562
C5/clip_07351_cousin_S4.npz,60,5,0,S4,4.33275563258232
C5/clip_07352_cousin_S4.npz,60,5,0,S4,4.26609785361951
C5/clip_07353_cousin_S4.npz,60,5,0,S4,4.59923346108981
C5/clip_07354_cousin_S4.npz,60,5,0,S4,4.29928345275787
C5/clip_07355_cousin_S4.npz,60,5,0,S4,4.19930011664722
C5/clip_07356_cousin_S4.npz,60,5,0,S4,4.13264455924012
C5/clip_07357_cousin_S4.npz,60,5,0,S4,4.1327822956939
C5/clip_07358_cousin_S4.npz,60,5,0,S4,4.29928345275787
C5/clip_07359_cousin_S4.npz,60,5,0,S4,4.06598900183302
C5/clip_07360_cousin_S4.npz,60,5,0,S4,4.19930011664722
C5/clip_07361_cousin_S4.npz,60,5,0,S4,4.16597233794367
C5/clip_07362_cousin_S4.npz,60,5,0,S4,4.33261123146142
C5/clip_07363_cousin_S4.npz,60,5,0,S4,4.39926678886852
C5/clip_07364_cousin_S4.npz,60,5,0,S4,4.23276896413811
C5/clip_07365_cousin_S4.npz,60,5,0,S4,4.23262789535077
C5/clip_07366_cousin_S4.npz,60,5,1,S4,4.0994534062125
C5/clip_07367_cousin_S4.npz,60,5,0,S4,4.0661245167311
C5/clip_07368_cousin_S4.npz,60,5,1,S4,4.0329300403293
C5/clip_07369_cousin_S4.npz,60,5,1,S4,4.26595567405432
C5/clip_07370_cousin_S4.npz,60,5,0,S4,4.13264455924012
C5/clip_07371_cousin_S4.npz,60,5,1,S4,4.33275563258232
C5/clip_07372_cousin_S4.npz,60,5,0,S4,4.06598900183302
C5/clip_07373_cousin_S5.npz,60,5,0,S5,4.27903273957607
C5/clip_07374_cousin_S5.npz,60,5,0,S5,4.2791310072416
C5/clip_07375_cousin_S5.npz,60,5,0,S5,4.312047399605
C5/clip_07376_cousin_S5.npz,60,5,0,S5,4.2791310072416
C5/clip_07377_cousin_S5.npz,60,5,0,S5,4.2791310072416
C5/clip_07378_cousin_S5.npz,60,5,0,S5,4.24621461487821
C5/clip_07379_cousin_S5.npz,60,5,0,S5,4.2791310072416
C5/clip_07380_cousin_S5.npz,60,5,0,S5,4.2791310072416
C5/clip_07381_cousin_S5.npz,60,5,0,S5,4.2791310072416
C5/clip_07382_cousin_S5.npz,60,5,0,S5,4.2791310072416
C5/clip_07383_cousin_S5.npz,60,5,0,S5,4.2791310072416
C5/clip_07384_cousin_S5.npz,60,5,0,S5,4.312047399605
C5/clip_07385_cousin_S5.npz,60,5,0,S5,4.24621461487821
C5/clip_07386_cousin_S5.npz,60,5,0,S5,4.27903273957607
C5/clip_07387_cousin_S5.npz,60,5,0,S5,4.2791310072416
C5/clip_07388_cousin_S5.npz,60,5,0,S5,4.2791310072416
C5/clip_07389_cousin_S5.npz,60,5,0,S5,4.2791310072416
C5/clip_07390_cousin_S5.npz,60,5,0,S5,4.2791310072416
C5/clip_07391_cousin_S5.npz,60,5,0,S5,4.27901922162602
C5/clip_07392_cousin_S5.npz,60,5,0,S5,4.2791310072416
C5/clip_07393_cousin_S5.npz,60,5,1,S5,4.1662500416625
C5/clip_07394_cousin_S5.npz,60,5,1,S5,4.16597233794367
C5/clip_07395_cousin_S5.npz,60,5,1,S5,4.19930011664722
C5/clip_07396_cousin_S5.npz,60,5,1,S5,4.09931678053657
C5/clip_07397_cousin_S5.npz,60,5,0,S5,4.09931678053657
C5/clip_07398_cousin_S6.npz,60,5,0,S6,4.312047399605
C5/clip_07399_cousin_S6.npz,60,5,0,S6,4.2791310072416
C5/clip_07400_cousin_S6.npz,60,5,0,S6,4.24621461487821
C5/clip_07401_cousin_S6.npz,60,5,0,S6,4.2791310072416
C5/clip_07402_cousin_S6.npz,60,5,0,S6,4.2791310072416
C5/clip_07403_cousin_S6.npz,60,5,0,S6,4.2791310072416
C5/clip_07404_cousin_S6.npz,60,5,0,S6,4.2791310072416
C5/clip_07405_cousin_S6.npz,60,5,0,S6,4.2791310072416
C5/clip_07406_cousin_S6.npz,60,5,0,S6,4.2791310072416
C5/clip_07407_cousin_S6.npz,60,5,0,S6,4.2791310072416
C5/clip_07408_cousin_S6.npz,60,5,0,S6,4.312047399605
C5/clip_07409_cousin_S6.npz,60,5,0,S6,4.2791310072416
C5/clip_07410_cousin_S6.npz,60,5,0,S6,4.2791310072416
C5/clip_07411_cousin_S6.npz,60,5,0,S6,4.24621461487821
C5/clip_07412_cousin_S6.npz,60,5,0,S6,4.24621461487821
C5/clip_07413_cousin_S6.npz,60,5,0,S6,4.312047399605
C5/clip_07414_cousin_S6.npz,60,5,0,S6,4.2791310072416
C5/clip_07415_cousin_S6.npz,60,5,0,S6,4.2791310072416
C5/clip_07416_cousin_S6.npz,60,5,0,S6,4.2791310072416
C5/clip_07417_cousin_S6.npz,60,5,0,S6,4.2791310072416
C5/clip_07418_cousin_S6.npz,60,5,0,S6,4.06598900183302
C5/clip_07419_cousin_S6.npz,60,5,0,S6,4.09931678053657
C5/clip_07420_cousin_S6.npz,60,5,0,S6,4.19930011664722
C5/clip_07421_cousin_S6.npz,60,5,0,S6,4.13264455924012
C5/clip_07422_cousin_S6.npz,60,5,0,S6,4.23276896413811
C5/clip_07423_cousin_S7.npz,60,5,0,S7,4.2791310072416
C5/clip_07424_cousin_S7.npz,60,5,0,S7,4.2791310072416
C5/clip_07425_cousin_S7.npz,60,5,1,S7,4.2791310072416
C5/clip_07426_cousin_S7.npz,60,5,0,S7,4.24621461487821
C5/clip_07427_cousin_S7.npz,60,5,0,S7,4.2791310072416
C5/clip_07428_cousin_S7.npz,60,5,0,S7,4.2791310072416
C5/clip_07429_cousin_S7.npz,60,5,0,S7,4.2791310072416
C5/clip_07430_cousin_S7.npz,60,5,0,S7,4.2791310072416
C5/clip_07431_cousin_S7.npz,60,5,0,S7,4.312047399605
C5/clip_07432_cousin_S7.npz,60,5,0,S7,4.312047399605
C5/clip_07433_cousin_S7.npz,60,5,0,S7,4.2791310072416
C5/clip_07434_cousin_S7.npz,60,5,0,S7,4.2791310072416
C5/clip_07435_cousin_S7.npz,60,5,0,S7,4.24621461487821
C5/clip_07436_cousin_S7.npz,60,5,0,S7,4.2791310072416
C5/clip_07437_cousin_S7.npz,60,5,0,S7,4.2791310072416
C5/clip_07438_cousin_S7.npz,60,5,0,S7,4.2791310072416
C5/clip_07439_cousin_S7.npz,60,5,0,S7,4.312047399605
C5/clip_07440_cousin_S7.npz,60,5,0,S7,4.2791310072416
C5/clip_07441_cousin_S7.npz,60,5,1,S7,4.312047399605
C5/clip_07442_cousin_S7.npz,60,5,0,S7,4.2791310072416
C5/clip_07443_cousin_S7.npz,60,5,0,S7,4.23262789535077
C5/clip_07444_cousin_S7.npz,60,5,0,S7,4.26595567405432
C5/clip_07445_cousin_S7.npz,60,5,1,S7,4.23262789535077
C5/clip_07446_cousin_S7.npz,60,5,0,S7,4.19944007465671
C5/clip_07447_cousin_S7.npz,60,5,0,S7,4.26609785361951
C5/clip_07448_parents_S0.npz,61,5,1,S0,4.05
C5/clip_07449_parents_S0.npz,61,5,1,S0,4.05
C5/clip_07450_parents_S0.npz,61,5,1,S0,4.05
C5/clip_07451_parents_S0.npz,61,5,1,S0,4.05
C5/clip_07452_parents_S0.npz,61,5,1,S0,4.05
C5/clip_07453_parents_S2.npz,61,5,1,S2,4.05
C5/clip_07454_parents_S2.npz,61,5,1,S2,4.05
C5/clip_07455_parents_S2.npz,61,5,1,S2,4.05
C5/clip_07456_parents_S2.npz,61,5,1,S2,4.05
C5/clip_07457_parents_S2.npz,61,5,1,S2,4.05
C5/clip_07458_parents_S3.npz,61,5,1,S3,4.05
C5/clip_07459_parents_S3.npz,61,5,1,S3,4.05
C5/clip_07460_parents_S3.npz,61,5,1,S3,4.05
C5/clip_07461_parents_S3.npz,61,5,1,S3,4.05
C5/clip_07462_parents_S3.npz,61,5,1,S3,4.05
C5/clip_07463_parents_S4.npz,61,5,1,S4,4.09931678053657
C5/clip_07464_parents_S4.npz,61,5,1,S4,4.39926678886852
C5/clip_07465_parents_S4.npz,61,5,1,S4,4.26609785361951
C5/clip_07466_parents_S4.npz,61,5,1,S4,4.29928345275787
C5/clip_07467_parents_S4.npz,61,5,1,S4,4.43274230102652
C5/clip_07468_parents_S4.npz,61,5,1,S4,4.13264455924012
C5/clip_07469_parents_S4.npz,61,5,1,S4,4.09931678053657
C5/clip_07470_parents_S4.npz,61,5,1,S4,4.23262789535077
C5/clip_07471_parents_S4.npz,61,5,1,S4,4.13264455924012
C5/clip_07472_parents_S4.npz,61,5,1,S4,4.16597233794367
C5/clip_07473_parents_S4.npz,61,5,1,S4,4.13264455924012
C5/clip_07474_parents_S4.npz,61,5,1,S4,4.06598900183302
C5/clip_07475_parents_S4.npz,61,5,1,S4,4.16597233794367
C5/clip_07476_parents_S4.npz,61,5,1,S4,4.0661245167311
C5/clip_07477_parents_S4.npz,61,5,1,S4,4.03266122312947
C5/clip_07478_parents_S4.npz,61,5,1,S4,4.0329300403293
C5/clip_07479_parents_S4.npz,61,5,1,S4,4.39926678886852
C5/clip_07480_parents_S4.npz,61,5,1,S4,4.19930011664722
C5/clip_07481_parents_S4.npz,61,5,1,S4,4.1327822956939
C5/clip_07482_parents_S4.npz,61,5,1,S4,4.16597233794367
C5/clip_07483_parents_S4.npz,61,5,1,S4,3.99933344442592
C5/clip_07484_parents_S4.npz,61,5,1,S4,4.03266122312947
C5/clip_07485_parents_S4.npz,61,5,1,S4,4.06598900183302
C5/clip_07486_parents_S4.npz,61,5,1,S4,3.83282229036128
C5/clip_07487_parents_S4.npz,61,5,1,S4,4.16611118517531
C5/clip_07488_parents_S4.npz,61,5,1,S4,4.26609785361951
C5/clip_07489_parents_S5.npz,61,5,1,S5,4.2791310072416
C5/clip_07490_parents_S5.npz,61,5,1,S5,4.2791310072416
C5/clip_07491_parents_S5.npz,61,5,1,S5,4.2791310072416
C5/clip_07492_parents_S5.npz,61,5,1,S5,4.2791310072416
C5/clip_07493_parents_S5.npz,61,5,1,S5,4.312047399605
C5/clip_07494_parents_S5.npz,61,5,1,S5,4.2791310072416
C5/clip_07495_parents_S5.npz,61,5,1,S5,4.2791310072416
C5/clip_07496_parents_S5.npz,61,5,1,S5,4.2791310072416
C5/clip_07497_parents_S5.npz,61,5,1,S5,4.2791310072416
C5/clip_07498_parents_S5.npz,61,5,1,S5,4.2791310072416
C5/clip_07499_parents_S5.npz,61,5,1,S5,4.2791310072416
C5/clip_07500_parents_S5.npz,61,5,1,S5,4.312047399605
C5/clip_07501_parents_S5.npz,61,5,1,S5,4.2791310072416
C5/clip_07502_parents_S5.npz,61,5,1,S5,4.2791310072416
C5/clip_07503_parents_S5.npz,61,5,1,S5,4.24621461487821
C5/clip_07504_parents_S5.npz,61,5,1,S5,4.2791310072416
C5/clip_07505_parents_S5.npz,61,5,1,S5,4.2791310072416
C5/clip_07506_parents_S5.npz,61,5,1,S5,4.2791310072416
C5/clip_07507_parents_S5.npz,61,5,1,S5,4.2791310072416
C5/clip_07508_parents_S5.npz,61,5,1,S5,4.2791310072416
C5/clip_07509_parents_S5.npz,61,5,1,S5,3.99933344442592
C5/clip_07510_parents_S5.npz,61,5,1,S5,4.16597233794367
C5/clip_07511_parents_S5.npz,61,5,1,S5,4.19930011664722
C5/clip_07512_parents_S5.npz,61,5,1,S5,4.19930011664722
C5/clip_07513_parents_S5.npz,61,5,1,S5,4.16597233794367
C5/clip_07514_parents_S6.npz,61,5,1,S6,4.312047399605
C5/clip_07515_parents_S6.npz,61,5,1,S6,4.312047399605
C5/clip_07516_parents_S6.npz,61,5,1,S6,4.24621461487821
C5/clip_07517_parents_S6.npz,61,5,1,S6,4.2791310072416
C5/clip_07518_parents_S6.npz,61,5,1,S6,4.2791310072416
C5/clip_07519_parents_S6.npz,61,5,1,S6,4.24621461487821
C5/clip_07520_parents_S6.npz,61,5,1,S6,4.312047399605
C5/clip_07521_parents_S6.npz,61,5,1,S6,4.312047399605
C5/clip_07522_parents_S6.npz,61,5,1,S6,4.2791310072416
C5/clip_07523_parents_S6.npz,61,5,1,S6,4.24621461487821
C5/clip_07524_parents_S6.npz,61,5,1,S6,4.2791310072416
C5/clip_07525_parents_S6.npz,61,5,1,S6,4.24621461487821
C5/clip_07526_parents_S6.npz,61,5,1,S6,4.2791310072416
C5/clip_07527_parents_S6.npz,61,5,1,S6,4.2791310072416
C5/clip_07528_parents_S6.npz,61,5,1,S6,4.24621461487821
C5/clip_07529_parents_S6.npz,61,5,1,S6,4.2791310072416
C5/clip_07530_parents_S6.npz,61,5,1,S6,4.2791310072416
C5/clip_07531_parents_S6.npz,61,5,1,S6,4.312047399605
C5/clip_07532_parents_S6.npz,61,5,1,S6,4.2791310072416
C5/clip_07533_parents_S6.npz,61,5,1,S6,4.2791310072416
C5/clip_07534_parents_S6.npz,61,5,1,S6,4.23276896413811
C5/clip_07535_parents_S6.npz,61,5,1,S6,4.19930011664722
C5/clip_07536_parents_S6.npz,61,5,1,S6,4.26609785361951
C5/clip_07537_parents_S6.npz,61,5,1,S6,4.26595567405432
C5/clip_07538_parents_S6.npz,61,5,1,S6,4.13264455924012
C5/clip_07539_parents_S7.npz,61,5,1,S7,4.312047399605
C5/clip_07540_parents_S7.npz,61,5,1,S7,4.312047399605
C5/clip_07541_parents_S7.npz,61,5,1,S7,4.2791310072416
C5/clip_07542_parents_S7.npz,61,5,1,S7,4.2873161400963
C5/clip_07543_parents_S7.npz,61,5,1,S7,4.2791310072416
C5/clip_07544_parents_S7.npz,61,5,1,S7,4.312047399605
C5/clip_07545_parents_S7.npz,61,5,1,S7,4.2791310072416
C5/clip_07546_parents_S7.npz,61,5,1,S7,4.2791310072416
C5/clip_07547_parents_S7.npz,61,5,1,S7,4.2791310072416
C5/clip_07548_parents_S7.npz,61,5,1,S7,4.2791310072416
C5/clip_07549_parents_S7.npz,61,5,1,S7,4.2791310072416
C5/clip_07550_parents_S7.npz,61,5,1,S7,4.2791310072416
C5/clip_07551_parents_S7.npz,61,5,1,S7,4.27069645203679
C5/clip_07552_parents_S7.npz,61,5,1,S7,4.24621461487821
C5/clip_07553_parents_S7.npz,61,5,1,S7,4.312047399605
C5/clip_07554_parents_S7.npz,61,5,1,S7,4.23784494086728
C5/clip_07555_parents_S7.npz,61,5,1,S7,4.27069645203679
C5/clip_07556_parents_S7.npz,61,5,1,S7,4.2791310072416
C5/clip_07557_parents_S7.npz,61,5,1,S7,4.312047399605
C5/clip_07558_parents_S7.npz,61,5,1,S7,4.24621461487821
C5/clip_07559_parents_S7.npz,61,5,1,S7,4.29928345275787
C5/clip_07560_parents_S7.npz,61,5,1,S7,4.26595567405432
C5/clip_07561_parents_S7.npz,61,5,1,S7,4.79920013331111
C5/clip_07562_parents_S7.npz,61,5,1,S7,4.19930011664722
C5/clip_07563_parents_S7.npz,61,5,1,S7,4.23248683596614
C5/clip_07564_parents_S7.npz,61,5,1,S7,4.43259456757207
C6/clip_07565_boy_S0.npz,62,6,1,S0,4.06666666666666
C6/clip_07566_boy_S0.npz,62,6,1,S0,4.06666666666666
C6/clip_07567_boy_S0.npz,62,6,1,S0,4.06666666666666
C6/clip_07568_boy_S0.npz,62,6,1,S0,4.06666666666666
C6/clip_07569_boy_S0.npz,62,6,1,S0,4.06666666666666
C6/clip_07570_boy_S1.npz,62,6,1,S1,4.08333333333333
C6/clip_07571_boy_S1.npz,62,6,1,S1,4.08333333333333
C6/clip_07572_boy_S1.npz,62,6,1,S1,4.06666666666666
C6/clip_07573_boy_S1.npz,62,6,1,S1,4.06666666666666
C6/clip_07574_boy_S1.npz,62,6,1,S1,4.06666666666666
C6/clip_07575_boy_S1.npz,62,6,1,S1,4.06666666666666
C6/clip_07576_boy_S2.npz,62,6,1,S2,4.08333333333333
C6/clip_07577_boy_S2.npz,62,6,1,S2,4.08333333333333
C6/clip_07578_boy_S2.npz,62,6,1,S2,4.06666666666666
C6/clip_07579_boy_S2.npz,62,6,1,S2,4.06666666666666
C6/clip_07580_boy_S2.npz,62,6,1,S2,4.06666666666666
C6/clip_07581_boy_S3.npz,62,6,1,S3,4.08333333333333
C6/clip_07582_boy_S3.npz,62,6,1,S3,4.06666666666666
C6/clip_07583_boy_S3.npz,62,6,1,S3,4.06666666666666
C6/clip_07584_boy_S3.npz,62,6,1,S3,4.06666666666666
C6/clip_07585_boy_S3.npz,62,6,1,S3,4.06666666666666
C6/clip_07586_boy_S4.npz,62,6,1,S4,4.36593901016497
C6/clip_07587_boy_S4.npz,62,6,1,S4,4.36593901016497
C6/clip_07588_boy_S4.npz,62,6,1,S4,4.36608452206372
C6/clip_07589_boy_S4.npz,62,6,1,S4,3.59940009998333
C6/clip_07590_boy_S4.npz,62,6,1,S4,4.26609785361951
C6/clip_07591_boy_S4.npz,62,6,1,S4,4.33261123146142
C6/clip_07592_boy_S4.npz,62,6,1,S4,4.26595567405432
C6/clip_07593_boy_S4.npz,62,6,1,S4,4.23248683596614
C6/clip_07594_boy_S4.npz,62,6,1,S4,4.19944007465671
C6/clip_07595_boy_S4.npz,62,6,1,S4,4.16611118517531
C6/clip_07596_boy_S4.npz,62,6,1,S4,3.53274454257623
C6/clip_07597_boy_S4.npz,62,6,1,S4,4.46607119050793
C6/clip_07598_boy_S4.npz,62,6,1,S4,4.39941341154512
C6/clip_07599_boy_S4.npz,62,6,1,S4,4.33275563258232
C6/clip_07600_boy_S4.npz,62,6,1,S4,3.39943342776204
C6/clip_07601_boy_S4.npz,62,6,1,S4,4.23262789535077
C6/clip_07602_boy_S4.npz,62,6,1,S4,4.29928345275787
C6/clip_07603_boy_S4.npz,62,6,1,S4,4.46592234627562
C6/clip_07604_boy_S4.npz,62,6,1,S4,4.36593901016497
C6/clip_07605_boy_S4.npz,62,6,1,S4,4.33275563258232
C6/clip_07606_boy_S4.npz,62,6,1,S4,4.36608452206372
C6/clip_07607_boy_S4.npz,62,6,1,S4,4.39926678886852
C6/clip_07608_boy_S4.npz,62,6,1,S4,4.29942674310092
C6/clip_07609_boy_S4.npz,62,6,1,S4,4.46592234627562
C6/clip_07610_boy_S4.npz,62,6,1,S4,4.43259456757207
C6/clip_07611_boy_S4.npz,62,6,1,S4,4.56590568238626
C6/clip_07612_boy_S4.npz,62,6,1,S4,4.19944007465671
C6/clip_07613_boy_S5.npz,62,6,1,S5,4.312047399605
C6/clip_07614_boy_S5.npz,62,6,1,S5,4.24621461487821
C6/clip_07615_boy_S5.npz,62,6,1,S5,4.312047399605
C6/clip_07616_boy_S5.npz,62,6,1,S5,4.2791310072416
C6/clip_07617_boy_S5.npz,62,6,1,S5,4.2791310072416
C6/clip_07618_boy_S5.npz,62,6,1,S5,4.312047399605
C6/clip_07619_boy_S5.npz,62,6,1,S5,4.2791310072416
C6/clip_07620_boy_S5.npz,62,6,1,S5,4.2791310072416
C6/clip_07621_boy_S5.npz,62,6,1,S5,4.24621461487821
C6/clip_07622_boy_S5.npz,62,6,1,S5,4.2791310072416
C6/clip_07623_boy_S5.npz,62,6,1,S5,4.312047399605
C6/clip_07624_boy_S5.npz,62,6,1,S5,4.2791310072416
C6/clip_07625_boy_S5.npz,62,6,1,S5,4.27903273957607
C6/clip_07626_boy_S5.npz,62,6,1,S5,4.2791310072416
C6/clip_07627_boy_S5.npz,62,6,1,S5,4.27903273957607
C6/clip_07628_boy_S5.npz,62,6,1,S5,4.2791310072416
C6/clip_07629_boy_S5.npz,62,6,1,S5,4.312047399605
C6/clip_07630_boy_S5.npz,62,6,1,S5,4.2791310072416
C6/clip_07631_boy_S5.npz,62,6,1,S5,4.2791310072416
C6/clip_07632_boy_S5.npz,62,6,1,S5,4.27903273957607
C6/clip_07633_boy_S5.npz,62,6,1,S5,4.33275563258232
C6/clip_07634_boy_S5.npz,62,6,1,S5,4.26609785361951
C6/clip_07635_boy_S5.npz,62,6,1,S5,4.43259456757207
C6/clip_07636_boy_S5.npz,62,6,1,S5,4.46592234627562
C6/clip_07637_boy_S5.npz,62,6,1,S5,4.33275563258232
C6/clip_07638_boy_S6.npz,62,6,1,S6,4.312047399605
C6/clip_07639_boy_S6.npz,62,6,1,S6,4.2791310072416
C6/clip_07640_boy_S6.npz,62,6,1,S6,4.24621461487821
C6/clip_07641_boy_S6.npz,62,6,1,S6,4.2791310072416
C6/clip_07642_boy_S6.npz,62,6,1,S6,4.2791310072416
C6/clip_07643_boy_S6.npz,62,6,1,S6,4.24621461487821
C6/clip_07644_boy_S6.npz,62,6,1,S6,4.2791310072416
C6/clip_07645_boy_S6.npz,62,6,1,S6,4.2791310072416
C6/clip_07646_boy_S6.npz,62,6,1,S6,4.2791310072416
C6/clip_07647_boy_S6.npz,62,6,1,S6,4.24621461487821
C6/clip_07648_boy_S6.npz,62,6,1,S6,4.2791310072416
C6/clip_07649_boy_S6.npz,62,6,1,S6,4.2791310072416
C6/clip_07650_boy_S6.npz,62,6,1,S6,4.2791310072416
C6/clip_07651_boy_S6.npz,62,6,1,S6,4.24621461487821
C6/clip_07652_boy_S6.npz,62,6,1,S6,4.2791310072416
C6/clip_07653_boy_S6.npz,62,6,1,S6,4.2791310072416
C6/clip_07654_boy_S6.npz,62,6,1,S6,4.2791310072416
C6/clip_07655_boy_S6.npz,62,6,1,S6,4.24621461487821
C6/clip_07656_boy_S6.npz,62,6,1,S6,4.2791310072416
C6/clip_07657_boy_S6.npz,62,6,1,S6,4.2791310072416
C6/clip_07658_boy_S6.npz,62,6,0,S6,3.99503138953234
C6/clip_07659_boy_S6.npz,62,6,0,S6,4.02860308188135
C6/clip_07660_boy_S6.npz,62,6,1,S6,4.09574646657938
C6/clip_07661_boy_S6.npz,62,6,0,S6,4.12931815892839
C6/clip_07662_boy_S6.npz,62,6,0,S6,4.09574646657938
C6/clip_07663_boy_S7.npz,62,6,1,S7,4.29856714428523
C6/clip_07664_boy_S7.npz,62,6,1,S7,4.33188937020993
C6/clip_07665_boy_S7.npz,62,6,1,S7,4.29856714428523
C6/clip_07666_boy_S7.npz,62,6,1,S7,4.26524491836054
C6/clip_07667_boy_S7.npz,62,6,1,S7,4.29856714428523
C6/clip_07668_boy_S7.npz,62,6,1,S7,4.26524491836054
C6/clip_07669_boy_S7.npz,62,6,1,S7,4.26524491836054
C6/clip_07670_boy_S7.npz,62,6,1,S7,4.29856714428523
C6/clip_07671_boy_S7.npz,62,6,1,S7,4.29856714428523
C6/clip_07672_boy_S7.npz,62,6,1,S7,4.29856714428523
C6/clip_07673_boy_S7.npz,62,6,1,S7,4.29856714428523
C6/clip_07674_boy_S7.npz,62,6,1,S7,4.29856714428523
C6/clip_07675_boy_S7.npz,62,6,1,S7,4.29856714428523
C6/clip_07676_boy_S7.npz,62,6,1,S7,4.26524491836054
C6/clip_07677_boy_S7.npz,62,6,1,S7,4.29856714428523
C6/clip_07678_boy_S7.npz,62,6,1,S7,4.26524491836054
C6/clip_07679_boy_S7.npz,62,6,1,S7,4.26524491836054
C6/clip_07680_boy_S7.npz,62,6,1,S7,4.29856714428523
C6/clip_07681_boy_S7.npz,62,6,1,S7,4.26524491836054
C6/clip_07682_boy_S7.npz,62,6,1,S7,4.29856714428523
C6/clip_07683_boy_S7.npz,62,6,1,S7,4.26524491836054
C6/clip_07684_boy_S7.npz,62,6,1,S7,4.26595567405432
C6/clip_07685_boy_S7.npz,62,6,1,S7,4.29928345275787
C6/clip_07686_boy_S7.npz,62,6,1,S7,4.23262789535077
C6/clip_07687_boy_S7.npz,62,6,1,S7,4.29928345275787
C6/clip_07688_boy_S7.npz,62,6,1,S7,4.33261123146142
C6/clip_07689_girl_S0.npz,63,6,1,S0,4.06666666666666
C6/clip_07690_girl_S0.npz,63,6,1,S0,4.06666666666666
C6/clip_07691_girl_S0.npz,63,6,1,S0,4.06666666666666
C6/clip_07692_girl_S0.npz,63,6,1,S0,4.06666666666666
C6/clip_07693_girl_S0.npz,63,6,1,S0,4.06666666666666
C6/clip_07694_girl_S1.npz,63,6,1,S1,4.06666666666666
C6/clip_07695_girl_S1.npz,63,6,1,S1,4.06666666666666
C6/clip_07696_girl_S1.npz,63,6,1,S1,4.06666666666666
C6/clip_07697_girl_S1.npz,63,6,1,S1,4.06666666666666
C6/clip_07698_girl_S1.npz,63,6,1,S1,4.06666666666666
C6/clip_07699_girl_S2.npz,63,6,1,S2,4.06666666666666
C6/clip_07700_girl_S2.npz,63,6,1,S2,4.06666666666666
C6/clip_07701_girl_S2.npz,63,6,1,S2,4.06666666666666
C6/clip_07702_girl_S2.npz,63,6,1,S2,4.06666666666666
C6/clip_07703_girl_S2.npz,63,6,1,S2,4.06666666666666
C6/clip_07704_girl_S3.npz,63,6,0,S3,4.06666666666666
C6/clip_07705_girl_S3.npz,63,6,1,S3,4.06666666666666
C6/clip_07706_girl_S3.npz,63,6,1,S3,4.06666666666666
C6/clip_07707_girl_S3.npz,63,6,1,S3,4.06666666666666
C6/clip_07708_girl_S3.npz,63,6,1,S3,4.06666666666666
C6/clip_07709_girl_S4.npz,63,6,1,S4,4.43259456757207
C6/clip_07710_girl_S4.npz,63,6,1,S4,4.63256123979336
C6/clip_07711_girl_S4.npz,63,6,1,S4,5.3324445925679
C6/clip_07712_girl_S4.npz,63,6,1,S4,4.99916680553241
C6/clip_07713_girl_S4.npz,63,6,1,S4,4.26581350396587
C6/clip_07714_girl_S4.npz,63,6,1,S4,4.29928345275787
C6/clip_07715_girl_S4.npz,63,6,1,S4,4.29942674310092
C6/clip_07716_girl_S4.npz,63,6,1,S4,4.36608452206372
C6/clip_07717_girl_S4.npz,63,6,1,S4,4.59923346108981
C6/clip_07718_girl_S4.npz,63,6,1,S4,4.49940007998933
C6/clip_07719_girl_S4.npz,63,6,1,S4,4.53272896947073
C6/clip_07720_girl_S4.npz,63,6,1,S4,4.46607119050793
C6/clip_07721_girl_S4.npz,63,6,1,S4,4.53257790368272
C6/clip_07722_girl_S4.npz,63,6,1,S4,4.39941341154512
C6/clip_07723_girl_S4.npz,63,6,1,S4,4.26609785361951
C6/clip_07724_girl_S4.npz,63,6,1,S4,4.49940007998933
C6/clip_07725_girl_S4.npz,63,6,1,S4,4.49925012497917
C6/clip_07726_girl_S4.npz,63,6,1,S4,4.26595567405432
C6/clip_07727_girl_S4.npz,63,6,1,S4,4.59923346108981
C6/clip_07728_girl_S4.npz,63,6,1,S4,4.53272896947073
C6/clip_07729_girl_S4.npz,63,6,1,S4,4.36593901016497
C6/clip_07730_girl_S4.npz,63,6,1,S4,4.36608452206372
C6/clip_07731_girl_S4.npz,63,6,1,S4,4.49925012497917
C6/clip_07732_girl_S4.npz,63,6,1,S4,4.63256123979336
C6/clip_07733_girl_S4.npz,63,6,1,S4,4.49925012497917
C6/clip_07734_girl_S5.npz,63,6,1,S5,4.2791310072416
C6/clip_07735_girl_S5.npz,63,6,1,S5,4.2791310072416
C6/clip_07736_girl_S5.npz,63,6,1,S5,4.27903273957607
C6/clip_07737_girl_S5.npz,63,6,1,S5,4.312047399605
C6/clip_07738_girl_S5.npz,63,6,1,S5,4.2791310072416
C6/clip_07739_girl_S5.npz,63,6,1,S5,4.2791310072416
C6/clip_07740_girl_S5.npz,63,6,1,S5,4.2791310072416
C6/clip_07741_girl_S5.npz,63,6,1,S5,4.27903273957607
C6/clip_07742_girl_S5.npz,63,6,1,S5,4.2791310072416
C6/clip_07743_girl_S5.npz,63,6,1,S5,4.27903273957607
C6/clip_07744_girl_S5.npz,63,6,1,S5,4.2791310072416
C6/clip_07745_girl_S5.npz,63,6,1,S5,4.2791310072416
C6/clip_07746_girl_S5.npz,63,6,1,S5,4.2791310072416
C6/clip_07747_girl_S5.npz,63,6,1,S5,4.312047399605
C6/clip_07748_girl_S5.npz,63,6,1,S5,4.24621461487821
C6/clip_07749_girl_S5.npz,63,6,1,S5,4.27903273957607
C6/clip_07750_girl_S5.npz,63,6,1,S5,4.2791310072416
C6/clip_07751_girl_S5.npz,63,6,1,S5,4.2791310072416
C6/clip_07752_girl_S5.npz,63,6,1,S5,4.312047399605
C6/clip_07753_girl_S5.npz,63,6,1,S5,4.2791310072416
C6/clip_07754_girl_S5.npz,63,6,1,S5,4.19930011664722
C6/clip_07755_girl_S5.npz,63,6,1,S5,4.13264455924012
C6/clip_07756_girl_S5.npz,63,6,1,S5,4.16597233794367
C6/clip_07757_girl_S5.npz,63,6,1,S5,4.16597233794367
C6/clip_07758_girl_S5.npz,63,6,1,S5,4.26609785361951
C6/clip_07759_girl_S6.npz,63,6,1,S6,4.312047399605
C6/clip_07760_girl_S6.npz,63,6,1,S6,4.2791310072416
C6/clip_07761_girl_S6.npz,63,6,1,S6,4.2791310072416
C6/clip_07762_girl_S6.npz,63,6,1,S6,4.2791310072416
C6/clip_07763_girl_S6.npz,63,6,1,S6,4.2791310072416
C6/clip_07764_girl_S6.npz,63,6,1,S6,4.2791310072416
C6/clip_07765_girl_S6.npz,63,6,1,S6,4.2791310072416
C6/clip_07766_girl_S6.npz,63,6,1,S6,4.2791310072416
C6/clip_07767_girl_S6.npz,63,6,1,S6,4.2791310072416
C6/clip_07768_girl_S6.npz,63,6,1,S6,4.2791310072416
C6/clip_07769_girl_S6.npz,63,6,1,S6,4.2791310072416
C6/clip_07770_girl_S6.npz,63,6,1,S6,4.2791310072416
C6/clip_07771_girl_S6.npz,63,6,1,S6,4.2791310072416
C6/clip_07772_girl_S6.npz,63,6,1,S6,4.24621461487821
C6/clip_07773_girl_S6.npz,63,6,1,S6,4.24621461487821
C6/clip_07774_girl_S6.npz,63,6,1,S6,4.2791310072416
C6/clip_07775_girl_S6.npz,63,6,1,S6,4.2791310072416
C6/clip_07776_girl_S6.npz,63,6,1,S6,4.2791310072416
C6/clip_07777_girl_S6.npz,63,6,1,S6,4.2791310072416
C6/clip_07778_girl_S6.npz,63,6,1,S6,4.2791310072416
C6/clip_07779_girl_S6.npz,63,6,1,S6,4.09574646657938
C6/clip_07780_girl_S6.npz,63,6,1,S6,4.33074831302245
C6/clip_07781_girl_S6.npz,63,6,1,S6,4.12917953538337
C6/clip_07782_girl_S6.npz,63,6,1,S6,4.1628898512774
C6/clip_07783_girl_S6.npz,63,6,1,S6,4.22989123136833
C6/clip_07784_girl_S7.npz,63,6,1,S7,4.29856714428523
C6/clip_07785_girl_S7.npz,63,6,1,S7,4.26524491836054
C6/clip_07786_girl_S7.npz,63,6,1,S7,4.29856714428523
C6/clip_07787_girl_S7.npz,63,6,1,S7,4.26524491836054
C6/clip_07788_girl_S7.npz,63,6,1,S7,4.29856714428523
C6/clip_07789_girl_S7.npz,63,6,1,S7,4.29856714428523
C6/clip_07790_girl_S7.npz,63,6,1,S7,4.26524491836054
C6/clip_07791_girl_S7.npz,63,6,1,S7,4.2653870505515
C6/clip_07792_girl_S7.npz,63,6,1,S7,4.26524491836054
C6/clip_07793_girl_S7.npz,63,6,1,S7,4.29856714428523
C6/clip_07794_girl_S7.npz,63,6,1,S7,4.26524491836054
C6/clip_07795_girl_S7.npz,63,6,1,S7,4.26524491836054
C6/clip_07796_girl_S7.npz,63,6,1,S7,4.29856714428523
C6/clip_07797_girl_S7.npz,63,6,1,S7,4.29856714428523
C6/clip_07798_girl_S7.npz,63,6,1,S7,4.29856714428523
C6/clip_07799_girl_S7.npz,63,6,1,S7,4.26524491836054
C6/clip_07800_girl_S7.npz,63,6,1,S7,4.26524491836054
C6/clip_07801_girl_S7.npz,63,6,1,S7,4.26524491836054
C6/clip_07802_girl_S7.npz,63,6,1,S7,4.26524491836054
C6/clip_07803_girl_S7.npz,63,6,1,S7,4.29856714428523
C6/clip_07804_girl_S7.npz,63,6,1,S7,4.29856714428523
C6/clip_07805_girl_S7.npz,63,6,1,S7,4.29856714428523
C6/clip_07806_girl_S7.npz,63,6,1,S7,4.26524491836054
C6/clip_07807_girl_S7.npz,63,6,1,S7,4.26524491836054
C6/clip_07808_girl_S7.npz,63,6,1,S7,4.26524491836054
C6/clip_07809_girl_S7.npz,63,6,1,S7,4.29856714428523
C6/clip_07810_girl_S7.npz,63,6,1,S7,4.29856714428523
C6/clip_07811_girl_S7.npz,63,6,1,S7,4.26524491836054
C6/clip_07812_girl_S7.npz,63,6,1,S7,4.29856714428523
C6/clip_07813_girl_S7.npz,63,6,1,S7,4.23262789535077
C6/clip_07814_girl_S7.npz,63,6,1,S7,4.09931678053657
C6/clip_07815_girl_S7.npz,63,6,1,S7,4.06598900183302
C6/clip_07816_girl_S7.npz,63,6,1,S7,4.23248683596614
C6/clip_07817_girl_S7.npz,63,6,1,S7,4.29928345275787
C6/clip_07818_man_S0.npz,64,6,1,S0,4.06666666666666
C6/clip_07819_man_S0.npz,64,6,1,S0,4.06666666666666
C6/clip_07820_man_S0.npz,64,6,1,S0,4.06666666666666
C6/clip_07821_man_S0.npz,64,6,1,S0,4.06666666666666
C6/clip_07822_man_S0.npz,64,6,1,S0,4.06666666666666
C6/clip_07823_man_S1.npz,64,6,1,S1,4.06666666666666
C6/clip_07824_man_S1.npz,64,6,1,S1,4.06666666666666
C6/clip_07825_man_S1.npz,64,6,1,S1,4.06666666666666
C6/clip_07826_man_S1.npz,64,6,1,S1,4.06666666666666
C6/clip_07827_man_S1.npz,64,6,1,S1,4.06666666666666
C6/clip_07828_man_S2.npz,64,6,1,S2,4.06666666666666
C6/clip_07829_man_S2.npz,64,6,1,S2,4.06666666666666
C6/clip_07830_man_S2.npz,64,6,1,S2,4.06666666666666
C6/clip_07831_man_S2.npz,64,6,1,S2,4.06666666666666
C6/clip_07832_man_S2.npz,64,6,1,S2,4.06666666666666
C6/clip_07833_man_S3.npz,64,6,1,S3,4.06666666666666
C6/clip_07834_man_S3.npz,64,6,1,S3,4.06666666666666
C6/clip_07835_man_S3.npz,64,6,1,S3,4.06666666666666
C6/clip_07836_man_S3.npz,64,6,1,S3,4.06666666666666
C6/clip_07837_man_S3.npz,64,6,1,S3,4.06666666666666
C6/clip_07838_man_S4.npz,64,6,1,S4,4.29928345275787
C6/clip_07839_man_S4.npz,64,6,1,S4,4.49925012497917
C6/clip_07840_man_S4.npz,64,6,1,S4,4.36593901016497
C6/clip_07841_man_S4.npz,64,6,1,S4,4.4995500449955
C6/clip_07842_man_S4.npz,64,6,1,S4,4.86601786428476
C6/clip_07843_man_S4.npz,64,6,1,S4,4.23262789535077
C6/clip_07844_man_S4.npz,64,6,1,S4,4.49925012497917
C6/clip_07845_man_S4.npz,64,6,1,S4,4.43274230102652
C6/clip_07846_man_S4.npz,64,6,1,S4,4.23276896413811
C6/clip_07847_man_S4.npz,64,6,1,S4,4.23262789535077
C6/clip_07848_man_S4.npz,64,6,1,S4,4.39926678886852
C6/clip_07849_man_S4.npz,64,6,1,S4,4.26609785361951
C6/clip_07850_man_S4.npz,64,6,1,S4,4.26595567405432
C6/clip_07851_man_S4.npz,64,6,1,S4,4.29942674310092
C6/clip_07852_man_S4.npz,64,6,1,S4,4.29928345275787
C6/clip_07853_man_S4.npz,64,6,1,S4,4.5662100456621
C6/clip_07854_man_S4.npz,64,6,1,S4,4.49921095927206
C6/clip_07855_man_S4.npz,64,6,1,S4,4.39922090133655
C6/clip_07856_man_S4.npz,64,6,1,S4,4.26609785361951
C6/clip_07857_man_S4.npz,64,6,1,S4,4.46607119050793
C6/clip_07858_man_S4.npz,64,6,1,S4,4.29942674310092
C6/clip_07859_man_S4.npz,64,6,1,S4,5.5990668221963
C6/clip_07860_man_S4.npz,64,6,1,S4,4.26595567405432
C6/clip_07861_man_S4.npz,64,6,1,S4,4.36608452206372
C6/clip_07862_man_S4.npz,64,6,1,S4,4.33261123146142
C6/clip_07863_man_S5.npz,64,6,1,S5,4.2791310072416
C6/clip_07864_man_S5.npz,64,6,1,S5,4.2791310072416
C6/clip_07865_man_S5.npz,64,6,1,S5,4.24621461487821
C6/clip_07866_man_S5.npz,64,6,1,S5,4.312047399605
C6/clip_07867_man_S5.npz,64,6,1,S5,4.2791310072416
C6/clip_07868_man_S5.npz,64,6,1,S5,4.27903273957607
C6/clip_07869_man_S5.npz,64,6,1,S5,4.2791310072416
C6/clip_07870_man_S5.npz,64,6,1,S5,4.2791310072416
C6/clip_07871_man_S5.npz,64,6,1,S5,4.2791310072416
C6/clip_07872_man_S5.npz,64,6,1,S5,4.2791310072416
C6/clip_07873_man_S5.npz,64,6,1,S5,4.2791310072416
C6/clip_07874_man_S5.npz,64,6,1,S5,4.2791310072416
C6/clip_07875_man_S5.npz,64,6,1,S5,4.2791310072416
C6/clip_07876_man_S5.npz,64,6,1,S5,4.2791310072416
C6/clip_07877_man_S5.npz,64,6,1,S5,4.24614363907779
C6/clip_07878_man_S5.npz,64,6,1,S5,4.2791310072416
C6/clip_07879_man_S5.npz,64,6,1,S5,4.2791310072416
C6/clip_07880_man_S5.npz,64,6,1,S5,4.312047399605
C6/clip_07881_man_S5.npz,64,6,1,S5,4.24621461487821
C6/clip_07882_man_S5.npz,64,6,1,S5,4.2791310072416
C6/clip_07883_man_S5.npz,64,6,1,S5,4.96600453272896
C6/clip_07884_man_S5.npz,64,6,1,S5,4.36593901016497
C6/clip_07885_man_S5.npz,64,6,1,S5,4.26609785361951
C6/clip_07886_man_S5.npz,64,6,1,S5,4.09931678053657
C6/clip_07887_man_S5.npz,64,6,1,S5,3.96600566572238
C6/clip_07888_man_S6.npz,64,6,1,S6,4.2791310072416
C6/clip_07889_man_S6.npz,64,6,1,S6,4.2791310072416
C6/clip_07890_man_S6.npz,64,6,1,S6,4.2791310072416
C6/clip_07891_man_S6.npz,64,6,1,S6,4.24621461487821
C6/clip_07892_man_S6.npz,64,6,1,S6,4.2791310072416
C6/clip_07893_man_S6.npz,64,6,1,S6,4.24621461487821
C6/clip_07894_man_S6.npz,64,6,1,S6,4.312047399605
C6/clip_07895_man_S6.npz,64,6,1,S6,4.2791310072416
C6/clip_07896_man_S6.npz,64,6,1,S6,4.2791310072416
C6/clip_07897_man_S6.npz,64,6,1,S6,4.2791310072416
C6/clip_07898_man_S6.npz,64,6,1,S6,4.2791310072416
C6/clip_07899_man_S6.npz,64,6,1,S6,4.2791310072416
C6/clip_07900_man_S6.npz,64,6,1,S6,4.2791310072416
C6/clip_07901_man_S6.npz,64,6,1,S6,4.2791310072416
C6/clip_07902_man_S6.npz,64,6,1,S6,4.2791310072416
C6/clip_07903_man_S6.npz,64,6,1,S6,4.2791310072416
C6/clip_07904_man_S6.npz,64,6,1,S6,4.312047399605
C6/clip_07905_man_S6.npz,64,6,1,S6,4.2791310072416
C6/clip_07906_man_S6.npz,64,6,1,S6,4.24621461487821
C6/clip_07907_man_S6.npz,64,6,1,S6,4.2791310072416
C6/clip_07908_man_S6.npz,64,6,1,S6,4.1628898512774
C6/clip_07909_man_S6.npz,64,6,0,S6,4.06244754070841
C6/clip_07910_man_S6.npz,64,6,0,S6,3.99503138953234
C6/clip_07911_man_S6.npz,64,6,0,S6,4.26389122041295
C6/clip_07912_man_S6.npz,64,6,0,S6,4.23031727379553
C6/clip_07913_man_S7.npz,64,6,1,S7,4.29856714428523
C6/clip_07914_man_S7.npz,64,6,1,S7,4.29856714428523
C6/clip_07915_man_S7.npz,64,6,1,S7,4.26524491836054
C6/clip_07916_man_S7.npz,64,6,1,S7,4.29856714428523
C6/clip_07917_man_S7.npz,64,6,0,S7,4.26524491836054
C6/clip_07918_man_S7.npz,64,6,1,S7,4.29856714428523
C6/clip_07919_man_S7.npz,64,6,1,S7,4.26524491836054
C6/clip_07920_man_S7.npz,64,6,1,S7,4.29856714428523
C6/clip_07921_man_S7.npz,64,6,1,S7,4.29856714428523
C6/clip_07922_man_S7.npz,64,6,1,S7,4.29856714428523
C6/clip_07923_man_S7.npz,64,6,0,S7,4.29856714428523
C6/clip_07924_man_S7.npz,64,6,0,S7,4.29856714428523
C6/clip_07925_man_S7.npz,64,6,1,S7,4.26524491836054
C6/clip_07926_man_S7.npz,64,6,1,S7,4.26524491836054
C6/clip_07927_man_S7.npz,64,6,1,S7,4.29856714428523
C6/clip_07928_man_S7.npz,64,6,1,S7,4.26524491836054
C6/clip_07929_man_S7.npz,64,6,1,S7,4.26524491836054
C6/clip_07930_man_S7.npz,64,6,1,S7,4.29856714428523
C6/clip_07931_man_S7.npz,64,6,0,S7,4.26524491836054
C6/clip_07932_man_S7.npz,64,6,1,S7,4.26524491836054
C6/clip_07933_man_S7.npz,64,6,1,S7,4.29928345275787
C6/clip_07934_man_S7.npz,64,6,1,S7,4.39926678886852
C6/clip_07935_man_S7.npz,64,6,1,S7,4.23262789535077
C6/clip_07936_man_S7.npz,64,6,1,S7,4.19930011664722
C6/clip_07937_man_S7.npz,64,6,1,S7,4.26595567405432
C6/clip_07938_woman_S0.npz,65,6,1,S0,4.06666666666666
C6/clip_07939_woman_S0.npz,65,6,1,S0,4.06666666666666
C6/clip_07940_woman_S0.npz,65,6,1,S0,4.06666666666666
C6/clip_07941_woman_S0.npz,65,6,1,S0,4.06666666666666
C6/clip_07942_woman_S0.npz,65,6,1,S0,4.06666666666666
C6/clip_07943_woman_S1.npz,65,6,1,S1,4.06666666666666
C6/clip_07944_woman_S1.npz,65,6,1,S1,4.06666666666666
C6/clip_07945_woman_S1.npz,65,6,1,S1,4.06666666666666
C6/clip_07946_woman_S1.npz,65,6,1,S1,4.06666666666666
C6/clip_07947_woman_S1.npz,65,6,1,S1,4.06666666666666
C6/clip_07948_woman_S2.npz,65,6,1,S2,4.06666666666666
C6/clip_07949_woman_S2.npz,65,6,1,S2,4.06666666666666
C6/clip_07950_woman_S2.npz,65,6,1,S2,4.06666666666666
C6/clip_07951_woman_S2.npz,65,6,1,S2,4.06666666666666
C6/clip_07952_woman_S2.npz,65,6,1,S2,4.06666666666666
C6/clip_07953_woman_S3.npz,65,6,1,S3,4.06666666666666
C6/clip_07954_woman_S3.npz,65,6,1,S3,4.06666666666666
C6/clip_07955_woman_S3.npz,65,6,1,S3,4.06666666666666
C6/clip_07956_woman_S3.npz,65,6,1,S3,4.06666666666666
C6/clip_07957_woman_S3.npz,65,6,1,S3,4.06666666666666
C6/clip_07958_woman_S4.npz,65,6,1,S4,4.53272896947073
C6/clip_07959_woman_S4.npz,65,6,1,S4,4.33261123146142
C6/clip_07960_woman_S4.npz,65,6,1,S4,4.43259456757207
C6/clip_07961_woman_S4.npz,65,6,1,S4,4.53257790368272
C6/clip_07962_woman_S4.npz,65,6,1,S4,4.33275563258232
C6/clip_07963_woman_S4.npz,65,6,1,S4,4.26609785361951
C6/clip_07964_woman_S4.npz,65,6,1,S4,4.33275563258232
C6/clip_07965_woman_S4.npz,65,6,1,S4,4.29942674310092
C6/clip_07966_woman_S4.npz,65,6,1,S4,4.29928345275787
C6/clip_07967_woman_S4.npz,65,6,1,S4,4.26609785361951
C6/clip_07968_woman_S4.npz,65,6,1,S4,4.29928345275787
C6/clip_07969_woman_S4.npz,65,6,1,S4,4.19930011664722
C6/clip_07970_woman_S4.npz,65,6,1,S4,4.26609785361951
C6/clip_07971_woman_S4.npz,65,6,1,S4,4.29942674310092
C6/clip_07972_woman_S4.npz,65,6,1,S4,4.26609785361951
C6/clip_07973_woman_S4.npz,65,6,1,S4,4.63256123979336
C6/clip_07974_woman_S4.npz,65,6,1,S4,4.53272896947073
C6/clip_07975_woman_S4.npz,65,6,1,S4,4.43259456757207
C6/clip_07976_woman_S4.npz,65,6,1,S4,4.43274230102652
C6/clip_07977_woman_S4.npz,65,6,1,S4,4.49940007998933
C6/clip_07978_woman_S4.npz,65,6,1,S4,4.29942674310092
C6/clip_07979_woman_S4.npz,65,6,1,S4,4.53272896947073
C6/clip_07980_woman_S4.npz,65,6,1,S4,4.33275563258232
C6/clip_07981_woman_S4.npz,65,6,1,S4,4.49925012497917
C6/clip_07982_woman_S4.npz,65,6,1,S4,4.23262789535077
C6/clip_07983_woman_S5.npz,65,6,1,S5,4.34491978609625
C6/clip_07984_woman_S5.npz,65,6,1,S5,4.2791310072416
C6/clip_07985_woman_S5.npz,65,6,1,S5,4.312047399605
C6/clip_07986_woman_S5.npz,65,6,1,S5,4.2791310072416
C6/clip_07987_woman_S5.npz,65,6,1,S5,4.2791310072416
C6/clip_07988_woman_S5.npz,65,6,1,S5,4.2791310072416
C6/clip_07989_woman_S5.npz,65,6,1,S5,4.2791310072416
C6/clip_07990_woman_S5.npz,65,6,1,S5,4.24614363907779
C6/clip_07991_woman_S5.npz,65,6,1,S5,4.2791310072416
C6/clip_07992_woman_S5.npz,65,6,1,S5,4.2791310072416
C6/clip_07993_woman_S5.npz,65,6,1,S5,4.2791310072416
C6/clip_07994_woman_S5.npz,65,6,1,S5,4.2791310072416
C6/clip_07995_woman_S5.npz,65,6,1,S5,4.27903273957607
C6/clip_07996_woman_S5.npz,65,6,1,S5,4.27907598702905
C6/clip_07997_woman_S5.npz,65,6,1,S5,4.312047399605
C6/clip_07998_woman_S5.npz,65,6,1,S5,4.312047399605
C6/clip_07999_woman_S5.npz,65,6,1,S5,4.2791310072416
C6/clip_08000_woman_S5.npz,65,6,1,S5,4.2791310072416
C6/clip_08001_woman_S5.npz,65,6,1,S5,4.2791310072416
C6/clip_08002_woman_S5.npz,65,6,1,S5,4.27903273957607
C6/clip_08003_woman_S5.npz,65,6,1,S5,4.49940007998933
C6/clip_08004_woman_S5.npz,65,6,1,S5,3.89431631248531
C6/clip_08005_woman_S5.npz,65,6,1,S5,3.99503138953234
C6/clip_08006_woman_S5.npz,65,6,1,S5,4.1628898512774
C6/clip_08007_woman_S5.npz,65,6,1,S5,4.06217477423036
C6/clip_08008_woman_S6.npz,65,6,1,S6,4.3449637919684
C6/clip_08009_woman_S6.npz,65,6,1,S6,4.24621461487821
C6/clip_08010_woman_S6.npz,65,6,1,S6,4.2791310072416
C6/clip_08011_woman_S6.npz,65,6,1,S6,4.312047399605
C6/clip_08012_woman_S6.npz,65,6,1,S6,4.312047399605
C6/clip_08013_woman_S6.npz,65,6,1,S6,4.312047399605
C6/clip_08014_woman_S6.npz,65,6,1,S6,4.2791310072416
C6/clip_08015_woman_S6.npz,65,6,1,S6,4.2791310072416
C6/clip_08016_woman_S6.npz,65,6,1,S6,4.24621461487821
C6/clip_08017_woman_S6.npz,65,6,1,S6,4.2791310072416
C6/clip_08018_woman_S6.npz,65,6,1,S6,4.2791310072416
C6/clip_08019_woman_S6.npz,65,6,1,S6,4.2791310072416
C6/clip_08020_woman_S6.npz,65,6,1,S6,4.24621461487821
C6/clip_08021_woman_S6.npz,65,6,1,S6,4.312047399605
C6/clip_08022_woman_S6.npz,65,6,1,S6,4.312047399605
C6/clip_08023_woman_S6.npz,65,6,1,S6,4.2791310072416
C6/clip_08024_woman_S6.npz,65,6,1,S6,4.2791310072416
C6/clip_08025_woman_S6.npz,65,6,1,S6,4.2791310072416
C6/clip_08026_woman_S6.npz,65,6,1,S6,4.2791310072416
C6/clip_08027_woman_S6.npz,65,6,1,S6,4.2791310072416
C6/clip_08028_woman_S6.npz,65,6,1,S6,4.26346179669665
C6/clip_08029_woman_S6.npz,65,6,1,S6,4.23003323597542
C6/clip_08030_woman_S6.npz,65,6,1,S6,4.12931815892839
C6/clip_08031_woman_S6.npz,65,6,1,S6,4.06203840472673
C6/clip_08032_woman_S6.npz,65,6,1,S6,4.29732088900825
C6/clip_08033_woman_S7.npz,65,6,1,S7,4.29856714428523
C6/clip_08034_woman_S7.npz,65,6,1,S7,4.26524491836054
C6/clip_08035_woman_S7.npz,65,6,1,S7,4.29856714428523
C6/clip_08036_woman_S7.npz,65,6,1,S7,4.29856714428523
C6/clip_08037_woman_S7.npz,65,6,1,S7,4.26524491836054
C6/clip_08038_woman_S7.npz,65,6,1,S7,4.26524491836054
C6/clip_08039_woman_S7.npz,65,6,1,S7,4.29856714428523
C6/clip_08040_woman_S7.npz,65,6,1,S7,4.29856714428523
C6/clip_08041_woman_S7.npz,65,6,1,S7,4.26524491836054
C6/clip_08042_woman_S7.npz,65,6,1,S7,4.26524491836054
C6/clip_08043_woman_S7.npz,65,6,1,S7,4.33188937020993
C6/clip_08044_woman_S7.npz,65,6,1,S7,4.29856714428523
C6/clip_08045_woman_S7.npz,65,6,1,S7,4.26524491836054
C6/clip_08046_woman_S7.npz,65,6,1,S7,4.26524491836054
C6/clip_08047_woman_S7.npz,65,6,1,S7,4.29856714428523
C6/clip_08048_woman_S7.npz,65,6,1,S7,4.29856714428523
C6/clip_08049_woman_S7.npz,65,6,1,S7,4.26524491836054
C6/clip_08050_woman_S7.npz,65,6,1,S7,4.29856714428523
C6/clip_08051_woman_S7.npz,65,6,1,S7,4.29856714428523
C6/clip_08052_woman_S7.npz,65,6,1,S7,4.29856714428523
C6/clip_08053_woman_S7.npz,65,6,1,S7,4.53257790368272
C6/clip_08054_woman_S7.npz,65,6,0,S7,4.39926678886852
C6/clip_08055_woman_S7.npz,65,6,0,S7,4.43274230102652
C6/clip_08056_woman_S7.npz,65,6,1,S7,4.26609785361951
C6/clip_08057_woman_S7.npz,65,6,1,S7,4.53257790368272
C6/clip_08058_deaf_S0.npz,66,6,1,S0,4.06666666666666
C6/clip_08059_deaf_S0.npz,66,6,1,S0,4.06666666666666
C6/clip_08060_deaf_S0.npz,66,6,1,S0,4.06666666666666
C6/clip_08061_deaf_S0.npz,66,6,1,S0,4.06666666666666
C6/clip_08062_deaf_S0.npz,66,6,1,S0,4.06666666666666
C6/clip_08063_deaf_S1.npz,66,6,1,S1,4.06666666666666
C6/clip_08064_deaf_S1.npz,66,6,1,S1,4.06666666666666
C6/clip_08065_deaf_S1.npz,66,6,1,S1,4.06666666666666
C6/clip_08066_deaf_S1.npz,66,6,1,S1,4.06666666666666
C6/clip_08067_deaf_S1.npz,66,6,1,S1,4.06666666666666
C6/clip_08068_deaf_S2.npz,66,6,1,S2,4.06666666666666
C6/clip_08069_deaf_S2.npz,66,6,1,S2,4.06666666666666
C6/clip_08070_deaf_S2.npz,66,6,1,S2,4.06666666666666
C6/clip_08071_deaf_S2.npz,66,6,1,S2,4.06666666666666
C6/clip_08072_deaf_S2.npz,66,6,1,S2,4.06666666666666
C6/clip_08073_deaf_S2.npz,66,6,1,S2,4.06666666666666
C6/clip_08074_deaf_S3.npz,66,6,1,S3,4.06666666666666
C6/clip_08075_deaf_S3.npz,66,6,1,S3,4.06666666666666
C6/clip_08076_deaf_S3.npz,66,6,1,S3,4.06666666666666
C6/clip_08077_deaf_S3.npz,66,6,1,S3,4.06666666666666
C6/clip_08078_deaf_S3.npz,66,6,1,S3,4.06666666666666
C6/clip_08079_deaf_S4.npz,66,6,1,S4,4.79936008532195
C6/clip_08080_deaf_S4.npz,66,6,1,S4,4.36593901016497
C6/clip_08081_deaf_S4.npz,66,6,1,S4,4.56590568238626
C6/clip_08082_deaf_S4.npz,66,6,1,S4,4.29928345275787
C6/clip_08083_deaf_S4.npz,66,6,1,S4,4.29942674310092
C6/clip_08084_deaf_S4.npz,66,6,1,S4,4.26595567405432
C6/clip_08085_deaf_S4.npz,66,6,1,S4,4.29928345275787
C6/clip_08086_deaf_S4.npz,66,6,1,S4,4.46592234627562
C6/clip_08087_deaf_S4.npz,66,6,1,S4,4.53257790368272
C6/clip_08088_deaf_S4.npz,66,6,1,S4,4.63256123979336
C6/clip_08089_deaf_S4.npz,66,6,1,S4,4.26609785361951
C6/clip_08090_deaf_S4.npz,66,6,1,S4,4.29928345275787
C6/clip_08091_deaf_S4.npz,66,6,1,S4,4.33275563258232
C6/clip_08092_deaf_S4.npz,66,6,1,S4,4.53257790368272
C6/clip_08093_deaf_S4.npz,66,6,1,S4,4.36593901016497
C6/clip_08094_deaf_S4.npz,66,6,1,S4,4.26595567405432
C6/clip_08095_deaf_S4.npz,66,6,1,S4,4.19944007465671
C6/clip_08096_deaf_S4.npz,66,6,1,S4,4.26609785361951
C6/clip_08097_deaf_S4.npz,66,6,1,S4,4.26595567405432
C6/clip_08098_deaf_S4.npz,66,6,1,S4,4.29928345275787
C6/clip_08099_deaf_S4.npz,66,6,1,S4,4.29928345275787
C6/clip_08100_deaf_S4.npz,66,6,1,S4,4.29928345275787
C6/clip_08101_deaf_S4.npz,66,6,1,S4,4.73270230635915
C6/clip_08102_deaf_S4.npz,66,6,1,S4,4.33261123146142
C6/clip_08103_deaf_S4.npz,66,6,1,S4,4.46592234627562
C6/clip_08104_deaf_S5.npz,66,6,1,S5,4.2791310072416
C6/clip_08105_deaf_S5.npz,66,6,1,S5,4.27903273957607
C6/clip_08106_deaf_S5.npz,66,6,1,S5,4.2791310072416
C6/clip_08107_deaf_S5.npz,66,6,1,S5,4.312047399605
C6/clip_08108_deaf_S5.npz,66,6,1,S5,4.2791310072416
C6/clip_08109_deaf_S5.npz,66,6,1,S5,4.2791310072416
C6/clip_08110_deaf_S5.npz,66,6,1,S5,4.2791310072416
C6/clip_08111_deaf_S5.npz,66,6,1,S5,4.27903273957607
C6/clip_08112_deaf_S5.npz,66,6,1,S5,4.2791310072416
C6/clip_08113_deaf_S5.npz,66,6,1,S5,4.312047399605
C6/clip_08114_deaf_S5.npz,66,6,1,S5,4.24621461487821
C6/clip_08115_deaf_S5.npz,66,6,1,S5,4.2791310072416
C6/clip_08116_deaf_S5.npz,66,6,1,S5,4.2791310072416
C6/clip_08117_deaf_S5.npz,66,6,1,S5,4.312047399605
C6/clip_08118_deaf_S5.npz,66,6,1,S5,4.312047399605
C6/clip_08119_deaf_S5.npz,66,6,1,S5,4.2791310072416
C6/clip_08120_deaf_S5.npz,66,6,1,S5,4.2791310072416
C6/clip_08121_deaf_S5.npz,66,6,1,S5,4.2791310072416
C6/clip_08122_deaf_S5.npz,66,6,1,S5,4.27903273957607
C6/clip_08123_deaf_S5.npz,66,6,1,S5,4.2791310072416
C6/clip_08124_deaf_S5.npz,66,6,1,S5,4.02860308188135
C6/clip_08125_deaf_S5.npz,66,6,1,S5,4.19632066604001
C6/clip_08126_deaf_S5.npz,66,6,1,S5,4.1628898512774
C6/clip_08127_deaf_S5.npz,66,6,1,S5,4.1628898512774
C6/clip_08128_deaf_S5.npz,66,6,1,S5,4.12931815892839
C6/clip_08129_deaf_S5.npz,66,6,1,S5,4.19632066604001
C6/clip_08130_deaf_S6.npz,66,6,1,S6,4.312047399605
C6/clip_08131_deaf_S6.npz,66,6,1,S6,4.2791310072416
C6/clip_08132_deaf_S6.npz,66,6,1,S6,4.24621461487821
C6/clip_08133_deaf_S6.npz,66,6,1,S6,4.2791310072416
C6/clip_08134_deaf_S6.npz,66,6,1,S6,4.2791310072416
C6/clip_08135_deaf_S6.npz,66,6,1,S6,4.2791310072416
C6/clip_08136_deaf_S6.npz,66,6,1,S6,4.312047399605
C6/clip_08137_deaf_S6.npz,66,6,1,S6,4.2791310072416
C6/clip_08138_deaf_S6.npz,66,6,1,S6,4.2791310072416
C6/clip_08139_deaf_S6.npz,66,6,1,S6,4.2791310072416
C6/clip_08140_deaf_S6.npz,66,6,1,S6,4.2791310072416
C6/clip_08141_deaf_S6.npz,66,6,1,S6,4.2791310072416
C6/clip_08142_deaf_S6.npz,66,6,1,S6,4.2791310072416
C6/clip_08143_deaf_S6.npz,66,6,1,S6,4.2791310072416
C6/clip_08144_deaf_S6.npz,66,6,1,S6,4.2791310072416
C6/clip_08145_deaf_S6.npz,66,6,1,S6,4.312047399605
C6/clip_08146_deaf_S6.npz,66,6,1,S6,4.24621461487821
C6/clip_08147_deaf_S6.npz,66,6,1,S6,4.2791310072416
C6/clip_08148_deaf_S6.npz,66,6,1,S6,4.2791310072416
C6/clip_08149_deaf_S6.npz,66,6,1,S6,4.24621461487821
C6/clip_08150_deaf_S6.npz,66,6,1,S6,4.06203840472673
C6/clip_08151_deaf_S6.npz,66,6,1,S6,4.26360492832443
C6/clip_08152_deaf_S6.npz,66,6,1,S6,4.36446652789901
C6/clip_08153_deaf_S6.npz,66,6,1,S6,3.99489727407009
C6/clip_08154_deaf_S6.npz,66,6,1,S6,4.1628898512774
C6/clip_08155_deaf_S6.npz,66,6,1,S6,4.22989123136833
C6/clip_08156_deaf_S7.npz,66,6,1,S7,4.29856714428523
C6/clip_08157_deaf_S7.npz,66,6,1,S7,4.29856714428523
C6/clip_08158_deaf_S7.npz,66,6,1,S7,4.29856714428523
C6/clip_08159_deaf_S7.npz,66,6,1,S7,4.29856714428523
C6/clip_08160_deaf_S7.npz,66,6,1,S7,4.29856714428523
C6/clip_08161_deaf_S7.npz,66,6,1,S7,4.26524491836054
C6/clip_08162_deaf_S7.npz,66,6,1,S7,4.29856714428523
C6/clip_08163_deaf_S7.npz,66,6,1,S7,4.26524491836054
C6/clip_08164_deaf_S7.npz,66,6,1,S7,4.29856714428523
C6/clip_08165_deaf_S7.npz,66,6,1,S7,4.29856714428523
C6/clip_08166_deaf_S7.npz,66,6,1,S7,4.29856714428523
C6/clip_08167_deaf_S7.npz,66,6,1,S7,4.29856714428523
C6/clip_08168_deaf_S7.npz,66,6,1,S7,4.29856714428523
C6/clip_08169_deaf_S7.npz,66,6,1,S7,4.29856714428523
C6/clip_08170_deaf_S7.npz,66,6,1,S7,4.29856714428523
C6/clip_08171_deaf_S7.npz,66,6,1,S7,4.26524491836054
C6/clip_08172_deaf_S7.npz,66,6,1,S7,4.26524491836054
C6/clip_08173_deaf_S7.npz,66,6,1,S7,4.29856714428523
C6/clip_08174_deaf_S7.npz,66,6,1,S7,4.29856714428523
C6/clip_08175_deaf_S7.npz,66,6,1,S7,4.29856714428523
C6/clip_08176_deaf_S7.npz,66,6,1,S7,4.09931678053657
C6/clip_08177_deaf_S7.npz,66,6,1,S7,4.09931678053657
C6/clip_08178_deaf_S7.npz,66,6,1,S7,4.33261123146142
C6/clip_08179_deaf_S7.npz,66,6,1,S7,4.06598900183302
C6/clip_08180_deaf_S7.npz,66,6,1,S7,4.13264455924012
C6/clip_08181_deaf_S7.npz,66,6,1,S7,4.33275563258232
C6/clip_08182_hard_of_hearing_S0.npz,67,6,1,S0,4.06666666666666
C6/clip_08183_hard_of_hearing_S0.npz,67,6,0,S0,4.06666666666666
C6/clip_08184_hard_of_hearing_S0.npz,67,6,1,S0,4.06666666666666
C6/clip_08185_hard_of_hearing_S0.npz,67,6,0,S0,4.06666666666666
C6/clip_08186_hard_of_hearing_S0.npz,67,6,0,S0,4.05
C6/clip_08187_hard_of_hearing_S1.npz,67,6,1,S1,4.06666666666666
C6/clip_08188_hard_of_hearing_S1.npz,67,6,1,S1,4.06666666666666
C6/clip_08189_hard_of_hearing_S1.npz,67,6,0,S1,4.06666666666666
C6/clip_08190_hard_of_hearing_S1.npz,67,6,0,S1,4.06666666666666
C6/clip_08191_hard_of_hearing_S1.npz,67,6,1,S1,4.06666666666666
C6/clip_08192_hard_of_hearing_S2.npz,67,6,1,S2,4.06666666666666
C6/clip_08193_hard_of_hearing_S2.npz,67,6,1,S2,4.06666666666666
C6/clip_08194_hard_of_hearing_S2.npz,67,6,0,S2,4.06666666666666
C6/clip_08195_hard_of_hearing_S2.npz,67,6,0,S2,4.06666666666666
C6/clip_08196_hard_of_hearing_S2.npz,67,6,0,S2,4.06666666666666
C6/clip_08197_hard_of_hearing_S3.npz,67,6,0,S3,4.06666666666666
C6/clip_08198_hard_of_hearing_S3.npz,67,6,0,S3,4.06666666666666
C6/clip_08199_hard_of_hearing_S3.npz,67,6,1,S3,4.06666666666666
C6/clip_08200_hard_of_hearing_S3.npz,67,6,0,S3,4.06666666666666
C6/clip_08201_hard_of_hearing_S3.npz,67,6,0,S3,4.06666666666666
C6/clip_08202_hard_of_hearing_S4.npz,67,6,1,S4,4.39941341154512
C6/clip_08203_hard_of_hearing_S4.npz,67,6,1,S4,4.83268897480335
C6/clip_08204_hard_of_hearing_S4.npz,67,6,1,S4,4.53257790368272
C6/clip_08205_hard_of_hearing_S4.npz,67,6,1,S4,4.29928345275787
C6/clip_08206_hard_of_hearing_S4.npz,67,6,1,S4,4.36608452206372
C6/clip_08207_hard_of_hearing_S4.npz,67,6,1,S4,4.26609785361951
C6/clip_08208_hard_of_hearing_S4.npz,67,6,1,S4,4.29928345275787
C6/clip_08209_hard_of_hearing_S4.npz,67,6,1,S4,4.53257790368272
C6/clip_08210_hard_of_hearing_S4.npz,67,6,1,S4,4.29942674310092
C6/clip_08211_hard_of_hearing_S4.npz,67,6,1,S4,4.19930011664722
C6/clip_08212_hard_of_hearing_S4.npz,67,6,1,S4,4.26609785361951
C6/clip_08213_hard_of_hearing_S4.npz,67,6,1,S4,4.29928345275787
C6/clip_08214_hard_of_hearing_S4.npz,67,6,1,S4,4.33275563258232
C6/clip_08215_hard_of_hearing_S4.npz,67,6,1,S4,4.33261123146142
C6/clip_08216_hard_of_hearing_S4.npz,67,6,1,S4,4.39941341154512
C6/clip_08217_hard_of_hearing_S4.npz,67,6,1,S4,4.39926678886852
C6/clip_08218_hard_of_hearing_S4.npz,67,6,1,S4,4.0661245167311
C6/clip_08219_hard_of_hearing_S4.npz,67,6,1,S4,4.43259456757207
C6/clip_08220_hard_of_hearing_S4.npz,67,6,1,S4,4.39926678886852
C6/clip_08221_hard_of_hearing_S4.npz,67,6,1,S4,4.49925012497917
C6/clip_08222_hard_of_hearing_S4.npz,67,6,1,S4,4.16597233794367
C6/clip_08223_hard_of_hearing_S4.npz,67,6,1,S4,4.32425240328643
C6/clip_08224_hard_of_hearing_S4.npz,67,6,1,S4,4.43259456757207
C6/clip_08225_hard_of_hearing_S4.npz,67,6,1,S4,4.43259456757207
C6/clip_08226_hard_of_hearing_S4.npz,67,6,1,S4,4.36593901016497
C6/clip_08227_hard_of_hearing_S4.npz,67,6,1,S4,4.46607119050793
C6/clip_08228_hard_of_hearing_S5.npz,67,6,1,S5,4.2791310072416
C6/clip_08229_hard_of_hearing_S5.npz,67,6,1,S5,4.24621461487821
C6/clip_08230_hard_of_hearing_S5.npz,67,6,1,S5,4.2791310072416
C6/clip_08231_hard_of_hearing_S5.npz,67,6,1,S5,4.2791310072416
C6/clip_08232_hard_of_hearing_S5.npz,67,6,1,S5,4.2791310072416
C6/clip_08233_hard_of_hearing_S5.npz,67,6,1,S5,4.2791310072416
C6/clip_08234_hard_of_hearing_S5.npz,67,6,1,S5,4.2791310072416
C6/clip_08235_hard_of_hearing_S5.npz,67,6,1,S5,4.2791310072416
C6/clip_08236_hard_of_hearing_S5.npz,67,6,1,S5,4.24621461487821
C6/clip_08237_hard_of_hearing_S5.npz,67,6,1,S5,4.2791310072416
C6/clip_08238_hard_of_hearing_S5.npz,67,6,1,S5,4.2791310072416
C6/clip_08239_hard_of_hearing_S5.npz,67,6,1,S5,4.24621461487821
C6/clip_08240_hard_of_hearing_S5.npz,67,6,1,S5,4.2791310072416
C6/clip_08241_hard_of_hearing_S5.npz,67,6,1,S5,4.24621461487821
C6/clip_08242_hard_of_hearing_S5.npz,67,6,1,S5,4.2791310072416
C6/clip_08243_hard_of_hearing_S5.npz,67,6,1,S5,4.2791310072416
C6/clip_08244_hard_of_hearing_S5.npz,67,6,1,S5,4.2791310072416
C6/clip_08245_hard_of_hearing_S5.npz,67,6,1,S5,4.2791310072416
C6/clip_08246_hard_of_hearing_S5.npz,67,6,1,S5,4.312047399605
C6/clip_08247_hard_of_hearing_S5.npz,67,6,1,S5,4.2791310072416
C6/clip_08248_hard_of_hearing_S5.npz,67,6,1,S5,4.12931815892839
C6/clip_08249_hard_of_hearing_S5.npz,67,6,1,S5,4.09574646657938
C6/clip_08250_hard_of_hearing_S5.npz,67,6,1,S5,4.19646154362641
C6/clip_08251_hard_of_hearing_S5.npz,67,6,1,S5,4.06217477423036
C6/clip_08252_hard_of_hearing_S5.npz,67,6,1,S5,4.02860308188135
C6/clip_08253_hard_of_hearing_S6.npz,67,6,1,S6,4.3449637919684
C6/clip_08254_hard_of_hearing_S6.npz,67,6,0,S6,4.2791310072416
C6/clip_08255_hard_of_hearing_S6.npz,67,6,0,S6,4.2791310072416
C6/clip_08256_hard_of_hearing_S6.npz,67,6,1,S6,4.24621461487821
C6/clip_08257_hard_of_hearing_S6.npz,67,6,0,S6,4.24621461487821
C6/clip_08258_hard_of_hearing_S6.npz,67,6,0,S6,4.2791310072416
C6/clip_08259_hard_of_hearing_S6.npz,67,6,1,S6,4.2791310072416
C6/clip_08260_hard_of_hearing_S6.npz,67,6,1,S6,4.2791310072416
C6/clip_08261_hard_of_hearing_S6.npz,67,6,0,S6,4.312047399605
C6/clip_08262_hard_of_hearing_S6.npz,67,6,1,S6,4.24621461487821
C6/clip_08263_hard_of_hearing_S6.npz,67,6,0,S6,4.312047399605
C6/clip_08264_hard_of_hearing_S6.npz,67,6,1,S6,4.2791310072416
C6/clip_08265_hard_of_hearing_S6.npz,67,6,1,S6,4.2791310072416
C6/clip_08266_hard_of_hearing_S6.npz,67,6,1,S6,4.312047399605
C6/clip_08267_hard_of_hearing_S6.npz,67,6,1,S6,4.2791310072416
C6/clip_08268_hard_of_hearing_S6.npz,67,6,1,S6,4.2791310072416
C6/clip_08269_hard_of_hearing_S6.npz,67,6,1,S6,4.2791310072416
C6/clip_08270_hard_of_hearing_S6.npz,67,6,1,S6,4.312047399605
C6/clip_08271_hard_of_hearing_S6.npz,67,6,1,S6,4.2791310072416
C6/clip_08272_hard_of_hearing_S6.npz,67,6,1,S6,4.2791310072416
C6/clip_08273_hard_of_hearing_S6.npz,67,6,1,S6,4.09574646657938
C6/clip_08274_hard_of_hearing_S6.npz,67,6,1,S6,3.92775614341345
C6/clip_08275_hard_of_hearing_S6.npz,67,6,1,S6,4.06203840472673
C6/clip_08276_hard_of_hearing_S6.npz,67,6,1,S6,4.02860308188135
C6/clip_08277_hard_of_hearing_S6.npz,67,6,1,S6,4.06217477423036
C6/clip_08278_hard_of_hearing_S7.npz,67,6,1,S7,4.26524491836054
C6/clip_08279_hard_of_hearing_S7.npz,67,6,1,S7,4.29856714428523
C6/clip_08280_hard_of_hearing_S7.npz,67,6,1,S7,4.29856714428523
C6/clip_08281_hard_of_hearing_S7.npz,67,6,1,S7,4.29856714428523
C6/clip_08282_hard_of_hearing_S7.npz,67,6,1,S7,4.29856714428523
C6/clip_08283_hard_of_hearing_S7.npz,67,6,1,S7,4.29856714428523
C6/clip_08284_hard_of_hearing_S7.npz,67,6,1,S7,4.26524491836054
C6/clip_08285_hard_of_hearing_S7.npz,67,6,1,S7,4.26524491836054
C6/clip_08286_hard_of_hearing_S7.npz,67,6,1,S7,4.29856714428523
C6/clip_08287_hard_of_hearing_S7.npz,67,6,1,S7,4.29856714428523
C6/clip_08288_hard_of_hearing_S7.npz,67,6,0,S7,4.29856714428523
C6/clip_08289_hard_of_hearing_S7.npz,67,6,1,S7,4.26524491836054
C6/clip_08290_hard_of_hearing_S7.npz,67,6,1,S7,4.26524491836054
C6/clip_08291_hard_of_hearing_S7.npz,67,6,1,S7,4.29856714428523
C6/clip_08292_hard_of_hearing_S7.npz,67,6,1,S7,4.29856714428523
C6/clip_08293_hard_of_hearing_S7.npz,67,6,1,S7,4.26524491836054
C6/clip_08294_hard_of_hearing_S7.npz,67,6,1,S7,4.26524491836054
C6/clip_08295_hard_of_hearing_S7.npz,67,6,1,S7,4.29856714428523
C6/clip_08296_hard_of_hearing_S7.npz,67,6,1,S7,4.29856714428523
C6/clip_08297_hard_of_hearing_S7.npz,67,6,1,S7,4.26524491836054
C6/clip_08298_hard_of_hearing_S7.npz,67,6,1,S7,4.03266122312947
C6/clip_08299_hard_of_hearing_S7.npz,67,6,1,S7,4.23262789535077
C6/clip_08300_hard_of_hearing_S7.npz,67,6,1,S7,4.26595567405432
C6/clip_08301_hard_of_hearing_S7.npz,67,6,1,S7,4.13264455924012
C6/clip_08302_hard_of_hearing_S7.npz,67,6,1,S7,4.19930011664722
C6/clip_08303_hard_of_hearing_S7.npz,67,6,1,S7,4.53257790368272
C6/clip_08304_weelchair_person_S0.npz,68,6,0,S0,4.05
C6/clip_08305_weelchair_person_S0.npz,68,6,0,S0,4.05
C6/clip_08306_weelchair_person_S0.npz,68,6,0,S0,4.05
C6/clip_08307_weelchair_person_S0.npz,68,6,0,S0,4.05
C6/clip_08308_weelchair_person_S0.npz,68,6,0,S0,4.05
C6/clip_08309_weelchair_person_S1.npz,68,6,0,S1,4.05
C6/clip_08310_weelchair_person_S1.npz,68,6,0,S1,4.05
C6/clip_08311_weelchair_person_S1.npz,68,6,0,S1,4.05
C6/clip_08312_weelchair_person_S1.npz,68,6,0,S1,4.05
C6/clip_08313_weelchair_person_S1.npz,68,6,0,S1,4.05
C6/clip_08314_weelchair_person_S2.npz,68,6,0,S2,4.06666666666666
C6/clip_08315_weelchair_person_S2.npz,68,6,0,S2,4.06666666666666
C6/clip_08316_weelchair_person_S2.npz,68,6,0,S2,4.06666666666666
C6/clip_08317_weelchair_person_S2.npz,68,6,0,S2,4.05
C6/clip_08318_weelchair_person_S2.npz,68,6,0,S2,4.05
C6/clip_08319_weelchair_person_S3.npz,68,6,0,S3,4.06666666666666
C6/clip_08320_weelchair_person_S3.npz,68,6,0,S3,4.05
C6/clip_08321_weelchair_person_S3.npz,68,6,0,S3,4.05
C6/clip_08322_weelchair_person_S3.npz,68,6,0,S3,4.05
C6/clip_08323_weelchair_person_S3.npz,68,6,0,S3,4.05
C6/clip_08324_weelchair_person_S4.npz,68,6,0,S4,4.53257790368272
C6/clip_08325_weelchair_person_S4.npz,68,6,0,S4,4.43259456757207
C6/clip_08326_weelchair_person_S4.npz,68,6,0,S4,3.86602232961173
C6/clip_08327_weelchair_person_S4.npz,68,6,0,S4,4.69937341687775
C6/clip_08328_weelchair_person_S4.npz,68,6,0,S4,4.49925012497917
C6/clip_08329_weelchair_person_S4.npz,68,6,0,S4,4.26609785361951
C6/clip_08330_weelchair_person_S4.npz,68,6,0,S4,4.46592234627562
C6/clip_08331_weelchair_person_S4.npz,68,6,0,S4,4.39941341154512
C6/clip_08332_weelchair_person_S4.npz,68,6,0,S4,4.53257790368272
C6/clip_08333_weelchair_person_S4.npz,68,6,0,S4,4.56590568238626
C6/clip_08334_weelchair_person_S4.npz,68,6,0,S4,4.49940007998933
C6/clip_08335_weelchair_person_S4.npz,68,6,0,S4,4.23276896413811
C6/clip_08336_weelchair_person_S4.npz,68,6,0,S4,4.46607119050793
C6/clip_08337_weelchair_person_S4.npz,68,6,0,S4,4.46592234627562
C6/clip_08338_weelchair_person_S4.npz,68,6,0,S4,4.56590568238626
C6/clip_08339_weelchair_person_S4.npz,68,6,0,S4,4.5995400459954
C6/clip_08340_weelchair_person_S4.npz,68,6,0,S4,4.56605785895213
C6/clip_08341_weelchair_person_S4.npz,68,6,0,S4,4.46592234627562
C6/clip_08342_weelchair_person_S4.npz,68,6,0,S4,4.43274230102652
C6/clip_08343_weelchair_person_S4.npz,68,6,0,S4,4.46592234627562
C6/clip_08344_weelchair_person_S4.npz,68,6,0,S4,4.53257790368272
C6/clip_08345_weelchair_person_S4.npz,68,6,0,S4,4.29928345275787
C6/clip_08346_weelchair_person_S4.npz,68,6,0,S4,4.56590568238626
C6/clip_08347_weelchair_person_S4.npz,68,6,0,S4,4.53257790368272
C6/clip_08348_weelchair_person_S4.npz,68,6,0,S4,4.36608452206372
C6/clip_08349_weelchair_person_S5.npz,68,6,0,S5,4.312047399605
C6/clip_08350_weelchair_person_S5.npz,68,6,0,S5,4.2791310072416
C6/clip_08351_weelchair_person_S5.npz,68,6,0,S5,4.24621461487821
C6/clip_08352_weelchair_person_S5.npz,68,6,0,S5,4.2791310072416
C6/clip_08353_weelchair_person_S5.npz,68,6,0,S5,4.312047399605
C6/clip_08354_weelchair_person_S5.npz,68,6,0,S5,4.2791310072416
C6/clip_08355_weelchair_person_S5.npz,68,6,0,S5,4.312047399605
C6/clip_08356_weelchair_person_S5.npz,68,6,0,S5,4.2791310072416
C6/clip_08357_weelchair_person_S5.npz,68,6,0,S5,4.2791310072416
C6/clip_08358_weelchair_person_S5.npz,68,6,0,S5,4.27903273957607
C6/clip_08359_weelchair_person_S5.npz,68,6,0,S5,4.2791310072416
C6/clip_08360_weelchair_person_S5.npz,68,6,0,S5,4.2791310072416
C6/clip_08361_weelchair_person_S5.npz,68,6,0,S5,4.2791310072416
C6/clip_08362_weelchair_person_S5.npz,68,6,0,S5,4.2791310072416
C6/clip_08363_weelchair_person_S5.npz,68,6,0,S5,4.2791310072416
C6/clip_08364_weelchair_person_S5.npz,68,6,0,S5,4.312047399605
C6/clip_08365_weelchair_person_S5.npz,68,6,0,S5,4.2791310072416
C6/clip_08366_weelchair_person_S5.npz,68,6,0,S5,4.2791310072416
C6/clip_08367_weelchair_person_S5.npz,68,6,0,S5,4.27903273957607
C6/clip_08368_weelchair_person_S5.npz,68,6,0,S5,4.2791310072416
C6/clip_08369_weelchair_person_S5.npz,68,6,0,S5,4.1628898512774
C6/clip_08370_weelchair_person_S5.npz,68,6,0,S5,4.09574646657938
C6/clip_08371_weelchair_person_S5.npz,68,6,0,S5,4.23003323597542
C6/clip_08372_weelchair_person_S5.npz,68,6,0,S5,4.22989123136833
C6/clip_08373_weelchair_person_S5.npz,68,6,0,S5,4.12931815892839
C6/clip_08374_weelchair_person_S6.npz,68,6,0,S6,4.312047399605
C6/clip_08375_weelchair_person_S6.npz,68,6,0,S6,4.24621461487821
C6/clip_08376_weelchair_person_S6.npz,68,6,0,S6,4.2791310072416
C6/clip_08377_weelchair_person_S6.npz,68,6,0,S6,4.2791310072416
C6/clip_08378_weelchair_person_S6.npz,68,6,0,S6,4.312047399605
C6/clip_08379_weelchair_person_S6.npz,68,6,0,S6,4.2791310072416
C6/clip_08380_weelchair_person_S6.npz,68,6,0,S6,4.2791310072416
C6/clip_08381_weelchair_person_S6.npz,68,6,0,S6,4.2791310072416
C6/clip_08382_weelchair_person_S6.npz,68,6,0,S6,4.27903273957607
C6/clip_08383_weelchair_person_S6.npz,68,6,0,S6,4.24621461487821
C6/clip_08384_weelchair_person_S6.npz,68,6,0,S6,4.24621461487821
C6/clip_08385_weelchair_person_S6.npz,68,6,0,S6,4.2791310072416
C6/clip_08386_weelchair_person_S6.npz,68,6,0,S6,4.2791310072416
C6/clip_08387_weelchair_person_S6.npz,68,6,0,S6,4.2791310072416
C6/clip_08388_weelchair_person_S6.npz,68,6,0,S6,4.2791310072416
C6/clip_08389_weelchair_person_S6.npz,68,6,0,S6,4.2791310072416
C6/clip_08390_weelchair_person_S6.npz,68,6,0,S6,4.24621461487821
C6/clip_08391_weelchair_person_S6.npz,68,6,0,S6,4.312047399605
C6/clip_08392_weelchair_person_S6.npz,68,6,0,S6,4.312047399605
C6/clip_08393_weelchair_person_S6.npz,68,6,0,S6,4.2791310072416
C6/clip_08394_weelchair_person_S6.npz,68,6,0,S6,3.39062709816033
C6/clip_08395_weelchair_person_S6.npz,68,6,0,S6,3.99489727407009
C6/clip_08396_weelchair_person_S6.npz,68,6,0,S6,4.26360492832443
C6/clip_08397_weelchair_person_S6.npz,68,6,0,S6,4.33060292735329
C6/clip_08398_weelchair_person_S6.npz,68,6,0,S6,4.19632066604001
C6/clip_08399_weelchair_person_S6.npz,68,6,0,S6,4.22989123136833
C6/clip_08400_weelchair_person_S6.npz,68,6,0,S6,4.26346179669665
C6/clip_08401_weelchair_person_S7.npz,68,6,0,S7,4.29856714428523
C6/clip_08402_weelchair_person_S7.npz,68,6,0,S7,4.29856714428523
C6/clip_08403_weelchair_person_S7.npz,68,6,0,S7,4.26524491836054
C6/clip_08404_weelchair_person_S7.npz,68,6,0,S7,4.26524491836054
C6/clip_08405_weelchair_person_S7.npz,68,6,0,S7,4.29856714428523
C6/clip_08406_weelchair_person_S7.npz,68,6,0,S7,4.29856714428523
C6/clip_08407_weelchair_person_S7.npz,68,6,0,S7,4.29856714428523
C6/clip_08408_weelchair_person_S7.npz,68,6,0,S7,4.29856714428523
C6/clip_08409_weelchair_person_S7.npz,68,6,0,S7,4.26524491836054
C6/clip_08410_weelchair_person_S7.npz,68,6,0,S7,4.29856714428523
C6/clip_08411_weelchair_person_S7.npz,68,6,0,S7,4.29856714428523
C6/clip_08412_weelchair_person_S7.npz,68,6,0,S7,4.29856714428523
C6/clip_08413_weelchair_person_S7.npz,68,6,0,S7,4.26524491836054
C6/clip_08414_weelchair_person_S7.npz,68,6,0,S7,4.26524491836054
C6/clip_08415_weelchair_person_S7.npz,68,6,0,S7,4.29856714428523
C6/clip_08416_weelchair_person_S7.npz,68,6,0,S7,4.29856714428523
C6/clip_08417_weelchair_person_S7.npz,68,6,0,S7,4.29856714428523
C6/clip_08418_weelchair_person_S7.npz,68,6,0,S7,4.26524491836054
C6/clip_08419_weelchair_person_S7.npz,68,6,0,S7,4.26524491836054
C6/clip_08420_weelchair_person_S7.npz,68,6,0,S7,4.26524491836054
C6/clip_08421_weelchair_person_S7.npz,68,6,0,S7,4.09931678053657
C6/clip_08422_weelchair_person_S7.npz,68,6,0,S7,4.16597233794367
C6/clip_08423_weelchair_person_S7.npz,68,6,0,S7,4.29942674310092
C6/clip_08424_weelchair_person_S7.npz,68,6,0,S7,4.29928345275787
C6/clip_08425_weelchair_person_S7.npz,68,6,0,S7,4.26595567405432
C6/clip_08426_weelchair_person_S7.npz,68,6,0,S7,4.26595567405432
C6/clip_08427_blind_S0.npz,69,6,1,S0,4.05
C6/clip_08428_blind_S0.npz,69,6,1,S0,4.05
C6/clip_08429_blind_S0.npz,69,6,1,S0,4.05
C6/clip_08430_blind_S0.npz,69,6,1,S0,4.05
C6/clip_08431_blind_S0.npz,69,6,1,S0,4.05
C6/clip_08432_blind_S1.npz,69,6,1,S1,4.05
C6/clip_08433_blind_S1.npz,69,6,1,S1,4.05
C6/clip_08434_blind_S1.npz,69,6,1,S1,4.05
C6/clip_08435_blind_S1.npz,69,6,1,S1,4.05
C6/clip_08436_blind_S1.npz,69,6,1,S1,4.05
C6/clip_08437_blind_S2.npz,69,6,1,S2,4.05
C6/clip_08438_blind_S2.npz,69,6,1,S2,4.05
C6/clip_08439_blind_S2.npz,69,6,1,S2,4.05
C6/clip_08440_blind_S2.npz,69,6,1,S2,4.05
C6/clip_08441_blind_S2.npz,69,6,1,S2,4.05
C6/clip_08442_blind_S3.npz,69,6,1,S3,4.05
C6/clip_08443_blind_S3.npz,69,6,1,S3,4.05
C6/clip_08444_blind_S3.npz,69,6,1,S3,4.05
C6/clip_08445_blind_S3.npz,69,6,1,S3,4.05
C6/clip_08446_blind_S3.npz,69,6,1,S3,4.05
C6/clip_08447_blind_S4.npz,69,6,1,S4,4.63256123979336
C6/clip_08448_blind_S4.npz,69,6,1,S4,4.39926678886852
C6/clip_08449_blind_S4.npz,69,6,1,S4,4.39926678886852
C6/clip_08450_blind_S4.npz,69,6,1,S4,4.76587235460756
C6/clip_08451_blind_S4.npz,69,6,1,S4,4.26595567405432
C6/clip_08452_blind_S4.npz,69,6,1,S4,4.33275563258232
C6/clip_08453_blind_S4.npz,69,6,1,S4,4.39926678886852
C6/clip_08454_blind_S4.npz,69,6,1,S4,4.49925012497917
C6/clip_08455_blind_S4.npz,69,6,1,S4,4.2662400426624
C6/clip_08456_blind_S4.npz,69,6,1,S4,4.46607119050793
C6/clip_08457_blind_S4.npz,69,6,1,S4,4.53257790368272
C6/clip_08458_blind_S4.npz,69,6,1,S4,4.83268897480335
C6/clip_08459_blind_S4.npz,69,6,1,S4,4.69937341687775
C6/clip_08460_blind_S4.npz,69,6,1,S4,4.49936203075683
C6/clip_08461_blind_S4.npz,69,6,1,S4,4.63258249689482
C6/clip_08462_blind_S4.npz,69,6,1,S4,4.56590568238626
C6/clip_08463_blind_S4.npz,69,6,1,S4,4.43259456757207
C6/clip_08464_blind_S4.npz,69,6,1,S4,4.43259456757207
C6/clip_08465_blind_S4.npz,69,6,1,S4,4.33261123146142
C6/clip_08466_blind_S4.npz,69,6,1,S4,4.33275563258232
C6/clip_08467_blind_S4.npz,69,6,1,S4,4.33261123146142
C6/clip_08468_blind_S4.npz,69,6,1,S4,4.26595567405432
C6/clip_08469_blind_S4.npz,69,6,1,S4,4.36593901016497
C6/clip_08470_blind_S4.npz,69,6,1,S4,4.19944007465671
C6/clip_08471_blind_S4.npz,69,6,1,S4,4.36593901016497
C6/clip_08472_blind_S4.npz,69,6,1,S4,4.5990801839632
C6/clip_08473_blind_S5.npz,69,6,1,S5,4.27903273957607
C6/clip_08474_blind_S5.npz,69,6,1,S5,4.2791310072416
C6/clip_08475_blind_S5.npz,69,6,1,S5,4.27903273957607
C6/clip_08476_blind_S5.npz,69,6,1,S5,4.2791310072416
C6/clip_08477_blind_S5.npz,69,6,1,S5,4.2791310072416
C6/clip_08478_blind_S5.npz,69,6,1,S5,4.24607154797726
C6/clip_08479_blind_S5.npz,69,6,1,S5,4.24621461487821
C6/clip_08480_blind_S5.npz,69,6,1,S5,4.2791310072416
C6/clip_08481_blind_S5.npz,69,6,1,S5,4.27903273957607
C6/clip_08482_blind_S5.npz,69,6,1,S5,4.2791310072416
C6/clip_08483_blind_S5.npz,69,6,1,S5,4.27903273957607
C6/clip_08484_blind_S5.npz,69,6,1,S5,4.2791310072416
C6/clip_08485_blind_S5.npz,69,6,1,S5,4.27903273957607
C6/clip_08486_blind_S5.npz,69,6,1,S5,4.27903273957607
C6/clip_08487_blind_S5.npz,69,6,1,S5,4.27903273957607
C6/clip_08488_blind_S5.npz,69,6,1,S5,4.2791310072416
C6/clip_08489_blind_S5.npz,69,6,1,S5,4.31191747653321
C6/clip_08490_blind_S5.npz,69,6,1,S5,4.2791310072416
C6/clip_08491_blind_S5.npz,69,6,1,S5,4.2791310072416
C6/clip_08492_blind_S5.npz,69,6,1,S5,4.2791310072416
C6/clip_08493_blind_S5.npz,69,6,1,S5,4.312047399605
C6/clip_08494_blind_S5.npz,69,6,1,S5,4.09574646657938
C6/clip_08495_blind_S5.npz,69,6,1,S5,4.02860308188135
C6/clip_08496_blind_S5.npz,69,6,1,S5,4.02860308188135
C6/clip_08497_blind_S5.npz,69,6,1,S5,4.06217477423036
C6/clip_08498_blind_S5.npz,69,6,1,S5,3.99503138953234
C6/clip_08499_blind_S6.npz,69,6,1,S6,4.2791310072416
C6/clip_08500_blind_S6.npz,69,6,1,S6,4.2791310072416
C6/clip_08501_blind_S6.npz,69,6,1,S6,4.24614363907779
C6/clip_08502_blind_S6.npz,69,6,1,S6,4.2791310072416
C6/clip_08503_blind_S6.npz,69,6,1,S6,4.2791310072416
C6/clip_08504_blind_S6.npz,69,6,1,S6,4.2791310072416
C6/clip_08505_blind_S6.npz,69,6,1,S6,4.2791310072416
C6/clip_08506_blind_S6.npz,69,6,1,S6,4.2791310072416
C6/clip_08507_blind_S6.npz,69,6,1,S6,4.2791310072416
C6/clip_08508_blind_S6.npz,69,6,1,S6,4.2791310072416
C6/clip_08509_blind_S6.npz,69,6,1,S6,4.2791310072416
C6/clip_08510_blind_S6.npz,69,6,1,S6,4.24621461487821
C6/clip_08511_blind_S6.npz,69,6,1,S6,4.2791310072416
C6/clip_08512_blind_S6.npz,69,6,1,S6,4.2791310072416
C6/clip_08513_blind_S6.npz,69,6,1,S6,4.2791310072416
C6/clip_08514_blind_S6.npz,69,6,1,S6,4.2791310072416
C6/clip_08515_blind_S6.npz,69,6,1,S6,4.2791310072416
C6/clip_08516_blind_S6.npz,69,6,1,S6,4.24621461487821
C6/clip_08517_blind_S6.npz,69,6,1,S6,4.2791310072416
C6/clip_08518_blind_S6.npz,69,6,1,S6,4.24621461487821
C6/clip_08519_blind_S6.npz,69,6,1,S6,4.16302961122675
C6/clip_08520_blind_S6.npz,69,6,1,S6,3.96145969718333
C6/clip_08521_blind_S6.npz,69,6,1,S6,4.12917953538337
C6/clip_08522_blind_S6.npz,69,6,1,S6,4.02846783939841
C6/clip_08523_blind_S6.npz,69,6,1,S6,4.29717662067344
C6/clip_08524_blind_S7.npz,69,6,1,S7,4.29856714428523
C6/clip_08525_blind_S7.npz,69,6,1,S7,4.26524491836054
C6/clip_08526_blind_S7.npz,69,6,1,S7,4.29856714428523
C6/clip_08527_blind_S7.npz,69,6,1,S7,4.29856714428523
C6/clip_08528_blind_S7.npz,69,6,1,S7,4.26524491836054
C6/clip_08529_blind_S7.npz,69,6,1,S7,4.26524491836054
C6/clip_08530_blind_S7.npz,69,6,1,S7,4.29856714428523
C6/clip_08531_blind_S7.npz,69,6,1,S7,4.26524491836054
C6/clip_08532_blind_S7.npz,69,6,1,S7,4.26524491836054
C6/clip_08533_blind_S7.npz,69,6,1,S7,4.29856714428523
C6/clip_08534_blind_S7.npz,69,6,1,S7,4.29856714428523
C6/clip_08535_blind_S7.npz,69,6,1,S7,4.26524491836054
C6/clip_08536_blind_S7.npz,69,6,1,S7,4.26524491836054
C6/clip_08537_blind_S7.npz,69,6,1,S7,4.29856714428523
C6/clip_08538_blind_S7.npz,69,6,1,S7,4.29856714428523
C6/clip_08539_blind_S7.npz,69,6,1,S7,4.29856714428523
C6/clip_08540_blind_S7.npz,69,6,1,S7,4.26524491836054
C6/clip_08541_blind_S7.npz,69,6,1,S7,4.29856714428523
C6/clip_08542_blind_S7.npz,69,6,1,S7,4.29856714428523
C6/clip_08543_blind_S7.npz,69,6,1,S7,4.26524491836054
C6/clip_08544_blind_S7.npz,69,6,1,S7,3.99933344442592
C6/clip_08545_blind_S7.npz,69,6,1,S7,4.26603963721867
C6/clip_08546_blind_S7.npz,69,6,1,S7,4.26609785361951
C6/clip_08547_blind_S7.npz,69,6,1,S7,4.16597233794367
C6/clip_08548_blind_S7.npz,69,6,1,S7,4.59923346108981
C6/clip_08549_blind_S7.npz,69,6,1,S7,4.09931678053657
C6/clip_08550_deaf_blind_S0.npz,70,6,1,S0,4.05
C6/clip_08551_deaf_blind_S0.npz,70,6,1,S0,4.05
C6/clip_08552_deaf_blind_S0.npz,70,6,1,S0,4.05
C6/clip_08553_deaf_blind_S0.npz,70,6,1,S0,4.05
C6/clip_08554_deaf_blind_S0.npz,70,6,1,S0,4.05
C6/clip_08555_deaf_blind_S1.npz,70,6,1,S1,4.05
C6/clip_08556_deaf_blind_S1.npz,70,6,1,S1,4.05
C6/clip_08557_deaf_blind_S1.npz,70,6,1,S1,4.05
C6/clip_08558_deaf_blind_S1.npz,70,6,1,S1,4.05
C6/clip_08559_deaf_blind_S1.npz,70,6,1,S1,4.05
C6/clip_08560_deaf_blind_S2.npz,70,6,1,S2,4.05
C6/clip_08561_deaf_blind_S2.npz,70,6,1,S2,4.05
C6/clip_08562_deaf_blind_S2.npz,70,6,1,S2,4.05
C6/clip_08563_deaf_blind_S2.npz,70,6,1,S2,4.05
C6/clip_08564_deaf_blind_S2.npz,70,6,1,S2,4.05
C6/clip_08565_deaf_blind_S3.npz,70,6,1,S3,4.05
C6/clip_08566_deaf_blind_S3.npz,70,6,1,S3,4.05
C6/clip_08567_deaf_blind_S3.npz,70,6,1,S3,4.05
C6/clip_08568_deaf_blind_S3.npz,70,6,1,S3,4.05
C6/clip_08569_deaf_blind_S3.npz,70,6,1,S3,4.05
C6/clip_08570_deaf_blind_S4.npz,70,6,1,S4,4.36593901016497
C6/clip_08571_deaf_blind_S4.npz,70,6,1,S4,4.3662300436623
C6/clip_08572_deaf_blind_S4.npz,70,6,1,S4,4.39926678886852
C6/clip_08573_deaf_blind_S4.npz,70,6,1,S4,4.29928345275787
C6/clip_08574_deaf_blind_S4.npz,70,6,1,S4,4.33275563258232
C6/clip_08575_deaf_blind_S4.npz,70,6,1,S4,4.26595567405432
C6/clip_08576_deaf_blind_S4.npz,70,6,1,S4,4.36608452206372
C6/clip_08577_deaf_blind_S4.npz,70,6,1,S4,4.49940007998933
C6/clip_08578_deaf_blind_S4.npz,70,6,1,S4,4.39926678886852
C6/clip_08579_deaf_blind_S4.npz,70,6,1,S4,4.53257790368272
C6/clip_08580_deaf_blind_S4.npz,70,6,1,S4,5.16580569905015
C6/clip_08581_deaf_blind_S4.npz,70,6,1,S4,4.39926678886852
C6/clip_08582_deaf_blind_S4.npz,70,6,1,S4,4.49925012497917
C6/clip_08583_deaf_blind_S4.npz,70,6,1,S4,4.4662200446622
C6/clip_08584_deaf_blind_S4.npz,70,6,1,S4,4.63256123979336
C6/clip_08585_deaf_blind_S4.npz,70,6,1,S4,4.89934675376616
C6/clip_08586_deaf_blind_S4.npz,70,6,1,S4,4.59923346108981
C6/clip_08587_deaf_blind_S4.npz,70,6,1,S4,4.89918346942176
C6/clip_08588_deaf_blind_S4.npz,70,6,1,S4,4.64106844741235
C6/clip_08589_deaf_blind_S4.npz,70,6,1,S4,4.56605785895213
C6/clip_08590_deaf_blind_S4.npz,70,6,1,S4,4.96583902682886
C6/clip_08591_deaf_blind_S4.npz,70,6,1,S4,4.43259456757207
C6/clip_08592_deaf_blind_S4.npz,70,6,1,S4,4.96583902682886
C6/clip_08593_deaf_blind_S4.npz,70,6,1,S4,4.36608452206372
C6/clip_08594_deaf_blind_S4.npz,70,6,1,S4,4.56590568238626
C6/clip_08595_deaf_blind_S5.npz,70,6,1,S5,4.27907598702905
C6/clip_08596_deaf_blind_S5.npz,70,6,1,S5,4.27903273957607
C6/clip_08597_deaf_blind_S5.npz,70,6,1,S5,4.24621461487821
C6/clip_08598_deaf_blind_S5.npz,70,6,1,S5,4.2791310072416
C6/clip_08599_deaf_blind_S5.npz,70,6,1,S5,4.2791310072416
C6/clip_08600_deaf_blind_S5.npz,70,6,1,S5,4.312047399605
C6/clip_08601_deaf_blind_S5.npz,70,6,1,S5,4.24614363907779
C6/clip_08602_deaf_blind_S5.npz,70,6,1,S5,4.2791310072416
C6/clip_08603_deaf_blind_S5.npz,70,6,1,S5,4.2791310072416
C6/clip_08604_deaf_blind_S5.npz,70,6,1,S5,4.27903273957607
C6/clip_08605_deaf_blind_S5.npz,70,6,1,S5,4.2791310072416
C6/clip_08606_deaf_blind_S5.npz,70,6,1,S5,4.24621461487821
C6/clip_08607_deaf_blind_S5.npz,70,6,1,S5,4.2791310072416
C6/clip_08608_deaf_blind_S5.npz,70,6,1,S5,4.2791310072416
C6/clip_08609_deaf_blind_S5.npz,70,6,1,S5,4.2791310072416
C6/clip_08610_deaf_blind_S5.npz,70,6,1,S5,4.2791310072416
C6/clip_08611_deaf_blind_S5.npz,70,6,1,S5,4.24621461487821
C6/clip_08612_deaf_blind_S5.npz,70,6,1,S5,4.27903273957607
C6/clip_08613_deaf_blind_S5.npz,70,6,1,S5,4.2791310072416
C6/clip_08614_deaf_blind_S5.npz,70,6,1,S5,4.31191747653321
C6/clip_08615_deaf_blind_S5.npz,70,6,1,S5,3.99503138953234
C6/clip_08616_deaf_blind_S5.npz,70,6,1,S5,4.06217477423036
C6/clip_08617_deaf_blind_S5.npz,70,6,1,S5,4.26346179669665
C6/clip_08618_deaf_blind_S5.npz,70,6,1,S5,3.96145969718333
C6/clip_08619_deaf_blind_S5.npz,70,6,1,S5,4.22989123136833
C6/clip_08620_deaf_blind_S6.npz,70,6,1,S6,4.2791310072416
C6/clip_08621_deaf_blind_S6.npz,70,6,1,S6,4.2791310072416
C6/clip_08622_deaf_blind_S6.npz,70,6,1,S6,4.312047399605
C6/clip_08623_deaf_blind_S6.npz,70,6,1,S6,4.312047399605
C6/clip_08624_deaf_blind_S6.npz,70,6,1,S6,4.2791310072416
C6/clip_08625_deaf_blind_S6.npz,70,6,1,S6,4.312047399605
C6/clip_08626_deaf_blind_S6.npz,70,6,1,S6,4.2791310072416
C6/clip_08627_deaf_blind_S6.npz,70,6,1,S6,4.2791310072416
C6/clip_08628_deaf_blind_S6.npz,70,6,1,S6,4.2791310072416
C6/clip_08629_deaf_blind_S6.npz,70,6,1,S6,4.24621461487821
C6/clip_08630_deaf_blind_S6.npz,70,6,1,S6,4.2791310072416
C6/clip_08631_deaf_blind_S6.npz,70,6,1,S6,4.2791310072416
C6/clip_08632_deaf_blind_S6.npz,70,6,1,S6,4.2791310072416
C6/clip_08633_deaf_blind_S6.npz,70,6,1,S6,4.24621461487821
C6/clip_08634_deaf_blind_S6.npz,70,6,1,S6,4.312047399605
C6/clip_08635_deaf_blind_S6.npz,70,6,1,S6,4.2791310072416
C6/clip_08636_deaf_blind_S6.npz,70,6,1,S6,4.2791310072416
C6/clip_08637_deaf_blind_S6.npz,70,6,1,S6,4.27907598702905
C6/clip_08638_deaf_blind_S6.npz,70,6,1,S6,4.2791310072416
C6/clip_08639_deaf_blind_S6.npz,70,6,1,S6,4.2791310072416
C6/clip_08640_deaf_blind_S6.npz,70,6,1,S6,4.33060292735329
C6/clip_08641_deaf_blind_S6.npz,70,6,1,S6,4.26389122041295
C6/clip_08642_deaf_blind_S6.npz,70,6,1,S6,4.09560897005505
C6/clip_08643_deaf_blind_S6.npz,70,6,1,S6,4.26360492832443
C6/clip_08644_deaf_blind_S6.npz,70,6,1,S6,4.26360492832443
C6/clip_08645_deaf_blind_S7.npz,70,6,1,S7,4.26524491836054
C6/clip_08646_deaf_blind_S7.npz,70,6,1,S7,4.26524491836054
C6/clip_08647_deaf_blind_S7.npz,70,6,1,S7,4.29856714428523
C6/clip_08648_deaf_blind_S7.npz,70,6,1,S7,4.29856714428523
C6/clip_08649_deaf_blind_S7.npz,70,6,1,S7,4.29856714428523
C6/clip_08650_deaf_blind_S7.npz,70,6,1,S7,4.26524491836054
C6/clip_08651_deaf_blind_S7.npz,70,6,1,S7,4.26524491836054
C6/clip_08652_deaf_blind_S7.npz,70,6,1,S7,4.29856714428523
C6/clip_08653_deaf_blind_S7.npz,70,6,1,S7,4.29856714428523
C6/clip_08654_deaf_blind_S7.npz,70,6,1,S7,4.29856714428523
C6/clip_08655_deaf_blind_S7.npz,70,6,1,S7,4.26524491836054
C6/clip_08656_deaf_blind_S7.npz,70,6,1,S7,4.29856714428523
C6/clip_08657_deaf_blind_S7.npz,70,6,1,S7,4.29856714428523
C6/clip_08658_deaf_blind_S7.npz,70,6,1,S7,4.29856714428523
C6/clip_08659_deaf_blind_S7.npz,70,6,1,S7,4.29856714428523
C6/clip_08660_deaf_blind_S7.npz,70,6,1,S7,4.29856714428523
C6/clip_08661_deaf_blind_S7.npz,70,6,1,S7,4.29856714428523
C6/clip_08662_deaf_blind_S7.npz,70,6,1,S7,4.29856714428523
C6/clip_08663_deaf_blind_S7.npz,70,6,1,S7,4.29856714428523
C6/clip_08664_deaf_blind_S7.npz,70,6,1,S7,4.29856714428523
C6/clip_08665_deaf_blind_S7.npz,70,6,1,S7,4.83268897480335
C6/clip_08666_deaf_blind_S7.npz,70,6,1,S7,4.03279562724969
C6/clip_08667_deaf_blind_S7.npz,70,6,1,S7,4.23262789535077
C6/clip_08668_deaf_blind_S7.npz,70,6,1,S7,4.09931678053657
C6/clip_08669_deaf_blind_S7.npz,70,6,1,S7,4.2329100423291
C6/clip_08670_deaf_blind_S7.npz,70,6,1,S7,4.33275563258232
C6/clip_08671_married_S0.npz,71,6,1,S0,4.05
C6/clip_08672_married_S0.npz,71,6,1,S0,4.05
C6/clip_08673_married_S0.npz,71,6,1,S0,4.05
C6/clip_08674_married_S0.npz,71,6,1,S0,4.05
C6/clip_08675_married_S0.npz,71,6,1,S0,4.05
C6/clip_08676_married_S1.npz,71,6,1,S1,4.05
C6/clip_08677_married_S1.npz,71,6,1,S1,4.05
C6/clip_08678_married_S1.npz,71,6,1,S1,4.05
C6/clip_08679_married_S1.npz,71,6,1,S1,4.05
C6/clip_08680_married_S1.npz,71,6,1,S1,4.05
C6/clip_08681_married_S2.npz,71,6,1,S2,4.05
C6/clip_08682_married_S2.npz,71,6,1,S2,4.05
C6/clip_08683_married_S2.npz,71,6,1,S2,4.05
C6/clip_08684_married_S2.npz,71,6,1,S2,4.05
C6/clip_08685_married_S2.npz,71,6,1,S2,4.05
C6/clip_08686_married_S3.npz,71,6,1,S3,4.05
C6/clip_08687_married_S3.npz,71,6,1,S3,4.05
C6/clip_08688_married_S3.npz,71,6,1,S3,4.05
C6/clip_08689_married_S3.npz,71,6,1,S3,4.05
C6/clip_08690_married_S3.npz,71,6,1,S3,4.05
C6/clip_08691_married_S4.npz,71,6,1,S4,4.23262789535077
C6/clip_08692_married_S4.npz,71,6,1,S4,4.46592234627562
C6/clip_08693_married_S4.npz,71,6,1,S4,4.33261123146142
C6/clip_08694_married_S4.npz,71,6,1,S4,4.39926678886852
C6/clip_08695_married_S4.npz,71,6,1,S4,4.26609785361951
C6/clip_08696_married_S4.npz,71,6,1,S4,4.26609785361951
C6/clip_08697_married_S4.npz,71,6,1,S4,4.39926678886852
C6/clip_08698_married_S4.npz,71,6,0,S4,4.49925012497917
C6/clip_08699_married_S4.npz,71,6,1,S4,4.36608452206372
C6/clip_08700_married_S4.npz,71,6,1,S4,4.39941341154512
C6/clip_08701_married_S4.npz,71,6,1,S4,4.36593901016497
C6/clip_08702_married_S4.npz,71,6,1,S4,4.46607119050793
C6/clip_08703_married_S4.npz,71,6,1,S4,4.33261123146142
C6/clip_08704_married_S4.npz,71,6,1,S4,4.39941341154512
C6/clip_08705_married_S4.npz,71,6,1,S4,4.56605785895213
C6/clip_08706_married_S4.npz,71,6,1,S4,4.53257790368272
C6/clip_08707_married_S4.npz,71,6,1,S4,4.33261123146142
C6/clip_08708_married_S4.npz,71,6,1,S4,4.29928345275787
C6/clip_08709_married_S4.npz,71,6,1,S4,4.49940007998933
C6/clip_08710_married_S4.npz,71,6,1,S4,4.73254457590401
C6/clip_08711_married_S4.npz,71,6,1,S4,4.59938674843354
C6/clip_08712_married_S4.npz,71,6,1,S4,4.56605785895213
C6/clip_08713_married_S4.npz,71,6,1,S4,4.26609785361951
C6/clip_08714_married_S4.npz,71,6,1,S4,4.29942674310092
C6/clip_08715_married_S4.npz,71,6,1,S4,4.33261123146142
C6/clip_08716_married_S5.npz,71,6,1,S5,4.27907598702905
C6/clip_08717_married_S5.npz,71,6,1,S5,4.24614363907779
C6/clip_08718_married_S5.npz,71,6,1,S5,4.2791310072416
C6/clip_08719_married_S5.npz,71,6,1,S5,4.2791310072416
C6/clip_08720_married_S5.npz,71,6,1,S5,4.312047399605
C6/clip_08721_married_S5.npz,71,6,1,S5,4.312047399605
C6/clip_08722_married_S5.npz,71,6,1,S5,4.2791310072416
C6/clip_08723_married_S5.npz,71,6,1,S5,4.312047399605
C6/clip_08724_married_S5.npz,71,6,1,S5,4.2791310072416
C6/clip_08725_married_S5.npz,71,6,1,S5,4.2791310072416
C6/clip_08726_married_S5.npz,71,6,1,S5,4.2791310072416
C6/clip_08727_married_S5.npz,71,6,1,S5,4.2791310072416
C6/clip_08728_married_S5.npz,71,6,1,S5,4.2791310072416
C6/clip_08729_married_S5.npz,71,6,1,S5,4.27903273957607
C6/clip_08730_married_S5.npz,71,6,1,S5,4.2791310072416
C6/clip_08731_married_S5.npz,71,6,1,S5,4.312047399605
C6/clip_08732_married_S5.npz,71,6,1,S5,4.2791310072416
C6/clip_08733_married_S5.npz,71,6,1,S5,4.2791310072416
C6/clip_08734_married_S5.npz,71,6,1,S5,4.2791310072416
C6/clip_08735_married_S5.npz,71,6,1,S5,4.27903273957607
C6/clip_08736_married_S5.npz,71,6,1,S5,4.12931815892839
C6/clip_08737_married_S5.npz,71,6,1,S5,4.53202631932321
C6/clip_08738_married_S5.npz,71,6,1,S5,4.09574646657938
C6/clip_08739_married_S5.npz,71,6,1,S5,4.26360492832443
C6/clip_08740_married_S5.npz,71,6,1,S5,4.19646154362641
C6/clip_08741_married_S5.npz,71,6,1,S5,4.19646154362641
C6/clip_08742_married_S5.npz,71,6,1,S5,4.1628898512774
C6/clip_08743_married_S6.npz,71,6,1,S6,4.312047399605
C6/clip_08744_married_S6.npz,71,6,1,S6,4.2791310072416
C6/clip_08745_married_S6.npz,71,6,1,S6,4.2791310072416
C6/clip_08746_married_S6.npz,71,6,1,S6,4.312047399605
C6/clip_08747_married_S6.npz,71,6,1,S6,4.2791310072416
C6/clip_08748_married_S6.npz,71,6,1,S6,4.2791310072416
C6/clip_08749_married_S6.npz,71,6,1,S6,4.2791310072416
C6/clip_08750_married_S6.npz,71,6,1,S6,4.2791310072416
C6/clip_08751_married_S6.npz,71,6,1,S6,4.2791310072416
C6/clip_08752_married_S6.npz,71,6,1,S6,4.24621461487821
C6/clip_08753_married_S6.npz,71,6,1,S6,4.2791310072416
C6/clip_08754_married_S6.npz,71,6,1,S6,4.2791310072416
C6/clip_08755_married_S6.npz,71,6,1,S6,4.24621461487821
C6/clip_08756_married_S6.npz,71,6,1,S6,4.2791310072416
C6/clip_08757_married_S6.npz,71,6,1,S6,4.2791310072416
C6/clip_08758_married_S6.npz,71,6,1,S6,4.24621461487821
C6/clip_08759_married_S6.npz,71,6,1,S6,4.2791310072416
C6/clip_08760_married_S6.npz,71,6,1,S6,4.2791310072416
C6/clip_08761_married_S6.npz,71,6,1,S6,4.2791310072416
C6/clip_08762_married_S6.npz,71,6,1,S6,4.2791310072416
C6/clip_08763_married_S6.npz,71,6,1,S6,4.23003323597542
C6/clip_08764_married_S6.npz,71,6,1,S6,4.26346179669665
C6/clip_08765_married_S6.npz,71,6,1,S6,4.02860308188135
C6/clip_08766_married_S6.npz,71,6,1,S6,4.1628898512774
C6/clip_08767_married_S7.npz,71,6,1,S7,4.33188937020993
C6/clip_08768_married_S7.npz,71,6,1,S7,4.26524491836054
C6/clip_08769_married_S7.npz,71,6,1,S7,4.26524491836054
C6/clip_08770_married_S7.npz,71,6,1,S7,4.29856714428523
C6/clip_08771_married_S7.npz,71,6,1,S7,4.26524491836054
C6/clip_08772_married_S7.npz,71,6,1,S7,4.26524491836054
C6/clip_08773_married_S7.npz,71,6,1,S7,4.29856714428523
C6/clip_08774_married_S7.npz,71,6,1,S7,4.29856714428523
C6/clip_08775_married_S7.npz,71,6,1,S7,4.29856714428523
C6/clip_08776_married_S7.npz,71,6,1,S7,4.26524491836054
C6/clip_08777_married_S7.npz,71,6,1,S7,4.26524491836054
C6/clip_08778_married_S7.npz,71,6,1,S7,4.26524491836054
C6/clip_08779_married_S7.npz,71,6,1,S7,4.29856714428523
C6/clip_08780_married_S7.npz,71,6,1,S7,4.29856714428523
C6/clip_08781_married_S7.npz,71,6,1,S7,4.29856714428523
C6/clip_08782_married_S7.npz,71,6,1,S7,4.29856714428523
C6/clip_08783_married_S7.npz,71,6,1,S7,4.29856714428523
C6/clip_08784_married_S7.npz,71,6,1,S7,4.26524491836054
C6/clip_08785_married_S7.npz,71,6,1,S7,4.29856714428523
C6/clip_08786_married_S7.npz,71,6,1,S7,4.29856714428523
C6/clip_08787_married_S7.npz,71,6,1,S7,4.13264455924012
C6/clip_08788_married_S7.npz,71,6,1,S7,4.0661245167311
C6/clip_08789_married_S7.npz,71,6,1,S7,4.26595567405432
C6/clip_08790_married_S7.npz,71,6,1,S7,4.2991401719656
C6/clip_08791_married_S7.npz,71,6,1,S7,4.23262789535077
C7/clip_08792_blue_S0.npz,72,7,0,S0,4.08333333333333
C7/clip_08793_blue_S0.npz,72,7,0,S0,4.08333333333333
C7/clip_08794_blue_S0.npz,72,7,0,S0,4.06666666666666
C7/clip_08795_blue_S0.npz,72,7,1,S0,4.06666666666666
C7/clip_08796_blue_S0.npz,72,7,0,S0,4.06666666666666
C7/clip_08797_blue_S1.npz,72,7,1,S1,4.06666666666666
C7/clip_08798_blue_S1.npz,72,7,1,S1,4.06666666666666
C7/clip_08799_blue_S1.npz,72,7,1,S1,4.06666666666666
C7/clip_08800_blue_S1.npz,72,7,1,S1,4.06666666666666
C7/clip_08801_blue_S1.npz,72,7,1,S1,4.06666666666666
C7/clip_08802_blue_S2.npz,72,7,0,S2,4.08333333333333
C7/clip_08803_blue_S2.npz,72,7,0,S2,4.08333333333333
C7/clip_08804_blue_S2.npz,72,7,0,S2,4.06666666666666
C7/clip_08805_blue_S2.npz,72,7,0,S2,4.06666666666666
C7/clip_08806_blue_S2.npz,72,7,1,S2,4.06666666666666
C7/clip_08807_blue_S3.npz,72,7,0,S3,4.08333333333333
C7/clip_08808_blue_S3.npz,72,7,0,S3,4.08333333333333
C7/clip_08809_blue_S3.npz,72,7,0,S3,4.06666666666666
C7/clip_08810_blue_S3.npz,72,7,0,S3,4.06666666666666
C7/clip_08811_blue_S3.npz,72,7,0,S3,4.06666666666666
C7/clip_08812_blue_S4.npz,72,7,0,S4,4.33275563258232
C7/clip_08813_blue_S4.npz,72,7,1,S4,4.29928345275787
C7/clip_08814_blue_S4.npz,72,7,0,S4,4.46607119050793
C7/clip_08815_blue_S4.npz,72,7,0,S4,4.26609785361951
C7/clip_08816_blue_S4.npz,72,7,0,S4,4.49925012497917
C7/clip_08817_blue_S4.npz,72,7,0,S4,4.36593901016497
C7/clip_08818_blue_S4.npz,72,7,0,S4,4.53257790368272
C7/clip_08819_blue_S4.npz,72,7,0,S4,4.29928345275787
C7/clip_08820_blue_S4.npz,72,7,0,S4,4.29928345275787
C7/clip_08821_blue_S4.npz,72,7,0,S4,4.53257790368272
C7/clip_08822_blue_S4.npz,72,7,0,S4,4.19944007465671
C7/clip_08823_blue_S4.npz,72,7,0,S4,4.29942674310092
C7/clip_08824_blue_S4.npz,72,7,0,S4,4.23276896413811
C7/clip_08825_blue_S4.npz,72,7,0,S4,4.3991201759648
C7/clip_08826_blue_S4.npz,72,7,0,S4,4.29928345275787
C7/clip_08827_blue_S4.npz,72,7,1,S4,4.36593901016497
C7/clip_08828_blue_S4.npz,72,7,0,S4,4.66589469382194
C7/clip_08829_blue_S4.npz,72,7,1,S4,4.56605785895213
C7/clip_08830_blue_S4.npz,72,7,1,S4,4.53257790368272
C7/clip_08831_blue_S4.npz,72,7,0,S4,4.33261123146142
C7/clip_08832_blue_S4.npz,72,7,0,S4,4.36608452206372
C7/clip_08833_blue_S4.npz,72,7,0,S4,4.33261123146142
C7/clip_08834_blue_S4.npz,72,7,0,S4,4.36593901016497
C7/clip_08835_blue_S5.npz,72,7,0,S5,4.27903273957607
C7/clip_08836_blue_S5.npz,72,7,0,S5,4.27903273957607
C7/clip_08837_blue_S5.npz,72,7,0,S5,4.2791310072416
C7/clip_08838_blue_S5.npz,72,7,0,S5,4.2791310072416
C7/clip_08839_blue_S5.npz,72,7,0,S5,4.27903273957607
C7/clip_08840_blue_S5.npz,72,7,0,S5,4.2791310072416
C7/clip_08841_blue_S5.npz,72,7,0,S5,4.31191747653321
C7/clip_08842_blue_S5.npz,72,7,0,S5,4.2791310072416
C7/clip_08843_blue_S5.npz,72,7,0,S5,4.2791310072416
C7/clip_08844_blue_S5.npz,72,7,0,S5,4.2791310072416
C7/clip_08845_blue_S5.npz,72,7,0,S5,4.2791310072416
C7/clip_08846_blue_S5.npz,72,7,0,S5,4.2791310072416
C7/clip_08847_blue_S5.npz,72,7,0,S5,4.27903273957607
C7/clip_08848_blue_S5.npz,72,7,0,S5,4.2791310072416
C7/clip_08849_blue_S5.npz,72,7,0,S5,4.2791310072416
C7/clip_08850_blue_S5.npz,72,7,0,S5,4.312047399605
C7/clip_08851_blue_S5.npz,72,7,0,S5,4.2791310072416
C7/clip_08852_blue_S5.npz,72,7,0,S5,4.31191747653321
C7/clip_08853_blue_S5.npz,72,7,0,S5,4.312047399605
C7/clip_08854_blue_S5.npz,72,7,0,S5,4.2791310072416
C7/clip_08855_blue_S5.npz,72,7,0,S5,4.26609785361951
C7/clip_08856_blue_S5.npz,72,7,1,S5,4.23262789535077
C7/clip_08857_blue_S5.npz,72,7,0,S5,4.13264455924012
C7/clip_08858_blue_S5.npz,72,7,0,S5,4.29942674310092
C7/clip_08859_blue_S5.npz,72,7,0,S5,4.19930011664722
C7/clip_08860_blue_S5.npz,72,7,0,S5,4.06598900183302
C7/clip_08861_blue_S5.npz,72,7,0,S5,4.06598900183302
C7/clip_08862_blue_S5.npz,72,7,0,S5,4.23262789535077
C7/clip_08863_blue_S6.npz,72,7,0,S6,4.2791310072416
C7/clip_08864_blue_S6.npz,72,7,0,S6,4.2791310072416
C7/clip_08865_blue_S6.npz,72,7,0,S6,4.2791310072416
C7/clip_08866_blue_S6.npz,72,7,0,S6,4.2791310072416
C7/clip_08867_blue_S6.npz,72,7,0,S6,4.2791310072416
C7/clip_08868_blue_S6.npz,72,7,0,S6,4.2791310072416
C7/clip_08869_blue_S6.npz,72,7,0,S6,4.24621461487821
C7/clip_08870_blue_S6.npz,72,7,0,S6,4.24621461487821
C7/clip_08871_blue_S6.npz,72,7,0,S6,4.2791310072416
C7/clip_08872_blue_S6.npz,72,7,0,S6,4.2791310072416
C7/clip_08873_blue_S6.npz,72,7,0,S6,4.2791310072416
C7/clip_08874_blue_S6.npz,72,7,0,S6,4.24621461487821
C7/clip_08875_blue_S6.npz,72,7,0,S6,4.312047399605
C7/clip_08876_blue_S6.npz,72,7,0,S6,4.2791310072416
C7/clip_08877_blue_S6.npz,72,7,0,S6,4.2791310072416
C7/clip_08878_blue_S6.npz,72,7,0,S6,4.24621461487821
C7/clip_08879_blue_S6.npz,72,7,0,S6,4.24621461487821
C7/clip_08880_blue_S6.npz,72,7,0,S6,4.312047399605
C7/clip_08881_blue_S6.npz,72,7,0,S6,4.24621461487821
C7/clip_08882_blue_S6.npz,72,7,0,S6,4.2791310072416
C7/clip_08883_blue_S6.npz,72,7,0,S6,4.23262789535077
C7/clip_08884_blue_S6.npz,72,7,1,S6,4.23262789535077
C7/clip_08885_blue_S6.npz,72,7,0,S6,4.36593901016497
C7/clip_08886_blue_S6.npz,72,7,1,S6,4.26595567405432
C7/clip_08887_blue_S6.npz,72,7,0,S6,4.16597233794367
C7/clip_08888_blue_S7.npz,72,7,0,S7,4.26524491836054
C7/clip_08889_blue_S7.npz,72,7,0,S7,4.29856714428523
C7/clip_08890_blue_S7.npz,72,7,0,S7,4.26524491836054
C7/clip_08891_blue_S7.npz,72,7,0,S7,4.29856714428523
C7/clip_08892_blue_S7.npz,72,7,0,S7,4.26524491836054
C7/clip_08893_blue_S7.npz,72,7,0,S7,4.26524491836054
C7/clip_08894_blue_S7.npz,72,7,0,S7,4.26524491836054
C7/clip_08895_blue_S7.npz,72,7,0,S7,4.29856714428523
C7/clip_08896_blue_S7.npz,72,7,0,S7,4.29856714428523
C7/clip_08897_blue_S7.npz,72,7,0,S7,4.26524491836054
C7/clip_08898_blue_S7.npz,72,7,0,S7,4.29856714428523
C7/clip_08899_blue_S7.npz,72,7,0,S7,4.26524491836054
C7/clip_08900_blue_S7.npz,72,7,0,S7,4.29856714428523
C7/clip_08901_blue_S7.npz,72,7,0,S7,4.29856714428523
C7/clip_08902_blue_S7.npz,72,7,0,S7,4.29856714428523
C7/clip_08903_blue_S7.npz,72,7,0,S7,4.29856714428523
C7/clip_08904_blue_S7.npz,72,7,0,S7,4.29856714428523
C7/clip_08905_blue_S7.npz,72,7,0,S7,4.26524491836054
C7/clip_08906_blue_S7.npz,72,7,0,S7,4.26524491836054
C7/clip_08907_blue_S7.npz,72,7,0,S7,4.29856714428523
C7/clip_08908_blue_S7.npz,72,7,1,S7,4.19930011664722
C7/clip_08909_blue_S7.npz,72,7,1,S7,4.23262789535077
C7/clip_08910_blue_S7.npz,72,7,1,S7,3.83269455090818
C7/clip_08911_blue_S7.npz,72,7,1,S7,4.33261123146142
C7/clip_08912_blue_S7.npz,72,7,1,S7,4.23262789535077
C7/clip_08913_green_S0.npz,73,7,1,S0,4.06666666666666
C7/clip_08914_green_S0.npz,73,7,1,S0,4.06666666666666
C7/clip_08915_green_S0.npz,73,7,1,S0,4.06666666666666
C7/clip_08916_green_S0.npz,73,7,1,S0,4.06666666666666
C7/clip_08917_green_S0.npz,73,7,1,S0,4.06666666666666
C7/clip_08918_green_S1.npz,73,7,1,S1,4.06666666666666
C7/clip_08919_green_S1.npz,73,7,1,S1,4.06666666666666
C7/clip_08920_green_S1.npz,73,7,1,S1,4.06666666666666
C7/clip_08921_green_S1.npz,73,7,1,S1,4.06666666666666
C7/clip_08922_green_S1.npz,73,7,1,S1,4.06666666666666
C7/clip_08923_green_S2.npz,73,7,1,S2,4.06666666666666
C7/clip_08924_green_S2.npz,73,7,1,S2,4.06666666666666
C7/clip_08925_green_S2.npz,73,7,1,S2,4.06666666666666
C7/clip_08926_green_S2.npz,73,7,1,S2,4.06666666666666
C7/clip_08927_green_S2.npz,73,7,1,S2,4.06666666666666
C7/clip_08928_green_S3.npz,73,7,0,S3,4.06666666666666
C7/clip_08929_green_S3.npz,73,7,1,S3,4.06666666666666
C7/clip_08930_green_S3.npz,73,7,1,S3,4.06666666666666
C7/clip_08931_green_S3.npz,73,7,1,S3,4.06666666666666
C7/clip_08932_green_S3.npz,73,7,1,S3,4.06666666666666
C7/clip_08933_green_S3.npz,73,7,1,S3,4.06666666666666
C7/clip_08934_green_S4.npz,73,7,0,S4,4.43259456757207
C7/clip_08935_green_S4.npz,73,7,0,S4,4.29942674310092
C7/clip_08936_green_S4.npz,73,7,1,S4,4.36593901016497
C7/clip_08937_green_S4.npz,73,7,1,S4,4.36593901016497
C7/clip_08938_green_S4.npz,73,7,0,S4,4.29928345275787
C7/clip_08939_green_S4.npz,73,7,0,S4,3.43276120646558
C7/clip_08940_green_S4.npz,73,7,1,S4,4.26609785361951
C7/clip_08941_green_S4.npz,73,7,1,S4,4.26595567405432
C7/clip_08942_green_S4.npz,73,7,1,S4,4.36608452206372
C7/clip_08943_green_S4.npz,73,7,1,S4,4.29928345275787
C7/clip_08944_green_S4.npz,73,7,1,S4,4.69921679720046
C7/clip_08945_green_S4.npz,73,7,1,S4,4.33261123146142
C7/clip_08946_green_S4.npz,73,7,1,S4,4.43259456757207
C7/clip_08947_green_S4.npz,73,7,1,S4,4.46592234627562
C7/clip_08948_green_S4.npz,73,7,1,S4,4.33261123146142
C7/clip_08949_green_S4.npz,73,7,1,S4,4.53272896947073
C7/clip_08950_green_S4.npz,73,7,1,S4,4.46592234627562
C7/clip_08951_green_S4.npz,73,7,1,S4,4.23276896413811
C7/clip_08952_green_S4.npz,73,7,1,S4,4.33261123146142
C7/clip_08953_green_S4.npz,73,7,1,S4,4.26609785361951
C7/clip_08954_green_S4.npz,73,7,1,S4,4.49925012497917
C7/clip_08955_green_S4.npz,73,7,1,S4,4.66588901849691
C7/clip_08956_green_S4.npz,73,7,1,S4,4.33275563258232
C7/clip_08957_green_S4.npz,73,7,1,S4,4.49925012497917
C7/clip_08958_green_S4.npz,73,7,1,S4,4.26609785361951
C7/clip_08959_green_S4.npz,73,7,1,S4,4.23262789535077
C7/clip_08960_green_S5.npz,73,7,0,S5,4.31191747653321
C7/clip_08961_green_S5.npz,73,7,0,S5,4.2791310072416
C7/clip_08962_green_S5.npz,73,7,0,S5,4.2791310072416
C7/clip_08963_green_S5.npz,73,7,0,S5,4.31191747653321
C7/clip_08964_green_S5.npz,73,7,0,S5,4.2791310072416
C7/clip_08965_green_S5.npz,73,7,0,S5,4.2791310072416
C7/clip_08966_green_S5.npz,73,7,0,S5,4.2791310072416
C7/clip_08967_green_S5.npz,73,7,0,S5,4.27903273957607
C7/clip_08968_green_S5.npz,73,7,0,S5,4.2791310072416
C7/clip_08969_green_S5.npz,73,7,0,S5,4.2791310072416
C7/clip_08970_green_S5.npz,73,7,0,S5,4.2791310072416
C7/clip_08971_green_S5.npz,73,7,0,S5,4.27903273957607
C7/clip_08972_green_S5.npz,73,7,0,S5,4.2791310072416
C7/clip_08973_green_S5.npz,73,7,0,S5,4.2791310072416
C7/clip_08974_green_S5.npz,73,7,0,S5,4.2791310072416
C7/clip_08975_green_S5.npz,73,7,0,S5,4.312047399605
C7/clip_08976_green_S5.npz,73,7,0,S5,4.2791310072416
C7/clip_08977_green_S5.npz,73,7,0,S5,4.2791310072416
C7/clip_08978_green_S5.npz,73,7,0,S5,4.24621461487821
C7/clip_08979_green_S5.npz,73,7,0,S5,4.2791310072416
C7/clip_08980_green_S5.npz,73,7,0,S5,4.03279562724969
C7/clip_08981_green_S5.npz,73,7,1,S5,4.23262789535077
C7/clip_08982_green_S5.npz,73,7,0,S5,4.23276896413811
C7/clip_08983_green_S5.npz,73,7,1,S5,4.19930011664722
C7/clip_08984_green_S5.npz,73,7,1,S5,4.13264455924012
C7/clip_08985_green_S6.npz,73,7,0,S6,4.3449637919684
C7/clip_08986_green_S6.npz,73,7,0,S6,4.2791310072416
C7/clip_08987_green_S6.npz,73,7,0,S6,4.2791310072416
C7/clip_08988_green_S6.npz,73,7,0,S6,4.27903273957607
C7/clip_08989_green_S6.npz,73,7,1,S6,4.24621461487821
C7/clip_08990_green_S6.npz,73,7,1,S6,4.2791310072416
C7/clip_08991_green_S6.npz,73,7,1,S6,4.2791310072416
C7/clip_08992_green_S6.npz,73,7,1,S6,4.2791310072416
C7/clip_08993_green_S6.npz,73,7,1,S6,4.2791310072416
C7/clip_08994_green_S6.npz,73,7,1,S6,4.2791310072416
C7/clip_08995_green_S6.npz,73,7,1,S6,4.2791310072416
C7/clip_08996_green_S6.npz,73,7,1,S6,4.2791310072416
C7/clip_08997_green_S6.npz,73,7,1,S6,4.2791310072416
C7/clip_08998_green_S6.npz,73,7,1,S6,4.312047399605
C7/clip_08999_green_S6.npz,73,7,1,S6,4.2791310072416
C7/clip_09000_green_S6.npz,73,7,1,S6,4.2791310072416
C7/clip_09001_green_S6.npz,73,7,0,S6,4.2791310072416
C7/clip_09002_green_S6.npz,73,7,1,S6,4.2791310072416
C7/clip_09003_green_S6.npz,73,7,1,S6,4.2791310072416
C7/clip_09004_green_S6.npz,73,7,1,S6,4.2791310072416
C7/clip_09005_green_S6.npz,73,7,1,S6,4.26595567405432
C7/clip_09006_green_S6.npz,73,7,0,S6,4.09931678053657
C7/clip_09007_green_S6.npz,73,7,1,S6,4.16611118517531
C7/clip_09008_green_S6.npz,73,7,0,S6,3.99933344442592
C7/clip_09009_green_S6.npz,73,7,0,S6,4.03266122312947
C7/clip_09010_green_S7.npz,73,7,0,S7,4.29856714428523
C7/clip_09011_green_S7.npz,73,7,0,S7,4.29856714428523
C7/clip_09012_green_S7.npz,73,7,0,S7,4.26524491836054
C7/clip_09013_green_S7.npz,73,7,0,S7,4.26524491836054
C7/clip_09014_green_S7.npz,73,7,1,S7,4.26524491836054
C7/clip_09015_green_S7.npz,73,7,0,S7,4.26524491836054
C7/clip_09016_green_S7.npz,73,7,1,S7,4.29856714428523
C7/clip_09017_green_S7.npz,73,7,1,S7,4.29856714428523
C7/clip_09018_green_S7.npz,73,7,1,S7,4.26524491836054
C7/clip_09019_green_S7.npz,73,7,1,S7,4.29856714428523
C7/clip_09020_green_S7.npz,73,7,1,S7,4.29856714428523
C7/clip_09021_green_S7.npz,73,7,1,S7,4.26524491836054
C7/clip_09022_green_S7.npz,73,7,1,S7,4.26524491836054
C7/clip_09023_green_S7.npz,73,7,1,S7,4.29856714428523
C7/clip_09024_green_S7.npz,73,7,1,S7,4.29856714428523
C7/clip_09025_green_S7.npz,73,7,1,S7,4.26524491836054
C7/clip_09026_green_S7.npz,73,7,0,S7,4.29856714428523
C7/clip_09027_green_S7.npz,73,7,1,S7,4.29856714428523
C7/clip_09028_green_S7.npz,73,7,1,S7,4.29856714428523
C7/clip_09029_green_S7.npz,73,7,1,S7,4.26524491836054
C7/clip_09030_green_S7.npz,73,7,1,S7,4.1995800419958
C7/clip_09031_green_S7.npz,73,7,1,S7,4.33261123146142
C7/clip_09032_green_S7.npz,73,7,1,S7,4.23262789535077
C7/clip_09033_green_S7.npz,73,7,1,S7,4.33261123146142
C7/clip_09034_green_S7.npz,73,7,1,S7,4.26595567405432
C7/clip_09035_green_S7.npz,73,7,1,S7,4.29928345275787
C7/clip_09036_red_S0.npz,74,7,1,S0,4.06666666666666
C7/clip_09037_red_S0.npz,74,7,1,S0,4.06666666666666
C7/clip_09038_red_S0.npz,74,7,1,S0,4.06666666666666
C7/clip_09039_red_S0.npz,74,7,1,S0,4.06666666666666
C7/clip_09040_red_S0.npz,74,7,1,S0,4.06666666666666
C7/clip_09041_red_S1.npz,74,7,1,S1,4.06666666666666
C7/clip_09042_red_S1.npz,74,7,1,S1,4.06666666666666
C7/clip_09043_red_S1.npz,74,7,1,S1,4.06666666666666
C7/clip_09044_red_S1.npz,74,7,1,S1,4.06666666666666
C7/clip_09045_red_S1.npz,74,7,1,S1,4.06666666666666
C7/clip_09046_red_S2.npz,74,7,1,S2,4.06666666666666
C7/clip_09047_red_S2.npz,74,7,1,S2,4.06666666666666
C7/clip_09048_red_S2.npz,74,7,1,S2,4.06666666666666
C7/clip_09049_red_S2.npz,74,7,1,S2,4.06666666666666
C7/clip_09050_red_S2.npz,74,7,1,S2,4.06666666666666
C7/clip_09051_red_S3.npz,74,7,1,S3,4.06666666666666
C7/clip_09052_red_S3.npz,74,7,1,S3,4.06666666666666
C7/clip_09053_red_S3.npz,74,7,1,S3,4.06666666666666
C7/clip_09054_red_S3.npz,74,7,1,S3,4.06666666666666
C7/clip_09055_red_S3.npz,74,7,1,S3,4.06666666666666
C7/clip_09056_red_S4.npz,74,7,1,S4,4.33261123146142
C7/clip_09057_red_S4.npz,74,7,1,S4,4.73270230635915
C7/clip_09058_red_S4.npz,74,7,1,S4,4.29928345275787
C7/clip_09059_red_S4.npz,74,7,1,S4,4.33261123146142
C7/clip_09060_red_S4.npz,74,7,1,S4,4.16611118517531
C7/clip_09061_red_S4.npz,74,7,1,S4,4.39926678886852
C7/clip_09062_red_S4.npz,74,7,1,S4,4.26609785361951
C7/clip_09063_red_S4.npz,74,7,1,S4,4.33261123146142
C7/clip_09064_red_S4.npz,74,7,1,S4,4.26595567405432
C7/clip_09065_red_S4.npz,74,7,1,S4,4.26595567405432
C7/clip_09066_red_S4.npz,74,7,1,S4,4.49925012497917
C7/clip_09067_red_S4.npz,74,7,1,S4,4.36608452206372
C7/clip_09068_red_S4.npz,74,7,1,S4,4.56605785895213
C7/clip_09069_red_S4.npz,74,7,1,S4,4.33261123146142
C7/clip_09070_red_S4.npz,74,7,1,S4,4.66588901849691
C7/clip_09071_red_S4.npz,74,7,1,S4,4.23262789535077
C7/clip_09072_red_S4.npz,74,7,1,S4,4.39926678886852
C7/clip_09073_red_S4.npz,74,7,1,S4,4.26595567405432
C7/clip_09074_red_S4.npz,74,7,1,S4,4.36608452206372
C7/clip_09075_red_S4.npz,74,7,1,S4,4.66604452739634
C7/clip_09076_red_S4.npz,74,7,1,S4,4.36593901016497
C7/clip_09077_red_S4.npz,74,7,1,S4,4.39926678886852
C7/clip_09078_red_S4.npz,74,7,1,S4,4.59923346108981
C7/clip_09079_red_S4.npz,74,7,1,S4,4.33261123146142
C7/clip_09080_red_S4.npz,74,7,1,S4,4.39926678886852
C7/clip_09081_red_S5.npz,74,7,1,S5,4.2791310072416
C7/clip_09082_red_S5.npz,74,7,1,S5,4.2791310072416
C7/clip_09083_red_S5.npz,74,7,1,S5,4.2791310072416
C7/clip_09084_red_S5.npz,74,7,1,S5,4.2791310072416
C7/clip_09085_red_S5.npz,74,7,1,S5,4.24621461487821
C7/clip_09086_red_S5.npz,74,7,1,S5,4.2791310072416
C7/clip_09087_red_S5.npz,74,7,1,S5,4.24621461487821
C7/clip_09088_red_S5.npz,74,7,1,S5,4.312047399605
C7/clip_09089_red_S5.npz,74,7,1,S5,4.2791310072416
C7/clip_09090_red_S5.npz,74,7,1,S5,4.27903273957607
C7/clip_09091_red_S5.npz,74,7,1,S5,4.2791310072416
C7/clip_09092_red_S5.npz,74,7,1,S5,4.2791310072416
C7/clip_09093_red_S5.npz,74,7,1,S5,4.24621461487821
C7/clip_09094_red_S5.npz,74,7,1,S5,4.21329822251481
C7/clip_09095_red_S5.npz,74,7,1,S5,4.27903273957607
C7/clip_09096_red_S5.npz,74,7,1,S5,4.2791310072416
C7/clip_09097_red_S5.npz,74,7,1,S5,4.2791310072416
C7/clip_09098_red_S5.npz,74,7,1,S5,4.2791310072416
C7/clip_09099_red_S5.npz,74,7,1,S5,4.2791310072416
C7/clip_09100_red_S5.npz,74,7,1,S5,4.2791310072416
C7/clip_09101_red_S5.npz,74,7,1,S5,4.13264455924012
C7/clip_09102_red_S5.npz,74,7,1,S5,3.99933344442592
C7/clip_09103_red_S5.npz,74,7,1,S5,4.26595567405432
C7/clip_09104_red_S5.npz,74,7,1,S5,4.0994534062125
C7/clip_09105_red_S5.npz,74,7,1,S5,4.13264455924012
C7/clip_09106_red_S6.npz,74,7,1,S6,4.2791310072416
C7/clip_09107_red_S6.npz,74,7,1,S6,4.2791310072416
C7/clip_09108_red_S6.npz,74,7,1,S6,4.2791310072416
C7/clip_09109_red_S6.npz,74,7,1,S6,4.24621461487821
C7/clip_09110_red_S6.npz,74,7,1,S6,4.2791310072416
C7/clip_09111_red_S6.npz,74,7,1,S6,4.2791310072416
C7/clip_09112_red_S6.npz,74,7,1,S6,4.24621461487821
C7/clip_09113_red_S6.npz,74,7,1,S6,4.2791310072416
C7/clip_09114_red_S6.npz,74,7,1,S6,4.2791310072416
C7/clip_09115_red_S6.npz,74,7,1,S6,4.2791310072416
C7/clip_09116_red_S6.npz,74,7,1,S6,4.24621461487821
C7/clip_09117_red_S6.npz,74,7,1,S6,4.2791310072416
C7/clip_09118_red_S6.npz,74,7,1,S6,4.24621461487821
C7/clip_09119_red_S6.npz,74,7,1,S6,4.2791310072416
C7/clip_09120_red_S6.npz,74,7,1,S6,4.24621461487821
C7/clip_09121_red_S6.npz,74,7,1,S6,4.2791310072416
C7/clip_09122_red_S6.npz,74,7,1,S6,4.2791310072416
C7/clip_09123_red_S6.npz,74,7,1,S6,4.2791310072416
C7/clip_09124_red_S6.npz,74,7,1,S6,4.27903273957607
C7/clip_09125_red_S6.npz,74,7,1,S6,4.24621461487821
C7/clip_09126_red_S6.npz,74,7,1,S6,4.06598900183302
C7/clip_09127_red_S6.npz,74,7,1,S6,4.19930011664722
C7/clip_09128_red_S6.npz,74,7,1,S6,3.99933344442592
C7/clip_09129_red_S6.npz,74,7,1,S6,4.23262789535077
C7/clip_09130_red_S6.npz,74,7,1,S6,4.26595567405432
C7/clip_09131_red_S7.npz,74,7,1,S7,4.29856714428523
C7/clip_09132_red_S7.npz,74,7,1,S7,4.29856714428523
C7/clip_09133_red_S7.npz,74,7,1,S7,4.26524491836054
C7/clip_09134_red_S7.npz,74,7,1,S7,4.26524491836054
C7/clip_09135_red_S7.npz,74,7,1,S7,4.29856714428523
C7/clip_09136_red_S7.npz,74,7,1,S7,4.26524491836054
C7/clip_09137_red_S7.npz,74,7,1,S7,4.29856714428523
C7/clip_09138_red_S7.npz,74,7,1,S7,4.33188937020993
C7/clip_09139_red_S7.npz,74,7,1,S7,4.29856714428523
C7/clip_09140_red_S7.npz,74,7,1,S7,4.26524491836054
C7/clip_09141_red_S7.npz,74,7,1,S7,4.29856714428523
C7/clip_09142_red_S7.npz,74,7,1,S7,4.29856714428523
C7/clip_09143_red_S7.npz,74,7,1,S7,4.26524491836054
C7/clip_09144_red_S7.npz,74,7,1,S7,4.29856714428523
C7/clip_09145_red_S7.npz,74,7,1,S7,4.29856714428523
C7/clip_09146_red_S7.npz,74,7,1,S7,4.26524491836054
C7/clip_09147_red_S7.npz,74,7,1,S7,4.29856714428523
C7/clip_09148_red_S7.npz,74,7,1,S7,4.29856714428523
C7/clip_09149_red_S7.npz,74,7,1,S7,4.29856714428523
C7/clip_09150_red_S7.npz,74,7,1,S7,4.26524491836054
C7/clip_09151_red_S7.npz,74,7,1,S7,4.19930011664722
C7/clip_09152_red_S7.npz,74,7,1,S7,4.23262789535077
C7/clip_09153_red_S7.npz,74,7,1,S7,4.19930011664722
C7/clip_09154_red_S7.npz,74,7,1,S7,4.03266122312947
C7/clip_09155_red_S7.npz,74,7,1,S7,4.23262789535077
C7/clip_09156_brown_S0.npz,75,7,1,S0,4.06666666666666
C7/clip_09157_brown_S0.npz,75,7,1,S0,4.06666666666666
C7/clip_09158_brown_S0.npz,75,7,1,S0,4.06666666666666
C7/clip_09159_brown_S0.npz,75,7,1,S0,4.06666666666666
C7/clip_09160_brown_S0.npz,75,7,1,S0,4.06666666666666
C7/clip_09161_brown_S1.npz,75,7,1,S1,4.06666666666666
C7/clip_09162_brown_S1.npz,75,7,1,S1,4.06666666666666
C7/clip_09163_brown_S1.npz,75,7,1,S1,4.06666666666666
C7/clip_09164_brown_S1.npz,75,7,1,S1,4.06666666666666
C7/clip_09165_brown_S1.npz,75,7,1,S1,4.06666666666666
C7/clip_09166_brown_S2.npz,75,7,0,S2,4.06666666666666
C7/clip_09167_brown_S2.npz,75,7,0,S2,4.06666666666666
C7/clip_09168_brown_S2.npz,75,7,0,S2,4.06666666666666
C7/clip_09169_brown_S2.npz,75,7,0,S2,4.06666666666666
C7/clip_09170_brown_S2.npz,75,7,0,S2,4.06666666666666
C7/clip_09171_brown_S3.npz,75,7,1,S3,4.06666666666666
C7/clip_09172_brown_S3.npz,75,7,1,S3,4.06666666666666
C7/clip_09173_brown_S3.npz,75,7,1,S3,4.06666666666666
C7/clip_09174_brown_S3.npz,75,7,1,S3,4.06666666666666
C7/clip_09175_brown_S3.npz,75,7,1,S3,4.06666666666666
C7/clip_09176_brown_S4.npz,75,7,1,S4,4.33261123146142
C7/clip_09177_brown_S4.npz,75,7,1,S4,4.43259456757207
C7/clip_09178_brown_S4.npz,75,7,1,S4,4.63256123979336
C7/clip_09179_brown_S4.npz,75,7,1,S4,4.36593901016497
C7/clip_09180_brown_S4.npz,75,7,1,S4,4.16611118517531
C7/clip_09181_brown_S4.npz,75,7,1,S4,4.29928345275787
C7/clip_09182_brown_S4.npz,75,7,1,S4,4.39926678886852
C7/clip_09183_brown_S4.npz,75,7,1,S4,4.39941341154512
C7/clip_09184_brown_S4.npz,75,7,1,S4,4.29942674310092
C7/clip_09185_brown_S4.npz,75,7,1,S4,4.43259456757207
C7/clip_09186_brown_S4.npz,75,7,1,S4,4.33261123146142
C7/clip_09187_brown_S4.npz,75,7,1,S4,4.53272896947073
C7/clip_09188_brown_S4.npz,75,7,1,S4,4.39941341154512
C7/clip_09189_brown_S4.npz,75,7,1,S4,4.43274230102652
C7/clip_09190_brown_S4.npz,75,7,1,S4,4.36593901016497
C7/clip_09191_brown_S4.npz,75,7,1,S4,4.79920013331111
C7/clip_09192_brown_S4.npz,75,7,1,S4,4.49925012497917
C7/clip_09193_brown_S4.npz,75,7,1,S4,4.49940007998933
C7/clip_09194_brown_S4.npz,75,7,1,S4,4.49940007998933
C7/clip_09195_brown_S4.npz,75,7,1,S4,4.36608452206372
C7/clip_09196_brown_S4.npz,75,7,1,S4,4.39926678886852
C7/clip_09197_brown_S4.npz,75,7,1,S4,4.332900043329
C7/clip_09198_brown_S4.npz,75,7,1,S4,4.39926678886852
C7/clip_09199_brown_S4.npz,75,7,1,S4,4.39926678886852
C7/clip_09200_brown_S4.npz,75,7,1,S4,4.29942674310092
C7/clip_09201_brown_S5.npz,75,7,0,S5,4.312047399605
C7/clip_09202_brown_S5.npz,75,7,1,S5,4.2791310072416
C7/clip_09203_brown_S5.npz,75,7,0,S5,4.2791310072416
C7/clip_09204_brown_S5.npz,75,7,1,S5,4.2791310072416
C7/clip_09205_brown_S5.npz,75,7,1,S5,4.31191747653321
C7/clip_09206_brown_S5.npz,75,7,1,S5,4.2791310072416
C7/clip_09207_brown_S5.npz,75,7,1,S5,4.2791310072416
C7/clip_09208_brown_S5.npz,75,7,1,S5,4.2791310072416
C7/clip_09209_brown_S5.npz,75,7,1,S5,4.2791310072416
C7/clip_09210_brown_S5.npz,75,7,1,S5,4.2791310072416
C7/clip_09211_brown_S5.npz,75,7,1,S5,4.2791310072416
C7/clip_09212_brown_S5.npz,75,7,1,S5,4.312047399605
C7/clip_09213_brown_S5.npz,75,7,1,S5,4.2791310072416
C7/clip_09214_brown_S5.npz,75,7,1,S5,4.24614363907779
C7/clip_09215_brown_S5.npz,75,7,1,S5,4.2791310072416
C7/clip_09216_brown_S5.npz,75,7,1,S5,4.21329822251481
C7/clip_09217_brown_S5.npz,75,7,1,S5,4.2791310072416
C7/clip_09218_brown_S5.npz,75,7,1,S5,4.27903273957607
C7/clip_09219_brown_S5.npz,75,7,1,S5,4.312047399605
C7/clip_09220_brown_S5.npz,75,7,1,S5,4.34491978609625
C7/clip_09221_brown_S5.npz,75,7,0,S5,4.29942674310092
C7/clip_09222_brown_S5.npz,75,7,0,S5,4.19930011664722
C7/clip_09223_brown_S5.npz,75,7,1,S5,4.19930011664722
C7/clip_09224_brown_S5.npz,75,7,1,S5,4.0994534062125
C7/clip_09225_brown_S5.npz,75,7,1,S5,3.99933344442592
C7/clip_09226_brown_S6.npz,75,7,1,S6,4.2791310072416
C7/clip_09227_brown_S6.npz,75,7,1,S6,4.27903273957607
C7/clip_09228_brown_S6.npz,75,7,1,S6,4.2791310072416
C7/clip_09229_brown_S6.npz,75,7,1,S6,4.2791310072416
C7/clip_09230_brown_S6.npz,75,7,1,S6,4.312047399605
C7/clip_09231_brown_S6.npz,75,7,0,S6,4.2791310072416
C7/clip_09232_brown_S6.npz,75,7,1,S6,4.2791310072416
C7/clip_09233_brown_S6.npz,75,7,1,S6,4.2791310072416
C7/clip_09234_brown_S6.npz,75,7,1,S6,4.312047399605
C7/clip_09235_brown_S6.npz,75,7,1,S6,4.2791310072416
C7/clip_09236_brown_S6.npz,75,7,1,S6,4.2791310072416
C7/clip_09237_brown_S6.npz,75,7,1,S6,4.24621461487821
C7/clip_09238_brown_S6.npz,75,7,1,S6,4.312047399605
C7/clip_09239_brown_S6.npz,75,7,1,S6,4.2791310072416
C7/clip_09240_brown_S6.npz,75,7,1,S6,4.2791310072416
C7/clip_09241_brown_S6.npz,75,7,1,S6,4.2791310072416
C7/clip_09242_brown_S6.npz,75,7,1,S6,4.2791310072416
C7/clip_09243_brown_S6.npz,75,7,1,S6,4.2791310072416
C7/clip_09244_brown_S6.npz,75,7,1,S6,4.2791310072416
C7/clip_09245_brown_S6.npz,75,7,1,S6,4.312047399605
C7/clip_09246_brown_S6.npz,75,7,1,S6,4.23262789535077
C7/clip_09247_brown_S6.npz,75,7,1,S6,4.03266122312947
C7/clip_09248_brown_S6.npz,75,7,1,S6,4.16611118517531
C7/clip_09249_brown_S6.npz,75,7,1,S6,4.23262789535077
C7/clip_09250_brown_S6.npz,75,7,1,S6,4.19930011664722
C7/clip_09251_brown_S6.npz,75,7,1,S6,4.26595567405432
C7/clip_09252_brown_S7.npz,75,7,1,S7,4.29856714428523
C7/clip_09253_brown_S7.npz,75,7,1,S7,4.29856714428523
C7/clip_09254_brown_S7.npz,75,7,1,S7,4.26524491836054
C7/clip_09255_brown_S7.npz,75,7,1,S7,4.26524491836054
C7/clip_09256_brown_S7.npz,75,7,1,S7,4.29856714428523
C7/clip_09257_brown_S7.npz,75,7,1,S7,4.29856714428523
C7/clip_09258_brown_S7.npz,75,7,1,S7,4.29856714428523
C7/clip_09259_brown_S7.npz,75,7,1,S7,4.29856714428523
C7/clip_09260_brown_S7.npz,75,7,1,S7,4.29856714428523
C7/clip_09261_brown_S7.npz,75,7,1,S7,4.29856714428523
C7/clip_09262_brown_S7.npz,75,7,1,S7,4.29856714428523
C7/clip_09263_brown_S7.npz,75,7,1,S7,4.26524491836054
C7/clip_09264_brown_S7.npz,75,7,1,S7,4.26524491836054
C7/clip_09265_brown_S7.npz,75,7,1,S7,4.26524491836054
C7/clip_09266_brown_S7.npz,75,7,1,S7,4.29856714428523
C7/clip_09267_brown_S7.npz,75,7,1,S7,4.29856714428523
C7/clip_09268_brown_S7.npz,75,7,1,S7,4.26524491836054
C7/clip_09269_brown_S7.npz,75,7,1,S7,4.26524491836054
C7/clip_09270_brown_S7.npz,75,7,1,S7,4.29856714428523
C7/clip_09271_brown_S7.npz,75,7,1,S7,4.26524491836054
C7/clip_09272_brown_S7.npz,75,7,1,S7,4.26595567405432
C7/clip_09273_brown_S7.npz,75,7,1,S7,4.29942674310092
C7/clip_09274_brown_S7.npz,75,7,1,S7,4.09931678053657
C7/clip_09275_brown_S7.npz,75,7,1,S7,4.26595567405432
C7/clip_09276_brown_S7.npz,75,7,1,S7,4.19930011664722
C7/clip_09277_black_S0.npz,76,7,1,S0,4.06666666666666
C7/clip_09278_black_S0.npz,76,7,1,S0,4.06666666666666
C7/clip_09279_black_S0.npz,76,7,1,S0,4.06666666666666
C7/clip_09280_black_S0.npz,76,7,1,S0,4.06666666666666
C7/clip_09281_black_S0.npz,76,7,1,S0,4.06666666666666
C7/clip_09282_black_S1.npz,76,7,1,S1,4.06666666666666
C7/clip_09283_black_S1.npz,76,7,1,S1,4.06666666666666
C7/clip_09284_black_S1.npz,76,7,1,S1,4.06666666666666
C7/clip_09285_black_S1.npz,76,7,1,S1,4.06666666666666
C7/clip_09286_black_S1.npz,76,7,1,S1,4.06666666666666
C7/clip_09287_black_S2.npz,76,7,1,S2,4.06666666666666
C7/clip_09288_black_S2.npz,76,7,1,S2,4.06666666666666
C7/clip_09289_black_S2.npz,76,7,1,S2,4.06666666666666
C7/clip_09290_black_S2.npz,76,7,1,S2,4.06666666666666
C7/clip_09291_black_S2.npz,76,7,1,S2,4.06666666666666
C7/clip_09292_black_S3.npz,76,7,1,S3,4.06666666666666
C7/clip_09293_black_S3.npz,76,7,1,S3,4.06666666666666
C7/clip_09294_black_S3.npz,76,7,1,S3,4.06666666666666
C7/clip_09295_black_S3.npz,76,7,1,S3,4.06666666666666
C7/clip_09296_black_S3.npz,76,7,1,S3,4.06666666666666
C7/clip_09297_black_S4.npz,76,7,1,S4,4.59923346108981
C7/clip_09298_black_S4.npz,76,7,0,S4,4.39926678886852
C7/clip_09299_black_S4.npz,76,7,1,S4,4.36593901016497
C7/clip_09300_black_S4.npz,76,7,1,S4,4.33275563258232
C7/clip_09301_black_S4.npz,76,7,1,S4,4.39941341154512
C7/clip_09302_black_S4.npz,76,7,1,S4,4.53257790368272
C7/clip_09303_black_S4.npz,76,7,1,S4,4.29928345275787
C7/clip_09304_black_S4.npz,76,7,1,S4,4.29942674310092
C7/clip_09305_black_S4.npz,76,7,1,S4,4.33261123146142
C7/clip_09306_black_S4.npz,76,7,1,S4,4.2991401719656
C7/clip_09307_black_S4.npz,76,7,1,S4,4.43259456757207
C7/clip_09308_black_S4.npz,76,7,1,S4,4.53257790368272
C7/clip_09309_black_S4.npz,76,7,1,S4,4.29928345275787
C7/clip_09310_black_S4.npz,76,7,1,S4,4.26609785361951
C7/clip_09311_black_S4.npz,76,7,1,S4,4.46592234627562
C7/clip_09312_black_S4.npz,76,7,1,S4,4.49940007998933
C7/clip_09313_black_S4.npz,76,7,1,S4,4.33261123146142
C7/clip_09314_black_S4.npz,76,7,1,S4,4.46607119050793
C7/clip_09315_black_S4.npz,76,7,1,S4,4.49940007998933
C7/clip_09316_black_S4.npz,76,7,1,S4,4.53257790368272
C7/clip_09317_black_S4.npz,76,7,1,S4,4.33261123146142
C7/clip_09318_black_S4.npz,76,7,1,S4,4.79920013331111
C7/clip_09319_black_S4.npz,76,7,1,S4,4.43274230102652
C7/clip_09320_black_S4.npz,76,7,1,S4,4.43259456757207
C7/clip_09321_black_S4.npz,76,7,1,S4,4.43265388360925
C7/clip_09322_black_S5.npz,76,7,1,S5,4.2791310072416
C7/clip_09323_black_S5.npz,76,7,1,S5,4.2791310072416
C7/clip_09324_black_S5.npz,76,7,1,S5,4.24621461487821
C7/clip_09325_black_S5.npz,76,7,1,S5,4.2791310072416
C7/clip_09326_black_S5.npz,76,7,1,S5,4.2791310072416
C7/clip_09327_black_S5.npz,76,7,1,S5,4.312047399605
C7/clip_09328_black_S5.npz,76,7,1,S5,4.2791310072416
C7/clip_09329_black_S5.npz,76,7,1,S5,4.2791310072416
C7/clip_09330_black_S5.npz,76,7,1,S5,4.2791310072416
C7/clip_09331_black_S5.npz,76,7,1,S5,4.312047399605
C7/clip_09332_black_S5.npz,76,7,1,S5,4.2791310072416
C7/clip_09333_black_S5.npz,76,7,1,S5,4.2791310072416
C7/clip_09334_black_S5.npz,76,7,1,S5,4.27903273957607
C7/clip_09335_black_S5.npz,76,7,1,S5,4.312047399605
C7/clip_09336_black_S5.npz,76,7,1,S5,4.2791310072416
C7/clip_09337_black_S5.npz,76,7,1,S5,4.27903273957607
C7/clip_09338_black_S5.npz,76,7,1,S5,4.2791310072416
C7/clip_09339_black_S5.npz,76,7,1,S5,4.2791310072416
C7/clip_09340_black_S5.npz,76,7,1,S5,4.27907598702905
C7/clip_09341_black_S5.npz,76,7,1,S5,4.27903273957607
C7/clip_09342_black_S5.npz,76,7,1,S5,3.96600566572238
C7/clip_09343_black_S5.npz,76,7,1,S5,3.96600566572238
C7/clip_09344_black_S5.npz,76,7,1,S5,4.23262789535077
C7/clip_09345_black_S5.npz,76,7,1,S5,4.19930011664722
C7/clip_09346_black_S5.npz,76,7,1,S5,4.09931678053657
C7/clip_09347_black_S6.npz,76,7,1,S6,4.2791310072416
C7/clip_09348_black_S6.npz,76,7,0,S6,4.2791310072416
C7/clip_09349_black_S6.npz,76,7,0,S6,4.24621461487821
C7/clip_09350_black_S6.npz,76,7,1,S6,4.27903273957607
C7/clip_09351_black_S6.npz,76,7,1,S6,4.2791310072416
C7/clip_09352_black_S6.npz,76,7,0,S6,4.312047399605
C7/clip_09353_black_S6.npz,76,7,0,S6,4.2791310072416
C7/clip_09354_black_S6.npz,76,7,0,S6,4.2791310072416
C7/clip_09355_black_S6.npz,76,7,1,S6,4.2791310072416
C7/clip_09356_black_S6.npz,76,7,0,S6,4.2791310072416
C7/clip_09357_black_S6.npz,76,7,1,S6,4.2791310072416
C7/clip_09358_black_S6.npz,76,7,0,S6,4.27903273957607
C7/clip_09359_black_S6.npz,76,7,0,S6,4.2791310072416
C7/clip_09360_black_S6.npz,76,7,0,S6,4.2791310072416
C7/clip_09361_black_S6.npz,76,7,0,S6,4.2791310072416
C7/clip_09362_black_S6.npz,76,7,1,S6,4.312047399605
C7/clip_09363_black_S6.npz,76,7,1,S6,4.2791310072416
C7/clip_09364_black_S6.npz,76,7,1,S6,4.24621461487821
C7/clip_09365_black_S6.npz,76,7,0,S6,4.2791310072416
C7/clip_09366_black_S6.npz,76,7,1,S6,4.2791310072416
C7/clip_09367_black_S6.npz,76,7,1,S6,4.09931678053657
C7/clip_09368_black_S6.npz,76,7,1,S6,4.09931678053657
C7/clip_09369_black_S6.npz,76,7,1,S6,4.2329100423291
C7/clip_09370_black_S6.npz,76,7,1,S6,4.0994534062125
C7/clip_09371_black_S6.npz,76,7,1,S6,3.99946673776829
C7/clip_09372_black_S7.npz,76,7,1,S7,4.29856714428523
C7/clip_09373_black_S7.npz,76,7,1,S7,4.29856714428523
C7/clip_09374_black_S7.npz,76,7,1,S7,4.26524491836054
C7/clip_09375_black_S7.npz,76,7,1,S7,4.26524491836054
C7/clip_09376_black_S7.npz,76,7,1,S7,4.29856714428523
C7/clip_09377_black_S7.npz,76,7,1,S7,4.29856714428523
C7/clip_09378_black_S7.npz,76,7,1,S7,4.26524491836054
C7/clip_09379_black_S7.npz,76,7,1,S7,4.26524491836054
C7/clip_09380_black_S7.npz,76,7,1,S7,4.26524491836054
C7/clip_09381_black_S7.npz,76,7,1,S7,4.26524491836054
C7/clip_09382_black_S7.npz,76,7,1,S7,4.29856714428523
C7/clip_09383_black_S7.npz,76,7,1,S7,4.29856714428523
C7/clip_09384_black_S7.npz,76,7,1,S7,4.29856714428523
C7/clip_09385_black_S7.npz,76,7,1,S7,4.29856714428523
C7/clip_09386_black_S7.npz,76,7,1,S7,4.26524491836054
C7/clip_09387_black_S7.npz,76,7,1,S7,4.26524491836054
C7/clip_09388_black_S7.npz,76,7,1,S7,4.26524491836054
C7/clip_09389_black_S7.npz,76,7,1,S7,4.26524491836054
C7/clip_09390_black_S7.npz,76,7,1,S7,4.26524491836054
C7/clip_09391_black_S7.npz,76,7,1,S7,4.29856714428523
C7/clip_09392_black_S7.npz,76,7,1,S7,3.999200159968
C7/clip_09393_black_S7.npz,76,7,1,S7,4.13264455924012
C7/clip_09394_black_S7.npz,76,7,1,S7,4.26609785361951
C7/clip_09395_black_S7.npz,76,7,1,S7,4.23262789535077
C7/clip_09396_black_S7.npz,76,7,1,S7,4.26609785361951
C7/clip_09397_white_S0.npz,77,7,1,S0,4.06666666666666
C7/clip_09398_white_S0.npz,77,7,0,S0,4.06666666666666
C7/clip_09399_white_S0.npz,77,7,0,S0,4.06666666666666
C7/clip_09400_white_S0.npz,77,7,1,S0,4.06666666666666
C7/clip_09401_white_S0.npz,77,7,1,S0,4.06666666666666
C7/clip_09402_white_S1.npz,77,7,0,S1,4.06666666666666
C7/clip_09403_white_S1.npz,77,7,0,S1,4.06666666666666
C7/clip_09404_white_S1.npz,77,7,0,S1,4.06666666666666
C7/clip_09405_white_S1.npz,77,7,0,S1,4.06666666666666
C7/clip_09406_white_S1.npz,77,7,0,S1,4.06666666666666
C7/clip_09407_white_S2.npz,77,7,0,S2,4.06666666666666
C7/clip_09408_white_S2.npz,77,7,0,S2,4.06666666666666
C7/clip_09409_white_S2.npz,77,7,0,S2,4.06666666666666
C7/clip_09410_white_S2.npz,77,7,0,S2,4.06666666666666
C7/clip_09411_white_S2.npz,77,7,0,S2,4.06666666666666
C7/clip_09412_white_S3.npz,77,7,0,S3,4.06666666666666
C7/clip_09413_white_S3.npz,77,7,1,S3,4.06666666666666
C7/clip_09414_white_S3.npz,77,7,1,S3,4.06666666666666
C7/clip_09415_white_S3.npz,77,7,1,S3,4.06666666666666
C7/clip_09416_white_S3.npz,77,7,1,S3,4.06666666666666
C7/clip_09417_white_S4.npz,77,7,0,S4,4.36593901016497
C7/clip_09418_white_S4.npz,77,7,0,S4,4.43259456757207
C7/clip_09419_white_S4.npz,77,7,0,S4,4.33261123146142
C7/clip_09420_white_S4.npz,77,7,0,S4,4.33275563258232
C7/clip_09421_white_S4.npz,77,7,0,S4,4.53257790368272
C7/clip_09422_white_S4.npz,77,7,1,S4,4.26609785361951
C7/clip_09423_white_S4.npz,77,7,0,S4,4.19930011664722
C7/clip_09424_white_S4.npz,77,7,1,S4,4.49925012497917
C7/clip_09425_white_S4.npz,77,7,1,S4,4.39926678886852
C7/clip_09426_white_S4.npz,77,7,1,S4,4.29928345275787
C7/clip_09427_white_S4.npz,77,7,0,S4,4.33261123146142
C7/clip_09428_white_S4.npz,77,7,1,S4,4.36593901016497
C7/clip_09429_white_S4.npz,77,7,1,S4,4.33275563258232
C7/clip_09430_white_S4.npz,77,7,1,S4,4.36593901016497
C7/clip_09431_white_S4.npz,77,7,1,S4,4.26609785361951
C7/clip_09432_white_S4.npz,77,7,1,S4,4.39926678886852
C7/clip_09433_white_S4.npz,77,7,0,S4,4.66588901849691
C7/clip_09434_white_S4.npz,77,7,0,S4,4.36593901016497
C7/clip_09435_white_S4.npz,77,7,0,S4,4.39926678886852
C7/clip_09436_white_S4.npz,77,7,0,S4,4.49925012497917
C7/clip_09437_white_S4.npz,77,7,0,S4,4.39926678886852
C7/clip_09438_white_S4.npz,77,7,0,S4,4.33275563258232
C7/clip_09439_white_S4.npz,77,7,0,S4,4.23262789535077
C7/clip_09440_white_S4.npz,77,7,0,S4,4.26595567405432
C7/clip_09441_white_S4.npz,77,7,0,S4,4.23262789535077
C7/clip_09442_white_S5.npz,77,7,0,S5,4.2791310072416
C7/clip_09443_white_S5.npz,77,7,0,S5,4.312047399605
C7/clip_09444_white_S5.npz,77,7,0,S5,4.2791310072416
C7/clip_09445_white_S5.npz,77,7,0,S5,4.27901922162602
C7/clip_09446_white_S5.npz,77,7,0,S5,4.27903273957607
C7/clip_09447_white_S5.npz,77,7,0,S5,4.2791310072416
C7/clip_09448_white_S5.npz,77,7,0,S5,4.2791310072416
C7/clip_09449_white_S5.npz,77,7,0,S5,4.2791310072416
C7/clip_09450_white_S5.npz,77,7,0,S5,4.2791310072416
C7/clip_09451_white_S5.npz,77,7,0,S5,4.2791310072416
C7/clip_09452_white_S5.npz,77,7,0,S5,4.2791310072416
C7/clip_09453_white_S5.npz,77,7,0,S5,4.312047399605
C7/clip_09454_white_S5.npz,77,7,0,S5,4.2791310072416
C7/clip_09455_white_S5.npz,77,7,0,S5,4.27899015832263
C7/clip_09456_white_S5.npz,77,7,0,S5,4.24621461487821
C7/clip_09457_white_S5.npz,77,7,0,S5,4.24621461487821
C7/clip_09458_white_S5.npz,77,7,0,S5,4.27903273957607
C7/clip_09459_white_S5.npz,77,7,0,S5,4.27897574123989
C7/clip_09460_white_S5.npz,77,7,0,S5,4.2791310072416
C7/clip_09461_white_S5.npz,77,7,0,S5,4.2791310072416
C7/clip_09462_white_S5.npz,77,7,0,S5,3.99933344442592
C7/clip_09463_white_S5.npz,77,7,0,S5,4.03266122312947
C7/clip_09464_white_S5.npz,77,7,0,S5,4.1662500416625
C7/clip_09465_white_S5.npz,77,7,0,S5,3.99933344442592
C7/clip_09466_white_S5.npz,77,7,0,S5,4.13264455924012
C7/clip_09467_white_S6.npz,77,7,1,S6,4.312047399605
C7/clip_09468_white_S6.npz,77,7,0,S6,4.2791310072416
C7/clip_09469_white_S6.npz,77,7,0,S6,4.2791310072416
C7/clip_09470_white_S6.npz,77,7,0,S6,4.2791310072416
C7/clip_09471_white_S6.npz,77,7,0,S6,4.2791310072416
C7/clip_09472_white_S6.npz,77,7,0,S6,4.312047399605
C7/clip_09473_white_S6.npz,77,7,0,S6,4.27903273957607
C7/clip_09474_white_S6.npz,77,7,0,S6,4.2791310072416
C7/clip_09475_white_S6.npz,77,7,0,S6,4.2791310072416
C7/clip_09476_white_S6.npz,77,7,0,S6,4.27903273957607
C7/clip_09477_white_S6.npz,77,7,0,S6,4.24621461487821
C7/clip_09478_white_S6.npz,77,7,1,S6,4.2791310072416
C7/clip_09479_white_S6.npz,77,7,1,S6,4.2791310072416
C7/clip_09480_white_S6.npz,77,7,0,S6,4.2791310072416
C7/clip_09481_white_S6.npz,77,7,1,S6,4.2791310072416
C7/clip_09482_white_S6.npz,77,7,1,S6,4.312047399605
C7/clip_09483_white_S6.npz,77,7,1,S6,4.2791310072416
C7/clip_09484_white_S6.npz,77,7,0,S6,4.2791310072416
C7/clip_09485_white_S6.npz,77,7,1,S6,4.312047399605
C7/clip_09486_white_S6.npz,77,7,0,S6,4.2791310072416
C7/clip_09487_white_S6.npz,77,7,0,S6,4.19944007465671
C7/clip_09488_white_S6.npz,77,7,0,S6,4.16611118517531
C7/clip_09489_white_S6.npz,77,7,0,S6,4.13264455924012
C7/clip_09490_white_S6.npz,77,7,0,S6,4.23262789535077
C7/clip_09491_white_S6.npz,77,7,0,S6,4.06598900183302
C7/clip_09492_white_S6.npz,77,7,0,S6,4.23262789535077
C7/clip_09493_white_S7.npz,77,7,0,S7,4.29856714428523
C7/clip_09494_white_S7.npz,77,7,0,S7,4.26524491836054
C7/clip_09495_white_S7.npz,77,7,1,S7,4.33188937020993
C7/clip_09496_white_S7.npz,77,7,1,S7,4.29856714428523
C7/clip_09497_white_S7.npz,77,7,1,S7,4.26524491836054
C7/clip_09498_white_S7.npz,77,7,1,S7,4.26524491836054
C7/clip_09499_white_S7.npz,77,7,1,S7,4.26524491836054
C7/clip_09500_white_S7.npz,77,7,1,S7,4.29856714428523
C7/clip_09501_white_S7.npz,77,7,0,S7,4.26524491836054
C7/clip_09502_white_S7.npz,77,7,0,S7,4.29856714428523
C7/clip_09503_white_S7.npz,77,7,0,S7,4.26524491836054
C7/clip_09504_white_S7.npz,77,7,1,S7,4.29856714428523
C7/clip_09505_white_S7.npz,77,7,1,S7,4.19860046651116
C7/clip_09506_white_S7.npz,77,7,1,S7,4.26524491836054
C7/clip_09507_white_S7.npz,77,7,1,S7,4.29856714428523
C7/clip_09508_white_S7.npz,77,7,0,S7,4.26524491836054
C7/clip_09509_white_S7.npz,77,7,0,S7,4.26524491836054
C7/clip_09510_white_S7.npz,77,7,0,S7,4.29856714428523
C7/clip_09511_white_S7.npz,77,7,1,S7,4.29856714428523
C7/clip_09512_white_S7.npz,77,7,1,S7,4.29856714428523
C7/clip_09513_white_S7.npz,77,7,0,S7,4.16597233794367
C7/clip_09514_white_S7.npz,77,7,0,S7,4.29928345275787
C7/clip_09515_white_S7.npz,77,7,0,S7,4.23276896413811
C7/clip_09516_white_S7.npz,77,7,0,S7,4.26595567405432
C7/clip_09517_white_S7.npz,77,7,0,S7,4.29928345275787
C7/clip_09518_yellow_S0.npz,78,7,1,S0,4.06666666666666
C7/clip_09519_yellow_S0.npz,78,7,1,S0,4.06666666666666
C7/clip_09520_yellow_S0.npz,78,7,1,S0,4.06666666666666
C7/clip_09521_yellow_S0.npz,78,7,1,S0,4.06666666666666
C7/clip_09522_yellow_S0.npz,78,7,1,S0,4.06666666666666
C7/clip_09523_yellow_S1.npz,78,7,1,S1,4.06666666666666
C7/clip_09524_yellow_S1.npz,78,7,1,S1,4.06666666666666
C7/clip_09525_yellow_S1.npz,78,7,1,S1,4.06666666666666
C7/clip_09526_yellow_S1.npz,78,7,1,S1,4.06666666666666
C7/clip_09527_yellow_S1.npz,78,7,1,S1,4.06666666666666
C7/clip_09528_yellow_S2.npz,78,7,0,S2,4.06666666666666
C7/clip_09529_yellow_S2.npz,78,7,1,S2,4.06666666666666
C7/clip_09530_yellow_S2.npz,78,7,1,S2,4.06666666666666
C7/clip_09531_yellow_S2.npz,78,7,1,S2,4.06666666666666
C7/clip_09532_yellow_S2.npz,78,7,1,S2,4.06666666666666
C7/clip_09533_yellow_S3.npz,78,7,0,S3,4.06666666666666
C7/clip_09534_yellow_S3.npz,78,7,0,S3,4.06666666666666
C7/clip_09535_yellow_S3.npz,78,7,0,S3,4.06666666666666
C7/clip_09536_yellow_S3.npz,78,7,0,S3,4.06666666666666
C7/clip_09537_yellow_S3.npz,78,7,0,S3,4.06666666666666
C7/clip_09538_yellow_S4.npz,78,7,0,S4,4.23276896413811
C7/clip_09539_yellow_S4.npz,78,7,0,S4,4.26609785361951
C7/clip_09540_yellow_S4.npz,78,7,0,S4,4.39926678886852
C7/clip_09541_yellow_S4.npz,78,7,0,S4,4.36593901016497
C7/clip_09542_yellow_S4.npz,78,7,0,S4,4.43259456757207
C7/clip_09543_yellow_S4.npz,78,7,1,S4,4.33261123146142
C7/clip_09544_yellow_S4.npz,78,7,1,S4,4.26609785361951
C7/clip_09545_yellow_S4.npz,78,7,1,S4,4.46592234627562
C7/clip_09546_yellow_S4.npz,78,7,1,S4,4.33261123146142
C7/clip_09547_yellow_S4.npz,78,7,1,S4,4.36593901016497
C7/clip_09548_yellow_S4.npz,78,7,1,S4,4.46607119050793
C7/clip_09549_yellow_S4.npz,78,7,1,S4,4.46592234627562
C7/clip_09550_yellow_S4.npz,78,7,1,S4,4.33261123146142
C7/clip_09551_yellow_S4.npz,78,7,1,S4,4.29928345275787
C7/clip_09552_yellow_S4.npz,78,7,1,S4,4.33261123146142
C7/clip_09553_yellow_S4.npz,78,7,1,S4,4.39926678886852
C7/clip_09554_yellow_S4.npz,78,7,1,S4,4.33261123146142
C7/clip_09555_yellow_S4.npz,78,7,1,S4,4.26595567405432
C7/clip_09556_yellow_S4.npz,78,7,0,S4,4.36593901016497
C7/clip_09557_yellow_S4.npz,78,7,0,S4,4.23262789535077
C7/clip_09558_yellow_S4.npz,78,7,0,S4,4.39926678886852
C7/clip_09559_yellow_S4.npz,78,7,0,S4,4.39926678886852
C7/clip_09560_yellow_S4.npz,78,7,0,S4,4.56590568238626
C7/clip_09561_yellow_S4.npz,78,7,1,S4,4.36593901016497
C7/clip_09562_yellow_S4.npz,78,7,1,S4,4.39941341154512
C7/clip_09563_yellow_S5.npz,78,7,0,S5,4.24614363907779
C7/clip_09564_yellow_S5.npz,78,7,0,S5,4.2791310072416
C7/clip_09565_yellow_S5.npz,78,7,0,S5,4.2791310072416
C7/clip_09566_yellow_S5.npz,78,7,0,S5,4.27903273957607
C7/clip_09567_yellow_S5.npz,78,7,0,S5,4.312047399605
C7/clip_09568_yellow_S5.npz,78,7,0,S5,4.312047399605
C7/clip_09569_yellow_S5.npz,78,7,0,S5,4.2791310072416
C7/clip_09570_yellow_S5.npz,78,7,0,S5,4.27907598702905
C7/clip_09571_yellow_S5.npz,78,7,0,S5,4.27903273957607
C7/clip_09572_yellow_S5.npz,78,7,0,S5,4.27903273957607
C7/clip_09573_yellow_S5.npz,78,7,0,S5,4.2791310072416
C7/clip_09574_yellow_S5.npz,78,7,0,S5,4.31191747653321
C7/clip_09575_yellow_S5.npz,78,7,0,S5,4.24621461487821
C7/clip_09576_yellow_S5.npz,78,7,0,S5,4.24621461487821
C7/clip_09577_yellow_S5.npz,78,7,0,S5,4.2791310072416
C7/clip_09578_yellow_S5.npz,78,7,0,S5,4.24621461487821
C7/clip_09579_yellow_S5.npz,78,7,0,S5,4.312047399605
C7/clip_09580_yellow_S5.npz,78,7,0,S5,4.2791310072416
C7/clip_09581_yellow_S5.npz,78,7,0,S5,4.24621461487821
C7/clip_09582_yellow_S5.npz,78,7,0,S5,4.2791310072416
C7/clip_09583_yellow_S5.npz,78,7,0,S5,4.13264455924012
C7/clip_09584_yellow_S5.npz,78,7,0,S5,4.23262789535077
C7/clip_09585_yellow_S5.npz,78,7,0,S5,4.16597233794367
C7/clip_09586_yellow_S5.npz,78,7,0,S5,4.19930011664722
C7/clip_09587_yellow_S5.npz,78,7,0,S5,4.19930011664722
C7/clip_09588_yellow_S6.npz,78,7,0,S6,4.31191747653321
C7/clip_09589_yellow_S6.npz,78,7,0,S6,4.2791310072416
C7/clip_09590_yellow_S6.npz,78,7,0,S6,4.312047399605
C7/clip_09591_yellow_S6.npz,78,7,0,S6,4.24621461487821
C7/clip_09592_yellow_S6.npz,78,7,0,S6,4.2791310072416
C7/clip_09593_yellow_S6.npz,78,7,0,S6,4.312047399605
C7/clip_09594_yellow_S6.npz,78,7,0,S6,4.2791310072416
C7/clip_09595_yellow_S6.npz,78,7,0,S6,4.2791310072416
C7/clip_09596_yellow_S6.npz,78,7,0,S6,4.2791310072416
C7/clip_09597_yellow_S6.npz,78,7,1,S6,4.24621461487821
C7/clip_09598_yellow_S6.npz,78,7,1,S6,4.2791310072416
C7/clip_09599_yellow_S6.npz,78,7,0,S6,4.2791310072416
C7/clip_09600_yellow_S6.npz,78,7,0,S6,4.27903273957607
C7/clip_09601_yellow_S6.npz,78,7,1,S6,4.2791310072416
C7/clip_09602_yellow_S6.npz,78,7,1,S6,4.24621461487821
C7/clip_09603_yellow_S6.npz,78,7,1,S6,4.2791310072416
C7/clip_09604_yellow_S6.npz,78,7,0,S6,4.312047399605
C7/clip_09605_yellow_S6.npz,78,7,1,S6,4.2791310072416
C7/clip_09606_yellow_S6.npz,78,7,1,S6,4.2791310072416
C7/clip_09607_yellow_S6.npz,78,7,0,S6,4.2791310072416
C7/clip_09608_yellow_S6.npz,78,7,0,S6,4.0661245167311
C7/clip_09609_yellow_S6.npz,78,7,1,S6,4.19930011664722
C7/clip_09610_yellow_S6.npz,78,7,0,S6,4.23262789535077
C7/clip_09611_yellow_S6.npz,78,7,1,S6,4.19930011664722
C7/clip_09612_yellow_S6.npz,78,7,1,S6,3.96600566572238
C7/clip_09613_yellow_S7.npz,78,7,0,S7,4.29856714428523
C7/clip_09614_yellow_S7.npz,78,7,0,S7,4.26524491836054
C7/clip_09615_yellow_S7.npz,78,7,1,S7,4.29856714428523
C7/clip_09616_yellow_S7.npz,78,7,0,S7,4.26524491836054
C7/clip_09617_yellow_S7.npz,78,7,1,S7,4.29856714428523
C7/clip_09618_yellow_S7.npz,78,7,0,S7,4.26524491836054
C7/clip_09619_yellow_S7.npz,78,7,1,S7,4.23192269243585
C7/clip_09620_yellow_S7.npz,78,7,1,S7,4.26524491836054
C7/clip_09621_yellow_S7.npz,78,7,1,S7,4.26524491836054
C7/clip_09622_yellow_S7.npz,78,7,1,S7,4.26524491836054
C7/clip_09623_yellow_S7.npz,78,7,1,S7,4.29856714428523
C7/clip_09624_yellow_S7.npz,78,7,1,S7,4.26524491836054
C7/clip_09625_yellow_S7.npz,78,7,1,S7,4.29856714428523
C7/clip_09626_yellow_S7.npz,78,7,1,S7,4.26524491836054
C7/clip_09627_yellow_S7.npz,78,7,1,S7,4.29856714428523
C7/clip_09628_yellow_S7.npz,78,7,1,S7,4.29856714428523
C7/clip_09629_yellow_S7.npz,78,7,1,S7,4.26524491836054
C7/clip_09630_yellow_S7.npz,78,7,1,S7,4.26524491836054
C7/clip_09631_yellow_S7.npz,78,7,1,S7,4.29856714428523
C7/clip_09632_yellow_S7.npz,78,7,1,S7,4.26524491836054
C7/clip_09633_yellow_S7.npz,78,7,0,S7,4.33275563258232
C7/clip_09634_yellow_S7.npz,78,7,0,S7,4.23262789535077
C7/clip_09635_yellow_S7.npz,78,7,0,S7,4.29928345275787
C7/clip_09636_yellow_S7.npz,78,7,1,S7,4.23262789535077
C7/clip_09637_yellow_S7.npz,78,7,0,S7,4.19930011664722
C7/clip_09638_orange_S0.npz,79,7,1,S0,4.05
C7/clip_09639_orange_S0.npz,79,7,1,S0,4.05
C7/clip_09640_orange_S0.npz,79,7,1,S0,4.05
C7/clip_09641_orange_S0.npz,79,7,1,S0,4.05
C7/clip_09642_orange_S0.npz,79,7,1,S0,4.05
C7/clip_09643_orange_S1.npz,79,7,1,S1,4.06666666666666
C7/clip_09644_orange_S1.npz,79,7,1,S1,4.06666666666666
C7/clip_09645_orange_S1.npz,79,7,1,S1,4.05
C7/clip_09646_orange_S1.npz,79,7,1,S1,4.05
C7/clip_09647_orange_S1.npz,79,7,1,S1,4.05
C7/clip_09648_orange_S2.npz,79,7,1,S2,4.06666666666666
C7/clip_09649_orange_S2.npz,79,7,1,S2,4.05
C7/clip_09650_orange_S2.npz,79,7,1,S2,4.05
C7/clip_09651_orange_S2.npz,79,7,1,S2,4.05
C7/clip_09652_orange_S2.npz,79,7,1,S2,4.05
C7/clip_09653_orange_S3.npz,79,7,0,S3,4.06666666666666
C7/clip_09654_orange_S3.npz,79,7,0,S3,4.06666666666666
C7/clip_09655_orange_S3.npz,79,7,0,S3,4.06666666666666
C7/clip_09656_orange_S3.npz,79,7,0,S3,4.06666666666666
C7/clip_09657_orange_S3.npz,79,7,0,S3,4.05
C7/clip_09658_orange_S4.npz,79,7,0,S4,4.39926678886852
C7/clip_09659_orange_S4.npz,79,7,0,S4,4.39926678886852
C7/clip_09660_orange_S4.npz,79,7,0,S4,4.43274230102652
C7/clip_09661_orange_S4.npz,79,7,0,S4,4.2662400426624
C7/clip_09662_orange_S4.npz,79,7,0,S4,4.46592234627562
C7/clip_09663_orange_S4.npz,79,7,0,S4,4.0661245167311
C7/clip_09664_orange_S4.npz,79,7,0,S4,4.26609785361951
C7/clip_09665_orange_S4.npz,79,7,0,S4,4.33246683996534
C7/clip_09666_orange_S4.npz,79,7,0,S4,4.49925012497917
C7/clip_09667_orange_S4.npz,79,7,0,S4,4.43259456757207
C7/clip_09668_orange_S4.npz,79,7,0,S4,4.36593901016497
C7/clip_09669_orange_S4.npz,79,7,0,S4,4.59923346108981
C7/clip_09670_orange_S4.npz,79,7,0,S4,4.39941341154512
C7/clip_09671_orange_S4.npz,79,7,1,S4,4.46592234627562
C7/clip_09672_orange_S4.npz,79,7,1,S4,4.29928345275787
C7/clip_09673_orange_S4.npz,79,7,0,S4,4.56590568238626
C7/clip_09674_orange_S4.npz,79,7,0,S4,4.36593901016497
C7/clip_09675_orange_S4.npz,79,7,0,S4,4.29942674310092
C7/clip_09676_orange_S4.npz,79,7,0,S4,4.06585349596747
C7/clip_09677_orange_S4.npz,79,7,0,S4,4.23276896413811
C7/clip_09678_orange_S4.npz,79,7,1,S4,4.36593901016497
C7/clip_09679_orange_S4.npz,79,7,1,S4,4.39926678886852
C7/clip_09680_orange_S4.npz,79,7,1,S4,4.26609785361951
C7/clip_09681_orange_S4.npz,79,7,1,S4,4.39941341154512
C7/clip_09682_orange_S4.npz,79,7,0,S4,4.36608452206372
C7/clip_09683_orange_S5.npz,79,7,0,S5,4.27903273957607
C7/clip_09684_orange_S5.npz,79,7,0,S5,4.2791310072416
C7/clip_09685_orange_S5.npz,79,7,0,S5,4.2791310072416
C7/clip_09686_orange_S5.npz,79,7,0,S5,4.312047399605
C7/clip_09687_orange_S5.npz,79,7,0,S5,4.2791310072416
C7/clip_09688_orange_S5.npz,79,7,0,S5,4.2791310072416
C7/clip_09689_orange_S5.npz,79,7,0,S5,4.2791310072416
C7/clip_09690_orange_S5.npz,79,7,0,S5,4.2791310072416
C7/clip_09691_orange_S5.npz,79,7,0,S5,4.27903273957607
C7/clip_09692_orange_S5.npz,79,7,0,S5,4.312047399605
C7/clip_09693_orange_S5.npz,79,7,0,S5,4.2791310072416
C7/clip_09694_orange_S5.npz,79,7,0,S5,4.2791310072416
C7/clip_09695_orange_S5.npz,79,7,0,S5,4.2791310072416
C7/clip_09696_orange_S5.npz,79,7,0,S5,4.2791310072416
C7/clip_09697_orange_S5.npz,79,7,0,S5,4.2791310072416
C7/clip_09698_orange_S5.npz,79,7,0,S5,4.312047399605
C7/clip_09699_orange_S5.npz,79,7,0,S5,4.2791310072416
C7/clip_09700_orange_S5.npz,79,7,0,S5,4.31191747653321
C7/clip_09701_orange_S5.npz,79,7,0,S5,4.31192967209278
C7/clip_09702_orange_S5.npz,79,7,0,S5,4.2791310072416
C7/clip_09703_orange_S5.npz,79,7,0,S5,4.03266122312947
C7/clip_09704_orange_S5.npz,79,7,0,S5,4.19930011664722
C7/clip_09705_orange_S5.npz,79,7,0,S5,4.06598900183302
C7/clip_09706_orange_S5.npz,79,7,0,S5,4.13264455924012
C7/clip_09707_orange_S5.npz,79,7,0,S5,4.06598900183302
C7/clip_09708_orange_S6.npz,79,7,0,S6,4.312047399605
C7/clip_09709_orange_S6.npz,79,7,0,S6,4.2791310072416
C7/clip_09710_orange_S6.npz,79,7,0,S6,4.24621461487821
C7/clip_09711_orange_S6.npz,79,7,0,S6,4.2791310072416
C7/clip_09712_orange_S6.npz,79,7,0,S6,4.2791310072416
C7/clip_09713_orange_S6.npz,79,7,0,S6,4.312047399605
C7/clip_09714_orange_S6.npz,79,7,0,S6,4.2791310072416
C7/clip_09715_orange_S6.npz,79,7,0,S6,4.2791310072416
C7/clip_09716_orange_S6.npz,79,7,0,S6,4.2791310072416
C7/clip_09717_orange_S6.npz,79,7,0,S6,4.24621461487821
C7/clip_09718_orange_S6.npz,79,7,0,S6,4.2791310072416
C7/clip_09719_orange_S6.npz,79,7,0,S6,4.2791310072416
C7/clip_09720_orange_S6.npz,79,7,0,S6,4.2791310072416
C7/clip_09721_orange_S6.npz,79,7,0,S6,4.2791310072416
C7/clip_09722_orange_S6.npz,79,7,0,S6,4.2791310072416
C7/clip_09723_orange_S6.npz,79,7,0,S6,4.2791310072416
C7/clip_09724_orange_S6.npz,79,7,0,S6,4.2791310072416
C7/clip_09725_orange_S6.npz,79,7,0,S6,4.24621461487821
C7/clip_09726_orange_S6.npz,79,7,0,S6,4.24621461487821
C7/clip_09727_orange_S6.npz,79,7,0,S6,4.2791310072416
C7/clip_09728_orange_S6.npz,79,7,0,S6,4.03266122312947
C7/clip_09729_orange_S6.npz,79,7,0,S6,4.23262789535077
C7/clip_09730_orange_S6.npz,79,7,0,S6,4.19944007465671
C7/clip_09731_orange_S6.npz,79,7,1,S6,4.16611118517531
C7/clip_09732_orange_S6.npz,79,7,1,S6,4.19930011664722
C7/clip_09733_orange_S7.npz,79,7,1,S7,4.26524491836054
C7/clip_09734_orange_S7.npz,79,7,1,S7,4.29856714428523
C7/clip_09735_orange_S7.npz,79,7,1,S7,4.29856714428523
C7/clip_09736_orange_S7.npz,79,7,1,S7,4.26524491836054
C7/clip_09737_orange_S7.npz,79,7,1,S7,4.29856714428523
C7/clip_09738_orange_S7.npz,79,7,1,S7,4.29856714428523
C7/clip_09739_orange_S7.npz,79,7,1,S7,4.29856714428523
C7/clip_09740_orange_S7.npz,79,7,1,S7,4.29856714428523
C7/clip_09741_orange_S7.npz,79,7,1,S7,4.23192269243585
C7/clip_09742_orange_S7.npz,79,7,1,S7,4.29856714428523
C7/clip_09743_orange_S7.npz,79,7,1,S7,4.26524491836054
C7/clip_09744_orange_S7.npz,79,7,1,S7,4.29856714428523
C7/clip_09745_orange_S7.npz,79,7,1,S7,4.29856714428523
C7/clip_09746_orange_S7.npz,79,7,1,S7,4.29856714428523
C7/clip_09747_orange_S7.npz,79,7,1,S7,4.26524491836054
C7/clip_09748_orange_S7.npz,79,7,1,S7,4.29856714428523
C7/clip_09749_orange_S7.npz,79,7,1,S7,4.29856714428523
C7/clip_09750_orange_S7.npz,79,7,1,S7,4.26524491836054
C7/clip_09751_orange_S7.npz,79,7,1,S7,4.29856714428523
C7/clip_09752_orange_S7.npz,79,7,0,S7,4.29856714428523
C7/clip_09753_orange_S7.npz,79,7,0,S7,4.29942674310092
C7/clip_09754_orange_S7.npz,79,7,0,S7,4.19930011664722
C7/clip_09755_orange_S7.npz,79,7,1,S7,4.26595567405432
C7/clip_09756_orange_S7.npz,79,7,0,S7,4.23262789535077
C7/clip_09757_gray_S0.npz,80,7,0,S0,4.05
C7/clip_09758_gray_S0.npz,80,7,1,S0,4.05
C7/clip_09759_gray_S0.npz,80,7,0,S0,4.05
C7/clip_09760_gray_S0.npz,80,7,1,S0,4.05
C7/clip_09761_gray_S0.npz,80,7,0,S0,4.05
C7/clip_09762_gray_S1.npz,80,7,1,S1,4.05
C7/clip_09763_gray_S1.npz,80,7,0,S1,4.05
C7/clip_09764_gray_S1.npz,80,7,1,S1,4.05
C7/clip_09765_gray_S1.npz,80,7,0,S1,4.05
C7/clip_09766_gray_S1.npz,80,7,0,S1,4.05
C7/clip_09767_gray_S2.npz,80,7,0,S2,4.05
C7/clip_09768_gray_S2.npz,80,7,0,S2,4.05
C7/clip_09769_gray_S2.npz,80,7,0,S2,4.05
C7/clip_09770_gray_S2.npz,80,7,0,S2,4.05
C7/clip_09771_gray_S2.npz,80,7,0,S2,4.05
C7/clip_09772_gray_S3.npz,80,7,0,S3,4.05
C7/clip_09773_gray_S3.npz,80,7,1,S3,4.05
C7/clip_09774_gray_S3.npz,80,7,1,S3,4.05
C7/clip_09775_gray_S3.npz,80,7,1,S3,4.05
C7/clip_09776_gray_S3.npz,80,7,1,S3,4.05
C7/clip_09777_gray_S4.npz,80,7,0,S4,4.56590568238626
C7/clip_09778_gray_S4.npz,80,7,0,S4,4.26595567405432
C7/clip_09779_gray_S4.npz,80,7,0,S4,4.26595567405432
C7/clip_09780_gray_S4.npz,80,7,0,S4,4.26609785361951
C7/clip_09781_gray_S4.npz,80,7,0,S4,4.46592234627562
C7/clip_09782_gray_S4.npz,80,7,1,S4,4.36608452206372
C7/clip_09783_gray_S4.npz,80,7,1,S4,4.23276896413811
C7/clip_09784_gray_S4.npz,80,7,1,S4,4.36593901016497
C7/clip_09785_gray_S4.npz,80,7,1,S4,4.29928345275787
C7/clip_09786_gray_S4.npz,80,7,1,S4,4.33261123146142
C7/clip_09787_gray_S4.npz,80,7,1,S4,4.46607119050793
C7/clip_09788_gray_S4.npz,80,7,1,S4,4.43274230102652
C7/clip_09789_gray_S4.npz,80,7,1,S4,4.33261123146142
C7/clip_09790_gray_S4.npz,80,7,1,S4,4.33275563258232
C7/clip_09791_gray_S4.npz,80,7,1,S4,4.33261123146142
C7/clip_09792_gray_S4.npz,80,7,1,S4,4.43274230102652
C7/clip_09793_gray_S4.npz,80,7,1,S4,4.26595567405432
C7/clip_09794_gray_S4.npz,80,7,1,S4,4.33261123146142
C7/clip_09795_gray_S4.npz,80,7,1,S4,4.29928345275787
C7/clip_09796_gray_S4.npz,80,7,1,S4,4.43274230102652
C7/clip_09797_gray_S4.npz,80,7,1,S4,4.33261123146142
C7/clip_09798_gray_S4.npz,80,7,0,S4,4.36608452206372
C7/clip_09799_gray_S4.npz,80,7,0,S4,4.39926678886852
C7/clip_09800_gray_S4.npz,80,7,1,S4,4.36593901016497
C7/clip_09801_gray_S4.npz,80,7,1,S4,4.36593901016497
C7/clip_09802_gray_S5.npz,80,7,0,S5,4.312047399605
C7/clip_09803_gray_S5.npz,80,7,0,S5,4.2791310072416
C7/clip_09804_gray_S5.npz,80,7,0,S5,4.27903273957607
C7/clip_09805_gray_S5.npz,80,7,0,S5,4.27903273957607
C7/clip_09806_gray_S5.npz,80,7,0,S5,4.2791310072416
C7/clip_09807_gray_S5.npz,80,7,1,S5,4.2791310072416
C7/clip_09808_gray_S5.npz,80,7,0,S5,4.312047399605
C7/clip_09809_gray_S5.npz,80,7,0,S5,4.27903273957607
C7/clip_09810_gray_S5.npz,80,7,1,S5,4.2791310072416
C7/clip_09811_gray_S5.npz,80,7,0,S5,4.2791310072416
C7/clip_09812_gray_S5.npz,80,7,0,S5,4.2791310072416
C7/clip_09813_gray_S5.npz,80,7,0,S5,4.2791310072416
C7/clip_09814_gray_S5.npz,80,7,0,S5,4.2791310072416
C7/clip_09815_gray_S5.npz,80,7,0,S5,4.2791310072416
C7/clip_09816_gray_S5.npz,80,7,0,S5,4.2791310072416
C7/clip_09817_gray_S5.npz,80,7,0,S5,4.2791310072416
C7/clip_09818_gray_S5.npz,80,7,0,S5,4.24621461487821
C7/clip_09819_gray_S5.npz,80,7,1,S5,4.2791310072416
C7/clip_09820_gray_S5.npz,80,7,1,S5,4.2791310072416
C7/clip_09821_gray_S5.npz,80,7,1,S5,4.2791310072416
C7/clip_09822_gray_S5.npz,80,7,0,S5,4.29942674310092
C7/clip_09823_gray_S5.npz,80,7,0,S5,4.2329100423291
C7/clip_09824_gray_S5.npz,80,7,0,S5,4.03266122312947
C7/clip_09825_gray_S5.npz,80,7,0,S5,4.23276896413811
C7/clip_09826_gray_S5.npz,80,7,0,S5,4.06598900183302
C7/clip_09827_gray_S5.npz,80,7,0,S5,4.13264455924012
C7/clip_09828_gray_S6.npz,80,7,0,S6,4.2791310072416
C7/clip_09829_gray_S6.npz,80,7,0,S6,4.2791310072416
C7/clip_09830_gray_S6.npz,80,7,0,S6,4.24621461487821
C7/clip_09831_gray_S6.npz,80,7,0,S6,4.2791310072416
C7/clip_09832_gray_S6.npz,80,7,0,S6,4.2791310072416
C7/clip_09833_gray_S6.npz,80,7,0,S6,4.312047399605
C7/clip_09834_gray_S6.npz,80,7,0,S6,4.312047399605
C7/clip_09835_gray_S6.npz,80,7,0,S6,4.2791310072416
C7/clip_09836_gray_S6.npz,80,7,0,S6,4.2791310072416
C7/clip_09837_gray_S6.npz,80,7,0,S6,4.2791310072416
C7/clip_09838_gray_S6.npz,80,7,0,S6,4.2791310072416
C7/clip_09839_gray_S6.npz,80,7,0,S6,4.312047399605
C7/clip_09840_gray_S6.npz,80,7,0,S6,4.24621461487821
C7/clip_09841_gray_S6.npz,80,7,0,S6,4.312047399605
C7/clip_09842_gray_S6.npz,80,7,0,S6,4.2791310072416
C7/clip_09843_gray_S6.npz,80,7,0,S6,4.2791310072416
C7/clip_09844_gray_S6.npz,80,7,0,S6,4.2791310072416
C7/clip_09845_gray_S6.npz,80,7,0,S6,4.2791310072416
C7/clip_09846_gray_S6.npz,80,7,0,S6,4.2791310072416
C7/clip_09847_gray_S6.npz,80,7,0,S6,4.24621461487821
C7/clip_09848_gray_S6.npz,80,7,0,S6,4.2791310072416
C7/clip_09849_gray_S6.npz,80,7,0,S6,4.312047399605
C7/clip_09850_gray_S6.npz,80,7,0,S6,4.2791310072416
C7/clip_09851_gray_S6.npz,80,7,0,S6,4.2791310072416
C7/clip_09852_gray_S6.npz,80,7,0,S6,4.2791310072416
C7/clip_09853_gray_S6.npz,80,7,0,S6,4.19930011664722
C7/clip_09854_gray_S6.npz,80,7,0,S6,4.19930011664722
C7/clip_09855_gray_S6.npz,80,7,0,S6,4.06598900183302
C7/clip_09856_gray_S6.npz,80,7,0,S6,4.23276896413811
C7/clip_09857_gray_S6.npz,80,7,0,S6,4.13264455924012
C7/clip_09858_gray_S7.npz,80,7,1,S7,4.29856714428523
C7/clip_09859_gray_S7.npz,80,7,1,S7,4.29856714428523
C7/clip_09860_gray_S7.npz,80,7,1,S7,4.26524491836054
C7/clip_09861_gray_S7.npz,80,7,1,S7,4.29856714428523
C7/clip_09862_gray_S7.npz,80,7,1,S7,4.26524491836054
C7/clip_09863_gray_S7.npz,80,7,1,S7,4.29856714428523
C7/clip_09864_gray_S7.npz,80,7,1,S7,4.29856714428523
C7/clip_09865_gray_S7.npz,80,7,0,S7,4.26524491836054
C7/clip_09866_gray_S7.npz,80,7,1,S7,4.29856714428523
C7/clip_09867_gray_S7.npz,80,7,1,S7,4.26524491836054
C7/clip_09868_gray_S7.npz,80,7,0,S7,4.29856714428523
C7/clip_09869_gray_S7.npz,80,7,1,S7,4.29856714428523
C7/clip_09870_gray_S7.npz,80,7,1,S7,4.29856714428523
C7/clip_09871_gray_S7.npz,80,7,1,S7,4.29856714428523
C7/clip_09872_gray_S7.npz,80,7,1,S7,4.26524491836054
C7/clip_09873_gray_S7.npz,80,7,1,S7,4.29856714428523
C7/clip_09874_gray_S7.npz,80,7,0,S7,4.29856714428523
C7/clip_09875_gray_S7.npz,80,7,0,S7,4.26524491836054
C7/clip_09876_gray_S7.npz,80,7,0,S7,4.29856714428523
C7/clip_09877_gray_S7.npz,80,7,0,S7,4.26524491836054
C7/clip_09878_gray_S7.npz,80,7,0,S7,4.03266122312947
C7/clip_09879_gray_S7.npz,80,7,1,S7,3.99946673776829
C7/clip_09880_gray_S7.npz,80,7,1,S7,4.19944007465671
C7/clip_09881_gray_S7.npz,80,7,1,S7,4.36593901016497
C7/clip_09882_gray_S7.npz,80,7,1,S7,4.86601786428476
C7/clip_09883_gray_S7.npz,80,7,1,S7,4.26609785361951
C7/clip_09884_pink_S0.npz,81,7,1,S0,4.05
C7/clip_09885_pink_S0.npz,81,7,1,S0,4.05
C7/clip_09886_pink_S0.npz,81,7,1,S0,4.05
C7/clip_09887_pink_S0.npz,81,7,1,S0,4.05
C7/clip_09888_pink_S0.npz,81,7,1,S0,4.05
C7/clip_09889_pink_S1.npz,81,7,1,S1,4.05
C7/clip_09890_pink_S1.npz,81,7,1,S1,4.05
C7/clip_09891_pink_S1.npz,81,7,1,S1,4.05
C7/clip_09892_pink_S1.npz,81,7,1,S1,4.05
C7/clip_09893_pink_S1.npz,81,7,1,S1,4.05
C7/clip_09894_pink_S2.npz,81,7,1,S2,4.05
C7/clip_09895_pink_S2.npz,81,7,1,S2,4.05
C7/clip_09896_pink_S2.npz,81,7,1,S2,4.05
C7/clip_09897_pink_S2.npz,81,7,1,S2,4.05
C7/clip_09898_pink_S2.npz,81,7,1,S2,4.05
C7/clip_09899_pink_S3.npz,81,7,1,S3,4.05
C7/clip_09900_pink_S3.npz,81,7,1,S3,4.05
C7/clip_09901_pink_S3.npz,81,7,1,S3,4.05
C7/clip_09902_pink_S3.npz,81,7,1,S3,4.05
C7/clip_09903_pink_S3.npz,81,7,1,S3,4.05
C7/clip_09904_pink_S4.npz,81,7,1,S4,4.19930011664722
C7/clip_09905_pink_S4.npz,81,7,1,S4,4.23262789535077
C7/clip_09906_pink_S4.npz,81,7,1,S4,4.23262789535077
C7/clip_09907_pink_S4.npz,81,7,1,S4,3.86602232961173
C7/clip_09908_pink_S4.npz,81,7,1,S4,4.43259456757207
C7/clip_09909_pink_S4.npz,81,7,1,S4,4.2991401719656
C7/clip_09910_pink_S4.npz,81,7,1,S4,4.53257790368272
C7/clip_09911_pink_S4.npz,81,7,1,S4,4.46592234627562
C7/clip_09912_pink_S4.npz,81,7,1,S4,4.83268897480335
C7/clip_09913_pink_S4.npz,81,7,1,S4,4.53257790368272
C7/clip_09914_pink_S4.npz,81,7,1,S4,4.49925012497917
C7/clip_09915_pink_S4.npz,81,7,1,S4,4.43259456757207
C7/clip_09916_pink_S4.npz,81,7,1,S4,4.46607119050793
C7/clip_09917_pink_S4.npz,81,7,1,S4,4.33261123146142
C7/clip_09918_pink_S4.npz,81,7,1,S4,4.83268897480335
C7/clip_09919_pink_S4.npz,81,7,1,S4,4.79920013331111
C7/clip_09920_pink_S4.npz,81,7,1,S4,4.39926678886852
C7/clip_09921_pink_S4.npz,81,7,1,S4,4.26595567405432
C7/clip_09922_pink_S4.npz,81,7,1,S4,4.43259456757207
C7/clip_09923_pink_S4.npz,81,7,1,S4,4.16597233794367
C7/clip_09924_pink_S4.npz,81,7,1,S4,4.39941341154512
C7/clip_09925_pink_S4.npz,81,7,1,S4,4.39926678886852
C7/clip_09926_pink_S4.npz,81,7,1,S4,4.26595567405432
C7/clip_09927_pink_S4.npz,81,7,1,S4,4.43259456757207
C7/clip_09928_pink_S4.npz,81,7,1,S4,4.19930011664722
C7/clip_09929_pink_S4.npz,81,7,1,S4,4.36593901016497
C7/clip_09930_pink_S5.npz,81,7,1,S5,4.27903273957607
C7/clip_09931_pink_S5.npz,81,7,1,S5,4.2791310072416
C7/clip_09932_pink_S5.npz,81,7,1,S5,4.2791310072416
C7/clip_09933_pink_S5.npz,81,7,1,S5,4.2791310072416
C7/clip_09934_pink_S5.npz,81,7,1,S5,4.2791310072416
C7/clip_09935_pink_S5.npz,81,7,1,S5,4.2791310072416
C7/clip_09936_pink_S5.npz,81,7,1,S5,4.2791310072416
C7/clip_09937_pink_S5.npz,81,7,1,S5,4.312047399605
C7/clip_09938_pink_S5.npz,81,7,1,S5,4.2791310072416
C7/clip_09939_pink_S5.npz,81,7,1,S5,4.31191747653321
C7/clip_09940_pink_S5.npz,81,7,1,S5,4.27903273957607
C7/clip_09941_pink_S5.npz,81,7,1,S5,4.2791310072416
C7/clip_09942_pink_S5.npz,81,7,1,S5,4.2791310072416
C7/clip_09943_pink_S5.npz,81,7,1,S5,4.2791310072416
C7/clip_09944_pink_S5.npz,81,7,1,S5,4.2791310072416
C7/clip_09945_pink_S5.npz,81,7,1,S5,4.2791310072416
C7/clip_09946_pink_S5.npz,81,7,1,S5,4.31191747653321
C7/clip_09947_pink_S5.npz,81,7,1,S5,4.312047399605
C7/clip_09948_pink_S5.npz,81,7,1,S5,4.2791310072416
C7/clip_09949_pink_S5.npz,81,7,1,S5,4.2791310072416
C7/clip_09950_pink_S5.npz,81,7,1,S5,4.23262789535077
C7/clip_09951_pink_S5.npz,81,7,1,S5,4.23276896413811
C7/clip_09952_pink_S5.npz,81,7,1,S5,4.23262789535077
C7/clip_09953_pink_S5.npz,81,7,1,S5,4.23276896413811
C7/clip_09954_pink_S5.npz,81,7,1,S5,4.19930011664722
C7/clip_09955_pink_S6.npz,81,7,1,S6,4.312047399605
C7/clip_09956_pink_S6.npz,81,7,1,S6,4.2791310072416
C7/clip_09957_pink_S6.npz,81,7,1,S6,4.2791310072416
C7/clip_09958_pink_S6.npz,81,7,1,S6,4.2791310072416
C7/clip_09959_pink_S6.npz,81,7,1,S6,4.2791310072416
C7/clip_09960_pink_S6.npz,81,7,1,S6,4.2791310072416
C7/clip_09961_pink_S6.npz,81,7,1,S6,4.2791310072416
C7/clip_09962_pink_S6.npz,81,7,1,S6,4.2791310072416
C7/clip_09963_pink_S6.npz,81,7,1,S6,4.24621461487821
C7/clip_09964_pink_S6.npz,81,7,1,S6,4.2791310072416
C7/clip_09965_pink_S6.npz,81,7,1,S6,4.2791310072416
C7/clip_09966_pink_S6.npz,81,7,1,S6,4.312047399605
C7/clip_09967_pink_S6.npz,81,7,1,S6,4.24621461487821
C7/clip_09968_pink_S6.npz,81,7,1,S6,4.312047399605
C7/clip_09969_pink_S6.npz,81,7,1,S6,4.2791310072416
C7/clip_09970_pink_S6.npz,81,7,1,S6,4.2791310072416
C7/clip_09971_pink_S6.npz,81,7,1,S6,4.2791310072416
C7/clip_09972_pink_S6.npz,81,7,1,S6,4.2791310072416
C7/clip_09973_pink_S6.npz,81,7,1,S6,4.2791310072416
C7/clip_09974_pink_S6.npz,81,7,1,S6,4.2791310072416
C7/clip_09975_pink_S6.npz,81,7,1,S6,4.1327822956939
C7/clip_09976_pink_S6.npz,81,7,1,S6,4.23262789535077
C7/clip_09977_pink_S6.npz,81,7,1,S6,4.26609785361951
C7/clip_09978_pink_S6.npz,81,7,1,S6,4.13264455924012
C7/clip_09979_pink_S6.npz,81,7,1,S6,4.23262789535077
C7/clip_09980_pink_S7.npz,81,7,1,S7,4.26524491836054
C7/clip_09981_pink_S7.npz,81,7,1,S7,4.29856714428523
C7/clip_09982_pink_S7.npz,81,7,1,S7,4.29856714428523
C7/clip_09983_pink_S7.npz,81,7,1,S7,4.26524491836054
C7/clip_09984_pink_S7.npz,81,7,1,S7,4.26524491836054
C7/clip_09985_pink_S7.npz,81,7,1,S7,4.29856714428523
C7/clip_09986_pink_S7.npz,81,7,1,S7,4.26524491836054
C7/clip_09987_pink_S7.npz,81,7,1,S7,4.26524491836054
C7/clip_09988_pink_S7.npz,81,7,1,S7,4.26524491836054
C7/clip_09989_pink_S7.npz,81,7,1,S7,4.29856714428523
C7/clip_09990_pink_S7.npz,81,7,1,S7,4.26524491836054
C7/clip_09991_pink_S7.npz,81,7,1,S7,4.29856714428523
C7/clip_09992_pink_S7.npz,81,7,1,S7,4.29856714428523
C7/clip_09993_pink_S7.npz,81,7,1,S7,4.26524491836054
C7/clip_09994_pink_S7.npz,81,7,1,S7,4.29856714428523
C7/clip_09995_pink_S7.npz,81,7,1,S7,4.29856714428523
C7/clip_09996_pink_S7.npz,81,7,1,S7,4.23192269243585
C7/clip_09997_pink_S7.npz,81,7,1,S7,4.26524491836054
C7/clip_09998_pink_S7.npz,81,7,1,S7,4.29856714428523
C7/clip_09999_pink_S7.npz,81,7,1,S7,4.23192269243585
C7/clip_10000_pink_S7.npz,81,7,1,S7,4.0662600406626
C7/clip_10001_pink_S7.npz,81,7,1,S7,4.09931678053657
C7/clip_10002_pink_S7.npz,81,7,1,S7,4.19930011664722
C7/clip_10003_pink_S7.npz,81,7,1,S7,4.26595567405432
C7/clip_10004_pink_S7.npz,81,7,1,S7,4.26609785361951
C7/clip_10005_violet_S0.npz,82,7,1,S0,4.05
C7/clip_10006_violet_S0.npz,82,7,0,S0,4.05
C7/clip_10007_violet_S0.npz,82,7,1,S0,4.05
C7/clip_10008_violet_S0.npz,82,7,1,S0,4.05
C7/clip_10009_violet_S0.npz,82,7,1,S0,4.05
C7/clip_10010_violet_S1.npz,82,7,1,S1,4.05
C7/clip_10011_violet_S1.npz,82,7,0,S1,4.05
C7/clip_10012_violet_S1.npz,82,7,0,S1,4.05
C7/clip_10013_violet_S1.npz,82,7,0,S1,4.05
C7/clip_10014_violet_S1.npz,82,7,1,S1,4.05
C7/clip_10015_violet_S2.npz,82,7,0,S2,4.05
C7/clip_10016_violet_S2.npz,82,7,0,S2,4.05
C7/clip_10017_violet_S2.npz,82,7,0,S2,4.05
C7/clip_10018_violet_S2.npz,82,7,0,S2,4.05
C7/clip_10019_violet_S2.npz,82,7,0,S2,4.05
C7/clip_10020_violet_S3.npz,82,7,1,S3,4.05
C7/clip_10021_violet_S3.npz,82,7,1,S3,4.05
C7/clip_10022_violet_S3.npz,82,7,1,S3,4.05
C7/clip_10023_violet_S3.npz,82,7,1,S3,4.05
C7/clip_10024_violet_S3.npz,82,7,1,S3,4.05
C7/clip_10025_violet_S4.npz,82,7,0,S4,4.26595567405432
C7/clip_10026_violet_S4.npz,82,7,0,S4,4.33275563258232
C7/clip_10027_violet_S4.npz,82,7,0,S4,4.46592234627562
C7/clip_10028_violet_S4.npz,82,7,0,S4,4.53257790368272
C7/clip_10029_violet_S4.npz,82,7,0,S4,4.39926678886852
C7/clip_10030_violet_S4.npz,82,7,1,S4,4.36593901016497
C7/clip_10031_violet_S4.npz,82,7,1,S4,4.33261123146142
C7/clip_10032_violet_S4.npz,82,7,1,S4,4.16611118517531
C7/clip_10033_violet_S4.npz,82,7,1,S4,4.36593901016497
C7/clip_10034_violet_S4.npz,82,7,1,S4,4.36593901016497
C7/clip_10035_violet_S4.npz,82,7,1,S4,4.36593901016497
C7/clip_10036_violet_S4.npz,82,7,1,S4,4.69937341687775
C7/clip_10037_violet_S4.npz,82,7,1,S4,4.39941341154512
C7/clip_10038_violet_S4.npz,82,7,1,S4,4.33261123146142
C7/clip_10039_violet_S4.npz,82,7,1,S4,4.29928345275787
C7/clip_10040_violet_S4.npz,82,7,1,S4,4.33261123146142
C7/clip_10041_violet_S4.npz,82,7,1,S4,4.29942674310092
C7/clip_10042_violet_S4.npz,82,7,1,S4,4.39926678886852
C7/clip_10043_violet_S4.npz,82,7,1,S4,4.29942674310092
C7/clip_10044_violet_S4.npz,82,7,1,S4,4.29928345275787
C7/clip_10045_violet_S4.npz,82,7,1,S4,4.43259456757207
C7/clip_10046_violet_S4.npz,82,7,1,S4,4.73254457590401
C7/clip_10047_violet_S4.npz,82,7,1,S4,4.53257790368272
C7/clip_10048_violet_S4.npz,82,7,1,S4,4.29928345275787
C7/clip_10049_violet_S4.npz,82,7,1,S4,4.26609785361951
C7/clip_10050_violet_S5.npz,82,7,1,S5,4.2791310072416
C7/clip_10051_violet_S5.npz,82,7,1,S5,4.24621461487821
C7/clip_10052_violet_S5.npz,82,7,1,S5,4.312047399605
C7/clip_10053_violet_S5.npz,82,7,1,S5,4.312047399605
C7/clip_10054_violet_S5.npz,82,7,1,S5,4.2791310072416
C7/clip_10055_violet_S5.npz,82,7,1,S5,4.312047399605
C7/clip_10056_violet_S5.npz,82,7,1,S5,4.2791310072416
C7/clip_10057_violet_S5.npz,82,7,1,S5,4.2791310072416
C7/clip_10058_violet_S5.npz,82,7,1,S5,4.24621461487821
C7/clip_10059_violet_S5.npz,82,7,1,S5,4.312047399605
C7/clip_10060_violet_S5.npz,82,7,1,S5,4.2791310072416
C7/clip_10061_violet_S5.npz,82,7,1,S5,4.31191747653321
C7/clip_10062_violet_S5.npz,82,7,1,S5,4.24621461487821
C7/clip_10063_violet_S5.npz,82,7,1,S5,4.2791310072416
C7/clip_10064_violet_S5.npz,82,7,1,S5,4.2791310072416
C7/clip_10065_violet_S5.npz,82,7,1,S5,4.2791310072416
C7/clip_10066_violet_S5.npz,82,7,1,S5,4.2791310072416
C7/clip_10067_violet_S5.npz,82,7,1,S5,4.312047399605
C7/clip_10068_violet_S5.npz,82,7,1,S5,4.2791310072416
C7/clip_10069_violet_S5.npz,82,7,1,S5,4.312047399605
C7/clip_10070_violet_S5.npz,82,7,1,S5,4.06598900183302
C7/clip_10071_violet_S5.npz,82,7,1,S5,4.19930011664722
C7/clip_10072_violet_S5.npz,82,7,1,S5,4.03266122312947
C7/clip_10073_violet_S5.npz,82,7,1,S5,4.26595567405432
C7/clip_10074_violet_S5.npz,82,7,1,S5,4.09931678053657
C7/clip_10075_violet_S6.npz,82,7,1,S6,4.312047399605
C7/clip_10076_violet_S6.npz,82,7,1,S6,4.2791310072416
C7/clip_10077_violet_S6.npz,82,7,0,S6,4.2791310072416
C7/clip_10078_violet_S6.npz,82,7,0,S6,4.2791310072416
C7/clip_10079_violet_S6.npz,82,7,1,S6,4.312047399605
C7/clip_10080_violet_S6.npz,82,7,0,S6,4.312047399605
C7/clip_10081_violet_S6.npz,82,7,1,S6,4.2791310072416
C7/clip_10082_violet_S6.npz,82,7,0,S6,4.2791310072416
C7/clip_10083_violet_S6.npz,82,7,1,S6,4.2791310072416
C7/clip_10084_violet_S6.npz,82,7,0,S6,4.2791310072416
C7/clip_10085_violet_S6.npz,82,7,0,S6,4.2791310072416
C7/clip_10086_violet_S6.npz,82,7,0,S6,4.2791310072416
C7/clip_10087_violet_S6.npz,82,7,0,S6,4.2791310072416
C7/clip_10088_violet_S6.npz,82,7,0,S6,4.2791310072416
C7/clip_10089_violet_S6.npz,82,7,0,S6,4.2791310072416
C7/clip_10090_violet_S6.npz,82,7,0,S6,4.2791310072416
C7/clip_10091_violet_S6.npz,82,7,1,S6,4.2791310072416
C7/clip_10092_violet_S6.npz,82,7,0,S6,4.2791310072416
C7/clip_10093_violet_S6.npz,82,7,1,S6,4.2791310072416
C7/clip_10094_violet_S6.npz,82,7,0,S6,4.24621461487821
C7/clip_10095_violet_S6.npz,82,7,1,S6,4.29928345275787
C7/clip_10096_violet_S6.npz,82,7,1,S6,4.16611118517531
C7/clip_10097_violet_S6.npz,82,7,1,S6,4.23248683596614
C7/clip_10098_violet_S6.npz,82,7,0,S6,4.13264455924012
C7/clip_10099_violet_S6.npz,82,7,0,S6,4.29928345275787
C7/clip_10100_violet_S7.npz,82,7,1,S7,4.26524491836054
C7/clip_10101_violet_S7.npz,82,7,1,S7,4.29856714428523
C7/clip_10102_violet_S7.npz,82,7,1,S7,4.26524491836054
C7/clip_10103_violet_S7.npz,82,7,1,S7,4.29856714428523
C7/clip_10104_violet_S7.npz,82,7,1,S7,4.29856714428523
C7/clip_10105_violet_S7.npz,82,7,1,S7,4.26524491836054
C7/clip_10106_violet_S7.npz,82,7,1,S7,4.26524491836054
C7/clip_10107_violet_S7.npz,82,7,1,S7,4.26524491836054
C7/clip_10108_violet_S7.npz,82,7,1,S7,4.26524491836054
C7/clip_10109_violet_S7.npz,82,7,1,S7,4.29856714428523
C7/clip_10110_violet_S7.npz,82,7,1,S7,4.29856714428523
C7/clip_10111_violet_S7.npz,82,7,1,S7,4.26524491836054
C7/clip_10112_violet_S7.npz,82,7,1,S7,4.26524491836054
C7/clip_10113_violet_S7.npz,82,7,1,S7,4.26524491836054
C7/clip_10114_violet_S7.npz,82,7,1,S7,4.29856714428523
C7/clip_10115_violet_S7.npz,82,7,1,S7,4.26524491836054
C7/clip_10116_violet_S7.npz,82,7,1,S7,4.26524491836054
C7/clip_10117_violet_S7.npz,82,7,1,S7,4.29856714428523
C7/clip_10118_violet_S7.npz,82,7,1,S7,4.29856714428523
C7/clip_10119_violet_S7.npz,82,7,1,S7,4.26524491836054
C7/clip_10120_violet_S7.npz,82,7,1,S7,4.09931678053657
C7/clip_10121_violet_S7.npz,82,7,1,S7,4.13264455924012
C7/clip_10122_violet_S7.npz,82,7,1,S7,4.29928345275787
C7/clip_10123_violet_S7.npz,82,7,1,S7,4.19930011664722
C7/clip_10124_violet_S7.npz,82,7,1,S7,4.46592234627562
C7/clip_10125_light_S0.npz,83,7,1,S0,4.05
C7/clip_10126_light_S0.npz,83,7,1,S0,4.05
C7/clip_10127_light_S0.npz,83,7,1,S0,4.05
C7/clip_10128_light_S0.npz,83,7,1,S0,4.05
C7/clip_10129_light_S0.npz,83,7,1,S0,4.05
C7/clip_10130_light_S1.npz,83,7,1,S1,4.05
C7/clip_10131_light_S1.npz,83,7,1,S1,4.05
C7/clip_10132_light_S1.npz,83,7,1,S1,4.05
C7/clip_10133_light_S1.npz,83,7,1,S1,4.05
C7/clip_10134_light_S1.npz,83,7,1,S1,4.05
C7/clip_10135_light_S2.npz,83,7,1,S2,4.05
C7/clip_10136_light_S2.npz,83,7,1,S2,4.05
C7/clip_10137_light_S2.npz,83,7,1,S2,4.05
C7/clip_10138_light_S2.npz,83,7,1,S2,4.05
C7/clip_10139_light_S2.npz,83,7,1,S2,4.05
C7/clip_10140_light_S3.npz,83,7,1,S3,4.05
C7/clip_10141_light_S3.npz,83,7,1,S3,4.05
C7/clip_10142_light_S3.npz,83,7,1,S3,4.05
C7/clip_10143_light_S3.npz,83,7,1,S3,4.05
C7/clip_10144_light_S3.npz,83,7,1,S3,4.05
C7/clip_10145_light_S4.npz,83,7,1,S4,4.29928345275787
C7/clip_10146_light_S4.npz,83,7,1,S4,4.63256123979336
C7/clip_10147_light_S4.npz,83,7,1,S4,4.43259456757207
C7/clip_10148_light_S4.npz,83,7,1,S4,4.26595567405432
C7/clip_10149_light_S4.npz,83,7,1,S4,4.19944007465671
C7/clip_10150_light_S4.npz,83,7,1,S4,4.19944007465671
C7/clip_10151_light_S4.npz,83,7,1,S4,4.26595567405432
C7/clip_10152_light_S4.npz,83,7,1,S4,4.29928345275787
C7/clip_10153_light_S4.npz,83,7,1,S4,4.33261123146142
C7/clip_10154_light_S4.npz,83,7,1,S4,4.49925012497917
C7/clip_10155_light_S4.npz,83,7,1,S4,4.43274230102652
C7/clip_10156_light_S4.npz,83,7,1,S4,4.46607119050793
C7/clip_10157_light_S4.npz,83,7,1,S4,4.39926678886852
C7/clip_10158_light_S4.npz,83,7,1,S4,4.26595567405432
C7/clip_10159_light_S4.npz,83,7,1,S4,4.66604452739634
C7/clip_10160_light_S4.npz,83,7,1,S4,4.43259456757207
C7/clip_10161_light_S4.npz,83,7,1,S4,4.43274230102652
C7/clip_10162_light_S4.npz,83,7,1,S4,4.632625949518
C7/clip_10163_light_S4.npz,83,7,1,S4,4.26595567405432
C7/clip_10164_light_S4.npz,83,7,1,S4,4.29942674310092
C7/clip_10165_light_S4.npz,83,7,1,S4,4.33261123146142
C7/clip_10166_light_S4.npz,83,7,1,S4,4.29928345275787
C7/clip_10167_light_S4.npz,83,7,1,S4,4.36593901016497
C7/clip_10168_light_S4.npz,83,7,1,S4,4.23262789535077
C7/clip_10169_light_S4.npz,83,7,1,S4,4.33275563258232
C7/clip_10170_light_S5.npz,83,7,1,S5,4.2791310072416
C7/clip_10171_light_S5.npz,83,7,1,S5,4.2791310072416
C7/clip_10172_light_S5.npz,83,7,1,S5,4.2791310072416
C7/clip_10173_light_S5.npz,83,7,1,S5,4.2791310072416
C7/clip_10174_light_S5.npz,83,7,1,S5,4.24621461487821
C7/clip_10175_light_S5.npz,83,7,1,S5,4.2791310072416
C7/clip_10176_light_S5.npz,83,7,1,S5,4.2791310072416
C7/clip_10177_light_S5.npz,83,7,1,S5,4.2791310072416
C7/clip_10178_light_S5.npz,83,7,1,S5,4.2791310072416
C7/clip_10179_light_S5.npz,83,7,1,S5,4.2791310072416
C7/clip_10180_light_S5.npz,83,7,1,S5,4.2791310072416
C7/clip_10181_light_S5.npz,83,7,1,S5,4.2791310072416
C7/clip_10182_light_S5.npz,83,7,1,S5,4.2791310072416
C7/clip_10183_light_S5.npz,83,7,1,S5,4.2791310072416
C7/clip_10184_light_S5.npz,83,7,1,S5,4.27903273957607
C7/clip_10185_light_S5.npz,83,7,1,S5,4.27901922162602
C7/clip_10186_light_S5.npz,83,7,1,S5,4.24621461487821
C7/clip_10187_light_S5.npz,83,7,1,S5,4.2791310072416
C7/clip_10188_light_S5.npz,83,7,1,S5,4.312047399605
C7/clip_10189_light_S5.npz,83,7,1,S5,4.2791310072416
C7/clip_10190_light_S5.npz,83,7,1,S5,4.19930011664722
C7/clip_10191_light_S5.npz,83,7,1,S5,4.0994534062125
C7/clip_10192_light_S5.npz,83,7,1,S5,4.06598900183302
C7/clip_10193_light_S5.npz,83,7,1,S5,4.16597233794367
C7/clip_10194_light_S5.npz,83,7,1,S5,4.09931678053657
C7/clip_10195_light_S6.npz,83,7,1,S6,4.312047399605
C7/clip_10196_light_S6.npz,83,7,1,S6,4.2791310072416
C7/clip_10197_light_S6.npz,83,7,1,S6,4.312047399605
C7/clip_10198_light_S6.npz,83,7,1,S6,4.2791310072416
C7/clip_10199_light_S6.npz,83,7,1,S6,4.2791310072416
C7/clip_10200_light_S6.npz,83,7,1,S6,4.2791310072416
C7/clip_10201_light_S6.npz,83,7,1,S6,4.24621461487821
C7/clip_10202_light_S6.npz,83,7,1,S6,4.24621461487821
C7/clip_10203_light_S6.npz,83,7,1,S6,4.24621461487821
C7/clip_10204_light_S6.npz,83,7,1,S6,4.2791310072416
C7/clip_10205_light_S6.npz,83,7,1,S6,4.2791310072416
C7/clip_10206_light_S6.npz,83,7,1,S6,4.2791310072416
C7/clip_10207_light_S6.npz,83,7,1,S6,4.2791310072416
C7/clip_10208_light_S6.npz,83,7,1,S6,4.2791310072416
C7/clip_10209_light_S6.npz,83,7,1,S6,4.2791310072416
C7/clip_10210_light_S6.npz,83,7,1,S6,4.2791310072416
C7/clip_10211_light_S6.npz,83,7,1,S6,4.24621461487821
C7/clip_10212_light_S6.npz,83,7,1,S6,4.312047399605
C7/clip_10213_light_S6.npz,83,7,1,S6,4.2791310072416
C7/clip_10214_light_S6.npz,83,7,1,S6,4.2791310072416
C7/clip_10215_light_S6.npz,83,7,1,S6,4.06598900183302
C7/clip_10216_light_S6.npz,83,7,1,S6,4.19930011664722
C7/clip_10217_light_S6.npz,83,7,1,S6,4.23248683596614
C7/clip_10218_light_S6.npz,83,7,1,S6,4.13264455924012
C7/clip_10219_light_S6.npz,83,7,1,S6,4.16611118517531
C7/clip_10220_light_S7.npz,83,7,1,S7,4.29856714428523
C7/clip_10221_light_S7.npz,83,7,1,S7,4.29856714428523
C7/clip_10222_light_S7.npz,83,7,1,S7,4.29856714428523
C7/clip_10223_light_S7.npz,83,7,1,S7,4.29856714428523
C7/clip_10224_light_S7.npz,83,7,1,S7,4.26524491836054
C7/clip_10225_light_S7.npz,83,7,1,S7,4.26524491836054
C7/clip_10226_light_S7.npz,83,7,1,S7,4.26524491836054
C7/clip_10227_light_S7.npz,83,7,1,S7,4.29856714428523
C7/clip_10228_light_S7.npz,83,7,1,S7,4.29856714428523
C7/clip_10229_light_S7.npz,83,7,1,S7,4.26524491836054
C7/clip_10230_light_S7.npz,83,7,1,S7,4.26524491836054
C7/clip_10231_light_S7.npz,83,7,1,S7,4.26524491836054
C7/clip_10232_light_S7.npz,83,7,1,S7,4.26524491836054
C7/clip_10233_light_S7.npz,83,7,1,S7,4.26524491836054
C7/clip_10234_light_S7.npz,83,7,1,S7,4.29856714428523
C7/clip_10235_light_S7.npz,83,7,1,S7,4.23192269243585
C7/clip_10236_light_S7.npz,83,7,1,S7,4.23192269243585
C7/clip_10237_light_S7.npz,83,7,1,S7,4.26524491836054
C7/clip_10238_light_S7.npz,83,7,1,S7,4.29856714428523
C7/clip_10239_light_S7.npz,83,7,1,S7,4.29856714428523
C7/clip_10240_light_S7.npz,83,7,1,S7,4.26609785361951
C7/clip_10241_light_S7.npz,83,7,1,S7,4.19930011664722
C7/clip_10242_light_S7.npz,83,7,1,S7,4.23262789535077
C7/clip_10243_light_S7.npz,83,7,1,S7,4.33261123146142
C7/clip_10244_light_S7.npz,83,7,1,S7,4.16597233794367
C7/clip_10245_dark_S0.npz,84,7,1,S0,4.05
C7/clip_10246_dark_S0.npz,84,7,1,S0,4.05
C7/clip_10247_dark_S0.npz,84,7,1,S0,4.05
C7/clip_10248_dark_S0.npz,84,7,1,S0,4.05
C7/clip_10249_dark_S0.npz,84,7,1,S0,4.05
C7/clip_10250_dark_S1.npz,84,7,1,S1,4.05
C7/clip_10251_dark_S1.npz,84,7,1,S1,4.05
C7/clip_10252_dark_S1.npz,84,7,1,S1,4.05
C7/clip_10253_dark_S1.npz,84,7,1,S1,4.05
C7/clip_10254_dark_S1.npz,84,7,1,S1,4.05
C7/clip_10255_dark_S2.npz,84,7,1,S2,4.05
C7/clip_10256_dark_S2.npz,84,7,1,S2,4.05
C7/clip_10257_dark_S2.npz,84,7,1,S2,4.05
C7/clip_10258_dark_S2.npz,84,7,1,S2,4.05
C7/clip_10259_dark_S2.npz,84,7,1,S2,4.05
C7/clip_10260_dark_S3.npz,84,7,1,S3,4.05
C7/clip_10261_dark_S3.npz,84,7,1,S3,4.05
C7/clip_10262_dark_S3.npz,84,7,1,S3,4.05
C7/clip_10263_dark_S3.npz,84,7,1,S3,4.05
C7/clip_10264_dark_S3.npz,84,7,1,S3,4.05
C7/clip_10265_dark_S4.npz,84,7,1,S4,4.19930011664722
C7/clip_10266_dark_S4.npz,84,7,1,S4,4.46592234627562
C7/clip_10267_dark_S4.npz,84,7,1,S4,4.26595567405432
C7/clip_10268_dark_S4.npz,84,7,1,S4,4.19930011664722
C7/clip_10269_dark_S4.npz,84,7,1,S4,4.19930011664722
C7/clip_10270_dark_S4.npz,84,7,1,S4,4.09931678053657
C7/clip_10271_dark_S4.npz,84,7,1,S4,4.49940007998933
C7/clip_10272_dark_S4.npz,84,7,1,S4,4.33261123146142
C7/clip_10273_dark_S4.npz,84,7,1,S4,4.26609785361951
C7/clip_10274_dark_S4.npz,84,7,1,S4,4.49925012497917
C7/clip_10275_dark_S4.npz,84,7,1,S4,4.33261123146142
C7/clip_10276_dark_S4.npz,84,7,1,S4,4.36593901016497
C7/clip_10277_dark_S4.npz,84,7,1,S4,4.53257790368272
C7/clip_10278_dark_S4.npz,84,7,1,S4,4.49925012497917
C7/clip_10279_dark_S4.npz,84,7,1,S4,4.39926678886852
C7/clip_10280_dark_S4.npz,84,7,1,S4,4.26609785361951
C7/clip_10281_dark_S4.npz,84,7,1,S4,4.43259456757207
C7/clip_10282_dark_S4.npz,84,7,1,S4,4.33275563258232
C7/clip_10283_dark_S4.npz,84,7,1,S4,4.36593901016497
C7/clip_10284_dark_S4.npz,84,7,1,S4,4.33261123146142
C7/clip_10285_dark_S4.npz,84,7,1,S4,4.26609785361951
C7/clip_10286_dark_S4.npz,84,7,1,S4,4.36593901016497
C7/clip_10287_dark_S4.npz,84,7,1,S4,4.39941341154512
C7/clip_10288_dark_S4.npz,84,7,1,S4,4.26595567405432
C7/clip_10289_dark_S4.npz,84,7,1,S4,4.39926678886852
C7/clip_10290_dark_S5.npz,84,7,1,S5,4.2791310072416
C7/clip_10291_dark_S5.npz,84,7,1,S5,4.2791310072416
C7/clip_10292_dark_S5.npz,84,7,1,S5,4.2791310072416
C7/clip_10293_dark_S5.npz,84,7,1,S5,4.2791310072416
C7/clip_10294_dark_S5.npz,84,7,1,S5,4.24621461487821
C7/clip_10295_dark_S5.npz,84,7,1,S5,4.2791310072416
C7/clip_10296_dark_S5.npz,84,7,1,S5,4.2791310072416
C7/clip_10297_dark_S5.npz,84,7,1,S5,4.2791310072416
C7/clip_10298_dark_S5.npz,84,7,1,S5,4.2791310072416
C7/clip_10299_dark_S5.npz,84,7,1,S5,4.2791310072416
C7/clip_10300_dark_S5.npz,84,7,1,S5,4.312047399605
C7/clip_10301_dark_S5.npz,84,7,1,S5,4.2791310072416
C7/clip_10302_dark_S5.npz,84,7,1,S5,4.312047399605
C7/clip_10303_dark_S5.npz,84,7,1,S5,4.2791310072416
C7/clip_10304_dark_S5.npz,84,7,1,S5,4.2791310072416
C7/clip_10305_dark_S5.npz,84,7,1,S5,4.2791310072416
C7/clip_10306_dark_S5.npz,84,7,1,S5,4.27903273957607
C7/clip_10307_dark_S5.npz,84,7,1,S5,4.2791310072416
C7/clip_10308_dark_S5.npz,84,7,1,S5,4.2791310072416
C7/clip_10309_dark_S5.npz,84,7,1,S5,4.2791310072416
C7/clip_10310_dark_S5.npz,84,7,1,S5,4.03266122312947
C7/clip_10311_dark_S5.npz,84,7,1,S5,4.03266122312947
C7/clip_10312_dark_S5.npz,84,7,1,S5,4.1327822956939
C7/clip_10313_dark_S5.npz,84,7,1,S5,4.06598900183302
C7/clip_10314_dark_S5.npz,84,7,1,S5,4.19930011664722
C7/clip_10315_dark_S6.npz,84,7,1,S6,4.312047399605
C7/clip_10316_dark_S6.npz,84,7,1,S6,4.2791310072416
C7/clip_10317_dark_S6.npz,84,7,1,S6,4.24621461487821
C7/clip_10318_dark_S6.npz,84,7,1,S6,4.2791310072416
C7/clip_10319_dark_S6.npz,84,7,1,S6,4.2791310072416
C7/clip_10320_dark_S6.npz,84,7,1,S6,4.2791310072416
C7/clip_10321_dark_S6.npz,84,7,1,S6,4.24621461487821
C7/clip_10322_dark_S6.npz,84,7,1,S6,4.2791310072416
C7/clip_10323_dark_S6.npz,84,7,1,S6,4.27903273957607
C7/clip_10324_dark_S6.npz,84,7,1,S6,4.24621461487821
C7/clip_10325_dark_S6.npz,84,7,1,S6,4.2791310072416
C7/clip_10326_dark_S6.npz,84,7,1,S6,4.2791310072416
C7/clip_10327_dark_S6.npz,84,7,1,S6,4.2791310072416
C7/clip_10328_dark_S6.npz,84,7,1,S6,4.24621461487821
C7/clip_10329_dark_S6.npz,84,7,1,S6,4.2791310072416
C7/clip_10330_dark_S6.npz,84,7,1,S6,4.2791310072416
C7/clip_10331_dark_S6.npz,84,7,1,S6,4.2791310072416
C7/clip_10332_dark_S6.npz,84,7,1,S6,4.2791310072416
C7/clip_10333_dark_S6.npz,84,7,1,S6,4.2791310072416
C7/clip_10334_dark_S6.npz,84,7,1,S6,4.2791310072416
C7/clip_10335_dark_S6.npz,84,7,1,S6,4.06598900183302
C7/clip_10336_dark_S6.npz,84,7,1,S6,4.19930011664722
C7/clip_10337_dark_S6.npz,84,7,1,S6,4.23262789535077
C7/clip_10338_dark_S6.npz,84,7,1,S6,3.99933344442592
C7/clip_10339_dark_S6.npz,84,7,1,S6,3.86602232961173
C7/clip_10340_dark_S7.npz,84,7,1,S7,4.29856714428523
C7/clip_10341_dark_S7.npz,84,7,1,S7,4.26524491836054
C7/clip_10342_dark_S7.npz,84,7,1,S7,4.29856714428523
C7/clip_10343_dark_S7.npz,84,7,1,S7,4.26524491836054
C7/clip_10344_dark_S7.npz,84,7,1,S7,4.26524491836054
C7/clip_10345_dark_S7.npz,84,7,1,S7,4.29856714428523
C7/clip_10346_dark_S7.npz,84,7,1,S7,4.29856714428523
C7/clip_10347_dark_S7.npz,84,7,1,S7,4.26524491836054
C7/clip_10348_dark_S7.npz,84,7,1,S7,4.26524491836054
C7/clip_10349_dark_S7.npz,84,7,1,S7,4.29856714428523
C7/clip_10350_dark_S7.npz,84,7,1,S7,4.29856714428523
C7/clip_10351_dark_S7.npz,84,7,1,S7,4.26524491836054
C7/clip_10352_dark_S7.npz,84,7,1,S7,4.26524491836054
C7/clip_10353_dark_S7.npz,84,7,1,S7,4.29856714428523
C7/clip_10354_dark_S7.npz,84,7,1,S7,4.26524491836054
C7/clip_10355_dark_S7.npz,84,7,1,S7,4.29856714428523
C7/clip_10356_dark_S7.npz,84,7,1,S7,4.29856714428523
C7/clip_10357_dark_S7.npz,84,7,1,S7,4.29856714428523
C7/clip_10358_dark_S7.npz,84,7,1,S7,4.29856714428523
C7/clip_10359_dark_S7.npz,84,7,1,S7,4.26524491836054
C7/clip_10360_dark_S7.npz,84,7,1,S7,4.23262789535077
C7/clip_10361_dark_S7.npz,84,7,1,S7,4.16597233794367
C7/clip_10362_dark_S7.npz,84,7,1,S7,4.09931678053657
C7/clip_10363_dark_S7.npz,84,7,1,S7,4.23262789535077
C7/clip_10364_dark_S7.npz,84,7,1,S7,4.13264455924012
C8/clip_10365_bread_S0.npz,85,8,1,S0,4.08333333333333
C8/clip_10366_bread_S0.npz,85,8,1,S0,4.08333333333333
C8/clip_10367_bread_S0.npz,85,8,1,S0,4.06666666666666
C8/clip_10368_bread_S0.npz,85,8,1,S0,4.06666666666666
C8/clip_10369_bread_S0.npz,85,8,1,S0,4.06666666666666
C8/clip_10370_bread_S1.npz,85,8,1,S1,4.08333333333333
C8/clip_10371_bread_S1.npz,85,8,1,S1,4.08333333333333
C8/clip_10372_bread_S1.npz,85,8,1,S1,4.06666666666666
C8/clip_10373_bread_S1.npz,85,8,1,S1,4.06666666666666
C8/clip_10374_bread_S1.npz,85,8,1,S1,4.06666666666666
C8/clip_10375_bread_S2.npz,85,8,1,S2,4.08333333333333
C8/clip_10376_bread_S2.npz,85,8,1,S2,4.08333333333333
C8/clip_10377_bread_S2.npz,85,8,1,S2,4.06666666666666
C8/clip_10378_bread_S2.npz,85,8,1,S2,4.06666666666666
C8/clip_10379_bread_S2.npz,85,8,1,S2,4.06666666666666
C8/clip_10380_bread_S3.npz,85,8,1,S3,4.06666666666666
C8/clip_10381_bread_S3.npz,85,8,1,S3,4.06666666666666
C8/clip_10382_bread_S3.npz,85,8,1,S3,4.06666666666666
C8/clip_10383_bread_S3.npz,85,8,1,S3,4.06666666666666
C8/clip_10384_bread_S3.npz,85,8,1,S3,4.06666666666666
C8/clip_10385_bread_S4.npz,85,8,1,S4,4.03266122312947
C8/clip_10386_bread_S4.npz,85,8,1,S4,4.13264455924012
C8/clip_10387_bread_S4.npz,85,8,1,S4,4.2662400426624
C8/clip_10388_bread_S4.npz,85,8,1,S4,4.29928345275787
C8/clip_10389_bread_S4.npz,85,8,1,S4,4.26595567405432
C8/clip_10390_bread_S4.npz,85,8,1,S4,4.29928345275787
C8/clip_10391_bread_S4.npz,85,8,1,S4,4.29928345275787
C8/clip_10392_bread_S4.npz,85,8,1,S4,4.29942674310092
C8/clip_10393_bread_S4.npz,85,8,1,S4,4.29928345275787
C8/clip_10394_bread_S4.npz,85,8,1,S4,4.29928345275787
C8/clip_10395_bread_S4.npz,85,8,1,S4,4.36593901016497
C8/clip_10396_bread_S4.npz,85,8,1,S4,4.29928345275787
C8/clip_10397_bread_S4.npz,85,8,1,S4,4.16611118517531
C8/clip_10398_bread_S4.npz,85,8,1,S4,4.29928345275787
C8/clip_10399_bread_S4.npz,85,8,1,S4,4.29942674310092
C8/clip_10400_bread_S4.npz,85,8,1,S4,4.29928345275787
C8/clip_10401_bread_S4.npz,85,8,1,S4,4.33275563258232
C8/clip_10402_bread_S4.npz,85,8,1,S4,4.46592234627562
C8/clip_10403_bread_S4.npz,85,8,1,S4,4.29928345275787
C8/clip_10404_bread_S4.npz,85,8,1,S4,4.23262789535077
C8/clip_10405_bread_S5.npz,85,8,1,S5,4.2791310072416
C8/clip_10406_bread_S5.npz,85,8,1,S5,4.2791310072416
C8/clip_10407_bread_S5.npz,85,8,1,S5,4.2791310072416
C8/clip_10408_bread_S5.npz,85,8,1,S5,4.312047399605
C8/clip_10409_bread_S5.npz,85,8,1,S5,4.2791310072416
C8/clip_10410_bread_S5.npz,85,8,1,S5,4.312047399605
C8/clip_10411_bread_S5.npz,85,8,1,S5,4.27907598702905
C8/clip_10412_bread_S5.npz,85,8,1,S5,4.27903273957607
C8/clip_10413_bread_S5.npz,85,8,1,S5,4.31191747653321
C8/clip_10414_bread_S5.npz,85,8,1,S5,4.312047399605
C8/clip_10415_bread_S5.npz,85,8,1,S5,4.24621461487821
C8/clip_10416_bread_S5.npz,85,8,1,S5,4.27907598702905
C8/clip_10417_bread_S5.npz,85,8,1,S5,4.312047399605
C8/clip_10418_bread_S5.npz,85,8,1,S5,4.312047399605
C8/clip_10419_bread_S5.npz,85,8,1,S5,4.2791310072416
C8/clip_10420_bread_S5.npz,85,8,1,S5,4.2791310072416
C8/clip_10421_bread_S5.npz,85,8,1,S5,4.2791310072416
C8/clip_10422_bread_S5.npz,85,8,1,S5,4.2791310072416
C8/clip_10423_bread_S5.npz,85,8,1,S5,4.2791310072416
C8/clip_10424_bread_S5.npz,85,8,1,S5,4.2791310072416
C8/clip_10425_bread_S5.npz,85,8,1,S5,4.19930011664722
C8/clip_10426_bread_S5.npz,85,8,1,S5,4.06598900183302
C8/clip_10427_bread_S5.npz,85,8,1,S5,4.19930011664722
C8/clip_10428_bread_S5.npz,85,8,1,S5,4.23262789535077
C8/clip_10429_bread_S5.npz,85,8,1,S5,4.0994534062125
C8/clip_10430_bread_S5.npz,85,8,1,S5,4.26595567405432
C8/clip_10431_bread_S6.npz,85,8,1,S6,4.312047399605
C8/clip_10432_bread_S6.npz,85,8,1,S6,4.312047399605
C8/clip_10433_bread_S6.npz,85,8,1,S6,4.2791310072416
C8/clip_10434_bread_S6.npz,85,8,1,S6,4.2791310072416
C8/clip_10435_bread_S6.npz,85,8,1,S6,4.2791310072416
C8/clip_10436_bread_S6.npz,85,8,1,S6,4.2791310072416
C8/clip_10437_bread_S6.npz,85,8,1,S6,4.2791310072416
C8/clip_10438_bread_S6.npz,85,8,1,S6,4.27903273957607
C8/clip_10439_bread_S6.npz,85,8,1,S6,4.24621461487821
C8/clip_10440_bread_S6.npz,85,8,1,S6,4.2791310072416
C8/clip_10441_bread_S6.npz,85,8,1,S6,4.2791310072416
C8/clip_10442_bread_S6.npz,85,8,1,S6,4.2791310072416
C8/clip_10443_bread_S6.npz,85,8,1,S6,4.2791310072416
C8/clip_10444_bread_S6.npz,85,8,1,S6,4.2791310072416
C8/clip_10445_bread_S6.npz,85,8,1,S6,4.2791310072416
C8/clip_10446_bread_S6.npz,85,8,1,S6,4.24621461487821
C8/clip_10447_bread_S6.npz,85,8,1,S6,4.27903273957607
C8/clip_10448_bread_S6.npz,85,8,1,S6,4.2791310072416
C8/clip_10449_bread_S6.npz,85,8,1,S6,4.2791310072416
C8/clip_10450_bread_S6.npz,85,8,1,S6,4.2791310072416
C8/clip_10451_bread_S6.npz,85,8,1,S6,4.26595567405432
C8/clip_10452_bread_S6.npz,85,8,1,S6,4.36608452206372
C8/clip_10453_bread_S6.npz,85,8,1,S6,4.09931678053657
C8/clip_10454_bread_S6.npz,85,8,1,S6,4.06598900183302
C8/clip_10455_bread_S6.npz,85,8,1,S6,4.06598900183302
C8/clip_10456_bread_S7.npz,85,8,1,S7,4.29856714428523
C8/clip_10457_bread_S7.npz,85,8,1,S7,4.26524491836054
C8/clip_10458_bread_S7.npz,85,8,1,S7,4.29856714428523
C8/clip_10459_bread_S7.npz,85,8,1,S7,4.26524491836054
C8/clip_10460_bread_S7.npz,85,8,1,S7,4.29856714428523
C8/clip_10461_bread_S7.npz,85,8,1,S7,4.26524491836054
C8/clip_10462_bread_S7.npz,85,8,1,S7,4.29856714428523
C8/clip_10463_bread_S7.npz,85,8,1,S7,4.29856714428523
C8/clip_10464_bread_S7.npz,85,8,1,S7,4.29856714428523
C8/clip_10465_bread_S7.npz,85,8,1,S7,4.29856714428523
C8/clip_10466_bread_S7.npz,85,8,1,S7,4.29856714428523
C8/clip_10467_bread_S7.npz,85,8,1,S7,4.26524491836054
C8/clip_10468_bread_S7.npz,85,8,1,S7,4.29856714428523
C8/clip_10469_bread_S7.npz,85,8,1,S7,4.26524491836054
C8/clip_10470_bread_S7.npz,85,8,1,S7,4.29856714428523
C8/clip_10471_bread_S7.npz,85,8,1,S7,4.29856714428523
C8/clip_10472_bread_S7.npz,85,8,1,S7,4.26524491836054
C8/clip_10473_bread_S7.npz,85,8,1,S7,4.29856714428523
C8/clip_10474_bread_S7.npz,85,8,1,S7,4.29856714428523
C8/clip_10475_bread_S7.npz,85,8,1,S7,4.29856714428523
C8/clip_10476_bread_S7.npz,85,8,1,S7,4.13264455924012
C8/clip_10477_bread_S7.npz,85,8,1,S7,4.06598900183302
C8/clip_10478_bread_S7.npz,85,8,1,S7,4.19930011664722
C8/clip_10479_bread_S7.npz,85,8,1,S7,4.23262789535077
C8/clip_10480_bread_S7.npz,85,8,1,S7,4.23262789535077
C8/clip_10481_egg_S0.npz,86,8,1,S0,4.06666666666666
C8/clip_10482_egg_S0.npz,86,8,1,S0,4.06666666666666
C8/clip_10483_egg_S0.npz,86,8,1,S0,4.06666666666666
C8/clip_10484_egg_S0.npz,86,8,1,S0,4.06666666666666
C8/clip_10485_egg_S0.npz,86,8,1,S0,4.06666666666666
C8/clip_10486_egg_S1.npz,86,8,1,S1,4.06666666666666
C8/clip_10487_egg_S1.npz,86,8,1,S1,4.06666666666666
C8/clip_10488_egg_S1.npz,86,8,1,S1,4.06666666666666
C8/clip_10489_egg_S1.npz,86,8,1,S1,4.06666666666666
C8/clip_10490_egg_S1.npz,86,8,1,S1,4.06666666666666
C8/clip_10491_egg_S2.npz,86,8,0,S2,4.06666666666666
C8/clip_10492_egg_S2.npz,86,8,0,S2,4.06666666666666
C8/clip_10493_egg_S2.npz,86,8,0,S2,4.06666666666666
C8/clip_10494_egg_S2.npz,86,8,0,S2,4.06666666666666
C8/clip_10495_egg_S2.npz,86,8,0,S2,4.06666666666666
C8/clip_10496_egg_S3.npz,86,8,0,S3,4.06666666666666
C8/clip_10497_egg_S3.npz,86,8,1,S3,4.06666666666666
C8/clip_10498_egg_S3.npz,86,8,1,S3,4.06666666666666
C8/clip_10499_egg_S3.npz,86,8,1,S3,4.06666666666666
C8/clip_10500_egg_S3.npz,86,8,1,S3,4.06666666666666
C8/clip_10501_egg_S4.npz,86,8,1,S4,4.26609785361951
C8/clip_10502_egg_S4.npz,86,8,1,S4,4.13264455924012
C8/clip_10503_egg_S4.npz,86,8,1,S4,4.19944007465671
C8/clip_10504_egg_S4.npz,86,8,1,S4,4.36593901016497
C8/clip_10505_egg_S4.npz,86,8,1,S4,4.33261123146142
C8/clip_10506_egg_S4.npz,86,8,1,S4,4.33261123146142
C8/clip_10507_egg_S4.npz,86,8,1,S4,4.39926678886852
C8/clip_10508_egg_S4.npz,86,8,1,S4,4.33261123146142
C8/clip_10509_egg_S4.npz,86,8,1,S4,4.36593901016497
C8/clip_10510_egg_S4.npz,86,8,1,S4,4.36608452206372
C8/clip_10511_egg_S4.npz,86,8,1,S4,4.33275563258232
C8/clip_10512_egg_S4.npz,86,8,1,S4,4.36593901016497
C8/clip_10513_egg_S4.npz,86,8,1,S4,4.06598900183302
C8/clip_10514_egg_S4.npz,86,8,1,S4,4.26609785361951
C8/clip_10515_egg_S4.npz,86,8,1,S4,4.09931678053657
C8/clip_10516_egg_S4.npz,86,8,1,S4,4.29928345275787
C8/clip_10517_egg_S4.npz,86,8,1,S4,4.33275563258232
C8/clip_10518_egg_S4.npz,86,8,1,S4,4.23262789535077
C8/clip_10519_egg_S4.npz,86,8,1,S4,4.19930011664722
C8/clip_10520_egg_S4.npz,86,8,1,S4,4.26595567405432
C8/clip_10521_egg_S5.npz,86,8,0,S5,4.2791310072416
C8/clip_10522_egg_S5.npz,86,8,1,S5,4.2791310072416
C8/clip_10523_egg_S5.npz,86,8,1,S5,4.2791310072416
C8/clip_10524_egg_S5.npz,86,8,1,S5,4.2791310072416
C8/clip_10525_egg_S5.npz,86,8,1,S5,4.312047399605
C8/clip_10526_egg_S5.npz,86,8,1,S5,4.2791310072416
C8/clip_10527_egg_S5.npz,86,8,1,S5,4.2791310072416
C8/clip_10528_egg_S5.npz,86,8,1,S5,4.27903273957607
C8/clip_10529_egg_S5.npz,86,8,1,S5,4.312047399605
C8/clip_10530_egg_S5.npz,86,8,0,S5,4.2791310072416
C8/clip_10531_egg_S5.npz,86,8,1,S5,4.2791310072416
C8/clip_10532_egg_S5.npz,86,8,0,S5,4.2791310072416
C8/clip_10533_egg_S5.npz,86,8,0,S5,4.312047399605
C8/clip_10534_egg_S5.npz,86,8,0,S5,4.2791310072416
C8/clip_10535_egg_S5.npz,86,8,0,S5,4.2791310072416
C8/clip_10536_egg_S5.npz,86,8,1,S5,4.2791310072416
C8/clip_10537_egg_S5.npz,86,8,0,S5,4.312047399605
C8/clip_10538_egg_S5.npz,86,8,0,S5,4.2791310072416
C8/clip_10539_egg_S5.npz,86,8,1,S5,4.312047399605
C8/clip_10540_egg_S5.npz,86,8,1,S5,4.2791310072416
C8/clip_10541_egg_S5.npz,86,8,1,S5,4.26609785361951
C8/clip_10542_egg_S5.npz,86,8,1,S5,3.99933344442592
C8/clip_10543_egg_S5.npz,86,8,1,S5,4.19930011664722
C8/clip_10544_egg_S5.npz,86,8,1,S5,4.23262789535077
C8/clip_10545_egg_S5.npz,86,8,1,S5,4.03252682796774
C8/clip_10546_egg_S6.npz,86,8,1,S6,4.312047399605
C8/clip_10547_egg_S6.npz,86,8,1,S6,4.2791310072416
C8/clip_10548_egg_S6.npz,86,8,1,S6,4.2791310072416
C8/clip_10549_egg_S6.npz,86,8,1,S6,4.2791310072416
C8/clip_10550_egg_S6.npz,86,8,1,S6,4.2791310072416
C8/clip_10551_egg_S6.npz,86,8,1,S6,4.2791310072416
C8/clip_10552_egg_S6.npz,86,8,1,S6,4.21329822251481
C8/clip_10553_egg_S6.npz,86,8,1,S6,4.2791310072416
C8/clip_10554_egg_S6.npz,86,8,1,S6,4.2791310072416
C8/clip_10555_egg_S6.npz,86,8,1,S6,4.312047399605
C8/clip_10556_egg_S6.npz,86,8,1,S6,4.24621461487821
C8/clip_10557_egg_S6.npz,86,8,1,S6,4.2791310072416
C8/clip_10558_egg_S6.npz,86,8,1,S6,4.2791310072416
C8/clip_10559_egg_S6.npz,86,8,1,S6,4.24621461487821
C8/clip_10560_egg_S6.npz,86,8,1,S6,4.2791310072416
C8/clip_10561_egg_S6.npz,86,8,1,S6,4.2791310072416
C8/clip_10562_egg_S6.npz,86,8,1,S6,4.24621461487821
C8/clip_10563_egg_S6.npz,86,8,1,S6,4.24621461487821
C8/clip_10564_egg_S6.npz,86,8,1,S6,4.2791310072416
C8/clip_10565_egg_S6.npz,86,8,1,S6,4.2791310072416
C8/clip_10566_egg_S6.npz,86,8,1,S6,3.96613784828689
C8/clip_10567_egg_S6.npz,86,8,1,S6,4.23262789535077
C8/clip_10568_egg_S6.npz,86,8,1,S6,4.23262789535077
C8/clip_10569_egg_S6.npz,86,8,1,S6,4.13264455924012
C8/clip_10570_egg_S6.npz,86,8,1,S6,4.06598900183302
C8/clip_10571_egg_S7.npz,86,8,1,S7,4.29856714428523
C8/clip_10572_egg_S7.npz,86,8,1,S7,4.29856714428523
C8/clip_10573_egg_S7.npz,86,8,1,S7,4.29856714428523
C8/clip_10574_egg_S7.npz,86,8,1,S7,4.26524491836054
C8/clip_10575_egg_S7.npz,86,8,1,S7,4.29856714428523
C8/clip_10576_egg_S7.npz,86,8,1,S7,4.29856714428523
C8/clip_10577_egg_S7.npz,86,8,1,S7,4.29856714428523
C8/clip_10578_egg_S7.npz,86,8,1,S7,4.26524491836054
C8/clip_10579_egg_S7.npz,86,8,1,S7,4.29856714428523
C8/clip_10580_egg_S7.npz,86,8,1,S7,4.26524491836054
C8/clip_10581_egg_S7.npz,86,8,1,S7,4.26524491836054
C8/clip_10582_egg_S7.npz,86,8,1,S7,4.29856714428523
C8/clip_10583_egg_S7.npz,86,8,1,S7,4.26524491836054
C8/clip_10584_egg_S7.npz,86,8,1,S7,4.26524491836054
C8/clip_10585_egg_S7.npz,86,8,1,S7,4.26524491836054
C8/clip_10586_egg_S7.npz,86,8,1,S7,4.26524491836054
C8/clip_10587_egg_S7.npz,86,8,1,S7,4.26524491836054
C8/clip_10588_egg_S7.npz,86,8,1,S7,4.26524491836054
C8/clip_10589_egg_S7.npz,86,8,1,S7,4.26524491836054
C8/clip_10590_egg_S7.npz,86,8,1,S7,4.29856714428523
C8/clip_10591_egg_S7.npz,86,8,1,S7,4.16597233794367
C8/clip_10592_egg_S7.npz,86,8,1,S7,3.99946673776829
C8/clip_10593_egg_S7.npz,86,8,1,S7,4.23262789535077
C8/clip_10594_egg_S7.npz,86,8,1,S7,4.19944007465671
C8/clip_10595_egg_S7.npz,86,8,1,S7,4.19930011664722
C8/clip_10596_fish_S0.npz,87,8,1,S0,4.06666666666666
C8/clip_10597_fish_S0.npz,87,8,1,S0,4.06666666666666
C8/clip_10598_fish_S0.npz,87,8,1,S0,4.06666666666666
C8/clip_10599_fish_S0.npz,87,8,1,S0,4.06666666666666
C8/clip_10600_fish_S0.npz,87,8,1,S0,4.06666666666666
C8/clip_10601_fish_S1.npz,87,8,1,S1,4.06666666666666
C8/clip_10602_fish_S1.npz,87,8,1,S1,4.06666666666666
C8/clip_10603_fish_S1.npz,87,8,1,S1,4.06666666666666
C8/clip_10604_fish_S1.npz,87,8,1,S1,4.06666666666666
C8/clip_10605_fish_S1.npz,87,8,1,S1,4.06666666666666
C8/clip_10606_fish_S2.npz,87,8,1,S2,4.06666666666666
C8/clip_10607_fish_S2.npz,87,8,1,S2,4.06666666666666
C8/clip_10608_fish_S2.npz,87,8,1,S2,4.06666666666666
C8/clip_10609_fish_S2.npz,87,8,1,S2,4.06666666666666
C8/clip_10610_fish_S2.npz,87,8,1,S2,4.06666666666666
C8/clip_10611_fish_S3.npz,87,8,0,S3,4.06666666666666
C8/clip_10612_fish_S3.npz,87,8,0,S3,4.06666666666666
C8/clip_10613_fish_S3.npz,87,8,1,S3,4.06666666666666
C8/clip_10614_fish_S3.npz,87,8,1,S3,4.06666666666666
C8/clip_10615_fish_S3.npz,87,8,1,S3,4.06666666666666
C8/clip_10616_fish_S4.npz,87,8,1,S4,4.23276896413811
C8/clip_10617_fish_S4.npz,87,8,0,S4,4.29928345275787
C8/clip_10618_fish_S4.npz,87,8,1,S4,3.73283562191707
C8/clip_10619_fish_S4.npz,87,8,0,S4,4.23262789535077
C8/clip_10620_fish_S4.npz,87,8,1,S4,4.33261123146142
C8/clip_10621_fish_S4.npz,87,8,1,S4,4.26595567405432
C8/clip_10622_fish_S4.npz,87,8,1,S4,4.36593901016497
C8/clip_10623_fish_S4.npz,87,8,1,S4,4.26609785361951
C8/clip_10624_fish_S4.npz,87,8,1,S4,4.16597233794367
C8/clip_10625_fish_S4.npz,87,8,1,S4,4.56590568238626
C8/clip_10626_fish_S4.npz,87,8,1,S4,4.29928345275787
C8/clip_10627_fish_S4.npz,87,8,1,S4,4.26595567405432
C8/clip_10628_fish_S4.npz,87,8,1,S4,4.33261123146142
C8/clip_10629_fish_S4.npz,87,8,1,S4,4.36593901016497
C8/clip_10630_fish_S4.npz,87,8,1,S4,4.39926678886852
C8/clip_10631_fish_S4.npz,87,8,1,S4,4.39926678886852
C8/clip_10632_fish_S4.npz,87,8,1,S4,4.26609785361951
C8/clip_10633_fish_S4.npz,87,8,1,S4,4.29928345275787
C8/clip_10634_fish_S4.npz,87,8,1,S4,4.29942674310092
C8/clip_10635_fish_S4.npz,87,8,1,S4,4.332900043329
C8/clip_10636_fish_S5.npz,87,8,0,S5,4.2791310072416
C8/clip_10637_fish_S5.npz,87,8,0,S5,4.24614363907779
C8/clip_10638_fish_S5.npz,87,8,0,S5,4.312047399605
C8/clip_10639_fish_S5.npz,87,8,0,S5,4.2791310072416
C8/clip_10640_fish_S5.npz,87,8,0,S5,4.2791310072416
C8/clip_10641_fish_S5.npz,87,8,0,S5,4.2791310072416
C8/clip_10642_fish_S5.npz,87,8,0,S5,4.2791310072416
C8/clip_10643_fish_S5.npz,87,8,0,S5,4.24621461487821
C8/clip_10644_fish_S5.npz,87,8,0,S5,4.2791310072416
C8/clip_10645_fish_S5.npz,87,8,0,S5,4.2791310072416
C8/clip_10646_fish_S5.npz,87,8,0,S5,4.24621461487821
C8/clip_10647_fish_S5.npz,87,8,0,S5,4.24614363907779
C8/clip_10648_fish_S5.npz,87,8,0,S5,4.2791310072416
C8/clip_10649_fish_S5.npz,87,8,0,S5,4.24621461487821
C8/clip_10650_fish_S5.npz,87,8,0,S5,4.27907598702905
C8/clip_10651_fish_S5.npz,87,8,0,S5,4.2791310072416
C8/clip_10652_fish_S5.npz,87,8,0,S5,4.2791310072416
C8/clip_10653_fish_S5.npz,87,8,0,S5,4.2791310072416
C8/clip_10654_fish_S5.npz,87,8,0,S5,4.2791310072416
C8/clip_10655_fish_S5.npz,87,8,0,S5,4.2791310072416
C8/clip_10656_fish_S5.npz,87,8,0,S5,4.1995800419958
C8/clip_10657_fish_S5.npz,87,8,0,S5,4.23276896413811
C8/clip_10658_fish_S5.npz,87,8,0,S5,4.13264455924012
C8/clip_10659_fish_S5.npz,87,8,0,S5,4.26595567405432
C8/clip_10660_fish_S5.npz,87,8,0,S5,4.26609785361951
C8/clip_10661_fish_S6.npz,87,8,0,S6,4.312047399605
C8/clip_10662_fish_S6.npz,87,8,1,S6,4.2791310072416
C8/clip_10663_fish_S6.npz,87,8,0,S6,4.2791310072416
C8/clip_10664_fish_S6.npz,87,8,1,S6,4.2791310072416
C8/clip_10665_fish_S6.npz,87,8,1,S6,4.2791310072416
C8/clip_10666_fish_S6.npz,87,8,1,S6,4.2791310072416
C8/clip_10667_fish_S6.npz,87,8,1,S6,4.2791310072416
C8/clip_10668_fish_S6.npz,87,8,1,S6,4.2791310072416
C8/clip_10669_fish_S6.npz,87,8,0,S6,4.2791310072416
C8/clip_10670_fish_S6.npz,87,8,1,S6,4.2791310072416
C8/clip_10671_fish_S6.npz,87,8,1,S6,4.2791310072416
C8/clip_10672_fish_S6.npz,87,8,1,S6,4.24621461487821
C8/clip_10673_fish_S6.npz,87,8,1,S6,4.24621461487821
C8/clip_10674_fish_S6.npz,87,8,1,S6,4.2791310072416
C8/clip_10675_fish_S6.npz,87,8,1,S6,4.2791310072416
C8/clip_10676_fish_S6.npz,87,8,1,S6,4.312047399605
C8/clip_10677_fish_S6.npz,87,8,1,S6,4.2791310072416
C8/clip_10678_fish_S6.npz,87,8,1,S6,4.24621461487821
C8/clip_10679_fish_S6.npz,87,8,1,S6,4.24621461487821
C8/clip_10680_fish_S6.npz,87,8,1,S6,4.2791310072416
C8/clip_10681_fish_S6.npz,87,8,0,S6,4.09931678053657
C8/clip_10682_fish_S6.npz,87,8,1,S6,4.26595567405432
C8/clip_10683_fish_S6.npz,87,8,0,S6,4.23248683596614
C8/clip_10684_fish_S6.npz,87,8,0,S6,4.26595567405432
C8/clip_10685_fish_S6.npz,87,8,0,S6,4.23276896413811
C8/clip_10686_fish_S7.npz,87,8,0,S7,4.29856714428523
C8/clip_10687_fish_S7.npz,87,8,1,S7,4.26524491836054
C8/clip_10688_fish_S7.npz,87,8,0,S7,4.29856714428523
C8/clip_10689_fish_S7.npz,87,8,0,S7,4.29856714428523
C8/clip_10690_fish_S7.npz,87,8,0,S7,4.29856714428523
C8/clip_10691_fish_S7.npz,87,8,0,S7,4.26524491836054
C8/clip_10692_fish_S7.npz,87,8,0,S7,4.26524491836054
C8/clip_10693_fish_S7.npz,87,8,0,S7,4.26524491836054
C8/clip_10694_fish_S7.npz,87,8,0,S7,4.29856714428523
C8/clip_10695_fish_S7.npz,87,8,0,S7,4.29856714428523
C8/clip_10696_fish_S7.npz,87,8,1,S7,4.29856714428523
C8/clip_10697_fish_S7.npz,87,8,1,S7,4.29856714428523
C8/clip_10698_fish_S7.npz,87,8,0,S7,4.26524491836054
C8/clip_10699_fish_S7.npz,87,8,0,S7,4.26524491836054
C8/clip_10700_fish_S7.npz,87,8,0,S7,4.29856714428523
C8/clip_10701_fish_S7.npz,87,8,1,S7,4.29856714428523
C8/clip_10702_fish_S7.npz,87,8,0,S7,4.29856714428523
C8/clip_10703_fish_S7.npz,87,8,0,S7,4.29856714428523
C8/clip_10704_fish_S7.npz,87,8,0,S7,4.26524491836054
C8/clip_10705_fish_S7.npz,87,8,0,S7,4.26524491836054
C8/clip_10706_fish_S7.npz,87,8,1,S7,4.19930011664722
C8/clip_10707_fish_S7.npz,87,8,1,S7,4.16597233794367
C8/clip_10708_fish_S7.npz,87,8,1,S7,4.19944007465671
C8/clip_10709_fish_S7.npz,87,8,1,S7,4.23276896413811
C8/clip_10710_meat_S0.npz,88,8,1,S0,4.06666666666666
C8/clip_10711_meat_S0.npz,88,8,1,S0,4.06666666666666
C8/clip_10712_meat_S0.npz,88,8,1,S0,4.06666666666666
C8/clip_10713_meat_S0.npz,88,8,1,S0,4.06666666666666
C8/clip_10714_meat_S0.npz,88,8,1,S0,4.06666666666666
C8/clip_10715_meat_S1.npz,88,8,1,S1,4.06666666666666
C8/clip_10716_meat_S1.npz,88,8,1,S1,4.06666666666666
C8/clip_10717_meat_S1.npz,88,8,1,S1,4.06666666666666
C8/clip_10718_meat_S1.npz,88,8,1,S1,4.06666666666666
C8/clip_10719_meat_S1.npz,88,8,1,S1,4.06666666666666
C8/clip_10720_meat_S2.npz,88,8,0,S2,4.06666666666666
C8/clip_10721_meat_S2.npz,88,8,0,S2,4.06666666666666
C8/clip_10722_meat_S2.npz,88,8,0,S2,4.06666666666666
C8/clip_10723_meat_S2.npz,88,8,0,S2,4.06666666666666
C8/clip_10724_meat_S2.npz,88,8,0,S2,4.06666666666666
C8/clip_10725_meat_S3.npz,88,8,0,S3,4.06666666666666
C8/clip_10726_meat_S3.npz,88,8,1,S3,4.06666666666666
C8/clip_10727_meat_S3.npz,88,8,1,S3,4.06666666666666
C8/clip_10728_meat_S3.npz,88,8,1,S3,4.06666666666666
C8/clip_10729_meat_S3.npz,88,8,1,S3,4.06666666666666
C8/clip_10730_meat_S4.npz,88,8,1,S4,4.26595567405432
C8/clip_10731_meat_S4.npz,88,8,1,S4,4.26595567405432
C8/clip_10732_meat_S4.npz,88,8,1,S4,4.29928345275787
C8/clip_10733_meat_S4.npz,88,8,1,S4,4.43274230102652
C8/clip_10734_meat_S4.npz,88,8,1,S4,4.36608452206372
C8/clip_10735_meat_S4.npz,88,8,1,S4,4.43259456757207
C8/clip_10736_meat_S4.npz,88,8,1,S4,4.39926678886852
C8/clip_10737_meat_S4.npz,88,8,1,S4,4.33261123146142
C8/clip_10738_meat_S4.npz,88,8,1,S4,4.29928345275787
C8/clip_10739_meat_S4.npz,88,8,1,S4,4.69937341687775
C8/clip_10740_meat_S4.npz,88,8,1,S4,4.33275563258232
C8/clip_10741_meat_S4.npz,88,8,1,S4,4.53257790368272
C8/clip_10742_meat_S4.npz,88,8,1,S4,4.23276896413811
C8/clip_10743_meat_S4.npz,88,8,1,S4,4.2993416633078
C8/clip_10744_meat_S4.npz,88,8,1,S4,4.26595567405432
C8/clip_10745_meat_S4.npz,88,8,1,S4,4.33275563258232
C8/clip_10746_meat_S4.npz,88,8,1,S4,4.29928345275787
C8/clip_10747_meat_S4.npz,88,8,1,S4,4.39941341154512
C8/clip_10748_meat_S4.npz,88,8,1,S4,4.29928345275787
C8/clip_10749_meat_S4.npz,88,8,1,S4,4.63271563791494
C8/clip_10750_meat_S5.npz,88,8,1,S5,4.2791310072416
C8/clip_10751_meat_S5.npz,88,8,1,S5,4.27903273957607
C8/clip_10752_meat_S5.npz,88,8,1,S5,4.312047399605
C8/clip_10753_meat_S5.npz,88,8,1,S5,4.2791310072416
C8/clip_10754_meat_S5.npz,88,8,1,S5,4.24621461487821
C8/clip_10755_meat_S5.npz,88,8,1,S5,4.312047399605
C8/clip_10756_meat_S5.npz,88,8,1,S5,4.2791310072416
C8/clip_10757_meat_S5.npz,88,8,1,S5,4.2791310072416
C8/clip_10758_meat_S5.npz,88,8,1,S5,4.2791310072416
C8/clip_10759_meat_S5.npz,88,8,0,S5,4.24621461487821
C8/clip_10760_meat_S5.npz,88,8,1,S5,4.2791310072416
C8/clip_10761_meat_S5.npz,88,8,1,S5,4.27903273957607
C8/clip_10762_meat_S5.npz,88,8,1,S5,4.2791310072416
C8/clip_10763_meat_S5.npz,88,8,1,S5,4.27903273957607
C8/clip_10764_meat_S5.npz,88,8,1,S5,4.27903273957607
C8/clip_10765_meat_S5.npz,88,8,1,S5,4.27903273957607
C8/clip_10766_meat_S5.npz,88,8,1,S5,4.2791310072416
C8/clip_10767_meat_S5.npz,88,8,1,S5,4.27903273957607
C8/clip_10768_meat_S5.npz,88,8,1,S5,4.27903273957607
C8/clip_10769_meat_S5.npz,88,8,1,S5,4.2791310072416
C8/clip_10770_meat_S5.npz,88,8,1,S5,4.43259456757207
C8/clip_10771_meat_S5.npz,88,8,1,S5,4.1327822956939
C8/clip_10772_meat_S5.npz,88,8,1,S5,4.29928345275787
C8/clip_10773_meat_S5.npz,88,8,1,S5,4.33275563258232
C8/clip_10774_meat_S5.npz,88,8,1,S5,4.39926678886852
C8/clip_10775_meat_S6.npz,88,8,1,S6,4.312047399605
C8/clip_10776_meat_S6.npz,88,8,1,S6,4.312047399605
C8/clip_10777_meat_S6.npz,88,8,1,S6,4.2791310072416
C8/clip_10778_meat_S6.npz,88,8,1,S6,4.24621461487821
C8/clip_10779_meat_S6.npz,88,8,1,S6,4.2791310072416
C8/clip_10780_meat_S6.npz,88,8,1,S6,4.2791310072416
C8/clip_10781_meat_S6.npz,88,8,1,S6,4.2791310072416
C8/clip_10782_meat_S6.npz,88,8,1,S6,4.2791310072416
C8/clip_10783_meat_S6.npz,88,8,1,S6,4.312047399605
C8/clip_10784_meat_S6.npz,88,8,1,S6,4.2791310072416
C8/clip_10785_meat_S6.npz,88,8,1,S6,4.2791310072416
C8/clip_10786_meat_S6.npz,88,8,1,S6,4.2791310072416
C8/clip_10787_meat_S6.npz,88,8,1,S6,4.2791310072416
C8/clip_10788_meat_S6.npz,88,8,1,S6,4.2791310072416
C8/clip_10789_meat_S6.npz,88,8,1,S6,4.2791310072416
C8/clip_10790_meat_S6.npz,88,8,0,S6,4.2791310072416
C8/clip_10791_meat_S6.npz,88,8,1,S6,4.24621461487821
C8/clip_10792_meat_S6.npz,88,8,1,S6,4.2791310072416
C8/clip_10793_meat_S6.npz,88,8,1,S6,4.312047399605
C8/clip_10794_meat_S6.npz,88,8,1,S6,4.2791310072416
C8/clip_10795_meat_S6.npz,88,8,1,S6,4.19944007465671
C8/clip_10796_meat_S6.npz,88,8,1,S6,4.23262789535077
C8/clip_10797_meat_S6.npz,88,8,1,S6,4.16597233794367
C8/clip_10798_meat_S6.npz,88,8,1,S6,4.26595567405432
C8/clip_10799_meat_S6.npz,88,8,1,S6,4.33275563258232
C8/clip_10800_meat_S7.npz,88,8,1,S7,4.29856714428523
C8/clip_10801_meat_S7.npz,88,8,1,S7,4.29856714428523
C8/clip_10802_meat_S7.npz,88,8,1,S7,4.29856714428523
C8/clip_10803_meat_S7.npz,88,8,1,S7,4.29856714428523
C8/clip_10804_meat_S7.npz,88,8,1,S7,4.26524491836054
C8/clip_10805_meat_S7.npz,88,8,1,S7,4.26524491836054
C8/clip_10806_meat_S7.npz,88,8,1,S7,4.23192269243585
C8/clip_10807_meat_S7.npz,88,8,1,S7,4.29856714428523
C8/clip_10808_meat_S7.npz,88,8,1,S7,4.26524491836054
C8/clip_10809_meat_S7.npz,88,8,1,S7,4.26524491836054
C8/clip_10810_meat_S7.npz,88,8,1,S7,4.26524491836054
C8/clip_10811_meat_S7.npz,88,8,1,S7,4.29856714428523
C8/clip_10812_meat_S7.npz,88,8,1,S7,4.29856714428523
C8/clip_10813_meat_S7.npz,88,8,1,S7,4.26524491836054
C8/clip_10814_meat_S7.npz,88,8,1,S7,4.26524491836054
C8/clip_10815_meat_S7.npz,88,8,1,S7,4.29856714428523
C8/clip_10816_meat_S7.npz,88,8,1,S7,4.29856714428523
C8/clip_10817_meat_S7.npz,88,8,1,S7,4.29856714428523
C8/clip_10818_meat_S7.npz,88,8,1,S7,4.26524491836054
C8/clip_10819_meat_S7.npz,88,8,1,S7,4.26524491836054
C8/clip_10820_meat_S7.npz,88,8,1,S7,4.13250683196694
C8/clip_10821_meat_S7.npz,88,8,1,S7,4.23262789535077
C8/clip_10822_meat_S7.npz,88,8,1,S7,4.43259456757207
C8/clip_10823_meat_S7.npz,88,8,1,S7,4.26609785361951
C8/clip_10824_meat_S7.npz,88,8,1,S7,4.23276896413811
C8/clip_10825_chicken_S0.npz,89,8,1,S0,4.06666666666666
C8/clip_10826_chicken_S0.npz,89,8,1,S0,4.06666666666666
C8/clip_10827_chicken_S0.npz,89,8,1,S0,4.06666666666666
C8/clip_10828_chicken_S0.npz,89,8,1,S0,4.06666666666666
C8/clip_10829_chicken_S0.npz,89,8,1,S0,4.06666666666666
C8/clip_10830_chicken_S1.npz,89,8,1,S1,4.06666666666666
C8/clip_10831_chicken_S1.npz,89,8,1,S1,4.06666666666666
C8/clip_10832_chicken_S1.npz,89,8,1,S1,4.06666666666666
C8/clip_10833_chicken_S1.npz,89,8,1,S1,4.06666666666666
C8/clip_10834_chicken_S1.npz,89,8,1,S1,4.06666666666666
C8/clip_10835_chicken_S2.npz,89,8,1,S2,4.06666666666666
C8/clip_10836_chicken_S2.npz,89,8,1,S2,4.06666666666666
C8/clip_10837_chicken_S2.npz,89,8,1,S2,4.06666666666666
C8/clip_10838_chicken_S2.npz,89,8,1,S2,4.06666666666666
C8/clip_10839_chicken_S2.npz,89,8,1,S2,4.06666666666666
C8/clip_10840_chicken_S3.npz,89,8,1,S3,4.06666666666666
C8/clip_10841_chicken_S3.npz,89,8,1,S3,4.06666666666666
C8/clip_10842_chicken_S3.npz,89,8,1,S3,4.06666666666666
C8/clip_10843_chicken_S3.npz,89,8,1,S3,4.06666666666666
C8/clip_10844_chicken_S3.npz,89,8,1,S3,4.06666666666666
C8/clip_10845_chicken_S4.npz,89,8,1,S4,4.29928345275787
C8/clip_10846_chicken_S4.npz,89,8,1,S4,4.29928345275787
C8/clip_10847_chicken_S4.npz,89,8,1,S4,4.36593901016497
C8/clip_10848_chicken_S4.npz,89,8,1,S4,4.39926678886852
C8/clip_10849_chicken_S4.npz,89,8,0,S4,4.43259456757207
C8/clip_10850_chicken_S4.npz,89,8,0,S4,4.49925012497917
C8/clip_10851_chicken_S4.npz,89,8,1,S4,4.39926678886852
C8/clip_10852_chicken_S4.npz,89,8,0,S4,4.46607119050793
C8/clip_10853_chicken_S4.npz,89,8,1,S4,4.29928345275787
C8/clip_10854_chicken_S4.npz,89,8,1,S4,4.29928345275787
C8/clip_10855_chicken_S4.npz,89,8,1,S4,4.4662200446622
C8/clip_10856_chicken_S4.npz,89,8,1,S4,4.36608452206372
C8/clip_10857_chicken_S4.npz,89,8,1,S4,4.33275563258232
C8/clip_10858_chicken_S4.npz,89,8,0,S4,4.26609785361951
C8/clip_10859_chicken_S4.npz,89,8,0,S4,4.66604452739634
C8/clip_10860_chicken_S4.npz,89,8,1,S4,4.46607119050793
C8/clip_10861_chicken_S4.npz,89,8,1,S4,4.22432144757849
C8/clip_10862_chicken_S4.npz,89,8,1,S4,4.19930011664722
C8/clip_10863_chicken_S4.npz,89,8,1,S4,4.46592234627562
C8/clip_10864_chicken_S4.npz,89,8,0,S4,4.53257790368272
C8/clip_10865_chicken_S5.npz,89,8,1,S5,4.2791310072416
C8/clip_10866_chicken_S5.npz,89,8,1,S5,4.24621461487821
C8/clip_10867_chicken_S5.npz,89,8,1,S5,4.2791310072416
C8/clip_10868_chicken_S5.npz,89,8,1,S5,4.2791310072416
C8/clip_10869_chicken_S5.npz,89,8,1,S5,4.312047399605
C8/clip_10870_chicken_S5.npz,89,8,1,S5,4.2791310072416
C8/clip_10871_chicken_S5.npz,89,8,1,S5,4.2791310072416
C8/clip_10872_chicken_S5.npz,89,8,1,S5,4.312047399605
C8/clip_10873_chicken_S5.npz,89,8,1,S5,4.24614363907779
C8/clip_10874_chicken_S5.npz,89,8,1,S5,4.2791310072416
C8/clip_10875_chicken_S5.npz,89,8,1,S5,4.2791310072416
C8/clip_10876_chicken_S5.npz,89,8,1,S5,4.2791310072416
C8/clip_10877_chicken_S5.npz,89,8,1,S5,4.2791310072416
C8/clip_10878_chicken_S5.npz,89,8,1,S5,4.2791310072416
C8/clip_10879_chicken_S5.npz,89,8,1,S5,4.2791310072416
C8/clip_10880_chicken_S5.npz,89,8,1,S5,4.2791310072416
C8/clip_10881_chicken_S5.npz,89,8,1,S5,4.2791310072416
C8/clip_10882_chicken_S5.npz,89,8,1,S5,4.2791310072416
C8/clip_10883_chicken_S5.npz,89,8,1,S5,4.27903273957607
C8/clip_10884_chicken_S5.npz,89,8,1,S5,4.24621461487821
C8/clip_10885_chicken_S5.npz,89,8,0,S5,4.23262789535077
C8/clip_10886_chicken_S5.npz,89,8,1,S5,4.16597233794367
C8/clip_10887_chicken_S5.npz,89,8,1,S5,4.13264455924012
C8/clip_10888_chicken_S5.npz,89,8,1,S5,4.06598900183302
C8/clip_10889_chicken_S5.npz,89,8,1,S5,4.0994534062125
C8/clip_10890_chicken_S5.npz,89,8,1,S5,4.26609785361951
C8/clip_10891_chicken_S6.npz,89,8,1,S6,4.312047399605
C8/clip_10892_chicken_S6.npz,89,8,1,S6,4.2791310072416
C8/clip_10893_chicken_S6.npz,89,8,1,S6,4.2791310072416
C8/clip_10894_chicken_S6.npz,89,8,1,S6,4.24621461487821
C8/clip_10895_chicken_S6.npz,89,8,1,S6,4.312047399605
C8/clip_10896_chicken_S6.npz,89,8,1,S6,4.2791310072416
C8/clip_10897_chicken_S6.npz,89,8,1,S6,4.2791310072416
C8/clip_10898_chicken_S6.npz,89,8,1,S6,4.312047399605
C8/clip_10899_chicken_S6.npz,89,8,1,S6,4.2791310072416
C8/clip_10900_chicken_S6.npz,89,8,1,S6,4.2791310072416
C8/clip_10901_chicken_S6.npz,89,8,1,S6,4.2791310072416
C8/clip_10902_chicken_S6.npz,89,8,1,S6,4.312047399605
C8/clip_10903_chicken_S6.npz,89,8,1,S6,4.24621461487821
C8/clip_10904_chicken_S6.npz,89,8,1,S6,4.2791310072416
C8/clip_10905_chicken_S6.npz,89,8,1,S6,4.2791310072416
C8/clip_10906_chicken_S6.npz,89,8,1,S6,4.2791310072416
C8/clip_10907_chicken_S6.npz,89,8,1,S6,4.2791310072416
C8/clip_10908_chicken_S6.npz,89,8,1,S6,4.2791310072416
C8/clip_10909_chicken_S6.npz,89,8,1,S6,4.2791310072416
C8/clip_10910_chicken_S6.npz,89,8,1,S6,4.2791310072416
C8/clip_10911_chicken_S6.npz,89,8,1,S6,4.23262789535077
C8/clip_10912_chicken_S6.npz,89,8,1,S6,4.2329100423291
C8/clip_10913_chicken_S6.npz,89,8,1,S6,4.26595567405432
C8/clip_10914_chicken_S6.npz,89,8,1,S6,4.09931678053657
C8/clip_10915_chicken_S6.npz,89,8,1,S6,4.56590568238626
C8/clip_10916_chicken_S7.npz,89,8,1,S7,4.29856714428523
C8/clip_10917_chicken_S7.npz,89,8,0,S7,4.26524491836054
C8/clip_10918_chicken_S7.npz,89,8,0,S7,4.26524491836054
C8/clip_10919_chicken_S7.npz,89,8,1,S7,4.29856714428523
C8/clip_10920_chicken_S7.npz,89,8,1,S7,4.26524491836054
C8/clip_10921_chicken_S7.npz,89,8,1,S7,4.29856714428523
C8/clip_10922_chicken_S7.npz,89,8,0,S7,4.29856714428523
C8/clip_10923_chicken_S7.npz,89,8,1,S7,4.29856714428523
C8/clip_10924_chicken_S7.npz,89,8,1,S7,4.29871038688393
C8/clip_10925_chicken_S7.npz,89,8,0,S7,4.26524491836054
C8/clip_10926_chicken_S7.npz,89,8,0,S7,4.26524491836054
C8/clip_10927_chicken_S7.npz,89,8,1,S7,4.29856714428523
C8/clip_10928_chicken_S7.npz,89,8,0,S7,4.26524491836054
C8/clip_10929_chicken_S7.npz,89,8,1,S7,4.29856714428523
C8/clip_10930_chicken_S7.npz,89,8,0,S7,4.26524491836054
C8/clip_10931_chicken_S7.npz,89,8,0,S7,4.29856714428523
C8/clip_10932_chicken_S7.npz,89,8,1,S7,4.26524491836054
C8/clip_10933_chicken_S7.npz,89,8,1,S7,4.29856714428523
C8/clip_10934_chicken_S7.npz,89,8,1,S7,4.29856714428523
C8/clip_10935_chicken_S7.npz,89,8,0,S7,4.29856714428523
C8/clip_10936_chicken_S7.npz,89,8,1,S7,4.09931678053657
C8/clip_10937_chicken_S7.npz,89,8,1,S7,4.1327822956939
C8/clip_10938_chicken_S7.npz,89,8,1,S7,4.09932461946843
C8/clip_10939_chicken_S7.npz,89,8,1,S7,4.19930011664722
C8/clip_10940_chicken_S7.npz,89,8,1,S7,4.26609785361951
C8/clip_10941_chicken_S7.npz,89,8,1,S7,4.09931678053657
C8/clip_10942_spaghetti_S0.npz,90,8,1,S0,4.06666666666666
C8/clip_10943_spaghetti_S0.npz,90,8,1,S0,4.06666666666666
C8/clip_10944_spaghetti_S0.npz,90,8,1,S0,4.06666666666666
C8/clip_10945_spaghetti_S0.npz,90,8,1,S0,4.06666666666666
C8/clip_10946_spaghetti_S0.npz,90,8,1,S0,4.05
C8/clip_10947_spaghetti_S1.npz,90,8,1,S1,4.06666666666666
C8/clip_10948_spaghetti_S1.npz,90,8,1,S1,4.06666666666666
C8/clip_10949_spaghetti_S1.npz,90,8,1,S1,4.06666666666666
C8/clip_10950_spaghetti_S1.npz,90,8,1,S1,4.06666666666666
C8/clip_10951_spaghetti_S1.npz,90,8,1,S1,4.06666666666666
C8/clip_10952_spaghetti_S2.npz,90,8,1,S2,4.06666666666666
C8/clip_10953_spaghetti_S2.npz,90,8,1,S2,4.06666666666666
C8/clip_10954_spaghetti_S2.npz,90,8,1,S2,4.06666666666666
C8/clip_10955_spaghetti_S2.npz,90,8,1,S2,4.06666666666666
C8/clip_10956_spaghetti_S2.npz,90,8,1,S2,4.05
C8/clip_10957_spaghetti_S3.npz,90,8,1,S3,4.05
C8/clip_10958_spaghetti_S3.npz,90,8,1,S3,4.05
C8/clip_10959_spaghetti_S3.npz,90,8,1,S3,4.05
C8/clip_10960_spaghetti_S3.npz,90,8,1,S3,4.05
C8/clip_10961_spaghetti_S3.npz,90,8,1,S3,4.05
C8/clip_10962_spaghetti_S4.npz,90,8,1,S4,4.33261123146142
C8/clip_10963_spaghetti_S4.npz,90,8,1,S4,4.23262789535077
C8/clip_10964_spaghetti_S4.npz,90,8,1,S4,4.16611118517531
C8/clip_10965_spaghetti_S4.npz,90,8,1,S4,4.49940007998933
C8/clip_10966_spaghetti_S4.npz,90,8,1,S4,4.43259456757207
C8/clip_10967_spaghetti_S4.npz,90,8,1,S4,4.29928345275787
C8/clip_10968_spaghetti_S4.npz,90,8,1,S4,4.29928345275787
C8/clip_10969_spaghetti_S4.npz,90,8,1,S4,4.16611118517531
C8/clip_10970_spaghetti_S4.npz,90,8,1,S4,4.23262789535077
C8/clip_10971_spaghetti_S4.npz,90,8,1,S4,4.33275563258232
C8/clip_10972_spaghetti_S4.npz,90,8,1,S4,5.66591121183842
C8/clip_10973_spaghetti_S4.npz,90,8,1,S4,4.29928345275787
C8/clip_10974_spaghetti_S4.npz,90,8,1,S4,4.37424869774275
C8/clip_10975_spaghetti_S4.npz,90,8,1,S4,4.56605785895213
C8/clip_10976_spaghetti_S4.npz,90,8,1,S4,4.35766083427583
C8/clip_10977_spaghetti_S4.npz,90,8,1,S4,4.26609785361951
C8/clip_10978_spaghetti_S4.npz,90,8,1,S4,4.33275563258232
C8/clip_10979_spaghetti_S4.npz,90,8,1,S4,4.1991601679664
C8/clip_10980_spaghetti_S4.npz,90,8,1,S4,4.26609785361951
C8/clip_10981_spaghetti_S4.npz,90,8,1,S4,4.39941341154512
C8/clip_10982_spaghetti_S5.npz,90,8,1,S5,4.2791310072416
C8/clip_10983_spaghetti_S5.npz,90,8,1,S5,4.2791310072416
C8/clip_10984_spaghetti_S5.npz,90,8,1,S5,4.24621461487821
C8/clip_10985_spaghetti_S5.npz,90,8,1,S5,4.2791310072416
C8/clip_10986_spaghetti_S5.npz,90,8,1,S5,4.2791310072416
C8/clip_10987_spaghetti_S5.npz,90,8,1,S5,4.24621461487821
C8/clip_10988_spaghetti_S5.npz,90,8,1,S5,4.2791310072416
C8/clip_10989_spaghetti_S5.npz,90,8,1,S5,4.27903273957607
C8/clip_10990_spaghetti_S5.npz,90,8,1,S5,4.312047399605
C8/clip_10991_spaghetti_S5.npz,90,8,1,S5,4.2791310072416
C8/clip_10992_spaghetti_S5.npz,90,8,1,S5,4.2791310072416
C8/clip_10993_spaghetti_S5.npz,90,8,1,S5,4.2791310072416
C8/clip_10994_spaghetti_S5.npz,90,8,1,S5,4.312047399605
C8/clip_10995_spaghetti_S5.npz,90,8,1,S5,4.2791310072416
C8/clip_10996_spaghetti_S5.npz,90,8,1,S5,4.2791310072416
C8/clip_10997_spaghetti_S5.npz,90,8,1,S5,4.2791310072416
C8/clip_10998_spaghetti_S5.npz,90,8,1,S5,4.2791310072416
C8/clip_10999_spaghetti_S5.npz,90,8,1,S5,4.2791310072416
C8/clip_11000_spaghetti_S5.npz,90,8,1,S5,4.2791310072416
C8/clip_11001_spaghetti_S5.npz,90,8,1,S5,4.24621461487821
C8/clip_11002_spaghetti_S5.npz,90,8,1,S5,4.29942674310092
C8/clip_11003_spaghetti_S5.npz,90,8,1,S5,4.23262789535077
C8/clip_11004_spaghetti_S5.npz,90,8,1,S5,4.29928345275787
C8/clip_11005_spaghetti_S5.npz,90,8,1,S5,4.26595567405432
C8/clip_11006_spaghetti_S5.npz,90,8,1,S5,4.26595567405432
C8/clip_11007_spaghetti_S6.npz,90,8,1,S6,4.3449637919684
C8/clip_11008_spaghetti_S6.npz,90,8,1,S6,4.2791310072416
C8/clip_11009_spaghetti_S6.npz,90,8,1,S6,4.2791310072416
C8/clip_11010_spaghetti_S6.npz,90,8,1,S6,4.2791310072416
C8/clip_11011_spaghetti_S6.npz,90,8,1,S6,4.2791310072416
C8/clip_11012_spaghetti_S6.npz,90,8,1,S6,4.24621461487821
C8/clip_11013_spaghetti_S6.npz,90,8,1,S6,4.2791310072416
C8/clip_11014_spaghetti_S6.npz,90,8,1,S6,4.2791310072416
C8/clip_11015_spaghetti_S6.npz,90,8,1,S6,4.2791310072416
C8/clip_11016_spaghetti_S6.npz,90,8,1,S6,4.2791310072416
C8/clip_11017_spaghetti_S6.npz,90,8,1,S6,4.2791310072416
C8/clip_11018_spaghetti_S6.npz,90,8,1,S6,4.312047399605
C8/clip_11019_spaghetti_S6.npz,90,8,1,S6,4.2791310072416
C8/clip_11020_spaghetti_S6.npz,90,8,1,S6,4.24621461487821
C8/clip_11021_spaghetti_S6.npz,90,8,1,S6,4.2791310072416
C8/clip_11022_spaghetti_S6.npz,90,8,1,S6,4.2791310072416
C8/clip_11023_spaghetti_S6.npz,90,8,1,S6,4.2791310072416
C8/clip_11024_spaghetti_S6.npz,90,8,1,S6,4.24621461487821
C8/clip_11025_spaghetti_S6.npz,90,8,1,S6,4.2791310072416
C8/clip_11026_spaghetti_S6.npz,90,8,1,S6,4.2791310072416
C8/clip_11027_spaghetti_S6.npz,90,8,1,S6,4.23276896413811
C8/clip_11028_spaghetti_S6.npz,90,8,1,S6,4.56605785895213
C8/clip_11029_spaghetti_S6.npz,90,8,1,S6,4.19930011664722
C8/clip_11030_spaghetti_S6.npz,90,8,1,S6,4.26595567405432
C8/clip_11031_spaghetti_S6.npz,90,8,1,S6,4.26595567405432
C8/clip_11032_spaghetti_S7.npz,90,8,1,S7,4.29856714428523
C8/clip_11033_spaghetti_S7.npz,90,8,1,S7,4.29856714428523
C8/clip_11034_spaghetti_S7.npz,90,8,1,S7,4.29856714428523
C8/clip_11035_spaghetti_S7.npz,90,8,1,S7,4.29856714428523
C8/clip_11036_spaghetti_S7.npz,90,8,1,S7,4.26524491836054
C8/clip_11037_spaghetti_S7.npz,90,8,1,S7,4.26524491836054
C8/clip_11038_spaghetti_S7.npz,90,8,1,S7,4.26524491836054
C8/clip_11039_spaghetti_S7.npz,90,8,1,S7,4.26524491836054
C8/clip_11040_spaghetti_S7.npz,90,8,1,S7,4.29856714428523
C8/clip_11041_spaghetti_S7.npz,90,8,1,S7,4.29856714428523
C8/clip_11042_spaghetti_S7.npz,90,8,1,S7,4.26524491836054
C8/clip_11043_spaghetti_S7.npz,90,8,1,S7,4.26524491836054
C8/clip_11044_spaghetti_S7.npz,90,8,1,S7,4.29856714428523
C8/clip_11045_spaghetti_S7.npz,90,8,1,S7,4.26524491836054
C8/clip_11046_spaghetti_S7.npz,90,8,1,S7,4.26524491836054
C8/clip_11047_spaghetti_S7.npz,90,8,1,S7,4.29856714428523
C8/clip_11048_spaghetti_S7.npz,90,8,1,S7,4.26524491836054
C8/clip_11049_spaghetti_S7.npz,90,8,1,S7,4.26524491836054
C8/clip_11050_spaghetti_S7.npz,90,8,1,S7,4.29856714428523
C8/clip_11051_spaghetti_S7.npz,90,8,1,S7,4.26524491836054
C8/clip_11052_spaghetti_S7.npz,90,8,1,S7,4.79920013331111
C8/clip_11053_spaghetti_S7.npz,90,8,1,S7,4.33261123146142
C8/clip_11054_spaghetti_S7.npz,90,8,1,S7,4.33261123146142
C8/clip_11055_spaghetti_S7.npz,90,8,1,S7,4.19930011664722
C8/clip_11056_spaghetti_S7.npz,90,8,1,S7,4.23262789535077
C8/clip_11057_rice_S0.npz,91,8,1,S0,4.05
C8/clip_11058_rice_S0.npz,91,8,1,S0,4.05
C8/clip_11059_rice_S0.npz,91,8,1,S0,4.05
C8/clip_11060_rice_S0.npz,91,8,1,S0,4.05
C8/clip_11061_rice_S0.npz,91,8,1,S0,4.05
C8/clip_11062_rice_S1.npz,91,8,1,S1,4.05
C8/clip_11063_rice_S1.npz,91,8,1,S1,4.05
C8/clip_11064_rice_S1.npz,91,8,1,S1,4.05
C8/clip_11065_rice_S1.npz,91,8,1,S1,4.05
C8/clip_11066_rice_S1.npz,91,8,1,S1,4.05
C8/clip_11067_rice_S2.npz,91,8,1,S2,4.05
C8/clip_11068_rice_S2.npz,91,8,1,S2,4.05
C8/clip_11069_rice_S2.npz,91,8,1,S2,4.05
C8/clip_11070_rice_S2.npz,91,8,1,S2,4.05
C8/clip_11071_rice_S2.npz,91,8,1,S2,4.05
C8/clip_11072_rice_S3.npz,91,8,1,S3,4.05
C8/clip_11073_rice_S3.npz,91,8,1,S3,4.05
C8/clip_11074_rice_S3.npz,91,8,1,S3,4.05
C8/clip_11075_rice_S3.npz,91,8,1,S3,4.05
C8/clip_11076_rice_S3.npz,91,8,1,S3,4.05
C8/clip_11077_rice_S4.npz,91,8,1,S4,4.1327822956939
C8/clip_11078_rice_S4.npz,91,8,1,S4,4.26595567405432
C8/clip_11079_rice_S4.npz,91,8,1,S4,4.29928345275787
C8/clip_11080_rice_S4.npz,91,8,1,S4,4.49925012497917
C8/clip_11081_rice_S4.npz,91,8,1,S4,4.36593901016497
C8/clip_11082_rice_S4.npz,91,8,1,S4,4.43259456757207
C8/clip_11083_rice_S4.npz,91,8,1,S4,4.26595567405432
C8/clip_11084_rice_S4.npz,91,8,1,S4,4.29928345275787
C8/clip_11085_rice_S4.npz,91,8,1,S4,4.23262789535077
C8/clip_11086_rice_S4.npz,91,8,1,S4,4.43259456757207
C8/clip_11087_rice_S4.npz,91,8,1,S4,4.26595567405432
C8/clip_11088_rice_S4.npz,91,8,1,S4,4.29928345275787
C8/clip_11089_rice_S4.npz,91,8,1,S4,4.33261123146142
C8/clip_11090_rice_S4.npz,91,8,1,S4,4.53257790368272
C8/clip_11091_rice_S4.npz,91,8,1,S4,4.2991401719656
C8/clip_11092_rice_S4.npz,91,8,1,S4,4.49925012497917
C8/clip_11093_rice_S4.npz,91,8,1,S4,4.59938674843354
C8/clip_11094_rice_S4.npz,91,8,1,S4,4.46592234627562
C8/clip_11095_rice_S4.npz,91,8,1,S4,4.29942674310092
C8/clip_11096_rice_S4.npz,91,8,1,S4,4.33261123146142
C8/clip_11097_rice_S5.npz,91,8,1,S5,4.2791310072416
C8/clip_11098_rice_S5.npz,91,8,1,S5,4.2791310072416
C8/clip_11099_rice_S5.npz,91,8,1,S5,4.2791310072416
C8/clip_11100_rice_S5.npz,91,8,1,S5,4.2791310072416
C8/clip_11101_rice_S5.npz,91,8,1,S5,4.2791310072416
C8/clip_11102_rice_S5.npz,91,8,1,S5,4.24621461487821
C8/clip_11103_rice_S5.npz,91,8,1,S5,4.27903273957607
C8/clip_11104_rice_S5.npz,91,8,1,S5,4.2791310072416
C8/clip_11105_rice_S5.npz,91,8,1,S5,4.2791310072416
C8/clip_11106_rice_S5.npz,91,8,1,S5,4.2791310072416
C8/clip_11107_rice_S5.npz,91,8,1,S5,4.2791310072416
C8/clip_11108_rice_S5.npz,91,8,1,S5,4.312047399605
C8/clip_11109_rice_S5.npz,91,8,1,S5,4.24621461487821
C8/clip_11110_rice_S5.npz,91,8,1,S5,4.2791310072416
C8/clip_11111_rice_S5.npz,91,8,1,S5,4.2791310072416
C8/clip_11112_rice_S5.npz,91,8,1,S5,4.24621461487821
C8/clip_11113_rice_S5.npz,91,8,1,S5,4.2791310072416
C8/clip_11114_rice_S5.npz,91,8,1,S5,4.2791310072416
C8/clip_11115_rice_S5.npz,91,8,1,S5,4.2791310072416
C8/clip_11116_rice_S5.npz,91,8,1,S5,4.2791310072416
C8/clip_11117_rice_S5.npz,91,8,1,S5,4.13264455924012
C8/clip_11118_rice_S5.npz,91,8,1,S5,4.23262789535077
C8/clip_11119_rice_S5.npz,91,8,1,S5,4.23276896413811
C8/clip_11120_rice_S5.npz,91,8,1,S5,4.13264455924012
C8/clip_11121_rice_S5.npz,91,8,1,S5,4.09931678053657
C8/clip_11122_rice_S6.npz,91,8,1,S6,4.312047399605
C8/clip_11123_rice_S6.npz,91,8,1,S6,4.312047399605
C8/clip_11124_rice_S6.npz,91,8,1,S6,4.312047399605
C8/clip_11125_rice_S6.npz,91,8,1,S6,4.2791310072416
C8/clip_11126_rice_S6.npz,91,8,1,S6,4.2791310072416
C8/clip_11127_rice_S6.npz,91,8,1,S6,4.2791310072416
C8/clip_11128_rice_S6.npz,91,8,1,S6,4.2791310072416
C8/clip_11129_rice_S6.npz,91,8,1,S6,4.2791310072416
C8/clip_11130_rice_S6.npz,91,8,1,S6,4.2791310072416
C8/clip_11131_rice_S6.npz,91,8,1,S6,4.2791310072416
C8/clip_11132_rice_S6.npz,91,8,1,S6,4.312047399605
C8/clip_11133_rice_S6.npz,91,8,1,S6,4.2791310072416
C8/clip_11134_rice_S6.npz,91,8,1,S6,4.2791310072416
C8/clip_11135_rice_S6.npz,91,8,1,S6,4.24621461487821
C8/clip_11136_rice_S6.npz,91,8,1,S6,4.2791310072416
C8/clip_11137_rice_S6.npz,91,8,1,S6,4.2791310072416
C8/clip_11138_rice_S6.npz,91,8,1,S6,4.2791310072416
C8/clip_11139_rice_S6.npz,91,8,1,S6,4.2791310072416
C8/clip_11140_rice_S6.npz,91,8,1,S6,4.312047399605
C8/clip_11141_rice_S6.npz,91,8,1,S6,4.2791310072416
C8/clip_11142_rice_S6.npz,91,8,1,S6,3.26612231294784
C8/clip_11143_rice_S6.npz,91,8,1,S6,4.19930011664722
C8/clip_11144_rice_S6.npz,91,8,1,S6,4.29928345275787
C8/clip_11145_rice_S6.npz,91,8,1,S6,4.19930011664722
C8/clip_11146_rice_S6.npz,91,8,1,S6,4.13264455924012
C8/clip_11147_rice_S6.npz,91,8,1,S6,4.1327822956939
C8/clip_11148_rice_S7.npz,91,8,1,S7,4.29856714428523
C8/clip_11149_rice_S7.npz,91,8,1,S7,4.29856714428523
C8/clip_11150_rice_S7.npz,91,8,1,S7,4.29856714428523
C8/clip_11151_rice_S7.npz,91,8,1,S7,4.26524491836054
C8/clip_11152_rice_S7.npz,91,8,1,S7,4.26524491836054
C8/clip_11153_rice_S7.npz,91,8,1,S7,4.26524491836054
C8/clip_11154_rice_S7.npz,91,8,1,S7,4.29856714428523
C8/clip_11155_rice_S7.npz,91,8,1,S7,4.26524491836054
C8/clip_11156_rice_S7.npz,91,8,1,S7,4.29856714428523
C8/clip_11157_rice_S7.npz,91,8,1,S7,4.26524491836054
C8/clip_11158_rice_S7.npz,91,8,1,S7,4.29856714428523
C8/clip_11159_rice_S7.npz,91,8,1,S7,4.29856714428523
C8/clip_11160_rice_S7.npz,91,8,1,S7,4.29856714428523
C8/clip_11161_rice_S7.npz,91,8,1,S7,4.29856714428523
C8/clip_11162_rice_S7.npz,91,8,1,S7,4.29856714428523
C8/clip_11163_rice_S7.npz,91,8,1,S7,4.26524491836054
C8/clip_11164_rice_S7.npz,91,8,1,S7,4.29856714428523
C8/clip_11165_rice_S7.npz,91,8,1,S7,4.29856714428523
C8/clip_11166_rice_S7.npz,91,8,1,S7,4.26524491836054
C8/clip_11167_rice_S7.npz,91,8,1,S7,4.26524491836054
C8/clip_11168_rice_S7.npz,91,8,1,S7,4.16611118517531
C8/clip_11169_rice_S7.npz,91,8,1,S7,4.13264455924012
C8/clip_11170_rice_S7.npz,91,8,1,S7,4.06598900183302
C8/clip_11171_rice_S7.npz,91,8,1,S7,4.23276896413811
C8/clip_11172_longanisa_S0.npz,92,8,1,S0,4.05
C8/clip_11173_longanisa_S0.npz,92,8,1,S0,4.05
C8/clip_11174_longanisa_S0.npz,92,8,1,S0,4.05
C8/clip_11175_longanisa_S0.npz,92,8,1,S0,4.05
C8/clip_11176_longanisa_S0.npz,92,8,0,S0,4.05
C8/clip_11177_longanisa_S1.npz,92,8,1,S1,4.05
C8/clip_11178_longanisa_S1.npz,92,8,1,S1,4.05
C8/clip_11179_longanisa_S1.npz,92,8,0,S1,4.05
C8/clip_11180_longanisa_S1.npz,92,8,0,S1,4.05
C8/clip_11181_longanisa_S1.npz,92,8,0,S1,4.05
C8/clip_11182_longanisa_S2.npz,92,8,0,S2,4.08333333333333
C8/clip_11183_longanisa_S2.npz,92,8,0,S2,4.08333333333333
C8/clip_11184_longanisa_S2.npz,92,8,0,S2,4.06666666666666
C8/clip_11185_longanisa_S2.npz,92,8,0,S2,4.06666666666666
C8/clip_11186_longanisa_S2.npz,92,8,0,S2,4.06666666666666
C8/clip_11187_longanisa_S3.npz,92,8,0,S3,4.05
C8/clip_11188_longanisa_S3.npz,92,8,0,S3,4.05
C8/clip_11189_longanisa_S3.npz,92,8,1,S3,4.05
C8/clip_11190_longanisa_S3.npz,92,8,1,S3,4.05
C8/clip_11191_longanisa_S3.npz,92,8,1,S3,4.05
C8/clip_11192_longanisa_S4.npz,92,8,0,S4,4.23262789535077
C8/clip_11193_longanisa_S4.npz,92,8,0,S4,4.13264455924012
C8/clip_11194_longanisa_S4.npz,92,8,0,S4,4.19105907397551
C8/clip_11195_longanisa_S4.npz,92,8,0,S4,4.19930011664722
C8/clip_11196_longanisa_S4.npz,92,8,1,S4,4.19930011664722
C8/clip_11197_longanisa_S4.npz,92,8,1,S4,4.26595567405432
C8/clip_11198_longanisa_S4.npz,92,8,0,S4,4.26595567405432
C8/clip_11199_longanisa_S4.npz,92,8,0,S4,4.33275563258232
C8/clip_11200_longanisa_S4.npz,92,8,0,S4,4.29928345275787
C8/clip_11201_longanisa_S4.npz,92,8,1,S4,4.26595567405432
C8/clip_11202_longanisa_S4.npz,92,8,0,S4,4.26595567405432
C8/clip_11203_longanisa_S4.npz,92,8,1,S4,4.96583902682886
C8/clip_11204_longanisa_S4.npz,92,8,1,S4,4.19930011664722
C8/clip_11205_longanisa_S4.npz,92,8,1,S4,4.19930011664722
C8/clip_11206_longanisa_S4.npz,92,8,1,S4,4.27450325596927
C8/clip_11207_longanisa_S4.npz,92,8,0,S4,4.33261123146142
C8/clip_11208_longanisa_S4.npz,92,8,0,S4,4.26595567405432
C8/clip_11209_longanisa_S4.npz,92,8,0,S4,3.99933344442592
C8/clip_11210_longanisa_S4.npz,92,8,0,S4,4.23262789535077
C8/clip_11211_longanisa_S4.npz,92,8,1,S4,4.23262789535077
C8/clip_11212_longanisa_S5.npz,92,8,0,S5,4.2791310072416
C8/clip_11213_longanisa_S5.npz,92,8,0,S5,4.2791310072416
C8/clip_11214_longanisa_S5.npz,92,8,0,S5,4.27903273957607
C8/clip_11215_longanisa_S5.npz,92,8,0,S5,4.312047399605
C8/clip_11216_longanisa_S5.npz,92,8,0,S5,4.2791310072416
C8/clip_11217_longanisa_S5.npz,92,8,0,S5,4.2791310072416
C8/clip_11218_longanisa_S5.npz,92,8,0,S5,4.27903273957607
C8/clip_11219_longanisa_S5.npz,92,8,0,S5,4.2791310072416
C8/clip_11220_longanisa_S5.npz,92,8,0,S5,4.2791310072416
C8/clip_11221_longanisa_S5.npz,92,8,0,S5,4.2791310072416
C8/clip_11222_longanisa_S5.npz,92,8,0,S5,4.2791310072416
C8/clip_11223_longanisa_S5.npz,92,8,0,S5,4.24614363907779
C8/clip_11224_longanisa_S5.npz,92,8,0,S5,4.27903273957607
C8/clip_11225_longanisa_S5.npz,92,8,0,S5,4.2791310072416
C8/clip_11226_longanisa_S5.npz,92,8,0,S5,4.312047399605
C8/clip_11227_longanisa_S5.npz,92,8,0,S5,4.2791310072416
C8/clip_11228_longanisa_S5.npz,92,8,0,S5,4.27903273957607
C8/clip_11229_longanisa_S5.npz,92,8,0,S5,4.2791310072416
C8/clip_11230_longanisa_S5.npz,92,8,0,S5,4.24621461487821
C8/clip_11231_longanisa_S5.npz,92,8,0,S5,4.2791310072416
C8/clip_11232_longanisa_S5.npz,92,8,0,S5,4.0994534062125
C8/clip_11233_longanisa_S5.npz,92,8,0,S5,4.19944007465671
C8/clip_11234_longanisa_S5.npz,92,8,0,S5,4.16597233794367
C8/clip_11235_longanisa_S5.npz,92,8,0,S5,4.06598900183302
C8/clip_11236_longanisa_S5.npz,92,8,0,S5,4.23262789535077
C8/clip_11237_longanisa_S5.npz,92,8,1,S5,4.06598900183302
C8/clip_11238_longanisa_S6.npz,92,8,1,S6,4.31191747653321
C8/clip_11239_longanisa_S6.npz,92,8,1,S6,4.2791310072416
C8/clip_11240_longanisa_S6.npz,92,8,1,S6,4.2791310072416
C8/clip_11241_longanisa_S6.npz,92,8,1,S6,4.2791310072416
C8/clip_11242_longanisa_S6.npz,92,8,1,S6,4.2791310072416
C8/clip_11243_longanisa_S6.npz,92,8,1,S6,4.2791310072416
C8/clip_11244_longanisa_S6.npz,92,8,1,S6,4.24621461487821
C8/clip_11245_longanisa_S6.npz,92,8,1,S6,4.2791310072416
C8/clip_11246_longanisa_S6.npz,92,8,1,S6,4.2791310072416
C8/clip_11247_longanisa_S6.npz,92,8,1,S6,4.2791310072416
C8/clip_11248_longanisa_S6.npz,92,8,1,S6,4.312047399605
C8/clip_11249_longanisa_S6.npz,92,8,1,S6,4.2791310072416
C8/clip_11250_longanisa_S6.npz,92,8,1,S6,4.2791310072416
C8/clip_11251_longanisa_S6.npz,92,8,1,S6,4.312047399605
C8/clip_11252_longanisa_S6.npz,92,8,1,S6,4.2791310072416
C8/clip_11253_longanisa_S6.npz,92,8,0,S6,4.2791310072416
C8/clip_11254_longanisa_S6.npz,92,8,0,S6,4.2791310072416
C8/clip_11255_longanisa_S6.npz,92,8,0,S6,4.312047399605
C8/clip_11256_longanisa_S6.npz,92,8,0,S6,4.2791310072416
C8/clip_11257_longanisa_S6.npz,92,8,1,S6,4.24621461487821
C8/clip_11258_longanisa_S6.npz,92,8,1,S6,4.16611118517531
C8/clip_11259_longanisa_S6.npz,92,8,1,S6,4.29928345275787
C8/clip_11260_longanisa_S6.npz,92,8,1,S6,4.03279562724969
C8/clip_11261_longanisa_S6.npz,92,8,0,S6,4.19930011664722
C8/clip_11262_longanisa_S6.npz,92,8,1,S6,3.96600566572238
C8/clip_11263_longanisa_S7.npz,92,8,1,S7,4.29856714428523
C8/clip_11264_longanisa_S7.npz,92,8,1,S7,4.26524491836054
C8/clip_11265_longanisa_S7.npz,92,8,1,S7,4.26524491836054
C8/clip_11266_longanisa_S7.npz,92,8,1,S7,4.29856714428523
C8/clip_11267_longanisa_S7.npz,92,8,1,S7,4.26524491836054
C8/clip_11268_longanisa_S7.npz,92,8,1,S7,4.29856714428523
C8/clip_11269_longanisa_S7.npz,92,8,1,S7,4.29856714428523
C8/clip_11270_longanisa_S7.npz,92,8,1,S7,4.26524491836054
C8/clip_11271_longanisa_S7.npz,92,8,1,S7,4.29856714428523
C8/clip_11272_longanisa_S7.npz,92,8,1,S7,4.29856714428523
C8/clip_11273_longanisa_S7.npz,92,8,0,S7,4.26524491836054
C8/clip_11274_longanisa_S7.npz,92,8,1,S7,4.29856714428523
C8/clip_11275_longanisa_S7.npz,92,8,1,S7,4.26524491836054
C8/clip_11276_longanisa_S7.npz,92,8,1,S7,4.26524491836054
C8/clip_11277_longanisa_S7.npz,92,8,1,S7,4.29856714428523
C8/clip_11278_longanisa_S7.npz,92,8,1,S7,4.29856714428523
C8/clip_11279_longanisa_S7.npz,92,8,0,S7,4.26524491836054
C8/clip_11280_longanisa_S7.npz,92,8,1,S7,4.26524491836054
C8/clip_11281_longanisa_S7.npz,92,8,1,S7,4.26524491836054
C8/clip_11282_longanisa_S7.npz,92,8,0,S7,4.26524491836054
C8/clip_11283_longanisa_S7.npz,92,8,1,S7,4.19930011664722
C8/clip_11284_longanisa_S7.npz,92,8,1,S7,4.06598900183302
C8/clip_11285_longanisa_S7.npz,92,8,0,S7,4.0661245167311
C8/clip_11286_longanisa_S7.npz,92,8,0,S7,4.23276896413811
C8/clip_11287_longanisa_S7.npz,92,8,0,S7,4.16611118517531
C8/clip_11288_shrimp_S0.npz,93,8,1,S0,4.05
C8/clip_11289_shrimp_S0.npz,93,8,1,S0,4.05
C8/clip_11290_shrimp_S0.npz,93,8,1,S0,4.05
C8/clip_11291_shrimp_S0.npz,93,8,1,S0,4.05
C8/clip_11292_shrimp_S0.npz,93,8,1,S0,4.05
C8/clip_11293_shrimp_S1.npz,93,8,1,S1,4.05
C8/clip_11294_shrimp_S1.npz,93,8,1,S1,4.05
C8/clip_11295_shrimp_S1.npz,93,8,1,S1,4.05
C8/clip_11296_shrimp_S1.npz,93,8,1,S1,4.05
C8/clip_11297_shrimp_S1.npz,93,8,1,S1,4.05
C8/clip_11298_shrimp_S2.npz,93,8,0,S2,4.05
C8/clip_11299_shrimp_S2.npz,93,8,0,S2,4.05
C8/clip_11300_shrimp_S2.npz,93,8,0,S2,4.05
C8/clip_11301_shrimp_S2.npz,93,8,0,S2,4.05
C8/clip_11302_shrimp_S2.npz,93,8,1,S2,4.05
C8/clip_11303_shrimp_S3.npz,93,8,1,S3,4.03333333333333
C8/clip_11304_shrimp_S3.npz,93,8,1,S3,4.03333333333333
C8/clip_11305_shrimp_S3.npz,93,8,1,S3,4.03333333333333
C8/clip_11306_shrimp_S3.npz,93,8,1,S3,4.03333333333333
C8/clip_11307_shrimp_S3.npz,93,8,1,S3,4.03333333333333
C8/clip_11308_shrimp_S4.npz,93,8,1,S4,4.16597233794367
C8/clip_11309_shrimp_S4.npz,93,8,1,S4,4.26609785361951
C8/clip_11310_shrimp_S4.npz,93,8,1,S4,4.26609785361951
C8/clip_11311_shrimp_S4.npz,93,8,1,S4,4.33261123146142
C8/clip_11312_shrimp_S4.npz,93,8,1,S4,4.23262789535077
C8/clip_11313_shrimp_S4.npz,93,8,1,S4,4.26609785361951
C8/clip_11314_shrimp_S4.npz,93,8,1,S4,4.29928345275787
C8/clip_11315_shrimp_S4.npz,93,8,1,S4,4.29928345275787
C8/clip_11316_shrimp_S4.npz,93,8,1,S4,4.23262789535077
C8/clip_11317_shrimp_S4.npz,93,8,1,S4,4.16597233794367
C8/clip_11318_shrimp_S4.npz,93,8,1,S4,4.26609785361951
C8/clip_11319_shrimp_S4.npz,93,8,1,S4,4.29928345275787
C8/clip_11320_shrimp_S4.npz,93,8,1,S4,4.29928345275787
C8/clip_11321_shrimp_S4.npz,93,8,1,S4,4.26595567405432
C8/clip_11322_shrimp_S4.npz,93,8,1,S4,4.09931678053657
C8/clip_11323_shrimp_S4.npz,93,8,1,S4,4.23276896413811
C8/clip_11324_shrimp_S4.npz,93,8,1,S4,4.13264455924012
C8/clip_11325_shrimp_S4.npz,93,8,1,S4,4.16611118517531
C8/clip_11326_shrimp_S4.npz,93,8,1,S4,4.19944007465671
C8/clip_11327_shrimp_S4.npz,93,8,1,S4,4.26609785361951
C8/clip_11328_shrimp_S5.npz,93,8,0,S5,4.2791310072416
C8/clip_11329_shrimp_S5.npz,93,8,0,S5,4.2791310072416
C8/clip_11330_shrimp_S5.npz,93,8,0,S5,4.27903273957607
C8/clip_11331_shrimp_S5.npz,93,8,1,S5,4.2791310072416
C8/clip_11332_shrimp_S5.npz,93,8,1,S5,4.27903273957607
C8/clip_11333_shrimp_S5.npz,93,8,0,S5,4.312047399605
C8/clip_11334_shrimp_S5.npz,93,8,1,S5,4.2791310072416
C8/clip_11335_shrimp_S5.npz,93,8,0,S5,4.27903273957607
C8/clip_11336_shrimp_S5.npz,93,8,0,S5,4.312047399605
C8/clip_11337_shrimp_S5.npz,93,8,0,S5,4.2791310072416
C8/clip_11338_shrimp_S5.npz,93,8,0,S5,4.2791310072416
C8/clip_11339_shrimp_S5.npz,93,8,0,S5,4.24614363907779
C8/clip_11340_shrimp_S5.npz,93,8,0,S5,4.27907598702905
C8/clip_11341_shrimp_S5.npz,93,8,0,S5,4.2791310072416
C8/clip_11342_shrimp_S5.npz,93,8,1,S5,4.27907598702905
C8/clip_11343_shrimp_S5.npz,93,8,1,S5,4.2791310072416
C8/clip_11344_shrimp_S5.npz,93,8,1,S5,4.27903273957607
C8/clip_11345_shrimp_S5.npz,93,8,0,S5,4.2791310072416
C8/clip_11346_shrimp_S5.npz,93,8,0,S5,4.2791310072416
C8/clip_11347_shrimp_S5.npz,93,8,0,S5,4.2791310072416
C8/clip_11348_shrimp_S5.npz,93,8,1,S5,4.19930011664722
C8/clip_11349_shrimp_S5.npz,93,8,1,S5,4.09931678053657
C8/clip_11350_shrimp_S5.npz,93,8,1,S5,3.89935010831528
C8/clip_11351_shrimp_S5.npz,93,8,1,S5,4.36593901016497
C8/clip_11352_shrimp_S6.npz,93,8,1,S6,4.312047399605
C8/clip_11353_shrimp_S6.npz,93,8,1,S6,4.27903273957607
C8/clip_11354_shrimp_S6.npz,93,8,1,S6,4.2791310072416
C8/clip_11355_shrimp_S6.npz,93,8,1,S6,4.2791310072416
C8/clip_11356_shrimp_S6.npz,93,8,1,S6,4.312047399605
C8/clip_11357_shrimp_S6.npz,93,8,1,S6,4.2791310072416
C8/clip_11358_shrimp_S6.npz,93,8,1,S6,4.2791310072416
C8/clip_11359_shrimp_S6.npz,93,8,1,S6,4.2791310072416
C8/clip_11360_shrimp_S6.npz,93,8,1,S6,4.2791310072416
C8/clip_11361_shrimp_S6.npz,93,8,1,S6,4.312047399605
C8/clip_11362_shrimp_S6.npz,93,8,1,S6,4.2791310072416
C8/clip_11363_shrimp_S6.npz,93,8,1,S6,4.2791310072416
C8/clip_11364_shrimp_S6.npz,93,8,1,S6,4.2791310072416
C8/clip_11365_shrimp_S6.npz,93,8,1,S6,4.312047399605
C8/clip_11366_shrimp_S6.npz,93,8,1,S6,4.24621461487821
C8/clip_11367_shrimp_S6.npz,93,8,1,S6,4.2791310072416
C8/clip_11368_shrimp_S6.npz,93,8,1,S6,4.2791310072416
C8/clip_11369_shrimp_S6.npz,93,8,1,S6,4.24621461487821
C8/clip_11370_shrimp_S6.npz,93,8,1,S6,4.2791310072416
C8/clip_11371_shrimp_S6.npz,93,8,1,S6,4.2791310072416
C8/clip_11372_shrimp_S6.npz,93,8,1,S6,4.19930011664722
C8/clip_11373_shrimp_S6.npz,93,8,0,S6,4.19944007465671
C8/clip_11374_shrimp_S6.npz,93,8,0,S6,4.23276896413811
C8/clip_11375_shrimp_S6.npz,93,8,0,S6,4.29942674310092
C8/clip_11376_shrimp_S6.npz,93,8,0,S6,4.23276896413811
C8/clip_11377_shrimp_S7.npz,93,8,1,S7,4.29856714428523
C8/clip_11378_shrimp_S7.npz,93,8,1,S7,4.29856714428523
C8/clip_11379_shrimp_S7.npz,93,8,1,S7,4.29856714428523
C8/clip_11380_shrimp_S7.npz,93,8,1,S7,4.26524491836054
C8/clip_11381_shrimp_S7.npz,93,8,1,S7,4.26524491836054
C8/clip_11382_shrimp_S7.npz,93,8,1,S7,4.29856714428523
C8/clip_11383_shrimp_S7.npz,93,8,0,S7,4.26524491836054
C8/clip_11384_shrimp_S7.npz,93,8,1,S7,4.29856714428523
C8/clip_11385_shrimp_S7.npz,93,8,1,S7,4.29856714428523
C8/clip_11386_shrimp_S7.npz,93,8,1,S7,4.26524491836054
C8/clip_11387_shrimp_S7.npz,93,8,1,S7,4.26524491836054
C8/clip_11388_shrimp_S7.npz,93,8,1,S7,4.26524491836054
C8/clip_11389_shrimp_S7.npz,93,8,0,S7,4.26524491836054
C8/clip_11390_shrimp_S7.npz,93,8,1,S7,4.29856714428523
C8/clip_11391_shrimp_S7.npz,93,8,1,S7,4.26524491836054
C8/clip_11392_shrimp_S7.npz,93,8,1,S7,4.29856714428523
C8/clip_11393_shrimp_S7.npz,93,8,1,S7,4.29856714428523
C8/clip_11394_shrimp_S7.npz,93,8,1,S7,4.26524491836054
C8/clip_11395_shrimp_S7.npz,93,8,1,S7,4.29856714428523
C8/clip_11396_shrimp_S7.npz,93,8,1,S7,4.29856714428523
C8/clip_11397_shrimp_S7.npz,93,8,1,S7,4.19930011664722
C8/clip_11398_shrimp_S7.npz,93,8,1,S7,4.26609785361951
C8/clip_11399_shrimp_S7.npz,93,8,1,S7,4.19930011664722
C8/clip_11400_shrimp_S7.npz,93,8,1,S7,4.16597233794367
C8/clip_11401_shrimp_S7.npz,93,8,1,S7,4.1662500416625
C8/clip_11402_shrimp_S7.npz,93,8,1,S7,4.1662500416625
C8/clip_11403_crab_S0.npz,94,8,0,S0,4.05
C8/clip_11404_crab_S0.npz,94,8,0,S0,4.05
C8/clip_11405_crab_S0.npz,94,8,0,S0,4.05
C8/clip_11406_crab_S0.npz,94,8,0,S0,4.05
C8/clip_11407_crab_S0.npz,94,8,0,S0,4.05
C8/clip_11408_crab_S1.npz,94,8,0,S1,4.05
C8/clip_11409_crab_S1.npz,94,8,0,S1,4.05
C8/clip_11410_crab_S1.npz,94,8,0,S1,4.05
C8/clip_11411_crab_S1.npz,94,8,0,S1,4.05
C8/clip_11412_crab_S1.npz,94,8,0,S1,4.05
C8/clip_11413_crab_S2.npz,94,8,0,S2,4.05
C8/clip_11414_crab_S2.npz,94,8,0,S2,4.05
C8/clip_11415_crab_S2.npz,94,8,0,S2,4.05
C8/clip_11416_crab_S2.npz,94,8,0,S2,4.05
C8/clip_11417_crab_S2.npz,94,8,0,S2,4.05
C8/clip_11418_crab_S3.npz,94,8,0,S3,4.03333333333333
C8/clip_11419_crab_S3.npz,94,8,0,S3,4.03333333333333
C8/clip_11420_crab_S3.npz,94,8,1,S3,4.03333333333333
C8/clip_11421_crab_S3.npz,94,8,0,S3,4.03333333333333
C8/clip_11422_crab_S3.npz,94,8,0,S3,4.03333333333333
C8/clip_11423_crab_S4.npz,94,8,0,S4,4.23262789535077
C8/clip_11424_crab_S4.npz,94,8,1,S4,4.39926678886852
C8/clip_11425_crab_S4.npz,94,8,1,S4,4.13264455924012
C8/clip_11426_crab_S4.npz,94,8,1,S4,4.332900043329
C8/clip_11427_crab_S4.npz,94,8,1,S4,4.23262789535077
C8/clip_11428_crab_S4.npz,94,8,1,S4,4.23262789535077
C8/clip_11429_crab_S4.npz,94,8,1,S4,4.23262789535077
C8/clip_11430_crab_S4.npz,94,8,0,S4,4.25744220854814
C8/clip_11431_crab_S4.npz,94,8,0,S4,4.16597233794367
C8/clip_11432_crab_S4.npz,94,8,1,S4,4.14092502922023
C8/clip_11433_crab_S4.npz,94,8,1,S4,4.26595567405432
C8/clip_11434_crab_S4.npz,94,8,1,S4,4.26609785361951
C8/clip_11435_crab_S4.npz,94,8,1,S4,4.26595567405432
C8/clip_11436_crab_S4.npz,94,8,1,S4,4.43259456757207
C8/clip_11437_crab_S4.npz,94,8,0,S4,4.23248683596614
C8/clip_11438_crab_S4.npz,94,8,1,S4,4.16597233794367
C8/clip_11439_crab_S4.npz,94,8,1,S4,4.49925012497917
C8/clip_11440_crab_S4.npz,94,8,1,S4,4.29928345275787
C8/clip_11441_crab_S4.npz,94,8,1,S4,4.19944007465671
C8/clip_11442_crab_S4.npz,94,8,1,S4,4.46592234627562
C8/clip_11443_crab_S5.npz,94,8,0,S5,4.2791310072416
C8/clip_11444_crab_S5.npz,94,8,0,S5,4.2791310072416
C8/clip_11445_crab_S5.npz,94,8,0,S5,4.24621461487821
C8/clip_11446_crab_S5.npz,94,8,0,S5,4.2791310072416
C8/clip_11447_crab_S5.npz,94,8,0,S5,4.2791310072416
C8/clip_11448_crab_S5.npz,94,8,0,S5,4.2791310072416
C8/clip_11449_crab_S5.npz,94,8,0,S5,4.27903273957607
C8/clip_11450_crab_S5.npz,94,8,0,S5,4.2791310072416
C8/clip_11451_crab_S5.npz,94,8,0,S5,4.24621461487821
C8/clip_11452_crab_S5.npz,94,8,0,S5,4.312047399605
C8/clip_11453_crab_S5.npz,94,8,0,S5,4.2791310072416
C8/clip_11454_crab_S5.npz,94,8,0,S5,4.2791310072416
C8/clip_11455_crab_S5.npz,94,8,0,S5,4.312047399605
C8/clip_11456_crab_S5.npz,94,8,0,S5,4.2791310072416
C8/clip_11457_crab_S5.npz,94,8,0,S5,4.2791310072416
C8/clip_11458_crab_S5.npz,94,8,0,S5,4.24621461487821
C8/clip_11459_crab_S5.npz,94,8,0,S5,4.24621461487821
C8/clip_11460_crab_S5.npz,94,8,0,S5,4.2791310072416
C8/clip_11461_crab_S5.npz,94,8,0,S5,4.2791310072416
C8/clip_11462_crab_S5.npz,94,8,0,S5,4.2791310072416
C8/clip_11463_crab_S5.npz,94,8,0,S5,4.23262789535077
C8/clip_11464_crab_S5.npz,94,8,0,S5,4.23262789535077
C8/clip_11465_crab_S5.npz,94,8,0,S5,3.96600566572238
C8/clip_11466_crab_S5.npz,94,8,0,S5,4.19930011664722
C8/clip_11467_crab_S5.npz,94,8,0,S5,4.23262789535077
C8/clip_11468_crab_S5.npz,94,8,0,S5,4.26595567405432
C8/clip_11469_crab_S5.npz,94,8,0,S5,4.29928345275787
C8/clip_11470_crab_S5.npz,94,8,0,S5,4.09931678053657
C8/clip_11471_crab_S6.npz,94,8,0,S6,4.312047399605
C8/clip_11472_crab_S6.npz,94,8,0,S6,4.2791310072416
C8/clip_11473_crab_S6.npz,94,8,0,S6,4.2791310072416
C8/clip_11474_crab_S6.npz,94,8,0,S6,4.2791310072416
C8/clip_11475_crab_S6.npz,94,8,0,S6,4.2791310072416
C8/clip_11476_crab_S6.npz,94,8,0,S6,4.2791310072416
C8/clip_11477_crab_S6.npz,94,8,0,S6,4.2791310072416
C8/clip_11478_crab_S6.npz,94,8,0,S6,4.2791310072416
C8/clip_11479_crab_S6.npz,94,8,0,S6,4.2791310072416
C8/clip_11480_crab_S6.npz,94,8,0,S6,4.2791310072416
C8/clip_11481_crab_S6.npz,94,8,0,S6,4.2791310072416
C8/clip_11482_crab_S6.npz,94,8,0,S6,4.24621461487821
C8/clip_11483_crab_S6.npz,94,8,0,S6,4.2791310072416
C8/clip_11484_crab_S6.npz,94,8,0,S6,4.2791310072416
C8/clip_11485_crab_S6.npz,94,8,0,S6,4.2791310072416
C8/clip_11486_crab_S6.npz,94,8,0,S6,4.24621461487821
C8/clip_11487_crab_S6.npz,94,8,0,S6,4.2791310072416
C8/clip_11488_crab_S6.npz,94,8,0,S6,4.2791310072416
C8/clip_11489_crab_S6.npz,94,8,0,S6,4.2791310072416
C8/clip_11490_crab_S6.npz,94,8,0,S6,4.2791310072416
C8/clip_11491_crab_S6.npz,94,8,0,S6,5.92495062541145
C8/clip_11492_crab_S6.npz,94,8,0,S6,3.98288347597103
C8/clip_11493_crab_S6.npz,94,8,0,S6,4.1327822956939
C8/clip_11494_crab_S6.npz,94,8,0,S6,4.06598900183302
C8/clip_11495_crab_S6.npz,94,8,0,S6,4.23276896413811
C8/clip_11496_crab_S6.npz,94,8,0,S6,4.13264455924012
C8/clip_11497_crab_S6.npz,94,8,0,S6,4.09931678053657
C8/clip_11498_crab_S7.npz,94,8,0,S7,4.29856714428523
C8/clip_11499_crab_S7.npz,94,8,0,S7,4.29856714428523
C8/clip_11500_crab_S7.npz,94,8,0,S7,4.29856714428523
C8/clip_11501_crab_S7.npz,94,8,0,S7,4.26524491836054
C8/clip_11502_crab_S7.npz,94,8,0,S7,4.29856714428523
C8/clip_11503_crab_S7.npz,94,8,0,S7,4.29856714428523
C8/clip_11504_crab_S7.npz,94,8,0,S7,4.29856714428523
C8/clip_11505_crab_S7.npz,94,8,0,S7,4.26524491836054
C8/clip_11506_crab_S7.npz,94,8,0,S7,4.26524491836054
C8/clip_11507_crab_S7.npz,94,8,0,S7,4.29856714428523
C8/clip_11508_crab_S7.npz,94,8,0,S7,4.26524491836054
C8/clip_11509_crab_S7.npz,94,8,0,S7,4.26524491836054
C8/clip_11510_crab_S7.npz,94,8,0,S7,4.29856714428523
C8/clip_11511_crab_S7.npz,94,8,0,S7,4.26524491836054
C8/clip_11512_crab_S7.npz,94,8,0,S7,4.26524491836054
C8/clip_11513_crab_S7.npz,94,8,0,S7,4.29856714428523
C8/clip_11514_crab_S7.npz,94,8,0,S7,4.29856714428523
C8/clip_11515_crab_S7.npz,94,8,0,S7,4.29856714428523
C8/clip_11516_crab_S7.npz,94,8,0,S7,4.26524491836054
C8/clip_11517_crab_S7.npz,94,8,0,S7,4.29856714428523
C8/clip_11518_crab_S7.npz,94,8,0,S7,3.99933344442592
C8/clip_11519_crab_S7.npz,94,8,0,S7,4.26595567405432
C8/clip_11520_crab_S7.npz,94,8,0,S7,4.23262789535077
C8/clip_11521_crab_S7.npz,94,8,0,S7,4.16597233794367
C8/clip_11522_crab_S7.npz,94,8,0,S7,4.06598900183302
C9/clip_11523_tea_S0.npz,100,9,1,S0,4.06666666666666
C9/clip_11524_tea_S0.npz,100,9,1,S0,4.06666666666666
C9/clip_11525_tea_S0.npz,100,9,1,S0,4.06666666666666
C9/clip_11526_tea_S0.npz,100,9,1,S0,4.06666666666666
C9/clip_11527_tea_S0.npz,100,9,1,S0,4.06666666666666
C9/clip_11528_tea_S1.npz,100,9,1,S1,4.06666666666666
C9/clip_11529_tea_S1.npz,100,9,1,S1,4.06666666666666
C9/clip_11530_tea_S1.npz,100,9,1,S1,4.06666666666666
C9/clip_11531_tea_S1.npz,100,9,1,S1,4.06666666666666
C9/clip_11532_tea_S1.npz,100,9,1,S1,4.06666666666666
C9/clip_11533_tea_S2.npz,100,9,1,S2,4.06666666666666
C9/clip_11534_tea_S2.npz,100,9,1,S2,4.06666666666666
C9/clip_11535_tea_S2.npz,100,9,1,S2,4.06666666666666
C9/clip_11536_tea_S2.npz,100,9,1,S2,4.06666666666666
C9/clip_11537_tea_S2.npz,100,9,1,S2,4.06666666666666
C9/clip_11538_tea_S3.npz,100,9,1,S3,4.06666666666666
C9/clip_11539_tea_S3.npz,100,9,1,S3,4.06666666666666
C9/clip_11540_tea_S3.npz,100,9,1,S3,4.06666666666666
C9/clip_11541_tea_S3.npz,100,9,1,S3,4.06666666666666
C9/clip_11542_tea_S3.npz,100,9,1,S3,4.06666666666666
C9/clip_11543_tea_S4.npz,100,9,1,S4,4.29942674310092
C9/clip_11544_tea_S4.npz,100,9,1,S4,4.49925012497917
C9/clip_11545_tea_S4.npz,100,9,1,S4,4.56590568238626
C9/clip_11546_tea_S4.npz,100,9,1,S4,5.09915014164306
C9/clip_11547_tea_S4.npz,100,9,1,S4,3.59940009998333
C9/clip_11548_tea_S4.npz,100,9,1,S4,4.29928345275787
C9/clip_11549_tea_S4.npz,100,9,1,S4,4.29928345275787
C9/clip_11550_tea_S4.npz,100,9,1,S4,4.1995800419958
C9/clip_11551_tea_S4.npz,100,9,1,S4,4.43259456757207
C9/clip_11552_tea_S4.npz,100,9,1,S4,4.19930011664722
C9/clip_11553_tea_S4.npz,100,9,1,S4,4.39926678886852
C9/clip_11554_tea_S4.npz,100,9,1,S4,4.43259456757207
C9/clip_11555_tea_S4.npz,100,9,1,S4,4.26609785361951
C9/clip_11556_tea_S4.npz,100,9,1,S4,4.36593901016497
C9/clip_11557_tea_S4.npz,100,9,1,S4,4.33275563258232
C9/clip_11558_tea_S4.npz,100,9,1,S4,4.39926678886852
C9/clip_11559_tea_S4.npz,100,9,1,S4,4.19930011664722
C9/clip_11560_tea_S4.npz,100,9,1,S4,4.29928345275787
C9/clip_11561_tea_S4.npz,100,9,1,S4,4.13264455924012
C9/clip_11562_tea_S4.npz,100,9,1,S4,4.39926678886852
C9/clip_11563_tea_S4.npz,100,9,1,S4,4.26595567405432
C9/clip_11564_tea_S4.npz,100,9,1,S4,4.19930011664722
C9/clip_11565_tea_S4.npz,100,9,1,S4,4.26595567405432
C9/clip_11566_tea_S4.npz,100,9,1,S4,4.26595567405432
C9/clip_11567_tea_S4.npz,100,9,1,S4,4.29928345275787
C9/clip_11568_tea_S4.npz,100,9,1,S4,4.33261123146142
C9/clip_11569_tea_S5.npz,100,9,1,S5,4.27903273957607
C9/clip_11570_tea_S5.npz,100,9,1,S5,4.312047399605
C9/clip_11571_tea_S5.npz,100,9,1,S5,4.27903273957607
C9/clip_11572_tea_S5.npz,100,9,1,S5,4.2791310072416
C9/clip_11573_tea_S5.npz,100,9,1,S5,4.2791310072416
C9/clip_11574_tea_S5.npz,100,9,1,S5,4.2791310072416
C9/clip_11575_tea_S5.npz,100,9,1,S5,4.31191747653321
C9/clip_11576_tea_S5.npz,100,9,1,S5,4.2791310072416
C9/clip_11577_tea_S5.npz,100,9,1,S5,4.24621461487821
C9/clip_11578_tea_S5.npz,100,9,1,S5,4.2791310072416
C9/clip_11579_tea_S5.npz,100,9,1,S5,4.27897574123989
C9/clip_11580_tea_S5.npz,100,9,1,S5,4.24607154797726
C9/clip_11581_tea_S5.npz,100,9,1,S5,4.2791310072416
C9/clip_11582_tea_S5.npz,100,9,1,S5,4.24621461487821
C9/clip_11583_tea_S5.npz,100,9,1,S5,4.2791310072416
C9/clip_11584_tea_S5.npz,100,9,1,S5,4.27903273957607
C9/clip_11585_tea_S5.npz,100,9,1,S5,4.27896062666068
C9/clip_11586_tea_S5.npz,100,9,1,S5,4.312047399605
C9/clip_11587_tea_S5.npz,100,9,1,S5,4.2791310072416
C9/clip_11588_tea_S5.npz,100,9,1,S5,4.2791310072416
C9/clip_11589_tea_S5.npz,100,9,1,S5,4.2991401719656
C9/clip_11590_tea_S5.npz,100,9,1,S5,4.09931678053657
C9/clip_11591_tea_S5.npz,100,9,1,S5,4.1662500416625
C9/clip_11592_tea_S5.npz,100,9,1,S5,4.13264455924012
C9/clip_11593_tea_S5.npz,100,9,1,S5,4.23262789535077
C9/clip_11594_tea_S5.npz,100,9,1,S5,4.13264455924012
C9/clip_11595_tea_S6.npz,100,9,1,S6,4.312047399605
C9/clip_11596_tea_S6.npz,100,9,1,S6,4.2791310072416
C9/clip_11597_tea_S6.npz,100,9,1,S6,4.2791310072416
C9/clip_11598_tea_S6.npz,100,9,1,S6,4.2791310072416
C9/clip_11599_tea_S6.npz,100,9,1,S6,4.2791310072416
C9/clip_11600_tea_S6.npz,100,9,1,S6,4.2791310072416
C9/clip_11601_tea_S6.npz,100,9,1,S6,4.2791310072416
C9/clip_11602_tea_S6.npz,100,9,1,S6,4.24621461487821
C9/clip_11603_tea_S6.npz,100,9,1,S6,4.312047399605
C9/clip_11604_tea_S6.npz,100,9,1,S6,4.2791310072416
C9/clip_11605_tea_S6.npz,100,9,1,S6,4.2791310072416
C9/clip_11606_tea_S6.npz,100,9,1,S6,4.312047399605
C9/clip_11607_tea_S6.npz,100,9,1,S6,4.2791310072416
C9/clip_11608_tea_S6.npz,100,9,1,S6,4.2791310072416
C9/clip_11609_tea_S6.npz,100,9,1,S6,4.24614363907779
C9/clip_11610_tea_S6.npz,100,9,1,S6,4.24621461487821
C9/clip_11611_tea_S6.npz,100,9,1,S6,4.2791310072416
C9/clip_11612_tea_S6.npz,100,9,1,S6,4.24621461487821
C9/clip_11613_tea_S6.npz,100,9,1,S6,4.2791310072416
C9/clip_11614_tea_S6.npz,100,9,1,S6,4.24621461487821
C9/clip_11615_tea_S6.npz,100,9,1,S6,4.13264455924012
C9/clip_11616_tea_S6.npz,100,9,1,S6,4.23276896413811
C9/clip_11617_tea_S6.npz,100,9,1,S6,4.03266122312947
C9/clip_11618_tea_S6.npz,100,9,1,S6,4.26595567405432
C9/clip_11619_tea_S6.npz,100,9,1,S6,3.89935010831528
C9/clip_11620_tea_S7.npz,100,9,1,S7,4.29856714428523
C9/clip_11621_tea_S7.npz,100,9,1,S7,4.29856714428523
C9/clip_11622_tea_S7.npz,100,9,1,S7,4.26524491836054
C9/clip_11623_tea_S7.npz,100,9,1,S7,4.26524491836054
C9/clip_11624_tea_S7.npz,100,9,1,S7,4.26524491836054
C9/clip_11625_tea_S7.npz,100,9,0,S7,4.29856714428523
C9/clip_11626_tea_S7.npz,100,9,1,S7,4.26524491836054
C9/clip_11627_tea_S7.npz,100,9,1,S7,4.26524491836054
C9/clip_11628_tea_S7.npz,100,9,1,S7,4.26524491836054
C9/clip_11629_tea_S7.npz,100,9,1,S7,4.26524491836054
C9/clip_11630_tea_S7.npz,100,9,1,S7,4.29856714428523
C9/clip_11631_tea_S7.npz,100,9,1,S7,4.29856714428523
C9/clip_11632_tea_S7.npz,100,9,1,S7,4.29856714428523
C9/clip_11633_tea_S7.npz,100,9,1,S7,4.26524491836054
C9/clip_11634_tea_S7.npz,100,9,1,S7,4.26524491836054
C9/clip_11635_tea_S7.npz,100,9,1,S7,4.23192269243585
C9/clip_11636_tea_S7.npz,100,9,1,S7,4.29856714428523
C9/clip_11637_tea_S7.npz,100,9,1,S7,4.29856714428523
C9/clip_11638_tea_S7.npz,100,9,1,S7,4.26524491836054
C9/clip_11639_tea_S7.npz,100,9,1,S7,4.26524491836054
C9/clip_11640_tea_S7.npz,100,9,1,S7,4.13264455924012
C9/clip_11641_tea_S7.npz,100,9,1,S7,4.26595567405432
C9/clip_11642_tea_S7.npz,100,9,1,S7,4.36579350796507
C9/clip_11643_tea_S7.npz,100,9,1,S7,4.0994534062125
C9/clip_11644_tea_S7.npz,100,9,1,S7,4.09931678053657
C9/clip_11645_beer_S0.npz,101,9,1,S0,4.05
C9/clip_11646_beer_S0.npz,101,9,1,S0,4.05
C9/clip_11647_beer_S0.npz,101,9,1,S0,4.05
C9/clip_11648_beer_S0.npz,101,9,1,S0,4.05
C9/clip_11649_beer_S0.npz,101,9,1,S0,4.05
C9/clip_11650_beer_S1.npz,101,9,1,S1,4.05
C9/clip_11651_beer_S1.npz,101,9,1,S1,4.05
C9/clip_11652_beer_S1.npz,101,9,1,S1,4.05
C9/clip_11653_beer_S1.npz,101,9,1,S1,4.05
C9/clip_11654_beer_S1.npz,101,9,1,S1,4.05
C9/clip_11655_beer_S2.npz,101,9,1,S2,4.05
C9/clip_11656_beer_S2.npz,101,9,1,S2,4.05
C9/clip_11657_beer_S2.npz,101,9,1,S2,4.05
C9/clip_11658_beer_S2.npz,101,9,1,S2,4.05
C9/clip_11659_beer_S2.npz,101,9,1,S2,4.05
C9/clip_11660_beer_S3.npz,101,9,1,S3,4.06666666666666
C9/clip_11661_beer_S3.npz,101,9,1,S3,4.06666666666666
C9/clip_11662_beer_S3.npz,101,9,1,S3,4.05
C9/clip_11663_beer_S3.npz,101,9,1,S3,4.05
C9/clip_11664_beer_S3.npz,101,9,1,S3,4.05
C9/clip_11665_beer_S4.npz,101,9,1,S4,4.33261123146142
C9/clip_11666_beer_S4.npz,101,9,1,S4,4.36593901016497
C9/clip_11667_beer_S4.npz,101,9,1,S4,4.86601786428476
C9/clip_11668_beer_S4.npz,101,9,1,S4,4.46607119050793
C9/clip_11669_beer_S4.npz,101,9,1,S4,4.29942674310092
C9/clip_11670_beer_S4.npz,101,9,1,S4,4.83252791201466
C9/clip_11671_beer_S4.npz,101,9,1,S4,4.1662500416625
C9/clip_11672_beer_S4.npz,101,9,1,S4,4.29942674310092
C9/clip_11673_beer_S4.npz,101,9,1,S4,4.29942674310092
C9/clip_11674_beer_S4.npz,101,9,1,S4,4.33261123146142
C9/clip_11675_beer_S4.npz,101,9,1,S4,4.43259456757207
C9/clip_11676_beer_S4.npz,101,9,1,S4,4.63256123979336
C9/clip_11677_beer_S4.npz,101,9,1,S4,4.29928345275787
C9/clip_11678_beer_S4.npz,101,9,1,S4,4.26609785361951
C9/clip_11679_beer_S4.npz,101,9,1,S4,4.26581350396587
C9/clip_11680_beer_S4.npz,101,9,1,S4,4.33261123146142
C9/clip_11681_beer_S4.npz,101,9,1,S4,4.23262789535077
C9/clip_11682_beer_S4.npz,101,9,1,S4,4.29942674310092
C9/clip_11683_beer_S4.npz,101,9,1,S4,4.26581350396587
C9/clip_11684_beer_S4.npz,101,9,1,S4,4.1327822956939
C9/clip_11685_beer_S4.npz,101,9,1,S4,4.33261123146142
C9/clip_11686_beer_S4.npz,101,9,1,S4,4.23276896413811
C9/clip_11687_beer_S4.npz,101,9,1,S4,4.33261123146142
C9/clip_11688_beer_S4.npz,101,9,1,S4,4.1991601679664
C9/clip_11689_beer_S4.npz,101,9,1,S4,4.29928345275787
C9/clip_11690_beer_S4.npz,101,9,1,S4,4.39926678886852
C9/clip_11691_beer_S5.npz,101,9,1,S5,4.27903273957607
C9/clip_11692_beer_S5.npz,101,9,1,S5,4.2791310072416
C9/clip_11693_beer_S5.npz,101,9,1,S5,4.27903273957607
C9/clip_11694_beer_S5.npz,101,9,1,S5,4.31192967209278
C9/clip_11695_beer_S5.npz,101,9,1,S5,4.27907598702905
C9/clip_11696_beer_S5.npz,101,9,1,S5,4.24621461487821
C9/clip_11697_beer_S5.npz,101,9,1,S5,4.27897574123989
C9/clip_11698_beer_S5.npz,101,9,1,S5,4.27903273957607
C9/clip_11699_beer_S5.npz,101,9,1,S5,4.2791310072416
C9/clip_11700_beer_S5.npz,101,9,1,S5,4.27901922162602
C9/clip_11701_beer_S5.npz,101,9,0,S5,4.2791310072416
C9/clip_11702_beer_S5.npz,101,9,1,S5,4.2791310072416
C9/clip_11703_beer_S5.npz,101,9,1,S5,4.27907598702905
C9/clip_11704_beer_S5.npz,101,9,1,S5,4.24606814090152
C9/clip_11705_beer_S5.npz,101,9,1,S5,4.27906339860331
C9/clip_11706_beer_S5.npz,101,9,1,S5,4.24614140324863
C9/clip_11707_beer_S5.npz,101,9,1,S5,4.24614140324863
C9/clip_11708_beer_S5.npz,101,9,1,S5,4.27897574123989
C9/clip_11709_beer_S5.npz,101,9,1,S5,4.31191747653321
C9/clip_11710_beer_S5.npz,101,9,1,S5,4.27904564315352
C9/clip_11711_beer_S5.npz,101,9,1,S5,4.09931678053657
C9/clip_11712_beer_S5.npz,101,9,1,S5,4.23262789535077
C9/clip_11713_beer_S5.npz,101,9,1,S5,4.09931678053657
C9/clip_11714_beer_S5.npz,101,9,1,S5,4.09931678053657
C9/clip_11715_beer_S5.npz,101,9,1,S5,4.03266122312947
C9/clip_11716_beer_S6.npz,101,9,1,S6,4.2791310072416
C9/clip_11717_beer_S6.npz,101,9,1,S6,4.312047399605
C9/clip_11718_beer_S6.npz,101,9,1,S6,4.2791310072416
C9/clip_11719_beer_S6.npz,101,9,1,S6,4.2791310072416
C9/clip_11720_beer_S6.npz,101,9,1,S6,4.27903273957607
C9/clip_11721_beer_S6.npz,101,9,1,S6,4.2791310072416
C9/clip_11722_beer_S6.npz,101,9,1,S6,4.2791310072416
C9/clip_11723_beer_S6.npz,101,9,1,S6,4.2791310072416
C9/clip_11724_beer_S6.npz,101,9,1,S6,4.2791310072416
C9/clip_11725_beer_S6.npz,101,9,1,S6,4.2791310072416
C9/clip_11726_beer_S6.npz,101,9,1,S6,4.24621461487821
C9/clip_11727_beer_S6.npz,101,9,1,S6,4.312047399605
C9/clip_11728_beer_S6.npz,101,9,1,S6,4.312047399605
C9/clip_11729_beer_S6.npz,101,9,1,S6,4.2791310072416
C9/clip_11730_beer_S6.npz,101,9,1,S6,4.312047399605
C9/clip_11731_beer_S6.npz,101,9,1,S6,4.2791310072416
C9/clip_11732_beer_S6.npz,101,9,1,S6,4.2791310072416
C9/clip_11733_beer_S6.npz,101,9,1,S6,4.2791310072416
C9/clip_11734_beer_S6.npz,101,9,1,S6,4.2791310072416
C9/clip_11735_beer_S6.npz,101,9,1,S6,4.312047399605
C9/clip_11736_beer_S6.npz,101,9,1,S6,4.1662500416625
C9/clip_11737_beer_S6.npz,101,9,1,S6,4.23276896413811
C9/clip_11738_beer_S6.npz,101,9,1,S6,4.23248683596614
C9/clip_11739_beer_S6.npz,101,9,1,S6,4.19930011664722
C9/clip_11740_beer_S6.npz,101,9,1,S6,4.16597233794367
C9/clip_11741_beer_S7.npz,101,9,1,S7,4.29856714428523
C9/clip_11742_beer_S7.npz,101,9,1,S7,4.26524491836054
C9/clip_11743_beer_S7.npz,101,9,1,S7,4.26524491836054
C9/clip_11744_beer_S7.npz,101,9,1,S7,4.26524491836054
C9/clip_11745_beer_S7.npz,101,9,1,S7,4.26524491836054
C9/clip_11746_beer_S7.npz,101,9,1,S7,4.29856714428523
C9/clip_11747_beer_S7.npz,101,9,1,S7,4.26524491836054
C9/clip_11748_beer_S7.npz,101,9,1,S7,4.26524491836054
C9/clip_11749_beer_S7.npz,101,9,1,S7,4.26524491836054
C9/clip_11750_beer_S7.npz,101,9,1,S7,4.26524491836054
C9/clip_11751_beer_S7.npz,101,9,1,S7,4.29856714428523
C9/clip_11752_beer_S7.npz,101,9,1,S7,4.29856714428523
C9/clip_11753_beer_S7.npz,101,9,1,S7,4.29856714428523
C9/clip_11754_beer_S7.npz,101,9,1,S7,4.29856714428523
C9/clip_11755_beer_S7.npz,101,9,1,S7,4.29856714428523
C9/clip_11756_beer_S7.npz,101,9,1,S7,4.26524491836054
C9/clip_11757_beer_S7.npz,101,9,1,S7,4.29856714428523
C9/clip_11758_beer_S7.npz,101,9,1,S7,4.26524491836054
C9/clip_11759_beer_S7.npz,101,9,1,S7,4.26524491836054
C9/clip_11760_beer_S7.npz,101,9,1,S7,4.29856714428523
C9/clip_11761_beer_S7.npz,101,9,1,S7,4.09931678053657
C9/clip_11762_beer_S7.npz,101,9,1,S7,4.23262789535077
C9/clip_11763_beer_S7.npz,101,9,1,S7,4.16611118517531
C9/clip_11764_beer_S7.npz,101,9,1,S7,4.13264455924012
C9/clip_11765_beer_S7.npz,101,9,1,S7,3.96613784828689
C9/clip_11766_wine_S0.npz,102,9,1,S0,4.05
C9/clip_11767_wine_S0.npz,102,9,1,S0,4.05
C9/clip_11768_wine_S0.npz,102,9,1,S0,4.05
C9/clip_11769_wine_S0.npz,102,9,1,S0,4.05
C9/clip_11770_wine_S0.npz,102,9,1,S0,4.05
C9/clip_11771_wine_S1.npz,102,9,1,S1,4.05
C9/clip_11772_wine_S1.npz,102,9,1,S1,4.05
C9/clip_11773_wine_S1.npz,102,9,1,S1,4.05
C9/clip_11774_wine_S1.npz,102,9,1,S1,4.05
C9/clip_11775_wine_S1.npz,102,9,1,S1,4.05
C9/clip_11776_wine_S2.npz,102,9,1,S2,4.05
C9/clip_11777_wine_S2.npz,102,9,1,S2,4.05
C9/clip_11778_wine_S2.npz,102,9,1,S2,4.05
C9/clip_11779_wine_S2.npz,102,9,1,S2,4.05
C9/clip_11780_wine_S2.npz,102,9,1,S2,4.05
C9/clip_11781_wine_S3.npz,102,9,1,S3,4.05
C9/clip_11782_wine_S3.npz,102,9,1,S3,4.05
C9/clip_11783_wine_S3.npz,102,9,1,S3,4.05
C9/clip_11784_wine_S3.npz,102,9,1,S3,4.05
C9/clip_11785_wine_S3.npz,102,9,1,S3,4.05
C9/clip_11786_wine_S4.npz,102,9,1,S4,4.16666666666666
C9/clip_11787_wine_S4.npz,102,9,1,S4,4.46666666666666
C9/clip_11788_wine_S4.npz,102,9,1,S4,4.6
C9/clip_11789_wine_S4.npz,102,9,1,S4,5.3
C9/clip_11790_wine_S4.npz,102,9,1,S4,4.43333333333333
C9/clip_11791_wine_S4.npz,102,9,1,S4,4.29942674310092
C9/clip_11792_wine_S4.npz,102,9,1,S4,4.16597233794367
C9/clip_11793_wine_S4.npz,102,9,1,S4,4.16597233794367
C9/clip_11794_wine_S4.npz,102,9,1,S4,4.26595567405432
C9/clip_11795_wine_S4.npz,102,9,1,S4,4.26581350396587
C9/clip_11796_wine_S4.npz,102,9,1,S4,4.26595567405432
C9/clip_11797_wine_S4.npz,102,9,1,S4,4.19930011664722
C9/clip_11798_wine_S4.npz,102,9,1,S4,4.43259456757207
C9/clip_11799_wine_S4.npz,102,9,1,S4,4.29928345275787
C9/clip_11800_wine_S4.npz,102,9,1,S4,4.46592234627562
C9/clip_11801_wine_S4.npz,102,9,1,S4,4.23276896413811
C9/clip_11803_wine_S4.npz,102,9,1,S4,4.23262789535077
C9/clip_11804_wine_S4.npz,102,9,1,S4,4.1995800419958
C9/clip_11805_wine_S4.npz,102,9,1,S4,4.26581350396587
C9/clip_11806_wine_S4.npz,102,9,1,S4,4.0994534062125
C9/clip_11807_wine_S4.npz,102,9,1,S4,4.23262789535077
C9/clip_11808_wine_S4.npz,102,9,1,S4,4.29928345275787
C9/clip_11809_wine_S4.npz,102,9,1,S4,4.23262789535077
C9/clip_11810_wine_S4.npz,102,9,1,S4,4.3991201759648
C9/clip_11811_wine_S5.npz,102,9,1,S5,4.2791310072416
C9/clip_11812_wine_S5.npz,102,9,1,S5,4.2791310072416
C9/clip_11813_wine_S5.npz,102,9,1,S5,4.2791310072416
C9/clip_11814_wine_S5.npz,102,9,1,S5,4.2791310072416
C9/clip_11815_wine_S5.npz,102,9,1,S5,4.2791310072416
C9/clip_11816_wine_S5.npz,102,9,1,S5,4.312047399605
C9/clip_11817_wine_S5.npz,102,9,1,S5,4.2791310072416
C9/clip_11818_wine_S5.npz,102,9,1,S5,4.2791310072416
C9/clip_11819_wine_S5.npz,102,9,1,S5,4.312047399605
C9/clip_11820_wine_S5.npz,102,9,1,S5,4.2791310072416
C9/clip_11821_wine_S5.npz,102,9,1,S5,4.2791310072416
C9/clip_11822_wine_S5.npz,102,9,1,S5,4.2791310072416
C9/clip_11823_wine_S5.npz,102,9,1,S5,4.2791310072416
C9/clip_11824_wine_S5.npz,102,9,1,S5,4.2791310072416
C9/clip_11825_wine_S5.npz,102,9,1,S5,4.2791310072416
C9/clip_11826_wine_S5.npz,102,9,1,S5,4.2791310072416
C9/clip_11827_wine_S5.npz,102,9,1,S5,4.312047399605
C9/clip_11828_wine_S5.npz,102,9,1,S5,4.24621461487821
C9/clip_11829_wine_S5.npz,102,9,1,S5,4.2791310072416
C9/clip_11830_wine_S5.npz,102,9,1,S5,4.2791310072416
C9/clip_11831_wine_S5.npz,102,9,0,S5,3.86666666666666
C9/clip_11832_wine_S5.npz,102,9,0,S5,4.13333333333333
C9/clip_11833_wine_S5.npz,102,9,0,S5,3.7
C9/clip_11834_wine_S5.npz,102,9,0,S5,4.33333333333333
C9/clip_11835_wine_S5.npz,102,9,1,S5,3.66666666666666
C9/clip_11836_wine_S5.npz,102,9,1,S5,4.06666666666666
C9/clip_11837_wine_S6.npz,102,9,1,S6,4.3449637919684
C9/clip_11838_wine_S6.npz,102,9,1,S6,4.2791310072416
C9/clip_11839_wine_S6.npz,102,9,1,S6,4.24621461487821
C9/clip_11840_wine_S6.npz,102,9,1,S6,4.24621461487821
C9/clip_11841_wine_S6.npz,102,9,1,S6,4.2791310072416
C9/clip_11842_wine_S6.npz,102,9,1,S6,4.2791310072416
C9/clip_11843_wine_S6.npz,102,9,1,S6,4.312047399605
C9/clip_11844_wine_S6.npz,102,9,1,S6,4.2791310072416
C9/clip_11845_wine_S6.npz,102,9,1,S6,4.312047399605
C9/clip_11846_wine_S6.npz,102,9,1,S6,4.312047399605
C9/clip_11847_wine_S6.npz,102,9,1,S6,4.2791310072416
C9/clip_11848_wine_S6.npz,102,9,1,S6,4.24621461487821
C9/clip_11849_wine_S6.npz,102,9,1,S6,4.2791310072416
C9/clip_11850_wine_S6.npz,102,9,1,S6,4.2791310072416
C9/clip_11851_wine_S6.npz,102,9,1,S6,4.2791310072416
C9/clip_11852_wine_S6.npz,102,9,1,S6,4.312047399605
C9/clip_11853_wine_S6.npz,102,9,1,S6,4.24621461487821
C9/clip_11854_wine_S6.npz,102,9,1,S6,4.2791310072416
C9/clip_11855_wine_S6.npz,102,9,1,S6,4.24621461487821
C9/clip_11856_wine_S6.npz,102,9,1,S6,4.2791310072416
C9/clip_11857_wine_S6.npz,102,9,1,S6,4.16666666666666
C9/clip_11858_wine_S6.npz,102,9,1,S6,4.06666666666666
C9/clip_11859_wine_S6.npz,102,9,1,S6,4
C9/clip_11860_wine_S6.npz,102,9,1,S6,3.83333333333333
C9/clip_11861_wine_S6.npz,102,9,1,S6,4.1
C9/clip_11862_wine_S7.npz,102,9,1,S7,4.29856714428523
C9/clip_11863_wine_S7.npz,102,9,1,S7,4.29856714428523
C9/clip_11864_wine_S7.npz,102,9,1,S7,4.29856714428523
C9/clip_11865_wine_S7.npz,102,9,1,S7,4.29856714428523
C9/clip_11866_wine_S7.npz,102,9,1,S7,4.26524491836054
C9/clip_11867_wine_S7.npz,102,9,1,S7,4.29856714428523
C9/clip_11868_wine_S7.npz,102,9,1,S7,4.26524491836054
C9/clip_11869_wine_S7.npz,102,9,1,S7,4.29856714428523
C9/clip_11870_wine_S7.npz,102,9,1,S7,4.26524491836054
C9/clip_11871_wine_S7.npz,102,9,1,S7,4.26524491836054
C9/clip_11872_wine_S7.npz,102,9,1,S7,4.26524491836054
C9/clip_11873_wine_S7.npz,102,9,1,S7,4.29856714428523
C9/clip_11874_wine_S7.npz,102,9,1,S7,4.29856714428523
C9/clip_11875_wine_S7.npz,102,9,1,S7,4.26524491836054
C9/clip_11876_wine_S7.npz,102,9,1,S7,4.29856714428523
C9/clip_11877_wine_S7.npz,102,9,1,S7,4.29856714428523
C9/clip_11878_wine_S7.npz,102,9,1,S7,4.26524491836054
C9/clip_11879_wine_S7.npz,102,9,1,S7,4.29856714428523
C9/clip_11880_wine_S7.npz,102,9,1,S7,4.29856714428523
C9/clip_11881_wine_S7.npz,102,9,1,S7,4.26524491836054
C9/clip_11882_wine_S7.npz,102,9,1,S7,4
C9/clip_11883_wine_S7.npz,102,9,1,S7,4.16666666666666
C9/clip_11884_wine_S7.npz,102,9,1,S7,4.26666666666666
C9/clip_11885_wine_S7.npz,102,9,1,S7,4.03333333333333
C9/clip_11886_wine_S7.npz,102,9,1,S7,4.16666666666666
C9/clip_11887_sugar_S0.npz,103,9,1,S0,4.05
C9/clip_11888_sugar_S0.npz,103,9,1,S0,4.05
C9/clip_11889_sugar_S0.npz,103,9,1,S0,4.05
C9/clip_11890_sugar_S0.npz,103,9,1,S0,4.05
C9/clip_11891_sugar_S0.npz,103,9,1,S0,4.05
C9/clip_11892_sugar_S1.npz,103,9,1,S1,4.05
C9/clip_11893_sugar_S1.npz,103,9,1,S1,4.05
C9/clip_11894_sugar_S1.npz,103,9,1,S1,4.05
C9/clip_11895_sugar_S1.npz,103,9,1,S1,4.05
C9/clip_11896_sugar_S1.npz,103,9,1,S1,4.05
C9/clip_11897_sugar_S1.npz,103,9,1,S1,4.05
C9/clip_11898_sugar_S2.npz,103,9,1,S2,4.05
C9/clip_11899_sugar_S2.npz,103,9,1,S2,4.05
C9/clip_11900_sugar_S2.npz,103,9,1,S2,4.05
C9/clip_11901_sugar_S2.npz,103,9,1,S2,4.05
C9/clip_11902_sugar_S2.npz,103,9,1,S2,4.05
C9/clip_11903_sugar_S3.npz,103,9,1,S3,4.05
C9/clip_11904_sugar_S3.npz,103,9,1,S3,4.05
C9/clip_11905_sugar_S3.npz,103,9,1,S3,4.05
C9/clip_11906_sugar_S3.npz,103,9,1,S3,4.05
C9/clip_11907_sugar_S3.npz,103,9,1,S3,4.05
C9/clip_11908_sugar_S4.npz,103,9,1,S4,4.26595567405432
C9/clip_11909_sugar_S4.npz,103,9,1,S4,4.33261123146142
C9/clip_11910_sugar_S4.npz,103,9,1,S4,5.36577237127145
C9/clip_11911_sugar_S4.npz,103,9,1,S4,4.33275563258232
C9/clip_11912_sugar_S4.npz,103,9,1,S4,4.23262789535077
C9/clip_11913_sugar_S4.npz,103,9,1,S4,4.16597233794367
C9/clip_11914_sugar_S4.npz,103,9,1,S4,4.26609785361951
C9/clip_11915_sugar_S4.npz,103,9,1,S4,4.19930011664722
C9/clip_11916_sugar_S4.npz,103,9,1,S4,4.16597233794367
C9/clip_11917_sugar_S4.npz,103,9,1,S4,4.26595567405432
C9/clip_11918_sugar_S4.npz,103,9,1,S4,4.36593901016497
C9/clip_11919_sugar_S4.npz,103,9,1,S4,4.79920013331111
C9/clip_11920_sugar_S4.npz,103,9,1,S4,4.33261123146142
C9/clip_11921_sugar_S4.npz,103,9,1,S4,4.46592234627562
C9/clip_11922_sugar_S4.npz,103,9,1,S4,4.23262789535077
C9/clip_11923_sugar_S4.npz,103,9,1,S4,4.0661245167311
C9/clip_11924_sugar_S4.npz,103,9,1,S4,4.13264455924012
C9/clip_11925_sugar_S4.npz,103,9,1,S4,4.26595567405432
C9/clip_11926_sugar_S4.npz,103,9,1,S4,4.29928345275787
C9/clip_11927_sugar_S4.npz,103,9,1,S4,4.16611118517531
C9/clip_11928_sugar_S4.npz,103,9,1,S4,4.29928345275787
C9/clip_11929_sugar_S4.npz,103,9,1,S4,4.29942674310092
C9/clip_11930_sugar_S4.npz,103,9,1,S4,4.26595567405432
C9/clip_11931_sugar_S4.npz,103,9,1,S4,4.19944007465671
C9/clip_11932_sugar_S5.npz,103,9,1,S5,4.2791310072416
C9/clip_11933_sugar_S5.npz,103,9,1,S5,4.2791310072416
C9/clip_11934_sugar_S5.npz,103,9,1,S5,4.2791310072416
C9/clip_11935_sugar_S5.npz,103,9,1,S5,4.2791310072416
C9/clip_11936_sugar_S5.npz,103,9,1,S5,4.2791310072416
C9/clip_11937_sugar_S5.npz,103,9,1,S5,4.2791310072416
C9/clip_11938_sugar_S5.npz,103,9,1,S5,4.2791310072416
C9/clip_11939_sugar_S5.npz,103,9,1,S5,4.312047399605
C9/clip_11940_sugar_S5.npz,103,9,1,S5,4.2791310072416
C9/clip_11941_sugar_S5.npz,103,9,1,S5,4.2791310072416
C9/clip_11942_sugar_S5.npz,103,9,1,S5,4.2791310072416
C9/clip_11943_sugar_S5.npz,103,9,1,S5,4.2791310072416
C9/clip_11944_sugar_S5.npz,103,9,1,S5,4.312047399605
C9/clip_11945_sugar_S5.npz,103,9,1,S5,4.312047399605
C9/clip_11946_sugar_S5.npz,103,9,1,S5,4.24621461487821
C9/clip_11947_sugar_S5.npz,103,9,1,S5,4.312047399605
C9/clip_11948_sugar_S5.npz,103,9,1,S5,4.2791310072416
C9/clip_11949_sugar_S5.npz,103,9,1,S5,4.24621461487821
C9/clip_11950_sugar_S5.npz,103,9,1,S5,4.2791310072416
C9/clip_11951_sugar_S5.npz,103,9,1,S5,4.2791310072416
C9/clip_11952_sugar_S5.npz,103,9,1,S5,4.0994534062125
C9/clip_11953_sugar_S5.npz,103,9,1,S5,4.23248683596614
C9/clip_11954_sugar_S5.npz,103,9,1,S5,4.09931678053657
C9/clip_11955_sugar_S5.npz,103,9,1,S5,4.0661245167311
C9/clip_11956_sugar_S5.npz,103,9,1,S5,4.03279562724969
C9/clip_11957_sugar_S6.npz,103,9,1,S6,4.312047399605
C9/clip_11958_sugar_S6.npz,103,9,1,S6,4.2791310072416
C9/clip_11959_sugar_S6.npz,103,9,1,S6,4.2791310072416
C9/clip_11960_sugar_S6.npz,103,9,1,S6,4.2791310072416
C9/clip_11961_sugar_S6.npz,103,9,1,S6,4.21329822251481
C9/clip_11962_sugar_S6.npz,103,9,1,S6,4.312047399605
C9/clip_11963_sugar_S6.npz,103,9,1,S6,4.24621461487821
C9/clip_11964_sugar_S6.npz,103,9,1,S6,4.2791310072416
C9/clip_11965_sugar_S6.npz,103,9,1,S6,4.2791310072416
C9/clip_11966_sugar_S6.npz,103,9,1,S6,4.2791310072416
C9/clip_11967_sugar_S6.npz,103,9,1,S6,4.2791310072416
C9/clip_11968_sugar_S6.npz,103,9,1,S6,4.2791310072416
C9/clip_11969_sugar_S6.npz,103,9,1,S6,4.2791310072416
C9/clip_11970_sugar_S6.npz,103,9,1,S6,4.2791310072416
C9/clip_11971_sugar_S6.npz,103,9,1,S6,4.2791310072416
C9/clip_11972_sugar_S6.npz,103,9,1,S6,4.2791310072416
C9/clip_11973_sugar_S6.npz,103,9,1,S6,4.2791310072416
C9/clip_11974_sugar_S6.npz,103,9,1,S6,4.2791310072416
C9/clip_11975_sugar_S6.npz,103,9,1,S6,4.2791310072416
C9/clip_11976_sugar_S6.npz,103,9,1,S6,4.2791310072416
C9/clip_11977_sugar_S6.npz,103,9,1,S6,4.41079657669519
C9/clip_11978_sugar_S6.npz,103,9,1,S6,4.47657260337566
C9/clip_11979_sugar_S6.npz,103,9,1,S6,4.09931678053657
C9/clip_11980_sugar_S6.npz,103,9,1,S6,4.06598900183302
C9/clip_11981_sugar_S6.npz,103,9,1,S6,4.23262789535077
C9/clip_11982_sugar_S6.npz,103,9,1,S6,4.23276896413811
C9/clip_11983_sugar_S6.npz,103,9,1,S6,4.23276896413811
C9/clip_11984_sugar_S7.npz,103,9,1,S7,4.33188937020993
C9/clip_11985_sugar_S7.npz,103,9,1,S7,4.29856714428523
C9/clip_11986_sugar_S7.npz,103,9,1,S7,4.26524491836054
C9/clip_11987_sugar_S7.npz,103,9,1,S7,4.29856714428523
C9/clip_11988_sugar_S7.npz,103,9,1,S7,4.26524491836054
C9/clip_11989_sugar_S7.npz,103,9,1,S7,4.26524491836054
C9/clip_11990_sugar_S7.npz,103,9,1,S7,4.29856714428523
C9/clip_11991_sugar_S7.npz,103,9,1,S7,4.29856714428523
C9/clip_11992_sugar_S7.npz,103,9,1,S7,4.29856714428523
C9/clip_11993_sugar_S7.npz,103,9,1,S7,4.29856714428523
C9/clip_11994_sugar_S7.npz,103,9,1,S7,4.29856714428523
C9/clip_11995_sugar_S7.npz,103,9,1,S7,4.29856714428523
C9/clip_11996_sugar_S7.npz,103,9,1,S7,4.29856714428523
C9/clip_11997_sugar_S7.npz,103,9,1,S7,4.26524491836054
C9/clip_11998_sugar_S7.npz,103,9,1,S7,4.29856714428523
C9/clip_11999_sugar_S7.npz,103,9,1,S7,4.26524491836054
C9/clip_12000_sugar_S7.npz,103,9,1,S7,4.26524491836054
C9/clip_12001_sugar_S7.npz,103,9,1,S7,4.26524491836054
C9/clip_12002_sugar_S7.npz,103,9,1,S7,4.29856714428523
C9/clip_12003_sugar_S7.npz,103,9,1,S7,4.29856714428523
C9/clip_12004_sugar_S7.npz,103,9,1,S7,3.99933344442592
C9/clip_12005_sugar_S7.npz,103,9,1,S7,4.1995800419958
C9/clip_12006_sugar_S7.npz,103,9,1,S7,4.1995800419958
C9/clip_12007_sugar_S7.npz,103,9,1,S7,4.23262789535077
C9/clip_12008_sugar_S7.npz,103,9,1,S7,4.16597233794367
C9/clip_12009_no_sugar_S0.npz,104,9,1,S0,4.05
C9/clip_12010_no_sugar_S0.npz,104,9,1,S0,4.05
C9/clip_12011_no_sugar_S0.npz,104,9,1,S0,4.05
C9/clip_12012_no_sugar_S0.npz,104,9,1,S0,4.05
C9/clip_12013_no_sugar_S0.npz,104,9,1,S0,4.05
C9/clip_12014_no_sugar_S1.npz,104,9,1,S1,4.05
C9/clip_12015_no_sugar_S1.npz,104,9,1,S1,4.05
C9/clip_12016_no_sugar_S1.npz,104,9,1,S1,4.05
C9/clip_12017_no_sugar_S1.npz,104,9,1,S1,4.05
C9/clip_12018_no_sugar_S1.npz,104,9,1,S1,4.05
C9/clip_12019_no_sugar_S2.npz,104,9,1,S2,4.05
C9/clip_12020_no_sugar_S2.npz,104,9,1,S2,4.05
C9/clip_12021_no_sugar_S2.npz,104,9,1,S2,4.05
C9/clip_12022_no_sugar_S2.npz,104,9,1,S2,4.05
C9/clip_12023_no_sugar_S2.npz,104,9,1,S2,4.05
C9/clip_12024_no_sugar_S3.npz,104,9,1,S3,4.05
C9/clip_12025_no_sugar_S3.npz,104,9,1,S3,4.05
C9/clip_12026_no_sugar_S3.npz,104,9,1,S3,4.05
C9/clip_12027_no_sugar_S3.npz,104,9,1,S3,4.05
C9/clip_12028_no_sugar_S3.npz,104,9,1,S3,4.05
C9/clip_12029_no_sugar_S4.npz,104,9,1,S4,4.16666666666666
C9/clip_12030_no_sugar_S4.npz,104,9,1,S4,4.23333333333333
C9/clip_12031_no_sugar_S4.npz,104,9,1,S4,3.96666666666666
C9/clip_12032_no_sugar_S4.npz,104,9,1,S4,4.36666666666666
C9/clip_12033_no_sugar_S4.npz,104,9,1,S4,4.4
C9/clip_12034_no_sugar_S4.npz,104,9,1,S4,4.26595567405432
C9/clip_12035_no_sugar_S4.npz,104,9,1,S4,4.16597233794367
C9/clip_12036_no_sugar_S4.npz,104,9,1,S4,4.26595567405432
C9/clip_12037_no_sugar_S4.npz,104,9,1,S4,4.26609785361951
C9/clip_12038_no_sugar_S4.npz,104,9,1,S4,4.26595567405432
C9/clip_12039_no_sugar_S4.npz,104,9,1,S4,4.46592234627562
C9/clip_12040_no_sugar_S4.npz,104,9,1,S4,4.39926678886852
C9/clip_12041_no_sugar_S4.npz,104,9,1,S4,4.26595567405432
C9/clip_12042_no_sugar_S4.npz,104,9,1,S4,4.16597233794367
C9/clip_12043_no_sugar_S4.npz,104,9,1,S4,4.26609785361951
C9/clip_12044_no_sugar_S4.npz,104,9,1,S4,4.33261123146142
C9/clip_12045_no_sugar_S4.npz,104,9,1,S4,4.33261123146142
C9/clip_12046_no_sugar_S4.npz,104,9,1,S4,4.26581350396587
C9/clip_12047_no_sugar_S4.npz,104,9,1,S4,4.53257790368272
C9/clip_12048_no_sugar_S4.npz,104,9,1,S4,4.33261123146142
C9/clip_12049_no_sugar_S4.npz,104,9,1,S4,4.332900043329
C9/clip_12050_no_sugar_S4.npz,104,9,1,S4,4.29942674310092
C9/clip_12051_no_sugar_S4.npz,104,9,1,S4,4.66588901849691
C9/clip_12052_no_sugar_S4.npz,104,9,1,S4,4.39926678886852
C9/clip_12053_no_sugar_S4.npz,104,9,1,S4,4.43259456757207
C9/clip_12054_no_sugar_S5.npz,104,9,1,S5,4.24614363907779
C9/clip_12055_no_sugar_S5.npz,104,9,1,S5,4.2791310072416
C9/clip_12056_no_sugar_S5.npz,104,9,1,S5,4.24621461487821
C9/clip_12057_no_sugar_S5.npz,104,9,1,S5,4.2791310072416
C9/clip_12058_no_sugar_S5.npz,104,9,1,S5,4.31191747653321
C9/clip_12059_no_sugar_S5.npz,104,9,1,S5,4.2791310072416
C9/clip_12060_no_sugar_S5.npz,104,9,1,S5,4.2791310072416
C9/clip_12061_no_sugar_S5.npz,104,9,1,S5,4.27907598702905
C9/clip_12062_no_sugar_S5.npz,104,9,1,S5,4.24621461487821
C9/clip_12063_no_sugar_S5.npz,104,9,1,S5,4.24614363907779
C9/clip_12064_no_sugar_S5.npz,104,9,1,S5,4.2791310072416
C9/clip_12065_no_sugar_S5.npz,104,9,1,S5,4.2791310072416
C9/clip_12066_no_sugar_S5.npz,104,9,1,S5,4.2791310072416
C9/clip_12067_no_sugar_S5.npz,104,9,1,S5,4.2791310072416
C9/clip_12068_no_sugar_S5.npz,104,9,1,S5,4.2791310072416
C9/clip_12069_no_sugar_S5.npz,104,9,1,S5,4.2791310072416
C9/clip_12070_no_sugar_S5.npz,104,9,1,S5,4.2791310072416
C9/clip_12071_no_sugar_S5.npz,104,9,1,S5,4.2791310072416
C9/clip_12072_no_sugar_S5.npz,104,9,1,S5,4.2791310072416
C9/clip_12073_no_sugar_S5.npz,104,9,1,S5,4.2791310072416
C9/clip_12074_no_sugar_S5.npz,104,9,1,S5,4.16666666666666
C9/clip_12075_no_sugar_S5.npz,104,9,1,S5,4.03333333333333
C9/clip_12076_no_sugar_S5.npz,104,9,1,S5,4.13333333333333
C9/clip_12077_no_sugar_S5.npz,104,9,1,S5,4.16666666666666
C9/clip_12078_no_sugar_S5.npz,104,9,1,S5,4.13333333333333
C9/clip_12079_no_sugar_S5.npz,104,9,1,S5,4.1
C9/clip_12080_no_sugar_S6.npz,104,9,1,S6,4.312047399605
C9/clip_12081_no_sugar_S6.npz,104,9,1,S6,4.2791310072416
C9/clip_12082_no_sugar_S6.npz,104,9,1,S6,4.2791310072416
C9/clip_12083_no_sugar_S6.npz,104,9,1,S6,4.2791310072416
C9/clip_12084_no_sugar_S6.npz,104,9,1,S6,4.312047399605
C9/clip_12085_no_sugar_S6.npz,104,9,1,S6,4.24621461487821
C9/clip_12086_no_sugar_S6.npz,104,9,1,S6,4.312047399605
C9/clip_12087_no_sugar_S6.npz,104,9,1,S6,4.24621461487821
C9/clip_12088_no_sugar_S6.npz,104,9,1,S6,4.24621461487821
C9/clip_12089_no_sugar_S6.npz,104,9,1,S6,4.2791310072416
C9/clip_12090_no_sugar_S6.npz,104,9,1,S6,4.2791310072416
C9/clip_12091_no_sugar_S6.npz,104,9,1,S6,4.2791310072416
C9/clip_12092_no_sugar_S6.npz,104,9,1,S6,4.2791310072416
C9/clip_12093_no_sugar_S6.npz,104,9,1,S6,4.2791310072416
C9/clip_12094_no_sugar_S6.npz,104,9,1,S6,4.2791310072416
C9/clip_12095_no_sugar_S6.npz,104,9,1,S6,4.2791310072416
C9/clip_12096_no_sugar_S6.npz,104,9,1,S6,4.2791310072416
C9/clip_12097_no_sugar_S6.npz,104,9,1,S6,4.2791310072416
C9/clip_12098_no_sugar_S6.npz,104,9,1,S6,4.312047399605
C9/clip_12099_no_sugar_S6.npz,104,9,1,S6,4.2791310072416
C9/clip_12100_no_sugar_S6.npz,104,9,1,S6,3.96666666666666
C9/clip_12101_no_sugar_S6.npz,104,9,1,S6,4.16666666666666
C9/clip_12102_no_sugar_S6.npz,104,9,1,S6,3.96666666666666
C9/clip_12103_no_sugar_S6.npz,104,9,1,S6,4.13333333333333
C9/clip_12104_no_sugar_S6.npz,104,9,1,S6,4.03333333333333
C9/clip_12105_no_sugar_S7.npz,104,9,1,S7,4.33188937020993
C9/clip_12106_no_sugar_S7.npz,104,9,1,S7,4.26524491836054
C9/clip_12107_no_sugar_S7.npz,104,9,1,S7,4.29856714428523
C9/clip_12108_no_sugar_S7.npz,104,9,1,S7,4.29856714428523
C9/clip_12109_no_sugar_S7.npz,104,9,1,S7,4.26524491836054
C9/clip_12110_no_sugar_S7.npz,104,9,1,S7,4.26524491836054
C9/clip_12111_no_sugar_S7.npz,104,9,1,S7,4.29856714428523
C9/clip_12112_no_sugar_S7.npz,104,9,1,S7,4.29856714428523
C9/clip_12113_no_sugar_S7.npz,104,9,1,S7,4.26524491836054
C9/clip_12114_no_sugar_S7.npz,104,9,1,S7,4.26524491836054
C9/clip_12115_no_sugar_S7.npz,104,9,1,S7,4.26524491836054
C9/clip_12116_no_sugar_S7.npz,104,9,1,S7,4.26524491836054
C9/clip_12117_no_sugar_S7.npz,104,9,1,S7,4.26524491836054
C9/clip_12118_no_sugar_S7.npz,104,9,1,S7,4.26524491836054
C9/clip_12119_no_sugar_S7.npz,104,9,1,S7,4.29856714428523
C9/clip_12120_no_sugar_S7.npz,104,9,1,S7,4.26524491836054
C9/clip_12121_no_sugar_S7.npz,104,9,1,S7,4.26524491836054
C9/clip_12122_no_sugar_S7.npz,104,9,1,S7,4.26524491836054
C9/clip_12123_no_sugar_S7.npz,104,9,1,S7,4.29856714428523
C9/clip_12124_no_sugar_S7.npz,104,9,1,S7,4.26524491836054
C9/clip_12125_no_sugar_S7.npz,104,9,1,S7,4.13333333333333
C9/clip_12126_no_sugar_S7.npz,104,9,1,S7,4.13333333333333
C9/clip_12127_no_sugar_S7.npz,104,9,1,S7,3.96666666666666
C9/clip_12128_no_sugar_S7.npz,104,9,1,S7,4.13333333333333
C9/clip_12129_no_sugar_S7.npz,104,9,1,S7,3.73333333333333
C9/clip_12130_hot_S0.npz,95,9,1,S0,4.08333333333333
C9/clip_12131_hot_S0.npz,95,9,1,S0,4.08333333333333
C9/clip_12132_hot_S0.npz,95,9,1,S0,4.06666666666666
C9/clip_12133_hot_S0.npz,95,9,1,S0,4.06666666666666
C9/clip_12134_hot_S0.npz,95,9,1,S0,4.06666666666666
C9/clip_12135_hot_S0.npz,95,9,1,S0,4.08333333333333
C9/clip_12136_hot_S1.npz,95,9,1,S1,4.08333333333333
C9/clip_12137_hot_S1.npz,95,9,1,S1,4.08333333333333
C9/clip_12138_hot_S1.npz,95,9,1,S1,4.06666666666666
C9/clip_12139_hot_S1.npz,95,9,1,S1,4.06666666666666
C9/clip_12140_hot_S1.npz,95,9,1,S1,4.06666666666666
C9/clip_12141_hot_S2.npz,95,9,1,S2,4.08333333333333
C9/clip_12142_hot_S2.npz,95,9,1,S2,4.08333333333333
C9/clip_12143_hot_S2.npz,95,9,1,S2,4.06666666666666
C9/clip_12144_hot_S2.npz,95,9,1,S2,4.06666666666666
C9/clip_12145_hot_S2.npz,95,9,1,S2,4.06666666666666
C9/clip_12146_hot_S3.npz,95,9,1,S3,4.08333333333333
C9/clip_12147_hot_S3.npz,95,9,1,S3,4.08333333333333
C9/clip_12148_hot_S3.npz,95,9,1,S3,4.06666666666666
C9/clip_12149_hot_S3.npz,95,9,1,S3,4.06666666666666
C9/clip_12150_hot_S3.npz,95,9,1,S3,4.06666666666666
C9/clip_12151_hot_S4.npz,95,9,1,S4,4.46666666666666
C9/clip_12152_hot_S4.npz,95,9,1,S4,4.33333333333333
C9/clip_12153_hot_S4.npz,95,9,1,S4,5.1
C9/clip_12154_hot_S4.npz,95,9,1,S4,4.83333333333333
C9/clip_12155_hot_S4.npz,95,9,1,S4,4.56666666666666
C9/clip_12156_hot_S4.npz,95,9,1,S4,4.13333333333333
C9/clip_12157_hot_S4.npz,95,9,1,S4,4.39926678886852
C9/clip_12158_hot_S4.npz,95,9,1,S4,4.36608452206372
C9/clip_12159_hot_S4.npz,95,9,1,S4,4.19944007465671
C9/clip_12160_hot_S4.npz,95,9,1,S4,4.33275563258232
C9/clip_12161_hot_S4.npz,95,9,1,S4,4.26595567405432
C9/clip_12162_hot_S4.npz,95,9,1,S4,4.16597233794367
C9/clip_12163_hot_S4.npz,95,9,1,S4,4.09931678053657
C9/clip_12164_hot_S4.npz,95,9,1,S4,4.16611118517531
C9/clip_12165_hot_S4.npz,95,9,1,S4,4.49925012497917
C9/clip_12166_hot_S4.npz,95,9,1,S4,4.2991401719656
C9/clip_12167_hot_S4.npz,95,9,1,S4,4.53257790368272
C9/clip_12168_hot_S4.npz,95,9,1,S4,4.66588901849691
C9/clip_12169_hot_S4.npz,95,9,1,S4,4.13264455924012
C9/clip_12170_hot_S4.npz,95,9,1,S4,4.29928345275787
C9/clip_12171_hot_S4.npz,95,9,1,S4,4.33261123146142
C9/clip_12172_hot_S4.npz,95,9,1,S4,4.29928345275787
C9/clip_12173_hot_S4.npz,95,9,1,S4,4.19930011664722
C9/clip_12174_hot_S4.npz,95,9,1,S4,4.09931678053657
C9/clip_12175_hot_S4.npz,95,9,1,S4,4.26609785361951
C9/clip_12176_hot_S4.npz,95,9,1,S4,4.43274230102652
C9/clip_12177_hot_S5.npz,95,9,1,S5,4.2791310072416
C9/clip_12178_hot_S5.npz,95,9,1,S5,4.24614363907779
C9/clip_12179_hot_S5.npz,95,9,1,S5,4.2791310072416
C9/clip_12180_hot_S5.npz,95,9,1,S5,4.24621461487821
C9/clip_12181_hot_S5.npz,95,9,1,S5,4.27903273957607
C9/clip_12182_hot_S5.npz,95,9,1,S5,4.2791310072416
C9/clip_12183_hot_S5.npz,95,9,1,S5,4.2791310072416
C9/clip_12184_hot_S5.npz,95,9,1,S5,4.2791310072416
C9/clip_12185_hot_S5.npz,95,9,1,S5,4.2791310072416
C9/clip_12186_hot_S5.npz,95,9,1,S5,4.2791310072416
C9/clip_12187_hot_S5.npz,95,9,1,S5,4.2791310072416
C9/clip_12188_hot_S5.npz,95,9,1,S5,4.2791310072416
C9/clip_12189_hot_S5.npz,95,9,1,S5,4.2791310072416
C9/clip_12190_hot_S5.npz,95,9,1,S5,4.2791310072416
C9/clip_12191_hot_S5.npz,95,9,1,S5,4.27903273957607
C9/clip_12192_hot_S5.npz,95,9,1,S5,4.2791310072416
C9/clip_12193_hot_S5.npz,95,9,1,S5,4.27903273957607
C9/clip_12194_hot_S5.npz,95,9,1,S5,4.2791310072416
C9/clip_12195_hot_S5.npz,95,9,1,S5,4.27903273957607
C9/clip_12196_hot_S5.npz,95,9,1,S5,4.312047399605
C9/clip_12197_hot_S5.npz,95,9,1,S5,4.13333333333333
C9/clip_12198_hot_S5.npz,95,9,1,S5,3.86666666666666
C9/clip_12199_hot_S5.npz,95,9,1,S5,4.13333333333333
C9/clip_12200_hot_S5.npz,95,9,1,S5,3.96666666666666
C9/clip_12201_hot_S5.npz,95,9,1,S5,3.96666666666666
C9/clip_12202_hot_S5.npz,95,9,1,S5,4.06666666666666
C9/clip_12203_hot_S6.npz,95,9,1,S6,4.312047399605
C9/clip_12204_hot_S6.npz,95,9,1,S6,4.24621461487821
C9/clip_12205_hot_S6.npz,95,9,1,S6,4.312047399605
C9/clip_12206_hot_S6.npz,95,9,1,S6,4.2791310072416
C9/clip_12207_hot_S6.npz,95,9,1,S6,4.2791310072416
C9/clip_12208_hot_S6.npz,95,9,1,S6,4.2791310072416
C9/clip_12209_hot_S6.npz,95,9,1,S6,4.2791310072416
C9/clip_12210_hot_S6.npz,95,9,1,S6,4.2791310072416
C9/clip_12211_hot_S6.npz,95,9,1,S6,4.2791310072416
C9/clip_12212_hot_S6.npz,95,9,1,S6,4.2791310072416
C9/clip_12213_hot_S6.npz,95,9,1,S6,4.312047399605
C9/clip_12214_hot_S6.npz,95,9,1,S6,4.2791310072416
C9/clip_12215_hot_S6.npz,95,9,1,S6,4.2791310072416
C9/clip_12216_hot_S6.npz,95,9,1,S6,4.2791310072416
C9/clip_12217_hot_S6.npz,95,9,1,S6,4.2791310072416
C9/clip_12218_hot_S6.npz,95,9,1,S6,4.2791310072416
C9/clip_12219_hot_S6.npz,95,9,1,S6,4.2791310072416
C9/clip_12220_hot_S6.npz,95,9,1,S6,4.2791310072416
C9/clip_12221_hot_S6.npz,95,9,1,S6,4.2791310072416
C9/clip_12222_hot_S6.npz,95,9,1,S6,4.27903273957607
C9/clip_12223_hot_S6.npz,95,9,1,S6,4.2
C9/clip_12224_hot_S6.npz,95,9,1,S6,4.06666666666666
C9/clip_12225_hot_S6.npz,95,9,1,S6,4.2
C9/clip_12226_hot_S6.npz,95,9,1,S6,4.16666666666666
C9/clip_12227_hot_S6.npz,95,9,1,S6,4.16666666666666
C9/clip_12228_hot_S7.npz,95,9,1,S7,4.26524491836054
C9/clip_12229_hot_S7.npz,95,9,1,S7,4.26524491836054
C9/clip_12230_hot_S7.npz,95,9,1,S7,4.26524491836054
C9/clip_12231_hot_S7.npz,95,9,1,S7,4.26524491836054
C9/clip_12232_hot_S7.npz,95,9,1,S7,4.29856714428523
C9/clip_12233_hot_S7.npz,95,9,1,S7,4.29856714428523
C9/clip_12234_hot_S7.npz,95,9,1,S7,4.29856714428523
C9/clip_12235_hot_S7.npz,95,9,1,S7,4.29856714428523
C9/clip_12236_hot_S7.npz,95,9,1,S7,4.29856714428523
C9/clip_12237_hot_S7.npz,95,9,1,S7,4.33188937020993
C9/clip_12238_hot_S7.npz,95,9,1,S7,4.29856714428523
C9/clip_12239_hot_S7.npz,95,9,1,S7,4.29856714428523
C9/clip_12240_hot_S7.npz,95,9,1,S7,4.29856714428523
C9/clip_12241_hot_S7.npz,95,9,1,S7,4.26524491836054
C9/clip_12242_hot_S7.npz,95,9,1,S7,4.26524491836054
C9/clip_12243_hot_S7.npz,95,9,1,S7,4.29856714428523
C9/clip_12244_hot_S7.npz,95,9,1,S7,4.26524491836054
C9/clip_12245_hot_S7.npz,95,9,1,S7,4.26524491836054
C9/clip_12246_hot_S7.npz,95,9,1,S7,4.29856714428523
C9/clip_12247_hot_S7.npz,95,9,1,S7,4.26524491836054
C9/clip_12248_hot_S7.npz,95,9,1,S7,4.06666666666666
C9/clip_12249_hot_S7.npz,95,9,1,S7,4.16666666666666
C9/clip_12250_hot_S7.npz,95,9,1,S7,4.13333333333333
C9/clip_12251_hot_S7.npz,95,9,1,S7,3.96666666666666
C9/clip_12252_hot_S7.npz,95,9,1,S7,4.3
C9/clip_12253_cold_S0.npz,96,9,1,S0,4.06666666666666
C9/clip_12254_cold_S0.npz,96,9,1,S0,4.06666666666666
C9/clip_12255_cold_S0.npz,96,9,1,S0,4.06666666666666
C9/clip_12256_cold_S0.npz,96,9,1,S0,4.06666666666666
C9/clip_12257_cold_S0.npz,96,9,1,S0,4.06666666666666
C9/clip_12258_cold_S0.npz,96,9,1,S0,4.06666666666666
C9/clip_12259_cold_S1.npz,96,9,0,S1,4.06666666666666
C9/clip_12260_cold_S1.npz,96,9,0,S1,4.06666666666666
C9/clip_12261_cold_S1.npz,96,9,1,S1,4.06666666666666
C9/clip_12262_cold_S1.npz,96,9,1,S1,4.06666666666666
C9/clip_12263_cold_S1.npz,96,9,0,S1,4.06666666666666
C9/clip_12264_cold_S2.npz,96,9,0,S2,4.06666666666666
C9/clip_12265_cold_S2.npz,96,9,0,S2,4.06666666666666
C9/clip_12266_cold_S2.npz,96,9,0,S2,4.06666666666666
C9/clip_12267_cold_S2.npz,96,9,0,S2,4.06666666666666
C9/clip_12268_cold_S2.npz,96,9,0,S2,4.06666666666666
C9/clip_12269_cold_S3.npz,96,9,1,S3,4.06666666666666
C9/clip_12270_cold_S3.npz,96,9,0,S3,4.06666666666666
C9/clip_12271_cold_S3.npz,96,9,1,S3,4.06666666666666
C9/clip_12272_cold_S3.npz,96,9,0,S3,4.06666666666666
C9/clip_12273_cold_S3.npz,96,9,1,S3,4.06666666666666
C9/clip_12274_cold_S4.npz,96,9,0,S4,4.3
C9/clip_12275_cold_S4.npz,96,9,0,S4,4.53333333333333
C9/clip_12276_cold_S4.npz,96,9,0,S4,4.73333333333333
C9/clip_12277_cold_S4.npz,96,9,0,S4,4.43333333333333
C9/clip_12278_cold_S4.npz,96,9,0,S4,4.46666666666666
C9/clip_12279_cold_S4.npz,96,9,0,S4,4.46666666666666
C9/clip_12280_cold_S4.npz,96,9,0,S4,4.0994534062125
C9/clip_12281_cold_S4.npz,96,9,0,S4,4.06598900183302
C9/clip_12282_cold_S4.npz,96,9,0,S4,4.13264455924012
C9/clip_12283_cold_S4.npz,96,9,0,S4,4.36608452206372
C9/clip_12284_cold_S4.npz,96,9,0,S4,4.33246683996534
C9/clip_12285_cold_S4.npz,96,9,1,S4,4.09931678053657
C9/clip_12286_cold_S4.npz,96,9,0,S4,4.33261123146142
C9/clip_12287_cold_S4.npz,96,9,1,S4,4.19930011664722
C9/clip_12288_cold_S4.npz,96,9,0,S4,4.33261123146142
C9/clip_12289_cold_S4.npz,96,9,0,S4,4.33261123146142
C9/clip_12290_cold_S4.npz,96,9,1,S4,4.23262789535077
C9/clip_12291_cold_S4.npz,96,9,1,S4,4.19930011664722
C9/clip_12292_cold_S4.npz,96,9,1,S4,4.09931678053657
C9/clip_12293_cold_S4.npz,96,9,0,S4,4.29928345275787
C9/clip_12294_cold_S4.npz,96,9,1,S4,4.26603963721867
C9/clip_12295_cold_S4.npz,96,9,1,S4,4.13264455924012
C9/clip_12296_cold_S4.npz,96,9,1,S4,4.26595567405432
C9/clip_12297_cold_S4.npz,96,9,0,S4,4.26581350396587
C9/clip_12298_cold_S4.npz,96,9,1,S4,4.16611118517531
C9/clip_12299_cold_S4.npz,96,9,0,S4,4.26595567405432
C9/clip_12300_cold_S5.npz,96,9,0,S5,4.24614363907779
C9/clip_12301_cold_S5.npz,96,9,0,S5,4.27903273957607
C9/clip_12302_cold_S5.npz,96,9,0,S5,4.2791310072416
C9/clip_12303_cold_S5.npz,96,9,0,S5,4.2791310072416
C9/clip_12304_cold_S5.npz,96,9,0,S5,4.24621461487821
C9/clip_12305_cold_S5.npz,96,9,0,S5,4.2791310072416
C9/clip_12306_cold_S5.npz,96,9,0,S5,4.27903273957607
C9/clip_12307_cold_S5.npz,96,9,0,S5,4.2791310072416
C9/clip_12308_cold_S5.npz,96,9,0,S5,4.2791310072416
C9/clip_12309_cold_S5.npz,96,9,0,S5,4.2791310072416
C9/clip_12310_cold_S5.npz,96,9,0,S5,4.2791310072416
C9/clip_12311_cold_S5.npz,96,9,0,S5,4.312047399605
C9/clip_12312_cold_S5.npz,96,9,0,S5,4.24621461487821
C9/clip_12313_cold_S5.npz,96,9,0,S5,4.2791310072416
C9/clip_12314_cold_S5.npz,96,9,0,S5,4.24621461487821
C9/clip_12315_cold_S5.npz,96,9,0,S5,4.312047399605
C9/clip_12316_cold_S5.npz,96,9,0,S5,4.24621461487821
C9/clip_12317_cold_S5.npz,96,9,0,S5,4.2791310072416
C9/clip_12318_cold_S5.npz,96,9,0,S5,4.2791310072416
C9/clip_12319_cold_S5.npz,96,9,0,S5,4.2791310072416
C9/clip_12320_cold_S5.npz,96,9,0,S5,4.03333333333333
C9/clip_12321_cold_S5.npz,96,9,0,S5,4
C9/clip_12322_cold_S5.npz,96,9,0,S5,4
C9/clip_12323_cold_S5.npz,96,9,0,S5,4.13333333333333
C9/clip_12324_cold_S5.npz,96,9,0,S5,3.93333333333333
C9/clip_12325_cold_S6.npz,96,9,0,S6,4.312047399605
C9/clip_12326_cold_S6.npz,96,9,1,S6,4.2791310072416
C9/clip_12327_cold_S6.npz,96,9,1,S6,4.2791310072416
C9/clip_12328_cold_S6.npz,96,9,1,S6,4.2791310072416
C9/clip_12329_cold_S6.npz,96,9,1,S6,4.2791310072416
C9/clip_12330_cold_S6.npz,96,9,1,S6,4.24621461487821
C9/clip_12331_cold_S6.npz,96,9,0,S6,4.2791310072416
C9/clip_12332_cold_S6.npz,96,9,0,S6,4.2791310072416
C9/clip_12333_cold_S6.npz,96,9,0,S6,4.24614363907779
C9/clip_12334_cold_S6.npz,96,9,0,S6,4.24614363907779
C9/clip_12335_cold_S6.npz,96,9,0,S6,4.2791310072416
C9/clip_12336_cold_S6.npz,96,9,1,S6,4.2791310072416
C9/clip_12337_cold_S6.npz,96,9,0,S6,4.312047399605
C9/clip_12338_cold_S6.npz,96,9,1,S6,4.2791310072416
C9/clip_12339_cold_S6.npz,96,9,0,S6,4.2791310072416
C9/clip_12340_cold_S6.npz,96,9,0,S6,4.2791310072416
C9/clip_12341_cold_S6.npz,96,9,0,S6,4.2791310072416
C9/clip_12342_cold_S6.npz,96,9,0,S6,4.2791310072416
C9/clip_12343_cold_S6.npz,96,9,0,S6,4.2791310072416
C9/clip_12344_cold_S6.npz,96,9,0,S6,4.2791310072416
C9/clip_12345_cold_S6.npz,96,9,1,S6,4.03333333333333
C9/clip_12346_cold_S6.npz,96,9,1,S6,3.93333333333333
C9/clip_12347_cold_S6.npz,96,9,1,S6,3.93333333333333
C9/clip_12348_cold_S6.npz,96,9,1,S6,3.73333333333333
C9/clip_12349_cold_S6.npz,96,9,1,S6,3.86666666666666
C9/clip_12350_cold_S7.npz,96,9,1,S7,4.29856714428523
C9/clip_12351_cold_S7.npz,96,9,1,S7,4.29856714428523
C9/clip_12352_cold_S7.npz,96,9,1,S7,4.26524491836054
C9/clip_12353_cold_S7.npz,96,9,1,S7,4.26524491836054
C9/clip_12354_cold_S7.npz,96,9,1,S7,4.26524491836054
C9/clip_12355_cold_S7.npz,96,9,1,S7,4.29856714428523
C9/clip_12356_cold_S7.npz,96,9,1,S7,4.29856714428523
C9/clip_12357_cold_S7.npz,96,9,1,S7,4.29856714428523
C9/clip_12358_cold_S7.npz,96,9,1,S7,4.33188937020993
C9/clip_12359_cold_S7.npz,96,9,1,S7,4.26524491836054
C9/clip_12360_cold_S7.npz,96,9,1,S7,4.26524491836054
C9/clip_12361_cold_S7.npz,96,9,1,S7,4.29856714428523
C9/clip_12362_cold_S7.npz,96,9,1,S7,4.26524491836054
C9/clip_12363_cold_S7.npz,96,9,1,S7,4.26524491836054
C9/clip_12364_cold_S7.npz,96,9,1,S7,4.29856714428523
C9/clip_12365_cold_S7.npz,96,9,1,S7,4.26524491836054
C9/clip_12366_cold_S7.npz,96,9,1,S7,4.29856714428523
C9/clip_12367_cold_S7.npz,96,9,1,S7,4.29856714428523
C9/clip_12368_cold_S7.npz,96,9,1,S7,4.26524491836054
C9/clip_12369_cold_S7.npz,96,9,1,S7,4.26524491836054
C9/clip_12370_cold_S7.npz,96,9,1,S7,3.83333333333333
C9/clip_12371_cold_S7.npz,96,9,1,S7,4.16666666666666
C9/clip_12372_cold_S7.npz,96,9,1,S7,3.96666666666666
C9/clip_12373_cold_S7.npz,96,9,1,S7,4.26666666666666
C9/clip_12374_cold_S7.npz,96,9,1,S7,4.03333333333333
C9/clip_12375_juice_S0.npz,97,9,1,S0,4.06666666666666
C9/clip_12376_juice_S0.npz,97,9,1,S0,4.06666666666666
C9/clip_12377_juice_S0.npz,97,9,1,S0,4.06666666666666
C9/clip_12378_juice_S0.npz,97,9,1,S0,4.06666666666666
C9/clip_12379_juice_S1.npz,97,9,1,S1,4.06666666666666
C9/clip_12380_juice_S1.npz,97,9,1,S1,4.06666666666666
C9/clip_12381_juice_S1.npz,97,9,1,S1,4.06666666666666
C9/clip_12382_juice_S1.npz,97,9,1,S1,4.06666666666666
C9/clip_12383_juice_S1.npz,97,9,1,S1,4.06666666666666
C9/clip_12384_juice_S2.npz,97,9,0,S2,4.06666666666666
C9/clip_12385_juice_S2.npz,97,9,0,S2,4.06666666666666
C9/clip_12386_juice_S2.npz,97,9,0,S2,4.06666666666666
C9/clip_12387_juice_S2.npz,97,9,0,S2,4.06666666666666
C9/clip_12388_juice_S2.npz,97,9,0,S2,4.06666666666666
C9/clip_12389_juice_S2.npz,97,9,0,S2,4.06666666666666
C9/clip_12390_juice_S3.npz,97,9,0,S3,4.06666666666666
C9/clip_12391_juice_S3.npz,97,9,1,S3,4.06666666666666
C9/clip_12392_juice_S3.npz,97,9,1,S3,4.06666666666666
C9/clip_12393_juice_S3.npz,97,9,0,S3,4.06666666666666
C9/clip_12394_juice_S3.npz,97,9,1,S3,4.06666666666666
C9/clip_12395_juice_S4.npz,97,9,1,S4,4.49925012497917
C9/clip_12396_juice_S4.npz,97,9,1,S4,3.79936677220463
C9/clip_12397_juice_S4.npz,97,9,1,S4,4.79936008532195
C9/clip_12398_juice_S4.npz,97,9,1,S4,3.96600566572238
C9/clip_12399_juice_S4.npz,97,9,1,S4,4.53272896947073
C9/clip_12400_juice_S4.npz,97,9,1,S4,4.43259456757207
C9/clip_12401_juice_S4.npz,97,9,1,S4,4.13264455924012
C9/clip_12402_juice_S4.npz,97,9,1,S4,4.16597233794367
C9/clip_12403_juice_S4.npz,97,9,1,S4,4.36593901016497
C9/clip_12404_juice_S4.npz,97,9,1,S4,4.23262789535077
C9/clip_12405_juice_S4.npz,97,9,1,S4,4.26595567405432
C9/clip_12406_juice_S4.npz,97,9,1,S4,4.23262789535077
C9/clip_12407_juice_S4.npz,97,9,1,S4,4.76571352396187
C9/clip_12408_juice_S4.npz,97,9,1,S4,4.36593901016497
C9/clip_12409_juice_S4.npz,97,9,1,S4,4.29928345275787
C9/clip_12410_juice_S4.npz,97,9,1,S4,4.13264455924012
C9/clip_12411_juice_S4.npz,97,9,1,S4,4.39926678886852
C9/clip_12412_juice_S4.npz,97,9,1,S4,4.29928345275787
C9/clip_12413_juice_S4.npz,97,9,1,S4,4.26595567405432
C9/clip_12414_juice_S4.npz,97,9,1,S4,4.1995800419958
C9/clip_12415_juice_S4.npz,97,9,1,S4,4.26595567405432
C9/clip_12416_juice_S4.npz,97,9,1,S4,4.59923346108981
C9/clip_12417_juice_S4.npz,97,9,1,S4,4.09931678053657
C9/clip_12418_juice_S4.npz,97,9,1,S4,4.26609785361951
C9/clip_12419_juice_S4.npz,97,9,1,S4,4.23262789535077
C9/clip_12420_juice_S4.npz,97,9,1,S4,4.26595567405432
C9/clip_12421_juice_S5.npz,97,9,0,S5,4.24621461487821
C9/clip_12422_juice_S5.npz,97,9,0,S5,4.2791310072416
C9/clip_12423_juice_S5.npz,97,9,0,S5,4.24621461487821
C9/clip_12424_juice_S5.npz,97,9,0,S5,4.2791310072416
C9/clip_12425_juice_S5.npz,97,9,0,S5,4.2791310072416
C9/clip_12426_juice_S5.npz,97,9,0,S5,4.27903273957607
C9/clip_12427_juice_S5.npz,97,9,0,S5,4.2791310072416
C9/clip_12428_juice_S5.npz,97,9,0,S5,4.24621461487821
C9/clip_12429_juice_S5.npz,97,9,0,S5,4.2791310072416
C9/clip_12430_juice_S5.npz,97,9,0,S5,4.2791310072416
C9/clip_12431_juice_S5.npz,97,9,0,S5,4.312047399605
C9/clip_12432_juice_S5.npz,97,9,0,S5,4.312047399605
C9/clip_12433_juice_S5.npz,97,9,0,S5,4.31191747653321
C9/clip_12434_juice_S5.npz,97,9,0,S5,4.2791310072416
C9/clip_12435_juice_S5.npz,97,9,0,S5,4.2791310072416
C9/clip_12436_juice_S5.npz,97,9,0,S5,4.24621461487821
C9/clip_12437_juice_S5.npz,97,9,0,S5,4.2791310072416
C9/clip_12438_juice_S5.npz,97,9,1,S5,4.2791310072416
C9/clip_12439_juice_S5.npz,97,9,0,S5,4.27903273957607
C9/clip_12440_juice_S5.npz,97,9,0,S5,4.2791310072416
C9/clip_12441_juice_S5.npz,97,9,1,S5,4.23276896413811
C9/clip_12442_juice_S5.npz,97,9,0,S5,4.29928345275787
C9/clip_12443_juice_S5.npz,97,9,0,S5,4.23276896413811
C9/clip_12444_juice_S5.npz,97,9,0,S5,4.23262789535077
C9/clip_12445_juice_S5.npz,97,9,0,S5,4.29928345275787
C9/clip_12446_juice_S6.npz,97,9,1,S6,4.31191747653321
C9/clip_12447_juice_S6.npz,97,9,1,S6,4.2791310072416
C9/clip_12448_juice_S6.npz,97,9,1,S6,4.2791310072416
C9/clip_12449_juice_S6.npz,97,9,1,S6,4.2791310072416
C9/clip_12450_juice_S6.npz,97,9,1,S6,4.2791310072416
C9/clip_12451_juice_S6.npz,97,9,1,S6,4.2791310072416
C9/clip_12452_juice_S6.npz,97,9,1,S6,4.2791310072416
C9/clip_12453_juice_S6.npz,97,9,1,S6,4.2791310072416
C9/clip_12454_juice_S6.npz,97,9,1,S6,4.2791310072416
C9/clip_12455_juice_S6.npz,97,9,1,S6,4.24614363907779
C9/clip_12456_juice_S6.npz,97,9,1,S6,4.312047399605
C9/clip_12457_juice_S6.npz,97,9,1,S6,4.2791310072416
C9/clip_12458_juice_S6.npz,97,9,1,S6,4.2791310072416
C9/clip_12459_juice_S6.npz,97,9,1,S6,4.2791310072416
C9/clip_12460_juice_S6.npz,97,9,1,S6,4.2791310072416
C9/clip_12461_juice_S6.npz,97,9,0,S6,4.2791310072416
C9/clip_12462_juice_S6.npz,97,9,0,S6,4.312047399605
C9/clip_12463_juice_S6.npz,97,9,0,S6,4.24621461487821
C9/clip_12464_juice_S6.npz,97,9,0,S6,4.2791310072416
C9/clip_12465_juice_S6.npz,97,9,0,S6,4.24621461487821
C9/clip_12466_juice_S6.npz,97,9,1,S6,4.06598900183302
C9/clip_12467_juice_S6.npz,97,9,1,S6,4.23276896413811
C9/clip_12468_juice_S6.npz,97,9,1,S6,4.23262789535077
C9/clip_12469_juice_S6.npz,97,9,1,S6,4.26595567405432
C9/clip_12470_juice_S6.npz,97,9,1,S6,4.19930011664722
C9/clip_12471_juice_S6.npz,97,9,1,S6,4.26609785361951
C9/clip_12472_juice_S6.npz,97,9,1,S6,4.2329100423291
C9/clip_12473_juice_S7.npz,97,9,1,S7,4.26524491836054
C9/clip_12474_juice_S7.npz,97,9,1,S7,4.29856714428523
C9/clip_12475_juice_S7.npz,97,9,1,S7,4.26524491836054
C9/clip_12476_juice_S7.npz,97,9,1,S7,4.26524491836054
C9/clip_12477_juice_S7.npz,97,9,1,S7,4.29856714428523
C9/clip_12478_juice_S7.npz,97,9,0,S7,4.26524491836054
C9/clip_12479_juice_S7.npz,97,9,1,S7,4.29856714428523
C9/clip_12480_juice_S7.npz,97,9,1,S7,4.26524491836054
C9/clip_12481_juice_S7.npz,97,9,1,S7,4.26524491836054
C9/clip_12482_juice_S7.npz,97,9,1,S7,4.26524491836054
C9/clip_12483_juice_S7.npz,97,9,1,S7,4.26524491836054
C9/clip_12484_juice_S7.npz,97,9,1,S7,4.26524491836054
C9/clip_12485_juice_S7.npz,97,9,1,S7,4.26524491836054
C9/clip_12486_juice_S7.npz,97,9,1,S7,4.26524491836054
C9/clip_12487_juice_S7.npz,97,9,1,S7,4.26524491836054
C9/clip_12488_juice_S7.npz,97,9,1,S7,4.26524491836054
C9/clip_12489_juice_S7.npz,97,9,1,S7,4.26524491836054
C9/clip_12490_juice_S7.npz,97,9,1,S7,4.29856714428523
C9/clip_12491_juice_S7.npz,97,9,1,S7,4.29856714428523
C9/clip_12492_juice_S7.npz,97,9,1,S7,4.29856714428523
C9/clip_12493_juice_S7.npz,97,9,1,S7,4.16597233794367
C9/clip_12494_juice_S7.npz,97,9,1,S7,4.23262789535077
C9/clip_12495_juice_S7.npz,97,9,1,S7,4.19930011664722
C9/clip_12496_juice_S7.npz,97,9,1,S7,4.16597233794367
C9/clip_12497_juice_S7.npz,97,9,1,S7,3.76591348396987
C9/clip_12498_milk_S0.npz,98,9,1,S0,4.06666666666666
C9/clip_12499_milk_S0.npz,98,9,1,S0,4.06666666666666
C9/clip_12500_milk_S0.npz,98,9,1,S0,4.06666666666666
C9/clip_12501_milk_S0.npz,98,9,1,S0,4.06666666666666
C9/clip_12502_milk_S0.npz,98,9,1,S0,4.06666666666666
C9/clip_12503_milk_S1.npz,98,9,1,S1,4.06666666666666
C9/clip_12504_milk_S1.npz,98,9,1,S1,4.06666666666666
C9/clip_12505_milk_S1.npz,98,9,1,S1,4.06666666666666
C9/clip_12506_milk_S1.npz,98,9,1,S1,4.06666666666666
C9/clip_12507_milk_S1.npz,98,9,1,S1,4.06666666666666
C9/clip_12508_milk_S2.npz,98,9,0,S2,4.06666666666666
C9/clip_12509_milk_S2.npz,98,9,0,S2,4.06666666666666
C9/clip_12510_milk_S2.npz,98,9,1,S2,4.06666666666666
C9/clip_12511_milk_S2.npz,98,9,0,S2,4.06666666666666
C9/clip_12512_milk_S2.npz,98,9,1,S2,4.06666666666666
C9/clip_12513_milk_S3.npz,98,9,1,S3,4.06666666666666
C9/clip_12514_milk_S3.npz,98,9,1,S3,4.06666666666666
C9/clip_12515_milk_S3.npz,98,9,1,S3,4.06666666666666
C9/clip_12516_milk_S3.npz,98,9,1,S3,4.06666666666666
C9/clip_12517_milk_S3.npz,98,9,1,S3,4.06666666666666
C9/clip_12518_milk_S4.npz,98,9,0,S4,5.16580569905015
C9/clip_12519_milk_S4.npz,98,9,1,S4,4.33261123146142
C9/clip_12520_milk_S4.npz,98,9,1,S4,4.46607119050793
C9/clip_12521_milk_S4.npz,98,9,1,S4,3.99933344442592
C9/clip_12522_milk_S4.npz,98,9,1,S4,4.53257790368272
C9/clip_12523_milk_S4.npz,98,9,0,S4,4.06598900183302
C9/clip_12524_milk_S4.npz,98,9,0,S4,4.23262789535077
C9/clip_12525_milk_S4.npz,98,9,1,S4,4.39926678886852
C9/clip_12526_milk_S4.npz,98,9,0,S4,4.29942674310092
C9/clip_12527_milk_S4.npz,98,9,1,S4,4.33275563258232
C9/clip_12528_milk_S4.npz,98,9,1,S4,4.36593901016497
C9/clip_12529_milk_S4.npz,98,9,1,S4,4.33261123146142
C9/clip_12530_milk_S4.npz,98,9,1,S4,4.13264455924012
C9/clip_12531_milk_S4.npz,98,9,1,S4,4.33261123146142
C9/clip_12532_milk_S4.npz,98,9,1,S4,4.29928345275787
C9/clip_12533_milk_S4.npz,98,9,1,S4,4.33261123146142
C9/clip_12534_milk_S4.npz,98,9,1,S4,4.69921679720046
C9/clip_12535_milk_S4.npz,98,9,1,S4,4.23262789535077
C9/clip_12536_milk_S4.npz,98,9,1,S4,4.06598900183302
C9/clip_12537_milk_S4.npz,98,9,1,S4,4.26595567405432
C9/clip_12538_milk_S4.npz,98,9,1,S4,4.39926678886852
C9/clip_12539_milk_S4.npz,98,9,1,S4,4.26595567405432
C9/clip_12540_milk_S4.npz,98,9,0,S4,3.93254682396854
C9/clip_12541_milk_S4.npz,98,9,1,S4,4.16597233794367
C9/clip_12542_milk_S4.npz,98,9,1,S4,4.53257790368272
C9/clip_12543_milk_S5.npz,98,9,0,S5,4.24614363907779
C9/clip_12544_milk_S5.npz,98,9,0,S5,4.2791310072416
C9/clip_12545_milk_S5.npz,98,9,0,S5,4.24621461487821
C9/clip_12546_milk_S5.npz,98,9,0,S5,4.2791310072416
C9/clip_12547_milk_S5.npz,98,9,0,S5,4.312047399605
C9/clip_12548_milk_S5.npz,98,9,0,S5,4.27903273957607
C9/clip_12549_milk_S5.npz,98,9,0,S5,4.312047399605
C9/clip_12550_milk_S5.npz,98,9,0,S5,4.27907598702905
C9/clip_12551_milk_S5.npz,98,9,0,S5,4.2791310072416
C9/clip_12552_milk_S5.npz,98,9,0,S5,4.2791310072416
C9/clip_12553_milk_S5.npz,98,9,0,S5,4.2791310072416
C9/clip_12554_milk_S5.npz,98,9,0,S5,4.2791310072416
C9/clip_12555_milk_S5.npz,98,9,1,S5,4.27907598702905
C9/clip_12556_milk_S5.npz,98,9,0,S5,4.2791310072416
C9/clip_12557_milk_S5.npz,98,9,0,S5,4.2791310072416
C9/clip_12558_milk_S5.npz,98,9,0,S5,4.2791310072416
C9/clip_12559_milk_S5.npz,98,9,0,S5,4.2791310072416
C9/clip_12560_milk_S5.npz,98,9,0,S5,4.24621461487821
C9/clip_12561_milk_S5.npz,98,9,0,S5,4.27903273957607
C9/clip_12562_milk_S5.npz,98,9,0,S5,4.2791310072416
C9/clip_12563_milk_S5.npz,98,9,0,S5,4.16611118517531
C9/clip_12564_milk_S5.npz,98,9,0,S5,4.0991801639672
C9/clip_12565_milk_S5.npz,98,9,0,S5,4.09931678053657
C9/clip_12566_milk_S5.npz,98,9,0,S5,4.23248683596614
C9/clip_12567_milk_S5.npz,98,9,0,S5,4.16611118517531
C9/clip_12568_milk_S6.npz,98,9,0,S6,4.2791310072416
C9/clip_12569_milk_S6.npz,98,9,0,S6,4.2791310072416
C9/clip_12570_milk_S6.npz,98,9,0,S6,4.2791310072416
C9/clip_12571_milk_S6.npz,98,9,0,S6,4.2791310072416
C9/clip_12572_milk_S6.npz,98,9,0,S6,4.2791310072416
C9/clip_12573_milk_S6.npz,98,9,0,S6,4.2791310072416
C9/clip_12574_milk_S6.npz,98,9,0,S6,4.2791310072416
C9/clip_12575_milk_S6.npz,98,9,0,S6,4.2791310072416
C9/clip_12576_milk_S6.npz,98,9,0,S6,4.2791310072416
C9/clip_12577_milk_S6.npz,98,9,0,S6,4.24621461487821
C9/clip_12578_milk_S6.npz,98,9,0,S6,4.2791310072416
C9/clip_12579_milk_S6.npz,98,9,0,S6,4.2791310072416
C9/clip_12580_milk_S6.npz,98,9,0,S6,4.2791310072416
C9/clip_12581_milk_S6.npz,98,9,0,S6,4.2791310072416
C9/clip_12582_milk_S6.npz,98,9,0,S6,4.2791310072416
C9/clip_12583_milk_S6.npz,98,9,0,S6,4.2791310072416
C9/clip_12584_milk_S6.npz,98,9,0,S6,4.312047399605
C9/clip_12585_milk_S6.npz,98,9,0,S6,4.2791310072416
C9/clip_12586_milk_S6.npz,98,9,0,S6,4.2791310072416
C9/clip_12587_milk_S6.npz,98,9,0,S6,4.2791310072416
C9/clip_12588_milk_S6.npz,98,9,0,S6,4.23262789535077
C9/clip_12589_milk_S6.npz,98,9,0,S6,4.06598900183302
C9/clip_12590_milk_S6.npz,98,9,0,S6,4.19944007465671
C9/clip_12591_milk_S6.npz,98,9,1,S6,4.19930011664722
C9/clip_12592_milk_S6.npz,98,9,1,S6,4.16597233794367
C9/clip_12593_milk_S6.npz,98,9,1,S6,4.23276896413811
C9/clip_12594_milk_S7.npz,98,9,1,S7,4.29856714428523
C9/clip_12595_milk_S7.npz,98,9,1,S7,4.26524491836054
C9/clip_12596_milk_S7.npz,98,9,1,S7,4.26524491836054
C9/clip_12597_milk_S7.npz,98,9,1,S7,4.26524491836054
C9/clip_12598_milk_S7.npz,98,9,1,S7,4.29856714428523
C9/clip_12599_milk_S7.npz,98,9,0,S7,4.23192269243585
C9/clip_12600_milk_S7.npz,98,9,1,S7,4.29856714428523
C9/clip_12601_milk_S7.npz,98,9,1,S7,4.29856714428523
C9/clip_12602_milk_S7.npz,98,9,1,S7,4.29856714428523
C9/clip_12603_milk_S7.npz,98,9,1,S7,4.29856714428523
C9/clip_12604_milk_S7.npz,98,9,1,S7,4.26524491836054
C9/clip_12605_milk_S7.npz,98,9,1,S7,4.29856714428523
C9/clip_12606_milk_S7.npz,98,9,1,S7,4.26524491836054
C9/clip_12607_milk_S7.npz,98,9,1,S7,4.26524491836054
C9/clip_12608_milk_S7.npz,98,9,1,S7,4.33188937020993
C9/clip_12609_milk_S7.npz,98,9,1,S7,4.26524491836054
C9/clip_12610_milk_S7.npz,98,9,1,S7,4.23192269243585
C9/clip_12611_milk_S7.npz,98,9,1,S7,4.29856714428523
C9/clip_12612_milk_S7.npz,98,9,1,S7,4.29856714428523
C9/clip_12613_milk_S7.npz,98,9,1,S7,4.26524491836054
C9/clip_12614_milk_S7.npz,98,9,1,S7,4.19930011664722
C9/clip_12615_milk_S7.npz,98,9,1,S7,4.23262789535077
C9/clip_12616_milk_S7.npz,98,9,1,S7,4.23276896413811
C9/clip_12617_milk_S7.npz,98,9,1,S7,4.16597233794367
C9/clip_12618_milk_S7.npz,98,9,1,S7,4.29942674310092
C9/clip_12619_coffee_S0.npz,99,9,1,S0,4.06666666666666
C9/clip_12620_coffee_S0.npz,99,9,1,S0,4.06666666666666
C9/clip_12621_coffee_S0.npz,99,9,1,S0,4.06666666666666
C9/clip_12622_coffee_S0.npz,99,9,1,S0,4.06666666666666
C9/clip_12623_coffee_S0.npz,99,9,1,S0,4.06666666666666
C9/clip_12624_coffee_S1.npz,99,9,1,S1,4.06666666666666
C9/clip_12625_coffee_S1.npz,99,9,1,S1,4.06666666666666
C9/clip_12626_coffee_S1.npz,99,9,1,S1,4.06666666666666
C9/clip_12627_coffee_S1.npz,99,9,1,S1,4.06666666666666
C9/clip_12628_coffee_S1.npz,99,9,1,S1,4.06666666666666
C9/clip_12629_coffee_S2.npz,99,9,0,S2,4.06666666666666
C9/clip_12630_coffee_S2.npz,99,9,0,S2,4.06666666666666
C9/clip_12631_coffee_S2.npz,99,9,0,S2,4.06666666666666
C9/clip_12632_coffee_S2.npz,99,9,0,S2,4.06666666666666
C9/clip_12633_coffee_S2.npz,99,9,0,S2,4.06666666666666
C9/clip_12634_coffee_S3.npz,99,9,1,S3,4.06666666666666
C9/clip_12635_coffee_S3.npz,99,9,1,S3,4.06666666666666
C9/clip_12636_coffee_S3.npz,99,9,1,S3,4.06666666666666
C9/clip_12637_coffee_S3.npz,99,9,1,S3,4.06666666666666
C9/clip_12638_coffee_S3.npz,99,9,1,S3,4.06666666666666
C9/clip_12639_coffee_S4.npz,99,9,1,S4,4.53272896947073
C9/clip_12640_coffee_S4.npz,99,9,1,S4,4.39926678886852
C9/clip_12641_coffee_S4.npz,99,9,0,S4,4.43259456757207
C9/clip_12642_coffee_S4.npz,99,9,1,S4,4.39926678886852
C9/clip_12643_coffee_S4.npz,99,9,0,S4,4.36593901016497
C9/clip_12644_coffee_S4.npz,99,9,1,S4,4.26595567405432
C9/clip_12645_coffee_S4.npz,99,9,1,S4,4.16597233794367
C9/clip_12646_coffee_S4.npz,99,9,1,S4,4.23276896413811
C9/clip_12647_coffee_S4.npz,99,9,1,S4,4.26595567405432
C9/clip_12648_coffee_S4.npz,99,9,1,S4,4.332900043329
C9/clip_12649_coffee_S4.npz,99,9,1,S4,4.26595567405432
C9/clip_12650_coffee_S4.npz,99,9,1,S4,4.29928345275787
C9/clip_12651_coffee_S4.npz,99,9,1,S4,4.26595567405432
C9/clip_12652_coffee_S4.npz,99,9,1,S4,4.33275563258232
C9/clip_12653_coffee_S4.npz,99,9,1,S4,4.332900043329
C9/clip_12654_coffee_S4.npz,99,9,1,S4,4.1327822956939
C9/clip_12655_coffee_S4.npz,99,9,1,S4,4.33261123146142
C9/clip_12656_coffee_S4.npz,99,9,1,S4,4.29928345275787
C9/clip_12657_coffee_S4.npz,99,9,1,S4,4.19930011664722
C9/clip_12658_coffee_S4.npz,99,9,1,S4,4.53257790368272
C9/clip_12659_coffee_S4.npz,99,9,1,S4,4.29928345275787
C9/clip_12660_coffee_S4.npz,99,9,1,S4,4.26609785361951
C9/clip_12661_coffee_S4.npz,99,9,1,S4,4.23262789535077
C9/clip_12662_coffee_S4.npz,99,9,1,S4,4.19930011664722
C9/clip_12663_coffee_S4.npz,99,9,1,S4,4.26595567405432
C9/clip_12664_coffee_S5.npz,99,9,0,S5,4.2791310072416
C9/clip_12665_coffee_S5.npz,99,9,0,S5,4.27903273957607
C9/clip_12666_coffee_S5.npz,99,9,0,S5,4.2791310072416
C9/clip_12667_coffee_S5.npz,99,9,1,S5,4.2791310072416
C9/clip_12668_coffee_S5.npz,99,9,1,S5,4.2791310072416
C9/clip_12669_coffee_S5.npz,99,9,1,S5,4.27907598702905
C9/clip_12670_coffee_S5.npz,99,9,1,S5,4.24621461487821
C9/clip_12671_coffee_S5.npz,99,9,1,S5,4.27897574123989
C9/clip_12672_coffee_S5.npz,99,9,1,S5,4.2791310072416
C9/clip_12673_coffee_S5.npz,99,9,1,S5,4.2791310072416
C9/clip_12674_coffee_S5.npz,99,9,0,S5,4.2791310072416
C9/clip_12675_coffee_S5.npz,99,9,0,S5,4.2791310072416
C9/clip_12676_coffee_S5.npz,99,9,0,S5,4.2791310072416
C9/clip_12677_coffee_S5.npz,99,9,1,S5,4.2791310072416
C9/clip_12678_coffee_S5.npz,99,9,0,S5,4.2791310072416
C9/clip_12679_coffee_S5.npz,99,9,0,S5,4.2791310072416
C9/clip_12680_coffee_S5.npz,99,9,0,S5,4.2791310072416
C9/clip_12681_coffee_S5.npz,99,9,0,S5,4.2791310072416
C9/clip_12682_coffee_S5.npz,99,9,0,S5,4.2791310072416
C9/clip_12683_coffee_S5.npz,99,9,0,S5,4.2791310072416
C9/clip_12684_coffee_S5.npz,99,9,0,S5,4.46592234627562
C9/clip_12685_coffee_S5.npz,99,9,0,S5,4.19944007465671
C9/clip_12686_coffee_S5.npz,99,9,0,S5,4.23262789535077
C9/clip_12687_coffee_S5.npz,99,9,0,S5,4.26595567405432
C9/clip_12688_coffee_S5.npz,99,9,0,S5,4.26595567405432
C9/clip_12689_coffee_S5.npz,99,9,0,S5,4.23276896413811
C9/clip_12690_coffee_S6.npz,99,9,1,S6,4.2791310072416
C9/clip_12691_coffee_S6.npz,99,9,0,S6,4.2791310072416
C9/clip_12692_coffee_S6.npz,99,9,0,S6,4.2791310072416
C9/clip_12693_coffee_S6.npz,99,9,0,S6,4.2791310072416
C9/clip_12694_coffee_S6.npz,99,9,0,S6,4.2791310072416
C9/clip_12695_coffee_S6.npz,99,9,0,S6,4.2791310072416
C9/clip_12696_coffee_S6.npz,99,9,0,S6,4.2791310072416
C9/clip_12697_coffee_S6.npz,99,9,0,S6,4.24621461487821
C9/clip_12698_coffee_S6.npz,99,9,0,S6,4.2791310072416
C9/clip_12699_coffee_S6.npz,99,9,0,S6,4.2791310072416
C9/clip_12700_coffee_S6.npz,99,9,1,S6,4.24621461487821
C9/clip_12701_coffee_S6.npz,99,9,1,S6,4.312047399605
C9/clip_12702_coffee_S6.npz,99,9,1,S6,4.2791310072416
C9/clip_12703_coffee_S6.npz,99,9,1,S6,4.2791310072416
C9/clip_12704_coffee_S6.npz,99,9,1,S6,4.24621461487821
C9/clip_12705_coffee_S6.npz,99,9,1,S6,4.2791310072416
C9/clip_12706_coffee_S6.npz,99,9,1,S6,4.312047399605
C9/clip_12707_coffee_S6.npz,99,9,1,S6,4.2791310072416
C9/clip_12708_coffee_S6.npz,99,9,0,S6,4.2791310072416
C9/clip_12709_coffee_S6.npz,99,9,1,S6,4.2791310072416
C9/clip_12710_coffee_S6.npz,99,9,1,S6,4.29942674310092
C9/clip_12711_coffee_S6.npz,99,9,1,S6,4.06598900183302
C9/clip_12712_coffee_S6.npz,99,9,1,S6,3.99946673776829
C9/clip_12713_coffee_S6.npz,99,9,1,S6,4.26609785361951
C9/clip_12714_coffee_S6.npz,99,9,1,S6,4.19930011664722
C9/clip_12715_coffee_S6.npz,99,9,1,S6,4.0661245167311
C9/clip_12716_coffee_S7.npz,99,9,1,S7,4.29856714428523
C9/clip_12717_coffee_S7.npz,99,9,1,S7,4.29856714428523
C9/clip_12718_coffee_S7.npz,99,9,1,S7,4.29856714428523
C9/clip_12719_coffee_S7.npz,99,9,1,S7,4.29856714428523
C9/clip_12720_coffee_S7.npz,99,9,1,S7,4.29856714428523
C9/clip_12721_coffee_S7.npz,99,9,1,S7,4.29856714428523
C9/clip_12722_coffee_S7.npz,99,9,1,S7,4.29856714428523
C9/clip_12723_coffee_S7.npz,99,9,1,S7,4.29856714428523
C9/clip_12724_coffee_S7.npz,99,9,1,S7,4.29856714428523
C9/clip_12725_coffee_S7.npz,99,9,1,S7,4.26524491836054
C9/clip_12726_coffee_S7.npz,99,9,1,S7,4.29856714428523
C9/clip_12727_coffee_S7.npz,99,9,1,S7,4.26524491836054
C9/clip_12728_coffee_S7.npz,99,9,1,S7,4.26524491836054
C9/clip_12729_coffee_S7.npz,99,9,1,S7,4.26524491836054
C9/clip_12730_coffee_S7.npz,99,9,1,S7,4.26567134335321
C9/clip_12731_coffee_S7.npz,99,9,0,S7,4.29856714428523
C9/clip_12732_coffee_S7.npz,99,9,1,S7,4.26524491836054
C9/clip_12733_coffee_S7.npz,99,9,1,S7,4.29856714428523
C9/clip_12734_coffee_S7.npz,99,9,1,S7,4.29856714428523
C9/clip_12735_coffee_S7.npz,99,9,1,S7,4.29856714428523
C9/clip_12736_coffee_S7.npz,99,9,1,S7,4.23262789535077
C9/clip_12737_coffee_S7.npz,99,9,1,S7,4.0661245167311
C9/clip_12738_coffee_S7.npz,99,9,1,S7,4.23262789535077
C9/clip_12739_coffee_S7.npz,99,9,1,S7,4.23262789535077
C9/clip_12740_coffee_S7.npz,99,9,1,S7,4.19944007465671
