File Name,Frame Range,Ground Truth Gloss/Category,Predicted Gloss/Category,Match Status
continuous_0001_S0_strategy2.npz,0-183,-,NO,FP
continuous_0001_S0_strategy2.npz,183-366,THANK YOU,THANK YOU,TP
continuous_0001_S0_strategy2.npz,366-732,PARENTS,PARENTS,TP
continuous_0001_S0_strategy2.npz,0-120,MONDAY,-,FN
continuous_0001_S0_strategy2.npz,120-241,NO,-,FN
continuous_0001_S0_strategy2.npz,483-604,BEER,-,FN
continuous_0001_S0_strategy2.npz,604-725,BOY,-,FN
continuous_0002_S0_strategy2.npz,0-291,COLD,COLD,TP
continuous_0002_S0_strategy2.npz,291-585,GRANDFATHER,GRANDFATHER,TP
continuous_0002_S0_strategy2.npz,585-732,LIGHT,LIGHT,TP
continuous_0002_S0_strategy2.npz,120-241,SEVEN,-,FN
continuous_0002_S0_strategy2.npz,362-483,JANUARY,-,FN
continuous_0002_S0_strategy2.npz,604-725,TOMORROW,-,FN
continuous_0003_S0_strategy2.npz,0-121,-,SEPTEMBER,FP
continuous_0003_S0_strategy2.npz,121-487,SHRIMP,SHRIMP,TP
continuous_0003_S0_strategy2.npz,487-609,COUSIN,COUSIN,TP
continuous_0003_S0_strategy2.npz,609-732,SUNDAY,SUNDAY,TP
continuous_0003_S0_strategy2.npz,0-120,APRIL,-,FN
continuous_0003_S0_strategy2.npz,241-362,CORRECT,-,FN
continuous_0003_S0_strategy2.npz,362-483,YELLOW,-,FN
continuous_0004_S0_strategy2.npz,0-208,SLOW,SLOW,TP
continuous_0004_S0_strategy2.npz,208-312,-,SEPTEMBER,FP
continuous_0004_S0_strategy2.npz,312-417,WEDNESDAY,WEDNESDAY,TP
continuous_0004_S0_strategy2.npz,417-522,ORANGE,ORANGE,TP
continuous_0004_S0_strategy2.npz,522-627,FATHER,FATHER,TP
continuous_0004_S0_strategy2.npz,627-732,BLIND,BLIND,TP
continuous_0004_S0_strategy2.npz,120-241,NOVEMBER,-,FN
continuous_0005_S0_strategy2.npz,243-366,SATURDAY,SATURDAY,TP
continuous_0005_S0_strategy2.npz,366-487,-,WINE,FP
continuous_0005_S0_strategy2.npz,487-853,DAUGHTER,DAUGHTER,TP
continuous_0005_S0_strategy2.npz,0-120,SEVEN,-,FN
continuous_0005_S0_strategy2.npz,120-241,KNOW,-,FN
continuous_0005_S0_strategy2.npz,362-483,WINE,-,FN
continuous_0005_S0_strategy2.npz,604-725,AUGUST,-,FN
continuous_0005_S0_strategy2.npz,725-846,CHICKEN,-,FN
continuous_0006_S0_strategy2.npz,105-532,FISH,FISH,TP
continuous_0006_S0_strategy2.npz,532-747,WOMAN,WOMAN,TP
continuous_0006_S0_strategy2.npz,747-853,VIOLET,VIOLET,TP
continuous_0006_S0_strategy2.npz,0-120,SON,-,FN
continuous_0006_S0_strategy2.npz,120-241,JULY,-,FN
continuous_0006_S0_strategy2.npz,241-362,BEER,-,FN
continuous_0006_S0_strategy2.npz,483-604,FAST,-,FN
continuous_0007_S0_strategy2.npz,103-208,-,MAN,FP
continuous_0007_S0_strategy2.npz,208-312,AUNTIE,AUNTIE,TP
continuous_0007_S0_strategy2.npz,312-522,-,COUSIN,FP
continuous_0007_S0_strategy2.npz,522-627,-,GREEN,FP
continuous_0007_S0_strategy2.npz,627-732,-,FIVE,FP
continuous_0007_S0_strategy2.npz,0-120,MAN,-,FN
continuous_0007_S0_strategy2.npz,241-362,COFFEE,-,FN
continuous_0007_S0_strategy2.npz,362-483,GREEN,-,FN
continuous_0007_S0_strategy2.npz,483-604,FIVE,-,FN
continuous_0007_S0_strategy2.npz,604-725,YESTERDAY,-,FN
continuous_0008_S0_strategy2.npz,208-312,-,THURSDAY,FP
continuous_0008_S0_strategy2.npz,312-417,-,DON’T UNDERSTAND,FP
continuous_0008_S0_strategy2.npz,417-627,GRAY,GRAY,TP
continuous_0008_S0_strategy2.npz,627-732,NICE TO MEET YOU,NICE TO MEET YOU,TP
continuous_0008_S0_strategy2.npz,0-120,WEELCHAIR PERSON,-,FN
continuous_0008_S0_strategy2.npz,120-241,AUGUST,-,FN
continuous_0008_S0_strategy2.npz,241-362,THURSDAY,-,FN
continuous_0008_S0_strategy2.npz,362-483,DON’T UNDERSTAND,-,FN
continuous_0009_S0_strategy2.npz,0-105,RICE,RICE,TP
continuous_0009_S0_strategy2.npz,105-213,-,THREE,FP
continuous_0009_S0_strategy2.npz,213-426,-,PINK,FP
continuous_0009_S0_strategy2.npz,426-532,-,PARENTS,FP
continuous_0009_S0_strategy2.npz,532-639,-,TEA,FP
continuous_0009_S0_strategy2.npz,639-747,-,JUICE,FP
continuous_0009_S0_strategy2.npz,747-853,GIRL,GIRL,TP
continuous_0009_S0_strategy2.npz,120-241,THREE,-,FN
continuous_0009_S0_strategy2.npz,241-362,RED,-,FN
continuous_0009_S0_strategy2.npz,362-483,MAY,-,FN
continuous_0009_S0_strategy2.npz,483-604,PARENTS,-,FN
continuous_0009_S0_strategy2.npz,604-725,JUICE,-,FN
continuous_0010_S0_strategy2.npz,0-121,THANK YOU,THANK YOU,TP
continuous_0010_S0_strategy2.npz,121-366,-,AUNTIE,FP
continuous_0010_S0_strategy2.npz,366-487,TEN,TEN,TP
continuous_0010_S0_strategy2.npz,487-609,HOT,HOT,TP
continuous_0010_S0_strategy2.npz,609-732,BROWN,BROWN,TP
continuous_0010_S0_strategy2.npz,120-241,BOY,-,FN
continuous_0010_S0_strategy2.npz,241-362,UNCLE,-,FN
continuous_0011_S0_strategy2.npz,0-121,-,DEAF,FP
continuous_0011_S0_strategy2.npz,121-366,-,DEAF BLIND,FP
continuous_0011_S0_strategy2.npz,366-732,BLACK,BLACK,TP
continuous_0011_S0_strategy2.npz,732-853,-,WEDNESDAY,FP
continuous_0011_S0_strategy2.npz,0-120,DEAF BLIND,-,FN
continuous_0011_S0_strategy2.npz,120-241,HOW ARE YOU,-,FN
continuous_0011_S0_strategy2.npz,241-362,MOTHER,-,FN
continuous_0011_S0_strategy2.npz,483-604,NO SUGAR,-,FN
continuous_0011_S0_strategy2.npz,604-725,TWO,-,FN
continuous_0011_S0_strategy2.npz,725-846,MEAT,-,FN
continuous_0012_S0_strategy2.npz,0-291,-,TUESDAY,FP
continuous_0012_S0_strategy2.npz,291-438,VIOLET,VIOLET,TP
continuous_0012_S0_strategy2.npz,438-583,-,SUGAR,FP
continuous_0012_S0_strategy2.npz,583-730,COUSIN,COUSIN,TP
continuous_0012_S0_strategy2.npz,0-120,TUESDAY,-,FN
continuous_0012_S0_strategy2.npz,120-240,DECEMBER,-,FN
continuous_0012_S0_strategy2.npz,361-482,HELLO,-,FN
continuous_0012_S0_strategy2.npz,482-603,SUGAR,-,FN
continuous_0013_S0_strategy2.npz,0-183,MILK,MILK,TP
continuous_0013_S0_strategy2.npz,183-366,SPAGHETTI,SPAGHETTI,TP
continuous_0013_S0_strategy2.npz,366-549,GOOD MORNING,GOOD MORNING,TP
continuous_0013_S0_strategy2.npz,549-732,DON’T UNDERSTAND,DON’T UNDERSTAND,TP
continuous_0013_S0_strategy2.npz,241-362,MAY,-,FN
continuous_0013_S0_strategy2.npz,604-725,HARD OF HEARING,-,FN
continuous_0014_S0_strategy2.npz,0-366,DON’T KNOW,DON’T KNOW,TP
continuous_0014_S0_strategy2.npz,366-487,-,MARRIED,FP
continuous_0014_S0_strategy2.npz,487-732,-,IM FINE,FP
continuous_0014_S0_strategy2.npz,120-241,EIGHT,-,FN
continuous_0014_S0_strategy2.npz,241-362,MARRIED,-,FN
continuous_0014_S0_strategy2.npz,362-483,IM FINE,-,FN
continuous_0014_S0_strategy2.npz,483-604,MONDAY,-,FN
continuous_0014_S0_strategy2.npz,604-725,MARCH,-,FN
continuous_0015_S0_strategy2.npz,0-121,TEA,TEA,TP
continuous_0015_S0_strategy2.npz,121-243,DEAF,DEAF,TP
continuous_0015_S0_strategy2.npz,243-366,-,DECEMBER,FP
continuous_0015_S0_strategy2.npz,366-487,TODAY,TODAY,TP
continuous_0015_S0_strategy2.npz,487-609,BLUE,BLUE,TP
continuous_0015_S0_strategy2.npz,609-732,GRANDMOTHER,GRANDMOTHER,TP
continuous_0015_S0_strategy2.npz,241-362,OCTOBER,-,FN
continuous_0016_S0_strategy2.npz,0-93,TWO,TWO,TP
continuous_0016_S0_strategy2.npz,93-283,-,WEDNESDAY,FP
continuous_0016_S0_strategy2.npz,283-474,-,SUNDAY,FP
continuous_0016_S0_strategy2.npz,474-568,COLD,COLD,TP
continuous_0016_S0_strategy2.npz,568-663,YOURE WELCOME,YOURE WELCOME,TP
continuous_0016_S0_strategy2.npz,663-853,WRONG,WRONG,TP
continuous_0016_S0_strategy2.npz,120-241,SUNDAY,-,FN
continuous_0016_S0_strategy2.npz,241-362,JUNE,-,FN
continuous_0016_S0_strategy2.npz,725-846,PINK,-,FN
continuous_0017_S0_strategy2.npz,0-145,-,WEDNESDAY,FP
continuous_0017_S0_strategy2.npz,145-291,DARK,DARK,TP
continuous_0017_S0_strategy2.npz,291-438,-,WEDNESDAY,FP
continuous_0017_S0_strategy2.npz,438-585,-,FRIDAY,FP
continuous_0017_S0_strategy2.npz,585-732,SEPTEMBER,SEPTEMBER,TP
continuous_0017_S0_strategy2.npz,0-120,SIX,-,FN
continuous_0017_S0_strategy2.npz,241-362,FRIDAY,-,FN
continuous_0017_S0_strategy2.npz,362-483,UNDERSTAND,-,FN
continuous_0017_S0_strategy2.npz,604-725,GOOD EVENING,-,FN
continuous_0018_S0_strategy2.npz,0-426,BREAD,BREAD,TP
continuous_0018_S0_strategy2.npz,426-853,HOT,HOT,TP
continuous_0018_S0_strategy2.npz,0-120,EIGHT,-,FN
continuous_0018_S0_strategy2.npz,241-362,WHITE,-,FN
continuous_0018_S0_strategy2.npz,362-483,GOOD AFTERNOON,-,FN
continuous_0018_S0_strategy2.npz,483-604,CORRECT,-,FN
continuous_0018_S0_strategy2.npz,725-846,JULY,-,FN
continuous_0019_S0_strategy2.npz,0-183,YES,YES,TP
continuous_0019_S0_strategy2.npz,183-366,EGG,EGG,TP
continuous_0019_S0_strategy2.npz,366-549,-,FIVE,FP
continuous_0019_S0_strategy2.npz,549-732,GRAY,GRAY,TP
continuous_0019_S0_strategy2.npz,241-362,GOOD EVENING,-,FN
continuous_0019_S0_strategy2.npz,362-483,FEBRUARY,-,FN
continuous_0019_S0_strategy2.npz,483-604,FOUR,-,FN
continuous_0020_S0_strategy2.npz,0-105,ONE,ONE,TP
continuous_0020_S0_strategy2.npz,105-213,SEE YOU TOMORROW,SEE YOU TOMORROW,TP
continuous_0020_S0_strategy2.npz,213-318,-,YES,FP
continuous_0020_S0_strategy2.npz,318-426,-,CRAB,FP
continuous_0020_S0_strategy2.npz,426-744,DECEMBER,DECEMBER,TP
continuous_0020_S0_strategy2.npz,744-852,LONGANISA,LONGANISA,TP
continuous_0020_S0_strategy2.npz,240-361,YES,-,FN
continuous_0020_S0_strategy2.npz,361-482,CRAB,-,FN
continuous_0020_S0_strategy2.npz,602-723,NINE,-,FN
continuous_0021_S0_strategy2.npz,0-121,FAST,FAST,TP
continuous_0021_S0_strategy2.npz,121-243,HELLO,HELLO,TP
continuous_0022_S0_strategy2.npz,0-120,NICE TO MEET YOU,-,FN
continuous_0023_S1_strategy2.npz,0-487,WEDNESDAY,WEDNESDAY,TP
continuous_0023_S1_strategy2.npz,487-732,-,SEE YOU TOMORROW,FP
continuous_0023_S1_strategy2.npz,120-241,DON’T UNDERSTAND,-,FN
continuous_0023_S1_strategy2.npz,241-362,TEN,-,FN
continuous_0023_S1_strategy2.npz,362-483,HOW ARE YOU,-,FN
continuous_0023_S1_strategy2.npz,483-604,SON,-,FN
continuous_0023_S1_strategy2.npz,604-725,WINE,-,FN
continuous_0024_S1_strategy2.npz,0-121,GRANDMOTHER,GRANDMOTHER,TP
continuous_0024_S1_strategy2.npz,121-243,-,DEAF,FP
continuous_0024_S1_strategy2.npz,243-366,-,GOOD EVENING,FP
continuous_0024_S1_strategy2.npz,366-487,-,THURSDAY,FP
continuous_0024_S1_strategy2.npz,487-609,-,HOT,FP
continuous_0024_S1_strategy2.npz,609-732,-,DARK,FP
continuous_0024_S1_strategy2.npz,732-853,-,YES,FP
continuous_0024_S1_strategy2.npz,120-241,GOOD AFTERNOON,-,FN
continuous_0024_S1_strategy2.npz,241-362,HOT,-,FN
continuous_0024_S1_strategy2.npz,362-483,DARK,-,FN
continuous_0024_S1_strategy2.npz,483-604,WOMAN,-,FN
continuous_0024_S1_strategy2.npz,604-725,YES,-,FN
continuous_0024_S1_strategy2.npz,725-846,JUNE,-,FN
continuous_0025_S1_strategy2.npz,0-121,HELLO,HELLO,TP
continuous_0025_S1_strategy2.npz,121-243,LONGANISA,LONGANISA,TP
continuous_0025_S1_strategy2.npz,243-487,HARD OF HEARING,HARD OF HEARING,TP
continuous_0025_S1_strategy2.npz,487-609,SIX,SIX,TP
continuous_0025_S1_strategy2.npz,609-732,DON’T KNOW,DON’T KNOW,TP
continuous_0025_S1_strategy2.npz,362-483,JULY,-,FN
continuous_0026_S1_strategy2.npz,0-213,UNCLE,UNCLE,TP
continuous_0026_S1_strategy2.npz,213-319,BEER,BEER,TP
continuous_0026_S1_strategy2.npz,319-426,-,SEPTEMBER,FP
continuous_0026_S1_strategy2.npz,426-532,EGG,EGG,TP
continuous_0026_S1_strategy2.npz,532-639,HARD OF HEARING,HARD OF HEARING,TP
continuous_0026_S1_strategy2.npz,639-853,SATURDAY,SATURDAY,TP
continuous_0026_S1_strategy2.npz,241-362,MARCH,-,FN
continuous_0026_S1_strategy2.npz,725-846,ONE,-,FN
continuous_0027_S1_strategy2.npz,0-121,COLD,COLD,TP
continuous_0027_S1_strategy2.npz,121-243,GREEN,GREEN,TP
continuous_0027_S1_strategy2.npz,243-366,SPAGHETTI,SPAGHETTI,TP
continuous_0027_S1_strategy2.npz,366-487,-,NOVEMBER,FP
continuous_0027_S1_strategy2.npz,487-609,-,FIVE,FP
continuous_0027_S1_strategy2.npz,609-732,UNDERSTAND,UNDERSTAND,TP
continuous_0027_S1_strategy2.npz,362-483,FEBRUARY,-,FN
continuous_0027_S1_strategy2.npz,483-604,FOUR,-,FN
continuous_0028_S1_strategy2.npz,0-105,SLOW,SLOW,TP
continuous_0028_S1_strategy2.npz,105-213,DARK,DARK,TP
continuous_0028_S1_strategy2.npz,213-319,-,BREAD,FP
continuous_0028_S1_strategy2.npz,319-426,-,BLIND,FP
continuous_0028_S1_strategy2.npz,426-747,-,TOMORROW,FP
continuous_0028_S1_strategy2.npz,747-855,-,NICE TO MEET YOU,FP
continuous_0028_S1_strategy2.npz,241-363,BREAD,-,FN
continuous_0028_S1_strategy2.npz,363-484,BLIND,-,FN
continuous_0028_S1_strategy2.npz,484-605,AUNTIE,-,FN
continuous_0028_S1_strategy2.npz,605-726,NICE TO MEET YOU,-,FN
continuous_0028_S1_strategy2.npz,726-847,COFFEE,-,FN
continuous_0029_S1_strategy2.npz,0-366,RICE,RICE,TP
continuous_0029_S1_strategy2.npz,366-487,-,THREE,FP
continuous_0029_S1_strategy2.npz,487-609,-,BROWN,FP
continuous_0029_S1_strategy2.npz,609-732,-,DAUGHTER,FP
continuous_0029_S1_strategy2.npz,120-241,MAN,-,FN
continuous_0029_S1_strategy2.npz,241-362,THREE,-,FN
continuous_0029_S1_strategy2.npz,362-483,BROWN,-,FN
continuous_0029_S1_strategy2.npz,483-604,DAUGHTER,-,FN
continuous_0029_S1_strategy2.npz,604-725,OCTOBER,-,FN
continuous_0030_S1_strategy2.npz,283-426,-,FIVE,FP
continuous_0030_S1_strategy2.npz,426-568,-,MONDAY,FP
continuous_0030_S1_strategy2.npz,568-711,JUICE,JUICE,TP
continuous_0030_S1_strategy2.npz,711-853,GOOD MORNING,GOOD MORNING,TP
continuous_0030_S1_strategy2.npz,0-120,RED,-,FN
continuous_0030_S1_strategy2.npz,120-241,WEELCHAIR PERSON,-,FN
continuous_0030_S1_strategy2.npz,241-362,MAY,-,FN
continuous_0030_S1_strategy2.npz,362-483,NINE,-,FN
continuous_0030_S1_strategy2.npz,483-604,MONDAY,-,FN
continuous_0031_S1_strategy2.npz,0-319,NO,NO,TP
continuous_0031_S1_strategy2.npz,319-426,SHRIMP,SHRIMP,TP
continuous_0031_S1_strategy2.npz,426-639,FIVE,FIVE,TP
continuous_0031_S1_strategy2.npz,639-747,-,NO SUGAR,FP
continuous_0031_S1_strategy2.npz,747-853,LIGHT,LIGHT,TP
continuous_0031_S1_strategy2.npz,120-241,DECEMBER,-,FN
continuous_0031_S1_strategy2.npz,362-483,BOY,-,FN
continuous_0031_S1_strategy2.npz,604-725,NO SUGAR,-,FN
continuous_0032_S1_strategy2.npz,0-121,HOW ARE YOU,HOW ARE YOU,TP
continuous_0032_S1_strategy2.npz,121-243,-,MONDAY,FP
continuous_0032_S1_strategy2.npz,243-366,TEA,TEA,TP
continuous_0032_S1_strategy2.npz,366-487,DECEMBER,DECEMBER,TP
continuous_0032_S1_strategy2.npz,487-853,GIRL,GIRL,TP
continuous_0032_S1_strategy2.npz,120-241,MOTHER,-,FN
continuous_0032_S1_strategy2.npz,604-725,EIGHT,-,FN
continuous_0032_S1_strategy2.npz,725-846,DON’T UNDERSTAND,-,FN
continuous_0033_S1_strategy2.npz,0-90,-,MONDAY,FP
continuous_0033_S1_strategy2.npz,90-273,-,TUESDAY,FP
continuous_0033_S1_strategy2.npz,273-366,-,FIVE,FP
continuous_0033_S1_strategy2.npz,366-549,-,SUGAR,FP
continuous_0033_S1_strategy2.npz,549-640,-,GOOD AFTERNOON,FP
continuous_0033_S1_strategy2.npz,640-732,UNCLE,UNCLE,TP
continuous_0033_S1_strategy2.npz,0-121,BOY,-,FN
continuous_0033_S1_strategy2.npz,121-242,TUESDAY,-,FN
continuous_0033_S1_strategy2.npz,242-363,FOUR,-,FN
continuous_0033_S1_strategy2.npz,363-484,SUGAR,-,FN
continuous_0033_S1_strategy2.npz,484-605,GOOD EVENING,-,FN
continuous_0034_S1_strategy2.npz,0-121,THANK YOU,THANK YOU,TP
continuous_0034_S1_strategy2.npz,121-243,SUNDAY,SUNDAY,TP
continuous_0034_S1_strategy2.npz,243-487,DEAF,DEAF,TP
continuous_0034_S1_strategy2.npz,487-609,WRONG,WRONG,TP
continuous_0034_S1_strategy2.npz,609-732,SHRIMP,SHRIMP,TP
continuous_0034_S1_strategy2.npz,732-853,GRANDFATHER,GRANDFATHER,TP
continuous_0034_S1_strategy2.npz,362-483,SIX,-,FN
continuous_0035_S1_strategy2.npz,0-103,-,THURSDAY,FP
continuous_0035_S1_strategy2.npz,103-312,KNOW,KNOW,TP
continuous_0035_S1_strategy2.npz,312-417,IM FINE,IM FINE,TP
continuous_0035_S1_strategy2.npz,417-522,-,DEAF,FP
continuous_0035_S1_strategy2.npz,522-627,TWO,TWO,TP
continuous_0035_S1_strategy2.npz,627-732,BLACK,BLACK,TP
continuous_0035_S1_strategy2.npz,0-120,TOMORROW,-,FN
continuous_0035_S1_strategy2.npz,362-483,DEAF BLIND,-,FN
continuous_0036_S1_strategy2.npz,0-145,GRANDMOTHER,GRANDMOTHER,TP
continuous_0036_S1_strategy2.npz,145-291,MARRIED,MARRIED,TP
continuous_0036_S1_strategy2.npz,291-438,CORRECT,CORRECT,TP
continuous_0036_S1_strategy2.npz,438-585,MILK,MILK,TP
continuous_0036_S1_strategy2.npz,585-732,-,SEPTEMBER,FP
continuous_0036_S1_strategy2.npz,483-604,JANUARY,-,FN
continuous_0036_S1_strategy2.npz,604-725,TODAY,-,FN
continuous_0037_S1_strategy2.npz,0-243,MEAT,MEAT,TP
continuous_0037_S1_strategy2.npz,243-366,SUGAR,SUGAR,TP
continuous_0037_S1_strategy2.npz,366-487,-,YELLOW,FP
continuous_0037_S1_strategy2.npz,487-609,FATHER,FATHER,TP
continuous_0037_S1_strategy2.npz,609-732,SEPTEMBER,SEPTEMBER,TP
continuous_0037_S1_strategy2.npz,732-853,THURSDAY,THURSDAY,TP
continuous_0037_S1_strategy2.npz,120-241,FAST,-,FN
continuous_0037_S1_strategy2.npz,362-483,YELLOW,-,FN
continuous_0038_S1_strategy2.npz,0-120,COUSIN,COUSIN,TP
continuous_0038_S1_strategy2.npz,120-243,-,DON’T UNDERSTAND,FP
continuous_0038_S1_strategy2.npz,243-364,CHICKEN,CHICKEN,TP
continuous_0038_S1_strategy2.npz,364-730,NICE TO MEET YOU,NICE TO MEET YOU,TP
continuous_0038_S1_strategy2.npz,120-241,FAST,-,FN
continuous_0038_S1_strategy2.npz,483-604,APRIL,-,FN
continuous_0038_S1_strategy2.npz,604-724,YESTERDAY,-,FN
continuous_0039_S1_strategy2.npz,0-120,CRAB,CRAB,TP
continuous_0039_S1_strategy2.npz,120-243,SEE YOU TOMORROW,SEE YOU TOMORROW,TP
continuous_0039_S1_strategy2.npz,243-364,-,BROWN,FP
continuous_0039_S1_strategy2.npz,364-486,-,CRAB,FP
continuous_0039_S1_strategy2.npz,486-609,FISH,FISH,TP
continuous_0039_S1_strategy2.npz,609-852,VIOLET,VIOLET,TP
continuous_0039_S1_strategy2.npz,240-361,YOURE WELCOME,-,FN
continuous_0039_S1_strategy2.npz,361-482,BROWN,-,FN
continuous_0039_S1_strategy2.npz,724-845,AUGUST,-,FN
continuous_0040_S1_strategy2.npz,0-426,PINK,PINK,TP
continuous_0040_S1_strategy2.npz,426-568,-,LIGHT,FP
continuous_0040_S1_strategy2.npz,568-711,UNCLE,UNCLE,TP
continuous_0040_S1_strategy2.npz,711-853,SON,SON,TP
continuous_0040_S1_strategy2.npz,120-241,APRIL,-,FN
continuous_0040_S1_strategy2.npz,241-362,FRIDAY,-,FN
continuous_0040_S1_strategy2.npz,362-483,ORANGE,-,FN
continuous_0040_S1_strategy2.npz,725-846,WHITE,-,FN
continuous_0041_S1_strategy2.npz,0-121,NOVEMBER,NOVEMBER,TP
continuous_0041_S1_strategy2.npz,121-243,BLUE,BLUE,TP
continuous_0042_S1_strategy2.npz,0-121,GRAY,GRAY,TP
continuous_0043_S2_strategy2.npz,105-426,-,WEDNESDAY,FP
continuous_0043_S2_strategy2.npz,426-639,TEA,TEA,TP
continuous_0043_S2_strategy2.npz,639-852,DARK,DARK,TP
continuous_0043_S2_strategy2.npz,0-120,GOOD EVENING,-,FN
continuous_0043_S2_strategy2.npz,120-241,SIX,-,FN
continuous_0043_S2_strategy2.npz,241-361,FAST,-,FN
continuous_0043_S2_strategy2.npz,361-482,FEBRUARY,-,FN
continuous_0043_S2_strategy2.npz,724-845,DEAF BLIND,-,FN
continuous_0044_S2_strategy2.npz,0-145,COLD,COLD,TP
continuous_0044_S2_strategy2.npz,145-291,-,DON’T UNDERSTAND,FP
continuous_0044_S2_strategy2.npz,291-438,-,SON,FP
continuous_0044_S2_strategy2.npz,438-585,PINK,PINK,TP
continuous_0044_S2_strategy2.npz,585-732,GOOD AFTERNOON,GOOD AFTERNOON,TP
continuous_0044_S2_strategy2.npz,120-241,KNOW,-,FN
continuous_0044_S2_strategy2.npz,241-362,SON,-,FN
continuous_0044_S2_strategy2.npz,604-725,BOY,-,FN
continuous_0045_S2_strategy2.npz,0-141,SUGAR,SUGAR,TP
continuous_0045_S2_strategy2.npz,141-283,GOOD MORNING,GOOD MORNING,TP
continuous_0045_S2_strategy2.npz,283-426,WOMAN,WOMAN,TP
continuous_0045_S2_strategy2.npz,426-711,FIVE,FIVE,TP
continuous_0045_S2_strategy2.npz,711-853,LIGHT,LIGHT,TP
continuous_0045_S2_strategy2.npz,483-604,DECEMBER,-,FN
continuous_0045_S2_strategy2.npz,725-846,KNOW,-,FN
continuous_0046_S2_strategy2.npz,90-183,-,GOOD EVENING,FP
continuous_0046_S2_strategy2.npz,183-273,NO,NO,TP
continuous_0046_S2_strategy2.npz,273-732,-,THURSDAY,FP
continuous_0046_S2_strategy2.npz,0-120,GOOD AFTERNOON,-,FN
continuous_0046_S2_strategy2.npz,241-362,TUESDAY,-,FN
continuous_0046_S2_strategy2.npz,362-483,BEER,-,FN
continuous_0046_S2_strategy2.npz,483-604,EIGHT,-,FN
continuous_0046_S2_strategy2.npz,604-725,BLUE,-,FN
continuous_0047_S2_strategy2.npz,0-121,PARENTS,PARENTS,TP
continuous_0047_S2_strategy2.npz,121-243,COFFEE,COFFEE,TP
continuous_0047_S2_strategy2.npz,243-366,-,RED,FP
continuous_0047_S2_strategy2.npz,366-487,-,PINK,FP
continuous_0047_S2_strategy2.npz,487-609,-,TEN,FP
continuous_0047_S2_strategy2.npz,609-732,-,DON’T KNOW,FP
continuous_0047_S2_strategy2.npz,732-853,-,SEE YOU TOMORROW,FP
continuous_0047_S2_strategy2.npz,241-362,RED,-,FN
continuous_0047_S2_strategy2.npz,362-483,TEN,-,FN
continuous_0047_S2_strategy2.npz,483-604,DON’T KNOW,-,FN
continuous_0047_S2_strategy2.npz,604-725,SEE YOU TOMORROW,-,FN
continuous_0047_S2_strategy2.npz,725-846,MAN,-,FN
continuous_0048_S2_strategy2.npz,0-121,WRONG,WRONG,TP
continuous_0048_S2_strategy2.npz,121-243,SEPTEMBER,SEPTEMBER,TP
continuous_0048_S2_strategy2.npz,243-366,SUNDAY,SUNDAY,TP
continuous_0048_S2_strategy2.npz,366-487,FATHER,FATHER,TP
continuous_0048_S2_strategy2.npz,487-609,BLIND,BLIND,TP
continuous_0048_S2_strategy2.npz,609-732,CHICKEN,CHICKEN,TP
continuous_0048_S2_strategy2.npz,732-853,HELLO,HELLO,TP
continuous_0049_S2_strategy2.npz,438-585,-,MARRIED,FP
continuous_0049_S2_strategy2.npz,585-732,PARENTS,PARENTS,TP
continuous_0049_S2_strategy2.npz,0-120,NOVEMBER,-,FN
continuous_0049_S2_strategy2.npz,120-241,TWO,-,FN
continuous_0049_S2_strategy2.npz,241-362,MARRIED,-,FN
continuous_0049_S2_strategy2.npz,362-483,YESTERDAY,-,FN
continuous_0049_S2_strategy2.npz,483-604,YOURE WELCOME,-,FN
continuous_0050_S2_strategy2.npz,145-438,-,DON’T UNDERSTAND,FP
continuous_0050_S2_strategy2.npz,438-511,-,FRIDAY,FP
continuous_0050_S2_strategy2.npz,511-585,-,WEDNESDAY,FP
continuous_0050_S2_strategy2.npz,585-657,-,THANK YOU,FP
continuous_0050_S2_strategy2.npz,657-732,GREEN,GREEN,TP
continuous_0050_S2_strategy2.npz,0-120,APRIL,-,FN
continuous_0050_S2_strategy2.npz,120-241,DON’T UNDERSTAND,-,FN
continuous_0050_S2_strategy2.npz,241-362,SON,-,FN
continuous_0050_S2_strategy2.npz,362-483,FRIDAY,-,FN
continuous_0050_S2_strategy2.npz,483-604,THANK YOU,-,FN
continuous_0051_S2_strategy2.npz,0-121,WEELCHAIR PERSON,WEELCHAIR PERSON,TP
continuous_0051_S2_strategy2.npz,121-243,GRANDFATHER,GRANDFATHER,TP
continuous_0051_S2_strategy2.npz,243-366,FISH,FISH,TP
continuous_0051_S2_strategy2.npz,366-487,CORRECT,CORRECT,TP
continuous_0051_S2_strategy2.npz,487-732,HOW ARE YOU,HOW ARE YOU,TP
continuous_0051_S2_strategy2.npz,732-853,-,ORANGE,FP
continuous_0051_S2_strategy2.npz,604-725,ORANGE,-,FN
continuous_0051_S2_strategy2.npz,725-846,WINE,-,FN
continuous_0052_S2_strategy2.npz,121-243,DEAF,DEAF,TP
continuous_0052_S2_strategy2.npz,243-489,TOMORROW,TOMORROW,TP
continuous_0052_S2_strategy2.npz,489-733,HOT,HOT,TP
continuous_0052_S2_strategy2.npz,0-121,UNDERSTAND,-,FN
continuous_0052_S2_strategy2.npz,363-484,JUNE,-,FN
continuous_0052_S2_strategy2.npz,606-727,THREE,-,FN
continuous_0053_S2_strategy2.npz,0-366,MILK,MILK,TP
continuous_0053_S2_strategy2.npz,366-549,-,FAST,FP
continuous_0053_S2_strategy2.npz,549-732,GIRL,GIRL,TP
continuous_0053_S2_strategy2.npz,120-241,FAST,-,FN
continuous_0053_S2_strategy2.npz,241-362,FEBRUARY,-,FN
continuous_0053_S2_strategy2.npz,362-483,MONDAY,-,FN
continuous_0053_S2_strategy2.npz,483-604,WHITE,-,FN
continuous_0054_S2_strategy2.npz,0-487,NO SUGAR,NO SUGAR,TP
continuous_0054_S2_strategy2.npz,487-609,-,BREAD,FP
continuous_0054_S2_strategy2.npz,609-732,NICE TO MEET YOU,NICE TO MEET YOU,TP
continuous_0054_S2_strategy2.npz,732-855,DEAF,DEAF,TP
continuous_0054_S2_strategy2.npz,120-241,OCTOBER,-,FN
continuous_0054_S2_strategy2.npz,241-362,SEVEN,-,FN
continuous_0054_S2_strategy2.npz,362-484,BREAD,-,FN
continuous_0054_S2_strategy2.npz,484-605,TODAY,-,FN
continuous_0055_S2_strategy2.npz,0-121,SPAGHETTI,SPAGHETTI,TP
continuous_0055_S2_strategy2.npz,121-243,GRANDMOTHER,GRANDMOTHER,TP
continuous_0055_S2_strategy2.npz,243-487,-,NO,FP
continuous_0055_S2_strategy2.npz,487-609,-,DEAF BLIND,FP
continuous_0055_S2_strategy2.npz,609-732,BROWN,BROWN,TP
continuous_0055_S2_strategy2.npz,241-362,ONE,-,FN
continuous_0055_S2_strategy2.npz,362-483,DEAF BLIND,-,FN
continuous_0055_S2_strategy2.npz,483-604,NO,-,FN
continuous_0056_S2_strategy2.npz,0-141,HARD OF HEARING,HARD OF HEARING,TP
continuous_0056_S2_strategy2.npz,141-426,-,TWO,FP
continuous_0056_S2_strategy2.npz,426-568,GRAY,GRAY,TP
continuous_0056_S2_strategy2.npz,568-711,RICE,RICE,TP
continuous_0056_S2_strategy2.npz,711-853,UNCLE,UNCLE,TP
continuous_0056_S2_strategy2.npz,120-241,TWO,-,FN
continuous_0056_S2_strategy2.npz,241-362,AUGUST,-,FN
continuous_0056_S2_strategy2.npz,362-483,IM FINE,-,FN
continuous_0057_S2_strategy2.npz,0-208,TOMORROW,TOMORROW,TP
continuous_0057_S2_strategy2.npz,208-312,WOMAN,WOMAN,TP
continuous_0057_S2_strategy2.npz,312-627,HOW ARE YOU,HOW ARE YOU,TP
continuous_0057_S2_strategy2.npz,627-732,-,WRONG,FP
continuous_0057_S2_strategy2.npz,362-483,NOVEMBER,-,FN
continuous_0057_S2_strategy2.npz,483-604,WRONG,-,FN
continuous_0057_S2_strategy2.npz,604-725,AUNTIE,-,FN
continuous_0058_S2_strategy2.npz,0-121,CORRECT,CORRECT,TP
continuous_0058_S2_strategy2.npz,121-243,JUICE,JUICE,TP
continuous_0058_S2_strategy2.npz,243-366,SPAGHETTI,SPAGHETTI,TP
continuous_0058_S2_strategy2.npz,366-487,COUSIN,COUSIN,TP
continuous_0058_S2_strategy2.npz,487-609,BROWN,BROWN,TP
continuous_0058_S2_strategy2.npz,609-853,SATURDAY,SATURDAY,TP
continuous_0058_S2_strategy2.npz,725-846,MAY,-,FN
continuous_0059_S2_strategy2.npz,0-169,YES,YES,TP
continuous_0059_S2_strategy2.npz,169-340,THURSDAY,THURSDAY,TP
continuous_0059_S2_strategy2.npz,340-511,WINE,WINE,TP
continuous_0059_S2_strategy2.npz,511-682,-,BLACK,FP
continuous_0059_S2_strategy2.npz,682-853,GRANDMOTHER,GRANDMOTHER,TP
continuous_0059_S2_strategy2.npz,362-483,BLACK,-,FN
continuous_0059_S2_strategy2.npz,483-604,NINE,-,FN
continuous_0059_S2_strategy2.npz,604-725,JANUARY,-,FN
continuous_0060_S2_strategy2.npz,0-145,SLOW,SLOW,TP
continuous_0060_S2_strategy2.npz,145-291,VIOLET,VIOLET,TP
continuous_0060_S2_strategy2.npz,291-585,WEDNESDAY,WEDNESDAY,TP
continuous_0060_S2_strategy2.npz,585-732,JUICE,JUICE,TP
continuous_0060_S2_strategy2.npz,362-483,MARCH,-,FN
continuous_0060_S2_strategy2.npz,604-725,DAUGHTER,-,FN
continuous_0061_S2_strategy2.npz,0-183,MOTHER,MOTHER,TP
continuous_0061_S2_strategy2.npz,183-273,MEAT,MEAT,TP
continuous_0061_S2_strategy2.npz,273-457,-,FOUR,FP
continuous_0061_S2_strategy2.npz,457-732,FRIDAY,FRIDAY,TP
continuous_0061_S2_strategy2.npz,241-362,FOUR,-,FN
continuous_0061_S2_strategy2.npz,362-483,JULY,-,FN
continuous_0061_S2_strategy2.npz,604-726,BLUE,-,FN
continuous_0062_S2_strategy2.npz,0-103,EGG,EGG,TP
continuous_0062_S2_strategy2.npz,103-208,SHRIMP,SHRIMP,TP
continuous_0062_S2_strategy2.npz,208-312,-,MEAT,FP
continuous_0062_S2_strategy2.npz,312-417,-,LONGANISA,FP
continuous_0062_S2_strategy2.npz,417-522,-,CRAB,FP
continuous_0062_S2_strategy2.npz,522-627,-,LONGANISA,FP
continuous_0062_S2_strategy2.npz,627-732,-,GREEN,FP
continuous_0062_S2_strategy2.npz,241-362,MEAT,-,FN
continuous_0062_S2_strategy2.npz,362-483,LONGANISA,-,FN
continuous_0062_S2_strategy2.npz,483-604,CRAB,-,FN
continuous_0062_S2_strategy2.npz,604-725,YELLOW,-,FN
continuous_0063_S3_strategy2.npz,0-169,-,DEAF,FP
continuous_0063_S3_strategy2.npz,169-681,GRAY,GRAY,TP
continuous_0063_S3_strategy2.npz,681-852,SHRIMP,SHRIMP,TP
continuous_0063_S3_strategy2.npz,0-120,TODAY,-,FN
continuous_0063_S3_strategy2.npz,120-241,DEAF,-,FN
continuous_0063_S3_strategy2.npz,362-483,AUGUST,-,FN
continuous_0063_S3_strategy2.npz,483-604,GOOD AFTERNOON,-,FN
continuous_0063_S3_strategy2.npz,604-724,FAST,-,FN
continuous_0064_S3_strategy2.npz,0-105,-,GOOD AFTERNOON,FP
continuous_0064_S3_strategy2.npz,105-213,GOOD EVENING,GOOD EVENING,TP
continuous_0064_S3_strategy2.npz,213-319,NO,NO,TP
continuous_0064_S3_strategy2.npz,319-426,TWO,TWO,TP
continuous_0064_S3_strategy2.npz,426-532,VIOLET,VIOLET,TP
continuous_0064_S3_strategy2.npz,532-639,NOVEMBER,NOVEMBER,TP
continuous_0064_S3_strategy2.npz,639-747,GRANDFATHER,GRANDFATHER,TP
continuous_0064_S3_strategy2.npz,747-853,NO SUGAR,NO SUGAR,TP
continuous_0065_S3_strategy2.npz,0-145,HOT,HOT,TP
continuous_0065_S3_strategy2.npz,145-438,DON’T UNDERSTAND,DON’T UNDERSTAND,TP
continuous_0065_S3_strategy2.npz,438-585,SEE YOU TOMORROW,SEE YOU TOMORROW,TP
continuous_0065_S3_strategy2.npz,585-732,DAUGHTER,DAUGHTER,TP
continuous_0065_S3_strategy2.npz,120-241,ORANGE,-,FN
continuous_0065_S3_strategy2.npz,362-483,EIGHT,-,FN
continuous_0066_S3_strategy2.npz,0-283,GRANDMOTHER,GRANDMOTHER,TP
continuous_0066_S3_strategy2.npz,283-426,-,WEDNESDAY,FP
continuous_0066_S3_strategy2.npz,426-568,-,FIVE,FP
continuous_0066_S3_strategy2.npz,568-711,-,GIRL,FP
continuous_0066_S3_strategy2.npz,711-853,DARK,DARK,TP
continuous_0066_S3_strategy2.npz,120-241,FRIDAY,-,FN
continuous_0066_S3_strategy2.npz,241-362,FIVE,-,FN
continuous_0066_S3_strategy2.npz,362-483,GIRL,-,FN
continuous_0066_S3_strategy2.npz,483-604,GOOD EVENING,-,FN
continuous_0066_S3_strategy2.npz,604-725,UNDERSTAND,-,FN
continuous_0067_S3_strategy2.npz,0-105,-,PINK,FP
continuous_0067_S3_strategy2.npz,105-426,MEAT,MEAT,TP
continuous_0067_S3_strategy2.npz,426-532,YES,YES,TP
continuous_0067_S3_strategy2.npz,532-852,NICE TO MEET YOU,NICE TO MEET YOU,TP
continuous_0067_S3_strategy2.npz,0-120,RED,-,FN
continuous_0067_S3_strategy2.npz,241-362,MOTHER,-,FN
continuous_0067_S3_strategy2.npz,604-725,WEELCHAIR PERSON,-,FN
continuous_0067_S3_strategy2.npz,725-845,YESTERDAY,-,FN
continuous_0068_S3_strategy2.npz,0-283,BREAD,BREAD,TP
continuous_0068_S3_strategy2.npz,283-567,SATURDAY,SATURDAY,TP
continuous_0068_S3_strategy2.npz,567-852,BROWN,BROWN,TP
continuous_0068_S3_strategy2.npz,0-120,YOURE WELCOME,-,FN
continuous_0068_S3_strategy2.npz,361-482,JULY,-,FN
continuous_0068_S3_strategy2.npz,603-724,BOY,-,FN
continuous_0068_S3_strategy2.npz,724-845,SIX,-,FN
continuous_0069_S3_strategy2.npz,0-243,COFFEE,COFFEE,TP
continuous_0069_S3_strategy2.npz,243-364,SHRIMP,SHRIMP,TP
continuous_0069_S3_strategy2.npz,364-486,CORRECT,CORRECT,TP
continuous_0069_S3_strategy2.npz,486-607,-,DON’T KNOW,FP
continuous_0069_S3_strategy2.npz,607-729,VIOLET,VIOLET,TP
continuous_0069_S3_strategy2.npz,729-852,-,SEPTEMBER,FP
continuous_0069_S3_strategy2.npz,120-240,THANK YOU,-,FN
continuous_0069_S3_strategy2.npz,481-602,NINE,-,FN
continuous_0069_S3_strategy2.npz,723-844,MARCH,-,FN
continuous_0070_S3_strategy2.npz,0-141,DON’T KNOW,DON’T KNOW,TP
continuous_0070_S3_strategy2.npz,141-283,-,BLACK,FP
continuous_0070_S3_strategy2.npz,283-426,HELLO,HELLO,TP
continuous_0070_S3_strategy2.npz,426-711,THURSDAY,THURSDAY,TP
continuous_0070_S3_strategy2.npz,711-853,HARD OF HEARING,HARD OF HEARING,TP
continuous_0070_S3_strategy2.npz,120-241,RICE,-,FN
continuous_0070_S3_strategy2.npz,241-362,BLACK,-,FN
continuous_0070_S3_strategy2.npz,604-725,OCTOBER,-,FN
continuous_0071_S3_strategy2.npz,0-103,DEAF BLIND,DEAF BLIND,TP
continuous_0071_S3_strategy2.npz,103-312,PARENTS,PARENTS,TP
continuous_0071_S3_strategy2.npz,312-417,SATURDAY,SATURDAY,TP
continuous_0071_S3_strategy2.npz,417-522,NOVEMBER,NOVEMBER,TP
continuous_0071_S3_strategy2.npz,522-627,MEAT,MEAT,TP
continuous_0071_S3_strategy2.npz,627-732,BEER,BEER,TP
continuous_0072_S3_strategy2.npz,183-366,SLOW,SLOW,TP
continuous_0072_S3_strategy2.npz,366-732,-,AUNTIE,FP
continuous_0072_S3_strategy2.npz,0-120,TUESDAY,-,FN
continuous_0072_S3_strategy2.npz,241-362,AUNTIE,-,FN
continuous_0072_S3_strategy2.npz,362-483,WOMAN,-,FN
continuous_0072_S3_strategy2.npz,483-604,FOUR,-,FN
continuous_0072_S3_strategy2.npz,604-725,AUGUST,-,FN
continuous_0073_S3_strategy2.npz,0-120,UNCLE,UNCLE,TP
continuous_0073_S3_strategy2.npz,120-364,TOMORROW,TOMORROW,TP
continuous_0073_S3_strategy2.npz,364-486,-,SEPTEMBER,FP
continuous_0073_S3_strategy2.npz,486-609,-,COLD,FP
continuous_0073_S3_strategy2.npz,609-730,GRAY,GRAY,TP
continuous_0073_S3_strategy2.npz,730-852,LONGANISA,LONGANISA,TP
continuous_0073_S3_strategy2.npz,240-361,DECEMBER,-,FN
continuous_0073_S3_strategy2.npz,361-482,COLD,-,FN
continuous_0073_S3_strategy2.npz,482-603,THREE,-,FN
continuous_0074_S3_strategy2.npz,0-141,CHICKEN,CHICKEN,TP
continuous_0074_S3_strategy2.npz,141-283,CORRECT,CORRECT,TP
continuous_0074_S3_strategy2.npz,283-426,ONE,ONE,TP
continuous_0074_S3_strategy2.npz,426-568,MARRIED,MARRIED,TP
continuous_0074_S3_strategy2.npz,568-711,UNCLE,UNCLE,TP
continuous_0074_S3_strategy2.npz,711-853,-,MONDAY,FP
continuous_0074_S3_strategy2.npz,604-725,MONDAY,-,FN
continuous_0074_S3_strategy2.npz,725-846,FEBRUARY,-,FN
continuous_0075_S3_strategy2.npz,0-213,SPAGHETTI,SPAGHETTI,TP
continuous_0075_S3_strategy2.npz,213-426,GOOD MORNING,GOOD MORNING,TP
continuous_0075_S3_strategy2.npz,426-639,GREEN,GREEN,TP
continuous_0075_S3_strategy2.npz,639-853,WEDNESDAY,WEDNESDAY,TP
continuous_0075_S3_strategy2.npz,120-241,MAN,-,FN
continuous_0075_S3_strategy2.npz,362-483,ONE,-,FN
continuous_0075_S3_strategy2.npz,725-846,MILK,-,FN
continuous_0076_S3_strategy2.npz,0-103,SUNDAY,SUNDAY,TP
continuous_0076_S3_strategy2.npz,103-417,BLUE,BLUE,TP
continuous_0076_S3_strategy2.npz,417-522,-,NO,FP
continuous_0076_S3_strategy2.npz,522-627,JUICE,JUICE,TP
continuous_0076_S3_strategy2.npz,627-732,BLIND,BLIND,TP
continuous_0076_S3_strategy2.npz,120-241,KNOW,-,FN
continuous_0076_S3_strategy2.npz,363-484,SEVEN,-,FN
continuous_0077_S3_strategy2.npz,0-213,-,FISH,FP
continuous_0077_S3_strategy2.npz,213-426,-,WHITE,FP
continuous_0077_S3_strategy2.npz,426-639,COUSIN,COUSIN,TP
continuous_0077_S3_strategy2.npz,639-853,TEA,TEA,TP
continuous_0077_S3_strategy2.npz,0-120,TEN,-,FN
continuous_0077_S3_strategy2.npz,120-241,KNOW,-,FN
continuous_0077_S3_strategy2.npz,241-362,FISH,-,FN
continuous_0077_S3_strategy2.npz,362-483,WHITE,-,FN
continuous_0077_S3_strategy2.npz,725-846,APRIL,-,FN
continuous_0078_S3_strategy2.npz,0-340,EGG,EGG,TP
continuous_0078_S3_strategy2.npz,340-682,SLOW,SLOW,TP
continuous_0078_S3_strategy2.npz,682-853,-,PINK,FP
continuous_0078_S3_strategy2.npz,120-241,SUGAR,-,FN
continuous_0078_S3_strategy2.npz,241-362,SEVEN,-,FN
continuous_0078_S3_strategy2.npz,483-604,SON,-,FN
continuous_0078_S3_strategy2.npz,604-725,JUNE,-,FN
continuous_0078_S3_strategy2.npz,725-846,RED,-,FN
continuous_0079_S3_strategy2.npz,0-145,-,WRONG,FP
continuous_0079_S3_strategy2.npz,145-292,-,GRANDMOTHER,FP
continuous_0079_S3_strategy2.npz,292-585,IM FINE,IM FINE,TP
continuous_0079_S3_strategy2.npz,585-732,PINK,PINK,TP
continuous_0079_S3_strategy2.npz,0-120,WINE,-,FN
continuous_0079_S3_strategy2.npz,120-241,WRONG,-,FN
continuous_0079_S3_strategy2.npz,241-362,GRANDMOTHER,-,FN
continuous_0079_S3_strategy2.npz,483-605,JANUARY,-,FN
continuous_0080_S3_strategy2.npz,0-141,YES,YES,TP
continuous_0080_S3_strategy2.npz,141-283,COLD,COLD,TP
continuous_0080_S3_strategy2.npz,283-426,AUNTIE,AUNTIE,TP
continuous_0080_S3_strategy2.npz,426-567,-,UNCLE,FP
continuous_0080_S3_strategy2.npz,567-709,CRAB,CRAB,TP
continuous_0080_S3_strategy2.npz,709-852,WHITE,WHITE,TP
continuous_0080_S3_strategy2.npz,241-362,MAY,-,FN
continuous_0080_S3_strategy2.npz,603-724,HOW ARE YOU,-,FN
continuous_0081_S3_strategy2.npz,0-121,LIGHT,LIGHT,TP
continuous_0081_S3_strategy2.npz,121-366,PARENTS,PARENTS,TP
continuous_0081_S3_strategy2.npz,366-609,FATHER,FATHER,TP
continuous_0081_S3_strategy2.npz,609-732,SEPTEMBER,SEPTEMBER,TP
continuous_0081_S3_strategy2.npz,732-853,COUSIN,COUSIN,TP
continuous_0081_S3_strategy2.npz,241-362,YELLOW,-,FN
continuous_0081_S3_strategy2.npz,483-604,MOTHER,-,FN
continuous_0082_S3_strategy2.npz,0-121,BLUE,-,FN
continuous_0083_S3_strategy2.npz,0-120,GREEN,-,FN
continuous_0084_S4_strategy2.npz,0-258,MAN,MAN,TP
continuous_0084_S4_strategy2.npz,258-387,-,GRANDMOTHER,FP
continuous_0084_S4_strategy2.npz,387-516,-,CRAB,FP
continuous_0084_S4_strategy2.npz,516-646,-,BEER,FP
continuous_0084_S4_strategy2.npz,646-775,-,MILK,FP
continuous_0084_S4_strategy2.npz,775-904,PINK,PINK,TP
continuous_0084_S4_strategy2.npz,128-264,GOOD AFTERNOON,-,FN
continuous_0084_S4_strategy2.npz,264-390,THREE,-,FN
continuous_0084_S4_strategy2.npz,390-515,MOTHER,-,FN
continuous_0084_S4_strategy2.npz,515-642,CRAB,-,FN
continuous_0084_S4_strategy2.npz,642-770,BEER,-,FN
continuous_0085_S4_strategy2.npz,0-127,NO,NO,TP
continuous_0085_S4_strategy2.npz,127-255,GRANDFATHER,GRANDFATHER,TP
continuous_0085_S4_strategy2.npz,255-384,CRAB,CRAB,TP
continuous_0085_S4_strategy2.npz,384-511,-,TWO,FP
continuous_0085_S4_strategy2.npz,511-639,GOOD AFTERNOON,GOOD AFTERNOON,TP
continuous_0085_S4_strategy2.npz,639-768,BOY,BOY,TP
continuous_0085_S4_strategy2.npz,376-503,TWO,-,FN
continuous_0086_S4_strategy2.npz,0-79,MAY,MAY,TP
continuous_0086_S4_strategy2.npz,79-240,GOOD AFTERNOON,GOOD AFTERNOON,TP
continuous_0086_S4_strategy2.npz,240-402,-,PINK,FP
continuous_0086_S4_strategy2.npz,402-562,-,SEE YOU TOMORROW,FP
continuous_0086_S4_strategy2.npz,562-723,ONE,ONE,TP
continuous_0086_S4_strategy2.npz,723-885,MAN,MAN,TP
continuous_0086_S4_strategy2.npz,248-369,UNCLE,-,FN
continuous_0086_S4_strategy2.npz,369-500,PINK,-,FN
continuous_0086_S4_strategy2.npz,500-622,FAST,-,FN
continuous_0087_S4_strategy2.npz,0-153,GIRL,GIRL,TP
continuous_0087_S4_strategy2.npz,153-307,COFFEE,COFFEE,TP
continuous_0087_S4_strategy2.npz,307-462,RICE,RICE,TP
continuous_0087_S4_strategy2.npz,462-616,NOVEMBER,NOVEMBER,TP
continuous_0087_S4_strategy2.npz,616-771,YOURE WELCOME,YOURE WELCOME,TP
continuous_0087_S4_strategy2.npz,643-771,SON,-,FN
continuous_0088_S4_strategy2.npz,0-147,PINK,PINK,TP
continuous_0088_S4_strategy2.npz,147-294,CORRECT,CORRECT,TP
continuous_0088_S4_strategy2.npz,294-441,-,WEELCHAIR PERSON,FP
continuous_0088_S4_strategy2.npz,441-588,HOT,HOT,TP
continuous_0088_S4_strategy2.npz,588-735,TODAY,TODAY,TP
continuous_0088_S4_strategy2.npz,735-882,SPAGHETTI,SPAGHETTI,TP
continuous_0088_S4_strategy2.npz,248-381,WEELCHAIR PERSON,-,FN
continuous_0088_S4_strategy2.npz,503-626,YOURE WELCOME,-,FN
continuous_0089_S4_strategy2.npz,0-129,FIVE,FIVE,TP
continuous_0089_S4_strategy2.npz,129-261,MARRIED,MARRIED,TP
continuous_0089_S4_strategy2.npz,261-522,-,GREEN,FP
continuous_0089_S4_strategy2.npz,522-654,NICE TO MEET YOU,NICE TO MEET YOU,TP
continuous_0089_S4_strategy2.npz,654-784,SEPTEMBER,SEPTEMBER,TP
continuous_0089_S4_strategy2.npz,784-915,CORRECT,CORRECT,TP
continuous_0089_S4_strategy2.npz,251-380,YELLOW,-,FN
continuous_0089_S4_strategy2.npz,380-524,BEER,-,FN
continuous_0090_S4_strategy2.npz,0-123,DAUGHTER,DAUGHTER,TP
continuous_0090_S4_strategy2.npz,123-372,YELLOW,YELLOW,TP
continuous_0090_S4_strategy2.npz,372-496,COFFEE,COFFEE,TP
continuous_0090_S4_strategy2.npz,496-745,MARRIED,MARRIED,TP
continuous_0090_S4_strategy2.npz,255-365,YESTERDAY,-,FN
continuous_0090_S4_strategy2.npz,618-745,FOUR,-,FN
continuous_0091_S4_strategy2.npz,0-159,-,AUGUST,FP
continuous_0091_S4_strategy2.npz,159-318,-,SEE YOU TOMORROW,FP
continuous_0091_S4_strategy2.npz,318-477,GOOD MORNING,GOOD MORNING,TP
continuous_0091_S4_strategy2.npz,477-636,MILK,MILK,TP
continuous_0091_S4_strategy2.npz,636-795,MARRIED,MARRIED,TP
continuous_0091_S4_strategy2.npz,0-125,JUNE,-,FN
continuous_0091_S4_strategy2.npz,125-275,WRONG,-,FN
continuous_0091_S4_strategy2.npz,661-794,ORANGE,-,FN
continuous_0092_S4_strategy2.npz,258-387,BLACK,BLACK,TP
continuous_0092_S4_strategy2.npz,387-646,BLIND,BLIND,TP
continuous_0092_S4_strategy2.npz,646-777,-,UNCLE,FP
continuous_0092_S4_strategy2.npz,777-906,COLD,COLD,TP
continuous_0092_S4_strategy2.npz,0-127,EIGHT,-,FN
continuous_0092_S4_strategy2.npz,127-263,YOURE WELCOME,-,FN
continuous_0092_S4_strategy2.npz,522-644,UNCLE,-,FN
continuous_0092_S4_strategy2.npz,644-779,AUGUST,-,FN
continuous_0093_S4_strategy2.npz,0-232,SHRIMP,SHRIMP,TP
continuous_0093_S4_strategy2.npz,232-583,JUICE,JUICE,TP
continuous_0093_S4_strategy2.npz,583-817,PINK,PINK,TP
continuous_0093_S4_strategy2.npz,817-934,DEAF,DEAF,TP
continuous_0093_S4_strategy2.npz,127-256,MOTHER,-,FN
continuous_0093_S4_strategy2.npz,398-546,FAST,-,FN
continuous_0093_S4_strategy2.npz,681-805,JULY,-,FN
continuous_0094_S4_strategy2.npz,0-333,MARCH,MARCH,TP
continuous_0094_S4_strategy2.npz,333-445,BOY,BOY,TP
continuous_0094_S4_strategy2.npz,445-558,COFFEE,COFFEE,TP
continuous_0094_S4_strategy2.npz,558-669,AUNTIE,AUNTIE,TP
continuous_0094_S4_strategy2.npz,669-780,FAST,FAST,TP
continuous_0094_S4_strategy2.npz,780-892,YESTERDAY,YESTERDAY,TP
continuous_0094_S4_strategy2.npz,125-251,SIX,-,FN
continuous_0095_S4_strategy2.npz,0-111,DARK,DARK,TP
continuous_0095_S4_strategy2.npz,111-222,DAUGHTER,DAUGHTER,TP
continuous_0095_S4_strategy2.npz,222-333,BLIND,BLIND,TP
continuous_0095_S4_strategy2.npz,333-444,BEER,BEER,TP
continuous_0095_S4_strategy2.npz,444-555,-,MILK,FP
continuous_0095_S4_strategy2.npz,555-666,-,MARCH,FP
continuous_0095_S4_strategy2.npz,666-777,RICE,RICE,TP
continuous_0095_S4_strategy2.npz,777-888,-,TUESDAY,FP
continuous_0095_S4_strategy2.npz,507-635,MARCH,-,FN
continuous_0095_S4_strategy2.npz,762-888,TUESDAY,-,FN
continuous_0096_S4_strategy2.npz,0-192,BLIND,BLIND,TP
continuous_0096_S4_strategy2.npz,192-384,LIGHT,LIGHT,TP
continuous_0096_S4_strategy2.npz,384-577,HOW ARE YOU,HOW ARE YOU,TP
continuous_0096_S4_strategy2.npz,577-771,MAY,MAY,TP
continuous_0096_S4_strategy2.npz,134-258,UNDERSTAND,-,FN
continuous_0096_S4_strategy2.npz,516-643,SUGAR,-,FN
continuous_0097_S4_strategy2.npz,0-127,THURSDAY,THURSDAY,TP
continuous_0097_S4_strategy2.npz,127-255,THREE,THREE,TP
continuous_0097_S4_strategy2.npz,255-384,TEA,TEA,TP
continuous_0097_S4_strategy2.npz,384-511,DARK,DARK,TP
continuous_0097_S4_strategy2.npz,511-639,GRANDMOTHER,GRANDMOTHER,TP
continuous_0097_S4_strategy2.npz,639-768,GOOD EVENING,GOOD EVENING,TP
continuous_0097_S4_strategy2.npz,768-895,SLOW,SLOW,TP
continuous_0098_S4_strategy2.npz,0-129,COFFEE,COFFEE,TP
continuous_0098_S4_strategy2.npz,129-258,WHITE,WHITE,TP
continuous_0098_S4_strategy2.npz,258-387,NO,NO,TP
continuous_0098_S4_strategy2.npz,387-516,COUSIN,COUSIN,TP
continuous_0098_S4_strategy2.npz,516-645,NICE TO MEET YOU,NICE TO MEET YOU,TP
continuous_0098_S4_strategy2.npz,645-774,FIVE,FIVE,TP
continuous_0099_S4_strategy2.npz,0-129,SEE YOU TOMORROW,SEE YOU TOMORROW,TP
continuous_0099_S4_strategy2.npz,129-258,DARK,DARK,TP
continuous_0099_S4_strategy2.npz,258-387,CORRECT,CORRECT,TP
continuous_0099_S4_strategy2.npz,387-517,HARD OF HEARING,HARD OF HEARING,TP
continuous_0099_S4_strategy2.npz,517-646,THURSDAY,THURSDAY,TP
continuous_0099_S4_strategy2.npz,646-777,COUSIN,COUSIN,TP
continuous_0099_S4_strategy2.npz,777-906,-,TWO,FP
continuous_0099_S4_strategy2.npz,778-906,THREE,-,FN
continuous_0100_S4_strategy2.npz,0-157,WRONG,WRONG,TP
continuous_0100_S4_strategy2.npz,157-315,NINE,NINE,TP
continuous_0100_S4_strategy2.npz,315-474,GIRL,GIRL,TP
continuous_0100_S4_strategy2.npz,474-631,BREAD,BREAD,TP
continuous_0100_S4_strategy2.npz,631-948,GRAY,GRAY,TP
continuous_0100_S4_strategy2.npz,658-795,SON,-,FN
continuous_0100_S4_strategy2.npz,795-947,OCTOBER,-,FN
continuous_0101_S4_strategy2.npz,129-258,MARRIED,MARRIED,TP
continuous_0101_S4_strategy2.npz,258-387,HELLO,HELLO,TP
continuous_0101_S4_strategy2.npz,387-516,GREEN,GREEN,TP
continuous_0101_S4_strategy2.npz,516-645,SON,SON,TP
continuous_0101_S4_strategy2.npz,645-774,NO,NO,TP
continuous_0101_S4_strategy2.npz,0-127,SEVEN,-,FN
continuous_0102_S4_strategy2.npz,507-634,-,BREAD,FP
continuous_0102_S4_strategy2.npz,634-762,-,SATURDAY,FP
continuous_0102_S4_strategy2.npz,762-889,-,GOOD MORNING,FP
continuous_0102_S4_strategy2.npz,0-124,FAST,-,FN
continuous_0102_S4_strategy2.npz,124-249,SIX,-,FN
continuous_0102_S4_strategy2.npz,249-382,BREAD,-,FN
continuous_0102_S4_strategy2.npz,382-513,JULY,-,FN
continuous_0102_S4_strategy2.npz,513-635,SATURDAY,-,FN
continuous_0102_S4_strategy2.npz,635-766,GOOD MORNING,-,FN
continuous_0102_S4_strategy2.npz,766-889,SON,-,FN
continuous_0103_S4_strategy2.npz,0-76,BOY,BOY,TP
continuous_0103_S4_strategy2.npz,76-153,-,NICE TO MEET YOU,FP
continuous_0103_S4_strategy2.npz,153-307,-,RED,FP
continuous_0103_S4_strategy2.npz,307-615,-,RED,FP
continuous_0103_S4_strategy2.npz,615-693,TODAY,TODAY,TP
continuous_0103_S4_strategy2.npz,693-769,FATHER,FATHER,TP
continuous_0103_S4_strategy2.npz,125-255,NICE TO MEET YOU,-,FN
continuous_0103_S4_strategy2.npz,255-386,RED,-,FN
continuous_0103_S4_strategy2.npz,386-513,SEVEN,-,FN
continuous_0104_S4_strategy2.npz,0-109,FAST,FAST,TP
continuous_0104_S4_strategy2.npz,109-220,-,SEE YOU TOMORROW,FP
continuous_0104_S4_strategy2.npz,220-552,YOURE WELCOME,YOURE WELCOME,TP
continuous_0104_S4_strategy2.npz,552-663,-,DARK,FP
continuous_0104_S4_strategy2.npz,663-774,COLD,COLD,TP
continuous_0104_S4_strategy2.npz,253-381,MARCH,-,FN
continuous_0104_S4_strategy2.npz,381-516,DARK,-,FN
continuous_0104_S4_strategy2.npz,516-647,ONE,-,FN
continuous_0105_S4_strategy2.npz,0-150,THURSDAY,THURSDAY,TP
continuous_0105_S4_strategy2.npz,150-301,CORRECT,CORRECT,TP
continuous_0105_S4_strategy2.npz,301-453,JUICE,JUICE,TP
continuous_0105_S4_strategy2.npz,453-604,COUSIN,COUSIN,TP
continuous_0105_S4_strategy2.npz,604-756,YELLOW,YELLOW,TP
continuous_0105_S4_strategy2.npz,625-756,JUNE,-,FN
continuous_0106_S4_strategy2.npz,0-109,HOT,HOT,TP
continuous_0106_S4_strategy2.npz,109-220,-,EIGHT,FP
continuous_0106_S4_strategy2.npz,220-441,YESTERDAY,YESTERDAY,TP
continuous_0106_S4_strategy2.npz,441-552,FISH,FISH,TP
continuous_0106_S4_strategy2.npz,552-663,-,GIRL,FP
continuous_0106_S4_strategy2.npz,663-774,WRONG,WRONG,TP
continuous_0106_S4_strategy2.npz,774-885,GOOD AFTERNOON,GOOD AFTERNOON,TP
continuous_0106_S4_strategy2.npz,126-251,EIGHT,-,FN
continuous_0106_S4_strategy2.npz,502-631,BLIND,-,FN
continuous_0107_S4_strategy2.npz,124-250,GOOD EVENING,GOOD EVENING,TP
continuous_0107_S4_strategy2.npz,250-376,-,HELLO,FP
continuous_0107_S4_strategy2.npz,376-502,CHICKEN,CHICKEN,TP
continuous_0107_S4_strategy2.npz,502-628,DECEMBER,DECEMBER,TP
continuous_0107_S4_strategy2.npz,628-754,COUSIN,COUSIN,TP
continuous_0107_S4_strategy2.npz,0-125,ONE,-,FN
continuous_0107_S4_strategy2.npz,254-378,KNOW,-,FN
continuous_0108_S4_strategy2.npz,195-390,VIOLET,VIOLET,TP
continuous_0108_S4_strategy2.npz,390-586,-,NICE TO MEET YOU,FP
continuous_0108_S4_strategy2.npz,586-783,TEA,TEA,TP
continuous_0108_S4_strategy2.npz,0-121,TOMORROW,-,FN
continuous_0108_S4_strategy2.npz,251-382,NICE TO MEET YOU,-,FN
continuous_0108_S4_strategy2.npz,382-508,LONGANISA,-,FN
continuous_0108_S4_strategy2.npz,639-782,AUGUST,-,FN
continuous_0109_S4_strategy2.npz,0-250,FOUR,FOUR,TP
continuous_0109_S4_strategy2.npz,250-502,-,JANUARY,FP
continuous_0109_S4_strategy2.npz,502-628,DON’T KNOW,DON’T KNOW,TP
continuous_0109_S4_strategy2.npz,628-754,LONGANISA,LONGANISA,TP
continuous_0109_S4_strategy2.npz,754-880,BOY,BOY,TP
continuous_0109_S4_strategy2.npz,137-261,YESTERDAY,-,FN
continuous_0109_S4_strategy2.npz,261-388,JANUARY,-,FN
continuous_0109_S4_strategy2.npz,515-647,GOOD AFTERNOON,-,FN
continuous_0110_S4_strategy2.npz,0-252,MILK,MILK,TP
continuous_0110_S4_strategy2.npz,252-379,WHITE,WHITE,TP
continuous_0110_S4_strategy2.npz,379-505,HELLO,HELLO,TP
continuous_0110_S4_strategy2.npz,505-633,FATHER,FATHER,TP
continuous_0110_S4_strategy2.npz,633-759,LONGANISA,LONGANISA,TP
continuous_0110_S4_strategy2.npz,759-886,WEDNESDAY,WEDNESDAY,TP
continuous_0110_S4_strategy2.npz,120-243,JULY,-,FN
continuous_0111_S4_strategy2.npz,0-375,TUESDAY,TUESDAY,TP
continuous_0111_S4_strategy2.npz,375-751,-,WOMAN,FP
continuous_0111_S4_strategy2.npz,121-245,SUGAR,-,FN
continuous_0111_S4_strategy2.npz,245-377,WOMAN,-,FN
continuous_0111_S4_strategy2.npz,377-502,JUNE,-,FN
continuous_0111_S4_strategy2.npz,502-627,SEVEN,-,FN
continuous_0111_S4_strategy2.npz,627-751,GOOD EVENING,-,FN
continuous_0112_S4_strategy2.npz,0-127,WRONG,WRONG,TP
continuous_0112_S4_strategy2.npz,127-255,YELLOW,YELLOW,TP
continuous_0112_S4_strategy2.npz,255-384,GIRL,GIRL,TP
continuous_0112_S4_strategy2.npz,384-513,GOOD MORNING,GOOD MORNING,TP
continuous_0112_S4_strategy2.npz,513-642,TWO,TWO,TP
continuous_0112_S4_strategy2.npz,642-897,SUGAR,SUGAR,TP
continuous_0112_S4_strategy2.npz,754-898,FEBRUARY,-,FN
continuous_0113_S4_strategy2.npz,0-153,GRAY,GRAY,TP
continuous_0113_S4_strategy2.npz,153-306,-,THREE,FP
continuous_0113_S4_strategy2.npz,306-459,-,THURSDAY,FP
continuous_0113_S4_strategy2.npz,459-768,CORRECT,CORRECT,TP
continuous_0113_S4_strategy2.npz,131-262,NO SUGAR,-,FN
continuous_0113_S4_strategy2.npz,262-388,THREE,-,FN
continuous_0113_S4_strategy2.npz,388-514,THURSDAY,-,FN
continuous_0113_S4_strategy2.npz,641-767,JULY,-,FN
continuous_0114_S4_strategy2.npz,0-130,SEE YOU TOMORROW,SEE YOU TOMORROW,TP
continuous_0114_S4_strategy2.npz,130-261,-,WEDNESDAY,FP
continuous_0114_S4_strategy2.npz,261-523,GIRL,GIRL,TP
continuous_0114_S4_strategy2.npz,523-654,DON’T KNOW,DON’T KNOW,TP
continuous_0114_S4_strategy2.npz,654-786,COLD,COLD,TP
continuous_0114_S4_strategy2.npz,138-265,SIX,-,FN
continuous_0114_S4_strategy2.npz,265-396,RED,-,FN
continuous_0115_S4_strategy2.npz,0-108,WEDNESDAY,WEDNESDAY,TP
continuous_0115_S4_strategy2.npz,108-216,CRAB,CRAB,TP
continuous_0115_S4_strategy2.npz,216-324,YOURE WELCOME,YOURE WELCOME,TP
continuous_0115_S4_strategy2.npz,324-432,-,NOVEMBER,FP
continuous_0115_S4_strategy2.npz,432-648,-,JUICE,FP
continuous_0115_S4_strategy2.npz,648-756,PARENTS,PARENTS,TP
continuous_0115_S4_strategy2.npz,379-505,NOVEMBER,-,FN
continuous_0115_S4_strategy2.npz,505-635,NINE,-,FN
continuous_0116_S4_strategy2.npz,0-154,HOT,HOT,TP
continuous_0116_S4_strategy2.npz,154-309,IM FINE,IM FINE,TP
continuous_0116_S4_strategy2.npz,309-619,WHITE,WHITE,TP
continuous_0116_S4_strategy2.npz,619-774,DON’T UNDERSTAND,DON’T UNDERSTAND,TP
continuous_0116_S4_strategy2.npz,385-513,NINE,-,FN
continuous_0116_S4_strategy2.npz,638-774,WEELCHAIR PERSON,-,FN
continuous_0117_S4_strategy2.npz,0-151,SUNDAY,SUNDAY,TP
continuous_0117_S4_strategy2.npz,151-456,BREAD,BREAD,TP
continuous_0117_S4_strategy2.npz,456-607,WRONG,WRONG,TP
continuous_0117_S4_strategy2.npz,607-759,BLIND,BLIND,TP
continuous_0117_S4_strategy2.npz,759-912,LIGHT,LIGHT,TP
continuous_0117_S4_strategy2.npz,252-381,SUGAR,-,FN
continuous_0117_S4_strategy2.npz,774-912,THANK YOU,-,FN
continuous_0118_S4_strategy2.npz,0-111,-,MILK,FP
continuous_0118_S4_strategy2.npz,111-222,-,WOMAN,FP
continuous_0118_S4_strategy2.npz,222-445,TODAY,TODAY,TP
continuous_0118_S4_strategy2.npz,445-556,-,SEPTEMBER,FP
continuous_0118_S4_strategy2.npz,556-780,COUSIN,COUSIN,TP
continuous_0118_S4_strategy2.npz,780-891,GOOD EVENING,GOOD EVENING,TP
continuous_0118_S4_strategy2.npz,0-126,DON’T UNDERSTAND,-,FN
continuous_0118_S4_strategy2.npz,126-257,MILK,-,FN
continuous_0118_S4_strategy2.npz,257-391,MAN,-,FN
continuous_0118_S4_strategy2.npz,513-641,SEPTEMBER,-,FN
continuous_0119_S4_strategy2.npz,0-153,TUESDAY,TUESDAY,TP
continuous_0119_S4_strategy2.npz,153-306,COUSIN,COUSIN,TP
continuous_0119_S4_strategy2.npz,306-460,SEE YOU TOMORROW,SEE YOU TOMORROW,TP
continuous_0119_S4_strategy2.npz,460-615,CRAB,CRAB,TP
continuous_0119_S4_strategy2.npz,615-768,TWO,TWO,TP
continuous_0119_S4_strategy2.npz,261-390,FAST,-,FN
continuous_0120_S4_strategy2.npz,0-127,THANK YOU,THANK YOU,TP
continuous_0120_S4_strategy2.npz,127-255,WRONG,WRONG,TP
continuous_0120_S4_strategy2.npz,255-384,SPAGHETTI,SPAGHETTI,TP
continuous_0120_S4_strategy2.npz,384-513,MILK,MILK,TP
continuous_0120_S4_strategy2.npz,513-769,PINK,PINK,TP
continuous_0120_S4_strategy2.npz,641-769,SEVEN,-,FN
continuous_0121_S4_strategy2.npz,0-127,MARRIED,MARRIED,TP
continuous_0121_S4_strategy2.npz,127-255,GRAY,GRAY,TP
continuous_0121_S4_strategy2.npz,255-384,GOOD MORNING,GOOD MORNING,TP
continuous_0121_S4_strategy2.npz,384-511,THURSDAY,THURSDAY,TP
continuous_0121_S4_strategy2.npz,511-639,WRONG,WRONG,TP
continuous_0121_S4_strategy2.npz,639-768,WINE,WINE,TP
continuous_0121_S4_strategy2.npz,768-897,FATHER,FATHER,TP
continuous_0122_S4_strategy2.npz,0-168,GRANDMOTHER,GRANDMOTHER,TP
continuous_0122_S4_strategy2.npz,168-252,PINK,PINK,TP
continuous_0122_S4_strategy2.npz,252-336,-,BREAD,FP
continuous_0122_S4_strategy2.npz,336-589,IM FINE,IM FINE,TP
continuous_0122_S4_strategy2.npz,589-759,WEDNESDAY,WEDNESDAY,TP
continuous_0122_S4_strategy2.npz,372-497,JANUARY,-,FN
continuous_0122_S4_strategy2.npz,627-758,WEELCHAIR PERSON,-,FN
continuous_0123_S4_strategy2.npz,285-379,-,MAY,FP
continuous_0123_S4_strategy2.npz,379-474,-,SEE YOU TOMORROW,FP
continuous_0123_S4_strategy2.npz,474-570,YES,YES,TP
continuous_0123_S4_strategy2.npz,570-664,HARD OF HEARING,HARD OF HEARING,TP
continuous_0123_S4_strategy2.npz,664-760,GREEN,GREEN,TP
continuous_0123_S4_strategy2.npz,0-122,MONDAY,-,FN
continuous_0123_S4_strategy2.npz,122-241,MAY,-,FN
continuous_0123_S4_strategy2.npz,241-369,SEE YOU TOMORROW,-,FN
continuous_0124_S4_strategy2.npz,0-109,WHITE,WHITE,TP
continuous_0124_S4_strategy2.npz,109-219,SPAGHETTI,SPAGHETTI,TP
continuous_0124_S4_strategy2.npz,219-330,-,FEBRUARY,FP
continuous_0124_S4_strategy2.npz,330-552,NINE,NINE,TP
continuous_0124_S4_strategy2.npz,552-661,WINE,WINE,TP
continuous_0124_S4_strategy2.npz,661-772,THANK YOU,THANK YOU,TP
continuous_0124_S4_strategy2.npz,265-394,FEBRUARY,-,FN
continuous_0125_S4_strategy2.npz,0-126,GREEN,GREEN,TP
continuous_0125_S4_strategy2.npz,126-255,UNCLE,UNCLE,TP
continuous_0125_S4_strategy2.npz,255-382,SATURDAY,SATURDAY,TP
continuous_0125_S4_strategy2.npz,382-510,SHRIMP,SHRIMP,TP
continuous_0125_S4_strategy2.npz,510-639,JANUARY,JANUARY,TP
continuous_0125_S4_strategy2.npz,639-766,MAN,MAN,TP
continuous_0126_S4_strategy2.npz,0-99,SLOW,SLOW,TP
continuous_0126_S4_strategy2.npz,99-201,IM FINE,IM FINE,TP
continuous_0126_S4_strategy2.npz,201-604,DEAF BLIND,DEAF BLIND,TP
continuous_0126_S4_strategy2.npz,604-705,-,LIGHT,FP
continuous_0126_S4_strategy2.npz,705-807,EGG,EGG,TP
continuous_0126_S4_strategy2.npz,807-907,DECEMBER,DECEMBER,TP
continuous_0126_S4_strategy2.npz,383-509,EIGHT,-,FN
continuous_0126_S4_strategy2.npz,509-636,LIGHT,-,FN
continuous_0127_S4_strategy2.npz,0-397,COUSIN,COUSIN,TP
continuous_0127_S4_strategy2.npz,397-496,-,GOOD AFTERNOON,FP
continuous_0127_S4_strategy2.npz,496-696,-,SEPTEMBER,FP
continuous_0127_S4_strategy2.npz,696-795,WINE,WINE,TP
continuous_0127_S4_strategy2.npz,795-895,DEAF BLIND,DEAF BLIND,TP
continuous_0127_S4_strategy2.npz,125-251,NINE,-,FN
continuous_0127_S4_strategy2.npz,251-381,GOOD AFTERNOON,-,FN
continuous_0127_S4_strategy2.npz,381-507,OCTOBER,-,FN
continuous_0127_S4_strategy2.npz,507-633,MONDAY,-,FN
continuous_0128_S4_strategy2.npz,0-111,-,SIX,FP
continuous_0128_S4_strategy2.npz,111-333,SEPTEMBER,SEPTEMBER,TP
continuous_0128_S4_strategy2.npz,333-445,-,SEPTEMBER,FP
continuous_0128_S4_strategy2.npz,445-556,CHICKEN,CHICKEN,TP
continuous_0128_S4_strategy2.npz,556-669,GRANDFATHER,GRANDFATHER,TP
continuous_0128_S4_strategy2.npz,669-780,COFFEE,COFFEE,TP
continuous_0128_S4_strategy2.npz,0-131,NO,-,FN
continuous_0128_S4_strategy2.npz,131-262,SIX,-,FN
continuous_0129_S4_strategy2.npz,0-99,-,HARD OF HEARING,FP
continuous_0129_S4_strategy2.npz,99-198,RED,RED,TP
continuous_0129_S4_strategy2.npz,198-297,CRAB,CRAB,TP
continuous_0129_S4_strategy2.npz,297-396,APRIL,APRIL,TP
continuous_0129_S4_strategy2.npz,396-495,HARD OF HEARING,HARD OF HEARING,TP
continuous_0129_S4_strategy2.npz,495-594,-,TWO,FP
continuous_0129_S4_strategy2.npz,594-892,YOURE WELCOME,YOURE WELCOME,TP
continuous_0129_S4_strategy2.npz,515-641,SIX,-,FN
continuous_0129_S4_strategy2.npz,765-892,FAST,-,FN
continuous_0130_S4_strategy2.npz,0-219,EGG,EGG,TP
continuous_0130_S4_strategy2.npz,219-328,-,UNCLE,FP
continuous_0130_S4_strategy2.npz,328-547,-,AUGUST,FP
continuous_0130_S4_strategy2.npz,547-657,IM FINE,IM FINE,TP
continuous_0130_S4_strategy2.npz,657-768,MONDAY,MONDAY,TP
continuous_0130_S4_strategy2.npz,129-260,ORANGE,-,FN
continuous_0130_S4_strategy2.npz,260-397,UNCLE,-,FN
continuous_0130_S4_strategy2.npz,397-516,JULY,-,FN
continuous_0131_S4_strategy2.npz,0-150,HOW ARE YOU,HOW ARE YOU,TP
continuous_0131_S4_strategy2.npz,150-601,APRIL,APRIL,TP
continuous_0131_S4_strategy2.npz,601-751,TODAY,TODAY,TP
continuous_0131_S4_strategy2.npz,751-903,BLUE,BLUE,TP
continuous_0131_S4_strategy2.npz,255-395,WEELCHAIR PERSON,-,FN
continuous_0131_S4_strategy2.npz,395-520,TWO,-,FN
continuous_0131_S4_strategy2.npz,520-647,DAUGHTER,-,FN
continuous_0132_S4_strategy2.npz,0-151,THURSDAY,THURSDAY,TP
continuous_0132_S4_strategy2.npz,151-303,-,VIOLET,FP
continuous_0132_S4_strategy2.npz,303-456,-,FATHER,FP
continuous_0132_S4_strategy2.npz,456-607,MEAT,MEAT,TP
continuous_0132_S4_strategy2.npz,607-759,APRIL,APRIL,TP
continuous_0132_S4_strategy2.npz,759-912,CORRECT,CORRECT,TP
continuous_0132_S4_strategy2.npz,125-260,WEELCHAIR PERSON,-,FN
continuous_0132_S4_strategy2.npz,260-395,VIOLET,-,FN
continuous_0132_S4_strategy2.npz,395-519,FATHER,-,FN
continuous_0133_S4_strategy2.npz,300-450,-,GRAY,FP
continuous_0133_S4_strategy2.npz,450-601,-,TEA,FP
continuous_0133_S4_strategy2.npz,601-753,-,DEAF,FP
continuous_0133_S4_strategy2.npz,0-123,SEVEN,-,FN
continuous_0133_S4_strategy2.npz,123-252,GRAY,-,FN
continuous_0133_S4_strategy2.npz,252-379,TEA,-,FN
continuous_0133_S4_strategy2.npz,379-507,DEAF,-,FN
continuous_0133_S4_strategy2.npz,507-647,MONDAY,-,FN
continuous_0133_S4_strategy2.npz,647-752,IM FINE,-,FN
continuous_0134_S4_strategy2.npz,0-127,CHICKEN,CHICKEN,TP
continuous_0134_S4_strategy2.npz,127-255,HELLO,HELLO,TP
continuous_0134_S4_strategy2.npz,255-384,TWO,TWO,TP
continuous_0134_S4_strategy2.npz,384-513,HOT,HOT,TP
continuous_0134_S4_strategy2.npz,513-640,SUNDAY,SUNDAY,TP
continuous_0134_S4_strategy2.npz,640-769,BLIND,BLIND,TP
continuous_0135_S4_strategy2.npz,0-145,WOMAN,WOMAN,TP
continuous_0135_S4_strategy2.npz,145-292,FISH,FISH,TP
continuous_0135_S4_strategy2.npz,292-439,SEE YOU TOMORROW,SEE YOU TOMORROW,TP
continuous_0135_S4_strategy2.npz,439-586,TODAY,TODAY,TP
continuous_0135_S4_strategy2.npz,586-880,JUICE,JUICE,TP
continuous_0135_S4_strategy2.npz,621-750,ONE,-,FN
continuous_0135_S4_strategy2.npz,750-880,JANUARY,-,FN
continuous_0136_S4_strategy2.npz,0-126,DARK,DARK,TP
continuous_0136_S4_strategy2.npz,126-252,WOMAN,WOMAN,TP
continuous_0136_S4_strategy2.npz,252-379,GRANDFATHER,GRANDFATHER,TP
continuous_0136_S4_strategy2.npz,379-506,BEER,BEER,TP
continuous_0136_S4_strategy2.npz,506-633,BREAD,BREAD,TP
continuous_0136_S4_strategy2.npz,633-760,WEDNESDAY,WEDNESDAY,TP
continuous_0137_S4_strategy2.npz,0-258,-,BEER,FP
continuous_0137_S4_strategy2.npz,258-388,BLACK,BLACK,TP
continuous_0137_S4_strategy2.npz,388-517,IM FINE,IM FINE,TP
continuous_0137_S4_strategy2.npz,517-648,DEAF BLIND,DEAF BLIND,TP
continuous_0137_S4_strategy2.npz,648-777,NO,NO,TP
continuous_0137_S4_strategy2.npz,777-907,PARENTS,PARENTS,TP
continuous_0137_S4_strategy2.npz,0-125,BEER,-,FN
continuous_0137_S4_strategy2.npz,125-249,TOMORROW,-,FN
continuous_0138_S4_strategy2.npz,0-189,-,NOVEMBER,FP
continuous_0138_S4_strategy2.npz,189-381,SPAGHETTI,SPAGHETTI,TP
continuous_0138_S4_strategy2.npz,381-570,-,BLACK,FP
continuous_0138_S4_strategy2.npz,570-762,PARENTS,PARENTS,TP
continuous_0138_S4_strategy2.npz,0-129,TEN,-,FN
continuous_0138_S4_strategy2.npz,129-259,NOVEMBER,-,FN
continuous_0138_S4_strategy2.npz,385-519,NO,-,FN
continuous_0138_S4_strategy2.npz,519-647,BLACK,-,FN
continuous_0139_S4_strategy2.npz,0-108,DAUGHTER,DAUGHTER,TP
continuous_0139_S4_strategy2.npz,108-216,WINE,WINE,TP
continuous_0139_S4_strategy2.npz,216-324,-,NO,FP
continuous_0139_S4_strategy2.npz,324-432,HELLO,HELLO,TP
continuous_0139_S4_strategy2.npz,432-649,-,MONDAY,FP
continuous_0139_S4_strategy2.npz,649-759,FIVE,FIVE,TP
continuous_0139_S4_strategy2.npz,249-382,NO,-,FN
continuous_0139_S4_strategy2.npz,500-635,MONDAY,-,FN
continuous_0140_S4_strategy2.npz,0-84,SLOW,SLOW,TP
continuous_0140_S4_strategy2.npz,84-513,WEELCHAIR PERSON,WEELCHAIR PERSON,TP
continuous_0140_S4_strategy2.npz,513-598,-,DEAF,FP
continuous_0140_S4_strategy2.npz,598-684,-,MILK,FP
continuous_0140_S4_strategy2.npz,684-771,FOUR,FOUR,TP
continuous_0140_S4_strategy2.npz,258-387,FRIDAY,-,FN
continuous_0140_S4_strategy2.npz,387-514,GRANDMOTHER,-,FN
continuous_0140_S4_strategy2.npz,514-643,MILK,-,FN
continuous_0141_S4_strategy2.npz,0-186,GIRL,GIRL,TP
continuous_0141_S4_strategy2.npz,186-372,HELLO,HELLO,TP
continuous_0141_S4_strategy2.npz,372-558,VIOLET,VIOLET,TP
continuous_0141_S4_strategy2.npz,558-745,-,TEA,FP
continuous_0141_S4_strategy2.npz,386-511,YES,-,FN
continuous_0141_S4_strategy2.npz,511-638,TEN,-,FN
continuous_0141_S4_strategy2.npz,638-745,TEA,-,FN
continuous_0142_S4_strategy2.npz,0-147,GRANDMOTHER,GRANDMOTHER,TP
continuous_0142_S4_strategy2.npz,147-294,FOUR,FOUR,TP
continuous_0142_S4_strategy2.npz,294-442,IM FINE,IM FINE,TP
continuous_0142_S4_strategy2.npz,442-591,BREAD,BREAD,TP
continuous_0142_S4_strategy2.npz,591-738,TOMORROW,TOMORROW,TP
continuous_0142_S4_strategy2.npz,738-886,FEBRUARY,FEBRUARY,TP
continuous_0142_S4_strategy2.npz,757-886,CORRECT,-,FN
continuous_0143_S4_strategy2.npz,0-84,GREEN,GREEN,TP
continuous_0143_S4_strategy2.npz,84-256,EGG,EGG,TP
continuous_0143_S4_strategy2.npz,256-342,-,TEA,FP
continuous_0143_S4_strategy2.npz,342-427,-,SLOW,FP
continuous_0143_S4_strategy2.npz,427-600,-,CORRECT,FP
continuous_0143_S4_strategy2.npz,600-685,-,TODAY,FP
continuous_0143_S4_strategy2.npz,685-771,SATURDAY,SATURDAY,TP
continuous_0143_S4_strategy2.npz,257-393,TEA,-,FN
continuous_0143_S4_strategy2.npz,393-518,SLOW,-,FN
continuous_0143_S4_strategy2.npz,518-644,FEBRUARY,-,FN
continuous_0144_S4_strategy2.npz,0-108,DON’T KNOW,DON’T KNOW,TP
continuous_0144_S4_strategy2.npz,108-216,EGG,EGG,TP
continuous_0144_S4_strategy2.npz,216-325,-,BLIND,FP
continuous_0144_S4_strategy2.npz,325-433,-,GRANDMOTHER,FP
continuous_0144_S4_strategy2.npz,433-543,FIVE,FIVE,TP
continuous_0144_S4_strategy2.npz,543-760,PINK,PINK,TP
continuous_0144_S4_strategy2.npz,246-384,BLIND,-,FN
continuous_0144_S4_strategy2.npz,635-760,TUESDAY,-,FN
continuous_0145_S4_strategy2.npz,0-123,YES,YES,TP
continuous_0145_S4_strategy2.npz,123-249,CRAB,CRAB,TP
continuous_0145_S4_strategy2.npz,249-747,VIOLET,VIOLET,TP
continuous_0145_S4_strategy2.npz,747-873,TEA,TEA,TP
continuous_0145_S4_strategy2.npz,378-506,JANUARY,-,FN
continuous_0145_S4_strategy2.npz,506-607,TOMORROW,-,FN
continuous_0145_S4_strategy2.npz,607-743,TEN,-,FN
continuous_0146_S4_strategy2.npz,178-358,MEAT,MEAT,TP
continuous_0146_S4_strategy2.npz,358-538,MOTHER,MOTHER,TP
continuous_0146_S4_strategy2.npz,538-718,JUICE,JUICE,TP
continuous_0146_S4_strategy2.npz,718-898,GRAY,GRAY,TP
continuous_0146_S4_strategy2.npz,0-123,TUESDAY,-,FN
continuous_0146_S4_strategy2.npz,380-516,GOOD EVENING,-,FN
continuous_0146_S4_strategy2.npz,770-898,HARD OF HEARING,-,FN
continuous_0147_S4_strategy2.npz,0-153,YOURE WELCOME,YOURE WELCOME,TP
continuous_0147_S4_strategy2.npz,153-306,-,TWO,FP
continuous_0147_S4_strategy2.npz,306-460,TOMORROW,TOMORROW,TP
continuous_0147_S4_strategy2.npz,460-768,-,BEER,FP
continuous_0147_S4_strategy2.npz,125-250,TWO,-,FN
continuous_0147_S4_strategy2.npz,380-509,UNDERSTAND,-,FN
continuous_0147_S4_strategy2.npz,509-647,BEER,-,FN
continuous_0147_S4_strategy2.npz,647-768,JULY,-,FN
continuous_0148_S4_strategy2.npz,0-301,NO SUGAR,NO SUGAR,TP
continuous_0148_S4_strategy2.npz,301-453,SATURDAY,SATURDAY,TP
continuous_0148_S4_strategy2.npz,453-604,WEELCHAIR PERSON,WEELCHAIR PERSON,TP
continuous_0148_S4_strategy2.npz,604-756,-,DON’T KNOW,FP
continuous_0148_S4_strategy2.npz,117-246,LONGANISA,-,FN
continuous_0148_S4_strategy2.npz,508-635,KNOW,-,FN
continuous_0148_S4_strategy2.npz,635-756,NINE,-,FN
continuous_0149_S4_strategy2.npz,0-109,COFFEE,COFFEE,TP
continuous_0149_S4_strategy2.npz,109-219,-,WEDNESDAY,FP
continuous_0149_S4_strategy2.npz,219-441,-,YELLOW,FP
continuous_0149_S4_strategy2.npz,441-552,HOW ARE YOU,HOW ARE YOU,TP
continuous_0149_S4_strategy2.npz,552-661,YES,YES,TP
continuous_0149_S4_strategy2.npz,661-772,AUGUST,AUGUST,TP
continuous_0149_S4_strategy2.npz,127-251,FRIDAY,-,FN
continuous_0149_S4_strategy2.npz,251-382,YELLOW,-,FN
continuous_0150_S4_strategy2.npz,0-156,-,DON’T KNOW,FP
continuous_0150_S4_strategy2.npz,156-313,-,EGG,FP
continuous_0150_S4_strategy2.npz,313-627,HELLO,HELLO,TP
continuous_0150_S4_strategy2.npz,627-784,-,BOY,FP
continuous_0150_S4_strategy2.npz,0-128,NO SUGAR,-,FN
continuous_0150_S4_strategy2.npz,128-251,DON’T KNOW,-,FN
continuous_0150_S4_strategy2.npz,251-380,EGG,-,FN
continuous_0150_S4_strategy2.npz,513-653,APRIL,-,FN
continuous_0150_S4_strategy2.npz,653-784,BOY,-,FN
continuous_0151_S4_strategy2.npz,0-154,CHICKEN,CHICKEN,TP
continuous_0151_S4_strategy2.npz,154-310,AUNTIE,AUNTIE,TP
continuous_0151_S4_strategy2.npz,310-465,COLD,COLD,TP
continuous_0151_S4_strategy2.npz,465-621,-,SIX,FP
continuous_0151_S4_strategy2.npz,621-777,-,WEDNESDAY,FP
continuous_0151_S4_strategy2.npz,383-509,SIX,-,FN
continuous_0151_S4_strategy2.npz,509-643,WEELCHAIR PERSON,-,FN
continuous_0151_S4_strategy2.npz,643-777,FRIDAY,-,FN
continuous_0152_S4_strategy2.npz,0-111,RICE,RICE,TP
continuous_0152_S4_strategy2.npz,111-447,DAUGHTER,DAUGHTER,TP
continuous_0152_S4_strategy2.npz,447-558,GOOD MORNING,GOOD MORNING,TP
continuous_0152_S4_strategy2.npz,558-781,WEDNESDAY,WEDNESDAY,TP
continuous_0152_S4_strategy2.npz,781-894,MAN,MAN,TP
continuous_0152_S4_strategy2.npz,261-386,ONE,-,FN
continuous_0152_S4_strategy2.npz,640-767,ORANGE,-,FN
continuous_0153_S4_strategy2.npz,0-109,SLOW,SLOW,TP
continuous_0153_S4_strategy2.npz,109-220,YESTERDAY,YESTERDAY,TP
continuous_0153_S4_strategy2.npz,220-331,COFFEE,COFFEE,TP
continuous_0153_S4_strategy2.npz,331-442,-,SHRIMP,FP
continuous_0153_S4_strategy2.npz,442-553,-,HARD OF HEARING,FP
continuous_0153_S4_strategy2.npz,553-775,-,GIRL,FP
continuous_0153_S4_strategy2.npz,387-513,SHRIMP,-,FN
continuous_0153_S4_strategy2.npz,513-648,HARD OF HEARING,-,FN
continuous_0153_S4_strategy2.npz,648-775,SIX,-,FN
continuous_0154_S4_strategy2.npz,0-178,-,RED,FP
continuous_0154_S4_strategy2.npz,178-357,MONDAY,MONDAY,TP
continuous_0154_S4_strategy2.npz,357-717,NOVEMBER,NOVEMBER,TP
continuous_0154_S4_strategy2.npz,717-897,DEAF BLIND,DEAF BLIND,TP
continuous_0154_S4_strategy2.npz,0-124,SUGAR,-,FN
continuous_0154_S4_strategy2.npz,124-253,RED,-,FN
continuous_0154_S4_strategy2.npz,511-639,KNOW,-,FN
continuous_0154_S4_strategy2.npz,769-896,LONGANISA,-,FN
continuous_0155_S4_strategy2.npz,511-639,-,WRONG,FP
continuous_0155_S4_strategy2.npz,639-768,-,WOMAN,FP
continuous_0155_S4_strategy2.npz,768-895,-,SEPTEMBER,FP
continuous_0155_S4_strategy2.npz,0-123,YESTERDAY,-,FN
continuous_0155_S4_strategy2.npz,123-245,SHRIMP,-,FN
continuous_0155_S4_strategy2.npz,245-377,TEN,-,FN
continuous_0155_S4_strategy2.npz,377-504,WRONG,-,FN
continuous_0155_S4_strategy2.npz,504-633,WOMAN,-,FN
continuous_0155_S4_strategy2.npz,633-764,NO SUGAR,-,FN
continuous_0155_S4_strategy2.npz,764-895,SEPTEMBER,-,FN
continuous_0156_S4_strategy2.npz,0-156,SEPTEMBER,SEPTEMBER,TP
continuous_0156_S4_strategy2.npz,156-313,GRANDMOTHER,GRANDMOTHER,TP
continuous_0156_S4_strategy2.npz,313-471,-,MILK,FP
continuous_0156_S4_strategy2.npz,471-627,DEAF,DEAF,TP
continuous_0156_S4_strategy2.npz,627-786,RICE,RICE,TP
continuous_0156_S4_strategy2.npz,263-392,SUGAR,-,FN
continuous_0156_S4_strategy2.npz,520-653,ORANGE,-,FN
continuous_0157_S4_strategy2.npz,0-153,RED,RED,TP
continuous_0157_S4_strategy2.npz,153-307,BOY,BOY,TP
continuous_0157_S4_strategy2.npz,307-462,FISH,FISH,TP
continuous_0157_S4_strategy2.npz,462-615,JUICE,JUICE,TP
continuous_0157_S4_strategy2.npz,615-771,SATURDAY,SATURDAY,TP
continuous_0157_S4_strategy2.npz,518-645,ONE,-,FN
continuous_0158_S4_strategy2.npz,0-156,PARENTS,PARENTS,TP
continuous_0158_S4_strategy2.npz,156-315,-,MARRIED,FP
continuous_0158_S4_strategy2.npz,315-630,APRIL,APRIL,TP
continuous_0158_S4_strategy2.npz,630-789,WEDNESDAY,WEDNESDAY,TP
continuous_0158_S4_strategy2.npz,125-254,WHITE,-,FN
continuous_0158_S4_strategy2.npz,254-391,MARRIED,-,FN
continuous_0158_S4_strategy2.npz,661-788,NO SUGAR,-,FN
continuous_0159_S4_strategy2.npz,0-261,JUICE,JUICE,TP
continuous_0159_S4_strategy2.npz,261-522,-,DON’T KNOW,FP
continuous_0159_S4_strategy2.npz,522-783,-,NICE TO MEET YOU,FP
continuous_0159_S4_strategy2.npz,131-259,EIGHT,-,FN
continuous_0159_S4_strategy2.npz,259-385,NICE TO MEET YOU,-,FN
continuous_0159_S4_strategy2.npz,385-510,DON’T UNDERSTAND,-,FN
continuous_0159_S4_strategy2.npz,510-658,LONGANISA,-,FN
continuous_0159_S4_strategy2.npz,658-783,TODAY,-,FN
continuous_0160_S4_strategy2.npz,0-148,MARCH,MARCH,TP
continuous_0160_S4_strategy2.npz,148-297,WOMAN,WOMAN,TP
continuous_0160_S4_strategy2.npz,297-447,TOMORROW,TOMORROW,TP
continuous_0160_S4_strategy2.npz,447-745,EGG,EGG,TP
continuous_0160_S4_strategy2.npz,745-895,DON’T KNOW,DON’T KNOW,TP
continuous_0160_S4_strategy2.npz,512-646,GOOD MORNING,-,FN
continuous_0160_S4_strategy2.npz,772-895,COLD,-,FN
continuous_0161_S4_strategy2.npz,0-126,SUNDAY,SUNDAY,TP
continuous_0161_S4_strategy2.npz,126-382,DARK,DARK,TP
continuous_0161_S4_strategy2.npz,382-639,CHICKEN,CHICKEN,TP
continuous_0161_S4_strategy2.npz,639-766,NICE TO MEET YOU,NICE TO MEET YOU,TP
continuous_0161_S4_strategy2.npz,252-375,UNCLE,-,FN
continuous_0161_S4_strategy2.npz,510-637,TEN,-,FN
continuous_0162_S4_strategy2.npz,93-186,-,GIRL,FP
continuous_0162_S4_strategy2.npz,186-279,-,TEN,FP
continuous_0162_S4_strategy2.npz,279-466,SUGAR,SUGAR,TP
continuous_0162_S4_strategy2.npz,466-559,-,YOURE WELCOME,FP
continuous_0162_S4_strategy2.npz,559-933,MARCH,MARCH,TP
continuous_0162_S4_strategy2.npz,0-127,UNDERSTAND,-,FN
continuous_0162_S4_strategy2.npz,127-265,GIRL,-,FN
continuous_0162_S4_strategy2.npz,265-392,TEN,-,FN
continuous_0162_S4_strategy2.npz,552-678,YOURE WELCOME,-,FN
continuous_0162_S4_strategy2.npz,800-933,SUNDAY,-,FN
continuous_0163_S4_strategy2.npz,0-252,LIGHT,LIGHT,TP
continuous_0163_S4_strategy2.npz,252-504,-,MEAT,FP
continuous_0163_S4_strategy2.npz,504-757,-,AUNTIE,FP
continuous_0163_S4_strategy2.npz,127-257,MEAT,-,FN
continuous_0163_S4_strategy2.npz,257-379,AUNTIE,-,FN
continuous_0163_S4_strategy2.npz,379-503,JULY,-,FN
continuous_0163_S4_strategy2.npz,503-631,THANK YOU,-,FN
continuous_0163_S4_strategy2.npz,631-757,UNDERSTAND,-,FN
continuous_0164_S4_strategy2.npz,0-96,RICE,RICE,TP
continuous_0164_S4_strategy2.npz,96-192,FOUR,FOUR,TP
continuous_0164_S4_strategy2.npz,192-288,-,BLIND,FP
continuous_0164_S4_strategy2.npz,288-480,MOTHER,MOTHER,TP
continuous_0164_S4_strategy2.npz,480-672,HELLO,HELLO,TP
continuous_0164_S4_strategy2.npz,672-769,-,WEDNESDAY,FP
continuous_0164_S4_strategy2.npz,254-394,BLIND,-,FN
continuous_0164_S4_strategy2.npz,643-769,FRIDAY,-,FN
continuous_0165_S4_strategy2.npz,0-151,COFFEE,COFFEE,TP
continuous_0165_S4_strategy2.npz,151-304,PARENTS,PARENTS,TP
continuous_0165_S4_strategy2.npz,304-609,MEAT,MEAT,TP
continuous_0165_S4_strategy2.npz,609-762,-,MONDAY,FP
continuous_0165_S4_strategy2.npz,380-509,DON’T UNDERSTAND,-,FN
continuous_0165_S4_strategy2.npz,509-634,FOUR,-,FN
continuous_0165_S4_strategy2.npz,634-762,MONDAY,-,FN
continuous_0166_S4_strategy2.npz,0-96,-,FRIDAY,FP
continuous_0166_S4_strategy2.npz,96-192,AUNTIE,AUNTIE,TP
continuous_0166_S4_strategy2.npz,192-289,-,FIVE,FP
continuous_0166_S4_strategy2.npz,289-387,-,FOUR,FP
continuous_0166_S4_strategy2.npz,387-483,WINE,WINE,TP
continuous_0166_S4_strategy2.npz,483-676,THANK YOU,THANK YOU,TP
continuous_0166_S4_strategy2.npz,676-774,MAY,MAY,TP
continuous_0166_S4_strategy2.npz,0-128,FRIDAY,-,FN
continuous_0166_S4_strategy2.npz,253-379,FIVE,-,FN
continuous_0167_S4_strategy2.npz,0-126,-,GREEN,FP
continuous_0167_S4_strategy2.npz,126-378,SON,SON,TP
continuous_0167_S4_strategy2.npz,378-504,-,HOW ARE YOU,FP
continuous_0167_S4_strategy2.npz,504-631,-,SPAGHETTI,FP
continuous_0167_S4_strategy2.npz,631-885,-,TOMORROW,FP
continuous_0167_S4_strategy2.npz,0-130,JUNE,-,FN
continuous_0167_S4_strategy2.npz,130-259,GREEN,-,FN
continuous_0167_S4_strategy2.npz,383-509,SEVEN,-,FN
continuous_0167_S4_strategy2.npz,509-636,HOW ARE YOU,-,FN
continuous_0167_S4_strategy2.npz,636-763,SPAGHETTI,-,FN
continuous_0167_S4_strategy2.npz,763-884,TOMORROW,-,FN
continuous_0168_S4_strategy2.npz,0-220,-,ONE,FP
continuous_0168_S4_strategy2.npz,220-331,SHRIMP,SHRIMP,TP
continuous_0168_S4_strategy2.npz,331-442,HELLO,HELLO,TP
continuous_0168_S4_strategy2.npz,442-552,-,DEAF,FP
continuous_0168_S4_strategy2.npz,552-663,-,NO SUGAR,FP
continuous_0168_S4_strategy2.npz,663-774,-,IM FINE,FP
continuous_0168_S4_strategy2.npz,774-885,BROWN,BROWN,TP
continuous_0168_S4_strategy2.npz,0-124,THREE,-,FN
continuous_0168_S4_strategy2.npz,375-500,SON,-,FN
continuous_0168_S4_strategy2.npz,500-627,DEAF,-,FN
continuous_0168_S4_strategy2.npz,627-753,NO SUGAR,-,FN
continuous_0169_S4_strategy2.npz,330-439,-,SPAGHETTI,FP
continuous_0169_S4_strategy2.npz,439-549,-,YELLOW,FP
continuous_0169_S4_strategy2.npz,549-660,-,NOVEMBER,FP
continuous_0169_S4_strategy2.npz,660-769,TODAY,TODAY,TP
continuous_0169_S4_strategy2.npz,769-879,MAN,MAN,TP
continuous_0169_S4_strategy2.npz,0-125,EIGHT,-,FN
continuous_0169_S4_strategy2.npz,125-249,SPAGHETTI,-,FN
continuous_0169_S4_strategy2.npz,249-378,YELLOW,-,FN
continuous_0169_S4_strategy2.npz,378-500,NOVEMBER,-,FN
continuous_0169_S4_strategy2.npz,500-620,THANK YOU,-,FN
continuous_0170_S4_strategy2.npz,0-127,SUNDAY,SUNDAY,TP
continuous_0170_S4_strategy2.npz,127-255,GOOD AFTERNOON,GOOD AFTERNOON,TP
continuous_0170_S4_strategy2.npz,255-384,-,SEPTEMBER,FP
continuous_0170_S4_strategy2.npz,384-513,-,CHICKEN,FP
continuous_0170_S4_strategy2.npz,513-640,-,WRONG,FP
continuous_0170_S4_strategy2.npz,640-768,-,SEE YOU TOMORROW,FP
continuous_0170_S4_strategy2.npz,768-897,NO SUGAR,NO SUGAR,TP
continuous_0170_S4_strategy2.npz,258-377,DAUGHTER,-,FN
continuous_0170_S4_strategy2.npz,377-510,SEPTEMBER,-,FN
continuous_0170_S4_strategy2.npz,510-637,CHICKEN,-,FN
continuous_0170_S4_strategy2.npz,637-762,WRONG,-,FN
continuous_0171_S4_strategy2.npz,0-253,COLD,COLD,TP
continuous_0171_S4_strategy2.npz,253-381,MARRIED,MARRIED,TP
continuous_0171_S4_strategy2.npz,381-507,FISH,FISH,TP
continuous_0171_S4_strategy2.npz,507-634,NICE TO MEET YOU,NICE TO MEET YOU,TP
continuous_0171_S4_strategy2.npz,634-762,GRAY,GRAY,TP
continuous_0171_S4_strategy2.npz,128-255,MARCH,-,FN
continuous_0172_S4_strategy2.npz,0-129,SEE YOU TOMORROW,SEE YOU TOMORROW,TP
continuous_0172_S4_strategy2.npz,129-258,-,ORANGE,FP
continuous_0172_S4_strategy2.npz,258-388,-,BLACK,FP
continuous_0172_S4_strategy2.npz,388-517,-,DON’T KNOW,FP
continuous_0172_S4_strategy2.npz,517-648,-,JULY,FP
continuous_0172_S4_strategy2.npz,648-777,-,COLD,FP
continuous_0172_S4_strategy2.npz,125-252,ORANGE,-,FN
continuous_0172_S4_strategy2.npz,252-378,DON’T KNOW,-,FN
continuous_0172_S4_strategy2.npz,378-526,JUNE,-,FN
continuous_0172_S4_strategy2.npz,526-650,COLD,-,FN
continuous_0172_S4_strategy2.npz,650-777,DAUGHTER,-,FN
continuous_0173_S4_strategy2.npz,0-109,FATHER,FATHER,TP
continuous_0173_S4_strategy2.npz,109-220,-,HELLO,FP
continuous_0173_S4_strategy2.npz,220-552,HOW ARE YOU,HOW ARE YOU,TP
continuous_0173_S4_strategy2.npz,552-663,FRIDAY,FRIDAY,TP
continuous_0173_S4_strategy2.npz,663-774,FISH,FISH,TP
continuous_0173_S4_strategy2.npz,774-885,MARRIED,MARRIED,TP
continuous_0173_S4_strategy2.npz,125-252,KNOW,-,FN
continuous_0173_S4_strategy2.npz,376-499,MAY,-,FN
continuous_0174_S4_strategy2.npz,0-126,TUESDAY,TUESDAY,TP
continuous_0174_S4_strategy2.npz,126-252,-,MILK,FP
continuous_0174_S4_strategy2.npz,252-379,-,JANUARY,FP
continuous_0174_S4_strategy2.npz,379-505,-,FEBRUARY,FP
continuous_0174_S4_strategy2.npz,505-633,UNCLE,UNCLE,TP
continuous_0174_S4_strategy2.npz,633-759,FISH,FISH,TP
continuous_0174_S4_strategy2.npz,759-886,-,GIRL,FP
continuous_0174_S4_strategy2.npz,125-253,GOOD EVENING,-,FN
continuous_0174_S4_strategy2.npz,253-372,MILK,-,FN
continuous_0174_S4_strategy2.npz,372-501,JANUARY,-,FN
continuous_0174_S4_strategy2.npz,759-886,WOMAN,-,FN
continuous_0175_S4_strategy2.npz,0-114,BREAD,BREAD,TP
continuous_0175_S4_strategy2.npz,114-231,MILK,MILK,TP
continuous_0175_S4_strategy2.npz,231-345,DECEMBER,DECEMBER,TP
continuous_0175_S4_strategy2.npz,345-462,IM FINE,IM FINE,TP
continuous_0175_S4_strategy2.npz,462-693,BROWN,BROWN,TP
continuous_0175_S4_strategy2.npz,693-807,-,WEDNESDAY,FP
continuous_0175_S4_strategy2.npz,807-924,DEAF,DEAF,TP
continuous_0175_S4_strategy2.npz,668-794,FRIDAY,-,FN
continuous_0176_S4_strategy2.npz,0-111,RICE,RICE,TP
continuous_0176_S4_strategy2.npz,111-223,-,WEDNESDAY,FP
continuous_0176_S4_strategy2.npz,223-336,WOMAN,WOMAN,TP
continuous_0176_S4_strategy2.npz,336-448,YES,YES,TP
continuous_0176_S4_strategy2.npz,448-561,-,LIGHT,FP
continuous_0176_S4_strategy2.npz,561-673,-,HOT,FP
continuous_0176_S4_strategy2.npz,673-786,-,MILK,FP
continuous_0176_S4_strategy2.npz,786-898,PARENTS,PARENTS,TP
continuous_0176_S4_strategy2.npz,127-255,FRIDAY,-,FN
continuous_0176_S4_strategy2.npz,507-638,LIGHT,-,FN
continuous_0176_S4_strategy2.npz,638-771,HOT,-,FN
continuous_0177_S4_strategy2.npz,0-153,-,FEBRUARY,FP
continuous_0177_S4_strategy2.npz,153-307,GIRL,GIRL,TP
continuous_0177_S4_strategy2.npz,307-615,-,DON’T KNOW,FP
continuous_0177_S4_strategy2.npz,615-769,TEA,TEA,TP
continuous_0177_S4_strategy2.npz,769-924,SATURDAY,SATURDAY,TP
continuous_0177_S4_strategy2.npz,0-159,AUGUST,-,FN
continuous_0177_S4_strategy2.npz,289-415,DON’T KNOW,-,FN
continuous_0177_S4_strategy2.npz,415-543,SHRIMP,-,FN
continuous_0177_S4_strategy2.npz,801-923,DAUGHTER,-,FN
continuous_0178_S4_strategy2.npz,0-150,SUNDAY,SUNDAY,TP
continuous_0178_S4_strategy2.npz,150-301,MEAT,MEAT,TP
continuous_0178_S4_strategy2.npz,301-453,GOOD EVENING,GOOD EVENING,TP
continuous_0178_S4_strategy2.npz,453-604,HOT,HOT,TP
continuous_0178_S4_strategy2.npz,604-756,DON’T UNDERSTAND,DON’T UNDERSTAND,TP
continuous_0178_S4_strategy2.npz,629-756,FATHER,-,FN
continuous_0179_S4_strategy2.npz,0-129,GREEN,GREEN,TP
continuous_0179_S4_strategy2.npz,129-258,TOMORROW,TOMORROW,TP
continuous_0179_S4_strategy2.npz,258-387,HOT,HOT,TP
continuous_0179_S4_strategy2.npz,387-516,MEAT,MEAT,TP
continuous_0179_S4_strategy2.npz,516-645,DEAF BLIND,DEAF BLIND,TP
continuous_0179_S4_strategy2.npz,645-903,NICE TO MEET YOU,NICE TO MEET YOU,TP
continuous_0179_S4_strategy2.npz,784-902,JUNE,-,FN
continuous_0180_S4_strategy2.npz,0-192,COLD,COLD,TP
continuous_0180_S4_strategy2.npz,192-384,-,GIRL,FP
continuous_0180_S4_strategy2.npz,384-576,-,BLUE,FP
continuous_0180_S4_strategy2.npz,576-768,GOOD EVENING,GOOD EVENING,TP
continuous_0180_S4_strategy2.npz,0-126,SON,-,FN
continuous_0180_S4_strategy2.npz,255-384,UNDERSTAND,-,FN
continuous_0180_S4_strategy2.npz,384-511,GIRL,-,FN
continuous_0180_S4_strategy2.npz,511-639,BLUE,-,FN
continuous_0181_S4_strategy2.npz,0-111,SATURDAY,SATURDAY,TP
continuous_0181_S4_strategy2.npz,111-222,CORRECT,CORRECT,TP
continuous_0181_S4_strategy2.npz,222-333,TEA,TEA,TP
continuous_0181_S4_strategy2.npz,333-444,-,COUSIN,FP
continuous_0181_S4_strategy2.npz,444-555,-,OCTOBER,FP
continuous_0181_S4_strategy2.npz,555-666,-,SEPTEMBER,FP
continuous_0181_S4_strategy2.npz,666-778,HOW ARE YOU,HOW ARE YOU,TP
continuous_0181_S4_strategy2.npz,373-506,COUSIN,-,FN
continuous_0181_S4_strategy2.npz,506-649,OCTOBER,-,FN
continuous_0182_S4_strategy2.npz,0-127,-,HELLO,FP
continuous_0182_S4_strategy2.npz,127-256,-,WINE,FP
continuous_0182_S4_strategy2.npz,256-385,GRANDFATHER,GRANDFATHER,TP
continuous_0182_S4_strategy2.npz,385-642,HARD OF HEARING,HARD OF HEARING,TP
continuous_0182_S4_strategy2.npz,642-771,-,YELLOW,FP
continuous_0182_S4_strategy2.npz,771-900,THANK YOU,THANK YOU,TP
continuous_0182_S4_strategy2.npz,0-129,KNOW,-,FN
continuous_0182_S4_strategy2.npz,129-260,WINE,-,FN
continuous_0182_S4_strategy2.npz,513-643,YELLOW,-,FN
continuous_0182_S4_strategy2.npz,643-774,YESTERDAY,-,FN
continuous_0183_S4_strategy2.npz,0-111,GOOD MORNING,GOOD MORNING,TP
continuous_0183_S4_strategy2.npz,111-337,GRAY,GRAY,TP
continuous_0183_S4_strategy2.npz,337-564,MILK,MILK,TP
continuous_0183_S4_strategy2.npz,564-676,-,DEAF,FP
continuous_0183_S4_strategy2.npz,676-789,DON’T KNOW,DON’T KNOW,TP
continuous_0183_S4_strategy2.npz,789-903,THURSDAY,THURSDAY,TP
continuous_0183_S4_strategy2.npz,258-384,JUNE,-,FN
continuous_0183_S4_strategy2.npz,513-643,DEAF BLIND,-,FN
continuous_0184_S4_strategy2.npz,0-148,HOT,HOT,TP
continuous_0184_S4_strategy2.npz,148-297,SEE YOU TOMORROW,SEE YOU TOMORROW,TP
continuous_0184_S4_strategy2.npz,297-447,MAN,MAN,TP
continuous_0184_S4_strategy2.npz,447-595,YES,YES,TP
continuous_0184_S4_strategy2.npz,595-744,OCTOBER,OCTOBER,TP
continuous_0184_S4_strategy2.npz,744-894,VIOLET,VIOLET,TP
continuous_0184_S4_strategy2.npz,641-763,SON,-,FN
continuous_0185_S4_strategy2.npz,0-153,UNCLE,UNCLE,TP
continuous_0185_S4_strategy2.npz,153-306,SLOW,SLOW,TP
continuous_0185_S4_strategy2.npz,306-459,BOY,BOY,TP
continuous_0185_S4_strategy2.npz,459-612,JUICE,JUICE,TP
continuous_0185_S4_strategy2.npz,612-765,-,APRIL,FP
continuous_0185_S4_strategy2.npz,253-389,GOOD AFTERNOON,-,FN
continuous_0185_S4_strategy2.npz,643-765,APRIL,-,FN
continuous_0186_S4_strategy2.npz,0-99,NOVEMBER,NOVEMBER,TP
continuous_0186_S4_strategy2.npz,99-198,AUNTIE,AUNTIE,TP
continuous_0186_S4_strategy2.npz,198-396,MAN,MAN,TP
continuous_0186_S4_strategy2.npz,396-594,YELLOW,YELLOW,TP
continuous_0186_S4_strategy2.npz,594-693,SUNDAY,SUNDAY,TP
continuous_0186_S4_strategy2.npz,693-792,JUICE,JUICE,TP
continuous_0186_S4_strategy2.npz,792-891,YOURE WELCOME,YOURE WELCOME,TP
continuous_0187_S4_strategy2.npz,0-108,BOY,BOY,TP
continuous_0187_S4_strategy2.npz,108-216,AUGUST,AUGUST,TP
continuous_0187_S4_strategy2.npz,216-325,-,DECEMBER,FP
continuous_0187_S4_strategy2.npz,325-435,THANK YOU,THANK YOU,TP
continuous_0187_S4_strategy2.npz,435-543,-,PARENTS,FP
continuous_0187_S4_strategy2.npz,543-652,CORRECT,CORRECT,TP
continuous_0187_S4_strategy2.npz,652-762,SATURDAY,SATURDAY,TP
continuous_0187_S4_strategy2.npz,762-870,BEER,BEER,TP
continuous_0187_S4_strategy2.npz,372-492,PARENTS,-,FN
continuous_0188_S4_strategy2.npz,157-316,HARD OF HEARING,HARD OF HEARING,TP
continuous_0188_S4_strategy2.npz,316-474,AUNTIE,AUNTIE,TP
continuous_0188_S4_strategy2.npz,474-633,APRIL,APRIL,TP
continuous_0188_S4_strategy2.npz,633-792,BEER,BEER,TP
continuous_0188_S4_strategy2.npz,0-126,YESTERDAY,-,FN
continuous_0188_S4_strategy2.npz,257-403,DON’T UNDERSTAND,-,FN
continuous_0189_S4_strategy2.npz,0-126,SLOW,SLOW,TP
continuous_0189_S4_strategy2.npz,126-252,-,WINE,FP
continuous_0189_S4_strategy2.npz,252-378,-,NOVEMBER,FP
continuous_0189_S4_strategy2.npz,378-504,GRANDFATHER,GRANDFATHER,TP
continuous_0189_S4_strategy2.npz,504-630,WEDNESDAY,WEDNESDAY,TP
continuous_0189_S4_strategy2.npz,630-756,LIGHT,LIGHT,TP
continuous_0189_S4_strategy2.npz,756-882,HOW ARE YOU,HOW ARE YOU,TP
continuous_0189_S4_strategy2.npz,126-251,WINE,-,FN
continuous_0189_S4_strategy2.npz,251-355,OCTOBER,-,FN
continuous_0190_S4_strategy2.npz,0-126,AUNTIE,AUNTIE,TP
continuous_0190_S4_strategy2.npz,126-252,-,BLUE,FP
continuous_0190_S4_strategy2.npz,252-505,UNDERSTAND,UNDERSTAND,TP
continuous_0190_S4_strategy2.npz,505-633,HOW ARE YOU,HOW ARE YOU,TP
continuous_0190_S4_strategy2.npz,633-759,TODAY,TODAY,TP
continuous_0190_S4_strategy2.npz,759-886,DEAF BLIND,DEAF BLIND,TP
continuous_0190_S4_strategy2.npz,126-253,WHITE,-,FN
continuous_0190_S4_strategy2.npz,362-495,NO SUGAR,-,FN
continuous_0191_S4_strategy2.npz,0-112,DEAF,DEAF,TP
continuous_0191_S4_strategy2.npz,112-225,MOTHER,MOTHER,TP
continuous_0191_S4_strategy2.npz,225-339,-,THURSDAY,FP
continuous_0191_S4_strategy2.npz,339-453,BLUE,BLUE,TP
continuous_0191_S4_strategy2.npz,453-565,-,FEBRUARY,FP
continuous_0191_S4_strategy2.npz,565-792,CORRECT,CORRECT,TP
continuous_0191_S4_strategy2.npz,792-906,HELLO,HELLO,TP
continuous_0191_S4_strategy2.npz,258-387,TUESDAY,-,FN
continuous_0191_S4_strategy2.npz,515-640,FEBRUARY,-,FN
continuous_0192_S4_strategy2.npz,0-216,WOMAN,WOMAN,TP
continuous_0192_S4_strategy2.npz,216-325,GOOD MORNING,GOOD MORNING,TP
continuous_0192_S4_strategy2.npz,325-435,-,BROWN,FP
continuous_0192_S4_strategy2.npz,435-652,DECEMBER,DECEMBER,TP
continuous_0192_S4_strategy2.npz,652-762,-,GRANDMOTHER,FP
continuous_0192_S4_strategy2.npz,124-256,YES,-,FN
continuous_0192_S4_strategy2.npz,379-510,BROWN,-,FN
continuous_0192_S4_strategy2.npz,636-761,MOTHER,-,FN
continuous_0193_S4_strategy2.npz,0-147,BROWN,BROWN,TP
continuous_0193_S4_strategy2.npz,147-294,FEBRUARY,FEBRUARY,TP
continuous_0193_S4_strategy2.npz,294-441,MAY,MAY,TP
continuous_0193_S4_strategy2.npz,441-736,DECEMBER,DECEMBER,TP
continuous_0193_S4_strategy2.npz,736-885,CORRECT,CORRECT,TP
continuous_0193_S4_strategy2.npz,507-635,JUNE,-,FN
continuous_0193_S4_strategy2.npz,635-756,JANUARY,-,FN
continuous_0194_S4_strategy2.npz,97-195,-,SATURDAY,FP
continuous_0194_S4_strategy2.npz,195-391,SUNDAY,SUNDAY,TP
continuous_0194_S4_strategy2.npz,391-489,-,DARK,FP
continuous_0194_S4_strategy2.npz,489-588,DEAF BLIND,DEAF BLIND,TP
continuous_0194_S4_strategy2.npz,588-685,GRANDFATHER,GRANDFATHER,TP
continuous_0194_S4_strategy2.npz,685-784,-,OCTOBER,FP
continuous_0194_S4_strategy2.npz,0-126,DON’T UNDERSTAND,-,FN
continuous_0194_S4_strategy2.npz,254-381,DARK,-,FN
continuous_0194_S4_strategy2.npz,652-784,OCTOBER,-,FN
continuous_0195_S4_strategy2.npz,0-99,UNCLE,UNCLE,TP
continuous_0195_S4_strategy2.npz,99-600,FATHER,FATHER,TP
continuous_0195_S4_strategy2.npz,600-699,-,BROWN,FP
continuous_0195_S4_strategy2.npz,699-799,DEAF,DEAF,TP
continuous_0195_S4_strategy2.npz,799-900,MAY,MAY,TP
continuous_0195_S4_strategy2.npz,257-387,RED,-,FN
continuous_0195_S4_strategy2.npz,387-513,MAY,-,FN
continuous_0195_S4_strategy2.npz,513-651,BROWN,-,FN
continuous_0196_S4_strategy2.npz,0-129,-,GRANDMOTHER,FP
continuous_0196_S4_strategy2.npz,129-258,-,AUGUST,FP
continuous_0196_S4_strategy2.npz,258-387,BROWN,BROWN,TP
continuous_0196_S4_strategy2.npz,387-517,APRIL,APRIL,TP
continuous_0196_S4_strategy2.npz,517-646,LIGHT,LIGHT,TP
continuous_0196_S4_strategy2.npz,646-906,KNOW,KNOW,TP
continuous_0196_S4_strategy2.npz,0-130,MOTHER,-,FN
continuous_0196_S4_strategy2.npz,130-256,JULY,-,FN
continuous_0196_S4_strategy2.npz,776-906,DECEMBER,-,FN
continuous_0197_S4_strategy2.npz,0-126,VIOLET,VIOLET,TP
continuous_0197_S4_strategy2.npz,126-253,-,NO,FP
continuous_0197_S4_strategy2.npz,253-381,WEDNESDAY,WEDNESDAY,TP
continuous_0197_S4_strategy2.npz,381-508,GRANDMOTHER,GRANDMOTHER,TP
continuous_0197_S4_strategy2.npz,508-763,DEAF,DEAF,TP
continuous_0197_S4_strategy2.npz,127-251,NO,-,FN
continuous_0197_S4_strategy2.npz,633-763,FEBRUARY,-,FN
continuous_0198_S4_strategy2.npz,0-150,VIOLET,VIOLET,TP
continuous_0198_S4_strategy2.npz,150-303,WHITE,WHITE,TP
continuous_0198_S4_strategy2.npz,303-454,BLACK,BLACK,TP
continuous_0198_S4_strategy2.npz,454-606,-,YES,FP
continuous_0198_S4_strategy2.npz,606-757,GRANDFATHER,GRANDFATHER,TP
continuous_0198_S4_strategy2.npz,757-909,BLACK,BLACK,TP
continuous_0198_S4_strategy2.npz,398-523,YES,-,FN
continuous_0198_S4_strategy2.npz,779-909,OCTOBER,-,FN
continuous_0199_S4_strategy2.npz,0-255,-,GIRL,FP
continuous_0199_S4_strategy2.npz,255-384,BLACK,BLACK,TP
continuous_0199_S4_strategy2.npz,384-513,GRANDMOTHER,GRANDMOTHER,TP
continuous_0199_S4_strategy2.npz,513-642,DARK,DARK,TP
continuous_0199_S4_strategy2.npz,642-769,PARENTS,PARENTS,TP
continuous_0199_S4_strategy2.npz,769-897,WHITE,WHITE,TP
continuous_0199_S4_strategy2.npz,0-129,ORANGE,-,FN
continuous_0199_S4_strategy2.npz,129-254,MONDAY,-,FN
continuous_0200_S4_strategy2.npz,0-153,HARD OF HEARING,HARD OF HEARING,TP
continuous_0200_S4_strategy2.npz,153-306,AUNTIE,AUNTIE,TP
continuous_0200_S4_strategy2.npz,306-459,THURSDAY,THURSDAY,TP
continuous_0200_S4_strategy2.npz,459-612,SEPTEMBER,SEPTEMBER,TP
continuous_0200_S4_strategy2.npz,612-765,BLUE,BLUE,TP
continuous_0200_S4_strategy2.npz,641-767,UNDERSTAND,-,FN
continuous_0201_S4_strategy2.npz,0-111,SLOW,SLOW,TP
continuous_0201_S4_strategy2.npz,111-223,APRIL,APRIL,TP
continuous_0201_S4_strategy2.npz,223-336,NOVEMBER,NOVEMBER,TP
continuous_0201_S4_strategy2.npz,336-559,OCTOBER,OCTOBER,TP
continuous_0201_S4_strategy2.npz,559-672,AUGUST,AUGUST,TP
continuous_0201_S4_strategy2.npz,672-783,BLUE,BLUE,TP
continuous_0201_S4_strategy2.npz,783-895,MAY,MAY,TP
continuous_0202_S4_strategy2.npz,0-174,-,MARCH,FP
continuous_0202_S4_strategy2.npz,174-349,GREEN,GREEN,TP
continuous_0202_S4_strategy2.npz,349-525,-,GRANDMOTHER,FP
continuous_0202_S4_strategy2.npz,525-699,BLUE,BLUE,TP
continuous_0202_S4_strategy2.npz,699-874,GRANDMOTHER,GRANDMOTHER,TP
continuous_0202_S4_strategy2.npz,0-129,GRAY,-,FN
continuous_0202_S4_strategy2.npz,129-256,MARCH,-,FN
continuous_0202_S4_strategy2.npz,383-508,MOTHER,-,FN
continuous_0202_S4_strategy2.npz,642-749,UNDERSTAND,-,FN
continuous_0203_S4_strategy2.npz,0-99,LIGHT,LIGHT,TP
continuous_0203_S4_strategy2.npz,99-198,WRONG,WRONG,TP
continuous_0203_S4_strategy2.npz,198-297,-,APRIL,FP
continuous_0203_S4_strategy2.npz,297-496,VIOLET,VIOLET,TP
continuous_0203_S4_strategy2.npz,496-595,-,VIOLET,FP
continuous_0203_S4_strategy2.npz,595-696,-,DARK,FP
continuous_0203_S4_strategy2.npz,696-894,RED,RED,TP
continuous_0203_S4_strategy2.npz,253-381,APRIL,-,FN
continuous_0203_S4_strategy2.npz,511-643,BLACK,-,FN
continuous_0203_S4_strategy2.npz,773-894,JANUARY,-,FN
continuous_0204_S4_strategy2.npz,153-307,-,DON’T UNDERSTAND,FP
continuous_0204_S4_strategy2.npz,307-462,BLACK,BLACK,TP
continuous_0204_S4_strategy2.npz,462-615,NOVEMBER,NOVEMBER,TP
continuous_0204_S4_strategy2.npz,615-769,-,HELLO,FP
continuous_0204_S4_strategy2.npz,769-924,BROWN,BROWN,TP
continuous_0204_S4_strategy2.npz,0-134,DECEMBER,-,FN
continuous_0204_S4_strategy2.npz,134-262,DON’T UNDERSTAND,-,FN
continuous_0204_S4_strategy2.npz,405-536,RED,-,FN
continuous_0204_S4_strategy2.npz,663-793,KNOW,-,FN
continuous_0205_S4_strategy2.npz,0-204,MARCH,MARCH,TP
continuous_0205_S4_strategy2.npz,204-408,ORANGE,ORANGE,TP
continuous_0205_S4_strategy2.npz,408-510,FATHER,FATHER,TP
continuous_0205_S4_strategy2.npz,510-612,-,UNCLE,FP
continuous_0205_S4_strategy2.npz,612-816,PINK,PINK,TP
continuous_0205_S4_strategy2.npz,816-919,BROWN,BROWN,TP
continuous_0205_S4_strategy2.npz,125-259,ORANGE,-,FN
continuous_0205_S4_strategy2.npz,649-787,SEPTEMBER,-,FN
continuous_0206_S4_strategy2.npz,0-193,GRANDFATHER,GRANDFATHER,TP
continuous_0206_S4_strategy2.npz,193-387,BLUE,BLUE,TP
continuous_0206_S4_strategy2.npz,129-257,DECEMBER,-,FN
continuous_0207_S4_strategy2.npz,0-138,GREEN,GREEN,TP
continuous_0208_S5_strategy2.npz,0-130,NICE TO MEET YOU,NICE TO MEET YOU,TP
continuous_0208_S5_strategy2.npz,130-262,-,SATURDAY,FP
continuous_0208_S5_strategy2.npz,262-525,KNOW,KNOW,TP
continuous_0208_S5_strategy2.npz,525-657,SON,SON,TP
continuous_0208_S5_strategy2.npz,657-789,HOT,HOT,TP
continuous_0208_S5_strategy2.npz,789-921,BREAD,BREAD,TP
continuous_0208_S5_strategy2.npz,144-268,JANUARY,-,FN
continuous_0208_S5_strategy2.npz,268-395,SATURDAY,-,FN
continuous_0209_S5_strategy2.npz,0-177,THANK YOU,THANK YOU,TP
continuous_0209_S5_strategy2.npz,177-355,-,DAUGHTER,FP
continuous_0209_S5_strategy2.npz,355-534,-,TUESDAY,FP
continuous_0209_S5_strategy2.npz,534-711,CRAB,CRAB,TP
continuous_0209_S5_strategy2.npz,711-889,WRONG,WRONG,TP
continuous_0209_S5_strategy2.npz,0-121,WEELCHAIR PERSON,-,FN
continuous_0209_S5_strategy2.npz,249-377,SUGAR,-,FN
continuous_0209_S5_strategy2.npz,377-504,DAUGHTER,-,FN
continuous_0209_S5_strategy2.npz,504-631,TUESDAY,-,FN
continuous_0210_S5_strategy2.npz,0-300,SEPTEMBER,SEPTEMBER,TP
continuous_0210_S5_strategy2.npz,300-450,SHRIMP,SHRIMP,TP
continuous_0210_S5_strategy2.npz,450-600,JUICE,JUICE,TP
continuous_0210_S5_strategy2.npz,600-750,DON’T UNDERSTAND,DON’T UNDERSTAND,TP
continuous_0210_S5_strategy2.npz,750-900,NICE TO MEET YOU,NICE TO MEET YOU,TP
continuous_0210_S5_strategy2.npz,0-126,TUESDAY,-,FN
continuous_0210_S5_strategy2.npz,382-509,MAN,-,FN
continuous_0211_S5_strategy2.npz,0-148,-,FISH,FP
continuous_0211_S5_strategy2.npz,148-447,-,HELLO,FP
continuous_0211_S5_strategy2.npz,447-597,HOT,HOT,TP
continuous_0211_S5_strategy2.npz,597-747,-,PINK,FP
continuous_0211_S5_strategy2.npz,0-117,TUESDAY,-,FN
continuous_0211_S5_strategy2.npz,117-244,FISH,-,FN
continuous_0211_S5_strategy2.npz,244-366,HELLO,-,FN
continuous_0211_S5_strategy2.npz,366-490,THREE,-,FN
continuous_0211_S5_strategy2.npz,617-745,PINK,-,FN
continuous_0212_S5_strategy2.npz,0-180,WOMAN,WOMAN,TP
continuous_0212_S5_strategy2.npz,180-360,-,APRIL,FP
continuous_0212_S5_strategy2.npz,360-540,WEDNESDAY,WEDNESDAY,TP
continuous_0212_S5_strategy2.npz,540-720,GRAY,GRAY,TP
continuous_0212_S5_strategy2.npz,720-901,PARENTS,PARENTS,TP
continuous_0212_S5_strategy2.npz,128-256,NINE,-,FN
continuous_0212_S5_strategy2.npz,256-385,APRIL,-,FN
continuous_0212_S5_strategy2.npz,513-641,CORRECT,-,FN
continuous_0213_S5_strategy2.npz,0-126,BREAD,BREAD,TP
continuous_0213_S5_strategy2.npz,126-253,KNOW,KNOW,TP
continuous_0213_S5_strategy2.npz,253-381,-,HARD OF HEARING,FP
continuous_0213_S5_strategy2.npz,381-634,COLD,COLD,TP
continuous_0213_S5_strategy2.npz,634-762,-,GREEN,FP
continuous_0213_S5_strategy2.npz,254-376,MARCH,-,FN
continuous_0213_S5_strategy2.npz,376-503,HARD OF HEARING,-,FN
continuous_0213_S5_strategy2.npz,631-758,YELLOW,-,FN
continuous_0214_S5_strategy2.npz,0-109,AUGUST,AUGUST,TP
continuous_0214_S5_strategy2.npz,109-220,-,FEBRUARY,FP
continuous_0214_S5_strategy2.npz,220-330,PINK,PINK,TP
continuous_0214_S5_strategy2.npz,330-441,DEAF BLIND,DEAF BLIND,TP
continuous_0214_S5_strategy2.npz,441-552,FISH,FISH,TP
continuous_0214_S5_strategy2.npz,552-663,THANK YOU,THANK YOU,TP
continuous_0214_S5_strategy2.npz,663-774,GRANDMOTHER,GRANDMOTHER,TP
continuous_0215_S5_strategy2.npz,0-177,SHRIMP,SHRIMP,TP
continuous_0215_S5_strategy2.npz,177-357,NICE TO MEET YOU,NICE TO MEET YOU,TP
continuous_0215_S5_strategy2.npz,357-534,-,GRANDMOTHER,FP
continuous_0215_S5_strategy2.npz,534-714,SEPTEMBER,SEPTEMBER,TP
continuous_0215_S5_strategy2.npz,714-892,PINK,PINK,TP
continuous_0215_S5_strategy2.npz,0-127,KNOW,-,FN
continuous_0215_S5_strategy2.npz,380-507,MOTHER,-,FN
continuous_0215_S5_strategy2.npz,635-762,SIX,-,FN
continuous_0216_S5_strategy2.npz,0-153,TWO,TWO,TP
continuous_0216_S5_strategy2.npz,153-306,DECEMBER,DECEMBER,TP
continuous_0216_S5_strategy2.npz,306-615,TEA,TEA,TP
continuous_0216_S5_strategy2.npz,615-768,UNCLE,UNCLE,TP
continuous_0216_S5_strategy2.npz,382-506,FRIDAY,-,FN
continuous_0216_S5_strategy2.npz,634-766,GOOD AFTERNOON,-,FN
continuous_0217_S5_strategy2.npz,0-376,RICE,RICE,TP
continuous_0217_S5_strategy2.npz,376-565,-,GREEN,FP
continuous_0217_S5_strategy2.npz,565-754,WRONG,WRONG,TP
continuous_0217_S5_strategy2.npz,0-125,THURSDAY,-,FN
continuous_0217_S5_strategy2.npz,248-376,YELLOW,-,FN
continuous_0217_S5_strategy2.npz,376-497,FIVE,-,FN
continuous_0217_S5_strategy2.npz,497-625,WINE,-,FN
continuous_0218_S5_strategy2.npz,0-150,-,TOMORROW,FP
continuous_0218_S5_strategy2.npz,150-451,BREAD,BREAD,TP
continuous_0218_S5_strategy2.npz,451-753,SEE YOU TOMORROW,SEE YOU TOMORROW,TP
continuous_0218_S5_strategy2.npz,753-904,SLOW,SLOW,TP
continuous_0218_S5_strategy2.npz,0-127,ORANGE,-,FN
continuous_0218_S5_strategy2.npz,127-253,TOMORROW,-,FN
continuous_0218_S5_strategy2.npz,381-508,TWO,-,FN
continuous_0218_S5_strategy2.npz,652-773,SUGAR,-,FN
continuous_0219_S5_strategy2.npz,0-225,SUNDAY,SUNDAY,TP
continuous_0219_S5_strategy2.npz,225-450,GOOD MORNING,GOOD MORNING,TP
continuous_0219_S5_strategy2.npz,450-675,-,DON’T UNDERSTAND,FP
continuous_0219_S5_strategy2.npz,675-900,AUGUST,AUGUST,TP
continuous_0219_S5_strategy2.npz,260-387,FATHER,-,FN
continuous_0219_S5_strategy2.npz,387-515,COLD,-,FN
continuous_0219_S5_strategy2.npz,515-642,BOY,-,FN
continuous_0219_S5_strategy2.npz,642-769,DON’T UNDERSTAND,-,FN
continuous_0220_S5_strategy2.npz,0-153,TOMORROW,TOMORROW,TP
continuous_0220_S5_strategy2.npz,153-307,MEAT,MEAT,TP
continuous_0220_S5_strategy2.npz,307-462,FEBRUARY,FEBRUARY,TP
continuous_0220_S5_strategy2.npz,462-615,WRONG,WRONG,TP
continuous_0220_S5_strategy2.npz,615-769,BLACK,BLACK,TP
continuous_0220_S5_strategy2.npz,383-510,GIRL,-,FN
continuous_0221_S5_strategy2.npz,0-127,LIGHT,LIGHT,TP
continuous_0221_S5_strategy2.npz,127-256,GRANDFATHER,GRANDFATHER,TP
continuous_0221_S5_strategy2.npz,256-384,JUICE,JUICE,TP
continuous_0221_S5_strategy2.npz,384-513,MARCH,MARCH,TP
continuous_0221_S5_strategy2.npz,513-642,-,SIX,FP
continuous_0221_S5_strategy2.npz,642-771,HARD OF HEARING,HARD OF HEARING,TP
continuous_0221_S5_strategy2.npz,512-640,SIX,-,FN
continuous_0222_S5_strategy2.npz,0-126,DEAF BLIND,DEAF BLIND,TP
continuous_0222_S5_strategy2.npz,126-510,ONE,ONE,TP
continuous_0222_S5_strategy2.npz,510-639,SPAGHETTI,SPAGHETTI,TP
continuous_0222_S5_strategy2.npz,639-766,WINE,WINE,TP
continuous_0222_S5_strategy2.npz,766-894,ORANGE,ORANGE,TP
continuous_0222_S5_strategy2.npz,126-253,FAST,-,FN
continuous_0222_S5_strategy2.npz,381-508,NOVEMBER,-,FN
continuous_0223_S5_strategy2.npz,0-259,-,SPAGHETTI,FP
continuous_0223_S5_strategy2.npz,259-519,SEPTEMBER,SEPTEMBER,TP
continuous_0223_S5_strategy2.npz,519-780,HOT,HOT,TP
continuous_0223_S5_strategy2.npz,0-127,YES,-,FN
continuous_0223_S5_strategy2.npz,127-269,YOURE WELCOME,-,FN
continuous_0223_S5_strategy2.npz,269-396,SPAGHETTI,-,FN
continuous_0223_S5_strategy2.npz,651-778,TODAY,-,FN
continuous_0224_S5_strategy2.npz,0-250,TUESDAY,TUESDAY,TP
continuous_0224_S5_strategy2.npz,250-502,ORANGE,ORANGE,TP
continuous_0224_S5_strategy2.npz,502-754,EGG,EGG,TP
continuous_0224_S5_strategy2.npz,0-127,AUNTIE,-,FN
continuous_0224_S5_strategy2.npz,254-369,WINE,-,FN
continuous_0224_S5_strategy2.npz,624-751,NO,-,FN
continuous_0225_S5_strategy2.npz,0-298,HOT,HOT,TP
continuous_0225_S5_strategy2.npz,298-597,BLUE,BLUE,TP
continuous_0225_S5_strategy2.npz,597-897,EGG,EGG,TP
continuous_0225_S5_strategy2.npz,0-127,AUGUST,-,FN
continuous_0225_S5_strategy2.npz,254-382,TODAY,-,FN
continuous_0225_S5_strategy2.npz,636-764,SON,-,FN
continuous_0225_S5_strategy2.npz,764-892,NINE,-,FN
continuous_0226_S5_strategy2.npz,0-175,DARK,DARK,TP
continuous_0226_S5_strategy2.npz,175-352,RICE,RICE,TP
continuous_0226_S5_strategy2.npz,352-528,SUNDAY,SUNDAY,TP
continuous_0226_S5_strategy2.npz,528-705,SUGAR,SUGAR,TP
continuous_0226_S5_strategy2.npz,705-882,BLIND,BLIND,TP
continuous_0226_S5_strategy2.npz,127-254,SON,-,FN
continuous_0226_S5_strategy2.npz,509-624,UNDERSTAND,-,FN
continuous_0227_S5_strategy2.npz,0-124,DON’T KNOW,DON’T KNOW,TP
continuous_0227_S5_strategy2.npz,124-250,-,DEAF,FP
continuous_0227_S5_strategy2.npz,250-501,RED,RED,TP
continuous_0227_S5_strategy2.npz,501-627,SATURDAY,SATURDAY,TP
continuous_0227_S5_strategy2.npz,627-753,SEE YOU TOMORROW,SEE YOU TOMORROW,TP
continuous_0227_S5_strategy2.npz,121-249,COFFEE,-,FN
continuous_0227_S5_strategy2.npz,249-376,DEAF,-,FN
continuous_0228_S5_strategy2.npz,0-108,COUSIN,COUSIN,TP
continuous_0228_S5_strategy2.npz,108-435,COFFEE,COFFEE,TP
continuous_0228_S5_strategy2.npz,435-544,WEDNESDAY,WEDNESDAY,TP
continuous_0228_S5_strategy2.npz,544-654,-,SIX,FP
continuous_0228_S5_strategy2.npz,654-763,LIGHT,LIGHT,TP
continuous_0228_S5_strategy2.npz,253-380,JUNE,-,FN
continuous_0228_S5_strategy2.npz,506-633,SEVEN,-,FN
continuous_0229_S5_strategy2.npz,0-126,MARRIED,MARRIED,TP
continuous_0229_S5_strategy2.npz,126-253,TEA,TEA,TP
continuous_0229_S5_strategy2.npz,253-381,GREEN,GREEN,TP
continuous_0229_S5_strategy2.npz,381-508,SEVEN,SEVEN,TP
continuous_0229_S5_strategy2.npz,508-636,THURSDAY,THURSDAY,TP
continuous_0229_S5_strategy2.npz,636-763,AUNTIE,AUNTIE,TP
continuous_0230_S5_strategy2.npz,0-180,COUSIN,COUSIN,TP
continuous_0230_S5_strategy2.npz,180-361,-,VIOLET,FP
continuous_0230_S5_strategy2.npz,361-723,GOOD MORNING,GOOD MORNING,TP
continuous_0230_S5_strategy2.npz,723-906,CORRECT,CORRECT,TP
continuous_0230_S5_strategy2.npz,127-266,JUNE,-,FN
continuous_0230_S5_strategy2.npz,266-394,MAN,-,FN
continuous_0230_S5_strategy2.npz,394-522,VIOLET,-,FN
continuous_0230_S5_strategy2.npz,647-775,NINE,-,FN
continuous_0231_S5_strategy2.npz,0-300,SPAGHETTI,SPAGHETTI,TP
continuous_0231_S5_strategy2.npz,300-450,-,PINK,FP
continuous_0231_S5_strategy2.npz,450-600,GRANDFATHER,GRANDFATHER,TP
continuous_0231_S5_strategy2.npz,600-750,BEER,BEER,TP
continuous_0231_S5_strategy2.npz,750-900,FAST,FAST,TP
continuous_0231_S5_strategy2.npz,0-133,YOURE WELCOME,-,FN
continuous_0231_S5_strategy2.npz,261-388,SIX,-,FN
continuous_0231_S5_strategy2.npz,388-516,PINK,-,FN
continuous_0232_S5_strategy2.npz,0-126,CORRECT,CORRECT,TP
continuous_0232_S5_strategy2.npz,126-253,WEDNESDAY,WEDNESDAY,TP
continuous_0232_S5_strategy2.npz,253-381,HELLO,HELLO,TP
continuous_0232_S5_strategy2.npz,381-508,TWO,TWO,TP
continuous_0232_S5_strategy2.npz,508-636,UNCLE,UNCLE,TP
continuous_0232_S5_strategy2.npz,636-762,MARCH,MARCH,TP
continuous_0232_S5_strategy2.npz,762-891,SUGAR,SUGAR,TP
continuous_0233_S5_strategy2.npz,0-111,CRAB,CRAB,TP
continuous_0233_S5_strategy2.npz,111-222,SEE YOU TOMORROW,SEE YOU TOMORROW,TP
continuous_0233_S5_strategy2.npz,222-558,WEDNESDAY,WEDNESDAY,TP
continuous_0233_S5_strategy2.npz,558-670,DEAF BLIND,DEAF BLIND,TP
continuous_0233_S5_strategy2.npz,670-783,BLUE,BLUE,TP
continuous_0233_S5_strategy2.npz,783-894,UNCLE,UNCLE,TP
continuous_0233_S5_strategy2.npz,381-509,SEPTEMBER,-,FN
continuous_0234_S5_strategy2.npz,0-148,-,GOOD MORNING,FP
continuous_0234_S5_strategy2.npz,148-298,-,GRANDFATHER,FP
continuous_0234_S5_strategy2.npz,298-448,-,EGG,FP
continuous_0234_S5_strategy2.npz,448-597,-,LONGANISA,FP
continuous_0234_S5_strategy2.npz,597-747,-,TWO,FP
continuous_0234_S5_strategy2.npz,747-897,DON’T KNOW,DON’T KNOW,TP
continuous_0234_S5_strategy2.npz,0-127,BLACK,-,FN
continuous_0234_S5_strategy2.npz,127-260,GOOD MORNING,-,FN
continuous_0234_S5_strategy2.npz,260-387,GRANDFATHER,-,FN
continuous_0234_S5_strategy2.npz,387-515,BOY,-,FN
continuous_0234_S5_strategy2.npz,515-642,EGG,-,FN
continuous_0234_S5_strategy2.npz,642-767,TWO,-,FN
continuous_0235_S5_strategy2.npz,0-198,GOOD EVENING,GOOD EVENING,TP
continuous_0235_S5_strategy2.npz,198-396,DON’T KNOW,DON’T KNOW,TP
continuous_0235_S5_strategy2.npz,396-594,-,DEAF,FP
continuous_0235_S5_strategy2.npz,594-792,JUICE,JUICE,TP
continuous_0235_S5_strategy2.npz,149-277,MONDAY,-,FN
continuous_0235_S5_strategy2.npz,406-534,COUSIN,-,FN
continuous_0235_S5_strategy2.npz,534-662,DEAF,-,FN
continuous_0236_S5_strategy2.npz,0-225,FAST,FAST,TP
continuous_0236_S5_strategy2.npz,225-450,GIRL,GIRL,TP
continuous_0236_S5_strategy2.npz,450-901,COUSIN,COUSIN,TP
continuous_0236_S5_strategy2.npz,127-253,SIX,-,FN
continuous_0236_S5_strategy2.npz,509-655,JUNE,-,FN
continuous_0236_S5_strategy2.npz,655-781,MONDAY,-,FN
continuous_0236_S5_strategy2.npz,781-899,HELLO,-,FN
continuous_0237_S5_strategy2.npz,0-127,THURSDAY,THURSDAY,TP
continuous_0237_S5_strategy2.npz,127-256,BEER,BEER,TP
continuous_0237_S5_strategy2.npz,256-384,SPAGHETTI,SPAGHETTI,TP
continuous_0237_S5_strategy2.npz,384-513,DECEMBER,DECEMBER,TP
continuous_0237_S5_strategy2.npz,513-642,NICE TO MEET YOU,NICE TO MEET YOU,TP
continuous_0237_S5_strategy2.npz,642-771,FAST,FAST,TP
continuous_0238_S5_strategy2.npz,0-111,BLACK,BLACK,TP
continuous_0238_S5_strategy2.npz,111-222,BEER,BEER,TP
continuous_0238_S5_strategy2.npz,222-333,-,CHICKEN,FP
continuous_0238_S5_strategy2.npz,333-555,NO,NO,TP
continuous_0238_S5_strategy2.npz,555-777,FISH,FISH,TP
continuous_0238_S5_strategy2.npz,777-888,-,PARENTS,FP
continuous_0238_S5_strategy2.npz,381-509,JULY,-,FN
continuous_0238_S5_strategy2.npz,636-757,TUESDAY,-,FN
continuous_0238_S5_strategy2.npz,757-884,PARENTS,-,FN
continuous_0239_S5_strategy2.npz,0-537,RICE,RICE,TP
continuous_0239_S5_strategy2.npz,537-715,-,MARRIED,FP
continuous_0239_S5_strategy2.npz,715-894,-,COFFEE,FP
continuous_0239_S5_strategy2.npz,127-259,GOOD AFTERNOON,-,FN
continuous_0239_S5_strategy2.npz,259-382,MARRIED,-,FN
continuous_0239_S5_strategy2.npz,382-509,YESTERDAY,-,FN
continuous_0239_S5_strategy2.npz,509-636,COFFEE,-,FN
continuous_0239_S5_strategy2.npz,636-764,SEVEN,-,FN
continuous_0239_S5_strategy2.npz,764-891,MAY,-,FN
continuous_0240_S5_strategy2.npz,0-126,TOMORROW,TOMORROW,TP
continuous_0240_S5_strategy2.npz,126-255,WINE,WINE,TP
continuous_0240_S5_strategy2.npz,255-381,LONGANISA,LONGANISA,TP
continuous_0240_S5_strategy2.npz,381-510,DEAF BLIND,DEAF BLIND,TP
continuous_0240_S5_strategy2.npz,510-636,FEBRUARY,FEBRUARY,TP
continuous_0240_S5_strategy2.npz,636-765,CORRECT,CORRECT,TP
continuous_0240_S5_strategy2.npz,765-892,PARENTS,PARENTS,TP
continuous_0241_S5_strategy2.npz,0-178,-,COUSIN,FP
continuous_0241_S5_strategy2.npz,178-357,JUICE,JUICE,TP
continuous_0241_S5_strategy2.npz,357-537,TODAY,TODAY,TP
continuous_0241_S5_strategy2.npz,537-897,IM FINE,IM FINE,TP
continuous_0241_S5_strategy2.npz,0-127,TEN,-,FN
continuous_0241_S5_strategy2.npz,127-254,COUSIN,-,FN
continuous_0241_S5_strategy2.npz,637-764,BLIND,-,FN
continuous_0241_S5_strategy2.npz,764-893,EGG,-,FN
continuous_0242_S5_strategy2.npz,0-148,-,JANUARY,FP
continuous_0242_S5_strategy2.npz,148-297,-,NO SUGAR,FP
continuous_0242_S5_strategy2.npz,297-447,GRANDMOTHER,GRANDMOTHER,TP
continuous_0242_S5_strategy2.npz,447-745,UNDERSTAND,UNDERSTAND,TP
continuous_0242_S5_strategy2.npz,745-895,-,LONGANISA,FP
continuous_0242_S5_strategy2.npz,0-126,RED,-,FN
continuous_0242_S5_strategy2.npz,126-254,JANUARY,-,FN
continuous_0242_S5_strategy2.npz,254-381,NO SUGAR,-,FN
continuous_0242_S5_strategy2.npz,636-763,EGG,-,FN
continuous_0242_S5_strategy2.npz,763-892,EIGHT,-,FN
continuous_0243_S5_strategy2.npz,0-174,LONGANISA,LONGANISA,TP
continuous_0243_S5_strategy2.npz,174-348,JUICE,JUICE,TP
continuous_0243_S5_strategy2.npz,348-522,LIGHT,LIGHT,TP
continuous_0243_S5_strategy2.npz,522-696,WOMAN,WOMAN,TP
continuous_0243_S5_strategy2.npz,696-870,WRONG,WRONG,TP
continuous_0243_S5_strategy2.npz,378-485,AUGUST,-,FN
continuous_0243_S5_strategy2.npz,740-867,TEN,-,FN
continuous_0244_S5_strategy2.npz,0-255,SLOW,SLOW,TP
continuous_0244_S5_strategy2.npz,255-511,GREEN,GREEN,TP
continuous_0244_S5_strategy2.npz,511-768,SUGAR,SUGAR,TP
continuous_0244_S5_strategy2.npz,0-127,MOTHER,-,FN
continuous_0244_S5_strategy2.npz,382-509,EIGHT,-,FN
continuous_0244_S5_strategy2.npz,509-636,WEELCHAIR PERSON,-,FN
continuous_0245_S5_strategy2.npz,0-900,LIGHT,LIGHT,TP
continuous_0245_S5_strategy2.npz,0-132,COFFEE,-,FN
continuous_0245_S5_strategy2.npz,132-253,FOUR,-,FN
continuous_0245_S5_strategy2.npz,381-515,OCTOBER,-,FN
continuous_0245_S5_strategy2.npz,515-642,YES,-,FN
continuous_0245_S5_strategy2.npz,642-770,MONDAY,-,FN
continuous_0245_S5_strategy2.npz,770-897,LONGANISA,-,FN
continuous_0246_S5_strategy2.npz,0-294,GRANDMOTHER,GRANDMOTHER,TP
continuous_0246_S5_strategy2.npz,294-591,MARRIED,MARRIED,TP
continuous_0246_S5_strategy2.npz,591-886,JUICE,JUICE,TP
continuous_0246_S5_strategy2.npz,126-253,CHICKEN,-,FN
continuous_0246_S5_strategy2.npz,253-381,OCTOBER,-,FN
continuous_0246_S5_strategy2.npz,381-508,YESTERDAY,-,FN
continuous_0246_S5_strategy2.npz,630-757,FIVE,-,FN
continuous_0247_S5_strategy2.npz,0-175,-,GRANDMOTHER,FP
continuous_0247_S5_strategy2.npz,175-352,VIOLET,VIOLET,TP
continuous_0247_S5_strategy2.npz,352-705,DEAF,DEAF,TP
continuous_0247_S5_strategy2.npz,705-882,RICE,RICE,TP
continuous_0247_S5_strategy2.npz,0-127,MILK,-,FN
continuous_0247_S5_strategy2.npz,127-252,GRANDMOTHER,-,FN
continuous_0247_S5_strategy2.npz,498-625,WEDNESDAY,-,FN
continuous_0247_S5_strategy2.npz,625-752,OCTOBER,-,FN
continuous_0248_S5_strategy2.npz,0-295,BLIND,BLIND,TP
continuous_0248_S5_strategy2.npz,295-591,-,SUNDAY,FP
continuous_0248_S5_strategy2.npz,591-888,-,SLOW,FP
continuous_0248_S5_strategy2.npz,127-254,JULY,-,FN
continuous_0248_S5_strategy2.npz,254-379,TEN,-,FN
continuous_0248_S5_strategy2.npz,379-507,AUNTIE,-,FN
continuous_0248_S5_strategy2.npz,507-640,YOURE WELCOME,-,FN
continuous_0248_S5_strategy2.npz,640-767,SUNDAY,-,FN
continuous_0248_S5_strategy2.npz,767-885,SLOW,-,FN
continuous_0249_S5_strategy2.npz,0-151,RED,RED,TP
continuous_0249_S5_strategy2.npz,151-303,COLD,COLD,TP
continuous_0249_S5_strategy2.npz,303-456,GOOD MORNING,GOOD MORNING,TP
continuous_0249_S5_strategy2.npz,456-609,SUNDAY,SUNDAY,TP
continuous_0249_S5_strategy2.npz,609-762,PARENTS,PARENTS,TP
continuous_0249_S5_strategy2.npz,513-635,APRIL,-,FN
continuous_0250_S5_strategy2.npz,0-180,BREAD,BREAD,TP
continuous_0250_S5_strategy2.npz,180-360,KNOW,KNOW,TP
continuous_0250_S5_strategy2.npz,360-540,SATURDAY,SATURDAY,TP
continuous_0250_S5_strategy2.npz,540-721,YOURE WELCOME,YOURE WELCOME,TP
continuous_0250_S5_strategy2.npz,721-903,JANUARY,JANUARY,TP
continuous_0250_S5_strategy2.npz,255-383,NINE,-,FN
continuous_0250_S5_strategy2.npz,771-899,GIRL,-,FN
continuous_0251_S5_strategy2.npz,0-253,GRAY,GRAY,TP
continuous_0251_S5_strategy2.npz,253-508,COLD,COLD,TP
continuous_0251_S5_strategy2.npz,508-763,-,COUSIN,FP
continuous_0251_S5_strategy2.npz,125-253,MAN,-,FN
continuous_0251_S5_strategy2.npz,380-508,COUSIN,-,FN
continuous_0251_S5_strategy2.npz,508-635,JULY,-,FN
continuous_0251_S5_strategy2.npz,635-762,SIX,-,FN
continuous_0252_S5_strategy2.npz,0-153,BLUE,BLUE,TP
continuous_0252_S5_strategy2.npz,153-309,WOMAN,WOMAN,TP
continuous_0252_S5_strategy2.npz,309-463,CHICKEN,CHICKEN,TP
continuous_0252_S5_strategy2.npz,463-618,WRONG,WRONG,TP
continuous_0252_S5_strategy2.npz,618-774,HOW ARE YOU,HOW ARE YOU,TP
continuous_0252_S5_strategy2.npz,502-630,FIVE,-,FN
continuous_0253_S5_strategy2.npz,0-300,HARD OF HEARING,HARD OF HEARING,TP
continuous_0253_S5_strategy2.npz,300-600,JUICE,JUICE,TP
continuous_0253_S5_strategy2.npz,600-900,-,THREE,FP
continuous_0253_S5_strategy2.npz,0-133,HELLO,-,FN
continuous_0253_S5_strategy2.npz,387-515,THREE,-,FN
continuous_0253_S5_strategy2.npz,515-641,WEDNESDAY,-,FN
continuous_0253_S5_strategy2.npz,641-768,AUNTIE,-,FN
continuous_0253_S5_strategy2.npz,768-896,CHICKEN,-,FN
continuous_0254_S5_strategy2.npz,0-225,GOOD MORNING,GOOD MORNING,TP
continuous_0254_S5_strategy2.npz,225-450,THREE,THREE,TP
continuous_0254_S5_strategy2.npz,450-676,TUESDAY,TUESDAY,TP
continuous_0254_S5_strategy2.npz,676-903,-,GREEN,FP
continuous_0254_S5_strategy2.npz,137-265,EGG,-,FN
continuous_0254_S5_strategy2.npz,520-647,FATHER,-,FN
continuous_0254_S5_strategy2.npz,647-774,HARD OF HEARING,-,FN
continuous_0254_S5_strategy2.npz,774-899,GREEN,-,FN
continuous_0255_S5_strategy2.npz,0-126,DECEMBER,DECEMBER,TP
continuous_0255_S5_strategy2.npz,126-253,FISH,FISH,TP
continuous_0255_S5_strategy2.npz,253-381,GOOD EVENING,GOOD EVENING,TP
continuous_0255_S5_strategy2.npz,381-508,YES,YES,TP
continuous_0255_S5_strategy2.npz,508-636,TWO,TWO,TP
continuous_0255_S5_strategy2.npz,636-763,DEAF BLIND,DEAF BLIND,TP
continuous_0256_S5_strategy2.npz,0-223,IM FINE,IM FINE,TP
continuous_0256_S5_strategy2.npz,223-673,ONE,ONE,TP
continuous_0256_S5_strategy2.npz,673-898,GRAY,GRAY,TP
continuous_0256_S5_strategy2.npz,0-127,JUNE,-,FN
continuous_0256_S5_strategy2.npz,256-383,FATHER,-,FN
continuous_0256_S5_strategy2.npz,383-511,YESTERDAY,-,FN
continuous_0256_S5_strategy2.npz,638-768,SHRIMP,-,FN
continuous_0257_S5_strategy2.npz,0-186,HARD OF HEARING,HARD OF HEARING,TP
continuous_0257_S5_strategy2.npz,186-375,WEDNESDAY,WEDNESDAY,TP
continuous_0257_S5_strategy2.npz,375-561,MEAT,MEAT,TP
continuous_0257_S5_strategy2.npz,561-750,THANK YOU,THANK YOU,TP
continuous_0257_S5_strategy2.npz,250-370,SON,-,FN
continuous_0257_S5_strategy2.npz,619-746,YES,-,FN
continuous_0258_S5_strategy2.npz,0-150,BEER,BEER,TP
continuous_0258_S5_strategy2.npz,150-300,THURSDAY,THURSDAY,TP
continuous_0258_S5_strategy2.npz,300-450,GRANDMOTHER,GRANDMOTHER,TP
continuous_0258_S5_strategy2.npz,450-601,GOOD EVENING,GOOD EVENING,TP
continuous_0258_S5_strategy2.npz,601-751,FAST,FAST,TP
continuous_0258_S5_strategy2.npz,751-903,-,TWO,FP
continuous_0258_S5_strategy2.npz,127-254,JULY,-,FN
continuous_0258_S5_strategy2.npz,775-900,TWO,-,FN
continuous_0259_S5_strategy2.npz,0-253,LONGANISA,LONGANISA,TP
continuous_0259_S5_strategy2.npz,253-507,FAST,FAST,TP
continuous_0259_S5_strategy2.npz,507-634,TEA,TEA,TP
continuous_0259_S5_strategy2.npz,634-762,BROWN,BROWN,TP
continuous_0259_S5_strategy2.npz,762-889,THURSDAY,THURSDAY,TP
continuous_0259_S5_strategy2.npz,128-255,JANUARY,-,FN
continuous_0259_S5_strategy2.npz,383-509,SIX,-,FN
continuous_0260_S5_strategy2.npz,0-255,-,ORANGE,FP
continuous_0260_S5_strategy2.npz,255-510,UNCLE,UNCLE,TP
continuous_0260_S5_strategy2.npz,510-636,COFFEE,COFFEE,TP
continuous_0260_S5_strategy2.npz,636-765,UNDERSTAND,UNDERSTAND,TP
continuous_0260_S5_strategy2.npz,765-892,BREAD,BREAD,TP
continuous_0260_S5_strategy2.npz,0-122,ORANGE,-,FN
continuous_0260_S5_strategy2.npz,122-250,SEVEN,-,FN
continuous_0260_S5_strategy2.npz,377-503,APRIL,-,FN
continuous_0261_S5_strategy2.npz,0-183,GRANDFATHER,GRANDFATHER,TP
continuous_0261_S5_strategy2.npz,183-369,HOW ARE YOU,HOW ARE YOU,TP
continuous_0261_S5_strategy2.npz,369-924,NO SUGAR,NO SUGAR,TP
continuous_0261_S5_strategy2.npz,127-255,PINK,-,FN
continuous_0261_S5_strategy2.npz,539-666,JULY,-,FN
continuous_0261_S5_strategy2.npz,666-793,SHRIMP,-,FN
continuous_0261_S5_strategy2.npz,793-920,FOUR,-,FN
continuous_0262_S5_strategy2.npz,0-180,-,GRAY,FP
continuous_0262_S5_strategy2.npz,180-360,-,NICE TO MEET YOU,FP
continuous_0262_S5_strategy2.npz,360-540,-,CORRECT,FP
continuous_0262_S5_strategy2.npz,540-720,GRANDMOTHER,GRANDMOTHER,TP
continuous_0262_S5_strategy2.npz,720-900,BREAD,BREAD,TP
continuous_0262_S5_strategy2.npz,0-127,FOUR,-,FN
continuous_0262_S5_strategy2.npz,127-264,HOW ARE YOU,-,FN
continuous_0262_S5_strategy2.npz,264-391,YESTERDAY,-,FN
continuous_0262_S5_strategy2.npz,391-519,GRAY,-,FN
continuous_0262_S5_strategy2.npz,519-642,CORRECT,-,FN
continuous_0263_S5_strategy2.npz,0-153,LONGANISA,LONGANISA,TP
continuous_0263_S5_strategy2.npz,153-309,BEER,BEER,TP
continuous_0263_S5_strategy2.npz,309-462,ONE,ONE,TP
continuous_0263_S5_strategy2.npz,462-618,WRONG,WRONG,TP
continuous_0263_S5_strategy2.npz,618-772,-,FRIDAY,FP
continuous_0263_S5_strategy2.npz,382-514,JUNE,-,FN
continuous_0263_S5_strategy2.npz,641-769,FRIDAY,-,FN
continuous_0264_S5_strategy2.npz,0-381,MILK,MILK,TP
continuous_0264_S5_strategy2.npz,381-762,YOURE WELCOME,YOURE WELCOME,TP
continuous_0264_S5_strategy2.npz,126-253,AUNTIE,-,FN
continuous_0264_S5_strategy2.npz,253-377,TODAY,-,FN
continuous_0264_S5_strategy2.npz,377-506,TEN,-,FN
continuous_0264_S5_strategy2.npz,634-759,GIRL,-,FN
continuous_0265_S5_strategy2.npz,0-177,NICE TO MEET YOU,NICE TO MEET YOU,TP
continuous_0265_S5_strategy2.npz,177-357,DEAF,DEAF,TP
continuous_0265_S5_strategy2.npz,357-534,DON’T UNDERSTAND,DON’T UNDERSTAND,TP
continuous_0265_S5_strategy2.npz,534-714,OCTOBER,OCTOBER,TP
continuous_0265_S5_strategy2.npz,714-892,YELLOW,YELLOW,TP
continuous_0265_S5_strategy2.npz,124-252,EIGHT,-,FN
continuous_0265_S5_strategy2.npz,506-634,NO SUGAR,-,FN
continuous_0266_S5_strategy2.npz,0-151,COFFEE,COFFEE,TP
continuous_0266_S5_strategy2.npz,151-304,SATURDAY,SATURDAY,TP
continuous_0266_S5_strategy2.npz,304-609,DON’T KNOW,DON’T KNOW,TP
continuous_0266_S5_strategy2.npz,609-762,LONGANISA,LONGANISA,TP
continuous_0266_S5_strategy2.npz,254-382,TWO,-,FN
continuous_0266_S5_strategy2.npz,510-638,APRIL,-,FN
continuous_0267_S5_strategy2.npz,0-150,CRAB,CRAB,TP
continuous_0267_S5_strategy2.npz,150-453,TEA,TEA,TP
continuous_0267_S5_strategy2.npz,453-606,BOY,BOY,TP
continuous_0267_S5_strategy2.npz,606-757,TOMORROW,TOMORROW,TP
continuous_0267_S5_strategy2.npz,250-369,THREE,-,FN
continuous_0267_S5_strategy2.npz,496-629,JULY,-,FN
continuous_0268_S5_strategy2.npz,0-126,WHITE,-,FN
continuous_0268_S5_strategy2.npz,126-255,BOY,-,FN
continuous_0268_S5_strategy2.npz,255-382,FIVE,-,FN
continuous_0268_S5_strategy2.npz,382-512,KNOW,-,FN
continuous_0268_S5_strategy2.npz,512-622,WINE,-,FN
continuous_0268_S5_strategy2.npz,622-750,MONDAY,-,FN
continuous_0269_S5_strategy2.npz,0-172,TOMORROW,TOMORROW,TP
continuous_0269_S5_strategy2.npz,172-519,YES,YES,TP
continuous_0269_S5_strategy2.npz,519-693,-,BEER,FP
continuous_0269_S5_strategy2.npz,693-867,BLIND,BLIND,TP
continuous_0269_S5_strategy2.npz,252-380,FOUR,-,FN
continuous_0269_S5_strategy2.npz,380-507,BEER,-,FN
continuous_0269_S5_strategy2.npz,507-610,SON,-,FN
continuous_0269_S5_strategy2.npz,610-737,FISH,-,FN
continuous_0270_S5_strategy2.npz,0-177,-,SEE YOU TOMORROW,FP
continuous_0270_S5_strategy2.npz,177-709,CORRECT,CORRECT,TP
continuous_0270_S5_strategy2.npz,709-888,FISH,FISH,TP
continuous_0270_S5_strategy2.npz,0-127,NO SUGAR,-,FN
continuous_0270_S5_strategy2.npz,127-248,TODAY,-,FN
continuous_0270_S5_strategy2.npz,248-375,PARENTS,-,FN
continuous_0270_S5_strategy2.npz,375-505,SEE YOU TOMORROW,-,FN
continuous_0270_S5_strategy2.npz,632-757,FOUR,-,FN
continuous_0271_S5_strategy2.npz,0-142,BEER,BEER,TP
continuous_0271_S5_strategy2.npz,142-286,SHRIMP,SHRIMP,TP
continuous_0271_S5_strategy2.npz,286-430,NO,NO,TP
continuous_0271_S5_strategy2.npz,430-574,HOW ARE YOU,HOW ARE YOU,TP
continuous_0271_S5_strategy2.npz,574-718,-,WEDNESDAY,FP
continuous_0271_S5_strategy2.npz,718-862,VIOLET,VIOLET,TP
continuous_0271_S5_strategy2.npz,376-482,SEPTEMBER,-,FN
continuous_0271_S5_strategy2.npz,614-734,FRIDAY,-,FN
continuous_0272_S5_strategy2.npz,0-177,MEAT,MEAT,TP
continuous_0272_S5_strategy2.npz,177-531,JUICE,JUICE,TP
continuous_0272_S5_strategy2.npz,531-708,SON,SON,TP
continuous_0272_S5_strategy2.npz,708-885,BROWN,BROWN,TP
continuous_0272_S5_strategy2.npz,0-122,YESTERDAY,-,FN
continuous_0272_S5_strategy2.npz,377-503,NINE,-,FN
continuous_0272_S5_strategy2.npz,758-883,MAY,-,FN
continuous_0273_S5_strategy2.npz,0-190,DON’T KNOW,DON’T KNOW,TP
continuous_0273_S5_strategy2.npz,190-381,HOW ARE YOU,HOW ARE YOU,TP
continuous_0273_S5_strategy2.npz,381-573,-,VIOLET,FP
continuous_0273_S5_strategy2.npz,573-763,-,WOMAN,FP
continuous_0273_S5_strategy2.npz,250-378,VIOLET,-,FN
continuous_0273_S5_strategy2.npz,378-506,WOMAN,-,FN
continuous_0273_S5_strategy2.npz,506-633,MAY,-,FN
continuous_0273_S5_strategy2.npz,633-760,MOTHER,-,FN
continuous_0274_S5_strategy2.npz,0-151,SPAGHETTI,SPAGHETTI,TP
continuous_0274_S5_strategy2.npz,151-303,TOMORROW,TOMORROW,TP
continuous_0274_S5_strategy2.npz,303-456,HELLO,HELLO,TP
continuous_0274_S5_strategy2.npz,456-607,BROWN,BROWN,TP
continuous_0274_S5_strategy2.npz,607-760,THREE,THREE,TP
continuous_0274_S5_strategy2.npz,503-631,CORRECT,-,FN
continuous_0275_S5_strategy2.npz,0-378,DECEMBER,DECEMBER,TP
continuous_0275_S5_strategy2.npz,378-567,TEA,TEA,TP
continuous_0275_S5_strategy2.npz,567-756,UNCLE,UNCLE,TP
continuous_0275_S5_strategy2.npz,0-127,EIGHT,-,FN
continuous_0275_S5_strategy2.npz,254-380,GOOD AFTERNOON,-,FN
continuous_0275_S5_strategy2.npz,508-627,KNOW,-,FN
continuous_0276_S5_strategy2.npz,0-189,RICE,RICE,TP
continuous_0276_S5_strategy2.npz,189-379,FRIDAY,FRIDAY,TP
continuous_0276_S5_strategy2.npz,379-570,UNCLE,UNCLE,TP
continuous_0276_S5_strategy2.npz,570-760,DECEMBER,DECEMBER,TP
continuous_0276_S5_strategy2.npz,0-127,PINK,-,FN
continuous_0276_S5_strategy2.npz,630-757,FOUR,-,FN
continuous_0277_S5_strategy2.npz,0-177,-,BROWN,FP
continuous_0277_S5_strategy2.npz,177-354,UNDERSTAND,UNDERSTAND,TP
continuous_0277_S5_strategy2.npz,354-532,MEAT,MEAT,TP
continuous_0277_S5_strategy2.npz,532-711,DEAF BLIND,DEAF BLIND,TP
continuous_0277_S5_strategy2.npz,711-888,COLD,COLD,TP
continuous_0277_S5_strategy2.npz,0-127,EIGHT,-,FN
continuous_0277_S5_strategy2.npz,127-254,BROWN,-,FN
continuous_0277_S5_strategy2.npz,635-756,TODAY,-,FN
continuous_0278_S5_strategy2.npz,0-172,JANUARY,JANUARY,TP
continuous_0278_S5_strategy2.npz,172-519,THREE,THREE,TP
continuous_0278_S5_strategy2.npz,519-693,-,COLD,FP
continuous_0278_S5_strategy2.npz,693-867,NO,NO,TP
continuous_0278_S5_strategy2.npz,256-385,SON,-,FN
continuous_0278_S5_strategy2.npz,385-504,COLD,-,FN
continuous_0278_S5_strategy2.npz,504-632,MAN,-,FN
continuous_0278_S5_strategy2.npz,742-865,SUNDAY,-,FN
continuous_0279_S5_strategy2.npz,0-153,DON’T UNDERSTAND,DON’T UNDERSTAND,TP
continuous_0279_S5_strategy2.npz,153-306,-,TEN,FP
continuous_0279_S5_strategy2.npz,306-459,-,NOVEMBER,FP
continuous_0279_S5_strategy2.npz,459-612,-,FEBRUARY,FP
continuous_0279_S5_strategy2.npz,612-765,TUESDAY,TUESDAY,TP
continuous_0279_S5_strategy2.npz,127-255,MILK,-,FN
continuous_0279_S5_strategy2.npz,255-382,TEN,-,FN
continuous_0279_S5_strategy2.npz,382-510,NOVEMBER,-,FN
continuous_0279_S5_strategy2.npz,635-763,RED,-,FN
continuous_0280_S5_strategy2.npz,0-147,RICE,RICE,TP
continuous_0280_S5_strategy2.npz,147-297,TOMORROW,TOMORROW,TP
continuous_0280_S5_strategy2.npz,297-445,HOT,HOT,TP
continuous_0280_S5_strategy2.npz,445-594,DON’T UNDERSTAND,DON’T UNDERSTAND,TP
continuous_0280_S5_strategy2.npz,594-744,SEE YOU TOMORROW,SEE YOU TOMORROW,TP
continuous_0280_S5_strategy2.npz,744-892,DAUGHTER,DAUGHTER,TP
continuous_0280_S5_strategy2.npz,255-383,RED,-,FN
continuous_0281_S5_strategy2.npz,0-294,HARD OF HEARING,HARD OF HEARING,TP
continuous_0281_S5_strategy2.npz,294-589,BLACK,BLACK,TP
continuous_0281_S5_strategy2.npz,589-885,LONGANISA,LONGANISA,TP
continuous_0281_S5_strategy2.npz,0-132,GOOD AFTERNOON,-,FN
continuous_0281_S5_strategy2.npz,260-388,SUGAR,-,FN
continuous_0281_S5_strategy2.npz,388-503,NO,-,FN
continuous_0281_S5_strategy2.npz,631-758,SEVEN,-,FN
continuous_0282_S5_strategy2.npz,0-180,WRONG,WRONG,TP
continuous_0282_S5_strategy2.npz,180-363,MARCH,MARCH,TP
continuous_0282_S5_strategy2.npz,363-544,PARENTS,PARENTS,TP
continuous_0282_S5_strategy2.npz,544-726,-,DEAF,FP
continuous_0282_S5_strategy2.npz,726-909,THANK YOU,THANK YOU,TP
continuous_0282_S5_strategy2.npz,127-259,BOY,-,FN
continuous_0282_S5_strategy2.npz,514-640,MILK,-,FN
continuous_0282_S5_strategy2.npz,640-767,SHRIMP,-,FN
continuous_0283_S5_strategy2.npz,0-382,-,NOVEMBER,FP
continuous_0283_S5_strategy2.npz,382-765,ONE,ONE,TP
continuous_0283_S5_strategy2.npz,0-131,IM FINE,-,FN
continuous_0283_S5_strategy2.npz,131-260,SUGAR,-,FN
continuous_0283_S5_strategy2.npz,260-387,CORRECT,-,FN
continuous_0283_S5_strategy2.npz,387-510,MARCH,-,FN
continuous_0283_S5_strategy2.npz,510-637,WOMAN,-,FN
continuous_0284_S5_strategy2.npz,0-150,MEAT,MEAT,TP
continuous_0284_S5_strategy2.npz,150-300,IM FINE,IM FINE,TP
continuous_0284_S5_strategy2.npz,300-451,-,NOVEMBER,FP
continuous_0284_S5_strategy2.npz,451-601,DARK,DARK,TP
continuous_0284_S5_strategy2.npz,601-753,-,SHRIMP,FP
continuous_0284_S5_strategy2.npz,753-903,-,WINE,FP
continuous_0284_S5_strategy2.npz,262-389,OCTOBER,-,FN
continuous_0284_S5_strategy2.npz,518-647,WINE,-,FN
continuous_0284_S5_strategy2.npz,647-773,YESTERDAY,-,FN
continuous_0284_S5_strategy2.npz,773-900,SEVEN,-,FN
continuous_0285_S5_strategy2.npz,0-192,WINE,WINE,TP
continuous_0285_S5_strategy2.npz,192-387,FEBRUARY,FEBRUARY,TP
continuous_0285_S5_strategy2.npz,387-580,-,GRANDMOTHER,FP
continuous_0285_S5_strategy2.npz,580-774,HELLO,HELLO,TP
continuous_0285_S5_strategy2.npz,255-384,MOTHER,-,FN
continuous_0285_S5_strategy2.npz,384-511,WOMAN,-,FN
continuous_0285_S5_strategy2.npz,644-771,WHITE,-,FN
continuous_0286_S5_strategy2.npz,0-153,HOT,HOT,TP
continuous_0286_S5_strategy2.npz,153-309,-,MILK,FP
continuous_0286_S5_strategy2.npz,309-463,-,SEPTEMBER,FP
continuous_0286_S5_strategy2.npz,463-618,-,GREEN,FP
continuous_0286_S5_strategy2.npz,618-774,CRAB,CRAB,TP
continuous_0286_S5_strategy2.npz,127-280,SEPTEMBER,-,FN
continuous_0286_S5_strategy2.npz,280-407,GREEN,-,FN
continuous_0286_S5_strategy2.npz,407-516,FAST,-,FN
continuous_0286_S5_strategy2.npz,644-771,FIVE,-,FN
continuous_0287_S5_strategy2.npz,0-127,SATURDAY,SATURDAY,TP
continuous_0287_S5_strategy2.npz,127-256,ONE,ONE,TP
continuous_0287_S5_strategy2.npz,256-384,BLIND,BLIND,TP
continuous_0287_S5_strategy2.npz,384-513,SPAGHETTI,SPAGHETTI,TP
continuous_0287_S5_strategy2.npz,513-642,NOVEMBER,NOVEMBER,TP
continuous_0287_S5_strategy2.npz,642-771,DAUGHTER,DAUGHTER,TP
continuous_0288_S5_strategy2.npz,444-888,MEAT,MEAT,TP
continuous_0288_S5_strategy2.npz,0-127,BOY,-,FN
continuous_0288_S5_strategy2.npz,127-254,MONDAY,-,FN
continuous_0288_S5_strategy2.npz,254-383,DON’T UNDERSTAND,-,FN
continuous_0288_S5_strategy2.npz,383-503,AUNTIE,-,FN
continuous_0288_S5_strategy2.npz,503-630,JULY,-,FN
continuous_0288_S5_strategy2.npz,630-759,GOOD MORNING,-,FN
continuous_0289_S5_strategy2.npz,0-253,SHRIMP,SHRIMP,TP
continuous_0289_S5_strategy2.npz,253-507,-,TEA,FP
continuous_0289_S5_strategy2.npz,507-762,HOW ARE YOU,HOW ARE YOU,TP
continuous_0289_S5_strategy2.npz,127-254,GRANDMOTHER,-,FN
continuous_0289_S5_strategy2.npz,254-380,WEELCHAIR PERSON,-,FN
continuous_0289_S5_strategy2.npz,380-507,UNDERSTAND,-,FN
continuous_0289_S5_strategy2.npz,507-634,TEA,-,FN
continuous_0290_S5_strategy2.npz,0-267,IM FINE,IM FINE,TP
continuous_0290_S5_strategy2.npz,267-402,-,LIGHT,FP
continuous_0290_S5_strategy2.npz,402-535,-,GRANDMOTHER,FP
continuous_0290_S5_strategy2.npz,535-669,-,DEAF,FP
continuous_0290_S5_strategy2.npz,669-804,CHICKEN,CHICKEN,TP
continuous_0290_S5_strategy2.npz,0-127,MAY,-,FN
continuous_0290_S5_strategy2.npz,304-430,FIVE,-,FN
continuous_0290_S5_strategy2.npz,430-558,LIGHT,-,FN
continuous_0290_S5_strategy2.npz,558-679,MOTHER,-,FN
continuous_0291_S5_strategy2.npz,151-303,DAUGHTER,DAUGHTER,TP
continuous_0291_S5_strategy2.npz,303-456,SEE YOU TOMORROW,SEE YOU TOMORROW,TP
continuous_0291_S5_strategy2.npz,456-609,DEAF,DEAF,TP
continuous_0291_S5_strategy2.npz,609-762,CRAB,CRAB,TP
continuous_0291_S5_strategy2.npz,0-117,SLOW,-,FN
continuous_0291_S5_strategy2.npz,246-373,NINE,-,FN
continuous_0292_S5_strategy2.npz,0-187,TOMORROW,TOMORROW,TP
continuous_0292_S5_strategy2.npz,187-565,AUGUST,AUGUST,TP
continuous_0292_S5_strategy2.npz,565-754,NO,NO,TP
continuous_0292_S5_strategy2.npz,254-377,GIRL,-,FN
continuous_0292_S5_strategy2.npz,377-502,EIGHT,-,FN
continuous_0292_S5_strategy2.npz,502-624,SUGAR,-,FN
continuous_0293_S5_strategy2.npz,0-195,YES,YES,TP
continuous_0293_S5_strategy2.npz,195-294,FEBRUARY,FEBRUARY,TP
continuous_0293_S5_strategy2.npz,294-490,THURSDAY,THURSDAY,TP
continuous_0293_S5_strategy2.npz,490-588,BROWN,BROWN,TP
continuous_0293_S5_strategy2.npz,588-784,NO SUGAR,NO SUGAR,TP
continuous_0293_S5_strategy2.npz,784-883,-,GIRL,FP
continuous_0293_S5_strategy2.npz,634-761,SEVEN,-,FN
continuous_0293_S5_strategy2.npz,761-881,DEAF,-,FN
continuous_0294_S5_strategy2.npz,0-147,-,SPAGHETTI,FP
continuous_0294_S5_strategy2.npz,147-297,-,MARRIED,FP
continuous_0294_S5_strategy2.npz,297-594,DAUGHTER,DAUGHTER,TP
continuous_0294_S5_strategy2.npz,594-742,SEPTEMBER,SEPTEMBER,TP
continuous_0294_S5_strategy2.npz,742-891,GRAY,GRAY,TP
continuous_0294_S5_strategy2.npz,0-124,IM FINE,-,FN
continuous_0294_S5_strategy2.npz,124-252,SPAGHETTI,-,FN
continuous_0294_S5_strategy2.npz,252-380,FRIDAY,-,FN
continuous_0294_S5_strategy2.npz,380-505,MARRIED,-,FN
continuous_0295_S5_strategy2.npz,0-195,-,TODAY,FP
continuous_0295_S5_strategy2.npz,195-393,-,WEDNESDAY,FP
continuous_0295_S5_strategy2.npz,393-588,-,SIX,FP
continuous_0295_S5_strategy2.npz,588-786,THANK YOU,THANK YOU,TP
continuous_0295_S5_strategy2.npz,0-127,NO SUGAR,-,FN
continuous_0295_S5_strategy2.npz,127-251,WEELCHAIR PERSON,-,FN
continuous_0295_S5_strategy2.npz,251-378,TODAY,-,FN
continuous_0295_S5_strategy2.npz,378-506,SIX,-,FN
continuous_0295_S5_strategy2.npz,654-783,KNOW,-,FN
continuous_0296_S5_strategy2.npz,0-222,RICE,RICE,TP
continuous_0296_S5_strategy2.npz,222-444,DEAF,DEAF,TP
continuous_0296_S5_strategy2.npz,444-888,-,TUESDAY,FP
continuous_0296_S5_strategy2.npz,121-249,TEN,-,FN
continuous_0296_S5_strategy2.npz,376-503,YES,-,FN
continuous_0296_S5_strategy2.npz,503-630,TUESDAY,-,FN
continuous_0296_S5_strategy2.npz,630-757,MAY,-,FN
continuous_0296_S5_strategy2.npz,757-885,WHITE,-,FN
continuous_0297_S5_strategy2.npz,0-178,MARCH,MARCH,TP
continuous_0297_S5_strategy2.npz,178-357,COUSIN,COUSIN,TP
continuous_0297_S5_strategy2.npz,357-537,COFFEE,COFFEE,TP
continuous_0297_S5_strategy2.npz,537-715,SLOW,SLOW,TP
continuous_0297_S5_strategy2.npz,715-894,BLUE,BLUE,TP
continuous_0297_S5_strategy2.npz,383-510,EIGHT,-,FN
continuous_0297_S5_strategy2.npz,763-891,FRIDAY,-,FN
continuous_0298_S5_strategy2.npz,0-126,MARRIED,MARRIED,TP
continuous_0298_S5_strategy2.npz,126-382,-,JANUARY,FP
continuous_0298_S5_strategy2.npz,382-510,-,UNCLE,FP
continuous_0298_S5_strategy2.npz,510-637,-,CRAB,FP
continuous_0298_S5_strategy2.npz,637-765,THURSDAY,THURSDAY,TP
continuous_0298_S5_strategy2.npz,765-894,UNDERSTAND,UNDERSTAND,TP
continuous_0298_S5_strategy2.npz,128-255,JANUARY,-,FN
continuous_0298_S5_strategy2.npz,255-383,UNCLE,-,FN
continuous_0298_S5_strategy2.npz,383-509,CRAB,-,FN
continuous_0298_S5_strategy2.npz,509-636,NINE,-,FN
continuous_0299_S5_strategy2.npz,0-156,DARK,DARK,TP
continuous_0299_S5_strategy2.npz,156-312,MILK,MILK,TP
continuous_0299_S5_strategy2.npz,312-468,BREAD,BREAD,TP
continuous_0299_S5_strategy2.npz,468-624,GRANDFATHER,GRANDFATHER,TP
continuous_0299_S5_strategy2.npz,624-781,-,GOOD EVENING,FP
continuous_0299_S5_strategy2.npz,500-628,MONDAY,-,FN
continuous_0299_S5_strategy2.npz,628-780,GOOD EVENING,-,FN
continuous_0300_S5_strategy2.npz,0-129,HOW ARE YOU,HOW ARE YOU,TP
continuous_0300_S5_strategy2.npz,129-258,FAST,FAST,TP
continuous_0300_S5_strategy2.npz,258-387,COLD,COLD,TP
continuous_0300_S5_strategy2.npz,387-516,UNCLE,UNCLE,TP
continuous_0300_S5_strategy2.npz,516-645,MARRIED,MARRIED,TP
continuous_0300_S5_strategy2.npz,645-774,SUNDAY,SUNDAY,TP
continuous_0301_S5_strategy2.npz,0-447,LONGANISA,LONGANISA,TP
continuous_0301_S5_strategy2.npz,447-897,SLOW,SLOW,TP
continuous_0301_S5_strategy2.npz,0-127,GRANDMOTHER,-,FN
continuous_0301_S5_strategy2.npz,127-254,WHITE,-,FN
continuous_0301_S5_strategy2.npz,382-514,JUNE,-,FN
continuous_0301_S5_strategy2.npz,641-767,WEELCHAIR PERSON,-,FN
continuous_0301_S5_strategy2.npz,767-894,SIX,-,FN
continuous_0302_S5_strategy2.npz,0-195,DON’T KNOW,DON’T KNOW,TP
continuous_0302_S5_strategy2.npz,195-391,FISH,FISH,TP
continuous_0302_S5_strategy2.npz,391-588,SEPTEMBER,SEPTEMBER,TP
continuous_0302_S5_strategy2.npz,588-783,ORANGE,ORANGE,TP
continuous_0302_S5_strategy2.npz,0-125,FOUR,-,FN
continuous_0302_S5_strategy2.npz,524-654,GOOD AFTERNOON,-,FN
continuous_0303_S5_strategy2.npz,0-153,COFFEE,COFFEE,TP
continuous_0303_S5_strategy2.npz,153-309,YOURE WELCOME,YOURE WELCOME,TP
continuous_0303_S5_strategy2.npz,309-463,-,AUGUST,FP
continuous_0303_S5_strategy2.npz,463-618,FEBRUARY,FEBRUARY,TP
continuous_0303_S5_strategy2.npz,618-774,SATURDAY,SATURDAY,TP
continuous_0303_S5_strategy2.npz,774-928,CHICKEN,CHICKEN,TP
continuous_0303_S5_strategy2.npz,292-419,BOY,-,FN
continuous_0303_S5_strategy2.npz,802-925,RED,-,FN
continuous_0304_S5_strategy2.npz,0-306,FISH,FISH,TP
continuous_0304_S5_strategy2.npz,306-459,-,GREEN,FP
continuous_0304_S5_strategy2.npz,459-612,SON,SON,TP
continuous_0304_S5_strategy2.npz,612-765,-,SUNDAY,FP
continuous_0304_S5_strategy2.npz,0-127,MAN,-,FN
continuous_0304_S5_strategy2.npz,254-381,YELLOW,-,FN
continuous_0304_S5_strategy2.npz,507-634,MILK,-,FN
continuous_0304_S5_strategy2.npz,634-762,SUNDAY,-,FN
continuous_0305_S5_strategy2.npz,0-222,-,AUGUST,FP
continuous_0305_S5_strategy2.npz,222-447,-,ONE,FP
continuous_0305_S5_strategy2.npz,447-670,DAUGHTER,DAUGHTER,TP
continuous_0305_S5_strategy2.npz,670-894,WRONG,WRONG,TP
continuous_0305_S5_strategy2.npz,0-127,WEELCHAIR PERSON,-,FN
continuous_0305_S5_strategy2.npz,127-254,CHICKEN,-,FN
continuous_0305_S5_strategy2.npz,254-381,AUGUST,-,FN
continuous_0305_S5_strategy2.npz,381-508,ONE,-,FN
continuous_0305_S5_strategy2.npz,763-890,MONDAY,-,FN
continuous_0306_S5_strategy2.npz,0-192,SPAGHETTI,SPAGHETTI,TP
continuous_0306_S5_strategy2.npz,192-384,TEA,TEA,TP
continuous_0306_S5_strategy2.npz,384-576,NO,NO,TP
continuous_0306_S5_strategy2.npz,576-768,JANUARY,JANUARY,TP
continuous_0306_S5_strategy2.npz,0-128,FOUR,-,FN
continuous_0306_S5_strategy2.npz,382-509,TODAY,-,FN
continuous_0307_S5_strategy2.npz,0-177,DEAF BLIND,DEAF BLIND,TP
continuous_0307_S5_strategy2.npz,177-355,BLUE,BLUE,TP
continuous_0307_S5_strategy2.npz,355-534,CRAB,CRAB,TP
continuous_0307_S5_strategy2.npz,534-712,SEE YOU TOMORROW,SEE YOU TOMORROW,TP
continuous_0307_S5_strategy2.npz,712-891,HOT,HOT,TP
continuous_0307_S5_strategy2.npz,127-244,YES,-,FN
continuous_0307_S5_strategy2.npz,634-761,YESTERDAY,-,FN
continuous_0308_S5_strategy2.npz,0-189,-,HELLO,FP
continuous_0308_S5_strategy2.npz,189-378,HOT,HOT,TP
continuous_0308_S5_strategy2.npz,378-567,-,OCTOBER,FP
continuous_0308_S5_strategy2.npz,567-756,DAUGHTER,DAUGHTER,TP
continuous_0308_S5_strategy2.npz,0-127,CHICKEN,-,FN
continuous_0308_S5_strategy2.npz,127-254,KNOW,-,FN
continuous_0308_S5_strategy2.npz,372-500,OCTOBER,-,FN
continuous_0308_S5_strategy2.npz,500-628,YESTERDAY,-,FN
continuous_0309_S5_strategy2.npz,190-382,BEER,BEER,TP
continuous_0309_S5_strategy2.npz,382-574,SATURDAY,SATURDAY,TP
continuous_0309_S5_strategy2.npz,574-766,BLIND,BLIND,TP
continuous_0309_S5_strategy2.npz,0-127,GOOD EVENING,-,FN
continuous_0309_S5_strategy2.npz,127-255,DON’T UNDERSTAND,-,FN
continuous_0309_S5_strategy2.npz,511-637,MOTHER,-,FN
continuous_0310_S5_strategy2.npz,0-154,ONE,ONE,TP
continuous_0310_S5_strategy2.npz,154-309,EGG,EGG,TP
continuous_0310_S5_strategy2.npz,309-465,-,LONGANISA,FP
continuous_0310_S5_strategy2.npz,465-621,HELLO,HELLO,TP
continuous_0310_S5_strategy2.npz,621-777,FRIDAY,FRIDAY,TP
continuous_0310_S5_strategy2.npz,255-383,COLD,-,FN
continuous_0310_S5_strategy2.npz,383-510,WHITE,-,FN
continuous_0311_S5_strategy2.npz,0-216,TEA,TEA,TP
continuous_0311_S5_strategy2.npz,216-324,GOOD MORNING,GOOD MORNING,TP
continuous_0311_S5_strategy2.npz,324-432,RICE,RICE,TP
continuous_0311_S5_strategy2.npz,432-756,-,DON’T UNDERSTAND,FP
continuous_0311_S5_strategy2.npz,380-509,DON’T UNDERSTAND,-,FN
continuous_0311_S5_strategy2.npz,509-633,NINE,-,FN
continuous_0311_S5_strategy2.npz,633-754,MAN,-,FN
continuous_0312_S5_strategy2.npz,0-297,LIGHT,LIGHT,TP
continuous_0312_S5_strategy2.npz,297-595,GRANDFATHER,GRANDFATHER,TP
continuous_0312_S5_strategy2.npz,595-894,SATURDAY,SATURDAY,TP
continuous_0312_S5_strategy2.npz,126-254,YOURE WELCOME,-,FN
continuous_0312_S5_strategy2.npz,254-381,WEELCHAIR PERSON,-,FN
continuous_0312_S5_strategy2.npz,636-763,WINE,-,FN
continuous_0312_S5_strategy2.npz,763-891,TEN,-,FN
continuous_0313_S5_strategy2.npz,0-105,MILK,MILK,TP
continuous_0313_S5_strategy2.npz,105-213,GRAY,GRAY,TP
continuous_0313_S5_strategy2.npz,213-318,-,NICE TO MEET YOU,FP
continuous_0313_S5_strategy2.npz,318-426,SLOW,SLOW,TP
continuous_0313_S5_strategy2.npz,426-531,NOVEMBER,NOVEMBER,TP
continuous_0313_S5_strategy2.npz,531-639,PARENTS,PARENTS,TP
continuous_0313_S5_strategy2.npz,639-745,IM FINE,IM FINE,TP
continuous_0314_S5_strategy2.npz,0-222,MEAT,MEAT,TP
continuous_0314_S5_strategy2.npz,222-669,-,RED,FP
continuous_0314_S5_strategy2.npz,669-891,DON’T KNOW,DON’T KNOW,TP
continuous_0314_S5_strategy2.npz,0-128,MONDAY,-,FN
continuous_0314_S5_strategy2.npz,259-386,TEN,-,FN
continuous_0314_S5_strategy2.npz,386-514,GIRL,-,FN
continuous_0314_S5_strategy2.npz,514-633,JANUARY,-,FN
continuous_0314_S5_strategy2.npz,633-761,RED,-,FN
continuous_0315_S5_strategy2.npz,0-126,SUNDAY,SUNDAY,TP
continuous_0315_S5_strategy2.npz,126-379,-,GOOD AFTERNOON,FP
continuous_0315_S5_strategy2.npz,379-506,MILK,MILK,TP
continuous_0315_S5_strategy2.npz,506-633,THREE,THREE,TP
continuous_0315_S5_strategy2.npz,633-760,-,AUGUST,FP
continuous_0315_S5_strategy2.npz,126-252,GOOD EVENING,-,FN
continuous_0315_S5_strategy2.npz,252-376,UNDERSTAND,-,FN
continuous_0315_S5_strategy2.npz,631-758,AUGUST,-,FN
continuous_0316_S5_strategy2.npz,0-180,FRIDAY,FRIDAY,TP
continuous_0316_S5_strategy2.npz,180-361,NO SUGAR,NO SUGAR,TP
continuous_0316_S5_strategy2.npz,361-543,MARRIED,MARRIED,TP
continuous_0316_S5_strategy2.npz,543-724,VIOLET,VIOLET,TP
continuous_0316_S5_strategy2.npz,724-906,THREE,THREE,TP
continuous_0316_S5_strategy2.npz,253-380,FATHER,-,FN
continuous_0316_S5_strategy2.npz,763-903,GOOD AFTERNOON,-,FN
continuous_0317_S5_strategy2.npz,0-121,-,WEDNESDAY,FP
continuous_0317_S5_strategy2.npz,121-243,FATHER,FATHER,TP
continuous_0317_S5_strategy2.npz,243-366,HARD OF HEARING,HARD OF HEARING,TP
continuous_0317_S5_strategy2.npz,366-487,NO SUGAR,NO SUGAR,TP
continuous_0317_S5_strategy2.npz,487-609,MEAT,MEAT,TP
continuous_0317_S5_strategy2.npz,609-732,DON’T KNOW,DON’T KNOW,TP
continuous_0317_S5_strategy2.npz,0-125,SEVEN,-,FN
continuous_0318_S5_strategy2.npz,0-178,-,WOMAN,FP
continuous_0318_S5_strategy2.npz,178-357,WEDNESDAY,WEDNESDAY,TP
continuous_0318_S5_strategy2.npz,357-537,-,NO,FP
continuous_0318_S5_strategy2.npz,537-715,DARK,DARK,TP
continuous_0318_S5_strategy2.npz,715-895,CRAB,CRAB,TP
continuous_0318_S5_strategy2.npz,0-127,MOTHER,-,FN
continuous_0318_S5_strategy2.npz,127-254,WOMAN,-,FN
continuous_0318_S5_strategy2.npz,379-506,FIVE,-,FN
continuous_0318_S5_strategy2.npz,506-635,NO,-,FN
continuous_0319_S5_strategy2.npz,0-223,-,EGG,FP
continuous_0319_S5_strategy2.npz,223-447,DARK,DARK,TP
continuous_0319_S5_strategy2.npz,447-672,-,THURSDAY,FP
continuous_0319_S5_strategy2.npz,672-895,-,UNDERSTAND,FP
continuous_0319_S5_strategy2.npz,0-125,EGG,-,FN
continuous_0319_S5_strategy2.npz,253-381,THURSDAY,-,FN
continuous_0319_S5_strategy2.npz,381-510,UNDERSTAND,-,FN
continuous_0319_S5_strategy2.npz,510-637,AUNTIE,-,FN
continuous_0319_S5_strategy2.npz,637-764,WEELCHAIR PERSON,-,FN
continuous_0319_S5_strategy2.npz,764-892,OCTOBER,-,FN
continuous_0320_S5_strategy2.npz,0-111,ORANGE,ORANGE,TP
continuous_0320_S5_strategy2.npz,111-336,HELLO,HELLO,TP
continuous_0320_S5_strategy2.npz,336-448,GRANDFATHER,GRANDFATHER,TP
continuous_0320_S5_strategy2.npz,448-561,SLOW,SLOW,TP
continuous_0320_S5_strategy2.npz,561-672,CHICKEN,CHICKEN,TP
continuous_0320_S5_strategy2.npz,672-784,BLIND,BLIND,TP
continuous_0320_S5_strategy2.npz,784-897,APRIL,APRIL,TP
continuous_0321_S5_strategy2.npz,0-189,PARENTS,PARENTS,TP
continuous_0321_S5_strategy2.npz,189-378,IM FINE,IM FINE,TP
continuous_0321_S5_strategy2.npz,378-568,-,DEAF,FP
continuous_0321_S5_strategy2.npz,568-759,BREAD,BREAD,TP
continuous_0321_S5_strategy2.npz,249-376,DEAF,-,FN
continuous_0321_S5_strategy2.npz,376-504,BLACK,-,FN
continuous_0321_S5_strategy2.npz,629-756,NOVEMBER,-,FN
continuous_0322_S5_strategy2.npz,253-381,-,MAY,FP
continuous_0322_S5_strategy2.npz,381-634,FEBRUARY,FEBRUARY,TP
continuous_0322_S5_strategy2.npz,634-762,ORANGE,ORANGE,TP
continuous_0322_S5_strategy2.npz,762-888,DECEMBER,DECEMBER,TP
continuous_0322_S5_strategy2.npz,0-127,APRIL,-,FN
continuous_0322_S5_strategy2.npz,127-254,MAY,-,FN
continuous_0322_S5_strategy2.npz,254-382,JUNE,-,FN
continuous_0322_S5_strategy2.npz,509-636,JUNE,-,FN
continuous_0323_S5_strategy2.npz,0-177,BLUE,BLUE,TP
continuous_0323_S5_strategy2.npz,177-532,-,GOOD AFTERNOON,FP
continuous_0323_S5_strategy2.npz,532-888,BROWN,BROWN,TP
continuous_0323_S5_strategy2.npz,127-253,GOOD EVENING,-,FN
continuous_0323_S5_strategy2.npz,253-381,PINK,-,FN
continuous_0323_S5_strategy2.npz,381-510,BLIND,-,FN
continuous_0323_S5_strategy2.npz,638-765,APRIL,-,FN
continuous_0323_S5_strategy2.npz,765-885,WHITE,-,FN
continuous_0324_S5_strategy2.npz,0-291,GOOD MORNING,GOOD MORNING,TP
continuous_0324_S5_strategy2.npz,291-583,DAUGHTER,DAUGHTER,TP
continuous_0324_S5_strategy2.npz,583-876,DARK,DARK,TP
continuous_0324_S5_strategy2.npz,0-120,MAY,-,FN
continuous_0324_S5_strategy2.npz,374-500,FATHER,-,FN
continuous_0324_S5_strategy2.npz,620-747,RED,-,FN
continuous_0324_S5_strategy2.npz,747-874,AUNTIE,-,FN
continuous_0325_S5_strategy2.npz,0-126,-,DECEMBER,FP
continuous_0325_S5_strategy2.npz,126-253,-,GRANDFATHER,FP
continuous_0325_S5_strategy2.npz,253-381,-,MARRIED,FP
continuous_0325_S5_strategy2.npz,381-507,-,THANK YOU,FP
continuous_0325_S5_strategy2.npz,507-762,HOW ARE YOU,HOW ARE YOU,TP
continuous_0325_S5_strategy2.npz,762-889,BLACK,BLACK,TP
continuous_0325_S5_strategy2.npz,0-118,WHITE,-,FN
continuous_0325_S5_strategy2.npz,118-248,DECEMBER,-,FN
continuous_0325_S5_strategy2.npz,248-371,GRANDFATHER,-,FN
continuous_0325_S5_strategy2.npz,371-499,MARRIED,-,FN
continuous_0325_S5_strategy2.npz,499-618,THANK YOU,-,FN
continuous_0326_S5_strategy2.npz,0-222,NOVEMBER,NOVEMBER,TP
continuous_0326_S5_strategy2.npz,222-447,BROWN,BROWN,TP
continuous_0326_S5_strategy2.npz,447-670,-,FEBRUARY,FP
continuous_0326_S5_strategy2.npz,670-894,GREEN,GREEN,TP
continuous_0326_S5_strategy2.npz,127-254,MAN,-,FN
continuous_0326_S5_strategy2.npz,254-383,JULY,-,FN
continuous_0326_S5_strategy2.npz,511-636,YELLOW,-,FN
continuous_0326_S5_strategy2.npz,636-763,FEBRUARY,-,FN
continuous_0327_S5_strategy2.npz,0-150,-,THANK YOU,FP
continuous_0327_S5_strategy2.npz,150-300,-,LIGHT,FP
continuous_0327_S5_strategy2.npz,300-450,BLUE,BLUE,TP
continuous_0327_S5_strategy2.npz,450-600,GOOD AFTERNOON,GOOD AFTERNOON,TP
continuous_0327_S5_strategy2.npz,600-750,GREEN,GREEN,TP
continuous_0327_S5_strategy2.npz,750-900,APRIL,APRIL,TP
continuous_0327_S5_strategy2.npz,0-127,GIRL,-,FN
continuous_0327_S5_strategy2.npz,127-262,THANK YOU,-,FN
continuous_0327_S5_strategy2.npz,262-389,LIGHT,-,FN
continuous_0328_S5_strategy2.npz,0-177,-,MAY,FP
continuous_0328_S5_strategy2.npz,177-354,GOOD EVENING,GOOD EVENING,TP
continuous_0328_S5_strategy2.npz,354-531,THANK YOU,THANK YOU,TP
continuous_0328_S5_strategy2.npz,531-708,BLACK,BLACK,TP
continuous_0328_S5_strategy2.npz,708-886,-,DEAF,FP
continuous_0328_S5_strategy2.npz,0-126,HARD OF HEARING,-,FN
continuous_0328_S5_strategy2.npz,126-253,MAY,-,FN
continuous_0328_S5_strategy2.npz,638-766,FATHER,-,FN
continuous_0328_S5_strategy2.npz,766-884,DEAF BLIND,-,FN
continuous_0329_S5_strategy2.npz,0-126,GREEN,GREEN,TP
continuous_0329_S5_strategy2.npz,126-255,DARK,DARK,TP
continuous_0329_S5_strategy2.npz,255-381,FEBRUARY,FEBRUARY,TP
continuous_0329_S5_strategy2.npz,381-510,GRAY,GRAY,TP
continuous_0329_S5_strategy2.npz,510-636,-,GREEN,FP
continuous_0329_S5_strategy2.npz,636-765,BLUE,BLUE,TP
continuous_0329_S5_strategy2.npz,765-892,VIOLET,VIOLET,TP
continuous_0329_S5_strategy2.npz,509-636,YELLOW,-,FN
continuous_0330_S5_strategy2.npz,0-126,VIOLET,VIOLET,TP
continuous_0330_S5_strategy2.npz,126-252,NOVEMBER,NOVEMBER,TP
continuous_0330_S5_strategy2.npz,252-379,GRAY,GRAY,TP
continuous_0330_S5_strategy2.npz,379-506,PINK,PINK,TP
continuous_0330_S5_strategy2.npz,506-633,-,DEAF BLIND,FP
continuous_0330_S5_strategy2.npz,633-760,DARK,DARK,TP
continuous_0330_S5_strategy2.npz,760-888,AUGUST,AUGUST,TP
continuous_0330_S5_strategy2.npz,510-636,YELLOW,-,FN
continuous_0331_S5_strategy2.npz,147-297,DECEMBER,DECEMBER,TP
continuous_0331_S5_strategy2.npz,297-445,ORANGE,ORANGE,TP
continuous_0331_S5_strategy2.npz,445-594,COUSIN,COUSIN,TP
continuous_0331_S5_strategy2.npz,594-744,GOOD MORNING,GOOD MORNING,TP
continuous_0331_S5_strategy2.npz,744-892,OCTOBER,OCTOBER,TP
continuous_0331_S5_strategy2.npz,0-127,NOVEMBER,-,FN
continuous_0331_S5_strategy2.npz,504-633,GIRL,-,FN
continuous_0332_S5_strategy2.npz,0-126,MARCH,MARCH,TP
continuous_0332_S5_strategy2.npz,126-253,BLACK,BLACK,TP
continuous_0332_S5_strategy2.npz,253-381,MARCH,MARCH,TP
continuous_0332_S5_strategy2.npz,381-507,LIGHT,LIGHT,TP
continuous_0332_S5_strategy2.npz,507-634,WOMAN,WOMAN,TP
continuous_0332_S5_strategy2.npz,634-762,NICE TO MEET YOU,NICE TO MEET YOU,TP
continuous_0332_S5_strategy2.npz,762-889,GREEN,GREEN,TP
continuous_0333_S5_strategy2.npz,0-232,SEE YOU TOMORROW,SEE YOU TOMORROW,TP
continuous_0333_S5_strategy2.npz,232-466,-,GOOD AFTERNOON,FP
continuous_0333_S5_strategy2.npz,466-700,FATHER,FATHER,TP
continuous_0333_S5_strategy2.npz,700-934,NICE TO MEET YOU,NICE TO MEET YOU,TP
continuous_0333_S5_strategy2.npz,0-127,MOTHER,-,FN
continuous_0333_S5_strategy2.npz,296-423,WHITE,-,FN
continuous_0333_S5_strategy2.npz,423-550,GOOD AFTERNOON,-,FN
continuous_0333_S5_strategy2.npz,671-798,MAN,-,FN
continuous_0334_S5_strategy2.npz,0-255,VIOLET,VIOLET,TP
continuous_0334_S5_strategy2.npz,0-127,BOY,-,FN
continuous_0335_S5_strategy2.npz,0-129,BROWN,BROWN,TP
continuous_0336_S5_strategy2.npz,0-127,YELLOW,YELLOW,TP
continuous_0337_S6_strategy2.npz,0-252,GRANDMOTHER,GRANDMOTHER,TP
continuous_0337_S6_strategy2.npz,252-631,COLD,COLD,TP
continuous_0337_S6_strategy2.npz,631-757,-,DON’T UNDERSTAND,FP
continuous_0337_S6_strategy2.npz,757-885,IM FINE,IM FINE,TP
continuous_0337_S6_strategy2.npz,0-126,WEELCHAIR PERSON,-,FN
continuous_0337_S6_strategy2.npz,254-371,SEPTEMBER,-,FN
continuous_0337_S6_strategy2.npz,499-622,FIVE,-,FN
continuous_0337_S6_strategy2.npz,622-763,DON’T UNDERSTAND,-,FN
continuous_0338_S6_strategy2.npz,0-175,MEAT,MEAT,TP
continuous_0338_S6_strategy2.npz,175-351,YES,YES,TP
continuous_0338_S6_strategy2.npz,351-528,THANK YOU,THANK YOU,TP
continuous_0338_S6_strategy2.npz,528-703,SUNDAY,SUNDAY,TP
continuous_0338_S6_strategy2.npz,703-879,NOVEMBER,NOVEMBER,TP
continuous_0338_S6_strategy2.npz,376-497,HARD OF HEARING,-,FN
continuous_0338_S6_strategy2.npz,497-625,WINE,-,FN
continuous_0339_S6_strategy2.npz,0-258,MARRIED,MARRIED,TP
continuous_0339_S6_strategy2.npz,258-387,SPAGHETTI,SPAGHETTI,TP
continuous_0339_S6_strategy2.npz,387-516,-,THREE,FP
continuous_0339_S6_strategy2.npz,516-774,FEBRUARY,FEBRUARY,TP
continuous_0339_S6_strategy2.npz,774-903,-,AUNTIE,FP
continuous_0339_S6_strategy2.npz,127-255,HOT,-,FN
continuous_0339_S6_strategy2.npz,383-510,LIGHT,-,FN
continuous_0339_S6_strategy2.npz,510-643,THREE,-,FN
continuous_0339_S6_strategy2.npz,771-899,AUNTIE,-,FN
continuous_0340_S6_strategy2.npz,0-126,EGG,EGG,TP
continuous_0340_S6_strategy2.npz,126-379,COUSIN,COUSIN,TP
continuous_0340_S6_strategy2.npz,379-505,BROWN,BROWN,TP
continuous_0340_S6_strategy2.npz,505-633,HOW ARE YOU,HOW ARE YOU,TP
continuous_0340_S6_strategy2.npz,633-759,COFFEE,COFFEE,TP
continuous_0340_S6_strategy2.npz,248-370,FAST,-,FN
continuous_0341_S6_strategy2.npz,0-147,CRAB,CRAB,TP
continuous_0341_S6_strategy2.npz,147-294,-,DON’T KNOW,FP
continuous_0341_S6_strategy2.npz,294-591,-,JANUARY,FP
continuous_0341_S6_strategy2.npz,591-738,GIRL,GIRL,TP
continuous_0341_S6_strategy2.npz,738-886,TODAY,TODAY,TP
continuous_0341_S6_strategy2.npz,127-253,SON,-,FN
continuous_0341_S6_strategy2.npz,253-373,NO SUGAR,-,FN
continuous_0341_S6_strategy2.npz,373-509,DON’T KNOW,-,FN
continuous_0341_S6_strategy2.npz,509-637,APRIL,-,FN
continuous_0342_S6_strategy2.npz,0-153,GRANDFATHER,GRANDFATHER,TP
continuous_0342_S6_strategy2.npz,153-306,JUICE,JUICE,TP
continuous_0342_S6_strategy2.npz,306-459,UNDERSTAND,UNDERSTAND,TP
continuous_0342_S6_strategy2.npz,459-612,BLUE,BLUE,TP
continuous_0342_S6_strategy2.npz,612-766,LONGANISA,LONGANISA,TP
continuous_0342_S6_strategy2.npz,646-774,JANUARY,-,FN
continuous_0343_S6_strategy2.npz,0-309,BLACK,BLACK,TP
continuous_0343_S6_strategy2.npz,309-618,-,COFFEE,FP
continuous_0343_S6_strategy2.npz,618-772,SEPTEMBER,SEPTEMBER,TP
continuous_0343_S6_strategy2.npz,127-254,COFFEE,-,FN
continuous_0343_S6_strategy2.npz,254-395,SIX,-,FN
continuous_0343_S6_strategy2.npz,395-538,HOW ARE YOU,-,FN
continuous_0343_S6_strategy2.npz,664-779,SON,-,FN
continuous_0344_S6_strategy2.npz,0-147,-,GOOD EVENING,FP
continuous_0344_S6_strategy2.npz,147-294,RICE,RICE,TP
continuous_0344_S6_strategy2.npz,294-441,TEA,TEA,TP
continuous_0344_S6_strategy2.npz,441-588,PARENTS,PARENTS,TP
continuous_0344_S6_strategy2.npz,588-735,PINK,PINK,TP
continuous_0344_S6_strategy2.npz,735-883,-,MARCH,FP
continuous_0344_S6_strategy2.npz,0-126,GOOD AFTERNOON,-,FN
continuous_0344_S6_strategy2.npz,507-644,DON’T UNDERSTAND,-,FN
continuous_0344_S6_strategy2.npz,771-890,MARCH,-,FN
continuous_0345_S6_strategy2.npz,0-150,COUSIN,COUSIN,TP
continuous_0345_S6_strategy2.npz,150-300,LIGHT,LIGHT,TP
continuous_0345_S6_strategy2.npz,300-450,DON’T UNDERSTAND,DON’T UNDERSTAND,TP
continuous_0345_S6_strategy2.npz,450-600,TEA,TEA,TP
continuous_0345_S6_strategy2.npz,600-751,RICE,RICE,TP
continuous_0345_S6_strategy2.npz,630-750,TOMORROW,-,FN
continuous_0346_S6_strategy2.npz,0-94,SPAGHETTI,SPAGHETTI,TP
continuous_0346_S6_strategy2.npz,94-190,GRANDMOTHER,GRANDMOTHER,TP
continuous_0346_S6_strategy2.npz,190-285,-,DEAF BLIND,FP
continuous_0346_S6_strategy2.npz,285-477,PINK,PINK,TP
continuous_0346_S6_strategy2.npz,477-573,DEAF,DEAF,TP
continuous_0346_S6_strategy2.npz,573-667,-,GIRL,FP
continuous_0346_S6_strategy2.npz,667-763,HELLO,HELLO,TP
continuous_0346_S6_strategy2.npz,381-507,MONDAY,-,FN
continuous_0347_S6_strategy2.npz,0-192,SEE YOU TOMORROW,SEE YOU TOMORROW,TP
continuous_0347_S6_strategy2.npz,192-576,-,OCTOBER,FP
continuous_0347_S6_strategy2.npz,576-768,BLUE,BLUE,TP
continuous_0347_S6_strategy2.npz,145-272,MAN,-,FN
continuous_0347_S6_strategy2.npz,272-389,NOVEMBER,-,FN
continuous_0347_S6_strategy2.npz,389-527,DON’T UNDERSTAND,-,FN
continuous_0347_S6_strategy2.npz,654-785,EIGHT,-,FN
continuous_0348_S6_strategy2.npz,0-183,TEN,TEN,TP
continuous_0348_S6_strategy2.npz,183-366,CORRECT,CORRECT,TP
continuous_0348_S6_strategy2.npz,366-732,NICE TO MEET YOU,NICE TO MEET YOU,TP
continuous_0348_S6_strategy2.npz,732-916,SHRIMP,SHRIMP,TP
continuous_0348_S6_strategy2.npz,431-557,JUNE,-,FN
continuous_0348_S6_strategy2.npz,557-677,HARD OF HEARING,-,FN
continuous_0348_S6_strategy2.npz,677-804,HOT,-,FN
continuous_0349_S6_strategy2.npz,0-126,SUNDAY,SUNDAY,TP
continuous_0349_S6_strategy2.npz,126-252,SHRIMP,SHRIMP,TP
continuous_0349_S6_strategy2.npz,252-379,-,DEAF BLIND,FP
continuous_0349_S6_strategy2.npz,379-506,-,SEE YOU TOMORROW,FP
continuous_0349_S6_strategy2.npz,506-888,YES,YES,TP
continuous_0349_S6_strategy2.npz,255-381,FOUR,-,FN
continuous_0349_S6_strategy2.npz,381-510,DEAF BLIND,-,FN
continuous_0349_S6_strategy2.npz,644-766,WINE,-,FN
continuous_0349_S6_strategy2.npz,766-893,MOTHER,-,FN
continuous_0350_S6_strategy2.npz,223-448,DAUGHTER,DAUGHTER,TP
continuous_0350_S6_strategy2.npz,448-561,SEE YOU TOMORROW,SEE YOU TOMORROW,TP
continuous_0350_S6_strategy2.npz,561-673,GRAY,GRAY,TP
continuous_0350_S6_strategy2.npz,673-786,CHICKEN,CHICKEN,TP
continuous_0350_S6_strategy2.npz,0-126,WRONG,-,FN
continuous_0350_S6_strategy2.npz,126-253,TUESDAY,-,FN
continuous_0351_S6_strategy2.npz,0-106,LIGHT,LIGHT,TP
continuous_0351_S6_strategy2.npz,106-213,COFFEE,COFFEE,TP
continuous_0351_S6_strategy2.npz,213-321,COUSIN,COUSIN,TP
continuous_0351_S6_strategy2.npz,321-427,DON’T UNDERSTAND,DON’T UNDERSTAND,TP
continuous_0351_S6_strategy2.npz,427-748,TWO,TWO,TP
continuous_0351_S6_strategy2.npz,748-856,CHICKEN,CHICKEN,TP
continuous_0351_S6_strategy2.npz,621-737,MARCH,-,FN
continuous_0352_S6_strategy2.npz,0-148,BEER,BEER,TP
continuous_0352_S6_strategy2.npz,148-297,-,GRANDFATHER,FP
continuous_0352_S6_strategy2.npz,297-447,-,BREAD,FP
continuous_0352_S6_strategy2.npz,447-595,FOUR,FOUR,TP
continuous_0352_S6_strategy2.npz,595-894,SUNDAY,SUNDAY,TP
continuous_0352_S6_strategy2.npz,128-254,ORANGE,-,FN
continuous_0352_S6_strategy2.npz,254-382,GRANDFATHER,-,FN
continuous_0352_S6_strategy2.npz,382-509,BREAD,-,FN
continuous_0352_S6_strategy2.npz,771-898,JULY,-,FN
continuous_0353_S6_strategy2.npz,0-354,MEAT,MEAT,TP
continuous_0353_S6_strategy2.npz,354-532,GRAY,GRAY,TP
continuous_0353_S6_strategy2.npz,532-711,-,DEAF,FP
continuous_0353_S6_strategy2.npz,711-888,-,FAST,FP
continuous_0353_S6_strategy2.npz,123-252,TUESDAY,-,FN
continuous_0353_S6_strategy2.npz,379-506,DEAF,-,FN
continuous_0353_S6_strategy2.npz,506-640,FAST,-,FN
continuous_0353_S6_strategy2.npz,640-768,WINE,-,FN
continuous_0353_S6_strategy2.npz,768-894,JANUARY,-,FN
continuous_0354_S6_strategy2.npz,0-126,EGG,EGG,TP
continuous_0354_S6_strategy2.npz,126-253,KNOW,KNOW,TP
continuous_0354_S6_strategy2.npz,253-634,MILK,MILK,TP
continuous_0354_S6_strategy2.npz,634-762,-,THREE,FP
continuous_0354_S6_strategy2.npz,379-507,PARENTS,-,FN
continuous_0354_S6_strategy2.npz,507-633,THREE,-,FN
continuous_0354_S6_strategy2.npz,633-761,ORANGE,-,FN
continuous_0355_S6_strategy2.npz,0-217,THURSDAY,THURSDAY,TP
continuous_0355_S6_strategy2.npz,217-327,MARRIED,MARRIED,TP
continuous_0355_S6_strategy2.npz,327-436,-,BREAD,FP
continuous_0355_S6_strategy2.npz,436-546,-,SPAGHETTI,FP
continuous_0355_S6_strategy2.npz,546-655,-,GOOD EVENING,FP
continuous_0355_S6_strategy2.npz,655-765,-,NO SUGAR,FP
continuous_0355_S6_strategy2.npz,253-381,SPAGHETTI,-,FN
continuous_0355_S6_strategy2.npz,381-508,GOOD AFTERNOON,-,FN
continuous_0355_S6_strategy2.npz,508-635,NO SUGAR,-,FN
continuous_0355_S6_strategy2.npz,635-771,KNOW,-,FN
continuous_0356_S6_strategy2.npz,0-444,NO,NO,TP
continuous_0356_S6_strategy2.npz,444-555,THANK YOU,THANK YOU,TP
continuous_0356_S6_strategy2.npz,555-778,DARK,DARK,TP
continuous_0356_S6_strategy2.npz,778-891,BEER,BEER,TP
continuous_0356_S6_strategy2.npz,136-263,APRIL,-,FN
continuous_0356_S6_strategy2.npz,263-392,FRIDAY,-,FN
continuous_0356_S6_strategy2.npz,641-768,SIX,-,FN
continuous_0357_S6_strategy2.npz,0-129,SATURDAY,SATURDAY,TP
continuous_0357_S6_strategy2.npz,129-258,GOOD MORNING,GOOD MORNING,TP
continuous_0357_S6_strategy2.npz,258-387,BREAD,BREAD,TP
continuous_0357_S6_strategy2.npz,387-516,COLD,COLD,TP
continuous_0357_S6_strategy2.npz,516-645,BROWN,BROWN,TP
continuous_0357_S6_strategy2.npz,645-774,-,NINE,FP
continuous_0357_S6_strategy2.npz,774-903,DECEMBER,DECEMBER,TP
continuous_0357_S6_strategy2.npz,646-781,NINE,-,FN
continuous_0358_S6_strategy2.npz,0-111,SLOW,SLOW,TP
continuous_0358_S6_strategy2.npz,111-225,HARD OF HEARING,HARD OF HEARING,TP
continuous_0358_S6_strategy2.npz,225-450,TOMORROW,TOMORROW,TP
continuous_0358_S6_strategy2.npz,450-562,MILK,MILK,TP
continuous_0358_S6_strategy2.npz,562-675,NICE TO MEET YOU,NICE TO MEET YOU,TP
continuous_0358_S6_strategy2.npz,675-901,DARK,DARK,TP
continuous_0358_S6_strategy2.npz,795-908,SEPTEMBER,-,FN
continuous_0359_S6_strategy2.npz,0-126,CRAB,CRAB,TP
continuous_0359_S6_strategy2.npz,126-252,-,DECEMBER,FP
continuous_0359_S6_strategy2.npz,252-378,COUSIN,COUSIN,TP
continuous_0359_S6_strategy2.npz,378-630,SUGAR,SUGAR,TP
continuous_0359_S6_strategy2.npz,630-757,-,NO,FP
continuous_0359_S6_strategy2.npz,122-245,JULY,-,FN
continuous_0359_S6_strategy2.npz,500-637,SEVEN,-,FN
continuous_0359_S6_strategy2.npz,637-773,DON’T UNDERSTAND,-,FN
continuous_0360_S6_strategy2.npz,0-108,THANK YOU,THANK YOU,TP
continuous_0360_S6_strategy2.npz,108-216,NO,NO,TP
continuous_0360_S6_strategy2.npz,216-324,BROWN,BROWN,TP
continuous_0360_S6_strategy2.npz,324-541,-,FATHER,FP
continuous_0360_S6_strategy2.npz,541-649,-,SEE YOU TOMORROW,FP
continuous_0360_S6_strategy2.npz,649-759,-,FIVE,FP
continuous_0360_S6_strategy2.npz,391-518,FATHER,-,FN
continuous_0360_S6_strategy2.npz,518-632,WINE,-,FN
continuous_0360_S6_strategy2.npz,632-766,FIVE,-,FN
continuous_0361_S6_strategy2.npz,0-126,WRONG,WRONG,TP
continuous_0361_S6_strategy2.npz,126-252,SUNDAY,SUNDAY,TP
continuous_0361_S6_strategy2.npz,252-379,-,SIX,FP
continuous_0361_S6_strategy2.npz,379-505,GOOD AFTERNOON,GOOD AFTERNOON,TP
continuous_0361_S6_strategy2.npz,505-633,DAUGHTER,DAUGHTER,TP
continuous_0361_S6_strategy2.npz,633-759,DARK,DARK,TP
continuous_0361_S6_strategy2.npz,253-388,SEVEN,-,FN
continuous_0362_S6_strategy2.npz,0-169,-,TUESDAY,FP
continuous_0362_S6_strategy2.npz,169-340,TEA,TEA,TP
continuous_0362_S6_strategy2.npz,340-426,-,DEAF,FP
continuous_0362_S6_strategy2.npz,426-511,-,AUGUST,FP
continuous_0362_S6_strategy2.npz,511-681,-,FEBRUARY,FP
continuous_0362_S6_strategy2.npz,681-768,NO,NO,TP
continuous_0362_S6_strategy2.npz,0-127,TUESDAY,-,FN
continuous_0362_S6_strategy2.npz,254-390,FOUR,-,FN
continuous_0362_S6_strategy2.npz,390-517,DEAF,-,FN
continuous_0362_S6_strategy2.npz,517-644,FEBRUARY,-,FN
continuous_0363_S6_strategy2.npz,0-126,RED,RED,TP
continuous_0363_S6_strategy2.npz,126-382,-,PINK,FP
continuous_0363_S6_strategy2.npz,382-510,-,SLOW,FP
continuous_0363_S6_strategy2.npz,510-766,-,SHRIMP,FP
continuous_0363_S6_strategy2.npz,766-894,-,DEAF BLIND,FP
continuous_0363_S6_strategy2.npz,127-255,JUNE,-,FN
continuous_0363_S6_strategy2.npz,255-394,SLOW,-,FN
continuous_0363_S6_strategy2.npz,394-521,SHRIMP,-,FN
continuous_0363_S6_strategy2.npz,521-645,AUNTIE,-,FN
continuous_0363_S6_strategy2.npz,645-773,DEAF BLIND,-,FN
continuous_0363_S6_strategy2.npz,773-900,HOT,-,FN
continuous_0364_S6_strategy2.npz,0-189,PINK,PINK,TP
continuous_0364_S6_strategy2.npz,189-379,SHRIMP,SHRIMP,TP
continuous_0364_S6_strategy2.npz,379-570,-,DEAF,FP
continuous_0364_S6_strategy2.npz,570-760,-,TWO,FP
continuous_0364_S6_strategy2.npz,255-379,WINE,-,FN
continuous_0364_S6_strategy2.npz,379-507,MOTHER,-,FN
continuous_0364_S6_strategy2.npz,507-627,YESTERDAY,-,FN
continuous_0364_S6_strategy2.npz,627-767,THREE,-,FN
continuous_0365_S6_strategy2.npz,225-339,SLOW,SLOW,TP
continuous_0365_S6_strategy2.npz,339-451,DAUGHTER,DAUGHTER,TP
continuous_0365_S6_strategy2.npz,451-564,-,CHICKEN,FP
continuous_0365_S6_strategy2.npz,564-678,MARCH,MARCH,TP
continuous_0365_S6_strategy2.npz,678-790,COLD,COLD,TP
continuous_0365_S6_strategy2.npz,790-903,HOW ARE YOU,HOW ARE YOU,TP
continuous_0365_S6_strategy2.npz,0-135,FOUR,-,FN
continuous_0365_S6_strategy2.npz,395-522,CHICKEN,-,FN
continuous_0366_S6_strategy2.npz,0-388,HOT,HOT,TP
continuous_0366_S6_strategy2.npz,388-582,-,THREE,FP
continuous_0366_S6_strategy2.npz,582-777,-,VIOLET,FP
continuous_0366_S6_strategy2.npz,0-126,KNOW,-,FN
continuous_0366_S6_strategy2.npz,254-390,THREE,-,FN
continuous_0366_S6_strategy2.npz,390-518,VIOLET,-,FN
continuous_0366_S6_strategy2.npz,518-645,MAN,-,FN
continuous_0366_S6_strategy2.npz,645-784,HOW ARE YOU,-,FN
continuous_0367_S6_strategy2.npz,0-189,-,THURSDAY,FP
continuous_0367_S6_strategy2.npz,189-379,DECEMBER,DECEMBER,TP
continuous_0367_S6_strategy2.npz,379-570,LONGANISA,LONGANISA,TP
continuous_0367_S6_strategy2.npz,570-759,WRONG,WRONG,TP
continuous_0367_S6_strategy2.npz,0-127,HOT,-,FN
continuous_0367_S6_strategy2.npz,127-254,THURSDAY,-,FN
continuous_0367_S6_strategy2.npz,645-765,NICE TO MEET YOU,-,FN
continuous_0368_S6_strategy2.npz,0-126,-,SIX,FP
continuous_0368_S6_strategy2.npz,126-255,BREAD,BREAD,TP
continuous_0368_S6_strategy2.npz,255-381,-,DECEMBER,FP
continuous_0368_S6_strategy2.npz,381-510,-,MARRIED,FP
continuous_0368_S6_strategy2.npz,510-636,FATHER,FATHER,TP
continuous_0368_S6_strategy2.npz,636-765,TOMORROW,TOMORROW,TP
continuous_0368_S6_strategy2.npz,765-892,CORRECT,CORRECT,TP
continuous_0368_S6_strategy2.npz,0-133,SEVEN,-,FN
continuous_0368_S6_strategy2.npz,263-390,WEELCHAIR PERSON,-,FN
continuous_0368_S6_strategy2.npz,390-518,DECEMBER,-,FN
continuous_0369_S6_strategy2.npz,0-177,-,RICE,FP
continuous_0369_S6_strategy2.npz,177-354,-,DECEMBER,FP
continuous_0369_S6_strategy2.npz,354-532,-,WRONG,FP
continuous_0369_S6_strategy2.npz,532-711,BLACK,BLACK,TP
continuous_0369_S6_strategy2.npz,711-888,SATURDAY,SATURDAY,TP
continuous_0369_S6_strategy2.npz,0-127,BOY,-,FN
continuous_0369_S6_strategy2.npz,127-252,DAUGHTER,-,FN
continuous_0369_S6_strategy2.npz,252-379,RICE,-,FN
continuous_0369_S6_strategy2.npz,379-507,DECEMBER,-,FN
continuous_0369_S6_strategy2.npz,507-640,WRONG,-,FN
continuous_0370_S6_strategy2.npz,0-150,GOOD EVENING,GOOD EVENING,TP
continuous_0370_S6_strategy2.npz,150-300,UNCLE,UNCLE,TP
continuous_0370_S6_strategy2.npz,300-450,CRAB,CRAB,TP
continuous_0370_S6_strategy2.npz,450-600,DEAF BLIND,DEAF BLIND,TP
continuous_0370_S6_strategy2.npz,600-751,YES,YES,TP
continuous_0370_S6_strategy2.npz,623-750,BLACK,-,FN
continuous_0371_S6_strategy2.npz,0-153,-,MILK,FP
continuous_0371_S6_strategy2.npz,153-459,BOY,BOY,TP
continuous_0371_S6_strategy2.npz,459-612,TUESDAY,TUESDAY,TP
continuous_0371_S6_strategy2.npz,612-765,-,SEVEN,FP
continuous_0371_S6_strategy2.npz,0-127,MOTHER,-,FN
continuous_0371_S6_strategy2.npz,127-254,MILK,-,FN
continuous_0371_S6_strategy2.npz,382-509,JANUARY,-,FN
continuous_0371_S6_strategy2.npz,636-771,SEVEN,-,FN
continuous_0372_S6_strategy2.npz,0-127,WRONG,WRONG,TP
continuous_0372_S6_strategy2.npz,127-256,WHITE,WHITE,TP
continuous_0372_S6_strategy2.npz,256-513,DAUGHTER,DAUGHTER,TP
continuous_0372_S6_strategy2.npz,513-642,SEE YOU TOMORROW,SEE YOU TOMORROW,TP
continuous_0372_S6_strategy2.npz,642-771,SUNDAY,SUNDAY,TP
continuous_0372_S6_strategy2.npz,771-900,-,AUGUST,FP
continuous_0372_S6_strategy2.npz,389-516,WOMAN,-,FN
continuous_0372_S6_strategy2.npz,788-915,MAY,-,FN
continuous_0373_S6_strategy2.npz,0-156,HARD OF HEARING,HARD OF HEARING,TP
continuous_0373_S6_strategy2.npz,156-313,TWO,TWO,TP
continuous_0373_S6_strategy2.npz,313-471,CHICKEN,CHICKEN,TP
continuous_0373_S6_strategy2.npz,471-627,FAST,FAST,TP
continuous_0373_S6_strategy2.npz,627-786,SUGAR,SUGAR,TP
continuous_0373_S6_strategy2.npz,263-409,NICE TO MEET YOU,-,FN
continuous_0374_S6_strategy2.npz,0-126,UNCLE,UNCLE,TP
continuous_0374_S6_strategy2.npz,126-255,-,NO,FP
continuous_0374_S6_strategy2.npz,255-382,-,YES,FP
continuous_0374_S6_strategy2.npz,382-637,-,TOMORROW,FP
continuous_0374_S6_strategy2.npz,637-765,EGG,EGG,TP
continuous_0374_S6_strategy2.npz,765-894,BLUE,BLUE,TP
continuous_0374_S6_strategy2.npz,127-264,YES,-,FN
continuous_0374_S6_strategy2.npz,264-392,TOMORROW,-,FN
continuous_0374_S6_strategy2.npz,392-519,JUNE,-,FN
continuous_0374_S6_strategy2.npz,519-645,NINE,-,FN
continuous_0375_S6_strategy2.npz,0-253,SUGAR,SUGAR,TP
continuous_0375_S6_strategy2.npz,253-381,-,GOOD EVENING,FP
continuous_0375_S6_strategy2.npz,381-507,-,SEVEN,FP
continuous_0375_S6_strategy2.npz,507-634,-,COUSIN,FP
continuous_0375_S6_strategy2.npz,634-762,CORRECT,CORRECT,TP
continuous_0375_S6_strategy2.npz,127-254,GOOD EVENING,-,FN
continuous_0375_S6_strategy2.npz,254-387,SEVEN,-,FN
continuous_0375_S6_strategy2.npz,387-515,COUSIN,-,FN
continuous_0375_S6_strategy2.npz,650-777,MARRIED,-,FN
continuous_0376_S6_strategy2.npz,252-379,GREEN,GREEN,TP
continuous_0376_S6_strategy2.npz,379-505,JUICE,JUICE,TP
continuous_0376_S6_strategy2.npz,505-633,SATURDAY,SATURDAY,TP
continuous_0376_S6_strategy2.npz,633-759,CRAB,CRAB,TP
continuous_0376_S6_strategy2.npz,759-886,UNDERSTAND,UNDERSTAND,TP
continuous_0376_S6_strategy2.npz,0-125,GOOD AFTERNOON,-,FN
continuous_0376_S6_strategy2.npz,125-253,AUGUST,-,FN
continuous_0377_S6_strategy2.npz,0-255,-,NO,FP
continuous_0377_S6_strategy2.npz,255-511,TEA,TEA,TP
continuous_0377_S6_strategy2.npz,511-768,SPAGHETTI,SPAGHETTI,TP
continuous_0377_S6_strategy2.npz,0-126,SON,-,FN
continuous_0377_S6_strategy2.npz,126-247,WOMAN,-,FN
continuous_0377_S6_strategy2.npz,247-382,NO,-,FN
continuous_0377_S6_strategy2.npz,638-775,GOOD EVENING,-,FN
continuous_0378_S6_strategy2.npz,0-177,ONE,ONE,TP
continuous_0378_S6_strategy2.npz,177-355,DAUGHTER,DAUGHTER,TP
continuous_0378_S6_strategy2.npz,355-534,MEAT,MEAT,TP
continuous_0378_S6_strategy2.npz,534-711,-,AUGUST,FP
continuous_0378_S6_strategy2.npz,711-891,BLUE,BLUE,TP
continuous_0378_S6_strategy2.npz,250-376,WINE,-,FN
continuous_0378_S6_strategy2.npz,505-634,WEELCHAIR PERSON,-,FN
continuous_0378_S6_strategy2.npz,634-760,AUGUST,-,FN
continuous_0379_S6_strategy2.npz,0-147,-,RICE,FP
continuous_0379_S6_strategy2.npz,147-295,SEPTEMBER,SEPTEMBER,TP
continuous_0379_S6_strategy2.npz,295-444,DARK,DARK,TP
continuous_0379_S6_strategy2.npz,444-591,GIRL,GIRL,TP
continuous_0379_S6_strategy2.npz,591-739,FAST,FAST,TP
continuous_0379_S6_strategy2.npz,739-888,JUICE,JUICE,TP
continuous_0379_S6_strategy2.npz,0-120,YOURE WELCOME,-,FN
continuous_0379_S6_strategy2.npz,120-248,RICE,-,FN
continuous_0380_S6_strategy2.npz,0-129,IM FINE,IM FINE,TP
continuous_0380_S6_strategy2.npz,129-516,DEAF BLIND,DEAF BLIND,TP
continuous_0380_S6_strategy2.npz,516-646,BLUE,BLUE,TP
continuous_0380_S6_strategy2.npz,646-775,-,FRIDAY,FP
continuous_0380_S6_strategy2.npz,775-904,TEA,TEA,TP
continuous_0380_S6_strategy2.npz,140-266,FAST,-,FN
continuous_0380_S6_strategy2.npz,394-521,MAY,-,FN
continuous_0380_S6_strategy2.npz,649-775,FRIDAY,-,FN
continuous_0381_S6_strategy2.npz,0-108,IM FINE,IM FINE,TP
continuous_0381_S6_strategy2.npz,108-219,NOVEMBER,NOVEMBER,TP
continuous_0381_S6_strategy2.npz,219-328,-,COFFEE,FP
continuous_0381_S6_strategy2.npz,328-549,RICE,RICE,TP
continuous_0381_S6_strategy2.npz,549-658,UNDERSTAND,UNDERSTAND,TP
continuous_0381_S6_strategy2.npz,658-768,TEN,TEN,TP
continuous_0381_S6_strategy2.npz,257-383,COFFEE,-,FN
continuous_0382_S6_strategy2.npz,0-384,ONE,ONE,TP
continuous_0382_S6_strategy2.npz,384-576,NICE TO MEET YOU,NICE TO MEET YOU,TP
continuous_0382_S6_strategy2.npz,576-672,DON’T KNOW,DON’T KNOW,TP
continuous_0382_S6_strategy2.npz,672-769,COLD,COLD,TP
continuous_0382_S6_strategy2.npz,133-261,AUNTIE,-,FN
continuous_0382_S6_strategy2.npz,403-530,OCTOBER,-,FN
continuous_0383_S6_strategy2.npz,0-126,DON’T KNOW,DON’T KNOW,TP
continuous_0383_S6_strategy2.npz,126-252,TOMORROW,TOMORROW,TP
continuous_0383_S6_strategy2.npz,252-379,LIGHT,LIGHT,TP
continuous_0383_S6_strategy2.npz,379-506,DEAF,DEAF,TP
continuous_0383_S6_strategy2.npz,506-633,BEER,BEER,TP
continuous_0383_S6_strategy2.npz,633-760,AUGUST,AUGUST,TP
continuous_0384_S6_strategy2.npz,0-189,THURSDAY,THURSDAY,TP
continuous_0384_S6_strategy2.npz,189-378,LONGANISA,LONGANISA,TP
continuous_0384_S6_strategy2.npz,378-567,-,MILK,FP
continuous_0384_S6_strategy2.npz,567-756,-,VIOLET,FP
continuous_0384_S6_strategy2.npz,254-375,MILK,-,FN
continuous_0384_S6_strategy2.npz,375-501,VIOLET,-,FN
continuous_0384_S6_strategy2.npz,501-628,WEELCHAIR PERSON,-,FN
continuous_0384_S6_strategy2.npz,628-763,SIX,-,FN
continuous_0385_S6_strategy2.npz,0-151,VIOLET,VIOLET,TP
continuous_0385_S6_strategy2.npz,151-304,TWO,TWO,TP
continuous_0385_S6_strategy2.npz,304-456,FISH,FISH,TP
continuous_0385_S6_strategy2.npz,456-609,KNOW,KNOW,TP
continuous_0385_S6_strategy2.npz,609-762,DAUGHTER,DAUGHTER,TP
continuous_0385_S6_strategy2.npz,762-915,TODAY,TODAY,TP
continuous_0385_S6_strategy2.npz,392-537,IM FINE,-,FN
continuous_0386_S6_strategy2.npz,0-253,FATHER,FATHER,TP
continuous_0386_S6_strategy2.npz,253-381,TEA,TEA,TP
continuous_0386_S6_strategy2.npz,381-634,MARRIED,MARRIED,TP
continuous_0386_S6_strategy2.npz,634-762,CORRECT,CORRECT,TP
continuous_0386_S6_strategy2.npz,762-889,WHITE,WHITE,TP
continuous_0386_S6_strategy2.npz,128-254,GOOD MORNING,-,FN
continuous_0386_S6_strategy2.npz,382-508,SHRIMP,-,FN
continuous_0387_S6_strategy2.npz,0-126,ONE,ONE,TP
continuous_0387_S6_strategy2.npz,126-255,RICE,RICE,TP
continuous_0387_S6_strategy2.npz,255-382,YOURE WELCOME,YOURE WELCOME,TP
continuous_0387_S6_strategy2.npz,382-510,COFFEE,COFFEE,TP
continuous_0387_S6_strategy2.npz,510-639,-,WEDNESDAY,FP
continuous_0387_S6_strategy2.npz,639-766,NOVEMBER,NOVEMBER,TP
continuous_0387_S6_strategy2.npz,766-894,SLOW,SLOW,TP
continuous_0387_S6_strategy2.npz,523-651,FRIDAY,-,FN
continuous_0388_S6_strategy2.npz,0-106,SATURDAY,SATURDAY,TP
continuous_0388_S6_strategy2.npz,106-213,UNCLE,UNCLE,TP
continuous_0388_S6_strategy2.npz,213-321,-,GOOD MORNING,FP
continuous_0388_S6_strategy2.npz,321-429,-,CORRECT,FP
continuous_0388_S6_strategy2.npz,429-537,-,SUGAR,FP
continuous_0388_S6_strategy2.npz,537-643,-,DEAF,FP
continuous_0388_S6_strategy2.npz,643-751,VIOLET,VIOLET,TP
continuous_0388_S6_strategy2.npz,245-371,GOOD MORNING,-,FN
continuous_0388_S6_strategy2.npz,371-504,CORRECT,-,FN
continuous_0388_S6_strategy2.npz,504-631,SUGAR,-,FN
continuous_0389_S6_strategy2.npz,132-399,BOY,BOY,TP
continuous_0389_S6_strategy2.npz,399-531,-,DEAF,FP
continuous_0389_S6_strategy2.npz,531-664,SEE YOU TOMORROW,SEE YOU TOMORROW,TP
continuous_0389_S6_strategy2.npz,664-798,BREAD,BREAD,TP
continuous_0389_S6_strategy2.npz,0-126,NOVEMBER,-,FN
continuous_0389_S6_strategy2.npz,253-381,YESTERDAY,-,FN
continuous_0389_S6_strategy2.npz,381-508,MOTHER,-,FN
continuous_0390_S6_strategy2.npz,0-129,NOVEMBER,NOVEMBER,TP
continuous_0390_S6_strategy2.npz,129-258,ONE,ONE,TP
continuous_0390_S6_strategy2.npz,258-516,RICE,RICE,TP
continuous_0390_S6_strategy2.npz,516-645,NO,NO,TP
continuous_0390_S6_strategy2.npz,645-774,BLIND,BLIND,TP
continuous_0390_S6_strategy2.npz,774-904,MONDAY,MONDAY,TP
continuous_0390_S6_strategy2.npz,395-522,MOTHER,-,FN
continuous_0391_S6_strategy2.npz,0-111,SLOW,SLOW,TP
continuous_0391_S6_strategy2.npz,111-222,SUGAR,SUGAR,TP
continuous_0391_S6_strategy2.npz,222-445,-,OCTOBER,FP
continuous_0391_S6_strategy2.npz,445-558,MEAT,MEAT,TP
continuous_0391_S6_strategy2.npz,558-669,BROWN,BROWN,TP
continuous_0391_S6_strategy2.npz,669-781,WEDNESDAY,WEDNESDAY,TP
continuous_0391_S6_strategy2.npz,284-412,OCTOBER,-,FN
continuous_0392_S6_strategy2.npz,0-448,FIVE,FIVE,TP
continuous_0392_S6_strategy2.npz,448-561,-,CHICKEN,FP
continuous_0392_S6_strategy2.npz,561-673,-,MILK,FP
continuous_0392_S6_strategy2.npz,673-786,-,GOOD MORNING,FP
continuous_0392_S6_strategy2.npz,786-898,-,AUGUST,FP
continuous_0392_S6_strategy2.npz,131-257,FRIDAY,-,FN
continuous_0392_S6_strategy2.npz,257-393,CHICKEN,-,FN
continuous_0392_S6_strategy2.npz,393-520,MILK,-,FN
continuous_0392_S6_strategy2.npz,520-650,GOOD MORNING,-,FN
continuous_0392_S6_strategy2.npz,650-778,AUGUST,-,FN
continuous_0392_S6_strategy2.npz,778-904,MAN,-,FN
continuous_0393_S6_strategy2.npz,0-147,COFFEE,COFFEE,TP
continuous_0393_S6_strategy2.npz,147-294,SATURDAY,SATURDAY,TP
continuous_0393_S6_strategy2.npz,294-441,-,GOOD AFTERNOON,FP
continuous_0393_S6_strategy2.npz,441-735,OCTOBER,OCTOBER,TP
continuous_0393_S6_strategy2.npz,735-883,SHRIMP,SHRIMP,TP
continuous_0393_S6_strategy2.npz,254-382,FATHER,-,FN
continuous_0393_S6_strategy2.npz,382-507,GOOD AFTERNOON,-,FN
continuous_0393_S6_strategy2.npz,634-756,SEVEN,-,FN
continuous_0394_S6_strategy2.npz,0-129,MILK,MILK,TP
continuous_0394_S6_strategy2.npz,129-258,GRANDMOTHER,GRANDMOTHER,TP
continuous_0394_S6_strategy2.npz,258-517,-,DEAF,FP
continuous_0394_S6_strategy2.npz,517-648,FISH,FISH,TP
continuous_0394_S6_strategy2.npz,648-777,THURSDAY,THURSDAY,TP
continuous_0394_S6_strategy2.npz,254-377,NINE,-,FN
continuous_0394_S6_strategy2.npz,377-521,YOURE WELCOME,-,FN
continuous_0395_S6_strategy2.npz,252-379,GRANDFATHER,GRANDFATHER,TP
continuous_0395_S6_strategy2.npz,379-505,BLIND,BLIND,TP
continuous_0395_S6_strategy2.npz,505-633,GRAY,GRAY,TP
continuous_0395_S6_strategy2.npz,633-759,CRAB,CRAB,TP
continuous_0395_S6_strategy2.npz,759-886,MONDAY,MONDAY,TP
continuous_0395_S6_strategy2.npz,0-127,MAY,-,FN
continuous_0395_S6_strategy2.npz,127-247,EIGHT,-,FN
continuous_0396_S6_strategy2.npz,0-126,BOY,BOY,TP
continuous_0396_S6_strategy2.npz,126-253,LIGHT,LIGHT,TP
continuous_0396_S6_strategy2.npz,253-381,TEA,TEA,TP
continuous_0396_S6_strategy2.npz,381-507,-,MILK,FP
continuous_0396_S6_strategy2.npz,507-634,-,DON’T UNDERSTAND,FP
continuous_0396_S6_strategy2.npz,634-762,WEDNESDAY,WEDNESDAY,TP
continuous_0396_S6_strategy2.npz,762-888,SIX,SIX,TP
continuous_0396_S6_strategy2.npz,374-499,DON’T UNDERSTAND,-,FN
continuous_0396_S6_strategy2.npz,499-643,YOURE WELCOME,-,FN
continuous_0397_S6_strategy2.npz,96-192,GREEN,GREEN,TP
continuous_0397_S6_strategy2.npz,192-288,-,UNCLE,FP
continuous_0397_S6_strategy2.npz,288-384,-,BLUE,FP
continuous_0397_S6_strategy2.npz,384-576,BLIND,BLIND,TP
continuous_0397_S6_strategy2.npz,576-672,BEER,BEER,TP
continuous_0397_S6_strategy2.npz,672-768,-,MONDAY,FP
continuous_0397_S6_strategy2.npz,0-128,JUNE,-,FN
continuous_0397_S6_strategy2.npz,255-383,UNCLE,-,FN
continuous_0397_S6_strategy2.npz,636-765,MONDAY,-,FN
continuous_0398_S6_strategy2.npz,0-150,-,TODAY,FP
continuous_0398_S6_strategy2.npz,150-450,NO SUGAR,NO SUGAR,TP
continuous_0398_S6_strategy2.npz,450-600,NICE TO MEET YOU,NICE TO MEET YOU,TP
continuous_0398_S6_strategy2.npz,600-750,NINE,NINE,TP
continuous_0398_S6_strategy2.npz,750-900,YES,YES,TP
continuous_0398_S6_strategy2.npz,0-127,SHRIMP,-,FN
continuous_0398_S6_strategy2.npz,127-246,TODAY,-,FN
continuous_0398_S6_strategy2.npz,652-780,MAY,-,FN
continuous_0399_S6_strategy2.npz,177-354,EGG,EGG,TP
continuous_0399_S6_strategy2.npz,354-532,TODAY,TODAY,TP
continuous_0399_S6_strategy2.npz,532-711,RED,RED,TP
continuous_0399_S6_strategy2.npz,711-888,FEBRUARY,FEBRUARY,TP
continuous_0399_S6_strategy2.npz,0-137,EIGHT,-,FN
continuous_0399_S6_strategy2.npz,392-519,WEELCHAIR PERSON,-,FN
continuous_0399_S6_strategy2.npz,519-642,HOW ARE YOU,-,FN
continuous_0400_S6_strategy2.npz,0-126,TEN,TEN,TP
continuous_0400_S6_strategy2.npz,126-508,TOMORROW,TOMORROW,TP
continuous_0400_S6_strategy2.npz,508-636,LONGANISA,LONGANISA,TP
continuous_0400_S6_strategy2.npz,636-763,YOURE WELCOME,YOURE WELCOME,TP
continuous_0400_S6_strategy2.npz,135-262,FATHER,-,FN
continuous_0400_S6_strategy2.npz,385-513,MARCH,-,FN
continuous_0401_S6_strategy2.npz,0-84,ONE,ONE,TP
continuous_0401_S6_strategy2.npz,84-168,-,DEAF,FP
continuous_0401_S6_strategy2.npz,168-508,SPAGHETTI,SPAGHETTI,TP
continuous_0401_S6_strategy2.npz,508-678,-,AUGUST,FP
continuous_0401_S6_strategy2.npz,678-763,THURSDAY,THURSDAY,TP
continuous_0401_S6_strategy2.npz,131-258,DEAF,-,FN
continuous_0401_S6_strategy2.npz,385-513,AUNTIE,-,FN
continuous_0401_S6_strategy2.npz,513-640,AUGUST,-,FN
continuous_0402_S6_strategy2.npz,0-153,-,TWO,FP
continuous_0402_S6_strategy2.npz,153-306,KNOW,KNOW,TP
continuous_0402_S6_strategy2.npz,306-460,-,TODAY,FP
continuous_0402_S6_strategy2.npz,460-615,-,EGG,FP
continuous_0402_S6_strategy2.npz,615-768,-,PARENTS,FP
continuous_0402_S6_strategy2.npz,0-128,MAN,-,FN
continuous_0402_S6_strategy2.npz,128-263,TWO,-,FN
continuous_0402_S6_strategy2.npz,385-528,GOOD MORNING,-,FN
continuous_0402_S6_strategy2.npz,528-655,EGG,-,FN
continuous_0402_S6_strategy2.npz,655-783,PARENTS,-,FN
continuous_0403_S6_strategy2.npz,0-153,NINE,NINE,TP
continuous_0403_S6_strategy2.npz,153-459,WOMAN,WOMAN,TP
continuous_0403_S6_strategy2.npz,459-612,BEER,BEER,TP
continuous_0403_S6_strategy2.npz,612-766,UNCLE,UNCLE,TP
continuous_0403_S6_strategy2.npz,141-269,EGG,-,FN
continuous_0403_S6_strategy2.npz,523-645,YESTERDAY,-,FN
continuous_0404_S6_strategy2.npz,0-222,LONGANISA,LONGANISA,TP
continuous_0404_S6_strategy2.npz,222-447,GIRL,GIRL,TP
continuous_0404_S6_strategy2.npz,447-670,IM FINE,IM FINE,TP
continuous_0404_S6_strategy2.npz,670-894,-,WRONG,FP
continuous_0404_S6_strategy2.npz,254-372,TOMORROW,-,FN
continuous_0404_S6_strategy2.npz,513-650,WRONG,-,FN
continuous_0404_S6_strategy2.npz,650-778,MOTHER,-,FN
continuous_0404_S6_strategy2.npz,778-901,JULY,-,FN
continuous_0405_S6_strategy2.npz,0-189,-,FISH,FP
continuous_0405_S6_strategy2.npz,189-378,GRANDFATHER,GRANDFATHER,TP
continuous_0405_S6_strategy2.npz,378-567,BEER,BEER,TP
continuous_0405_S6_strategy2.npz,567-757,GOOD MORNING,GOOD MORNING,TP
continuous_0405_S6_strategy2.npz,0-126,DON’T UNDERSTAND,-,FN
continuous_0405_S6_strategy2.npz,126-254,FISH,-,FN
continuous_0405_S6_strategy2.npz,509-637,YESTERDAY,-,FN
continuous_0406_S6_strategy2.npz,0-153,BEER,BEER,TP
continuous_0406_S6_strategy2.npz,153-309,NO,NO,TP
continuous_0406_S6_strategy2.npz,309-462,COUSIN,COUSIN,TP
continuous_0406_S6_strategy2.npz,462-618,DEAF BLIND,DEAF BLIND,TP
continuous_0406_S6_strategy2.npz,618-772,BREAD,BREAD,TP
continuous_0406_S6_strategy2.npz,517-643,YELLOW,-,FN
continuous_0407_S6_strategy2.npz,0-126,-,WEDNESDAY,FP
continuous_0407_S6_strategy2.npz,126-255,DON’T KNOW,DON’T KNOW,TP
continuous_0407_S6_strategy2.npz,255-382,HELLO,HELLO,TP
continuous_0407_S6_strategy2.npz,382-637,NO SUGAR,NO SUGAR,TP
continuous_0407_S6_strategy2.npz,637-765,FISH,FISH,TP
continuous_0407_S6_strategy2.npz,765-894,YELLOW,YELLOW,TP
continuous_0407_S6_strategy2.npz,0-127,FRIDAY,-,FN
continuous_0407_S6_strategy2.npz,508-636,OCTOBER,-,FN
continuous_0408_S6_strategy2.npz,0-297,COLD,COLD,TP
continuous_0408_S6_strategy2.npz,297-445,-,BROWN,FP
continuous_0408_S6_strategy2.npz,445-594,-,TODAY,FP
continuous_0408_S6_strategy2.npz,594-742,BOY,BOY,TP
continuous_0408_S6_strategy2.npz,742-891,-,SPAGHETTI,FP
continuous_0408_S6_strategy2.npz,127-254,BROWN,-,FN
continuous_0408_S6_strategy2.npz,254-382,TODAY,-,FN
continuous_0408_S6_strategy2.npz,382-509,FATHER,-,FN
continuous_0408_S6_strategy2.npz,509-635,SPAGHETTI,-,FN
continuous_0408_S6_strategy2.npz,763-896,KNOW,-,FN
continuous_0409_S6_strategy2.npz,0-384,DEAF,DEAF,TP
continuous_0409_S6_strategy2.npz,384-511,-,GIRL,FP
continuous_0409_S6_strategy2.npz,511-639,-,CRAB,FP
continuous_0409_S6_strategy2.npz,639-768,-,JUICE,FP
continuous_0409_S6_strategy2.npz,768-897,-,GREEN,FP
continuous_0409_S6_strategy2.npz,127-253,EIGHT,-,FN
continuous_0409_S6_strategy2.npz,253-380,MONDAY,-,FN
continuous_0409_S6_strategy2.npz,380-503,CRAB,-,FN
continuous_0409_S6_strategy2.npz,503-631,JUICE,-,FN
continuous_0409_S6_strategy2.npz,631-755,GREEN,-,FN
continuous_0409_S6_strategy2.npz,755-894,GOOD EVENING,-,FN
continuous_0410_S6_strategy2.npz,126-253,DEAF BLIND,DEAF BLIND,TP
continuous_0410_S6_strategy2.npz,253-381,SATURDAY,SATURDAY,TP
continuous_0410_S6_strategy2.npz,381-508,KNOW,KNOW,TP
continuous_0410_S6_strategy2.npz,508-636,FISH,FISH,TP
continuous_0410_S6_strategy2.npz,636-763,DECEMBER,DECEMBER,TP
continuous_0410_S6_strategy2.npz,0-138,SEVEN,-,FN
continuous_0411_S6_strategy2.npz,0-126,-,PARENTS,FP
continuous_0411_S6_strategy2.npz,126-508,GRAY,GRAY,TP
continuous_0411_S6_strategy2.npz,508-763,TEA,TEA,TP
continuous_0411_S6_strategy2.npz,0-141,IM FINE,-,FN
continuous_0411_S6_strategy2.npz,141-269,PARENTS,-,FN
continuous_0411_S6_strategy2.npz,395-522,MAY,-,FN
continuous_0411_S6_strategy2.npz,638-762,TUESDAY,-,FN
continuous_0412_S6_strategy2.npz,0-97,-,HOT,FP
continuous_0412_S6_strategy2.npz,97-196,HARD OF HEARING,HARD OF HEARING,TP
continuous_0412_S6_strategy2.npz,196-295,-,GIRL,FP
continuous_0412_S6_strategy2.npz,295-394,DON’T KNOW,DON’T KNOW,TP
continuous_0412_S6_strategy2.npz,394-592,-,GOOD EVENING,FP
continuous_0412_S6_strategy2.npz,592-691,-,COUSIN,FP
continuous_0412_S6_strategy2.npz,691-790,-,FOUR,FP
continuous_0412_S6_strategy2.npz,790-889,DARK,DARK,TP
continuous_0412_S6_strategy2.npz,0-124,HOT,-,FN
continuous_0412_S6_strategy2.npz,380-506,GOOD EVENING,-,FN
continuous_0412_S6_strategy2.npz,506-633,YESTERDAY,-,FN
continuous_0412_S6_strategy2.npz,633-769,FOUR,-,FN
continuous_0413_S6_strategy2.npz,0-108,WHITE,WHITE,TP
continuous_0413_S6_strategy2.npz,108-217,SON,SON,TP
continuous_0413_S6_strategy2.npz,217-327,THURSDAY,THURSDAY,TP
continuous_0413_S6_strategy2.npz,327-762,-,DEAF BLIND,FP
continuous_0413_S6_strategy2.npz,762-873,-,DON’T KNOW,FP
continuous_0413_S6_strategy2.npz,372-499,BLIND,-,FN
continuous_0413_S6_strategy2.npz,499-626,MAY,-,FN
continuous_0413_S6_strategy2.npz,626-763,DON’T KNOW,-,FN
continuous_0413_S6_strategy2.npz,763-879,IM FINE,-,FN
continuous_0414_S6_strategy2.npz,0-126,MEAT,MEAT,TP
continuous_0414_S6_strategy2.npz,126-253,YELLOW,YELLOW,TP
continuous_0414_S6_strategy2.npz,253-634,HOT,HOT,TP
continuous_0414_S6_strategy2.npz,634-889,-,TEN,FP
continuous_0414_S6_strategy2.npz,381-508,JUNE,-,FN
continuous_0414_S6_strategy2.npz,508-647,TEN,-,FN
continuous_0414_S6_strategy2.npz,647-769,DEAF BLIND,-,FN
continuous_0414_S6_strategy2.npz,769-904,UNDERSTAND,-,FN
continuous_0415_S6_strategy2.npz,0-180,-,YESTERDAY,FP
continuous_0415_S6_strategy2.npz,180-360,DARK,DARK,TP
continuous_0415_S6_strategy2.npz,360-810,CRAB,CRAB,TP
continuous_0415_S6_strategy2.npz,810-900,-,UNDERSTAND,FP
continuous_0415_S6_strategy2.npz,0-138,YOURE WELCOME,-,FN
continuous_0415_S6_strategy2.npz,138-266,YESTERDAY,-,FN
continuous_0415_S6_strategy2.npz,519-646,APRIL,-,FN
continuous_0415_S6_strategy2.npz,646-769,FOUR,-,FN
continuous_0415_S6_strategy2.npz,769-915,UNDERSTAND,-,FN
continuous_0416_S6_strategy2.npz,376-501,-,WINE,FP
continuous_0416_S6_strategy2.npz,501-627,-,THANK YOU,FP
continuous_0416_S6_strategy2.npz,627-753,-,BOY,FP
continuous_0416_S6_strategy2.npz,0-126,TUESDAY,-,FN
continuous_0416_S6_strategy2.npz,126-261,EIGHT,-,FN
continuous_0416_S6_strategy2.npz,261-388,WINE,-,FN
continuous_0416_S6_strategy2.npz,388-508,THANK YOU,-,FN
continuous_0416_S6_strategy2.npz,508-636,BOY,-,FN
continuous_0416_S6_strategy2.npz,636-769,SLOW,-,FN
continuous_0417_S6_strategy2.npz,0-156,NICE TO MEET YOU,NICE TO MEET YOU,TP
continuous_0417_S6_strategy2.npz,156-469,JUICE,JUICE,TP
continuous_0417_S6_strategy2.npz,469-627,LONGANISA,LONGANISA,TP
continuous_0417_S6_strategy2.npz,627-783,JANUARY,JANUARY,TP
continuous_0417_S6_strategy2.npz,149-271,GIRL,-,FN
continuous_0417_S6_strategy2.npz,526-653,BLACK,-,FN
continuous_0418_S6_strategy2.npz,0-189,MONDAY,MONDAY,TP
continuous_0418_S6_strategy2.npz,189-570,JUICE,JUICE,TP
continuous_0418_S6_strategy2.npz,570-760,GRANDMOTHER,GRANDMOTHER,TP
continuous_0418_S6_strategy2.npz,127-262,EIGHT,-,FN
continuous_0418_S6_strategy2.npz,262-387,YELLOW,-,FN
continuous_0418_S6_strategy2.npz,513-640,GOOD EVENING,-,FN
continuous_0419_S6_strategy2.npz,0-174,YES,YES,TP
continuous_0419_S6_strategy2.npz,174-348,-,THREE,FP
continuous_0419_S6_strategy2.npz,348-523,CHICKEN,CHICKEN,TP
continuous_0419_S6_strategy2.npz,523-873,DAUGHTER,DAUGHTER,TP
continuous_0419_S6_strategy2.npz,137-253,YOURE WELCOME,-,FN
continuous_0419_S6_strategy2.npz,253-385,THREE,-,FN
continuous_0419_S6_strategy2.npz,640-761,MAN,-,FN
continuous_0419_S6_strategy2.npz,761-888,SEPTEMBER,-,FN
continuous_0420_S6_strategy2.npz,0-198,FISH,FISH,TP
continuous_0420_S6_strategy2.npz,198-297,WOMAN,WOMAN,TP
continuous_0420_S6_strategy2.npz,297-495,DAUGHTER,DAUGHTER,TP
continuous_0420_S6_strategy2.npz,495-793,WEDNESDAY,WEDNESDAY,TP
continuous_0420_S6_strategy2.npz,793-894,COFFEE,COFFEE,TP
continuous_0420_S6_strategy2.npz,127-253,HELLO,-,FN
continuous_0420_S6_strategy2.npz,635-771,SIX,-,FN
continuous_0421_S6_strategy2.npz,0-189,GOOD MORNING,GOOD MORNING,TP
continuous_0421_S6_strategy2.npz,189-379,PARENTS,PARENTS,TP
continuous_0421_S6_strategy2.npz,379-570,-,SUNDAY,FP
continuous_0421_S6_strategy2.npz,570-759,-,LONGANISA,FP
continuous_0421_S6_strategy2.npz,260-387,SUNDAY,-,FN
continuous_0421_S6_strategy2.npz,387-515,LONGANISA,-,FN
continuous_0421_S6_strategy2.npz,515-634,SIX,-,FN
continuous_0421_S6_strategy2.npz,634-758,HOT,-,FN
continuous_0422_S6_strategy2.npz,0-225,KNOW,KNOW,TP
continuous_0422_S6_strategy2.npz,225-337,-,KNOW,FP
continuous_0422_S6_strategy2.npz,337-450,-,BREAD,FP
continuous_0422_S6_strategy2.npz,450-676,-,THREE,FP
continuous_0422_S6_strategy2.npz,676-789,-,WEDNESDAY,FP
continuous_0422_S6_strategy2.npz,789-903,-,BEER,FP
continuous_0422_S6_strategy2.npz,142-270,BREAD,-,FN
continuous_0422_S6_strategy2.npz,270-413,THREE,-,FN
continuous_0422_S6_strategy2.npz,413-540,JULY,-,FN
continuous_0422_S6_strategy2.npz,540-664,WEDNESDAY,-,FN
continuous_0422_S6_strategy2.npz,664-790,BEER,-,FN
continuous_0422_S6_strategy2.npz,790-918,WEELCHAIR PERSON,-,FN
continuous_0423_S6_strategy2.npz,0-96,SLOW,SLOW,TP
continuous_0423_S6_strategy2.npz,96-195,MAY,MAY,TP
continuous_0423_S6_strategy2.npz,195-292,BOY,BOY,TP
continuous_0423_S6_strategy2.npz,292-390,-,HOW ARE YOU,FP
continuous_0423_S6_strategy2.npz,390-586,PINK,PINK,TP
continuous_0423_S6_strategy2.npz,586-684,PARENTS,PARENTS,TP
continuous_0423_S6_strategy2.npz,684-783,-,HARD OF HEARING,FP
continuous_0423_S6_strategy2.npz,783-880,ONE,ONE,TP
continuous_0423_S6_strategy2.npz,377-502,HOW ARE YOU,-,FN
continuous_0424_S6_strategy2.npz,0-333,NICE TO MEET YOU,NICE TO MEET YOU,TP
continuous_0424_S6_strategy2.npz,333-444,MARRIED,MARRIED,TP
continuous_0424_S6_strategy2.npz,444-666,VIOLET,VIOLET,TP
continuous_0424_S6_strategy2.npz,666-777,DON’T KNOW,DON’T KNOW,TP
continuous_0424_S6_strategy2.npz,139-267,FEBRUARY,-,FN
continuous_0424_S6_strategy2.npz,520-653,EIGHT,-,FN
continuous_0425_S6_strategy2.npz,0-109,TWO,TWO,TP
continuous_0425_S6_strategy2.npz,109-220,UNDERSTAND,UNDERSTAND,TP
continuous_0425_S6_strategy2.npz,220-331,-,BREAD,FP
continuous_0425_S6_strategy2.npz,331-442,SPAGHETTI,SPAGHETTI,TP
continuous_0425_S6_strategy2.npz,442-553,THANK YOU,THANK YOU,TP
continuous_0425_S6_strategy2.npz,553-664,THURSDAY,THURSDAY,TP
continuous_0425_S6_strategy2.npz,664-775,COUSIN,COUSIN,TP
continuous_0426_S6_strategy2.npz,0-126,WRONG,WRONG,TP
continuous_0426_S6_strategy2.npz,126-253,MARCH,MARCH,TP
continuous_0426_S6_strategy2.npz,253-381,SEVEN,SEVEN,TP
continuous_0426_S6_strategy2.npz,381-508,CRAB,CRAB,TP
continuous_0426_S6_strategy2.npz,508-762,SEE YOU TOMORROW,SEE YOU TOMORROW,TP
continuous_0426_S6_strategy2.npz,762-891,-,COLD,FP
continuous_0426_S6_strategy2.npz,659-787,MAN,-,FN
continuous_0426_S6_strategy2.npz,787-914,COLD,-,FN
continuous_0427_S6_strategy2.npz,0-250,MILK,MILK,TP
continuous_0427_S6_strategy2.npz,250-753,DARK,DARK,TP
continuous_0427_S6_strategy2.npz,127-254,MAN,-,FN
continuous_0427_S6_strategy2.npz,254-379,CORRECT,-,FN
continuous_0427_S6_strategy2.npz,498-626,JULY,-,FN
continuous_0427_S6_strategy2.npz,626-750,YESTERDAY,-,FN
continuous_0428_S6_strategy2.npz,0-96,MARRIED,MARRIED,TP
continuous_0428_S6_strategy2.npz,96-292,-,SUGAR,FP
continuous_0428_S6_strategy2.npz,292-390,CORRECT,CORRECT,TP
continuous_0428_S6_strategy2.npz,390-684,MONDAY,MONDAY,TP
continuous_0428_S6_strategy2.npz,684-781,THANK YOU,THANK YOU,TP
continuous_0428_S6_strategy2.npz,781-879,OCTOBER,OCTOBER,TP
continuous_0428_S6_strategy2.npz,127-254,SUGAR,-,FN
continuous_0428_S6_strategy2.npz,504-630,MOTHER,-,FN
continuous_0429_S6_strategy2.npz,0-126,LONGANISA,LONGANISA,TP
continuous_0429_S6_strategy2.npz,126-252,-,NO SUGAR,FP
continuous_0429_S6_strategy2.npz,252-379,-,GREEN,FP
continuous_0429_S6_strategy2.npz,379-633,BLIND,BLIND,TP
continuous_0429_S6_strategy2.npz,633-760,HELLO,HELLO,TP
continuous_0429_S6_strategy2.npz,128-249,FIVE,-,FN
continuous_0429_S6_strategy2.npz,249-376,NO SUGAR,-,FN
continuous_0429_S6_strategy2.npz,376-504,GREEN,-,FN
continuous_0430_S6_strategy2.npz,0-127,HELLO,HELLO,TP
continuous_0430_S6_strategy2.npz,127-256,WEDNESDAY,WEDNESDAY,TP
continuous_0430_S6_strategy2.npz,256-385,MILK,MILK,TP
continuous_0430_S6_strategy2.npz,385-514,WOMAN,WOMAN,TP
continuous_0430_S6_strategy2.npz,514-643,WRONG,WRONG,TP
continuous_0430_S6_strategy2.npz,643-772,DECEMBER,DECEMBER,TP
continuous_0431_S6_strategy2.npz,0-441,-,TEN,FP
continuous_0431_S6_strategy2.npz,441-589,RICE,RICE,TP
continuous_0431_S6_strategy2.npz,589-738,BLIND,BLIND,TP
continuous_0431_S6_strategy2.npz,0-136,TEN,-,FN
continuous_0431_S6_strategy2.npz,136-263,WHITE,-,FN
continuous_0431_S6_strategy2.npz,263-386,JULY,-,FN
continuous_0431_S6_strategy2.npz,641-751,DON’T KNOW,-,FN
continuous_0432_S6_strategy2.npz,0-189,DEAF,DEAF,TP
continuous_0432_S6_strategy2.npz,189-285,-,EGG,FP
continuous_0432_S6_strategy2.npz,285-666,GRAY,GRAY,TP
continuous_0432_S6_strategy2.npz,666-762,NO SUGAR,NO SUGAR,TP
continuous_0432_S6_strategy2.npz,127-247,NO,-,FN
continuous_0432_S6_strategy2.npz,247-374,EGG,-,FN
continuous_0432_S6_strategy2.npz,502-630,AUNTIE,-,FN
continuous_0433_S6_strategy2.npz,0-192,BROWN,BROWN,TP
continuous_0433_S6_strategy2.npz,192-384,FISH,FISH,TP
continuous_0433_S6_strategy2.npz,384-576,-,UNDERSTAND,FP
continuous_0433_S6_strategy2.npz,576-768,NOVEMBER,NOVEMBER,TP
continuous_0433_S6_strategy2.npz,254-392,UNDERSTAND,-,FN
continuous_0433_S6_strategy2.npz,392-519,WINE,-,FN
continuous_0433_S6_strategy2.npz,519-647,GRANDFATHER,-,FN
continuous_0434_S6_strategy2.npz,0-126,GRAY,GRAY,TP
continuous_0434_S6_strategy2.npz,126-253,FAST,FAST,TP
continuous_0434_S6_strategy2.npz,253-381,FEBRUARY,FEBRUARY,TP
continuous_0434_S6_strategy2.npz,381-508,GRANDMOTHER,GRANDMOTHER,TP
continuous_0434_S6_strategy2.npz,508-636,HARD OF HEARING,HARD OF HEARING,TP
continuous_0434_S6_strategy2.npz,636-763,SATURDAY,SATURDAY,TP
continuous_0435_S6_strategy2.npz,0-127,LIGHT,LIGHT,TP
continuous_0435_S6_strategy2.npz,127-255,SUNDAY,SUNDAY,TP
continuous_0435_S6_strategy2.npz,255-384,MARRIED,MARRIED,TP
continuous_0435_S6_strategy2.npz,384-513,SIX,SIX,TP
continuous_0435_S6_strategy2.npz,513-642,GRANDFATHER,GRANDFATHER,TP
continuous_0435_S6_strategy2.npz,642-769,BREAD,BREAD,TP
continuous_0435_S6_strategy2.npz,769-897,JANUARY,JANUARY,TP
continuous_0436_S6_strategy2.npz,0-151,-,MEAT,FP
continuous_0436_S6_strategy2.npz,151-304,-,YES,FP
continuous_0436_S6_strategy2.npz,304-762,NO SUGAR,NO SUGAR,TP
continuous_0436_S6_strategy2.npz,0-127,TUESDAY,-,FN
continuous_0436_S6_strategy2.npz,127-254,MEAT,-,FN
continuous_0436_S6_strategy2.npz,254-388,YES,-,FN
continuous_0436_S6_strategy2.npz,516-643,AUGUST,-,FN
continuous_0436_S6_strategy2.npz,643-768,WEELCHAIR PERSON,-,FN
continuous_0437_S6_strategy2.npz,0-171,TODAY,TODAY,TP
continuous_0437_S6_strategy2.npz,171-345,GRANDFATHER,GRANDFATHER,TP
continuous_0437_S6_strategy2.npz,345-517,MARCH,MARCH,TP
continuous_0437_S6_strategy2.npz,517-690,YES,YES,TP
continuous_0437_S6_strategy2.npz,690-864,PINK,PINK,TP
continuous_0437_S6_strategy2.npz,250-369,MAN,-,FN
continuous_0437_S6_strategy2.npz,753-870,THANK YOU,-,FN
continuous_0438_S6_strategy2.npz,0-256,BLIND,BLIND,TP
continuous_0438_S6_strategy2.npz,256-385,-,MEAT,FP
continuous_0438_S6_strategy2.npz,385-513,-,SATURDAY,FP
continuous_0438_S6_strategy2.npz,513-642,-,GREEN,FP
continuous_0438_S6_strategy2.npz,642-771,-,UNDERSTAND,FP
continuous_0438_S6_strategy2.npz,771-900,JUICE,JUICE,TP
continuous_0438_S6_strategy2.npz,127-254,MEAT,-,FN
continuous_0438_S6_strategy2.npz,254-382,SATURDAY,-,FN
continuous_0438_S6_strategy2.npz,382-509,GREEN,-,FN
continuous_0438_S6_strategy2.npz,509-641,UNDERSTAND,-,FN
continuous_0438_S6_strategy2.npz,641-769,SON,-,FN
continuous_0439_S6_strategy2.npz,0-126,BLACK,BLACK,TP
continuous_0439_S6_strategy2.npz,126-255,NINE,NINE,TP
continuous_0439_S6_strategy2.npz,255-382,SLOW,SLOW,TP
continuous_0439_S6_strategy2.npz,382-510,WEDNESDAY,WEDNESDAY,TP
continuous_0439_S6_strategy2.npz,510-637,SEPTEMBER,SEPTEMBER,TP
continuous_0439_S6_strategy2.npz,637-765,CHICKEN,CHICKEN,TP
continuous_0440_S6_strategy2.npz,0-106,MAY,MAY,TP
continuous_0440_S6_strategy2.npz,106-214,TEN,TEN,TP
continuous_0440_S6_strategy2.npz,214-538,THURSDAY,THURSDAY,TP
continuous_0440_S6_strategy2.npz,538-754,CORRECT,CORRECT,TP
continuous_0440_S6_strategy2.npz,375-503,GOOD AFTERNOON,-,FN
continuous_0440_S6_strategy2.npz,642-770,SPAGHETTI,-,FN
continuous_0441_S6_strategy2.npz,0-180,MEAT,MEAT,TP
continuous_0441_S6_strategy2.npz,180-361,GRANDMOTHER,GRANDMOTHER,TP
continuous_0441_S6_strategy2.npz,361-543,ONE,ONE,TP
continuous_0441_S6_strategy2.npz,543-724,MONDAY,MONDAY,TP
continuous_0441_S6_strategy2.npz,724-906,MARCH,MARCH,TP
continuous_0441_S6_strategy2.npz,127-276,HOW ARE YOU,-,FN
continuous_0441_S6_strategy2.npz,794-912,WEELCHAIR PERSON,-,FN
continuous_0442_S6_strategy2.npz,0-294,ORANGE,ORANGE,TP
continuous_0442_S6_strategy2.npz,294-441,CHICKEN,CHICKEN,TP
continuous_0442_S6_strategy2.npz,441-588,OCTOBER,OCTOBER,TP
continuous_0442_S6_strategy2.npz,588-735,NO,NO,TP
continuous_0442_S6_strategy2.npz,735-883,JUICE,JUICE,TP
continuous_0442_S6_strategy2.npz,127-259,THREE,-,FN
continuous_0442_S6_strategy2.npz,762-889,BOY,-,FN
continuous_0443_S6_strategy2.npz,0-111,EGG,EGG,TP
continuous_0443_S6_strategy2.npz,111-222,SUGAR,SUGAR,TP
continuous_0443_S6_strategy2.npz,222-333,WOMAN,WOMAN,TP
continuous_0443_S6_strategy2.npz,333-555,NOVEMBER,NOVEMBER,TP
continuous_0443_S6_strategy2.npz,555-666,PARENTS,PARENTS,TP
continuous_0443_S6_strategy2.npz,666-777,LIGHT,LIGHT,TP
continuous_0443_S6_strategy2.npz,777-888,HELLO,HELLO,TP
continuous_0444_S6_strategy2.npz,0-87,BREAD,BREAD,TP
continuous_0444_S6_strategy2.npz,87-177,TEN,TEN,TP
continuous_0444_S6_strategy2.npz,177-531,-,UNCLE,FP
continuous_0444_S6_strategy2.npz,531-621,-,TODAY,FP
continuous_0444_S6_strategy2.npz,621-709,YOURE WELCOME,YOURE WELCOME,TP
continuous_0444_S6_strategy2.npz,709-798,-,AUGUST,FP
continuous_0444_S6_strategy2.npz,798-888,SUGAR,SUGAR,TP
continuous_0444_S6_strategy2.npz,254-379,ORANGE,-,FN
continuous_0444_S6_strategy2.npz,379-506,TODAY,-,FN
continuous_0444_S6_strategy2.npz,647-775,AUGUST,-,FN
continuous_0445_S6_strategy2.npz,0-108,ORANGE,ORANGE,TP
continuous_0445_S6_strategy2.npz,108-216,WEDNESDAY,WEDNESDAY,TP
continuous_0445_S6_strategy2.npz,216-325,UNCLE,UNCLE,TP
continuous_0445_S6_strategy2.npz,325-435,-,COLD,FP
continuous_0445_S6_strategy2.npz,435-543,-,GOOD AFTERNOON,FP
continuous_0445_S6_strategy2.npz,543-652,GOOD EVENING,GOOD EVENING,TP
continuous_0445_S6_strategy2.npz,652-762,FAST,FAST,TP
continuous_0445_S6_strategy2.npz,376-504,COLD,-,FN
continuous_0446_S6_strategy2.npz,0-150,SON,SON,TP
continuous_0446_S6_strategy2.npz,150-301,VIOLET,VIOLET,TP
continuous_0446_S6_strategy2.npz,301-453,TODAY,TODAY,TP
continuous_0446_S6_strategy2.npz,453-754,FISH,FISH,TP
continuous_0446_S6_strategy2.npz,754-906,FIVE,FIVE,TP
continuous_0446_S6_strategy2.npz,509-648,GOOD AFTERNOON,-,FN
continuous_0446_S6_strategy2.npz,648-775,FEBRUARY,-,FN
continuous_0447_S6_strategy2.npz,0-447,COFFEE,COFFEE,TP
continuous_0447_S6_strategy2.npz,447-559,HELLO,HELLO,TP
continuous_0447_S6_strategy2.npz,559-672,FIVE,FIVE,TP
continuous_0447_S6_strategy2.npz,672-783,-,FEBRUARY,FP
continuous_0447_S6_strategy2.npz,783-895,SHRIMP,SHRIMP,TP
continuous_0447_S6_strategy2.npz,127-243,TUESDAY,-,FN
continuous_0447_S6_strategy2.npz,243-370,MOTHER,-,FN
continuous_0447_S6_strategy2.npz,647-774,FEBRUARY,-,FN
continuous_0448_S6_strategy2.npz,0-192,WOMAN,WOMAN,TP
continuous_0448_S6_strategy2.npz,192-385,SEE YOU TOMORROW,SEE YOU TOMORROW,TP
continuous_0448_S6_strategy2.npz,385-579,SON,SON,TP
continuous_0448_S6_strategy2.npz,579-771,FIVE,FIVE,TP
continuous_0448_S6_strategy2.npz,128-255,ORANGE,-,FN
continuous_0448_S6_strategy2.npz,658-787,JUNE,-,FN
continuous_0449_S6_strategy2.npz,444-666,GIRL,GIRL,TP
continuous_0449_S6_strategy2.npz,666-888,IM FINE,IM FINE,TP
continuous_0449_S6_strategy2.npz,0-122,NO SUGAR,-,FN
continuous_0449_S6_strategy2.npz,122-250,JANUARY,-,FN
continuous_0449_S6_strategy2.npz,250-375,FRIDAY,-,FN
continuous_0449_S6_strategy2.npz,375-501,YELLOW,-,FN
continuous_0449_S6_strategy2.npz,756-894,NINE,-,FN
continuous_0450_S6_strategy2.npz,183-366,SUNDAY,SUNDAY,TP
continuous_0450_S6_strategy2.npz,366-549,WOMAN,WOMAN,TP
continuous_0450_S6_strategy2.npz,549-733,COLD,COLD,TP
continuous_0450_S6_strategy2.npz,733-918,-,RED,FP
continuous_0450_S6_strategy2.npz,0-126,JULY,-,FN
continuous_0450_S6_strategy2.npz,126-279,HOW ARE YOU,-,FN
continuous_0450_S6_strategy2.npz,661-787,RED,-,FN
continuous_0450_S6_strategy2.npz,787-923,SIX,-,FN
continuous_0451_S6_strategy2.npz,0-127,BLACK,BLACK,TP
continuous_0451_S6_strategy2.npz,127-514,TWO,TWO,TP
continuous_0451_S6_strategy2.npz,514-772,GIRL,GIRL,TP
continuous_0451_S6_strategy2.npz,772-901,-,UNCLE,FP
continuous_0451_S6_strategy2.npz,264-406,GOOD AFTERNOON,-,FN
continuous_0451_S6_strategy2.npz,534-653,TOMORROW,-,FN
continuous_0451_S6_strategy2.npz,653-780,UNCLE,-,FN
continuous_0451_S6_strategy2.npz,780-907,JUNE,-,FN
continuous_0452_S6_strategy2.npz,0-126,DARK,DARK,TP
continuous_0452_S6_strategy2.npz,126-252,SEPTEMBER,SEPTEMBER,TP
continuous_0452_S6_strategy2.npz,252-379,-,TWO,FP
continuous_0452_S6_strategy2.npz,379-505,-,THREE,FP
continuous_0452_S6_strategy2.npz,505-633,-,HARD OF HEARING,FP
continuous_0452_S6_strategy2.npz,633-886,-,COUSIN,FP
continuous_0452_S6_strategy2.npz,254-378,TWO,-,FN
continuous_0452_S6_strategy2.npz,378-506,HARD OF HEARING,-,FN
continuous_0452_S6_strategy2.npz,506-634,GOOD MORNING,-,FN
continuous_0452_S6_strategy2.npz,634-761,YESTERDAY,-,FN
continuous_0452_S6_strategy2.npz,761-884,SON,-,FN
continuous_0453_S6_strategy2.npz,333-444,-,TWO,FP
continuous_0453_S6_strategy2.npz,444-555,-,GRANDMOTHER,FP
continuous_0453_S6_strategy2.npz,555-666,-,THANK YOU,FP
continuous_0453_S6_strategy2.npz,666-778,-,BLIND,FP
continuous_0453_S6_strategy2.npz,0-127,OCTOBER,-,FN
continuous_0453_S6_strategy2.npz,127-275,TWO,-,FN
continuous_0453_S6_strategy2.npz,275-402,GRANDMOTHER,-,FN
continuous_0453_S6_strategy2.npz,402-531,THANK YOU,-,FN
continuous_0453_S6_strategy2.npz,531-658,BLIND,-,FN
continuous_0453_S6_strategy2.npz,658-785,PINK,-,FN
continuous_0454_S6_strategy2.npz,0-111,NINE,NINE,TP
continuous_0454_S6_strategy2.npz,111-222,AUNTIE,AUNTIE,TP
continuous_0454_S6_strategy2.npz,222-333,-,DEAF,FP
continuous_0454_S6_strategy2.npz,333-556,RED,RED,TP
continuous_0454_S6_strategy2.npz,556-669,HARD OF HEARING,HARD OF HEARING,TP
continuous_0454_S6_strategy2.npz,669-891,THURSDAY,THURSDAY,TP
continuous_0454_S6_strategy2.npz,380-511,GOOD EVENING,-,FN
continuous_0454_S6_strategy2.npz,768-897,MARCH,-,FN
continuous_0455_S6_strategy2.npz,0-175,-,FRIDAY,FP
continuous_0455_S6_strategy2.npz,175-528,SEE YOU TOMORROW,SEE YOU TOMORROW,TP
continuous_0455_S6_strategy2.npz,528-882,RED,RED,TP
continuous_0455_S6_strategy2.npz,0-127,APRIL,-,FN
continuous_0455_S6_strategy2.npz,127-254,FRIDAY,-,FN
continuous_0455_S6_strategy2.npz,369-496,AUNTIE,-,FN
continuous_0455_S6_strategy2.npz,622-765,EIGHT,-,FN
continuous_0455_S6_strategy2.npz,765-889,GIRL,-,FN
continuous_0456_S6_strategy2.npz,126-253,HELLO,HELLO,TP
continuous_0456_S6_strategy2.npz,253-381,UNCLE,UNCLE,TP
continuous_0456_S6_strategy2.npz,381-508,DEAF,DEAF,TP
continuous_0456_S6_strategy2.npz,508-636,BLACK,BLACK,TP
continuous_0456_S6_strategy2.npz,636-762,ONE,ONE,TP
continuous_0456_S6_strategy2.npz,762-891,MONDAY,MONDAY,TP
continuous_0456_S6_strategy2.npz,0-127,JANUARY,-,FN
continuous_0457_S6_strategy2.npz,0-90,DEAF BLIND,DEAF BLIND,TP
continuous_0457_S6_strategy2.npz,90-181,-,SEE YOU TOMORROW,FP
continuous_0457_S6_strategy2.npz,181-364,FRIDAY,FRIDAY,TP
continuous_0457_S6_strategy2.npz,364-456,-,THREE,FP
continuous_0457_S6_strategy2.npz,456-547,-,AUGUST,FP
continuous_0457_S6_strategy2.npz,547-730,DAUGHTER,DAUGHTER,TP
continuous_0457_S6_strategy2.npz,730-822,-,DAUGHTER,FP
continuous_0457_S6_strategy2.npz,822-913,VIOLET,VIOLET,TP
continuous_0457_S6_strategy2.npz,127-278,SEE YOU TOMORROW,-,FN
continuous_0457_S6_strategy2.npz,406-547,THREE,-,FN
continuous_0457_S6_strategy2.npz,547-674,AUGUST,-,FN
continuous_0458_S6_strategy2.npz,147-589,GRAY,GRAY,TP
continuous_0458_S6_strategy2.npz,589-885,RED,RED,TP
continuous_0458_S6_strategy2.npz,0-126,JANUARY,-,FN
continuous_0458_S6_strategy2.npz,253-377,GRANDMOTHER,-,FN
continuous_0458_S6_strategy2.npz,377-501,VIOLET,-,FN
continuous_0458_S6_strategy2.npz,501-629,ORANGE,-,FN
continuous_0458_S6_strategy2.npz,756-883,WHITE,-,FN
continuous_0459_S6_strategy2.npz,0-126,GREEN,GREEN,TP
continuous_0459_S6_strategy2.npz,126-253,GRAY,GRAY,TP
continuous_0459_S6_strategy2.npz,253-381,-,MARCH,FP
continuous_0459_S6_strategy2.npz,381-507,LIGHT,LIGHT,TP
continuous_0459_S6_strategy2.npz,507-634,DECEMBER,DECEMBER,TP
continuous_0459_S6_strategy2.npz,634-762,-,BROWN,FP
continuous_0459_S6_strategy2.npz,762-889,BLUE,BLUE,TP
continuous_0459_S6_strategy2.npz,254-382,APRIL,-,FN
continuous_0459_S6_strategy2.npz,633-759,BROWN,-,FN
continuous_0460_S6_strategy2.npz,126-252,BLUE,BLUE,TP
continuous_0460_S6_strategy2.npz,252-378,BLACK,BLACK,TP
continuous_0460_S6_strategy2.npz,378-630,GRAY,GRAY,TP
continuous_0460_S6_strategy2.npz,630-756,GREEN,GREEN,TP
continuous_0460_S6_strategy2.npz,756-882,WHITE,WHITE,TP
continuous_0460_S6_strategy2.npz,0-128,APRIL,-,FN
continuous_0460_S6_strategy2.npz,502-633,FOUR,-,FN
continuous_0461_S6_strategy2.npz,0-192,-,FIVE,FP
continuous_0461_S6_strategy2.npz,192-384,YELLOW,YELLOW,TP
continuous_0461_S6_strategy2.npz,384-577,GIRL,GIRL,TP
continuous_0461_S6_strategy2.npz,577-771,WEDNESDAY,WEDNESDAY,TP
continuous_0461_S6_strategy2.npz,0-127,FATHER,-,FN
continuous_0461_S6_strategy2.npz,127-266,FIVE,-,FN
continuous_0461_S6_strategy2.npz,648-777,JUNE,-,FN
continuous_0462_S6_strategy2.npz,0-126,BROWN,BROWN,TP
continuous_0462_S6_strategy2.npz,126-381,-,MARCH,FP
continuous_0462_S6_strategy2.npz,381-507,-,BLACK,FP
continuous_0462_S6_strategy2.npz,507-634,YELLOW,YELLOW,TP
continuous_0462_S6_strategy2.npz,634-762,DECEMBER,DECEMBER,TP
continuous_0462_S6_strategy2.npz,762-889,WHITE,WHITE,TP
continuous_0462_S6_strategy2.npz,128-255,APRIL,-,FN
continuous_0462_S6_strategy2.npz,255-376,APRIL,-,FN
continuous_0462_S6_strategy2.npz,376-503,ORANGE,-,FN
continuous_0463_S6_strategy2.npz,0-120,RED,RED,TP
continuous_0463_S6_strategy2.npz,120-240,-,FOUR,FP
continuous_0463_S6_strategy2.npz,240-361,PARENTS,PARENTS,TP
continuous_0463_S6_strategy2.npz,361-481,COUSIN,COUSIN,TP
continuous_0463_S6_strategy2.npz,481-844,TEN,TEN,TP
continuous_0463_S6_strategy2.npz,127-216,FOUR,-,FN
continuous_0463_S6_strategy2.npz,605-729,FEBRUARY,-,FN
continuous_0463_S6_strategy2.npz,729-856,RED,-,FN
continuous_0464_S6_strategy2.npz,0-147,GREEN,GREEN,TP
continuous_0464_S6_strategy2.npz,147-297,OCTOBER,OCTOBER,TP
continuous_0464_S6_strategy2.npz,297-445,PINK,PINK,TP
continuous_0464_S6_strategy2.npz,445-594,YELLOW,YELLOW,TP
continuous_0464_S6_strategy2.npz,594-744,GRANDFATHER,GRANDFATHER,TP
continuous_0464_S6_strategy2.npz,744-892,BLUE,BLUE,TP
continuous_0464_S6_strategy2.npz,763-889,PINK,-,FN
continuous_0465_S6_strategy2.npz,0-288,-,DECEMBER,FP
continuous_0465_S6_strategy2.npz,288-384,AUNTIE,AUNTIE,TP
continuous_0465_S6_strategy2.npz,0-127,JULY,-,FN
continuous_0465_S6_strategy2.npz,127-254,WHITE,-,FN
continuous_0466_S6_strategy2.npz,0-127,FATHER,-,FN
continuous_0467_S7_strategy2.npz,0-480,LIGHT,LIGHT,TP
continuous_0467_S7_strategy2.npz,480-639,SEVEN,SEVEN,TP
continuous_0467_S7_strategy2.npz,639-799,BEER,BEER,TP
continuous_0467_S7_strategy2.npz,0-127,YESTERDAY,-,FN
continuous_0467_S7_strategy2.npz,255-383,COUSIN,-,FN
continuous_0467_S7_strategy2.npz,383-531,MAY,-,FN
continuous_0468_S7_strategy2.npz,0-112,-,COUSIN,FP
continuous_0468_S7_strategy2.npz,112-339,COLD,COLD,TP
continuous_0468_S7_strategy2.npz,339-451,-,DON’T KNOW,FP
continuous_0468_S7_strategy2.npz,451-564,-,HELLO,FP
continuous_0468_S7_strategy2.npz,564-678,YOURE WELCOME,YOURE WELCOME,TP
continuous_0468_S7_strategy2.npz,678-790,-,BLIND,FP
continuous_0468_S7_strategy2.npz,790-903,-,PINK,FP
continuous_0468_S7_strategy2.npz,0-127,WHITE,-,FN
continuous_0468_S7_strategy2.npz,127-255,COUSIN,-,FN
continuous_0468_S7_strategy2.npz,383-520,DON’T KNOW,-,FN
continuous_0468_S7_strategy2.npz,658-785,BLIND,-,FN
continuous_0468_S7_strategy2.npz,785-912,SATURDAY,-,FN
continuous_0469_S7_strategy2.npz,0-132,-,SHRIMP,FP
continuous_0469_S7_strategy2.npz,132-264,TODAY,TODAY,TP
continuous_0469_S7_strategy2.npz,264-528,VIOLET,VIOLET,TP
continuous_0469_S7_strategy2.npz,528-660,-,KNOW,FP
continuous_0469_S7_strategy2.npz,660-792,MAN,MAN,TP
continuous_0469_S7_strategy2.npz,0-127,SON,-,FN
continuous_0469_S7_strategy2.npz,382-522,KNOW,-,FN
continuous_0469_S7_strategy2.npz,522-662,FOUR,-,FN
continuous_0470_S7_strategy2.npz,0-102,BEER,BEER,TP
continuous_0470_S7_strategy2.npz,102-204,-,MILK,FP
continuous_0470_S7_strategy2.npz,204-307,DARK,DARK,TP
continuous_0470_S7_strategy2.npz,307-411,-,SIX,FP
continuous_0470_S7_strategy2.npz,411-720,BLIND,BLIND,TP
continuous_0470_S7_strategy2.npz,720-822,YESTERDAY,YESTERDAY,TP
continuous_0470_S7_strategy2.npz,822-925,-,SEPTEMBER,FP
continuous_0470_S7_strategy2.npz,254-395,SIX,-,FN
continuous_0470_S7_strategy2.npz,523-656,GOOD EVENING,-,FN
continuous_0470_S7_strategy2.npz,783-931,NOVEMBER,-,FN
continuous_0471_S7_strategy2.npz,0-127,BOY,BOY,TP
continuous_0471_S7_strategy2.npz,127-255,TEA,TEA,TP
continuous_0471_S7_strategy2.npz,255-384,THANK YOU,THANK YOU,TP
continuous_0471_S7_strategy2.npz,384-639,BLUE,BLUE,TP
continuous_0471_S7_strategy2.npz,639-768,AUNTIE,AUNTIE,TP
continuous_0471_S7_strategy2.npz,521-649,SHRIMP,-,FN
continuous_0472_S7_strategy2.npz,0-220,RED,RED,TP
continuous_0472_S7_strategy2.npz,220-442,GIRL,GIRL,TP
continuous_0472_S7_strategy2.npz,442-664,THANK YOU,THANK YOU,TP
continuous_0472_S7_strategy2.npz,664-886,RICE,RICE,TP
continuous_0472_S7_strategy2.npz,127-250,MARCH,-,FN
continuous_0472_S7_strategy2.npz,513-640,TOMORROW,-,FN
continuous_0472_S7_strategy2.npz,640-767,HOT,-,FN
continuous_0473_S7_strategy2.npz,0-375,-,DECEMBER,FP
continuous_0473_S7_strategy2.npz,375-469,-,DON’T KNOW,FP
continuous_0473_S7_strategy2.npz,469-564,SUGAR,SUGAR,TP
continuous_0473_S7_strategy2.npz,564-751,VIOLET,VIOLET,TP
continuous_0473_S7_strategy2.npz,751-846,MARRIED,MARRIED,TP
continuous_0473_S7_strategy2.npz,846-939,PARENTS,PARENTS,TP
continuous_0473_S7_strategy2.npz,0-148,OCTOBER,-,FN
continuous_0473_S7_strategy2.npz,148-288,EIGHT,-,FN
continuous_0473_S7_strategy2.npz,288-426,DON’T KNOW,-,FN
continuous_0474_S7_strategy2.npz,150-301,CRAB,CRAB,TP
continuous_0474_S7_strategy2.npz,301-604,BLIND,BLIND,TP
continuous_0474_S7_strategy2.npz,604-756,-,UNDERSTAND,FP
continuous_0474_S7_strategy2.npz,756-907,-,LIGHT,FP
continuous_0474_S7_strategy2.npz,0-139,JANUARY,-,FN
continuous_0474_S7_strategy2.npz,394-538,UNDERSTAND,-,FN
continuous_0474_S7_strategy2.npz,538-664,LIGHT,-,FN
continuous_0474_S7_strategy2.npz,664-786,HELLO,-,FN
continuous_0474_S7_strategy2.npz,786-913,AUNTIE,-,FN
continuous_0475_S7_strategy2.npz,0-132,VIOLET,VIOLET,TP
continuous_0475_S7_strategy2.npz,132-264,CHICKEN,CHICKEN,TP
continuous_0475_S7_strategy2.npz,264-660,MARRIED,MARRIED,TP
continuous_0475_S7_strategy2.npz,660-793,SLOW,SLOW,TP
continuous_0475_S7_strategy2.npz,376-513,SEE YOU TOMORROW,-,FN
continuous_0475_S7_strategy2.npz,513-662,OCTOBER,-,FN
continuous_0476_S7_strategy2.npz,132-265,SATURDAY,SATURDAY,TP
continuous_0476_S7_strategy2.npz,265-399,WRONG,WRONG,TP
continuous_0476_S7_strategy2.npz,399-531,DARK,DARK,TP
continuous_0476_S7_strategy2.npz,531-664,DEAF,DEAF,TP
continuous_0476_S7_strategy2.npz,664-798,EGG,EGG,TP
continuous_0476_S7_strategy2.npz,798-930,GRANDMOTHER,GRANDMOTHER,TP
continuous_0476_S7_strategy2.npz,0-148,JUNE,-,FN
continuous_0477_S7_strategy2.npz,0-136,SUGAR,SUGAR,TP
continuous_0477_S7_strategy2.npz,136-274,FISH,FISH,TP
continuous_0477_S7_strategy2.npz,274-412,SEPTEMBER,SEPTEMBER,TP
continuous_0477_S7_strategy2.npz,412-549,FOUR,FOUR,TP
continuous_0477_S7_strategy2.npz,549-687,-,GOOD AFTERNOON,FP
continuous_0477_S7_strategy2.npz,687-825,TUESDAY,TUESDAY,TP
continuous_0477_S7_strategy2.npz,544-682,GOOD EVENING,-,FN
continuous_0478_S7_strategy2.npz,0-306,GOOD MORNING,GOOD MORNING,TP
continuous_0478_S7_strategy2.npz,306-408,MEAT,MEAT,TP
continuous_0478_S7_strategy2.npz,408-510,GIRL,GIRL,TP
continuous_0478_S7_strategy2.npz,510-613,-,NO,FP
continuous_0478_S7_strategy2.npz,613-819,-,YES,FP
continuous_0478_S7_strategy2.npz,145-293,OCTOBER,-,FN
continuous_0478_S7_strategy2.npz,548-687,NO,-,FN
continuous_0478_S7_strategy2.npz,687-826,EIGHT,-,FN
continuous_0479_S7_strategy2.npz,0-109,MILK,MILK,TP
continuous_0479_S7_strategy2.npz,109-220,MOTHER,MOTHER,TP
continuous_0479_S7_strategy2.npz,220-330,-,WOMAN,FP
continuous_0479_S7_strategy2.npz,330-441,-,CRAB,FP
continuous_0479_S7_strategy2.npz,441-552,-,TOMORROW,FP
continuous_0479_S7_strategy2.npz,552-663,-,SEE YOU TOMORROW,FP
continuous_0479_S7_strategy2.npz,663-774,-,TOMORROW,FP
continuous_0479_S7_strategy2.npz,774-885,-,SEE YOU TOMORROW,FP
continuous_0479_S7_strategy2.npz,252-379,MAN,-,FN
continuous_0479_S7_strategy2.npz,379-507,CRAB,-,FN
continuous_0479_S7_strategy2.npz,507-634,TOMORROW,-,FN
continuous_0479_S7_strategy2.npz,634-767,SEE YOU TOMORROW,-,FN
continuous_0479_S7_strategy2.npz,767-891,SIX,-,FN
continuous_0480_S7_strategy2.npz,0-157,KNOW,KNOW,TP
continuous_0480_S7_strategy2.npz,157-474,COFFEE,COFFEE,TP
continuous_0480_S7_strategy2.npz,474-633,SPAGHETTI,SPAGHETTI,TP
continuous_0480_S7_strategy2.npz,633-792,GRANDMOTHER,GRANDMOTHER,TP
continuous_0480_S7_strategy2.npz,264-406,APRIL,-,FN
continuous_0480_S7_strategy2.npz,534-663,SEVEN,-,FN
continuous_0481_S7_strategy2.npz,0-150,HOT,HOT,TP
continuous_0481_S7_strategy2.npz,150-300,THURSDAY,THURSDAY,TP
continuous_0481_S7_strategy2.npz,300-600,SPAGHETTI,SPAGHETTI,TP
continuous_0481_S7_strategy2.npz,600-750,NICE TO MEET YOU,NICE TO MEET YOU,TP
continuous_0481_S7_strategy2.npz,750-900,MOTHER,MOTHER,TP
continuous_0481_S7_strategy2.npz,381-522,EIGHT,-,FN
continuous_0481_S7_strategy2.npz,782-905,YES,-,FN
continuous_0482_S7_strategy2.npz,0-129,MEAT,MEAT,TP
continuous_0482_S7_strategy2.npz,129-258,THANK YOU,THANK YOU,TP
continuous_0482_S7_strategy2.npz,258-387,BEER,BEER,TP
continuous_0482_S7_strategy2.npz,387-516,GRANDMOTHER,GRANDMOTHER,TP
continuous_0482_S7_strategy2.npz,516-645,LIGHT,LIGHT,TP
continuous_0482_S7_strategy2.npz,645-904,-,SUNDAY,FP
continuous_0482_S7_strategy2.npz,638-777,YES,-,FN
continuous_0482_S7_strategy2.npz,777-912,WOMAN,-,FN
continuous_0483_S7_strategy2.npz,0-132,THANK YOU,THANK YOU,TP
continuous_0483_S7_strategy2.npz,132-265,GRAY,GRAY,TP
continuous_0483_S7_strategy2.npz,265-399,-,SEPTEMBER,FP
continuous_0483_S7_strategy2.npz,399-531,MOTHER,MOTHER,TP
continuous_0483_S7_strategy2.npz,531-664,DON’T UNDERSTAND,DON’T UNDERSTAND,TP
continuous_0483_S7_strategy2.npz,664-798,HARD OF HEARING,HARD OF HEARING,TP
continuous_0483_S7_strategy2.npz,265-413,JUNE,-,FN
continuous_0484_S7_strategy2.npz,0-133,WEDNESDAY,WEDNESDAY,TP
continuous_0484_S7_strategy2.npz,133-268,SPAGHETTI,SPAGHETTI,TP
continuous_0484_S7_strategy2.npz,268-672,DARK,DARK,TP
continuous_0484_S7_strategy2.npz,672-807,COFFEE,COFFEE,TP
continuous_0484_S7_strategy2.npz,277-415,HELLO,-,FN
continuous_0484_S7_strategy2.npz,543-685,EIGHT,-,FN
continuous_0485_S7_strategy2.npz,468-585,-,SEPTEMBER,FP
continuous_0485_S7_strategy2.npz,585-702,NICE TO MEET YOU,NICE TO MEET YOU,TP
continuous_0485_S7_strategy2.npz,702-819,UNCLE,UNCLE,TP
continuous_0485_S7_strategy2.npz,819-937,EGG,EGG,TP
continuous_0485_S7_strategy2.npz,0-144,UNDERSTAND,-,FN
continuous_0485_S7_strategy2.npz,144-264,HARD OF HEARING,-,FN
continuous_0485_S7_strategy2.npz,264-405,SEVEN,-,FN
continuous_0485_S7_strategy2.npz,405-554,NOVEMBER,-,FN
continuous_0486_S7_strategy2.npz,0-136,YELLOW,YELLOW,TP
continuous_0486_S7_strategy2.npz,136-273,CHICKEN,CHICKEN,TP
continuous_0486_S7_strategy2.npz,273-411,MONDAY,MONDAY,TP
continuous_0486_S7_strategy2.npz,411-547,SEPTEMBER,SEPTEMBER,TP
continuous_0486_S7_strategy2.npz,547-684,GOOD EVENING,GOOD EVENING,TP
continuous_0486_S7_strategy2.npz,684-822,CORRECT,CORRECT,TP
continuous_0487_S7_strategy2.npz,0-252,GIRL,GIRL,TP
continuous_0487_S7_strategy2.npz,252-506,MEAT,MEAT,TP
continuous_0487_S7_strategy2.npz,506-633,-,FATHER,FP
continuous_0487_S7_strategy2.npz,633-760,NICE TO MEET YOU,NICE TO MEET YOU,TP
continuous_0487_S7_strategy2.npz,760-888,GREEN,GREEN,TP
continuous_0487_S7_strategy2.npz,126-250,EIGHT,-,FN
continuous_0487_S7_strategy2.npz,377-504,YESTERDAY,-,FN
continuous_0487_S7_strategy2.npz,504-631,UNCLE,-,FN
continuous_0488_S7_strategy2.npz,0-159,FEBRUARY,FEBRUARY,TP
continuous_0488_S7_strategy2.npz,159-318,THANK YOU,THANK YOU,TP
continuous_0488_S7_strategy2.npz,318-477,BREAD,BREAD,TP
continuous_0488_S7_strategy2.npz,477-636,JUICE,JUICE,TP
continuous_0488_S7_strategy2.npz,636-795,TUESDAY,TUESDAY,TP
continuous_0488_S7_strategy2.npz,795-954,CORRECT,CORRECT,TP
continuous_0488_S7_strategy2.npz,268-407,NINE,-,FN
continuous_0489_S7_strategy2.npz,0-114,EGG,EGG,TP
continuous_0489_S7_strategy2.npz,114-342,SEPTEMBER,SEPTEMBER,TP
continuous_0489_S7_strategy2.npz,342-570,TEN,TEN,TP
continuous_0489_S7_strategy2.npz,570-684,BROWN,BROWN,TP
continuous_0489_S7_strategy2.npz,684-798,FRIDAY,FRIDAY,TP
continuous_0489_S7_strategy2.npz,276-411,SEE YOU TOMORROW,-,FN
continuous_0490_S7_strategy2.npz,0-132,MARRIED,MARRIED,TP
continuous_0490_S7_strategy2.npz,132-265,FISH,FISH,TP
continuous_0490_S7_strategy2.npz,265-399,WINE,WINE,TP
continuous_0490_S7_strategy2.npz,399-531,MONDAY,MONDAY,TP
continuous_0490_S7_strategy2.npz,531-664,VIOLET,VIOLET,TP
continuous_0490_S7_strategy2.npz,664-930,MARCH,MARCH,TP
continuous_0490_S7_strategy2.npz,792-928,FOUR,-,FN
continuous_0491_S7_strategy2.npz,0-109,SATURDAY,SATURDAY,TP
continuous_0491_S7_strategy2.npz,109-220,FEBRUARY,FEBRUARY,TP
continuous_0491_S7_strategy2.npz,220-331,-,AUNTIE,FP
continuous_0491_S7_strategy2.npz,331-553,BLIND,BLIND,TP
continuous_0491_S7_strategy2.npz,553-664,-,BLIND,FP
continuous_0491_S7_strategy2.npz,664-775,-,HOT,FP
continuous_0491_S7_strategy2.npz,266-392,AUNTIE,-,FN
continuous_0491_S7_strategy2.npz,519-647,HOT,-,FN
continuous_0491_S7_strategy2.npz,647-773,BLACK,-,FN
continuous_0492_S7_strategy2.npz,0-198,-,IM FINE,FP
continuous_0492_S7_strategy2.npz,198-399,-,GIRL,FP
continuous_0492_S7_strategy2.npz,399-598,-,CORRECT,FP
continuous_0492_S7_strategy2.npz,598-798,AUNTIE,AUNTIE,TP
continuous_0492_S7_strategy2.npz,0-127,BEER,-,FN
continuous_0492_S7_strategy2.npz,127-266,APRIL,-,FN
continuous_0492_S7_strategy2.npz,266-403,IM FINE,-,FN
continuous_0492_S7_strategy2.npz,403-530,GIRL,-,FN
continuous_0492_S7_strategy2.npz,530-679,CORRECT,-,FN
continuous_0493_S7_strategy2.npz,0-114,CRAB,CRAB,TP
continuous_0493_S7_strategy2.npz,114-228,TWO,TWO,TP
continuous_0493_S7_strategy2.npz,228-342,-,CORRECT,FP
continuous_0493_S7_strategy2.npz,342-456,DON’T KNOW,DON’T KNOW,TP
continuous_0493_S7_strategy2.npz,456-685,-,APRIL,FP
continuous_0493_S7_strategy2.npz,685-799,BLACK,BLACK,TP
continuous_0493_S7_strategy2.npz,799-915,COUSIN,COUSIN,TP
continuous_0493_S7_strategy2.npz,407-544,GOOD EVENING,-,FN
continuous_0493_S7_strategy2.npz,544-667,APRIL,-,FN
continuous_0494_S7_strategy2.npz,189-283,-,TOMORROW,FP
continuous_0494_S7_strategy2.npz,283-568,-,TEN,FP
continuous_0494_S7_strategy2.npz,568-663,-,DAUGHTER,FP
continuous_0494_S7_strategy2.npz,663-759,-,COLD,FP
continuous_0494_S7_strategy2.npz,759-853,-,YELLOW,FP
continuous_0494_S7_strategy2.npz,853-948,-,AUGUST,FP
continuous_0494_S7_strategy2.npz,0-149,TUESDAY,-,FN
continuous_0494_S7_strategy2.npz,149-287,TEN,-,FN
continuous_0494_S7_strategy2.npz,287-414,DAUGHTER,-,FN
continuous_0494_S7_strategy2.npz,414-542,COLD,-,FN
continuous_0494_S7_strategy2.npz,542-669,YELLOW,-,FN
continuous_0494_S7_strategy2.npz,669-817,AUGUST,-,FN
continuous_0494_S7_strategy2.npz,817-945,BLIND,-,FN
continuous_0495_S7_strategy2.npz,0-151,-,CHICKEN,FP
continuous_0495_S7_strategy2.npz,151-304,-,WEDNESDAY,FP
continuous_0495_S7_strategy2.npz,304-457,-,FIVE,FP
continuous_0495_S7_strategy2.npz,457-763,THANK YOU,THANK YOU,TP
continuous_0495_S7_strategy2.npz,763-916,DEAF,DEAF,TP
continuous_0495_S7_strategy2.npz,0-127,FATHER,-,FN
continuous_0495_S7_strategy2.npz,127-254,CHICKEN,-,FN
continuous_0495_S7_strategy2.npz,254-384,WEDNESDAY,-,FN
continuous_0495_S7_strategy2.npz,384-526,FIVE,-,FN
continuous_0495_S7_strategy2.npz,668-796,JUNE,-,FN
continuous_0496_S7_strategy2.npz,0-115,BREAD,BREAD,TP
continuous_0496_S7_strategy2.npz,115-348,GREEN,GREEN,TP
continuous_0496_S7_strategy2.npz,348-465,GOOD AFTERNOON,GOOD AFTERNOON,TP
continuous_0496_S7_strategy2.npz,465-582,-,TODAY,FP
continuous_0496_S7_strategy2.npz,582-699,-,SUNDAY,FP
continuous_0496_S7_strategy2.npz,699-816,WRONG,WRONG,TP
continuous_0496_S7_strategy2.npz,816-933,DECEMBER,DECEMBER,TP
continuous_0496_S7_strategy2.npz,254-393,SIX,-,FN
continuous_0496_S7_strategy2.npz,528-649,SUNDAY,-,FN
continuous_0497_S7_strategy2.npz,0-130,WRONG,WRONG,TP
continuous_0497_S7_strategy2.npz,130-262,GIRL,GIRL,TP
continuous_0497_S7_strategy2.npz,262-393,SON,SON,TP
continuous_0497_S7_strategy2.npz,393-525,GOOD MORNING,GOOD MORNING,TP
continuous_0497_S7_strategy2.npz,525-657,TODAY,TODAY,TP
continuous_0497_S7_strategy2.npz,657-789,PINK,PINK,TP
continuous_0497_S7_strategy2.npz,789-921,FIVE,FIVE,TP
continuous_0498_S7_strategy2.npz,0-157,BREAD,BREAD,TP
continuous_0498_S7_strategy2.npz,157-315,GOOD AFTERNOON,GOOD AFTERNOON,TP
continuous_0498_S7_strategy2.npz,315-474,WEELCHAIR PERSON,WEELCHAIR PERSON,TP
continuous_0498_S7_strategy2.npz,474-792,SUNDAY,SUNDAY,TP
continuous_0498_S7_strategy2.npz,391-522,KNOW,-,FN
continuous_0498_S7_strategy2.npz,649-798,JUNE,-,FN
continuous_0499_S7_strategy2.npz,0-163,SHRIMP,SHRIMP,TP
continuous_0499_S7_strategy2.npz,163-328,YES,YES,TP
continuous_0499_S7_strategy2.npz,328-492,-,DAUGHTER,FP
continuous_0499_S7_strategy2.npz,492-657,-,TEN,FP
continuous_0499_S7_strategy2.npz,657-822,DEAF,DEAF,TP
continuous_0499_S7_strategy2.npz,265-414,JUNE,-,FN
continuous_0499_S7_strategy2.npz,414-542,SON,-,FN
continuous_0499_S7_strategy2.npz,542-692,ONE,-,FN
continuous_0500_S7_strategy2.npz,0-117,FAST,FAST,TP
continuous_0500_S7_strategy2.npz,117-354,-,TUESDAY,FP
continuous_0500_S7_strategy2.npz,354-471,-,GOOD AFTERNOON,FP
continuous_0500_S7_strategy2.npz,471-589,DEAF BLIND,DEAF BLIND,TP
continuous_0500_S7_strategy2.npz,589-708,BLACK,BLACK,TP
continuous_0500_S7_strategy2.npz,708-825,SON,SON,TP
continuous_0500_S7_strategy2.npz,825-945,-,SEPTEMBER,FP
continuous_0500_S7_strategy2.npz,142-290,TUESDAY,-,FN
continuous_0500_S7_strategy2.npz,290-412,GOOD EVENING,-,FN
continuous_0500_S7_strategy2.npz,792-941,NOVEMBER,-,FN
continuous_0501_S7_strategy2.npz,0-196,-,FAST,FP
continuous_0501_S7_strategy2.npz,196-393,-,GREEN,FP
continuous_0501_S7_strategy2.npz,393-591,-,EGG,FP
continuous_0501_S7_strategy2.npz,591-787,TODAY,TODAY,TP
continuous_0501_S7_strategy2.npz,0-126,BOY,-,FN
continuous_0501_S7_strategy2.npz,126-267,FIVE,-,FN
continuous_0501_S7_strategy2.npz,267-404,FAST,-,FN
continuous_0501_S7_strategy2.npz,404-531,GREEN,-,FN
continuous_0501_S7_strategy2.npz,531-658,EGG,-,FN
continuous_0502_S7_strategy2.npz,0-348,TOMORROW,TOMORROW,TP
continuous_0502_S7_strategy2.npz,348-582,BLACK,BLACK,TP
continuous_0502_S7_strategy2.npz,582-699,COLD,COLD,TP
continuous_0502_S7_strategy2.npz,699-816,KNOW,KNOW,TP
continuous_0502_S7_strategy2.npz,127-276,OCTOBER,-,FN
continuous_0502_S7_strategy2.npz,404-547,ONE,-,FN
continuous_0503_S7_strategy2.npz,0-226,CRAB,CRAB,TP
continuous_0503_S7_strategy2.npz,226-453,MARCH,MARCH,TP
continuous_0503_S7_strategy2.npz,453-681,WINE,WINE,TP
continuous_0503_S7_strategy2.npz,681-793,WOMAN,WOMAN,TP
continuous_0503_S7_strategy2.npz,793-907,YELLOW,YELLOW,TP
continuous_0503_S7_strategy2.npz,126-266,GOOD AFTERNOON,-,FN
continuous_0503_S7_strategy2.npz,534-663,TOMORROW,-,FN
continuous_0504_S7_strategy2.npz,0-112,BEER,BEER,TP
continuous_0504_S7_strategy2.npz,112-226,CHICKEN,CHICKEN,TP
continuous_0504_S7_strategy2.npz,226-453,DECEMBER,DECEMBER,TP
continuous_0504_S7_strategy2.npz,453-567,ORANGE,ORANGE,TP
continuous_0504_S7_strategy2.npz,567-681,YES,YES,TP
continuous_0504_S7_strategy2.npz,681-795,SON,SON,TP
continuous_0505_S7_strategy2.npz,0-150,DEAF BLIND,DEAF BLIND,TP
continuous_0505_S7_strategy2.npz,150-300,MILK,MILK,TP
continuous_0505_S7_strategy2.npz,300-450,SATURDAY,SATURDAY,TP
continuous_0505_S7_strategy2.npz,450-600,IM FINE,IM FINE,TP
continuous_0505_S7_strategy2.npz,600-750,FAST,FAST,TP
continuous_0505_S7_strategy2.npz,750-900,TEN,TEN,TP
continuous_0505_S7_strategy2.npz,766-908,MARCH,-,FN
continuous_0506_S7_strategy2.npz,0-364,HOT,HOT,TP
continuous_0506_S7_strategy2.npz,364-546,-,UNDERSTAND,FP
continuous_0506_S7_strategy2.npz,546-729,-,THURSDAY,FP
continuous_0506_S7_strategy2.npz,729-912,-,DAUGHTER,FP
continuous_0506_S7_strategy2.npz,126-276,UNDERSTAND,-,FN
continuous_0506_S7_strategy2.npz,276-404,THURSDAY,-,FN
continuous_0506_S7_strategy2.npz,404-531,DAUGHTER,-,FN
continuous_0506_S7_strategy2.npz,531-658,MARCH,-,FN
continuous_0506_S7_strategy2.npz,658-784,HARD OF HEARING,-,FN
continuous_0506_S7_strategy2.npz,784-920,GOOD MORNING,-,FN
continuous_0507_S7_strategy2.npz,0-265,WEDNESDAY,WEDNESDAY,TP
continuous_0507_S7_strategy2.npz,265-531,WEELCHAIR PERSON,WEELCHAIR PERSON,TP
continuous_0507_S7_strategy2.npz,531-798,MOTHER,MOTHER,TP
continuous_0507_S7_strategy2.npz,0-125,BLUE,-,FN
continuous_0507_S7_strategy2.npz,402-539,YOURE WELCOME,-,FN
continuous_0507_S7_strategy2.npz,668-804,ONE,-,FN
continuous_0508_S7_strategy2.npz,0-132,MEAT,MEAT,TP
continuous_0508_S7_strategy2.npz,132-396,UNCLE,UNCLE,TP
continuous_0508_S7_strategy2.npz,396-660,YOURE WELCOME,YOURE WELCOME,TP
continuous_0508_S7_strategy2.npz,660-792,SLOW,SLOW,TP
continuous_0508_S7_strategy2.npz,792-924,SUNDAY,SUNDAY,TP
continuous_0508_S7_strategy2.npz,126-253,RED,-,FN
continuous_0508_S7_strategy2.npz,518-657,TEN,-,FN
continuous_0509_S7_strategy2.npz,0-111,IM FINE,IM FINE,TP
continuous_0509_S7_strategy2.npz,111-225,SUNDAY,SUNDAY,TP
continuous_0509_S7_strategy2.npz,225-336,JUICE,JUICE,TP
continuous_0509_S7_strategy2.npz,336-562,NO,NO,TP
continuous_0509_S7_strategy2.npz,562-675,SHRIMP,SHRIMP,TP
continuous_0509_S7_strategy2.npz,675-900,SON,SON,TP
continuous_0509_S7_strategy2.npz,779-907,BLUE,-,FN
continuous_0510_S7_strategy2.npz,0-129,-,FRIDAY,FP
continuous_0510_S7_strategy2.npz,129-258,DARK,DARK,TP
continuous_0510_S7_strategy2.npz,258-388,JUICE,JUICE,TP
continuous_0510_S7_strategy2.npz,388-519,UNCLE,UNCLE,TP
continuous_0510_S7_strategy2.npz,519-648,-,APRIL,FP
continuous_0510_S7_strategy2.npz,648-778,HOW ARE YOU,HOW ARE YOU,TP
continuous_0510_S7_strategy2.npz,0-128,FRIDAY,-,FN
continuous_0510_S7_strategy2.npz,504-648,APRIL,-,FN
continuous_0511_S7_strategy2.npz,0-111,THREE,THREE,TP
continuous_0511_S7_strategy2.npz,111-222,WEELCHAIR PERSON,WEELCHAIR PERSON,TP
continuous_0511_S7_strategy2.npz,222-333,RED,RED,TP
continuous_0511_S7_strategy2.npz,333-444,-,DEAF BLIND,FP
continuous_0511_S7_strategy2.npz,444-555,YES,YES,TP
continuous_0511_S7_strategy2.npz,555-666,IM FINE,IM FINE,TP
continuous_0511_S7_strategy2.npz,666-778,-,WEDNESDAY,FP
continuous_0511_S7_strategy2.npz,658-787,FRIDAY,-,FN
continuous_0512_S7_strategy2.npz,0-132,DECEMBER,DECEMBER,TP
continuous_0512_S7_strategy2.npz,132-399,DEAF BLIND,DEAF BLIND,TP
continuous_0512_S7_strategy2.npz,399-534,CRAB,CRAB,TP
continuous_0512_S7_strategy2.npz,534-666,GRANDFATHER,GRANDFATHER,TP
continuous_0512_S7_strategy2.npz,666-801,MILK,MILK,TP
continuous_0512_S7_strategy2.npz,277-417,SEVEN,-,FN
continuous_0513_S7_strategy2.npz,0-153,YES,YES,TP
continuous_0513_S7_strategy2.npz,153-306,SUNDAY,SUNDAY,TP
continuous_0513_S7_strategy2.npz,306-459,GRAY,GRAY,TP
continuous_0513_S7_strategy2.npz,459-612,COFFEE,COFFEE,TP
continuous_0513_S7_strategy2.npz,612-766,IM FINE,IM FINE,TP
continuous_0513_S7_strategy2.npz,651-774,HARD OF HEARING,-,FN
continuous_0514_S7_strategy2.npz,0-99,VIOLET,VIOLET,TP
continuous_0514_S7_strategy2.npz,99-199,-,DARK,FP
continuous_0514_S7_strategy2.npz,199-300,CHICKEN,CHICKEN,TP
continuous_0514_S7_strategy2.npz,300-399,-,TEA,FP
continuous_0514_S7_strategy2.npz,399-499,-,JUICE,FP
continuous_0514_S7_strategy2.npz,499-600,-,FAST,FP
continuous_0514_S7_strategy2.npz,600-799,PARENTS,PARENTS,TP
continuous_0514_S7_strategy2.npz,799-900,TOMORROW,TOMORROW,TP
continuous_0514_S7_strategy2.npz,254-378,JUICE,-,FN
continuous_0514_S7_strategy2.npz,378-498,FAST,-,FN
continuous_0514_S7_strategy2.npz,498-642,THREE,-,FN
continuous_0515_S7_strategy2.npz,0-253,-,WINE,FP
continuous_0515_S7_strategy2.npz,253-507,DON’T UNDERSTAND,DON’T UNDERSTAND,TP
continuous_0515_S7_strategy2.npz,507-762,AUNTIE,AUNTIE,TP
continuous_0515_S7_strategy2.npz,0-128,DECEMBER,-,FN
continuous_0515_S7_strategy2.npz,128-270,YOURE WELCOME,-,FN
continuous_0515_S7_strategy2.npz,270-397,WINE,-,FN
continuous_0515_S7_strategy2.npz,649-771,CHICKEN,-,FN
continuous_0516_S7_strategy2.npz,0-130,-,ONE,FP
continuous_0516_S7_strategy2.npz,130-523,DEAF,DEAF,TP
continuous_0516_S7_strategy2.npz,523-654,TODAY,TODAY,TP
continuous_0516_S7_strategy2.npz,654-786,SHRIMP,SHRIMP,TP
continuous_0516_S7_strategy2.npz,786-916,COFFEE,COFFEE,TP
continuous_0516_S7_strategy2.npz,0-122,ONE,-,FN
continuous_0516_S7_strategy2.npz,122-266,DON’T UNDERSTAND,-,FN
continuous_0516_S7_strategy2.npz,388-536,MAY,-,FN
continuous_0517_S7_strategy2.npz,0-114,DON’T KNOW,DON’T KNOW,TP
continuous_0517_S7_strategy2.npz,114-229,SUGAR,SUGAR,TP
continuous_0517_S7_strategy2.npz,229-345,SATURDAY,SATURDAY,TP
continuous_0517_S7_strategy2.npz,345-459,-,MARRIED,FP
continuous_0517_S7_strategy2.npz,459-574,-,LONGANISA,FP
continuous_0517_S7_strategy2.npz,574-690,-,AUGUST,FP
continuous_0517_S7_strategy2.npz,690-804,-,TOMORROW,FP
continuous_0517_S7_strategy2.npz,804-921,SEE YOU TOMORROW,SEE YOU TOMORROW,TP
continuous_0517_S7_strategy2.npz,394-521,MARRIED,-,FN
continuous_0517_S7_strategy2.npz,521-649,LONGANISA,-,FN
continuous_0517_S7_strategy2.npz,649-798,AUGUST,-,FN
continuous_0518_S7_strategy2.npz,229-345,RICE,RICE,TP
continuous_0518_S7_strategy2.npz,345-460,DON’T UNDERSTAND,DON’T UNDERSTAND,TP
continuous_0518_S7_strategy2.npz,460-576,WEDNESDAY,WEDNESDAY,TP
continuous_0518_S7_strategy2.npz,576-805,PINK,PINK,TP
continuous_0518_S7_strategy2.npz,805-921,UNCLE,UNCLE,TP
continuous_0518_S7_strategy2.npz,0-126,SIX,-,FN
continuous_0518_S7_strategy2.npz,643-792,JULY,-,FN
continuous_0519_S7_strategy2.npz,0-108,-,FRIDAY,FP
continuous_0519_S7_strategy2.npz,108-217,-,WEDNESDAY,FP
continuous_0519_S7_strategy2.npz,217-327,CRAB,CRAB,TP
continuous_0519_S7_strategy2.npz,327-546,SLOW,SLOW,TP
continuous_0519_S7_strategy2.npz,546-654,GIRL,GIRL,TP
continuous_0519_S7_strategy2.npz,654-765,WINE,WINE,TP
continuous_0519_S7_strategy2.npz,0-121,FRIDAY,-,FN
continuous_0519_S7_strategy2.npz,388-508,NINE,-,FN
continuous_0520_S7_strategy2.npz,315-474,HOW ARE YOU,HOW ARE YOU,TP
continuous_0520_S7_strategy2.npz,474-631,-,UNDERSTAND,FP
continuous_0520_S7_strategy2.npz,631-790,-,BLUE,FP
continuous_0520_S7_strategy2.npz,0-139,TWO,-,FN
continuous_0520_S7_strategy2.npz,139-279,JANUARY,-,FN
continuous_0520_S7_strategy2.npz,415-542,DAUGHTER,-,FN
continuous_0520_S7_strategy2.npz,542-670,UNDERSTAND,-,FN
continuous_0520_S7_strategy2.npz,670-797,DARK,-,FN
continuous_0521_S7_strategy2.npz,150-301,FRIDAY,FRIDAY,TP
continuous_0521_S7_strategy2.npz,301-453,SEE YOU TOMORROW,SEE YOU TOMORROW,TP
continuous_0521_S7_strategy2.npz,453-603,MAN,MAN,TP
continuous_0521_S7_strategy2.npz,603-756,MOTHER,MOTHER,TP
continuous_0521_S7_strategy2.npz,0-126,HOT,-,FN
continuous_0521_S7_strategy2.npz,637-764,WHITE,-,FN
continuous_0522_S7_strategy2.npz,405-540,NO,NO,TP
continuous_0522_S7_strategy2.npz,540-675,BOY,BOY,TP
continuous_0522_S7_strategy2.npz,675-810,DAUGHTER,DAUGHTER,TP
continuous_0522_S7_strategy2.npz,0-126,FRIDAY,-,FN
continuous_0522_S7_strategy2.npz,126-267,MAY,-,FN
continuous_0522_S7_strategy2.npz,267-415,THREE,-,FN
continuous_0523_S7_strategy2.npz,0-115,WRONG,WRONG,TP
continuous_0523_S7_strategy2.npz,115-231,SUGAR,SUGAR,TP
continuous_0523_S7_strategy2.npz,231-348,BROWN,BROWN,TP
continuous_0523_S7_strategy2.npz,348-696,DEAF,DEAF,TP
continuous_0523_S7_strategy2.npz,696-811,FISH,FISH,TP
continuous_0523_S7_strategy2.npz,811-927,GRANDFATHER,GRANDFATHER,TP
continuous_0523_S7_strategy2.npz,523-671,JULY,-,FN
continuous_0524_S7_strategy2.npz,0-154,BROWN,BROWN,TP
continuous_0524_S7_strategy2.npz,154-310,MILK,MILK,TP
continuous_0524_S7_strategy2.npz,310-466,THANK YOU,THANK YOU,TP
continuous_0524_S7_strategy2.npz,466-621,KNOW,KNOW,TP
continuous_0524_S7_strategy2.npz,621-777,MEAT,MEAT,TP
continuous_0524_S7_strategy2.npz,777-933,SEPTEMBER,SEPTEMBER,TP
continuous_0524_S7_strategy2.npz,126-254,THREE,-,FN
continuous_0525_S7_strategy2.npz,0-153,GRANDMOTHER,GRANDMOTHER,TP
continuous_0525_S7_strategy2.npz,153-306,LONGANISA,LONGANISA,TP
continuous_0525_S7_strategy2.npz,306-459,TWO,TWO,TP
continuous_0525_S7_strategy2.npz,459-612,HARD OF HEARING,HARD OF HEARING,TP
continuous_0525_S7_strategy2.npz,612-766,NO SUGAR,NO SUGAR,TP
continuous_0525_S7_strategy2.npz,396-510,YOURE WELCOME,-,FN
continuous_0526_S7_strategy2.npz,0-225,DECEMBER,DECEMBER,TP
continuous_0526_S7_strategy2.npz,225-339,CRAB,CRAB,TP
continuous_0526_S7_strategy2.npz,339-453,YOURE WELCOME,YOURE WELCOME,TP
continuous_0526_S7_strategy2.npz,453-678,NO SUGAR,NO SUGAR,TP
continuous_0526_S7_strategy2.npz,678-792,GRANDFATHER,GRANDFATHER,TP
continuous_0526_S7_strategy2.npz,545-672,ONE,-,FN
continuous_0527_S7_strategy2.npz,0-156,GRANDFATHER,GRANDFATHER,TP
continuous_0527_S7_strategy2.npz,156-312,PINK,PINK,TP
continuous_0527_S7_strategy2.npz,312-469,CHICKEN,CHICKEN,TP
continuous_0527_S7_strategy2.npz,469-783,NO SUGAR,NO SUGAR,TP
continuous_0527_S7_strategy2.npz,508-642,GOOD AFTERNOON,-,FN
continuous_0527_S7_strategy2.npz,642-790,JULY,-,FN
continuous_0528_S7_strategy2.npz,0-195,TEA,TEA,TP
continuous_0528_S7_strategy2.npz,195-585,-,DEAF,FP
continuous_0528_S7_strategy2.npz,585-780,-,PARENTS,FP
continuous_0528_S7_strategy2.npz,127-252,TUESDAY,-,FN
continuous_0528_S7_strategy2.npz,252-378,JULY,-,FN
continuous_0528_S7_strategy2.npz,378-517,HELLO,-,FN
continuous_0528_S7_strategy2.npz,517-662,DON’T UNDERSTAND,-,FN
continuous_0528_S7_strategy2.npz,662-788,PARENTS,-,FN
continuous_0529_S7_strategy2.npz,0-129,GREEN,GREEN,TP
continuous_0529_S7_strategy2.npz,129-259,TEN,TEN,TP
continuous_0529_S7_strategy2.npz,259-390,YESTERDAY,YESTERDAY,TP
continuous_0529_S7_strategy2.npz,390-520,GOOD AFTERNOON,GOOD AFTERNOON,TP
continuous_0529_S7_strategy2.npz,520-651,WEELCHAIR PERSON,WEELCHAIR PERSON,TP
continuous_0529_S7_strategy2.npz,651-781,SHRIMP,SHRIMP,TP
continuous_0530_S7_strategy2.npz,0-130,COFFEE,COFFEE,TP
continuous_0530_S7_strategy2.npz,130-261,CORRECT,CORRECT,TP
continuous_0530_S7_strategy2.npz,261-393,MEAT,MEAT,TP
continuous_0530_S7_strategy2.npz,393-523,WOMAN,WOMAN,TP
continuous_0530_S7_strategy2.npz,523-786,YESTERDAY,YESTERDAY,TP
continuous_0530_S7_strategy2.npz,786-916,-,LIGHT,FP
continuous_0530_S7_strategy2.npz,645-773,LIGHT,-,FN
continuous_0530_S7_strategy2.npz,773-915,TEN,-,FN
continuous_0531_S7_strategy2.npz,0-192,FIVE,FIVE,TP
continuous_0531_S7_strategy2.npz,192-289,GOOD AFTERNOON,GOOD AFTERNOON,TP
continuous_0531_S7_strategy2.npz,289-483,SPAGHETTI,SPAGHETTI,TP
continuous_0531_S7_strategy2.npz,483-774,FATHER,FATHER,TP
continuous_0531_S7_strategy2.npz,394-525,MAY,-,FN
continuous_0531_S7_strategy2.npz,652-782,DON’T KNOW,-,FN
continuous_0532_S7_strategy2.npz,0-100,LONGANISA,LONGANISA,TP
continuous_0532_S7_strategy2.npz,100-403,TODAY,TODAY,TP
continuous_0532_S7_strategy2.npz,403-504,NICE TO MEET YOU,NICE TO MEET YOU,TP
continuous_0532_S7_strategy2.npz,504-606,-,GREEN,FP
continuous_0532_S7_strategy2.npz,606-909,SUGAR,SUGAR,TP
continuous_0532_S7_strategy2.npz,253-393,EIGHT,-,FN
continuous_0532_S7_strategy2.npz,531-660,GREEN,-,FN
continuous_0532_S7_strategy2.npz,789-915,FATHER,-,FN
continuous_0533_S7_strategy2.npz,0-129,-,AUGUST,FP
continuous_0533_S7_strategy2.npz,129-259,CORRECT,CORRECT,TP
continuous_0533_S7_strategy2.npz,259-390,PARENTS,PARENTS,TP
continuous_0533_S7_strategy2.npz,390-519,FISH,FISH,TP
continuous_0533_S7_strategy2.npz,519-649,BLUE,BLUE,TP
continuous_0533_S7_strategy2.npz,649-780,COFFEE,COFFEE,TP
continuous_0533_S7_strategy2.npz,0-149,MAY,-,FN
continuous_0534_S7_strategy2.npz,0-129,NO,NO,TP
continuous_0534_S7_strategy2.npz,129-259,SEPTEMBER,SEPTEMBER,TP
continuous_0534_S7_strategy2.npz,259-390,BLACK,BLACK,TP
continuous_0534_S7_strategy2.npz,390-519,NICE TO MEET YOU,NICE TO MEET YOU,TP
continuous_0534_S7_strategy2.npz,519-649,THURSDAY,THURSDAY,TP
continuous_0534_S7_strategy2.npz,649-780,BOY,BOY,TP
continuous_0535_S7_strategy2.npz,0-111,MOTHER,MOTHER,TP
continuous_0535_S7_strategy2.npz,111-222,NICE TO MEET YOU,NICE TO MEET YOU,TP
continuous_0535_S7_strategy2.npz,222-333,-,ONE,FP
continuous_0535_S7_strategy2.npz,333-666,BREAD,BREAD,TP
continuous_0535_S7_strategy2.npz,666-777,WEELCHAIR PERSON,WEELCHAIR PERSON,TP
continuous_0535_S7_strategy2.npz,264-403,ONE,-,FN
continuous_0535_S7_strategy2.npz,531-657,MONDAY,-,FN
continuous_0536_S7_strategy2.npz,0-156,CORRECT,CORRECT,TP
continuous_0536_S7_strategy2.npz,156-312,LIGHT,LIGHT,TP
continuous_0536_S7_strategy2.npz,312-469,MONDAY,MONDAY,TP
continuous_0536_S7_strategy2.npz,469-625,COLD,COLD,TP
continuous_0536_S7_strategy2.npz,625-939,COUSIN,COUSIN,TP
continuous_0536_S7_strategy2.npz,417-543,BOY,-,FN
continuous_0536_S7_strategy2.npz,796-938,FOUR,-,FN
continuous_0537_S7_strategy2.npz,0-126,HELLO,HELLO,TP
continuous_0537_S7_strategy2.npz,126-253,KNOW,KNOW,TP
continuous_0537_S7_strategy2.npz,253-381,LONGANISA,LONGANISA,TP
continuous_0537_S7_strategy2.npz,381-507,GRAY,GRAY,TP
continuous_0537_S7_strategy2.npz,507-634,-,WEDNESDAY,FP
continuous_0537_S7_strategy2.npz,634-762,TEA,TEA,TP
continuous_0537_S7_strategy2.npz,514-638,FRIDAY,-,FN
continuous_0538_S7_strategy2.npz,0-117,-,DEAF BLIND,FP
continuous_0538_S7_strategy2.npz,117-235,-,SLOW,FP
continuous_0538_S7_strategy2.npz,235-471,-,AUGUST,FP
continuous_0538_S7_strategy2.npz,471-589,-,FIVE,FP
continuous_0538_S7_strategy2.npz,589-825,NO SUGAR,NO SUGAR,TP
continuous_0538_S7_strategy2.npz,825-945,-,AUNTIE,FP
continuous_0538_S7_strategy2.npz,0-127,DARK,-,FN
continuous_0538_S7_strategy2.npz,127-255,DEAF BLIND,-,FN
continuous_0538_S7_strategy2.npz,255-397,SLOW,-,FN
continuous_0538_S7_strategy2.npz,397-546,AUGUST,-,FN
continuous_0538_S7_strategy2.npz,546-688,FIVE,-,FN
continuous_0538_S7_strategy2.npz,815-942,AUNTIE,-,FN
continuous_0539_S7_strategy2.npz,0-96,TOMORROW,TOMORROW,TP
continuous_0539_S7_strategy2.npz,96-192,FATHER,FATHER,TP
continuous_0539_S7_strategy2.npz,192-288,-,THREE,FP
continuous_0539_S7_strategy2.npz,288-385,-,GOOD MORNING,FP
continuous_0539_S7_strategy2.npz,385-483,-,TOMORROW,FP
continuous_0539_S7_strategy2.npz,483-579,SEE YOU TOMORROW,SEE YOU TOMORROW,TP
continuous_0539_S7_strategy2.npz,579-675,SLOW,SLOW,TP
continuous_0539_S7_strategy2.npz,675-772,NO SUGAR,NO SUGAR,TP
continuous_0539_S7_strategy2.npz,249-392,THREE,-,FN
continuous_0540_S7_strategy2.npz,0-127,-,YELLOW,FP
continuous_0540_S7_strategy2.npz,127-642,LONGANISA,LONGANISA,TP
continuous_0540_S7_strategy2.npz,642-771,UNDERSTAND,UNDERSTAND,TP
continuous_0540_S7_strategy2.npz,771-900,TEA,TEA,TP
continuous_0540_S7_strategy2.npz,0-125,YELLOW,-,FN
continuous_0540_S7_strategy2.npz,252-380,WEELCHAIR PERSON,-,FN
continuous_0540_S7_strategy2.npz,380-509,GOOD EVENING,-,FN
continuous_0540_S7_strategy2.npz,509-636,YESTERDAY,-,FN
continuous_0541_S7_strategy2.npz,0-135,-,MARRIED,FP
continuous_0541_S7_strategy2.npz,135-540,APRIL,APRIL,TP
continuous_0541_S7_strategy2.npz,540-675,GRAY,GRAY,TP
continuous_0541_S7_strategy2.npz,675-810,IM FINE,IM FINE,TP
continuous_0541_S7_strategy2.npz,810-945,MONDAY,MONDAY,TP
continuous_0541_S7_strategy2.npz,0-140,FIVE,-,FN
continuous_0541_S7_strategy2.npz,140-268,MARRIED,-,FN
continuous_0541_S7_strategy2.npz,409-536,FATHER,-,FN
continuous_0542_S7_strategy2.npz,0-129,GOOD MORNING,GOOD MORNING,TP
continuous_0542_S7_strategy2.npz,129-261,DON’T KNOW,DON’T KNOW,TP
continuous_0542_S7_strategy2.npz,261-391,-,FIVE,FP
continuous_0542_S7_strategy2.npz,391-522,-,DEAF BLIND,FP
continuous_0542_S7_strategy2.npz,522-652,-,DEAF,FP
continuous_0542_S7_strategy2.npz,652-915,COUSIN,COUSIN,TP
continuous_0542_S7_strategy2.npz,269-381,MAY,-,FN
continuous_0542_S7_strategy2.npz,381-508,FIVE,-,FN
continuous_0542_S7_strategy2.npz,508-636,DEAF BLIND,-,FN
continuous_0542_S7_strategy2.npz,764-913,MONDAY,-,FN
continuous_0543_S7_strategy2.npz,0-222,DEAF,DEAF,TP
continuous_0543_S7_strategy2.npz,222-333,TODAY,TODAY,TP
continuous_0543_S7_strategy2.npz,333-555,-,SEPTEMBER,FP
continuous_0543_S7_strategy2.npz,555-666,-,RICE,FP
continuous_0543_S7_strategy2.npz,666-778,-,MILK,FP
continuous_0543_S7_strategy2.npz,248-396,NOVEMBER,-,FN
continuous_0543_S7_strategy2.npz,396-524,RICE,-,FN
continuous_0543_S7_strategy2.npz,524-652,MILK,-,FN
continuous_0543_S7_strategy2.npz,652-777,THREE,-,FN
continuous_0544_S7_strategy2.npz,0-130,FISH,FISH,TP
continuous_0544_S7_strategy2.npz,130-394,WINE,WINE,TP
continuous_0544_S7_strategy2.npz,394-525,SLOW,SLOW,TP
continuous_0544_S7_strategy2.npz,525-657,-,WOMAN,FP
continuous_0544_S7_strategy2.npz,657-789,GRANDMOTHER,GRANDMOTHER,TP
continuous_0544_S7_strategy2.npz,254-402,MAY,-,FN
continuous_0544_S7_strategy2.npz,525-660,WOMAN,-,FN
continuous_0545_S7_strategy2.npz,0-226,-,FIVE,FP
continuous_0545_S7_strategy2.npz,226-340,YES,YES,TP
continuous_0545_S7_strategy2.npz,340-454,LIGHT,LIGHT,TP
continuous_0545_S7_strategy2.npz,454-568,WINE,WINE,TP
continuous_0545_S7_strategy2.npz,568-682,-,SEPTEMBER,FP
continuous_0545_S7_strategy2.npz,682-796,BLIND,BLIND,TP
continuous_0545_S7_strategy2.npz,0-125,FIVE,-,FN
continuous_0545_S7_strategy2.npz,519-667,JUNE,-,FN
continuous_0546_S7_strategy2.npz,0-130,CHICKEN,CHICKEN,TP
continuous_0546_S7_strategy2.npz,130-523,COLD,COLD,TP
continuous_0546_S7_strategy2.npz,523-654,NO,NO,TP
continuous_0546_S7_strategy2.npz,654-786,PARENTS,PARENTS,TP
continuous_0546_S7_strategy2.npz,255-404,JUNE,-,FN
continuous_0546_S7_strategy2.npz,404-532,DEAF,-,FN
continuous_0547_S7_strategy2.npz,0-195,MILK,MILK,TP
continuous_0547_S7_strategy2.npz,195-391,FEBRUARY,FEBRUARY,TP
continuous_0547_S7_strategy2.npz,391-588,-,VIOLET,FP
continuous_0547_S7_strategy2.npz,588-783,-,BREAD,FP
continuous_0547_S7_strategy2.npz,266-394,VIOLET,-,FN
continuous_0547_S7_strategy2.npz,394-521,BREAD,-,FN
continuous_0547_S7_strategy2.npz,521-647,BOY,-,FN
continuous_0547_S7_strategy2.npz,647-782,FOUR,-,FN
continuous_0548_S7_strategy2.npz,0-336,SPAGHETTI,SPAGHETTI,TP
continuous_0548_S7_strategy2.npz,336-448,YES,YES,TP
continuous_0548_S7_strategy2.npz,448-561,COUSIN,COUSIN,TP
continuous_0548_S7_strategy2.npz,561-672,SATURDAY,SATURDAY,TP
continuous_0548_S7_strategy2.npz,672-784,COFFEE,COFFEE,TP
continuous_0548_S7_strategy2.npz,784-897,DEAF BLIND,DEAF BLIND,TP
continuous_0548_S7_strategy2.npz,126-251,ONE,-,FN
continuous_0549_S7_strategy2.npz,0-400,NICE TO MEET YOU,NICE TO MEET YOU,TP
continuous_0549_S7_strategy2.npz,400-534,SLOW,SLOW,TP
continuous_0549_S7_strategy2.npz,534-667,-,EGG,FP
continuous_0549_S7_strategy2.npz,667-936,-,THREE,FP
continuous_0549_S7_strategy2.npz,138-270,GRANDFATHER,-,FN
continuous_0549_S7_strategy2.npz,416-544,EGG,-,FN
continuous_0549_S7_strategy2.npz,544-670,THREE,-,FN
continuous_0549_S7_strategy2.npz,670-795,HARD OF HEARING,-,FN
continuous_0549_S7_strategy2.npz,795-943,AUGUST,-,FN
continuous_0550_S7_strategy2.npz,157-315,-,GRANDFATHER,FP
continuous_0550_S7_strategy2.npz,315-474,THURSDAY,THURSDAY,TP
continuous_0550_S7_strategy2.npz,474-631,PINK,PINK,TP
continuous_0550_S7_strategy2.npz,631-789,TEA,TEA,TP
continuous_0550_S7_strategy2.npz,0-141,FAST,-,FN
continuous_0550_S7_strategy2.npz,141-277,SEVEN,-,FN
continuous_0550_S7_strategy2.npz,277-404,GRANDFATHER,-,FN
continuous_0551_S7_strategy2.npz,0-225,RED,RED,TP
continuous_0551_S7_strategy2.npz,225-339,GRANDMOTHER,GRANDMOTHER,TP
continuous_0551_S7_strategy2.npz,339-565,SUGAR,SUGAR,TP
continuous_0551_S7_strategy2.npz,565-792,SATURDAY,SATURDAY,TP
continuous_0551_S7_strategy2.npz,792-906,GIRL,GIRL,TP
continuous_0551_S7_strategy2.npz,127-263,NINE,-,FN
continuous_0551_S7_strategy2.npz,645-776,UNDERSTAND,-,FN
continuous_0552_S7_strategy2.npz,0-132,NO,NO,TP
continuous_0552_S7_strategy2.npz,132-267,GOOD MORNING,GOOD MORNING,TP
continuous_0552_S7_strategy2.npz,267-400,BLACK,BLACK,TP
continuous_0552_S7_strategy2.npz,400-534,MAN,MAN,TP
continuous_0552_S7_strategy2.npz,534-667,BEER,BEER,TP
continuous_0552_S7_strategy2.npz,667-936,TEN,TEN,TP
continuous_0552_S7_strategy2.npz,794-942,MAY,-,FN
continuous_0553_S7_strategy2.npz,0-231,GOOD MORNING,GOOD MORNING,TP
continuous_0553_S7_strategy2.npz,231-463,RED,RED,TP
continuous_0553_S7_strategy2.npz,463-579,LONGANISA,LONGANISA,TP
continuous_0553_S7_strategy2.npz,579-696,WEELCHAIR PERSON,WEELCHAIR PERSON,TP
continuous_0553_S7_strategy2.npz,696-927,WRONG,WRONG,TP
continuous_0553_S7_strategy2.npz,137-286,OCTOBER,-,FN
continuous_0553_S7_strategy2.npz,808-935,NINE,-,FN
continuous_0554_S7_strategy2.npz,0-153,PARENTS,PARENTS,TP
continuous_0554_S7_strategy2.npz,153-306,KNOW,KNOW,TP
continuous_0554_S7_strategy2.npz,306-459,LONGANISA,LONGANISA,TP
continuous_0554_S7_strategy2.npz,459-612,-,GOOD AFTERNOON,FP
continuous_0554_S7_strategy2.npz,612-765,HARD OF HEARING,HARD OF HEARING,TP
continuous_0554_S7_strategy2.npz,765-918,WEDNESDAY,WEDNESDAY,TP
continuous_0554_S7_strategy2.npz,395-526,GOOD EVENING,-,FN
continuous_0554_S7_strategy2.npz,782-924,NINE,-,FN
continuous_0555_S7_strategy2.npz,0-133,HOW ARE YOU,HOW ARE YOU,TP
continuous_0555_S7_strategy2.npz,133-267,SON,SON,TP
continuous_0555_S7_strategy2.npz,267-402,DECEMBER,DECEMBER,TP
continuous_0555_S7_strategy2.npz,402-537,-,TWO,FP
continuous_0555_S7_strategy2.npz,537-670,SATURDAY,SATURDAY,TP
continuous_0555_S7_strategy2.npz,670-804,PINK,PINK,TP
continuous_0555_S7_strategy2.npz,804-939,SLOW,SLOW,TP
continuous_0555_S7_strategy2.npz,415-553,TWO,-,FN
continuous_0556_S7_strategy2.npz,0-159,SUNDAY,SUNDAY,TP
continuous_0556_S7_strategy2.npz,159-319,-,FAST,FP
continuous_0556_S7_strategy2.npz,319-480,FEBRUARY,FEBRUARY,TP
continuous_0556_S7_strategy2.npz,480-639,ORANGE,ORANGE,TP
continuous_0556_S7_strategy2.npz,639-801,-,GIRL,FP
continuous_0556_S7_strategy2.npz,127-268,TWO,-,FN
continuous_0556_S7_strategy2.npz,268-406,FAST,-,FN
continuous_0556_S7_strategy2.npz,675-798,HOT,-,FN
continuous_0557_S7_strategy2.npz,0-127,SEPTEMBER,SEPTEMBER,TP
continuous_0557_S7_strategy2.npz,127-256,WRONG,WRONG,TP
continuous_0557_S7_strategy2.npz,256-384,ORANGE,ORANGE,TP
continuous_0557_S7_strategy2.npz,384-513,PARENTS,PARENTS,TP
continuous_0557_S7_strategy2.npz,513-642,BEER,BEER,TP
continuous_0557_S7_strategy2.npz,642-771,HOW ARE YOU,HOW ARE YOU,TP
continuous_0558_S7_strategy2.npz,0-132,WOMAN,WOMAN,TP
continuous_0558_S7_strategy2.npz,132-264,MARCH,MARCH,TP
continuous_0558_S7_strategy2.npz,264-396,TUESDAY,TUESDAY,TP
continuous_0558_S7_strategy2.npz,396-529,BLUE,BLUE,TP
continuous_0558_S7_strategy2.npz,529-661,-,GOOD MORNING,FP
continuous_0558_S7_strategy2.npz,661-795,COLD,COLD,TP
continuous_0558_S7_strategy2.npz,795-927,CRAB,CRAB,TP
continuous_0558_S7_strategy2.npz,542-679,GOOD MORNING,-,FN
continuous_0559_S7_strategy2.npz,0-112,THANK YOU,THANK YOU,TP
continuous_0559_S7_strategy2.npz,112-226,-,SEPTEMBER,FP
continuous_0559_S7_strategy2.npz,226-453,RICE,RICE,TP
continuous_0559_S7_strategy2.npz,453-567,FAST,FAST,TP
continuous_0559_S7_strategy2.npz,567-795,-,GREEN,FP
continuous_0559_S7_strategy2.npz,137-286,NOVEMBER,-,FN
continuous_0559_S7_strategy2.npz,552-680,YELLOW,-,FN
continuous_0559_S7_strategy2.npz,680-802,TEA,-,FN
continuous_0560_S7_strategy2.npz,0-102,-,MAN,FP
continuous_0560_S7_strategy2.npz,102-204,-,BOY,FP
continuous_0560_S7_strategy2.npz,204-306,SEE YOU TOMORROW,SEE YOU TOMORROW,TP
continuous_0560_S7_strategy2.npz,306-511,TUESDAY,TUESDAY,TP
continuous_0560_S7_strategy2.npz,511-613,GRAY,GRAY,TP
continuous_0560_S7_strategy2.npz,613-717,-,MARRIED,FP
continuous_0560_S7_strategy2.npz,717-819,-,DAUGHTER,FP
continuous_0560_S7_strategy2.npz,819-921,MARCH,MARCH,TP
continuous_0560_S7_strategy2.npz,0-127,MAN,-,FN
continuous_0560_S7_strategy2.npz,537-664,DAUGHTER,-,FN
continuous_0560_S7_strategy2.npz,664-805,ONE,-,FN
continuous_0561_S7_strategy2.npz,0-127,SUNDAY,SUNDAY,TP
continuous_0561_S7_strategy2.npz,127-255,WRONG,WRONG,TP
continuous_0561_S7_strategy2.npz,255-640,WOMAN,WOMAN,TP
continuous_0561_S7_strategy2.npz,640-769,-,BREAD,FP
continuous_0561_S7_strategy2.npz,395-507,JUICE,-,FN
continuous_0561_S7_strategy2.npz,507-630,BREAD,-,FN
continuous_0561_S7_strategy2.npz,630-769,APRIL,-,FN
continuous_0562_S7_strategy2.npz,0-111,DON’T UNDERSTAND,DON’T UNDERSTAND,TP
continuous_0562_S7_strategy2.npz,111-222,THREE,THREE,TP
continuous_0562_S7_strategy2.npz,222-445,MAN,MAN,TP
continuous_0562_S7_strategy2.npz,445-558,IM FINE,IM FINE,TP
continuous_0562_S7_strategy2.npz,558-669,THURSDAY,THURSDAY,TP
continuous_0562_S7_strategy2.npz,669-780,GREEN,GREEN,TP
continuous_0562_S7_strategy2.npz,780-892,LONGANISA,LONGANISA,TP
continuous_0563_S7_strategy2.npz,0-115,WINE,WINE,TP
continuous_0563_S7_strategy2.npz,115-465,MOTHER,MOTHER,TP
continuous_0563_S7_strategy2.npz,465-580,-,FOUR,FP
continuous_0563_S7_strategy2.npz,580-696,BREAD,BREAD,TP
continuous_0563_S7_strategy2.npz,696-813,WEDNESDAY,WEDNESDAY,TP
continuous_0563_S7_strategy2.npz,255-395,UNDERSTAND,-,FN
continuous_0563_S7_strategy2.npz,395-534,FOUR,-,FN
continuous_0564_S7_strategy2.npz,0-195,SHRIMP,SHRIMP,TP
continuous_0564_S7_strategy2.npz,195-393,FATHER,FATHER,TP
continuous_0564_S7_strategy2.npz,393-588,-,JUICE,FP
continuous_0564_S7_strategy2.npz,588-786,-,SEPTEMBER,FP
continuous_0564_S7_strategy2.npz,250-377,JUICE,-,FN
continuous_0564_S7_strategy2.npz,377-518,TWO,-,FN
continuous_0564_S7_strategy2.npz,518-656,APRIL,-,FN
continuous_0564_S7_strategy2.npz,656-784,MAN,-,FN
continuous_0565_S7_strategy2.npz,0-115,BEER,BEER,TP
continuous_0565_S7_strategy2.npz,115-348,MONDAY,MONDAY,TP
continuous_0565_S7_strategy2.npz,348-465,-,GOOD EVENING,FP
continuous_0565_S7_strategy2.npz,465-816,NO,NO,TP
continuous_0565_S7_strategy2.npz,276-411,GOOD AFTERNOON,-,FN
continuous_0565_S7_strategy2.npz,553-682,MAY,-,FN
continuous_0565_S7_strategy2.npz,682-822,SEVEN,-,FN
continuous_0566_S7_strategy2.npz,0-159,DAUGHTER,DAUGHTER,TP
continuous_0566_S7_strategy2.npz,159-321,DEAF,DEAF,TP
continuous_0566_S7_strategy2.npz,321-480,WINE,WINE,TP
continuous_0566_S7_strategy2.npz,480-642,TUESDAY,TUESDAY,TP
continuous_0566_S7_strategy2.npz,642-802,EGG,EGG,TP
continuous_0566_S7_strategy2.npz,659-800,THREE,-,FN
continuous_0567_S7_strategy2.npz,0-96,YELLOW,YELLOW,TP
continuous_0567_S7_strategy2.npz,96-193,-,APRIL,FP
continuous_0567_S7_strategy2.npz,193-291,-,SHRIMP,FP
continuous_0567_S7_strategy2.npz,291-484,YOURE WELCOME,YOURE WELCOME,TP
continuous_0567_S7_strategy2.npz,484-582,-,YOURE WELCOME,FP
continuous_0567_S7_strategy2.npz,582-678,SUNDAY,SUNDAY,TP
continuous_0567_S7_strategy2.npz,678-777,UNCLE,UNCLE,TP
continuous_0567_S7_strategy2.npz,125-263,APRIL,-,FN
continuous_0567_S7_strategy2.npz,263-391,SHRIMP,-,FN
continuous_0568_S7_strategy2.npz,0-154,-,FAST,FP
continuous_0568_S7_strategy2.npz,154-309,-,HELLO,FP
continuous_0568_S7_strategy2.npz,309-465,-,RICE,FP
continuous_0568_S7_strategy2.npz,465-621,-,SEPTEMBER,FP
continuous_0568_S7_strategy2.npz,621-777,NO SUGAR,NO SUGAR,TP
continuous_0568_S7_strategy2.npz,0-126,THURSDAY,-,FN
continuous_0568_S7_strategy2.npz,126-265,FAST,-,FN
continuous_0568_S7_strategy2.npz,265-383,HELLO,-,FN
continuous_0568_S7_strategy2.npz,383-511,RICE,-,FN
continuous_0568_S7_strategy2.npz,511-659,NOVEMBER,-,FN
continuous_0569_S7_strategy2.npz,0-262,COFFEE,COFFEE,TP
continuous_0569_S7_strategy2.npz,262-393,-,RICE,FP
continuous_0569_S7_strategy2.npz,393-525,-,GRANDFATHER,FP
continuous_0569_S7_strategy2.npz,525-657,-,TODAY,FP
continuous_0569_S7_strategy2.npz,657-789,-,LIGHT,FP
continuous_0569_S7_strategy2.npz,789-921,-,SEPTEMBER,FP
continuous_0569_S7_strategy2.npz,127-250,RICE,-,FN
continuous_0569_S7_strategy2.npz,250-375,GRANDFATHER,-,FN
continuous_0569_S7_strategy2.npz,375-502,TODAY,-,FN
continuous_0569_S7_strategy2.npz,502-629,LIGHT,-,FN
continuous_0569_S7_strategy2.npz,629-777,SEPTEMBER,-,FN
continuous_0569_S7_strategy2.npz,777-919,DON’T UNDERSTAND,-,FN
continuous_0570_S7_strategy2.npz,117-234,-,SEPTEMBER,FP
continuous_0570_S7_strategy2.npz,234-352,MONDAY,MONDAY,TP
continuous_0570_S7_strategy2.npz,352-469,WOMAN,WOMAN,TP
continuous_0570_S7_strategy2.npz,469-588,PINK,PINK,TP
continuous_0570_S7_strategy2.npz,588-705,-,WHITE,FP
continuous_0570_S7_strategy2.npz,705-823,-,DAUGHTER,FP
continuous_0570_S7_strategy2.npz,0-149,OCTOBER,-,FN
continuous_0570_S7_strategy2.npz,552-679,DAUGHTER,-,FN
continuous_0570_S7_strategy2.npz,679-820,SIX,-,FN
continuous_0571_S7_strategy2.npz,0-180,UNDERSTAND,UNDERSTAND,TP
continuous_0571_S7_strategy2.npz,180-360,AUNTIE,AUNTIE,TP
continuous_0571_S7_strategy2.npz,360-540,HOT,HOT,TP
continuous_0571_S7_strategy2.npz,540-720,-,SHRIMP,FP
continuous_0571_S7_strategy2.npz,720-900,-,LIGHT,FP
continuous_0571_S7_strategy2.npz,394-521,SHRIMP,-,FN
continuous_0571_S7_strategy2.npz,521-649,LIGHT,-,FN
continuous_0571_S7_strategy2.npz,649-778,BOY,-,FN
continuous_0571_S7_strategy2.npz,778-899,YOURE WELCOME,-,FN
continuous_0572_S7_strategy2.npz,0-198,NO,NO,TP
continuous_0572_S7_strategy2.npz,198-498,MOTHER,MOTHER,TP
continuous_0572_S7_strategy2.npz,498-597,-,TEA,FP
continuous_0572_S7_strategy2.npz,597-697,MARRIED,MARRIED,TP
continuous_0572_S7_strategy2.npz,697-897,BREAD,BREAD,TP
continuous_0572_S7_strategy2.npz,249-373,WHITE,-,FN
continuous_0572_S7_strategy2.npz,373-501,TEA,-,FN
continuous_0572_S7_strategy2.npz,756-896,FOUR,-,FN
continuous_0573_S7_strategy2.npz,0-402,SPAGHETTI,SPAGHETTI,TP
continuous_0573_S7_strategy2.npz,402-502,-,ORANGE,FP
continuous_0573_S7_strategy2.npz,502-603,-,PARENTS,FP
continuous_0573_S7_strategy2.npz,603-703,JUICE,JUICE,TP
continuous_0573_S7_strategy2.npz,703-804,DON’T UNDERSTAND,DON’T UNDERSTAND,TP
continuous_0573_S7_strategy2.npz,804-906,IM FINE,IM FINE,TP
continuous_0573_S7_strategy2.npz,127-254,EIGHT,-,FN
continuous_0573_S7_strategy2.npz,254-381,ORANGE,-,FN
continuous_0573_S7_strategy2.npz,381-509,PARENTS,-,FN
continuous_0574_S7_strategy2.npz,0-129,-,LONGANISA,FP
continuous_0574_S7_strategy2.npz,129-259,-,EGG,FP
continuous_0574_S7_strategy2.npz,259-390,-,FRIDAY,FP
continuous_0574_S7_strategy2.npz,390-780,-,VIOLET,FP
continuous_0574_S7_strategy2.npz,780-912,-,DAUGHTER,FP
continuous_0574_S7_strategy2.npz,0-126,EGG,-,FN
continuous_0574_S7_strategy2.npz,126-253,FRIDAY,-,FN
continuous_0574_S7_strategy2.npz,253-380,VIOLET,-,FN
continuous_0574_S7_strategy2.npz,380-521,JANUARY,-,FN
continuous_0574_S7_strategy2.npz,521-648,SEVEN,-,FN
continuous_0574_S7_strategy2.npz,648-775,DAUGHTER,-,FN
continuous_0574_S7_strategy2.npz,775-918,HELLO,-,FN
continuous_0575_S7_strategy2.npz,0-471,WEELCHAIR PERSON,WEELCHAIR PERSON,TP
continuous_0575_S7_strategy2.npz,471-786,MEAT,MEAT,TP
continuous_0575_S7_strategy2.npz,786-943,GRANDFATHER,GRANDFATHER,TP
continuous_0575_S7_strategy2.npz,126-276,JULY,-,FN
continuous_0575_S7_strategy2.npz,276-407,HOW ARE YOU,-,FN
continuous_0575_S7_strategy2.npz,407-534,WHITE,-,FN
continuous_0575_S7_strategy2.npz,662-814,SIX,-,FN
continuous_0576_S7_strategy2.npz,0-153,WRONG,WRONG,TP
continuous_0576_S7_strategy2.npz,153-307,JUICE,JUICE,TP
continuous_0576_S7_strategy2.npz,307-462,DECEMBER,DECEMBER,TP
continuous_0576_S7_strategy2.npz,462-615,SPAGHETTI,SPAGHETTI,TP
continuous_0576_S7_strategy2.npz,615-769,BROWN,BROWN,TP
continuous_0576_S7_strategy2.npz,769-924,GIRL,GIRL,TP
continuous_0576_S7_strategy2.npz,541-667,GOOD AFTERNOON,-,FN
continuous_0577_S7_strategy2.npz,0-154,AUNTIE,AUNTIE,TP
continuous_0577_S7_strategy2.npz,154-310,MARRIED,MARRIED,TP
continuous_0577_S7_strategy2.npz,310-465,-,SEPTEMBER,FP
continuous_0577_S7_strategy2.npz,465-933,TOMORROW,TOMORROW,TP
continuous_0577_S7_strategy2.npz,0-135,KNOW,-,FN
continuous_0577_S7_strategy2.npz,391-539,NOVEMBER,-,FN
continuous_0577_S7_strategy2.npz,666-794,HOT,-,FN
continuous_0577_S7_strategy2.npz,794-929,SIX,-,FN
continuous_0578_S7_strategy2.npz,0-127,DON’T KNOW,DON’T KNOW,TP
continuous_0578_S7_strategy2.npz,127-255,SEE YOU TOMORROW,SEE YOU TOMORROW,TP
continuous_0578_S7_strategy2.npz,255-639,COLD,COLD,TP
continuous_0578_S7_strategy2.npz,639-897,FISH,FISH,TP
continuous_0578_S7_strategy2.npz,403-525,THURSDAY,-,FN
continuous_0578_S7_strategy2.npz,525-649,FEBRUARY,-,FN
continuous_0578_S7_strategy2.npz,777-905,WOMAN,-,FN
continuous_0579_S7_strategy2.npz,0-109,PINK,PINK,TP
continuous_0579_S7_strategy2.npz,109-220,-,DEAF BLIND,FP
continuous_0579_S7_strategy2.npz,220-330,CORRECT,CORRECT,TP
continuous_0579_S7_strategy2.npz,330-441,MARRIED,MARRIED,TP
continuous_0579_S7_strategy2.npz,441-552,COUSIN,COUSIN,TP
continuous_0579_S7_strategy2.npz,552-663,THURSDAY,THURSDAY,TP
continuous_0579_S7_strategy2.npz,663-774,MEAT,MEAT,TP
continuous_0580_S7_strategy2.npz,0-114,UNCLE,UNCLE,TP
continuous_0580_S7_strategy2.npz,114-345,AUGUST,AUGUST,TP
continuous_0580_S7_strategy2.npz,345-460,DON’T KNOW,DON’T KNOW,TP
continuous_0580_S7_strategy2.npz,460-576,WEDNESDAY,WEDNESDAY,TP
continuous_0580_S7_strategy2.npz,576-690,NO SUGAR,NO SUGAR,TP
continuous_0580_S7_strategy2.npz,690-807,HELLO,HELLO,TP
continuous_0581_S7_strategy2.npz,0-343,TOMORROW,TOMORROW,TP
continuous_0581_S7_strategy2.npz,343-459,CORRECT,CORRECT,TP
continuous_0581_S7_strategy2.npz,459-573,EGG,EGG,TP
continuous_0581_S7_strategy2.npz,573-687,GRAY,GRAY,TP
continuous_0581_S7_strategy2.npz,687-802,COLD,COLD,TP
continuous_0581_S7_strategy2.npz,802-918,HOW ARE YOU,HOW ARE YOU,TP
continuous_0581_S7_strategy2.npz,126-265,TEN,-,FN
continuous_0582_S7_strategy2.npz,0-132,RED,RED,TP
continuous_0582_S7_strategy2.npz,132-264,WEDNESDAY,WEDNESDAY,TP
continuous_0582_S7_strategy2.npz,264-396,-,NO,FP
continuous_0582_S7_strategy2.npz,396-529,SPAGHETTI,SPAGHETTI,TP
continuous_0582_S7_strategy2.npz,529-795,HOW ARE YOU,HOW ARE YOU,TP
continuous_0582_S7_strategy2.npz,795-927,MILK,MILK,TP
continuous_0582_S7_strategy2.npz,252-392,NINE,-,FN
continuous_0582_S7_strategy2.npz,657-806,JUNE,-,FN
continuous_0583_S7_strategy2.npz,181-364,-,DEAF BLIND,FP
continuous_0583_S7_strategy2.npz,364-546,-,YESTERDAY,FP
continuous_0583_S7_strategy2.npz,546-912,-,SUGAR,FP
continuous_0583_S7_strategy2.npz,0-139,EIGHT,-,FN
continuous_0583_S7_strategy2.npz,139-276,BLIND,-,FN
continuous_0583_S7_strategy2.npz,276-403,YESTERDAY,-,FN
continuous_0583_S7_strategy2.npz,403-530,SUGAR,-,FN
continuous_0583_S7_strategy2.npz,530-655,GREEN,-,FN
continuous_0583_S7_strategy2.npz,655-783,NICE TO MEET YOU,-,FN
continuous_0583_S7_strategy2.npz,783-911,FISH,-,FN
continuous_0584_S7_strategy2.npz,0-180,GRANDFATHER,GRANDFATHER,TP
continuous_0584_S7_strategy2.npz,180-363,HELLO,HELLO,TP
continuous_0584_S7_strategy2.npz,363-543,-,FOUR,FP
continuous_0584_S7_strategy2.npz,543-726,-,SUGAR,FP
continuous_0584_S7_strategy2.npz,726-907,RICE,RICE,TP
continuous_0584_S7_strategy2.npz,264-406,FOUR,-,FN
continuous_0584_S7_strategy2.npz,406-534,SUGAR,-,FN
continuous_0584_S7_strategy2.npz,534-661,GIRL,-,FN
continuous_0584_S7_strategy2.npz,787-914,PINK,-,FN
continuous_0585_S7_strategy2.npz,0-231,SEVEN,SEVEN,TP
continuous_0585_S7_strategy2.npz,231-463,HARD OF HEARING,HARD OF HEARING,TP
continuous_0585_S7_strategy2.npz,463-579,BLUE,BLUE,TP
continuous_0585_S7_strategy2.npz,579-696,MILK,MILK,TP
continuous_0585_S7_strategy2.npz,696-927,UNCLE,UNCLE,TP
continuous_0585_S7_strategy2.npz,266-393,YESTERDAY,-,FN
continuous_0585_S7_strategy2.npz,774-925,JANUARY,-,FN
continuous_0586_S7_strategy2.npz,0-129,ORANGE,ORANGE,TP
continuous_0586_S7_strategy2.npz,129-258,RED,RED,TP
continuous_0586_S7_strategy2.npz,258-387,BLIND,BLIND,TP
continuous_0586_S7_strategy2.npz,387-646,NINE,NINE,TP
continuous_0586_S7_strategy2.npz,646-777,-,DARK,FP
continuous_0586_S7_strategy2.npz,777-906,-,SON,FP
continuous_0586_S7_strategy2.npz,523-651,DARK,-,FN
continuous_0586_S7_strategy2.npz,651-778,SON,-,FN
continuous_0586_S7_strategy2.npz,778-905,AUGUST,-,FN
continuous_0587_S7_strategy2.npz,100-201,-,OCTOBER,FP
continuous_0587_S7_strategy2.npz,201-303,-,SEPTEMBER,FP
continuous_0587_S7_strategy2.npz,303-606,VIOLET,VIOLET,TP
continuous_0587_S7_strategy2.npz,606-706,GRANDMOTHER,GRANDMOTHER,TP
continuous_0587_S7_strategy2.npz,706-807,-,SEPTEMBER,FP
continuous_0587_S7_strategy2.npz,807-909,TEA,TEA,TP
continuous_0587_S7_strategy2.npz,0-129,JANUARY,-,FN
continuous_0587_S7_strategy2.npz,129-253,OCTOBER,-,FN
continuous_0587_S7_strategy2.npz,380-526,MAY,-,FN
continuous_0587_S7_strategy2.npz,653-779,OCTOBER,-,FN
continuous_0588_S7_strategy2.npz,122-246,GRAY,GRAY,TP
continuous_0588_S7_strategy2.npz,246-370,RED,RED,TP
continuous_0588_S7_strategy2.npz,370-495,-,DEAF BLIND,FP
continuous_0588_S7_strategy2.npz,495-742,-,AUGUST,FP
continuous_0588_S7_strategy2.npz,742-867,FEBRUARY,FEBRUARY,TP
continuous_0588_S7_strategy2.npz,867-990,SEPTEMBER,SEPTEMBER,TP
continuous_0588_S7_strategy2.npz,0-145,APRIL,-,FN
continuous_0588_S7_strategy2.npz,400-548,JULY,-,FN
continuous_0588_S7_strategy2.npz,548-697,JULY,-,FN
continuous_0589_S7_strategy2.npz,0-148,DEAF BLIND,DEAF BLIND,TP
continuous_0589_S7_strategy2.npz,148-297,ORANGE,ORANGE,TP
continuous_0589_S7_strategy2.npz,297-447,BOY,BOY,TP
continuous_0589_S7_strategy2.npz,447-595,BROWN,BROWN,TP
continuous_0589_S7_strategy2.npz,595-744,DEAF BLIND,DEAF BLIND,TP
continuous_0589_S7_strategy2.npz,744-894,COUSIN,COUSIN,TP
continuous_0589_S7_strategy2.npz,637-765,WHITE,-,FN
continuous_0590_S7_strategy2.npz,0-129,FATHER,FATHER,TP
continuous_0590_S7_strategy2.npz,129-261,-,CHICKEN,FP
continuous_0590_S7_strategy2.npz,261-390,BROWN,BROWN,TP
continuous_0590_S7_strategy2.npz,390-651,MAN,MAN,TP
continuous_0590_S7_strategy2.npz,651-783,-,FATHER,FP
continuous_0590_S7_strategy2.npz,783-913,-,DECEMBER,FP
continuous_0590_S7_strategy2.npz,128-255,WHITE,-,FN
continuous_0590_S7_strategy2.npz,508-636,FATHER,-,FN
continuous_0590_S7_strategy2.npz,636-784,AUGUST,-,FN
continuous_0590_S7_strategy2.npz,784-912,WHITE,-,FN
continuous_0591_S7_strategy2.npz,474-592,GIRL,GIRL,TP
continuous_0591_S7_strategy2.npz,592-711,FEBRUARY,FEBRUARY,TP
continuous_0591_S7_strategy2.npz,711-829,BLUE,BLUE,TP
continuous_0591_S7_strategy2.npz,829-948,-,AUGUST,FP
continuous_0591_S7_strategy2.npz,0-126,WHITE,-,FN
continuous_0591_S7_strategy2.npz,126-277,FEBRUARY,-,FN
continuous_0591_S7_strategy2.npz,277-402,JULY,-,FN
continuous_0591_S7_strategy2.npz,798-946,AUGUST,-,FN
continuous_0592_S7_strategy2.npz,0-114,BLUE,BLUE,TP
continuous_0592_S7_strategy2.npz,114-345,ORANGE,ORANGE,TP
continuous_0592_S7_strategy2.npz,345-459,DARK,DARK,TP
continuous_0592_S7_strategy2.npz,459-690,BROWN,BROWN,TP
continuous_0592_S7_strategy2.npz,690-804,MARCH,MARCH,TP
continuous_0592_S7_strategy2.npz,804-921,GREEN,GREEN,TP
continuous_0592_S7_strategy2.npz,383-522,JANUARY,-,FN
continuous_0593_S7_strategy2.npz,0-150,BLACK,BLACK,TP
continuous_0593_S7_strategy2.npz,150-300,-,YELLOW,FP
continuous_0593_S7_strategy2.npz,300-753,BROWN,BROWN,TP
continuous_0593_S7_strategy2.npz,753-904,NO SUGAR,NO SUGAR,TP
continuous_0593_S7_strategy2.npz,126-254,BLACK,-,FN
continuous_0593_S7_strategy2.npz,254-382,YELLOW,-,FN
continuous_0593_S7_strategy2.npz,510-651,APRIL,-,FN
continuous_0593_S7_strategy2.npz,651-776,YELLOW,-,FN
continuous_0594_S7_strategy2.npz,0-399,GRANDMOTHER,GRANDMOTHER,TP
continuous_0594_S7_strategy2.npz,0-127,GRAY,-,FN
continuous_0594_S7_strategy2.npz,255-397,JANUARY,-,FN
continuous_0595_S7_strategy2.npz,0-141,JANUARY,-,FN
