File Name,Frame Range,Ground Truth Gloss/Category,Predicted Gloss/Category,Match Status
continuous_0001_S0_strategy2.npz,0-103,DAYS,DAYS,TP
continuous_0001_S0_strategy2.npz,103-208,SURVIVAL,SURVIVAL,TP
continuous_0001_S0_strategy2.npz,208-312,GREETING,GREETING,TP
continuous_0001_S0_strategy2.npz,312-522,FAMILY,FAMILY,TP
continuous_0001_S0_strategy2.npz,522-627,DRINK,DRINK,TP
continuous_0001_S0_strategy2.npz,627-732,RELATIONSHIPS,RELATIONSHIPS,TP
continuous_0002_S0_strategy2.npz,0-145,DRINK,DRINK,TP
continuous_0002_S0_strategy2.npz,145-291,NUMBER,NUMBER,TP
continuous_0002_S0_strategy2.npz,291-438,FAMILY,FAMILY,TP
continuous_0002_S0_strategy2.npz,438-511,CALENDAR,CALENDAR,TP
continuous_0002_S0_strategy2.npz,511-585,COLOR,COLOR,TP
continuous_0002_S0_strategy2.npz,585-657,-,SURVIVAL,FP
continuous_0002_S0_strategy2.npz,657-732,DAYS,DAYS,TP
continuous_0003_S0_strategy2.npz,0-121,CALENDAR,CALENDAR,TP
continuous_0003_S0_strategy2.npz,121-243,FOOD,FOOD,TP
continuous_0003_S0_strategy2.npz,243-366,SURVIVAL,SURVIVAL,TP
continuous_0003_S0_strategy2.npz,366-487,COLOR,COLOR,TP
continuous_0003_S0_strategy2.npz,487-609,FAMILY,FAMILY,TP
continuous_0003_S0_strategy2.npz,609-732,DAYS,DAYS,TP
continuous_0004_S0_strategy2.npz,0-103,SURVIVAL,SURVIVAL,TP
continuous_0004_S0_strategy2.npz,103-208,-,CALENDAR,FP
continuous_0004_S0_strategy2.npz,208-312,CALENDAR,CALENDAR,TP
continuous_0004_S0_strategy2.npz,312-417,DAYS,DAYS,TP
continuous_0004_S0_strategy2.npz,417-522,COLOR,COLOR,TP
continuous_0004_S0_strategy2.npz,522-627,FAMILY,FAMILY,TP
continuous_0004_S0_strategy2.npz,627-732,RELATIONSHIPS,RELATIONSHIPS,TP
continuous_0005_S0_strategy2.npz,0-76,NUMBER,NUMBER,TP
continuous_0005_S0_strategy2.npz,76-231,SURVIVAL,SURVIVAL,TP
continuous_0005_S0_strategy2.npz,231-387,DAYS,DAYS,TP
continuous_0005_S0_strategy2.npz,387-465,DRINK,DRINK,TP
continuous_0005_S0_strategy2.npz,465-543,FAMILY,FAMILY,TP
continuous_0005_S0_strategy2.npz,543-621,-,CALENDAR,FP
continuous_0005_S0_strategy2.npz,621-775,-,CALENDAR,FP
continuous_0005_S0_strategy2.npz,775-853,FOOD,FOOD,TP
continuous_0005_S0_strategy2.npz,604-725,CALENDAR,-,FN
continuous_0006_S0_strategy2.npz,0-141,FAMILY,FAMILY,TP
continuous_0006_S0_strategy2.npz,141-283,CALENDAR,CALENDAR,TP
continuous_0006_S0_strategy2.npz,283-426,DRINK,DRINK,TP
continuous_0006_S0_strategy2.npz,426-498,FOOD,FOOD,TP
continuous_0006_S0_strategy2.npz,498-568,SURVIVAL,SURVIVAL,TP
continuous_0006_S0_strategy2.npz,568-639,-,DRINK,FP
continuous_0006_S0_strategy2.npz,639-781,RELATIONSHIPS,RELATIONSHIPS,TP
continuous_0006_S0_strategy2.npz,781-853,COLOR,COLOR,TP
continuous_0007_S0_strategy2.npz,0-121,RELATIONSHIPS,RELATIONSHIPS,TP
continuous_0007_S0_strategy2.npz,121-243,FAMILY,FAMILY,TP
continuous_0007_S0_strategy2.npz,243-366,DRINK,DRINK,TP
continuous_0007_S0_strategy2.npz,366-487,COLOR,COLOR,TP
continuous_0007_S0_strategy2.npz,487-609,NUMBER,NUMBER,TP
continuous_0007_S0_strategy2.npz,609-732,DAYS,DAYS,TP
continuous_0008_S0_strategy2.npz,0-66,RELATIONSHIPS,RELATIONSHIPS,TP
continuous_0008_S0_strategy2.npz,66-265,CALENDAR,CALENDAR,TP
continuous_0008_S0_strategy2.npz,265-399,DAYS,DAYS,TP
continuous_0008_S0_strategy2.npz,399-531,SURVIVAL,SURVIVAL,TP
continuous_0008_S0_strategy2.npz,531-664,COLOR,COLOR,TP
continuous_0008_S0_strategy2.npz,664-732,GREETING,GREETING,TP
continuous_0009_S0_strategy2.npz,0-169,FOOD,FOOD,TP
continuous_0009_S0_strategy2.npz,169-255,NUMBER,NUMBER,TP
continuous_0009_S0_strategy2.npz,255-340,COLOR,COLOR,TP
continuous_0009_S0_strategy2.npz,340-511,CALENDAR,CALENDAR,TP
continuous_0009_S0_strategy2.npz,511-597,FAMILY,FAMILY,TP
continuous_0009_S0_strategy2.npz,597-768,DRINK,DRINK,TP
continuous_0009_S0_strategy2.npz,768-853,RELATIONSHIPS,RELATIONSHIPS,TP
continuous_0010_S0_strategy2.npz,0-72,GREETING,GREETING,TP
continuous_0010_S0_strategy2.npz,72-145,-,FOOD,FP
continuous_0010_S0_strategy2.npz,145-291,RELATIONSHIPS,RELATIONSHIPS,TP
continuous_0010_S0_strategy2.npz,291-438,FAMILY,FAMILY,TP
continuous_0010_S0_strategy2.npz,438-585,NUMBER,NUMBER,TP
continuous_0010_S0_strategy2.npz,585-657,DRINK,DRINK,TP
continuous_0010_S0_strategy2.npz,657-732,COLOR,COLOR,TP
continuous_0011_S0_strategy2.npz,0-76,RELATIONSHIPS,RELATIONSHIPS,TP
continuous_0011_S0_strategy2.npz,76-154,-,RELATIONSHIPS,FP
continuous_0011_S0_strategy2.npz,154-231,GREETING,GREETING,TP
continuous_0011_S0_strategy2.npz,231-309,FAMILY,FAMILY,TP
continuous_0011_S0_strategy2.npz,309-465,COLOR,COLOR,TP
continuous_0011_S0_strategy2.npz,465-621,DRINK,DRINK,TP
continuous_0011_S0_strategy2.npz,621-697,NUMBER,NUMBER,TP
continuous_0011_S0_strategy2.npz,697-775,-,RELATIONSHIPS,FP
continuous_0011_S0_strategy2.npz,775-853,FOOD,FOOD,TP
continuous_0012_S0_strategy2.npz,0-207,DAYS,DAYS,TP
continuous_0012_S0_strategy2.npz,207-312,CALENDAR,CALENDAR,TP
continuous_0012_S0_strategy2.npz,312-417,COLOR,COLOR,TP
continuous_0012_S0_strategy2.npz,417-522,GREETING,GREETING,TP
continuous_0012_S0_strategy2.npz,522-625,DRINK,DRINK,TP
continuous_0012_S0_strategy2.npz,625-730,FAMILY,FAMILY,TP
continuous_0013_S0_strategy2.npz,0-145,DRINK,DRINK,TP
continuous_0013_S0_strategy2.npz,145-219,-,COLOR,FP
continuous_0013_S0_strategy2.npz,219-291,FOOD,FOOD,TP
continuous_0013_S0_strategy2.npz,291-366,CALENDAR,CALENDAR,TP
continuous_0013_S0_strategy2.npz,366-438,-,NUMBER,FP
continuous_0013_S0_strategy2.npz,438-511,GREETING,GREETING,TP
continuous_0013_S0_strategy2.npz,511-585,-,DRINK,FP
continuous_0013_S0_strategy2.npz,585-657,SURVIVAL,SURVIVAL,TP
continuous_0013_S0_strategy2.npz,657-732,RELATIONSHIPS,RELATIONSHIPS,TP
continuous_0014_S0_strategy2.npz,0-90,SURVIVAL,SURVIVAL,TP
continuous_0014_S0_strategy2.npz,90-183,NUMBER,NUMBER,TP
continuous_0014_S0_strategy2.npz,183-273,-,RELATIONSHIPS,FP
continuous_0014_S0_strategy2.npz,273-366,-,GREETING,FP
continuous_0014_S0_strategy2.npz,366-456,-,FAMILY,FP
continuous_0014_S0_strategy2.npz,456-639,DAYS,DAYS,TP
continuous_0014_S0_strategy2.npz,639-732,CALENDAR,CALENDAR,TP
continuous_0014_S0_strategy2.npz,241-362,RELATIONSHIPS,-,FN
continuous_0014_S0_strategy2.npz,362-483,GREETING,-,FN
continuous_0015_S0_strategy2.npz,0-81,DRINK,DRINK,TP
continuous_0015_S0_strategy2.npz,81-162,RELATIONSHIPS,RELATIONSHIPS,TP
continuous_0015_S0_strategy2.npz,162-243,-,SURVIVAL,FP
continuous_0015_S0_strategy2.npz,243-405,CALENDAR,CALENDAR,TP
continuous_0015_S0_strategy2.npz,405-568,DAYS,DAYS,TP
continuous_0015_S0_strategy2.npz,568-649,COLOR,COLOR,TP
continuous_0015_S0_strategy2.npz,649-732,FAMILY,GREETING,FP
continuous_0015_S0_strategy2.npz,604-725,FAMILY,GREETING,FN
continuous_0016_S0_strategy2.npz,0-93,NUMBER,NUMBER,TP
continuous_0016_S0_strategy2.npz,93-189,-,NUMBER,FP
continuous_0016_S0_strategy2.npz,189-283,-,CALENDAR,FP
continuous_0016_S0_strategy2.npz,283-474,CALENDAR,CALENDAR,TP
continuous_0016_S0_strategy2.npz,474-568,DRINK,DRINK,TP
continuous_0016_S0_strategy2.npz,568-663,GREETING,GREETING,TP
continuous_0016_S0_strategy2.npz,663-759,SURVIVAL,SURVIVAL,TP
continuous_0016_S0_strategy2.npz,759-853,COLOR,COLOR,TP
continuous_0016_S0_strategy2.npz,120-241,DAYS,-,FN
continuous_0017_S0_strategy2.npz,0-145,NUMBER,NUMBER,TP
continuous_0017_S0_strategy2.npz,145-291,COLOR,COLOR,TP
continuous_0017_S0_strategy2.npz,291-438,DAYS,NUMBER,FP
continuous_0017_S0_strategy2.npz,438-511,SURVIVAL,SURVIVAL,TP
continuous_0017_S0_strategy2.npz,511-585,CALENDAR,CALENDAR,TP
continuous_0017_S0_strategy2.npz,585-657,-,NUMBER,FP
continuous_0017_S0_strategy2.npz,657-732,GREETING,GREETING,TP
continuous_0017_S0_strategy2.npz,241-362,DAYS,NUMBER,FN
continuous_0018_S0_strategy2.npz,0-169,NUMBER,NUMBER,TP
continuous_0018_S0_strategy2.npz,169-255,FOOD,FOOD,TP
continuous_0018_S0_strategy2.npz,255-426,COLOR,COLOR,TP
continuous_0018_S0_strategy2.npz,426-597,GREETING,GREETING,TP
continuous_0018_S0_strategy2.npz,597-682,-,SURVIVAL,FP
continuous_0018_S0_strategy2.npz,682-768,DRINK,DRINK,TP
continuous_0018_S0_strategy2.npz,768-853,CALENDAR,CALENDAR,TP
continuous_0018_S0_strategy2.npz,483-604,SURVIVAL,-,FN
continuous_0019_S0_strategy2.npz,0-145,SURVIVAL,SURVIVAL,TP
continuous_0019_S0_strategy2.npz,145-291,FOOD,FOOD,TP
continuous_0019_S0_strategy2.npz,291-438,GREETING,GREETING,TP
continuous_0019_S0_strategy2.npz,438-511,CALENDAR,CALENDAR,TP
continuous_0019_S0_strategy2.npz,511-657,NUMBER,NUMBER,TP
continuous_0019_S0_strategy2.npz,657-732,COLOR,COLOR,TP
continuous_0020_S0_strategy2.npz,0-70,NUMBER,NUMBER,TP
continuous_0020_S0_strategy2.npz,70-141,-,DRINK,FP
continuous_0020_S0_strategy2.npz,141-213,GREETING,GREETING,TP
continuous_0020_S0_strategy2.npz,213-354,SURVIVAL,SURVIVAL,TP
continuous_0020_S0_strategy2.npz,354-496,FOOD,FOOD,TP
continuous_0020_S0_strategy2.npz,496-639,CALENDAR,CALENDAR,TP
continuous_0020_S0_strategy2.npz,639-780,NUMBER,NUMBER,TP
continuous_0020_S0_strategy2.npz,780-852,FOOD,FOOD,TP
continuous_0021_S0_strategy2.npz,0-162,SURVIVAL,SURVIVAL,TP
continuous_0021_S0_strategy2.npz,162-243,GREETING,GREETING,TP
continuous_0022_S0_strategy2.npz,0-121,GREETING,GREETING,TP
continuous_0023_S1_strategy2.npz,0-81,DAYS,DAYS,TP
continuous_0023_S1_strategy2.npz,81-162,-,SURVIVAL,FP
continuous_0023_S1_strategy2.npz,162-324,NUMBER,NUMBER,TP
continuous_0023_S1_strategy2.npz,324-487,GREETING,GREETING,TP
continuous_0023_S1_strategy2.npz,487-568,FAMILY,FAMILY,TP
continuous_0023_S1_strategy2.npz,568-649,-,RELATIONSHIPS,FP
continuous_0023_S1_strategy2.npz,649-732,DRINK,DRINK,TP
continuous_0023_S1_strategy2.npz,120-241,SURVIVAL,-,FN
continuous_0024_S1_strategy2.npz,0-154,FAMILY,FAMILY,TP
continuous_0024_S1_strategy2.npz,154-231,GREETING,GREETING,TP
continuous_0024_S1_strategy2.npz,231-309,DRINK,COLOR,FP
continuous_0024_S1_strategy2.npz,309-465,COLOR,COLOR,TP
continuous_0024_S1_strategy2.npz,465-621,RELATIONSHIPS,RELATIONSHIPS,TP
continuous_0024_S1_strategy2.npz,621-775,SURVIVAL,SURVIVAL,TP
continuous_0024_S1_strategy2.npz,775-853,CALENDAR,CALENDAR,TP
continuous_0024_S1_strategy2.npz,241-362,DRINK,COLOR,FN
continuous_0025_S1_strategy2.npz,0-145,GREETING,GREETING,TP
continuous_0025_S1_strategy2.npz,145-219,FOOD,FOOD,TP
continuous_0025_S1_strategy2.npz,219-291,RELATIONSHIPS,RELATIONSHIPS,TP
continuous_0025_S1_strategy2.npz,291-366,-,CALENDAR,FP
continuous_0025_S1_strategy2.npz,366-438,CALENDAR,CALENDAR,TP
continuous_0025_S1_strategy2.npz,438-511,-,CALENDAR,FP
continuous_0025_S1_strategy2.npz,511-657,NUMBER,NUMBER,TP
continuous_0025_S1_strategy2.npz,657-732,SURVIVAL,SURVIVAL,TP
continuous_0026_S1_strategy2.npz,0-121,FAMILY,FAMILY,TP
continuous_0026_S1_strategy2.npz,121-243,DRINK,DRINK,TP
continuous_0026_S1_strategy2.npz,243-366,CALENDAR,CALENDAR,TP
continuous_0026_S1_strategy2.npz,366-487,FOOD,FOOD,TP
continuous_0026_S1_strategy2.npz,487-609,RELATIONSHIPS,RELATIONSHIPS,TP
continuous_0026_S1_strategy2.npz,609-732,DAYS,DAYS,TP
continuous_0026_S1_strategy2.npz,732-853,NUMBER,NUMBER,TP
continuous_0027_S1_strategy2.npz,0-72,DRINK,DRINK,TP
continuous_0027_S1_strategy2.npz,72-145,-,COLOR,FP
continuous_0027_S1_strategy2.npz,145-219,-,COLOR,FP
continuous_0027_S1_strategy2.npz,219-366,FOOD,FOOD,TP
continuous_0027_S1_strategy2.npz,366-438,CALENDAR,CALENDAR,TP
continuous_0027_S1_strategy2.npz,438-511,-,CALENDAR,FP
continuous_0027_S1_strategy2.npz,511-657,NUMBER,NUMBER,TP
continuous_0027_S1_strategy2.npz,657-732,SURVIVAL,SURVIVAL,TP
continuous_0027_S1_strategy2.npz,120-241,COLOR,-,FN
continuous_0028_S1_strategy2.npz,0-84,SURVIVAL,SURVIVAL,TP
continuous_0028_S1_strategy2.npz,84-171,COLOR,COLOR,TP
continuous_0028_S1_strategy2.npz,171-255,-,FOOD,FP
continuous_0028_S1_strategy2.npz,255-342,-,RELATIONSHIPS,FP
continuous_0028_S1_strategy2.npz,342-426,-,GREETING,FP
continuous_0028_S1_strategy2.npz,426-597,FAMILY,FAMILY,TP
continuous_0028_S1_strategy2.npz,597-768,GREETING,GREETING,TP
continuous_0028_S1_strategy2.npz,768-855,DRINK,DRINK,TP
continuous_0028_S1_strategy2.npz,241-363,FOOD,-,FN
continuous_0028_S1_strategy2.npz,363-484,RELATIONSHIPS,-,FN
continuous_0029_S1_strategy2.npz,0-103,FOOD,FOOD,TP
continuous_0029_S1_strategy2.npz,103-208,RELATIONSHIPS,RELATIONSHIPS,TP
continuous_0029_S1_strategy2.npz,208-312,NUMBER,SURVIVAL,FP
continuous_0029_S1_strategy2.npz,312-417,COLOR,COLOR,TP
continuous_0029_S1_strategy2.npz,417-627,FAMILY,FAMILY,TP
continuous_0029_S1_strategy2.npz,627-732,CALENDAR,CALENDAR,TP
continuous_0029_S1_strategy2.npz,241-362,NUMBER,SURVIVAL,FN
continuous_0030_S1_strategy2.npz,0-76,COLOR,COLOR,TP
continuous_0030_S1_strategy2.npz,76-387,RELATIONSHIPS,RELATIONSHIPS,TP
continuous_0030_S1_strategy2.npz,387-465,NUMBER,NUMBER,TP
continuous_0030_S1_strategy2.npz,465-621,DAYS,DAYS,TP
continuous_0030_S1_strategy2.npz,621-775,DRINK,DRINK,TP
continuous_0030_S1_strategy2.npz,775-853,GREETING,GREETING,TP
continuous_0030_S1_strategy2.npz,241-362,CALENDAR,-,FN
continuous_0031_S1_strategy2.npz,0-93,SURVIVAL,SURVIVAL,TP
continuous_0031_S1_strategy2.npz,93-189,CALENDAR,CALENDAR,TP
continuous_0031_S1_strategy2.npz,189-283,-,FOOD,FP
continuous_0031_S1_strategy2.npz,283-378,-,RELATIONSHIPS,FP
continuous_0031_S1_strategy2.npz,378-474,-,NUMBER,FP
continuous_0031_S1_strategy2.npz,474-568,-,SURVIVAL,FP
continuous_0031_S1_strategy2.npz,568-759,DRINK,DRINK,TP
continuous_0031_S1_strategy2.npz,759-853,COLOR,COLOR,TP
continuous_0031_S1_strategy2.npz,241-362,FOOD,-,FN
continuous_0031_S1_strategy2.npz,362-483,RELATIONSHIPS,-,FN
continuous_0031_S1_strategy2.npz,483-604,NUMBER,-,FN
continuous_0032_S1_strategy2.npz,0-213,GREETING,GREETING,TP
continuous_0032_S1_strategy2.npz,213-319,FAMILY,FAMILY,TP
continuous_0032_S1_strategy2.npz,319-426,DRINK,DRINK,TP
continuous_0032_S1_strategy2.npz,426-532,CALENDAR,CALENDAR,TP
continuous_0032_S1_strategy2.npz,532-639,RELATIONSHIPS,RELATIONSHIPS,TP
continuous_0032_S1_strategy2.npz,639-747,NUMBER,NUMBER,TP
continuous_0032_S1_strategy2.npz,747-853,SURVIVAL,SURVIVAL,TP
continuous_0033_S1_strategy2.npz,0-72,RELATIONSHIPS,RELATIONSHIPS,TP
continuous_0033_S1_strategy2.npz,72-219,DAYS,DAYS,TP
continuous_0033_S1_strategy2.npz,219-366,NUMBER,NUMBER,TP
continuous_0033_S1_strategy2.npz,366-438,DRINK,DRINK,TP
continuous_0033_S1_strategy2.npz,438-513,-,GREETING,FP
continuous_0033_S1_strategy2.npz,513-658,GREETING,GREETING,TP
continuous_0033_S1_strategy2.npz,658-732,FAMILY,FAMILY,TP
continuous_0034_S1_strategy2.npz,0-64,GREETING,GREETING,TP
continuous_0034_S1_strategy2.npz,64-130,-,COLOR,FP
continuous_0034_S1_strategy2.npz,130-261,DAYS,DAYS,TP
continuous_0034_S1_strategy2.npz,261-393,RELATIONSHIPS,RELATIONSHIPS,TP
continuous_0034_S1_strategy2.npz,393-525,NUMBER,NUMBER,TP
continuous_0034_S1_strategy2.npz,525-591,SURVIVAL,SURVIVAL,TP
continuous_0034_S1_strategy2.npz,591-655,-,FOOD,FP
continuous_0034_S1_strategy2.npz,655-787,FOOD,FOOD,TP
continuous_0034_S1_strategy2.npz,787-853,FAMILY,FAMILY,TP
continuous_0035_S1_strategy2.npz,0-103,DAYS,DAYS,TP
continuous_0035_S1_strategy2.npz,103-208,SURVIVAL,SURVIVAL,TP
continuous_0035_S1_strategy2.npz,208-312,GREETING,GREETING,TP
continuous_0035_S1_strategy2.npz,312-417,RELATIONSHIPS,RELATIONSHIPS,TP
continuous_0035_S1_strategy2.npz,417-522,-,NUMBER,FP
continuous_0035_S1_strategy2.npz,522-627,NUMBER,NUMBER,TP
continuous_0035_S1_strategy2.npz,627-732,COLOR,SURVIVAL,FP
continuous_0035_S1_strategy2.npz,604-725,COLOR,SURVIVAL,FN
continuous_0036_S1_strategy2.npz,0-90,FAMILY,FAMILY,TP
continuous_0036_S1_strategy2.npz,90-273,RELATIONSHIPS,RELATIONSHIPS,TP
continuous_0036_S1_strategy2.npz,273-366,SURVIVAL,SURVIVAL,TP
continuous_0036_S1_strategy2.npz,366-456,DRINK,DRINK,TP
continuous_0036_S1_strategy2.npz,456-639,CALENDAR,CALENDAR,TP
continuous_0036_S1_strategy2.npz,639-732,DAYS,DAYS,TP
continuous_0037_S1_strategy2.npz,0-76,FOOD,FOOD,TP
continuous_0037_S1_strategy2.npz,76-154,-,FAMILY,FP
continuous_0037_S1_strategy2.npz,154-231,SURVIVAL,SURVIVAL,TP
continuous_0037_S1_strategy2.npz,231-309,DRINK,DRINK,TP
continuous_0037_S1_strategy2.npz,309-465,COLOR,COLOR,TP
continuous_0037_S1_strategy2.npz,465-621,FAMILY,FAMILY,TP
continuous_0037_S1_strategy2.npz,621-775,CALENDAR,CALENDAR,TP
continuous_0037_S1_strategy2.npz,775-853,DAYS,DAYS,TP
continuous_0038_S1_strategy2.npz,0-90,FAMILY,FAMILY,TP
continuous_0038_S1_strategy2.npz,90-181,SURVIVAL,SURVIVAL,TP
continuous_0038_S1_strategy2.npz,181-273,-,FOOD,FP
continuous_0038_S1_strategy2.npz,273-364,-,GREETING,FP
continuous_0038_S1_strategy2.npz,364-456,-,CALENDAR,FP
continuous_0038_S1_strategy2.npz,456-547,CALENDAR,CALENDAR,TP
continuous_0038_S1_strategy2.npz,547-639,-,DRINK,FP
continuous_0038_S1_strategy2.npz,639-730,DAYS,DAYS,TP
continuous_0038_S1_strategy2.npz,241-362,FOOD,-,FN
continuous_0038_S1_strategy2.npz,362-483,GREETING,-,FN
continuous_0039_S1_strategy2.npz,0-141,FOOD,FOOD,TP
continuous_0039_S1_strategy2.npz,141-354,GREETING,GREETING,TP
continuous_0039_S1_strategy2.npz,354-426,-,GREETING,FP
continuous_0039_S1_strategy2.npz,426-496,-,COLOR,FP
continuous_0039_S1_strategy2.npz,496-567,FOOD,COLOR,FP
continuous_0039_S1_strategy2.npz,567-639,-,COLOR,FP
continuous_0039_S1_strategy2.npz,639-709,COLOR,COLOR,TP
continuous_0039_S1_strategy2.npz,709-780,-,CALENDAR,FP
continuous_0039_S1_strategy2.npz,780-852,CALENDAR,CALENDAR,TP
continuous_0039_S1_strategy2.npz,240-361,GREETING,-,FN
continuous_0039_S1_strategy2.npz,361-482,COLOR,-,FN
continuous_0039_S1_strategy2.npz,482-603,FOOD,COLOR,FN
continuous_0040_S1_strategy2.npz,0-93,COLOR,COLOR,TP
continuous_0040_S1_strategy2.npz,93-283,CALENDAR,CALENDAR,TP
continuous_0040_S1_strategy2.npz,283-378,DAYS,DAYS,TP
continuous_0040_S1_strategy2.npz,378-474,-,NUMBER,FP
continuous_0040_S1_strategy2.npz,474-568,COLOR,COLOR,TP
continuous_0040_S1_strategy2.npz,568-663,FAMILY,FAMILY,TP
continuous_0040_S1_strategy2.npz,663-759,FAMILY,FAMILY,TP
continuous_0040_S1_strategy2.npz,759-853,COLOR,COLOR,TP
continuous_0041_S1_strategy2.npz,0-121,CALENDAR,CALENDAR,TP
continuous_0041_S1_strategy2.npz,121-243,COLOR,COLOR,TP
continuous_0042_S1_strategy2.npz,0-121,COLOR,COLOR,TP
continuous_0043_S2_strategy2.npz,0-189,GREETING,GREETING,TP
continuous_0043_S2_strategy2.npz,189-378,NUMBER,NUMBER,TP
continuous_0043_S2_strategy2.npz,378-472,-,SURVIVAL,FP
continuous_0043_S2_strategy2.npz,472-567,CALENDAR,CALENDAR,TP
continuous_0043_S2_strategy2.npz,567-663,DRINK,FOOD,FP
continuous_0043_S2_strategy2.npz,663-757,COLOR,COLOR,TP
continuous_0043_S2_strategy2.npz,757-852,RELATIONSHIPS,RELATIONSHIPS,TP
continuous_0043_S2_strategy2.npz,241-361,SURVIVAL,-,FN
continuous_0043_S2_strategy2.npz,482-603,DRINK,FOOD,FN
continuous_0044_S2_strategy2.npz,0-162,DRINK,DRINK,TP
continuous_0044_S2_strategy2.npz,162-243,SURVIVAL,SURVIVAL,TP
continuous_0044_S2_strategy2.npz,243-324,FAMILY,SURVIVAL,FP
continuous_0044_S2_strategy2.npz,324-487,COLOR,COLOR,TP
continuous_0044_S2_strategy2.npz,487-649,GREETING,GREETING,TP
continuous_0044_S2_strategy2.npz,649-732,RELATIONSHIPS,RELATIONSHIPS,TP
continuous_0044_S2_strategy2.npz,241-362,FAMILY,SURVIVAL,FN
continuous_0045_S2_strategy2.npz,0-84,DRINK,DRINK,TP
continuous_0045_S2_strategy2.npz,84-169,GREETING,GREETING,TP
continuous_0045_S2_strategy2.npz,169-340,RELATIONSHIPS,RELATIONSHIPS,TP
continuous_0045_S2_strategy2.npz,340-426,-,NUMBER,FP
continuous_0045_S2_strategy2.npz,426-511,NUMBER,NUMBER,TP
continuous_0045_S2_strategy2.npz,511-597,CALENDAR,CALENDAR,TP
continuous_0045_S2_strategy2.npz,597-768,COLOR,COLOR,TP
continuous_0045_S2_strategy2.npz,768-853,SURVIVAL,SURVIVAL,TP
continuous_0046_S2_strategy2.npz,0-103,GREETING,GREETING,TP
continuous_0046_S2_strategy2.npz,103-208,SURVIVAL,SURVIVAL,TP
continuous_0046_S2_strategy2.npz,208-312,DAYS,DAYS,TP
continuous_0046_S2_strategy2.npz,312-417,-,DRINK,FP
continuous_0046_S2_strategy2.npz,417-522,DRINK,DRINK,TP
continuous_0046_S2_strategy2.npz,522-627,NUMBER,NUMBER,TP
continuous_0046_S2_strategy2.npz,627-732,COLOR,COLOR,TP
continuous_0047_S2_strategy2.npz,0-84,FAMILY,FAMILY,TP
continuous_0047_S2_strategy2.npz,84-169,DRINK,DRINK,TP
continuous_0047_S2_strategy2.npz,169-340,COLOR,COLOR,TP
continuous_0047_S2_strategy2.npz,340-426,NUMBER,NUMBER,TP
continuous_0047_S2_strategy2.npz,426-511,-,SURVIVAL,FP
continuous_0047_S2_strategy2.npz,511-597,-,DRINK,FP
continuous_0047_S2_strategy2.npz,597-768,GREETING,GREETING,TP
continuous_0047_S2_strategy2.npz,768-853,RELATIONSHIPS,RELATIONSHIPS,TP
continuous_0047_S2_strategy2.npz,483-604,SURVIVAL,-,FN
continuous_0048_S2_strategy2.npz,0-93,SURVIVAL,SURVIVAL,TP
continuous_0048_S2_strategy2.npz,93-189,CALENDAR,CALENDAR,TP
continuous_0048_S2_strategy2.npz,189-283,-,DAYS,FP
continuous_0048_S2_strategy2.npz,283-378,-,SURVIVAL,FP
continuous_0048_S2_strategy2.npz,378-474,FAMILY,FAMILY,TP
continuous_0048_S2_strategy2.npz,474-568,RELATIONSHIPS,RELATIONSHIPS,TP
continuous_0048_S2_strategy2.npz,568-759,FOOD,FOOD,TP
continuous_0048_S2_strategy2.npz,759-853,GREETING,GREETING,TP
continuous_0048_S2_strategy2.npz,241-362,DAYS,-,FN
continuous_0049_S2_strategy2.npz,0-66,CALENDAR,CALENDAR,TP
continuous_0049_S2_strategy2.npz,66-132,-,RELATIONSHIPS,FP
continuous_0049_S2_strategy2.npz,132-198,NUMBER,NUMBER,TP
continuous_0049_S2_strategy2.npz,198-399,RELATIONSHIPS,RELATIONSHIPS,TP
continuous_0049_S2_strategy2.npz,399-465,DAYS,DAYS,TP
continuous_0049_S2_strategy2.npz,465-531,-,GREETING,FP
continuous_0049_S2_strategy2.npz,531-664,GREETING,GREETING,TP
continuous_0049_S2_strategy2.npz,664-732,FAMILY,FAMILY,TP
continuous_0050_S2_strategy2.npz,0-72,CALENDAR,CALENDAR,TP
continuous_0050_S2_strategy2.npz,72-145,-,CALENDAR,FP
continuous_0050_S2_strategy2.npz,145-219,SURVIVAL,SURVIVAL,TP
continuous_0050_S2_strategy2.npz,219-291,-,FAMILY,FP
continuous_0050_S2_strategy2.npz,291-366,-,DAYS,FP
continuous_0050_S2_strategy2.npz,366-511,-,NUMBER,FP
continuous_0050_S2_strategy2.npz,511-657,GREETING,GREETING,TP
continuous_0050_S2_strategy2.npz,657-732,COLOR,COLOR,TP
continuous_0050_S2_strategy2.npz,241-362,FAMILY,-,FN
continuous_0050_S2_strategy2.npz,362-483,DAYS,-,FN
continuous_0051_S2_strategy2.npz,0-105,RELATIONSHIPS,RELATIONSHIPS,TP
continuous_0051_S2_strategy2.npz,105-213,FAMILY,FAMILY,TP
continuous_0051_S2_strategy2.npz,213-319,FOOD,FOOD,TP
continuous_0051_S2_strategy2.npz,319-426,SURVIVAL,SURVIVAL,TP
continuous_0051_S2_strategy2.npz,426-639,GREETING,GREETING,TP
continuous_0051_S2_strategy2.npz,639-747,COLOR,COLOR,TP
continuous_0051_S2_strategy2.npz,747-853,DRINK,DRINK,TP
continuous_0052_S2_strategy2.npz,0-81,SURVIVAL,SURVIVAL,TP
continuous_0052_S2_strategy2.npz,81-243,RELATIONSHIPS,RELATIONSHIPS,TP
continuous_0052_S2_strategy2.npz,243-325,DAYS,DAYS,TP
continuous_0052_S2_strategy2.npz,325-406,-,CALENDAR,FP
continuous_0052_S2_strategy2.npz,406-570,CALENDAR,CALENDAR,TP
continuous_0052_S2_strategy2.npz,570-651,-,DRINK,FP
continuous_0052_S2_strategy2.npz,651-733,NUMBER,NUMBER,TP
continuous_0052_S2_strategy2.npz,484-606,DRINK,-,FN
continuous_0053_S2_strategy2.npz,0-81,DRINK,DRINK,TP
continuous_0053_S2_strategy2.npz,81-162,-,SURVIVAL,FP
continuous_0053_S2_strategy2.npz,162-324,CALENDAR,CALENDAR,TP
continuous_0053_S2_strategy2.npz,324-405,-,DAYS,FP
continuous_0053_S2_strategy2.npz,405-487,-,SURVIVAL,FP
continuous_0053_S2_strategy2.npz,487-649,COLOR,COLOR,TP
continuous_0053_S2_strategy2.npz,649-732,RELATIONSHIPS,RELATIONSHIPS,TP
continuous_0053_S2_strategy2.npz,120-241,SURVIVAL,-,FN
continuous_0053_S2_strategy2.npz,362-483,DAYS,-,FN
continuous_0054_S2_strategy2.npz,0-141,DRINK,DRINK,TP
continuous_0054_S2_strategy2.npz,141-285,CALENDAR,CALENDAR,TP
continuous_0054_S2_strategy2.npz,285-355,NUMBER,NUMBER,TP
continuous_0054_S2_strategy2.npz,355-498,FOOD,COLOR,FP
continuous_0054_S2_strategy2.npz,498-570,DAYS,DAYS,TP
continuous_0054_S2_strategy2.npz,570-640,-,RELATIONSHIPS,FP
continuous_0054_S2_strategy2.npz,640-783,GREETING,GREETING,TP
continuous_0054_S2_strategy2.npz,783-855,RELATIONSHIPS,RELATIONSHIPS,TP
continuous_0054_S2_strategy2.npz,362-484,FOOD,COLOR,FN
continuous_0055_S2_strategy2.npz,0-132,FOOD,FOOD,TP
continuous_0055_S2_strategy2.npz,132-198,FAMILY,FAMILY,TP
continuous_0055_S2_strategy2.npz,198-265,-,RELATIONSHIPS,FP
continuous_0055_S2_strategy2.npz,265-331,NUMBER,NUMBER,TP
continuous_0055_S2_strategy2.npz,331-399,-,SURVIVAL,FP
continuous_0055_S2_strategy2.npz,399-465,-,RELATIONSHIPS,FP
continuous_0055_S2_strategy2.npz,465-597,RELATIONSHIPS,RELATIONSHIPS,TP
continuous_0055_S2_strategy2.npz,597-664,SURVIVAL,SURVIVAL,TP
continuous_0055_S2_strategy2.npz,664-732,COLOR,COLOR,TP
continuous_0056_S2_strategy2.npz,0-84,RELATIONSHIPS,RELATIONSHIPS,TP
continuous_0056_S2_strategy2.npz,84-255,NUMBER,NUMBER,TP
continuous_0056_S2_strategy2.npz,255-426,CALENDAR,CALENDAR,TP
continuous_0056_S2_strategy2.npz,426-511,GREETING,GREETING,TP
continuous_0056_S2_strategy2.npz,511-597,COLOR,COLOR,TP
continuous_0056_S2_strategy2.npz,597-768,FOOD,FOOD,TP
continuous_0056_S2_strategy2.npz,768-853,FAMILY,FAMILY,TP
continuous_0057_S2_strategy2.npz,0-103,DAYS,DAYS,TP
continuous_0057_S2_strategy2.npz,103-208,RELATIONSHIPS,RELATIONSHIPS,TP
continuous_0057_S2_strategy2.npz,208-312,GREETING,GREETING,TP
continuous_0057_S2_strategy2.npz,312-417,CALENDAR,CALENDAR,TP
continuous_0057_S2_strategy2.npz,417-627,SURVIVAL,SURVIVAL,TP
continuous_0057_S2_strategy2.npz,627-732,FAMILY,FAMILY,TP
continuous_0058_S2_strategy2.npz,0-84,SURVIVAL,SURVIVAL,TP
continuous_0058_S2_strategy2.npz,84-169,-,DRINK,FP
continuous_0058_S2_strategy2.npz,169-340,FOOD,GREETING,FP
continuous_0058_S2_strategy2.npz,340-511,FAMILY,FAMILY,TP
continuous_0058_S2_strategy2.npz,511-597,COLOR,COLOR,TP
continuous_0058_S2_strategy2.npz,597-768,DAYS,DAYS,TP
continuous_0058_S2_strategy2.npz,768-853,CALENDAR,CALENDAR,TP
continuous_0058_S2_strategy2.npz,120-241,DRINK,-,FN
continuous_0058_S2_strategy2.npz,241-362,FOOD,GREETING,FN
continuous_0059_S2_strategy2.npz,0-93,SURVIVAL,SURVIVAL,TP
continuous_0059_S2_strategy2.npz,93-189,DAYS,DAYS,TP
continuous_0059_S2_strategy2.npz,189-283,-,DRINK,FP
continuous_0059_S2_strategy2.npz,283-378,-,COLOR,FP
continuous_0059_S2_strategy2.npz,378-474,-,NUMBER,FP
continuous_0059_S2_strategy2.npz,474-568,NUMBER,NUMBER,TP
continuous_0059_S2_strategy2.npz,568-759,CALENDAR,CALENDAR,TP
continuous_0059_S2_strategy2.npz,759-853,FAMILY,FAMILY,TP
continuous_0059_S2_strategy2.npz,241-362,DRINK,-,FN
continuous_0059_S2_strategy2.npz,362-483,COLOR,-,FN
continuous_0060_S2_strategy2.npz,0-103,SURVIVAL,SURVIVAL,TP
continuous_0060_S2_strategy2.npz,103-208,COLOR,COLOR,TP
continuous_0060_S2_strategy2.npz,208-417,DAYS,DAYS,TP
continuous_0060_S2_strategy2.npz,417-522,CALENDAR,CALENDAR,TP
continuous_0060_S2_strategy2.npz,522-627,DRINK,DRINK,TP
continuous_0060_S2_strategy2.npz,627-732,FAMILY,FAMILY,TP
continuous_0061_S2_strategy2.npz,0-103,FAMILY,FAMILY,TP
continuous_0061_S2_strategy2.npz,103-208,FOOD,FOOD,TP
continuous_0061_S2_strategy2.npz,208-313,NUMBER,NUMBER,TP
continuous_0061_S2_strategy2.npz,313-522,CALENDAR,CALENDAR,TP
continuous_0061_S2_strategy2.npz,522-627,DAYS,DAYS,TP
continuous_0061_S2_strategy2.npz,627-732,COLOR,COLOR,TP
continuous_0062_S2_strategy2.npz,0-81,FOOD,FOOD,TP
continuous_0062_S2_strategy2.npz,81-162,-,FOOD,FP
continuous_0062_S2_strategy2.npz,162-243,-,RELATIONSHIPS,FP
continuous_0062_S2_strategy2.npz,243-405,FOOD,FOOD,TP
continuous_0062_S2_strategy2.npz,405-487,FOOD,FOOD,TP
continuous_0062_S2_strategy2.npz,487-649,FOOD,FOOD,TP
continuous_0062_S2_strategy2.npz,649-732,COLOR,COLOR,TP
continuous_0062_S2_strategy2.npz,120-241,FOOD,-,FN
continuous_0063_S3_strategy2.npz,0-130,DAYS,DAYS,TP
continuous_0063_S3_strategy2.npz,130-261,RELATIONSHIPS,RELATIONSHIPS,TP
continuous_0063_S3_strategy2.npz,261-393,COLOR,COLOR,TP
continuous_0063_S3_strategy2.npz,393-523,CALENDAR,CALENDAR,TP
continuous_0063_S3_strategy2.npz,523-654,GREETING,GREETING,TP
continuous_0063_S3_strategy2.npz,654-786,SURVIVAL,SURVIVAL,TP
continuous_0063_S3_strategy2.npz,786-850,FOOD,FOOD,TP
continuous_0064_S3_strategy2.npz,0-93,GREETING,GREETING,TP
continuous_0064_S3_strategy2.npz,93-189,SURVIVAL,SURVIVAL,TP
continuous_0064_S3_strategy2.npz,189-283,-,NUMBER,FP
continuous_0064_S3_strategy2.npz,283-474,COLOR,COLOR,TP
continuous_0064_S3_strategy2.npz,474-663,CALENDAR,CALENDAR,TP
continuous_0064_S3_strategy2.npz,663-759,FAMILY,FAMILY,TP
continuous_0064_S3_strategy2.npz,759-853,DRINK,DRINK,TP
continuous_0064_S3_strategy2.npz,241-362,NUMBER,-,FN
continuous_0065_S3_strategy2.npz,0-132,DRINK,DRINK,TP
continuous_0065_S3_strategy2.npz,132-265,COLOR,COLOR,TP
continuous_0065_S3_strategy2.npz,265-333,SURVIVAL,SURVIVAL,TP
continuous_0065_S3_strategy2.npz,333-399,-,SURVIVAL,FP
continuous_0065_S3_strategy2.npz,399-532,NUMBER,NUMBER,TP
continuous_0065_S3_strategy2.npz,532-598,GREETING,GREETING,TP
continuous_0065_S3_strategy2.npz,598-666,-,NUMBER,FP
continuous_0065_S3_strategy2.npz,666-732,FAMILY,FAMILY,TP
continuous_0066_S3_strategy2.npz,0-76,FAMILY,FAMILY,TP
continuous_0066_S3_strategy2.npz,76-231,DAYS,DAYS,TP
continuous_0066_S3_strategy2.npz,231-309,NUMBER,NUMBER,TP
continuous_0066_S3_strategy2.npz,309-465,RELATIONSHIPS,RELATIONSHIPS,TP
continuous_0066_S3_strategy2.npz,465-621,GREETING,GREETING,TP
continuous_0066_S3_strategy2.npz,621-775,SURVIVAL,SURVIVAL,TP
continuous_0066_S3_strategy2.npz,775-853,COLOR,COLOR,TP
continuous_0067_S3_strategy2.npz,0-70,COLOR,COLOR,TP
continuous_0067_S3_strategy2.npz,70-283,FOOD,FOOD,TP
continuous_0067_S3_strategy2.npz,283-354,FAMILY,FAMILY,TP
continuous_0067_S3_strategy2.npz,354-426,-,RELATIONSHIPS,FP
continuous_0067_S3_strategy2.npz,426-496,SURVIVAL,SURVIVAL,TP
continuous_0067_S3_strategy2.npz,496-639,GREETING,GREETING,TP
continuous_0067_S3_strategy2.npz,639-780,RELATIONSHIPS,RELATIONSHIPS,TP
continuous_0067_S3_strategy2.npz,780-852,DAYS,DAYS,TP
continuous_0068_S3_strategy2.npz,0-76,GREETING,GREETING,TP
continuous_0068_S3_strategy2.npz,76-231,FOOD,FOOD,TP
continuous_0068_S3_strategy2.npz,231-309,DAYS,DAYS,TP
continuous_0068_S3_strategy2.npz,309-465,CALENDAR,CALENDAR,TP
continuous_0068_S3_strategy2.npz,465-541,COLOR,COLOR,TP
continuous_0068_S3_strategy2.npz,541-619,-,GREETING,FP
continuous_0068_S3_strategy2.npz,619-774,RELATIONSHIPS,RELATIONSHIPS,TP
continuous_0068_S3_strategy2.npz,774-852,NUMBER,NUMBER,TP
continuous_0069_S3_strategy2.npz,0-153,DRINK,DRINK,TP
continuous_0069_S3_strategy2.npz,153-231,GREETING,GREETING,TP
continuous_0069_S3_strategy2.npz,231-309,FOOD,FOOD,TP
continuous_0069_S3_strategy2.npz,309-541,SURVIVAL,SURVIVAL,TP
continuous_0069_S3_strategy2.npz,541-618,NUMBER,NUMBER,TP
continuous_0069_S3_strategy2.npz,618-696,COLOR,COLOR,TP
continuous_0069_S3_strategy2.npz,696-774,-,CALENDAR,FP
continuous_0069_S3_strategy2.npz,774-852,CALENDAR,CALENDAR,TP
continuous_0070_S3_strategy2.npz,0-76,SURVIVAL,SURVIVAL,TP
continuous_0070_S3_strategy2.npz,76-231,FOOD,FOOD,TP
continuous_0070_S3_strategy2.npz,231-309,COLOR,COLOR,TP
continuous_0070_S3_strategy2.npz,309-465,GREETING,GREETING,TP
continuous_0070_S3_strategy2.npz,465-621,DAYS,DAYS,TP
continuous_0070_S3_strategy2.npz,621-775,CALENDAR,CALENDAR,TP
continuous_0070_S3_strategy2.npz,775-853,RELATIONSHIPS,RELATIONSHIPS,TP
continuous_0071_S3_strategy2.npz,0-72,RELATIONSHIPS,RELATIONSHIPS,TP
continuous_0071_S3_strategy2.npz,72-145,-,FAMILY,FP
continuous_0071_S3_strategy2.npz,145-219,FAMILY,FAMILY,TP
continuous_0071_S3_strategy2.npz,219-291,-,FAMILY,FP
continuous_0071_S3_strategy2.npz,291-438,DAYS,DAYS,TP
continuous_0071_S3_strategy2.npz,438-511,CALENDAR,CALENDAR,TP
continuous_0071_S3_strategy2.npz,511-585,FOOD,FOOD,TP
continuous_0071_S3_strategy2.npz,585-657,-,FOOD,FP
continuous_0071_S3_strategy2.npz,657-732,DRINK,DRINK,TP
continuous_0072_S3_strategy2.npz,0-132,DAYS,DAYS,TP
continuous_0072_S3_strategy2.npz,132-265,SURVIVAL,SURVIVAL,TP
continuous_0072_S3_strategy2.npz,265-331,FAMILY,FAMILY,TP
continuous_0072_S3_strategy2.npz,331-399,-,DRINK,FP
continuous_0072_S3_strategy2.npz,399-531,RELATIONSHIPS,RELATIONSHIPS,TP
continuous_0072_S3_strategy2.npz,531-597,NUMBER,NUMBER,TP
continuous_0072_S3_strategy2.npz,597-664,-,CALENDAR,FP
continuous_0072_S3_strategy2.npz,664-732,CALENDAR,CALENDAR,TP
continuous_0073_S3_strategy2.npz,0-76,FAMILY,FAMILY,TP
continuous_0073_S3_strategy2.npz,76-154,-,DAYS,FP
continuous_0073_S3_strategy2.npz,154-231,-,CALENDAR,FP
continuous_0073_S3_strategy2.npz,231-387,CALENDAR,CALENDAR,TP
continuous_0073_S3_strategy2.npz,387-465,-,FOOD,FP
continuous_0073_S3_strategy2.npz,465-541,DRINK,DRINK,TP
continuous_0073_S3_strategy2.npz,541-696,NUMBER,NUMBER,TP
continuous_0073_S3_strategy2.npz,696-774,-,COLOR,FP
continuous_0073_S3_strategy2.npz,774-852,FOOD,FOOD,TP
continuous_0073_S3_strategy2.npz,120-240,DAYS,-,FN
continuous_0073_S3_strategy2.npz,603-724,COLOR,-,FN
continuous_0074_S3_strategy2.npz,0-154,FOOD,FOOD,TP
continuous_0074_S3_strategy2.npz,154-231,SURVIVAL,SURVIVAL,TP
continuous_0074_S3_strategy2.npz,231-309,-,RELATIONSHIPS,FP
continuous_0074_S3_strategy2.npz,309-387,NUMBER,NUMBER,TP
continuous_0074_S3_strategy2.npz,387-465,RELATIONSHIPS,SURVIVAL,FP
continuous_0074_S3_strategy2.npz,465-621,FAMILY,FAMILY,TP
continuous_0074_S3_strategy2.npz,621-775,DAYS,DAYS,TP
continuous_0074_S3_strategy2.npz,775-853,CALENDAR,CALENDAR,TP
continuous_0074_S3_strategy2.npz,362-483,RELATIONSHIPS,SURVIVAL,FN
continuous_0075_S3_strategy2.npz,0-154,FOOD,FOOD,TP
continuous_0075_S3_strategy2.npz,154-309,RELATIONSHIPS,RELATIONSHIPS,TP
continuous_0075_S3_strategy2.npz,309-387,GREETING,GREETING,TP
continuous_0075_S3_strategy2.npz,387-543,NUMBER,NUMBER,TP
continuous_0075_S3_strategy2.npz,543-621,COLOR,COLOR,TP
continuous_0075_S3_strategy2.npz,621-775,DAYS,DAYS,TP
continuous_0075_S3_strategy2.npz,775-853,DRINK,DRINK,TP
continuous_0076_S3_strategy2.npz,0-162,DAYS,DAYS,TP
continuous_0076_S3_strategy2.npz,162-243,SURVIVAL,SURVIVAL,TP
continuous_0076_S3_strategy2.npz,243-406,COLOR,COLOR,TP
continuous_0076_S3_strategy2.npz,406-570,NUMBER,NUMBER,TP
continuous_0076_S3_strategy2.npz,570-651,DRINK,DRINK,TP
continuous_0076_S3_strategy2.npz,651-732,RELATIONSHIPS,RELATIONSHIPS,TP
continuous_0077_S3_strategy2.npz,0-189,NUMBER,NUMBER,TP
continuous_0077_S3_strategy2.npz,189-283,SURVIVAL,SURVIVAL,TP
continuous_0077_S3_strategy2.npz,283-378,FOOD,FOOD,TP
continuous_0077_S3_strategy2.npz,378-474,COLOR,COLOR,TP
continuous_0077_S3_strategy2.npz,474-568,-,RELATIONSHIPS,FP
continuous_0077_S3_strategy2.npz,568-663,FAMILY,FAMILY,TP
continuous_0077_S3_strategy2.npz,663-759,DRINK,DRINK,TP
continuous_0077_S3_strategy2.npz,759-853,CALENDAR,CALENDAR,TP
continuous_0078_S3_strategy2.npz,0-141,FOOD,FOOD,TP
continuous_0078_S3_strategy2.npz,141-283,DRINK,DRINK,TP
continuous_0078_S3_strategy2.npz,283-426,NUMBER,NUMBER,TP
continuous_0078_S3_strategy2.npz,426-498,SURVIVAL,SURVIVAL,TP
continuous_0078_S3_strategy2.npz,498-639,FAMILY,FAMILY,TP
continuous_0078_S3_strategy2.npz,639-781,CALENDAR,CALENDAR,TP
continuous_0078_S3_strategy2.npz,781-853,COLOR,COLOR,TP
continuous_0079_S3_strategy2.npz,0-90,DRINK,DRINK,TP
continuous_0079_S3_strategy2.npz,90-273,SURVIVAL,SURVIVAL,TP
continuous_0079_S3_strategy2.npz,273-366,FAMILY,FAMILY,TP
continuous_0079_S3_strategy2.npz,366-457,GREETING,GREETING,TP
continuous_0079_S3_strategy2.npz,457-549,CALENDAR,CALENDAR,TP
continuous_0079_S3_strategy2.npz,549-640,-,FAMILY,FP
continuous_0079_S3_strategy2.npz,640-732,COLOR,COLOR,TP
continuous_0080_S3_strategy2.npz,0-84,SURVIVAL,SURVIVAL,TP
continuous_0080_S3_strategy2.npz,84-169,DRINK,DRINK,TP
continuous_0080_S3_strategy2.npz,169-255,-,CALENDAR,FP
continuous_0080_S3_strategy2.npz,255-340,CALENDAR,CALENDAR,TP
continuous_0080_S3_strategy2.npz,340-426,FAMILY,FAMILY,TP
continuous_0080_S3_strategy2.npz,426-597,FOOD,FOOD,TP
continuous_0080_S3_strategy2.npz,597-766,GREETING,GREETING,TP
continuous_0080_S3_strategy2.npz,766-852,COLOR,COLOR,TP
continuous_0081_S3_strategy2.npz,0-130,COLOR,COLOR,TP
continuous_0081_S3_strategy2.npz,130-261,FAMILY,FAMILY,TP
continuous_0081_S3_strategy2.npz,261-393,COLOR,COLOR,TP
continuous_0081_S3_strategy2.npz,393-459,FAMILY,FAMILY,TP
continuous_0081_S3_strategy2.npz,459-525,-,FAMILY,FP
continuous_0081_S3_strategy2.npz,525-655,FAMILY,FAMILY,TP
continuous_0081_S3_strategy2.npz,655-787,CALENDAR,CALENDAR,TP
continuous_0081_S3_strategy2.npz,787-853,FAMILY,FAMILY,TP
continuous_0082_S3_strategy2.npz,0-122,COLOR,COLOR,TP
continuous_0083_S3_strategy2.npz,0-121,COLOR,COLOR,TP
continuous_0084_S4_strategy2.npz,0-163,RELATIONSHIPS,RELATIONSHIPS,TP
continuous_0084_S4_strategy2.npz,163-328,GREETING,GREETING,TP
continuous_0084_S4_strategy2.npz,328-493,NUMBER,NUMBER,TP
continuous_0084_S4_strategy2.npz,493-576,FAMILY,FAMILY,TP
continuous_0084_S4_strategy2.npz,576-657,FOOD,FOOD,TP
continuous_0084_S4_strategy2.npz,657-822,DRINK,DRINK,TP
continuous_0084_S4_strategy2.npz,822-906,COLOR,COLOR,TP
continuous_0085_S4_strategy2.npz,0-75,SURVIVAL,SURVIVAL,TP
continuous_0085_S4_strategy2.npz,75-229,FAMILY,FAMILY,TP
continuous_0085_S4_strategy2.npz,229-306,FOOD,FOOD,TP
continuous_0085_S4_strategy2.npz,306-384,-,NUMBER,FP
continuous_0085_S4_strategy2.npz,384-537,NUMBER,NUMBER,TP
continuous_0085_S4_strategy2.npz,537-691,GREETING,GREETING,TP
continuous_0085_S4_strategy2.npz,691-768,RELATIONSHIPS,RELATIONSHIPS,TP
continuous_0086_S4_strategy2.npz,0-97,CALENDAR,CALENDAR,TP
continuous_0086_S4_strategy2.npz,97-294,GREETING,GREETING,TP
continuous_0086_S4_strategy2.npz,294-393,FAMILY,FAMILY,TP
continuous_0086_S4_strategy2.npz,393-490,COLOR,COLOR,TP
continuous_0086_S4_strategy2.npz,490-589,SURVIVAL,DAYS,FP
continuous_0086_S4_strategy2.npz,589-786,NUMBER,NUMBER,TP
continuous_0086_S4_strategy2.npz,786-885,RELATIONSHIPS,RELATIONSHIPS,TP
continuous_0086_S4_strategy2.npz,500-622,SURVIVAL,DAYS,FN
continuous_0087_S4_strategy2.npz,0-153,RELATIONSHIPS,RELATIONSHIPS,TP
continuous_0087_S4_strategy2.npz,153-307,DRINK,DRINK,TP
continuous_0087_S4_strategy2.npz,307-385,FOOD,FOOD,TP
continuous_0087_S4_strategy2.npz,385-462,CALENDAR,CALENDAR,TP
continuous_0087_S4_strategy2.npz,462-540,-,CALENDAR,FP
continuous_0087_S4_strategy2.npz,540-616,-,FAMILY,FP
continuous_0087_S4_strategy2.npz,616-693,GREETING,GREETING,TP
continuous_0087_S4_strategy2.npz,693-771,FAMILY,FAMILY,TP
continuous_0088_S4_strategy2.npz,0-87,COLOR,COLOR,TP
continuous_0088_S4_strategy2.npz,87-264,SURVIVAL,SURVIVAL,TP
continuous_0088_S4_strategy2.npz,264-441,RELATIONSHIPS,RELATIONSHIPS,TP
continuous_0088_S4_strategy2.npz,441-528,DRINK,DRINK,TP
continuous_0088_S4_strategy2.npz,528-705,GREETING,GREETING,TP
continuous_0088_S4_strategy2.npz,705-792,-,DAYS,FP
continuous_0088_S4_strategy2.npz,792-882,FOOD,GREETING,FP
continuous_0088_S4_strategy2.npz,626-752,DAYS,-,FN
continuous_0088_S4_strategy2.npz,752-881,FOOD,GREETING,FN
continuous_0089_S4_strategy2.npz,0-100,NUMBER,NUMBER,TP
continuous_0089_S4_strategy2.npz,100-202,RELATIONSHIPS,RELATIONSHIPS,TP
continuous_0089_S4_strategy2.npz,202-304,COLOR,COLOR,TP
continuous_0089_S4_strategy2.npz,304-406,-,DRINK,FP
continuous_0089_S4_strategy2.npz,406-609,GREETING,GREETING,TP
continuous_0089_S4_strategy2.npz,609-813,CALENDAR,CALENDAR,TP
continuous_0089_S4_strategy2.npz,813-915,SURVIVAL,SURVIVAL,TP
continuous_0089_S4_strategy2.npz,380-524,DRINK,-,FN
continuous_0090_S4_strategy2.npz,0-105,FAMILY,FAMILY,TP
continuous_0090_S4_strategy2.npz,105-318,COLOR,COLOR,TP
continuous_0090_S4_strategy2.npz,318-426,DAYS,DAYS,TP
continuous_0090_S4_strategy2.npz,426-531,DRINK,DRINK,TP
continuous_0090_S4_strategy2.npz,531-639,RELATIONSHIPS,RELATIONSHIPS,TP
continuous_0090_S4_strategy2.npz,639-745,NUMBER,NUMBER,TP
continuous_0091_S4_strategy2.npz,0-99,CALENDAR,CALENDAR,TP
continuous_0091_S4_strategy2.npz,99-198,SURVIVAL,SURVIVAL,TP
continuous_0091_S4_strategy2.npz,198-297,-,FAMILY,FP
continuous_0091_S4_strategy2.npz,297-396,GREETING,GREETING,TP
continuous_0091_S4_strategy2.npz,396-595,DRINK,DRINK,TP
continuous_0091_S4_strategy2.npz,595-694,RELATIONSHIPS,RELATIONSHIPS,TP
continuous_0091_S4_strategy2.npz,694-795,COLOR,COLOR,TP
continuous_0092_S4_strategy2.npz,0-81,NUMBER,NUMBER,TP
continuous_0092_S4_strategy2.npz,81-163,GREETING,GREETING,TP
continuous_0092_S4_strategy2.npz,163-246,-,FAMILY,FP
continuous_0092_S4_strategy2.npz,246-411,COLOR,COLOR,TP
continuous_0092_S4_strategy2.npz,411-493,RELATIONSHIPS,RELATIONSHIPS,TP
continuous_0092_S4_strategy2.npz,493-576,FAMILY,FAMILY,TP
continuous_0092_S4_strategy2.npz,576-823,-,CALENDAR,FP
continuous_0092_S4_strategy2.npz,823-906,DRINK,DRINK,TP
continuous_0092_S4_strategy2.npz,644-779,CALENDAR,-,FN
continuous_0093_S4_strategy2.npz,0-186,FOOD,FOOD,TP
continuous_0093_S4_strategy2.npz,186-279,-,FAMILY,FP
continuous_0093_S4_strategy2.npz,279-373,DRINK,DRINK,TP
continuous_0093_S4_strategy2.npz,373-561,SURVIVAL,SURVIVAL,TP
continuous_0093_S4_strategy2.npz,561-654,-,RELATIONSHIPS,FP
continuous_0093_S4_strategy2.npz,654-747,COLOR,COLOR,TP
continuous_0093_S4_strategy2.npz,747-840,CALENDAR,CALENDAR,TP
continuous_0093_S4_strategy2.npz,840-934,RELATIONSHIPS,RELATIONSHIPS,TP
continuous_0093_S4_strategy2.npz,127-256,FAMILY,-,FN
continuous_0094_S4_strategy2.npz,0-99,CALENDAR,CALENDAR,TP
continuous_0094_S4_strategy2.npz,99-297,NUMBER,NUMBER,TP
continuous_0094_S4_strategy2.npz,297-495,RELATIONSHIPS,RELATIONSHIPS,TP
continuous_0094_S4_strategy2.npz,495-594,DRINK,DRINK,TP
continuous_0094_S4_strategy2.npz,594-693,FAMILY,FAMILY,TP
continuous_0094_S4_strategy2.npz,693-792,SURVIVAL,SURVIVAL,TP
continuous_0094_S4_strategy2.npz,792-892,DAYS,DAYS,TP
continuous_0095_S4_strategy2.npz,0-111,COLOR,COLOR,TP
continuous_0095_S4_strategy2.npz,111-222,FAMILY,FAMILY,TP
continuous_0095_S4_strategy2.npz,222-333,RELATIONSHIPS,RELATIONSHIPS,TP
continuous_0095_S4_strategy2.npz,333-555,DRINK,DRINK,TP
continuous_0095_S4_strategy2.npz,555-666,CALENDAR,CALENDAR,TP
continuous_0095_S4_strategy2.npz,666-777,FOOD,FOOD,TP
continuous_0095_S4_strategy2.npz,777-888,DAYS,DAYS,TP
continuous_0096_S4_strategy2.npz,0-84,RELATIONSHIPS,RELATIONSHIPS,TP
continuous_0096_S4_strategy2.npz,84-256,SURVIVAL,SURVIVAL,TP
continuous_0096_S4_strategy2.npz,256-427,COLOR,COLOR,TP
continuous_0096_S4_strategy2.npz,427-513,GREETING,GREETING,TP
continuous_0096_S4_strategy2.npz,513-598,-,FOOD,FP
continuous_0096_S4_strategy2.npz,598-684,-,DRINK,FP
continuous_0096_S4_strategy2.npz,684-771,CALENDAR,CALENDAR,TP
continuous_0096_S4_strategy2.npz,516-643,DRINK,-,FN
continuous_0097_S4_strategy2.npz,0-127,DAYS,DAYS,TP
continuous_0097_S4_strategy2.npz,127-255,NUMBER,NUMBER,TP
continuous_0097_S4_strategy2.npz,255-384,DRINK,DRINK,TP
continuous_0097_S4_strategy2.npz,384-511,COLOR,COLOR,TP
continuous_0097_S4_strategy2.npz,511-639,FAMILY,FAMILY,TP
continuous_0097_S4_strategy2.npz,639-768,GREETING,GREETING,TP
continuous_0097_S4_strategy2.npz,768-895,SURVIVAL,RELATIONSHIPS,FP
continuous_0097_S4_strategy2.npz,766-895,SURVIVAL,RELATIONSHIPS,FN
continuous_0098_S4_strategy2.npz,0-85,DRINK,DRINK,TP
continuous_0098_S4_strategy2.npz,85-171,-,DAYS,FP
continuous_0098_S4_strategy2.npz,171-343,COLOR,COLOR,TP
continuous_0098_S4_strategy2.npz,343-429,-,SURVIVAL,FP
continuous_0098_S4_strategy2.npz,429-516,FAMILY,FAMILY,TP
continuous_0098_S4_strategy2.npz,516-601,GREETING,GREETING,TP
continuous_0098_S4_strategy2.npz,601-687,-,SURVIVAL,FP
continuous_0098_S4_strategy2.npz,687-774,NUMBER,NUMBER,TP
continuous_0098_S4_strategy2.npz,265-391,SURVIVAL,-,FN
continuous_0099_S4_strategy2.npz,0-150,GREETING,GREETING,TP
continuous_0099_S4_strategy2.npz,150-225,-,RELATIONSHIPS,FP
continuous_0099_S4_strategy2.npz,225-301,COLOR,COLOR,TP
continuous_0099_S4_strategy2.npz,301-528,SURVIVAL,SURVIVAL,TP
continuous_0099_S4_strategy2.npz,528-603,-,RELATIONSHIPS,FP
continuous_0099_S4_strategy2.npz,603-679,-,DAYS,FP
continuous_0099_S4_strategy2.npz,679-831,FAMILY,FAMILY,TP
continuous_0099_S4_strategy2.npz,831-906,NUMBER,NUMBER,TP
continuous_0099_S4_strategy2.npz,405-532,RELATIONSHIPS,-,FN
continuous_0099_S4_strategy2.npz,532-655,DAYS,-,FN
continuous_0100_S4_strategy2.npz,0-85,SURVIVAL,SURVIVAL,TP
continuous_0100_S4_strategy2.npz,85-171,-,NUMBER,FP
continuous_0100_S4_strategy2.npz,171-258,-,SURVIVAL,FP
continuous_0100_S4_strategy2.npz,258-343,RELATIONSHIPS,RELATIONSHIPS,TP
continuous_0100_S4_strategy2.npz,343-429,-,FOOD,FP
continuous_0100_S4_strategy2.npz,429-516,-,COLOR,FP
continuous_0100_S4_strategy2.npz,516-603,-,GREETING,FP
continuous_0100_S4_strategy2.npz,603-861,FAMILY,FAMILY,TP
continuous_0100_S4_strategy2.npz,861-948,CALENDAR,CALENDAR,TP
continuous_0100_S4_strategy2.npz,126-253,NUMBER,-,FN
continuous_0100_S4_strategy2.npz,402-530,FOOD,-,FN
continuous_0100_S4_strategy2.npz,530-658,COLOR,-,FN
continuous_0101_S4_strategy2.npz,0-85,NUMBER,NUMBER,TP
continuous_0101_S4_strategy2.npz,85-171,-,RELATIONSHIPS,FP
continuous_0101_S4_strategy2.npz,171-343,GREETING,GREETING,TP
continuous_0101_S4_strategy2.npz,343-516,COLOR,COLOR,TP
continuous_0101_S4_strategy2.npz,516-687,FAMILY,FAMILY,TP
continuous_0101_S4_strategy2.npz,687-774,SURVIVAL,SURVIVAL,TP
continuous_0101_S4_strategy2.npz,127-256,RELATIONSHIPS,-,FN
continuous_0102_S4_strategy2.npz,0-97,SURVIVAL,SURVIVAL,TP
continuous_0102_S4_strategy2.npz,97-196,NUMBER,NUMBER,TP
continuous_0102_S4_strategy2.npz,196-394,FOOD,FOOD,TP
continuous_0102_S4_strategy2.npz,394-592,CALENDAR,CALENDAR,TP
continuous_0102_S4_strategy2.npz,592-691,-,DAYS,FP
continuous_0102_S4_strategy2.npz,691-790,GREETING,GREETING,TP
continuous_0102_S4_strategy2.npz,790-889,FAMILY,FAMILY,TP
continuous_0102_S4_strategy2.npz,513-635,DAYS,-,FN
continuous_0103_S4_strategy2.npz,0-192,RELATIONSHIPS,RELATIONSHIPS,TP
continuous_0103_S4_strategy2.npz,192-384,GREETING,GREETING,TP
continuous_0103_S4_strategy2.npz,384-480,-,COLOR,FP
continuous_0103_S4_strategy2.npz,480-576,NUMBER,NUMBER,TP
continuous_0103_S4_strategy2.npz,576-672,DAYS,DAYS,TP
continuous_0103_S4_strategy2.npz,672-769,FAMILY,FAMILY,TP
continuous_0103_S4_strategy2.npz,255-386,COLOR,-,FN
continuous_0104_S4_strategy2.npz,0-109,SURVIVAL,SURVIVAL,TP
continuous_0104_S4_strategy2.npz,109-220,GREETING,GREETING,TP
continuous_0104_S4_strategy2.npz,220-441,CALENDAR,CALENDAR,TP
continuous_0104_S4_strategy2.npz,441-552,COLOR,COLOR,TP
continuous_0104_S4_strategy2.npz,552-663,NUMBER,NUMBER,TP
continuous_0104_S4_strategy2.npz,663-774,DRINK,DRINK,TP
continuous_0105_S4_strategy2.npz,0-150,DAYS,DAYS,TP
continuous_0105_S4_strategy2.npz,150-226,SURVIVAL,SURVIVAL,TP
continuous_0105_S4_strategy2.npz,226-378,DRINK,DRINK,TP
continuous_0105_S4_strategy2.npz,378-528,FAMILY,FAMILY,TP
continuous_0105_S4_strategy2.npz,528-681,COLOR,COLOR,TP
continuous_0105_S4_strategy2.npz,681-756,CALENDAR,CALENDAR,TP
continuous_0106_S4_strategy2.npz,0-109,DRINK,DRINK,TP
continuous_0106_S4_strategy2.npz,109-220,NUMBER,NUMBER,TP
continuous_0106_S4_strategy2.npz,220-330,DAYS,DAYS,TP
continuous_0106_S4_strategy2.npz,330-441,-,DAYS,FP
continuous_0106_S4_strategy2.npz,441-552,FOOD,FOOD,TP
continuous_0106_S4_strategy2.npz,552-663,RELATIONSHIPS,RELATIONSHIPS,TP
continuous_0106_S4_strategy2.npz,663-774,SURVIVAL,SURVIVAL,TP
continuous_0106_S4_strategy2.npz,774-885,GREETING,GREETING,TP
continuous_0107_S4_strategy2.npz,0-106,NUMBER,NUMBER,TP
continuous_0107_S4_strategy2.npz,106-214,GREETING,SURVIVAL,FP
continuous_0107_S4_strategy2.npz,214-322,SURVIVAL,SURVIVAL,TP
continuous_0107_S4_strategy2.npz,322-430,FOOD,FOOD,TP
continuous_0107_S4_strategy2.npz,430-538,-,CALENDAR,FP
continuous_0107_S4_strategy2.npz,538-646,-,RELATIONSHIPS,FP
continuous_0107_S4_strategy2.npz,646-754,FAMILY,FAMILY,TP
continuous_0107_S4_strategy2.npz,506-631,CALENDAR,-,FN
continuous_0107_S4_strategy2.npz,125-254,GREETING,SURVIVAL,FN
continuous_0108_S4_strategy2.npz,0-174,DAYS,DAYS,TP
continuous_0108_S4_strategy2.npz,174-261,COLOR,COLOR,TP
continuous_0108_S4_strategy2.npz,261-522,GREETING,GREETING,TP
continuous_0108_S4_strategy2.npz,522-609,-,FOOD,FP
continuous_0108_S4_strategy2.npz,609-696,DRINK,DRINK,TP
continuous_0108_S4_strategy2.npz,696-783,CALENDAR,CALENDAR,TP
continuous_0108_S4_strategy2.npz,382-508,FOOD,-,FN
continuous_0109_S4_strategy2.npz,0-135,NUMBER,NUMBER,TP
continuous_0109_S4_strategy2.npz,135-202,-,SURVIVAL,FP
continuous_0109_S4_strategy2.npz,202-337,DAYS,DAYS,TP
continuous_0109_S4_strategy2.npz,337-474,CALENDAR,CALENDAR,TP
continuous_0109_S4_strategy2.npz,474-541,-,SURVIVAL,FP
continuous_0109_S4_strategy2.npz,541-676,GREETING,GREETING,TP
continuous_0109_S4_strategy2.npz,676-813,FOOD,FOOD,TP
continuous_0109_S4_strategy2.npz,813-880,RELATIONSHIPS,RELATIONSHIPS,TP
continuous_0109_S4_strategy2.npz,388-515,SURVIVAL,-,FN
continuous_0110_S4_strategy2.npz,0-196,DRINK,DRINK,TP
continuous_0110_S4_strategy2.npz,196-294,CALENDAR,CALENDAR,TP
continuous_0110_S4_strategy2.npz,294-393,COLOR,COLOR,TP
continuous_0110_S4_strategy2.npz,393-491,GREETING,GREETING,TP
continuous_0110_S4_strategy2.npz,491-591,FAMILY,FAMILY,TP
continuous_0110_S4_strategy2.npz,591-688,-,FAMILY,FP
continuous_0110_S4_strategy2.npz,688-787,FOOD,FOOD,TP
continuous_0110_S4_strategy2.npz,787-886,DAYS,DAYS,TP
continuous_0111_S4_strategy2.npz,0-93,DAYS,DAYS,TP
continuous_0111_S4_strategy2.npz,93-282,DRINK,DRINK,TP
continuous_0111_S4_strategy2.npz,282-375,RELATIONSHIPS,RELATIONSHIPS,TP
continuous_0111_S4_strategy2.npz,375-469,CALENDAR,CALENDAR,TP
continuous_0111_S4_strategy2.npz,469-657,NUMBER,NUMBER,TP
continuous_0111_S4_strategy2.npz,657-751,GREETING,GREETING,TP
continuous_0112_S4_strategy2.npz,0-73,SURVIVAL,SURVIVAL,TP
continuous_0112_S4_strategy2.npz,73-148,-,COLOR,FP
continuous_0112_S4_strategy2.npz,148-298,COLOR,COLOR,TP
continuous_0112_S4_strategy2.npz,298-373,RELATIONSHIPS,RELATIONSHIPS,TP
continuous_0112_S4_strategy2.npz,373-448,-,SURVIVAL,FP
continuous_0112_S4_strategy2.npz,448-523,GREETING,GREETING,TP
continuous_0112_S4_strategy2.npz,523-673,NUMBER,NUMBER,TP
continuous_0112_S4_strategy2.npz,673-823,DRINK,DRINK,TP
continuous_0112_S4_strategy2.npz,823-898,CALENDAR,CALENDAR,TP
continuous_0113_S4_strategy2.npz,0-84,COLOR,COLOR,TP
continuous_0113_S4_strategy2.npz,84-255,DRINK,DRINK,TP
continuous_0113_S4_strategy2.npz,255-426,NUMBER,NUMBER,TP
continuous_0113_S4_strategy2.npz,426-511,DAYS,DAYS,TP
continuous_0113_S4_strategy2.npz,511-681,SURVIVAL,SURVIVAL,TP
continuous_0113_S4_strategy2.npz,681-768,CALENDAR,CALENDAR,TP
continuous_0114_S4_strategy2.npz,0-70,GREETING,GREETING,TP
continuous_0114_S4_strategy2.npz,70-213,-,COLOR,FP
continuous_0114_S4_strategy2.npz,213-357,NUMBER,NUMBER,TP
continuous_0114_S4_strategy2.npz,357-427,COLOR,COLOR,TP
continuous_0114_S4_strategy2.npz,427-499,RELATIONSHIPS,RELATIONSHIPS,TP
continuous_0114_S4_strategy2.npz,499-570,-,SURVIVAL,FP
continuous_0114_S4_strategy2.npz,570-714,SURVIVAL,SURVIVAL,TP
continuous_0114_S4_strategy2.npz,714-786,DRINK,DRINK,TP
continuous_0115_S4_strategy2.npz,0-84,DAYS,DAYS,TP
continuous_0115_S4_strategy2.npz,84-252,FOOD,FOOD,TP
continuous_0115_S4_strategy2.npz,252-336,GREETING,GREETING,TP
continuous_0115_S4_strategy2.npz,336-420,-,FOOD,FP
continuous_0115_S4_strategy2.npz,420-588,CALENDAR,CALENDAR,TP
continuous_0115_S4_strategy2.npz,588-672,NUMBER,NUMBER,TP
continuous_0115_S4_strategy2.npz,672-756,FAMILY,FAMILY,TP
continuous_0116_S4_strategy2.npz,0-96,DRINK,DRINK,TP
continuous_0116_S4_strategy2.npz,96-192,GREETING,GREETING,TP
continuous_0116_S4_strategy2.npz,192-387,COLOR,COLOR,TP
continuous_0116_S4_strategy2.npz,387-483,NUMBER,NUMBER,TP
continuous_0116_S4_strategy2.npz,483-580,-,NUMBER,FP
continuous_0116_S4_strategy2.npz,580-678,SURVIVAL,SURVIVAL,TP
continuous_0116_S4_strategy2.npz,678-774,RELATIONSHIPS,RELATIONSHIPS,TP
continuous_0117_S4_strategy2.npz,0-114,DAYS,DAYS,TP
continuous_0117_S4_strategy2.npz,114-228,FOOD,FOOD,TP
continuous_0117_S4_strategy2.npz,228-342,DRINK,DRINK,TP
continuous_0117_S4_strategy2.npz,342-456,SURVIVAL,DAYS,FP
continuous_0117_S4_strategy2.npz,456-570,-,COLOR,FP
continuous_0117_S4_strategy2.npz,570-684,RELATIONSHIPS,RELATIONSHIPS,TP
continuous_0117_S4_strategy2.npz,684-798,COLOR,COLOR,TP
continuous_0117_S4_strategy2.npz,798-912,GREETING,GREETING,TP
continuous_0117_S4_strategy2.npz,381-509,SURVIVAL,DAYS,FN
continuous_0118_S4_strategy2.npz,0-99,SURVIVAL,SURVIVAL,TP
continuous_0118_S4_strategy2.npz,99-198,DRINK,DRINK,TP
continuous_0118_S4_strategy2.npz,198-396,RELATIONSHIPS,RELATIONSHIPS,TP
continuous_0118_S4_strategy2.npz,396-594,DAYS,DAYS,TP
continuous_0118_S4_strategy2.npz,594-693,CALENDAR,CALENDAR,TP
continuous_0118_S4_strategy2.npz,693-792,FAMILY,FAMILY,TP
continuous_0118_S4_strategy2.npz,792-891,GREETING,GREETING,TP
continuous_0119_S4_strategy2.npz,0-169,DAYS,DAYS,TP
continuous_0119_S4_strategy2.npz,169-255,FAMILY,FAMILY,TP
continuous_0119_S4_strategy2.npz,255-340,-,SURVIVAL,FP
continuous_0119_S4_strategy2.npz,340-426,SURVIVAL,SURVIVAL,TP
continuous_0119_S4_strategy2.npz,426-597,GREETING,GREETING,TP
continuous_0119_S4_strategy2.npz,597-682,-,FOOD,FP
continuous_0119_S4_strategy2.npz,682-768,NUMBER,NUMBER,TP
continuous_0119_S4_strategy2.npz,513-642,FOOD,-,FN
continuous_0120_S4_strategy2.npz,0-84,GREETING,GREETING,TP
continuous_0120_S4_strategy2.npz,84-171,-,DAYS,FP
continuous_0120_S4_strategy2.npz,171-255,SURVIVAL,SURVIVAL,TP
continuous_0120_S4_strategy2.npz,255-342,-,COLOR,FP
continuous_0120_S4_strategy2.npz,342-513,FOOD,FOOD,TP
continuous_0120_S4_strategy2.npz,513-597,-,DRINK,FP
continuous_0120_S4_strategy2.npz,597-684,COLOR,COLOR,TP
continuous_0120_S4_strategy2.npz,684-769,NUMBER,NUMBER,TP
continuous_0120_S4_strategy2.npz,383-511,DRINK,-,FN
continuous_0121_S4_strategy2.npz,0-81,RELATIONSHIPS,RELATIONSHIPS,TP
continuous_0121_S4_strategy2.npz,81-243,COLOR,COLOR,TP
continuous_0121_S4_strategy2.npz,243-406,GREETING,GREETING,TP
continuous_0121_S4_strategy2.npz,406-570,DAYS,DAYS,TP
continuous_0121_S4_strategy2.npz,570-651,SURVIVAL,SURVIVAL,TP
continuous_0121_S4_strategy2.npz,651-814,DRINK,DRINK,TP
continuous_0121_S4_strategy2.npz,814-897,FAMILY,FAMILY,TP
continuous_0122_S4_strategy2.npz,0-108,FAMILY,FAMILY,TP
continuous_0122_S4_strategy2.npz,108-216,COLOR,COLOR,TP
continuous_0122_S4_strategy2.npz,216-324,GREETING,GREETING,TP
continuous_0122_S4_strategy2.npz,324-432,CALENDAR,CALENDAR,TP
continuous_0122_S4_strategy2.npz,432-541,-,DAYS,FP
continuous_0122_S4_strategy2.npz,541-649,-,NUMBER,FP
continuous_0122_S4_strategy2.npz,649-759,RELATIONSHIPS,RELATIONSHIPS,TP
continuous_0122_S4_strategy2.npz,497-627,DAYS,-,FN
continuous_0123_S4_strategy2.npz,0-108,DAYS,DAYS,TP
continuous_0123_S4_strategy2.npz,108-216,CALENDAR,CALENDAR,TP
continuous_0123_S4_strategy2.npz,216-325,GREETING,DRINK,FP
continuous_0123_S4_strategy2.npz,325-433,SURVIVAL,DRINK,FP
continuous_0123_S4_strategy2.npz,433-543,-,RELATIONSHIPS,FP
continuous_0123_S4_strategy2.npz,543-651,RELATIONSHIPS,RELATIONSHIPS,TP
continuous_0123_S4_strategy2.npz,651-760,COLOR,COLOR,TP
continuous_0123_S4_strategy2.npz,241-369,GREETING,DRINK,FN
continuous_0123_S4_strategy2.npz,369-505,SURVIVAL,DRINK,FN
continuous_0124_S4_strategy2.npz,0-84,COLOR,COLOR,TP
continuous_0124_S4_strategy2.npz,84-171,-,COLOR,FP
continuous_0124_S4_strategy2.npz,171-256,FOOD,FOOD,TP
continuous_0124_S4_strategy2.npz,256-342,-,COLOR,FP
continuous_0124_S4_strategy2.npz,342-429,CALENDAR,CALENDAR,TP
continuous_0124_S4_strategy2.npz,429-514,NUMBER,NUMBER,TP
continuous_0124_S4_strategy2.npz,514-600,-,NUMBER,FP
continuous_0124_S4_strategy2.npz,600-687,DRINK,DRINK,TP
continuous_0124_S4_strategy2.npz,687-772,GREETING,GREETING,TP
continuous_0125_S4_strategy2.npz,0-108,COLOR,COLOR,TP
continuous_0125_S4_strategy2.npz,108-219,FAMILY,FAMILY,TP
continuous_0125_S4_strategy2.npz,219-438,DAYS,DAYS,TP
continuous_0125_S4_strategy2.npz,438-546,FOOD,FOOD,TP
continuous_0125_S4_strategy2.npz,546-657,CALENDAR,CALENDAR,TP
continuous_0125_S4_strategy2.npz,657-766,RELATIONSHIPS,RELATIONSHIPS,TP
continuous_0126_S4_strategy2.npz,0-90,SURVIVAL,SURVIVAL,TP
continuous_0126_S4_strategy2.npz,90-180,GREETING,GREETING,TP
continuous_0126_S4_strategy2.npz,180-271,-,COLOR,FP
continuous_0126_S4_strategy2.npz,271-363,RELATIONSHIPS,RELATIONSHIPS,TP
continuous_0126_S4_strategy2.npz,363-453,-,RELATIONSHIPS,FP
continuous_0126_S4_strategy2.npz,453-543,-,NUMBER,FP
continuous_0126_S4_strategy2.npz,543-634,COLOR,COLOR,TP
continuous_0126_S4_strategy2.npz,634-816,FOOD,FOOD,TP
continuous_0126_S4_strategy2.npz,816-907,CALENDAR,CALENDAR,TP
continuous_0126_S4_strategy2.npz,383-509,NUMBER,-,FN
continuous_0127_S4_strategy2.npz,0-67,FAMILY,FAMILY,TP
continuous_0127_S4_strategy2.npz,67-136,-,NUMBER,FP
continuous_0127_S4_strategy2.npz,136-205,-,NUMBER,FP
continuous_0127_S4_strategy2.npz,205-274,-,NUMBER,FP
continuous_0127_S4_strategy2.npz,274-343,GREETING,GREETING,TP
continuous_0127_S4_strategy2.npz,343-412,-,NUMBER,FP
continuous_0127_S4_strategy2.npz,412-550,CALENDAR,CALENDAR,TP
continuous_0127_S4_strategy2.npz,550-619,DAYS,DAYS,TP
continuous_0127_S4_strategy2.npz,619-826,DRINK,DRINK,TP
continuous_0127_S4_strategy2.npz,826-895,RELATIONSHIPS,RELATIONSHIPS,TP
continuous_0127_S4_strategy2.npz,125-251,NUMBER,-,FN
continuous_0128_S4_strategy2.npz,0-85,SURVIVAL,SURVIVAL,TP
continuous_0128_S4_strategy2.npz,85-259,NUMBER,NUMBER,TP
continuous_0128_S4_strategy2.npz,259-432,CALENDAR,CALENDAR,TP
continuous_0128_S4_strategy2.npz,432-519,FOOD,FOOD,TP
continuous_0128_S4_strategy2.npz,519-693,FAMILY,FAMILY,TP
continuous_0128_S4_strategy2.npz,693-780,DRINK,DRINK,TP
continuous_0129_S4_strategy2.npz,0-99,COLOR,COLOR,TP
continuous_0129_S4_strategy2.npz,99-198,FOOD,FOOD,TP
continuous_0129_S4_strategy2.npz,198-396,CALENDAR,CALENDAR,TP
continuous_0129_S4_strategy2.npz,396-594,RELATIONSHIPS,RELATIONSHIPS,TP
continuous_0129_S4_strategy2.npz,594-693,NUMBER,NUMBER,TP
continuous_0129_S4_strategy2.npz,693-792,GREETING,GREETING,TP
continuous_0129_S4_strategy2.npz,792-892,SURVIVAL,SURVIVAL,TP
continuous_0130_S4_strategy2.npz,0-96,FOOD,FOOD,TP
continuous_0130_S4_strategy2.npz,96-288,COLOR,COLOR,TP
continuous_0130_S4_strategy2.npz,288-384,FAMILY,FAMILY,TP
continuous_0130_S4_strategy2.npz,384-576,CALENDAR,CALENDAR,TP
continuous_0130_S4_strategy2.npz,576-672,GREETING,GREETING,TP
continuous_0130_S4_strategy2.npz,672-768,DAYS,DAYS,TP
continuous_0131_S4_strategy2.npz,0-99,GREETING,GREETING,TP
continuous_0131_S4_strategy2.npz,99-300,-,FOOD,FP
continuous_0131_S4_strategy2.npz,300-400,-,CALENDAR,FP
continuous_0131_S4_strategy2.npz,400-501,-,RELATIONSHIPS,FP
continuous_0131_S4_strategy2.npz,501-601,NUMBER,NUMBER,TP
continuous_0131_S4_strategy2.npz,601-702,FAMILY,FAMILY,TP
continuous_0131_S4_strategy2.npz,702-801,DAYS,DAYS,TP
continuous_0131_S4_strategy2.npz,801-903,COLOR,COLOR,TP
continuous_0131_S4_strategy2.npz,130-255,CALENDAR,-,FN
continuous_0131_S4_strategy2.npz,255-395,RELATIONSHIPS,-,FN
continuous_0132_S4_strategy2.npz,0-181,DAYS,DAYS,TP
continuous_0132_S4_strategy2.npz,181-273,RELATIONSHIPS,RELATIONSHIPS,TP
continuous_0132_S4_strategy2.npz,273-363,COLOR,COLOR,TP
continuous_0132_S4_strategy2.npz,363-456,FAMILY,FAMILY,TP
continuous_0132_S4_strategy2.npz,456-637,FOOD,FOOD,TP
continuous_0132_S4_strategy2.npz,637-819,CALENDAR,CALENDAR,TP
continuous_0132_S4_strategy2.npz,819-912,SURVIVAL,SURVIVAL,TP
continuous_0133_S4_strategy2.npz,0-75,NUMBER,NUMBER,TP
continuous_0133_S4_strategy2.npz,75-225,COLOR,COLOR,TP
continuous_0133_S4_strategy2.npz,225-375,DRINK,DRINK,TP
continuous_0133_S4_strategy2.npz,375-450,RELATIONSHIPS,RELATIONSHIPS,TP
continuous_0133_S4_strategy2.npz,450-526,-,SURVIVAL,FP
continuous_0133_S4_strategy2.npz,526-676,DAYS,DAYS,TP
continuous_0133_S4_strategy2.npz,676-753,-,GREETING,FP
continuous_0133_S4_strategy2.npz,647-752,GREETING,-,FN
continuous_0134_S4_strategy2.npz,0-109,FOOD,FOOD,TP
continuous_0134_S4_strategy2.npz,109-219,GREETING,GREETING,TP
continuous_0134_S4_strategy2.npz,219-439,NUMBER,NUMBER,TP
continuous_0134_S4_strategy2.npz,439-549,DRINK,DRINK,TP
continuous_0134_S4_strategy2.npz,549-660,DAYS,DAYS,TP
continuous_0134_S4_strategy2.npz,660-769,RELATIONSHIPS,RELATIONSHIPS,TP
continuous_0135_S4_strategy2.npz,0-175,RELATIONSHIPS,RELATIONSHIPS,TP
continuous_0135_S4_strategy2.npz,175-264,FOOD,FOOD,TP
continuous_0135_S4_strategy2.npz,264-351,GREETING,GREETING,TP
continuous_0135_S4_strategy2.npz,351-439,-,FAMILY,FP
continuous_0135_S4_strategy2.npz,439-528,-,DAYS,FP
continuous_0135_S4_strategy2.npz,528-615,DRINK,DRINK,TP
continuous_0135_S4_strategy2.npz,615-792,NUMBER,NUMBER,TP
continuous_0135_S4_strategy2.npz,792-880,-,CALENDAR,FP
continuous_0135_S4_strategy2.npz,361-486,DAYS,-,FN
continuous_0135_S4_strategy2.npz,750-880,CALENDAR,-,FN
continuous_0136_S4_strategy2.npz,0-108,COLOR,COLOR,TP
continuous_0136_S4_strategy2.npz,108-325,RELATIONSHIPS,RELATIONSHIPS,TP
continuous_0136_S4_strategy2.npz,325-433,FAMILY,FAMILY,TP
continuous_0136_S4_strategy2.npz,433-543,DRINK,DRINK,TP
continuous_0136_S4_strategy2.npz,543-651,FOOD,FOOD,TP
continuous_0136_S4_strategy2.npz,651-760,DAYS,DAYS,TP
continuous_0137_S4_strategy2.npz,0-90,DRINK,DRINK,TP
continuous_0137_S4_strategy2.npz,90-180,DAYS,DAYS,TP
continuous_0137_S4_strategy2.npz,180-271,-,COLOR,FP
continuous_0137_S4_strategy2.npz,271-363,-,GREETING,FP
continuous_0137_S4_strategy2.npz,363-453,-,RELATIONSHIPS,FP
continuous_0137_S4_strategy2.npz,453-543,-,RELATIONSHIPS,FP
continuous_0137_S4_strategy2.npz,543-634,-,RELATIONSHIPS,FP
continuous_0137_S4_strategy2.npz,634-816,SURVIVAL,SURVIVAL,TP
continuous_0137_S4_strategy2.npz,816-907,FAMILY,FAMILY,TP
continuous_0137_S4_strategy2.npz,249-376,COLOR,-,FN
continuous_0137_S4_strategy2.npz,376-502,GREETING,-,FN
continuous_0137_S4_strategy2.npz,502-656,RELATIONSHIPS,-,FN
continuous_0138_S4_strategy2.npz,0-151,NUMBER,NUMBER,TP
continuous_0138_S4_strategy2.npz,151-303,CALENDAR,CALENDAR,TP
continuous_0138_S4_strategy2.npz,303-381,FOOD,FOOD,TP
continuous_0138_S4_strategy2.npz,381-456,-,COLOR,FP
continuous_0138_S4_strategy2.npz,456-609,SURVIVAL,SURVIVAL,TP
continuous_0138_S4_strategy2.npz,609-684,-,COLOR,FP
continuous_0138_S4_strategy2.npz,684-762,FAMILY,FAMILY,TP
continuous_0138_S4_strategy2.npz,519-647,COLOR,-,FN
continuous_0139_S4_strategy2.npz,0-84,FAMILY,FAMILY,TP
continuous_0139_S4_strategy2.npz,84-168,-,DRINK,FP
continuous_0139_S4_strategy2.npz,168-589,SURVIVAL,SURVIVAL,TP
continuous_0139_S4_strategy2.npz,589-673,DAYS,DAYS,TP
continuous_0139_S4_strategy2.npz,673-759,NUMBER,NUMBER,TP
continuous_0139_S4_strategy2.npz,121-249,DRINK,-,FN
continuous_0139_S4_strategy2.npz,382-500,GREETING,-,FN
continuous_0140_S4_strategy2.npz,0-109,SURVIVAL,SURVIVAL,TP
continuous_0140_S4_strategy2.npz,109-219,RELATIONSHIPS,RELATIONSHIPS,TP
continuous_0140_S4_strategy2.npz,219-439,DAYS,DAYS,TP
continuous_0140_S4_strategy2.npz,439-549,FAMILY,FAMILY,TP
continuous_0140_S4_strategy2.npz,549-660,DRINK,DRINK,TP
continuous_0140_S4_strategy2.npz,660-771,NUMBER,NUMBER,TP
continuous_0141_S4_strategy2.npz,0-105,RELATIONSHIPS,RELATIONSHIPS,TP
continuous_0141_S4_strategy2.npz,105-213,GREETING,GREETING,TP
continuous_0141_S4_strategy2.npz,213-426,COLOR,COLOR,TP
continuous_0141_S4_strategy2.npz,426-531,SURVIVAL,SURVIVAL,TP
continuous_0141_S4_strategy2.npz,531-639,NUMBER,NUMBER,TP
continuous_0141_S4_strategy2.npz,639-745,DRINK,DRINK,TP
continuous_0142_S4_strategy2.npz,0-97,FAMILY,FAMILY,TP
continuous_0142_S4_strategy2.npz,97-294,NUMBER,NUMBER,TP
continuous_0142_S4_strategy2.npz,294-393,GREETING,GREETING,TP
continuous_0142_S4_strategy2.npz,393-591,FOOD,FOOD,TP
continuous_0142_S4_strategy2.npz,591-688,DAYS,DAYS,TP
continuous_0142_S4_strategy2.npz,688-787,CALENDAR,CALENDAR,TP
continuous_0142_S4_strategy2.npz,787-886,SURVIVAL,SURVIVAL,TP
continuous_0143_S4_strategy2.npz,0-84,COLOR,COLOR,TP
continuous_0143_S4_strategy2.npz,84-256,FOOD,COLOR,FP
continuous_0143_S4_strategy2.npz,256-342,DRINK,DRINK,TP
continuous_0143_S4_strategy2.npz,342-427,-,SURVIVAL,FP
continuous_0143_S4_strategy2.npz,427-685,-,CALENDAR,FP
continuous_0143_S4_strategy2.npz,685-771,DAYS,DAYS,TP
continuous_0143_S4_strategy2.npz,393-518,SURVIVAL,-,FN
continuous_0143_S4_strategy2.npz,518-644,CALENDAR,-,FN
continuous_0143_S4_strategy2.npz,132-257,FOOD,COLOR,FN
continuous_0144_S4_strategy2.npz,0-94,SURVIVAL,SURVIVAL,TP
continuous_0144_S4_strategy2.npz,94-189,FOOD,FOOD,TP
continuous_0144_S4_strategy2.npz,189-379,RELATIONSHIPS,RELATIONSHIPS,TP
continuous_0144_S4_strategy2.npz,379-570,NUMBER,NUMBER,TP
continuous_0144_S4_strategy2.npz,570-664,COLOR,COLOR,TP
continuous_0144_S4_strategy2.npz,664-760,DAYS,DAYS,TP
continuous_0145_S4_strategy2.npz,0-108,SURVIVAL,SURVIVAL,TP
continuous_0145_S4_strategy2.npz,108-217,FOOD,FOOD,TP
continuous_0145_S4_strategy2.npz,217-327,COLOR,COLOR,TP
continuous_0145_S4_strategy2.npz,327-435,CALENDAR,CALENDAR,TP
continuous_0145_S4_strategy2.npz,435-544,DAYS,DAYS,TP
continuous_0145_S4_strategy2.npz,544-762,NUMBER,NUMBER,TP
continuous_0145_S4_strategy2.npz,762-873,DRINK,DRINK,TP
continuous_0146_S4_strategy2.npz,0-88,DAYS,DAYS,TP
continuous_0146_S4_strategy2.npz,88-178,FOOD,FOOD,TP
continuous_0146_S4_strategy2.npz,178-268,-,CALENDAR,FP
continuous_0146_S4_strategy2.npz,268-448,FAMILY,FAMILY,TP
continuous_0146_S4_strategy2.npz,448-628,GREETING,GREETING,TP
continuous_0146_S4_strategy2.npz,628-718,DRINK,DRINK,TP
continuous_0146_S4_strategy2.npz,718-808,COLOR,COLOR,TP
continuous_0146_S4_strategy2.npz,808-898,RELATIONSHIPS,RELATIONSHIPS,TP
continuous_0147_S4_strategy2.npz,0-69,GREETING,GREETING,TP
continuous_0147_S4_strategy2.npz,69-138,-,NUMBER,FP
continuous_0147_S4_strategy2.npz,138-279,-,DAYS,FP
continuous_0147_S4_strategy2.npz,279-348,-,SURVIVAL,FP
continuous_0147_S4_strategy2.npz,348-418,-,SURVIVAL,FP
continuous_0147_S4_strategy2.npz,418-489,-,SURVIVAL,FP
continuous_0147_S4_strategy2.npz,489-628,DRINK,DRINK,TP
continuous_0147_S4_strategy2.npz,628-699,-,CALENDAR,FP
continuous_0147_S4_strategy2.npz,699-768,CALENDAR,CALENDAR,TP
continuous_0147_S4_strategy2.npz,125-250,NUMBER,-,FN
continuous_0147_S4_strategy2.npz,250-380,DAYS,-,FN
continuous_0147_S4_strategy2.npz,380-509,SURVIVAL,-,FN
continuous_0148_S4_strategy2.npz,0-84,DRINK,DRINK,TP
continuous_0148_S4_strategy2.npz,84-168,-,DRINK,FP
continuous_0148_S4_strategy2.npz,168-252,FOOD,FOOD,TP
continuous_0148_S4_strategy2.npz,252-336,DAYS,DAYS,TP
continuous_0148_S4_strategy2.npz,336-504,RELATIONSHIPS,RELATIONSHIPS,TP
continuous_0148_S4_strategy2.npz,504-672,-,SURVIVAL,FP
continuous_0148_S4_strategy2.npz,672-756,NUMBER,NUMBER,TP
continuous_0148_S4_strategy2.npz,508-635,SURVIVAL,-,FN
continuous_0149_S4_strategy2.npz,0-96,DRINK,DRINK,TP
continuous_0149_S4_strategy2.npz,96-192,DAYS,DAYS,TP
continuous_0149_S4_strategy2.npz,192-288,-,NUMBER,FP
continuous_0149_S4_strategy2.npz,288-385,COLOR,COLOR,TP
continuous_0149_S4_strategy2.npz,385-483,GREETING,GREETING,TP
continuous_0149_S4_strategy2.npz,483-579,SURVIVAL,SURVIVAL,TP
continuous_0149_S4_strategy2.npz,579-675,-,CALENDAR,FP
continuous_0149_S4_strategy2.npz,675-772,-,CALENDAR,FP
continuous_0149_S4_strategy2.npz,645-772,CALENDAR,-,FN
continuous_0150_S4_strategy2.npz,0-87,DRINK,DRINK,TP
continuous_0150_S4_strategy2.npz,87-261,SURVIVAL,SURVIVAL,TP
continuous_0150_S4_strategy2.npz,261-435,FOOD,FOOD,TP
continuous_0150_S4_strategy2.npz,435-522,GREETING,GREETING,TP
continuous_0150_S4_strategy2.npz,522-696,CALENDAR,CALENDAR,TP
continuous_0150_S4_strategy2.npz,696-784,RELATIONSHIPS,RELATIONSHIPS,TP
continuous_0151_S4_strategy2.npz,0-96,FOOD,FOOD,TP
continuous_0151_S4_strategy2.npz,96-193,FAMILY,FAMILY,TP
continuous_0151_S4_strategy2.npz,193-388,DRINK,DRINK,TP
continuous_0151_S4_strategy2.npz,388-582,NUMBER,NUMBER,TP
continuous_0151_S4_strategy2.npz,582-679,RELATIONSHIPS,RELATIONSHIPS,TP
continuous_0151_S4_strategy2.npz,679-777,DAYS,DAYS,TP
continuous_0152_S4_strategy2.npz,0-136,FOOD,FOOD,TP
continuous_0152_S4_strategy2.npz,136-274,FAMILY,FAMILY,TP
continuous_0152_S4_strategy2.npz,274-411,NUMBER,NUMBER,TP
continuous_0152_S4_strategy2.npz,411-480,GREETING,GREETING,TP
continuous_0152_S4_strategy2.npz,480-549,-,NUMBER,FP
continuous_0152_S4_strategy2.npz,549-687,DAYS,DAYS,TP
continuous_0152_S4_strategy2.npz,687-825,COLOR,COLOR,TP
continuous_0152_S4_strategy2.npz,825-894,RELATIONSHIPS,RELATIONSHIPS,TP
continuous_0153_S4_strategy2.npz,0-96,SURVIVAL,SURVIVAL,TP
continuous_0153_S4_strategy2.npz,96-193,DAYS,DAYS,TP
continuous_0153_S4_strategy2.npz,193-387,DRINK,SURVIVAL,FP
continuous_0153_S4_strategy2.npz,387-484,FOOD,FOOD,TP
continuous_0153_S4_strategy2.npz,484-678,RELATIONSHIPS,RELATIONSHIPS,TP
continuous_0153_S4_strategy2.npz,678-775,NUMBER,NUMBER,TP
continuous_0153_S4_strategy2.npz,257-387,DRINK,SURVIVAL,FN
continuous_0154_S4_strategy2.npz,0-81,DRINK,DRINK,TP
continuous_0154_S4_strategy2.npz,81-162,-,COLOR,FP
continuous_0154_S4_strategy2.npz,162-325,DAYS,DAYS,TP
continuous_0154_S4_strategy2.npz,325-489,CALENDAR,CALENDAR,TP
continuous_0154_S4_strategy2.npz,489-651,SURVIVAL,SURVIVAL,TP
continuous_0154_S4_strategy2.npz,651-732,RELATIONSHIPS,RELATIONSHIPS,TP
continuous_0154_S4_strategy2.npz,732-814,-,DRINK,FP
continuous_0154_S4_strategy2.npz,814-897,FOOD,FOOD,TP
continuous_0154_S4_strategy2.npz,124-253,COLOR,-,FN
continuous_0155_S4_strategy2.npz,0-81,DAYS,DAYS,TP
continuous_0155_S4_strategy2.npz,81-162,-,FAMILY,FP
continuous_0155_S4_strategy2.npz,162-324,FOOD,FOOD,TP
continuous_0155_S4_strategy2.npz,324-406,NUMBER,NUMBER,TP
continuous_0155_S4_strategy2.npz,406-487,SURVIVAL,SURVIVAL,TP
continuous_0155_S4_strategy2.npz,487-570,-,COLOR,FP
continuous_0155_S4_strategy2.npz,570-651,RELATIONSHIPS,RELATIONSHIPS,TP
continuous_0155_S4_strategy2.npz,651-732,DRINK,DRINK,TP
continuous_0155_S4_strategy2.npz,732-813,-,CALENDAR,FP
continuous_0155_S4_strategy2.npz,813-895,CALENDAR,CALENDAR,TP
continuous_0156_S4_strategy2.npz,0-156,CALENDAR,CALENDAR,TP
continuous_0156_S4_strategy2.npz,156-234,FAMILY,FAMILY,TP
continuous_0156_S4_strategy2.npz,234-393,DRINK,DRINK,TP
continuous_0156_S4_strategy2.npz,393-471,RELATIONSHIPS,RELATIONSHIPS,TP
continuous_0156_S4_strategy2.npz,471-549,-,SURVIVAL,FP
continuous_0156_S4_strategy2.npz,549-627,COLOR,COLOR,TP
continuous_0156_S4_strategy2.npz,627-706,-,COLOR,FP
continuous_0156_S4_strategy2.npz,706-786,FOOD,FOOD,TP
continuous_0157_S4_strategy2.npz,0-84,COLOR,COLOR,TP
continuous_0157_S4_strategy2.npz,84-171,RELATIONSHIPS,RELATIONSHIPS,TP
continuous_0157_S4_strategy2.npz,171-342,FOOD,COLOR,FP
continuous_0157_S4_strategy2.npz,342-513,DRINK,DRINK,TP
continuous_0157_S4_strategy2.npz,513-598,NUMBER,NUMBER,TP
continuous_0157_S4_strategy2.npz,598-684,-,DAYS,FP
continuous_0157_S4_strategy2.npz,684-771,DAYS,DAYS,TP
continuous_0157_S4_strategy2.npz,253-384,FOOD,COLOR,FN
continuous_0158_S4_strategy2.npz,0-70,FAMILY,FAMILY,TP
continuous_0158_S4_strategy2.npz,70-214,COLOR,COLOR,TP
continuous_0158_S4_strategy2.npz,214-357,RELATIONSHIPS,RELATIONSHIPS,TP
continuous_0158_S4_strategy2.npz,357-573,CALENDAR,CALENDAR,TP
continuous_0158_S4_strategy2.npz,573-645,DAYS,DAYS,TP
continuous_0158_S4_strategy2.npz,645-717,-,SURVIVAL,FP
continuous_0158_S4_strategy2.npz,717-789,DRINK,DRINK,TP
continuous_0159_S4_strategy2.npz,0-97,DRINK,DRINK,TP
continuous_0159_S4_strategy2.npz,97-195,NUMBER,NUMBER,TP
continuous_0159_S4_strategy2.npz,195-391,GREETING,GREETING,TP
continuous_0159_S4_strategy2.npz,391-588,SURVIVAL,SURVIVAL,TP
continuous_0159_S4_strategy2.npz,588-685,FOOD,FOOD,TP
continuous_0159_S4_strategy2.npz,685-783,DAYS,DAYS,TP
continuous_0160_S4_strategy2.npz,0-178,CALENDAR,CALENDAR,TP
continuous_0160_S4_strategy2.npz,178-357,RELATIONSHIPS,RELATIONSHIPS,TP
continuous_0160_S4_strategy2.npz,357-537,DAYS,DAYS,TP
continuous_0160_S4_strategy2.npz,537-627,-,FOOD,FP
continuous_0160_S4_strategy2.npz,627-715,GREETING,GREETING,TP
continuous_0160_S4_strategy2.npz,715-805,SURVIVAL,SURVIVAL,TP
continuous_0160_S4_strategy2.npz,805-895,DRINK,DRINK,TP
continuous_0160_S4_strategy2.npz,385-512,FOOD,-,FN
continuous_0161_S4_strategy2.npz,0-94,DAYS,DAYS,TP
continuous_0161_S4_strategy2.npz,94-190,COLOR,COLOR,TP
continuous_0161_S4_strategy2.npz,190-382,FAMILY,FAMILY,TP
continuous_0161_S4_strategy2.npz,382-574,FOOD,FOOD,TP
continuous_0161_S4_strategy2.npz,574-670,NUMBER,NUMBER,TP
continuous_0161_S4_strategy2.npz,670-766,GREETING,GREETING,TP
continuous_0162_S4_strategy2.npz,0-66,SURVIVAL,SURVIVAL,TP
continuous_0162_S4_strategy2.npz,66-132,-,DRINK,FP
continuous_0162_S4_strategy2.npz,132-265,RELATIONSHIPS,RELATIONSHIPS,TP
continuous_0162_S4_strategy2.npz,265-333,NUMBER,NUMBER,TP
continuous_0162_S4_strategy2.npz,333-399,-,DAYS,FP
continuous_0162_S4_strategy2.npz,399-600,DRINK,DRINK,TP
continuous_0162_S4_strategy2.npz,600-732,GREETING,GREETING,TP
continuous_0162_S4_strategy2.npz,732-867,CALENDAR,CALENDAR,TP
continuous_0162_S4_strategy2.npz,867-933,DAYS,DAYS,TP
continuous_0163_S4_strategy2.npz,0-84,COLOR,COLOR,TP
continuous_0163_S4_strategy2.npz,84-168,-,FOOD,FP
continuous_0163_S4_strategy2.npz,168-336,FAMILY,FAMILY,TP
continuous_0163_S4_strategy2.npz,336-504,CALENDAR,CALENDAR,TP
continuous_0163_S4_strategy2.npz,504-588,GREETING,GREETING,TP
continuous_0163_S4_strategy2.npz,588-672,-,DAYS,FP
continuous_0163_S4_strategy2.npz,672-757,SURVIVAL,SURVIVAL,TP
continuous_0163_S4_strategy2.npz,127-257,FOOD,-,FN
continuous_0164_S4_strategy2.npz,0-219,FOOD,FOOD,TP
continuous_0164_S4_strategy2.npz,219-330,NUMBER,NUMBER,TP
continuous_0164_S4_strategy2.npz,330-439,RELATIONSHIPS,RELATIONSHIPS,TP
continuous_0164_S4_strategy2.npz,439-549,-,FAMILY,FP
continuous_0164_S4_strategy2.npz,549-660,GREETING,GREETING,TP
continuous_0164_S4_strategy2.npz,660-769,DAYS,DAYS,TP
continuous_0164_S4_strategy2.npz,394-517,FAMILY,-,FN
continuous_0165_S4_strategy2.npz,0-84,DRINK,DRINK,TP
continuous_0165_S4_strategy2.npz,84-168,-,FAMILY,FP
continuous_0165_S4_strategy2.npz,168-339,FOOD,FOOD,TP
continuous_0165_S4_strategy2.npz,339-423,-,SURVIVAL,FP
continuous_0165_S4_strategy2.npz,423-507,-,SURVIVAL,FP
continuous_0165_S4_strategy2.npz,507-678,NUMBER,NUMBER,TP
continuous_0165_S4_strategy2.npz,678-762,DAYS,DAYS,TP
continuous_0165_S4_strategy2.npz,128-253,FAMILY,-,FN
continuous_0165_S4_strategy2.npz,380-509,SURVIVAL,-,FN
continuous_0166_S4_strategy2.npz,0-76,DAYS,DAYS,TP
continuous_0166_S4_strategy2.npz,76-231,FAMILY,FAMILY,TP
continuous_0166_S4_strategy2.npz,231-387,NUMBER,NUMBER,TP
continuous_0166_S4_strategy2.npz,387-463,DRINK,DRINK,TP
continuous_0166_S4_strategy2.npz,463-696,GREETING,GREETING,TP
continuous_0166_S4_strategy2.npz,696-774,CALENDAR,CALENDAR,TP
continuous_0167_S4_strategy2.npz,0-126,CALENDAR,CALENDAR,TP
continuous_0167_S4_strategy2.npz,126-189,COLOR,COLOR,TP
continuous_0167_S4_strategy2.npz,189-252,-,SURVIVAL,FP
continuous_0167_S4_strategy2.npz,252-378,FAMILY,FAMILY,TP
continuous_0167_S4_strategy2.npz,378-504,NUMBER,NUMBER,TP
continuous_0167_S4_strategy2.npz,504-567,GREETING,GREETING,TP
continuous_0167_S4_strategy2.npz,567-694,-,FOOD,FP
continuous_0167_S4_strategy2.npz,694-820,FOOD,FOOD,TP
continuous_0167_S4_strategy2.npz,820-885,DAYS,DAYS,TP
continuous_0168_S4_strategy2.npz,0-87,NUMBER,NUMBER,TP
continuous_0168_S4_strategy2.npz,87-177,-,FOOD,FP
continuous_0168_S4_strategy2.npz,177-264,-,GREETING,FP
continuous_0168_S4_strategy2.npz,264-354,-,FAMILY,FP
continuous_0168_S4_strategy2.npz,354-442,-,RELATIONSHIPS,FP
continuous_0168_S4_strategy2.npz,442-619,RELATIONSHIPS,RELATIONSHIPS,TP
continuous_0168_S4_strategy2.npz,619-708,DRINK,DRINK,TP
continuous_0168_S4_strategy2.npz,708-796,-,DRINK,FP
continuous_0168_S4_strategy2.npz,796-885,COLOR,COLOR,TP
continuous_0168_S4_strategy2.npz,124-249,FOOD,-,FN
continuous_0168_S4_strategy2.npz,249-375,GREETING,-,FN
continuous_0168_S4_strategy2.npz,375-500,FAMILY,-,FN
continuous_0169_S4_strategy2.npz,0-87,NUMBER,NUMBER,TP
continuous_0169_S4_strategy2.npz,87-175,-,COLOR,FP
continuous_0169_S4_strategy2.npz,175-264,FOOD,FOOD,TP
continuous_0169_S4_strategy2.npz,264-351,-,COLOR,FP
continuous_0169_S4_strategy2.npz,351-439,COLOR,COLOR,TP
continuous_0169_S4_strategy2.npz,439-528,-,CALENDAR,FP
continuous_0169_S4_strategy2.npz,528-703,GREETING,GREETING,TP
continuous_0169_S4_strategy2.npz,703-792,-,DAYS,FP
continuous_0169_S4_strategy2.npz,792-879,RELATIONSHIPS,RELATIONSHIPS,TP
continuous_0169_S4_strategy2.npz,378-500,CALENDAR,-,FN
continuous_0169_S4_strategy2.npz,620-745,DAYS,-,FN
continuous_0170_S4_strategy2.npz,0-99,DAYS,DAYS,TP
continuous_0170_S4_strategy2.npz,99-198,GREETING,GREETING,TP
continuous_0170_S4_strategy2.npz,198-399,FAMILY,FAMILY,TP
continuous_0170_S4_strategy2.npz,399-597,CALENDAR,CALENDAR,TP
continuous_0170_S4_strategy2.npz,597-697,FOOD,FOOD,TP
continuous_0170_S4_strategy2.npz,697-798,-,SURVIVAL,FP
continuous_0170_S4_strategy2.npz,798-897,DRINK,DRINK,TP
continuous_0170_S4_strategy2.npz,637-762,SURVIVAL,-,FN
continuous_0171_S4_strategy2.npz,0-75,DRINK,DRINK,TP
continuous_0171_S4_strategy2.npz,75-228,CALENDAR,CALENDAR,TP
continuous_0171_S4_strategy2.npz,228-304,RELATIONSHIPS,RELATIONSHIPS,TP
continuous_0171_S4_strategy2.npz,304-381,-,COLOR,FP
continuous_0171_S4_strategy2.npz,381-534,FOOD,FOOD,TP
continuous_0171_S4_strategy2.npz,534-685,GREETING,GREETING,TP
continuous_0171_S4_strategy2.npz,685-762,COLOR,COLOR,TP
continuous_0172_S4_strategy2.npz,0-76,GREETING,GREETING,TP
continuous_0172_S4_strategy2.npz,76-154,-,FAMILY,FP
continuous_0172_S4_strategy2.npz,154-232,COLOR,COLOR,TP
continuous_0172_S4_strategy2.npz,232-388,SURVIVAL,SURVIVAL,TP
continuous_0172_S4_strategy2.npz,388-543,CALENDAR,CALENDAR,TP
continuous_0172_S4_strategy2.npz,543-699,DRINK,DRINK,TP
continuous_0172_S4_strategy2.npz,699-777,FAMILY,FAMILY,TP
continuous_0173_S4_strategy2.npz,0-87,FAMILY,FAMILY,TP
continuous_0173_S4_strategy2.npz,87-177,SURVIVAL,SURVIVAL,TP
continuous_0173_S4_strategy2.npz,177-354,GREETING,GREETING,TP
continuous_0173_S4_strategy2.npz,354-531,CALENDAR,CALENDAR,TP
continuous_0173_S4_strategy2.npz,531-619,DAYS,DAYS,TP
continuous_0173_S4_strategy2.npz,619-708,-,NUMBER,FP
continuous_0173_S4_strategy2.npz,708-796,FOOD,FOOD,TP
continuous_0173_S4_strategy2.npz,796-885,RELATIONSHIPS,RELATIONSHIPS,TP
continuous_0174_S4_strategy2.npz,0-87,DAYS,DAYS,TP
continuous_0174_S4_strategy2.npz,87-265,-,SURVIVAL,FP
continuous_0174_S4_strategy2.npz,265-354,-,GREETING,FP
continuous_0174_S4_strategy2.npz,354-442,-,DAYS,FP
continuous_0174_S4_strategy2.npz,442-531,-,DRINK,FP
continuous_0174_S4_strategy2.npz,531-619,-,CALENDAR,FP
continuous_0174_S4_strategy2.npz,619-708,FAMILY,FAMILY,TP
continuous_0174_S4_strategy2.npz,708-798,FOOD,FOOD,TP
continuous_0174_S4_strategy2.npz,798-886,RELATIONSHIPS,RELATIONSHIPS,TP
continuous_0174_S4_strategy2.npz,125-253,GREETING,-,FN
continuous_0174_S4_strategy2.npz,253-372,DRINK,-,FN
continuous_0174_S4_strategy2.npz,372-501,CALENDAR,-,FN
continuous_0175_S4_strategy2.npz,0-84,FOOD,FOOD,TP
continuous_0175_S4_strategy2.npz,84-168,-,COLOR,FP
continuous_0175_S4_strategy2.npz,168-336,CALENDAR,CALENDAR,TP
continuous_0175_S4_strategy2.npz,336-504,GREETING,GREETING,TP
continuous_0175_S4_strategy2.npz,504-672,COLOR,COLOR,TP
continuous_0175_S4_strategy2.npz,672-840,DAYS,DAYS,TP
continuous_0175_S4_strategy2.npz,840-924,RELATIONSHIPS,RELATIONSHIPS,TP
continuous_0175_S4_strategy2.npz,127-262,DRINK,-,FN
continuous_0176_S4_strategy2.npz,0-73,FOOD,FOOD,TP
continuous_0176_S4_strategy2.npz,73-148,-,GREETING,FP
continuous_0176_S4_strategy2.npz,148-298,DAYS,DAYS,TP
continuous_0176_S4_strategy2.npz,298-448,RELATIONSHIPS,RELATIONSHIPS,TP
continuous_0176_S4_strategy2.npz,448-598,SURVIVAL,SURVIVAL,TP
continuous_0176_S4_strategy2.npz,598-673,COLOR,COLOR,TP
continuous_0176_S4_strategy2.npz,673-748,DRINK,DRINK,TP
continuous_0176_S4_strategy2.npz,748-823,-,SURVIVAL,FP
continuous_0176_S4_strategy2.npz,823-898,FAMILY,FAMILY,TP
continuous_0177_S4_strategy2.npz,0-84,CALENDAR,CALENDAR,TP
continuous_0177_S4_strategy2.npz,84-252,-,CALENDAR,FP
continuous_0177_S4_strategy2.npz,252-336,RELATIONSHIPS,RELATIONSHIPS,TP
continuous_0177_S4_strategy2.npz,336-420,SURVIVAL,SURVIVAL,TP
continuous_0177_S4_strategy2.npz,420-504,FOOD,FOOD,TP
continuous_0177_S4_strategy2.npz,504-588,-,FOOD,FP
continuous_0177_S4_strategy2.npz,588-756,DRINK,DRINK,TP
continuous_0177_S4_strategy2.npz,756-840,DAYS,DAYS,TP
continuous_0177_S4_strategy2.npz,840-924,FAMILY,FAMILY,TP
continuous_0178_S4_strategy2.npz,0-84,DAYS,DAYS,TP
continuous_0178_S4_strategy2.npz,84-252,FOOD,FOOD,TP
continuous_0178_S4_strategy2.npz,252-420,GREETING,GREETING,TP
continuous_0178_S4_strategy2.npz,420-588,DRINK,DRINK,TP
continuous_0178_S4_strategy2.npz,588-672,SURVIVAL,SURVIVAL,TP
continuous_0178_S4_strategy2.npz,672-756,FAMILY,FAMILY,TP
continuous_0179_S4_strategy2.npz,0-90,COLOR,COLOR,TP
continuous_0179_S4_strategy2.npz,90-270,DAYS,DAYS,TP
continuous_0179_S4_strategy2.npz,270-450,DRINK,DRINK,TP
continuous_0179_S4_strategy2.npz,450-540,FOOD,FOOD,TP
continuous_0179_S4_strategy2.npz,540-631,RELATIONSHIPS,RELATIONSHIPS,TP
continuous_0179_S4_strategy2.npz,631-811,GREETING,GREETING,TP
continuous_0179_S4_strategy2.npz,811-903,CALENDAR,CALENDAR,TP
continuous_0180_S4_strategy2.npz,0-75,FAMILY,FAMILY,TP
continuous_0180_S4_strategy2.npz,75-153,-,FOOD,FP
continuous_0180_S4_strategy2.npz,153-306,DRINK,DRINK,TP
continuous_0180_S4_strategy2.npz,306-384,SURVIVAL,SURVIVAL,TP
continuous_0180_S4_strategy2.npz,384-460,-,SURVIVAL,FP
continuous_0180_S4_strategy2.npz,460-615,RELATIONSHIPS,RELATIONSHIPS,TP
continuous_0180_S4_strategy2.npz,615-691,COLOR,COLOR,TP
continuous_0180_S4_strategy2.npz,691-768,GREETING,GREETING,TP
continuous_0181_S4_strategy2.npz,0-111,DAYS,DAYS,TP
continuous_0181_S4_strategy2.npz,111-222,SURVIVAL,CALENDAR,FP
continuous_0181_S4_strategy2.npz,222-444,DRINK,DRINK,TP
continuous_0181_S4_strategy2.npz,444-555,FAMILY,FAMILY,TP
continuous_0181_S4_strategy2.npz,555-666,CALENDAR,CALENDAR,TP
continuous_0181_S4_strategy2.npz,666-778,GREETING,GREETING,TP
continuous_0181_S4_strategy2.npz,125-250,SURVIVAL,CALENDAR,FN
continuous_0182_S4_strategy2.npz,0-99,SURVIVAL,SURVIVAL,TP
continuous_0182_S4_strategy2.npz,99-199,DRINK,DRINK,TP
continuous_0182_S4_strategy2.npz,199-300,-,FAMILY,FP
continuous_0182_S4_strategy2.npz,300-399,-,FAMILY,FP
continuous_0182_S4_strategy2.npz,399-499,RELATIONSHIPS,RELATIONSHIPS,TP
continuous_0182_S4_strategy2.npz,499-600,COLOR,COLOR,TP
continuous_0182_S4_strategy2.npz,600-699,DAYS,DAYS,TP
continuous_0182_S4_strategy2.npz,699-799,-,FOOD,FP
continuous_0182_S4_strategy2.npz,799-900,GREETING,GREETING,TP
continuous_0182_S4_strategy2.npz,260-382,FAMILY,-,FN
continuous_0183_S4_strategy2.npz,0-81,GREETING,GREETING,TP
continuous_0183_S4_strategy2.npz,81-163,-,NUMBER,FP
continuous_0183_S4_strategy2.npz,163-245,COLOR,COLOR,TP
continuous_0183_S4_strategy2.npz,245-327,-,CALENDAR,FP
continuous_0183_S4_strategy2.npz,327-409,CALENDAR,CALENDAR,TP
continuous_0183_S4_strategy2.npz,409-491,-,GREETING,FP
continuous_0183_S4_strategy2.npz,491-573,DRINK,COLOR,FP
continuous_0183_S4_strategy2.npz,573-655,RELATIONSHIPS,RELATIONSHIPS,TP
continuous_0183_S4_strategy2.npz,655-738,SURVIVAL,SURVIVAL,TP
continuous_0183_S4_strategy2.npz,738-819,-,DAYS,FP
continuous_0183_S4_strategy2.npz,819-903,DAYS,DAYS,TP
continuous_0183_S4_strategy2.npz,384-513,DRINK,COLOR,FN
continuous_0184_S4_strategy2.npz,0-99,DRINK,DRINK,TP
continuous_0184_S4_strategy2.npz,99-198,GREETING,GREETING,TP
continuous_0184_S4_strategy2.npz,198-297,-,SURVIVAL,FP
continuous_0184_S4_strategy2.npz,297-396,RELATIONSHIPS,RELATIONSHIPS,TP
continuous_0184_S4_strategy2.npz,396-496,SURVIVAL,SURVIVAL,TP
continuous_0184_S4_strategy2.npz,496-595,CALENDAR,CALENDAR,TP
continuous_0184_S4_strategy2.npz,595-696,FAMILY,FAMILY,TP
continuous_0184_S4_strategy2.npz,696-795,-,FAMILY,FP
continuous_0184_S4_strategy2.npz,795-894,COLOR,COLOR,TP
continuous_0185_S4_strategy2.npz,0-190,FAMILY,FAMILY,TP
continuous_0185_S4_strategy2.npz,190-286,SURVIVAL,SURVIVAL,TP
continuous_0185_S4_strategy2.npz,286-477,GREETING,GREETING,TP
continuous_0185_S4_strategy2.npz,477-573,RELATIONSHIPS,RELATIONSHIPS,TP
continuous_0185_S4_strategy2.npz,573-669,DRINK,DRINK,TP
continuous_0185_S4_strategy2.npz,669-765,CALENDAR,CALENDAR,TP
continuous_0186_S4_strategy2.npz,0-99,CALENDAR,CALENDAR,TP
continuous_0186_S4_strategy2.npz,99-198,FAMILY,FAMILY,TP
continuous_0186_S4_strategy2.npz,198-297,-,GREETING,FP
continuous_0186_S4_strategy2.npz,297-396,RELATIONSHIPS,RELATIONSHIPS,TP
continuous_0186_S4_strategy2.npz,396-495,COLOR,COLOR,TP
continuous_0186_S4_strategy2.npz,495-594,DAYS,DAYS,TP
continuous_0186_S4_strategy2.npz,594-693,-,CALENDAR,FP
continuous_0186_S4_strategy2.npz,693-792,DRINK,DRINK,TP
continuous_0186_S4_strategy2.npz,792-891,GREETING,GREETING,TP
continuous_0187_S4_strategy2.npz,0-96,RELATIONSHIPS,RELATIONSHIPS,TP
continuous_0187_S4_strategy2.npz,96-192,CALENDAR,CALENDAR,TP
continuous_0187_S4_strategy2.npz,192-289,-,GREETING,FP
continuous_0187_S4_strategy2.npz,289-387,-,FAMILY,FP
continuous_0187_S4_strategy2.npz,387-483,-,COLOR,FP
continuous_0187_S4_strategy2.npz,483-579,SURVIVAL,SURVIVAL,TP
continuous_0187_S4_strategy2.npz,579-774,DAYS,DAYS,TP
continuous_0187_S4_strategy2.npz,774-870,DRINK,DRINK,TP
continuous_0187_S4_strategy2.npz,251-372,GREETING,-,FN
continuous_0187_S4_strategy2.npz,372-492,FAMILY,-,FN
continuous_0188_S4_strategy2.npz,0-175,DAYS,DAYS,TP
continuous_0188_S4_strategy2.npz,175-351,RELATIONSHIPS,RELATIONSHIPS,TP
continuous_0188_S4_strategy2.npz,351-528,SURVIVAL,SURVIVAL,TP
continuous_0188_S4_strategy2.npz,528-615,-,FAMILY,FP
continuous_0188_S4_strategy2.npz,615-703,-,CALENDAR,FP
continuous_0188_S4_strategy2.npz,703-792,DRINK,DRINK,TP
continuous_0188_S4_strategy2.npz,403-531,FAMILY,-,FN
continuous_0188_S4_strategy2.npz,531-659,CALENDAR,-,FN
continuous_0189_S4_strategy2.npz,0-87,SURVIVAL,SURVIVAL,TP
continuous_0189_S4_strategy2.npz,87-175,DRINK,DRINK,TP
continuous_0189_S4_strategy2.npz,175-264,-,CALENDAR,FP
continuous_0189_S4_strategy2.npz,264-352,-,FAMILY,FP
continuous_0189_S4_strategy2.npz,352-441,-,DAYS,FP
continuous_0189_S4_strategy2.npz,441-528,-,DAYS,FP
continuous_0189_S4_strategy2.npz,528-618,-,DRINK,FP
continuous_0189_S4_strategy2.npz,618-793,COLOR,COLOR,TP
continuous_0189_S4_strategy2.npz,793-882,GREETING,GREETING,TP
continuous_0189_S4_strategy2.npz,251-355,CALENDAR,-,FN
continuous_0189_S4_strategy2.npz,355-475,FAMILY,-,FN
continuous_0189_S4_strategy2.npz,475-619,DAYS,-,FN
continuous_0190_S4_strategy2.npz,0-87,FAMILY,FAMILY,TP
continuous_0190_S4_strategy2.npz,87-177,COLOR,COLOR,TP
continuous_0190_S4_strategy2.npz,177-265,-,SURVIVAL,FP
continuous_0190_S4_strategy2.npz,265-354,-,DRINK,FP
continuous_0190_S4_strategy2.npz,354-442,-,COLOR,FP
continuous_0190_S4_strategy2.npz,442-531,-,GREETING,FP
continuous_0190_S4_strategy2.npz,531-619,-,GREETING,FP
continuous_0190_S4_strategy2.npz,619-798,DAYS,DAYS,TP
continuous_0190_S4_strategy2.npz,798-886,RELATIONSHIPS,RELATIONSHIPS,TP
continuous_0190_S4_strategy2.npz,253-362,SURVIVAL,-,FN
continuous_0190_S4_strategy2.npz,362-495,DRINK,-,FN
continuous_0190_S4_strategy2.npz,495-619,GREETING,-,FN
continuous_0191_S4_strategy2.npz,0-99,RELATIONSHIPS,RELATIONSHIPS,TP
continuous_0191_S4_strategy2.npz,99-201,-,FAMILY,FP
continuous_0191_S4_strategy2.npz,201-301,DAYS,DAYS,TP
continuous_0191_S4_strategy2.npz,301-402,-,FAMILY,FP
continuous_0191_S4_strategy2.npz,402-502,COLOR,COLOR,TP
continuous_0191_S4_strategy2.npz,502-603,CALENDAR,CALENDAR,TP
continuous_0191_S4_strategy2.npz,603-805,SURVIVAL,SURVIVAL,TP
continuous_0191_S4_strategy2.npz,805-906,GREETING,GREETING,TP
continuous_0191_S4_strategy2.npz,137-258,FAMILY,-,FN
continuous_0192_S4_strategy2.npz,0-138,RELATIONSHIPS,RELATIONSHIPS,TP
continuous_0192_S4_strategy2.npz,138-276,SURVIVAL,SURVIVAL,TP
continuous_0192_S4_strategy2.npz,276-414,GREETING,GREETING,TP
continuous_0192_S4_strategy2.npz,414-483,COLOR,COLOR,TP
continuous_0192_S4_strategy2.npz,483-553,-,DRINK,FP
continuous_0192_S4_strategy2.npz,553-691,CALENDAR,CALENDAR,TP
continuous_0192_S4_strategy2.npz,691-760,-,FAMILY,FP
continuous_0192_S4_strategy2.npz,636-761,FAMILY,-,FN
continuous_0193_S4_strategy2.npz,0-159,COLOR,COLOR,TP
continuous_0193_S4_strategy2.npz,159-240,CALENDAR,CALENDAR,TP
continuous_0193_S4_strategy2.npz,240-321,-,CALENDAR,FP
continuous_0193_S4_strategy2.npz,321-402,CALENDAR,CALENDAR,TP
continuous_0193_S4_strategy2.npz,402-562,CALENDAR,CALENDAR,TP
continuous_0193_S4_strategy2.npz,562-642,CALENDAR,CALENDAR,TP
continuous_0193_S4_strategy2.npz,642-723,-,CALENDAR,FP
continuous_0193_S4_strategy2.npz,723-804,CALENDAR,CALENDAR,TP
continuous_0193_S4_strategy2.npz,804-885,SURVIVAL,SURVIVAL,TP
continuous_0194_S4_strategy2.npz,0-78,SURVIVAL,SURVIVAL,TP
continuous_0194_S4_strategy2.npz,78-156,-,DAYS,FP
continuous_0194_S4_strategy2.npz,156-313,DAYS,DAYS,TP
continuous_0194_S4_strategy2.npz,313-471,COLOR,COLOR,TP
continuous_0194_S4_strategy2.npz,471-549,RELATIONSHIPS,RELATIONSHIPS,TP
continuous_0194_S4_strategy2.npz,549-627,FAMILY,FAMILY,TP
continuous_0194_S4_strategy2.npz,627-705,-,GREETING,FP
continuous_0194_S4_strategy2.npz,705-784,CALENDAR,CALENDAR,TP
continuous_0195_S4_strategy2.npz,0-75,FAMILY,FAMILY,TP
continuous_0195_S4_strategy2.npz,75-150,-,FAMILY,FP
continuous_0195_S4_strategy2.npz,150-225,-,COLOR,FP
continuous_0195_S4_strategy2.npz,225-300,-,CALENDAR,FP
continuous_0195_S4_strategy2.npz,300-375,-,CALENDAR,FP
continuous_0195_S4_strategy2.npz,375-525,-,CALENDAR,FP
continuous_0195_S4_strategy2.npz,525-675,COLOR,COLOR,TP
continuous_0195_S4_strategy2.npz,675-825,RELATIONSHIPS,RELATIONSHIPS,TP
continuous_0195_S4_strategy2.npz,825-900,CALENDAR,CALENDAR,TP
continuous_0195_S4_strategy2.npz,133-257,FAMILY,-,FN
continuous_0195_S4_strategy2.npz,257-387,COLOR,-,FN
continuous_0195_S4_strategy2.npz,387-513,CALENDAR,-,FN
continuous_0196_S4_strategy2.npz,0-99,FAMILY,FAMILY,TP
continuous_0196_S4_strategy2.npz,99-201,-,CALENDAR,FP
continuous_0196_S4_strategy2.npz,201-301,CALENDAR,CALENDAR,TP
continuous_0196_S4_strategy2.npz,301-402,COLOR,FOOD,FP
continuous_0196_S4_strategy2.npz,402-603,CALENDAR,CALENDAR,TP
continuous_0196_S4_strategy2.npz,603-705,COLOR,COLOR,TP
continuous_0196_S4_strategy2.npz,705-805,SURVIVAL,SURVIVAL,TP
continuous_0196_S4_strategy2.npz,805-906,CALENDAR,CALENDAR,TP
continuous_0196_S4_strategy2.npz,256-399,COLOR,FOOD,FN
continuous_0197_S4_strategy2.npz,0-84,COLOR,COLOR,TP
continuous_0197_S4_strategy2.npz,84-168,SURVIVAL,SURVIVAL,TP
continuous_0197_S4_strategy2.npz,168-339,DAYS,DAYS,TP
continuous_0197_S4_strategy2.npz,339-423,-,FAMILY,FP
continuous_0197_S4_strategy2.npz,423-508,-,FAMILY,FP
continuous_0197_S4_strategy2.npz,508-678,RELATIONSHIPS,RELATIONSHIPS,TP
continuous_0197_S4_strategy2.npz,678-763,-,CALENDAR,FP
continuous_0197_S4_strategy2.npz,371-497,FAMILY,-,FN
continuous_0197_S4_strategy2.npz,633-763,CALENDAR,-,FN
continuous_0198_S4_strategy2.npz,0-181,COLOR,COLOR,TP
continuous_0198_S4_strategy2.npz,181-363,COLOR,COLOR,TP
continuous_0198_S4_strategy2.npz,363-546,COLOR,COLOR,TP
continuous_0198_S4_strategy2.npz,546-636,-,SURVIVAL,FP
continuous_0198_S4_strategy2.npz,636-727,FAMILY,FAMILY,TP
continuous_0198_S4_strategy2.npz,727-819,COLOR,COLOR,TP
continuous_0198_S4_strategy2.npz,819-909,CALENDAR,CALENDAR,TP
continuous_0198_S4_strategy2.npz,398-523,SURVIVAL,-,FN
continuous_0199_S4_strategy2.npz,0-99,COLOR,COLOR,TP
continuous_0199_S4_strategy2.npz,99-198,DAYS,DAYS,TP
continuous_0199_S4_strategy2.npz,198-298,-,FAMILY,FP
continuous_0199_S4_strategy2.npz,298-498,COLOR,COLOR,TP
continuous_0199_S4_strategy2.npz,498-598,FAMILY,FAMILY,TP
continuous_0199_S4_strategy2.npz,598-699,COLOR,COLOR,TP
continuous_0199_S4_strategy2.npz,699-798,FAMILY,FAMILY,TP
continuous_0199_S4_strategy2.npz,798-898,COLOR,COLOR,TP
continuous_0200_S4_strategy2.npz,0-94,RELATIONSHIPS,RELATIONSHIPS,TP
continuous_0200_S4_strategy2.npz,94-190,FAMILY,FAMILY,TP
continuous_0200_S4_strategy2.npz,190-382,DAYS,DAYS,TP
continuous_0200_S4_strategy2.npz,382-573,CALENDAR,CALENDAR,TP
continuous_0200_S4_strategy2.npz,573-669,COLOR,COLOR,TP
continuous_0200_S4_strategy2.npz,669-765,SURVIVAL,SURVIVAL,TP
continuous_0201_S4_strategy2.npz,0-99,SURVIVAL,SURVIVAL,TP
continuous_0201_S4_strategy2.npz,99-198,CALENDAR,CALENDAR,TP
continuous_0201_S4_strategy2.npz,198-397,CALENDAR,CALENDAR,TP
continuous_0201_S4_strategy2.npz,397-597,CALENDAR,CALENDAR,TP
continuous_0201_S4_strategy2.npz,597-696,CALENDAR,CALENDAR,TP
continuous_0201_S4_strategy2.npz,696-795,COLOR,COLOR,TP
continuous_0201_S4_strategy2.npz,795-895,CALENDAR,CALENDAR,TP
continuous_0202_S4_strategy2.npz,0-174,COLOR,COLOR,TP
continuous_0202_S4_strategy2.npz,174-349,CALENDAR,CALENDAR,TP
continuous_0202_S4_strategy2.npz,349-436,COLOR,COLOR,TP
continuous_0202_S4_strategy2.npz,436-525,-,FAMILY,FP
continuous_0202_S4_strategy2.npz,525-612,COLOR,COLOR,TP
continuous_0202_S4_strategy2.npz,612-786,SURVIVAL,SURVIVAL,TP
continuous_0202_S4_strategy2.npz,786-874,FAMILY,FAMILY,TP
continuous_0202_S4_strategy2.npz,383-508,FAMILY,-,FN
continuous_0203_S4_strategy2.npz,0-88,COLOR,COLOR,TP
continuous_0203_S4_strategy2.npz,88-178,-,DAYS,FP
continuous_0203_S4_strategy2.npz,178-357,SURVIVAL,DAYS,FP
continuous_0203_S4_strategy2.npz,357-447,CALENDAR,CALENDAR,TP
continuous_0203_S4_strategy2.npz,447-625,COLOR,COLOR,TP
continuous_0203_S4_strategy2.npz,625-715,COLOR,COLOR,TP
continuous_0203_S4_strategy2.npz,715-804,COLOR,COLOR,TP
continuous_0203_S4_strategy2.npz,804-894,CALENDAR,DRINK,FP
continuous_0203_S4_strategy2.npz,127-253,SURVIVAL,DAYS,FN
continuous_0203_S4_strategy2.npz,773-894,CALENDAR,DRINK,FN
continuous_0204_S4_strategy2.npz,0-252,CALENDAR,CALENDAR,TP
continuous_0204_S4_strategy2.npz,252-336,SURVIVAL,SURVIVAL,TP
continuous_0204_S4_strategy2.npz,336-420,COLOR,COLOR,TP
continuous_0204_S4_strategy2.npz,420-504,COLOR,COLOR,TP
continuous_0204_S4_strategy2.npz,504-588,-,CALENDAR,FP
continuous_0204_S4_strategy2.npz,588-672,CALENDAR,CALENDAR,TP
continuous_0204_S4_strategy2.npz,672-756,SURVIVAL,GREETING,FP
continuous_0204_S4_strategy2.npz,756-840,-,COLOR,FP
continuous_0204_S4_strategy2.npz,840-924,COLOR,COLOR,TP
continuous_0204_S4_strategy2.npz,663-793,SURVIVAL,GREETING,FN
continuous_0205_S4_strategy2.npz,0-102,CALENDAR,CALENDAR,TP
continuous_0205_S4_strategy2.npz,102-306,COLOR,COLOR,TP
continuous_0205_S4_strategy2.npz,306-408,-,FAMILY,FP
continuous_0205_S4_strategy2.npz,408-612,COLOR,COLOR,TP
continuous_0205_S4_strategy2.npz,612-816,CALENDAR,CALENDAR,TP
continuous_0205_S4_strategy2.npz,816-919,COLOR,COLOR,TP
continuous_0205_S4_strategy2.npz,259-390,COLOR,-,FN
continuous_0205_S4_strategy2.npz,390-516,FAMILY,-,FN
continuous_0206_S4_strategy2.npz,0-96,FAMILY,FAMILY,TP
continuous_0206_S4_strategy2.npz,96-193,-,CALENDAR,FP
continuous_0206_S4_strategy2.npz,193-291,-,CALENDAR,FP
continuous_0206_S4_strategy2.npz,291-387,COLOR,COLOR,TP
continuous_0206_S4_strategy2.npz,129-257,CALENDAR,-,FN
continuous_0207_S4_strategy2.npz,0-138,COLOR,COLOR,TP
continuous_0208_S5_strategy2.npz,0-166,GREETING,GREETING,TP
continuous_0208_S5_strategy2.npz,166-333,CALENDAR,CALENDAR,TP
continuous_0208_S5_strategy2.npz,333-501,DAYS,DAYS,TP
continuous_0208_S5_strategy2.npz,501-669,SURVIVAL,SURVIVAL,TP
continuous_0208_S5_strategy2.npz,669-753,-,FAMILY,FP
continuous_0208_S5_strategy2.npz,753-837,DRINK,DRINK,TP
continuous_0208_S5_strategy2.npz,837-921,FOOD,DRINK,FP
continuous_0208_S5_strategy2.npz,522-663,FAMILY,-,FN
continuous_0208_S5_strategy2.npz,791-918,FOOD,DRINK,FN
continuous_0209_S5_strategy2.npz,0-88,RELATIONSHIPS,RELATIONSHIPS,TP
continuous_0209_S5_strategy2.npz,88-177,GREETING,GREETING,TP
continuous_0209_S5_strategy2.npz,177-267,-,DRINK,FP
continuous_0209_S5_strategy2.npz,267-355,-,FAMILY,FP
continuous_0209_S5_strategy2.npz,355-444,-,RELATIONSHIPS,FP
continuous_0209_S5_strategy2.npz,444-622,DAYS,DAYS,TP
continuous_0209_S5_strategy2.npz,622-801,FOOD,FOOD,TP
continuous_0209_S5_strategy2.npz,801-889,SURVIVAL,SURVIVAL,TP
continuous_0209_S5_strategy2.npz,249-377,DRINK,-,FN
continuous_0209_S5_strategy2.npz,377-504,FAMILY,-,FN
continuous_0210_S5_strategy2.npz,0-150,DAYS,DAYS,TP
continuous_0210_S5_strategy2.npz,150-300,CALENDAR,CALENDAR,TP
continuous_0210_S5_strategy2.npz,300-450,FOOD,FOOD,TP
continuous_0210_S5_strategy2.npz,450-525,RELATIONSHIPS,RELATIONSHIPS,TP
continuous_0210_S5_strategy2.npz,525-600,-,COLOR,FP
continuous_0210_S5_strategy2.npz,600-675,-,DRINK,FP
continuous_0210_S5_strategy2.npz,675-750,-,DAYS,FP
continuous_0210_S5_strategy2.npz,750-825,SURVIVAL,SURVIVAL,TP
continuous_0210_S5_strategy2.npz,825-900,GREETING,GREETING,TP
continuous_0210_S5_strategy2.npz,509-637,DRINK,-,FN
continuous_0211_S5_strategy2.npz,0-73,DAYS,DAYS,TP
continuous_0211_S5_strategy2.npz,73-148,-,DAYS,FP
continuous_0211_S5_strategy2.npz,148-223,FOOD,FOOD,TP
continuous_0211_S5_strategy2.npz,223-298,-,COLOR,FP
continuous_0211_S5_strategy2.npz,298-373,GREETING,GREETING,TP
continuous_0211_S5_strategy2.npz,373-447,NUMBER,NUMBER,TP
continuous_0211_S5_strategy2.npz,447-522,-,DRINK,FP
continuous_0211_S5_strategy2.npz,522-672,DRINK,DRINK,TP
continuous_0211_S5_strategy2.npz,672-747,COLOR,COLOR,TP
continuous_0212_S5_strategy2.npz,0-75,RELATIONSHIPS,RELATIONSHIPS,TP
continuous_0212_S5_strategy2.npz,75-225,-,RELATIONSHIPS,FP
continuous_0212_S5_strategy2.npz,225-375,NUMBER,NUMBER,TP
continuous_0212_S5_strategy2.npz,375-525,-,CALENDAR,FP
continuous_0212_S5_strategy2.npz,525-675,-,DAYS,FP
continuous_0212_S5_strategy2.npz,675-750,-,SURVIVAL,FP
continuous_0212_S5_strategy2.npz,750-825,COLOR,COLOR,TP
continuous_0212_S5_strategy2.npz,825-901,FAMILY,FAMILY,TP
continuous_0212_S5_strategy2.npz,256-385,CALENDAR,-,FN
continuous_0212_S5_strategy2.npz,385-513,DAYS,-,FN
continuous_0212_S5_strategy2.npz,513-641,SURVIVAL,-,FN
continuous_0213_S5_strategy2.npz,0-108,FOOD,FOOD,TP
continuous_0213_S5_strategy2.npz,108-325,SURVIVAL,SURVIVAL,TP
continuous_0213_S5_strategy2.npz,325-435,CALENDAR,CALENDAR,TP
continuous_0213_S5_strategy2.npz,435-543,-,RELATIONSHIPS,FP
continuous_0213_S5_strategy2.npz,543-652,DRINK,DRINK,TP
continuous_0213_S5_strategy2.npz,652-762,COLOR,COLOR,TP
continuous_0213_S5_strategy2.npz,376-503,RELATIONSHIPS,-,FN
continuous_0214_S5_strategy2.npz,0-76,CALENDAR,CALENDAR,TP
continuous_0214_S5_strategy2.npz,76-153,-,CALENDAR,FP
continuous_0214_S5_strategy2.npz,153-231,COLOR,COLOR,TP
continuous_0214_S5_strategy2.npz,231-387,RELATIONSHIPS,RELATIONSHIPS,TP
continuous_0214_S5_strategy2.npz,387-463,FOOD,FOOD,TP
continuous_0214_S5_strategy2.npz,463-540,-,FOOD,FP
continuous_0214_S5_strategy2.npz,540-696,GREETING,GREETING,TP
continuous_0214_S5_strategy2.npz,696-774,FAMILY,FAMILY,TP
continuous_0215_S5_strategy2.npz,0-73,SURVIVAL,SURVIVAL,TP
continuous_0215_S5_strategy2.npz,73-147,-,FOOD,FP
continuous_0215_S5_strategy2.npz,147-222,-,FOOD,FP
continuous_0215_S5_strategy2.npz,222-372,GREETING,GREETING,TP
continuous_0215_S5_strategy2.npz,372-519,FAMILY,FAMILY,TP
continuous_0215_S5_strategy2.npz,519-669,CALENDAR,CALENDAR,TP
continuous_0215_S5_strategy2.npz,669-817,NUMBER,NUMBER,TP
continuous_0215_S5_strategy2.npz,817-892,COLOR,COLOR,TP
continuous_0215_S5_strategy2.npz,127-249,FOOD,-,FN
continuous_0216_S5_strategy2.npz,0-169,NUMBER,NUMBER,TP
continuous_0216_S5_strategy2.npz,169-255,CALENDAR,CALENDAR,TP
continuous_0216_S5_strategy2.npz,255-426,DRINK,DRINK,TP
continuous_0216_S5_strategy2.npz,426-511,DAYS,DAYS,TP
continuous_0216_S5_strategy2.npz,511-597,-,NUMBER,FP
continuous_0216_S5_strategy2.npz,597-682,FAMILY,FAMILY,TP
continuous_0216_S5_strategy2.npz,682-768,GREETING,GREETING,TP
continuous_0217_S5_strategy2.npz,0-124,DAYS,DAYS,TP
continuous_0217_S5_strategy2.npz,124-250,FOOD,FOOD,TP
continuous_0217_S5_strategy2.npz,250-376,COLOR,COLOR,TP
continuous_0217_S5_strategy2.npz,376-502,NUMBER,SURVIVAL,FP
continuous_0217_S5_strategy2.npz,502-628,DRINK,DRINK,TP
continuous_0217_S5_strategy2.npz,628-754,SURVIVAL,SURVIVAL,TP
continuous_0217_S5_strategy2.npz,376-497,NUMBER,SURVIVAL,FN
continuous_0218_S5_strategy2.npz,0-138,COLOR,COLOR,TP
continuous_0218_S5_strategy2.npz,138-277,DAYS,DAYS,TP
continuous_0218_S5_strategy2.npz,277-417,FOOD,FOOD,TP
continuous_0218_S5_strategy2.npz,417-555,NUMBER,NUMBER,TP
continuous_0218_S5_strategy2.npz,555-625,GREETING,GREETING,TP
continuous_0218_S5_strategy2.npz,625-696,-,DAYS,FP
continuous_0218_S5_strategy2.npz,696-834,DRINK,DRINK,TP
continuous_0218_S5_strategy2.npz,834-904,SURVIVAL,SURVIVAL,TP
continuous_0219_S5_strategy2.npz,0-81,DAYS,DAYS,TP
continuous_0219_S5_strategy2.npz,81-162,-,GREETING,FP
continuous_0219_S5_strategy2.npz,162-327,FAMILY,NUMBER,FP
continuous_0219_S5_strategy2.npz,327-408,-,DRINK,FP
continuous_0219_S5_strategy2.npz,408-571,RELATIONSHIPS,RELATIONSHIPS,TP
continuous_0219_S5_strategy2.npz,571-654,-,DAYS,FP
continuous_0219_S5_strategy2.npz,654-817,SURVIVAL,SURVIVAL,TP
continuous_0219_S5_strategy2.npz,817-900,CALENDAR,CALENDAR,TP
continuous_0219_S5_strategy2.npz,127-260,GREETING,-,FN
continuous_0219_S5_strategy2.npz,387-515,DRINK,-,FN
continuous_0219_S5_strategy2.npz,260-387,FAMILY,NUMBER,FN
continuous_0220_S5_strategy2.npz,0-192,DAYS,DAYS,TP
continuous_0220_S5_strategy2.npz,192-288,FOOD,FOOD,TP
continuous_0220_S5_strategy2.npz,288-384,CALENDAR,CALENDAR,TP
continuous_0220_S5_strategy2.npz,384-576,RELATIONSHIPS,GREETING,FP
continuous_0220_S5_strategy2.npz,576-672,SURVIVAL,SURVIVAL,TP
continuous_0220_S5_strategy2.npz,672-769,COLOR,COLOR,TP
continuous_0220_S5_strategy2.npz,383-510,RELATIONSHIPS,GREETING,FN
continuous_0221_S5_strategy2.npz,0-76,COLOR,COLOR,TP
continuous_0221_S5_strategy2.npz,76-153,-,DAYS,FP
continuous_0221_S5_strategy2.npz,153-231,FAMILY,FAMILY,TP
continuous_0221_S5_strategy2.npz,231-307,DRINK,DRINK,TP
continuous_0221_S5_strategy2.npz,307-384,-,CALENDAR,FP
continuous_0221_S5_strategy2.npz,384-462,CALENDAR,CALENDAR,TP
continuous_0221_S5_strategy2.npz,462-538,-,DRINK,FP
continuous_0221_S5_strategy2.npz,538-693,NUMBER,NUMBER,TP
continuous_0221_S5_strategy2.npz,693-771,RELATIONSHIPS,RELATIONSHIPS,TP
continuous_0222_S5_strategy2.npz,0-88,RELATIONSHIPS,RELATIONSHIPS,TP
continuous_0222_S5_strategy2.npz,88-178,SURVIVAL,SURVIVAL,TP
continuous_0222_S5_strategy2.npz,178-267,-,NUMBER,FP
continuous_0222_S5_strategy2.npz,267-357,-,CALENDAR,FP
continuous_0222_S5_strategy2.npz,357-447,-,COLOR,FP
continuous_0222_S5_strategy2.npz,447-625,FOOD,FOOD,TP
continuous_0222_S5_strategy2.npz,625-804,DRINK,DRINK,TP
continuous_0222_S5_strategy2.npz,804-894,COLOR,COLOR,TP
continuous_0222_S5_strategy2.npz,253-381,NUMBER,-,FN
continuous_0222_S5_strategy2.npz,381-508,CALENDAR,-,FN
continuous_0223_S5_strategy2.npz,0-156,SURVIVAL,SURVIVAL,TP
continuous_0223_S5_strategy2.npz,156-312,GREETING,GREETING,TP
continuous_0223_S5_strategy2.npz,312-468,FOOD,FOOD,TP
continuous_0223_S5_strategy2.npz,468-546,-,CALENDAR,FP
continuous_0223_S5_strategy2.npz,546-702,DRINK,DRINK,TP
continuous_0223_S5_strategy2.npz,702-780,DAYS,DAYS,TP
continuous_0223_S5_strategy2.npz,396-524,CALENDAR,-,FN
continuous_0224_S5_strategy2.npz,0-106,FAMILY,FAMILY,TP
continuous_0224_S5_strategy2.npz,106-214,DAYS,DAYS,TP
continuous_0224_S5_strategy2.npz,214-322,DRINK,DRINK,TP
continuous_0224_S5_strategy2.npz,322-430,COLOR,COLOR,TP
continuous_0224_S5_strategy2.npz,430-538,FOOD,FOOD,TP
continuous_0224_S5_strategy2.npz,538-646,-,NUMBER,FP
continuous_0224_S5_strategy2.npz,646-754,SURVIVAL,SURVIVAL,TP
continuous_0225_S5_strategy2.npz,0-81,CALENDAR,CALENDAR,TP
continuous_0225_S5_strategy2.npz,81-243,DRINK,DRINK,TP
continuous_0225_S5_strategy2.npz,243-325,DAYS,DAYS,TP
continuous_0225_S5_strategy2.npz,325-406,-,COLOR,FP
continuous_0225_S5_strategy2.npz,406-570,FOOD,FOOD,TP
continuous_0225_S5_strategy2.npz,570-651,-,FAMILY,FP
continuous_0225_S5_strategy2.npz,651-814,-,FAMILY,FP
continuous_0225_S5_strategy2.npz,814-897,NUMBER,NUMBER,TP
continuous_0225_S5_strategy2.npz,382-509,COLOR,-,FN
continuous_0225_S5_strategy2.npz,636-764,FAMILY,-,FN
continuous_0226_S5_strategy2.npz,0-72,COLOR,COLOR,TP
continuous_0226_S5_strategy2.npz,72-147,-,FAMILY,FP
continuous_0226_S5_strategy2.npz,147-294,-,FAMILY,FP
continuous_0226_S5_strategy2.npz,294-366,FOOD,FOOD,TP
continuous_0226_S5_strategy2.npz,366-441,DAYS,DAYS,TP
continuous_0226_S5_strategy2.npz,441-514,-,DRINK,FP
continuous_0226_S5_strategy2.npz,514-588,SURVIVAL,SURVIVAL,TP
continuous_0226_S5_strategy2.npz,588-661,-,RELATIONSHIPS,FP
continuous_0226_S5_strategy2.npz,661-808,DRINK,DRINK,TP
continuous_0226_S5_strategy2.npz,808-882,RELATIONSHIPS,RELATIONSHIPS,TP
continuous_0226_S5_strategy2.npz,127-254,FAMILY,-,FN
continuous_0227_S5_strategy2.npz,0-135,SURVIVAL,SURVIVAL,TP
continuous_0227_S5_strategy2.npz,135-273,DRINK,DRINK,TP
continuous_0227_S5_strategy2.npz,273-409,RELATIONSHIPS,RELATIONSHIPS,TP
continuous_0227_S5_strategy2.npz,409-478,-,SURVIVAL,FP
continuous_0227_S5_strategy2.npz,478-546,COLOR,COLOR,TP
continuous_0227_S5_strategy2.npz,546-615,DAYS,DAYS,TP
continuous_0227_S5_strategy2.npz,615-684,-,COLOR,FP
continuous_0227_S5_strategy2.npz,684-753,GREETING,GREETING,TP
continuous_0228_S5_strategy2.npz,0-151,FAMILY,FAMILY,TP
continuous_0228_S5_strategy2.npz,151-228,DRINK,DRINK,TP
continuous_0228_S5_strategy2.npz,228-304,CALENDAR,CALENDAR,TP
continuous_0228_S5_strategy2.npz,304-457,-,CALENDAR,FP
continuous_0228_S5_strategy2.npz,457-534,DAYS,DAYS,TP
continuous_0228_S5_strategy2.npz,534-610,NUMBER,NUMBER,TP
continuous_0228_S5_strategy2.npz,610-687,-,DRINK,FP
continuous_0228_S5_strategy2.npz,687-763,COLOR,COLOR,TP
continuous_0229_S5_strategy2.npz,0-84,RELATIONSHIPS,RELATIONSHIPS,TP
continuous_0229_S5_strategy2.npz,84-253,DRINK,DRINK,TP
continuous_0229_S5_strategy2.npz,253-339,COLOR,COLOR,TP
continuous_0229_S5_strategy2.npz,339-508,NUMBER,NUMBER,TP
continuous_0229_S5_strategy2.npz,508-678,DAYS,DAYS,TP
continuous_0229_S5_strategy2.npz,678-763,FAMILY,FAMILY,TP
continuous_0230_S5_strategy2.npz,0-69,FAMILY,FAMILY,TP
continuous_0230_S5_strategy2.npz,69-138,-,CALENDAR,FP
continuous_0230_S5_strategy2.npz,138-208,CALENDAR,CALENDAR,TP
continuous_0230_S5_strategy2.npz,208-417,RELATIONSHIPS,RELATIONSHIPS,TP
continuous_0230_S5_strategy2.npz,417-556,COLOR,COLOR,TP
continuous_0230_S5_strategy2.npz,556-627,GREETING,GREETING,TP
continuous_0230_S5_strategy2.npz,627-696,-,NUMBER,FP
continuous_0230_S5_strategy2.npz,696-765,NUMBER,NUMBER,TP
continuous_0230_S5_strategy2.npz,765-835,-,NUMBER,FP
continuous_0230_S5_strategy2.npz,835-906,SURVIVAL,SURVIVAL,TP
continuous_0231_S5_strategy2.npz,0-90,GREETING,GREETING,TP
continuous_0231_S5_strategy2.npz,90-180,-,COLOR,FP
continuous_0231_S5_strategy2.npz,180-270,FOOD,FOOD,TP
continuous_0231_S5_strategy2.npz,270-360,-,GREETING,FP
continuous_0231_S5_strategy2.npz,360-450,NUMBER,NUMBER,TP
continuous_0231_S5_strategy2.npz,450-630,COLOR,COLOR,TP
continuous_0231_S5_strategy2.npz,630-720,FAMILY,FAMILY,TP
continuous_0231_S5_strategy2.npz,720-810,DRINK,DRINK,TP
continuous_0231_S5_strategy2.npz,810-900,SURVIVAL,SURVIVAL,TP
continuous_0232_S5_strategy2.npz,0-67,SURVIVAL,SURVIVAL,TP
continuous_0232_S5_strategy2.npz,67-204,-,GREETING,FP
continuous_0232_S5_strategy2.npz,204-342,DAYS,DAYS,TP
continuous_0232_S5_strategy2.npz,342-411,GREETING,GREETING,TP
continuous_0232_S5_strategy2.npz,411-478,-,NUMBER,FP
continuous_0232_S5_strategy2.npz,478-547,NUMBER,NUMBER,TP
continuous_0232_S5_strategy2.npz,547-684,FAMILY,FAMILY,TP
continuous_0232_S5_strategy2.npz,684-753,-,CALENDAR,FP
continuous_0232_S5_strategy2.npz,753-822,CALENDAR,CALENDAR,TP
continuous_0232_S5_strategy2.npz,822-889,DRINK,DRINK,TP
continuous_0233_S5_strategy2.npz,0-118,FOOD,FOOD,TP
continuous_0233_S5_strategy2.npz,118-178,GREETING,GREETING,TP
continuous_0233_S5_strategy2.npz,178-297,-,DAYS,FP
continuous_0233_S5_strategy2.npz,297-477,DAYS,DAYS,TP
continuous_0233_S5_strategy2.npz,477-537,-,CALENDAR,FP
continuous_0233_S5_strategy2.npz,537-595,-,RELATIONSHIPS,FP
continuous_0233_S5_strategy2.npz,595-655,RELATIONSHIPS,RELATIONSHIPS,TP
continuous_0233_S5_strategy2.npz,655-715,-,RELATIONSHIPS,FP
continuous_0233_S5_strategy2.npz,715-834,COLOR,COLOR,TP
continuous_0233_S5_strategy2.npz,834-894,-,FAMILY,FP
continuous_0233_S5_strategy2.npz,381-509,CALENDAR,-,FN
continuous_0233_S5_strategy2.npz,763-891,FAMILY,-,FN
continuous_0234_S5_strategy2.npz,0-162,COLOR,COLOR,TP
continuous_0234_S5_strategy2.npz,162-243,-,NUMBER,FP
continuous_0234_S5_strategy2.npz,243-325,GREETING,GREETING,TP
continuous_0234_S5_strategy2.npz,325-408,-,DRINK,FP
continuous_0234_S5_strategy2.npz,408-489,-,FAMILY,FP
continuous_0234_S5_strategy2.npz,489-570,RELATIONSHIPS,RELATIONSHIPS,TP
continuous_0234_S5_strategy2.npz,570-652,FOOD,FOOD,TP
continuous_0234_S5_strategy2.npz,652-816,NUMBER,NUMBER,TP
continuous_0234_S5_strategy2.npz,816-897,SURVIVAL,SURVIVAL,TP
continuous_0234_S5_strategy2.npz,260-387,FAMILY,-,FN
continuous_0235_S5_strategy2.npz,0-144,GREETING,GREETING,TP
continuous_0235_S5_strategy2.npz,144-360,DAYS,DAYS,TP
continuous_0235_S5_strategy2.npz,360-432,SURVIVAL,SURVIVAL,TP
continuous_0235_S5_strategy2.npz,432-576,FAMILY,FAMILY,TP
continuous_0235_S5_strategy2.npz,576-720,RELATIONSHIPS,RELATIONSHIPS,TP
continuous_0235_S5_strategy2.npz,720-792,-,DRINK,FP
continuous_0235_S5_strategy2.npz,662-789,DRINK,-,FN
continuous_0236_S5_strategy2.npz,0-81,SURVIVAL,SURVIVAL,TP
continuous_0236_S5_strategy2.npz,81-163,-,NUMBER,FP
continuous_0236_S5_strategy2.npz,163-245,-,NUMBER,FP
continuous_0236_S5_strategy2.npz,245-327,RELATIONSHIPS,RELATIONSHIPS,TP
continuous_0236_S5_strategy2.npz,327-655,FAMILY,FAMILY,TP
continuous_0236_S5_strategy2.npz,655-738,DAYS,DAYS,TP
continuous_0236_S5_strategy2.npz,738-819,-,GREETING,FP
continuous_0236_S5_strategy2.npz,819-901,GREETING,GREETING,TP
continuous_0236_S5_strategy2.npz,127-253,NUMBER,-,FN
continuous_0236_S5_strategy2.npz,509-655,CALENDAR,-,FN
continuous_0237_S5_strategy2.npz,0-210,DAYS,DAYS,TP
continuous_0237_S5_strategy2.npz,210-279,DRINK,DRINK,TP
continuous_0237_S5_strategy2.npz,279-420,FOOD,RELATIONSHIPS,FP
continuous_0237_S5_strategy2.npz,420-559,CALENDAR,CALENDAR,TP
continuous_0237_S5_strategy2.npz,559-699,GREETING,GREETING,TP
continuous_0237_S5_strategy2.npz,699-771,SURVIVAL,SURVIVAL,TP
continuous_0237_S5_strategy2.npz,254-381,FOOD,RELATIONSHIPS,FN
continuous_0238_S5_strategy2.npz,0-87,COLOR,COLOR,TP
continuous_0238_S5_strategy2.npz,87-177,DRINK,DRINK,TP
continuous_0238_S5_strategy2.npz,177-265,-,SURVIVAL,FP
continuous_0238_S5_strategy2.npz,265-354,-,CALENDAR,FP
continuous_0238_S5_strategy2.npz,354-444,-,FOOD,FP
continuous_0238_S5_strategy2.npz,444-621,-,RELATIONSHIPS,FP
continuous_0238_S5_strategy2.npz,621-798,DAYS,DAYS,TP
continuous_0238_S5_strategy2.npz,798-888,FAMILY,FAMILY,TP
continuous_0238_S5_strategy2.npz,253-381,SURVIVAL,-,FN
continuous_0238_S5_strategy2.npz,381-509,CALENDAR,-,FN
continuous_0238_S5_strategy2.npz,509-636,FOOD,-,FN
continuous_0239_S5_strategy2.npz,0-126,FOOD,FOOD,TP
continuous_0239_S5_strategy2.npz,126-190,GREETING,GREETING,TP
continuous_0239_S5_strategy2.npz,190-255,-,NUMBER,FP
continuous_0239_S5_strategy2.npz,255-382,RELATIONSHIPS,RELATIONSHIPS,TP
continuous_0239_S5_strategy2.npz,382-510,DAYS,RELATIONSHIPS,FP
continuous_0239_S5_strategy2.npz,510-702,DRINK,DRINK,TP
continuous_0239_S5_strategy2.npz,702-894,NUMBER,NUMBER,TP
continuous_0239_S5_strategy2.npz,764-891,CALENDAR,-,FN
continuous_0239_S5_strategy2.npz,382-509,DAYS,RELATIONSHIPS,FN
continuous_0240_S5_strategy2.npz,0-162,DAYS,DAYS,TP
continuous_0240_S5_strategy2.npz,162-324,DRINK,DRINK,TP
continuous_0240_S5_strategy2.npz,324-486,FOOD,FOOD,TP
continuous_0240_S5_strategy2.npz,486-648,RELATIONSHIPS,RELATIONSHIPS,TP
continuous_0240_S5_strategy2.npz,648-729,-,CALENDAR,FP
continuous_0240_S5_strategy2.npz,729-810,SURVIVAL,SURVIVAL,TP
continuous_0240_S5_strategy2.npz,810-892,FAMILY,FAMILY,TP
continuous_0240_S5_strategy2.npz,509-636,CALENDAR,-,FN
continuous_0241_S5_strategy2.npz,0-178,NUMBER,NUMBER,TP
continuous_0241_S5_strategy2.npz,178-268,FAMILY,FAMILY,TP
continuous_0241_S5_strategy2.npz,268-357,DRINK,DRINK,TP
continuous_0241_S5_strategy2.npz,357-447,DAYS,DAYS,TP
continuous_0241_S5_strategy2.npz,447-627,GREETING,DAYS,FP
continuous_0241_S5_strategy2.npz,627-717,RELATIONSHIPS,RELATIONSHIPS,TP
continuous_0241_S5_strategy2.npz,717-807,-,COLOR,FP
continuous_0241_S5_strategy2.npz,807-897,FOOD,FOOD,TP
continuous_0241_S5_strategy2.npz,508-637,GREETING,DAYS,FN
continuous_0242_S5_strategy2.npz,0-99,COLOR,COLOR,TP
continuous_0242_S5_strategy2.npz,99-297,CALENDAR,CALENDAR,TP
continuous_0242_S5_strategy2.npz,297-397,DRINK,DRINK,TP
continuous_0242_S5_strategy2.npz,397-597,FAMILY,GREETING,FP
continuous_0242_S5_strategy2.npz,597-696,SURVIVAL,SURVIVAL,TP
continuous_0242_S5_strategy2.npz,696-795,FOOD,FOOD,TP
continuous_0242_S5_strategy2.npz,795-895,NUMBER,NUMBER,TP
continuous_0242_S5_strategy2.npz,381-509,FAMILY,GREETING,FN
continuous_0243_S5_strategy2.npz,0-144,FOOD,FOOD,TP
continuous_0243_S5_strategy2.npz,144-289,DRINK,DRINK,TP
continuous_0243_S5_strategy2.npz,289-435,COLOR,COLOR,TP
continuous_0243_S5_strategy2.npz,435-506,CALENDAR,CALENDAR,TP
continuous_0243_S5_strategy2.npz,506-579,RELATIONSHIPS,RELATIONSHIPS,TP
continuous_0243_S5_strategy2.npz,579-651,-,FAMILY,FP
continuous_0243_S5_strategy2.npz,651-724,SURVIVAL,SURVIVAL,TP
continuous_0243_S5_strategy2.npz,724-796,-,RELATIONSHIPS,FP
continuous_0243_S5_strategy2.npz,796-870,NUMBER,NUMBER,TP
continuous_0244_S5_strategy2.npz,0-96,FAMILY,FAMILY,TP
continuous_0244_S5_strategy2.npz,96-192,SURVIVAL,SURVIVAL,TP
continuous_0244_S5_strategy2.npz,192-288,-,FOOD,FP
continuous_0244_S5_strategy2.npz,288-384,COLOR,COLOR,TP
continuous_0244_S5_strategy2.npz,384-480,NUMBER,NUMBER,TP
continuous_0244_S5_strategy2.npz,480-672,RELATIONSHIPS,RELATIONSHIPS,TP
continuous_0244_S5_strategy2.npz,672-768,DRINK,DRINK,TP
continuous_0245_S5_strategy2.npz,0-81,DRINK,DRINK,TP
continuous_0245_S5_strategy2.npz,81-162,-,NUMBER,FP
continuous_0245_S5_strategy2.npz,162-571,COLOR,COLOR,TP
continuous_0245_S5_strategy2.npz,571-735,SURVIVAL,SURVIVAL,TP
continuous_0245_S5_strategy2.npz,735-817,DAYS,DAYS,TP
continuous_0245_S5_strategy2.npz,817-900,FOOD,FOOD,TP
continuous_0245_S5_strategy2.npz,132-253,NUMBER,-,FN
continuous_0245_S5_strategy2.npz,381-515,CALENDAR,-,FN
continuous_0246_S5_strategy2.npz,0-87,FAMILY,FAMILY,TP
continuous_0246_S5_strategy2.npz,87-177,FOOD,FOOD,TP
continuous_0246_S5_strategy2.npz,177-265,-,CALENDAR,FP
continuous_0246_S5_strategy2.npz,265-354,-,CALENDAR,FP
continuous_0246_S5_strategy2.npz,354-442,DAYS,DAYS,TP
continuous_0246_S5_strategy2.npz,442-531,-,GREETING,FP
continuous_0246_S5_strategy2.npz,531-619,RELATIONSHIPS,RELATIONSHIPS,TP
continuous_0246_S5_strategy2.npz,619-798,NUMBER,NUMBER,TP
continuous_0246_S5_strategy2.npz,798-886,DRINK,DRINK,TP
continuous_0246_S5_strategy2.npz,253-381,CALENDAR,-,FN
continuous_0247_S5_strategy2.npz,0-97,DRINK,DRINK,TP
continuous_0247_S5_strategy2.npz,97-195,FAMILY,FAMILY,TP
continuous_0247_S5_strategy2.npz,195-294,-,COLOR,FP
continuous_0247_S5_strategy2.npz,294-391,-,RELATIONSHIPS,FP
continuous_0247_S5_strategy2.npz,391-489,-,NUMBER,FP
continuous_0247_S5_strategy2.npz,489-783,-,CALENDAR,FP
continuous_0247_S5_strategy2.npz,783-882,FOOD,FOOD,TP
continuous_0247_S5_strategy2.npz,252-373,COLOR,-,FN
continuous_0247_S5_strategy2.npz,373-498,RELATIONSHIPS,-,FN
continuous_0247_S5_strategy2.npz,498-625,DAYS,-,FN
continuous_0247_S5_strategy2.npz,625-752,CALENDAR,-,FN
continuous_0248_S5_strategy2.npz,0-160,RELATIONSHIPS,RELATIONSHIPS,TP
continuous_0248_S5_strategy2.npz,160-402,CALENDAR,CALENDAR,TP
continuous_0248_S5_strategy2.npz,402-483,-,NUMBER,FP
continuous_0248_S5_strategy2.npz,483-564,FAMILY,FAMILY,TP
continuous_0248_S5_strategy2.npz,564-726,GREETING,GREETING,TP
continuous_0248_S5_strategy2.npz,726-807,DAYS,DAYS,TP
continuous_0248_S5_strategy2.npz,807-888,SURVIVAL,SURVIVAL,TP
continuous_0248_S5_strategy2.npz,254-379,NUMBER,-,FN
continuous_0249_S5_strategy2.npz,0-94,COLOR,COLOR,TP
continuous_0249_S5_strategy2.npz,94-189,DRINK,DRINK,TP
continuous_0249_S5_strategy2.npz,189-285,-,NUMBER,FP
continuous_0249_S5_strategy2.npz,285-475,GREETING,GREETING,TP
continuous_0249_S5_strategy2.npz,475-570,DAYS,DAYS,TP
continuous_0249_S5_strategy2.npz,570-666,CALENDAR,CALENDAR,TP
continuous_0249_S5_strategy2.npz,666-762,FAMILY,FAMILY,TP
continuous_0250_S5_strategy2.npz,0-90,FOOD,FOOD,TP
continuous_0250_S5_strategy2.npz,90-270,SURVIVAL,SURVIVAL,TP
continuous_0250_S5_strategy2.npz,270-360,NUMBER,NUMBER,TP
continuous_0250_S5_strategy2.npz,360-540,DAYS,DRINK,FP
continuous_0250_S5_strategy2.npz,540-631,GREETING,GREETING,TP
continuous_0250_S5_strategy2.npz,631-811,CALENDAR,CALENDAR,TP
continuous_0250_S5_strategy2.npz,811-903,RELATIONSHIPS,RELATIONSHIPS,TP
continuous_0250_S5_strategy2.npz,383-510,DAYS,DRINK,FN
continuous_0251_S5_strategy2.npz,0-151,COLOR,COLOR,TP
continuous_0251_S5_strategy2.npz,151-228,RELATIONSHIPS,RELATIONSHIPS,TP
continuous_0251_S5_strategy2.npz,228-304,-,DAYS,FP
continuous_0251_S5_strategy2.npz,304-457,DRINK,DRINK,TP
continuous_0251_S5_strategy2.npz,457-610,FAMILY,FAMILY,TP
continuous_0251_S5_strategy2.npz,610-687,CALENDAR,CALENDAR,TP
continuous_0251_S5_strategy2.npz,687-763,NUMBER,NUMBER,TP
continuous_0252_S5_strategy2.npz,0-76,COLOR,COLOR,TP
continuous_0252_S5_strategy2.npz,76-153,-,SURVIVAL,FP
continuous_0252_S5_strategy2.npz,153-231,RELATIONSHIPS,RELATIONSHIPS,TP
continuous_0252_S5_strategy2.npz,231-387,-,FAMILY,FP
continuous_0252_S5_strategy2.npz,387-463,-,FOOD,FP
continuous_0252_S5_strategy2.npz,463-618,SURVIVAL,SURVIVAL,TP
continuous_0252_S5_strategy2.npz,618-696,NUMBER,NUMBER,TP
continuous_0252_S5_strategy2.npz,696-774,GREETING,GREETING,TP
continuous_0252_S5_strategy2.npz,254-375,FOOD,-,FN
continuous_0253_S5_strategy2.npz,0-90,-,GREETING,FP
continuous_0253_S5_strategy2.npz,90-180,-,DRINK,FP
continuous_0253_S5_strategy2.npz,180-270,RELATIONSHIPS,RELATIONSHIPS,TP
continuous_0253_S5_strategy2.npz,270-450,DRINK,DRINK,TP
continuous_0253_S5_strategy2.npz,450-540,NUMBER,NUMBER,TP
continuous_0253_S5_strategy2.npz,540-630,-,NUMBER,FP
continuous_0253_S5_strategy2.npz,630-720,DAYS,DAYS,TP
continuous_0253_S5_strategy2.npz,720-810,FAMILY,FAMILY,TP
continuous_0253_S5_strategy2.npz,810-900,FOOD,RELATIONSHIPS,FP
continuous_0253_S5_strategy2.npz,0-133,GREETING,-,FN
continuous_0253_S5_strategy2.npz,768-896,FOOD,RELATIONSHIPS,FN
continuous_0254_S5_strategy2.npz,0-99,GREETING,GREETING,TP
continuous_0254_S5_strategy2.npz,99-300,FOOD,FOOD,TP
continuous_0254_S5_strategy2.npz,300-400,NUMBER,NUMBER,TP
continuous_0254_S5_strategy2.npz,400-501,DAYS,DAYS,TP
continuous_0254_S5_strategy2.npz,501-702,FAMILY,FAMILY,TP
continuous_0254_S5_strategy2.npz,702-801,RELATIONSHIPS,RELATIONSHIPS,TP
continuous_0254_S5_strategy2.npz,801-903,COLOR,COLOR,TP
continuous_0255_S5_strategy2.npz,0-151,CALENDAR,CALENDAR,TP
continuous_0255_S5_strategy2.npz,151-304,FOOD,FOOD,TP
continuous_0255_S5_strategy2.npz,304-381,GREETING,GREETING,TP
continuous_0255_S5_strategy2.npz,381-457,-,GREETING,FP
continuous_0255_S5_strategy2.npz,457-610,SURVIVAL,SURVIVAL,TP
continuous_0255_S5_strategy2.npz,610-687,NUMBER,NUMBER,TP
continuous_0255_S5_strategy2.npz,687-763,RELATIONSHIPS,RELATIONSHIPS,TP
continuous_0256_S5_strategy2.npz,0-178,CALENDAR,CALENDAR,TP
continuous_0256_S5_strategy2.npz,178-268,GREETING,GREETING,TP
continuous_0256_S5_strategy2.npz,268-448,FAMILY,FAMILY,TP
continuous_0256_S5_strategy2.npz,448-628,DAYS,DAYS,TP
continuous_0256_S5_strategy2.npz,628-718,NUMBER,NUMBER,TP
continuous_0256_S5_strategy2.npz,718-808,FOOD,FOOD,TP
continuous_0256_S5_strategy2.npz,808-898,COLOR,COLOR,TP
continuous_0257_S5_strategy2.npz,0-186,RELATIONSHIPS,RELATIONSHIPS,TP
continuous_0257_S5_strategy2.npz,186-280,DAYS,DAYS,TP
continuous_0257_S5_strategy2.npz,280-375,-,NUMBER,FP
continuous_0257_S5_strategy2.npz,375-468,-,FAMILY,FP
continuous_0257_S5_strategy2.npz,468-561,FOOD,FOOD,TP
continuous_0257_S5_strategy2.npz,561-655,GREETING,GREETING,TP
continuous_0257_S5_strategy2.npz,655-750,SURVIVAL,SURVIVAL,TP
continuous_0257_S5_strategy2.npz,250-370,FAMILY,-,FN
continuous_0258_S5_strategy2.npz,0-111,DRINK,DRINK,TP
continuous_0258_S5_strategy2.npz,111-225,CALENDAR,CALENDAR,TP
continuous_0258_S5_strategy2.npz,225-337,DAYS,DAYS,TP
continuous_0258_S5_strategy2.npz,337-450,FAMILY,COLOR,FP
continuous_0258_S5_strategy2.npz,450-676,GREETING,GREETING,TP
continuous_0258_S5_strategy2.npz,676-789,SURVIVAL,SURVIVAL,TP
continuous_0258_S5_strategy2.npz,789-903,NUMBER,NUMBER,TP
continuous_0258_S5_strategy2.npz,381-507,FAMILY,COLOR,FN
continuous_0259_S5_strategy2.npz,0-160,FOOD,FOOD,TP
continuous_0259_S5_strategy2.npz,160-241,CALENDAR,CALENDAR,TP
continuous_0259_S5_strategy2.npz,241-322,-,COLOR,FP
continuous_0259_S5_strategy2.npz,322-484,SURVIVAL,SURVIVAL,TP
continuous_0259_S5_strategy2.npz,484-565,NUMBER,NUMBER,TP
continuous_0259_S5_strategy2.npz,565-727,DRINK,DRINK,TP
continuous_0259_S5_strategy2.npz,727-808,COLOR,COLOR,TP
continuous_0259_S5_strategy2.npz,808-889,DAYS,COLOR,FP
continuous_0259_S5_strategy2.npz,762-886,DAYS,COLOR,FN
continuous_0260_S5_strategy2.npz,0-81,COLOR,COLOR,TP
continuous_0260_S5_strategy2.npz,81-243,NUMBER,NUMBER,TP
continuous_0260_S5_strategy2.npz,243-405,FAMILY,FAMILY,TP
continuous_0260_S5_strategy2.npz,405-486,CALENDAR,CALENDAR,TP
continuous_0260_S5_strategy2.npz,486-567,DRINK,DRINK,TP
continuous_0260_S5_strategy2.npz,567-648,-,RELATIONSHIPS,FP
continuous_0260_S5_strategy2.npz,648-729,SURVIVAL,SURVIVAL,TP
continuous_0260_S5_strategy2.npz,729-810,-,GREETING,FP
continuous_0260_S5_strategy2.npz,810-892,FOOD,FOOD,TP
continuous_0261_S5_strategy2.npz,0-76,FAMILY,FAMILY,TP
continuous_0261_S5_strategy2.npz,76-231,COLOR,COLOR,TP
continuous_0261_S5_strategy2.npz,231-307,GREETING,GREETING,TP
continuous_0261_S5_strategy2.npz,307-384,-,FOOD,FP
continuous_0261_S5_strategy2.npz,384-538,DRINK,DRINK,TP
continuous_0261_S5_strategy2.npz,538-693,CALENDAR,CALENDAR,TP
continuous_0261_S5_strategy2.npz,693-769,FOOD,FOOD,TP
continuous_0261_S5_strategy2.npz,769-846,-,DRINK,FP
continuous_0261_S5_strategy2.npz,846-924,NUMBER,NUMBER,TP
continuous_0262_S5_strategy2.npz,0-270,NUMBER,NUMBER,TP
continuous_0262_S5_strategy2.npz,270-360,-,GREETING,FP
continuous_0262_S5_strategy2.npz,360-540,DAYS,DAYS,TP
continuous_0262_S5_strategy2.npz,540-630,-,COLOR,FP
continuous_0262_S5_strategy2.npz,630-720,SURVIVAL,SURVIVAL,TP
continuous_0262_S5_strategy2.npz,720-810,-,FAMILY,FP
continuous_0262_S5_strategy2.npz,810-900,FOOD,FOOD,TP
continuous_0262_S5_strategy2.npz,127-264,GREETING,-,FN
continuous_0262_S5_strategy2.npz,391-519,COLOR,-,FN
continuous_0262_S5_strategy2.npz,642-769,FAMILY,-,FN
continuous_0263_S5_strategy2.npz,0-96,FOOD,FOOD,TP
continuous_0263_S5_strategy2.npz,96-192,DRINK,DRINK,TP
continuous_0263_S5_strategy2.npz,192-385,NUMBER,NUMBER,TP
continuous_0263_S5_strategy2.npz,385-579,CALENDAR,CALENDAR,TP
continuous_0263_S5_strategy2.npz,579-675,SURVIVAL,SURVIVAL,TP
continuous_0263_S5_strategy2.npz,675-772,DAYS,DAYS,TP
continuous_0264_S5_strategy2.npz,0-94,DRINK,DRINK,TP
continuous_0264_S5_strategy2.npz,94-189,FAMILY,FAMILY,TP
continuous_0264_S5_strategy2.npz,189-285,-,DAYS,FP
continuous_0264_S5_strategy2.npz,285-475,NUMBER,COLOR,FP
continuous_0264_S5_strategy2.npz,475-570,GREETING,GREETING,TP
continuous_0264_S5_strategy2.npz,570-666,-,COLOR,FP
continuous_0264_S5_strategy2.npz,666-762,RELATIONSHIPS,RELATIONSHIPS,TP
continuous_0264_S5_strategy2.npz,253-377,DAYS,-,FN
continuous_0264_S5_strategy2.npz,377-506,NUMBER,COLOR,FN
continuous_0265_S5_strategy2.npz,0-190,GREETING,GREETING,TP
continuous_0265_S5_strategy2.npz,190-381,NUMBER,NUMBER,TP
continuous_0265_S5_strategy2.npz,381-445,-,RELATIONSHIPS,FP
continuous_0265_S5_strategy2.npz,445-510,SURVIVAL,SURVIVAL,TP
continuous_0265_S5_strategy2.npz,510-573,-,SURVIVAL,FP
continuous_0265_S5_strategy2.npz,573-636,DRINK,DRINK,TP
continuous_0265_S5_strategy2.npz,636-700,-,DRINK,FP
continuous_0265_S5_strategy2.npz,700-828,CALENDAR,CALENDAR,TP
continuous_0265_S5_strategy2.npz,828-892,COLOR,COLOR,TP
continuous_0265_S5_strategy2.npz,252-379,RELATIONSHIPS,-,FN
continuous_0266_S5_strategy2.npz,0-75,DRINK,DRINK,TP
continuous_0266_S5_strategy2.npz,75-151,-,FOOD,FP
continuous_0266_S5_strategy2.npz,151-304,DAYS,DAYS,TP
continuous_0266_S5_strategy2.npz,304-456,NUMBER,NUMBER,TP
continuous_0266_S5_strategy2.npz,456-534,SURVIVAL,SURVIVAL,TP
continuous_0266_S5_strategy2.npz,534-685,CALENDAR,CALENDAR,TP
continuous_0266_S5_strategy2.npz,685-762,FOOD,FOOD,TP
continuous_0267_S5_strategy2.npz,0-93,FOOD,FOOD,TP
continuous_0267_S5_strategy2.npz,93-283,DRINK,DRINK,TP
continuous_0267_S5_strategy2.npz,283-378,NUMBER,NUMBER,TP
continuous_0267_S5_strategy2.npz,378-567,RELATIONSHIPS,RELATIONSHIPS,TP
continuous_0267_S5_strategy2.npz,567-663,CALENDAR,CALENDAR,TP
continuous_0267_S5_strategy2.npz,663-757,DAYS,DAYS,TP
continuous_0268_S5_strategy2.npz,0-93,COLOR,COLOR,TP
continuous_0268_S5_strategy2.npz,93-282,RELATIONSHIPS,RELATIONSHIPS,TP
continuous_0268_S5_strategy2.npz,282-469,NUMBER,NUMBER,TP
continuous_0268_S5_strategy2.npz,469-564,SURVIVAL,SURVIVAL,TP
continuous_0268_S5_strategy2.npz,564-657,DRINK,DRINK,TP
continuous_0268_S5_strategy2.npz,657-751,DAYS,DAYS,TP
continuous_0269_S5_strategy2.npz,0-78,DAYS,DAYS,TP
continuous_0269_S5_strategy2.npz,78-156,-,COLOR,FP
continuous_0269_S5_strategy2.npz,156-235,SURVIVAL,SURVIVAL,TP
continuous_0269_S5_strategy2.npz,235-315,NUMBER,NUMBER,TP
continuous_0269_S5_strategy2.npz,315-393,-,DRINK,FP
continuous_0269_S5_strategy2.npz,393-472,DRINK,DRINK,TP
continuous_0269_S5_strategy2.npz,472-552,-,COLOR,FP
continuous_0269_S5_strategy2.npz,552-630,FAMILY,FAMILY,TP
continuous_0269_S5_strategy2.npz,630-709,FOOD,FOOD,TP
continuous_0269_S5_strategy2.npz,709-789,-,COLOR,FP
continuous_0269_S5_strategy2.npz,789-867,RELATIONSHIPS,RELATIONSHIPS,TP
continuous_0270_S5_strategy2.npz,0-73,DRINK,DRINK,TP
continuous_0270_S5_strategy2.npz,73-147,-,DRINK,FP
continuous_0270_S5_strategy2.npz,147-222,DAYS,DAYS,TP
continuous_0270_S5_strategy2.npz,222-295,-,NUMBER,FP
continuous_0270_S5_strategy2.npz,295-369,FAMILY,FAMILY,TP
continuous_0270_S5_strategy2.npz,369-444,-,RELATIONSHIPS,FP
continuous_0270_S5_strategy2.npz,444-517,GREETING,GREETING,TP
continuous_0270_S5_strategy2.npz,517-591,-,SURVIVAL,FP
continuous_0270_S5_strategy2.npz,591-739,SURVIVAL,SURVIVAL,TP
continuous_0270_S5_strategy2.npz,739-813,NUMBER,NUMBER,TP
continuous_0270_S5_strategy2.npz,813-888,-,FOOD,FP
continuous_0270_S5_strategy2.npz,757-885,FOOD,-,FN
continuous_0271_S5_strategy2.npz,0-132,DRINK,DRINK,TP
continuous_0271_S5_strategy2.npz,132-198,FOOD,FOOD,TP
continuous_0271_S5_strategy2.npz,198-264,-,NUMBER,FP
continuous_0271_S5_strategy2.npz,264-397,SURVIVAL,SURVIVAL,TP
continuous_0271_S5_strategy2.npz,397-463,CALENDAR,CALENDAR,TP
continuous_0271_S5_strategy2.npz,463-531,GREETING,GREETING,TP
continuous_0271_S5_strategy2.npz,531-597,-,FOOD,FP
continuous_0271_S5_strategy2.npz,597-663,-,NUMBER,FP
continuous_0271_S5_strategy2.npz,663-795,DAYS,DAYS,TP
continuous_0271_S5_strategy2.npz,795-862,COLOR,COLOR,TP
continuous_0272_S5_strategy2.npz,0-147,DAYS,DAYS,TP
continuous_0272_S5_strategy2.npz,147-220,FOOD,FOOD,TP
continuous_0272_S5_strategy2.npz,220-369,DRINK,DRINK,TP
continuous_0272_S5_strategy2.npz,369-516,NUMBER,NUMBER,TP
continuous_0272_S5_strategy2.npz,516-663,FAMILY,FAMILY,TP
continuous_0272_S5_strategy2.npz,663-738,COLOR,COLOR,TP
continuous_0272_S5_strategy2.npz,738-811,-,CALENDAR,FP
continuous_0272_S5_strategy2.npz,811-885,CALENDAR,CALENDAR,TP
continuous_0273_S5_strategy2.npz,0-151,SURVIVAL,SURVIVAL,TP
continuous_0273_S5_strategy2.npz,151-228,GREETING,GREETING,TP
continuous_0273_S5_strategy2.npz,228-304,-,FOOD,FP
continuous_0273_S5_strategy2.npz,304-381,COLOR,COLOR,TP
continuous_0273_S5_strategy2.npz,381-534,RELATIONSHIPS,RELATIONSHIPS,TP
continuous_0273_S5_strategy2.npz,534-687,CALENDAR,CALENDAR,TP
continuous_0273_S5_strategy2.npz,687-763,FAMILY,FAMILY,TP
continuous_0274_S5_strategy2.npz,0-75,FOOD,FOOD,TP
continuous_0274_S5_strategy2.npz,75-151,-,DAYS,FP
continuous_0274_S5_strategy2.npz,151-303,DAYS,DAYS,TP
continuous_0274_S5_strategy2.npz,303-379,GREETING,GREETING,TP
continuous_0274_S5_strategy2.npz,379-456,COLOR,COLOR,TP
continuous_0274_S5_strategy2.npz,456-531,-,FOOD,FP
continuous_0274_S5_strategy2.npz,531-684,SURVIVAL,SURVIVAL,TP
continuous_0274_S5_strategy2.npz,684-760,NUMBER,NUMBER,TP
continuous_0275_S5_strategy2.npz,0-84,NUMBER,NUMBER,TP
continuous_0275_S5_strategy2.npz,84-252,CALENDAR,CALENDAR,TP
continuous_0275_S5_strategy2.npz,252-336,GREETING,GREETING,TP
continuous_0275_S5_strategy2.npz,336-504,DRINK,DRINK,TP
continuous_0275_S5_strategy2.npz,504-672,SURVIVAL,SURVIVAL,TP
continuous_0275_S5_strategy2.npz,672-756,FAMILY,FAMILY,TP
continuous_0276_S5_strategy2.npz,0-94,COLOR,COLOR,TP
continuous_0276_S5_strategy2.npz,94-189,FOOD,FOOD,TP
continuous_0276_S5_strategy2.npz,189-285,-,COLOR,FP
continuous_0276_S5_strategy2.npz,285-379,DAYS,DAYS,TP
continuous_0276_S5_strategy2.npz,379-474,FAMILY,FAMILY,TP
continuous_0276_S5_strategy2.npz,474-570,CALENDAR,CALENDAR,TP
continuous_0276_S5_strategy2.npz,570-664,-,DRINK,FP
continuous_0276_S5_strategy2.npz,664-760,NUMBER,NUMBER,TP
continuous_0277_S5_strategy2.npz,0-97,NUMBER,NUMBER,TP
continuous_0277_S5_strategy2.npz,97-196,COLOR,COLOR,TP
continuous_0277_S5_strategy2.npz,196-295,SURVIVAL,SURVIVAL,TP
continuous_0277_S5_strategy2.npz,295-394,-,FOOD,FP
continuous_0277_S5_strategy2.npz,394-492,-,RELATIONSHIPS,FP
continuous_0277_S5_strategy2.npz,492-591,RELATIONSHIPS,RELATIONSHIPS,TP
continuous_0277_S5_strategy2.npz,591-690,-,SURVIVAL,FP
continuous_0277_S5_strategy2.npz,690-789,DAYS,DAYS,TP
continuous_0277_S5_strategy2.npz,789-888,DRINK,DRINK,TP
continuous_0277_S5_strategy2.npz,382-509,FOOD,-,FN
continuous_0278_S5_strategy2.npz,0-156,CALENDAR,CALENDAR,TP
continuous_0278_S5_strategy2.npz,156-235,NUMBER,NUMBER,TP
continuous_0278_S5_strategy2.npz,235-393,FAMILY,FAMILY,TP
continuous_0278_S5_strategy2.npz,393-472,DRINK,DRINK,TP
continuous_0278_S5_strategy2.npz,472-630,RELATIONSHIPS,RELATIONSHIPS,TP
continuous_0278_S5_strategy2.npz,630-789,SURVIVAL,SURVIVAL,TP
continuous_0278_S5_strategy2.npz,789-867,DAYS,DAYS,TP
continuous_0279_S5_strategy2.npz,0-84,SURVIVAL,SURVIVAL,TP
continuous_0279_S5_strategy2.npz,84-169,DRINK,DRINK,TP
continuous_0279_S5_strategy2.npz,169-339,NUMBER,NUMBER,TP
continuous_0279_S5_strategy2.npz,339-510,CALENDAR,CALENDAR,TP
continuous_0279_S5_strategy2.npz,510-594,DAYS,DAYS,TP
continuous_0279_S5_strategy2.npz,594-679,-,RELATIONSHIPS,FP
continuous_0279_S5_strategy2.npz,679-765,COLOR,SURVIVAL,FP
continuous_0279_S5_strategy2.npz,635-763,COLOR,SURVIVAL,FN
continuous_0280_S5_strategy2.npz,0-147,FOOD,FOOD,TP
continuous_0280_S5_strategy2.npz,147-297,DAYS,DAYS,TP
continuous_0280_S5_strategy2.npz,297-372,COLOR,COLOR,TP
continuous_0280_S5_strategy2.npz,372-594,DRINK,DRINK,TP
continuous_0280_S5_strategy2.npz,594-669,SURVIVAL,SURVIVAL,TP
continuous_0280_S5_strategy2.npz,669-817,GREETING,GREETING,TP
continuous_0280_S5_strategy2.npz,817-892,FAMILY,FAMILY,TP
continuous_0281_S5_strategy2.npz,0-160,GREETING,GREETING,TP
continuous_0281_S5_strategy2.npz,160-240,RELATIONSHIPS,RELATIONSHIPS,TP
continuous_0281_S5_strategy2.npz,240-402,DRINK,DRINK,TP
continuous_0281_S5_strategy2.npz,402-483,SURVIVAL,SURVIVAL,TP
continuous_0281_S5_strategy2.npz,483-643,COLOR,COLOR,TP
continuous_0281_S5_strategy2.npz,643-804,NUMBER,NUMBER,TP
continuous_0281_S5_strategy2.npz,804-885,FOOD,FOOD,TP
continuous_0282_S5_strategy2.npz,0-90,SURVIVAL,SURVIVAL,TP
continuous_0282_S5_strategy2.npz,90-271,RELATIONSHIPS,RELATIONSHIPS,TP
continuous_0282_S5_strategy2.npz,271-363,CALENDAR,CALENDAR,TP
continuous_0282_S5_strategy2.npz,363-453,FAMILY,FAMILY,TP
continuous_0282_S5_strategy2.npz,453-544,-,FAMILY,FP
continuous_0282_S5_strategy2.npz,544-636,DRINK,DRINK,TP
continuous_0282_S5_strategy2.npz,636-817,FOOD,FOOD,TP
continuous_0282_S5_strategy2.npz,817-909,-,GREETING,FP
continuous_0282_S5_strategy2.npz,767-905,GREETING,-,FN
continuous_0283_S5_strategy2.npz,0-94,GREETING,GREETING,TP
continuous_0283_S5_strategy2.npz,94-190,DRINK,GREETING,FP
continuous_0283_S5_strategy2.npz,190-382,SURVIVAL,SURVIVAL,TP
continuous_0283_S5_strategy2.npz,382-477,CALENDAR,CALENDAR,TP
continuous_0283_S5_strategy2.npz,477-573,RELATIONSHIPS,RELATIONSHIPS,TP
continuous_0283_S5_strategy2.npz,573-669,-,FAMILY,FP
continuous_0283_S5_strategy2.npz,669-765,NUMBER,NUMBER,TP
continuous_0283_S5_strategy2.npz,131-260,DRINK,GREETING,FN
continuous_0284_S5_strategy2.npz,0-199,FOOD,FOOD,TP
continuous_0284_S5_strategy2.npz,199-300,GREETING,GREETING,TP
continuous_0284_S5_strategy2.npz,300-400,CALENDAR,CALENDAR,TP
continuous_0284_S5_strategy2.npz,400-601,COLOR,COLOR,TP
continuous_0284_S5_strategy2.npz,601-702,DRINK,DRINK,TP
continuous_0284_S5_strategy2.npz,702-802,DAYS,DAYS,TP
continuous_0284_S5_strategy2.npz,802-903,NUMBER,NUMBER,TP
continuous_0285_S5_strategy2.npz,0-171,DRINK,DRINK,TP
continuous_0285_S5_strategy2.npz,171-343,CALENDAR,CALENDAR,TP
continuous_0285_S5_strategy2.npz,343-429,FAMILY,FAMILY,TP
continuous_0285_S5_strategy2.npz,429-516,RELATIONSHIPS,RELATIONSHIPS,TP
continuous_0285_S5_strategy2.npz,516-601,GREETING,RELATIONSHIPS,FP
continuous_0285_S5_strategy2.npz,601-687,-,DRINK,FP
continuous_0285_S5_strategy2.npz,687-774,COLOR,COLOR,TP
continuous_0285_S5_strategy2.npz,511-644,GREETING,RELATIONSHIPS,FN
continuous_0286_S5_strategy2.npz,0-153,DRINK,DRINK,TP
continuous_0286_S5_strategy2.npz,153-309,CALENDAR,CALENDAR,TP
continuous_0286_S5_strategy2.npz,309-463,COLOR,COLOR,TP
continuous_0286_S5_strategy2.npz,463-540,SURVIVAL,SURVIVAL,TP
continuous_0286_S5_strategy2.npz,540-618,-,DAYS,FP
continuous_0286_S5_strategy2.npz,618-696,FOOD,FOOD,TP
continuous_0286_S5_strategy2.npz,696-774,NUMBER,NUMBER,TP
continuous_0287_S5_strategy2.npz,0-84,DAYS,DAYS,TP
continuous_0287_S5_strategy2.npz,84-256,NUMBER,DRINK,FP
continuous_0287_S5_strategy2.npz,256-342,RELATIONSHIPS,RELATIONSHIPS,TP
continuous_0287_S5_strategy2.npz,342-427,-,COLOR,FP
continuous_0287_S5_strategy2.npz,427-513,FOOD,FOOD,TP
continuous_0287_S5_strategy2.npz,513-598,CALENDAR,CALENDAR,TP
continuous_0287_S5_strategy2.npz,598-684,-,FAMILY,FP
continuous_0287_S5_strategy2.npz,684-771,FAMILY,FAMILY,TP
continuous_0287_S5_strategy2.npz,127-254,NUMBER,DRINK,FN
continuous_0288_S5_strategy2.npz,0-73,RELATIONSHIPS,RELATIONSHIPS,TP
continuous_0288_S5_strategy2.npz,73-147,-,RELATIONSHIPS,FP
continuous_0288_S5_strategy2.npz,147-222,DAYS,DAYS,TP
continuous_0288_S5_strategy2.npz,222-369,SURVIVAL,DAYS,FP
continuous_0288_S5_strategy2.npz,369-444,FAMILY,FAMILY,TP
continuous_0288_S5_strategy2.npz,444-591,CALENDAR,CALENDAR,TP
continuous_0288_S5_strategy2.npz,591-666,-,RELATIONSHIPS,FP
continuous_0288_S5_strategy2.npz,666-739,GREETING,GREETING,TP
continuous_0288_S5_strategy2.npz,739-813,-,DRINK,FP
continuous_0288_S5_strategy2.npz,813-888,FOOD,FOOD,TP
continuous_0288_S5_strategy2.npz,254-383,SURVIVAL,DAYS,FN
continuous_0289_S5_strategy2.npz,0-138,FOOD,FOOD,TP
continuous_0289_S5_strategy2.npz,138-276,FAMILY,FAMILY,TP
continuous_0289_S5_strategy2.npz,276-345,RELATIONSHIPS,RELATIONSHIPS,TP
continuous_0289_S5_strategy2.npz,345-415,-,DRINK,FP
continuous_0289_S5_strategy2.npz,415-553,SURVIVAL,SURVIVAL,TP
continuous_0289_S5_strategy2.npz,553-693,DRINK,DRINK,TP
continuous_0289_S5_strategy2.npz,693-762,GREETING,GREETING,TP
continuous_0290_S5_strategy2.npz,0-72,CALENDAR,CALENDAR,TP
continuous_0290_S5_strategy2.npz,72-145,-,CALENDAR,FP
continuous_0290_S5_strategy2.npz,145-219,GREETING,GREETING,TP
continuous_0290_S5_strategy2.npz,219-364,-,RELATIONSHIPS,FP
continuous_0290_S5_strategy2.npz,364-510,NUMBER,NUMBER,TP
continuous_0290_S5_strategy2.npz,510-657,COLOR,COLOR,TP
continuous_0290_S5_strategy2.npz,657-729,-,FAMILY,FP
continuous_0290_S5_strategy2.npz,729-804,FOOD,FOOD,TP
continuous_0290_S5_strategy2.npz,558-679,FAMILY,-,FN
continuous_0291_S5_strategy2.npz,0-126,SURVIVAL,SURVIVAL,TP
continuous_0291_S5_strategy2.npz,126-316,FAMILY,FAMILY,TP
continuous_0291_S5_strategy2.npz,316-444,NUMBER,NUMBER,TP
continuous_0291_S5_strategy2.npz,444-507,GREETING,GREETING,TP
continuous_0291_S5_strategy2.npz,507-570,-,COLOR,FP
continuous_0291_S5_strategy2.npz,570-697,RELATIONSHIPS,RELATIONSHIPS,TP
continuous_0291_S5_strategy2.npz,697-762,FOOD,FOOD,TP
continuous_0292_S5_strategy2.npz,0-150,DAYS,DAYS,TP
continuous_0292_S5_strategy2.npz,150-301,CALENDAR,CALENDAR,TP
continuous_0292_S5_strategy2.npz,301-376,RELATIONSHIPS,RELATIONSHIPS,TP
continuous_0292_S5_strategy2.npz,376-453,NUMBER,NUMBER,TP
continuous_0292_S5_strategy2.npz,453-528,-,DRINK,FP
continuous_0292_S5_strategy2.npz,528-603,DRINK,DRINK,TP
continuous_0292_S5_strategy2.npz,603-678,-,DRINK,FP
continuous_0292_S5_strategy2.npz,678-754,SURVIVAL,SURVIVAL,TP
continuous_0293_S5_strategy2.npz,0-97,SURVIVAL,SURVIVAL,TP
continuous_0293_S5_strategy2.npz,97-294,CALENDAR,CALENDAR,TP
continuous_0293_S5_strategy2.npz,294-391,DAYS,DAYS,TP
continuous_0293_S5_strategy2.npz,391-490,COLOR,COLOR,TP
continuous_0293_S5_strategy2.npz,490-588,DRINK,DRINK,TP
continuous_0293_S5_strategy2.npz,588-687,-,DRINK,FP
continuous_0293_S5_strategy2.npz,687-784,NUMBER,NUMBER,TP
continuous_0293_S5_strategy2.npz,784-883,RELATIONSHIPS,RELATIONSHIPS,TP
continuous_0294_S5_strategy2.npz,0-162,GREETING,GREETING,TP
continuous_0294_S5_strategy2.npz,162-243,FOOD,FOOD,TP
continuous_0294_S5_strategy2.npz,243-324,-,DAYS,FP
continuous_0294_S5_strategy2.npz,324-405,-,DAYS,FP
continuous_0294_S5_strategy2.npz,405-486,RELATIONSHIPS,RELATIONSHIPS,TP
continuous_0294_S5_strategy2.npz,486-567,FAMILY,FAMILY,TP
continuous_0294_S5_strategy2.npz,567-648,-,COLOR,FP
continuous_0294_S5_strategy2.npz,648-729,CALENDAR,CALENDAR,TP
continuous_0294_S5_strategy2.npz,729-810,-,CALENDAR,FP
continuous_0294_S5_strategy2.npz,810-891,COLOR,COLOR,TP
continuous_0294_S5_strategy2.npz,252-380,DAYS,-,FN
continuous_0295_S5_strategy2.npz,0-97,DRINK,DRINK,TP
continuous_0295_S5_strategy2.npz,97-195,-,DRINK,FP
continuous_0295_S5_strategy2.npz,195-294,RELATIONSHIPS,RELATIONSHIPS,TP
continuous_0295_S5_strategy2.npz,294-393,DAYS,DAYS,TP
continuous_0295_S5_strategy2.npz,393-490,NUMBER,NUMBER,TP
continuous_0295_S5_strategy2.npz,490-588,GREETING,GREETING,TP
continuous_0295_S5_strategy2.npz,588-687,-,RELATIONSHIPS,FP
continuous_0295_S5_strategy2.npz,687-786,SURVIVAL,SURVIVAL,TP
continuous_0296_S5_strategy2.npz,0-177,FOOD,FOOD,TP
continuous_0296_S5_strategy2.npz,177-265,NUMBER,NUMBER,TP
continuous_0296_S5_strategy2.npz,265-444,RELATIONSHIPS,RELATIONSHIPS,TP
continuous_0296_S5_strategy2.npz,444-532,SURVIVAL,SURVIVAL,TP
continuous_0296_S5_strategy2.npz,532-711,DAYS,DAYS,TP
continuous_0296_S5_strategy2.npz,711-799,CALENDAR,CALENDAR,TP
continuous_0296_S5_strategy2.npz,799-888,COLOR,COLOR,TP
continuous_0297_S5_strategy2.npz,0-67,CALENDAR,CALENDAR,TP
continuous_0297_S5_strategy2.npz,67-136,-,COLOR,FP
continuous_0297_S5_strategy2.npz,136-205,FAMILY,FAMILY,TP
continuous_0297_S5_strategy2.npz,205-274,-,COLOR,FP
continuous_0297_S5_strategy2.npz,274-412,DRINK,DRINK,TP
continuous_0297_S5_strategy2.npz,412-480,NUMBER,NUMBER,TP
continuous_0297_S5_strategy2.npz,480-549,-,SURVIVAL,FP
continuous_0297_S5_strategy2.npz,549-687,SURVIVAL,SURVIVAL,TP
continuous_0297_S5_strategy2.npz,687-825,COLOR,COLOR,TP
continuous_0297_S5_strategy2.npz,825-894,DAYS,DAYS,TP
continuous_0298_S5_strategy2.npz,0-63,RELATIONSHIPS,RELATIONSHIPS,TP
continuous_0298_S5_strategy2.npz,63-126,-,FOOD,FP
continuous_0298_S5_strategy2.npz,126-318,CALENDAR,CALENDAR,TP
continuous_0298_S5_strategy2.npz,318-447,FAMILY,FAMILY,TP
continuous_0298_S5_strategy2.npz,447-573,FOOD,FOOD,TP
continuous_0298_S5_strategy2.npz,573-702,NUMBER,NUMBER,TP
continuous_0298_S5_strategy2.npz,702-829,DAYS,DAYS,TP
continuous_0298_S5_strategy2.npz,829-894,-,SURVIVAL,FP
continuous_0298_S5_strategy2.npz,762-890,SURVIVAL,-,FN
continuous_0299_S5_strategy2.npz,0-195,COLOR,COLOR,TP
continuous_0299_S5_strategy2.npz,195-292,DRINK,DRINK,TP
continuous_0299_S5_strategy2.npz,292-390,FOOD,FOOD,TP
continuous_0299_S5_strategy2.npz,390-487,FAMILY,FAMILY,TP
continuous_0299_S5_strategy2.npz,487-684,DAYS,DAYS,TP
continuous_0299_S5_strategy2.npz,684-781,GREETING,GREETING,TP
continuous_0300_S5_strategy2.npz,0-192,GREETING,GREETING,TP
continuous_0300_S5_strategy2.npz,192-289,SURVIVAL,SURVIVAL,TP
continuous_0300_S5_strategy2.npz,289-483,DRINK,DRINK,TP
continuous_0300_S5_strategy2.npz,483-579,FAMILY,FAMILY,TP
continuous_0300_S5_strategy2.npz,579-676,RELATIONSHIPS,RELATIONSHIPS,TP
continuous_0300_S5_strategy2.npz,676-774,DAYS,DAYS,TP
continuous_0301_S5_strategy2.npz,138-276,COLOR,COLOR,TP
continuous_0301_S5_strategy2.npz,276-345,FOOD,FOOD,TP
continuous_0301_S5_strategy2.npz,345-483,-,FOOD,FP
continuous_0301_S5_strategy2.npz,483-621,CALENDAR,CALENDAR,TP
continuous_0301_S5_strategy2.npz,621-690,SURVIVAL,SURVIVAL,TP
continuous_0301_S5_strategy2.npz,690-828,RELATIONSHIPS,RELATIONSHIPS,TP
continuous_0301_S5_strategy2.npz,828-897,NUMBER,NUMBER,TP
continuous_0301_S5_strategy2.npz,0-127,FAMILY,-,FN
continuous_0302_S5_strategy2.npz,0-223,NUMBER,NUMBER,TP
continuous_0302_S5_strategy2.npz,223-336,SURVIVAL,SURVIVAL,TP
continuous_0302_S5_strategy2.npz,336-447,FOOD,FOOD,TP
continuous_0302_S5_strategy2.npz,447-559,CALENDAR,CALENDAR,TP
continuous_0302_S5_strategy2.npz,559-672,GREETING,GREETING,TP
continuous_0302_S5_strategy2.npz,672-783,COLOR,COLOR,TP
continuous_0303_S5_strategy2.npz,0-91,DRINK,DRINK,TP
continuous_0303_S5_strategy2.npz,91-184,-,COLOR,FP
continuous_0303_S5_strategy2.npz,184-277,GREETING,GREETING,TP
continuous_0303_S5_strategy2.npz,277-463,RELATIONSHIPS,RELATIONSHIPS,TP
continuous_0303_S5_strategy2.npz,463-649,CALENDAR,CALENDAR,TP
continuous_0303_S5_strategy2.npz,649-742,DAYS,DAYS,TP
continuous_0303_S5_strategy2.npz,742-835,FOOD,FOOD,TP
continuous_0303_S5_strategy2.npz,835-928,COLOR,COLOR,TP
continuous_0304_S5_strategy2.npz,0-75,RELATIONSHIPS,RELATIONSHIPS,TP
continuous_0304_S5_strategy2.npz,75-153,-,COLOR,FP
continuous_0304_S5_strategy2.npz,153-228,FOOD,FOOD,TP
continuous_0304_S5_strategy2.npz,228-381,COLOR,COLOR,TP
continuous_0304_S5_strategy2.npz,381-534,FAMILY,FAMILY,TP
continuous_0304_S5_strategy2.npz,534-687,DRINK,DRINK,TP
continuous_0304_S5_strategy2.npz,687-765,DAYS,DAYS,TP
continuous_0305_S5_strategy2.npz,0-81,RELATIONSHIPS,RELATIONSHIPS,TP
continuous_0305_S5_strategy2.npz,81-162,-,FOOD,FP
continuous_0305_S5_strategy2.npz,162-324,CALENDAR,CALENDAR,TP
continuous_0305_S5_strategy2.npz,324-487,NUMBER,NUMBER,TP
continuous_0305_S5_strategy2.npz,487-568,FAMILY,FAMILY,TP
continuous_0305_S5_strategy2.npz,568-649,-,RELATIONSHIPS,FP
continuous_0305_S5_strategy2.npz,649-813,SURVIVAL,SURVIVAL,TP
continuous_0305_S5_strategy2.npz,813-894,DAYS,DAYS,TP
continuous_0305_S5_strategy2.npz,127-254,FOOD,-,FN
continuous_0306_S5_strategy2.npz,0-169,NUMBER,NUMBER,TP
continuous_0306_S5_strategy2.npz,169-340,FOOD,FOOD,TP
continuous_0306_S5_strategy2.npz,340-426,DRINK,DRINK,TP
continuous_0306_S5_strategy2.npz,426-597,DAYS,GREETING,FP
continuous_0306_S5_strategy2.npz,597-681,SURVIVAL,SURVIVAL,TP
continuous_0306_S5_strategy2.npz,681-768,CALENDAR,CALENDAR,TP
continuous_0306_S5_strategy2.npz,382-509,DAYS,GREETING,FN
continuous_0307_S5_strategy2.npz,0-162,RELATIONSHIPS,RELATIONSHIPS,TP
continuous_0307_S5_strategy2.npz,162-243,SURVIVAL,SURVIVAL,TP
continuous_0307_S5_strategy2.npz,243-324,COLOR,COLOR,TP
continuous_0307_S5_strategy2.npz,324-486,FOOD,FOOD,TP
continuous_0307_S5_strategy2.npz,486-648,GREETING,GREETING,TP
continuous_0307_S5_strategy2.npz,648-810,DAYS,RELATIONSHIPS,FP
continuous_0307_S5_strategy2.npz,810-891,DRINK,DRINK,TP
continuous_0307_S5_strategy2.npz,634-761,DAYS,RELATIONSHIPS,FN
continuous_0308_S5_strategy2.npz,0-93,FOOD,FOOD,TP
continuous_0308_S5_strategy2.npz,93-282,SURVIVAL,SURVIVAL,TP
continuous_0308_S5_strategy2.npz,282-472,DRINK,DRINK,TP
continuous_0308_S5_strategy2.npz,472-567,CALENDAR,CALENDAR,TP
continuous_0308_S5_strategy2.npz,567-661,DAYS,RELATIONSHIPS,FP
continuous_0308_S5_strategy2.npz,661-756,FAMILY,FAMILY,TP
continuous_0308_S5_strategy2.npz,500-628,DAYS,RELATIONSHIPS,FN
continuous_0309_S5_strategy2.npz,0-126,GREETING,GREETING,TP
continuous_0309_S5_strategy2.npz,126-255,SURVIVAL,SURVIVAL,TP
continuous_0309_S5_strategy2.npz,255-382,DRINK,DRINK,TP
continuous_0309_S5_strategy2.npz,382-510,DAYS,DAYS,TP
continuous_0309_S5_strategy2.npz,510-639,FAMILY,FAMILY,TP
continuous_0309_S5_strategy2.npz,639-766,RELATIONSHIPS,RELATIONSHIPS,TP
continuous_0310_S5_strategy2.npz,0-111,NUMBER,NUMBER,TP
continuous_0310_S5_strategy2.npz,111-222,FOOD,FOOD,TP
continuous_0310_S5_strategy2.npz,222-333,DRINK,DRINK,TP
continuous_0310_S5_strategy2.npz,333-444,COLOR,COLOR,TP
continuous_0310_S5_strategy2.npz,444-555,GREETING,GREETING,TP
continuous_0310_S5_strategy2.npz,555-666,-,NUMBER,FP
continuous_0310_S5_strategy2.npz,666-777,DAYS,DAYS,TP
continuous_0311_S5_strategy2.npz,0-226,DRINK,DRINK,TP
continuous_0311_S5_strategy2.npz,226-301,GREETING,GREETING,TP
continuous_0311_S5_strategy2.npz,301-378,FOOD,FOOD,TP
continuous_0311_S5_strategy2.npz,378-453,SURVIVAL,SURVIVAL,TP
continuous_0311_S5_strategy2.npz,453-528,-,GREETING,FP
continuous_0311_S5_strategy2.npz,528-604,NUMBER,NUMBER,TP
continuous_0311_S5_strategy2.npz,604-681,-,NUMBER,FP
continuous_0311_S5_strategy2.npz,681-756,RELATIONSHIPS,RELATIONSHIPS,TP
continuous_0312_S5_strategy2.npz,0-88,COLOR,COLOR,TP
continuous_0312_S5_strategy2.npz,88-178,-,DAYS,FP
continuous_0312_S5_strategy2.npz,178-267,GREETING,GREETING,TP
continuous_0312_S5_strategy2.npz,267-357,RELATIONSHIPS,RELATIONSHIPS,TP
continuous_0312_S5_strategy2.npz,357-537,FAMILY,FAMILY,TP
continuous_0312_S5_strategy2.npz,537-715,DAYS,DAYS,TP
continuous_0312_S5_strategy2.npz,715-804,DRINK,DRINK,TP
continuous_0312_S5_strategy2.npz,804-894,NUMBER,NUMBER,TP
continuous_0313_S5_strategy2.npz,0-165,DRINK,DRINK,TP
continuous_0313_S5_strategy2.npz,165-247,COLOR,COLOR,TP
continuous_0313_S5_strategy2.npz,247-330,SURVIVAL,SURVIVAL,TP
continuous_0313_S5_strategy2.npz,330-496,CALENDAR,CALENDAR,TP
continuous_0313_S5_strategy2.npz,496-579,FAMILY,FAMILY,TP
continuous_0313_S5_strategy2.npz,579-663,-,FAMILY,FP
continuous_0313_S5_strategy2.npz,663-745,GREETING,GREETING,TP
continuous_0314_S5_strategy2.npz,0-126,DAYS,DAYS,TP
continuous_0314_S5_strategy2.npz,126-253,FOOD,FOOD,TP
continuous_0314_S5_strategy2.npz,253-381,NUMBER,NUMBER,TP
continuous_0314_S5_strategy2.npz,381-445,RELATIONSHIPS,RELATIONSHIPS,TP
continuous_0314_S5_strategy2.npz,445-508,-,RELATIONSHIPS,FP
continuous_0314_S5_strategy2.npz,508-573,-,CALENDAR,FP
continuous_0314_S5_strategy2.npz,573-636,CALENDAR,CALENDAR,TP
continuous_0314_S5_strategy2.npz,636-699,-,CALENDAR,FP
continuous_0314_S5_strategy2.npz,699-763,COLOR,SURVIVAL,FP
continuous_0314_S5_strategy2.npz,763-828,-,SURVIVAL,FP
continuous_0314_S5_strategy2.npz,828-891,SURVIVAL,SURVIVAL,TP
continuous_0314_S5_strategy2.npz,633-761,COLOR,SURVIVAL,FN
continuous_0315_S5_strategy2.npz,0-84,DAYS,DAYS,TP
continuous_0315_S5_strategy2.npz,84-168,GREETING,GREETING,TP
continuous_0315_S5_strategy2.npz,168-337,SURVIVAL,SURVIVAL,TP
continuous_0315_S5_strategy2.npz,337-506,DRINK,DRINK,TP
continuous_0315_S5_strategy2.npz,506-675,NUMBER,NUMBER,TP
continuous_0315_S5_strategy2.npz,675-760,CALENDAR,CALENDAR,TP
continuous_0316_S5_strategy2.npz,0-90,DAYS,DAYS,TP
continuous_0316_S5_strategy2.npz,90-180,DRINK,DRINK,TP
continuous_0316_S5_strategy2.npz,180-271,-,DRINK,FP
continuous_0316_S5_strategy2.npz,271-361,FAMILY,FAMILY,TP
continuous_0316_S5_strategy2.npz,361-543,RELATIONSHIPS,RELATIONSHIPS,TP
continuous_0316_S5_strategy2.npz,543-633,COLOR,COLOR,TP
continuous_0316_S5_strategy2.npz,633-724,NUMBER,NUMBER,TP
continuous_0316_S5_strategy2.npz,724-816,-,SURVIVAL,FP
continuous_0316_S5_strategy2.npz,816-906,GREETING,GREETING,TP
continuous_0317_S5_strategy2.npz,0-72,NUMBER,NUMBER,TP
continuous_0317_S5_strategy2.npz,72-145,-,FAMILY,FP
continuous_0317_S5_strategy2.npz,145-219,-,FAMILY,FP
continuous_0317_S5_strategy2.npz,219-366,RELATIONSHIPS,RELATIONSHIPS,TP
continuous_0317_S5_strategy2.npz,366-438,DRINK,DRINK,TP
continuous_0317_S5_strategy2.npz,438-511,-,DRINK,FP
continuous_0317_S5_strategy2.npz,511-585,FOOD,FOOD,TP
continuous_0317_S5_strategy2.npz,585-657,-,SURVIVAL,FP
continuous_0317_S5_strategy2.npz,657-732,SURVIVAL,SURVIVAL,TP
continuous_0317_S5_strategy2.npz,125-226,FAMILY,-,FN
continuous_0318_S5_strategy2.npz,0-67,FAMILY,FAMILY,TP
continuous_0318_S5_strategy2.npz,67-136,-,RELATIONSHIPS,FP
continuous_0318_S5_strategy2.npz,136-205,-,RELATIONSHIPS,FP
continuous_0318_S5_strategy2.npz,205-274,-,DAYS,FP
continuous_0318_S5_strategy2.npz,274-412,DAYS,DAYS,TP
continuous_0318_S5_strategy2.npz,412-550,NUMBER,NUMBER,TP
continuous_0318_S5_strategy2.npz,550-619,SURVIVAL,SURVIVAL,TP
continuous_0318_S5_strategy2.npz,619-688,-,DAYS,FP
continuous_0318_S5_strategy2.npz,688-826,COLOR,COLOR,TP
continuous_0318_S5_strategy2.npz,826-895,FOOD,FOOD,TP
continuous_0318_S5_strategy2.npz,127-254,RELATIONSHIPS,-,FN
continuous_0319_S5_strategy2.npz,0-148,FOOD,FOOD,TP
continuous_0319_S5_strategy2.npz,148-297,COLOR,COLOR,TP
continuous_0319_S5_strategy2.npz,297-447,DAYS,DAYS,TP
continuous_0319_S5_strategy2.npz,447-597,SURVIVAL,SURVIVAL,TP
continuous_0319_S5_strategy2.npz,597-672,FAMILY,FAMILY,TP
continuous_0319_S5_strategy2.npz,672-820,RELATIONSHIPS,FAMILY,FP
continuous_0319_S5_strategy2.npz,820-895,CALENDAR,CALENDAR,TP
continuous_0319_S5_strategy2.npz,637-764,RELATIONSHIPS,FAMILY,FN
continuous_0320_S5_strategy2.npz,0-127,COLOR,COLOR,TP
continuous_0320_S5_strategy2.npz,127-255,GREETING,GREETING,TP
continuous_0320_S5_strategy2.npz,255-384,FAMILY,FAMILY,TP
continuous_0320_S5_strategy2.npz,384-513,SURVIVAL,SURVIVAL,TP
continuous_0320_S5_strategy2.npz,513-640,FOOD,FOOD,TP
continuous_0320_S5_strategy2.npz,640-768,RELATIONSHIPS,RELATIONSHIPS,TP
continuous_0320_S5_strategy2.npz,768-897,CALENDAR,CALENDAR,TP
continuous_0321_S5_strategy2.npz,0-108,FAMILY,FAMILY,TP
continuous_0321_S5_strategy2.npz,108-216,-,FAMILY,FP
continuous_0321_S5_strategy2.npz,216-324,GREETING,GREETING,TP
continuous_0321_S5_strategy2.npz,324-432,RELATIONSHIPS,RELATIONSHIPS,TP
continuous_0321_S5_strategy2.npz,432-541,-,COLOR,FP
continuous_0321_S5_strategy2.npz,541-649,FOOD,FOOD,TP
continuous_0321_S5_strategy2.npz,649-759,CALENDAR,CALENDAR,TP
continuous_0321_S5_strategy2.npz,376-504,COLOR,-,FN
continuous_0322_S5_strategy2.npz,0-73,CALENDAR,CALENDAR,TP
continuous_0322_S5_strategy2.npz,73-147,-,CALENDAR,FP
continuous_0322_S5_strategy2.npz,147-222,CALENDAR,CALENDAR,TP
continuous_0322_S5_strategy2.npz,222-295,-,CALENDAR,FP
continuous_0322_S5_strategy2.npz,295-444,CALENDAR,CALENDAR,TP
continuous_0322_S5_strategy2.npz,444-591,CALENDAR,CALENDAR,TP
continuous_0322_S5_strategy2.npz,591-666,-,CALENDAR,FP
continuous_0322_S5_strategy2.npz,666-739,-,CALENDAR,FP
continuous_0322_S5_strategy2.npz,739-813,COLOR,COLOR,TP
continuous_0322_S5_strategy2.npz,813-888,CALENDAR,CALENDAR,TP
continuous_0322_S5_strategy2.npz,509-636,CALENDAR,-,FN
continuous_0323_S5_strategy2.npz,0-97,COLOR,COLOR,TP
continuous_0323_S5_strategy2.npz,97-295,GREETING,GREETING,TP
continuous_0323_S5_strategy2.npz,295-394,COLOR,COLOR,TP
continuous_0323_S5_strategy2.npz,394-492,RELATIONSHIPS,RELATIONSHIPS,TP
continuous_0323_S5_strategy2.npz,492-690,COLOR,COLOR,TP
continuous_0323_S5_strategy2.npz,690-789,CALENDAR,CALENDAR,TP
continuous_0323_S5_strategy2.npz,789-888,COLOR,COLOR,TP
continuous_0324_S5_strategy2.npz,0-133,-,CALENDAR,FP
continuous_0324_S5_strategy2.npz,133-268,GREETING,GREETING,TP
continuous_0324_S5_strategy2.npz,268-471,FAMILY,FAMILY,TP
continuous_0324_S5_strategy2.npz,471-538,-,FAMILY,FP
continuous_0324_S5_strategy2.npz,538-673,COLOR,COLOR,TP
continuous_0324_S5_strategy2.npz,673-808,COLOR,COLOR,TP
continuous_0324_S5_strategy2.npz,808-876,FAMILY,FAMILY,TP
continuous_0324_S5_strategy2.npz,0-120,CALENDAR,-,FN
continuous_0324_S5_strategy2.npz,374-500,FAMILY,-,FN
continuous_0325_S5_strategy2.npz,0-73,COLOR,COLOR,TP
continuous_0325_S5_strategy2.npz,73-222,CALENDAR,CALENDAR,TP
continuous_0325_S5_strategy2.npz,222-295,FAMILY,FAMILY,TP
continuous_0325_S5_strategy2.npz,295-369,-,RELATIONSHIPS,FP
continuous_0325_S5_strategy2.npz,369-444,-,FOOD,FP
continuous_0325_S5_strategy2.npz,444-519,-,GREETING,FP
continuous_0325_S5_strategy2.npz,519-592,-,RELATIONSHIPS,FP
continuous_0325_S5_strategy2.npz,592-666,-,SURVIVAL,FP
continuous_0325_S5_strategy2.npz,666-814,GREETING,GREETING,TP
continuous_0325_S5_strategy2.npz,814-889,COLOR,COLOR,TP
continuous_0325_S5_strategy2.npz,371-499,RELATIONSHIPS,-,FN
continuous_0325_S5_strategy2.npz,499-618,GREETING,-,FN
continuous_0326_S5_strategy2.npz,0-73,CALENDAR,CALENDAR,TP
continuous_0326_S5_strategy2.npz,73-148,-,CALENDAR,FP
continuous_0326_S5_strategy2.npz,148-297,RELATIONSHIPS,COLOR,FP
continuous_0326_S5_strategy2.npz,297-372,CALENDAR,CALENDAR,TP
continuous_0326_S5_strategy2.npz,372-522,COLOR,COLOR,TP
continuous_0326_S5_strategy2.npz,522-670,COLOR,COLOR,TP
continuous_0326_S5_strategy2.npz,670-819,CALENDAR,CALENDAR,TP
continuous_0326_S5_strategy2.npz,819-894,COLOR,COLOR,TP
continuous_0326_S5_strategy2.npz,127-254,RELATIONSHIPS,COLOR,FN
continuous_0327_S5_strategy2.npz,0-90,RELATIONSHIPS,RELATIONSHIPS,TP
continuous_0327_S5_strategy2.npz,90-270,-,FAMILY,FP
continuous_0327_S5_strategy2.npz,270-360,-,GREETING,FP
continuous_0327_S5_strategy2.npz,360-450,COLOR,COLOR,TP
continuous_0327_S5_strategy2.npz,450-540,COLOR,COLOR,TP
continuous_0327_S5_strategy2.npz,540-720,GREETING,GREETING,TP
continuous_0327_S5_strategy2.npz,720-810,COLOR,COLOR,TP
continuous_0327_S5_strategy2.npz,810-900,CALENDAR,CALENDAR,TP
continuous_0327_S5_strategy2.npz,127-262,GREETING,-,FN
continuous_0328_S5_strategy2.npz,0-63,RELATIONSHIPS,RELATIONSHIPS,TP
continuous_0328_S5_strategy2.npz,63-126,-,GREETING,FP
continuous_0328_S5_strategy2.npz,126-252,CALENDAR,CALENDAR,TP
continuous_0328_S5_strategy2.npz,252-315,GREETING,GREETING,TP
continuous_0328_S5_strategy2.npz,315-379,-,DAYS,FP
continuous_0328_S5_strategy2.npz,379-570,GREETING,GREETING,TP
continuous_0328_S5_strategy2.npz,570-633,COLOR,COLOR,TP
continuous_0328_S5_strategy2.npz,633-696,-,GREETING,FP
continuous_0328_S5_strategy2.npz,696-822,FAMILY,FAMILY,TP
continuous_0328_S5_strategy2.npz,822-886,RELATIONSHIPS,RELATIONSHIPS,TP
continuous_0329_S5_strategy2.npz,0-111,COLOR,COLOR,TP
continuous_0329_S5_strategy2.npz,111-222,COLOR,COLOR,TP
continuous_0329_S5_strategy2.npz,222-333,CALENDAR,CALENDAR,TP
continuous_0329_S5_strategy2.npz,333-445,COLOR,COLOR,TP
continuous_0329_S5_strategy2.npz,445-558,COLOR,COLOR,TP
continuous_0329_S5_strategy2.npz,558-780,COLOR,COLOR,TP
continuous_0329_S5_strategy2.npz,780-892,COLOR,COLOR,TP
continuous_0330_S5_strategy2.npz,0-87,COLOR,COLOR,TP
continuous_0330_S5_strategy2.npz,87-177,CALENDAR,CALENDAR,TP
continuous_0330_S5_strategy2.npz,177-354,COLOR,COLOR,TP
continuous_0330_S5_strategy2.npz,354-531,COLOR,COLOR,TP
continuous_0330_S5_strategy2.npz,531-621,COLOR,COLOR,TP
continuous_0330_S5_strategy2.npz,621-798,COLOR,COLOR,TP
continuous_0330_S5_strategy2.npz,798-888,CALENDAR,CALENDAR,TP
continuous_0331_S5_strategy2.npz,0-81,CALENDAR,CALENDAR,TP
continuous_0331_S5_strategy2.npz,81-243,CALENDAR,CALENDAR,TP
continuous_0331_S5_strategy2.npz,243-324,COLOR,COLOR,TP
continuous_0331_S5_strategy2.npz,324-486,FAMILY,FAMILY,TP
continuous_0331_S5_strategy2.npz,486-648,RELATIONSHIPS,RELATIONSHIPS,TP
continuous_0331_S5_strategy2.npz,648-810,GREETING,GREETING,TP
continuous_0331_S5_strategy2.npz,810-892,CALENDAR,CALENDAR,TP
continuous_0332_S5_strategy2.npz,0-147,CALENDAR,CALENDAR,TP
continuous_0332_S5_strategy2.npz,147-222,COLOR,COLOR,TP
continuous_0332_S5_strategy2.npz,222-369,-,CALENDAR,FP
continuous_0332_S5_strategy2.npz,369-519,COLOR,COLOR,TP
continuous_0332_S5_strategy2.npz,519-666,RELATIONSHIPS,RELATIONSHIPS,TP
continuous_0332_S5_strategy2.npz,666-741,GREETING,GREETING,TP
continuous_0332_S5_strategy2.npz,741-814,-,SURVIVAL,FP
continuous_0332_S5_strategy2.npz,814-889,COLOR,COLOR,TP
continuous_0332_S5_strategy2.npz,255-383,CALENDAR,-,FN
continuous_0333_S5_strategy2.npz,0-76,FAMILY,FAMILY,TP
continuous_0333_S5_strategy2.npz,76-154,-,COLOR,FP
continuous_0333_S5_strategy2.npz,154-310,GREETING,GREETING,TP
continuous_0333_S5_strategy2.npz,310-466,COLOR,COLOR,TP
continuous_0333_S5_strategy2.npz,466-622,GREETING,GREETING,TP
continuous_0333_S5_strategy2.npz,622-700,FAMILY,FAMILY,TP
continuous_0333_S5_strategy2.npz,700-778,RELATIONSHIPS,RELATIONSHIPS,TP
continuous_0333_S5_strategy2.npz,778-856,-,FAMILY,FP
continuous_0333_S5_strategy2.npz,856-934,GREETING,GREETING,TP
continuous_0334_S5_strategy2.npz,0-84,RELATIONSHIPS,RELATIONSHIPS,TP
continuous_0334_S5_strategy2.npz,84-169,-,RELATIONSHIPS,FP
continuous_0334_S5_strategy2.npz,169-255,COLOR,COLOR,TP
continuous_0335_S5_strategy2.npz,0-129,COLOR,COLOR,TP
continuous_0336_S5_strategy2.npz,0-127,COLOR,COLOR,TP
continuous_0337_S6_strategy2.npz,0-79,RELATIONSHIPS,RELATIONSHIPS,TP
continuous_0337_S6_strategy2.npz,79-240,FAMILY,FAMILY,TP
continuous_0337_S6_strategy2.npz,240-321,-,CALENDAR,FP
continuous_0337_S6_strategy2.npz,321-481,DRINK,DAYS,FP
continuous_0337_S6_strategy2.npz,481-642,NUMBER,NUMBER,TP
continuous_0337_S6_strategy2.npz,642-804,SURVIVAL,SURVIVAL,TP
continuous_0337_S6_strategy2.npz,804-885,GREETING,GREETING,TP
continuous_0337_S6_strategy2.npz,254-371,CALENDAR,-,FN
continuous_0337_S6_strategy2.npz,371-499,DRINK,DAYS,FN
continuous_0338_S6_strategy2.npz,0-72,FOOD,FOOD,TP
continuous_0338_S6_strategy2.npz,72-219,SURVIVAL,SURVIVAL,TP
continuous_0338_S6_strategy2.npz,219-366,GREETING,GREETING,TP
continuous_0338_S6_strategy2.npz,366-439,RELATIONSHIPS,RELATIONSHIPS,TP
continuous_0338_S6_strategy2.npz,439-513,-,COLOR,FP
continuous_0338_S6_strategy2.npz,513-660,DRINK,DRINK,TP
continuous_0338_S6_strategy2.npz,660-732,DAYS,DAYS,TP
continuous_0338_S6_strategy2.npz,732-805,-,CALENDAR,FP
continuous_0338_S6_strategy2.npz,805-879,CALENDAR,CALENDAR,TP
continuous_0339_S6_strategy2.npz,0-69,RELATIONSHIPS,RELATIONSHIPS,TP
continuous_0339_S6_strategy2.npz,69-207,DRINK,COLOR,FP
continuous_0339_S6_strategy2.npz,207-346,FOOD,FOOD,TP
continuous_0339_S6_strategy2.npz,346-486,COLOR,COLOR,TP
continuous_0339_S6_strategy2.npz,486-555,-,DRINK,FP
continuous_0339_S6_strategy2.npz,555-693,NUMBER,NUMBER,TP
continuous_0339_S6_strategy2.npz,693-832,CALENDAR,CALENDAR,TP
continuous_0339_S6_strategy2.npz,832-903,FAMILY,FAMILY,TP
continuous_0339_S6_strategy2.npz,127-255,DRINK,COLOR,FN
continuous_0340_S6_strategy2.npz,0-108,FOOD,FOOD,TP
continuous_0340_S6_strategy2.npz,108-216,FAMILY,GREETING,FP
continuous_0340_S6_strategy2.npz,216-433,SURVIVAL,SURVIVAL,TP
continuous_0340_S6_strategy2.npz,433-541,COLOR,COLOR,TP
continuous_0340_S6_strategy2.npz,541-651,GREETING,SURVIVAL,FP
continuous_0340_S6_strategy2.npz,651-759,DRINK,FOOD,FP
continuous_0340_S6_strategy2.npz,127-248,FAMILY,GREETING,FN
continuous_0340_S6_strategy2.npz,497-630,GREETING,SURVIVAL,FN
continuous_0340_S6_strategy2.npz,630-758,DRINK,FOOD,FN
continuous_0341_S6_strategy2.npz,0-135,FOOD,FOOD,TP
continuous_0341_S6_strategy2.npz,135-204,FAMILY,FAMILY,TP
continuous_0341_S6_strategy2.npz,204-271,-,FAMILY,FP
continuous_0341_S6_strategy2.npz,271-340,DRINK,DRINK,TP
continuous_0341_S6_strategy2.npz,340-477,-,DRINK,FP
continuous_0341_S6_strategy2.npz,477-544,SURVIVAL,SURVIVAL,TP
continuous_0341_S6_strategy2.npz,544-681,CALENDAR,CALENDAR,TP
continuous_0341_S6_strategy2.npz,681-817,RELATIONSHIPS,RELATIONSHIPS,TP
continuous_0341_S6_strategy2.npz,817-886,DAYS,DAYS,TP
continuous_0342_S6_strategy2.npz,0-169,FAMILY,FAMILY,TP
continuous_0342_S6_strategy2.npz,169-339,DRINK,DRINK,TP
continuous_0342_S6_strategy2.npz,339-426,SURVIVAL,SURVIVAL,TP
continuous_0342_S6_strategy2.npz,426-595,COLOR,COLOR,TP
continuous_0342_S6_strategy2.npz,595-681,FOOD,FOOD,TP
continuous_0342_S6_strategy2.npz,681-766,CALENDAR,CALENDAR,TP
continuous_0343_S6_strategy2.npz,0-127,COLOR,COLOR,TP
continuous_0343_S6_strategy2.npz,127-192,DRINK,DRINK,TP
continuous_0343_S6_strategy2.npz,192-385,NUMBER,NUMBER,TP
continuous_0343_S6_strategy2.npz,385-514,GREETING,GREETING,TP
continuous_0343_S6_strategy2.npz,514-708,CALENDAR,CALENDAR,TP
continuous_0343_S6_strategy2.npz,708-772,FAMILY,FAMILY,TP
continuous_0344_S6_strategy2.npz,0-147,GREETING,GREETING,TP
continuous_0344_S6_strategy2.npz,147-220,FOOD,FOOD,TP
continuous_0344_S6_strategy2.npz,220-294,DRINK,FOOD,FP
continuous_0344_S6_strategy2.npz,294-367,-,FAMILY,FP
continuous_0344_S6_strategy2.npz,367-441,FAMILY,FAMILY,TP
continuous_0344_S6_strategy2.npz,441-588,-,FAMILY,FP
continuous_0344_S6_strategy2.npz,588-663,SURVIVAL,SURVIVAL,TP
continuous_0344_S6_strategy2.npz,663-735,-,DRINK,FP
continuous_0344_S6_strategy2.npz,735-810,COLOR,COLOR,TP
continuous_0344_S6_strategy2.npz,810-883,CALENDAR,CALENDAR,TP
continuous_0344_S6_strategy2.npz,251-379,DRINK,FOOD,FN
continuous_0345_S6_strategy2.npz,0-82,FAMILY,FAMILY,TP
continuous_0345_S6_strategy2.npz,82-166,-,COLOR,FP
continuous_0345_S6_strategy2.npz,166-249,-,SURVIVAL,FP
continuous_0345_S6_strategy2.npz,249-417,SURVIVAL,SURVIVAL,TP
continuous_0345_S6_strategy2.npz,417-501,-,DRINK,FP
continuous_0345_S6_strategy2.npz,501-667,FOOD,FOOD,TP
continuous_0345_S6_strategy2.npz,667-751,DAYS,DAYS,TP
continuous_0345_S6_strategy2.npz,122-247,COLOR,-,FN
continuous_0345_S6_strategy2.npz,374-503,DRINK,-,FN
continuous_0346_S6_strategy2.npz,0-84,FOOD,FOOD,TP
continuous_0346_S6_strategy2.npz,84-168,FAMILY,FAMILY,TP
continuous_0346_S6_strategy2.npz,168-339,COLOR,COLOR,TP
continuous_0346_S6_strategy2.npz,339-508,DAYS,DAYS,TP
continuous_0346_S6_strategy2.npz,508-678,RELATIONSHIPS,RELATIONSHIPS,TP
continuous_0346_S6_strategy2.npz,678-763,GREETING,GREETING,TP
continuous_0347_S6_strategy2.npz,0-96,GREETING,GREETING,TP
continuous_0347_S6_strategy2.npz,96-288,RELATIONSHIPS,RELATIONSHIPS,TP
continuous_0347_S6_strategy2.npz,288-480,CALENDAR,CALENDAR,TP
continuous_0347_S6_strategy2.npz,480-576,SURVIVAL,SURVIVAL,TP
continuous_0347_S6_strategy2.npz,576-672,COLOR,COLOR,TP
continuous_0347_S6_strategy2.npz,672-768,NUMBER,NUMBER,TP
continuous_0348_S6_strategy2.npz,0-75,NUMBER,NUMBER,TP
continuous_0348_S6_strategy2.npz,75-151,-,FAMILY,FP
continuous_0348_S6_strategy2.npz,151-381,SURVIVAL,SURVIVAL,TP
continuous_0348_S6_strategy2.npz,381-534,GREETING,GREETING,TP
continuous_0348_S6_strategy2.npz,534-687,CALENDAR,CALENDAR,TP
continuous_0348_S6_strategy2.npz,687-763,-,RELATIONSHIPS,FP
continuous_0348_S6_strategy2.npz,763-840,DRINK,DRINK,TP
continuous_0348_S6_strategy2.npz,840-916,FOOD,FOOD,TP
continuous_0348_S6_strategy2.npz,557-677,RELATIONSHIPS,-,FN
continuous_0349_S6_strategy2.npz,0-79,DAYS,DAYS,TP
continuous_0349_S6_strategy2.npz,79-241,FOOD,FOOD,TP
continuous_0349_S6_strategy2.npz,241-321,NUMBER,NUMBER,TP
continuous_0349_S6_strategy2.npz,321-402,-,SURVIVAL,FP
continuous_0349_S6_strategy2.npz,402-483,RELATIONSHIPS,RELATIONSHIPS,TP
continuous_0349_S6_strategy2.npz,483-645,-,RELATIONSHIPS,FP
continuous_0349_S6_strategy2.npz,645-726,-,SURVIVAL,FP
continuous_0349_S6_strategy2.npz,726-807,DRINK,DRINK,TP
continuous_0349_S6_strategy2.npz,807-888,FAMILY,FAMILY,TP
continuous_0349_S6_strategy2.npz,510-644,SURVIVAL,-,FN
continuous_0350_S6_strategy2.npz,0-174,SURVIVAL,SURVIVAL,TP
continuous_0350_S6_strategy2.npz,174-261,DAYS,DAYS,TP
continuous_0350_S6_strategy2.npz,261-348,FAMILY,FAMILY,TP
continuous_0350_S6_strategy2.npz,348-436,-,FAMILY,FP
continuous_0350_S6_strategy2.npz,436-523,GREETING,RELATIONSHIPS,FP
continuous_0350_S6_strategy2.npz,523-612,-,FAMILY,FP
continuous_0350_S6_strategy2.npz,612-699,-,COLOR,FP
continuous_0350_S6_strategy2.npz,699-786,FOOD,FOOD,TP
continuous_0350_S6_strategy2.npz,538-666,COLOR,-,FN
continuous_0350_S6_strategy2.npz,383-538,GREETING,RELATIONSHIPS,FN
continuous_0351_S6_strategy2.npz,0-84,COLOR,COLOR,TP
continuous_0351_S6_strategy2.npz,84-171,-,DAYS,FP
continuous_0351_S6_strategy2.npz,171-256,DRINK,DRINK,TP
continuous_0351_S6_strategy2.npz,256-427,FAMILY,FAMILY,TP
continuous_0351_S6_strategy2.npz,427-598,SURVIVAL,SURVIVAL,TP
continuous_0351_S6_strategy2.npz,598-684,NUMBER,NUMBER,TP
continuous_0351_S6_strategy2.npz,684-771,CALENDAR,CALENDAR,TP
continuous_0351_S6_strategy2.npz,771-856,FOOD,FOOD,TP
continuous_0352_S6_strategy2.npz,0-148,DRINK,DRINK,TP
continuous_0352_S6_strategy2.npz,148-222,COLOR,COLOR,TP
continuous_0352_S6_strategy2.npz,222-372,FAMILY,FAMILY,TP
continuous_0352_S6_strategy2.npz,372-520,FOOD,FOOD,TP
continuous_0352_S6_strategy2.npz,520-595,NUMBER,NUMBER,TP
continuous_0352_S6_strategy2.npz,595-669,-,NUMBER,FP
continuous_0352_S6_strategy2.npz,669-744,DAYS,DAYS,TP
continuous_0352_S6_strategy2.npz,744-819,-,COLOR,FP
continuous_0352_S6_strategy2.npz,819-894,CALENDAR,CALENDAR,TP
continuous_0353_S6_strategy2.npz,0-73,FOOD,FOOD,TP
continuous_0353_S6_strategy2.npz,73-222,DAYS,DAYS,TP
continuous_0353_S6_strategy2.npz,222-369,COLOR,COLOR,TP
continuous_0353_S6_strategy2.npz,369-591,RELATIONSHIPS,RELATIONSHIPS,TP
continuous_0353_S6_strategy2.npz,591-666,-,SURVIVAL,FP
continuous_0353_S6_strategy2.npz,666-739,DRINK,DRINK,TP
continuous_0353_S6_strategy2.npz,739-813,-,COLOR,FP
continuous_0353_S6_strategy2.npz,813-888,CALENDAR,CALENDAR,TP
continuous_0353_S6_strategy2.npz,506-640,SURVIVAL,-,FN
continuous_0354_S6_strategy2.npz,0-75,FOOD,FOOD,TP
continuous_0354_S6_strategy2.npz,75-381,SURVIVAL,SURVIVAL,TP
continuous_0354_S6_strategy2.npz,381-456,FAMILY,FAMILY,TP
continuous_0354_S6_strategy2.npz,456-534,-,SURVIVAL,FP
continuous_0354_S6_strategy2.npz,534-685,NUMBER,NUMBER,TP
continuous_0354_S6_strategy2.npz,685-762,COLOR,COLOR,TP
continuous_0354_S6_strategy2.npz,254-379,DRINK,-,FN
continuous_0355_S6_strategy2.npz,0-94,DAYS,DAYS,TP
continuous_0355_S6_strategy2.npz,94-190,RELATIONSHIPS,RELATIONSHIPS,TP
continuous_0355_S6_strategy2.npz,190-286,-,GREETING,FP
continuous_0355_S6_strategy2.npz,286-477,FOOD,FOOD,TP
continuous_0355_S6_strategy2.npz,477-573,GREETING,GREETING,TP
continuous_0355_S6_strategy2.npz,573-669,DRINK,DRINK,TP
continuous_0355_S6_strategy2.npz,669-765,SURVIVAL,SURVIVAL,TP
continuous_0356_S6_strategy2.npz,0-162,SURVIVAL,SURVIVAL,TP
continuous_0356_S6_strategy2.npz,162-324,CALENDAR,CALENDAR,TP
continuous_0356_S6_strategy2.npz,324-405,DAYS,DAYS,TP
continuous_0356_S6_strategy2.npz,405-567,GREETING,GREETING,TP
continuous_0356_S6_strategy2.npz,567-648,COLOR,COLOR,TP
continuous_0356_S6_strategy2.npz,648-729,NUMBER,NUMBER,TP
continuous_0356_S6_strategy2.npz,729-810,-,GREETING,FP
continuous_0356_S6_strategy2.npz,810-891,DRINK,DRINK,TP
continuous_0357_S6_strategy2.npz,0-180,DAYS,DAYS,TP
continuous_0357_S6_strategy2.npz,180-270,GREETING,GREETING,TP
continuous_0357_S6_strategy2.npz,270-451,FOOD,FOOD,TP
continuous_0357_S6_strategy2.npz,451-631,DRINK,DRINK,TP
continuous_0357_S6_strategy2.npz,631-723,COLOR,COLOR,TP
continuous_0357_S6_strategy2.npz,723-813,-,NUMBER,FP
continuous_0357_S6_strategy2.npz,813-903,CALENDAR,CALENDAR,TP
continuous_0357_S6_strategy2.npz,646-781,NUMBER,-,FN
continuous_0358_S6_strategy2.npz,0-81,SURVIVAL,SURVIVAL,TP
continuous_0358_S6_strategy2.npz,81-163,-,RELATIONSHIPS,FP
continuous_0358_S6_strategy2.npz,163-327,DAYS,DAYS,TP
continuous_0358_S6_strategy2.npz,327-491,DRINK,DRINK,TP
continuous_0358_S6_strategy2.npz,491-655,GREETING,GREETING,TP
continuous_0358_S6_strategy2.npz,655-819,COLOR,COLOR,TP
continuous_0358_S6_strategy2.npz,819-901,CALENDAR,CALENDAR,TP
continuous_0358_S6_strategy2.npz,138-265,RELATIONSHIPS,-,FN
continuous_0359_S6_strategy2.npz,0-150,FOOD,FOOD,TP
continuous_0359_S6_strategy2.npz,150-226,CALENDAR,CALENDAR,TP
continuous_0359_S6_strategy2.npz,226-378,FAMILY,FAMILY,TP
continuous_0359_S6_strategy2.npz,378-453,DRINK,DRINK,TP
continuous_0359_S6_strategy2.npz,453-529,-,COLOR,FP
continuous_0359_S6_strategy2.npz,529-681,NUMBER,NUMBER,TP
continuous_0359_S6_strategy2.npz,681-757,SURVIVAL,SURVIVAL,TP
continuous_0360_S6_strategy2.npz,0-168,GREETING,GREETING,TP
continuous_0360_S6_strategy2.npz,168-336,SURVIVAL,SURVIVAL,TP
continuous_0360_S6_strategy2.npz,336-420,-,COLOR,FP
continuous_0360_S6_strategy2.npz,420-505,FAMILY,FAMILY,TP
continuous_0360_S6_strategy2.npz,505-673,DRINK,FAMILY,FP
continuous_0360_S6_strategy2.npz,673-759,NUMBER,NUMBER,TP
continuous_0360_S6_strategy2.npz,263-391,COLOR,-,FN
continuous_0360_S6_strategy2.npz,518-632,DRINK,FAMILY,FN
continuous_0361_S6_strategy2.npz,0-94,SURVIVAL,SURVIVAL,TP
continuous_0361_S6_strategy2.npz,94-189,-,COLOR,FP
continuous_0361_S6_strategy2.npz,189-285,-,DAYS,FP
continuous_0361_S6_strategy2.npz,285-379,NUMBER,NUMBER,TP
continuous_0361_S6_strategy2.npz,379-474,-,COLOR,FP
continuous_0361_S6_strategy2.npz,474-570,GREETING,GREETING,TP
continuous_0361_S6_strategy2.npz,570-664,FAMILY,FAMILY,TP
continuous_0361_S6_strategy2.npz,664-759,COLOR,COLOR,TP
continuous_0361_S6_strategy2.npz,126-253,DAYS,-,FN
continuous_0362_S6_strategy2.npz,0-192,DAYS,DAYS,TP
continuous_0362_S6_strategy2.npz,192-288,DRINK,DAYS,FP
continuous_0362_S6_strategy2.npz,288-384,NUMBER,NUMBER,TP
continuous_0362_S6_strategy2.npz,384-480,RELATIONSHIPS,RELATIONSHIPS,TP
continuous_0362_S6_strategy2.npz,480-672,CALENDAR,CALENDAR,TP
continuous_0362_S6_strategy2.npz,672-768,SURVIVAL,SURVIVAL,TP
continuous_0362_S6_strategy2.npz,127-254,DRINK,DAYS,FN
continuous_0363_S6_strategy2.npz,0-81,COLOR,COLOR,TP
continuous_0363_S6_strategy2.npz,81-162,-,CALENDAR,FP
continuous_0363_S6_strategy2.npz,162-324,CALENDAR,CALENDAR,TP
continuous_0363_S6_strategy2.npz,324-405,SURVIVAL,SURVIVAL,TP
continuous_0363_S6_strategy2.npz,405-568,FOOD,FOOD,TP
continuous_0363_S6_strategy2.npz,568-732,FAMILY,FAMILY,TP
continuous_0363_S6_strategy2.npz,732-813,RELATIONSHIPS,RELATIONSHIPS,TP
continuous_0363_S6_strategy2.npz,813-894,DRINK,DRINK,TP
continuous_0364_S6_strategy2.npz,0-75,COLOR,COLOR,TP
continuous_0364_S6_strategy2.npz,75-151,-,RELATIONSHIPS,FP
continuous_0364_S6_strategy2.npz,151-228,FOOD,FOOD,TP
continuous_0364_S6_strategy2.npz,228-303,-,DRINK,FP
continuous_0364_S6_strategy2.npz,303-379,-,FAMILY,FP
continuous_0364_S6_strategy2.npz,379-531,FAMILY,FAMILY,TP
continuous_0364_S6_strategy2.npz,531-607,DAYS,DAYS,TP
continuous_0364_S6_strategy2.npz,607-684,-,FAMILY,FP
continuous_0364_S6_strategy2.npz,684-760,NUMBER,NUMBER,TP
continuous_0364_S6_strategy2.npz,255-379,DRINK,-,FN
continuous_0365_S6_strategy2.npz,0-163,NUMBER,NUMBER,TP
continuous_0365_S6_strategy2.npz,163-245,SURVIVAL,SURVIVAL,TP
continuous_0365_S6_strategy2.npz,245-409,FAMILY,FAMILY,TP
continuous_0365_S6_strategy2.npz,409-492,FOOD,FOOD,TP
continuous_0365_S6_strategy2.npz,492-574,CALENDAR,CALENDAR,TP
continuous_0365_S6_strategy2.npz,574-657,-,FOOD,FP
continuous_0365_S6_strategy2.npz,657-738,-,RELATIONSHIPS,FP
continuous_0365_S6_strategy2.npz,738-820,-,NUMBER,FP
continuous_0365_S6_strategy2.npz,820-903,GREETING,GREETING,TP
continuous_0365_S6_strategy2.npz,649-777,DRINK,-,FN
continuous_0366_S6_strategy2.npz,0-96,SURVIVAL,SURVIVAL,TP
continuous_0366_S6_strategy2.npz,96-193,DRINK,DRINK,TP
continuous_0366_S6_strategy2.npz,193-291,-,NUMBER,FP
continuous_0366_S6_strategy2.npz,291-388,-,COLOR,FP
continuous_0366_S6_strategy2.npz,388-582,RELATIONSHIPS,RELATIONSHIPS,TP
continuous_0366_S6_strategy2.npz,582-679,-,NUMBER,FP
continuous_0366_S6_strategy2.npz,679-777,GREETING,GREETING,TP
continuous_0366_S6_strategy2.npz,254-390,NUMBER,-,FN
continuous_0366_S6_strategy2.npz,390-518,COLOR,-,FN
continuous_0367_S6_strategy2.npz,0-138,DRINK,DRINK,TP
continuous_0367_S6_strategy2.npz,138-207,-,SURVIVAL,FP
continuous_0367_S6_strategy2.npz,207-276,DAYS,DAYS,TP
continuous_0367_S6_strategy2.npz,276-345,CALENDAR,CALENDAR,TP
continuous_0367_S6_strategy2.npz,345-414,-,SURVIVAL,FP
continuous_0367_S6_strategy2.npz,414-552,FOOD,FOOD,TP
continuous_0367_S6_strategy2.npz,552-690,SURVIVAL,SURVIVAL,TP
continuous_0367_S6_strategy2.npz,690-759,GREETING,GREETING,TP
continuous_0368_S6_strategy2.npz,0-126,NUMBER,NUMBER,TP
continuous_0368_S6_strategy2.npz,126-255,FOOD,FOOD,TP
continuous_0368_S6_strategy2.npz,255-381,RELATIONSHIPS,RELATIONSHIPS,TP
continuous_0368_S6_strategy2.npz,381-510,CALENDAR,CALENDAR,TP
continuous_0368_S6_strategy2.npz,510-700,FAMILY,FAMILY,TP
continuous_0368_S6_strategy2.npz,700-765,DAYS,DAYS,TP
continuous_0368_S6_strategy2.npz,765-828,-,NUMBER,FP
continuous_0368_S6_strategy2.npz,828-892,SURVIVAL,SURVIVAL,TP
continuous_0369_S6_strategy2.npz,0-160,RELATIONSHIPS,RELATIONSHIPS,TP
continuous_0369_S6_strategy2.npz,160-322,FAMILY,FAMILY,TP
continuous_0369_S6_strategy2.npz,322-483,FOOD,FOOD,TP
continuous_0369_S6_strategy2.npz,483-564,CALENDAR,CALENDAR,TP
continuous_0369_S6_strategy2.npz,564-645,SURVIVAL,SURVIVAL,TP
continuous_0369_S6_strategy2.npz,645-807,COLOR,COLOR,TP
continuous_0369_S6_strategy2.npz,807-888,DAYS,DAYS,TP
continuous_0370_S6_strategy2.npz,0-93,GREETING,GREETING,TP
continuous_0370_S6_strategy2.npz,93-187,FAMILY,FAMILY,TP
continuous_0370_S6_strategy2.npz,187-375,FOOD,FOOD,TP
continuous_0370_S6_strategy2.npz,375-469,RELATIONSHIPS,RELATIONSHIPS,TP
continuous_0370_S6_strategy2.npz,469-657,SURVIVAL,SURVIVAL,TP
continuous_0370_S6_strategy2.npz,657-751,COLOR,COLOR,TP
continuous_0371_S6_strategy2.npz,0-69,FAMILY,FAMILY,TP
continuous_0371_S6_strategy2.npz,69-138,-,RELATIONSHIPS,FP
continuous_0371_S6_strategy2.npz,138-277,DRINK,DRINK,TP
continuous_0371_S6_strategy2.npz,277-348,RELATIONSHIPS,RELATIONSHIPS,TP
continuous_0371_S6_strategy2.npz,348-417,-,CALENDAR,FP
continuous_0371_S6_strategy2.npz,417-556,CALENDAR,CALENDAR,TP
continuous_0371_S6_strategy2.npz,556-625,DAYS,DAYS,TP
continuous_0371_S6_strategy2.npz,625-696,-,NUMBER,FP
continuous_0371_S6_strategy2.npz,696-765,NUMBER,NUMBER,TP
continuous_0372_S6_strategy2.npz,0-75,SURVIVAL,SURVIVAL,TP
continuous_0372_S6_strategy2.npz,75-150,-,COLOR,FP
continuous_0372_S6_strategy2.npz,150-225,-,DRINK,FP
continuous_0372_S6_strategy2.npz,225-375,FAMILY,FAMILY,TP
continuous_0372_S6_strategy2.npz,375-600,RELATIONSHIPS,RELATIONSHIPS,TP
continuous_0372_S6_strategy2.npz,600-675,GREETING,GREETING,TP
continuous_0372_S6_strategy2.npz,675-750,DAYS,DAYS,TP
continuous_0372_S6_strategy2.npz,750-825,-,CALENDAR,FP
continuous_0372_S6_strategy2.npz,825-900,CALENDAR,CALENDAR,TP
continuous_0372_S6_strategy2.npz,133-261,COLOR,-,FN
continuous_0373_S6_strategy2.npz,0-97,RELATIONSHIPS,RELATIONSHIPS,TP
continuous_0373_S6_strategy2.npz,97-294,NUMBER,NUMBER,TP
continuous_0373_S6_strategy2.npz,294-393,GREETING,GREETING,TP
continuous_0373_S6_strategy2.npz,393-490,FOOD,FOOD,TP
continuous_0373_S6_strategy2.npz,490-588,-,SURVIVAL,FP
continuous_0373_S6_strategy2.npz,588-687,-,DAYS,FP
continuous_0373_S6_strategy2.npz,687-786,DRINK,DRINK,TP
continuous_0373_S6_strategy2.npz,537-673,SURVIVAL,-,FN
continuous_0374_S6_strategy2.npz,0-81,FAMILY,FAMILY,TP
continuous_0374_S6_strategy2.npz,81-162,-,SURVIVAL,FP
continuous_0374_S6_strategy2.npz,162-243,-,FAMILY,FP
continuous_0374_S6_strategy2.npz,243-405,DAYS,DAYS,TP
continuous_0374_S6_strategy2.npz,405-567,CALENDAR,CALENDAR,TP
continuous_0374_S6_strategy2.npz,567-730,NUMBER,NUMBER,TP
continuous_0374_S6_strategy2.npz,730-811,-,FOOD,FP
continuous_0374_S6_strategy2.npz,811-892,COLOR,COLOR,TP
continuous_0374_S6_strategy2.npz,127-264,SURVIVAL,-,FN
continuous_0374_S6_strategy2.npz,645-773,FOOD,-,FN
continuous_0375_S6_strategy2.npz,0-84,DRINK,DRINK,TP
continuous_0375_S6_strategy2.npz,84-168,-,NUMBER,FP
continuous_0375_S6_strategy2.npz,168-253,GREETING,GREETING,TP
continuous_0375_S6_strategy2.npz,253-337,-,DAYS,FP
continuous_0375_S6_strategy2.npz,337-423,NUMBER,NUMBER,TP
continuous_0375_S6_strategy2.npz,423-591,FAMILY,FAMILY,TP
continuous_0375_S6_strategy2.npz,591-676,SURVIVAL,SURVIVAL,TP
continuous_0375_S6_strategy2.npz,676-762,RELATIONSHIPS,RELATIONSHIPS,TP
continuous_0376_S6_strategy2.npz,0-97,GREETING,GREETING,TP
continuous_0376_S6_strategy2.npz,97-196,CALENDAR,CALENDAR,TP
continuous_0376_S6_strategy2.npz,196-294,COLOR,COLOR,TP
continuous_0376_S6_strategy2.npz,294-491,DRINK,DRINK,TP
continuous_0376_S6_strategy2.npz,491-591,DAYS,DAYS,TP
continuous_0376_S6_strategy2.npz,591-787,FOOD,FOOD,TP
continuous_0376_S6_strategy2.npz,787-886,SURVIVAL,SURVIVAL,TP
continuous_0377_S6_strategy2.npz,0-153,FAMILY,FAMILY,TP
continuous_0377_S6_strategy2.npz,153-306,RELATIONSHIPS,RELATIONSHIPS,TP
continuous_0377_S6_strategy2.npz,306-384,SURVIVAL,SURVIVAL,TP
continuous_0377_S6_strategy2.npz,384-537,DRINK,DRINK,TP
continuous_0377_S6_strategy2.npz,537-691,FOOD,FOOD,TP
continuous_0377_S6_strategy2.npz,691-768,GREETING,GREETING,TP
continuous_0378_S6_strategy2.npz,0-88,NUMBER,NUMBER,TP
continuous_0378_S6_strategy2.npz,88-177,-,SURVIVAL,FP
continuous_0378_S6_strategy2.npz,177-267,FAMILY,FAMILY,TP
continuous_0378_S6_strategy2.npz,267-355,DRINK,DRINK,TP
continuous_0378_S6_strategy2.npz,355-444,-,SURVIVAL,FP
continuous_0378_S6_strategy2.npz,444-534,FOOD,FOOD,TP
continuous_0378_S6_strategy2.npz,534-622,RELATIONSHIPS,RELATIONSHIPS,TP
continuous_0378_S6_strategy2.npz,622-801,CALENDAR,CALENDAR,TP
continuous_0378_S6_strategy2.npz,801-891,COLOR,COLOR,TP
continuous_0379_S6_strategy2.npz,0-87,GREETING,GREETING,TP
continuous_0379_S6_strategy2.npz,87-177,FOOD,FOOD,TP
continuous_0379_S6_strategy2.npz,177-265,-,CALENDAR,FP
continuous_0379_S6_strategy2.npz,265-444,CALENDAR,CALENDAR,TP
continuous_0379_S6_strategy2.npz,444-532,COLOR,COLOR,TP
continuous_0379_S6_strategy2.npz,532-711,RELATIONSHIPS,RELATIONSHIPS,TP
continuous_0379_S6_strategy2.npz,711-799,SURVIVAL,SURVIVAL,TP
continuous_0379_S6_strategy2.npz,799-888,DRINK,DRINK,TP
continuous_0380_S6_strategy2.npz,0-163,GREETING,GREETING,TP
continuous_0380_S6_strategy2.npz,163-246,SURVIVAL,SURVIVAL,TP
continuous_0380_S6_strategy2.npz,246-328,-,RELATIONSHIPS,FP
continuous_0380_S6_strategy2.npz,328-493,RELATIONSHIPS,RELATIONSHIPS,TP
continuous_0380_S6_strategy2.npz,493-657,CALENDAR,CALENDAR,TP
continuous_0380_S6_strategy2.npz,657-741,-,COLOR,FP
continuous_0380_S6_strategy2.npz,741-822,DAYS,NUMBER,FP
continuous_0380_S6_strategy2.npz,822-906,DRINK,DRINK,TP
continuous_0380_S6_strategy2.npz,521-649,COLOR,-,FN
continuous_0380_S6_strategy2.npz,649-775,DAYS,NUMBER,FN
continuous_0381_S6_strategy2.npz,0-153,GREETING,GREETING,TP
continuous_0381_S6_strategy2.npz,153-306,CALENDAR,CALENDAR,TP
continuous_0381_S6_strategy2.npz,306-460,DRINK,DRINK,TP
continuous_0381_S6_strategy2.npz,460-615,FOOD,FOOD,TP
continuous_0381_S6_strategy2.npz,615-691,SURVIVAL,SURVIVAL,TP
continuous_0381_S6_strategy2.npz,691-768,NUMBER,NUMBER,TP
continuous_0382_S6_strategy2.npz,0-153,NUMBER,NUMBER,TP
continuous_0382_S6_strategy2.npz,153-231,FAMILY,FAMILY,TP
continuous_0382_S6_strategy2.npz,231-307,-,FOOD,FP
continuous_0382_S6_strategy2.npz,307-462,GREETING,GREETING,TP
continuous_0382_S6_strategy2.npz,462-615,CALENDAR,CALENDAR,TP
continuous_0382_S6_strategy2.npz,615-693,SURVIVAL,SURVIVAL,TP
continuous_0382_S6_strategy2.npz,693-769,DRINK,DRINK,TP
continuous_0383_S6_strategy2.npz,0-84,SURVIVAL,SURVIVAL,TP
continuous_0383_S6_strategy2.npz,84-168,-,DAYS,FP
continuous_0383_S6_strategy2.npz,168-252,-,GREETING,FP
continuous_0383_S6_strategy2.npz,252-421,COLOR,COLOR,TP
continuous_0383_S6_strategy2.npz,421-506,RELATIONSHIPS,DAYS,FP
continuous_0383_S6_strategy2.npz,506-675,DRINK,DRINK,TP
continuous_0383_S6_strategy2.npz,675-760,CALENDAR,CALENDAR,TP
continuous_0383_S6_strategy2.npz,137-263,DAYS,-,FN
continuous_0383_S6_strategy2.npz,390-511,RELATIONSHIPS,DAYS,FN
continuous_0384_S6_strategy2.npz,0-189,DAYS,DAYS,TP
continuous_0384_S6_strategy2.npz,189-282,FOOD,FOOD,TP
continuous_0384_S6_strategy2.npz,282-378,DRINK,DRINK,TP
continuous_0384_S6_strategy2.npz,378-567,COLOR,COLOR,TP
continuous_0384_S6_strategy2.npz,567-661,RELATIONSHIPS,RELATIONSHIPS,TP
continuous_0384_S6_strategy2.npz,661-756,NUMBER,NUMBER,TP
continuous_0385_S6_strategy2.npz,0-165,COLOR,COLOR,TP
continuous_0385_S6_strategy2.npz,165-331,NUMBER,NUMBER,TP
continuous_0385_S6_strategy2.npz,331-498,FOOD,FOOD,TP
continuous_0385_S6_strategy2.npz,498-582,-,GREETING,FP
continuous_0385_S6_strategy2.npz,582-664,SURVIVAL,SURVIVAL,TP
continuous_0385_S6_strategy2.npz,664-831,FAMILY,FAMILY,TP
continuous_0385_S6_strategy2.npz,831-915,DAYS,DAYS,TP
continuous_0385_S6_strategy2.npz,392-537,GREETING,-,FN
continuous_0386_S6_strategy2.npz,0-160,FAMILY,FAMILY,TP
continuous_0386_S6_strategy2.npz,160-241,-,NUMBER,FP
continuous_0386_S6_strategy2.npz,241-322,GREETING,GREETING,TP
continuous_0386_S6_strategy2.npz,322-484,DRINK,DRINK,TP
continuous_0386_S6_strategy2.npz,484-565,FOOD,FOOD,TP
continuous_0386_S6_strategy2.npz,565-727,RELATIONSHIPS,RELATIONSHIPS,TP
continuous_0386_S6_strategy2.npz,727-808,SURVIVAL,SURVIVAL,TP
continuous_0386_S6_strategy2.npz,808-889,COLOR,COLOR,TP
continuous_0387_S6_strategy2.npz,0-148,NUMBER,NUMBER,TP
continuous_0387_S6_strategy2.npz,148-297,FOOD,FOOD,TP
continuous_0387_S6_strategy2.npz,297-372,GREETING,GREETING,TP
continuous_0387_S6_strategy2.npz,372-522,DRINK,DRINK,TP
continuous_0387_S6_strategy2.npz,522-595,DAYS,DAYS,TP
continuous_0387_S6_strategy2.npz,595-670,-,NUMBER,FP
continuous_0387_S6_strategy2.npz,670-819,CALENDAR,CALENDAR,TP
continuous_0387_S6_strategy2.npz,819-894,SURVIVAL,SURVIVAL,TP
continuous_0388_S6_strategy2.npz,0-93,DAYS,DAYS,TP
continuous_0388_S6_strategy2.npz,93-282,FAMILY,FAMILY,TP
continuous_0388_S6_strategy2.npz,282-469,GREETING,GREETING,TP
continuous_0388_S6_strategy2.npz,469-564,SURVIVAL,SURVIVAL,TP
continuous_0388_S6_strategy2.npz,564-657,DRINK,DRINK,TP
continuous_0388_S6_strategy2.npz,657-751,COLOR,COLOR,TP
continuous_0389_S6_strategy2.npz,0-144,CALENDAR,CALENDAR,TP
continuous_0389_S6_strategy2.npz,144-216,RELATIONSHIPS,RELATIONSHIPS,TP
continuous_0389_S6_strategy2.npz,216-289,-,SURVIVAL,FP
continuous_0389_S6_strategy2.npz,289-435,DAYS,DAYS,TP
continuous_0389_S6_strategy2.npz,435-507,-,FAMILY,FP
continuous_0389_S6_strategy2.npz,507-580,-,COLOR,FP
continuous_0389_S6_strategy2.npz,580-726,GREETING,SURVIVAL,FP
continuous_0389_S6_strategy2.npz,726-798,FOOD,FOOD,TP
continuous_0389_S6_strategy2.npz,381-508,FAMILY,-,FN
continuous_0389_S6_strategy2.npz,508-681,GREETING,SURVIVAL,FN
continuous_0390_S6_strategy2.npz,0-138,CALENDAR,CALENDAR,TP
continuous_0390_S6_strategy2.npz,138-277,NUMBER,NUMBER,TP
continuous_0390_S6_strategy2.npz,277-417,FOOD,FOOD,TP
continuous_0390_S6_strategy2.npz,417-486,FAMILY,FAMILY,TP
continuous_0390_S6_strategy2.npz,486-555,-,SURVIVAL,FP
continuous_0390_S6_strategy2.npz,555-625,-,SURVIVAL,FP
continuous_0390_S6_strategy2.npz,625-696,-,RELATIONSHIPS,FP
continuous_0390_S6_strategy2.npz,696-834,-,RELATIONSHIPS,FP
continuous_0390_S6_strategy2.npz,834-904,DAYS,DAYS,TP
continuous_0390_S6_strategy2.npz,522-656,SURVIVAL,-,FN
continuous_0390_S6_strategy2.npz,656-784,RELATIONSHIPS,-,FN
continuous_0391_S6_strategy2.npz,0-195,SURVIVAL,SURVIVAL,TP
continuous_0391_S6_strategy2.npz,195-390,DRINK,DRINK,TP
continuous_0391_S6_strategy2.npz,390-487,CALENDAR,CALENDAR,TP
continuous_0391_S6_strategy2.npz,487-585,FOOD,FOOD,TP
continuous_0391_S6_strategy2.npz,585-684,COLOR,COLOR,TP
continuous_0391_S6_strategy2.npz,684-781,DAYS,DAYS,TP
continuous_0392_S6_strategy2.npz,0-73,NUMBER,NUMBER,TP
continuous_0392_S6_strategy2.npz,73-223,DAYS,DAYS,TP
continuous_0392_S6_strategy2.npz,223-298,-,FOOD,FP
continuous_0392_S6_strategy2.npz,298-373,-,RELATIONSHIPS,FP
continuous_0392_S6_strategy2.npz,373-523,DRINK,DRINK,TP
continuous_0392_S6_strategy2.npz,523-673,GREETING,GREETING,TP
continuous_0392_S6_strategy2.npz,673-748,CALENDAR,CALENDAR,TP
continuous_0392_S6_strategy2.npz,748-823,-,FAMILY,FP
continuous_0392_S6_strategy2.npz,823-898,RELATIONSHIPS,RELATIONSHIPS,TP
continuous_0392_S6_strategy2.npz,257-393,FOOD,-,FN
continuous_0393_S6_strategy2.npz,0-79,DRINK,DRINK,TP
continuous_0393_S6_strategy2.npz,79-159,-,DAYS,FP
continuous_0393_S6_strategy2.npz,159-240,-,FAMILY,FP
continuous_0393_S6_strategy2.npz,240-321,-,NUMBER,FP
continuous_0393_S6_strategy2.npz,321-481,GREETING,GREETING,TP
continuous_0393_S6_strategy2.npz,481-642,CALENDAR,CALENDAR,TP
continuous_0393_S6_strategy2.npz,642-802,NUMBER,NUMBER,TP
continuous_0393_S6_strategy2.npz,802-883,FOOD,FOOD,TP
continuous_0393_S6_strategy2.npz,127-254,DAYS,-,FN
continuous_0393_S6_strategy2.npz,254-382,FAMILY,-,FN
continuous_0394_S6_strategy2.npz,0-171,DRINK,DRINK,TP
continuous_0394_S6_strategy2.npz,171-345,FAMILY,FAMILY,TP
continuous_0394_S6_strategy2.npz,345-517,NUMBER,NUMBER,TP
continuous_0394_S6_strategy2.npz,517-604,-,GREETING,FP
continuous_0394_S6_strategy2.npz,604-690,FOOD,FOOD,TP
continuous_0394_S6_strategy2.npz,690-777,DAYS,DAYS,TP
continuous_0394_S6_strategy2.npz,377-521,GREETING,-,FN
continuous_0395_S6_strategy2.npz,0-177,CALENDAR,CALENDAR,TP
continuous_0395_S6_strategy2.npz,177-265,NUMBER,NUMBER,TP
continuous_0395_S6_strategy2.npz,265-442,FAMILY,FAMILY,TP
continuous_0395_S6_strategy2.npz,442-619,RELATIONSHIPS,RELATIONSHIPS,TP
continuous_0395_S6_strategy2.npz,619-708,COLOR,COLOR,TP
continuous_0395_S6_strategy2.npz,708-798,FOOD,FOOD,TP
continuous_0395_S6_strategy2.npz,798-886,DAYS,SURVIVAL,FP
continuous_0395_S6_strategy2.npz,755-883,DAYS,SURVIVAL,FN
continuous_0396_S6_strategy2.npz,0-111,RELATIONSHIPS,RELATIONSHIPS,TP
continuous_0396_S6_strategy2.npz,111-222,COLOR,COLOR,TP
continuous_0396_S6_strategy2.npz,222-333,DRINK,DRINK,TP
continuous_0396_S6_strategy2.npz,333-555,SURVIVAL,SURVIVAL,TP
continuous_0396_S6_strategy2.npz,555-666,GREETING,GREETING,TP
continuous_0396_S6_strategy2.npz,666-777,DAYS,DAYS,TP
continuous_0396_S6_strategy2.npz,777-888,NUMBER,NUMBER,TP
continuous_0397_S6_strategy2.npz,0-127,CALENDAR,CALENDAR,TP
continuous_0397_S6_strategy2.npz,127-255,COLOR,COLOR,TP
continuous_0397_S6_strategy2.npz,255-384,FAMILY,FAMILY,TP
continuous_0397_S6_strategy2.npz,384-511,RELATIONSHIPS,RELATIONSHIPS,TP
continuous_0397_S6_strategy2.npz,511-639,DRINK,DRINK,TP
continuous_0397_S6_strategy2.npz,639-768,DAYS,DAYS,TP
continuous_0398_S6_strategy2.npz,0-75,FOOD,FOOD,TP
continuous_0398_S6_strategy2.npz,75-150,-,DAYS,FP
continuous_0398_S6_strategy2.npz,150-300,DRINK,DRINK,TP
continuous_0398_S6_strategy2.npz,300-525,GREETING,GREETING,TP
continuous_0398_S6_strategy2.npz,525-600,NUMBER,NUMBER,TP
continuous_0398_S6_strategy2.npz,600-675,-,CALENDAR,FP
continuous_0398_S6_strategy2.npz,675-825,CALENDAR,CALENDAR,TP
continuous_0398_S6_strategy2.npz,825-900,SURVIVAL,SURVIVAL,TP
continuous_0398_S6_strategy2.npz,127-246,DAYS,-,FN
continuous_0399_S6_strategy2.npz,0-87,NUMBER,NUMBER,TP
continuous_0399_S6_strategy2.npz,87-177,FOOD,FOOD,TP
continuous_0399_S6_strategy2.npz,177-265,-,DAYS,FP
continuous_0399_S6_strategy2.npz,265-354,-,RELATIONSHIPS,FP
continuous_0399_S6_strategy2.npz,354-444,-,DRINK,FP
continuous_0399_S6_strategy2.npz,444-621,GREETING,GREETING,TP
continuous_0399_S6_strategy2.npz,621-799,COLOR,COLOR,TP
continuous_0399_S6_strategy2.npz,799-888,CALENDAR,CALENDAR,TP
continuous_0399_S6_strategy2.npz,264-392,DAYS,-,FN
continuous_0399_S6_strategy2.npz,392-519,RELATIONSHIPS,-,FN
continuous_0400_S6_strategy2.npz,0-84,NUMBER,NUMBER,TP
continuous_0400_S6_strategy2.npz,84-253,FAMILY,FAMILY,TP
continuous_0400_S6_strategy2.npz,253-339,DAYS,DAYS,TP
continuous_0400_S6_strategy2.npz,339-423,-,CALENDAR,FP
continuous_0400_S6_strategy2.npz,423-508,-,SURVIVAL,FP
continuous_0400_S6_strategy2.npz,508-594,FOOD,FOOD,TP
continuous_0400_S6_strategy2.npz,594-678,-,RELATIONSHIPS,FP
continuous_0400_S6_strategy2.npz,678-763,GREETING,GREETING,TP
continuous_0400_S6_strategy2.npz,385-513,CALENDAR,-,FN
continuous_0401_S6_strategy2.npz,0-84,NUMBER,NUMBER,TP
continuous_0401_S6_strategy2.npz,84-253,RELATIONSHIPS,RELATIONSHIPS,TP
continuous_0401_S6_strategy2.npz,253-339,FOOD,FOOD,TP
continuous_0401_S6_strategy2.npz,339-423,-,FAMILY,FP
continuous_0401_S6_strategy2.npz,423-508,-,CALENDAR,FP
continuous_0401_S6_strategy2.npz,508-678,CALENDAR,CALENDAR,TP
continuous_0401_S6_strategy2.npz,678-763,DAYS,DAYS,TP
continuous_0401_S6_strategy2.npz,385-513,FAMILY,-,FN
continuous_0402_S6_strategy2.npz,0-153,RELATIONSHIPS,RELATIONSHIPS,TP
continuous_0402_S6_strategy2.npz,153-229,NUMBER,NUMBER,TP
continuous_0402_S6_strategy2.npz,229-306,SURVIVAL,SURVIVAL,TP
continuous_0402_S6_strategy2.npz,306-384,-,GREETING,FP
continuous_0402_S6_strategy2.npz,384-460,-,DRINK,FP
continuous_0402_S6_strategy2.npz,460-537,-,RELATIONSHIPS,FP
continuous_0402_S6_strategy2.npz,537-691,FOOD,FOOD,TP
continuous_0402_S6_strategy2.npz,691-768,FAMILY,FAMILY,TP
continuous_0402_S6_strategy2.npz,385-528,GREETING,-,FN
continuous_0403_S6_strategy2.npz,0-169,NUMBER,NUMBER,TP
continuous_0403_S6_strategy2.npz,169-255,FOOD,FOOD,TP
continuous_0403_S6_strategy2.npz,255-426,RELATIONSHIPS,RELATIONSHIPS,TP
continuous_0403_S6_strategy2.npz,426-510,DRINK,DRINK,TP
continuous_0403_S6_strategy2.npz,510-681,DAYS,DAYS,TP
continuous_0403_S6_strategy2.npz,681-766,FAMILY,FAMILY,TP
continuous_0404_S6_strategy2.npz,0-73,FOOD,FOOD,TP
continuous_0404_S6_strategy2.npz,73-222,RELATIONSHIPS,RELATIONSHIPS,TP
continuous_0404_S6_strategy2.npz,222-297,-,FAMILY,FP
continuous_0404_S6_strategy2.npz,297-447,DAYS,DAYS,TP
continuous_0404_S6_strategy2.npz,447-522,GREETING,GREETING,TP
continuous_0404_S6_strategy2.npz,522-670,SURVIVAL,SURVIVAL,TP
continuous_0404_S6_strategy2.npz,670-819,FAMILY,FAMILY,TP
continuous_0404_S6_strategy2.npz,819-894,CALENDAR,CALENDAR,TP
continuous_0405_S6_strategy2.npz,0-84,SURVIVAL,SURVIVAL,TP
continuous_0405_S6_strategy2.npz,84-168,-,RELATIONSHIPS,FP
continuous_0405_S6_strategy2.npz,168-252,FOOD,COLOR,FP
continuous_0405_S6_strategy2.npz,252-420,FAMILY,FAMILY,TP
continuous_0405_S6_strategy2.npz,420-504,DRINK,DRINK,TP
continuous_0405_S6_strategy2.npz,504-588,DAYS,DAYS,TP
continuous_0405_S6_strategy2.npz,588-672,-,DAYS,FP
continuous_0405_S6_strategy2.npz,672-757,GREETING,GREETING,TP
continuous_0405_S6_strategy2.npz,126-254,FOOD,COLOR,FN
continuous_0406_S6_strategy2.npz,0-139,DRINK,DRINK,TP
continuous_0406_S6_strategy2.npz,139-210,SURVIVAL,SURVIVAL,TP
continuous_0406_S6_strategy2.npz,210-280,-,FAMILY,FP
continuous_0406_S6_strategy2.npz,280-351,FAMILY,FAMILY,TP
continuous_0406_S6_strategy2.npz,351-420,-,COLOR,FP
continuous_0406_S6_strategy2.npz,420-490,RELATIONSHIPS,RELATIONSHIPS,TP
continuous_0406_S6_strategy2.npz,490-561,-,GREETING,FP
continuous_0406_S6_strategy2.npz,561-702,COLOR,COLOR,TP
continuous_0406_S6_strategy2.npz,702-771,FOOD,FOOD,TP
continuous_0407_S6_strategy2.npz,0-136,DAYS,DAYS,TP
continuous_0407_S6_strategy2.npz,136-205,-,SURVIVAL,FP
continuous_0407_S6_strategy2.npz,205-342,SURVIVAL,SURVIVAL,TP
continuous_0407_S6_strategy2.npz,342-480,GREETING,GREETING,TP
continuous_0407_S6_strategy2.npz,480-549,DRINK,DRINK,TP
continuous_0407_S6_strategy2.npz,549-687,CALENDAR,CALENDAR,TP
continuous_0407_S6_strategy2.npz,687-825,FOOD,FOOD,TP
continuous_0407_S6_strategy2.npz,825-894,COLOR,COLOR,TP
continuous_0408_S6_strategy2.npz,0-198,DRINK,DRINK,TP
continuous_0408_S6_strategy2.npz,198-297,COLOR,COLOR,TP
continuous_0408_S6_strategy2.npz,297-396,DAYS,DAYS,TP
continuous_0408_S6_strategy2.npz,396-495,FAMILY,FAMILY,TP
continuous_0408_S6_strategy2.npz,495-594,-,COLOR,FP
continuous_0408_S6_strategy2.npz,594-693,FOOD,FOOD,TP
continuous_0408_S6_strategy2.npz,693-792,RELATIONSHIPS,RELATIONSHIPS,TP
continuous_0408_S6_strategy2.npz,792-891,SURVIVAL,SURVIVAL,TP
continuous_0409_S6_strategy2.npz,0-99,RELATIONSHIPS,RELATIONSHIPS,TP
continuous_0409_S6_strategy2.npz,99-198,NUMBER,NUMBER,TP
continuous_0409_S6_strategy2.npz,198-298,DAYS,DAYS,TP
continuous_0409_S6_strategy2.npz,298-397,-,FOOD,FP
continuous_0409_S6_strategy2.npz,397-597,DRINK,DRINK,TP
continuous_0409_S6_strategy2.npz,597-696,COLOR,COLOR,TP
continuous_0409_S6_strategy2.npz,696-796,-,NUMBER,FP
continuous_0409_S6_strategy2.npz,796-897,GREETING,GREETING,TP
continuous_0409_S6_strategy2.npz,380-503,FOOD,-,FN
continuous_0410_S6_strategy2.npz,0-75,NUMBER,NUMBER,TP
continuous_0410_S6_strategy2.npz,75-151,-,RELATIONSHIPS,FP
continuous_0410_S6_strategy2.npz,151-304,RELATIONSHIPS,RELATIONSHIPS,TP
continuous_0410_S6_strategy2.npz,304-381,DAYS,DAYS,TP
continuous_0410_S6_strategy2.npz,381-534,SURVIVAL,SURVIVAL,TP
continuous_0410_S6_strategy2.npz,534-687,FOOD,FOOD,TP
continuous_0410_S6_strategy2.npz,687-763,CALENDAR,CALENDAR,TP
continuous_0411_S6_strategy2.npz,0-94,GREETING,GREETING,TP
continuous_0411_S6_strategy2.npz,94-190,FAMILY,FAMILY,TP
continuous_0411_S6_strategy2.npz,190-285,-,SURVIVAL,FP
continuous_0411_S6_strategy2.npz,285-477,COLOR,COLOR,TP
continuous_0411_S6_strategy2.npz,477-573,CALENDAR,CALENDAR,TP
continuous_0411_S6_strategy2.npz,573-667,DRINK,DRINK,TP
continuous_0411_S6_strategy2.npz,667-763,DAYS,DAYS,TP
continuous_0412_S6_strategy2.npz,0-88,DRINK,DRINK,TP
continuous_0412_S6_strategy2.npz,88-177,RELATIONSHIPS,RELATIONSHIPS,TP
continuous_0412_S6_strategy2.npz,177-267,-,SURVIVAL,FP
continuous_0412_S6_strategy2.npz,267-355,-,NUMBER,FP
continuous_0412_S6_strategy2.npz,355-444,GREETING,GREETING,TP
continuous_0412_S6_strategy2.npz,444-534,DAYS,DAYS,TP
continuous_0412_S6_strategy2.npz,534-622,-,DRINK,FP
continuous_0412_S6_strategy2.npz,622-801,NUMBER,NUMBER,TP
continuous_0412_S6_strategy2.npz,801-889,COLOR,COLOR,TP
continuous_0412_S6_strategy2.npz,252-380,SURVIVAL,-,FN
continuous_0413_S6_strategy2.npz,0-144,COLOR,COLOR,TP
continuous_0413_S6_strategy2.npz,144-363,FAMILY,FAMILY,TP
continuous_0413_S6_strategy2.npz,363-435,DAYS,DAYS,TP
continuous_0413_S6_strategy2.npz,435-508,-,RELATIONSHIPS,FP
continuous_0413_S6_strategy2.npz,508-582,-,CALENDAR,FP
continuous_0413_S6_strategy2.npz,582-726,CALENDAR,CALENDAR,TP
continuous_0413_S6_strategy2.npz,726-799,SURVIVAL,SURVIVAL,TP
continuous_0413_S6_strategy2.npz,799-873,GREETING,GREETING,TP
continuous_0413_S6_strategy2.npz,372-499,RELATIONSHIPS,-,FN
continuous_0414_S6_strategy2.npz,0-79,FOOD,FOOD,TP
continuous_0414_S6_strategy2.npz,79-160,-,COLOR,FP
continuous_0414_S6_strategy2.npz,160-322,DRINK,DRINK,TP
continuous_0414_S6_strategy2.npz,322-484,CALENDAR,CALENDAR,TP
continuous_0414_S6_strategy2.npz,484-646,NUMBER,NUMBER,TP
continuous_0414_S6_strategy2.npz,646-727,RELATIONSHIPS,RELATIONSHIPS,TP
continuous_0414_S6_strategy2.npz,727-808,-,RELATIONSHIPS,FP
continuous_0414_S6_strategy2.npz,808-889,SURVIVAL,SURVIVAL,TP
continuous_0414_S6_strategy2.npz,126-253,COLOR,-,FN
continuous_0415_S6_strategy2.npz,0-138,GREETING,GREETING,TP
continuous_0415_S6_strategy2.npz,138-207,DAYS,DAYS,TP
continuous_0415_S6_strategy2.npz,207-345,COLOR,COLOR,TP
continuous_0415_S6_strategy2.npz,345-483,FOOD,FOOD,TP
continuous_0415_S6_strategy2.npz,483-622,CALENDAR,CALENDAR,TP
continuous_0415_S6_strategy2.npz,622-691,-,NUMBER,FP
continuous_0415_S6_strategy2.npz,691-760,NUMBER,NUMBER,TP
continuous_0415_S6_strategy2.npz,760-829,-,NUMBER,FP
continuous_0415_S6_strategy2.npz,829-900,SURVIVAL,SURVIVAL,TP
continuous_0416_S6_strategy2.npz,0-166,DAYS,DAYS,TP
continuous_0416_S6_strategy2.npz,166-250,NUMBER,NUMBER,TP
continuous_0416_S6_strategy2.npz,250-334,DRINK,DRINK,TP
continuous_0416_S6_strategy2.npz,334-501,GREETING,GREETING,TP
continuous_0416_S6_strategy2.npz,501-669,RELATIONSHIPS,RELATIONSHIPS,TP
continuous_0416_S6_strategy2.npz,669-753,SURVIVAL,SURVIVAL,TP
continuous_0417_S6_strategy2.npz,0-78,GREETING,GREETING,TP
continuous_0417_S6_strategy2.npz,78-234,RELATIONSHIPS,RELATIONSHIPS,TP
continuous_0417_S6_strategy2.npz,234-391,DRINK,DRINK,TP
continuous_0417_S6_strategy2.npz,391-547,FOOD,FOOD,TP
continuous_0417_S6_strategy2.npz,547-705,COLOR,COLOR,TP
continuous_0417_S6_strategy2.npz,705-783,CALENDAR,CALENDAR,TP
continuous_0418_S6_strategy2.npz,0-108,DAYS,DAYS,TP
continuous_0418_S6_strategy2.npz,108-216,NUMBER,NUMBER,TP
continuous_0418_S6_strategy2.npz,216-325,COLOR,COLOR,TP
continuous_0418_S6_strategy2.npz,325-433,-,DRINK,FP
continuous_0418_S6_strategy2.npz,433-651,GREETING,GREETING,TP
continuous_0418_S6_strategy2.npz,651-760,FAMILY,FAMILY,TP
continuous_0418_S6_strategy2.npz,387-513,DRINK,-,FN
continuous_0419_S6_strategy2.npz,0-174,SURVIVAL,SURVIVAL,TP
continuous_0419_S6_strategy2.npz,174-348,GREETING,GREETING,TP
continuous_0419_S6_strategy2.npz,348-436,NUMBER,NUMBER,TP
continuous_0419_S6_strategy2.npz,436-523,FOOD,FOOD,TP
continuous_0419_S6_strategy2.npz,523-699,FAMILY,FAMILY,TP
continuous_0419_S6_strategy2.npz,699-786,RELATIONSHIPS,RELATIONSHIPS,TP
continuous_0419_S6_strategy2.npz,786-873,-,CALENDAR,FP
continuous_0419_S6_strategy2.npz,761-888,CALENDAR,-,FN
continuous_0420_S6_strategy2.npz,0-198,FOOD,FOOD,TP
continuous_0420_S6_strategy2.npz,198-297,GREETING,FAMILY,FP
continuous_0420_S6_strategy2.npz,297-396,RELATIONSHIPS,RELATIONSHIPS,TP
continuous_0420_S6_strategy2.npz,396-595,FAMILY,FAMILY,TP
continuous_0420_S6_strategy2.npz,595-694,DAYS,DAYS,TP
continuous_0420_S6_strategy2.npz,694-793,NUMBER,COLOR,FP
continuous_0420_S6_strategy2.npz,793-894,DRINK,DRINK,TP
continuous_0420_S6_strategy2.npz,127-253,GREETING,FAMILY,FN
continuous_0420_S6_strategy2.npz,635-771,NUMBER,COLOR,FN
continuous_0421_S6_strategy2.npz,0-138,GREETING,GREETING,TP
continuous_0421_S6_strategy2.npz,138-207,FAMILY,FAMILY,TP
continuous_0421_S6_strategy2.npz,207-276,-,COLOR,FP
continuous_0421_S6_strategy2.npz,276-414,DAYS,DAYS,TP
continuous_0421_S6_strategy2.npz,414-552,FOOD,FOOD,TP
continuous_0421_S6_strategy2.npz,552-621,NUMBER,NUMBER,TP
continuous_0421_S6_strategy2.npz,621-690,-,COLOR,FP
continuous_0421_S6_strategy2.npz,690-759,DRINK,DRINK,TP
continuous_0422_S6_strategy2.npz,0-199,SURVIVAL,SURVIVAL,TP
continuous_0422_S6_strategy2.npz,199-300,FOOD,FOOD,TP
continuous_0422_S6_strategy2.npz,300-501,NUMBER,NUMBER,TP
continuous_0422_S6_strategy2.npz,501-601,CALENDAR,CALENDAR,TP
continuous_0422_S6_strategy2.npz,601-702,DAYS,DAYS,TP
continuous_0422_S6_strategy2.npz,702-801,DRINK,DRINK,TP
continuous_0422_S6_strategy2.npz,801-903,RELATIONSHIPS,RELATIONSHIPS,TP
continuous_0423_S6_strategy2.npz,0-145,SURVIVAL,SURVIVAL,TP
continuous_0423_S6_strategy2.npz,145-292,CALENDAR,CALENDAR,TP
continuous_0423_S6_strategy2.npz,292-439,RELATIONSHIPS,RELATIONSHIPS,TP
continuous_0423_S6_strategy2.npz,439-513,GREETING,GREETING,TP
continuous_0423_S6_strategy2.npz,513-586,-,FOOD,FP
continuous_0423_S6_strategy2.npz,586-660,COLOR,COLOR,TP
continuous_0423_S6_strategy2.npz,660-733,FAMILY,FAMILY,TP
continuous_0423_S6_strategy2.npz,733-807,-,FAMILY,FP
continuous_0423_S6_strategy2.npz,807-880,NUMBER,NUMBER,TP
continuous_0424_S6_strategy2.npz,0-111,GREETING,GREETING,TP
continuous_0424_S6_strategy2.npz,111-222,CALENDAR,CALENDAR,TP
continuous_0424_S6_strategy2.npz,222-333,RELATIONSHIPS,RELATIONSHIPS,TP
continuous_0424_S6_strategy2.npz,333-444,-,COLOR,FP
continuous_0424_S6_strategy2.npz,444-555,-,NUMBER,FP
continuous_0424_S6_strategy2.npz,555-666,-,SURVIVAL,FP
continuous_0424_S6_strategy2.npz,666-777,SURVIVAL,SURVIVAL,TP
continuous_0424_S6_strategy2.npz,393-520,COLOR,-,FN
continuous_0424_S6_strategy2.npz,520-653,NUMBER,-,FN
continuous_0425_S6_strategy2.npz,0-85,NUMBER,NUMBER,TP
continuous_0425_S6_strategy2.npz,85-258,SURVIVAL,SURVIVAL,TP
continuous_0425_S6_strategy2.npz,258-343,-,GREETING,FP
continuous_0425_S6_strategy2.npz,343-516,FOOD,FOOD,TP
continuous_0425_S6_strategy2.npz,516-603,GREETING,GREETING,TP
continuous_0425_S6_strategy2.npz,603-688,DAYS,DAYS,TP
continuous_0425_S6_strategy2.npz,688-775,FAMILY,FAMILY,TP
continuous_0426_S6_strategy2.npz,0-88,SURVIVAL,SURVIVAL,TP
continuous_0426_S6_strategy2.npz,88-267,CALENDAR,CALENDAR,TP
continuous_0426_S6_strategy2.npz,267-355,NUMBER,NUMBER,TP
continuous_0426_S6_strategy2.npz,355-534,FOOD,FOOD,TP
continuous_0426_S6_strategy2.npz,534-622,GREETING,RELATIONSHIPS,FP
continuous_0426_S6_strategy2.npz,622-711,-,DAYS,FP
continuous_0426_S6_strategy2.npz,711-801,RELATIONSHIPS,RELATIONSHIPS,TP
continuous_0426_S6_strategy2.npz,801-891,DRINK,DRINK,TP
continuous_0426_S6_strategy2.npz,517-659,GREETING,RELATIONSHIPS,FN
continuous_0427_S6_strategy2.npz,0-135,DRINK,DRINK,TP
continuous_0427_S6_strategy2.npz,135-204,RELATIONSHIPS,RELATIONSHIPS,TP
continuous_0427_S6_strategy2.npz,204-273,-,FAMILY,FP
continuous_0427_S6_strategy2.npz,273-409,SURVIVAL,SURVIVAL,TP
continuous_0427_S6_strategy2.npz,409-546,COLOR,COLOR,TP
continuous_0427_S6_strategy2.npz,546-684,CALENDAR,CALENDAR,TP
continuous_0427_S6_strategy2.npz,684-753,DAYS,DAYS,TP
continuous_0428_S6_strategy2.npz,0-87,RELATIONSHIPS,RELATIONSHIPS,TP
continuous_0428_S6_strategy2.npz,87-175,-,DRINK,FP
continuous_0428_S6_strategy2.npz,175-264,-,DRINK,FP
continuous_0428_S6_strategy2.npz,264-351,-,COLOR,FP
continuous_0428_S6_strategy2.npz,351-439,SURVIVAL,SURVIVAL,TP
continuous_0428_S6_strategy2.npz,439-528,DAYS,DAYS,TP
continuous_0428_S6_strategy2.npz,528-703,FAMILY,FAMILY,TP
continuous_0428_S6_strategy2.npz,703-792,GREETING,GREETING,TP
continuous_0428_S6_strategy2.npz,792-879,CALENDAR,CALENDAR,TP
continuous_0428_S6_strategy2.npz,127-254,DRINK,-,FN
continuous_0429_S6_strategy2.npz,0-168,FOOD,FOOD,TP
continuous_0429_S6_strategy2.npz,168-252,NUMBER,NUMBER,TP
continuous_0429_S6_strategy2.npz,252-421,DRINK,DRINK,TP
continuous_0429_S6_strategy2.npz,421-506,COLOR,COLOR,TP
continuous_0429_S6_strategy2.npz,506-591,-,RELATIONSHIPS,FP
continuous_0429_S6_strategy2.npz,591-675,RELATIONSHIPS,RELATIONSHIPS,TP
continuous_0429_S6_strategy2.npz,675-760,GREETING,GREETING,TP
continuous_0430_S6_strategy2.npz,0-109,GREETING,GREETING,TP
continuous_0430_S6_strategy2.npz,109-219,DAYS,DAYS,TP
continuous_0430_S6_strategy2.npz,219-330,DRINK,DRINK,TP
continuous_0430_S6_strategy2.npz,330-441,-,SURVIVAL,FP
continuous_0430_S6_strategy2.npz,441-552,RELATIONSHIPS,RELATIONSHIPS,TP
continuous_0430_S6_strategy2.npz,552-661,SURVIVAL,SURVIVAL,TP
continuous_0430_S6_strategy2.npz,661-772,CALENDAR,CALENDAR,TP
continuous_0431_S6_strategy2.npz,0-163,NUMBER,NUMBER,TP
continuous_0431_S6_strategy2.npz,163-245,COLOR,COLOR,TP
continuous_0431_S6_strategy2.npz,245-327,-,CALENDAR,FP
continuous_0431_S6_strategy2.npz,327-409,-,CALENDAR,FP
continuous_0431_S6_strategy2.npz,409-491,-,CALENDAR,FP
continuous_0431_S6_strategy2.npz,491-573,FOOD,FOOD,TP
continuous_0431_S6_strategy2.npz,573-655,RELATIONSHIPS,RELATIONSHIPS,TP
continuous_0431_S6_strategy2.npz,655-738,SURVIVAL,SURVIVAL,TP
continuous_0431_S6_strategy2.npz,263-386,CALENDAR,-,FN
continuous_0432_S6_strategy2.npz,0-84,RELATIONSHIPS,RELATIONSHIPS,TP
continuous_0432_S6_strategy2.npz,84-253,SURVIVAL,SURVIVAL,TP
continuous_0432_S6_strategy2.npz,253-337,FOOD,FOOD,TP
continuous_0432_S6_strategy2.npz,337-423,COLOR,COLOR,TP
continuous_0432_S6_strategy2.npz,423-507,-,DRINK,FP
continuous_0432_S6_strategy2.npz,507-676,FAMILY,FAMILY,TP
continuous_0432_S6_strategy2.npz,676-762,DRINK,DRINK,TP
continuous_0433_S6_strategy2.npz,0-84,COLOR,COLOR,TP
continuous_0433_S6_strategy2.npz,84-255,FOOD,FOOD,TP
continuous_0433_S6_strategy2.npz,255-426,SURVIVAL,SURVIVAL,TP
continuous_0433_S6_strategy2.npz,426-597,DRINK,DRINK,TP
continuous_0433_S6_strategy2.npz,597-682,FAMILY,FAMILY,TP
continuous_0433_S6_strategy2.npz,682-768,CALENDAR,CALENDAR,TP
continuous_0434_S6_strategy2.npz,0-108,COLOR,COLOR,TP
continuous_0434_S6_strategy2.npz,108-217,SURVIVAL,SURVIVAL,TP
continuous_0434_S6_strategy2.npz,217-327,CALENDAR,CALENDAR,TP
continuous_0434_S6_strategy2.npz,327-435,FAMILY,FAMILY,TP
continuous_0434_S6_strategy2.npz,435-544,-,FAMILY,FP
continuous_0434_S6_strategy2.npz,544-654,-,DRINK,FP
continuous_0434_S6_strategy2.npz,654-763,DAYS,DAYS,TP
continuous_0434_S6_strategy2.npz,516-643,RELATIONSHIPS,-,FN
continuous_0435_S6_strategy2.npz,0-99,COLOR,COLOR,TP
continuous_0435_S6_strategy2.npz,99-198,DAYS,CALENDAR,FP
continuous_0435_S6_strategy2.npz,198-399,RELATIONSHIPS,RELATIONSHIPS,TP
continuous_0435_S6_strategy2.npz,399-498,NUMBER,NUMBER,TP
continuous_0435_S6_strategy2.npz,498-598,-,SURVIVAL,FP
continuous_0435_S6_strategy2.npz,598-699,-,FAMILY,FP
continuous_0435_S6_strategy2.npz,699-798,FOOD,FOOD,TP
continuous_0435_S6_strategy2.npz,798-898,CALENDAR,CALENDAR,TP
continuous_0435_S6_strategy2.npz,521-649,FAMILY,-,FN
continuous_0435_S6_strategy2.npz,128-255,DAYS,CALENDAR,FN
continuous_0436_S6_strategy2.npz,0-138,DAYS,DAYS,TP
continuous_0436_S6_strategy2.npz,138-276,FOOD,FOOD,TP
continuous_0436_S6_strategy2.npz,276-415,SURVIVAL,SURVIVAL,TP
continuous_0436_S6_strategy2.npz,415-553,DRINK,DRINK,TP
continuous_0436_S6_strategy2.npz,553-693,CALENDAR,CALENDAR,TP
continuous_0436_S6_strategy2.npz,693-762,RELATIONSHIPS,RELATIONSHIPS,TP
continuous_0437_S6_strategy2.npz,0-96,DAYS,DAYS,TP
continuous_0437_S6_strategy2.npz,96-192,FAMILY,FAMILY,TP
continuous_0437_S6_strategy2.npz,192-288,-,RELATIONSHIPS,FP
continuous_0437_S6_strategy2.npz,288-480,CALENDAR,CALENDAR,TP
continuous_0437_S6_strategy2.npz,480-576,SURVIVAL,SURVIVAL,TP
continuous_0437_S6_strategy2.npz,576-768,COLOR,COLOR,TP
continuous_0437_S6_strategy2.npz,768-864,GREETING,GREETING,TP
continuous_0437_S6_strategy2.npz,250-369,RELATIONSHIPS,-,FN
continuous_0438_S6_strategy2.npz,0-90,RELATIONSHIPS,RELATIONSHIPS,TP
continuous_0438_S6_strategy2.npz,90-180,-,FOOD,FP
continuous_0438_S6_strategy2.npz,180-270,-,FOOD,FP
continuous_0438_S6_strategy2.npz,270-360,DAYS,DAYS,TP
continuous_0438_S6_strategy2.npz,360-450,COLOR,COLOR,TP
continuous_0438_S6_strategy2.npz,450-540,-,RELATIONSHIPS,FP
continuous_0438_S6_strategy2.npz,540-630,SURVIVAL,SURVIVAL,TP
continuous_0438_S6_strategy2.npz,630-720,FAMILY,FAMILY,TP
continuous_0438_S6_strategy2.npz,720-810,-,FAMILY,FP
continuous_0438_S6_strategy2.npz,810-900,DRINK,DRINK,TP
continuous_0438_S6_strategy2.npz,127-254,FOOD,-,FN
continuous_0439_S6_strategy2.npz,0-75,-,COLOR,FP
continuous_0439_S6_strategy2.npz,75-153,-,RELATIONSHIPS,FP
continuous_0439_S6_strategy2.npz,153-306,NUMBER,NUMBER,TP
continuous_0439_S6_strategy2.npz,306-459,SURVIVAL,SURVIVAL,TP
continuous_0439_S6_strategy2.npz,459-612,DAYS,DAYS,TP
continuous_0439_S6_strategy2.npz,612-688,CALENDAR,CALENDAR,TP
continuous_0439_S6_strategy2.npz,688-765,FOOD,FOOD,TP
continuous_0439_S6_strategy2.npz,0-127,COLOR,-,FN
continuous_0440_S6_strategy2.npz,0-75,CALENDAR,CALENDAR,TP
continuous_0440_S6_strategy2.npz,75-150,-,NUMBER,FP
continuous_0440_S6_strategy2.npz,150-301,DAYS,DAYS,TP
continuous_0440_S6_strategy2.npz,301-376,-,NUMBER,FP
continuous_0440_S6_strategy2.npz,376-528,GREETING,GREETING,TP
continuous_0440_S6_strategy2.npz,528-603,SURVIVAL,SURVIVAL,TP
continuous_0440_S6_strategy2.npz,603-678,-,COLOR,FP
continuous_0440_S6_strategy2.npz,678-754,FOOD,FOOD,TP
continuous_0440_S6_strategy2.npz,112-248,NUMBER,-,FN
continuous_0441_S6_strategy2.npz,0-163,FOOD,FOOD,TP
continuous_0441_S6_strategy2.npz,163-246,-,NUMBER,FP
continuous_0441_S6_strategy2.npz,246-328,GREETING,GREETING,TP
continuous_0441_S6_strategy2.npz,328-411,FAMILY,FAMILY,TP
continuous_0441_S6_strategy2.npz,411-493,NUMBER,NUMBER,TP
continuous_0441_S6_strategy2.npz,493-658,DAYS,DAYS,TP
continuous_0441_S6_strategy2.npz,658-823,CALENDAR,CALENDAR,TP
continuous_0441_S6_strategy2.npz,823-906,RELATIONSHIPS,RELATIONSHIPS,TP
continuous_0442_S6_strategy2.npz,0-87,COLOR,COLOR,TP
continuous_0442_S6_strategy2.npz,87-264,NUMBER,NUMBER,TP
continuous_0442_S6_strategy2.npz,264-352,FOOD,FOOD,TP
continuous_0442_S6_strategy2.npz,352-529,CALENDAR,CALENDAR,TP
continuous_0442_S6_strategy2.npz,529-618,SURVIVAL,SURVIVAL,TP
continuous_0442_S6_strategy2.npz,618-795,DRINK,DRINK,TP
continuous_0442_S6_strategy2.npz,795-883,RELATIONSHIPS,RELATIONSHIPS,TP
continuous_0443_S6_strategy2.npz,0-73,FOOD,FOOD,TP
continuous_0443_S6_strategy2.npz,73-222,DRINK,DRINK,TP
continuous_0443_S6_strategy2.npz,222-369,RELATIONSHIPS,RELATIONSHIPS,TP
continuous_0443_S6_strategy2.npz,369-517,CALENDAR,CALENDAR,TP
continuous_0443_S6_strategy2.npz,517-666,FAMILY,FAMILY,TP
continuous_0443_S6_strategy2.npz,666-813,COLOR,COLOR,TP
continuous_0443_S6_strategy2.npz,813-888,GREETING,GREETING,TP
continuous_0444_S6_strategy2.npz,0-160,FOOD,FOOD,TP
continuous_0444_S6_strategy2.npz,160-241,NUMBER,NUMBER,TP
continuous_0444_S6_strategy2.npz,241-321,COLOR,COLOR,TP
continuous_0444_S6_strategy2.npz,321-483,DAYS,DAYS,TP
continuous_0444_S6_strategy2.npz,483-645,GREETING,GREETING,TP
continuous_0444_S6_strategy2.npz,645-807,CALENDAR,CALENDAR,TP
continuous_0444_S6_strategy2.npz,807-888,DRINK,DRINK,TP
continuous_0445_S6_strategy2.npz,0-84,COLOR,COLOR,TP
continuous_0445_S6_strategy2.npz,84-168,DAYS,DAYS,TP
continuous_0445_S6_strategy2.npz,168-337,FAMILY,FAMILY,TP
continuous_0445_S6_strategy2.npz,337-423,-,DRINK,FP
continuous_0445_S6_strategy2.npz,423-507,-,COLOR,FP
continuous_0445_S6_strategy2.npz,507-676,GREETING,GREETING,TP
continuous_0445_S6_strategy2.npz,676-762,SURVIVAL,SURVIVAL,TP
continuous_0445_S6_strategy2.npz,376-504,DRINK,-,FN
continuous_0446_S6_strategy2.npz,0-138,FAMILY,FAMILY,TP
continuous_0446_S6_strategy2.npz,138-279,COLOR,COLOR,TP
continuous_0446_S6_strategy2.npz,279-348,DAYS,DAYS,TP
continuous_0446_S6_strategy2.npz,348-417,-,FOOD,FP
continuous_0446_S6_strategy2.npz,417-487,-,COLOR,FP
continuous_0446_S6_strategy2.npz,487-558,-,NUMBER,FP
continuous_0446_S6_strategy2.npz,558-627,GREETING,GREETING,TP
continuous_0446_S6_strategy2.npz,627-696,CALENDAR,CALENDAR,TP
continuous_0446_S6_strategy2.npz,696-766,-,CALENDAR,FP
continuous_0446_S6_strategy2.npz,766-837,-,NUMBER,FP
continuous_0446_S6_strategy2.npz,837-906,NUMBER,NUMBER,TP
continuous_0446_S6_strategy2.npz,382-509,FOOD,-,FN
continuous_0447_S6_strategy2.npz,0-162,DRINK,DRINK,TP
continuous_0447_S6_strategy2.npz,162-243,DAYS,DAYS,TP
continuous_0447_S6_strategy2.npz,243-324,-,FAMILY,FP
continuous_0447_S6_strategy2.npz,324-406,FAMILY,FAMILY,TP
continuous_0447_S6_strategy2.npz,406-570,GREETING,NUMBER,FP
continuous_0447_S6_strategy2.npz,570-651,NUMBER,NUMBER,TP
continuous_0447_S6_strategy2.npz,651-732,CALENDAR,CALENDAR,TP
continuous_0447_S6_strategy2.npz,732-813,-,CALENDAR,FP
continuous_0447_S6_strategy2.npz,813-895,FOOD,FOOD,TP
continuous_0447_S6_strategy2.npz,370-509,GREETING,NUMBER,FN
continuous_0448_S6_strategy2.npz,0-153,RELATIONSHIPS,RELATIONSHIPS,TP
continuous_0448_S6_strategy2.npz,153-307,COLOR,COLOR,TP
continuous_0448_S6_strategy2.npz,307-385,GREETING,GREETING,TP
continuous_0448_S6_strategy2.npz,385-540,FAMILY,FAMILY,TP
continuous_0448_S6_strategy2.npz,540-693,NUMBER,NUMBER,TP
continuous_0448_S6_strategy2.npz,693-771,CALENDAR,CALENDAR,TP
continuous_0449_S6_strategy2.npz,0-147,DRINK,DRINK,TP
continuous_0449_S6_strategy2.npz,147-222,CALENDAR,CALENDAR,TP
continuous_0449_S6_strategy2.npz,222-295,-,NUMBER,FP
continuous_0449_S6_strategy2.npz,295-369,DAYS,DAYS,TP
continuous_0449_S6_strategy2.npz,369-517,COLOR,COLOR,TP
continuous_0449_S6_strategy2.npz,517-666,RELATIONSHIPS,RELATIONSHIPS,TP
continuous_0449_S6_strategy2.npz,666-813,GREETING,GREETING,TP
continuous_0449_S6_strategy2.npz,813-888,NUMBER,NUMBER,TP
continuous_0450_S6_strategy2.npz,0-165,CALENDAR,CALENDAR,TP
continuous_0450_S6_strategy2.npz,165-249,-,NUMBER,FP
continuous_0450_S6_strategy2.npz,249-333,GREETING,GREETING,TP
continuous_0450_S6_strategy2.npz,333-417,DAYS,DAYS,TP
continuous_0450_S6_strategy2.npz,417-583,RELATIONSHIPS,RELATIONSHIPS,TP
continuous_0450_S6_strategy2.npz,583-666,DRINK,DRINK,TP
continuous_0450_S6_strategy2.npz,666-750,-,COLOR,FP
continuous_0450_S6_strategy2.npz,750-834,-,COLOR,FP
continuous_0450_S6_strategy2.npz,834-918,NUMBER,NUMBER,TP
continuous_0450_S6_strategy2.npz,661-787,COLOR,-,FN
continuous_0451_S6_strategy2.npz,0-111,COLOR,COLOR,TP
continuous_0451_S6_strategy2.npz,111-225,NUMBER,NUMBER,TP
continuous_0451_S6_strategy2.npz,225-337,-,NUMBER,FP
continuous_0451_S6_strategy2.npz,337-450,GREETING,GREETING,TP
continuous_0451_S6_strategy2.npz,450-562,RELATIONSHIPS,FAMILY,FP
continuous_0451_S6_strategy2.npz,562-675,DAYS,DAYS,TP
continuous_0451_S6_strategy2.npz,675-789,FAMILY,FAMILY,TP
continuous_0451_S6_strategy2.npz,789-901,CALENDAR,CALENDAR,TP
continuous_0451_S6_strategy2.npz,406-534,RELATIONSHIPS,FAMILY,FN
continuous_0452_S6_strategy2.npz,0-87,COLOR,COLOR,TP
continuous_0452_S6_strategy2.npz,87-177,CALENDAR,CALENDAR,TP
continuous_0452_S6_strategy2.npz,177-265,-,DAYS,FP
continuous_0452_S6_strategy2.npz,265-354,NUMBER,NUMBER,TP
continuous_0452_S6_strategy2.npz,354-442,RELATIONSHIPS,COLOR,FP
continuous_0452_S6_strategy2.npz,442-531,-,GREETING,FP
continuous_0452_S6_strategy2.npz,531-798,DAYS,DAYS,TP
continuous_0452_S6_strategy2.npz,798-886,FAMILY,FAMILY,TP
continuous_0452_S6_strategy2.npz,506-634,GREETING,-,FN
continuous_0452_S6_strategy2.npz,378-506,RELATIONSHIPS,COLOR,FN
continuous_0453_S6_strategy2.npz,0-129,CALENDAR,CALENDAR,TP
continuous_0453_S6_strategy2.npz,129-258,NUMBER,NUMBER,TP
continuous_0453_S6_strategy2.npz,258-388,FAMILY,FAMILY,TP
continuous_0453_S6_strategy2.npz,388-519,GREETING,GREETING,TP
continuous_0453_S6_strategy2.npz,519-648,RELATIONSHIPS,RELATIONSHIPS,TP
continuous_0453_S6_strategy2.npz,648-778,COLOR,COLOR,TP
continuous_0454_S6_strategy2.npz,0-73,NUMBER,NUMBER,TP
continuous_0454_S6_strategy2.npz,73-147,-,NUMBER,FP
continuous_0454_S6_strategy2.npz,147-222,FAMILY,FAMILY,TP
continuous_0454_S6_strategy2.npz,222-297,-,COLOR,FP
continuous_0454_S6_strategy2.npz,297-370,-,NUMBER,FP
continuous_0454_S6_strategy2.npz,370-519,GREETING,GREETING,TP
continuous_0454_S6_strategy2.npz,519-594,RELATIONSHIPS,RELATIONSHIPS,TP
continuous_0454_S6_strategy2.npz,594-669,-,DRINK,FP
continuous_0454_S6_strategy2.npz,669-816,DAYS,DAYS,TP
continuous_0454_S6_strategy2.npz,816-891,CALENDAR,CALENDAR,TP
continuous_0454_S6_strategy2.npz,255-380,COLOR,-,FN
continuous_0455_S6_strategy2.npz,0-87,CALENDAR,CALENDAR,TP
continuous_0455_S6_strategy2.npz,87-264,DAYS,DAYS,TP
continuous_0455_S6_strategy2.npz,264-352,GREETING,GREETING,TP
continuous_0455_S6_strategy2.npz,352-441,FAMILY,FAMILY,TP
continuous_0455_S6_strategy2.npz,441-618,COLOR,COLOR,TP
continuous_0455_S6_strategy2.npz,618-793,NUMBER,NUMBER,TP
continuous_0455_S6_strategy2.npz,793-882,RELATIONSHIPS,RELATIONSHIPS,TP
continuous_0456_S6_strategy2.npz,0-81,CALENDAR,CALENDAR,TP
continuous_0456_S6_strategy2.npz,81-162,-,RELATIONSHIPS,FP
continuous_0456_S6_strategy2.npz,162-243,GREETING,GREETING,TP
continuous_0456_S6_strategy2.npz,243-324,-,FAMILY,FP
continuous_0456_S6_strategy2.npz,324-486,FAMILY,FAMILY,TP
continuous_0456_S6_strategy2.npz,486-648,RELATIONSHIPS,RELATIONSHIPS,TP
continuous_0456_S6_strategy2.npz,648-729,-,COLOR,FP
continuous_0456_S6_strategy2.npz,729-810,NUMBER,NUMBER,TP
continuous_0456_S6_strategy2.npz,810-891,DAYS,DAYS,TP
continuous_0456_S6_strategy2.npz,508-635,COLOR,-,FN
continuous_0457_S6_strategy2.npz,0-75,RELATIONSHIPS,RELATIONSHIPS,TP
continuous_0457_S6_strategy2.npz,75-151,-,RELATIONSHIPS,FP
continuous_0457_S6_strategy2.npz,151-303,GREETING,GREETING,TP
continuous_0457_S6_strategy2.npz,303-456,DAYS,DAYS,TP
continuous_0457_S6_strategy2.npz,456-532,NUMBER,NUMBER,TP
continuous_0457_S6_strategy2.npz,532-684,CALENDAR,CALENDAR,TP
continuous_0457_S6_strategy2.npz,684-837,FAMILY,FAMILY,TP
continuous_0457_S6_strategy2.npz,837-913,COLOR,COLOR,TP
continuous_0458_S6_strategy2.npz,0-195,CALENDAR,CALENDAR,TP
continuous_0458_S6_strategy2.npz,195-294,-,COLOR,FP
continuous_0458_S6_strategy2.npz,294-393,FAMILY,FAMILY,TP
continuous_0458_S6_strategy2.npz,393-589,COLOR,COLOR,TP
continuous_0458_S6_strategy2.npz,589-688,COLOR,COLOR,TP
continuous_0458_S6_strategy2.npz,688-786,COLOR,COLOR,TP
continuous_0458_S6_strategy2.npz,786-885,COLOR,COLOR,TP
continuous_0458_S6_strategy2.npz,126-253,COLOR,-,FN
continuous_0459_S6_strategy2.npz,0-126,COLOR,COLOR,TP
continuous_0459_S6_strategy2.npz,126-253,COLOR,COLOR,TP
continuous_0459_S6_strategy2.npz,253-381,CALENDAR,CALENDAR,TP
continuous_0459_S6_strategy2.npz,381-507,COLOR,COLOR,TP
continuous_0459_S6_strategy2.npz,507-634,CALENDAR,CALENDAR,TP
continuous_0459_S6_strategy2.npz,634-762,COLOR,COLOR,TP
continuous_0459_S6_strategy2.npz,762-889,COLOR,COLOR,TP
continuous_0460_S6_strategy2.npz,0-159,CALENDAR,CALENDAR,TP
continuous_0460_S6_strategy2.npz,159-240,COLOR,COLOR,TP
continuous_0460_S6_strategy2.npz,240-399,COLOR,COLOR,TP
continuous_0460_S6_strategy2.npz,399-561,COLOR,COLOR,TP
continuous_0460_S6_strategy2.npz,561-640,NUMBER,NUMBER,TP
continuous_0460_S6_strategy2.npz,640-720,COLOR,COLOR,TP
continuous_0460_S6_strategy2.npz,720-801,-,FOOD,FP
continuous_0460_S6_strategy2.npz,801-882,COLOR,COLOR,TP
continuous_0461_S6_strategy2.npz,0-139,FAMILY,FAMILY,TP
continuous_0461_S6_strategy2.npz,139-210,-,NUMBER,FP
continuous_0461_S6_strategy2.npz,210-279,NUMBER,NUMBER,TP
continuous_0461_S6_strategy2.npz,279-420,COLOR,COLOR,TP
continuous_0461_S6_strategy2.npz,420-559,RELATIONSHIPS,RELATIONSHIPS,TP
continuous_0461_S6_strategy2.npz,559-699,DAYS,DAYS,TP
continuous_0461_S6_strategy2.npz,699-771,CALENDAR,CALENDAR,TP
continuous_0462_S6_strategy2.npz,0-111,COLOR,COLOR,TP
continuous_0462_S6_strategy2.npz,111-222,CALENDAR,CALENDAR,TP
continuous_0462_S6_strategy2.npz,222-333,-,COLOR,FP
continuous_0462_S6_strategy2.npz,333-555,COLOR,COLOR,TP
continuous_0462_S6_strategy2.npz,555-777,CALENDAR,CALENDAR,TP
continuous_0462_S6_strategy2.npz,777-889,COLOR,COLOR,TP
continuous_0462_S6_strategy2.npz,255-376,CALENDAR,-,FN
continuous_0462_S6_strategy2.npz,376-503,COLOR,-,FN
continuous_0463_S6_strategy2.npz,0-69,COLOR,COLOR,TP
continuous_0463_S6_strategy2.npz,69-139,-,RELATIONSHIPS,FP
continuous_0463_S6_strategy2.npz,139-210,NUMBER,NUMBER,TP
continuous_0463_S6_strategy2.npz,210-280,-,FAMILY,FP
continuous_0463_S6_strategy2.npz,280-421,FAMILY,FAMILY,TP
continuous_0463_S6_strategy2.npz,421-491,FAMILY,FAMILY,TP
continuous_0463_S6_strategy2.npz,491-562,NUMBER,NUMBER,TP
continuous_0463_S6_strategy2.npz,562-633,-,GREETING,FP
continuous_0463_S6_strategy2.npz,633-774,CALENDAR,CALENDAR,TP
continuous_0463_S6_strategy2.npz,774-844,COLOR,COLOR,TP
continuous_0464_S6_strategy2.npz,0-99,COLOR,COLOR,TP
continuous_0464_S6_strategy2.npz,99-297,CALENDAR,CALENDAR,TP
continuous_0464_S6_strategy2.npz,297-396,-,COLOR,FP
continuous_0464_S6_strategy2.npz,396-594,COLOR,COLOR,TP
continuous_0464_S6_strategy2.npz,594-693,FAMILY,FAMILY,TP
continuous_0464_S6_strategy2.npz,693-792,COLOR,COLOR,TP
continuous_0464_S6_strategy2.npz,792-892,COLOR,COLOR,TP
continuous_0464_S6_strategy2.npz,254-382,COLOR,-,FN
continuous_0465_S6_strategy2.npz,0-127,CALENDAR,CALENDAR,TP
continuous_0465_S6_strategy2.npz,127-255,COLOR,COLOR,TP
continuous_0465_S6_strategy2.npz,255-384,FAMILY,FAMILY,TP
continuous_0466_S6_strategy2.npz,0-127,FAMILY,FAMILY,TP
continuous_0467_S7_strategy2.npz,0-87,DAYS,DAYS,TP
continuous_0467_S7_strategy2.npz,87-265,COLOR,COLOR,TP
continuous_0467_S7_strategy2.npz,265-444,FAMILY,FAMILY,TP
continuous_0467_S7_strategy2.npz,444-532,CALENDAR,CALENDAR,TP
continuous_0467_S7_strategy2.npz,532-711,NUMBER,NUMBER,TP
continuous_0467_S7_strategy2.npz,711-799,DRINK,DRINK,TP
continuous_0468_S7_strategy2.npz,0-112,COLOR,COLOR,TP
continuous_0468_S7_strategy2.npz,112-225,FAMILY,FAMILY,TP
continuous_0468_S7_strategy2.npz,225-451,DRINK,DRINK,TP
continuous_0468_S7_strategy2.npz,451-564,SURVIVAL,SURVIVAL,TP
continuous_0468_S7_strategy2.npz,564-678,GREETING,GREETING,TP
continuous_0468_S7_strategy2.npz,678-790,RELATIONSHIPS,RELATIONSHIPS,TP
continuous_0468_S7_strategy2.npz,790-903,DAYS,DAYS,TP
continuous_0469_S7_strategy2.npz,0-175,FAMILY,FAMILY,TP
continuous_0469_S7_strategy2.npz,175-264,-,FOOD,FP
continuous_0469_S7_strategy2.npz,264-351,-,DAYS,FP
continuous_0469_S7_strategy2.npz,351-439,COLOR,COLOR,TP
continuous_0469_S7_strategy2.npz,439-615,SURVIVAL,SURVIVAL,TP
continuous_0469_S7_strategy2.npz,615-703,NUMBER,NUMBER,TP
continuous_0469_S7_strategy2.npz,703-792,RELATIONSHIPS,RELATIONSHIPS,TP
continuous_0469_S7_strategy2.npz,127-254,DAYS,-,FN
continuous_0470_S7_strategy2.npz,0-91,DRINK,DRINK,TP
continuous_0470_S7_strategy2.npz,91-276,COLOR,COLOR,TP
continuous_0470_S7_strategy2.npz,276-462,NUMBER,NUMBER,TP
continuous_0470_S7_strategy2.npz,462-555,RELATIONSHIPS,RELATIONSHIPS,TP
continuous_0470_S7_strategy2.npz,555-648,GREETING,GREETING,TP
continuous_0470_S7_strategy2.npz,648-739,-,DRINK,FP
continuous_0470_S7_strategy2.npz,739-832,DAYS,DAYS,TP
continuous_0470_S7_strategy2.npz,832-925,CALENDAR,CALENDAR,TP
continuous_0471_S7_strategy2.npz,0-84,RELATIONSHIPS,RELATIONSHIPS,TP
continuous_0471_S7_strategy2.npz,84-255,DRINK,DRINK,TP
continuous_0471_S7_strategy2.npz,255-340,GREETING,GREETING,TP
continuous_0471_S7_strategy2.npz,340-597,COLOR,COLOR,TP
continuous_0471_S7_strategy2.npz,597-681,FOOD,FOOD,TP
continuous_0471_S7_strategy2.npz,681-768,FAMILY,DRINK,FP
continuous_0471_S7_strategy2.npz,649-776,FAMILY,DRINK,FN
continuous_0472_S7_strategy2.npz,0-147,COLOR,COLOR,TP
continuous_0472_S7_strategy2.npz,147-220,CALENDAR,CALENDAR,TP
continuous_0472_S7_strategy2.npz,220-294,-,CALENDAR,FP
continuous_0472_S7_strategy2.npz,294-442,RELATIONSHIPS,RELATIONSHIPS,TP
continuous_0472_S7_strategy2.npz,442-591,GREETING,GREETING,TP
continuous_0472_S7_strategy2.npz,591-664,DAYS,DAYS,TP
continuous_0472_S7_strategy2.npz,664-738,-,NUMBER,FP
continuous_0472_S7_strategy2.npz,738-813,DRINK,DRINK,TP
continuous_0472_S7_strategy2.npz,813-886,FOOD,FOOD,TP
continuous_0473_S7_strategy2.npz,0-156,CALENDAR,CALENDAR,TP
continuous_0473_S7_strategy2.npz,156-234,NUMBER,NUMBER,TP
continuous_0473_S7_strategy2.npz,234-312,-,SURVIVAL,FP
continuous_0473_S7_strategy2.npz,312-390,SURVIVAL,SURVIVAL,TP
continuous_0473_S7_strategy2.npz,390-469,-,DRINK,FP
continuous_0473_S7_strategy2.npz,469-625,DRINK,DRINK,TP
continuous_0473_S7_strategy2.npz,625-705,COLOR,COLOR,TP
continuous_0473_S7_strategy2.npz,705-861,RELATIONSHIPS,RELATIONSHIPS,TP
continuous_0473_S7_strategy2.npz,861-939,FAMILY,FAMILY,TP
continuous_0474_S7_strategy2.npz,0-165,CALENDAR,CALENDAR,TP
continuous_0474_S7_strategy2.npz,165-246,FOOD,FOOD,TP
continuous_0474_S7_strategy2.npz,246-330,RELATIONSHIPS,RELATIONSHIPS,TP
continuous_0474_S7_strategy2.npz,330-411,-,SURVIVAL,FP
continuous_0474_S7_strategy2.npz,411-495,-,COLOR,FP
continuous_0474_S7_strategy2.npz,495-660,-,DAYS,FP
continuous_0474_S7_strategy2.npz,660-825,GREETING,GREETING,TP
continuous_0474_S7_strategy2.npz,825-907,FAMILY,FAMILY,TP
continuous_0474_S7_strategy2.npz,394-538,SURVIVAL,-,FN
continuous_0474_S7_strategy2.npz,538-664,COLOR,-,FN
continuous_0475_S7_strategy2.npz,0-66,COLOR,COLOR,TP
continuous_0475_S7_strategy2.npz,66-198,FOOD,DRINK,FP
continuous_0475_S7_strategy2.npz,198-330,RELATIONSHIPS,RELATIONSHIPS,TP
continuous_0475_S7_strategy2.npz,330-462,GREETING,GREETING,TP
continuous_0475_S7_strategy2.npz,462-528,-,CALENDAR,FP
continuous_0475_S7_strategy2.npz,528-726,-,CALENDAR,FP
continuous_0475_S7_strategy2.npz,726-793,SURVIVAL,SURVIVAL,TP
continuous_0475_S7_strategy2.npz,513-662,CALENDAR,-,FN
continuous_0475_S7_strategy2.npz,121-249,FOOD,DRINK,FN
continuous_0476_S7_strategy2.npz,0-168,CALENDAR,CALENDAR,TP
continuous_0476_S7_strategy2.npz,168-252,DAYS,DAYS,TP
continuous_0476_S7_strategy2.npz,252-423,SURVIVAL,SURVIVAL,TP
continuous_0476_S7_strategy2.npz,423-506,COLOR,COLOR,TP
continuous_0476_S7_strategy2.npz,506-591,-,CALENDAR,FP
continuous_0476_S7_strategy2.npz,591-760,RELATIONSHIPS,SURVIVAL,FP
continuous_0476_S7_strategy2.npz,760-846,FOOD,FOOD,TP
continuous_0476_S7_strategy2.npz,846-930,FAMILY,FAMILY,TP
continuous_0476_S7_strategy2.npz,544-673,RELATIONSHIPS,SURVIVAL,FN
continuous_0477_S7_strategy2.npz,0-126,DRINK,DRINK,TP
continuous_0477_S7_strategy2.npz,126-253,FOOD,FOOD,TP
continuous_0477_S7_strategy2.npz,253-444,CALENDAR,CALENDAR,TP
continuous_0477_S7_strategy2.npz,444-634,NUMBER,NUMBER,TP
continuous_0477_S7_strategy2.npz,634-762,GREETING,GREETING,TP
continuous_0477_S7_strategy2.npz,762-825,DAYS,DAYS,TP
continuous_0478_S7_strategy2.npz,0-162,GREETING,GREETING,TP
continuous_0478_S7_strategy2.npz,162-327,CALENDAR,CALENDAR,TP
continuous_0478_S7_strategy2.npz,327-408,FOOD,FOOD,TP
continuous_0478_S7_strategy2.npz,408-490,-,DAYS,FP
continuous_0478_S7_strategy2.npz,490-573,RELATIONSHIPS,RELATIONSHIPS,TP
continuous_0478_S7_strategy2.npz,573-736,SURVIVAL,SURVIVAL,TP
continuous_0478_S7_strategy2.npz,736-819,NUMBER,NUMBER,TP
continuous_0479_S7_strategy2.npz,0-147,DRINK,DRINK,TP
continuous_0479_S7_strategy2.npz,147-294,FAMILY,FAMILY,TP
continuous_0479_S7_strategy2.npz,294-441,RELATIONSHIPS,RELATIONSHIPS,TP
continuous_0479_S7_strategy2.npz,441-589,FOOD,FOOD,TP
continuous_0479_S7_strategy2.npz,589-663,DAYS,DAYS,TP
continuous_0479_S7_strategy2.npz,663-736,-,NUMBER,FP
continuous_0479_S7_strategy2.npz,736-810,-,GREETING,FP
continuous_0479_S7_strategy2.npz,810-885,NUMBER,NUMBER,TP
continuous_0479_S7_strategy2.npz,634-767,GREETING,-,FN
continuous_0480_S7_strategy2.npz,0-175,SURVIVAL,SURVIVAL,TP
continuous_0480_S7_strategy2.npz,175-351,DRINK,DRINK,TP
continuous_0480_S7_strategy2.npz,351-528,CALENDAR,CALENDAR,TP
continuous_0480_S7_strategy2.npz,528-615,-,FOOD,FP
continuous_0480_S7_strategy2.npz,615-703,NUMBER,NUMBER,TP
continuous_0480_S7_strategy2.npz,703-792,FAMILY,FAMILY,TP
continuous_0480_S7_strategy2.npz,406-534,FOOD,-,FN
continuous_0481_S7_strategy2.npz,0-127,DRINK,DRINK,TP
continuous_0481_S7_strategy2.npz,127-192,-,DAYS,FP
continuous_0481_S7_strategy2.npz,192-321,DAYS,DAYS,TP
continuous_0481_S7_strategy2.npz,321-450,FOOD,FOOD,TP
continuous_0481_S7_strategy2.npz,450-513,NUMBER,NUMBER,TP
continuous_0481_S7_strategy2.npz,513-577,GREETING,GREETING,TP
continuous_0481_S7_strategy2.npz,577-706,-,SURVIVAL,FP
continuous_0481_S7_strategy2.npz,706-834,FAMILY,FAMILY,TP
continuous_0481_S7_strategy2.npz,834-900,SURVIVAL,SURVIVAL,TP
continuous_0482_S7_strategy2.npz,0-90,FOOD,FOOD,TP
continuous_0482_S7_strategy2.npz,90-180,-,FOOD,FP
continuous_0482_S7_strategy2.npz,180-270,GREETING,GREETING,TP
continuous_0482_S7_strategy2.npz,270-361,DRINK,DRINK,TP
continuous_0482_S7_strategy2.npz,361-451,FAMILY,FAMILY,TP
continuous_0482_S7_strategy2.npz,451-543,-,RELATIONSHIPS,FP
continuous_0482_S7_strategy2.npz,543-723,COLOR,COLOR,TP
continuous_0482_S7_strategy2.npz,723-813,SURVIVAL,SURVIVAL,TP
continuous_0482_S7_strategy2.npz,813-904,RELATIONSHIPS,RELATIONSHIPS,TP
continuous_0483_S7_strategy2.npz,0-87,GREETING,GREETING,TP
continuous_0483_S7_strategy2.npz,87-265,COLOR,COLOR,TP
continuous_0483_S7_strategy2.npz,265-354,CALENDAR,CALENDAR,TP
continuous_0483_S7_strategy2.npz,354-442,-,CALENDAR,FP
continuous_0483_S7_strategy2.npz,442-531,FAMILY,FAMILY,TP
continuous_0483_S7_strategy2.npz,531-619,SURVIVAL,SURVIVAL,TP
continuous_0483_S7_strategy2.npz,619-798,-,SURVIVAL,FP
continuous_0483_S7_strategy2.npz,677-805,RELATIONSHIPS,-,FN
continuous_0484_S7_strategy2.npz,0-201,DAYS,DAYS,TP
continuous_0484_S7_strategy2.npz,201-301,FOOD,FOOD,TP
continuous_0484_S7_strategy2.npz,301-402,GREETING,GREETING,TP
continuous_0484_S7_strategy2.npz,402-504,COLOR,COLOR,TP
continuous_0484_S7_strategy2.npz,504-705,NUMBER,NUMBER,TP
continuous_0484_S7_strategy2.npz,705-807,DRINK,SURVIVAL,FP
continuous_0484_S7_strategy2.npz,685-813,DRINK,SURVIVAL,FN
continuous_0485_S7_strategy2.npz,0-169,SURVIVAL,SURVIVAL,TP
continuous_0485_S7_strategy2.npz,169-340,RELATIONSHIPS,RELATIONSHIPS,TP
continuous_0485_S7_strategy2.npz,340-426,NUMBER,NUMBER,TP
continuous_0485_S7_strategy2.npz,426-510,-,CALENDAR,FP
continuous_0485_S7_strategy2.npz,510-681,CALENDAR,CALENDAR,TP
continuous_0485_S7_strategy2.npz,681-766,-,RELATIONSHIPS,FP
continuous_0485_S7_strategy2.npz,766-852,FAMILY,FAMILY,TP
continuous_0485_S7_strategy2.npz,852-936,FOOD,FOOD,TP
continuous_0485_S7_strategy2.npz,554-689,GREETING,-,FN
continuous_0486_S7_strategy2.npz,0-67,COLOR,COLOR,TP
continuous_0486_S7_strategy2.npz,67-136,-,DRINK,FP
continuous_0486_S7_strategy2.npz,136-273,FOOD,FOOD,TP
continuous_0486_S7_strategy2.npz,273-411,DAYS,DAYS,TP
continuous_0486_S7_strategy2.npz,411-478,-,CALENDAR,FP
continuous_0486_S7_strategy2.npz,478-615,-,CALENDAR,FP
continuous_0486_S7_strategy2.npz,615-753,GREETING,GREETING,TP
continuous_0486_S7_strategy2.npz,753-822,SURVIVAL,SURVIVAL,TP
continuous_0486_S7_strategy2.npz,403-553,CALENDAR,-,FN
continuous_0487_S7_strategy2.npz,0-147,RELATIONSHIPS,RELATIONSHIPS,TP
continuous_0487_S7_strategy2.npz,147-295,NUMBER,NUMBER,TP
continuous_0487_S7_strategy2.npz,295-369,FOOD,FOOD,TP
continuous_0487_S7_strategy2.npz,369-517,DAYS,DAYS,TP
continuous_0487_S7_strategy2.npz,517-666,FAMILY,FAMILY,TP
continuous_0487_S7_strategy2.npz,666-739,GREETING,GREETING,TP
continuous_0487_S7_strategy2.npz,739-813,-,COLOR,FP
continuous_0487_S7_strategy2.npz,813-888,COLOR,COLOR,TP
continuous_0488_S7_strategy2.npz,0-78,CALENDAR,CALENDAR,TP
continuous_0488_S7_strategy2.npz,78-159,-,FOOD,FP
continuous_0488_S7_strategy2.npz,159-318,GREETING,GREETING,TP
continuous_0488_S7_strategy2.npz,318-396,NUMBER,NUMBER,TP
continuous_0488_S7_strategy2.npz,396-555,FOOD,FOOD,TP
continuous_0488_S7_strategy2.npz,555-636,-,DRINK,FP
continuous_0488_S7_strategy2.npz,636-795,DRINK,DRINK,TP
continuous_0488_S7_strategy2.npz,795-873,-,DAYS,FP
continuous_0488_S7_strategy2.npz,873-954,SURVIVAL,SURVIVAL,TP
continuous_0488_S7_strategy2.npz,662-810,DAYS,-,FN
continuous_0489_S7_strategy2.npz,0-66,FOOD,FOOD,TP
continuous_0489_S7_strategy2.npz,66-132,-,CALENDAR,FP
continuous_0489_S7_strategy2.npz,132-331,-,CALENDAR,FP
continuous_0489_S7_strategy2.npz,331-399,GREETING,GREETING,TP
continuous_0489_S7_strategy2.npz,399-465,-,DRINK,FP
continuous_0489_S7_strategy2.npz,465-531,NUMBER,NUMBER,TP
continuous_0489_S7_strategy2.npz,531-598,-,FAMILY,FP
continuous_0489_S7_strategy2.npz,598-664,-,COLOR,FP
continuous_0489_S7_strategy2.npz,664-732,COLOR,COLOR,TP
continuous_0489_S7_strategy2.npz,732-798,DAYS,DAYS,TP
continuous_0489_S7_strategy2.npz,127-276,CALENDAR,-,FN
continuous_0490_S7_strategy2.npz,0-84,RELATIONSHIPS,RELATIONSHIPS,TP
continuous_0490_S7_strategy2.npz,84-252,FOOD,COLOR,FP
continuous_0490_S7_strategy2.npz,252-423,DRINK,DRINK,TP
continuous_0490_S7_strategy2.npz,423-506,DAYS,DAYS,TP
continuous_0490_S7_strategy2.npz,506-676,COLOR,COLOR,TP
continuous_0490_S7_strategy2.npz,676-846,CALENDAR,CALENDAR,TP
continuous_0490_S7_strategy2.npz,846-930,NUMBER,NUMBER,TP
continuous_0490_S7_strategy2.npz,127-252,FOOD,COLOR,FN
continuous_0491_S7_strategy2.npz,0-171,DAYS,DAYS,TP
continuous_0491_S7_strategy2.npz,171-343,CALENDAR,CALENDAR,TP
continuous_0491_S7_strategy2.npz,343-430,FAMILY,FAMILY,TP
continuous_0491_S7_strategy2.npz,430-603,RELATIONSHIPS,RELATIONSHIPS,TP
continuous_0491_S7_strategy2.npz,603-688,DRINK,DRINK,TP
continuous_0491_S7_strategy2.npz,688-775,COLOR,COLOR,TP
continuous_0492_S7_strategy2.npz,0-144,DRINK,DRINK,TP
continuous_0492_S7_strategy2.npz,144-289,CALENDAR,CALENDAR,TP
continuous_0492_S7_strategy2.npz,289-435,GREETING,GREETING,TP
continuous_0492_S7_strategy2.npz,435-507,RELATIONSHIPS,RELATIONSHIPS,TP
continuous_0492_S7_strategy2.npz,507-580,-,DRINK,FP
continuous_0492_S7_strategy2.npz,580-726,SURVIVAL,SURVIVAL,TP
continuous_0492_S7_strategy2.npz,726-798,FAMILY,FAMILY,TP
continuous_0493_S7_strategy2.npz,0-183,FOOD,FOOD,TP
continuous_0493_S7_strategy2.npz,183-366,NUMBER,NUMBER,TP
continuous_0493_S7_strategy2.npz,366-456,SURVIVAL,SURVIVAL,TP
continuous_0493_S7_strategy2.npz,456-549,GREETING,GREETING,TP
continuous_0493_S7_strategy2.npz,549-732,CALENDAR,CALENDAR,TP
continuous_0493_S7_strategy2.npz,732-822,COLOR,COLOR,TP
continuous_0493_S7_strategy2.npz,822-915,FAMILY,FAMILY,TP
continuous_0494_S7_strategy2.npz,0-93,DAYS,DAYS,TP
continuous_0494_S7_strategy2.npz,93-283,NUMBER,NUMBER,TP
continuous_0494_S7_strategy2.npz,283-474,FAMILY,FAMILY,TP
continuous_0494_S7_strategy2.npz,474-568,DRINK,DRINK,TP
continuous_0494_S7_strategy2.npz,568-759,COLOR,COLOR,TP
continuous_0494_S7_strategy2.npz,759-853,-,CALENDAR,FP
continuous_0494_S7_strategy2.npz,853-948,RELATIONSHIPS,RELATIONSHIPS,TP
continuous_0494_S7_strategy2.npz,669-817,CALENDAR,-,FN
continuous_0495_S7_strategy2.npz,0-228,FAMILY,FAMILY,TP
continuous_0495_S7_strategy2.npz,228-304,FOOD,FOOD,TP
continuous_0495_S7_strategy2.npz,304-457,DAYS,DAYS,TP
continuous_0495_S7_strategy2.npz,457-534,NUMBER,NUMBER,TP
continuous_0495_S7_strategy2.npz,534-687,GREETING,GREETING,TP
continuous_0495_S7_strategy2.npz,687-840,CALENDAR,CALENDAR,TP
continuous_0495_S7_strategy2.npz,840-916,RELATIONSHIPS,RELATIONSHIPS,TP
continuous_0496_S7_strategy2.npz,0-93,FOOD,FOOD,TP
continuous_0496_S7_strategy2.npz,93-186,COLOR,COLOR,TP
continuous_0496_S7_strategy2.npz,186-279,-,DRINK,FP
continuous_0496_S7_strategy2.npz,279-465,NUMBER,NUMBER,TP
continuous_0496_S7_strategy2.npz,465-652,GREETING,GREETING,TP
continuous_0496_S7_strategy2.npz,652-745,-,DAYS,FP
continuous_0496_S7_strategy2.npz,745-838,-,SURVIVAL,FP
continuous_0496_S7_strategy2.npz,838-933,CALENDAR,CALENDAR,TP
continuous_0496_S7_strategy2.npz,528-649,DAYS,-,FN
continuous_0496_S7_strategy2.npz,649-791,SURVIVAL,-,FN
continuous_0497_S7_strategy2.npz,0-82,SURVIVAL,SURVIVAL,TP
continuous_0497_S7_strategy2.npz,82-250,RELATIONSHIPS,RELATIONSHIPS,TP
continuous_0497_S7_strategy2.npz,250-417,FAMILY,FAMILY,TP
continuous_0497_S7_strategy2.npz,417-501,GREETING,GREETING,TP
continuous_0497_S7_strategy2.npz,501-669,DAYS,DAYS,TP
continuous_0497_S7_strategy2.npz,669-837,COLOR,COLOR,TP
continuous_0497_S7_strategy2.npz,837-921,NUMBER,NUMBER,TP
continuous_0498_S7_strategy2.npz,0-87,FOOD,FOOD,TP
continuous_0498_S7_strategy2.npz,87-264,GREETING,GREETING,TP
continuous_0498_S7_strategy2.npz,264-351,RELATIONSHIPS,RELATIONSHIPS,TP
continuous_0498_S7_strategy2.npz,351-439,-,SURVIVAL,FP
continuous_0498_S7_strategy2.npz,439-528,-,SURVIVAL,FP
continuous_0498_S7_strategy2.npz,528-615,DAYS,DAYS,TP
continuous_0498_S7_strategy2.npz,615-703,-,CALENDAR,FP
continuous_0498_S7_strategy2.npz,703-792,CALENDAR,CALENDAR,TP
continuous_0498_S7_strategy2.npz,391-522,SURVIVAL,-,FN
continuous_0499_S7_strategy2.npz,0-148,FOOD,FOOD,TP
continuous_0499_S7_strategy2.npz,148-223,SURVIVAL,SURVIVAL,TP
continuous_0499_S7_strategy2.npz,223-298,-,CALENDAR,FP
continuous_0499_S7_strategy2.npz,298-373,CALENDAR,CALENDAR,TP
continuous_0499_S7_strategy2.npz,373-597,FAMILY,FAMILY,TP
continuous_0499_S7_strategy2.npz,597-747,NUMBER,NUMBER,TP
continuous_0499_S7_strategy2.npz,747-822,RELATIONSHIPS,RELATIONSHIPS,TP
continuous_0500_S7_strategy2.npz,0-144,SURVIVAL,SURVIVAL,TP
continuous_0500_S7_strategy2.npz,144-289,DAYS,DAYS,TP
continuous_0500_S7_strategy2.npz,289-363,GREETING,GREETING,TP
continuous_0500_S7_strategy2.npz,363-435,-,RELATIONSHIPS,FP
continuous_0500_S7_strategy2.npz,435-507,-,RELATIONSHIPS,FP
continuous_0500_S7_strategy2.npz,507-654,COLOR,COLOR,TP
continuous_0500_S7_strategy2.npz,654-726,FAMILY,FAMILY,TP
continuous_0500_S7_strategy2.npz,726-871,-,FAMILY,FP
continuous_0500_S7_strategy2.npz,871-945,CALENDAR,CALENDAR,TP
continuous_0500_S7_strategy2.npz,412-538,RELATIONSHIPS,-,FN
continuous_0501_S7_strategy2.npz,0-156,RELATIONSHIPS,RELATIONSHIPS,TP
continuous_0501_S7_strategy2.npz,156-315,NUMBER,NUMBER,TP
continuous_0501_S7_strategy2.npz,315-393,SURVIVAL,SURVIVAL,TP
continuous_0501_S7_strategy2.npz,393-471,-,DAYS,FP
continuous_0501_S7_strategy2.npz,471-550,COLOR,COLOR,TP
continuous_0501_S7_strategy2.npz,550-708,FOOD,FOOD,TP
continuous_0501_S7_strategy2.npz,708-787,DAYS,DAYS,TP
continuous_0502_S7_strategy2.npz,0-162,DAYS,DAYS,TP
continuous_0502_S7_strategy2.npz,162-243,CALENDAR,CALENDAR,TP
continuous_0502_S7_strategy2.npz,243-325,-,CALENDAR,FP
continuous_0502_S7_strategy2.npz,325-489,COLOR,COLOR,TP
continuous_0502_S7_strategy2.npz,489-570,NUMBER,NUMBER,TP
continuous_0502_S7_strategy2.npz,570-733,DRINK,DRINK,TP
continuous_0502_S7_strategy2.npz,733-816,SURVIVAL,SURVIVAL,TP
continuous_0503_S7_strategy2.npz,0-150,FOOD,FOOD,TP
continuous_0503_S7_strategy2.npz,150-301,GREETING,GREETING,TP
continuous_0503_S7_strategy2.npz,301-378,CALENDAR,CALENDAR,TP
continuous_0503_S7_strategy2.npz,378-453,-,CALENDAR,FP
continuous_0503_S7_strategy2.npz,453-528,DRINK,DRINK,TP
continuous_0503_S7_strategy2.npz,528-604,-,DRINK,FP
continuous_0503_S7_strategy2.npz,604-681,DAYS,DAYS,TP
continuous_0503_S7_strategy2.npz,681-831,RELATIONSHIPS,RELATIONSHIPS,TP
continuous_0503_S7_strategy2.npz,831-907,COLOR,COLOR,TP
continuous_0504_S7_strategy2.npz,0-78,DRINK,DRINK,TP
continuous_0504_S7_strategy2.npz,78-237,FOOD,FOOD,TP
continuous_0504_S7_strategy2.npz,237-397,CALENDAR,CALENDAR,TP
continuous_0504_S7_strategy2.npz,397-556,COLOR,COLOR,TP
continuous_0504_S7_strategy2.npz,556-715,SURVIVAL,SURVIVAL,TP
continuous_0504_S7_strategy2.npz,715-795,FAMILY,FAMILY,TP
continuous_0505_S7_strategy2.npz,0-111,RELATIONSHIPS,RELATIONSHIPS,TP
continuous_0505_S7_strategy2.npz,111-225,DRINK,DRINK,TP
continuous_0505_S7_strategy2.npz,225-336,DAYS,DRINK,FP
continuous_0505_S7_strategy2.npz,336-450,GREETING,GREETING,TP
continuous_0505_S7_strategy2.npz,450-562,-,SURVIVAL,FP
continuous_0505_S7_strategy2.npz,562-787,NUMBER,NUMBER,TP
continuous_0505_S7_strategy2.npz,787-900,CALENDAR,CALENDAR,TP
continuous_0505_S7_strategy2.npz,518-642,SURVIVAL,-,FN
continuous_0505_S7_strategy2.npz,255-382,DAYS,DRINK,FN
continuous_0506_S7_strategy2.npz,0-90,DRINK,DRINK,TP
continuous_0506_S7_strategy2.npz,90-181,-,DRINK,FP
continuous_0506_S7_strategy2.npz,181-273,SURVIVAL,SURVIVAL,TP
continuous_0506_S7_strategy2.npz,273-364,DAYS,DAYS,TP
continuous_0506_S7_strategy2.npz,364-456,-,DRINK,FP
continuous_0506_S7_strategy2.npz,456-546,FAMILY,FAMILY,TP
continuous_0506_S7_strategy2.npz,546-639,CALENDAR,CALENDAR,TP
continuous_0506_S7_strategy2.npz,639-729,-,CALENDAR,FP
continuous_0506_S7_strategy2.npz,729-820,RELATIONSHIPS,DRINK,FP
continuous_0506_S7_strategy2.npz,820-912,GREETING,GREETING,TP
continuous_0506_S7_strategy2.npz,658-784,RELATIONSHIPS,DRINK,FN
continuous_0507_S7_strategy2.npz,0-198,COLOR,COLOR,TP
continuous_0507_S7_strategy2.npz,198-399,DAYS,DAYS,TP
continuous_0507_S7_strategy2.npz,399-498,-,RELATIONSHIPS,FP
continuous_0507_S7_strategy2.npz,498-597,GREETING,DRINK,FP
continuous_0507_S7_strategy2.npz,597-697,FAMILY,FAMILY,TP
continuous_0507_S7_strategy2.npz,697-798,NUMBER,NUMBER,TP
continuous_0507_S7_strategy2.npz,274-402,RELATIONSHIPS,-,FN
continuous_0507_S7_strategy2.npz,402-539,GREETING,DRINK,FN
continuous_0508_S7_strategy2.npz,0-84,FOOD,FOOD,TP
continuous_0508_S7_strategy2.npz,84-168,-,SURVIVAL,FP
continuous_0508_S7_strategy2.npz,168-252,-,FAMILY,FP
continuous_0508_S7_strategy2.npz,252-336,-,FAMILY,FP
continuous_0508_S7_strategy2.npz,336-420,-,GREETING,FP
continuous_0508_S7_strategy2.npz,420-588,-,COLOR,FP
continuous_0508_S7_strategy2.npz,588-756,-,FAMILY,FP
continuous_0508_S7_strategy2.npz,756-840,SURVIVAL,SURVIVAL,TP
continuous_0508_S7_strategy2.npz,840-924,DAYS,DAYS,TP
continuous_0508_S7_strategy2.npz,126-253,COLOR,-,FN
continuous_0508_S7_strategy2.npz,253-381,FAMILY,-,FN
continuous_0508_S7_strategy2.npz,381-518,GREETING,-,FN
continuous_0508_S7_strategy2.npz,518-657,NUMBER,-,FN
continuous_0509_S7_strategy2.npz,0-111,GREETING,GREETING,TP
continuous_0509_S7_strategy2.npz,111-225,DAYS,DAYS,TP
continuous_0509_S7_strategy2.npz,225-336,DRINK,DRINK,TP
continuous_0509_S7_strategy2.npz,336-450,SURVIVAL,SURVIVAL,TP
continuous_0509_S7_strategy2.npz,450-562,-,FOOD,FP
continuous_0509_S7_strategy2.npz,562-787,FAMILY,COLOR,FP
continuous_0509_S7_strategy2.npz,787-900,COLOR,COLOR,TP
continuous_0509_S7_strategy2.npz,525-652,FOOD,-,FN
continuous_0509_S7_strategy2.npz,652-779,FAMILY,COLOR,FN
continuous_0510_S7_strategy2.npz,0-129,DAYS,DAYS,TP
continuous_0510_S7_strategy2.npz,129-258,COLOR,COLOR,TP
continuous_0510_S7_strategy2.npz,258-388,DRINK,DRINK,TP
continuous_0510_S7_strategy2.npz,388-519,FAMILY,FAMILY,TP
continuous_0510_S7_strategy2.npz,519-648,CALENDAR,CALENDAR,TP
continuous_0510_S7_strategy2.npz,648-778,GREETING,GREETING,TP
continuous_0511_S7_strategy2.npz,0-111,NUMBER,NUMBER,TP
continuous_0511_S7_strategy2.npz,111-222,RELATIONSHIPS,RELATIONSHIPS,TP
continuous_0511_S7_strategy2.npz,222-333,COLOR,COLOR,TP
continuous_0511_S7_strategy2.npz,333-444,SURVIVAL,SURVIVAL,TP
continuous_0511_S7_strategy2.npz,444-666,GREETING,GREETING,TP
continuous_0511_S7_strategy2.npz,666-778,DAYS,DAYS,TP
continuous_0512_S7_strategy2.npz,0-300,CALENDAR,CALENDAR,TP
continuous_0512_S7_strategy2.npz,300-399,-,RELATIONSHIPS,FP
continuous_0512_S7_strategy2.npz,399-499,NUMBER,NUMBER,TP
continuous_0512_S7_strategy2.npz,499-600,-,FOOD,FP
continuous_0512_S7_strategy2.npz,600-699,FAMILY,FAMILY,TP
continuous_0512_S7_strategy2.npz,699-801,DRINK,DAYS,FP
continuous_0512_S7_strategy2.npz,149-277,RELATIONSHIPS,-,FN
continuous_0512_S7_strategy2.npz,417-543,FOOD,-,FN
continuous_0512_S7_strategy2.npz,670-798,DRINK,DAYS,FN
continuous_0513_S7_strategy2.npz,0-169,SURVIVAL,SURVIVAL,TP
continuous_0513_S7_strategy2.npz,169-339,DAYS,DAYS,TP
continuous_0513_S7_strategy2.npz,339-426,COLOR,COLOR,TP
continuous_0513_S7_strategy2.npz,426-595,DRINK,DRINK,TP
continuous_0513_S7_strategy2.npz,595-681,GREETING,GREETING,TP
continuous_0513_S7_strategy2.npz,681-766,RELATIONSHIPS,RELATIONSHIPS,TP
continuous_0514_S7_strategy2.npz,0-99,COLOR,COLOR,TP
continuous_0514_S7_strategy2.npz,99-199,FOOD,FOOD,TP
continuous_0514_S7_strategy2.npz,199-399,DRINK,DRINK,TP
continuous_0514_S7_strategy2.npz,399-499,SURVIVAL,SURVIVAL,TP
continuous_0514_S7_strategy2.npz,499-600,NUMBER,NUMBER,TP
continuous_0514_S7_strategy2.npz,600-699,FAMILY,FAMILY,TP
continuous_0514_S7_strategy2.npz,699-799,-,FAMILY,FP
continuous_0514_S7_strategy2.npz,799-900,DAYS,DAYS,TP
continuous_0515_S7_strategy2.npz,0-228,CALENDAR,CALENDAR,TP
continuous_0515_S7_strategy2.npz,228-304,GREETING,GREETING,TP
continuous_0515_S7_strategy2.npz,304-381,DRINK,DRINK,TP
continuous_0515_S7_strategy2.npz,381-534,SURVIVAL,SURVIVAL,TP
continuous_0515_S7_strategy2.npz,534-609,FAMILY,FAMILY,TP
continuous_0515_S7_strategy2.npz,609-762,FOOD,COLOR,FP
continuous_0515_S7_strategy2.npz,649-771,FOOD,COLOR,FN
continuous_0516_S7_strategy2.npz,0-90,NUMBER,NUMBER,TP
continuous_0516_S7_strategy2.npz,90-183,-,SURVIVAL,FP
continuous_0516_S7_strategy2.npz,183-274,SURVIVAL,SURVIVAL,TP
continuous_0516_S7_strategy2.npz,274-366,-,SURVIVAL,FP
continuous_0516_S7_strategy2.npz,366-457,-,GREETING,FP
continuous_0516_S7_strategy2.npz,457-549,-,NUMBER,FP
continuous_0516_S7_strategy2.npz,549-640,-,CALENDAR,FP
continuous_0516_S7_strategy2.npz,640-732,DAYS,DAYS,TP
continuous_0516_S7_strategy2.npz,732-825,FOOD,FOOD,TP
continuous_0516_S7_strategy2.npz,825-916,DRINK,DRINK,TP
continuous_0516_S7_strategy2.npz,266-388,RELATIONSHIPS,-,FN
continuous_0516_S7_strategy2.npz,388-536,CALENDAR,-,FN
continuous_0517_S7_strategy2.npz,0-75,SURVIVAL,SURVIVAL,TP
continuous_0517_S7_strategy2.npz,75-229,DRINK,DRINK,TP
continuous_0517_S7_strategy2.npz,229-306,-,DAYS,FP
continuous_0517_S7_strategy2.npz,306-459,RELATIONSHIPS,RELATIONSHIPS,TP
continuous_0517_S7_strategy2.npz,459-690,FOOD,FOOD,TP
continuous_0517_S7_strategy2.npz,690-766,CALENDAR,CALENDAR,TP
continuous_0517_S7_strategy2.npz,766-843,-,CALENDAR,FP
continuous_0517_S7_strategy2.npz,843-921,GREETING,GREETING,TP
continuous_0517_S7_strategy2.npz,266-394,DAYS,-,FN
continuous_0518_S7_strategy2.npz,0-153,NUMBER,NUMBER,TP
continuous_0518_S7_strategy2.npz,153-229,FOOD,FOOD,TP
continuous_0518_S7_strategy2.npz,229-306,-,SURVIVAL,FP
continuous_0518_S7_strategy2.npz,306-384,-,RELATIONSHIPS,FP
continuous_0518_S7_strategy2.npz,384-537,DAYS,DAYS,TP
continuous_0518_S7_strategy2.npz,537-690,COLOR,COLOR,TP
continuous_0518_S7_strategy2.npz,690-844,CALENDAR,CALENDAR,TP
continuous_0518_S7_strategy2.npz,844-921,FAMILY,FAMILY,TP
continuous_0518_S7_strategy2.npz,253-394,SURVIVAL,-,FN
continuous_0519_S7_strategy2.npz,0-108,DAYS,DAYS,TP
continuous_0519_S7_strategy2.npz,108-217,FOOD,FOOD,TP
continuous_0519_S7_strategy2.npz,217-327,SURVIVAL,SURVIVAL,TP
continuous_0519_S7_strategy2.npz,327-436,NUMBER,NUMBER,TP
continuous_0519_S7_strategy2.npz,436-654,RELATIONSHIPS,RELATIONSHIPS,TP
continuous_0519_S7_strategy2.npz,654-765,DRINK,DRINK,TP
continuous_0520_S7_strategy2.npz,0-225,NUMBER,NUMBER,TP
continuous_0520_S7_strategy2.npz,225-339,CALENDAR,CALENDAR,TP
continuous_0520_S7_strategy2.npz,339-451,GREETING,GREETING,TP
continuous_0520_S7_strategy2.npz,451-564,FAMILY,DRINK,FP
continuous_0520_S7_strategy2.npz,564-678,SURVIVAL,SURVIVAL,TP
continuous_0520_S7_strategy2.npz,678-790,COLOR,COLOR,TP
continuous_0520_S7_strategy2.npz,415-542,FAMILY,DRINK,FN
continuous_0521_S7_strategy2.npz,0-75,DRINK,DRINK,TP
continuous_0521_S7_strategy2.npz,75-150,-,DRINK,FP
continuous_0521_S7_strategy2.npz,150-225,DAYS,DAYS,TP
continuous_0521_S7_strategy2.npz,225-301,-,RELATIONSHIPS,FP
continuous_0521_S7_strategy2.npz,301-453,GREETING,GREETING,TP
continuous_0521_S7_strategy2.npz,453-603,RELATIONSHIPS,RELATIONSHIPS,TP
continuous_0521_S7_strategy2.npz,603-679,FAMILY,FAMILY,TP
continuous_0521_S7_strategy2.npz,679-756,-,COLOR,FP
continuous_0521_S7_strategy2.npz,637-764,COLOR,-,FN
continuous_0522_S7_strategy2.npz,0-180,DAYS,DAYS,TP
continuous_0522_S7_strategy2.npz,180-360,CALENDAR,CALENDAR,TP
continuous_0522_S7_strategy2.npz,360-540,NUMBER,NUMBER,TP
continuous_0522_S7_strategy2.npz,540-630,SURVIVAL,SURVIVAL,TP
continuous_0522_S7_strategy2.npz,630-720,RELATIONSHIPS,RELATIONSHIPS,TP
continuous_0522_S7_strategy2.npz,720-810,FAMILY,FAMILY,TP
continuous_0523_S7_strategy2.npz,0-91,SURVIVAL,SURVIVAL,TP
continuous_0523_S7_strategy2.npz,91-184,DRINK,DRINK,TP
continuous_0523_S7_strategy2.npz,184-277,-,GREETING,FP
continuous_0523_S7_strategy2.npz,277-463,RELATIONSHIPS,RELATIONSHIPS,TP
continuous_0523_S7_strategy2.npz,463-648,CALENDAR,CALENDAR,TP
continuous_0523_S7_strategy2.npz,648-741,FOOD,FOOD,TP
continuous_0523_S7_strategy2.npz,741-834,-,FOOD,FP
continuous_0523_S7_strategy2.npz,834-927,FAMILY,FAMILY,TP
continuous_0523_S7_strategy2.npz,267-395,COLOR,-,FN
continuous_0524_S7_strategy2.npz,0-207,COLOR,COLOR,TP
continuous_0524_S7_strategy2.npz,207-310,NUMBER,NUMBER,TP
continuous_0524_S7_strategy2.npz,310-517,DRINK,DRINK,TP
continuous_0524_S7_strategy2.npz,517-621,-,GREETING,FP
continuous_0524_S7_strategy2.npz,621-726,SURVIVAL,SURVIVAL,TP
continuous_0524_S7_strategy2.npz,726-829,FOOD,FOOD,TP
continuous_0524_S7_strategy2.npz,829-933,CALENDAR,CALENDAR,TP
continuous_0524_S7_strategy2.npz,382-519,GREETING,-,FN
continuous_0525_S7_strategy2.npz,0-153,FAMILY,FAMILY,TP
continuous_0525_S7_strategy2.npz,153-306,FOOD,FOOD,TP
continuous_0525_S7_strategy2.npz,306-382,NUMBER,NUMBER,TP
continuous_0525_S7_strategy2.npz,382-459,GREETING,GREETING,TP
continuous_0525_S7_strategy2.npz,459-535,-,RELATIONSHIPS,FP
continuous_0525_S7_strategy2.npz,535-612,RELATIONSHIPS,RELATIONSHIPS,TP
continuous_0525_S7_strategy2.npz,612-690,-,SURVIVAL,FP
continuous_0525_S7_strategy2.npz,690-766,DRINK,DRINK,TP
continuous_0526_S7_strategy2.npz,0-157,CALENDAR,CALENDAR,TP
continuous_0526_S7_strategy2.npz,157-316,FOOD,FOOD,TP
continuous_0526_S7_strategy2.npz,316-474,GREETING,GREETING,TP
continuous_0526_S7_strategy2.npz,474-555,DRINK,DRINK,TP
continuous_0526_S7_strategy2.npz,555-633,NUMBER,NUMBER,TP
continuous_0526_S7_strategy2.npz,633-712,-,FAMILY,FP
continuous_0526_S7_strategy2.npz,712-792,FAMILY,FAMILY,TP
continuous_0527_S7_strategy2.npz,0-141,FAMILY,FAMILY,TP
continuous_0527_S7_strategy2.npz,141-213,COLOR,COLOR,TP
continuous_0527_S7_strategy2.npz,213-285,-,FOOD,FP
continuous_0527_S7_strategy2.npz,285-355,-,DAYS,FP
continuous_0527_S7_strategy2.npz,355-426,-,DRINK,FP
continuous_0527_S7_strategy2.npz,426-498,-,DRINK,FP
continuous_0527_S7_strategy2.npz,498-640,GREETING,GREETING,TP
continuous_0527_S7_strategy2.npz,640-711,-,CALENDAR,FP
continuous_0527_S7_strategy2.npz,711-783,CALENDAR,CALENDAR,TP
continuous_0527_S7_strategy2.npz,254-379,FOOD,-,FN
continuous_0527_S7_strategy2.npz,379-508,DRINK,-,FN
continuous_0528_S7_strategy2.npz,0-85,DRINK,DRINK,TP
continuous_0528_S7_strategy2.npz,85-172,DAYS,DRINK,FP
continuous_0528_S7_strategy2.npz,172-346,CALENDAR,NUMBER,FP
continuous_0528_S7_strategy2.npz,346-519,GREETING,GREETING,TP
continuous_0528_S7_strategy2.npz,519-693,SURVIVAL,SURVIVAL,TP
continuous_0528_S7_strategy2.npz,693-780,FAMILY,FAMILY,TP
continuous_0528_S7_strategy2.npz,127-252,DAYS,DRINK,FN
continuous_0528_S7_strategy2.npz,252-378,CALENDAR,NUMBER,FN
continuous_0529_S7_strategy2.npz,0-85,COLOR,COLOR,TP
continuous_0529_S7_strategy2.npz,85-172,-,NUMBER,FP
continuous_0529_S7_strategy2.npz,172-346,DAYS,DAYS,TP
continuous_0529_S7_strategy2.npz,346-607,GREETING,GREETING,TP
continuous_0529_S7_strategy2.npz,607-694,RELATIONSHIPS,RELATIONSHIPS,TP
continuous_0529_S7_strategy2.npz,694-781,FOOD,FOOD,TP
continuous_0529_S7_strategy2.npz,127-269,NUMBER,-,FN
continuous_0530_S7_strategy2.npz,0-75,DRINK,DRINK,TP
continuous_0530_S7_strategy2.npz,75-228,SURVIVAL,SURVIVAL,TP
continuous_0530_S7_strategy2.npz,228-381,FOOD,FOOD,TP
continuous_0530_S7_strategy2.npz,381-534,RELATIONSHIPS,RELATIONSHIPS,TP
continuous_0530_S7_strategy2.npz,534-687,DAYS,DAYS,TP
continuous_0530_S7_strategy2.npz,687-840,COLOR,COLOR,TP
continuous_0530_S7_strategy2.npz,840-916,NUMBER,NUMBER,TP
continuous_0531_S7_strategy2.npz,0-58,NUMBER,NUMBER,TP
continuous_0531_S7_strategy2.npz,58-118,-,NUMBER,FP
continuous_0531_S7_strategy2.npz,118-177,-,GREETING,FP
continuous_0531_S7_strategy2.npz,177-237,-,GREETING,FP
continuous_0531_S7_strategy2.npz,237-417,FOOD,FOOD,TP
continuous_0531_S7_strategy2.npz,417-535,CALENDAR,CALENDAR,TP
continuous_0531_S7_strategy2.npz,535-714,FAMILY,FAMILY,TP
continuous_0531_S7_strategy2.npz,714-774,SURVIVAL,SURVIVAL,TP
continuous_0531_S7_strategy2.npz,132-267,GREETING,-,FN
continuous_0532_S7_strategy2.npz,0-180,FOOD,FOOD,TP
continuous_0532_S7_strategy2.npz,180-271,DAYS,DAYS,TP
continuous_0532_S7_strategy2.npz,271-453,NUMBER,NUMBER,TP
continuous_0532_S7_strategy2.npz,453-544,GREETING,GREETING,TP
continuous_0532_S7_strategy2.npz,544-636,COLOR,COLOR,TP
continuous_0532_S7_strategy2.npz,636-817,DRINK,DRINK,TP
continuous_0532_S7_strategy2.npz,817-909,FAMILY,FAMILY,TP
continuous_0533_S7_strategy2.npz,0-141,CALENDAR,CALENDAR,TP
continuous_0533_S7_strategy2.npz,141-283,SURVIVAL,SURVIVAL,TP
continuous_0533_S7_strategy2.npz,283-426,FAMILY,FAMILY,TP
continuous_0533_S7_strategy2.npz,426-567,FOOD,FOOD,TP
continuous_0533_S7_strategy2.npz,567-709,COLOR,COLOR,TP
continuous_0533_S7_strategy2.npz,709-780,DRINK,DRINK,TP
continuous_0534_S7_strategy2.npz,0-141,SURVIVAL,SURVIVAL,TP
continuous_0534_S7_strategy2.npz,141-282,CALENDAR,CALENDAR,TP
continuous_0534_S7_strategy2.npz,282-354,COLOR,COLOR,TP
continuous_0534_S7_strategy2.npz,354-424,-,FAMILY,FP
continuous_0534_S7_strategy2.npz,424-495,-,RELATIONSHIPS,FP
continuous_0534_S7_strategy2.npz,495-567,GREETING,GREETING,TP
continuous_0534_S7_strategy2.npz,567-708,DAYS,DAYS,TP
continuous_0534_S7_strategy2.npz,708-780,RELATIONSHIPS,RELATIONSHIPS,TP
continuous_0535_S7_strategy2.npz,0-63,FAMILY,FAMILY,TP
continuous_0535_S7_strategy2.npz,63-129,-,RELATIONSHIPS,FP
continuous_0535_S7_strategy2.npz,129-193,GREETING,GREETING,TP
continuous_0535_S7_strategy2.npz,193-324,-,SURVIVAL,FP
continuous_0535_S7_strategy2.npz,324-388,NUMBER,NUMBER,TP
continuous_0535_S7_strategy2.npz,388-517,FOOD,FOOD,TP
continuous_0535_S7_strategy2.npz,517-582,DAYS,DAYS,TP
continuous_0535_S7_strategy2.npz,582-712,-,SURVIVAL,FP
continuous_0535_S7_strategy2.npz,712-777,RELATIONSHIPS,RELATIONSHIPS,TP
continuous_0536_S7_strategy2.npz,0-103,SURVIVAL,SURVIVAL,TP
continuous_0536_S7_strategy2.npz,103-312,COLOR,COLOR,TP
continuous_0536_S7_strategy2.npz,312-417,DAYS,DAYS,TP
continuous_0536_S7_strategy2.npz,417-625,RELATIONSHIPS,RELATIONSHIPS,TP
continuous_0536_S7_strategy2.npz,625-730,DRINK,DRINK,TP
continuous_0536_S7_strategy2.npz,730-834,FAMILY,FAMILY,TP
continuous_0536_S7_strategy2.npz,834-939,NUMBER,NUMBER,TP
continuous_0537_S7_strategy2.npz,0-94,GREETING,GREETING,TP
continuous_0537_S7_strategy2.npz,94-285,SURVIVAL,GREETING,FP
continuous_0537_S7_strategy2.npz,285-475,FOOD,FOOD,TP
continuous_0537_S7_strategy2.npz,475-570,COLOR,COLOR,TP
continuous_0537_S7_strategy2.npz,570-666,DAYS,DAYS,TP
continuous_0537_S7_strategy2.npz,666-762,DRINK,DRINK,TP
continuous_0537_S7_strategy2.npz,121-262,SURVIVAL,GREETING,FN
continuous_0538_S7_strategy2.npz,0-171,COLOR,COLOR,TP
continuous_0538_S7_strategy2.npz,171-256,RELATIONSHIPS,RELATIONSHIPS,TP
continuous_0538_S7_strategy2.npz,256-342,SURVIVAL,SURVIVAL,TP
continuous_0538_S7_strategy2.npz,342-514,CALENDAR,CALENDAR,TP
continuous_0538_S7_strategy2.npz,514-687,NUMBER,NUMBER,TP
continuous_0538_S7_strategy2.npz,687-772,DRINK,DRINK,TP
continuous_0538_S7_strategy2.npz,772-858,-,DRINK,FP
continuous_0538_S7_strategy2.npz,858-945,FAMILY,FAMILY,TP
continuous_0539_S7_strategy2.npz,0-171,DAYS,DAYS,TP
continuous_0539_S7_strategy2.npz,171-256,FAMILY,FAMILY,TP
continuous_0539_S7_strategy2.npz,256-342,-,SURVIVAL,FP
continuous_0539_S7_strategy2.npz,342-514,NUMBER,NUMBER,TP
continuous_0539_S7_strategy2.npz,514-600,GREETING,GREETING,TP
continuous_0539_S7_strategy2.npz,600-687,SURVIVAL,SURVIVAL,TP
continuous_0539_S7_strategy2.npz,687-772,DRINK,DRINK,TP
continuous_0540_S7_strategy2.npz,0-199,COLOR,COLOR,TP
continuous_0540_S7_strategy2.npz,199-300,FOOD,FOOD,TP
continuous_0540_S7_strategy2.npz,300-399,RELATIONSHIPS,RELATIONSHIPS,TP
continuous_0540_S7_strategy2.npz,399-499,GREETING,GREETING,TP
continuous_0540_S7_strategy2.npz,499-600,-,DRINK,FP
continuous_0540_S7_strategy2.npz,600-699,DAYS,DAYS,TP
continuous_0540_S7_strategy2.npz,699-799,SURVIVAL,SURVIVAL,TP
continuous_0540_S7_strategy2.npz,799-900,DRINK,DRINK,TP
continuous_0541_S7_strategy2.npz,0-105,NUMBER,NUMBER,TP
continuous_0541_S7_strategy2.npz,105-315,RELATIONSHIPS,RELATIONSHIPS,TP
continuous_0541_S7_strategy2.npz,315-420,CALENDAR,CALENDAR,TP
continuous_0541_S7_strategy2.npz,420-630,FAMILY,FAMILY,TP
continuous_0541_S7_strategy2.npz,630-735,COLOR,COLOR,TP
continuous_0541_S7_strategy2.npz,735-840,GREETING,GREETING,TP
continuous_0541_S7_strategy2.npz,840-945,DAYS,DAYS,TP
continuous_0542_S7_strategy2.npz,0-75,GREETING,GREETING,TP
continuous_0542_S7_strategy2.npz,75-151,-,SURVIVAL,FP
continuous_0542_S7_strategy2.npz,151-381,SURVIVAL,SURVIVAL,TP
continuous_0542_S7_strategy2.npz,381-456,-,CALENDAR,FP
continuous_0542_S7_strategy2.npz,456-609,NUMBER,NUMBER,TP
continuous_0542_S7_strategy2.npz,609-685,RELATIONSHIPS,RELATIONSHIPS,TP
continuous_0542_S7_strategy2.npz,685-837,FAMILY,FAMILY,TP
continuous_0542_S7_strategy2.npz,837-915,DAYS,DAYS,TP
continuous_0542_S7_strategy2.npz,269-381,CALENDAR,-,FN
continuous_0543_S7_strategy2.npz,0-96,RELATIONSHIPS,RELATIONSHIPS,TP
continuous_0543_S7_strategy2.npz,96-291,DAYS,DAYS,TP
continuous_0543_S7_strategy2.npz,291-388,CALENDAR,CALENDAR,TP
continuous_0543_S7_strategy2.npz,388-486,-,CALENDAR,FP
continuous_0543_S7_strategy2.npz,486-583,FOOD,FOOD,TP
continuous_0543_S7_strategy2.npz,583-681,DRINK,DRINK,TP
continuous_0543_S7_strategy2.npz,681-778,NUMBER,NUMBER,TP
continuous_0544_S7_strategy2.npz,0-174,FOOD,FOOD,TP
continuous_0544_S7_strategy2.npz,174-351,DRINK,DRINK,TP
continuous_0544_S7_strategy2.npz,351-438,-,CALENDAR,FP
continuous_0544_S7_strategy2.npz,438-525,SURVIVAL,SURVIVAL,TP
continuous_0544_S7_strategy2.npz,525-613,RELATIONSHIPS,RELATIONSHIPS,TP
continuous_0544_S7_strategy2.npz,613-702,-,FAMILY,FP
continuous_0544_S7_strategy2.npz,702-789,FAMILY,FAMILY,TP
continuous_0544_S7_strategy2.npz,254-402,CALENDAR,-,FN
continuous_0545_S7_strategy2.npz,0-159,NUMBER,NUMBER,TP
continuous_0545_S7_strategy2.npz,159-318,SURVIVAL,SURVIVAL,TP
continuous_0545_S7_strategy2.npz,318-477,COLOR,COLOR,TP
continuous_0545_S7_strategy2.npz,477-636,DRINK,DRINK,TP
continuous_0545_S7_strategy2.npz,636-717,CALENDAR,CALENDAR,TP
continuous_0545_S7_strategy2.npz,717-796,RELATIONSHIPS,RELATIONSHIPS,TP
continuous_0546_S7_strategy2.npz,0-156,FOOD,FOOD,TP
continuous_0546_S7_strategy2.npz,156-234,DRINK,DRINK,TP
continuous_0546_S7_strategy2.npz,234-313,-,DRINK,FP
continuous_0546_S7_strategy2.npz,313-471,CALENDAR,CALENDAR,TP
continuous_0546_S7_strategy2.npz,471-549,RELATIONSHIPS,RELATIONSHIPS,TP
continuous_0546_S7_strategy2.npz,549-706,SURVIVAL,SURVIVAL,TP
continuous_0546_S7_strategy2.npz,706-786,FAMILY,FAMILY,TP
continuous_0547_S7_strategy2.npz,0-87,DRINK,DRINK,TP
continuous_0547_S7_strategy2.npz,87-174,-,DRINK,FP
continuous_0547_S7_strategy2.npz,174-348,CALENDAR,CALENDAR,TP
continuous_0547_S7_strategy2.npz,348-435,COLOR,COLOR,TP
continuous_0547_S7_strategy2.npz,435-522,FOOD,FOOD,TP
continuous_0547_S7_strategy2.npz,522-696,RELATIONSHIPS,RELATIONSHIPS,TP
continuous_0547_S7_strategy2.npz,696-783,NUMBER,NUMBER,TP
continuous_0548_S7_strategy2.npz,0-81,FOOD,FOOD,TP
continuous_0548_S7_strategy2.npz,81-243,NUMBER,NUMBER,TP
continuous_0548_S7_strategy2.npz,243-408,SURVIVAL,SURVIVAL,TP
continuous_0548_S7_strategy2.npz,408-570,FAMILY,FAMILY,TP
continuous_0548_S7_strategy2.npz,570-733,DAYS,DAYS,TP
continuous_0548_S7_strategy2.npz,733-816,DRINK,DRINK,TP
continuous_0548_S7_strategy2.npz,816-897,RELATIONSHIPS,RELATIONSHIPS,TP
continuous_0549_S7_strategy2.npz,0-103,GREETING,GREETING,TP
continuous_0549_S7_strategy2.npz,103-207,FAMILY,FAMILY,TP
continuous_0549_S7_strategy2.npz,207-312,-,SURVIVAL,FP
continuous_0549_S7_strategy2.npz,312-415,-,FOOD,FP
continuous_0549_S7_strategy2.npz,415-624,NUMBER,NUMBER,TP
continuous_0549_S7_strategy2.npz,624-831,RELATIONSHIPS,RELATIONSHIPS,TP
continuous_0549_S7_strategy2.npz,831-936,CALENDAR,CALENDAR,TP
continuous_0549_S7_strategy2.npz,270-416,SURVIVAL,-,FN
continuous_0549_S7_strategy2.npz,416-544,FOOD,-,FN
continuous_0550_S7_strategy2.npz,0-196,SURVIVAL,SURVIVAL,TP
continuous_0550_S7_strategy2.npz,196-295,NUMBER,NUMBER,TP
continuous_0550_S7_strategy2.npz,295-394,FAMILY,FAMILY,TP
continuous_0550_S7_strategy2.npz,394-492,DAYS,DAYS,TP
continuous_0550_S7_strategy2.npz,492-591,-,DRINK,FP
continuous_0550_S7_strategy2.npz,591-690,-,COLOR,FP
continuous_0550_S7_strategy2.npz,690-789,DRINK,DRINK,TP
continuous_0550_S7_strategy2.npz,531-659,COLOR,-,FN
continuous_0551_S7_strategy2.npz,0-75,COLOR,COLOR,TP
continuous_0551_S7_strategy2.npz,75-150,-,NUMBER,FP
continuous_0551_S7_strategy2.npz,150-301,NUMBER,NUMBER,TP
continuous_0551_S7_strategy2.npz,301-453,FAMILY,FAMILY,TP
continuous_0551_S7_strategy2.npz,453-528,-,DRINK,FP
continuous_0551_S7_strategy2.npz,528-603,-,DRINK,FP
continuous_0551_S7_strategy2.npz,603-678,DAYS,DAYS,TP
continuous_0551_S7_strategy2.npz,678-829,SURVIVAL,SURVIVAL,TP
continuous_0551_S7_strategy2.npz,829-906,RELATIONSHIPS,RELATIONSHIPS,TP
continuous_0551_S7_strategy2.npz,390-518,DRINK,-,FN
continuous_0552_S7_strategy2.npz,0-169,SURVIVAL,SURVIVAL,TP
continuous_0552_S7_strategy2.npz,169-339,GREETING,GREETING,TP
continuous_0552_S7_strategy2.npz,339-424,COLOR,COLOR,TP
continuous_0552_S7_strategy2.npz,424-594,RELATIONSHIPS,RELATIONSHIPS,TP
continuous_0552_S7_strategy2.npz,594-679,DRINK,DRINK,TP
continuous_0552_S7_strategy2.npz,679-849,NUMBER,COLOR,FP
continuous_0552_S7_strategy2.npz,849-936,CALENDAR,CALENDAR,TP
continuous_0552_S7_strategy2.npz,654-794,NUMBER,COLOR,FN
continuous_0553_S7_strategy2.npz,0-184,GREETING,GREETING,TP
continuous_0553_S7_strategy2.npz,184-370,CALENDAR,CALENDAR,TP
continuous_0553_S7_strategy2.npz,370-463,-,COLOR,FP
continuous_0553_S7_strategy2.npz,463-555,-,COLOR,FP
continuous_0553_S7_strategy2.npz,555-648,-,FOOD,FP
continuous_0553_S7_strategy2.npz,648-741,-,RELATIONSHIPS,FP
continuous_0553_S7_strategy2.npz,741-834,SURVIVAL,SURVIVAL,TP
continuous_0553_S7_strategy2.npz,834-927,NUMBER,NUMBER,TP
continuous_0553_S7_strategy2.npz,286-414,COLOR,-,FN
continuous_0553_S7_strategy2.npz,414-541,FOOD,-,FN
continuous_0553_S7_strategy2.npz,541-668,RELATIONSHIPS,-,FN
continuous_0554_S7_strategy2.npz,0-90,FAMILY,FAMILY,TP
continuous_0554_S7_strategy2.npz,90-183,-,SURVIVAL,FP
continuous_0554_S7_strategy2.npz,183-274,-,SURVIVAL,FP
continuous_0554_S7_strategy2.npz,274-459,FOOD,FOOD,TP
continuous_0554_S7_strategy2.npz,459-549,GREETING,GREETING,TP
continuous_0554_S7_strategy2.npz,549-642,RELATIONSHIPS,RELATIONSHIPS,TP
continuous_0554_S7_strategy2.npz,642-733,DAYS,DRINK,FP
continuous_0554_S7_strategy2.npz,733-825,-,NUMBER,FP
continuous_0554_S7_strategy2.npz,825-918,NUMBER,NUMBER,TP
continuous_0554_S7_strategy2.npz,128-267,SURVIVAL,-,FN
continuous_0554_S7_strategy2.npz,654-782,DAYS,DRINK,FN
continuous_0555_S7_strategy2.npz,0-156,GREETING,GREETING,TP
continuous_0555_S7_strategy2.npz,156-390,FAMILY,FAMILY,TP
continuous_0555_S7_strategy2.npz,390-547,CALENDAR,CALENDAR,TP
continuous_0555_S7_strategy2.npz,547-705,-,NUMBER,FP
continuous_0555_S7_strategy2.npz,705-783,-,DAYS,FP
continuous_0555_S7_strategy2.npz,783-861,COLOR,COLOR,TP
continuous_0555_S7_strategy2.npz,861-939,SURVIVAL,SURVIVAL,TP
continuous_0555_S7_strategy2.npz,415-553,NUMBER,-,FN
continuous_0555_S7_strategy2.npz,553-680,DAYS,-,FN
continuous_0556_S7_strategy2.npz,0-177,DAYS,DAYS,TP
continuous_0556_S7_strategy2.npz,177-355,NUMBER,NUMBER,TP
continuous_0556_S7_strategy2.npz,355-444,-,SURVIVAL,FP
continuous_0556_S7_strategy2.npz,444-622,CALENDAR,CALENDAR,TP
continuous_0556_S7_strategy2.npz,622-711,COLOR,COLOR,TP
continuous_0556_S7_strategy2.npz,711-801,DRINK,DRINK,TP
continuous_0556_S7_strategy2.npz,268-406,SURVIVAL,-,FN
continuous_0557_S7_strategy2.npz,0-127,CALENDAR,CALENDAR,TP
continuous_0557_S7_strategy2.npz,127-256,SURVIVAL,DRINK,FP
continuous_0557_S7_strategy2.npz,256-384,COLOR,COLOR,TP
continuous_0557_S7_strategy2.npz,384-513,FAMILY,FAMILY,TP
continuous_0557_S7_strategy2.npz,513-642,DRINK,DRINK,TP
continuous_0557_S7_strategy2.npz,642-771,GREETING,GREETING,TP
continuous_0557_S7_strategy2.npz,125-264,SURVIVAL,DRINK,FN
continuous_0558_S7_strategy2.npz,0-76,RELATIONSHIPS,RELATIONSHIPS,TP
continuous_0558_S7_strategy2.npz,76-153,-,SURVIVAL,FP
continuous_0558_S7_strategy2.npz,153-231,CALENDAR,CALENDAR,TP
continuous_0558_S7_strategy2.npz,231-309,-,CALENDAR,FP
continuous_0558_S7_strategy2.npz,309-385,DAYS,DAYS,TP
continuous_0558_S7_strategy2.npz,385-463,-,COLOR,FP
continuous_0558_S7_strategy2.npz,463-618,COLOR,COLOR,TP
continuous_0558_S7_strategy2.npz,618-696,GREETING,GREETING,TP
continuous_0558_S7_strategy2.npz,696-772,-,GREETING,FP
continuous_0558_S7_strategy2.npz,772-849,DRINK,DRINK,TP
continuous_0558_S7_strategy2.npz,849-927,FOOD,FOOD,TP
continuous_0559_S7_strategy2.npz,0-198,GREETING,GREETING,TP
continuous_0559_S7_strategy2.npz,198-397,CALENDAR,CALENDAR,TP
continuous_0559_S7_strategy2.npz,397-496,FOOD,FOOD,TP
continuous_0559_S7_strategy2.npz,496-597,SURVIVAL,SURVIVAL,TP
continuous_0559_S7_strategy2.npz,597-696,COLOR,COLOR,TP
continuous_0559_S7_strategy2.npz,696-795,DRINK,DRINK,TP
continuous_0560_S7_strategy2.npz,0-183,RELATIONSHIPS,RELATIONSHIPS,TP
continuous_0560_S7_strategy2.npz,183-276,GREETING,GREETING,TP
continuous_0560_S7_strategy2.npz,276-367,-,NUMBER,FP
continuous_0560_S7_strategy2.npz,367-460,DAYS,DAYS,TP
continuous_0560_S7_strategy2.npz,460-552,COLOR,COLOR,TP
continuous_0560_S7_strategy2.npz,552-736,FAMILY,FAMILY,TP
continuous_0560_S7_strategy2.npz,736-828,NUMBER,NUMBER,TP
continuous_0560_S7_strategy2.npz,828-921,CALENDAR,CALENDAR,TP
continuous_0561_S7_strategy2.npz,0-96,DAYS,DAYS,TP
continuous_0561_S7_strategy2.npz,96-192,-,SURVIVAL,FP
continuous_0561_S7_strategy2.npz,192-288,-,RELATIONSHIPS,FP
continuous_0561_S7_strategy2.npz,288-384,-,COLOR,FP
continuous_0561_S7_strategy2.npz,384-576,DRINK,DRINK,TP
continuous_0561_S7_strategy2.npz,576-672,FOOD,FOOD,TP
continuous_0561_S7_strategy2.npz,672-769,CALENDAR,CALENDAR,TP
continuous_0561_S7_strategy2.npz,127-268,SURVIVAL,-,FN
continuous_0561_S7_strategy2.npz,268-395,RELATIONSHIPS,-,FN
continuous_0562_S7_strategy2.npz,0-147,SURVIVAL,SURVIVAL,TP
continuous_0562_S7_strategy2.npz,147-222,NUMBER,NUMBER,TP
continuous_0562_S7_strategy2.npz,222-297,RELATIONSHIPS,RELATIONSHIPS,TP
continuous_0562_S7_strategy2.npz,297-445,-,COLOR,FP
continuous_0562_S7_strategy2.npz,445-594,GREETING,GREETING,TP
continuous_0562_S7_strategy2.npz,594-744,DAYS,DAYS,TP
continuous_0562_S7_strategy2.npz,744-817,COLOR,COLOR,TP
continuous_0562_S7_strategy2.npz,817-892,FOOD,FOOD,TP
continuous_0563_S7_strategy2.npz,0-90,DRINK,DRINK,TP
continuous_0563_S7_strategy2.npz,90-180,-,FAMILY,FP
continuous_0563_S7_strategy2.npz,180-270,-,SURVIVAL,FP
continuous_0563_S7_strategy2.npz,270-541,NUMBER,NUMBER,TP
continuous_0563_S7_strategy2.npz,541-723,FOOD,FOOD,TP
continuous_0563_S7_strategy2.npz,723-813,DAYS,DAYS,TP
continuous_0563_S7_strategy2.npz,127-255,FAMILY,-,FN
continuous_0563_S7_strategy2.npz,255-395,SURVIVAL,-,FN
continuous_0564_S7_strategy2.npz,0-111,FOOD,FOOD,TP
continuous_0564_S7_strategy2.npz,111-336,FAMILY,FAMILY,TP
continuous_0564_S7_strategy2.npz,336-448,DRINK,DRINK,TP
continuous_0564_S7_strategy2.npz,448-561,NUMBER,NUMBER,TP
continuous_0564_S7_strategy2.npz,561-672,CALENDAR,CALENDAR,TP
continuous_0564_S7_strategy2.npz,672-786,RELATIONSHIPS,RELATIONSHIPS,TP
continuous_0565_S7_strategy2.npz,0-147,DRINK,DRINK,TP
continuous_0565_S7_strategy2.npz,147-295,DAYS,DAYS,TP
continuous_0565_S7_strategy2.npz,295-444,GREETING,GREETING,TP
continuous_0565_S7_strategy2.npz,444-592,SURVIVAL,SURVIVAL,TP
continuous_0565_S7_strategy2.npz,592-741,CALENDAR,CALENDAR,TP
continuous_0565_S7_strategy2.npz,741-816,NUMBER,NUMBER,TP
continuous_0566_S7_strategy2.npz,0-159,FAMILY,FAMILY,TP
continuous_0566_S7_strategy2.npz,159-240,RELATIONSHIPS,RELATIONSHIPS,TP
continuous_0566_S7_strategy2.npz,240-400,DRINK,DRINK,TP
continuous_0566_S7_strategy2.npz,400-480,DAYS,DAYS,TP
continuous_0566_S7_strategy2.npz,480-721,FOOD,FOOD,TP
continuous_0566_S7_strategy2.npz,721-802,NUMBER,NUMBER,TP
continuous_0567_S7_strategy2.npz,0-111,COLOR,COLOR,TP
continuous_0567_S7_strategy2.npz,111-333,CALENDAR,CALENDAR,TP
continuous_0567_S7_strategy2.npz,333-444,FOOD,FOOD,TP
continuous_0567_S7_strategy2.npz,444-555,GREETING,GREETING,TP
continuous_0567_S7_strategy2.npz,555-666,DAYS,COLOR,FP
continuous_0567_S7_strategy2.npz,666-777,FAMILY,FAMILY,TP
continuous_0567_S7_strategy2.npz,529-657,DAYS,COLOR,FN
continuous_0568_S7_strategy2.npz,0-141,DAYS,DAYS,TP
continuous_0568_S7_strategy2.npz,141-282,SURVIVAL,SURVIVAL,TP
continuous_0568_S7_strategy2.npz,282-423,GREETING,GREETING,TP
continuous_0568_S7_strategy2.npz,423-705,FOOD,FOOD,TP
continuous_0568_S7_strategy2.npz,705-777,DRINK,DRINK,TP
continuous_0568_S7_strategy2.npz,511-659,CALENDAR,-,FN
continuous_0569_S7_strategy2.npz,0-91,DRINK,DRINK,TP
continuous_0569_S7_strategy2.npz,91-183,FOOD,FOOD,TP
continuous_0569_S7_strategy2.npz,183-367,FAMILY,FAMILY,TP
continuous_0569_S7_strategy2.npz,367-459,DAYS,DAYS,TP
continuous_0569_S7_strategy2.npz,459-552,COLOR,COLOR,TP
continuous_0569_S7_strategy2.npz,552-643,-,DAYS,FP
continuous_0569_S7_strategy2.npz,643-828,CALENDAR,CALENDAR,TP
continuous_0569_S7_strategy2.npz,828-921,SURVIVAL,SURVIVAL,TP
continuous_0570_S7_strategy2.npz,183-273,DAYS,DAYS,TP
continuous_0570_S7_strategy2.npz,273-549,RELATIONSHIPS,RELATIONSHIPS,TP
continuous_0570_S7_strategy2.npz,549-639,-,COLOR,FP
continuous_0570_S7_strategy2.npz,639-732,FAMILY,FAMILY,TP
continuous_0570_S7_strategy2.npz,732-823,NUMBER,NUMBER,TP
continuous_0570_S7_strategy2.npz,0-149,CALENDAR,-,FN
continuous_0570_S7_strategy2.npz,425-552,COLOR,-,FN
continuous_0571_S7_strategy2.npz,0-75,SURVIVAL,SURVIVAL,TP
continuous_0571_S7_strategy2.npz,75-150,-,DRINK,FP
continuous_0571_S7_strategy2.npz,150-300,FAMILY,FAMILY,TP
continuous_0571_S7_strategy2.npz,300-450,DRINK,DRINK,TP
continuous_0571_S7_strategy2.npz,450-525,FOOD,FOOD,TP
continuous_0571_S7_strategy2.npz,525-600,COLOR,COLOR,TP
continuous_0571_S7_strategy2.npz,600-675,-,SURVIVAL,FP
continuous_0571_S7_strategy2.npz,675-750,RELATIONSHIPS,RELATIONSHIPS,TP
continuous_0571_S7_strategy2.npz,750-825,-,DRINK,FP
continuous_0571_S7_strategy2.npz,825-900,GREETING,GREETING,TP
continuous_0572_S7_strategy2.npz,0-88,SURVIVAL,SURVIVAL,TP
continuous_0572_S7_strategy2.npz,88-178,FAMILY,FAMILY,TP
continuous_0572_S7_strategy2.npz,178-358,COLOR,COLOR,TP
continuous_0572_S7_strategy2.npz,358-537,DRINK,DRINK,TP
continuous_0572_S7_strategy2.npz,537-717,RELATIONSHIPS,RELATIONSHIPS,TP
continuous_0572_S7_strategy2.npz,717-807,FOOD,FOOD,TP
continuous_0572_S7_strategy2.npz,807-897,NUMBER,NUMBER,TP
continuous_0573_S7_strategy2.npz,0-150,FOOD,FOOD,TP
continuous_0573_S7_strategy2.npz,150-225,NUMBER,NUMBER,TP
continuous_0573_S7_strategy2.npz,225-376,COLOR,COLOR,TP
continuous_0573_S7_strategy2.npz,376-528,FAMILY,FAMILY,TP
continuous_0573_S7_strategy2.npz,528-603,DRINK,DRINK,TP
continuous_0573_S7_strategy2.npz,603-678,-,SURVIVAL,FP
continuous_0573_S7_strategy2.npz,678-829,SURVIVAL,SURVIVAL,TP
continuous_0573_S7_strategy2.npz,829-906,GREETING,GREETING,TP
continuous_0574_S7_strategy2.npz,0-90,FOOD,FOOD,TP
continuous_0574_S7_strategy2.npz,90-273,DAYS,GREETING,FP
continuous_0574_S7_strategy2.npz,273-363,COLOR,COLOR,TP
continuous_0574_S7_strategy2.npz,363-456,-,COLOR,FP
continuous_0574_S7_strategy2.npz,456-546,CALENDAR,CALENDAR,TP
continuous_0574_S7_strategy2.npz,546-637,NUMBER,NUMBER,TP
continuous_0574_S7_strategy2.npz,637-819,FAMILY,FAMILY,TP
continuous_0574_S7_strategy2.npz,819-912,GREETING,GREETING,TP
continuous_0574_S7_strategy2.npz,126-253,DAYS,GREETING,FN
continuous_0575_S7_strategy2.npz,0-93,RELATIONSHIPS,RELATIONSHIPS,TP
continuous_0575_S7_strategy2.npz,93-282,CALENDAR,CALENDAR,TP
continuous_0575_S7_strategy2.npz,282-471,GREETING,GREETING,TP
continuous_0575_S7_strategy2.npz,471-565,-,COLOR,FP
continuous_0575_S7_strategy2.npz,565-660,FOOD,FOOD,TP
continuous_0575_S7_strategy2.npz,660-754,NUMBER,NUMBER,TP
continuous_0575_S7_strategy2.npz,754-849,-,DRINK,FP
continuous_0575_S7_strategy2.npz,849-943,FAMILY,FAMILY,TP
continuous_0575_S7_strategy2.npz,407-534,COLOR,-,FN
continuous_0576_S7_strategy2.npz,0-102,SURVIVAL,SURVIVAL,TP
continuous_0576_S7_strategy2.npz,102-204,DRINK,DRINK,TP
continuous_0576_S7_strategy2.npz,204-411,CALENDAR,CALENDAR,TP
continuous_0576_S7_strategy2.npz,411-513,FOOD,FOOD,TP
continuous_0576_S7_strategy2.npz,513-718,GREETING,GREETING,TP
continuous_0576_S7_strategy2.npz,718-822,COLOR,COLOR,TP
continuous_0576_S7_strategy2.npz,822-924,RELATIONSHIPS,RELATIONSHIPS,TP
continuous_0577_S7_strategy2.npz,0-154,SURVIVAL,SURVIVAL,TP
continuous_0577_S7_strategy2.npz,154-232,-,FAMILY,FP
continuous_0577_S7_strategy2.npz,232-310,-,DRINK,FP
continuous_0577_S7_strategy2.npz,310-465,RELATIONSHIPS,RELATIONSHIPS,TP
continuous_0577_S7_strategy2.npz,465-543,CALENDAR,CALENDAR,TP
continuous_0577_S7_strategy2.npz,543-699,DAYS,DAYS,TP
continuous_0577_S7_strategy2.npz,699-855,DRINK,DRINK,TP
continuous_0577_S7_strategy2.npz,855-933,-,NUMBER,FP
continuous_0577_S7_strategy2.npz,135-263,FAMILY,-,FN
continuous_0577_S7_strategy2.npz,794-929,NUMBER,-,FN
continuous_0578_S7_strategy2.npz,0-138,SURVIVAL,SURVIVAL,TP
continuous_0578_S7_strategy2.npz,138-276,GREETING,GREETING,TP
continuous_0578_S7_strategy2.npz,276-345,DRINK,DRINK,TP
continuous_0578_S7_strategy2.npz,345-414,-,DRINK,FP
continuous_0578_S7_strategy2.npz,414-621,DAYS,DAYS,TP
continuous_0578_S7_strategy2.npz,621-759,CALENDAR,CALENDAR,TP
continuous_0578_S7_strategy2.npz,759-828,FOOD,FOOD,TP
continuous_0578_S7_strategy2.npz,828-897,RELATIONSHIPS,RELATIONSHIPS,TP
continuous_0579_S7_strategy2.npz,0-129,COLOR,COLOR,TP
continuous_0579_S7_strategy2.npz,129-258,SURVIVAL,SURVIVAL,TP
continuous_0579_S7_strategy2.npz,258-387,RELATIONSHIPS,RELATIONSHIPS,TP
continuous_0579_S7_strategy2.npz,387-516,FAMILY,FAMILY,TP
continuous_0579_S7_strategy2.npz,516-645,DAYS,DAYS,TP
continuous_0579_S7_strategy2.npz,645-774,FOOD,FOOD,TP
continuous_0580_S7_strategy2.npz,0-88,FAMILY,FAMILY,TP
continuous_0580_S7_strategy2.npz,88-268,CALENDAR,CALENDAR,TP
continuous_0580_S7_strategy2.npz,268-447,SURVIVAL,SURVIVAL,TP
continuous_0580_S7_strategy2.npz,447-627,DAYS,DAYS,TP
continuous_0580_S7_strategy2.npz,627-717,DRINK,DRINK,TP
continuous_0580_S7_strategy2.npz,717-807,GREETING,GREETING,TP
continuous_0581_S7_strategy2.npz,0-102,DAYS,DAYS,TP
continuous_0581_S7_strategy2.npz,102-306,NUMBER,NUMBER,TP
continuous_0581_S7_strategy2.npz,306-408,SURVIVAL,SURVIVAL,TP
continuous_0581_S7_strategy2.npz,408-510,FOOD,FOOD,TP
continuous_0581_S7_strategy2.npz,510-612,COLOR,COLOR,TP
continuous_0581_S7_strategy2.npz,612-816,DRINK,DRINK,TP
continuous_0581_S7_strategy2.npz,816-918,GREETING,GREETING,TP
continuous_0582_S7_strategy2.npz,0-84,COLOR,COLOR,TP
continuous_0582_S7_strategy2.npz,84-168,-,DAYS,FP
continuous_0582_S7_strategy2.npz,168-252,-,NUMBER,FP
continuous_0582_S7_strategy2.npz,252-420,NUMBER,NUMBER,TP
continuous_0582_S7_strategy2.npz,420-505,FOOD,FOOD,TP
continuous_0582_S7_strategy2.npz,505-673,GREETING,GREETING,TP
continuous_0582_S7_strategy2.npz,673-843,CALENDAR,CALENDAR,TP
continuous_0582_S7_strategy2.npz,843-927,DRINK,DRINK,TP
continuous_0582_S7_strategy2.npz,126-252,DAYS,-,FN
continuous_0583_S7_strategy2.npz,0-165,NUMBER,NUMBER,TP
continuous_0583_S7_strategy2.npz,165-249,RELATIONSHIPS,RELATIONSHIPS,TP
continuous_0583_S7_strategy2.npz,249-331,-,DAYS,FP
continuous_0583_S7_strategy2.npz,331-414,-,DRINK,FP
continuous_0583_S7_strategy2.npz,414-498,DRINK,DRINK,TP
continuous_0583_S7_strategy2.npz,498-580,COLOR,COLOR,TP
continuous_0583_S7_strategy2.npz,580-663,-,FOOD,FP
continuous_0583_S7_strategy2.npz,663-829,GREETING,GREETING,TP
continuous_0583_S7_strategy2.npz,829-912,FOOD,FOOD,TP
continuous_0583_S7_strategy2.npz,276-403,DAYS,-,FN
continuous_0584_S7_strategy2.npz,0-90,FAMILY,FAMILY,TP
continuous_0584_S7_strategy2.npz,90-180,-,GREETING,FP
continuous_0584_S7_strategy2.npz,180-363,NUMBER,NUMBER,TP
continuous_0584_S7_strategy2.npz,363-453,DRINK,DRINK,TP
continuous_0584_S7_strategy2.npz,453-543,-,RELATIONSHIPS,FP
continuous_0584_S7_strategy2.npz,543-634,-,SURVIVAL,FP
continuous_0584_S7_strategy2.npz,634-816,FOOD,FOOD,TP
continuous_0584_S7_strategy2.npz,816-907,COLOR,COLOR,TP
continuous_0584_S7_strategy2.npz,127-264,GREETING,-,FN
continuous_0584_S7_strategy2.npz,534-661,RELATIONSHIPS,-,FN
continuous_0585_S7_strategy2.npz,0-168,NUMBER,NUMBER,TP
continuous_0585_S7_strategy2.npz,168-252,RELATIONSHIPS,RELATIONSHIPS,TP
continuous_0585_S7_strategy2.npz,252-336,DAYS,DAYS,TP
continuous_0585_S7_strategy2.npz,336-420,-,SURVIVAL,FP
continuous_0585_S7_strategy2.npz,420-589,COLOR,COLOR,TP
continuous_0585_S7_strategy2.npz,589-673,DRINK,DRINK,TP
continuous_0585_S7_strategy2.npz,673-843,FAMILY,FAMILY,TP
continuous_0585_S7_strategy2.npz,843-927,CALENDAR,CALENDAR,TP
continuous_0586_S7_strategy2.npz,0-90,COLOR,COLOR,TP
continuous_0586_S7_strategy2.npz,90-180,COLOR,COLOR,TP
continuous_0586_S7_strategy2.npz,180-271,-,RELATIONSHIPS,FP
continuous_0586_S7_strategy2.npz,271-361,-,NUMBER,FP
continuous_0586_S7_strategy2.npz,361-453,-,NUMBER,FP
continuous_0586_S7_strategy2.npz,453-543,-,DRINK,FP
continuous_0586_S7_strategy2.npz,543-633,COLOR,COLOR,TP
continuous_0586_S7_strategy2.npz,633-724,FAMILY,FAMILY,TP
continuous_0586_S7_strategy2.npz,724-906,-,FAMILY,FP
continuous_0586_S7_strategy2.npz,253-381,RELATIONSHIPS,-,FN
continuous_0586_S7_strategy2.npz,381-523,NUMBER,-,FN
continuous_0586_S7_strategy2.npz,778-905,CALENDAR,-,FN
continuous_0587_S7_strategy2.npz,0-246,-,CALENDAR,FP
continuous_0587_S7_strategy2.npz,246-330,-,CALENDAR,FP
continuous_0587_S7_strategy2.npz,330-412,COLOR,COLOR,TP
continuous_0587_S7_strategy2.npz,412-495,-,DRINK,FP
continuous_0587_S7_strategy2.npz,495-660,CALENDAR,CALENDAR,TP
continuous_0587_S7_strategy2.npz,660-742,-,FAMILY,FP
continuous_0587_S7_strategy2.npz,742-825,CALENDAR,CALENDAR,TP
continuous_0587_S7_strategy2.npz,825-909,DRINK,DRINK,TP
continuous_0587_S7_strategy2.npz,0-129,CALENDAR,-,FN
continuous_0587_S7_strategy2.npz,129-253,CALENDAR,-,FN
continuous_0587_S7_strategy2.npz,526-653,FAMILY,-,FN
continuous_0588_S7_strategy2.npz,0-151,CALENDAR,CALENDAR,TP
continuous_0588_S7_strategy2.npz,151-228,COLOR,COLOR,TP
continuous_0588_S7_strategy2.npz,228-303,-,COLOR,FP
continuous_0588_S7_strategy2.npz,303-381,-,CALENDAR,FP
continuous_0588_S7_strategy2.npz,381-609,CALENDAR,CALENDAR,TP
continuous_0588_S7_strategy2.npz,609-685,CALENDAR,CALENDAR,TP
continuous_0588_S7_strategy2.npz,685-762,-,CALENDAR,FP
continuous_0588_S7_strategy2.npz,762-837,CALENDAR,CALENDAR,TP
continuous_0588_S7_strategy2.npz,837-913,-,CALENDAR,FP
continuous_0588_S7_strategy2.npz,913-990,CALENDAR,CALENDAR,TP
continuous_0588_S7_strategy2.npz,273-400,COLOR,-,FN
continuous_0589_S7_strategy2.npz,0-88,RELATIONSHIPS,RELATIONSHIPS,TP
continuous_0589_S7_strategy2.npz,88-267,COLOR,COLOR,TP
continuous_0589_S7_strategy2.npz,267-447,RELATIONSHIPS,RELATIONSHIPS,TP
continuous_0589_S7_strategy2.npz,447-535,COLOR,COLOR,TP
continuous_0589_S7_strategy2.npz,535-624,RELATIONSHIPS,CALENDAR,FP
continuous_0589_S7_strategy2.npz,624-714,COLOR,COLOR,TP
continuous_0589_S7_strategy2.npz,714-804,-,DRINK,FP
continuous_0589_S7_strategy2.npz,804-894,FAMILY,FAMILY,TP
continuous_0589_S7_strategy2.npz,509-637,RELATIONSHIPS,CALENDAR,FN
continuous_0590_S7_strategy2.npz,0-181,FAMILY,FAMILY,TP
continuous_0590_S7_strategy2.npz,181-273,COLOR,COLOR,TP
continuous_0590_S7_strategy2.npz,273-456,COLOR,COLOR,TP
continuous_0590_S7_strategy2.npz,456-639,RELATIONSHIPS,RELATIONSHIPS,TP
continuous_0590_S7_strategy2.npz,639-730,-,FAMILY,FP
continuous_0590_S7_strategy2.npz,730-822,-,CALENDAR,FP
continuous_0590_S7_strategy2.npz,822-913,COLOR,COLOR,TP
continuous_0590_S7_strategy2.npz,508-636,FAMILY,-,FN
continuous_0590_S7_strategy2.npz,636-784,CALENDAR,-,FN
continuous_0591_S7_strategy2.npz,0-85,COLOR,COLOR,TP
continuous_0591_S7_strategy2.npz,85-171,-,DRINK,FP
continuous_0591_S7_strategy2.npz,171-258,CALENDAR,CALENDAR,TP
continuous_0591_S7_strategy2.npz,258-345,-,DRINK,FP
continuous_0591_S7_strategy2.npz,345-430,CALENDAR,NUMBER,FP
continuous_0591_S7_strategy2.npz,430-603,RELATIONSHIPS,RELATIONSHIPS,TP
continuous_0591_S7_strategy2.npz,603-775,CALENDAR,CALENDAR,TP
continuous_0591_S7_strategy2.npz,775-861,COLOR,COLOR,TP
continuous_0591_S7_strategy2.npz,861-948,CALENDAR,CALENDAR,TP
continuous_0591_S7_strategy2.npz,277-402,CALENDAR,NUMBER,FN
continuous_0592_S7_strategy2.npz,0-82,COLOR,COLOR,TP
continuous_0592_S7_strategy2.npz,82-250,COLOR,COLOR,TP
continuous_0592_S7_strategy2.npz,250-333,COLOR,COLOR,TP
continuous_0592_S7_strategy2.npz,333-501,CALENDAR,CALENDAR,TP
continuous_0592_S7_strategy2.npz,501-585,COLOR,COLOR,TP
continuous_0592_S7_strategy2.npz,585-753,-,CALENDAR,FP
continuous_0592_S7_strategy2.npz,753-837,-,CALENDAR,FP
continuous_0592_S7_strategy2.npz,837-921,COLOR,COLOR,TP
continuous_0592_S7_strategy2.npz,650-792,CALENDAR,-,FN
continuous_0593_S7_strategy2.npz,0-201,COLOR,COLOR,TP
continuous_0593_S7_strategy2.npz,201-300,COLOR,COLOR,TP
continuous_0593_S7_strategy2.npz,300-402,-,COLOR,FP
continuous_0593_S7_strategy2.npz,402-603,CALENDAR,CALENDAR,TP
continuous_0593_S7_strategy2.npz,603-804,COLOR,COLOR,TP
continuous_0593_S7_strategy2.npz,804-904,DRINK,DRINK,TP
continuous_0593_S7_strategy2.npz,126-254,COLOR,-,FN
continuous_0593_S7_strategy2.npz,382-510,COLOR,-,FN
continuous_0594_S7_strategy2.npz,0-159,COLOR,COLOR,TP
continuous_0594_S7_strategy2.npz,159-318,FAMILY,FAMILY,TP
continuous_0594_S7_strategy2.npz,318-399,CALENDAR,CALENDAR,TP
continuous_0595_S7_strategy2.npz,0-141,CALENDAR,CALENDAR,TP
