File Name,Frame Range,Ground Truth Gloss/Category,Predicted Gloss/Category,Match Status
continuous_0001_S0_strategy2.npz,0-183,-,SURVIVAL,FP
continuous_0001_S0_strategy2.npz,183-366,GREETING,GREETING,TP
continuous_0001_S0_strategy2.npz,366-732,FAMILY,FAMILY,TP
continuous_0001_S0_strategy2.npz,0-120,DAYS,-,FN
continuous_0001_S0_strategy2.npz,120-241,SURVIVAL,-,FN
continuous_0001_S0_strategy2.npz,483-604,DRINK,-,FN
continuous_0001_S0_strategy2.npz,604-725,RELATIONSHIPS,-,FN
continuous_0002_S0_strategy2.npz,0-291,DRINK,DRINK,TP
continuous_0002_S0_strategy2.npz,291-585,FAMILY,FAMILY,TP
continuous_0002_S0_strategy2.npz,585-732,COLOR,CALENDAR,FP
continuous_0002_S0_strategy2.npz,120-241,NUMBER,-,FN
continuous_0002_S0_strategy2.npz,362-483,CALENDAR,-,FN
continuous_0002_S0_strategy2.npz,604-725,DAYS,-,FN
continuous_0002_S0_strategy2.npz,483-604,COLOR,CALENDAR,FN
continuous_0003_S0_strategy2.npz,0-121,-,CALENDAR,FP
continuous_0003_S0_strategy2.npz,121-487,FOOD,FOOD,TP
continuous_0003_S0_strategy2.npz,487-609,FAMILY,FAMILY,TP
continuous_0003_S0_strategy2.npz,609-732,DAYS,DAYS,TP
continuous_0003_S0_strategy2.npz,0-120,CALENDAR,-,FN
continuous_0003_S0_strategy2.npz,241-362,SURVIVAL,-,FN
continuous_0003_S0_strategy2.npz,362-483,COLOR,-,FN
continuous_0004_S0_strategy2.npz,0-208,SURVIVAL,SURVIVAL,TP
continuous_0004_S0_strategy2.npz,208-312,-,CALENDAR,FP
continuous_0004_S0_strategy2.npz,312-417,DAYS,DAYS,TP
continuous_0004_S0_strategy2.npz,417-522,COLOR,COLOR,TP
continuous_0004_S0_strategy2.npz,522-627,FAMILY,FAMILY,TP
continuous_0004_S0_strategy2.npz,627-732,RELATIONSHIPS,RELATIONSHIPS,TP
continuous_0004_S0_strategy2.npz,120-241,CALENDAR,-,FN
continuous_0005_S0_strategy2.npz,243-366,DAYS,CALENDAR,FP
continuous_0005_S0_strategy2.npz,366-487,-,DRINK,FP
continuous_0005_S0_strategy2.npz,487-853,FAMILY,DRINK,FP
continuous_0005_S0_strategy2.npz,0-120,NUMBER,-,FN
continuous_0005_S0_strategy2.npz,120-241,SURVIVAL,-,FN
continuous_0005_S0_strategy2.npz,362-483,DRINK,-,FN
continuous_0005_S0_strategy2.npz,604-725,CALENDAR,-,FN
continuous_0005_S0_strategy2.npz,725-846,FOOD,-,FN
continuous_0005_S0_strategy2.npz,241-362,DAYS,CALENDAR,FN
continuous_0005_S0_strategy2.npz,483-604,FAMILY,DRINK,FN
continuous_0006_S0_strategy2.npz,105-532,FOOD,FOOD,TP
continuous_0006_S0_strategy2.npz,532-747,RELATIONSHIPS,RELATIONSHIPS,TP
continuous_0006_S0_strategy2.npz,747-853,COLOR,COLOR,TP
continuous_0006_S0_strategy2.npz,0-120,FAMILY,-,FN
continuous_0006_S0_strategy2.npz,120-241,CALENDAR,-,FN
continuous_0006_S0_strategy2.npz,241-362,DRINK,-,FN
continuous_0006_S0_strategy2.npz,483-604,SURVIVAL,-,FN
continuous_0007_S0_strategy2.npz,103-208,-,FAMILY,FP
continuous_0007_S0_strategy2.npz,208-312,FAMILY,FAMILY,TP
continuous_0007_S0_strategy2.npz,312-522,-,FAMILY,FP
continuous_0007_S0_strategy2.npz,522-627,-,DRINK,FP
continuous_0007_S0_strategy2.npz,627-732,-,NUMBER,FP
continuous_0007_S0_strategy2.npz,0-120,RELATIONSHIPS,-,FN
continuous_0007_S0_strategy2.npz,241-362,DRINK,-,FN
continuous_0007_S0_strategy2.npz,362-483,COLOR,-,FN
continuous_0007_S0_strategy2.npz,483-604,NUMBER,-,FN
continuous_0007_S0_strategy2.npz,604-725,DAYS,-,FN
continuous_0008_S0_strategy2.npz,208-312,-,DAYS,FP
continuous_0008_S0_strategy2.npz,312-417,-,SURVIVAL,FP
continuous_0008_S0_strategy2.npz,417-627,COLOR,FOOD,FP
continuous_0008_S0_strategy2.npz,627-732,GREETING,GREETING,TP
continuous_0008_S0_strategy2.npz,0-120,RELATIONSHIPS,-,FN
continuous_0008_S0_strategy2.npz,120-241,CALENDAR,-,FN
continuous_0008_S0_strategy2.npz,241-362,DAYS,-,FN
continuous_0008_S0_strategy2.npz,362-483,SURVIVAL,-,FN
continuous_0008_S0_strategy2.npz,483-604,COLOR,FOOD,FN
continuous_0009_S0_strategy2.npz,0-105,FOOD,FOOD,TP
continuous_0009_S0_strategy2.npz,105-213,-,NUMBER,FP
continuous_0009_S0_strategy2.npz,213-426,-,COLOR,FP
continuous_0009_S0_strategy2.npz,426-532,-,FAMILY,FP
continuous_0009_S0_strategy2.npz,532-639,-,FOOD,FP
continuous_0009_S0_strategy2.npz,639-747,-,FOOD,FP
continuous_0009_S0_strategy2.npz,747-853,RELATIONSHIPS,DRINK,FP
continuous_0009_S0_strategy2.npz,120-241,NUMBER,-,FN
continuous_0009_S0_strategy2.npz,241-362,COLOR,-,FN
continuous_0009_S0_strategy2.npz,362-483,CALENDAR,-,FN
continuous_0009_S0_strategy2.npz,483-604,FAMILY,-,FN
continuous_0009_S0_strategy2.npz,604-725,DRINK,-,FN
continuous_0009_S0_strategy2.npz,725-846,RELATIONSHIPS,DRINK,FN
continuous_0010_S0_strategy2.npz,0-121,GREETING,GREETING,TP
continuous_0010_S0_strategy2.npz,121-366,-,FAMILY,FP
continuous_0010_S0_strategy2.npz,366-487,NUMBER,GREETING,FP
continuous_0010_S0_strategy2.npz,487-609,DRINK,DRINK,TP
continuous_0010_S0_strategy2.npz,609-732,COLOR,FOOD,FP
continuous_0010_S0_strategy2.npz,120-241,RELATIONSHIPS,-,FN
continuous_0010_S0_strategy2.npz,241-362,FAMILY,-,FN
continuous_0010_S0_strategy2.npz,362-483,NUMBER,GREETING,FN
continuous_0010_S0_strategy2.npz,604-725,COLOR,FOOD,FN
continuous_0011_S0_strategy2.npz,0-121,-,RELATIONSHIPS,FP
continuous_0011_S0_strategy2.npz,121-366,-,RELATIONSHIPS,FP
continuous_0011_S0_strategy2.npz,366-732,COLOR,COLOR,TP
continuous_0011_S0_strategy2.npz,732-853,-,NUMBER,FP
continuous_0011_S0_strategy2.npz,0-120,RELATIONSHIPS,-,FN
continuous_0011_S0_strategy2.npz,120-241,GREETING,-,FN
continuous_0011_S0_strategy2.npz,241-362,FAMILY,-,FN
continuous_0011_S0_strategy2.npz,483-604,DRINK,-,FN
continuous_0011_S0_strategy2.npz,604-725,NUMBER,-,FN
continuous_0011_S0_strategy2.npz,725-846,FOOD,-,FN
continuous_0012_S0_strategy2.npz,0-291,-,DAYS,FP
continuous_0012_S0_strategy2.npz,291-438,COLOR,COLOR,TP
continuous_0012_S0_strategy2.npz,438-583,-,DRINK,FP
continuous_0012_S0_strategy2.npz,583-730,FAMILY,FAMILY,TP
continuous_0012_S0_strategy2.npz,0-120,DAYS,-,FN
continuous_0012_S0_strategy2.npz,120-240,CALENDAR,-,FN
continuous_0012_S0_strategy2.npz,361-482,GREETING,-,FN
continuous_0012_S0_strategy2.npz,482-603,DRINK,-,FN
continuous_0013_S0_strategy2.npz,0-183,DRINK,DRINK,TP
continuous_0013_S0_strategy2.npz,183-366,FOOD,FOOD,TP
continuous_0013_S0_strategy2.npz,366-549,GREETING,GREETING,TP
continuous_0013_S0_strategy2.npz,549-732,SURVIVAL,SURVIVAL,TP
continuous_0013_S0_strategy2.npz,241-362,CALENDAR,-,FN
continuous_0013_S0_strategy2.npz,604-725,RELATIONSHIPS,-,FN
continuous_0014_S0_strategy2.npz,0-366,SURVIVAL,SURVIVAL,TP
continuous_0014_S0_strategy2.npz,366-487,-,FOOD,FP
continuous_0014_S0_strategy2.npz,487-732,-,GREETING,FP
continuous_0014_S0_strategy2.npz,120-241,NUMBER,-,FN
continuous_0014_S0_strategy2.npz,241-362,RELATIONSHIPS,-,FN
continuous_0014_S0_strategy2.npz,362-483,GREETING,-,FN
continuous_0014_S0_strategy2.npz,483-604,DAYS,-,FN
continuous_0014_S0_strategy2.npz,604-725,CALENDAR,-,FN
continuous_0015_S0_strategy2.npz,0-121,DRINK,FOOD,FP
continuous_0015_S0_strategy2.npz,121-243,RELATIONSHIPS,RELATIONSHIPS,TP
continuous_0015_S0_strategy2.npz,243-366,-,CALENDAR,FP
continuous_0015_S0_strategy2.npz,366-487,DAYS,DAYS,TP
continuous_0015_S0_strategy2.npz,487-609,COLOR,COLOR,TP
continuous_0015_S0_strategy2.npz,609-732,FAMILY,FAMILY,TP
continuous_0015_S0_strategy2.npz,241-362,CALENDAR,-,FN
continuous_0015_S0_strategy2.npz,0-120,DRINK,FOOD,FN
continuous_0016_S0_strategy2.npz,0-93,NUMBER,NUMBER,TP
continuous_0016_S0_strategy2.npz,93-283,-,NUMBER,FP
continuous_0016_S0_strategy2.npz,283-474,-,DAYS,FP
continuous_0016_S0_strategy2.npz,474-568,DRINK,DRINK,TP
continuous_0016_S0_strategy2.npz,568-663,GREETING,GREETING,TP
continuous_0016_S0_strategy2.npz,663-853,SURVIVAL,SURVIVAL,TP
continuous_0016_S0_strategy2.npz,120-241,DAYS,-,FN
continuous_0016_S0_strategy2.npz,241-362,CALENDAR,-,FN
continuous_0016_S0_strategy2.npz,725-846,COLOR,-,FN
continuous_0017_S0_strategy2.npz,0-145,-,NUMBER,FP
continuous_0017_S0_strategy2.npz,145-291,COLOR,COLOR,TP
continuous_0017_S0_strategy2.npz,291-438,-,DAYS,FP
continuous_0017_S0_strategy2.npz,438-585,-,DAYS,FP
continuous_0017_S0_strategy2.npz,585-732,CALENDAR,CALENDAR,TP
continuous_0017_S0_strategy2.npz,0-120,NUMBER,-,FN
continuous_0017_S0_strategy2.npz,241-362,DAYS,-,FN
continuous_0017_S0_strategy2.npz,362-483,SURVIVAL,-,FN
continuous_0017_S0_strategy2.npz,604-725,GREETING,-,FN
continuous_0018_S0_strategy2.npz,0-426,FOOD,FOOD,TP
continuous_0018_S0_strategy2.npz,426-853,DRINK,DRINK,TP
continuous_0018_S0_strategy2.npz,0-120,NUMBER,-,FN
continuous_0018_S0_strategy2.npz,241-362,COLOR,-,FN
continuous_0018_S0_strategy2.npz,362-483,GREETING,-,FN
continuous_0018_S0_strategy2.npz,483-604,SURVIVAL,-,FN
continuous_0018_S0_strategy2.npz,725-846,CALENDAR,-,FN
continuous_0019_S0_strategy2.npz,0-183,SURVIVAL,SURVIVAL,TP
continuous_0019_S0_strategy2.npz,183-366,FOOD,FOOD,TP
continuous_0019_S0_strategy2.npz,366-549,-,NUMBER,FP
continuous_0019_S0_strategy2.npz,549-732,COLOR,COLOR,TP
continuous_0019_S0_strategy2.npz,241-362,GREETING,-,FN
continuous_0019_S0_strategy2.npz,362-483,CALENDAR,-,FN
continuous_0019_S0_strategy2.npz,483-604,NUMBER,-,FN
continuous_0020_S0_strategy2.npz,0-105,NUMBER,NUMBER,TP
continuous_0020_S0_strategy2.npz,105-213,GREETING,GREETING,TP
continuous_0020_S0_strategy2.npz,213-318,-,SURVIVAL,FP
continuous_0020_S0_strategy2.npz,318-426,-,GREETING,FP
continuous_0020_S0_strategy2.npz,426-744,CALENDAR,CALENDAR,TP
continuous_0020_S0_strategy2.npz,744-852,FOOD,FOOD,TP
continuous_0020_S0_strategy2.npz,240-361,SURVIVAL,-,FN
continuous_0020_S0_strategy2.npz,361-482,FOOD,-,FN
continuous_0020_S0_strategy2.npz,602-723,NUMBER,-,FN
continuous_0021_S0_strategy2.npz,0-121,SURVIVAL,SURVIVAL,TP
continuous_0021_S0_strategy2.npz,121-243,GREETING,GREETING,TP
continuous_0022_S0_strategy2.npz,0-120,GREETING,-,FN
continuous_0023_S1_strategy2.npz,0-487,DAYS,DAYS,TP
continuous_0023_S1_strategy2.npz,487-732,-,FAMILY,FP
continuous_0023_S1_strategy2.npz,120-241,SURVIVAL,-,FN
continuous_0023_S1_strategy2.npz,241-362,NUMBER,-,FN
continuous_0023_S1_strategy2.npz,362-483,GREETING,-,FN
continuous_0023_S1_strategy2.npz,483-604,FAMILY,-,FN
continuous_0023_S1_strategy2.npz,604-725,DRINK,-,FN
continuous_0024_S1_strategy2.npz,0-121,FAMILY,RELATIONSHIPS,FP
continuous_0024_S1_strategy2.npz,121-243,-,RELATIONSHIPS,FP
continuous_0024_S1_strategy2.npz,243-366,-,GREETING,FP
continuous_0024_S1_strategy2.npz,366-487,-,GREETING,FP
continuous_0024_S1_strategy2.npz,487-609,-,DRINK,FP
continuous_0024_S1_strategy2.npz,609-732,-,FOOD,FP
continuous_0024_S1_strategy2.npz,732-853,-,FAMILY,FP
continuous_0024_S1_strategy2.npz,120-241,GREETING,-,FN
continuous_0024_S1_strategy2.npz,241-362,DRINK,-,FN
continuous_0024_S1_strategy2.npz,362-483,COLOR,-,FN
continuous_0024_S1_strategy2.npz,483-604,RELATIONSHIPS,-,FN
continuous_0024_S1_strategy2.npz,604-725,SURVIVAL,-,FN
continuous_0024_S1_strategy2.npz,725-846,CALENDAR,-,FN
continuous_0024_S1_strategy2.npz,0-120,FAMILY,RELATIONSHIPS,FN
continuous_0025_S1_strategy2.npz,0-121,GREETING,FAMILY,FP
continuous_0025_S1_strategy2.npz,121-243,FOOD,FOOD,TP
continuous_0025_S1_strategy2.npz,243-487,RELATIONSHIPS,RELATIONSHIPS,TP
continuous_0025_S1_strategy2.npz,487-609,NUMBER,NUMBER,TP
continuous_0025_S1_strategy2.npz,609-732,SURVIVAL,SURVIVAL,TP
continuous_0025_S1_strategy2.npz,362-483,CALENDAR,-,FN
continuous_0025_S1_strategy2.npz,0-120,GREETING,FAMILY,FN
continuous_0026_S1_strategy2.npz,0-213,FAMILY,FAMILY,TP
continuous_0026_S1_strategy2.npz,213-319,DRINK,DRINK,TP
continuous_0026_S1_strategy2.npz,319-426,-,CALENDAR,FP
continuous_0026_S1_strategy2.npz,426-532,FOOD,FOOD,TP
continuous_0026_S1_strategy2.npz,532-639,RELATIONSHIPS,FOOD,FP
continuous_0026_S1_strategy2.npz,639-853,DAYS,DAYS,TP
continuous_0026_S1_strategy2.npz,241-362,CALENDAR,-,FN
continuous_0026_S1_strategy2.npz,725-846,NUMBER,-,FN
continuous_0026_S1_strategy2.npz,483-604,RELATIONSHIPS,FOOD,FN
continuous_0027_S1_strategy2.npz,0-121,DRINK,SURVIVAL,FP
continuous_0027_S1_strategy2.npz,121-243,COLOR,FOOD,FP
continuous_0027_S1_strategy2.npz,243-366,FOOD,FOOD,TP
continuous_0027_S1_strategy2.npz,366-487,-,CALENDAR,FP
continuous_0027_S1_strategy2.npz,487-609,-,NUMBER,FP
continuous_0027_S1_strategy2.npz,609-732,SURVIVAL,SURVIVAL,TP
continuous_0027_S1_strategy2.npz,362-483,CALENDAR,-,FN
continuous_0027_S1_strategy2.npz,483-604,NUMBER,-,FN
continuous_0027_S1_strategy2.npz,0-120,DRINK,SURVIVAL,FN
continuous_0027_S1_strategy2.npz,120-241,COLOR,FOOD,FN
continuous_0028_S1_strategy2.npz,0-105,SURVIVAL,SURVIVAL,TP
continuous_0028_S1_strategy2.npz,105-213,COLOR,COLOR,TP
continuous_0028_S1_strategy2.npz,213-319,-,CALENDAR,FP
continuous_0028_S1_strategy2.npz,319-426,-,COLOR,FP
continuous_0028_S1_strategy2.npz,426-747,-,FAMILY,FP
continuous_0028_S1_strategy2.npz,747-855,-,GREETING,FP
continuous_0028_S1_strategy2.npz,241-363,FOOD,-,FN
continuous_0028_S1_strategy2.npz,363-484,RELATIONSHIPS,-,FN
continuous_0028_S1_strategy2.npz,484-605,FAMILY,-,FN
continuous_0028_S1_strategy2.npz,605-726,GREETING,-,FN
continuous_0028_S1_strategy2.npz,726-847,DRINK,-,FN
continuous_0029_S1_strategy2.npz,0-366,FOOD,FOOD,TP
continuous_0029_S1_strategy2.npz,366-487,-,NUMBER,FP
continuous_0029_S1_strategy2.npz,487-609,-,FOOD,FP
continuous_0029_S1_strategy2.npz,609-732,-,FOOD,FP
continuous_0029_S1_strategy2.npz,120-241,RELATIONSHIPS,-,FN
continuous_0029_S1_strategy2.npz,241-362,NUMBER,-,FN
continuous_0029_S1_strategy2.npz,362-483,COLOR,-,FN
continuous_0029_S1_strategy2.npz,483-604,FAMILY,-,FN
continuous_0029_S1_strategy2.npz,604-725,CALENDAR,-,FN
continuous_0030_S1_strategy2.npz,283-426,-,NUMBER,FP
continuous_0030_S1_strategy2.npz,426-568,-,DAYS,FP
continuous_0030_S1_strategy2.npz,568-711,DRINK,DRINK,TP
continuous_0030_S1_strategy2.npz,711-853,GREETING,GREETING,TP
continuous_0030_S1_strategy2.npz,0-120,COLOR,-,FN
continuous_0030_S1_strategy2.npz,120-241,RELATIONSHIPS,-,FN
continuous_0030_S1_strategy2.npz,241-362,CALENDAR,-,FN
continuous_0030_S1_strategy2.npz,362-483,NUMBER,-,FN
continuous_0030_S1_strategy2.npz,483-604,DAYS,-,FN
continuous_0031_S1_strategy2.npz,0-319,SURVIVAL,SURVIVAL,TP
continuous_0031_S1_strategy2.npz,319-426,FOOD,FOOD,TP
continuous_0031_S1_strategy2.npz,426-639,NUMBER,NUMBER,TP
continuous_0031_S1_strategy2.npz,639-747,-,DRINK,FP
continuous_0031_S1_strategy2.npz,747-853,COLOR,CALENDAR,FP
continuous_0031_S1_strategy2.npz,120-241,CALENDAR,-,FN
continuous_0031_S1_strategy2.npz,362-483,RELATIONSHIPS,-,FN
continuous_0031_S1_strategy2.npz,604-725,DRINK,-,FN
continuous_0031_S1_strategy2.npz,725-846,COLOR,CALENDAR,FN
continuous_0032_S1_strategy2.npz,0-121,GREETING,GREETING,TP
continuous_0032_S1_strategy2.npz,121-243,-,RELATIONSHIPS,FP
continuous_0032_S1_strategy2.npz,243-366,DRINK,DRINK,TP
continuous_0032_S1_strategy2.npz,366-487,CALENDAR,CALENDAR,TP
continuous_0032_S1_strategy2.npz,487-853,RELATIONSHIPS,RELATIONSHIPS,TP
continuous_0032_S1_strategy2.npz,120-241,FAMILY,-,FN
continuous_0032_S1_strategy2.npz,604-725,NUMBER,-,FN
continuous_0032_S1_strategy2.npz,725-846,SURVIVAL,-,FN
continuous_0033_S1_strategy2.npz,0-90,-,DAYS,FP
continuous_0033_S1_strategy2.npz,90-273,-,DAYS,FP
continuous_0033_S1_strategy2.npz,273-366,-,NUMBER,FP
continuous_0033_S1_strategy2.npz,366-549,-,COLOR,FP
continuous_0033_S1_strategy2.npz,549-640,-,GREETING,FP
continuous_0033_S1_strategy2.npz,640-732,FAMILY,FAMILY,TP
continuous_0033_S1_strategy2.npz,0-121,RELATIONSHIPS,-,FN
continuous_0033_S1_strategy2.npz,121-242,DAYS,-,FN
continuous_0033_S1_strategy2.npz,242-363,NUMBER,-,FN
continuous_0033_S1_strategy2.npz,363-484,DRINK,-,FN
continuous_0033_S1_strategy2.npz,484-605,GREETING,-,FN
continuous_0034_S1_strategy2.npz,0-121,GREETING,GREETING,TP
continuous_0034_S1_strategy2.npz,121-243,DAYS,DAYS,TP
continuous_0034_S1_strategy2.npz,243-487,RELATIONSHIPS,RELATIONSHIPS,TP
continuous_0034_S1_strategy2.npz,487-609,SURVIVAL,SURVIVAL,TP
continuous_0034_S1_strategy2.npz,609-732,FOOD,FOOD,TP
continuous_0034_S1_strategy2.npz,732-853,FAMILY,FAMILY,TP
continuous_0034_S1_strategy2.npz,362-483,NUMBER,-,FN
continuous_0035_S1_strategy2.npz,0-103,-,FAMILY,FP
continuous_0035_S1_strategy2.npz,103-312,SURVIVAL,FAMILY,FP
continuous_0035_S1_strategy2.npz,312-417,GREETING,GREETING,TP
continuous_0035_S1_strategy2.npz,417-522,-,RELATIONSHIPS,FP
continuous_0035_S1_strategy2.npz,522-627,NUMBER,NUMBER,TP
continuous_0035_S1_strategy2.npz,627-732,COLOR,FAMILY,FP
continuous_0035_S1_strategy2.npz,0-120,DAYS,-,FN
continuous_0035_S1_strategy2.npz,362-483,RELATIONSHIPS,-,FN
continuous_0035_S1_strategy2.npz,120-241,SURVIVAL,FAMILY,FN
continuous_0035_S1_strategy2.npz,604-725,COLOR,FAMILY,FN
continuous_0036_S1_strategy2.npz,0-145,FAMILY,FAMILY,TP
continuous_0036_S1_strategy2.npz,145-291,RELATIONSHIPS,RELATIONSHIPS,TP
continuous_0036_S1_strategy2.npz,291-438,SURVIVAL,SURVIVAL,TP
continuous_0036_S1_strategy2.npz,438-585,DRINK,DRINK,TP
continuous_0036_S1_strategy2.npz,585-732,-,CALENDAR,FP
continuous_0036_S1_strategy2.npz,483-604,CALENDAR,-,FN
continuous_0036_S1_strategy2.npz,604-725,DAYS,-,FN
continuous_0037_S1_strategy2.npz,0-243,FOOD,FOOD,TP
continuous_0037_S1_strategy2.npz,243-366,DRINK,DRINK,TP
continuous_0037_S1_strategy2.npz,366-487,-,COLOR,FP
continuous_0037_S1_strategy2.npz,487-609,FAMILY,FAMILY,TP
continuous_0037_S1_strategy2.npz,609-732,CALENDAR,CALENDAR,TP
continuous_0037_S1_strategy2.npz,732-853,DAYS,DAYS,TP
continuous_0037_S1_strategy2.npz,120-241,SURVIVAL,-,FN
continuous_0037_S1_strategy2.npz,362-483,COLOR,-,FN
continuous_0038_S1_strategy2.npz,0-120,FAMILY,FAMILY,TP
continuous_0038_S1_strategy2.npz,120-243,-,SURVIVAL,FP
continuous_0038_S1_strategy2.npz,243-364,FOOD,COLOR,FP
continuous_0038_S1_strategy2.npz,364-730,GREETING,GREETING,TP
continuous_0038_S1_strategy2.npz,120-241,SURVIVAL,-,FN
continuous_0038_S1_strategy2.npz,483-604,CALENDAR,-,FN
continuous_0038_S1_strategy2.npz,604-724,DAYS,-,FN
continuous_0038_S1_strategy2.npz,241-362,FOOD,COLOR,FN
continuous_0039_S1_strategy2.npz,0-120,FOOD,FOOD,TP
continuous_0039_S1_strategy2.npz,120-243,GREETING,GREETING,TP
continuous_0039_S1_strategy2.npz,243-364,-,FOOD,FP
continuous_0039_S1_strategy2.npz,364-486,-,FOOD,FP
continuous_0039_S1_strategy2.npz,486-609,FOOD,FOOD,TP
continuous_0039_S1_strategy2.npz,609-852,COLOR,FOOD,FP
continuous_0039_S1_strategy2.npz,240-361,GREETING,-,FN
continuous_0039_S1_strategy2.npz,361-482,COLOR,-,FN
continuous_0039_S1_strategy2.npz,724-845,CALENDAR,-,FN
continuous_0039_S1_strategy2.npz,603-724,COLOR,FOOD,FN
continuous_0040_S1_strategy2.npz,0-426,COLOR,COLOR,TP
continuous_0040_S1_strategy2.npz,426-568,-,CALENDAR,FP
continuous_0040_S1_strategy2.npz,568-711,FAMILY,FAMILY,TP
continuous_0040_S1_strategy2.npz,711-853,FAMILY,FOOD,FP
continuous_0040_S1_strategy2.npz,120-241,CALENDAR,-,FN
continuous_0040_S1_strategy2.npz,241-362,DAYS,-,FN
continuous_0040_S1_strategy2.npz,362-483,COLOR,-,FN
continuous_0040_S1_strategy2.npz,725-846,COLOR,-,FN
continuous_0040_S1_strategy2.npz,604-725,FAMILY,FOOD,FN
continuous_0041_S1_strategy2.npz,0-121,CALENDAR,CALENDAR,TP
continuous_0041_S1_strategy2.npz,121-243,COLOR,FAMILY,FP
continuous_0041_S1_strategy2.npz,120-241,COLOR,FAMILY,FN
continuous_0042_S1_strategy2.npz,0-121,COLOR,COLOR,TP
continuous_0043_S2_strategy2.npz,105-426,-,GREETING,FP
continuous_0043_S2_strategy2.npz,426-639,DRINK,FOOD,FP
continuous_0043_S2_strategy2.npz,639-852,COLOR,CALENDAR,FP
continuous_0043_S2_strategy2.npz,0-120,GREETING,-,FN
continuous_0043_S2_strategy2.npz,120-241,NUMBER,-,FN
continuous_0043_S2_strategy2.npz,241-361,SURVIVAL,-,FN
continuous_0043_S2_strategy2.npz,361-482,CALENDAR,-,FN
continuous_0043_S2_strategy2.npz,724-845,RELATIONSHIPS,-,FN
continuous_0043_S2_strategy2.npz,482-603,DRINK,FOOD,FN
continuous_0043_S2_strategy2.npz,603-724,COLOR,CALENDAR,FN
continuous_0044_S2_strategy2.npz,0-145,DRINK,DRINK,TP
continuous_0044_S2_strategy2.npz,145-291,-,SURVIVAL,FP
continuous_0044_S2_strategy2.npz,291-438,-,FAMILY,FP
continuous_0044_S2_strategy2.npz,438-585,COLOR,COLOR,TP
continuous_0044_S2_strategy2.npz,585-732,GREETING,GREETING,TP
continuous_0044_S2_strategy2.npz,120-241,SURVIVAL,-,FN
continuous_0044_S2_strategy2.npz,241-362,FAMILY,-,FN
continuous_0044_S2_strategy2.npz,604-725,RELATIONSHIPS,-,FN
continuous_0045_S2_strategy2.npz,0-141,DRINK,DRINK,TP
continuous_0045_S2_strategy2.npz,141-283,GREETING,GREETING,TP
continuous_0045_S2_strategy2.npz,283-426,RELATIONSHIPS,RELATIONSHIPS,TP
continuous_0045_S2_strategy2.npz,426-711,NUMBER,NUMBER,TP
continuous_0045_S2_strategy2.npz,711-853,COLOR,CALENDAR,FP
continuous_0045_S2_strategy2.npz,483-604,CALENDAR,-,FN
continuous_0045_S2_strategy2.npz,725-846,SURVIVAL,-,FN
continuous_0045_S2_strategy2.npz,604-725,COLOR,CALENDAR,FN
continuous_0046_S2_strategy2.npz,90-183,-,GREETING,FP
continuous_0046_S2_strategy2.npz,183-273,SURVIVAL,SURVIVAL,TP
continuous_0046_S2_strategy2.npz,273-732,-,DAYS,FP
continuous_0046_S2_strategy2.npz,0-120,GREETING,-,FN
continuous_0046_S2_strategy2.npz,241-362,DAYS,-,FN
continuous_0046_S2_strategy2.npz,362-483,DRINK,-,FN
continuous_0046_S2_strategy2.npz,483-604,NUMBER,-,FN
continuous_0046_S2_strategy2.npz,604-725,COLOR,-,FN
continuous_0047_S2_strategy2.npz,0-121,FAMILY,FAMILY,TP
continuous_0047_S2_strategy2.npz,121-243,DRINK,DRINK,TP
continuous_0047_S2_strategy2.npz,243-366,-,COLOR,FP
continuous_0047_S2_strategy2.npz,366-487,-,COLOR,FP
continuous_0047_S2_strategy2.npz,487-609,-,NUMBER,FP
continuous_0047_S2_strategy2.npz,609-732,-,SURVIVAL,FP
continuous_0047_S2_strategy2.npz,732-853,-,GREETING,FP
continuous_0047_S2_strategy2.npz,241-362,COLOR,-,FN
continuous_0047_S2_strategy2.npz,362-483,NUMBER,-,FN
continuous_0047_S2_strategy2.npz,483-604,SURVIVAL,-,FN
continuous_0047_S2_strategy2.npz,604-725,GREETING,-,FN
continuous_0047_S2_strategy2.npz,725-846,RELATIONSHIPS,-,FN
continuous_0048_S2_strategy2.npz,0-121,SURVIVAL,SURVIVAL,TP
continuous_0048_S2_strategy2.npz,121-243,CALENDAR,CALENDAR,TP
continuous_0048_S2_strategy2.npz,243-366,DAYS,DAYS,TP
continuous_0048_S2_strategy2.npz,366-487,FAMILY,FAMILY,TP
continuous_0048_S2_strategy2.npz,487-609,RELATIONSHIPS,RELATIONSHIPS,TP
continuous_0048_S2_strategy2.npz,609-732,FOOD,FAMILY,FP
continuous_0048_S2_strategy2.npz,732-853,GREETING,FOOD,FP
continuous_0048_S2_strategy2.npz,604-725,FOOD,FAMILY,FN
continuous_0048_S2_strategy2.npz,725-846,GREETING,FOOD,FN
continuous_0049_S2_strategy2.npz,438-585,-,FOOD,FP
continuous_0049_S2_strategy2.npz,585-732,FAMILY,FAMILY,TP
continuous_0049_S2_strategy2.npz,0-120,CALENDAR,-,FN
continuous_0049_S2_strategy2.npz,120-241,NUMBER,-,FN
continuous_0049_S2_strategy2.npz,241-362,RELATIONSHIPS,-,FN
continuous_0049_S2_strategy2.npz,362-483,DAYS,-,FN
continuous_0049_S2_strategy2.npz,483-604,GREETING,-,FN
continuous_0050_S2_strategy2.npz,145-438,-,FAMILY,FP
continuous_0050_S2_strategy2.npz,438-511,-,FAMILY,FP
continuous_0050_S2_strategy2.npz,511-585,-,DAYS,FP
continuous_0050_S2_strategy2.npz,585-657,-,GREETING,FP
continuous_0050_S2_strategy2.npz,657-732,COLOR,COLOR,TP
continuous_0050_S2_strategy2.npz,0-120,CALENDAR,-,FN
continuous_0050_S2_strategy2.npz,120-241,SURVIVAL,-,FN
continuous_0050_S2_strategy2.npz,241-362,FAMILY,-,FN
continuous_0050_S2_strategy2.npz,362-483,DAYS,-,FN
continuous_0050_S2_strategy2.npz,483-604,GREETING,-,FN
continuous_0051_S2_strategy2.npz,0-121,RELATIONSHIPS,RELATIONSHIPS,TP
continuous_0051_S2_strategy2.npz,121-243,FAMILY,FAMILY,TP
continuous_0051_S2_strategy2.npz,243-366,FOOD,FOOD,TP
continuous_0051_S2_strategy2.npz,366-487,SURVIVAL,SURVIVAL,TP
continuous_0051_S2_strategy2.npz,487-732,GREETING,GREETING,TP
continuous_0051_S2_strategy2.npz,732-853,-,COLOR,FP
continuous_0051_S2_strategy2.npz,604-725,COLOR,-,FN
continuous_0051_S2_strategy2.npz,725-846,DRINK,-,FN
continuous_0052_S2_strategy2.npz,121-243,RELATIONSHIPS,DRINK,FP
continuous_0052_S2_strategy2.npz,243-489,DAYS,RELATIONSHIPS,FP
continuous_0052_S2_strategy2.npz,489-733,DRINK,DRINK,TP
continuous_0052_S2_strategy2.npz,0-121,SURVIVAL,-,FN
continuous_0052_S2_strategy2.npz,363-484,CALENDAR,-,FN
continuous_0052_S2_strategy2.npz,606-727,NUMBER,-,FN
continuous_0052_S2_strategy2.npz,121-242,RELATIONSHIPS,DRINK,FN
continuous_0052_S2_strategy2.npz,242-363,DAYS,RELATIONSHIPS,FN
continuous_0053_S2_strategy2.npz,0-366,DRINK,DRINK,TP
continuous_0053_S2_strategy2.npz,366-549,-,DRINK,FP
continuous_0053_S2_strategy2.npz,549-732,RELATIONSHIPS,DAYS,FP
continuous_0053_S2_strategy2.npz,120-241,SURVIVAL,-,FN
continuous_0053_S2_strategy2.npz,241-362,CALENDAR,-,FN
continuous_0053_S2_strategy2.npz,362-483,DAYS,-,FN
continuous_0053_S2_strategy2.npz,483-604,COLOR,-,FN
continuous_0053_S2_strategy2.npz,604-725,RELATIONSHIPS,DAYS,FN
continuous_0054_S2_strategy2.npz,0-487,DRINK,DRINK,TP
continuous_0054_S2_strategy2.npz,487-609,-,FOOD,FP
continuous_0054_S2_strategy2.npz,609-732,GREETING,GREETING,TP
continuous_0054_S2_strategy2.npz,732-855,RELATIONSHIPS,RELATIONSHIPS,TP
continuous_0054_S2_strategy2.npz,120-241,CALENDAR,-,FN
continuous_0054_S2_strategy2.npz,241-362,NUMBER,-,FN
continuous_0054_S2_strategy2.npz,362-484,FOOD,-,FN
continuous_0054_S2_strategy2.npz,484-605,DAYS,-,FN
continuous_0055_S2_strategy2.npz,0-121,FOOD,FOOD,TP
continuous_0055_S2_strategy2.npz,121-243,FAMILY,FAMILY,TP
continuous_0055_S2_strategy2.npz,243-487,-,FAMILY,FP
continuous_0055_S2_strategy2.npz,487-609,-,RELATIONSHIPS,FP
continuous_0055_S2_strategy2.npz,609-732,COLOR,DAYS,FP
continuous_0055_S2_strategy2.npz,241-362,NUMBER,-,FN
continuous_0055_S2_strategy2.npz,362-483,RELATIONSHIPS,-,FN
continuous_0055_S2_strategy2.npz,483-604,SURVIVAL,-,FN
continuous_0055_S2_strategy2.npz,604-725,COLOR,DAYS,FN
continuous_0056_S2_strategy2.npz,0-141,RELATIONSHIPS,RELATIONSHIPS,TP
continuous_0056_S2_strategy2.npz,141-426,-,NUMBER,FP
continuous_0056_S2_strategy2.npz,426-568,COLOR,FOOD,FP
continuous_0056_S2_strategy2.npz,568-711,FOOD,FOOD,TP
continuous_0056_S2_strategy2.npz,711-853,FAMILY,FAMILY,TP
continuous_0056_S2_strategy2.npz,120-241,NUMBER,-,FN
continuous_0056_S2_strategy2.npz,241-362,CALENDAR,-,FN
continuous_0056_S2_strategy2.npz,362-483,GREETING,-,FN
continuous_0056_S2_strategy2.npz,483-604,COLOR,FOOD,FN
continuous_0057_S2_strategy2.npz,0-208,DAYS,DAYS,TP
continuous_0057_S2_strategy2.npz,208-312,RELATIONSHIPS,RELATIONSHIPS,TP
continuous_0057_S2_strategy2.npz,312-627,GREETING,GREETING,TP
continuous_0057_S2_strategy2.npz,627-732,-,SURVIVAL,FP
continuous_0057_S2_strategy2.npz,362-483,CALENDAR,-,FN
continuous_0057_S2_strategy2.npz,483-604,SURVIVAL,-,FN
continuous_0057_S2_strategy2.npz,604-725,FAMILY,-,FN
continuous_0058_S2_strategy2.npz,0-121,SURVIVAL,SURVIVAL,TP
continuous_0058_S2_strategy2.npz,121-243,DRINK,DRINK,TP
continuous_0058_S2_strategy2.npz,243-366,FOOD,FOOD,TP
continuous_0058_S2_strategy2.npz,366-487,FAMILY,FAMILY,TP
continuous_0058_S2_strategy2.npz,487-609,COLOR,FOOD,FP
continuous_0058_S2_strategy2.npz,609-853,DAYS,DAYS,TP
continuous_0058_S2_strategy2.npz,725-846,CALENDAR,-,FN
continuous_0058_S2_strategy2.npz,483-604,COLOR,FOOD,FN
continuous_0059_S2_strategy2.npz,0-169,SURVIVAL,SURVIVAL,TP
continuous_0059_S2_strategy2.npz,169-340,DAYS,DAYS,TP
continuous_0059_S2_strategy2.npz,340-511,DRINK,DRINK,TP
continuous_0059_S2_strategy2.npz,511-682,-,COLOR,FP
continuous_0059_S2_strategy2.npz,682-853,FAMILY,FAMILY,TP
continuous_0059_S2_strategy2.npz,362-483,COLOR,-,FN
continuous_0059_S2_strategy2.npz,483-604,NUMBER,-,FN
continuous_0059_S2_strategy2.npz,604-725,CALENDAR,-,FN
continuous_0060_S2_strategy2.npz,0-145,SURVIVAL,SURVIVAL,TP
continuous_0060_S2_strategy2.npz,145-291,COLOR,COLOR,TP
continuous_0060_S2_strategy2.npz,291-585,DAYS,CALENDAR,FP
continuous_0060_S2_strategy2.npz,585-732,DRINK,FOOD,FP
continuous_0060_S2_strategy2.npz,362-483,CALENDAR,-,FN
continuous_0060_S2_strategy2.npz,604-725,FAMILY,-,FN
continuous_0060_S2_strategy2.npz,241-362,DAYS,CALENDAR,FN
continuous_0060_S2_strategy2.npz,483-604,DRINK,FOOD,FN
continuous_0061_S2_strategy2.npz,0-183,FAMILY,COLOR,FP
continuous_0061_S2_strategy2.npz,183-273,FOOD,FOOD,TP
continuous_0061_S2_strategy2.npz,273-457,-,NUMBER,FP
continuous_0061_S2_strategy2.npz,457-732,DAYS,DAYS,TP
continuous_0061_S2_strategy2.npz,241-362,NUMBER,-,FN
continuous_0061_S2_strategy2.npz,362-483,CALENDAR,-,FN
continuous_0061_S2_strategy2.npz,604-726,COLOR,-,FN
continuous_0061_S2_strategy2.npz,0-120,FAMILY,COLOR,FN
continuous_0062_S2_strategy2.npz,0-103,FOOD,FOOD,TP
continuous_0062_S2_strategy2.npz,103-208,FOOD,FOOD,TP
continuous_0062_S2_strategy2.npz,208-312,-,FOOD,FP
continuous_0062_S2_strategy2.npz,312-417,-,FOOD,FP
continuous_0062_S2_strategy2.npz,417-522,-,FOOD,FP
continuous_0062_S2_strategy2.npz,522-627,-,FOOD,FP
continuous_0062_S2_strategy2.npz,627-732,-,COLOR,FP
continuous_0062_S2_strategy2.npz,241-362,FOOD,-,FN
continuous_0062_S2_strategy2.npz,362-483,FOOD,-,FN
continuous_0062_S2_strategy2.npz,483-604,FOOD,-,FN
continuous_0062_S2_strategy2.npz,604-725,COLOR,-,FN
continuous_0063_S3_strategy2.npz,0-169,-,RELATIONSHIPS,FP
continuous_0063_S3_strategy2.npz,169-681,COLOR,COLOR,TP
continuous_0063_S3_strategy2.npz,681-852,FOOD,FOOD,TP
continuous_0063_S3_strategy2.npz,0-120,DAYS,-,FN
continuous_0063_S3_strategy2.npz,120-241,RELATIONSHIPS,-,FN
continuous_0063_S3_strategy2.npz,362-483,CALENDAR,-,FN
continuous_0063_S3_strategy2.npz,483-604,GREETING,-,FN
continuous_0063_S3_strategy2.npz,604-724,SURVIVAL,-,FN
continuous_0064_S3_strategy2.npz,0-105,-,GREETING,FP
continuous_0064_S3_strategy2.npz,105-213,GREETING,GREETING,TP
continuous_0064_S3_strategy2.npz,213-319,SURVIVAL,NUMBER,FP
continuous_0064_S3_strategy2.npz,319-426,NUMBER,NUMBER,TP
continuous_0064_S3_strategy2.npz,426-532,COLOR,COLOR,TP
continuous_0064_S3_strategy2.npz,532-639,CALENDAR,CALENDAR,TP
continuous_0064_S3_strategy2.npz,639-747,FAMILY,FAMILY,TP
continuous_0064_S3_strategy2.npz,747-853,DRINK,DRINK,TP
continuous_0064_S3_strategy2.npz,120-241,SURVIVAL,NUMBER,FN
continuous_0065_S3_strategy2.npz,0-145,DRINK,DRINK,TP
continuous_0065_S3_strategy2.npz,145-438,SURVIVAL,SURVIVAL,TP
continuous_0065_S3_strategy2.npz,438-585,GREETING,GREETING,TP
continuous_0065_S3_strategy2.npz,585-732,FAMILY,FOOD,FP
continuous_0065_S3_strategy2.npz,120-241,COLOR,-,FN
continuous_0065_S3_strategy2.npz,362-483,NUMBER,-,FN
continuous_0065_S3_strategy2.npz,605-726,FAMILY,FOOD,FN
continuous_0066_S3_strategy2.npz,0-283,FAMILY,FAMILY,TP
continuous_0066_S3_strategy2.npz,283-426,-,DAYS,FP
continuous_0066_S3_strategy2.npz,426-568,-,NUMBER,FP
continuous_0066_S3_strategy2.npz,568-711,-,RELATIONSHIPS,FP
continuous_0066_S3_strategy2.npz,711-853,COLOR,DAYS,FP
continuous_0066_S3_strategy2.npz,120-241,DAYS,-,FN
continuous_0066_S3_strategy2.npz,241-362,NUMBER,-,FN
continuous_0066_S3_strategy2.npz,362-483,RELATIONSHIPS,-,FN
continuous_0066_S3_strategy2.npz,483-604,GREETING,-,FN
continuous_0066_S3_strategy2.npz,604-725,SURVIVAL,-,FN
continuous_0066_S3_strategy2.npz,725-846,COLOR,DAYS,FN
continuous_0067_S3_strategy2.npz,0-105,-,COLOR,FP
continuous_0067_S3_strategy2.npz,105-426,FOOD,FOOD,TP
continuous_0067_S3_strategy2.npz,426-532,SURVIVAL,SURVIVAL,TP
continuous_0067_S3_strategy2.npz,532-852,GREETING,GREETING,TP
continuous_0067_S3_strategy2.npz,0-120,COLOR,-,FN
continuous_0067_S3_strategy2.npz,241-362,FAMILY,-,FN
continuous_0067_S3_strategy2.npz,604-725,RELATIONSHIPS,-,FN
continuous_0067_S3_strategy2.npz,725-845,DAYS,-,FN
continuous_0068_S3_strategy2.npz,0-283,FOOD,FOOD,TP
continuous_0068_S3_strategy2.npz,283-567,DAYS,DAYS,TP
continuous_0068_S3_strategy2.npz,567-852,COLOR,FOOD,FP
continuous_0068_S3_strategy2.npz,0-120,GREETING,-,FN
continuous_0068_S3_strategy2.npz,361-482,CALENDAR,-,FN
continuous_0068_S3_strategy2.npz,603-724,RELATIONSHIPS,-,FN
continuous_0068_S3_strategy2.npz,724-845,NUMBER,-,FN
continuous_0068_S3_strategy2.npz,482-603,COLOR,FOOD,FN
continuous_0069_S3_strategy2.npz,0-243,DRINK,DRINK,TP
continuous_0069_S3_strategy2.npz,243-364,FOOD,FOOD,TP
continuous_0069_S3_strategy2.npz,364-486,SURVIVAL,SURVIVAL,TP
continuous_0069_S3_strategy2.npz,486-607,-,NUMBER,FP
continuous_0069_S3_strategy2.npz,607-729,COLOR,CALENDAR,FP
continuous_0069_S3_strategy2.npz,729-852,-,CALENDAR,FP
continuous_0069_S3_strategy2.npz,120-240,GREETING,-,FN
continuous_0069_S3_strategy2.npz,481-602,NUMBER,-,FN
continuous_0069_S3_strategy2.npz,723-844,CALENDAR,-,FN
continuous_0069_S3_strategy2.npz,602-723,COLOR,CALENDAR,FN
continuous_0070_S3_strategy2.npz,0-141,SURVIVAL,SURVIVAL,TP
continuous_0070_S3_strategy2.npz,141-283,-,COLOR,FP
continuous_0070_S3_strategy2.npz,283-426,GREETING,GREETING,TP
continuous_0070_S3_strategy2.npz,426-711,DAYS,FAMILY,FP
continuous_0070_S3_strategy2.npz,711-853,RELATIONSHIPS,RELATIONSHIPS,TP
continuous_0070_S3_strategy2.npz,120-241,FOOD,-,FN
continuous_0070_S3_strategy2.npz,241-362,COLOR,-,FN
continuous_0070_S3_strategy2.npz,604-725,CALENDAR,-,FN
continuous_0070_S3_strategy2.npz,483-604,DAYS,FAMILY,FN
continuous_0071_S3_strategy2.npz,0-103,RELATIONSHIPS,RELATIONSHIPS,TP
continuous_0071_S3_strategy2.npz,103-312,FAMILY,FAMILY,TP
continuous_0071_S3_strategy2.npz,312-417,DAYS,DAYS,TP
continuous_0071_S3_strategy2.npz,417-522,CALENDAR,CALENDAR,TP
continuous_0071_S3_strategy2.npz,522-627,FOOD,FOOD,TP
continuous_0071_S3_strategy2.npz,627-732,DRINK,DRINK,TP
continuous_0072_S3_strategy2.npz,183-366,SURVIVAL,CALENDAR,FP
continuous_0072_S3_strategy2.npz,366-732,-,FAMILY,FP
continuous_0072_S3_strategy2.npz,0-120,DAYS,-,FN
continuous_0072_S3_strategy2.npz,241-362,FAMILY,-,FN
continuous_0072_S3_strategy2.npz,362-483,RELATIONSHIPS,-,FN
continuous_0072_S3_strategy2.npz,483-604,NUMBER,-,FN
continuous_0072_S3_strategy2.npz,604-725,CALENDAR,-,FN
continuous_0072_S3_strategy2.npz,120-241,SURVIVAL,CALENDAR,FN
continuous_0073_S3_strategy2.npz,0-120,FAMILY,FAMILY,TP
continuous_0073_S3_strategy2.npz,120-364,DAYS,DAYS,TP
continuous_0073_S3_strategy2.npz,364-486,-,CALENDAR,FP
continuous_0073_S3_strategy2.npz,486-609,-,DRINK,FP
continuous_0073_S3_strategy2.npz,609-730,COLOR,COLOR,TP
continuous_0073_S3_strategy2.npz,730-852,FOOD,FOOD,TP
continuous_0073_S3_strategy2.npz,240-361,CALENDAR,-,FN
continuous_0073_S3_strategy2.npz,361-482,DRINK,-,FN
continuous_0073_S3_strategy2.npz,482-603,NUMBER,-,FN
continuous_0074_S3_strategy2.npz,0-141,FOOD,FAMILY,FP
continuous_0074_S3_strategy2.npz,141-283,SURVIVAL,SURVIVAL,TP
continuous_0074_S3_strategy2.npz,283-426,NUMBER,NUMBER,TP
continuous_0074_S3_strategy2.npz,426-568,RELATIONSHIPS,CALENDAR,FP
continuous_0074_S3_strategy2.npz,568-711,FAMILY,FAMILY,TP
continuous_0074_S3_strategy2.npz,711-853,-,DAYS,FP
continuous_0074_S3_strategy2.npz,604-725,DAYS,-,FN
continuous_0074_S3_strategy2.npz,725-846,CALENDAR,-,FN
continuous_0074_S3_strategy2.npz,0-120,FOOD,FAMILY,FN
continuous_0074_S3_strategy2.npz,362-483,RELATIONSHIPS,CALENDAR,FN
continuous_0075_S3_strategy2.npz,0-213,FOOD,FOOD,TP
continuous_0075_S3_strategy2.npz,213-426,GREETING,GREETING,TP
continuous_0075_S3_strategy2.npz,426-639,COLOR,COLOR,TP
continuous_0075_S3_strategy2.npz,639-853,DAYS,DAYS,TP
continuous_0075_S3_strategy2.npz,120-241,RELATIONSHIPS,-,FN
continuous_0075_S3_strategy2.npz,362-483,NUMBER,-,FN
continuous_0075_S3_strategy2.npz,725-846,DRINK,-,FN
continuous_0076_S3_strategy2.npz,0-103,DAYS,DAYS,TP
continuous_0076_S3_strategy2.npz,103-417,COLOR,FAMILY,FP
continuous_0076_S3_strategy2.npz,417-522,-,NUMBER,FP
continuous_0076_S3_strategy2.npz,522-627,DRINK,DRINK,TP
continuous_0076_S3_strategy2.npz,627-732,RELATIONSHIPS,COLOR,FP
continuous_0076_S3_strategy2.npz,120-241,SURVIVAL,-,FN
continuous_0076_S3_strategy2.npz,363-484,NUMBER,-,FN
continuous_0076_S3_strategy2.npz,241-363,COLOR,FAMILY,FN
continuous_0076_S3_strategy2.npz,605-726,RELATIONSHIPS,COLOR,FN
continuous_0077_S3_strategy2.npz,0-213,-,FOOD,FP
continuous_0077_S3_strategy2.npz,213-426,-,COLOR,FP
continuous_0077_S3_strategy2.npz,426-639,FAMILY,FAMILY,TP
continuous_0077_S3_strategy2.npz,639-853,DRINK,FOOD,FP
continuous_0077_S3_strategy2.npz,0-120,NUMBER,-,FN
continuous_0077_S3_strategy2.npz,120-241,SURVIVAL,-,FN
continuous_0077_S3_strategy2.npz,241-362,FOOD,-,FN
continuous_0077_S3_strategy2.npz,362-483,COLOR,-,FN
continuous_0077_S3_strategy2.npz,725-846,CALENDAR,-,FN
continuous_0077_S3_strategy2.npz,604-725,DRINK,FOOD,FN
continuous_0078_S3_strategy2.npz,0-340,FOOD,FOOD,TP
continuous_0078_S3_strategy2.npz,340-682,SURVIVAL,SURVIVAL,TP
continuous_0078_S3_strategy2.npz,682-853,-,COLOR,FP
continuous_0078_S3_strategy2.npz,120-241,DRINK,-,FN
continuous_0078_S3_strategy2.npz,241-362,NUMBER,-,FN
continuous_0078_S3_strategy2.npz,483-604,FAMILY,-,FN
continuous_0078_S3_strategy2.npz,604-725,CALENDAR,-,FN
continuous_0078_S3_strategy2.npz,725-846,COLOR,-,FN
continuous_0079_S3_strategy2.npz,0-145,-,SURVIVAL,FP
continuous_0079_S3_strategy2.npz,145-292,-,FOOD,FP
continuous_0079_S3_strategy2.npz,292-585,GREETING,GREETING,TP
continuous_0079_S3_strategy2.npz,585-732,COLOR,COLOR,TP
continuous_0079_S3_strategy2.npz,0-120,DRINK,-,FN
continuous_0079_S3_strategy2.npz,120-241,SURVIVAL,-,FN
continuous_0079_S3_strategy2.npz,241-362,FAMILY,-,FN
continuous_0079_S3_strategy2.npz,483-605,CALENDAR,-,FN
continuous_0080_S3_strategy2.npz,0-141,SURVIVAL,SURVIVAL,TP
continuous_0080_S3_strategy2.npz,141-283,DRINK,FOOD,FP
continuous_0080_S3_strategy2.npz,283-426,FAMILY,FAMILY,TP
continuous_0080_S3_strategy2.npz,426-567,-,FAMILY,FP
continuous_0080_S3_strategy2.npz,567-709,FOOD,DAYS,FP
continuous_0080_S3_strategy2.npz,709-852,COLOR,COLOR,TP
continuous_0080_S3_strategy2.npz,241-362,CALENDAR,-,FN
continuous_0080_S3_strategy2.npz,603-724,GREETING,-,FN
continuous_0080_S3_strategy2.npz,120-241,DRINK,FOOD,FN
continuous_0080_S3_strategy2.npz,483-603,FOOD,DAYS,FN
continuous_0081_S3_strategy2.npz,0-121,COLOR,CALENDAR,FP
continuous_0081_S3_strategy2.npz,121-366,FAMILY,FAMILY,TP
continuous_0081_S3_strategy2.npz,366-609,FAMILY,FAMILY,TP
continuous_0081_S3_strategy2.npz,609-732,CALENDAR,CALENDAR,TP
continuous_0081_S3_strategy2.npz,732-853,FAMILY,FAMILY,TP
continuous_0081_S3_strategy2.npz,241-362,COLOR,-,FN
continuous_0081_S3_strategy2.npz,483-604,FAMILY,-,FN
continuous_0081_S3_strategy2.npz,0-120,COLOR,CALENDAR,FN
continuous_0082_S3_strategy2.npz,0-121,COLOR,-,FN
continuous_0083_S3_strategy2.npz,0-120,COLOR,-,FN
continuous_0084_S4_strategy2.npz,0-258,RELATIONSHIPS,COLOR,FP
continuous_0084_S4_strategy2.npz,258-387,-,FAMILY,FP
continuous_0084_S4_strategy2.npz,387-516,-,FOOD,FP
continuous_0084_S4_strategy2.npz,516-646,-,FOOD,FP
continuous_0084_S4_strategy2.npz,646-775,-,FOOD,FP
continuous_0084_S4_strategy2.npz,775-904,COLOR,COLOR,TP
continuous_0084_S4_strategy2.npz,128-264,GREETING,-,FN
continuous_0084_S4_strategy2.npz,264-390,NUMBER,-,FN
continuous_0084_S4_strategy2.npz,390-515,FAMILY,-,FN
continuous_0084_S4_strategy2.npz,515-642,FOOD,-,FN
continuous_0084_S4_strategy2.npz,642-770,DRINK,-,FN
continuous_0084_S4_strategy2.npz,0-128,RELATIONSHIPS,COLOR,FN
continuous_0085_S4_strategy2.npz,0-127,SURVIVAL,SURVIVAL,TP
continuous_0085_S4_strategy2.npz,127-255,FAMILY,FAMILY,TP
continuous_0085_S4_strategy2.npz,255-384,FOOD,FOOD,TP
continuous_0085_S4_strategy2.npz,384-511,-,NUMBER,FP
continuous_0085_S4_strategy2.npz,511-639,GREETING,GREETING,TP
continuous_0085_S4_strategy2.npz,639-768,RELATIONSHIPS,GREETING,FP
continuous_0085_S4_strategy2.npz,376-503,NUMBER,-,FN
continuous_0085_S4_strategy2.npz,632-768,RELATIONSHIPS,GREETING,FN
continuous_0086_S4_strategy2.npz,0-79,CALENDAR,CALENDAR,TP
continuous_0086_S4_strategy2.npz,79-240,GREETING,GREETING,TP
continuous_0086_S4_strategy2.npz,240-402,-,COLOR,FP
continuous_0086_S4_strategy2.npz,402-562,-,GREETING,FP
continuous_0086_S4_strategy2.npz,562-723,NUMBER,NUMBER,TP
continuous_0086_S4_strategy2.npz,723-885,RELATIONSHIPS,FAMILY,FP
continuous_0086_S4_strategy2.npz,248-369,FAMILY,-,FN
continuous_0086_S4_strategy2.npz,369-500,COLOR,-,FN
continuous_0086_S4_strategy2.npz,500-622,SURVIVAL,-,FN
continuous_0086_S4_strategy2.npz,750-884,RELATIONSHIPS,FAMILY,FN
continuous_0087_S4_strategy2.npz,0-153,RELATIONSHIPS,RELATIONSHIPS,TP
continuous_0087_S4_strategy2.npz,153-307,DRINK,RELATIONSHIPS,FP
continuous_0087_S4_strategy2.npz,307-462,FOOD,FOOD,TP
continuous_0087_S4_strategy2.npz,462-616,CALENDAR,DRINK,FP
continuous_0087_S4_strategy2.npz,616-771,GREETING,GREETING,TP
continuous_0087_S4_strategy2.npz,643-771,FAMILY,-,FN
continuous_0087_S4_strategy2.npz,134-262,DRINK,RELATIONSHIPS,FN
continuous_0087_S4_strategy2.npz,389-515,CALENDAR,DRINK,FN
continuous_0088_S4_strategy2.npz,0-147,COLOR,COLOR,TP
continuous_0088_S4_strategy2.npz,147-294,SURVIVAL,GREETING,FP
continuous_0088_S4_strategy2.npz,294-441,-,RELATIONSHIPS,FP
continuous_0088_S4_strategy2.npz,441-588,DRINK,DRINK,TP
continuous_0088_S4_strategy2.npz,588-735,DAYS,GREETING,FP
continuous_0088_S4_strategy2.npz,735-882,FOOD,GREETING,FP
continuous_0088_S4_strategy2.npz,248-381,RELATIONSHIPS,-,FN
continuous_0088_S4_strategy2.npz,503-626,GREETING,-,FN
continuous_0088_S4_strategy2.npz,125-248,SURVIVAL,GREETING,FN
continuous_0088_S4_strategy2.npz,626-752,DAYS,GREETING,FN
continuous_0088_S4_strategy2.npz,752-881,FOOD,GREETING,FN
continuous_0089_S4_strategy2.npz,0-129,NUMBER,NUMBER,TP
continuous_0089_S4_strategy2.npz,129-261,RELATIONSHIPS,FOOD,FP
continuous_0089_S4_strategy2.npz,261-522,-,COLOR,FP
continuous_0089_S4_strategy2.npz,522-654,GREETING,GREETING,TP
continuous_0089_S4_strategy2.npz,654-784,CALENDAR,CALENDAR,TP
continuous_0089_S4_strategy2.npz,784-915,SURVIVAL,SURVIVAL,TP
continuous_0089_S4_strategy2.npz,251-380,COLOR,-,FN
continuous_0089_S4_strategy2.npz,380-524,DRINK,-,FN
continuous_0089_S4_strategy2.npz,124-251,RELATIONSHIPS,FOOD,FN
continuous_0090_S4_strategy2.npz,0-123,FAMILY,FAMILY,TP
continuous_0090_S4_strategy2.npz,123-372,COLOR,COLOR,TP
continuous_0090_S4_strategy2.npz,372-496,DRINK,DRINK,TP
continuous_0090_S4_strategy2.npz,496-745,RELATIONSHIPS,FOOD,FP
continuous_0090_S4_strategy2.npz,255-365,DAYS,-,FN
continuous_0090_S4_strategy2.npz,618-745,NUMBER,-,FN
continuous_0090_S4_strategy2.npz,488-618,RELATIONSHIPS,FOOD,FN
continuous_0091_S4_strategy2.npz,0-159,-,CALENDAR,FP
continuous_0091_S4_strategy2.npz,159-318,-,GREETING,FP
continuous_0091_S4_strategy2.npz,318-477,GREETING,GREETING,TP
continuous_0091_S4_strategy2.npz,477-636,DRINK,DRINK,TP
continuous_0091_S4_strategy2.npz,636-795,RELATIONSHIPS,FOOD,FP
continuous_0091_S4_strategy2.npz,0-125,CALENDAR,-,FN
continuous_0091_S4_strategy2.npz,125-275,SURVIVAL,-,FN
continuous_0091_S4_strategy2.npz,661-794,COLOR,-,FN
continuous_0091_S4_strategy2.npz,533-661,RELATIONSHIPS,FOOD,FN
continuous_0092_S4_strategy2.npz,258-387,COLOR,COLOR,TP
continuous_0092_S4_strategy2.npz,387-646,RELATIONSHIPS,COLOR,FP
continuous_0092_S4_strategy2.npz,646-777,-,FAMILY,FP
continuous_0092_S4_strategy2.npz,777-906,DRINK,FOOD,FP
continuous_0092_S4_strategy2.npz,0-127,NUMBER,-,FN
continuous_0092_S4_strategy2.npz,127-263,GREETING,-,FN
continuous_0092_S4_strategy2.npz,522-644,FAMILY,-,FN
continuous_0092_S4_strategy2.npz,644-779,CALENDAR,-,FN
continuous_0092_S4_strategy2.npz,392-522,RELATIONSHIPS,COLOR,FN
continuous_0092_S4_strategy2.npz,779-906,DRINK,FOOD,FN
continuous_0093_S4_strategy2.npz,0-232,FOOD,FOOD,TP
continuous_0093_S4_strategy2.npz,232-583,DRINK,DRINK,TP
continuous_0093_S4_strategy2.npz,583-817,COLOR,DRINK,FP
continuous_0093_S4_strategy2.npz,817-934,RELATIONSHIPS,RELATIONSHIPS,TP
continuous_0093_S4_strategy2.npz,127-256,FAMILY,-,FN
continuous_0093_S4_strategy2.npz,398-546,SURVIVAL,-,FN
continuous_0093_S4_strategy2.npz,681-805,CALENDAR,-,FN
continuous_0093_S4_strategy2.npz,546-681,COLOR,DRINK,FN
continuous_0094_S4_strategy2.npz,0-333,CALENDAR,CALENDAR,TP
continuous_0094_S4_strategy2.npz,333-445,RELATIONSHIPS,FOOD,FP
continuous_0094_S4_strategy2.npz,445-558,DRINK,DRINK,TP
continuous_0094_S4_strategy2.npz,558-669,FAMILY,DRINK,FP
continuous_0094_S4_strategy2.npz,669-780,SURVIVAL,GREETING,FP
continuous_0094_S4_strategy2.npz,780-892,DAYS,DAYS,TP
continuous_0094_S4_strategy2.npz,125-251,NUMBER,-,FN
continuous_0094_S4_strategy2.npz,251-380,RELATIONSHIPS,FOOD,FN
continuous_0094_S4_strategy2.npz,507-641,FAMILY,DRINK,FN
continuous_0094_S4_strategy2.npz,641-769,SURVIVAL,GREETING,FN
continuous_0095_S4_strategy2.npz,0-111,COLOR,FOOD,FP
continuous_0095_S4_strategy2.npz,111-222,FAMILY,FOOD,FP
continuous_0095_S4_strategy2.npz,222-333,RELATIONSHIPS,RELATIONSHIPS,TP
continuous_0095_S4_strategy2.npz,333-444,DRINK,COLOR,FP
continuous_0095_S4_strategy2.npz,444-555,-,DRINK,FP
continuous_0095_S4_strategy2.npz,555-666,-,CALENDAR,FP
continuous_0095_S4_strategy2.npz,666-777,FOOD,GREETING,FP
continuous_0095_S4_strategy2.npz,777-888,-,FAMILY,FP
continuous_0095_S4_strategy2.npz,507-635,CALENDAR,-,FN
continuous_0095_S4_strategy2.npz,762-888,DAYS,-,FN
continuous_0095_S4_strategy2.npz,0-126,COLOR,FOOD,FN
continuous_0095_S4_strategy2.npz,126-251,FAMILY,FOOD,FN
continuous_0095_S4_strategy2.npz,378-507,DRINK,COLOR,FN
continuous_0095_S4_strategy2.npz,635-762,FOOD,GREETING,FN
continuous_0096_S4_strategy2.npz,0-192,RELATIONSHIPS,COLOR,FP
continuous_0096_S4_strategy2.npz,192-384,COLOR,FOOD,FP
continuous_0096_S4_strategy2.npz,384-577,GREETING,GREETING,TP
continuous_0096_S4_strategy2.npz,577-771,CALENDAR,CALENDAR,TP
continuous_0096_S4_strategy2.npz,134-258,SURVIVAL,-,FN
continuous_0096_S4_strategy2.npz,516-643,DRINK,-,FN
continuous_0096_S4_strategy2.npz,0-134,RELATIONSHIPS,COLOR,FN
continuous_0096_S4_strategy2.npz,258-387,COLOR,FOOD,FN
continuous_0097_S4_strategy2.npz,0-127,DAYS,GREETING,FP
continuous_0097_S4_strategy2.npz,127-255,NUMBER,NUMBER,TP
continuous_0097_S4_strategy2.npz,255-384,DRINK,DAYS,FP
continuous_0097_S4_strategy2.npz,384-511,COLOR,FOOD,FP
continuous_0097_S4_strategy2.npz,511-639,FAMILY,FOOD,FP
continuous_0097_S4_strategy2.npz,639-768,GREETING,GREETING,TP
continuous_0097_S4_strategy2.npz,768-895,SURVIVAL,GREETING,FP
continuous_0097_S4_strategy2.npz,0-126,DAYS,GREETING,FN
continuous_0097_S4_strategy2.npz,255-386,DRINK,DAYS,FN
continuous_0097_S4_strategy2.npz,386-518,COLOR,FOOD,FN
continuous_0097_S4_strategy2.npz,518-643,FAMILY,FOOD,FN
continuous_0097_S4_strategy2.npz,766-895,SURVIVAL,GREETING,FN
continuous_0098_S4_strategy2.npz,0-129,DRINK,DRINK,TP
continuous_0098_S4_strategy2.npz,129-258,COLOR,FOOD,FP
continuous_0098_S4_strategy2.npz,258-387,SURVIVAL,SURVIVAL,TP
continuous_0098_S4_strategy2.npz,387-516,FAMILY,FAMILY,TP
continuous_0098_S4_strategy2.npz,516-645,GREETING,GREETING,TP
continuous_0098_S4_strategy2.npz,645-774,NUMBER,DAYS,FP
continuous_0098_S4_strategy2.npz,134-265,COLOR,FOOD,FN
continuous_0098_S4_strategy2.npz,650-774,NUMBER,DAYS,FN
continuous_0099_S4_strategy2.npz,0-129,GREETING,GREETING,TP
continuous_0099_S4_strategy2.npz,129-258,COLOR,FOOD,FP
continuous_0099_S4_strategy2.npz,258-387,SURVIVAL,GREETING,FP
continuous_0099_S4_strategy2.npz,387-517,RELATIONSHIPS,GREETING,FP
continuous_0099_S4_strategy2.npz,517-646,DAYS,GREETING,FP
continuous_0099_S4_strategy2.npz,646-777,FAMILY,FAMILY,TP
continuous_0099_S4_strategy2.npz,777-906,-,NUMBER,FP
continuous_0099_S4_strategy2.npz,778-906,NUMBER,-,FN
continuous_0099_S4_strategy2.npz,151-281,COLOR,FOOD,FN
continuous_0099_S4_strategy2.npz,281-405,SURVIVAL,GREETING,FN
continuous_0099_S4_strategy2.npz,405-532,RELATIONSHIPS,GREETING,FN
continuous_0099_S4_strategy2.npz,532-655,DAYS,GREETING,FN
continuous_0100_S4_strategy2.npz,0-157,SURVIVAL,SURVIVAL,TP
continuous_0100_S4_strategy2.npz,157-315,NUMBER,SURVIVAL,FP
continuous_0100_S4_strategy2.npz,315-474,RELATIONSHIPS,FAMILY,FP
continuous_0100_S4_strategy2.npz,474-631,FOOD,CALENDAR,FP
continuous_0100_S4_strategy2.npz,631-948,COLOR,FOOD,FP
continuous_0100_S4_strategy2.npz,658-795,FAMILY,-,FN
continuous_0100_S4_strategy2.npz,795-947,CALENDAR,-,FN
continuous_0100_S4_strategy2.npz,126-253,NUMBER,SURVIVAL,FN
continuous_0100_S4_strategy2.npz,253-402,RELATIONSHIPS,FAMILY,FN
continuous_0100_S4_strategy2.npz,402-530,FOOD,CALENDAR,FN
continuous_0100_S4_strategy2.npz,530-658,COLOR,FOOD,FN
continuous_0101_S4_strategy2.npz,129-258,RELATIONSHIPS,FOOD,FP
continuous_0101_S4_strategy2.npz,258-387,GREETING,GREETING,TP
continuous_0101_S4_strategy2.npz,387-516,COLOR,GREETING,FP
continuous_0101_S4_strategy2.npz,516-645,FAMILY,FAMILY,TP
continuous_0101_S4_strategy2.npz,645-774,SURVIVAL,GREETING,FP
continuous_0101_S4_strategy2.npz,0-127,NUMBER,-,FN
continuous_0101_S4_strategy2.npz,127-256,RELATIONSHIPS,FOOD,FN
continuous_0101_S4_strategy2.npz,381-508,COLOR,GREETING,FN
continuous_0101_S4_strategy2.npz,644-773,SURVIVAL,GREETING,FN
continuous_0102_S4_strategy2.npz,507-634,-,CALENDAR,FP
continuous_0102_S4_strategy2.npz,634-762,-,DAYS,FP
continuous_0102_S4_strategy2.npz,762-889,-,GREETING,FP
continuous_0102_S4_strategy2.npz,0-124,SURVIVAL,-,FN
continuous_0102_S4_strategy2.npz,124-249,NUMBER,-,FN
continuous_0102_S4_strategy2.npz,249-382,FOOD,-,FN
continuous_0102_S4_strategy2.npz,382-513,CALENDAR,-,FN
continuous_0102_S4_strategy2.npz,513-635,DAYS,-,FN
continuous_0102_S4_strategy2.npz,635-766,GREETING,-,FN
continuous_0102_S4_strategy2.npz,766-889,FAMILY,-,FN
continuous_0103_S4_strategy2.npz,0-76,RELATIONSHIPS,RELATIONSHIPS,TP
continuous_0103_S4_strategy2.npz,76-153,-,GREETING,FP
continuous_0103_S4_strategy2.npz,153-307,-,COLOR,FP
continuous_0103_S4_strategy2.npz,307-615,-,COLOR,FP
continuous_0103_S4_strategy2.npz,615-693,DAYS,GREETING,FP
continuous_0103_S4_strategy2.npz,693-769,FAMILY,FAMILY,TP
continuous_0103_S4_strategy2.npz,125-255,GREETING,-,FN
continuous_0103_S4_strategy2.npz,255-386,COLOR,-,FN
continuous_0103_S4_strategy2.npz,386-513,NUMBER,-,FN
continuous_0103_S4_strategy2.npz,513-638,DAYS,GREETING,FN
continuous_0104_S4_strategy2.npz,0-109,SURVIVAL,SURVIVAL,TP
continuous_0104_S4_strategy2.npz,109-220,-,GREETING,FP
continuous_0104_S4_strategy2.npz,220-552,GREETING,GREETING,TP
continuous_0104_S4_strategy2.npz,552-663,-,FOOD,FP
continuous_0104_S4_strategy2.npz,663-774,DRINK,FOOD,FP
continuous_0104_S4_strategy2.npz,253-381,CALENDAR,-,FN
continuous_0104_S4_strategy2.npz,381-516,COLOR,-,FN
continuous_0104_S4_strategy2.npz,516-647,NUMBER,-,FN
continuous_0104_S4_strategy2.npz,647-773,DRINK,FOOD,FN
continuous_0105_S4_strategy2.npz,0-150,DAYS,FOOD,FP
continuous_0105_S4_strategy2.npz,150-301,SURVIVAL,GREETING,FP
continuous_0105_S4_strategy2.npz,301-453,DRINK,DRINK,TP
continuous_0105_S4_strategy2.npz,453-604,FAMILY,FOOD,FP
continuous_0105_S4_strategy2.npz,604-756,COLOR,FAMILY,FP
continuous_0105_S4_strategy2.npz,625-756,CALENDAR,-,FN
continuous_0105_S4_strategy2.npz,0-124,DAYS,FOOD,FN
continuous_0105_S4_strategy2.npz,124-250,SURVIVAL,GREETING,FN
continuous_0105_S4_strategy2.npz,376-499,FAMILY,FOOD,FN
continuous_0105_S4_strategy2.npz,499-625,COLOR,FAMILY,FN
continuous_0106_S4_strategy2.npz,0-109,DRINK,DRINK,TP
continuous_0106_S4_strategy2.npz,109-220,-,NUMBER,FP
continuous_0106_S4_strategy2.npz,220-441,DAYS,DAYS,TP
continuous_0106_S4_strategy2.npz,441-552,FOOD,FOOD,TP
continuous_0106_S4_strategy2.npz,552-663,-,RELATIONSHIPS,FP
continuous_0106_S4_strategy2.npz,663-774,SURVIVAL,SURVIVAL,TP
continuous_0106_S4_strategy2.npz,774-885,GREETING,GREETING,TP
continuous_0106_S4_strategy2.npz,126-251,NUMBER,-,FN
continuous_0106_S4_strategy2.npz,502-631,RELATIONSHIPS,-,FN
continuous_0107_S4_strategy2.npz,124-250,GREETING,GREETING,TP
continuous_0107_S4_strategy2.npz,250-376,-,GREETING,FP
continuous_0107_S4_strategy2.npz,376-502,FOOD,FOOD,TP
continuous_0107_S4_strategy2.npz,502-628,CALENDAR,CALENDAR,TP
continuous_0107_S4_strategy2.npz,628-754,FAMILY,FAMILY,TP
continuous_0107_S4_strategy2.npz,0-125,NUMBER,-,FN
continuous_0107_S4_strategy2.npz,254-378,SURVIVAL,-,FN
continuous_0108_S4_strategy2.npz,195-390,COLOR,CALENDAR,FP
continuous_0108_S4_strategy2.npz,390-586,-,FOOD,FP
continuous_0108_S4_strategy2.npz,586-783,DRINK,DRINK,TP
continuous_0108_S4_strategy2.npz,0-121,DAYS,-,FN
continuous_0108_S4_strategy2.npz,251-382,GREETING,-,FN
continuous_0108_S4_strategy2.npz,382-508,FOOD,-,FN
continuous_0108_S4_strategy2.npz,639-782,CALENDAR,-,FN
continuous_0108_S4_strategy2.npz,121-251,COLOR,CALENDAR,FN
continuous_0109_S4_strategy2.npz,0-250,NUMBER,NUMBER,TP
continuous_0109_S4_strategy2.npz,250-502,-,CALENDAR,FP
continuous_0109_S4_strategy2.npz,502-628,SURVIVAL,SURVIVAL,TP
continuous_0109_S4_strategy2.npz,628-754,FOOD,FOOD,TP
continuous_0109_S4_strategy2.npz,754-880,RELATIONSHIPS,FOOD,FP
continuous_0109_S4_strategy2.npz,137-261,DAYS,-,FN
continuous_0109_S4_strategy2.npz,261-388,CALENDAR,-,FN
continuous_0109_S4_strategy2.npz,515-647,GREETING,-,FN
continuous_0109_S4_strategy2.npz,775-880,RELATIONSHIPS,FOOD,FN
continuous_0110_S4_strategy2.npz,0-252,DRINK,FOOD,FP
continuous_0110_S4_strategy2.npz,252-379,COLOR,COLOR,TP
continuous_0110_S4_strategy2.npz,379-505,GREETING,GREETING,TP
continuous_0110_S4_strategy2.npz,505-633,FAMILY,SURVIVAL,FP
continuous_0110_S4_strategy2.npz,633-759,FOOD,FOOD,TP
continuous_0110_S4_strategy2.npz,759-886,DAYS,FOOD,FP
continuous_0110_S4_strategy2.npz,120-243,CALENDAR,-,FN
continuous_0110_S4_strategy2.npz,0-120,DRINK,FOOD,FN
continuous_0110_S4_strategy2.npz,505-632,FAMILY,SURVIVAL,FN
continuous_0110_S4_strategy2.npz,759-886,DAYS,FOOD,FN
continuous_0111_S4_strategy2.npz,0-375,DAYS,FAMILY,FP
continuous_0111_S4_strategy2.npz,375-751,-,RELATIONSHIPS,FP
continuous_0111_S4_strategy2.npz,121-245,DRINK,-,FN
continuous_0111_S4_strategy2.npz,245-377,RELATIONSHIPS,-,FN
continuous_0111_S4_strategy2.npz,377-502,CALENDAR,-,FN
continuous_0111_S4_strategy2.npz,502-627,NUMBER,-,FN
continuous_0111_S4_strategy2.npz,627-751,GREETING,-,FN
continuous_0111_S4_strategy2.npz,0-121,DAYS,FAMILY,FN
continuous_0112_S4_strategy2.npz,0-127,SURVIVAL,SURVIVAL,TP
continuous_0112_S4_strategy2.npz,127-255,COLOR,COLOR,TP
continuous_0112_S4_strategy2.npz,255-384,RELATIONSHIPS,RELATIONSHIPS,TP
continuous_0112_S4_strategy2.npz,384-513,GREETING,GREETING,TP
continuous_0112_S4_strategy2.npz,513-642,NUMBER,NUMBER,TP
continuous_0112_S4_strategy2.npz,642-897,DRINK,NUMBER,FP
continuous_0112_S4_strategy2.npz,754-898,CALENDAR,-,FN
continuous_0112_S4_strategy2.npz,630-754,DRINK,NUMBER,FN
continuous_0113_S4_strategy2.npz,0-153,COLOR,FOOD,FP
continuous_0113_S4_strategy2.npz,153-306,-,NUMBER,FP
continuous_0113_S4_strategy2.npz,306-459,-,FOOD,FP
continuous_0113_S4_strategy2.npz,459-768,SURVIVAL,GREETING,FP
continuous_0113_S4_strategy2.npz,131-262,DRINK,-,FN
continuous_0113_S4_strategy2.npz,262-388,NUMBER,-,FN
continuous_0113_S4_strategy2.npz,388-514,DAYS,-,FN
continuous_0113_S4_strategy2.npz,641-767,CALENDAR,-,FN
continuous_0113_S4_strategy2.npz,0-131,COLOR,FOOD,FN
continuous_0113_S4_strategy2.npz,514-641,SURVIVAL,GREETING,FN
continuous_0114_S4_strategy2.npz,0-130,GREETING,GREETING,TP
continuous_0114_S4_strategy2.npz,130-261,-,NUMBER,FP
continuous_0114_S4_strategy2.npz,261-523,RELATIONSHIPS,GREETING,FP
continuous_0114_S4_strategy2.npz,523-654,SURVIVAL,SURVIVAL,TP
continuous_0114_S4_strategy2.npz,654-786,DRINK,DRINK,TP
continuous_0114_S4_strategy2.npz,138-265,NUMBER,-,FN
continuous_0114_S4_strategy2.npz,265-396,COLOR,-,FN
continuous_0114_S4_strategy2.npz,396-526,RELATIONSHIPS,GREETING,FN
continuous_0115_S4_strategy2.npz,0-108,DAYS,DAYS,TP
continuous_0115_S4_strategy2.npz,108-216,FOOD,DAYS,FP
continuous_0115_S4_strategy2.npz,216-324,GREETING,GREETING,TP
continuous_0115_S4_strategy2.npz,324-432,-,DRINK,FP
continuous_0115_S4_strategy2.npz,432-648,-,GREETING,FP
continuous_0115_S4_strategy2.npz,648-756,FAMILY,FAMILY,TP
continuous_0115_S4_strategy2.npz,379-505,CALENDAR,-,FN
continuous_0115_S4_strategy2.npz,505-635,NUMBER,-,FN
continuous_0115_S4_strategy2.npz,124-252,FOOD,DAYS,FN
continuous_0116_S4_strategy2.npz,0-154,DRINK,DRINK,TP
continuous_0116_S4_strategy2.npz,154-309,GREETING,GREETING,TP
continuous_0116_S4_strategy2.npz,309-619,COLOR,COLOR,TP
continuous_0116_S4_strategy2.npz,619-774,SURVIVAL,SURVIVAL,TP
continuous_0116_S4_strategy2.npz,385-513,NUMBER,-,FN
continuous_0116_S4_strategy2.npz,638-774,RELATIONSHIPS,-,FN
continuous_0117_S4_strategy2.npz,0-151,DAYS,DAYS,TP
continuous_0117_S4_strategy2.npz,151-456,FOOD,CALENDAR,FP
continuous_0117_S4_strategy2.npz,456-607,SURVIVAL,DRINK,FP
continuous_0117_S4_strategy2.npz,607-759,RELATIONSHIPS,COLOR,FP
continuous_0117_S4_strategy2.npz,759-912,COLOR,COLOR,TP
continuous_0117_S4_strategy2.npz,252-381,DRINK,-,FN
continuous_0117_S4_strategy2.npz,774-912,GREETING,-,FN
continuous_0117_S4_strategy2.npz,124-252,FOOD,CALENDAR,FN
continuous_0117_S4_strategy2.npz,381-509,SURVIVAL,DRINK,FN
continuous_0117_S4_strategy2.npz,509-645,RELATIONSHIPS,COLOR,FN
continuous_0118_S4_strategy2.npz,0-111,-,DRINK,FP
continuous_0118_S4_strategy2.npz,111-222,-,RELATIONSHIPS,FP
continuous_0118_S4_strategy2.npz,222-445,DAYS,DAYS,TP
continuous_0118_S4_strategy2.npz,445-556,-,CALENDAR,FP
continuous_0118_S4_strategy2.npz,556-780,FAMILY,FAMILY,TP
continuous_0118_S4_strategy2.npz,780-891,GREETING,GREETING,TP
continuous_0118_S4_strategy2.npz,0-126,SURVIVAL,-,FN
continuous_0118_S4_strategy2.npz,126-257,DRINK,-,FN
continuous_0118_S4_strategy2.npz,257-391,RELATIONSHIPS,-,FN
continuous_0118_S4_strategy2.npz,513-641,CALENDAR,-,FN
continuous_0119_S4_strategy2.npz,0-153,DAYS,FAMILY,FP
continuous_0119_S4_strategy2.npz,153-306,FAMILY,FAMILY,TP
continuous_0119_S4_strategy2.npz,306-460,GREETING,GREETING,TP
continuous_0119_S4_strategy2.npz,460-615,FOOD,FOOD,TP
continuous_0119_S4_strategy2.npz,615-768,NUMBER,NUMBER,TP
continuous_0119_S4_strategy2.npz,261-390,SURVIVAL,-,FN
continuous_0119_S4_strategy2.npz,0-124,DAYS,FAMILY,FN
continuous_0120_S4_strategy2.npz,0-127,GREETING,GREETING,TP
continuous_0120_S4_strategy2.npz,127-255,SURVIVAL,SURVIVAL,TP
continuous_0120_S4_strategy2.npz,255-384,FOOD,FOOD,TP
continuous_0120_S4_strategy2.npz,384-513,DRINK,RELATIONSHIPS,FP
continuous_0120_S4_strategy2.npz,513-769,COLOR,DRINK,FP
continuous_0120_S4_strategy2.npz,641-769,NUMBER,-,FN
continuous_0120_S4_strategy2.npz,383-511,DRINK,RELATIONSHIPS,FN
continuous_0120_S4_strategy2.npz,511-641,COLOR,DRINK,FN
continuous_0121_S4_strategy2.npz,0-127,RELATIONSHIPS,FOOD,FP
continuous_0121_S4_strategy2.npz,127-255,COLOR,COLOR,TP
continuous_0121_S4_strategy2.npz,255-384,GREETING,GREETING,TP
continuous_0121_S4_strategy2.npz,384-511,DAYS,FOOD,FP
continuous_0121_S4_strategy2.npz,511-639,SURVIVAL,SURVIVAL,TP
continuous_0121_S4_strategy2.npz,639-768,DRINK,GREETING,FP
continuous_0121_S4_strategy2.npz,768-897,FAMILY,FAMILY,TP
continuous_0121_S4_strategy2.npz,0-135,RELATIONSHIPS,FOOD,FN
continuous_0121_S4_strategy2.npz,385-507,DAYS,FOOD,FN
continuous_0121_S4_strategy2.npz,634-767,DRINK,GREETING,FN
continuous_0122_S4_strategy2.npz,0-168,FAMILY,FAMILY,TP
continuous_0122_S4_strategy2.npz,168-252,COLOR,COLOR,TP
continuous_0122_S4_strategy2.npz,252-336,-,COLOR,FP
continuous_0122_S4_strategy2.npz,336-589,GREETING,GREETING,TP
continuous_0122_S4_strategy2.npz,589-759,DAYS,DAYS,TP
continuous_0122_S4_strategy2.npz,372-497,CALENDAR,-,FN
continuous_0122_S4_strategy2.npz,627-758,RELATIONSHIPS,-,FN
continuous_0123_S4_strategy2.npz,285-379,-,CALENDAR,FP
continuous_0123_S4_strategy2.npz,379-474,-,GREETING,FP
continuous_0123_S4_strategy2.npz,474-570,SURVIVAL,SURVIVAL,TP
continuous_0123_S4_strategy2.npz,570-664,RELATIONSHIPS,GREETING,FP
continuous_0123_S4_strategy2.npz,664-760,COLOR,RELATIONSHIPS,FP
continuous_0123_S4_strategy2.npz,0-122,DAYS,-,FN
continuous_0123_S4_strategy2.npz,122-241,CALENDAR,-,FN
continuous_0123_S4_strategy2.npz,241-369,GREETING,-,FN
continuous_0123_S4_strategy2.npz,505-634,RELATIONSHIPS,GREETING,FN
continuous_0123_S4_strategy2.npz,634-760,COLOR,RELATIONSHIPS,FN
continuous_0124_S4_strategy2.npz,0-109,COLOR,COLOR,TP
continuous_0124_S4_strategy2.npz,109-219,FOOD,FOOD,TP
continuous_0124_S4_strategy2.npz,219-330,-,CALENDAR,FP
continuous_0124_S4_strategy2.npz,330-552,NUMBER,NUMBER,TP
continuous_0124_S4_strategy2.npz,552-661,DRINK,DRINK,TP
continuous_0124_S4_strategy2.npz,661-772,GREETING,GREETING,TP
continuous_0124_S4_strategy2.npz,265-394,CALENDAR,-,FN
continuous_0125_S4_strategy2.npz,0-126,COLOR,COLOR,TP
continuous_0125_S4_strategy2.npz,126-255,FAMILY,FAMILY,TP
continuous_0125_S4_strategy2.npz,255-382,DAYS,DAYS,TP
continuous_0125_S4_strategy2.npz,382-510,FOOD,FOOD,TP
continuous_0125_S4_strategy2.npz,510-639,CALENDAR,CALENDAR,TP
continuous_0125_S4_strategy2.npz,639-766,RELATIONSHIPS,FAMILY,FP
continuous_0125_S4_strategy2.npz,633-766,RELATIONSHIPS,FAMILY,FN
continuous_0126_S4_strategy2.npz,0-99,SURVIVAL,GREETING,FP
continuous_0126_S4_strategy2.npz,99-201,GREETING,GREETING,TP
continuous_0126_S4_strategy2.npz,201-604,RELATIONSHIPS,RELATIONSHIPS,TP
continuous_0126_S4_strategy2.npz,604-705,-,GREETING,FP
continuous_0126_S4_strategy2.npz,705-807,FOOD,FOOD,TP
continuous_0126_S4_strategy2.npz,807-907,CALENDAR,CALENDAR,TP
continuous_0126_S4_strategy2.npz,383-509,NUMBER,-,FN
continuous_0126_S4_strategy2.npz,509-636,COLOR,-,FN
continuous_0126_S4_strategy2.npz,0-124,SURVIVAL,GREETING,FN
continuous_0127_S4_strategy2.npz,0-397,FAMILY,FAMILY,TP
continuous_0127_S4_strategy2.npz,397-496,-,GREETING,FP
continuous_0127_S4_strategy2.npz,496-696,-,CALENDAR,FP
continuous_0127_S4_strategy2.npz,696-795,DRINK,DRINK,TP
continuous_0127_S4_strategy2.npz,795-895,RELATIONSHIPS,RELATIONSHIPS,TP
continuous_0127_S4_strategy2.npz,125-251,NUMBER,-,FN
continuous_0127_S4_strategy2.npz,251-381,GREETING,-,FN
continuous_0127_S4_strategy2.npz,381-507,CALENDAR,-,FN
continuous_0127_S4_strategy2.npz,507-633,DAYS,-,FN
continuous_0128_S4_strategy2.npz,0-111,-,NUMBER,FP
continuous_0128_S4_strategy2.npz,111-333,CALENDAR,CALENDAR,TP
continuous_0128_S4_strategy2.npz,333-445,-,CALENDAR,FP
continuous_0128_S4_strategy2.npz,445-556,FOOD,FOOD,TP
continuous_0128_S4_strategy2.npz,556-669,FAMILY,FOOD,FP
continuous_0128_S4_strategy2.npz,669-780,DRINK,DRINK,TP
continuous_0128_S4_strategy2.npz,0-131,SURVIVAL,-,FN
continuous_0128_S4_strategy2.npz,131-262,NUMBER,-,FN
continuous_0128_S4_strategy2.npz,525-651,FAMILY,FOOD,FN
continuous_0129_S4_strategy2.npz,0-99,-,RELATIONSHIPS,FP
continuous_0129_S4_strategy2.npz,99-198,COLOR,RELATIONSHIPS,FP
continuous_0129_S4_strategy2.npz,198-297,FOOD,FOOD,TP
continuous_0129_S4_strategy2.npz,297-396,CALENDAR,CALENDAR,TP
continuous_0129_S4_strategy2.npz,396-495,RELATIONSHIPS,RELATIONSHIPS,TP
continuous_0129_S4_strategy2.npz,495-594,-,NUMBER,FP
continuous_0129_S4_strategy2.npz,594-892,GREETING,GREETING,TP
continuous_0129_S4_strategy2.npz,515-641,NUMBER,-,FN
continuous_0129_S4_strategy2.npz,765-892,SURVIVAL,-,FN
continuous_0129_S4_strategy2.npz,0-126,COLOR,RELATIONSHIPS,FN
continuous_0130_S4_strategy2.npz,0-219,FOOD,FOOD,TP
continuous_0130_S4_strategy2.npz,219-328,-,FAMILY,FP
continuous_0130_S4_strategy2.npz,328-547,-,CALENDAR,FP
continuous_0130_S4_strategy2.npz,547-657,GREETING,GREETING,TP
continuous_0130_S4_strategy2.npz,657-768,DAYS,DAYS,TP
continuous_0130_S4_strategy2.npz,129-260,COLOR,-,FN
continuous_0130_S4_strategy2.npz,260-397,FAMILY,-,FN
continuous_0130_S4_strategy2.npz,397-516,CALENDAR,-,FN
continuous_0131_S4_strategy2.npz,0-150,GREETING,GREETING,TP
continuous_0131_S4_strategy2.npz,150-601,CALENDAR,CALENDAR,TP
continuous_0131_S4_strategy2.npz,601-751,DAYS,DAYS,TP
continuous_0131_S4_strategy2.npz,751-903,COLOR,FAMILY,FP
continuous_0131_S4_strategy2.npz,255-395,RELATIONSHIPS,-,FN
continuous_0131_S4_strategy2.npz,395-520,NUMBER,-,FN
continuous_0131_S4_strategy2.npz,520-647,FAMILY,-,FN
continuous_0131_S4_strategy2.npz,775-902,COLOR,FAMILY,FN
continuous_0132_S4_strategy2.npz,0-151,DAYS,FOOD,FP
continuous_0132_S4_strategy2.npz,151-303,-,COLOR,FP
continuous_0132_S4_strategy2.npz,303-456,-,FAMILY,FP
continuous_0132_S4_strategy2.npz,456-607,FOOD,FOOD,TP
continuous_0132_S4_strategy2.npz,607-759,CALENDAR,GREETING,FP
continuous_0132_S4_strategy2.npz,759-912,SURVIVAL,GREETING,FP
continuous_0132_S4_strategy2.npz,125-260,RELATIONSHIPS,-,FN
continuous_0132_S4_strategy2.npz,260-395,COLOR,-,FN
continuous_0132_S4_strategy2.npz,395-519,FAMILY,-,FN
continuous_0132_S4_strategy2.npz,0-125,DAYS,FOOD,FN
continuous_0132_S4_strategy2.npz,659-784,CALENDAR,GREETING,FN
continuous_0132_S4_strategy2.npz,784-911,SURVIVAL,GREETING,FN
continuous_0133_S4_strategy2.npz,300-450,-,GREETING,FP
continuous_0133_S4_strategy2.npz,450-601,-,CALENDAR,FP
continuous_0133_S4_strategy2.npz,601-753,-,FAMILY,FP
continuous_0133_S4_strategy2.npz,0-123,NUMBER,-,FN
continuous_0133_S4_strategy2.npz,123-252,COLOR,-,FN
continuous_0133_S4_strategy2.npz,252-379,DRINK,-,FN
continuous_0133_S4_strategy2.npz,379-507,RELATIONSHIPS,-,FN
continuous_0133_S4_strategy2.npz,507-647,DAYS,-,FN
continuous_0133_S4_strategy2.npz,647-752,GREETING,-,FN
continuous_0134_S4_strategy2.npz,0-127,FOOD,FOOD,TP
continuous_0134_S4_strategy2.npz,127-255,GREETING,FOOD,FP
continuous_0134_S4_strategy2.npz,255-384,NUMBER,NUMBER,TP
continuous_0134_S4_strategy2.npz,384-513,DRINK,DRINK,TP
continuous_0134_S4_strategy2.npz,513-640,DAYS,DAYS,TP
continuous_0134_S4_strategy2.npz,640-769,RELATIONSHIPS,RELATIONSHIPS,TP
continuous_0134_S4_strategy2.npz,132-257,GREETING,FOOD,FN
continuous_0135_S4_strategy2.npz,0-145,RELATIONSHIPS,RELATIONSHIPS,TP
continuous_0135_S4_strategy2.npz,145-292,FOOD,FOOD,TP
continuous_0135_S4_strategy2.npz,292-439,GREETING,GREETING,TP
continuous_0135_S4_strategy2.npz,439-586,DAYS,DAYS,TP
continuous_0135_S4_strategy2.npz,586-880,DRINK,DRINK,TP
continuous_0135_S4_strategy2.npz,621-750,NUMBER,-,FN
continuous_0135_S4_strategy2.npz,750-880,CALENDAR,-,FN
continuous_0136_S4_strategy2.npz,0-126,COLOR,FOOD,FP
continuous_0136_S4_strategy2.npz,126-252,RELATIONSHIPS,RELATIONSHIPS,TP
continuous_0136_S4_strategy2.npz,252-379,FAMILY,FAMILY,TP
continuous_0136_S4_strategy2.npz,379-506,DRINK,COLOR,FP
continuous_0136_S4_strategy2.npz,506-633,FOOD,FOOD,TP
continuous_0136_S4_strategy2.npz,633-760,DAYS,FOOD,FP
continuous_0136_S4_strategy2.npz,0-126,COLOR,FOOD,FN
continuous_0136_S4_strategy2.npz,386-515,DRINK,COLOR,FN
continuous_0136_S4_strategy2.npz,635-762,DAYS,FOOD,FN
continuous_0137_S4_strategy2.npz,0-258,-,FOOD,FP
continuous_0137_S4_strategy2.npz,258-388,COLOR,COLOR,TP
continuous_0137_S4_strategy2.npz,388-517,GREETING,GREETING,TP
continuous_0137_S4_strategy2.npz,517-648,RELATIONSHIPS,RELATIONSHIPS,TP
continuous_0137_S4_strategy2.npz,648-777,SURVIVAL,GREETING,FP
continuous_0137_S4_strategy2.npz,777-907,FAMILY,FAMILY,TP
continuous_0137_S4_strategy2.npz,0-125,DRINK,-,FN
continuous_0137_S4_strategy2.npz,125-249,DAYS,-,FN
continuous_0137_S4_strategy2.npz,656-784,SURVIVAL,GREETING,FN
continuous_0138_S4_strategy2.npz,0-189,-,CALENDAR,FP
continuous_0138_S4_strategy2.npz,189-381,FOOD,FOOD,TP
continuous_0138_S4_strategy2.npz,381-570,-,COLOR,FP
continuous_0138_S4_strategy2.npz,570-762,FAMILY,FAMILY,TP
continuous_0138_S4_strategy2.npz,0-129,NUMBER,-,FN
continuous_0138_S4_strategy2.npz,129-259,CALENDAR,-,FN
continuous_0138_S4_strategy2.npz,385-519,SURVIVAL,-,FN
continuous_0138_S4_strategy2.npz,519-647,COLOR,-,FN
continuous_0139_S4_strategy2.npz,0-108,FAMILY,FAMILY,TP
continuous_0139_S4_strategy2.npz,108-216,DRINK,DRINK,TP
continuous_0139_S4_strategy2.npz,216-324,-,GREETING,FP
continuous_0139_S4_strategy2.npz,324-432,GREETING,GREETING,TP
continuous_0139_S4_strategy2.npz,432-649,-,DAYS,FP
continuous_0139_S4_strategy2.npz,649-759,NUMBER,NUMBER,TP
continuous_0139_S4_strategy2.npz,249-382,SURVIVAL,-,FN
continuous_0139_S4_strategy2.npz,500-635,DAYS,-,FN
continuous_0140_S4_strategy2.npz,0-84,SURVIVAL,GREETING,FP
continuous_0140_S4_strategy2.npz,84-513,RELATIONSHIPS,RELATIONSHIPS,TP
continuous_0140_S4_strategy2.npz,513-598,-,RELATIONSHIPS,FP
continuous_0140_S4_strategy2.npz,598-684,-,DRINK,FP
continuous_0140_S4_strategy2.npz,684-771,NUMBER,NUMBER,TP
continuous_0140_S4_strategy2.npz,258-387,DAYS,-,FN
continuous_0140_S4_strategy2.npz,387-514,FAMILY,-,FN
continuous_0140_S4_strategy2.npz,514-643,DRINK,-,FN
continuous_0140_S4_strategy2.npz,0-124,SURVIVAL,GREETING,FN
continuous_0141_S4_strategy2.npz,0-186,RELATIONSHIPS,RELATIONSHIPS,TP
continuous_0141_S4_strategy2.npz,186-372,GREETING,GREETING,TP
continuous_0141_S4_strategy2.npz,372-558,COLOR,GREETING,FP
continuous_0141_S4_strategy2.npz,558-745,-,DAYS,FP
continuous_0141_S4_strategy2.npz,386-511,SURVIVAL,-,FN
continuous_0141_S4_strategy2.npz,511-638,NUMBER,-,FN
continuous_0141_S4_strategy2.npz,638-745,DRINK,-,FN
continuous_0141_S4_strategy2.npz,258-386,COLOR,GREETING,FN
continuous_0142_S4_strategy2.npz,0-147,FAMILY,FAMILY,TP
continuous_0142_S4_strategy2.npz,147-294,NUMBER,NUMBER,TP
continuous_0142_S4_strategy2.npz,294-442,GREETING,GREETING,TP
continuous_0142_S4_strategy2.npz,442-591,FOOD,FOOD,TP
continuous_0142_S4_strategy2.npz,591-738,DAYS,FOOD,FP
continuous_0142_S4_strategy2.npz,738-886,CALENDAR,CALENDAR,TP
continuous_0142_S4_strategy2.npz,757-886,SURVIVAL,-,FN
continuous_0142_S4_strategy2.npz,506-631,DAYS,FOOD,FN
continuous_0143_S4_strategy2.npz,0-84,COLOR,COLOR,TP
continuous_0143_S4_strategy2.npz,84-256,FOOD,FOOD,TP
continuous_0143_S4_strategy2.npz,256-342,-,FOOD,FP
continuous_0143_S4_strategy2.npz,342-427,-,GREETING,FP
continuous_0143_S4_strategy2.npz,427-600,-,CALENDAR,FP
continuous_0143_S4_strategy2.npz,600-685,-,GREETING,FP
continuous_0143_S4_strategy2.npz,685-771,DAYS,DAYS,TP
continuous_0143_S4_strategy2.npz,257-393,DRINK,-,FN
continuous_0143_S4_strategy2.npz,393-518,SURVIVAL,-,FN
continuous_0143_S4_strategy2.npz,518-644,CALENDAR,-,FN
continuous_0144_S4_strategy2.npz,0-108,SURVIVAL,SURVIVAL,TP
continuous_0144_S4_strategy2.npz,108-216,FOOD,FOOD,TP
continuous_0144_S4_strategy2.npz,216-325,-,RELATIONSHIPS,FP
continuous_0144_S4_strategy2.npz,325-433,-,RELATIONSHIPS,FP
continuous_0144_S4_strategy2.npz,433-543,NUMBER,DAYS,FP
continuous_0144_S4_strategy2.npz,543-760,COLOR,COLOR,TP
continuous_0144_S4_strategy2.npz,246-384,RELATIONSHIPS,-,FN
continuous_0144_S4_strategy2.npz,635-760,DAYS,-,FN
continuous_0144_S4_strategy2.npz,384-510,NUMBER,DAYS,FN
continuous_0145_S4_strategy2.npz,0-123,SURVIVAL,SURVIVAL,TP
continuous_0145_S4_strategy2.npz,123-249,FOOD,FOOD,TP
continuous_0145_S4_strategy2.npz,249-747,COLOR,COLOR,TP
continuous_0145_S4_strategy2.npz,747-873,DRINK,FOOD,FP
continuous_0145_S4_strategy2.npz,378-506,CALENDAR,-,FN
continuous_0145_S4_strategy2.npz,506-607,DAYS,-,FN
continuous_0145_S4_strategy2.npz,607-743,NUMBER,-,FN
continuous_0145_S4_strategy2.npz,743-872,DRINK,FOOD,FN
continuous_0146_S4_strategy2.npz,178-358,FOOD,FOOD,TP
continuous_0146_S4_strategy2.npz,358-538,FAMILY,COLOR,FP
continuous_0146_S4_strategy2.npz,538-718,DRINK,GREETING,FP
continuous_0146_S4_strategy2.npz,718-898,COLOR,FOOD,FP
continuous_0146_S4_strategy2.npz,0-123,DAYS,-,FN
continuous_0146_S4_strategy2.npz,380-516,GREETING,-,FN
continuous_0146_S4_strategy2.npz,770-898,RELATIONSHIPS,-,FN
continuous_0146_S4_strategy2.npz,254-380,FAMILY,COLOR,FN
continuous_0146_S4_strategy2.npz,516-640,DRINK,GREETING,FN
continuous_0146_S4_strategy2.npz,640-770,COLOR,FOOD,FN
continuous_0147_S4_strategy2.npz,0-153,GREETING,GREETING,TP
continuous_0147_S4_strategy2.npz,153-306,-,NUMBER,FP
continuous_0147_S4_strategy2.npz,306-460,DAYS,DAYS,TP
continuous_0147_S4_strategy2.npz,460-768,-,COLOR,FP
continuous_0147_S4_strategy2.npz,125-250,NUMBER,-,FN
continuous_0147_S4_strategy2.npz,380-509,SURVIVAL,-,FN
continuous_0147_S4_strategy2.npz,509-647,DRINK,-,FN
continuous_0147_S4_strategy2.npz,647-768,CALENDAR,-,FN
continuous_0148_S4_strategy2.npz,0-301,DRINK,GREETING,FP
continuous_0148_S4_strategy2.npz,301-453,DAYS,FOOD,FP
continuous_0148_S4_strategy2.npz,453-604,RELATIONSHIPS,RELATIONSHIPS,TP
continuous_0148_S4_strategy2.npz,604-756,-,SURVIVAL,FP
continuous_0148_S4_strategy2.npz,117-246,FOOD,-,FN
continuous_0148_S4_strategy2.npz,508-635,SURVIVAL,-,FN
continuous_0148_S4_strategy2.npz,635-756,NUMBER,-,FN
continuous_0148_S4_strategy2.npz,0-117,DRINK,GREETING,FN
continuous_0148_S4_strategy2.npz,246-372,DAYS,FOOD,FN
continuous_0149_S4_strategy2.npz,0-109,DRINK,DRINK,TP
continuous_0149_S4_strategy2.npz,109-219,-,COLOR,FP
continuous_0149_S4_strategy2.npz,219-441,-,COLOR,FP
continuous_0149_S4_strategy2.npz,441-552,GREETING,GREETING,TP
continuous_0149_S4_strategy2.npz,552-661,SURVIVAL,SURVIVAL,TP
continuous_0149_S4_strategy2.npz,661-772,CALENDAR,CALENDAR,TP
continuous_0149_S4_strategy2.npz,127-251,DAYS,-,FN
continuous_0149_S4_strategy2.npz,251-382,COLOR,-,FN
continuous_0150_S4_strategy2.npz,0-156,-,FOOD,FP
continuous_0150_S4_strategy2.npz,156-313,-,FOOD,FP
continuous_0150_S4_strategy2.npz,313-627,GREETING,GREETING,TP
continuous_0150_S4_strategy2.npz,627-784,-,GREETING,FP
continuous_0150_S4_strategy2.npz,0-128,DRINK,-,FN
continuous_0150_S4_strategy2.npz,128-251,SURVIVAL,-,FN
continuous_0150_S4_strategy2.npz,251-380,FOOD,-,FN
continuous_0150_S4_strategy2.npz,513-653,CALENDAR,-,FN
continuous_0150_S4_strategy2.npz,653-784,RELATIONSHIPS,-,FN
continuous_0151_S4_strategy2.npz,0-154,FOOD,FOOD,TP
continuous_0151_S4_strategy2.npz,154-310,FAMILY,FAMILY,TP
continuous_0151_S4_strategy2.npz,310-465,DRINK,FOOD,FP
continuous_0151_S4_strategy2.npz,465-621,-,NUMBER,FP
continuous_0151_S4_strategy2.npz,621-777,-,DAYS,FP
continuous_0151_S4_strategy2.npz,383-509,NUMBER,-,FN
continuous_0151_S4_strategy2.npz,509-643,RELATIONSHIPS,-,FN
continuous_0151_S4_strategy2.npz,643-777,DAYS,-,FN
continuous_0151_S4_strategy2.npz,256-383,DRINK,FOOD,FN
continuous_0152_S4_strategy2.npz,0-111,FOOD,FOOD,TP
continuous_0152_S4_strategy2.npz,111-447,FAMILY,GREETING,FP
continuous_0152_S4_strategy2.npz,447-558,GREETING,GREETING,TP
continuous_0152_S4_strategy2.npz,558-781,DAYS,NUMBER,FP
continuous_0152_S4_strategy2.npz,781-894,RELATIONSHIPS,COLOR,FP
continuous_0152_S4_strategy2.npz,261-386,NUMBER,-,FN
continuous_0152_S4_strategy2.npz,640-767,COLOR,-,FN
continuous_0152_S4_strategy2.npz,134-261,FAMILY,GREETING,FN
continuous_0152_S4_strategy2.npz,517-640,DAYS,NUMBER,FN
continuous_0152_S4_strategy2.npz,767-893,RELATIONSHIPS,COLOR,FN
continuous_0153_S4_strategy2.npz,0-109,SURVIVAL,GREETING,FP
continuous_0153_S4_strategy2.npz,109-220,DAYS,DAYS,TP
continuous_0153_S4_strategy2.npz,220-331,DRINK,GREETING,FP
continuous_0153_S4_strategy2.npz,331-442,-,FOOD,FP
continuous_0153_S4_strategy2.npz,442-553,-,RELATIONSHIPS,FP
continuous_0153_S4_strategy2.npz,553-775,-,RELATIONSHIPS,FP
continuous_0153_S4_strategy2.npz,387-513,FOOD,-,FN
continuous_0153_S4_strategy2.npz,513-648,RELATIONSHIPS,-,FN
continuous_0153_S4_strategy2.npz,648-775,NUMBER,-,FN
continuous_0153_S4_strategy2.npz,0-133,SURVIVAL,GREETING,FN
continuous_0153_S4_strategy2.npz,257-387,DRINK,GREETING,FN
continuous_0154_S4_strategy2.npz,0-178,-,RELATIONSHIPS,FP
continuous_0154_S4_strategy2.npz,178-357,DAYS,COLOR,FP
continuous_0154_S4_strategy2.npz,357-717,CALENDAR,CALENDAR,TP
continuous_0154_S4_strategy2.npz,717-897,RELATIONSHIPS,RELATIONSHIPS,TP
continuous_0154_S4_strategy2.npz,0-124,DRINK,-,FN
continuous_0154_S4_strategy2.npz,124-253,COLOR,-,FN
continuous_0154_S4_strategy2.npz,511-639,SURVIVAL,-,FN
continuous_0154_S4_strategy2.npz,769-896,FOOD,-,FN
continuous_0154_S4_strategy2.npz,253-381,DAYS,COLOR,FN
continuous_0155_S4_strategy2.npz,511-639,-,GREETING,FP
continuous_0155_S4_strategy2.npz,639-768,-,RELATIONSHIPS,FP
continuous_0155_S4_strategy2.npz,768-895,-,CALENDAR,FP
continuous_0155_S4_strategy2.npz,0-123,DAYS,-,FN
continuous_0155_S4_strategy2.npz,123-245,FOOD,-,FN
continuous_0155_S4_strategy2.npz,245-377,NUMBER,-,FN
continuous_0155_S4_strategy2.npz,377-504,SURVIVAL,-,FN
continuous_0155_S4_strategy2.npz,504-633,RELATIONSHIPS,-,FN
continuous_0155_S4_strategy2.npz,633-764,DRINK,-,FN
continuous_0155_S4_strategy2.npz,764-895,CALENDAR,-,FN
continuous_0156_S4_strategy2.npz,0-156,CALENDAR,CALENDAR,TP
continuous_0156_S4_strategy2.npz,156-313,FAMILY,FAMILY,TP
continuous_0156_S4_strategy2.npz,313-471,-,DRINK,FP
continuous_0156_S4_strategy2.npz,471-627,RELATIONSHIPS,DRINK,FP
continuous_0156_S4_strategy2.npz,627-786,FOOD,FOOD,TP
continuous_0156_S4_strategy2.npz,263-392,DRINK,-,FN
continuous_0156_S4_strategy2.npz,520-653,COLOR,-,FN
continuous_0156_S4_strategy2.npz,392-520,RELATIONSHIPS,DRINK,FN
continuous_0157_S4_strategy2.npz,0-153,COLOR,COLOR,TP
continuous_0157_S4_strategy2.npz,153-307,RELATIONSHIPS,FOOD,FP
continuous_0157_S4_strategy2.npz,307-462,FOOD,FOOD,TP
continuous_0157_S4_strategy2.npz,462-615,DRINK,DRINK,TP
continuous_0157_S4_strategy2.npz,615-771,DAYS,FOOD,FP
continuous_0157_S4_strategy2.npz,518-645,NUMBER,-,FN
continuous_0157_S4_strategy2.npz,129-253,RELATIONSHIPS,FOOD,FN
continuous_0157_S4_strategy2.npz,645-770,DAYS,FOOD,FN
continuous_0158_S4_strategy2.npz,0-156,FAMILY,FAMILY,TP
continuous_0158_S4_strategy2.npz,156-315,-,FOOD,FP
continuous_0158_S4_strategy2.npz,315-630,CALENDAR,CALENDAR,TP
continuous_0158_S4_strategy2.npz,630-789,DAYS,DAYS,TP
continuous_0158_S4_strategy2.npz,125-254,COLOR,-,FN
continuous_0158_S4_strategy2.npz,254-391,RELATIONSHIPS,-,FN
continuous_0158_S4_strategy2.npz,661-788,DRINK,-,FN
continuous_0159_S4_strategy2.npz,0-261,DRINK,DRINK,TP
continuous_0159_S4_strategy2.npz,261-522,-,NUMBER,FP
continuous_0159_S4_strategy2.npz,522-783,-,GREETING,FP
continuous_0159_S4_strategy2.npz,131-259,NUMBER,-,FN
continuous_0159_S4_strategy2.npz,259-385,GREETING,-,FN
continuous_0159_S4_strategy2.npz,385-510,SURVIVAL,-,FN
continuous_0159_S4_strategy2.npz,510-658,FOOD,-,FN
continuous_0159_S4_strategy2.npz,658-783,DAYS,-,FN
continuous_0160_S4_strategy2.npz,0-148,CALENDAR,CALENDAR,TP
continuous_0160_S4_strategy2.npz,148-297,RELATIONSHIPS,RELATIONSHIPS,TP
continuous_0160_S4_strategy2.npz,297-447,DAYS,FAMILY,FP
continuous_0160_S4_strategy2.npz,447-745,FOOD,FOOD,TP
continuous_0160_S4_strategy2.npz,745-895,SURVIVAL,SURVIVAL,TP
continuous_0160_S4_strategy2.npz,512-646,GREETING,-,FN
continuous_0160_S4_strategy2.npz,772-895,DRINK,-,FN
continuous_0160_S4_strategy2.npz,260-385,DAYS,FAMILY,FN
continuous_0161_S4_strategy2.npz,0-126,DAYS,DAYS,TP
continuous_0161_S4_strategy2.npz,126-382,COLOR,DAYS,FP
continuous_0161_S4_strategy2.npz,382-639,FOOD,FOOD,TP
continuous_0161_S4_strategy2.npz,639-766,GREETING,GREETING,TP
continuous_0161_S4_strategy2.npz,252-375,FAMILY,-,FN
continuous_0161_S4_strategy2.npz,510-637,NUMBER,-,FN
continuous_0161_S4_strategy2.npz,130-252,COLOR,DAYS,FN
continuous_0162_S4_strategy2.npz,93-186,-,GREETING,FP
continuous_0162_S4_strategy2.npz,186-279,-,SURVIVAL,FP
continuous_0162_S4_strategy2.npz,279-466,DRINK,COLOR,FP
continuous_0162_S4_strategy2.npz,466-559,-,GREETING,FP
continuous_0162_S4_strategy2.npz,559-933,CALENDAR,CALENDAR,TP
continuous_0162_S4_strategy2.npz,0-127,SURVIVAL,-,FN
continuous_0162_S4_strategy2.npz,127-265,RELATIONSHIPS,-,FN
continuous_0162_S4_strategy2.npz,265-392,NUMBER,-,FN
continuous_0162_S4_strategy2.npz,552-678,GREETING,-,FN
continuous_0162_S4_strategy2.npz,800-933,DAYS,-,FN
continuous_0162_S4_strategy2.npz,392-552,DRINK,COLOR,FN
continuous_0163_S4_strategy2.npz,0-252,COLOR,FOOD,FP
continuous_0163_S4_strategy2.npz,252-504,-,FOOD,FP
continuous_0163_S4_strategy2.npz,504-757,-,FAMILY,FP
continuous_0163_S4_strategy2.npz,127-257,FOOD,-,FN
continuous_0163_S4_strategy2.npz,257-379,FAMILY,-,FN
continuous_0163_S4_strategy2.npz,379-503,CALENDAR,-,FN
continuous_0163_S4_strategy2.npz,503-631,GREETING,-,FN
continuous_0163_S4_strategy2.npz,631-757,SURVIVAL,-,FN
continuous_0163_S4_strategy2.npz,0-127,COLOR,FOOD,FN
continuous_0164_S4_strategy2.npz,0-96,FOOD,FOOD,TP
continuous_0164_S4_strategy2.npz,96-192,NUMBER,NUMBER,TP
continuous_0164_S4_strategy2.npz,192-288,-,FAMILY,FP
continuous_0164_S4_strategy2.npz,288-480,FAMILY,COLOR,FP
continuous_0164_S4_strategy2.npz,480-672,GREETING,GREETING,TP
continuous_0164_S4_strategy2.npz,672-769,-,DAYS,FP
continuous_0164_S4_strategy2.npz,254-394,RELATIONSHIPS,-,FN
continuous_0164_S4_strategy2.npz,643-769,DAYS,-,FN
continuous_0164_S4_strategy2.npz,394-517,FAMILY,COLOR,FN
continuous_0165_S4_strategy2.npz,0-151,DRINK,DRINK,TP
continuous_0165_S4_strategy2.npz,151-304,FAMILY,FAMILY,TP
continuous_0165_S4_strategy2.npz,304-609,FOOD,FOOD,TP
continuous_0165_S4_strategy2.npz,609-762,-,DAYS,FP
continuous_0165_S4_strategy2.npz,380-509,SURVIVAL,-,FN
continuous_0165_S4_strategy2.npz,509-634,NUMBER,-,FN
continuous_0165_S4_strategy2.npz,634-762,DAYS,-,FN
continuous_0166_S4_strategy2.npz,0-96,-,FAMILY,FP
continuous_0166_S4_strategy2.npz,96-192,FAMILY,FAMILY,TP
continuous_0166_S4_strategy2.npz,192-289,-,NUMBER,FP
continuous_0166_S4_strategy2.npz,289-387,-,NUMBER,FP
continuous_0166_S4_strategy2.npz,387-483,DRINK,DRINK,TP
continuous_0166_S4_strategy2.npz,483-676,GREETING,FOOD,FP
continuous_0166_S4_strategy2.npz,676-774,CALENDAR,CALENDAR,TP
continuous_0166_S4_strategy2.npz,0-128,DAYS,-,FN
continuous_0166_S4_strategy2.npz,253-379,NUMBER,-,FN
continuous_0166_S4_strategy2.npz,512-645,GREETING,FOOD,FN
continuous_0167_S4_strategy2.npz,0-126,-,RELATIONSHIPS,FP
continuous_0167_S4_strategy2.npz,126-378,FAMILY,FAMILY,TP
continuous_0167_S4_strategy2.npz,378-504,-,GREETING,FP
continuous_0167_S4_strategy2.npz,504-631,-,FOOD,FP
continuous_0167_S4_strategy2.npz,631-885,-,FAMILY,FP
continuous_0167_S4_strategy2.npz,0-130,CALENDAR,-,FN
continuous_0167_S4_strategy2.npz,130-259,COLOR,-,FN
continuous_0167_S4_strategy2.npz,383-509,NUMBER,-,FN
continuous_0167_S4_strategy2.npz,509-636,GREETING,-,FN
continuous_0167_S4_strategy2.npz,636-763,FOOD,-,FN
continuous_0167_S4_strategy2.npz,763-884,DAYS,-,FN
continuous_0168_S4_strategy2.npz,0-220,-,NUMBER,FP
continuous_0168_S4_strategy2.npz,220-331,FOOD,FOOD,TP
continuous_0168_S4_strategy2.npz,331-442,GREETING,GREETING,TP
continuous_0168_S4_strategy2.npz,442-552,-,FAMILY,FP
continuous_0168_S4_strategy2.npz,552-663,-,RELATIONSHIPS,FP
continuous_0168_S4_strategy2.npz,663-774,-,COLOR,FP
continuous_0168_S4_strategy2.npz,774-885,COLOR,GREETING,FP
continuous_0168_S4_strategy2.npz,0-124,NUMBER,-,FN
continuous_0168_S4_strategy2.npz,375-500,FAMILY,-,FN
continuous_0168_S4_strategy2.npz,500-627,RELATIONSHIPS,-,FN
continuous_0168_S4_strategy2.npz,627-753,DRINK,-,FN
continuous_0168_S4_strategy2.npz,753-885,COLOR,GREETING,FN
continuous_0169_S4_strategy2.npz,330-439,-,FOOD,FP
continuous_0169_S4_strategy2.npz,439-549,-,COLOR,FP
continuous_0169_S4_strategy2.npz,549-660,-,CALENDAR,FP
continuous_0169_S4_strategy2.npz,660-769,DAYS,GREETING,FP
continuous_0169_S4_strategy2.npz,769-879,RELATIONSHIPS,FAMILY,FP
continuous_0169_S4_strategy2.npz,0-125,NUMBER,-,FN
continuous_0169_S4_strategy2.npz,125-249,FOOD,-,FN
continuous_0169_S4_strategy2.npz,249-378,COLOR,-,FN
continuous_0169_S4_strategy2.npz,378-500,CALENDAR,-,FN
continuous_0169_S4_strategy2.npz,500-620,GREETING,-,FN
continuous_0169_S4_strategy2.npz,620-745,DAYS,GREETING,FN
continuous_0169_S4_strategy2.npz,745-879,RELATIONSHIPS,FAMILY,FN
continuous_0170_S4_strategy2.npz,0-127,DAYS,DAYS,TP
continuous_0170_S4_strategy2.npz,127-255,GREETING,GREETING,TP
continuous_0170_S4_strategy2.npz,255-384,-,CALENDAR,FP
continuous_0170_S4_strategy2.npz,384-513,-,FAMILY,FP
continuous_0170_S4_strategy2.npz,513-640,-,DRINK,FP
continuous_0170_S4_strategy2.npz,640-768,-,SURVIVAL,FP
continuous_0170_S4_strategy2.npz,768-897,DRINK,SURVIVAL,FP
continuous_0170_S4_strategy2.npz,258-377,FAMILY,-,FN
continuous_0170_S4_strategy2.npz,377-510,CALENDAR,-,FN
continuous_0170_S4_strategy2.npz,510-637,FOOD,-,FN
continuous_0170_S4_strategy2.npz,637-762,SURVIVAL,-,FN
continuous_0170_S4_strategy2.npz,762-897,DRINK,SURVIVAL,FN
continuous_0171_S4_strategy2.npz,0-253,DRINK,DRINK,TP
continuous_0171_S4_strategy2.npz,253-381,RELATIONSHIPS,FOOD,FP
continuous_0171_S4_strategy2.npz,381-507,FOOD,FOOD,TP
continuous_0171_S4_strategy2.npz,507-634,GREETING,GREETING,TP
continuous_0171_S4_strategy2.npz,634-762,COLOR,GREETING,FP
continuous_0171_S4_strategy2.npz,128-255,CALENDAR,-,FN
continuous_0171_S4_strategy2.npz,255-381,RELATIONSHIPS,FOOD,FN
continuous_0171_S4_strategy2.npz,636-762,COLOR,GREETING,FN
continuous_0172_S4_strategy2.npz,0-129,GREETING,GREETING,TP
continuous_0172_S4_strategy2.npz,129-258,-,COLOR,FP
continuous_0172_S4_strategy2.npz,258-388,-,COLOR,FP
continuous_0172_S4_strategy2.npz,388-517,-,FOOD,FP
continuous_0172_S4_strategy2.npz,517-648,-,CALENDAR,FP
continuous_0172_S4_strategy2.npz,648-777,-,FOOD,FP
continuous_0172_S4_strategy2.npz,125-252,COLOR,-,FN
continuous_0172_S4_strategy2.npz,252-378,SURVIVAL,-,FN
continuous_0172_S4_strategy2.npz,378-526,CALENDAR,-,FN
continuous_0172_S4_strategy2.npz,526-650,DRINK,-,FN
continuous_0172_S4_strategy2.npz,650-777,FAMILY,-,FN
continuous_0173_S4_strategy2.npz,0-109,FAMILY,FAMILY,TP
continuous_0173_S4_strategy2.npz,109-220,-,GREETING,FP
continuous_0173_S4_strategy2.npz,220-552,GREETING,GREETING,TP
continuous_0173_S4_strategy2.npz,552-663,DAYS,FAMILY,FP
continuous_0173_S4_strategy2.npz,663-774,FOOD,GREETING,FP
continuous_0173_S4_strategy2.npz,774-885,RELATIONSHIPS,FOOD,FP
continuous_0173_S4_strategy2.npz,125-252,SURVIVAL,-,FN
continuous_0173_S4_strategy2.npz,376-499,CALENDAR,-,FN
continuous_0173_S4_strategy2.npz,499-626,DAYS,FAMILY,FN
continuous_0173_S4_strategy2.npz,626-754,FOOD,GREETING,FN
continuous_0173_S4_strategy2.npz,754-885,RELATIONSHIPS,FOOD,FN
continuous_0174_S4_strategy2.npz,0-126,DAYS,DAYS,TP
continuous_0174_S4_strategy2.npz,126-252,-,DRINK,FP
continuous_0174_S4_strategy2.npz,252-379,-,CALENDAR,FP
continuous_0174_S4_strategy2.npz,379-505,-,CALENDAR,FP
continuous_0174_S4_strategy2.npz,505-633,FAMILY,FAMILY,TP
continuous_0174_S4_strategy2.npz,633-759,FOOD,FOOD,TP
continuous_0174_S4_strategy2.npz,759-886,-,RELATIONSHIPS,FP
continuous_0174_S4_strategy2.npz,125-253,GREETING,-,FN
continuous_0174_S4_strategy2.npz,253-372,DRINK,-,FN
continuous_0174_S4_strategy2.npz,372-501,CALENDAR,-,FN
continuous_0174_S4_strategy2.npz,759-886,RELATIONSHIPS,-,FN
continuous_0175_S4_strategy2.npz,0-114,FOOD,FOOD,TP
continuous_0175_S4_strategy2.npz,114-231,DRINK,DRINK,TP
continuous_0175_S4_strategy2.npz,231-345,CALENDAR,CALENDAR,TP
continuous_0175_S4_strategy2.npz,345-462,GREETING,GREETING,TP
continuous_0175_S4_strategy2.npz,462-693,COLOR,GREETING,FP
continuous_0175_S4_strategy2.npz,693-807,-,DAYS,FP
continuous_0175_S4_strategy2.npz,807-924,RELATIONSHIPS,FAMILY,FP
continuous_0175_S4_strategy2.npz,668-794,DAYS,-,FN
continuous_0175_S4_strategy2.npz,539-668,COLOR,GREETING,FN
continuous_0175_S4_strategy2.npz,794-923,RELATIONSHIPS,FAMILY,FN
continuous_0176_S4_strategy2.npz,0-111,FOOD,FOOD,TP
continuous_0176_S4_strategy2.npz,111-223,-,DAYS,FP
continuous_0176_S4_strategy2.npz,223-336,RELATIONSHIPS,RELATIONSHIPS,TP
continuous_0176_S4_strategy2.npz,336-448,SURVIVAL,SURVIVAL,TP
continuous_0176_S4_strategy2.npz,448-561,-,CALENDAR,FP
continuous_0176_S4_strategy2.npz,561-673,-,FOOD,FP
continuous_0176_S4_strategy2.npz,673-786,-,GREETING,FP
continuous_0176_S4_strategy2.npz,786-898,FAMILY,DRINK,FP
continuous_0176_S4_strategy2.npz,127-255,DAYS,-,FN
continuous_0176_S4_strategy2.npz,507-638,COLOR,-,FN
continuous_0176_S4_strategy2.npz,638-771,DRINK,-,FN
continuous_0176_S4_strategy2.npz,771-898,FAMILY,DRINK,FN
continuous_0177_S4_strategy2.npz,0-153,-,CALENDAR,FP
continuous_0177_S4_strategy2.npz,153-307,RELATIONSHIPS,RELATIONSHIPS,TP
continuous_0177_S4_strategy2.npz,307-615,-,SURVIVAL,FP
continuous_0177_S4_strategy2.npz,615-769,DRINK,FOOD,FP
continuous_0177_S4_strategy2.npz,769-924,DAYS,FOOD,FP
continuous_0177_S4_strategy2.npz,0-159,CALENDAR,-,FN
continuous_0177_S4_strategy2.npz,289-415,SURVIVAL,-,FN
continuous_0177_S4_strategy2.npz,415-543,FOOD,-,FN
continuous_0177_S4_strategy2.npz,801-923,FAMILY,-,FN
continuous_0177_S4_strategy2.npz,543-674,DRINK,FOOD,FN
continuous_0177_S4_strategy2.npz,674-801,DAYS,FOOD,FN
continuous_0178_S4_strategy2.npz,0-150,DAYS,DAYS,TP
continuous_0178_S4_strategy2.npz,150-301,FOOD,FOOD,TP
continuous_0178_S4_strategy2.npz,301-453,GREETING,GREETING,TP
continuous_0178_S4_strategy2.npz,453-604,DRINK,DRINK,TP
continuous_0178_S4_strategy2.npz,604-756,SURVIVAL,SURVIVAL,TP
continuous_0178_S4_strategy2.npz,629-756,FAMILY,-,FN
continuous_0179_S4_strategy2.npz,0-129,COLOR,COLOR,TP
continuous_0179_S4_strategy2.npz,129-258,DAYS,DAYS,TP
continuous_0179_S4_strategy2.npz,258-387,DRINK,DAYS,FP
continuous_0179_S4_strategy2.npz,387-516,FOOD,FOOD,TP
continuous_0179_S4_strategy2.npz,516-645,RELATIONSHIPS,FOOD,FP
continuous_0179_S4_strategy2.npz,645-903,GREETING,GREETING,TP
continuous_0179_S4_strategy2.npz,784-902,CALENDAR,-,FN
continuous_0179_S4_strategy2.npz,257-379,DRINK,DAYS,FN
continuous_0179_S4_strategy2.npz,507-653,RELATIONSHIPS,FOOD,FN
continuous_0180_S4_strategy2.npz,0-192,DRINK,FOOD,FP
continuous_0180_S4_strategy2.npz,192-384,-,GREETING,FP
continuous_0180_S4_strategy2.npz,384-576,-,FAMILY,FP
continuous_0180_S4_strategy2.npz,576-768,GREETING,GREETING,TP
continuous_0180_S4_strategy2.npz,0-126,FAMILY,-,FN
continuous_0180_S4_strategy2.npz,255-384,SURVIVAL,-,FN
continuous_0180_S4_strategy2.npz,384-511,RELATIONSHIPS,-,FN
continuous_0180_S4_strategy2.npz,511-639,COLOR,-,FN
continuous_0180_S4_strategy2.npz,126-255,DRINK,FOOD,FN
continuous_0181_S4_strategy2.npz,0-111,DAYS,DAYS,TP
continuous_0181_S4_strategy2.npz,111-222,SURVIVAL,GREETING,FP
continuous_0181_S4_strategy2.npz,222-333,DRINK,DRINK,TP
continuous_0181_S4_strategy2.npz,333-444,-,FOOD,FP
continuous_0181_S4_strategy2.npz,444-555,-,CALENDAR,FP
continuous_0181_S4_strategy2.npz,555-666,-,CALENDAR,FP
continuous_0181_S4_strategy2.npz,666-778,GREETING,GREETING,TP
continuous_0181_S4_strategy2.npz,373-506,FAMILY,-,FN
continuous_0181_S4_strategy2.npz,506-649,CALENDAR,-,FN
continuous_0181_S4_strategy2.npz,125-250,SURVIVAL,GREETING,FN
continuous_0182_S4_strategy2.npz,0-127,-,GREETING,FP
continuous_0182_S4_strategy2.npz,127-256,-,DRINK,FP
continuous_0182_S4_strategy2.npz,256-385,FAMILY,FAMILY,TP
continuous_0182_S4_strategy2.npz,385-642,RELATIONSHIPS,GREETING,FP
continuous_0182_S4_strategy2.npz,642-771,-,COLOR,FP
continuous_0182_S4_strategy2.npz,771-900,GREETING,GREETING,TP
continuous_0182_S4_strategy2.npz,0-129,SURVIVAL,-,FN
continuous_0182_S4_strategy2.npz,129-260,DRINK,-,FN
continuous_0182_S4_strategy2.npz,513-643,COLOR,-,FN
continuous_0182_S4_strategy2.npz,643-774,DAYS,-,FN
continuous_0182_S4_strategy2.npz,382-513,RELATIONSHIPS,GREETING,FN
continuous_0183_S4_strategy2.npz,0-111,GREETING,GREETING,TP
continuous_0183_S4_strategy2.npz,111-337,COLOR,GREETING,FP
continuous_0183_S4_strategy2.npz,337-564,DRINK,DRINK,TP
continuous_0183_S4_strategy2.npz,564-676,-,RELATIONSHIPS,FP
continuous_0183_S4_strategy2.npz,676-789,SURVIVAL,SURVIVAL,TP
continuous_0183_S4_strategy2.npz,789-903,DAYS,DAYS,TP
continuous_0183_S4_strategy2.npz,258-384,CALENDAR,-,FN
continuous_0183_S4_strategy2.npz,513-643,RELATIONSHIPS,-,FN
continuous_0183_S4_strategy2.npz,125-258,COLOR,GREETING,FN
continuous_0184_S4_strategy2.npz,0-148,DRINK,DRINK,TP
continuous_0184_S4_strategy2.npz,148-297,GREETING,GREETING,TP
continuous_0184_S4_strategy2.npz,297-447,RELATIONSHIPS,COLOR,FP
continuous_0184_S4_strategy2.npz,447-595,SURVIVAL,SURVIVAL,TP
continuous_0184_S4_strategy2.npz,595-744,CALENDAR,CALENDAR,TP
continuous_0184_S4_strategy2.npz,744-894,COLOR,COLOR,TP
continuous_0184_S4_strategy2.npz,641-763,FAMILY,-,FN
continuous_0184_S4_strategy2.npz,258-384,RELATIONSHIPS,COLOR,FN
continuous_0185_S4_strategy2.npz,0-153,FAMILY,FAMILY,TP
continuous_0185_S4_strategy2.npz,153-306,SURVIVAL,GREETING,FP
continuous_0185_S4_strategy2.npz,306-459,RELATIONSHIPS,FOOD,FP
continuous_0185_S4_strategy2.npz,459-612,DRINK,DRINK,TP
continuous_0185_S4_strategy2.npz,612-765,-,CALENDAR,FP
continuous_0185_S4_strategy2.npz,253-389,GREETING,-,FN
continuous_0185_S4_strategy2.npz,643-765,CALENDAR,-,FN
continuous_0185_S4_strategy2.npz,125-253,SURVIVAL,GREETING,FN
continuous_0185_S4_strategy2.npz,389-516,RELATIONSHIPS,FOOD,FN
continuous_0186_S4_strategy2.npz,0-99,CALENDAR,CALENDAR,TP
continuous_0186_S4_strategy2.npz,99-198,FAMILY,FAMILY,TP
continuous_0186_S4_strategy2.npz,198-396,RELATIONSHIPS,FAMILY,FP
continuous_0186_S4_strategy2.npz,396-594,COLOR,COLOR,TP
continuous_0186_S4_strategy2.npz,594-693,DAYS,DAYS,TP
continuous_0186_S4_strategy2.npz,693-792,DRINK,DRINK,TP
continuous_0186_S4_strategy2.npz,792-891,GREETING,GREETING,TP
continuous_0186_S4_strategy2.npz,260-388,RELATIONSHIPS,FAMILY,FN
continuous_0187_S4_strategy2.npz,0-108,RELATIONSHIPS,GREETING,FP
continuous_0187_S4_strategy2.npz,108-216,CALENDAR,CALENDAR,TP
continuous_0187_S4_strategy2.npz,216-325,-,CALENDAR,FP
continuous_0187_S4_strategy2.npz,325-435,GREETING,GREETING,TP
continuous_0187_S4_strategy2.npz,435-543,-,GREETING,FP
continuous_0187_S4_strategy2.npz,543-652,SURVIVAL,GREETING,FP
continuous_0187_S4_strategy2.npz,652-762,DAYS,FOOD,FP
continuous_0187_S4_strategy2.npz,762-870,DRINK,FAMILY,FP
continuous_0187_S4_strategy2.npz,372-492,FAMILY,-,FN
continuous_0187_S4_strategy2.npz,0-128,RELATIONSHIPS,GREETING,FN
continuous_0187_S4_strategy2.npz,492-618,SURVIVAL,GREETING,FN
continuous_0187_S4_strategy2.npz,618-743,DAYS,FOOD,FN
continuous_0187_S4_strategy2.npz,743-871,DRINK,FAMILY,FN
continuous_0188_S4_strategy2.npz,157-316,RELATIONSHIPS,RELATIONSHIPS,TP
continuous_0188_S4_strategy2.npz,316-474,FAMILY,FAMILY,TP
continuous_0188_S4_strategy2.npz,474-633,CALENDAR,CALENDAR,TP
continuous_0188_S4_strategy2.npz,633-792,DRINK,NUMBER,FP
continuous_0188_S4_strategy2.npz,0-126,DAYS,-,FN
continuous_0188_S4_strategy2.npz,257-403,SURVIVAL,-,FN
continuous_0188_S4_strategy2.npz,659-792,DRINK,NUMBER,FN
continuous_0189_S4_strategy2.npz,0-126,SURVIVAL,GREETING,FP
continuous_0189_S4_strategy2.npz,126-252,-,DRINK,FP
continuous_0189_S4_strategy2.npz,252-378,-,CALENDAR,FP
continuous_0189_S4_strategy2.npz,378-504,FAMILY,FAMILY,TP
continuous_0189_S4_strategy2.npz,504-630,DAYS,DAYS,TP
continuous_0189_S4_strategy2.npz,630-756,COLOR,CALENDAR,FP
continuous_0189_S4_strategy2.npz,756-882,GREETING,GREETING,TP
continuous_0189_S4_strategy2.npz,126-251,DRINK,-,FN
continuous_0189_S4_strategy2.npz,251-355,CALENDAR,-,FN
continuous_0189_S4_strategy2.npz,0-126,SURVIVAL,GREETING,FN
continuous_0189_S4_strategy2.npz,619-757,COLOR,CALENDAR,FN
continuous_0190_S4_strategy2.npz,0-126,FAMILY,FAMILY,TP
continuous_0190_S4_strategy2.npz,126-252,-,COLOR,FP
continuous_0190_S4_strategy2.npz,252-505,SURVIVAL,COLOR,FP
continuous_0190_S4_strategy2.npz,505-633,GREETING,GREETING,TP
continuous_0190_S4_strategy2.npz,633-759,DAYS,DAYS,TP
continuous_0190_S4_strategy2.npz,759-886,RELATIONSHIPS,RELATIONSHIPS,TP
continuous_0190_S4_strategy2.npz,126-253,COLOR,-,FN
continuous_0190_S4_strategy2.npz,362-495,DRINK,-,FN
continuous_0190_S4_strategy2.npz,253-362,SURVIVAL,COLOR,FN
continuous_0191_S4_strategy2.npz,0-112,RELATIONSHIPS,RELATIONSHIPS,TP
continuous_0191_S4_strategy2.npz,112-225,FAMILY,RELATIONSHIPS,FP
continuous_0191_S4_strategy2.npz,225-339,-,DAYS,FP
continuous_0191_S4_strategy2.npz,339-453,COLOR,FAMILY,FP
continuous_0191_S4_strategy2.npz,453-565,-,CALENDAR,FP
continuous_0191_S4_strategy2.npz,565-792,SURVIVAL,GREETING,FP
continuous_0191_S4_strategy2.npz,792-906,GREETING,GREETING,TP
continuous_0191_S4_strategy2.npz,258-387,DAYS,-,FN
continuous_0191_S4_strategy2.npz,515-640,CALENDAR,-,FN
continuous_0191_S4_strategy2.npz,137-258,FAMILY,RELATIONSHIPS,FN
continuous_0191_S4_strategy2.npz,387-515,COLOR,FAMILY,FN
continuous_0191_S4_strategy2.npz,640-768,SURVIVAL,GREETING,FN
continuous_0192_S4_strategy2.npz,0-216,RELATIONSHIPS,RELATIONSHIPS,TP
continuous_0192_S4_strategy2.npz,216-325,GREETING,GREETING,TP
continuous_0192_S4_strategy2.npz,325-435,-,FOOD,FP
continuous_0192_S4_strategy2.npz,435-652,CALENDAR,CALENDAR,TP
continuous_0192_S4_strategy2.npz,652-762,-,FAMILY,FP
continuous_0192_S4_strategy2.npz,124-256,SURVIVAL,-,FN
continuous_0192_S4_strategy2.npz,379-510,COLOR,-,FN
continuous_0192_S4_strategy2.npz,636-761,FAMILY,-,FN
continuous_0193_S4_strategy2.npz,0-147,COLOR,FOOD,FP
continuous_0193_S4_strategy2.npz,147-294,CALENDAR,CALENDAR,TP
continuous_0193_S4_strategy2.npz,294-441,CALENDAR,CALENDAR,TP
continuous_0193_S4_strategy2.npz,441-736,CALENDAR,CALENDAR,TP
continuous_0193_S4_strategy2.npz,736-885,SURVIVAL,SURVIVAL,TP
continuous_0193_S4_strategy2.npz,507-635,CALENDAR,-,FN
continuous_0193_S4_strategy2.npz,635-756,CALENDAR,-,FN
continuous_0193_S4_strategy2.npz,0-133,COLOR,FOOD,FN
continuous_0194_S4_strategy2.npz,97-195,-,GREETING,FP
continuous_0194_S4_strategy2.npz,195-391,DAYS,FOOD,FP
continuous_0194_S4_strategy2.npz,391-489,-,DAYS,FP
continuous_0194_S4_strategy2.npz,489-588,RELATIONSHIPS,RELATIONSHIPS,TP
continuous_0194_S4_strategy2.npz,588-685,FAMILY,RELATIONSHIPS,FP
continuous_0194_S4_strategy2.npz,685-784,-,CALENDAR,FP
continuous_0194_S4_strategy2.npz,0-126,SURVIVAL,-,FN
continuous_0194_S4_strategy2.npz,254-381,COLOR,-,FN
continuous_0194_S4_strategy2.npz,652-784,CALENDAR,-,FN
continuous_0194_S4_strategy2.npz,126-254,DAYS,FOOD,FN
continuous_0194_S4_strategy2.npz,527-652,FAMILY,RELATIONSHIPS,FN
continuous_0195_S4_strategy2.npz,0-99,FAMILY,FAMILY,TP
continuous_0195_S4_strategy2.npz,99-600,FAMILY,FAMILY,TP
continuous_0195_S4_strategy2.npz,600-699,-,FOOD,FP
continuous_0195_S4_strategy2.npz,699-799,RELATIONSHIPS,RELATIONSHIPS,TP
continuous_0195_S4_strategy2.npz,799-900,CALENDAR,CALENDAR,TP
continuous_0195_S4_strategy2.npz,257-387,COLOR,-,FN
continuous_0195_S4_strategy2.npz,387-513,CALENDAR,-,FN
continuous_0195_S4_strategy2.npz,513-651,COLOR,-,FN
continuous_0196_S4_strategy2.npz,0-129,-,FAMILY,FP
continuous_0196_S4_strategy2.npz,129-258,-,CALENDAR,FP
continuous_0196_S4_strategy2.npz,258-387,COLOR,FOOD,FP
continuous_0196_S4_strategy2.npz,387-517,CALENDAR,CALENDAR,TP
continuous_0196_S4_strategy2.npz,517-646,COLOR,FOOD,FP
continuous_0196_S4_strategy2.npz,646-906,SURVIVAL,SURVIVAL,TP
continuous_0196_S4_strategy2.npz,0-130,FAMILY,-,FN
continuous_0196_S4_strategy2.npz,130-256,CALENDAR,-,FN
continuous_0196_S4_strategy2.npz,776-906,CALENDAR,-,FN
continuous_0196_S4_strategy2.npz,256-399,COLOR,FOOD,FN
continuous_0196_S4_strategy2.npz,522-656,COLOR,FOOD,FN
continuous_0197_S4_strategy2.npz,0-126,COLOR,COLOR,TP
continuous_0197_S4_strategy2.npz,126-253,-,GREETING,FP
continuous_0197_S4_strategy2.npz,253-381,DAYS,NUMBER,FP
continuous_0197_S4_strategy2.npz,381-508,FAMILY,FAMILY,TP
continuous_0197_S4_strategy2.npz,508-763,RELATIONSHIPS,RELATIONSHIPS,TP
continuous_0197_S4_strategy2.npz,127-251,SURVIVAL,-,FN
continuous_0197_S4_strategy2.npz,633-763,CALENDAR,-,FN
continuous_0197_S4_strategy2.npz,251-371,DAYS,NUMBER,FN
continuous_0198_S4_strategy2.npz,0-150,COLOR,COLOR,TP
continuous_0198_S4_strategy2.npz,150-303,COLOR,COLOR,TP
continuous_0198_S4_strategy2.npz,303-454,COLOR,COLOR,TP
continuous_0198_S4_strategy2.npz,454-606,-,GREETING,FP
continuous_0198_S4_strategy2.npz,606-757,FAMILY,FAMILY,TP
continuous_0198_S4_strategy2.npz,757-909,COLOR,COLOR,TP
continuous_0198_S4_strategy2.npz,398-523,SURVIVAL,-,FN
continuous_0198_S4_strategy2.npz,779-909,CALENDAR,-,FN
continuous_0199_S4_strategy2.npz,0-255,-,RELATIONSHIPS,FP
continuous_0199_S4_strategy2.npz,255-384,COLOR,COLOR,TP
continuous_0199_S4_strategy2.npz,384-513,FAMILY,FAMILY,TP
continuous_0199_S4_strategy2.npz,513-642,COLOR,DAYS,FP
continuous_0199_S4_strategy2.npz,642-769,FAMILY,FAMILY,TP
continuous_0199_S4_strategy2.npz,769-897,COLOR,COLOR,TP
continuous_0199_S4_strategy2.npz,0-129,COLOR,-,FN
continuous_0199_S4_strategy2.npz,129-254,DAYS,-,FN
continuous_0199_S4_strategy2.npz,517-646,COLOR,DAYS,FN
continuous_0200_S4_strategy2.npz,0-153,RELATIONSHIPS,RELATIONSHIPS,TP
continuous_0200_S4_strategy2.npz,153-306,FAMILY,FAMILY,TP
continuous_0200_S4_strategy2.npz,306-459,DAYS,GREETING,FP
continuous_0200_S4_strategy2.npz,459-612,CALENDAR,CALENDAR,TP
continuous_0200_S4_strategy2.npz,612-765,COLOR,FAMILY,FP
continuous_0200_S4_strategy2.npz,641-767,SURVIVAL,-,FN
continuous_0200_S4_strategy2.npz,256-373,DAYS,GREETING,FN
continuous_0200_S4_strategy2.npz,502-641,COLOR,FAMILY,FN
continuous_0201_S4_strategy2.npz,0-111,SURVIVAL,GREETING,FP
continuous_0201_S4_strategy2.npz,111-223,CALENDAR,CALENDAR,TP
continuous_0201_S4_strategy2.npz,223-336,CALENDAR,CALENDAR,TP
continuous_0201_S4_strategy2.npz,336-559,CALENDAR,CALENDAR,TP
continuous_0201_S4_strategy2.npz,559-672,CALENDAR,CALENDAR,TP
continuous_0201_S4_strategy2.npz,672-783,COLOR,FAMILY,FP
continuous_0201_S4_strategy2.npz,783-895,CALENDAR,CALENDAR,TP
continuous_0201_S4_strategy2.npz,0-127,SURVIVAL,GREETING,FN
continuous_0201_S4_strategy2.npz,639-775,COLOR,FAMILY,FN
continuous_0202_S4_strategy2.npz,0-174,-,CALENDAR,FP
continuous_0202_S4_strategy2.npz,174-349,COLOR,FOOD,FP
continuous_0202_S4_strategy2.npz,349-525,-,COLOR,FP
continuous_0202_S4_strategy2.npz,525-699,COLOR,FAMILY,FP
continuous_0202_S4_strategy2.npz,699-874,FAMILY,FOOD,FP
continuous_0202_S4_strategy2.npz,0-129,COLOR,-,FN
continuous_0202_S4_strategy2.npz,129-256,CALENDAR,-,FN
continuous_0202_S4_strategy2.npz,383-508,FAMILY,-,FN
continuous_0202_S4_strategy2.npz,642-749,SURVIVAL,-,FN
continuous_0202_S4_strategy2.npz,256-383,COLOR,FOOD,FN
continuous_0202_S4_strategy2.npz,508-642,COLOR,FAMILY,FN
continuous_0202_S4_strategy2.npz,749-874,FAMILY,FOOD,FN
continuous_0203_S4_strategy2.npz,0-99,COLOR,CALENDAR,FP
continuous_0203_S4_strategy2.npz,99-198,SURVIVAL,COLOR,FP
continuous_0203_S4_strategy2.npz,198-297,-,CALENDAR,FP
continuous_0203_S4_strategy2.npz,297-496,COLOR,COLOR,TP
continuous_0203_S4_strategy2.npz,496-595,-,COLOR,FP
continuous_0203_S4_strategy2.npz,595-696,-,CALENDAR,FP
continuous_0203_S4_strategy2.npz,696-894,COLOR,COLOR,TP
continuous_0203_S4_strategy2.npz,253-381,CALENDAR,-,FN
continuous_0203_S4_strategy2.npz,511-643,COLOR,-,FN
continuous_0203_S4_strategy2.npz,773-894,CALENDAR,-,FN
continuous_0203_S4_strategy2.npz,0-127,COLOR,CALENDAR,FN
continuous_0203_S4_strategy2.npz,127-253,SURVIVAL,COLOR,FN
continuous_0204_S4_strategy2.npz,153-307,-,SURVIVAL,FP
continuous_0204_S4_strategy2.npz,307-462,COLOR,COLOR,TP
continuous_0204_S4_strategy2.npz,462-615,CALENDAR,CALENDAR,TP
continuous_0204_S4_strategy2.npz,615-769,-,GREETING,FP
continuous_0204_S4_strategy2.npz,769-924,COLOR,GREETING,FP
continuous_0204_S4_strategy2.npz,0-134,CALENDAR,-,FN
continuous_0204_S4_strategy2.npz,134-262,SURVIVAL,-,FN
continuous_0204_S4_strategy2.npz,405-536,COLOR,-,FN
continuous_0204_S4_strategy2.npz,663-793,SURVIVAL,-,FN
continuous_0204_S4_strategy2.npz,793-923,COLOR,GREETING,FN
continuous_0205_S4_strategy2.npz,0-204,CALENDAR,CALENDAR,TP
continuous_0205_S4_strategy2.npz,204-408,COLOR,COLOR,TP
continuous_0205_S4_strategy2.npz,408-510,FAMILY,FAMILY,TP
continuous_0205_S4_strategy2.npz,510-612,-,FAMILY,FP
continuous_0205_S4_strategy2.npz,612-816,COLOR,COLOR,TP
continuous_0205_S4_strategy2.npz,816-919,COLOR,FOOD,FP
continuous_0205_S4_strategy2.npz,125-259,COLOR,-,FN
continuous_0205_S4_strategy2.npz,649-787,CALENDAR,-,FN
continuous_0205_S4_strategy2.npz,787-919,COLOR,FOOD,FN
continuous_0206_S4_strategy2.npz,0-193,FAMILY,FAMILY,TP
continuous_0206_S4_strategy2.npz,193-387,COLOR,FAMILY,FP
continuous_0206_S4_strategy2.npz,129-257,CALENDAR,-,FN
continuous_0206_S4_strategy2.npz,257-387,COLOR,FAMILY,FN
continuous_0207_S4_strategy2.npz,0-138,COLOR,COLOR,TP
continuous_0208_S5_strategy2.npz,0-130,GREETING,GREETING,TP
continuous_0208_S5_strategy2.npz,130-262,-,DAYS,FP
continuous_0208_S5_strategy2.npz,262-525,SURVIVAL,SURVIVAL,TP
continuous_0208_S5_strategy2.npz,525-657,FAMILY,FAMILY,TP
continuous_0208_S5_strategy2.npz,657-789,DRINK,FOOD,FP
continuous_0208_S5_strategy2.npz,789-921,FOOD,FOOD,TP
continuous_0208_S5_strategy2.npz,144-268,CALENDAR,-,FN
continuous_0208_S5_strategy2.npz,268-395,DAYS,-,FN
continuous_0208_S5_strategy2.npz,663-791,DRINK,FOOD,FN
continuous_0209_S5_strategy2.npz,0-177,GREETING,GREETING,TP
continuous_0209_S5_strategy2.npz,177-355,-,FAMILY,FP
continuous_0209_S5_strategy2.npz,355-534,-,DAYS,FP
continuous_0209_S5_strategy2.npz,534-711,FOOD,FOOD,TP
continuous_0209_S5_strategy2.npz,711-889,SURVIVAL,SURVIVAL,TP
continuous_0209_S5_strategy2.npz,0-121,RELATIONSHIPS,-,FN
continuous_0209_S5_strategy2.npz,249-377,DRINK,-,FN
continuous_0209_S5_strategy2.npz,377-504,FAMILY,-,FN
continuous_0209_S5_strategy2.npz,504-631,DAYS,-,FN
continuous_0210_S5_strategy2.npz,0-300,CALENDAR,CALENDAR,TP
continuous_0210_S5_strategy2.npz,300-450,FOOD,FOOD,TP
continuous_0210_S5_strategy2.npz,450-600,DRINK,DRINK,TP
continuous_0210_S5_strategy2.npz,600-750,SURVIVAL,SURVIVAL,TP
continuous_0210_S5_strategy2.npz,750-900,GREETING,GREETING,TP
continuous_0210_S5_strategy2.npz,0-126,DAYS,-,FN
continuous_0210_S5_strategy2.npz,382-509,RELATIONSHIPS,-,FN
continuous_0211_S5_strategy2.npz,0-148,-,GREETING,FP
continuous_0211_S5_strategy2.npz,148-447,-,GREETING,FP
continuous_0211_S5_strategy2.npz,447-597,DRINK,FOOD,FP
continuous_0211_S5_strategy2.npz,597-747,-,COLOR,FP
continuous_0211_S5_strategy2.npz,0-117,DAYS,-,FN
continuous_0211_S5_strategy2.npz,117-244,FOOD,-,FN
continuous_0211_S5_strategy2.npz,244-366,GREETING,-,FN
continuous_0211_S5_strategy2.npz,366-490,NUMBER,-,FN
continuous_0211_S5_strategy2.npz,617-745,COLOR,-,FN
continuous_0211_S5_strategy2.npz,490-617,DRINK,FOOD,FN
continuous_0212_S5_strategy2.npz,0-180,RELATIONSHIPS,RELATIONSHIPS,TP
continuous_0212_S5_strategy2.npz,180-360,-,CALENDAR,FP
continuous_0212_S5_strategy2.npz,360-540,DAYS,DAYS,TP
continuous_0212_S5_strategy2.npz,540-720,COLOR,FOOD,FP
continuous_0212_S5_strategy2.npz,720-901,FAMILY,FAMILY,TP
continuous_0212_S5_strategy2.npz,128-256,NUMBER,-,FN
continuous_0212_S5_strategy2.npz,256-385,CALENDAR,-,FN
continuous_0212_S5_strategy2.npz,513-641,SURVIVAL,-,FN
continuous_0212_S5_strategy2.npz,641-769,COLOR,FOOD,FN
continuous_0213_S5_strategy2.npz,0-126,FOOD,FOOD,TP
continuous_0213_S5_strategy2.npz,126-253,SURVIVAL,SURVIVAL,TP
continuous_0213_S5_strategy2.npz,253-381,-,RELATIONSHIPS,FP
continuous_0213_S5_strategy2.npz,381-634,DRINK,FOOD,FP
continuous_0213_S5_strategy2.npz,634-762,-,COLOR,FP
continuous_0213_S5_strategy2.npz,254-376,CALENDAR,-,FN
continuous_0213_S5_strategy2.npz,376-503,RELATIONSHIPS,-,FN
continuous_0213_S5_strategy2.npz,631-758,COLOR,-,FN
continuous_0213_S5_strategy2.npz,503-631,DRINK,FOOD,FN
continuous_0214_S5_strategy2.npz,0-109,CALENDAR,CALENDAR,TP
continuous_0214_S5_strategy2.npz,109-220,-,CALENDAR,FP
continuous_0214_S5_strategy2.npz,220-330,COLOR,COLOR,TP
continuous_0214_S5_strategy2.npz,330-441,RELATIONSHIPS,COLOR,FP
continuous_0214_S5_strategy2.npz,441-552,FOOD,FOOD,TP
continuous_0214_S5_strategy2.npz,552-663,GREETING,GREETING,TP
continuous_0214_S5_strategy2.npz,663-774,FAMILY,FAMILY,TP
continuous_0214_S5_strategy2.npz,254-383,RELATIONSHIPS,COLOR,FN
continuous_0215_S5_strategy2.npz,0-177,FOOD,FOOD,TP
continuous_0215_S5_strategy2.npz,177-357,GREETING,GREETING,TP
continuous_0215_S5_strategy2.npz,357-534,-,FAMILY,FP
continuous_0215_S5_strategy2.npz,534-714,CALENDAR,CALENDAR,TP
continuous_0215_S5_strategy2.npz,714-892,COLOR,COLOR,TP
continuous_0215_S5_strategy2.npz,0-127,SURVIVAL,-,FN
continuous_0215_S5_strategy2.npz,380-507,FAMILY,-,FN
continuous_0215_S5_strategy2.npz,635-762,NUMBER,-,FN
continuous_0216_S5_strategy2.npz,0-153,NUMBER,NUMBER,TP
continuous_0216_S5_strategy2.npz,153-306,CALENDAR,CALENDAR,TP
continuous_0216_S5_strategy2.npz,306-615,DRINK,FOOD,FP
continuous_0216_S5_strategy2.npz,615-768,FAMILY,FAMILY,TP
continuous_0216_S5_strategy2.npz,382-506,DAYS,-,FN
continuous_0216_S5_strategy2.npz,634-766,GREETING,-,FN
continuous_0216_S5_strategy2.npz,254-382,DRINK,FOOD,FN
continuous_0217_S5_strategy2.npz,0-376,FOOD,GREETING,FP
continuous_0217_S5_strategy2.npz,376-565,-,COLOR,FP
continuous_0217_S5_strategy2.npz,565-754,SURVIVAL,GREETING,FP
continuous_0217_S5_strategy2.npz,0-125,DAYS,-,FN
continuous_0217_S5_strategy2.npz,248-376,COLOR,-,FN
continuous_0217_S5_strategy2.npz,376-497,NUMBER,-,FN
continuous_0217_S5_strategy2.npz,497-625,DRINK,-,FN
continuous_0217_S5_strategy2.npz,125-248,FOOD,GREETING,FN
continuous_0217_S5_strategy2.npz,625-752,SURVIVAL,GREETING,FN
continuous_0218_S5_strategy2.npz,0-150,-,FAMILY,FP
continuous_0218_S5_strategy2.npz,150-451,FOOD,COLOR,FP
continuous_0218_S5_strategy2.npz,451-753,GREETING,GREETING,TP
continuous_0218_S5_strategy2.npz,753-904,SURVIVAL,SURVIVAL,TP
continuous_0218_S5_strategy2.npz,0-127,COLOR,-,FN
continuous_0218_S5_strategy2.npz,127-253,DAYS,-,FN
continuous_0218_S5_strategy2.npz,381-508,NUMBER,-,FN
continuous_0218_S5_strategy2.npz,652-773,DRINK,-,FN
continuous_0218_S5_strategy2.npz,253-381,FOOD,COLOR,FN
continuous_0219_S5_strategy2.npz,0-225,DAYS,DAYS,TP
continuous_0219_S5_strategy2.npz,225-450,GREETING,GREETING,TP
continuous_0219_S5_strategy2.npz,450-675,-,SURVIVAL,FP
continuous_0219_S5_strategy2.npz,675-900,CALENDAR,CALENDAR,TP
continuous_0219_S5_strategy2.npz,260-387,FAMILY,-,FN
continuous_0219_S5_strategy2.npz,387-515,DRINK,-,FN
continuous_0219_S5_strategy2.npz,515-642,RELATIONSHIPS,-,FN
continuous_0219_S5_strategy2.npz,642-769,SURVIVAL,-,FN
continuous_0220_S5_strategy2.npz,0-153,DAYS,FAMILY,FP
continuous_0220_S5_strategy2.npz,153-307,FOOD,FOOD,TP
continuous_0220_S5_strategy2.npz,307-462,CALENDAR,CALENDAR,TP
continuous_0220_S5_strategy2.npz,462-615,SURVIVAL,GREETING,FP
continuous_0220_S5_strategy2.npz,615-769,COLOR,COLOR,TP
continuous_0220_S5_strategy2.npz,383-510,RELATIONSHIPS,-,FN
continuous_0220_S5_strategy2.npz,0-128,DAYS,FAMILY,FN
continuous_0220_S5_strategy2.npz,510-638,SURVIVAL,GREETING,FN
continuous_0221_S5_strategy2.npz,0-127,COLOR,FOOD,FP
continuous_0221_S5_strategy2.npz,127-256,FAMILY,COLOR,FP
continuous_0221_S5_strategy2.npz,256-384,DRINK,DRINK,TP
continuous_0221_S5_strategy2.npz,384-513,CALENDAR,CALENDAR,TP
continuous_0221_S5_strategy2.npz,513-642,-,NUMBER,FP
continuous_0221_S5_strategy2.npz,642-771,RELATIONSHIPS,RELATIONSHIPS,TP
continuous_0221_S5_strategy2.npz,512-640,NUMBER,-,FN
continuous_0221_S5_strategy2.npz,0-128,COLOR,FOOD,FN
continuous_0221_S5_strategy2.npz,128-255,FAMILY,COLOR,FN
continuous_0222_S5_strategy2.npz,0-126,RELATIONSHIPS,RELATIONSHIPS,TP
continuous_0222_S5_strategy2.npz,126-510,NUMBER,NUMBER,TP
continuous_0222_S5_strategy2.npz,510-639,FOOD,FOOD,TP
continuous_0222_S5_strategy2.npz,639-766,DRINK,DRINK,TP
continuous_0222_S5_strategy2.npz,766-894,COLOR,FOOD,FP
continuous_0222_S5_strategy2.npz,126-253,SURVIVAL,-,FN
continuous_0222_S5_strategy2.npz,381-508,CALENDAR,-,FN
continuous_0222_S5_strategy2.npz,763-890,COLOR,FOOD,FN
continuous_0223_S5_strategy2.npz,0-259,-,FOOD,FP
continuous_0223_S5_strategy2.npz,259-519,CALENDAR,CALENDAR,TP
continuous_0223_S5_strategy2.npz,519-780,DRINK,FOOD,FP
continuous_0223_S5_strategy2.npz,0-127,SURVIVAL,-,FN
continuous_0223_S5_strategy2.npz,127-269,GREETING,-,FN
continuous_0223_S5_strategy2.npz,269-396,FOOD,-,FN
continuous_0223_S5_strategy2.npz,651-778,DAYS,-,FN
continuous_0223_S5_strategy2.npz,524-651,DRINK,FOOD,FN
continuous_0224_S5_strategy2.npz,0-250,DAYS,DAYS,TP
continuous_0224_S5_strategy2.npz,250-502,COLOR,FOOD,FP
continuous_0224_S5_strategy2.npz,502-754,FOOD,FOOD,TP
continuous_0224_S5_strategy2.npz,0-127,FAMILY,-,FN
continuous_0224_S5_strategy2.npz,254-369,DRINK,-,FN
continuous_0224_S5_strategy2.npz,624-751,SURVIVAL,-,FN
continuous_0224_S5_strategy2.npz,369-497,COLOR,FOOD,FN
continuous_0225_S5_strategy2.npz,0-298,DRINK,FOOD,FP
continuous_0225_S5_strategy2.npz,298-597,COLOR,FAMILY,FP
continuous_0225_S5_strategy2.npz,597-897,FOOD,FOOD,TP
continuous_0225_S5_strategy2.npz,0-127,CALENDAR,-,FN
continuous_0225_S5_strategy2.npz,254-382,DAYS,-,FN
continuous_0225_S5_strategy2.npz,636-764,FAMILY,-,FN
continuous_0225_S5_strategy2.npz,764-892,NUMBER,-,FN
continuous_0225_S5_strategy2.npz,127-254,DRINK,FOOD,FN
continuous_0225_S5_strategy2.npz,382-509,COLOR,FAMILY,FN
continuous_0226_S5_strategy2.npz,0-175,COLOR,FOOD,FP
continuous_0226_S5_strategy2.npz,175-352,FOOD,FOOD,TP
continuous_0226_S5_strategy2.npz,352-528,DAYS,FOOD,FP
continuous_0226_S5_strategy2.npz,528-705,DRINK,COLOR,FP
continuous_0226_S5_strategy2.npz,705-882,RELATIONSHIPS,RELATIONSHIPS,TP
continuous_0226_S5_strategy2.npz,127-254,FAMILY,-,FN
continuous_0226_S5_strategy2.npz,509-624,SURVIVAL,-,FN
continuous_0226_S5_strategy2.npz,0-127,COLOR,FOOD,FN
continuous_0226_S5_strategy2.npz,382-509,DAYS,FOOD,FN
continuous_0226_S5_strategy2.npz,624-751,DRINK,COLOR,FN
continuous_0227_S5_strategy2.npz,0-124,SURVIVAL,SURVIVAL,TP
continuous_0227_S5_strategy2.npz,124-250,-,RELATIONSHIPS,FP
continuous_0227_S5_strategy2.npz,250-501,COLOR,RELATIONSHIPS,FP
continuous_0227_S5_strategy2.npz,501-627,DAYS,FOOD,FP
continuous_0227_S5_strategy2.npz,627-753,GREETING,GREETING,TP
continuous_0227_S5_strategy2.npz,121-249,DRINK,-,FN
continuous_0227_S5_strategy2.npz,249-376,RELATIONSHIPS,-,FN
continuous_0227_S5_strategy2.npz,376-503,COLOR,RELATIONSHIPS,FN
continuous_0227_S5_strategy2.npz,503-630,DAYS,FOOD,FN
continuous_0228_S5_strategy2.npz,0-108,FAMILY,FAMILY,TP
continuous_0228_S5_strategy2.npz,108-435,DRINK,GREETING,FP
continuous_0228_S5_strategy2.npz,435-544,DAYS,DAYS,TP
continuous_0228_S5_strategy2.npz,544-654,-,NUMBER,FP
continuous_0228_S5_strategy2.npz,654-763,COLOR,COLOR,TP
continuous_0228_S5_strategy2.npz,253-380,CALENDAR,-,FN
continuous_0228_S5_strategy2.npz,506-633,NUMBER,-,FN
continuous_0228_S5_strategy2.npz,127-253,DRINK,GREETING,FN
continuous_0229_S5_strategy2.npz,0-126,RELATIONSHIPS,FOOD,FP
continuous_0229_S5_strategy2.npz,126-253,DRINK,FOOD,FP
continuous_0229_S5_strategy2.npz,253-381,COLOR,FOOD,FP
continuous_0229_S5_strategy2.npz,381-508,NUMBER,NUMBER,TP
continuous_0229_S5_strategy2.npz,508-636,DAYS,SURVIVAL,FP
continuous_0229_S5_strategy2.npz,636-763,FAMILY,GREETING,FP
continuous_0229_S5_strategy2.npz,0-127,RELATIONSHIPS,FOOD,FN
continuous_0229_S5_strategy2.npz,127-255,DRINK,FOOD,FN
continuous_0229_S5_strategy2.npz,255-378,COLOR,FOOD,FN
continuous_0229_S5_strategy2.npz,506-633,DAYS,SURVIVAL,FN
continuous_0229_S5_strategy2.npz,633-760,FAMILY,GREETING,FN
continuous_0230_S5_strategy2.npz,0-180,FAMILY,FAMILY,TP
continuous_0230_S5_strategy2.npz,180-361,-,COLOR,FP
continuous_0230_S5_strategy2.npz,361-723,GREETING,GREETING,TP
continuous_0230_S5_strategy2.npz,723-906,SURVIVAL,GREETING,FP
continuous_0230_S5_strategy2.npz,127-266,CALENDAR,-,FN
continuous_0230_S5_strategy2.npz,266-394,RELATIONSHIPS,-,FN
continuous_0230_S5_strategy2.npz,394-522,COLOR,-,FN
continuous_0230_S5_strategy2.npz,647-775,NUMBER,-,FN
continuous_0230_S5_strategy2.npz,775-902,SURVIVAL,GREETING,FN
continuous_0231_S5_strategy2.npz,0-300,FOOD,FOOD,TP
continuous_0231_S5_strategy2.npz,300-450,-,COLOR,FP
continuous_0231_S5_strategy2.npz,450-600,FAMILY,COLOR,FP
continuous_0231_S5_strategy2.npz,600-750,DRINK,COLOR,FP
continuous_0231_S5_strategy2.npz,750-900,SURVIVAL,SURVIVAL,TP
continuous_0231_S5_strategy2.npz,0-133,GREETING,-,FN
continuous_0231_S5_strategy2.npz,261-388,NUMBER,-,FN
continuous_0231_S5_strategy2.npz,388-516,COLOR,-,FN
continuous_0231_S5_strategy2.npz,516-643,FAMILY,COLOR,FN
continuous_0231_S5_strategy2.npz,643-770,DRINK,COLOR,FN
continuous_0232_S5_strategy2.npz,0-126,SURVIVAL,SURVIVAL,TP
continuous_0232_S5_strategy2.npz,126-253,DAYS,GREETING,FP
continuous_0232_S5_strategy2.npz,253-381,GREETING,GREETING,TP
continuous_0232_S5_strategy2.npz,381-508,NUMBER,NUMBER,TP
continuous_0232_S5_strategy2.npz,508-636,FAMILY,FAMILY,TP
continuous_0232_S5_strategy2.npz,636-762,CALENDAR,CALENDAR,TP
continuous_0232_S5_strategy2.npz,762-891,DRINK,COLOR,FP
continuous_0232_S5_strategy2.npz,127-249,DAYS,GREETING,FN
continuous_0232_S5_strategy2.npz,760-888,DRINK,COLOR,FN
continuous_0233_S5_strategy2.npz,0-111,FOOD,FOOD,TP
continuous_0233_S5_strategy2.npz,111-222,GREETING,GREETING,TP
continuous_0233_S5_strategy2.npz,222-558,DAYS,DAYS,TP
continuous_0233_S5_strategy2.npz,558-670,RELATIONSHIPS,FAMILY,FP
continuous_0233_S5_strategy2.npz,670-783,COLOR,COLOR,TP
continuous_0233_S5_strategy2.npz,783-894,FAMILY,FAMILY,TP
continuous_0233_S5_strategy2.npz,381-509,CALENDAR,-,FN
continuous_0233_S5_strategy2.npz,509-636,RELATIONSHIPS,FAMILY,FN
continuous_0234_S5_strategy2.npz,0-148,-,GREETING,FP
continuous_0234_S5_strategy2.npz,148-298,-,FAMILY,FP
continuous_0234_S5_strategy2.npz,298-448,-,FOOD,FP
continuous_0234_S5_strategy2.npz,448-597,-,FOOD,FP
continuous_0234_S5_strategy2.npz,597-747,-,NUMBER,FP
continuous_0234_S5_strategy2.npz,747-897,SURVIVAL,SURVIVAL,TP
continuous_0234_S5_strategy2.npz,0-127,COLOR,-,FN
continuous_0234_S5_strategy2.npz,127-260,GREETING,-,FN
continuous_0234_S5_strategy2.npz,260-387,FAMILY,-,FN
continuous_0234_S5_strategy2.npz,387-515,RELATIONSHIPS,-,FN
continuous_0234_S5_strategy2.npz,515-642,FOOD,-,FN
continuous_0234_S5_strategy2.npz,642-767,NUMBER,-,FN
continuous_0235_S5_strategy2.npz,0-198,GREETING,GREETING,TP
continuous_0235_S5_strategy2.npz,198-396,SURVIVAL,SURVIVAL,TP
continuous_0235_S5_strategy2.npz,396-594,-,RELATIONSHIPS,FP
continuous_0235_S5_strategy2.npz,594-792,DRINK,FOOD,FP
continuous_0235_S5_strategy2.npz,149-277,DAYS,-,FN
continuous_0235_S5_strategy2.npz,406-534,FAMILY,-,FN
continuous_0235_S5_strategy2.npz,534-662,RELATIONSHIPS,-,FN
continuous_0235_S5_strategy2.npz,662-789,DRINK,FOOD,FN
continuous_0236_S5_strategy2.npz,0-225,SURVIVAL,SURVIVAL,TP
continuous_0236_S5_strategy2.npz,225-450,RELATIONSHIPS,RELATIONSHIPS,TP
continuous_0236_S5_strategy2.npz,450-901,FAMILY,FAMILY,TP
continuous_0236_S5_strategy2.npz,127-253,NUMBER,-,FN
continuous_0236_S5_strategy2.npz,509-655,CALENDAR,-,FN
continuous_0236_S5_strategy2.npz,655-781,DAYS,-,FN
continuous_0236_S5_strategy2.npz,781-899,GREETING,-,FN
continuous_0237_S5_strategy2.npz,0-127,DAYS,DAYS,TP
continuous_0237_S5_strategy2.npz,127-256,DRINK,COLOR,FP
continuous_0237_S5_strategy2.npz,256-384,FOOD,FOOD,TP
continuous_0237_S5_strategy2.npz,384-513,CALENDAR,CALENDAR,TP
continuous_0237_S5_strategy2.npz,513-642,GREETING,GREETING,TP
continuous_0237_S5_strategy2.npz,642-771,SURVIVAL,SURVIVAL,TP
continuous_0237_S5_strategy2.npz,127-254,DRINK,COLOR,FN
continuous_0238_S5_strategy2.npz,0-111,COLOR,COLOR,TP
continuous_0238_S5_strategy2.npz,111-222,DRINK,COLOR,FP
continuous_0238_S5_strategy2.npz,222-333,-,COLOR,FP
continuous_0238_S5_strategy2.npz,333-555,SURVIVAL,FOOD,FP
continuous_0238_S5_strategy2.npz,555-777,FOOD,FOOD,TP
continuous_0238_S5_strategy2.npz,777-888,-,FAMILY,FP
continuous_0238_S5_strategy2.npz,381-509,CALENDAR,-,FN
continuous_0238_S5_strategy2.npz,636-757,DAYS,-,FN
continuous_0238_S5_strategy2.npz,757-884,FAMILY,-,FN
continuous_0238_S5_strategy2.npz,125-253,DRINK,COLOR,FN
continuous_0238_S5_strategy2.npz,253-381,SURVIVAL,FOOD,FN
continuous_0239_S5_strategy2.npz,0-537,FOOD,FOOD,TP
continuous_0239_S5_strategy2.npz,537-715,-,GREETING,FP
continuous_0239_S5_strategy2.npz,715-894,-,DRINK,FP
continuous_0239_S5_strategy2.npz,127-259,GREETING,-,FN
continuous_0239_S5_strategy2.npz,259-382,RELATIONSHIPS,-,FN
continuous_0239_S5_strategy2.npz,382-509,DAYS,-,FN
continuous_0239_S5_strategy2.npz,509-636,DRINK,-,FN
continuous_0239_S5_strategy2.npz,636-764,NUMBER,-,FN
continuous_0239_S5_strategy2.npz,764-891,CALENDAR,-,FN
continuous_0240_S5_strategy2.npz,0-126,DAYS,FAMILY,FP
continuous_0240_S5_strategy2.npz,126-255,DRINK,RELATIONSHIPS,FP
continuous_0240_S5_strategy2.npz,255-381,FOOD,FOOD,TP
continuous_0240_S5_strategy2.npz,381-510,RELATIONSHIPS,RELATIONSHIPS,TP
continuous_0240_S5_strategy2.npz,510-636,CALENDAR,CALENDAR,TP
continuous_0240_S5_strategy2.npz,636-765,SURVIVAL,GREETING,FP
continuous_0240_S5_strategy2.npz,765-892,FAMILY,FAMILY,TP
continuous_0240_S5_strategy2.npz,0-127,DAYS,FAMILY,FN
continuous_0240_S5_strategy2.npz,127-254,DRINK,RELATIONSHIPS,FN
continuous_0240_S5_strategy2.npz,636-764,SURVIVAL,GREETING,FN
continuous_0241_S5_strategy2.npz,0-178,-,FAMILY,FP
continuous_0241_S5_strategy2.npz,178-357,DRINK,DRINK,TP
continuous_0241_S5_strategy2.npz,357-537,DAYS,GREETING,FP
continuous_0241_S5_strategy2.npz,537-897,GREETING,GREETING,TP
continuous_0241_S5_strategy2.npz,0-127,NUMBER,-,FN
continuous_0241_S5_strategy2.npz,127-254,FAMILY,-,FN
continuous_0241_S5_strategy2.npz,637-764,RELATIONSHIPS,-,FN
continuous_0241_S5_strategy2.npz,764-893,FOOD,-,FN
continuous_0241_S5_strategy2.npz,381-508,DAYS,GREETING,FN
continuous_0242_S5_strategy2.npz,0-148,-,CALENDAR,FP
continuous_0242_S5_strategy2.npz,148-297,-,COLOR,FP
continuous_0242_S5_strategy2.npz,297-447,FAMILY,FAMILY,TP
continuous_0242_S5_strategy2.npz,447-745,SURVIVAL,FAMILY,FP
continuous_0242_S5_strategy2.npz,745-895,-,FOOD,FP
continuous_0242_S5_strategy2.npz,0-126,COLOR,-,FN
continuous_0242_S5_strategy2.npz,126-254,CALENDAR,-,FN
continuous_0242_S5_strategy2.npz,254-381,DRINK,-,FN
continuous_0242_S5_strategy2.npz,636-763,FOOD,-,FN
continuous_0242_S5_strategy2.npz,763-892,NUMBER,-,FN
continuous_0242_S5_strategy2.npz,509-636,SURVIVAL,FAMILY,FN
continuous_0243_S5_strategy2.npz,0-174,FOOD,FOOD,TP
continuous_0243_S5_strategy2.npz,174-348,DRINK,FOOD,FP
continuous_0243_S5_strategy2.npz,348-522,COLOR,FOOD,FP
continuous_0243_S5_strategy2.npz,522-696,RELATIONSHIPS,FAMILY,FP
continuous_0243_S5_strategy2.npz,696-870,SURVIVAL,FAMILY,FP
continuous_0243_S5_strategy2.npz,378-485,CALENDAR,-,FN
continuous_0243_S5_strategy2.npz,740-867,NUMBER,-,FN
continuous_0243_S5_strategy2.npz,127-253,DRINK,FOOD,FN
continuous_0243_S5_strategy2.npz,253-378,COLOR,FOOD,FN
continuous_0243_S5_strategy2.npz,485-612,RELATIONSHIPS,FAMILY,FN
continuous_0243_S5_strategy2.npz,612-740,SURVIVAL,FAMILY,FN
continuous_0244_S5_strategy2.npz,0-255,SURVIVAL,SURVIVAL,TP
continuous_0244_S5_strategy2.npz,255-511,COLOR,COLOR,TP
continuous_0244_S5_strategy2.npz,511-768,DRINK,DRINK,TP
continuous_0244_S5_strategy2.npz,0-127,FAMILY,-,FN
continuous_0244_S5_strategy2.npz,382-509,NUMBER,-,FN
continuous_0244_S5_strategy2.npz,509-636,RELATIONSHIPS,-,FN
continuous_0245_S5_strategy2.npz,0-900,COLOR,FOOD,FP
continuous_0245_S5_strategy2.npz,0-132,DRINK,-,FN
continuous_0245_S5_strategy2.npz,132-253,NUMBER,-,FN
continuous_0245_S5_strategy2.npz,381-515,CALENDAR,-,FN
continuous_0245_S5_strategy2.npz,515-642,SURVIVAL,-,FN
continuous_0245_S5_strategy2.npz,642-770,DAYS,-,FN
continuous_0245_S5_strategy2.npz,770-897,FOOD,-,FN
continuous_0245_S5_strategy2.npz,253-381,COLOR,FOOD,FN
continuous_0246_S5_strategy2.npz,0-294,FAMILY,FAMILY,TP
continuous_0246_S5_strategy2.npz,294-591,RELATIONSHIPS,FOOD,FP
continuous_0246_S5_strategy2.npz,591-886,DRINK,DRINK,TP
continuous_0246_S5_strategy2.npz,126-253,FOOD,-,FN
continuous_0246_S5_strategy2.npz,253-381,CALENDAR,-,FN
continuous_0246_S5_strategy2.npz,381-508,DAYS,-,FN
continuous_0246_S5_strategy2.npz,630-757,NUMBER,-,FN
continuous_0246_S5_strategy2.npz,508-630,RELATIONSHIPS,FOOD,FN
continuous_0247_S5_strategy2.npz,0-175,-,RELATIONSHIPS,FP
continuous_0247_S5_strategy2.npz,175-352,COLOR,COLOR,TP
continuous_0247_S5_strategy2.npz,352-705,RELATIONSHIPS,RELATIONSHIPS,TP
continuous_0247_S5_strategy2.npz,705-882,FOOD,FOOD,TP
continuous_0247_S5_strategy2.npz,0-127,DRINK,-,FN
continuous_0247_S5_strategy2.npz,127-252,FAMILY,-,FN
continuous_0247_S5_strategy2.npz,498-625,DAYS,-,FN
continuous_0247_S5_strategy2.npz,625-752,CALENDAR,-,FN
continuous_0248_S5_strategy2.npz,0-295,RELATIONSHIPS,RELATIONSHIPS,TP
continuous_0248_S5_strategy2.npz,295-591,-,DAYS,FP
continuous_0248_S5_strategy2.npz,591-888,-,GREETING,FP
continuous_0248_S5_strategy2.npz,127-254,CALENDAR,-,FN
continuous_0248_S5_strategy2.npz,254-379,NUMBER,-,FN
continuous_0248_S5_strategy2.npz,379-507,FAMILY,-,FN
continuous_0248_S5_strategy2.npz,507-640,GREETING,-,FN
continuous_0248_S5_strategy2.npz,640-767,DAYS,-,FN
continuous_0248_S5_strategy2.npz,767-885,SURVIVAL,-,FN
continuous_0249_S5_strategy2.npz,0-151,COLOR,COLOR,TP
continuous_0249_S5_strategy2.npz,151-303,DRINK,FOOD,FP
continuous_0249_S5_strategy2.npz,303-456,GREETING,GREETING,TP
continuous_0249_S5_strategy2.npz,456-609,DAYS,GREETING,FP
continuous_0249_S5_strategy2.npz,609-762,FAMILY,FAMILY,TP
continuous_0249_S5_strategy2.npz,513-635,CALENDAR,-,FN
continuous_0249_S5_strategy2.npz,128-255,DRINK,FOOD,FN
continuous_0249_S5_strategy2.npz,385-513,DAYS,GREETING,FN
continuous_0250_S5_strategy2.npz,0-180,FOOD,FOOD,TP
continuous_0250_S5_strategy2.npz,180-360,SURVIVAL,SURVIVAL,TP
continuous_0250_S5_strategy2.npz,360-540,DAYS,DAYS,TP
continuous_0250_S5_strategy2.npz,540-721,GREETING,GREETING,TP
continuous_0250_S5_strategy2.npz,721-903,CALENDAR,CALENDAR,TP
continuous_0250_S5_strategy2.npz,255-383,NUMBER,-,FN
continuous_0250_S5_strategy2.npz,771-899,RELATIONSHIPS,-,FN
continuous_0251_S5_strategy2.npz,0-253,COLOR,FOOD,FP
continuous_0251_S5_strategy2.npz,253-508,DRINK,DAYS,FP
continuous_0251_S5_strategy2.npz,508-763,-,FOOD,FP
continuous_0251_S5_strategy2.npz,125-253,RELATIONSHIPS,-,FN
continuous_0251_S5_strategy2.npz,380-508,FAMILY,-,FN
continuous_0251_S5_strategy2.npz,508-635,CALENDAR,-,FN
continuous_0251_S5_strategy2.npz,635-762,NUMBER,-,FN
continuous_0251_S5_strategy2.npz,0-125,COLOR,FOOD,FN
continuous_0251_S5_strategy2.npz,253-380,DRINK,DAYS,FN
continuous_0252_S5_strategy2.npz,0-153,COLOR,COLOR,TP
continuous_0252_S5_strategy2.npz,153-309,RELATIONSHIPS,COLOR,FP
continuous_0252_S5_strategy2.npz,309-463,FOOD,FAMILY,FP
continuous_0252_S5_strategy2.npz,463-618,SURVIVAL,GREETING,FP
continuous_0252_S5_strategy2.npz,618-774,GREETING,GREETING,TP
continuous_0252_S5_strategy2.npz,502-630,NUMBER,-,FN
continuous_0252_S5_strategy2.npz,126-254,RELATIONSHIPS,COLOR,FN
continuous_0252_S5_strategy2.npz,254-375,FOOD,FAMILY,FN
continuous_0252_S5_strategy2.npz,375-502,SURVIVAL,GREETING,FN
continuous_0253_S5_strategy2.npz,0-300,RELATIONSHIPS,FOOD,FP
continuous_0253_S5_strategy2.npz,300-600,DRINK,DRINK,TP
continuous_0253_S5_strategy2.npz,600-900,-,NUMBER,FP
continuous_0253_S5_strategy2.npz,0-133,GREETING,-,FN
continuous_0253_S5_strategy2.npz,387-515,NUMBER,-,FN
continuous_0253_S5_strategy2.npz,515-641,DAYS,-,FN
continuous_0253_S5_strategy2.npz,641-768,FAMILY,-,FN
continuous_0253_S5_strategy2.npz,768-896,FOOD,-,FN
continuous_0253_S5_strategy2.npz,133-260,RELATIONSHIPS,FOOD,FN
continuous_0254_S5_strategy2.npz,0-225,GREETING,GREETING,TP
continuous_0254_S5_strategy2.npz,225-450,NUMBER,NUMBER,TP
continuous_0254_S5_strategy2.npz,450-676,DAYS,DAYS,TP
continuous_0254_S5_strategy2.npz,676-903,-,FOOD,FP
continuous_0254_S5_strategy2.npz,137-265,FOOD,-,FN
continuous_0254_S5_strategy2.npz,520-647,FAMILY,-,FN
continuous_0254_S5_strategy2.npz,647-774,RELATIONSHIPS,-,FN
continuous_0254_S5_strategy2.npz,774-899,COLOR,-,FN
continuous_0255_S5_strategy2.npz,0-126,CALENDAR,CALENDAR,TP
continuous_0255_S5_strategy2.npz,126-253,FOOD,FOOD,TP
continuous_0255_S5_strategy2.npz,253-381,GREETING,GREETING,TP
continuous_0255_S5_strategy2.npz,381-508,SURVIVAL,FOOD,FP
continuous_0255_S5_strategy2.npz,508-636,NUMBER,NUMBER,TP
continuous_0255_S5_strategy2.npz,636-763,RELATIONSHIPS,FAMILY,FP
continuous_0255_S5_strategy2.npz,384-505,SURVIVAL,FOOD,FN
continuous_0255_S5_strategy2.npz,634-761,RELATIONSHIPS,FAMILY,FN
continuous_0256_S5_strategy2.npz,0-223,GREETING,GREETING,TP
continuous_0256_S5_strategy2.npz,223-673,NUMBER,NUMBER,TP
continuous_0256_S5_strategy2.npz,673-898,COLOR,FOOD,FP
continuous_0256_S5_strategy2.npz,0-127,CALENDAR,-,FN
continuous_0256_S5_strategy2.npz,256-383,FAMILY,-,FN
continuous_0256_S5_strategy2.npz,383-511,DAYS,-,FN
continuous_0256_S5_strategy2.npz,638-768,FOOD,-,FN
continuous_0256_S5_strategy2.npz,768-895,COLOR,FOOD,FN
continuous_0257_S5_strategy2.npz,0-186,RELATIONSHIPS,RELATIONSHIPS,TP
continuous_0257_S5_strategy2.npz,186-375,DAYS,DAYS,TP
continuous_0257_S5_strategy2.npz,375-561,FOOD,FOOD,TP
continuous_0257_S5_strategy2.npz,561-750,GREETING,GREETING,TP
continuous_0257_S5_strategy2.npz,250-370,FAMILY,-,FN
continuous_0257_S5_strategy2.npz,619-746,SURVIVAL,-,FN
continuous_0258_S5_strategy2.npz,0-150,DRINK,COLOR,FP
continuous_0258_S5_strategy2.npz,150-300,DAYS,DAYS,TP
continuous_0258_S5_strategy2.npz,300-450,FAMILY,FAMILY,TP
continuous_0258_S5_strategy2.npz,450-601,GREETING,GREETING,TP
continuous_0258_S5_strategy2.npz,601-751,SURVIVAL,SURVIVAL,TP
continuous_0258_S5_strategy2.npz,751-903,-,NUMBER,FP
continuous_0258_S5_strategy2.npz,127-254,CALENDAR,-,FN
continuous_0258_S5_strategy2.npz,775-900,NUMBER,-,FN
continuous_0258_S5_strategy2.npz,0-127,DRINK,COLOR,FN
continuous_0259_S5_strategy2.npz,0-253,FOOD,FOOD,TP
continuous_0259_S5_strategy2.npz,253-507,SURVIVAL,SURVIVAL,TP
continuous_0259_S5_strategy2.npz,507-634,DRINK,FOOD,FP
continuous_0259_S5_strategy2.npz,634-762,COLOR,FOOD,FP
continuous_0259_S5_strategy2.npz,762-889,DAYS,FOOD,FP
continuous_0259_S5_strategy2.npz,128-255,CALENDAR,-,FN
continuous_0259_S5_strategy2.npz,383-509,NUMBER,-,FN
continuous_0259_S5_strategy2.npz,509-635,DRINK,FOOD,FN
continuous_0259_S5_strategy2.npz,635-762,COLOR,FOOD,FN
continuous_0259_S5_strategy2.npz,762-886,DAYS,FOOD,FN
continuous_0260_S5_strategy2.npz,0-255,-,COLOR,FP
continuous_0260_S5_strategy2.npz,255-510,FAMILY,FAMILY,TP
continuous_0260_S5_strategy2.npz,510-636,DRINK,DRINK,TP
continuous_0260_S5_strategy2.npz,636-765,SURVIVAL,SURVIVAL,TP
continuous_0260_S5_strategy2.npz,765-892,FOOD,FOOD,TP
continuous_0260_S5_strategy2.npz,0-122,COLOR,-,FN
continuous_0260_S5_strategy2.npz,122-250,NUMBER,-,FN
continuous_0260_S5_strategy2.npz,377-503,CALENDAR,-,FN
continuous_0261_S5_strategy2.npz,0-183,FAMILY,FAMILY,TP
continuous_0261_S5_strategy2.npz,183-369,GREETING,GREETING,TP
continuous_0261_S5_strategy2.npz,369-924,DRINK,GREETING,FP
continuous_0261_S5_strategy2.npz,127-255,COLOR,-,FN
continuous_0261_S5_strategy2.npz,539-666,CALENDAR,-,FN
continuous_0261_S5_strategy2.npz,666-793,FOOD,-,FN
continuous_0261_S5_strategy2.npz,793-920,NUMBER,-,FN
continuous_0261_S5_strategy2.npz,412-539,DRINK,GREETING,FN
continuous_0262_S5_strategy2.npz,0-180,-,FOOD,FP
continuous_0262_S5_strategy2.npz,180-360,-,GREETING,FP
continuous_0262_S5_strategy2.npz,360-540,-,GREETING,FP
continuous_0262_S5_strategy2.npz,540-720,FAMILY,FAMILY,TP
continuous_0262_S5_strategy2.npz,720-900,FOOD,GREETING,FP
continuous_0262_S5_strategy2.npz,0-127,NUMBER,-,FN
continuous_0262_S5_strategy2.npz,127-264,GREETING,-,FN
continuous_0262_S5_strategy2.npz,264-391,DAYS,-,FN
continuous_0262_S5_strategy2.npz,391-519,COLOR,-,FN
continuous_0262_S5_strategy2.npz,519-642,SURVIVAL,-,FN
continuous_0262_S5_strategy2.npz,769-896,FOOD,GREETING,FN
continuous_0263_S5_strategy2.npz,0-153,FOOD,FOOD,TP
continuous_0263_S5_strategy2.npz,153-309,DRINK,COLOR,FP
continuous_0263_S5_strategy2.npz,309-462,NUMBER,NUMBER,TP
continuous_0263_S5_strategy2.npz,462-618,SURVIVAL,SURVIVAL,TP
continuous_0263_S5_strategy2.npz,618-772,-,NUMBER,FP
continuous_0263_S5_strategy2.npz,382-514,CALENDAR,-,FN
continuous_0263_S5_strategy2.npz,641-769,DAYS,-,FN
continuous_0263_S5_strategy2.npz,127-253,DRINK,COLOR,FN
continuous_0264_S5_strategy2.npz,0-381,DRINK,DRINK,TP
continuous_0264_S5_strategy2.npz,381-762,GREETING,GREETING,TP
continuous_0264_S5_strategy2.npz,126-253,FAMILY,-,FN
continuous_0264_S5_strategy2.npz,253-377,DAYS,-,FN
continuous_0264_S5_strategy2.npz,377-506,NUMBER,-,FN
continuous_0264_S5_strategy2.npz,634-759,RELATIONSHIPS,-,FN
continuous_0265_S5_strategy2.npz,0-177,GREETING,GREETING,TP
continuous_0265_S5_strategy2.npz,177-357,RELATIONSHIPS,FAMILY,FP
continuous_0265_S5_strategy2.npz,357-534,SURVIVAL,SURVIVAL,TP
continuous_0265_S5_strategy2.npz,534-714,CALENDAR,CALENDAR,TP
continuous_0265_S5_strategy2.npz,714-892,COLOR,COLOR,TP
continuous_0265_S5_strategy2.npz,124-252,NUMBER,-,FN
continuous_0265_S5_strategy2.npz,506-634,DRINK,-,FN
continuous_0265_S5_strategy2.npz,252-379,RELATIONSHIPS,FAMILY,FN
continuous_0266_S5_strategy2.npz,0-151,DRINK,DRINK,TP
continuous_0266_S5_strategy2.npz,151-304,DAYS,DAYS,TP
continuous_0266_S5_strategy2.npz,304-609,SURVIVAL,SURVIVAL,TP
continuous_0266_S5_strategy2.npz,609-762,FOOD,FOOD,TP
continuous_0266_S5_strategy2.npz,254-382,NUMBER,-,FN
continuous_0266_S5_strategy2.npz,510-638,CALENDAR,-,FN
continuous_0267_S5_strategy2.npz,0-150,FOOD,FOOD,TP
continuous_0267_S5_strategy2.npz,150-453,DRINK,FOOD,FP
continuous_0267_S5_strategy2.npz,453-606,RELATIONSHIPS,RELATIONSHIPS,TP
continuous_0267_S5_strategy2.npz,606-757,DAYS,DAYS,TP
continuous_0267_S5_strategy2.npz,250-369,NUMBER,-,FN
continuous_0267_S5_strategy2.npz,496-629,CALENDAR,-,FN
continuous_0267_S5_strategy2.npz,127-250,DRINK,FOOD,FN
continuous_0268_S5_strategy2.npz,0-126,COLOR,-,FN
continuous_0268_S5_strategy2.npz,126-255,RELATIONSHIPS,-,FN
continuous_0268_S5_strategy2.npz,255-382,NUMBER,-,FN
continuous_0268_S5_strategy2.npz,382-512,SURVIVAL,-,FN
continuous_0268_S5_strategy2.npz,512-622,DRINK,-,FN
continuous_0268_S5_strategy2.npz,622-750,DAYS,-,FN
continuous_0269_S5_strategy2.npz,0-172,DAYS,FAMILY,FP
continuous_0269_S5_strategy2.npz,172-519,SURVIVAL,SURVIVAL,TP
continuous_0269_S5_strategy2.npz,519-693,-,COLOR,FP
continuous_0269_S5_strategy2.npz,693-867,RELATIONSHIPS,COLOR,FP
continuous_0269_S5_strategy2.npz,252-380,NUMBER,-,FN
continuous_0269_S5_strategy2.npz,380-507,DRINK,-,FN
continuous_0269_S5_strategy2.npz,507-610,FAMILY,-,FN
continuous_0269_S5_strategy2.npz,610-737,FOOD,-,FN
continuous_0269_S5_strategy2.npz,0-126,DAYS,FAMILY,FN
continuous_0269_S5_strategy2.npz,737-865,RELATIONSHIPS,COLOR,FN
continuous_0270_S5_strategy2.npz,0-177,-,GREETING,FP
continuous_0270_S5_strategy2.npz,177-709,SURVIVAL,SURVIVAL,TP
continuous_0270_S5_strategy2.npz,709-888,FOOD,FOOD,TP
continuous_0270_S5_strategy2.npz,0-127,DRINK,-,FN
continuous_0270_S5_strategy2.npz,127-248,DAYS,-,FN
continuous_0270_S5_strategy2.npz,248-375,FAMILY,-,FN
continuous_0270_S5_strategy2.npz,375-505,GREETING,-,FN
continuous_0270_S5_strategy2.npz,632-757,NUMBER,-,FN
continuous_0271_S5_strategy2.npz,0-142,DRINK,COLOR,FP
continuous_0271_S5_strategy2.npz,142-286,FOOD,FOOD,TP
continuous_0271_S5_strategy2.npz,286-430,SURVIVAL,NUMBER,FP
continuous_0271_S5_strategy2.npz,430-574,GREETING,GREETING,TP
continuous_0271_S5_strategy2.npz,574-718,-,DAYS,FP
continuous_0271_S5_strategy2.npz,718-862,COLOR,CALENDAR,FP
continuous_0271_S5_strategy2.npz,376-482,CALENDAR,-,FN
continuous_0271_S5_strategy2.npz,614-734,DAYS,-,FN
continuous_0271_S5_strategy2.npz,0-121,DRINK,COLOR,FN
continuous_0271_S5_strategy2.npz,249-376,SURVIVAL,NUMBER,FN
continuous_0271_S5_strategy2.npz,734-860,COLOR,CALENDAR,FN
continuous_0272_S5_strategy2.npz,0-177,FOOD,FOOD,TP
continuous_0272_S5_strategy2.npz,177-531,DRINK,DRINK,TP
continuous_0272_S5_strategy2.npz,531-708,FAMILY,FAMILY,TP
continuous_0272_S5_strategy2.npz,708-885,COLOR,GREETING,FP
continuous_0272_S5_strategy2.npz,0-122,DAYS,-,FN
continuous_0272_S5_strategy2.npz,377-503,NUMBER,-,FN
continuous_0272_S5_strategy2.npz,758-883,CALENDAR,-,FN
continuous_0272_S5_strategy2.npz,630-758,COLOR,GREETING,FN
continuous_0273_S5_strategy2.npz,0-190,SURVIVAL,SURVIVAL,TP
continuous_0273_S5_strategy2.npz,190-381,GREETING,GREETING,TP
continuous_0273_S5_strategy2.npz,381-573,-,COLOR,FP
continuous_0273_S5_strategy2.npz,573-763,-,RELATIONSHIPS,FP
continuous_0273_S5_strategy2.npz,250-378,COLOR,-,FN
continuous_0273_S5_strategy2.npz,378-506,RELATIONSHIPS,-,FN
continuous_0273_S5_strategy2.npz,506-633,CALENDAR,-,FN
continuous_0273_S5_strategy2.npz,633-760,FAMILY,-,FN
continuous_0274_S5_strategy2.npz,0-151,FOOD,FOOD,TP
continuous_0274_S5_strategy2.npz,151-303,DAYS,FAMILY,FP
continuous_0274_S5_strategy2.npz,303-456,GREETING,GREETING,TP
continuous_0274_S5_strategy2.npz,456-607,COLOR,GREETING,FP
continuous_0274_S5_strategy2.npz,607-760,NUMBER,NUMBER,TP
continuous_0274_S5_strategy2.npz,503-631,SURVIVAL,-,FN
continuous_0274_S5_strategy2.npz,126-254,DAYS,FAMILY,FN
continuous_0274_S5_strategy2.npz,384-503,COLOR,GREETING,FN
continuous_0275_S5_strategy2.npz,0-378,CALENDAR,CALENDAR,TP
continuous_0275_S5_strategy2.npz,378-567,DRINK,FOOD,FP
continuous_0275_S5_strategy2.npz,567-756,FAMILY,FAMILY,TP
continuous_0275_S5_strategy2.npz,0-127,NUMBER,-,FN
continuous_0275_S5_strategy2.npz,254-380,GREETING,-,FN
continuous_0275_S5_strategy2.npz,508-627,SURVIVAL,-,FN
continuous_0275_S5_strategy2.npz,380-508,DRINK,FOOD,FN
continuous_0276_S5_strategy2.npz,0-189,FOOD,FOOD,TP
continuous_0276_S5_strategy2.npz,189-379,DAYS,NUMBER,FP
continuous_0276_S5_strategy2.npz,379-570,FAMILY,FAMILY,TP
continuous_0276_S5_strategy2.npz,570-760,CALENDAR,CALENDAR,TP
continuous_0276_S5_strategy2.npz,0-127,COLOR,-,FN
continuous_0276_S5_strategy2.npz,630-757,NUMBER,-,FN
continuous_0276_S5_strategy2.npz,254-382,DAYS,NUMBER,FN
continuous_0277_S5_strategy2.npz,0-177,-,GREETING,FP
continuous_0277_S5_strategy2.npz,177-354,SURVIVAL,SURVIVAL,TP
continuous_0277_S5_strategy2.npz,354-532,FOOD,SURVIVAL,FP
continuous_0277_S5_strategy2.npz,532-711,RELATIONSHIPS,RELATIONSHIPS,TP
continuous_0277_S5_strategy2.npz,711-888,DRINK,FOOD,FP
continuous_0277_S5_strategy2.npz,0-127,NUMBER,-,FN
continuous_0277_S5_strategy2.npz,127-254,COLOR,-,FN
continuous_0277_S5_strategy2.npz,635-756,DAYS,-,FN
continuous_0277_S5_strategy2.npz,382-509,FOOD,SURVIVAL,FN
continuous_0277_S5_strategy2.npz,756-885,DRINK,FOOD,FN
continuous_0278_S5_strategy2.npz,0-172,CALENDAR,CALENDAR,TP
continuous_0278_S5_strategy2.npz,172-519,NUMBER,NUMBER,TP
continuous_0278_S5_strategy2.npz,519-693,-,GREETING,FP
continuous_0278_S5_strategy2.npz,693-867,SURVIVAL,FOOD,FP
continuous_0278_S5_strategy2.npz,256-385,FAMILY,-,FN
continuous_0278_S5_strategy2.npz,385-504,DRINK,-,FN
continuous_0278_S5_strategy2.npz,504-632,RELATIONSHIPS,-,FN
continuous_0278_S5_strategy2.npz,742-865,DAYS,-,FN
continuous_0278_S5_strategy2.npz,632-742,SURVIVAL,FOOD,FN
continuous_0279_S5_strategy2.npz,0-153,SURVIVAL,FAMILY,FP
continuous_0279_S5_strategy2.npz,153-306,-,SURVIVAL,FP
continuous_0279_S5_strategy2.npz,306-459,-,CALENDAR,FP
continuous_0279_S5_strategy2.npz,459-612,-,CALENDAR,FP
continuous_0279_S5_strategy2.npz,612-765,DAYS,DAYS,TP
continuous_0279_S5_strategy2.npz,127-255,DRINK,-,FN
continuous_0279_S5_strategy2.npz,255-382,NUMBER,-,FN
continuous_0279_S5_strategy2.npz,382-510,CALENDAR,-,FN
continuous_0279_S5_strategy2.npz,635-763,COLOR,-,FN
continuous_0279_S5_strategy2.npz,0-127,SURVIVAL,FAMILY,FN
continuous_0280_S5_strategy2.npz,0-147,FOOD,FOOD,TP
continuous_0280_S5_strategy2.npz,147-297,DAYS,DRINK,FP
continuous_0280_S5_strategy2.npz,297-445,DRINK,FOOD,FP
continuous_0280_S5_strategy2.npz,445-594,SURVIVAL,SURVIVAL,TP
continuous_0280_S5_strategy2.npz,594-744,GREETING,GREETING,TP
continuous_0280_S5_strategy2.npz,744-892,FAMILY,FAMILY,TP
continuous_0280_S5_strategy2.npz,255-383,COLOR,-,FN
continuous_0280_S5_strategy2.npz,128-255,DAYS,DRINK,FN
continuous_0280_S5_strategy2.npz,383-510,DRINK,FOOD,FN
continuous_0281_S5_strategy2.npz,0-294,RELATIONSHIPS,RELATIONSHIPS,TP
continuous_0281_S5_strategy2.npz,294-589,COLOR,RELATIONSHIPS,FP
continuous_0281_S5_strategy2.npz,589-885,FOOD,GREETING,FP
continuous_0281_S5_strategy2.npz,0-132,GREETING,-,FN
continuous_0281_S5_strategy2.npz,260-388,DRINK,-,FN
continuous_0281_S5_strategy2.npz,388-503,SURVIVAL,-,FN
continuous_0281_S5_strategy2.npz,631-758,NUMBER,-,FN
continuous_0281_S5_strategy2.npz,503-631,COLOR,RELATIONSHIPS,FN
continuous_0281_S5_strategy2.npz,758-883,FOOD,GREETING,FN
continuous_0282_S5_strategy2.npz,0-180,SURVIVAL,SURVIVAL,TP
continuous_0282_S5_strategy2.npz,180-363,CALENDAR,CALENDAR,TP
continuous_0282_S5_strategy2.npz,363-544,FAMILY,FAMILY,TP
continuous_0282_S5_strategy2.npz,544-726,-,RELATIONSHIPS,FP
continuous_0282_S5_strategy2.npz,726-909,GREETING,GREETING,TP
continuous_0282_S5_strategy2.npz,127-259,RELATIONSHIPS,-,FN
continuous_0282_S5_strategy2.npz,514-640,DRINK,-,FN
continuous_0282_S5_strategy2.npz,640-767,FOOD,-,FN
continuous_0283_S5_strategy2.npz,0-382,-,CALENDAR,FP
continuous_0283_S5_strategy2.npz,382-765,NUMBER,NUMBER,TP
continuous_0283_S5_strategy2.npz,0-131,GREETING,-,FN
continuous_0283_S5_strategy2.npz,131-260,DRINK,-,FN
continuous_0283_S5_strategy2.npz,260-387,SURVIVAL,-,FN
continuous_0283_S5_strategy2.npz,387-510,CALENDAR,-,FN
continuous_0283_S5_strategy2.npz,510-637,RELATIONSHIPS,-,FN
continuous_0284_S5_strategy2.npz,0-150,FOOD,FOOD,TP
continuous_0284_S5_strategy2.npz,150-300,GREETING,GREETING,TP
continuous_0284_S5_strategy2.npz,300-451,-,CALENDAR,FP
continuous_0284_S5_strategy2.npz,451-601,COLOR,FOOD,FP
continuous_0284_S5_strategy2.npz,601-753,-,FOOD,FP
continuous_0284_S5_strategy2.npz,753-903,-,FOOD,FP
continuous_0284_S5_strategy2.npz,262-389,CALENDAR,-,FN
continuous_0284_S5_strategy2.npz,518-647,DRINK,-,FN
continuous_0284_S5_strategy2.npz,647-773,DAYS,-,FN
continuous_0284_S5_strategy2.npz,773-900,NUMBER,-,FN
continuous_0284_S5_strategy2.npz,389-518,COLOR,FOOD,FN
continuous_0285_S5_strategy2.npz,0-192,DRINK,DRINK,TP
continuous_0285_S5_strategy2.npz,192-387,CALENDAR,CALENDAR,TP
continuous_0285_S5_strategy2.npz,387-580,-,FAMILY,FP
continuous_0285_S5_strategy2.npz,580-774,GREETING,GREETING,TP
continuous_0285_S5_strategy2.npz,255-384,FAMILY,-,FN
continuous_0285_S5_strategy2.npz,384-511,RELATIONSHIPS,-,FN
continuous_0285_S5_strategy2.npz,644-771,COLOR,-,FN
continuous_0286_S5_strategy2.npz,0-153,DRINK,FOOD,FP
continuous_0286_S5_strategy2.npz,153-309,-,DRINK,FP
continuous_0286_S5_strategy2.npz,309-463,-,CALENDAR,FP
continuous_0286_S5_strategy2.npz,463-618,-,FOOD,FP
continuous_0286_S5_strategy2.npz,618-774,FOOD,FOOD,TP
continuous_0286_S5_strategy2.npz,127-280,CALENDAR,-,FN
continuous_0286_S5_strategy2.npz,280-407,COLOR,-,FN
continuous_0286_S5_strategy2.npz,407-516,SURVIVAL,-,FN
continuous_0286_S5_strategy2.npz,644-771,NUMBER,-,FN
continuous_0286_S5_strategy2.npz,0-127,DRINK,FOOD,FN
continuous_0287_S5_strategy2.npz,0-127,DAYS,DAYS,TP
continuous_0287_S5_strategy2.npz,127-256,NUMBER,NUMBER,TP
continuous_0287_S5_strategy2.npz,256-384,RELATIONSHIPS,FAMILY,FP
continuous_0287_S5_strategy2.npz,384-513,FOOD,FOOD,TP
continuous_0287_S5_strategy2.npz,513-642,CALENDAR,CALENDAR,TP
continuous_0287_S5_strategy2.npz,642-771,FAMILY,FAMILY,TP
continuous_0287_S5_strategy2.npz,254-382,RELATIONSHIPS,FAMILY,FN
continuous_0288_S5_strategy2.npz,444-888,FOOD,FOOD,TP
continuous_0288_S5_strategy2.npz,0-127,RELATIONSHIPS,-,FN
continuous_0288_S5_strategy2.npz,127-254,DAYS,-,FN
continuous_0288_S5_strategy2.npz,254-383,SURVIVAL,-,FN
continuous_0288_S5_strategy2.npz,383-503,FAMILY,-,FN
continuous_0288_S5_strategy2.npz,503-630,CALENDAR,-,FN
continuous_0288_S5_strategy2.npz,630-759,GREETING,-,FN
continuous_0289_S5_strategy2.npz,0-253,FOOD,FOOD,TP
continuous_0289_S5_strategy2.npz,253-507,-,SURVIVAL,FP
continuous_0289_S5_strategy2.npz,507-762,GREETING,GREETING,TP
continuous_0289_S5_strategy2.npz,127-254,FAMILY,-,FN
continuous_0289_S5_strategy2.npz,254-380,RELATIONSHIPS,-,FN
continuous_0289_S5_strategy2.npz,380-507,SURVIVAL,-,FN
continuous_0289_S5_strategy2.npz,507-634,DRINK,-,FN
continuous_0290_S5_strategy2.npz,0-267,GREETING,GREETING,TP
continuous_0290_S5_strategy2.npz,267-402,-,DAYS,FP
continuous_0290_S5_strategy2.npz,402-535,-,RELATIONSHIPS,FP
continuous_0290_S5_strategy2.npz,535-669,-,FAMILY,FP
continuous_0290_S5_strategy2.npz,669-804,FOOD,FAMILY,FP
continuous_0290_S5_strategy2.npz,0-127,CALENDAR,-,FN
continuous_0290_S5_strategy2.npz,304-430,NUMBER,-,FN
continuous_0290_S5_strategy2.npz,430-558,COLOR,-,FN
continuous_0290_S5_strategy2.npz,558-679,FAMILY,-,FN
continuous_0290_S5_strategy2.npz,679-802,FOOD,FAMILY,FN
continuous_0291_S5_strategy2.npz,151-303,FAMILY,FAMILY,TP
continuous_0291_S5_strategy2.npz,303-456,GREETING,GREETING,TP
continuous_0291_S5_strategy2.npz,456-609,RELATIONSHIPS,RELATIONSHIPS,TP
continuous_0291_S5_strategy2.npz,609-762,FOOD,FOOD,TP
continuous_0291_S5_strategy2.npz,0-117,SURVIVAL,-,FN
continuous_0291_S5_strategy2.npz,246-373,NUMBER,-,FN
continuous_0292_S5_strategy2.npz,0-187,DAYS,FAMILY,FP
continuous_0292_S5_strategy2.npz,187-565,CALENDAR,CALENDAR,TP
continuous_0292_S5_strategy2.npz,565-754,SURVIVAL,SURVIVAL,TP
continuous_0292_S5_strategy2.npz,254-377,RELATIONSHIPS,-,FN
continuous_0292_S5_strategy2.npz,377-502,NUMBER,-,FN
continuous_0292_S5_strategy2.npz,502-624,DRINK,-,FN
continuous_0292_S5_strategy2.npz,0-127,DAYS,FAMILY,FN
continuous_0293_S5_strategy2.npz,0-195,SURVIVAL,DAYS,FP
continuous_0293_S5_strategy2.npz,195-294,CALENDAR,CALENDAR,TP
continuous_0293_S5_strategy2.npz,294-490,DAYS,DAYS,TP
continuous_0293_S5_strategy2.npz,490-588,COLOR,FOOD,FP
continuous_0293_S5_strategy2.npz,588-784,DRINK,COLOR,FP
continuous_0293_S5_strategy2.npz,784-883,-,RELATIONSHIPS,FP
continuous_0293_S5_strategy2.npz,634-761,NUMBER,-,FN
continuous_0293_S5_strategy2.npz,761-881,RELATIONSHIPS,-,FN
continuous_0293_S5_strategy2.npz,0-126,SURVIVAL,DAYS,FN
continuous_0293_S5_strategy2.npz,379-507,COLOR,FOOD,FN
continuous_0293_S5_strategy2.npz,507-634,DRINK,COLOR,FN
continuous_0294_S5_strategy2.npz,0-147,-,GREETING,FP
continuous_0294_S5_strategy2.npz,147-297,-,GREETING,FP
continuous_0294_S5_strategy2.npz,297-594,FAMILY,FAMILY,TP
continuous_0294_S5_strategy2.npz,594-742,CALENDAR,CALENDAR,TP
continuous_0294_S5_strategy2.npz,742-891,COLOR,FOOD,FP
continuous_0294_S5_strategy2.npz,0-124,GREETING,-,FN
continuous_0294_S5_strategy2.npz,124-252,FOOD,-,FN
continuous_0294_S5_strategy2.npz,252-380,DAYS,-,FN
continuous_0294_S5_strategy2.npz,380-505,RELATIONSHIPS,-,FN
continuous_0294_S5_strategy2.npz,760-888,COLOR,FOOD,FN
continuous_0295_S5_strategy2.npz,0-195,-,GREETING,FP
continuous_0295_S5_strategy2.npz,195-393,-,NUMBER,FP
continuous_0295_S5_strategy2.npz,393-588,-,NUMBER,FP
continuous_0295_S5_strategy2.npz,588-786,GREETING,GREETING,TP
continuous_0295_S5_strategy2.npz,0-127,DRINK,-,FN
continuous_0295_S5_strategy2.npz,127-251,RELATIONSHIPS,-,FN
continuous_0295_S5_strategy2.npz,251-378,DAYS,-,FN
continuous_0295_S5_strategy2.npz,378-506,NUMBER,-,FN
continuous_0295_S5_strategy2.npz,654-783,SURVIVAL,-,FN
continuous_0296_S5_strategy2.npz,0-222,FOOD,FOOD,TP
continuous_0296_S5_strategy2.npz,222-444,RELATIONSHIPS,FAMILY,FP
continuous_0296_S5_strategy2.npz,444-888,-,DAYS,FP
continuous_0296_S5_strategy2.npz,121-249,NUMBER,-,FN
continuous_0296_S5_strategy2.npz,376-503,SURVIVAL,-,FN
continuous_0296_S5_strategy2.npz,503-630,DAYS,-,FN
continuous_0296_S5_strategy2.npz,630-757,CALENDAR,-,FN
continuous_0296_S5_strategy2.npz,757-885,COLOR,-,FN
continuous_0296_S5_strategy2.npz,249-376,RELATIONSHIPS,FAMILY,FN
continuous_0297_S5_strategy2.npz,0-178,CALENDAR,CALENDAR,TP
continuous_0297_S5_strategy2.npz,178-357,FAMILY,FAMILY,TP
continuous_0297_S5_strategy2.npz,357-537,DRINK,GREETING,FP
continuous_0297_S5_strategy2.npz,537-715,SURVIVAL,SURVIVAL,TP
continuous_0297_S5_strategy2.npz,715-894,COLOR,COLOR,TP
continuous_0297_S5_strategy2.npz,383-510,NUMBER,-,FN
continuous_0297_S5_strategy2.npz,763-891,DAYS,-,FN
continuous_0297_S5_strategy2.npz,255-383,DRINK,GREETING,FN
continuous_0298_S5_strategy2.npz,0-126,RELATIONSHIPS,FOOD,FP
continuous_0298_S5_strategy2.npz,126-382,-,CALENDAR,FP
continuous_0298_S5_strategy2.npz,382-510,-,FAMILY,FP
continuous_0298_S5_strategy2.npz,510-637,-,FOOD,FP
continuous_0298_S5_strategy2.npz,637-765,DAYS,DAYS,TP
continuous_0298_S5_strategy2.npz,765-894,SURVIVAL,SURVIVAL,TP
continuous_0298_S5_strategy2.npz,128-255,CALENDAR,-,FN
continuous_0298_S5_strategy2.npz,255-383,FAMILY,-,FN
continuous_0298_S5_strategy2.npz,383-509,FOOD,-,FN
continuous_0298_S5_strategy2.npz,509-636,NUMBER,-,FN
continuous_0298_S5_strategy2.npz,0-128,RELATIONSHIPS,FOOD,FN
continuous_0299_S5_strategy2.npz,0-156,COLOR,FOOD,FP
continuous_0299_S5_strategy2.npz,156-312,DRINK,DRINK,TP
continuous_0299_S5_strategy2.npz,312-468,FOOD,FOOD,TP
continuous_0299_S5_strategy2.npz,468-624,FAMILY,RELATIONSHIPS,FP
continuous_0299_S5_strategy2.npz,624-781,-,GREETING,FP
continuous_0299_S5_strategy2.npz,500-628,DAYS,-,FN
continuous_0299_S5_strategy2.npz,628-780,GREETING,-,FN
continuous_0299_S5_strategy2.npz,0-126,COLOR,FOOD,FN
continuous_0299_S5_strategy2.npz,374-500,FAMILY,RELATIONSHIPS,FN
continuous_0300_S5_strategy2.npz,0-129,GREETING,GREETING,TP
continuous_0300_S5_strategy2.npz,129-258,SURVIVAL,SURVIVAL,TP
continuous_0300_S5_strategy2.npz,258-387,DRINK,DAYS,FP
continuous_0300_S5_strategy2.npz,387-516,FAMILY,FAMILY,TP
continuous_0300_S5_strategy2.npz,516-645,RELATIONSHIPS,FOOD,FP
continuous_0300_S5_strategy2.npz,645-774,DAYS,DAYS,TP
continuous_0300_S5_strategy2.npz,266-393,DRINK,DAYS,FN
continuous_0300_S5_strategy2.npz,521-648,RELATIONSHIPS,FOOD,FN
continuous_0301_S5_strategy2.npz,0-447,FOOD,FOOD,TP
continuous_0301_S5_strategy2.npz,447-897,SURVIVAL,SURVIVAL,TP
continuous_0301_S5_strategy2.npz,0-127,FAMILY,-,FN
continuous_0301_S5_strategy2.npz,127-254,COLOR,-,FN
continuous_0301_S5_strategy2.npz,382-514,CALENDAR,-,FN
continuous_0301_S5_strategy2.npz,641-767,RELATIONSHIPS,-,FN
continuous_0301_S5_strategy2.npz,767-894,NUMBER,-,FN
continuous_0302_S5_strategy2.npz,0-195,SURVIVAL,SURVIVAL,TP
continuous_0302_S5_strategy2.npz,195-391,FOOD,FOOD,TP
continuous_0302_S5_strategy2.npz,391-588,CALENDAR,CALENDAR,TP
continuous_0302_S5_strategy2.npz,588-783,COLOR,COLOR,TP
continuous_0302_S5_strategy2.npz,0-125,NUMBER,-,FN
continuous_0302_S5_strategy2.npz,524-654,GREETING,-,FN
continuous_0303_S5_strategy2.npz,0-153,DRINK,DRINK,TP
continuous_0303_S5_strategy2.npz,153-309,GREETING,GREETING,TP
continuous_0303_S5_strategy2.npz,309-463,-,CALENDAR,FP
continuous_0303_S5_strategy2.npz,463-618,CALENDAR,CALENDAR,TP
continuous_0303_S5_strategy2.npz,618-774,DAYS,DAYS,TP
continuous_0303_S5_strategy2.npz,774-928,FOOD,FOOD,TP
continuous_0303_S5_strategy2.npz,292-419,RELATIONSHIPS,-,FN
continuous_0303_S5_strategy2.npz,802-925,COLOR,-,FN
continuous_0304_S5_strategy2.npz,0-306,FOOD,FOOD,TP
continuous_0304_S5_strategy2.npz,306-459,-,COLOR,FP
continuous_0304_S5_strategy2.npz,459-612,FAMILY,FAMILY,TP
continuous_0304_S5_strategy2.npz,612-765,-,FOOD,FP
continuous_0304_S5_strategy2.npz,0-127,RELATIONSHIPS,-,FN
continuous_0304_S5_strategy2.npz,254-381,COLOR,-,FN
continuous_0304_S5_strategy2.npz,507-634,DRINK,-,FN
continuous_0304_S5_strategy2.npz,634-762,DAYS,-,FN
continuous_0305_S5_strategy2.npz,0-222,-,CALENDAR,FP
continuous_0305_S5_strategy2.npz,222-447,-,NUMBER,FP
continuous_0305_S5_strategy2.npz,447-670,FAMILY,FAMILY,TP
continuous_0305_S5_strategy2.npz,670-894,SURVIVAL,GREETING,FP
continuous_0305_S5_strategy2.npz,0-127,RELATIONSHIPS,-,FN
continuous_0305_S5_strategy2.npz,127-254,FOOD,-,FN
continuous_0305_S5_strategy2.npz,254-381,CALENDAR,-,FN
continuous_0305_S5_strategy2.npz,381-508,NUMBER,-,FN
continuous_0305_S5_strategy2.npz,763-890,DAYS,-,FN
continuous_0305_S5_strategy2.npz,635-763,SURVIVAL,GREETING,FN
continuous_0306_S5_strategy2.npz,0-192,FOOD,FOOD,TP
continuous_0306_S5_strategy2.npz,192-384,DRINK,FOOD,FP
continuous_0306_S5_strategy2.npz,384-576,SURVIVAL,SURVIVAL,TP
continuous_0306_S5_strategy2.npz,576-768,CALENDAR,CALENDAR,TP
continuous_0306_S5_strategy2.npz,0-128,NUMBER,-,FN
continuous_0306_S5_strategy2.npz,382-509,DAYS,-,FN
continuous_0306_S5_strategy2.npz,255-382,DRINK,FOOD,FN
continuous_0307_S5_strategy2.npz,0-177,RELATIONSHIPS,RELATIONSHIPS,TP
continuous_0307_S5_strategy2.npz,177-355,COLOR,SURVIVAL,FP
continuous_0307_S5_strategy2.npz,355-534,FOOD,COLOR,FP
continuous_0307_S5_strategy2.npz,534-712,GREETING,GREETING,TP
continuous_0307_S5_strategy2.npz,712-891,DRINK,FOOD,FP
continuous_0307_S5_strategy2.npz,127-244,SURVIVAL,-,FN
continuous_0307_S5_strategy2.npz,634-761,DAYS,-,FN
continuous_0307_S5_strategy2.npz,244-371,COLOR,SURVIVAL,FN
continuous_0307_S5_strategy2.npz,371-498,FOOD,COLOR,FN
continuous_0307_S5_strategy2.npz,761-888,DRINK,FOOD,FN
continuous_0308_S5_strategy2.npz,0-189,-,SURVIVAL,FP
continuous_0308_S5_strategy2.npz,189-378,DRINK,GREETING,FP
continuous_0308_S5_strategy2.npz,378-567,-,CALENDAR,FP
continuous_0308_S5_strategy2.npz,567-756,FAMILY,FAMILY,TP
continuous_0308_S5_strategy2.npz,0-127,FOOD,-,FN
continuous_0308_S5_strategy2.npz,127-254,SURVIVAL,-,FN
continuous_0308_S5_strategy2.npz,372-500,CALENDAR,-,FN
continuous_0308_S5_strategy2.npz,500-628,DAYS,-,FN
continuous_0308_S5_strategy2.npz,254-372,DRINK,GREETING,FN
continuous_0309_S5_strategy2.npz,190-382,DRINK,FAMILY,FP
continuous_0309_S5_strategy2.npz,382-574,DAYS,FOOD,FP
continuous_0309_S5_strategy2.npz,574-766,RELATIONSHIPS,RELATIONSHIPS,TP
continuous_0309_S5_strategy2.npz,0-127,GREETING,-,FN
continuous_0309_S5_strategy2.npz,127-255,SURVIVAL,-,FN
continuous_0309_S5_strategy2.npz,511-637,FAMILY,-,FN
continuous_0309_S5_strategy2.npz,255-383,DRINK,FAMILY,FN
continuous_0309_S5_strategy2.npz,383-511,DAYS,FOOD,FN
continuous_0310_S5_strategy2.npz,0-154,NUMBER,NUMBER,TP
continuous_0310_S5_strategy2.npz,154-309,FOOD,FOOD,TP
continuous_0310_S5_strategy2.npz,309-465,-,FOOD,FP
continuous_0310_S5_strategy2.npz,465-621,GREETING,GREETING,TP
continuous_0310_S5_strategy2.npz,621-777,DAYS,GREETING,FP
continuous_0310_S5_strategy2.npz,255-383,DRINK,-,FN
continuous_0310_S5_strategy2.npz,383-510,COLOR,-,FN
continuous_0310_S5_strategy2.npz,645-773,DAYS,GREETING,FN
continuous_0311_S5_strategy2.npz,0-216,DRINK,FOOD,FP
continuous_0311_S5_strategy2.npz,216-324,GREETING,GREETING,TP
continuous_0311_S5_strategy2.npz,324-432,FOOD,FOOD,TP
continuous_0311_S5_strategy2.npz,432-756,-,SURVIVAL,FP
continuous_0311_S5_strategy2.npz,380-509,SURVIVAL,-,FN
continuous_0311_S5_strategy2.npz,509-633,NUMBER,-,FN
continuous_0311_S5_strategy2.npz,633-754,RELATIONSHIPS,-,FN
continuous_0311_S5_strategy2.npz,0-126,DRINK,FOOD,FN
continuous_0312_S5_strategy2.npz,0-297,COLOR,FOOD,FP
continuous_0312_S5_strategy2.npz,297-595,FAMILY,FAMILY,TP
continuous_0312_S5_strategy2.npz,595-894,DAYS,DAYS,TP
continuous_0312_S5_strategy2.npz,126-254,GREETING,-,FN
continuous_0312_S5_strategy2.npz,254-381,RELATIONSHIPS,-,FN
continuous_0312_S5_strategy2.npz,636-763,DRINK,-,FN
continuous_0312_S5_strategy2.npz,763-891,NUMBER,-,FN
continuous_0312_S5_strategy2.npz,0-126,COLOR,FOOD,FN
continuous_0313_S5_strategy2.npz,0-105,DRINK,DRINK,TP
continuous_0313_S5_strategy2.npz,105-213,COLOR,FOOD,FP
continuous_0313_S5_strategy2.npz,213-318,-,FOOD,FP
continuous_0313_S5_strategy2.npz,318-426,SURVIVAL,GREETING,FP
continuous_0313_S5_strategy2.npz,426-531,CALENDAR,CALENDAR,TP
continuous_0313_S5_strategy2.npz,531-639,FAMILY,FAMILY,TP
continuous_0313_S5_strategy2.npz,639-745,GREETING,GREETING,TP
continuous_0313_S5_strategy2.npz,127-250,COLOR,FOOD,FN
continuous_0313_S5_strategy2.npz,250-365,SURVIVAL,GREETING,FN
continuous_0314_S5_strategy2.npz,0-222,FOOD,FOOD,TP
continuous_0314_S5_strategy2.npz,222-669,-,COLOR,FP
continuous_0314_S5_strategy2.npz,669-891,SURVIVAL,SURVIVAL,TP
continuous_0314_S5_strategy2.npz,0-128,DAYS,-,FN
continuous_0314_S5_strategy2.npz,259-386,NUMBER,-,FN
continuous_0314_S5_strategy2.npz,386-514,RELATIONSHIPS,-,FN
continuous_0314_S5_strategy2.npz,514-633,CALENDAR,-,FN
continuous_0314_S5_strategy2.npz,633-761,COLOR,-,FN
continuous_0315_S5_strategy2.npz,0-126,DAYS,DAYS,TP
continuous_0315_S5_strategy2.npz,126-379,-,GREETING,FP
continuous_0315_S5_strategy2.npz,379-506,DRINK,FOOD,FP
continuous_0315_S5_strategy2.npz,506-633,NUMBER,NUMBER,TP
continuous_0315_S5_strategy2.npz,633-760,-,CALENDAR,FP
continuous_0315_S5_strategy2.npz,126-252,GREETING,-,FN
continuous_0315_S5_strategy2.npz,252-376,SURVIVAL,-,FN
continuous_0315_S5_strategy2.npz,631-758,CALENDAR,-,FN
continuous_0315_S5_strategy2.npz,376-503,DRINK,FOOD,FN
continuous_0316_S5_strategy2.npz,0-180,DAYS,DAYS,TP
continuous_0316_S5_strategy2.npz,180-361,DRINK,COLOR,FP
continuous_0316_S5_strategy2.npz,361-543,RELATIONSHIPS,GREETING,FP
continuous_0316_S5_strategy2.npz,543-724,COLOR,COLOR,TP
continuous_0316_S5_strategy2.npz,724-906,NUMBER,NUMBER,TP
continuous_0316_S5_strategy2.npz,253-380,FAMILY,-,FN
continuous_0316_S5_strategy2.npz,763-903,GREETING,-,FN
continuous_0316_S5_strategy2.npz,126-253,DRINK,COLOR,FN
continuous_0316_S5_strategy2.npz,380-507,RELATIONSHIPS,GREETING,FN
continuous_0317_S5_strategy2.npz,0-121,-,DAYS,FP
continuous_0317_S5_strategy2.npz,121-243,FAMILY,FAMILY,TP
continuous_0317_S5_strategy2.npz,243-366,RELATIONSHIPS,RELATIONSHIPS,TP
continuous_0317_S5_strategy2.npz,366-487,DRINK,FAMILY,FP
continuous_0317_S5_strategy2.npz,487-609,FOOD,FOOD,TP
continuous_0317_S5_strategy2.npz,609-732,SURVIVAL,SURVIVAL,TP
continuous_0317_S5_strategy2.npz,0-125,NUMBER,-,FN
continuous_0317_S5_strategy2.npz,347-475,DRINK,FAMILY,FN
continuous_0318_S5_strategy2.npz,0-178,-,FAMILY,FP
continuous_0318_S5_strategy2.npz,178-357,DAYS,FAMILY,FP
continuous_0318_S5_strategy2.npz,357-537,-,NUMBER,FP
continuous_0318_S5_strategy2.npz,537-715,COLOR,CALENDAR,FP
continuous_0318_S5_strategy2.npz,715-895,FOOD,FOOD,TP
continuous_0318_S5_strategy2.npz,0-127,FAMILY,-,FN
continuous_0318_S5_strategy2.npz,127-254,RELATIONSHIPS,-,FN
continuous_0318_S5_strategy2.npz,379-506,NUMBER,-,FN
continuous_0318_S5_strategy2.npz,506-635,SURVIVAL,-,FN
continuous_0318_S5_strategy2.npz,254-379,DAYS,FAMILY,FN
continuous_0318_S5_strategy2.npz,635-763,COLOR,CALENDAR,FN
continuous_0319_S5_strategy2.npz,0-223,-,FOOD,FP
continuous_0319_S5_strategy2.npz,223-447,COLOR,FOOD,FP
continuous_0319_S5_strategy2.npz,447-672,-,FOOD,FP
continuous_0319_S5_strategy2.npz,672-895,-,GREETING,FP
continuous_0319_S5_strategy2.npz,0-125,FOOD,-,FN
continuous_0319_S5_strategy2.npz,253-381,DAYS,-,FN
continuous_0319_S5_strategy2.npz,381-510,SURVIVAL,-,FN
continuous_0319_S5_strategy2.npz,510-637,FAMILY,-,FN
continuous_0319_S5_strategy2.npz,637-764,RELATIONSHIPS,-,FN
continuous_0319_S5_strategy2.npz,764-892,CALENDAR,-,FN
continuous_0319_S5_strategy2.npz,125-253,COLOR,FOOD,FN
continuous_0320_S5_strategy2.npz,0-111,COLOR,COLOR,TP
continuous_0320_S5_strategy2.npz,111-336,GREETING,GREETING,TP
continuous_0320_S5_strategy2.npz,336-448,FAMILY,FAMILY,TP
continuous_0320_S5_strategy2.npz,448-561,SURVIVAL,SURVIVAL,TP
continuous_0320_S5_strategy2.npz,561-672,FOOD,FAMILY,FP
continuous_0320_S5_strategy2.npz,672-784,RELATIONSHIPS,RELATIONSHIPS,TP
continuous_0320_S5_strategy2.npz,784-897,CALENDAR,CALENDAR,TP
continuous_0320_S5_strategy2.npz,521-645,FOOD,FAMILY,FN
continuous_0321_S5_strategy2.npz,0-189,FAMILY,FAMILY,TP
continuous_0321_S5_strategy2.npz,189-378,GREETING,GREETING,TP
continuous_0321_S5_strategy2.npz,378-568,-,RELATIONSHIPS,FP
continuous_0321_S5_strategy2.npz,568-759,FOOD,COLOR,FP
continuous_0321_S5_strategy2.npz,249-376,RELATIONSHIPS,-,FN
continuous_0321_S5_strategy2.npz,376-504,COLOR,-,FN
continuous_0321_S5_strategy2.npz,629-756,CALENDAR,-,FN
continuous_0321_S5_strategy2.npz,504-629,FOOD,COLOR,FN
continuous_0322_S5_strategy2.npz,253-381,-,CALENDAR,FP
continuous_0322_S5_strategy2.npz,381-634,CALENDAR,CALENDAR,TP
continuous_0322_S5_strategy2.npz,634-762,COLOR,COLOR,TP
continuous_0322_S5_strategy2.npz,762-888,CALENDAR,CALENDAR,TP
continuous_0322_S5_strategy2.npz,0-127,CALENDAR,-,FN
continuous_0322_S5_strategy2.npz,127-254,CALENDAR,-,FN
continuous_0322_S5_strategy2.npz,254-382,CALENDAR,-,FN
continuous_0322_S5_strategy2.npz,509-636,CALENDAR,-,FN
continuous_0323_S5_strategy2.npz,0-177,COLOR,COLOR,TP
continuous_0323_S5_strategy2.npz,177-532,-,GREETING,FP
continuous_0323_S5_strategy2.npz,532-888,COLOR,COLOR,TP
continuous_0323_S5_strategy2.npz,127-253,GREETING,-,FN
continuous_0323_S5_strategy2.npz,253-381,COLOR,-,FN
continuous_0323_S5_strategy2.npz,381-510,RELATIONSHIPS,-,FN
continuous_0323_S5_strategy2.npz,638-765,CALENDAR,-,FN
continuous_0323_S5_strategy2.npz,765-885,COLOR,-,FN
continuous_0324_S5_strategy2.npz,0-291,GREETING,GREETING,TP
continuous_0324_S5_strategy2.npz,291-583,FAMILY,FAMILY,TP
continuous_0324_S5_strategy2.npz,583-876,COLOR,COLOR,TP
continuous_0324_S5_strategy2.npz,0-120,CALENDAR,-,FN
continuous_0324_S5_strategy2.npz,374-500,FAMILY,-,FN
continuous_0324_S5_strategy2.npz,620-747,COLOR,-,FN
continuous_0324_S5_strategy2.npz,747-874,FAMILY,-,FN
continuous_0325_S5_strategy2.npz,0-126,-,CALENDAR,FP
continuous_0325_S5_strategy2.npz,126-253,-,FAMILY,FP
continuous_0325_S5_strategy2.npz,253-381,-,GREETING,FP
continuous_0325_S5_strategy2.npz,381-507,-,GREETING,FP
continuous_0325_S5_strategy2.npz,507-762,GREETING,GREETING,TP
continuous_0325_S5_strategy2.npz,762-889,COLOR,COLOR,TP
continuous_0325_S5_strategy2.npz,0-118,COLOR,-,FN
continuous_0325_S5_strategy2.npz,118-248,CALENDAR,-,FN
continuous_0325_S5_strategy2.npz,248-371,FAMILY,-,FN
continuous_0325_S5_strategy2.npz,371-499,RELATIONSHIPS,-,FN
continuous_0325_S5_strategy2.npz,499-618,GREETING,-,FN
continuous_0326_S5_strategy2.npz,0-222,CALENDAR,CALENDAR,TP
continuous_0326_S5_strategy2.npz,222-447,COLOR,FOOD,FP
continuous_0326_S5_strategy2.npz,447-670,-,CALENDAR,FP
continuous_0326_S5_strategy2.npz,670-894,COLOR,COLOR,TP
continuous_0326_S5_strategy2.npz,127-254,RELATIONSHIPS,-,FN
continuous_0326_S5_strategy2.npz,254-383,CALENDAR,-,FN
continuous_0326_S5_strategy2.npz,511-636,COLOR,-,FN
continuous_0326_S5_strategy2.npz,636-763,CALENDAR,-,FN
continuous_0326_S5_strategy2.npz,383-511,COLOR,FOOD,FN
continuous_0327_S5_strategy2.npz,0-150,-,GREETING,FP
continuous_0327_S5_strategy2.npz,150-300,-,FOOD,FP
continuous_0327_S5_strategy2.npz,300-450,COLOR,COLOR,TP
continuous_0327_S5_strategy2.npz,450-600,GREETING,GREETING,TP
continuous_0327_S5_strategy2.npz,600-750,COLOR,FOOD,FP
continuous_0327_S5_strategy2.npz,750-900,CALENDAR,CALENDAR,TP
continuous_0327_S5_strategy2.npz,0-127,RELATIONSHIPS,-,FN
continuous_0327_S5_strategy2.npz,127-262,GREETING,-,FN
continuous_0327_S5_strategy2.npz,262-389,COLOR,-,FN
continuous_0327_S5_strategy2.npz,642-769,COLOR,FOOD,FN
continuous_0328_S5_strategy2.npz,0-177,-,CALENDAR,FP
continuous_0328_S5_strategy2.npz,177-354,GREETING,GREETING,TP
continuous_0328_S5_strategy2.npz,354-531,GREETING,GREETING,TP
continuous_0328_S5_strategy2.npz,531-708,COLOR,COLOR,TP
continuous_0328_S5_strategy2.npz,708-886,-,RELATIONSHIPS,FP
continuous_0328_S5_strategy2.npz,0-126,RELATIONSHIPS,-,FN
continuous_0328_S5_strategy2.npz,126-253,CALENDAR,-,FN
continuous_0328_S5_strategy2.npz,638-766,FAMILY,-,FN
continuous_0328_S5_strategy2.npz,766-884,RELATIONSHIPS,-,FN
continuous_0329_S5_strategy2.npz,0-126,COLOR,COLOR,TP
continuous_0329_S5_strategy2.npz,126-255,COLOR,FOOD,FP
continuous_0329_S5_strategy2.npz,255-381,CALENDAR,CALENDAR,TP
continuous_0329_S5_strategy2.npz,381-510,COLOR,FOOD,FP
continuous_0329_S5_strategy2.npz,510-636,-,FOOD,FP
continuous_0329_S5_strategy2.npz,636-765,COLOR,COLOR,TP
continuous_0329_S5_strategy2.npz,765-892,COLOR,COLOR,TP
continuous_0329_S5_strategy2.npz,509-636,COLOR,-,FN
continuous_0329_S5_strategy2.npz,127-254,COLOR,FOOD,FN
continuous_0329_S5_strategy2.npz,382-509,COLOR,FOOD,FN
continuous_0330_S5_strategy2.npz,0-126,COLOR,COLOR,TP
continuous_0330_S5_strategy2.npz,126-252,CALENDAR,CALENDAR,TP
continuous_0330_S5_strategy2.npz,252-379,COLOR,FOOD,FP
continuous_0330_S5_strategy2.npz,379-506,COLOR,COLOR,TP
continuous_0330_S5_strategy2.npz,506-633,-,COLOR,FP
continuous_0330_S5_strategy2.npz,633-760,COLOR,COLOR,TP
continuous_0330_S5_strategy2.npz,760-888,CALENDAR,CALENDAR,TP
continuous_0330_S5_strategy2.npz,510-636,COLOR,-,FN
continuous_0330_S5_strategy2.npz,255-383,COLOR,FOOD,FN
continuous_0331_S5_strategy2.npz,147-297,CALENDAR,CALENDAR,TP
continuous_0331_S5_strategy2.npz,297-445,COLOR,COLOR,TP
continuous_0331_S5_strategy2.npz,445-594,FAMILY,FAMILY,TP
continuous_0331_S5_strategy2.npz,594-744,GREETING,GREETING,TP
continuous_0331_S5_strategy2.npz,744-892,CALENDAR,CALENDAR,TP
continuous_0331_S5_strategy2.npz,0-127,CALENDAR,-,FN
continuous_0331_S5_strategy2.npz,504-633,RELATIONSHIPS,-,FN
continuous_0332_S5_strategy2.npz,0-126,CALENDAR,CALENDAR,TP
continuous_0332_S5_strategy2.npz,126-253,COLOR,COLOR,TP
continuous_0332_S5_strategy2.npz,253-381,CALENDAR,CALENDAR,TP
continuous_0332_S5_strategy2.npz,381-507,COLOR,DAYS,FP
continuous_0332_S5_strategy2.npz,507-634,RELATIONSHIPS,RELATIONSHIPS,TP
continuous_0332_S5_strategy2.npz,634-762,GREETING,GREETING,TP
continuous_0332_S5_strategy2.npz,762-889,COLOR,GREETING,FP
continuous_0332_S5_strategy2.npz,383-507,COLOR,DAYS,FN
continuous_0332_S5_strategy2.npz,759-886,COLOR,GREETING,FN
continuous_0333_S5_strategy2.npz,0-232,GREETING,GREETING,TP
continuous_0333_S5_strategy2.npz,232-466,-,GREETING,FP
continuous_0333_S5_strategy2.npz,466-700,FAMILY,FAMILY,TP
continuous_0333_S5_strategy2.npz,700-934,GREETING,GREETING,TP
continuous_0333_S5_strategy2.npz,0-127,FAMILY,-,FN
continuous_0333_S5_strategy2.npz,296-423,COLOR,-,FN
continuous_0333_S5_strategy2.npz,423-550,GREETING,-,FN
continuous_0333_S5_strategy2.npz,671-798,RELATIONSHIPS,-,FN
continuous_0334_S5_strategy2.npz,0-255,COLOR,COLOR,TP
continuous_0334_S5_strategy2.npz,0-127,RELATIONSHIPS,-,FN
continuous_0335_S5_strategy2.npz,0-129,COLOR,FOOD,FP
continuous_0335_S5_strategy2.npz,0-128,COLOR,FOOD,FN
continuous_0336_S5_strategy2.npz,0-127,COLOR,COLOR,TP
continuous_0337_S6_strategy2.npz,0-252,FAMILY,FOOD,FP
continuous_0337_S6_strategy2.npz,252-631,DRINK,FOOD,FP
continuous_0337_S6_strategy2.npz,631-757,-,SURVIVAL,FP
continuous_0337_S6_strategy2.npz,757-885,GREETING,GREETING,TP
continuous_0337_S6_strategy2.npz,0-126,RELATIONSHIPS,-,FN
continuous_0337_S6_strategy2.npz,254-371,CALENDAR,-,FN
continuous_0337_S6_strategy2.npz,499-622,NUMBER,-,FN
continuous_0337_S6_strategy2.npz,622-763,SURVIVAL,-,FN
continuous_0337_S6_strategy2.npz,126-254,FAMILY,FOOD,FN
continuous_0337_S6_strategy2.npz,371-499,DRINK,FOOD,FN
continuous_0338_S6_strategy2.npz,0-175,FOOD,FOOD,TP
continuous_0338_S6_strategy2.npz,175-351,SURVIVAL,FOOD,FP
continuous_0338_S6_strategy2.npz,351-528,GREETING,GREETING,TP
continuous_0338_S6_strategy2.npz,528-703,DAYS,DAYS,TP
continuous_0338_S6_strategy2.npz,703-879,CALENDAR,CALENDAR,TP
continuous_0338_S6_strategy2.npz,376-497,RELATIONSHIPS,-,FN
continuous_0338_S6_strategy2.npz,497-625,DRINK,-,FN
continuous_0338_S6_strategy2.npz,127-248,SURVIVAL,FOOD,FN
continuous_0339_S6_strategy2.npz,0-258,RELATIONSHIPS,FOOD,FP
continuous_0339_S6_strategy2.npz,258-387,FOOD,FOOD,TP
continuous_0339_S6_strategy2.npz,387-516,-,NUMBER,FP
continuous_0339_S6_strategy2.npz,516-774,CALENDAR,CALENDAR,TP
continuous_0339_S6_strategy2.npz,774-903,-,RELATIONSHIPS,FP
continuous_0339_S6_strategy2.npz,127-255,DRINK,-,FN
continuous_0339_S6_strategy2.npz,383-510,COLOR,-,FN
continuous_0339_S6_strategy2.npz,510-643,NUMBER,-,FN
continuous_0339_S6_strategy2.npz,771-899,FAMILY,-,FN
continuous_0339_S6_strategy2.npz,0-127,RELATIONSHIPS,FOOD,FN
continuous_0340_S6_strategy2.npz,0-126,FOOD,FOOD,TP
continuous_0340_S6_strategy2.npz,126-379,FAMILY,FAMILY,TP
continuous_0340_S6_strategy2.npz,379-505,COLOR,FOOD,FP
continuous_0340_S6_strategy2.npz,505-633,GREETING,GREETING,TP
continuous_0340_S6_strategy2.npz,633-759,DRINK,DRINK,TP
continuous_0340_S6_strategy2.npz,248-370,SURVIVAL,-,FN
continuous_0340_S6_strategy2.npz,370-497,COLOR,FOOD,FN
continuous_0341_S6_strategy2.npz,0-147,FOOD,FOOD,TP
continuous_0341_S6_strategy2.npz,147-294,-,SURVIVAL,FP
continuous_0341_S6_strategy2.npz,294-591,-,CALENDAR,FP
continuous_0341_S6_strategy2.npz,591-738,RELATIONSHIPS,RELATIONSHIPS,TP
continuous_0341_S6_strategy2.npz,738-886,DAYS,FOOD,FP
continuous_0341_S6_strategy2.npz,127-253,FAMILY,-,FN
continuous_0341_S6_strategy2.npz,253-373,DRINK,-,FN
continuous_0341_S6_strategy2.npz,373-509,SURVIVAL,-,FN
continuous_0341_S6_strategy2.npz,509-637,CALENDAR,-,FN
continuous_0341_S6_strategy2.npz,764-892,DAYS,FOOD,FN
continuous_0342_S6_strategy2.npz,0-153,FAMILY,FAMILY,TP
continuous_0342_S6_strategy2.npz,153-306,DRINK,FOOD,FP
continuous_0342_S6_strategy2.npz,306-459,SURVIVAL,SURVIVAL,TP
continuous_0342_S6_strategy2.npz,459-612,COLOR,COLOR,TP
continuous_0342_S6_strategy2.npz,612-766,FOOD,FOOD,TP
continuous_0342_S6_strategy2.npz,646-774,CALENDAR,-,FN
continuous_0342_S6_strategy2.npz,126-253,DRINK,FOOD,FN
continuous_0343_S6_strategy2.npz,0-309,COLOR,COLOR,TP
continuous_0343_S6_strategy2.npz,309-618,-,DRINK,FP
continuous_0343_S6_strategy2.npz,618-772,CALENDAR,CALENDAR,TP
continuous_0343_S6_strategy2.npz,127-254,DRINK,-,FN
continuous_0343_S6_strategy2.npz,254-395,NUMBER,-,FN
continuous_0343_S6_strategy2.npz,395-538,GREETING,-,FN
continuous_0343_S6_strategy2.npz,664-779,FAMILY,-,FN
continuous_0344_S6_strategy2.npz,0-147,-,GREETING,FP
continuous_0344_S6_strategy2.npz,147-294,FOOD,FOOD,TP
continuous_0344_S6_strategy2.npz,294-441,DRINK,FOOD,FP
continuous_0344_S6_strategy2.npz,441-588,FAMILY,FAMILY,TP
continuous_0344_S6_strategy2.npz,588-735,COLOR,COLOR,TP
continuous_0344_S6_strategy2.npz,735-883,-,CALENDAR,FP
continuous_0344_S6_strategy2.npz,0-126,GREETING,-,FN
continuous_0344_S6_strategy2.npz,507-644,SURVIVAL,-,FN
continuous_0344_S6_strategy2.npz,771-890,CALENDAR,-,FN
continuous_0344_S6_strategy2.npz,251-379,DRINK,FOOD,FN
continuous_0345_S6_strategy2.npz,0-150,FAMILY,FAMILY,TP
continuous_0345_S6_strategy2.npz,150-300,COLOR,COLOR,TP
continuous_0345_S6_strategy2.npz,300-450,SURVIVAL,COLOR,FP
continuous_0345_S6_strategy2.npz,450-600,DRINK,FOOD,FP
continuous_0345_S6_strategy2.npz,600-751,FOOD,FOOD,TP
continuous_0345_S6_strategy2.npz,630-750,DAYS,-,FN
continuous_0345_S6_strategy2.npz,247-374,SURVIVAL,COLOR,FN
continuous_0345_S6_strategy2.npz,374-503,DRINK,FOOD,FN
continuous_0346_S6_strategy2.npz,0-94,FOOD,FOOD,TP
continuous_0346_S6_strategy2.npz,94-190,FAMILY,FOOD,FP
continuous_0346_S6_strategy2.npz,190-285,-,RELATIONSHIPS,FP
continuous_0346_S6_strategy2.npz,285-477,COLOR,COLOR,TP
continuous_0346_S6_strategy2.npz,477-573,RELATIONSHIPS,RELATIONSHIPS,TP
continuous_0346_S6_strategy2.npz,573-667,-,RELATIONSHIPS,FP
continuous_0346_S6_strategy2.npz,667-763,GREETING,GREETING,TP
continuous_0346_S6_strategy2.npz,381-507,DAYS,-,FN
continuous_0346_S6_strategy2.npz,126-253,FAMILY,FOOD,FN
continuous_0347_S6_strategy2.npz,0-192,GREETING,GREETING,TP
continuous_0347_S6_strategy2.npz,192-576,-,CALENDAR,FP
continuous_0347_S6_strategy2.npz,576-768,COLOR,COLOR,TP
continuous_0347_S6_strategy2.npz,145-272,RELATIONSHIPS,-,FN
continuous_0347_S6_strategy2.npz,272-389,CALENDAR,-,FN
continuous_0347_S6_strategy2.npz,389-527,SURVIVAL,-,FN
continuous_0347_S6_strategy2.npz,654-785,NUMBER,-,FN
continuous_0348_S6_strategy2.npz,0-183,NUMBER,SURVIVAL,FP
continuous_0348_S6_strategy2.npz,183-366,SURVIVAL,SURVIVAL,TP
continuous_0348_S6_strategy2.npz,366-732,GREETING,GREETING,TP
continuous_0348_S6_strategy2.npz,732-916,FOOD,FOOD,TP
continuous_0348_S6_strategy2.npz,431-557,CALENDAR,-,FN
continuous_0348_S6_strategy2.npz,557-677,RELATIONSHIPS,-,FN
continuous_0348_S6_strategy2.npz,677-804,DRINK,-,FN
continuous_0348_S6_strategy2.npz,0-137,NUMBER,SURVIVAL,FN
continuous_0349_S6_strategy2.npz,0-126,DAYS,DAYS,TP
continuous_0349_S6_strategy2.npz,126-252,FOOD,FOOD,TP
continuous_0349_S6_strategy2.npz,252-379,-,RELATIONSHIPS,FP
continuous_0349_S6_strategy2.npz,379-506,-,RELATIONSHIPS,FP
continuous_0349_S6_strategy2.npz,506-888,SURVIVAL,SURVIVAL,TP
continuous_0349_S6_strategy2.npz,255-381,NUMBER,-,FN
continuous_0349_S6_strategy2.npz,381-510,RELATIONSHIPS,-,FN
continuous_0349_S6_strategy2.npz,644-766,DRINK,-,FN
continuous_0349_S6_strategy2.npz,766-893,FAMILY,-,FN
continuous_0350_S6_strategy2.npz,223-448,FAMILY,FOOD,FP
continuous_0350_S6_strategy2.npz,448-561,GREETING,GREETING,TP
continuous_0350_S6_strategy2.npz,561-673,COLOR,FOOD,FP
continuous_0350_S6_strategy2.npz,673-786,FOOD,COLOR,FP
continuous_0350_S6_strategy2.npz,0-126,SURVIVAL,-,FN
continuous_0350_S6_strategy2.npz,126-253,DAYS,-,FN
continuous_0350_S6_strategy2.npz,253-383,FAMILY,FOOD,FN
continuous_0350_S6_strategy2.npz,538-666,COLOR,FOOD,FN
continuous_0350_S6_strategy2.npz,666-794,FOOD,COLOR,FN
continuous_0351_S6_strategy2.npz,0-106,COLOR,COLOR,TP
continuous_0351_S6_strategy2.npz,106-213,DRINK,DRINK,TP
continuous_0351_S6_strategy2.npz,213-321,FAMILY,FAMILY,TP
continuous_0351_S6_strategy2.npz,321-427,SURVIVAL,FAMILY,FP
continuous_0351_S6_strategy2.npz,427-748,NUMBER,NUMBER,TP
continuous_0351_S6_strategy2.npz,748-856,FOOD,FAMILY,FP
continuous_0351_S6_strategy2.npz,621-737,CALENDAR,-,FN
continuous_0351_S6_strategy2.npz,364-484,SURVIVAL,FAMILY,FN
continuous_0351_S6_strategy2.npz,737-864,FOOD,FAMILY,FN
continuous_0352_S6_strategy2.npz,0-148,DRINK,DRINK,TP
continuous_0352_S6_strategy2.npz,148-297,-,FAMILY,FP
continuous_0352_S6_strategy2.npz,297-447,-,CALENDAR,FP
continuous_0352_S6_strategy2.npz,447-595,NUMBER,NUMBER,TP
continuous_0352_S6_strategy2.npz,595-894,DAYS,DAYS,TP
continuous_0352_S6_strategy2.npz,128-254,COLOR,-,FN
continuous_0352_S6_strategy2.npz,254-382,FAMILY,-,FN
continuous_0352_S6_strategy2.npz,382-509,FOOD,-,FN
continuous_0352_S6_strategy2.npz,771-898,CALENDAR,-,FN
continuous_0353_S6_strategy2.npz,0-354,FOOD,FOOD,TP
continuous_0353_S6_strategy2.npz,354-532,COLOR,FOOD,FP
continuous_0353_S6_strategy2.npz,532-711,-,RELATIONSHIPS,FP
continuous_0353_S6_strategy2.npz,711-888,-,SURVIVAL,FP
continuous_0353_S6_strategy2.npz,123-252,DAYS,-,FN
continuous_0353_S6_strategy2.npz,379-506,RELATIONSHIPS,-,FN
continuous_0353_S6_strategy2.npz,506-640,SURVIVAL,-,FN
continuous_0353_S6_strategy2.npz,640-768,DRINK,-,FN
continuous_0353_S6_strategy2.npz,768-894,CALENDAR,-,FN
continuous_0353_S6_strategy2.npz,252-379,COLOR,FOOD,FN
continuous_0354_S6_strategy2.npz,0-126,FOOD,FOOD,TP
continuous_0354_S6_strategy2.npz,126-253,SURVIVAL,SURVIVAL,TP
continuous_0354_S6_strategy2.npz,253-634,DRINK,FOOD,FP
continuous_0354_S6_strategy2.npz,634-762,-,NUMBER,FP
continuous_0354_S6_strategy2.npz,379-507,FAMILY,-,FN
continuous_0354_S6_strategy2.npz,507-633,NUMBER,-,FN
continuous_0354_S6_strategy2.npz,633-761,COLOR,-,FN
continuous_0354_S6_strategy2.npz,254-379,DRINK,FOOD,FN
continuous_0355_S6_strategy2.npz,0-217,DAYS,DAYS,TP
continuous_0355_S6_strategy2.npz,217-327,RELATIONSHIPS,FOOD,FP
continuous_0355_S6_strategy2.npz,327-436,-,RELATIONSHIPS,FP
continuous_0355_S6_strategy2.npz,436-546,-,FOOD,FP
continuous_0355_S6_strategy2.npz,546-655,-,GREETING,FP
continuous_0355_S6_strategy2.npz,655-765,-,FOOD,FP
continuous_0355_S6_strategy2.npz,253-381,FOOD,-,FN
continuous_0355_S6_strategy2.npz,381-508,GREETING,-,FN
continuous_0355_S6_strategy2.npz,508-635,DRINK,-,FN
continuous_0355_S6_strategy2.npz,635-771,SURVIVAL,-,FN
continuous_0355_S6_strategy2.npz,127-253,RELATIONSHIPS,FOOD,FN
continuous_0356_S6_strategy2.npz,0-444,SURVIVAL,SURVIVAL,TP
continuous_0356_S6_strategy2.npz,444-555,GREETING,GREETING,TP
continuous_0356_S6_strategy2.npz,555-778,COLOR,FOOD,FP
continuous_0356_S6_strategy2.npz,778-891,DRINK,COLOR,FP
continuous_0356_S6_strategy2.npz,136-263,CALENDAR,-,FN
continuous_0356_S6_strategy2.npz,263-392,DAYS,-,FN
continuous_0356_S6_strategy2.npz,641-768,NUMBER,-,FN
continuous_0356_S6_strategy2.npz,515-641,COLOR,FOOD,FN
continuous_0356_S6_strategy2.npz,768-895,DRINK,COLOR,FN
continuous_0357_S6_strategy2.npz,0-129,DAYS,DAYS,TP
continuous_0357_S6_strategy2.npz,129-258,GREETING,GREETING,TP
continuous_0357_S6_strategy2.npz,258-387,FOOD,FOOD,TP
continuous_0357_S6_strategy2.npz,387-516,DRINK,FOOD,FP
continuous_0357_S6_strategy2.npz,516-645,COLOR,FOOD,FP
continuous_0357_S6_strategy2.npz,645-774,-,NUMBER,FP
continuous_0357_S6_strategy2.npz,774-903,CALENDAR,CALENDAR,TP
continuous_0357_S6_strategy2.npz,646-781,NUMBER,-,FN
continuous_0357_S6_strategy2.npz,391-519,DRINK,FOOD,FN
continuous_0357_S6_strategy2.npz,519-646,COLOR,FOOD,FN
continuous_0358_S6_strategy2.npz,0-111,SURVIVAL,SURVIVAL,TP
continuous_0358_S6_strategy2.npz,111-225,RELATIONSHIPS,RELATIONSHIPS,TP
continuous_0358_S6_strategy2.npz,225-450,DAYS,DAYS,TP
continuous_0358_S6_strategy2.npz,450-562,DRINK,FOOD,FP
continuous_0358_S6_strategy2.npz,562-675,GREETING,GREETING,TP
continuous_0358_S6_strategy2.npz,675-901,COLOR,FOOD,FP
continuous_0358_S6_strategy2.npz,795-908,CALENDAR,-,FN
continuous_0358_S6_strategy2.npz,391-518,DRINK,FOOD,FN
continuous_0358_S6_strategy2.npz,670-795,COLOR,FOOD,FN
continuous_0359_S6_strategy2.npz,0-126,FOOD,FOOD,TP
continuous_0359_S6_strategy2.npz,126-252,-,CALENDAR,FP
continuous_0359_S6_strategy2.npz,252-378,FAMILY,FAMILY,TP
continuous_0359_S6_strategy2.npz,378-630,DRINK,COLOR,FP
continuous_0359_S6_strategy2.npz,630-757,-,NUMBER,FP
continuous_0359_S6_strategy2.npz,122-245,CALENDAR,-,FN
continuous_0359_S6_strategy2.npz,500-637,NUMBER,-,FN
continuous_0359_S6_strategy2.npz,637-773,SURVIVAL,-,FN
continuous_0359_S6_strategy2.npz,373-500,DRINK,COLOR,FN
continuous_0360_S6_strategy2.npz,0-108,GREETING,GREETING,TP
continuous_0360_S6_strategy2.npz,108-216,SURVIVAL,SURVIVAL,TP
continuous_0360_S6_strategy2.npz,216-324,COLOR,FOOD,FP
continuous_0360_S6_strategy2.npz,324-541,-,FAMILY,FP
continuous_0360_S6_strategy2.npz,541-649,-,RELATIONSHIPS,FP
continuous_0360_S6_strategy2.npz,649-759,-,SURVIVAL,FP
continuous_0360_S6_strategy2.npz,391-518,FAMILY,-,FN
continuous_0360_S6_strategy2.npz,518-632,DRINK,-,FN
continuous_0360_S6_strategy2.npz,632-766,NUMBER,-,FN
continuous_0360_S6_strategy2.npz,263-391,COLOR,FOOD,FN
continuous_0361_S6_strategy2.npz,0-126,SURVIVAL,SURVIVAL,TP
continuous_0361_S6_strategy2.npz,126-252,DAYS,DAYS,TP
continuous_0361_S6_strategy2.npz,252-379,-,NUMBER,FP
continuous_0361_S6_strategy2.npz,379-505,GREETING,GREETING,TP
continuous_0361_S6_strategy2.npz,505-633,FAMILY,FOOD,FP
continuous_0361_S6_strategy2.npz,633-759,COLOR,FOOD,FP
continuous_0361_S6_strategy2.npz,253-388,NUMBER,-,FN
continuous_0361_S6_strategy2.npz,510-639,FAMILY,FOOD,FN
continuous_0361_S6_strategy2.npz,639-766,COLOR,FOOD,FN
continuous_0362_S6_strategy2.npz,0-169,-,DAYS,FP
continuous_0362_S6_strategy2.npz,169-340,DRINK,FOOD,FP
continuous_0362_S6_strategy2.npz,340-426,-,RELATIONSHIPS,FP
continuous_0362_S6_strategy2.npz,426-511,-,CALENDAR,FP
continuous_0362_S6_strategy2.npz,511-681,-,CALENDAR,FP
continuous_0362_S6_strategy2.npz,681-768,SURVIVAL,SURVIVAL,TP
continuous_0362_S6_strategy2.npz,0-127,DAYS,-,FN
continuous_0362_S6_strategy2.npz,254-390,NUMBER,-,FN
continuous_0362_S6_strategy2.npz,390-517,RELATIONSHIPS,-,FN
continuous_0362_S6_strategy2.npz,517-644,CALENDAR,-,FN
continuous_0362_S6_strategy2.npz,127-254,DRINK,FOOD,FN
continuous_0363_S6_strategy2.npz,0-126,COLOR,COLOR,TP
continuous_0363_S6_strategy2.npz,126-382,-,COLOR,FP
continuous_0363_S6_strategy2.npz,382-510,-,SURVIVAL,FP
continuous_0363_S6_strategy2.npz,510-766,-,FOOD,FP
continuous_0363_S6_strategy2.npz,766-894,-,RELATIONSHIPS,FP
continuous_0363_S6_strategy2.npz,127-255,CALENDAR,-,FN
continuous_0363_S6_strategy2.npz,255-394,SURVIVAL,-,FN
continuous_0363_S6_strategy2.npz,394-521,FOOD,-,FN
continuous_0363_S6_strategy2.npz,521-645,FAMILY,-,FN
continuous_0363_S6_strategy2.npz,645-773,RELATIONSHIPS,-,FN
continuous_0363_S6_strategy2.npz,773-900,DRINK,-,FN
continuous_0364_S6_strategy2.npz,0-189,COLOR,RELATIONSHIPS,FP
continuous_0364_S6_strategy2.npz,189-379,FOOD,FOOD,TP
continuous_0364_S6_strategy2.npz,379-570,-,RELATIONSHIPS,FP
continuous_0364_S6_strategy2.npz,570-760,-,NUMBER,FP
continuous_0364_S6_strategy2.npz,255-379,DRINK,-,FN
continuous_0364_S6_strategy2.npz,379-507,FAMILY,-,FN
continuous_0364_S6_strategy2.npz,507-627,DAYS,-,FN
continuous_0364_S6_strategy2.npz,627-767,NUMBER,-,FN
continuous_0364_S6_strategy2.npz,0-127,COLOR,RELATIONSHIPS,FN
continuous_0365_S6_strategy2.npz,225-339,SURVIVAL,SURVIVAL,TP
continuous_0365_S6_strategy2.npz,339-451,FAMILY,FOOD,FP
continuous_0365_S6_strategy2.npz,451-564,-,FAMILY,FP
continuous_0365_S6_strategy2.npz,564-678,CALENDAR,CALENDAR,TP
continuous_0365_S6_strategy2.npz,678-790,DRINK,FOOD,FP
continuous_0365_S6_strategy2.npz,790-903,GREETING,GREETING,TP
continuous_0365_S6_strategy2.npz,0-135,NUMBER,-,FN
continuous_0365_S6_strategy2.npz,395-522,FOOD,-,FN
continuous_0365_S6_strategy2.npz,268-395,FAMILY,FOOD,FN
continuous_0365_S6_strategy2.npz,649-777,DRINK,FOOD,FN
continuous_0366_S6_strategy2.npz,0-388,DRINK,DRINK,TP
continuous_0366_S6_strategy2.npz,388-582,-,NUMBER,FP
continuous_0366_S6_strategy2.npz,582-777,-,COLOR,FP
continuous_0366_S6_strategy2.npz,0-126,SURVIVAL,-,FN
continuous_0366_S6_strategy2.npz,254-390,NUMBER,-,FN
continuous_0366_S6_strategy2.npz,390-518,COLOR,-,FN
continuous_0366_S6_strategy2.npz,518-645,RELATIONSHIPS,-,FN
continuous_0366_S6_strategy2.npz,645-784,GREETING,-,FN
continuous_0367_S6_strategy2.npz,0-189,-,DAYS,FP
continuous_0367_S6_strategy2.npz,189-379,CALENDAR,CALENDAR,TP
continuous_0367_S6_strategy2.npz,379-570,FOOD,FOOD,TP
continuous_0367_S6_strategy2.npz,570-759,SURVIVAL,SURVIVAL,TP
continuous_0367_S6_strategy2.npz,0-127,DRINK,-,FN
continuous_0367_S6_strategy2.npz,127-254,DAYS,-,FN
continuous_0367_S6_strategy2.npz,645-765,GREETING,-,FN
continuous_0368_S6_strategy2.npz,0-126,-,NUMBER,FP
continuous_0368_S6_strategy2.npz,126-255,FOOD,FOOD,TP
continuous_0368_S6_strategy2.npz,255-381,-,CALENDAR,FP
continuous_0368_S6_strategy2.npz,381-510,-,CALENDAR,FP
continuous_0368_S6_strategy2.npz,510-636,FAMILY,FAMILY,TP
continuous_0368_S6_strategy2.npz,636-765,DAYS,FAMILY,FP
continuous_0368_S6_strategy2.npz,765-892,SURVIVAL,GREETING,FP
continuous_0368_S6_strategy2.npz,0-133,NUMBER,-,FN
continuous_0368_S6_strategy2.npz,263-390,RELATIONSHIPS,-,FN
continuous_0368_S6_strategy2.npz,390-518,CALENDAR,-,FN
continuous_0368_S6_strategy2.npz,641-769,DAYS,FAMILY,FN
continuous_0368_S6_strategy2.npz,769-908,SURVIVAL,GREETING,FN
continuous_0369_S6_strategy2.npz,0-177,-,FOOD,FP
continuous_0369_S6_strategy2.npz,177-354,-,CALENDAR,FP
continuous_0369_S6_strategy2.npz,354-532,-,SURVIVAL,FP
continuous_0369_S6_strategy2.npz,532-711,COLOR,COLOR,TP
continuous_0369_S6_strategy2.npz,711-888,DAYS,DAYS,TP
continuous_0369_S6_strategy2.npz,0-127,RELATIONSHIPS,-,FN
continuous_0369_S6_strategy2.npz,127-252,FAMILY,-,FN
continuous_0369_S6_strategy2.npz,252-379,FOOD,-,FN
continuous_0369_S6_strategy2.npz,379-507,CALENDAR,-,FN
continuous_0369_S6_strategy2.npz,507-640,SURVIVAL,-,FN
continuous_0370_S6_strategy2.npz,0-150,GREETING,GREETING,TP
continuous_0370_S6_strategy2.npz,150-300,FAMILY,FAMILY,TP
continuous_0370_S6_strategy2.npz,300-450,FOOD,DAYS,FP
continuous_0370_S6_strategy2.npz,450-600,RELATIONSHIPS,RELATIONSHIPS,TP
continuous_0370_S6_strategy2.npz,600-751,SURVIVAL,DAYS,FP
continuous_0370_S6_strategy2.npz,623-750,COLOR,-,FN
continuous_0370_S6_strategy2.npz,247-375,FOOD,DAYS,FN
continuous_0370_S6_strategy2.npz,502-623,SURVIVAL,DAYS,FN
continuous_0371_S6_strategy2.npz,0-153,-,FOOD,FP
continuous_0371_S6_strategy2.npz,153-459,RELATIONSHIPS,COLOR,FP
continuous_0371_S6_strategy2.npz,459-612,DAYS,DAYS,TP
continuous_0371_S6_strategy2.npz,612-765,-,NUMBER,FP
continuous_0371_S6_strategy2.npz,0-127,FAMILY,-,FN
continuous_0371_S6_strategy2.npz,127-254,DRINK,-,FN
continuous_0371_S6_strategy2.npz,382-509,CALENDAR,-,FN
continuous_0371_S6_strategy2.npz,636-771,NUMBER,-,FN
continuous_0371_S6_strategy2.npz,254-382,RELATIONSHIPS,COLOR,FN
continuous_0372_S6_strategy2.npz,0-127,SURVIVAL,SURVIVAL,TP
continuous_0372_S6_strategy2.npz,127-256,COLOR,FOOD,FP
continuous_0372_S6_strategy2.npz,256-513,FAMILY,COLOR,FP
continuous_0372_S6_strategy2.npz,513-642,GREETING,GREETING,TP
continuous_0372_S6_strategy2.npz,642-771,DAYS,DAYS,TP
continuous_0372_S6_strategy2.npz,771-900,-,CALENDAR,FP
continuous_0372_S6_strategy2.npz,389-516,RELATIONSHIPS,-,FN
continuous_0372_S6_strategy2.npz,788-915,CALENDAR,-,FN
continuous_0372_S6_strategy2.npz,133-261,COLOR,FOOD,FN
continuous_0372_S6_strategy2.npz,261-389,FAMILY,COLOR,FN
continuous_0373_S6_strategy2.npz,0-156,RELATIONSHIPS,RELATIONSHIPS,TP
continuous_0373_S6_strategy2.npz,156-313,NUMBER,NUMBER,TP
continuous_0373_S6_strategy2.npz,313-471,FOOD,COLOR,FP
continuous_0373_S6_strategy2.npz,471-627,SURVIVAL,SURVIVAL,TP
continuous_0373_S6_strategy2.npz,627-786,DRINK,DRINK,TP
continuous_0373_S6_strategy2.npz,263-409,GREETING,-,FN
continuous_0373_S6_strategy2.npz,409-537,FOOD,COLOR,FN
continuous_0374_S6_strategy2.npz,0-126,FAMILY,FAMILY,TP
continuous_0374_S6_strategy2.npz,126-255,-,DAYS,FP
continuous_0374_S6_strategy2.npz,255-382,-,SURVIVAL,FP
continuous_0374_S6_strategy2.npz,382-637,-,DAYS,FP
continuous_0374_S6_strategy2.npz,637-765,FOOD,FOOD,TP
continuous_0374_S6_strategy2.npz,765-894,COLOR,COLOR,TP
continuous_0374_S6_strategy2.npz,127-264,SURVIVAL,-,FN
continuous_0374_S6_strategy2.npz,264-392,DAYS,-,FN
continuous_0374_S6_strategy2.npz,392-519,CALENDAR,-,FN
continuous_0374_S6_strategy2.npz,519-645,NUMBER,-,FN
continuous_0375_S6_strategy2.npz,0-253,DRINK,COLOR,FP
continuous_0375_S6_strategy2.npz,253-381,-,GREETING,FP
continuous_0375_S6_strategy2.npz,381-507,-,NUMBER,FP
continuous_0375_S6_strategy2.npz,507-634,-,FAMILY,FP
continuous_0375_S6_strategy2.npz,634-762,SURVIVAL,GREETING,FP
continuous_0375_S6_strategy2.npz,127-254,GREETING,-,FN
continuous_0375_S6_strategy2.npz,254-387,NUMBER,-,FN
continuous_0375_S6_strategy2.npz,387-515,FAMILY,-,FN
continuous_0375_S6_strategy2.npz,650-777,RELATIONSHIPS,-,FN
continuous_0375_S6_strategy2.npz,0-127,DRINK,COLOR,FN
continuous_0375_S6_strategy2.npz,515-650,SURVIVAL,GREETING,FN
continuous_0376_S6_strategy2.npz,252-379,COLOR,FAMILY,FP
continuous_0376_S6_strategy2.npz,379-505,DRINK,FOOD,FP
continuous_0376_S6_strategy2.npz,505-633,DAYS,DAYS,TP
continuous_0376_S6_strategy2.npz,633-759,FOOD,GREETING,FP
continuous_0376_S6_strategy2.npz,759-886,SURVIVAL,SURVIVAL,TP
continuous_0376_S6_strategy2.npz,0-125,GREETING,-,FN
continuous_0376_S6_strategy2.npz,125-253,CALENDAR,-,FN
continuous_0376_S6_strategy2.npz,253-372,COLOR,FAMILY,FN
continuous_0376_S6_strategy2.npz,372-498,DRINK,FOOD,FN
continuous_0376_S6_strategy2.npz,626-752,FOOD,GREETING,FN
continuous_0377_S6_strategy2.npz,0-255,-,SURVIVAL,FP
continuous_0377_S6_strategy2.npz,255-511,DRINK,FOOD,FP
continuous_0377_S6_strategy2.npz,511-768,FOOD,FOOD,TP
continuous_0377_S6_strategy2.npz,0-126,FAMILY,-,FN
continuous_0377_S6_strategy2.npz,126-247,RELATIONSHIPS,-,FN
continuous_0377_S6_strategy2.npz,247-382,SURVIVAL,-,FN
continuous_0377_S6_strategy2.npz,638-775,GREETING,-,FN
continuous_0377_S6_strategy2.npz,382-509,DRINK,FOOD,FN
continuous_0378_S6_strategy2.npz,0-177,NUMBER,NUMBER,TP
continuous_0378_S6_strategy2.npz,177-355,FAMILY,FOOD,FP
continuous_0378_S6_strategy2.npz,355-534,FOOD,FOOD,TP
continuous_0378_S6_strategy2.npz,534-711,-,CALENDAR,FP
continuous_0378_S6_strategy2.npz,711-891,COLOR,COLOR,TP
continuous_0378_S6_strategy2.npz,250-376,DRINK,-,FN
continuous_0378_S6_strategy2.npz,505-634,RELATIONSHIPS,-,FN
continuous_0378_S6_strategy2.npz,634-760,CALENDAR,-,FN
continuous_0378_S6_strategy2.npz,122-250,FAMILY,FOOD,FN
continuous_0379_S6_strategy2.npz,0-147,-,FOOD,FP
continuous_0379_S6_strategy2.npz,147-295,CALENDAR,CALENDAR,TP
continuous_0379_S6_strategy2.npz,295-444,COLOR,DAYS,FP
continuous_0379_S6_strategy2.npz,444-591,RELATIONSHIPS,FOOD,FP
continuous_0379_S6_strategy2.npz,591-739,SURVIVAL,DAYS,FP
continuous_0379_S6_strategy2.npz,739-888,DRINK,GREETING,FP
continuous_0379_S6_strategy2.npz,0-120,GREETING,-,FN
continuous_0379_S6_strategy2.npz,120-248,FOOD,-,FN
continuous_0379_S6_strategy2.npz,375-503,COLOR,DAYS,FN
continuous_0379_S6_strategy2.npz,503-630,RELATIONSHIPS,FOOD,FN
continuous_0379_S6_strategy2.npz,630-769,SURVIVAL,DAYS,FN
continuous_0379_S6_strategy2.npz,769-895,DRINK,GREETING,FN
continuous_0380_S6_strategy2.npz,0-129,GREETING,GREETING,TP
continuous_0380_S6_strategy2.npz,129-516,RELATIONSHIPS,RELATIONSHIPS,TP
continuous_0380_S6_strategy2.npz,516-646,COLOR,COLOR,TP
continuous_0380_S6_strategy2.npz,646-775,-,COLOR,FP
continuous_0380_S6_strategy2.npz,775-904,DRINK,FOOD,FP
continuous_0380_S6_strategy2.npz,140-266,SURVIVAL,-,FN
continuous_0380_S6_strategy2.npz,394-521,CALENDAR,-,FN
continuous_0380_S6_strategy2.npz,649-775,DAYS,-,FN
continuous_0380_S6_strategy2.npz,775-902,DRINK,FOOD,FN
continuous_0381_S6_strategy2.npz,0-108,GREETING,GREETING,TP
continuous_0381_S6_strategy2.npz,108-219,CALENDAR,CALENDAR,TP
continuous_0381_S6_strategy2.npz,219-328,-,DRINK,FP
continuous_0381_S6_strategy2.npz,328-549,FOOD,FOOD,TP
continuous_0381_S6_strategy2.npz,549-658,SURVIVAL,SURVIVAL,TP
continuous_0381_S6_strategy2.npz,658-768,NUMBER,NUMBER,TP
continuous_0381_S6_strategy2.npz,257-383,DRINK,-,FN
continuous_0382_S6_strategy2.npz,0-384,NUMBER,NUMBER,TP
continuous_0382_S6_strategy2.npz,384-576,GREETING,GREETING,TP
continuous_0382_S6_strategy2.npz,576-672,SURVIVAL,SURVIVAL,TP
continuous_0382_S6_strategy2.npz,672-769,DRINK,GREETING,FP
continuous_0382_S6_strategy2.npz,133-261,FAMILY,-,FN
continuous_0382_S6_strategy2.npz,403-530,CALENDAR,-,FN
continuous_0382_S6_strategy2.npz,668-785,DRINK,GREETING,FN
continuous_0383_S6_strategy2.npz,0-126,SURVIVAL,SURVIVAL,TP
continuous_0383_S6_strategy2.npz,126-252,DAYS,FOOD,FP
continuous_0383_S6_strategy2.npz,252-379,COLOR,COLOR,TP
continuous_0383_S6_strategy2.npz,379-506,RELATIONSHIPS,RELATIONSHIPS,TP
continuous_0383_S6_strategy2.npz,506-633,DRINK,COLOR,FP
continuous_0383_S6_strategy2.npz,633-760,CALENDAR,CALENDAR,TP
continuous_0383_S6_strategy2.npz,137-263,DAYS,FOOD,FN
continuous_0383_S6_strategy2.npz,511-639,DRINK,COLOR,FN
continuous_0384_S6_strategy2.npz,0-189,DAYS,DAYS,TP
continuous_0384_S6_strategy2.npz,189-378,FOOD,FOOD,TP
continuous_0384_S6_strategy2.npz,378-567,-,FOOD,FP
continuous_0384_S6_strategy2.npz,567-756,-,COLOR,FP
continuous_0384_S6_strategy2.npz,254-375,DRINK,-,FN
continuous_0384_S6_strategy2.npz,375-501,COLOR,-,FN
continuous_0384_S6_strategy2.npz,501-628,RELATIONSHIPS,-,FN
continuous_0384_S6_strategy2.npz,628-763,NUMBER,-,FN
continuous_0385_S6_strategy2.npz,0-151,COLOR,COLOR,TP
continuous_0385_S6_strategy2.npz,151-304,NUMBER,DAYS,FP
continuous_0385_S6_strategy2.npz,304-456,FOOD,FOOD,TP
continuous_0385_S6_strategy2.npz,456-609,SURVIVAL,SURVIVAL,TP
continuous_0385_S6_strategy2.npz,609-762,FAMILY,SURVIVAL,FP
continuous_0385_S6_strategy2.npz,762-915,DAYS,GREETING,FP
continuous_0385_S6_strategy2.npz,392-537,GREETING,-,FN
continuous_0385_S6_strategy2.npz,127-264,NUMBER,DAYS,FN
continuous_0385_S6_strategy2.npz,674-802,FAMILY,SURVIVAL,FN
continuous_0385_S6_strategy2.npz,802-929,DAYS,GREETING,FN
continuous_0386_S6_strategy2.npz,0-253,FAMILY,FAMILY,TP
continuous_0386_S6_strategy2.npz,253-381,DRINK,FOOD,FP
continuous_0386_S6_strategy2.npz,381-634,RELATIONSHIPS,FOOD,FP
continuous_0386_S6_strategy2.npz,634-762,SURVIVAL,SURVIVAL,TP
continuous_0386_S6_strategy2.npz,762-889,COLOR,FOOD,FP
continuous_0386_S6_strategy2.npz,128-254,GREETING,-,FN
continuous_0386_S6_strategy2.npz,382-508,FOOD,-,FN
continuous_0386_S6_strategy2.npz,254-382,DRINK,FOOD,FN
continuous_0386_S6_strategy2.npz,508-635,RELATIONSHIPS,FOOD,FN
continuous_0386_S6_strategy2.npz,760-888,COLOR,FOOD,FN
continuous_0387_S6_strategy2.npz,0-126,NUMBER,NUMBER,TP
continuous_0387_S6_strategy2.npz,126-255,FOOD,GREETING,FP
continuous_0387_S6_strategy2.npz,255-382,GREETING,GREETING,TP
continuous_0387_S6_strategy2.npz,382-510,DRINK,GREETING,FP
continuous_0387_S6_strategy2.npz,510-639,-,NUMBER,FP
continuous_0387_S6_strategy2.npz,639-766,CALENDAR,CALENDAR,TP
continuous_0387_S6_strategy2.npz,766-894,SURVIVAL,FOOD,FP
continuous_0387_S6_strategy2.npz,523-651,DAYS,-,FN
continuous_0387_S6_strategy2.npz,134-261,FOOD,GREETING,FN
continuous_0387_S6_strategy2.npz,402-523,DRINK,GREETING,FN
continuous_0387_S6_strategy2.npz,780-902,SURVIVAL,FOOD,FN
continuous_0388_S6_strategy2.npz,0-106,DAYS,DAYS,TP
continuous_0388_S6_strategy2.npz,106-213,FAMILY,DAYS,FP
continuous_0388_S6_strategy2.npz,213-321,-,GREETING,FP
continuous_0388_S6_strategy2.npz,321-429,-,SURVIVAL,FP
continuous_0388_S6_strategy2.npz,429-537,-,DRINK,FP
continuous_0388_S6_strategy2.npz,537-643,-,COLOR,FP
continuous_0388_S6_strategy2.npz,643-751,COLOR,COLOR,TP
continuous_0388_S6_strategy2.npz,245-371,GREETING,-,FN
continuous_0388_S6_strategy2.npz,371-504,SURVIVAL,-,FN
continuous_0388_S6_strategy2.npz,504-631,DRINK,-,FN
continuous_0388_S6_strategy2.npz,118-245,FAMILY,DAYS,FN
continuous_0389_S6_strategy2.npz,132-399,RELATIONSHIPS,RELATIONSHIPS,TP
continuous_0389_S6_strategy2.npz,399-531,-,RELATIONSHIPS,FP
continuous_0389_S6_strategy2.npz,531-664,GREETING,GREETING,TP
continuous_0389_S6_strategy2.npz,664-798,FOOD,GREETING,FP
continuous_0389_S6_strategy2.npz,0-126,CALENDAR,-,FN
continuous_0389_S6_strategy2.npz,253-381,DAYS,-,FN
continuous_0389_S6_strategy2.npz,381-508,FAMILY,-,FN
continuous_0389_S6_strategy2.npz,681-808,FOOD,GREETING,FN
continuous_0390_S6_strategy2.npz,0-129,CALENDAR,CALENDAR,TP
continuous_0390_S6_strategy2.npz,129-258,NUMBER,NUMBER,TP
continuous_0390_S6_strategy2.npz,258-516,FOOD,FOOD,TP
continuous_0390_S6_strategy2.npz,516-645,SURVIVAL,SURVIVAL,TP
continuous_0390_S6_strategy2.npz,645-774,RELATIONSHIPS,RELATIONSHIPS,TP
continuous_0390_S6_strategy2.npz,774-904,DAYS,RELATIONSHIPS,FP
continuous_0390_S6_strategy2.npz,395-522,FAMILY,-,FN
continuous_0390_S6_strategy2.npz,784-911,DAYS,RELATIONSHIPS,FN
continuous_0391_S6_strategy2.npz,0-111,SURVIVAL,SURVIVAL,TP
continuous_0391_S6_strategy2.npz,111-222,DRINK,DRINK,TP
continuous_0391_S6_strategy2.npz,222-445,-,CALENDAR,FP
continuous_0391_S6_strategy2.npz,445-558,FOOD,FOOD,TP
continuous_0391_S6_strategy2.npz,558-669,COLOR,FOOD,FP
continuous_0391_S6_strategy2.npz,669-781,DAYS,COLOR,FP
continuous_0391_S6_strategy2.npz,284-412,CALENDAR,-,FN
continuous_0391_S6_strategy2.npz,538-662,COLOR,FOOD,FN
continuous_0391_S6_strategy2.npz,662-790,DAYS,COLOR,FN
continuous_0392_S6_strategy2.npz,0-448,NUMBER,NUMBER,TP
continuous_0392_S6_strategy2.npz,448-561,-,FAMILY,FP
continuous_0392_S6_strategy2.npz,561-673,-,FOOD,FP
continuous_0392_S6_strategy2.npz,673-786,-,GREETING,FP
continuous_0392_S6_strategy2.npz,786-898,-,CALENDAR,FP
continuous_0392_S6_strategy2.npz,131-257,DAYS,-,FN
continuous_0392_S6_strategy2.npz,257-393,FOOD,-,FN
continuous_0392_S6_strategy2.npz,393-520,DRINK,-,FN
continuous_0392_S6_strategy2.npz,520-650,GREETING,-,FN
continuous_0392_S6_strategy2.npz,650-778,CALENDAR,-,FN
continuous_0392_S6_strategy2.npz,778-904,RELATIONSHIPS,-,FN
continuous_0393_S6_strategy2.npz,0-147,DRINK,DRINK,TP
continuous_0393_S6_strategy2.npz,147-294,DAYS,DAYS,TP
continuous_0393_S6_strategy2.npz,294-441,-,GREETING,FP
continuous_0393_S6_strategy2.npz,441-735,CALENDAR,CALENDAR,TP
continuous_0393_S6_strategy2.npz,735-883,FOOD,FOOD,TP
continuous_0393_S6_strategy2.npz,254-382,FAMILY,-,FN
continuous_0393_S6_strategy2.npz,382-507,GREETING,-,FN
continuous_0393_S6_strategy2.npz,634-756,NUMBER,-,FN
continuous_0394_S6_strategy2.npz,0-129,DRINK,FOOD,FP
continuous_0394_S6_strategy2.npz,129-258,FAMILY,DRINK,FP
continuous_0394_S6_strategy2.npz,258-517,-,RELATIONSHIPS,FP
continuous_0394_S6_strategy2.npz,517-648,FOOD,GREETING,FP
continuous_0394_S6_strategy2.npz,648-777,DAYS,DRINK,FP
continuous_0394_S6_strategy2.npz,254-377,NUMBER,-,FN
continuous_0394_S6_strategy2.npz,377-521,GREETING,-,FN
continuous_0394_S6_strategy2.npz,0-127,DRINK,FOOD,FN
continuous_0394_S6_strategy2.npz,127-254,FAMILY,DRINK,FN
continuous_0394_S6_strategy2.npz,521-648,FOOD,GREETING,FN
continuous_0394_S6_strategy2.npz,648-776,DAYS,DRINK,FN
continuous_0395_S6_strategy2.npz,252-379,FAMILY,FAMILY,TP
continuous_0395_S6_strategy2.npz,379-505,RELATIONSHIPS,RELATIONSHIPS,TP
continuous_0395_S6_strategy2.npz,505-633,COLOR,FOOD,FP
continuous_0395_S6_strategy2.npz,633-759,FOOD,FOOD,TP
continuous_0395_S6_strategy2.npz,759-886,DAYS,DAYS,TP
continuous_0395_S6_strategy2.npz,0-127,CALENDAR,-,FN
continuous_0395_S6_strategy2.npz,127-247,NUMBER,-,FN
continuous_0395_S6_strategy2.npz,502-629,COLOR,FOOD,FN
continuous_0396_S6_strategy2.npz,0-126,RELATIONSHIPS,FAMILY,FP
continuous_0396_S6_strategy2.npz,126-253,COLOR,DAYS,FP
continuous_0396_S6_strategy2.npz,253-381,DRINK,FOOD,FP
continuous_0396_S6_strategy2.npz,381-507,-,FOOD,FP
continuous_0396_S6_strategy2.npz,507-634,-,FAMILY,FP
continuous_0396_S6_strategy2.npz,634-762,DAYS,DAYS,TP
continuous_0396_S6_strategy2.npz,762-888,NUMBER,NUMBER,TP
continuous_0396_S6_strategy2.npz,374-499,SURVIVAL,-,FN
continuous_0396_S6_strategy2.npz,499-643,GREETING,-,FN
continuous_0396_S6_strategy2.npz,0-127,RELATIONSHIPS,FAMILY,FN
continuous_0396_S6_strategy2.npz,127-254,COLOR,DAYS,FN
continuous_0396_S6_strategy2.npz,254-374,DRINK,FOOD,FN
continuous_0397_S6_strategy2.npz,96-192,COLOR,FOOD,FP
continuous_0397_S6_strategy2.npz,192-288,-,FAMILY,FP
continuous_0397_S6_strategy2.npz,288-384,-,FAMILY,FP
continuous_0397_S6_strategy2.npz,384-576,RELATIONSHIPS,RELATIONSHIPS,TP
continuous_0397_S6_strategy2.npz,576-672,DRINK,COLOR,FP
continuous_0397_S6_strategy2.npz,672-768,-,DAYS,FP
continuous_0397_S6_strategy2.npz,0-128,CALENDAR,-,FN
continuous_0397_S6_strategy2.npz,255-383,FAMILY,-,FN
continuous_0397_S6_strategy2.npz,636-765,DAYS,-,FN
continuous_0397_S6_strategy2.npz,128-255,COLOR,FOOD,FN
continuous_0397_S6_strategy2.npz,509-636,DRINK,COLOR,FN
continuous_0398_S6_strategy2.npz,0-150,-,GREETING,FP
continuous_0398_S6_strategy2.npz,150-450,DRINK,DAYS,FP
continuous_0398_S6_strategy2.npz,450-600,GREETING,GREETING,TP
continuous_0398_S6_strategy2.npz,600-750,NUMBER,NUMBER,TP
continuous_0398_S6_strategy2.npz,750-900,SURVIVAL,SURVIVAL,TP
continuous_0398_S6_strategy2.npz,0-127,FOOD,-,FN
continuous_0398_S6_strategy2.npz,127-246,DAYS,-,FN
continuous_0398_S6_strategy2.npz,652-780,CALENDAR,-,FN
continuous_0398_S6_strategy2.npz,246-373,DRINK,DAYS,FN
continuous_0399_S6_strategy2.npz,177-354,FOOD,FOOD,TP
continuous_0399_S6_strategy2.npz,354-532,DAYS,FOOD,FP
continuous_0399_S6_strategy2.npz,532-711,COLOR,RELATIONSHIPS,FP
continuous_0399_S6_strategy2.npz,711-888,CALENDAR,CALENDAR,TP
continuous_0399_S6_strategy2.npz,0-137,NUMBER,-,FN
continuous_0399_S6_strategy2.npz,392-519,RELATIONSHIPS,-,FN
continuous_0399_S6_strategy2.npz,519-642,GREETING,-,FN
continuous_0399_S6_strategy2.npz,264-392,DAYS,FOOD,FN
continuous_0399_S6_strategy2.npz,642-768,COLOR,RELATIONSHIPS,FN
continuous_0400_S6_strategy2.npz,0-126,NUMBER,FAMILY,FP
continuous_0400_S6_strategy2.npz,126-508,DAYS,DAYS,TP
continuous_0400_S6_strategy2.npz,508-636,FOOD,FOOD,TP
continuous_0400_S6_strategy2.npz,636-763,GREETING,GREETING,TP
continuous_0400_S6_strategy2.npz,135-262,FAMILY,-,FN
continuous_0400_S6_strategy2.npz,385-513,CALENDAR,-,FN
continuous_0400_S6_strategy2.npz,0-135,NUMBER,FAMILY,FN
continuous_0401_S6_strategy2.npz,0-84,NUMBER,NUMBER,TP
continuous_0401_S6_strategy2.npz,84-168,-,RELATIONSHIPS,FP
continuous_0401_S6_strategy2.npz,168-508,FOOD,FOOD,TP
continuous_0401_S6_strategy2.npz,508-678,-,CALENDAR,FP
continuous_0401_S6_strategy2.npz,678-763,DAYS,DAYS,TP
continuous_0401_S6_strategy2.npz,131-258,RELATIONSHIPS,-,FN
continuous_0401_S6_strategy2.npz,385-513,FAMILY,-,FN
continuous_0401_S6_strategy2.npz,513-640,CALENDAR,-,FN
continuous_0402_S6_strategy2.npz,0-153,-,NUMBER,FP
continuous_0402_S6_strategy2.npz,153-306,SURVIVAL,FAMILY,FP
continuous_0402_S6_strategy2.npz,306-460,-,GREETING,FP
continuous_0402_S6_strategy2.npz,460-615,-,FOOD,FP
continuous_0402_S6_strategy2.npz,615-768,-,FAMILY,FP
continuous_0402_S6_strategy2.npz,0-128,RELATIONSHIPS,-,FN
continuous_0402_S6_strategy2.npz,128-263,NUMBER,-,FN
continuous_0402_S6_strategy2.npz,385-528,GREETING,-,FN
continuous_0402_S6_strategy2.npz,528-655,FOOD,-,FN
continuous_0402_S6_strategy2.npz,655-783,FAMILY,-,FN
continuous_0402_S6_strategy2.npz,263-385,SURVIVAL,FAMILY,FN
continuous_0403_S6_strategy2.npz,0-153,NUMBER,NUMBER,TP
continuous_0403_S6_strategy2.npz,153-459,RELATIONSHIPS,RELATIONSHIPS,TP
continuous_0403_S6_strategy2.npz,459-612,DRINK,COLOR,FP
continuous_0403_S6_strategy2.npz,612-766,FAMILY,FAMILY,TP
continuous_0403_S6_strategy2.npz,141-269,FOOD,-,FN
continuous_0403_S6_strategy2.npz,523-645,DAYS,-,FN
continuous_0403_S6_strategy2.npz,395-523,DRINK,COLOR,FN
continuous_0404_S6_strategy2.npz,0-222,FOOD,FOOD,TP
continuous_0404_S6_strategy2.npz,222-447,RELATIONSHIPS,FOOD,FP
continuous_0404_S6_strategy2.npz,447-670,GREETING,GREETING,TP
continuous_0404_S6_strategy2.npz,670-894,-,GREETING,FP
continuous_0404_S6_strategy2.npz,254-372,DAYS,-,FN
continuous_0404_S6_strategy2.npz,513-650,SURVIVAL,-,FN
continuous_0404_S6_strategy2.npz,650-778,FAMILY,-,FN
continuous_0404_S6_strategy2.npz,778-901,CALENDAR,-,FN
continuous_0404_S6_strategy2.npz,127-254,RELATIONSHIPS,FOOD,FN
continuous_0405_S6_strategy2.npz,0-189,-,FOOD,FP
continuous_0405_S6_strategy2.npz,189-378,FAMILY,FAMILY,TP
continuous_0405_S6_strategy2.npz,378-567,DRINK,DAYS,FP
continuous_0405_S6_strategy2.npz,567-757,GREETING,GREETING,TP
continuous_0405_S6_strategy2.npz,0-126,SURVIVAL,-,FN
continuous_0405_S6_strategy2.npz,126-254,FOOD,-,FN
continuous_0405_S6_strategy2.npz,509-637,DAYS,-,FN
continuous_0405_S6_strategy2.npz,381-509,DRINK,DAYS,FN
continuous_0406_S6_strategy2.npz,0-153,DRINK,COLOR,FP
continuous_0406_S6_strategy2.npz,153-309,SURVIVAL,SURVIVAL,TP
continuous_0406_S6_strategy2.npz,309-462,FAMILY,FAMILY,TP
continuous_0406_S6_strategy2.npz,462-618,RELATIONSHIPS,RELATIONSHIPS,TP
continuous_0406_S6_strategy2.npz,618-772,FOOD,COLOR,FP
continuous_0406_S6_strategy2.npz,517-643,COLOR,-,FN
continuous_0406_S6_strategy2.npz,0-127,DRINK,COLOR,FN
continuous_0406_S6_strategy2.npz,643-771,FOOD,COLOR,FN
continuous_0407_S6_strategy2.npz,0-126,-,DAYS,FP
continuous_0407_S6_strategy2.npz,126-255,SURVIVAL,GREETING,FP
continuous_0407_S6_strategy2.npz,255-382,GREETING,GREETING,TP
continuous_0407_S6_strategy2.npz,382-637,DRINK,CALENDAR,FP
continuous_0407_S6_strategy2.npz,637-765,FOOD,FOOD,TP
continuous_0407_S6_strategy2.npz,765-894,COLOR,COLOR,TP
continuous_0407_S6_strategy2.npz,0-127,DAYS,-,FN
continuous_0407_S6_strategy2.npz,508-636,CALENDAR,-,FN
continuous_0407_S6_strategy2.npz,127-255,SURVIVAL,GREETING,FN
continuous_0407_S6_strategy2.npz,382-508,DRINK,CALENDAR,FN
continuous_0408_S6_strategy2.npz,0-297,DRINK,FOOD,FP
continuous_0408_S6_strategy2.npz,297-445,-,FOOD,FP
continuous_0408_S6_strategy2.npz,445-594,-,FOOD,FP
continuous_0408_S6_strategy2.npz,594-742,RELATIONSHIPS,FAMILY,FP
continuous_0408_S6_strategy2.npz,742-891,-,FOOD,FP
continuous_0408_S6_strategy2.npz,127-254,COLOR,-,FN
continuous_0408_S6_strategy2.npz,254-382,DAYS,-,FN
continuous_0408_S6_strategy2.npz,382-509,FAMILY,-,FN
continuous_0408_S6_strategy2.npz,509-635,FOOD,-,FN
continuous_0408_S6_strategy2.npz,763-896,SURVIVAL,-,FN
continuous_0408_S6_strategy2.npz,0-127,DRINK,FOOD,FN
continuous_0408_S6_strategy2.npz,635-763,RELATIONSHIPS,FAMILY,FN
continuous_0409_S6_strategy2.npz,0-384,RELATIONSHIPS,RELATIONSHIPS,TP
continuous_0409_S6_strategy2.npz,384-511,-,DAYS,FP
continuous_0409_S6_strategy2.npz,511-639,-,DAYS,FP
continuous_0409_S6_strategy2.npz,639-768,-,FOOD,FP
continuous_0409_S6_strategy2.npz,768-897,-,COLOR,FP
continuous_0409_S6_strategy2.npz,127-253,NUMBER,-,FN
continuous_0409_S6_strategy2.npz,253-380,DAYS,-,FN
continuous_0409_S6_strategy2.npz,380-503,FOOD,-,FN
continuous_0409_S6_strategy2.npz,503-631,DRINK,-,FN
continuous_0409_S6_strategy2.npz,631-755,COLOR,-,FN
continuous_0409_S6_strategy2.npz,755-894,GREETING,-,FN
continuous_0410_S6_strategy2.npz,126-253,RELATIONSHIPS,RELATIONSHIPS,TP
continuous_0410_S6_strategy2.npz,253-381,DAYS,DAYS,TP
continuous_0410_S6_strategy2.npz,381-508,SURVIVAL,SURVIVAL,TP
continuous_0410_S6_strategy2.npz,508-636,FOOD,FOOD,TP
continuous_0410_S6_strategy2.npz,636-763,CALENDAR,CALENDAR,TP
continuous_0410_S6_strategy2.npz,0-138,NUMBER,-,FN
continuous_0411_S6_strategy2.npz,0-126,-,FAMILY,FP
continuous_0411_S6_strategy2.npz,126-508,COLOR,RELATIONSHIPS,FP
continuous_0411_S6_strategy2.npz,508-763,DRINK,FOOD,FP
continuous_0411_S6_strategy2.npz,0-141,GREETING,-,FN
continuous_0411_S6_strategy2.npz,141-269,FAMILY,-,FN
continuous_0411_S6_strategy2.npz,395-522,CALENDAR,-,FN
continuous_0411_S6_strategy2.npz,638-762,DAYS,-,FN
continuous_0411_S6_strategy2.npz,269-395,COLOR,RELATIONSHIPS,FN
continuous_0411_S6_strategy2.npz,522-638,DRINK,FOOD,FN
continuous_0412_S6_strategy2.npz,0-97,-,FOOD,FP
continuous_0412_S6_strategy2.npz,97-196,RELATIONSHIPS,FAMILY,FP
continuous_0412_S6_strategy2.npz,196-295,-,RELATIONSHIPS,FP
continuous_0412_S6_strategy2.npz,295-394,SURVIVAL,SURVIVAL,TP
continuous_0412_S6_strategy2.npz,394-592,-,GREETING,FP
continuous_0412_S6_strategy2.npz,592-691,-,DAYS,FP
continuous_0412_S6_strategy2.npz,691-790,-,NUMBER,FP
continuous_0412_S6_strategy2.npz,790-889,COLOR,FOOD,FP
continuous_0412_S6_strategy2.npz,0-124,DRINK,-,FN
continuous_0412_S6_strategy2.npz,380-506,GREETING,-,FN
continuous_0412_S6_strategy2.npz,506-633,DAYS,-,FN
continuous_0412_S6_strategy2.npz,633-769,NUMBER,-,FN
continuous_0412_S6_strategy2.npz,124-252,RELATIONSHIPS,FAMILY,FN
continuous_0412_S6_strategy2.npz,769-896,COLOR,FOOD,FN
continuous_0413_S6_strategy2.npz,0-108,COLOR,FOOD,FP
continuous_0413_S6_strategy2.npz,108-217,FAMILY,FAMILY,TP
continuous_0413_S6_strategy2.npz,217-327,DAYS,DAYS,TP
continuous_0413_S6_strategy2.npz,327-762,-,RELATIONSHIPS,FP
continuous_0413_S6_strategy2.npz,762-873,-,SURVIVAL,FP
continuous_0413_S6_strategy2.npz,372-499,RELATIONSHIPS,-,FN
continuous_0413_S6_strategy2.npz,499-626,CALENDAR,-,FN
continuous_0413_S6_strategy2.npz,626-763,SURVIVAL,-,FN
continuous_0413_S6_strategy2.npz,763-879,GREETING,-,FN
continuous_0413_S6_strategy2.npz,0-123,COLOR,FOOD,FN
continuous_0414_S6_strategy2.npz,0-126,FOOD,FOOD,TP
continuous_0414_S6_strategy2.npz,126-253,COLOR,COLOR,TP
continuous_0414_S6_strategy2.npz,253-634,DRINK,COLOR,FP
continuous_0414_S6_strategy2.npz,634-889,-,NUMBER,FP
continuous_0414_S6_strategy2.npz,381-508,CALENDAR,-,FN
continuous_0414_S6_strategy2.npz,508-647,NUMBER,-,FN
continuous_0414_S6_strategy2.npz,647-769,RELATIONSHIPS,-,FN
continuous_0414_S6_strategy2.npz,769-904,SURVIVAL,-,FN
continuous_0414_S6_strategy2.npz,253-381,DRINK,COLOR,FN
continuous_0415_S6_strategy2.npz,0-180,-,DAYS,FP
continuous_0415_S6_strategy2.npz,180-360,COLOR,DAYS,FP
continuous_0415_S6_strategy2.npz,360-810,FOOD,FOOD,TP
continuous_0415_S6_strategy2.npz,810-900,-,SURVIVAL,FP
continuous_0415_S6_strategy2.npz,0-138,GREETING,-,FN
continuous_0415_S6_strategy2.npz,138-266,DAYS,-,FN
continuous_0415_S6_strategy2.npz,519-646,CALENDAR,-,FN
continuous_0415_S6_strategy2.npz,646-769,NUMBER,-,FN
continuous_0415_S6_strategy2.npz,769-915,SURVIVAL,-,FN
continuous_0415_S6_strategy2.npz,266-393,COLOR,DAYS,FN
continuous_0416_S6_strategy2.npz,376-501,-,DRINK,FP
continuous_0416_S6_strategy2.npz,501-627,-,GREETING,FP
continuous_0416_S6_strategy2.npz,627-753,-,FAMILY,FP
continuous_0416_S6_strategy2.npz,0-126,DAYS,-,FN
continuous_0416_S6_strategy2.npz,126-261,NUMBER,-,FN
continuous_0416_S6_strategy2.npz,261-388,DRINK,-,FN
continuous_0416_S6_strategy2.npz,388-508,GREETING,-,FN
continuous_0416_S6_strategy2.npz,508-636,RELATIONSHIPS,-,FN
continuous_0416_S6_strategy2.npz,636-769,SURVIVAL,-,FN
continuous_0417_S6_strategy2.npz,0-156,GREETING,GREETING,TP
continuous_0417_S6_strategy2.npz,156-469,DRINK,FOOD,FP
continuous_0417_S6_strategy2.npz,469-627,FOOD,FOOD,TP
continuous_0417_S6_strategy2.npz,627-783,CALENDAR,CALENDAR,TP
continuous_0417_S6_strategy2.npz,149-271,RELATIONSHIPS,-,FN
continuous_0417_S6_strategy2.npz,526-653,COLOR,-,FN
continuous_0417_S6_strategy2.npz,271-399,DRINK,FOOD,FN
continuous_0418_S6_strategy2.npz,0-189,DAYS,DAYS,TP
continuous_0418_S6_strategy2.npz,189-570,DRINK,DRINK,TP
continuous_0418_S6_strategy2.npz,570-760,FAMILY,FOOD,FP
continuous_0418_S6_strategy2.npz,127-262,NUMBER,-,FN
continuous_0418_S6_strategy2.npz,262-387,COLOR,-,FN
continuous_0418_S6_strategy2.npz,513-640,GREETING,-,FN
continuous_0418_S6_strategy2.npz,640-768,FAMILY,FOOD,FN
continuous_0419_S6_strategy2.npz,0-174,SURVIVAL,SURVIVAL,TP
continuous_0419_S6_strategy2.npz,174-348,-,NUMBER,FP
continuous_0419_S6_strategy2.npz,348-523,FOOD,COLOR,FP
continuous_0419_S6_strategy2.npz,523-873,FAMILY,FOOD,FP
continuous_0419_S6_strategy2.npz,137-253,GREETING,-,FN
continuous_0419_S6_strategy2.npz,253-385,NUMBER,-,FN
continuous_0419_S6_strategy2.npz,640-761,RELATIONSHIPS,-,FN
continuous_0419_S6_strategy2.npz,761-888,CALENDAR,-,FN
continuous_0419_S6_strategy2.npz,385-513,FOOD,COLOR,FN
continuous_0419_S6_strategy2.npz,513-640,FAMILY,FOOD,FN
continuous_0420_S6_strategy2.npz,0-198,FOOD,FOOD,TP
continuous_0420_S6_strategy2.npz,198-297,RELATIONSHIPS,RELATIONSHIPS,TP
continuous_0420_S6_strategy2.npz,297-495,FAMILY,FAMILY,TP
continuous_0420_S6_strategy2.npz,495-793,DAYS,DAYS,TP
continuous_0420_S6_strategy2.npz,793-894,DRINK,DRINK,TP
continuous_0420_S6_strategy2.npz,127-253,GREETING,-,FN
continuous_0420_S6_strategy2.npz,635-771,NUMBER,-,FN
continuous_0421_S6_strategy2.npz,0-189,GREETING,GREETING,TP
continuous_0421_S6_strategy2.npz,189-379,FAMILY,FAMILY,TP
continuous_0421_S6_strategy2.npz,379-570,-,CALENDAR,FP
continuous_0421_S6_strategy2.npz,570-759,-,FOOD,FP
continuous_0421_S6_strategy2.npz,260-387,DAYS,-,FN
continuous_0421_S6_strategy2.npz,387-515,FOOD,-,FN
continuous_0421_S6_strategy2.npz,515-634,NUMBER,-,FN
continuous_0421_S6_strategy2.npz,634-758,DRINK,-,FN
continuous_0422_S6_strategy2.npz,0-225,SURVIVAL,SURVIVAL,TP
continuous_0422_S6_strategy2.npz,225-337,-,SURVIVAL,FP
continuous_0422_S6_strategy2.npz,337-450,-,FOOD,FP
continuous_0422_S6_strategy2.npz,450-676,-,NUMBER,FP
continuous_0422_S6_strategy2.npz,676-789,-,CALENDAR,FP
continuous_0422_S6_strategy2.npz,789-903,-,DAYS,FP
continuous_0422_S6_strategy2.npz,142-270,FOOD,-,FN
continuous_0422_S6_strategy2.npz,270-413,NUMBER,-,FN
continuous_0422_S6_strategy2.npz,413-540,CALENDAR,-,FN
continuous_0422_S6_strategy2.npz,540-664,DAYS,-,FN
continuous_0422_S6_strategy2.npz,664-790,DRINK,-,FN
continuous_0422_S6_strategy2.npz,790-918,RELATIONSHIPS,-,FN
continuous_0423_S6_strategy2.npz,0-96,SURVIVAL,FOOD,FP
continuous_0423_S6_strategy2.npz,96-195,CALENDAR,CALENDAR,TP
continuous_0423_S6_strategy2.npz,195-292,RELATIONSHIPS,FAMILY,FP
continuous_0423_S6_strategy2.npz,292-390,-,GREETING,FP
continuous_0423_S6_strategy2.npz,390-586,COLOR,COLOR,TP
continuous_0423_S6_strategy2.npz,586-684,FAMILY,COLOR,FP
continuous_0423_S6_strategy2.npz,684-783,-,RELATIONSHIPS,FP
continuous_0423_S6_strategy2.npz,783-880,NUMBER,NUMBER,TP
continuous_0423_S6_strategy2.npz,377-502,GREETING,-,FN
continuous_0423_S6_strategy2.npz,0-121,SURVIVAL,FOOD,FN
continuous_0423_S6_strategy2.npz,250-377,RELATIONSHIPS,FAMILY,FN
continuous_0423_S6_strategy2.npz,628-755,FAMILY,COLOR,FN
continuous_0424_S6_strategy2.npz,0-333,GREETING,GREETING,TP
continuous_0424_S6_strategy2.npz,333-444,RELATIONSHIPS,FOOD,FP
continuous_0424_S6_strategy2.npz,444-666,COLOR,COLOR,TP
continuous_0424_S6_strategy2.npz,666-777,SURVIVAL,SURVIVAL,TP
continuous_0424_S6_strategy2.npz,139-267,CALENDAR,-,FN
continuous_0424_S6_strategy2.npz,520-653,NUMBER,-,FN
continuous_0424_S6_strategy2.npz,267-393,RELATIONSHIPS,FOOD,FN
continuous_0425_S6_strategy2.npz,0-109,NUMBER,NUMBER,TP
continuous_0425_S6_strategy2.npz,109-220,SURVIVAL,FAMILY,FP
continuous_0425_S6_strategy2.npz,220-331,-,FOOD,FP
continuous_0425_S6_strategy2.npz,331-442,FOOD,FOOD,TP
continuous_0425_S6_strategy2.npz,442-553,GREETING,GREETING,TP
continuous_0425_S6_strategy2.npz,553-664,DAYS,GREETING,FP
continuous_0425_S6_strategy2.npz,664-775,FAMILY,FAMILY,TP
continuous_0425_S6_strategy2.npz,136-276,SURVIVAL,FAMILY,FN
continuous_0425_S6_strategy2.npz,538-665,DAYS,GREETING,FN
continuous_0426_S6_strategy2.npz,0-126,SURVIVAL,SURVIVAL,TP
continuous_0426_S6_strategy2.npz,126-253,CALENDAR,CALENDAR,TP
continuous_0426_S6_strategy2.npz,253-381,NUMBER,NUMBER,TP
continuous_0426_S6_strategy2.npz,381-508,FOOD,FOOD,TP
continuous_0426_S6_strategy2.npz,508-762,GREETING,GREETING,TP
continuous_0426_S6_strategy2.npz,762-891,-,FOOD,FP
continuous_0426_S6_strategy2.npz,659-787,RELATIONSHIPS,-,FN
continuous_0426_S6_strategy2.npz,787-914,DRINK,-,FN
continuous_0427_S6_strategy2.npz,0-250,DRINK,FOOD,FP
continuous_0427_S6_strategy2.npz,250-753,COLOR,DAYS,FP
continuous_0427_S6_strategy2.npz,127-254,RELATIONSHIPS,-,FN
continuous_0427_S6_strategy2.npz,254-379,SURVIVAL,-,FN
continuous_0427_S6_strategy2.npz,498-626,CALENDAR,-,FN
continuous_0427_S6_strategy2.npz,626-750,DAYS,-,FN
continuous_0427_S6_strategy2.npz,0-127,DRINK,FOOD,FN
continuous_0427_S6_strategy2.npz,379-498,COLOR,DAYS,FN
continuous_0428_S6_strategy2.npz,0-96,RELATIONSHIPS,FOOD,FP
continuous_0428_S6_strategy2.npz,96-292,-,COLOR,FP
continuous_0428_S6_strategy2.npz,292-390,SURVIVAL,SURVIVAL,TP
continuous_0428_S6_strategy2.npz,390-684,DAYS,DAYS,TP
continuous_0428_S6_strategy2.npz,684-781,GREETING,GREETING,TP
continuous_0428_S6_strategy2.npz,781-879,CALENDAR,CALENDAR,TP
continuous_0428_S6_strategy2.npz,127-254,DRINK,-,FN
continuous_0428_S6_strategy2.npz,504-630,FAMILY,-,FN
continuous_0428_S6_strategy2.npz,0-127,RELATIONSHIPS,FOOD,FN
continuous_0429_S6_strategy2.npz,0-126,FOOD,FOOD,TP
continuous_0429_S6_strategy2.npz,126-252,-,DAYS,FP
continuous_0429_S6_strategy2.npz,252-379,-,GREETING,FP
continuous_0429_S6_strategy2.npz,379-633,RELATIONSHIPS,RELATIONSHIPS,TP
continuous_0429_S6_strategy2.npz,633-760,GREETING,GREETING,TP
continuous_0429_S6_strategy2.npz,128-249,NUMBER,-,FN
continuous_0429_S6_strategy2.npz,249-376,DRINK,-,FN
continuous_0429_S6_strategy2.npz,376-504,COLOR,-,FN
continuous_0430_S6_strategy2.npz,0-127,GREETING,GREETING,TP
continuous_0430_S6_strategy2.npz,127-256,DAYS,GREETING,FP
continuous_0430_S6_strategy2.npz,256-385,DRINK,FOOD,FP
continuous_0430_S6_strategy2.npz,385-514,RELATIONSHIPS,RELATIONSHIPS,TP
continuous_0430_S6_strategy2.npz,514-643,SURVIVAL,SURVIVAL,TP
continuous_0430_S6_strategy2.npz,643-772,CALENDAR,CALENDAR,TP
continuous_0430_S6_strategy2.npz,130-258,DAYS,GREETING,FN
continuous_0430_S6_strategy2.npz,258-385,DRINK,FOOD,FN
continuous_0431_S6_strategy2.npz,0-441,-,FAMILY,FP
continuous_0431_S6_strategy2.npz,441-589,FOOD,GREETING,FP
continuous_0431_S6_strategy2.npz,589-738,RELATIONSHIPS,DRINK,FP
continuous_0431_S6_strategy2.npz,0-136,NUMBER,-,FN
continuous_0431_S6_strategy2.npz,136-263,COLOR,-,FN
continuous_0431_S6_strategy2.npz,263-386,CALENDAR,-,FN
continuous_0431_S6_strategy2.npz,641-751,SURVIVAL,-,FN
continuous_0431_S6_strategy2.npz,386-514,FOOD,GREETING,FN
continuous_0431_S6_strategy2.npz,514-641,RELATIONSHIPS,DRINK,FN
continuous_0432_S6_strategy2.npz,0-189,RELATIONSHIPS,RELATIONSHIPS,TP
continuous_0432_S6_strategy2.npz,189-285,-,FOOD,FP
continuous_0432_S6_strategy2.npz,285-666,COLOR,FOOD,FP
continuous_0432_S6_strategy2.npz,666-762,DRINK,DAYS,FP
continuous_0432_S6_strategy2.npz,127-247,SURVIVAL,-,FN
continuous_0432_S6_strategy2.npz,247-374,FOOD,-,FN
continuous_0432_S6_strategy2.npz,502-630,FAMILY,-,FN
continuous_0432_S6_strategy2.npz,374-502,COLOR,FOOD,FN
continuous_0432_S6_strategy2.npz,630-758,DRINK,DAYS,FN
continuous_0433_S6_strategy2.npz,0-192,COLOR,COLOR,TP
continuous_0433_S6_strategy2.npz,192-384,FOOD,FOOD,TP
continuous_0433_S6_strategy2.npz,384-576,-,SURVIVAL,FP
continuous_0433_S6_strategy2.npz,576-768,CALENDAR,CALENDAR,TP
continuous_0433_S6_strategy2.npz,254-392,SURVIVAL,-,FN
continuous_0433_S6_strategy2.npz,392-519,DRINK,-,FN
continuous_0433_S6_strategy2.npz,519-647,FAMILY,-,FN
continuous_0434_S6_strategy2.npz,0-126,COLOR,FOOD,FP
continuous_0434_S6_strategy2.npz,126-253,SURVIVAL,FOOD,FP
continuous_0434_S6_strategy2.npz,253-381,CALENDAR,CALENDAR,TP
continuous_0434_S6_strategy2.npz,381-508,FAMILY,FAMILY,TP
continuous_0434_S6_strategy2.npz,508-636,RELATIONSHIPS,FAMILY,FP
continuous_0434_S6_strategy2.npz,636-763,DAYS,DAYS,TP
continuous_0434_S6_strategy2.npz,0-120,COLOR,FOOD,FN
continuous_0434_S6_strategy2.npz,120-262,SURVIVAL,FOOD,FN
continuous_0434_S6_strategy2.npz,516-643,RELATIONSHIPS,FAMILY,FN
continuous_0435_S6_strategy2.npz,0-127,COLOR,COLOR,TP
continuous_0435_S6_strategy2.npz,127-255,DAYS,DAYS,TP
continuous_0435_S6_strategy2.npz,255-384,RELATIONSHIPS,FOOD,FP
continuous_0435_S6_strategy2.npz,384-513,NUMBER,NUMBER,TP
continuous_0435_S6_strategy2.npz,513-642,FAMILY,FAMILY,TP
continuous_0435_S6_strategy2.npz,642-769,FOOD,FOOD,TP
continuous_0435_S6_strategy2.npz,769-897,CALENDAR,CALENDAR,TP
continuous_0435_S6_strategy2.npz,255-383,RELATIONSHIPS,FOOD,FN
continuous_0436_S6_strategy2.npz,0-151,-,FOOD,FP
continuous_0436_S6_strategy2.npz,151-304,-,SURVIVAL,FP
continuous_0436_S6_strategy2.npz,304-762,DRINK,COLOR,FP
continuous_0436_S6_strategy2.npz,0-127,DAYS,-,FN
continuous_0436_S6_strategy2.npz,127-254,FOOD,-,FN
continuous_0436_S6_strategy2.npz,254-388,SURVIVAL,-,FN
continuous_0436_S6_strategy2.npz,516-643,CALENDAR,-,FN
continuous_0436_S6_strategy2.npz,643-768,RELATIONSHIPS,-,FN
continuous_0436_S6_strategy2.npz,388-516,DRINK,COLOR,FN
continuous_0437_S6_strategy2.npz,0-171,DAYS,GREETING,FP
continuous_0437_S6_strategy2.npz,171-345,FAMILY,FAMILY,TP
continuous_0437_S6_strategy2.npz,345-517,CALENDAR,CALENDAR,TP
continuous_0437_S6_strategy2.npz,517-690,SURVIVAL,SURVIVAL,TP
continuous_0437_S6_strategy2.npz,690-864,COLOR,COLOR,TP
continuous_0437_S6_strategy2.npz,250-369,RELATIONSHIPS,-,FN
continuous_0437_S6_strategy2.npz,753-870,GREETING,-,FN
continuous_0437_S6_strategy2.npz,0-121,DAYS,GREETING,FN
continuous_0438_S6_strategy2.npz,0-256,RELATIONSHIPS,RELATIONSHIPS,TP
continuous_0438_S6_strategy2.npz,256-385,-,FOOD,FP
continuous_0438_S6_strategy2.npz,385-513,-,DAYS,FP
continuous_0438_S6_strategy2.npz,513-642,-,FAMILY,FP
continuous_0438_S6_strategy2.npz,642-771,-,FAMILY,FP
continuous_0438_S6_strategy2.npz,771-900,DRINK,DRINK,TP
continuous_0438_S6_strategy2.npz,127-254,FOOD,-,FN
continuous_0438_S6_strategy2.npz,254-382,DAYS,-,FN
continuous_0438_S6_strategy2.npz,382-509,COLOR,-,FN
continuous_0438_S6_strategy2.npz,509-641,SURVIVAL,-,FN
continuous_0438_S6_strategy2.npz,641-769,FAMILY,-,FN
continuous_0439_S6_strategy2.npz,0-126,COLOR,COLOR,TP
continuous_0439_S6_strategy2.npz,126-255,NUMBER,NUMBER,TP
continuous_0439_S6_strategy2.npz,255-382,SURVIVAL,SURVIVAL,TP
continuous_0439_S6_strategy2.npz,382-510,DAYS,DAYS,TP
continuous_0439_S6_strategy2.npz,510-637,CALENDAR,CALENDAR,TP
continuous_0439_S6_strategy2.npz,637-765,FOOD,FAMILY,FP
continuous_0439_S6_strategy2.npz,653-780,FOOD,FAMILY,FN
continuous_0440_S6_strategy2.npz,0-106,CALENDAR,CALENDAR,TP
continuous_0440_S6_strategy2.npz,106-214,NUMBER,FAMILY,FP
continuous_0440_S6_strategy2.npz,214-538,DAYS,FAMILY,FP
continuous_0440_S6_strategy2.npz,538-754,SURVIVAL,SURVIVAL,TP
continuous_0440_S6_strategy2.npz,375-503,GREETING,-,FN
continuous_0440_S6_strategy2.npz,642-770,FOOD,-,FN
continuous_0440_S6_strategy2.npz,112-248,NUMBER,FAMILY,FN
continuous_0440_S6_strategy2.npz,248-375,DAYS,FAMILY,FN
continuous_0441_S6_strategy2.npz,0-180,FOOD,FOOD,TP
continuous_0441_S6_strategy2.npz,180-361,FAMILY,GREETING,FP
continuous_0441_S6_strategy2.npz,361-543,NUMBER,NUMBER,TP
continuous_0441_S6_strategy2.npz,543-724,DAYS,DAYS,TP
continuous_0441_S6_strategy2.npz,724-906,CALENDAR,CALENDAR,TP
continuous_0441_S6_strategy2.npz,127-276,GREETING,-,FN
continuous_0441_S6_strategy2.npz,794-912,RELATIONSHIPS,-,FN
continuous_0441_S6_strategy2.npz,276-403,FAMILY,GREETING,FN
continuous_0442_S6_strategy2.npz,0-294,COLOR,COLOR,TP
continuous_0442_S6_strategy2.npz,294-441,FOOD,COLOR,FP
continuous_0442_S6_strategy2.npz,441-588,CALENDAR,CALENDAR,TP
continuous_0442_S6_strategy2.npz,588-735,SURVIVAL,GREETING,FP
continuous_0442_S6_strategy2.npz,735-883,DRINK,DRINK,TP
continuous_0442_S6_strategy2.npz,127-259,NUMBER,-,FN
continuous_0442_S6_strategy2.npz,762-889,RELATIONSHIPS,-,FN
continuous_0442_S6_strategy2.npz,259-386,FOOD,COLOR,FN
continuous_0442_S6_strategy2.npz,514-635,SURVIVAL,GREETING,FN
continuous_0443_S6_strategy2.npz,0-111,FOOD,FOOD,TP
continuous_0443_S6_strategy2.npz,111-222,DRINK,DRINK,TP
continuous_0443_S6_strategy2.npz,222-333,RELATIONSHIPS,COLOR,FP
continuous_0443_S6_strategy2.npz,333-555,CALENDAR,CALENDAR,TP
continuous_0443_S6_strategy2.npz,555-666,FAMILY,FAMILY,TP
continuous_0443_S6_strategy2.npz,666-777,COLOR,DAYS,FP
continuous_0443_S6_strategy2.npz,777-888,GREETING,FOOD,FP
continuous_0443_S6_strategy2.npz,254-380,RELATIONSHIPS,COLOR,FN
continuous_0443_S6_strategy2.npz,633-760,COLOR,DAYS,FN
continuous_0443_S6_strategy2.npz,760-885,GREETING,FOOD,FN
continuous_0444_S6_strategy2.npz,0-87,FOOD,FOOD,TP
continuous_0444_S6_strategy2.npz,87-177,NUMBER,NUMBER,TP
continuous_0444_S6_strategy2.npz,177-531,-,FAMILY,FP
continuous_0444_S6_strategy2.npz,531-621,-,FOOD,FP
continuous_0444_S6_strategy2.npz,621-709,GREETING,GREETING,TP
continuous_0444_S6_strategy2.npz,709-798,-,CALENDAR,FP
continuous_0444_S6_strategy2.npz,798-888,DRINK,DRINK,TP
continuous_0444_S6_strategy2.npz,254-379,COLOR,-,FN
continuous_0444_S6_strategy2.npz,379-506,DAYS,-,FN
continuous_0444_S6_strategy2.npz,647-775,CALENDAR,-,FN
continuous_0445_S6_strategy2.npz,0-108,COLOR,COLOR,TP
continuous_0445_S6_strategy2.npz,108-216,DAYS,COLOR,FP
continuous_0445_S6_strategy2.npz,216-325,FAMILY,FAMILY,TP
continuous_0445_S6_strategy2.npz,325-435,-,FOOD,FP
continuous_0445_S6_strategy2.npz,435-543,-,GREETING,FP
continuous_0445_S6_strategy2.npz,543-652,GREETING,GREETING,TP
continuous_0445_S6_strategy2.npz,652-762,SURVIVAL,SURVIVAL,TP
continuous_0445_S6_strategy2.npz,376-504,DRINK,-,FN
continuous_0445_S6_strategy2.npz,126-252,DAYS,COLOR,FN
continuous_0446_S6_strategy2.npz,0-150,FAMILY,FAMILY,TP
continuous_0446_S6_strategy2.npz,150-301,COLOR,COLOR,TP
continuous_0446_S6_strategy2.npz,301-453,DAYS,GREETING,FP
continuous_0446_S6_strategy2.npz,453-754,FOOD,FOOD,TP
continuous_0446_S6_strategy2.npz,754-906,NUMBER,NUMBER,TP
continuous_0446_S6_strategy2.npz,509-648,GREETING,-,FN
continuous_0446_S6_strategy2.npz,648-775,CALENDAR,-,FN
continuous_0446_S6_strategy2.npz,254-382,DAYS,GREETING,FN
continuous_0447_S6_strategy2.npz,0-447,DRINK,DRINK,TP
continuous_0447_S6_strategy2.npz,447-559,GREETING,GREETING,TP
continuous_0447_S6_strategy2.npz,559-672,NUMBER,NUMBER,TP
continuous_0447_S6_strategy2.npz,672-783,-,CALENDAR,FP
continuous_0447_S6_strategy2.npz,783-895,FOOD,FOOD,TP
continuous_0447_S6_strategy2.npz,127-243,DAYS,-,FN
continuous_0447_S6_strategy2.npz,243-370,FAMILY,-,FN
continuous_0447_S6_strategy2.npz,647-774,CALENDAR,-,FN
continuous_0448_S6_strategy2.npz,0-192,RELATIONSHIPS,RELATIONSHIPS,TP
continuous_0448_S6_strategy2.npz,192-385,GREETING,GREETING,TP
continuous_0448_S6_strategy2.npz,385-579,FAMILY,FAMILY,TP
continuous_0448_S6_strategy2.npz,579-771,NUMBER,NUMBER,TP
continuous_0448_S6_strategy2.npz,128-255,COLOR,-,FN
continuous_0448_S6_strategy2.npz,658-787,CALENDAR,-,FN
continuous_0449_S6_strategy2.npz,444-666,RELATIONSHIPS,RELATIONSHIPS,TP
continuous_0449_S6_strategy2.npz,666-888,GREETING,GREETING,TP
continuous_0449_S6_strategy2.npz,0-122,DRINK,-,FN
continuous_0449_S6_strategy2.npz,122-250,CALENDAR,-,FN
continuous_0449_S6_strategy2.npz,250-375,DAYS,-,FN
continuous_0449_S6_strategy2.npz,375-501,COLOR,-,FN
continuous_0449_S6_strategy2.npz,756-894,NUMBER,-,FN
continuous_0450_S6_strategy2.npz,183-366,DAYS,GREETING,FP
continuous_0450_S6_strategy2.npz,366-549,RELATIONSHIPS,RELATIONSHIPS,TP
continuous_0450_S6_strategy2.npz,549-733,DRINK,FOOD,FP
continuous_0450_S6_strategy2.npz,733-918,-,COLOR,FP
continuous_0450_S6_strategy2.npz,0-126,CALENDAR,-,FN
continuous_0450_S6_strategy2.npz,126-279,GREETING,-,FN
continuous_0450_S6_strategy2.npz,661-787,COLOR,-,FN
continuous_0450_S6_strategy2.npz,787-923,NUMBER,-,FN
continuous_0450_S6_strategy2.npz,279-406,DAYS,GREETING,FN
continuous_0450_S6_strategy2.npz,533-661,DRINK,FOOD,FN
continuous_0451_S6_strategy2.npz,0-127,COLOR,COLOR,TP
continuous_0451_S6_strategy2.npz,127-514,NUMBER,COLOR,FP
continuous_0451_S6_strategy2.npz,514-772,RELATIONSHIPS,RELATIONSHIPS,TP
continuous_0451_S6_strategy2.npz,772-901,-,FAMILY,FP
continuous_0451_S6_strategy2.npz,264-406,GREETING,-,FN
continuous_0451_S6_strategy2.npz,534-653,DAYS,-,FN
continuous_0451_S6_strategy2.npz,653-780,FAMILY,-,FN
continuous_0451_S6_strategy2.npz,780-907,CALENDAR,-,FN
continuous_0451_S6_strategy2.npz,127-264,NUMBER,COLOR,FN
continuous_0452_S6_strategy2.npz,0-126,COLOR,FOOD,FP
continuous_0452_S6_strategy2.npz,126-252,CALENDAR,CALENDAR,TP
continuous_0452_S6_strategy2.npz,252-379,-,NUMBER,FP
continuous_0452_S6_strategy2.npz,379-505,-,NUMBER,FP
continuous_0452_S6_strategy2.npz,505-633,-,FAMILY,FP
continuous_0452_S6_strategy2.npz,633-886,-,DAYS,FP
continuous_0452_S6_strategy2.npz,254-378,NUMBER,-,FN
continuous_0452_S6_strategy2.npz,378-506,RELATIONSHIPS,-,FN
continuous_0452_S6_strategy2.npz,506-634,GREETING,-,FN
continuous_0452_S6_strategy2.npz,634-761,DAYS,-,FN
continuous_0452_S6_strategy2.npz,761-884,FAMILY,-,FN
continuous_0452_S6_strategy2.npz,0-127,COLOR,FOOD,FN
continuous_0453_S6_strategy2.npz,333-444,-,NUMBER,FP
continuous_0453_S6_strategy2.npz,444-555,-,FAMILY,FP
continuous_0453_S6_strategy2.npz,555-666,-,GREETING,FP
continuous_0453_S6_strategy2.npz,666-778,-,RELATIONSHIPS,FP
continuous_0453_S6_strategy2.npz,0-127,CALENDAR,-,FN
continuous_0453_S6_strategy2.npz,127-275,NUMBER,-,FN
continuous_0453_S6_strategy2.npz,275-402,FAMILY,-,FN
continuous_0453_S6_strategy2.npz,402-531,GREETING,-,FN
continuous_0453_S6_strategy2.npz,531-658,RELATIONSHIPS,-,FN
continuous_0453_S6_strategy2.npz,658-785,COLOR,-,FN
continuous_0454_S6_strategy2.npz,0-111,NUMBER,NUMBER,TP
continuous_0454_S6_strategy2.npz,111-222,FAMILY,FAMILY,TP
continuous_0454_S6_strategy2.npz,222-333,-,RELATIONSHIPS,FP
continuous_0454_S6_strategy2.npz,333-556,COLOR,COLOR,TP
continuous_0454_S6_strategy2.npz,556-669,RELATIONSHIPS,RELATIONSHIPS,TP
continuous_0454_S6_strategy2.npz,669-891,DAYS,DAYS,TP
continuous_0454_S6_strategy2.npz,380-511,GREETING,-,FN
continuous_0454_S6_strategy2.npz,768-897,CALENDAR,-,FN
continuous_0455_S6_strategy2.npz,0-175,-,DAYS,FP
continuous_0455_S6_strategy2.npz,175-528,GREETING,GREETING,TP
continuous_0455_S6_strategy2.npz,528-882,COLOR,COLOR,TP
continuous_0455_S6_strategy2.npz,0-127,CALENDAR,-,FN
continuous_0455_S6_strategy2.npz,127-254,DAYS,-,FN
continuous_0455_S6_strategy2.npz,369-496,FAMILY,-,FN
continuous_0455_S6_strategy2.npz,622-765,NUMBER,-,FN
continuous_0455_S6_strategy2.npz,765-889,RELATIONSHIPS,-,FN
continuous_0456_S6_strategy2.npz,126-253,GREETING,GREETING,TP
continuous_0456_S6_strategy2.npz,253-381,FAMILY,FAMILY,TP
continuous_0456_S6_strategy2.npz,381-508,RELATIONSHIPS,RELATIONSHIPS,TP
continuous_0456_S6_strategy2.npz,508-636,COLOR,COLOR,TP
continuous_0456_S6_strategy2.npz,636-762,NUMBER,NUMBER,TP
continuous_0456_S6_strategy2.npz,762-891,DAYS,DAYS,TP
continuous_0456_S6_strategy2.npz,0-127,CALENDAR,-,FN
continuous_0457_S6_strategy2.npz,0-90,RELATIONSHIPS,RELATIONSHIPS,TP
continuous_0457_S6_strategy2.npz,90-181,-,GREETING,FP
continuous_0457_S6_strategy2.npz,181-364,DAYS,NUMBER,FP
continuous_0457_S6_strategy2.npz,364-456,-,NUMBER,FP
continuous_0457_S6_strategy2.npz,456-547,-,CALENDAR,FP
continuous_0457_S6_strategy2.npz,547-730,FAMILY,FOOD,FP
continuous_0457_S6_strategy2.npz,730-822,-,FOOD,FP
continuous_0457_S6_strategy2.npz,822-913,COLOR,COLOR,TP
continuous_0457_S6_strategy2.npz,127-278,GREETING,-,FN
continuous_0457_S6_strategy2.npz,406-547,NUMBER,-,FN
continuous_0457_S6_strategy2.npz,547-674,CALENDAR,-,FN
continuous_0457_S6_strategy2.npz,278-406,DAYS,NUMBER,FN
continuous_0457_S6_strategy2.npz,674-801,FAMILY,FOOD,FN
continuous_0458_S6_strategy2.npz,147-589,COLOR,COLOR,TP
continuous_0458_S6_strategy2.npz,589-885,COLOR,COLOR,TP
continuous_0458_S6_strategy2.npz,0-126,CALENDAR,-,FN
continuous_0458_S6_strategy2.npz,253-377,FAMILY,-,FN
continuous_0458_S6_strategy2.npz,377-501,COLOR,-,FN
continuous_0458_S6_strategy2.npz,501-629,COLOR,-,FN
continuous_0458_S6_strategy2.npz,756-883,COLOR,-,FN
continuous_0459_S6_strategy2.npz,0-126,COLOR,FAMILY,FP
continuous_0459_S6_strategy2.npz,126-253,COLOR,COLOR,TP
continuous_0459_S6_strategy2.npz,253-381,-,CALENDAR,FP
continuous_0459_S6_strategy2.npz,381-507,COLOR,COLOR,TP
continuous_0459_S6_strategy2.npz,507-634,CALENDAR,CALENDAR,TP
continuous_0459_S6_strategy2.npz,634-762,-,FOOD,FP
continuous_0459_S6_strategy2.npz,762-889,COLOR,COLOR,TP
continuous_0459_S6_strategy2.npz,254-382,CALENDAR,-,FN
continuous_0459_S6_strategy2.npz,633-759,COLOR,-,FN
continuous_0459_S6_strategy2.npz,0-127,COLOR,FAMILY,FN
continuous_0460_S6_strategy2.npz,126-252,COLOR,COLOR,TP
continuous_0460_S6_strategy2.npz,252-378,COLOR,FAMILY,FP
continuous_0460_S6_strategy2.npz,378-630,COLOR,FOOD,FP
continuous_0460_S6_strategy2.npz,630-756,COLOR,GREETING,FP
continuous_0460_S6_strategy2.npz,756-882,COLOR,RELATIONSHIPS,FP
continuous_0460_S6_strategy2.npz,0-128,CALENDAR,-,FN
continuous_0460_S6_strategy2.npz,502-633,NUMBER,-,FN
continuous_0460_S6_strategy2.npz,255-374,COLOR,FAMILY,FN
continuous_0460_S6_strategy2.npz,374-502,COLOR,FOOD,FN
continuous_0460_S6_strategy2.npz,633-759,COLOR,GREETING,FN
continuous_0460_S6_strategy2.npz,759-887,COLOR,RELATIONSHIPS,FN
continuous_0461_S6_strategy2.npz,0-192,-,DAYS,FP
continuous_0461_S6_strategy2.npz,192-384,COLOR,COLOR,TP
continuous_0461_S6_strategy2.npz,384-577,RELATIONSHIPS,RELATIONSHIPS,TP
continuous_0461_S6_strategy2.npz,577-771,DAYS,DAYS,TP
continuous_0461_S6_strategy2.npz,0-127,FAMILY,-,FN
continuous_0461_S6_strategy2.npz,127-266,NUMBER,-,FN
continuous_0461_S6_strategy2.npz,648-777,CALENDAR,-,FN
continuous_0462_S6_strategy2.npz,0-126,COLOR,COLOR,TP
continuous_0462_S6_strategy2.npz,126-381,-,CALENDAR,FP
continuous_0462_S6_strategy2.npz,381-507,-,COLOR,FP
continuous_0462_S6_strategy2.npz,507-634,COLOR,COLOR,TP
continuous_0462_S6_strategy2.npz,634-762,CALENDAR,CALENDAR,TP
continuous_0462_S6_strategy2.npz,762-889,COLOR,FOOD,FP
continuous_0462_S6_strategy2.npz,128-255,CALENDAR,-,FN
continuous_0462_S6_strategy2.npz,255-376,CALENDAR,-,FN
continuous_0462_S6_strategy2.npz,376-503,COLOR,-,FN
continuous_0462_S6_strategy2.npz,758-886,COLOR,FOOD,FN
continuous_0463_S6_strategy2.npz,0-120,COLOR,COLOR,TP
continuous_0463_S6_strategy2.npz,120-240,-,NUMBER,FP
continuous_0463_S6_strategy2.npz,240-361,FAMILY,FAMILY,TP
continuous_0463_S6_strategy2.npz,361-481,FAMILY,FAMILY,TP
continuous_0463_S6_strategy2.npz,481-844,NUMBER,SURVIVAL,FP
continuous_0463_S6_strategy2.npz,127-216,NUMBER,-,FN
continuous_0463_S6_strategy2.npz,605-729,CALENDAR,-,FN
continuous_0463_S6_strategy2.npz,729-856,COLOR,-,FN
continuous_0463_S6_strategy2.npz,470-605,NUMBER,SURVIVAL,FN
continuous_0464_S6_strategy2.npz,0-147,COLOR,FAMILY,FP
continuous_0464_S6_strategy2.npz,147-297,CALENDAR,CALENDAR,TP
continuous_0464_S6_strategy2.npz,297-445,COLOR,COLOR,TP
continuous_0464_S6_strategy2.npz,445-594,COLOR,COLOR,TP
continuous_0464_S6_strategy2.npz,594-744,FAMILY,COLOR,FP
continuous_0464_S6_strategy2.npz,744-892,COLOR,COLOR,TP
continuous_0464_S6_strategy2.npz,763-889,COLOR,-,FN
continuous_0464_S6_strategy2.npz,0-128,COLOR,FAMILY,FN
continuous_0464_S6_strategy2.npz,509-637,FAMILY,COLOR,FN
continuous_0465_S6_strategy2.npz,0-288,-,CALENDAR,FP
continuous_0465_S6_strategy2.npz,288-384,FAMILY,DRINK,FP
continuous_0465_S6_strategy2.npz,0-127,CALENDAR,-,FN
continuous_0465_S6_strategy2.npz,127-254,COLOR,-,FN
continuous_0465_S6_strategy2.npz,254-382,FAMILY,DRINK,FN
continuous_0466_S6_strategy2.npz,0-127,FAMILY,-,FN
continuous_0467_S7_strategy2.npz,0-480,COLOR,COLOR,TP
continuous_0467_S7_strategy2.npz,480-639,NUMBER,NUMBER,TP
continuous_0467_S7_strategy2.npz,639-799,DRINK,DRINK,TP
continuous_0467_S7_strategy2.npz,0-127,DAYS,-,FN
continuous_0467_S7_strategy2.npz,255-383,FAMILY,-,FN
continuous_0467_S7_strategy2.npz,383-531,CALENDAR,-,FN
continuous_0468_S7_strategy2.npz,0-112,-,FAMILY,FP
continuous_0468_S7_strategy2.npz,112-339,DRINK,FOOD,FP
continuous_0468_S7_strategy2.npz,339-451,-,SURVIVAL,FP
continuous_0468_S7_strategy2.npz,451-564,-,GREETING,FP
continuous_0468_S7_strategy2.npz,564-678,GREETING,GREETING,TP
continuous_0468_S7_strategy2.npz,678-790,-,COLOR,FP
continuous_0468_S7_strategy2.npz,790-903,-,COLOR,FP
continuous_0468_S7_strategy2.npz,0-127,COLOR,-,FN
continuous_0468_S7_strategy2.npz,127-255,FAMILY,-,FN
continuous_0468_S7_strategy2.npz,383-520,SURVIVAL,-,FN
continuous_0468_S7_strategy2.npz,658-785,RELATIONSHIPS,-,FN
continuous_0468_S7_strategy2.npz,785-912,DAYS,-,FN
continuous_0468_S7_strategy2.npz,255-383,DRINK,FOOD,FN
continuous_0469_S7_strategy2.npz,0-132,-,FOOD,FP
continuous_0469_S7_strategy2.npz,132-264,DAYS,DAYS,TP
continuous_0469_S7_strategy2.npz,264-528,COLOR,COLOR,TP
continuous_0469_S7_strategy2.npz,528-660,-,SURVIVAL,FP
continuous_0469_S7_strategy2.npz,660-792,RELATIONSHIPS,FAMILY,FP
continuous_0469_S7_strategy2.npz,0-127,FAMILY,-,FN
continuous_0469_S7_strategy2.npz,382-522,SURVIVAL,-,FN
continuous_0469_S7_strategy2.npz,522-662,NUMBER,-,FN
continuous_0469_S7_strategy2.npz,662-790,RELATIONSHIPS,FAMILY,FN
continuous_0470_S7_strategy2.npz,0-102,DRINK,COLOR,FP
continuous_0470_S7_strategy2.npz,102-204,-,FAMILY,FP
continuous_0470_S7_strategy2.npz,204-307,COLOR,COLOR,TP
continuous_0470_S7_strategy2.npz,307-411,-,NUMBER,FP
continuous_0470_S7_strategy2.npz,411-720,RELATIONSHIPS,RELATIONSHIPS,TP
continuous_0470_S7_strategy2.npz,720-822,DAYS,FAMILY,FP
continuous_0470_S7_strategy2.npz,822-925,-,CALENDAR,FP
continuous_0470_S7_strategy2.npz,254-395,NUMBER,-,FN
continuous_0470_S7_strategy2.npz,523-656,GREETING,-,FN
continuous_0470_S7_strategy2.npz,783-931,CALENDAR,-,FN
continuous_0470_S7_strategy2.npz,0-127,DRINK,COLOR,FN
continuous_0470_S7_strategy2.npz,656-783,DAYS,FAMILY,FN
continuous_0471_S7_strategy2.npz,0-127,RELATIONSHIPS,FAMILY,FP
continuous_0471_S7_strategy2.npz,127-255,DRINK,FOOD,FP
continuous_0471_S7_strategy2.npz,255-384,GREETING,GREETING,TP
continuous_0471_S7_strategy2.npz,384-639,COLOR,COLOR,TP
continuous_0471_S7_strategy2.npz,639-768,FAMILY,FAMILY,TP
continuous_0471_S7_strategy2.npz,521-649,FOOD,-,FN
continuous_0471_S7_strategy2.npz,0-126,RELATIONSHIPS,FAMILY,FN
continuous_0471_S7_strategy2.npz,126-253,DRINK,FOOD,FN
continuous_0472_S7_strategy2.npz,0-220,COLOR,COLOR,TP
continuous_0472_S7_strategy2.npz,220-442,RELATIONSHIPS,RELATIONSHIPS,TP
continuous_0472_S7_strategy2.npz,442-664,GREETING,GREETING,TP
continuous_0472_S7_strategy2.npz,664-886,FOOD,FOOD,TP
continuous_0472_S7_strategy2.npz,127-250,CALENDAR,-,FN
continuous_0472_S7_strategy2.npz,513-640,DAYS,-,FN
continuous_0472_S7_strategy2.npz,640-767,DRINK,-,FN
continuous_0473_S7_strategy2.npz,0-375,-,CALENDAR,FP
continuous_0473_S7_strategy2.npz,375-469,-,SURVIVAL,FP
continuous_0473_S7_strategy2.npz,469-564,DRINK,DRINK,TP
continuous_0473_S7_strategy2.npz,564-751,COLOR,COLOR,TP
continuous_0473_S7_strategy2.npz,751-846,RELATIONSHIPS,FOOD,FP
continuous_0473_S7_strategy2.npz,846-939,FAMILY,COLOR,FP
continuous_0473_S7_strategy2.npz,0-148,CALENDAR,-,FN
continuous_0473_S7_strategy2.npz,148-288,NUMBER,-,FN
continuous_0473_S7_strategy2.npz,288-426,SURVIVAL,-,FN
continuous_0473_S7_strategy2.npz,681-809,RELATIONSHIPS,FOOD,FN
continuous_0473_S7_strategy2.npz,809-937,FAMILY,COLOR,FN
continuous_0474_S7_strategy2.npz,150-301,FOOD,FOOD,TP
continuous_0474_S7_strategy2.npz,301-604,RELATIONSHIPS,RELATIONSHIPS,TP
continuous_0474_S7_strategy2.npz,604-756,-,SURVIVAL,FP
continuous_0474_S7_strategy2.npz,756-907,-,COLOR,FP
continuous_0474_S7_strategy2.npz,0-139,CALENDAR,-,FN
continuous_0474_S7_strategy2.npz,394-538,SURVIVAL,-,FN
continuous_0474_S7_strategy2.npz,538-664,COLOR,-,FN
continuous_0474_S7_strategy2.npz,664-786,GREETING,-,FN
continuous_0474_S7_strategy2.npz,786-913,FAMILY,-,FN
continuous_0475_S7_strategy2.npz,0-132,COLOR,COLOR,TP
continuous_0475_S7_strategy2.npz,132-264,FOOD,COLOR,FP
continuous_0475_S7_strategy2.npz,264-660,RELATIONSHIPS,FOOD,FP
continuous_0475_S7_strategy2.npz,660-793,SURVIVAL,DAYS,FP
continuous_0475_S7_strategy2.npz,376-513,GREETING,-,FN
continuous_0475_S7_strategy2.npz,513-662,CALENDAR,-,FN
continuous_0475_S7_strategy2.npz,121-249,FOOD,COLOR,FN
continuous_0475_S7_strategy2.npz,249-376,RELATIONSHIPS,FOOD,FN
continuous_0475_S7_strategy2.npz,662-801,SURVIVAL,DAYS,FN
continuous_0476_S7_strategy2.npz,132-265,DAYS,CALENDAR,FP
continuous_0476_S7_strategy2.npz,265-399,SURVIVAL,SURVIVAL,TP
continuous_0476_S7_strategy2.npz,399-531,COLOR,CALENDAR,FP
continuous_0476_S7_strategy2.npz,531-664,RELATIONSHIPS,FAMILY,FP
continuous_0476_S7_strategy2.npz,664-798,FOOD,FOOD,TP
continuous_0476_S7_strategy2.npz,798-930,FAMILY,FAMILY,TP
continuous_0476_S7_strategy2.npz,0-148,CALENDAR,-,FN
continuous_0476_S7_strategy2.npz,148-275,DAYS,CALENDAR,FN
continuous_0476_S7_strategy2.npz,416-544,COLOR,CALENDAR,FN
continuous_0476_S7_strategy2.npz,544-673,RELATIONSHIPS,FAMILY,FN
continuous_0477_S7_strategy2.npz,0-136,DRINK,DRINK,TP
continuous_0477_S7_strategy2.npz,136-274,FOOD,FOOD,TP
continuous_0477_S7_strategy2.npz,274-412,CALENDAR,CALENDAR,TP
continuous_0477_S7_strategy2.npz,412-549,NUMBER,NUMBER,TP
continuous_0477_S7_strategy2.npz,549-687,-,GREETING,FP
continuous_0477_S7_strategy2.npz,687-825,DAYS,DAYS,TP
continuous_0477_S7_strategy2.npz,544-682,GREETING,-,FN
continuous_0478_S7_strategy2.npz,0-306,GREETING,GREETING,TP
continuous_0478_S7_strategy2.npz,306-408,FOOD,FOOD,TP
continuous_0478_S7_strategy2.npz,408-510,RELATIONSHIPS,RELATIONSHIPS,TP
continuous_0478_S7_strategy2.npz,510-613,-,SURVIVAL,FP
continuous_0478_S7_strategy2.npz,613-819,-,SURVIVAL,FP
continuous_0478_S7_strategy2.npz,145-293,CALENDAR,-,FN
continuous_0478_S7_strategy2.npz,548-687,SURVIVAL,-,FN
continuous_0478_S7_strategy2.npz,687-826,NUMBER,-,FN
continuous_0479_S7_strategy2.npz,0-109,DRINK,DRINK,TP
continuous_0479_S7_strategy2.npz,109-220,FAMILY,FAMILY,TP
continuous_0479_S7_strategy2.npz,220-330,-,FAMILY,FP
continuous_0479_S7_strategy2.npz,330-441,-,FOOD,FP
continuous_0479_S7_strategy2.npz,441-552,-,GREETING,FP
continuous_0479_S7_strategy2.npz,552-663,-,GREETING,FP
continuous_0479_S7_strategy2.npz,663-774,-,GREETING,FP
continuous_0479_S7_strategy2.npz,774-885,-,GREETING,FP
continuous_0479_S7_strategy2.npz,252-379,RELATIONSHIPS,-,FN
continuous_0479_S7_strategy2.npz,379-507,FOOD,-,FN
continuous_0479_S7_strategy2.npz,507-634,DAYS,-,FN
continuous_0479_S7_strategy2.npz,634-767,GREETING,-,FN
continuous_0479_S7_strategy2.npz,767-891,NUMBER,-,FN
continuous_0480_S7_strategy2.npz,0-157,SURVIVAL,SURVIVAL,TP
continuous_0480_S7_strategy2.npz,157-474,DRINK,DRINK,TP
continuous_0480_S7_strategy2.npz,474-633,FOOD,FOOD,TP
continuous_0480_S7_strategy2.npz,633-792,FAMILY,FAMILY,TP
continuous_0480_S7_strategy2.npz,264-406,CALENDAR,-,FN
continuous_0480_S7_strategy2.npz,534-663,NUMBER,-,FN
continuous_0481_S7_strategy2.npz,0-150,DRINK,DRINK,TP
continuous_0481_S7_strategy2.npz,150-300,DAYS,DRINK,FP
continuous_0481_S7_strategy2.npz,300-600,FOOD,FOOD,TP
continuous_0481_S7_strategy2.npz,600-750,GREETING,GREETING,TP
continuous_0481_S7_strategy2.npz,750-900,FAMILY,FAMILY,TP
continuous_0481_S7_strategy2.npz,381-522,NUMBER,-,FN
continuous_0481_S7_strategy2.npz,782-905,SURVIVAL,-,FN
continuous_0481_S7_strategy2.npz,127-255,DAYS,DRINK,FN
continuous_0482_S7_strategy2.npz,0-129,FOOD,FOOD,TP
continuous_0482_S7_strategy2.npz,129-258,GREETING,GREETING,TP
continuous_0482_S7_strategy2.npz,258-387,DRINK,COLOR,FP
continuous_0482_S7_strategy2.npz,387-516,FAMILY,FAMILY,TP
continuous_0482_S7_strategy2.npz,516-645,COLOR,CALENDAR,FP
continuous_0482_S7_strategy2.npz,645-904,-,CALENDAR,FP
continuous_0482_S7_strategy2.npz,638-777,SURVIVAL,-,FN
continuous_0482_S7_strategy2.npz,777-912,RELATIONSHIPS,-,FN
continuous_0482_S7_strategy2.npz,263-386,DRINK,COLOR,FN
continuous_0482_S7_strategy2.npz,513-638,COLOR,CALENDAR,FN
continuous_0483_S7_strategy2.npz,0-132,GREETING,GREETING,TP
continuous_0483_S7_strategy2.npz,132-265,COLOR,FOOD,FP
continuous_0483_S7_strategy2.npz,265-399,-,CALENDAR,FP
continuous_0483_S7_strategy2.npz,399-531,FAMILY,FAMILY,TP
continuous_0483_S7_strategy2.npz,531-664,SURVIVAL,SURVIVAL,TP
continuous_0483_S7_strategy2.npz,664-798,RELATIONSHIPS,GREETING,FP
continuous_0483_S7_strategy2.npz,265-413,CALENDAR,-,FN
continuous_0483_S7_strategy2.npz,137-265,COLOR,FOOD,FN
continuous_0483_S7_strategy2.npz,677-805,RELATIONSHIPS,GREETING,FN
continuous_0484_S7_strategy2.npz,0-133,DAYS,DAYS,TP
continuous_0484_S7_strategy2.npz,133-268,FOOD,FOOD,TP
continuous_0484_S7_strategy2.npz,268-672,COLOR,COLOR,TP
continuous_0484_S7_strategy2.npz,672-807,DRINK,SURVIVAL,FP
continuous_0484_S7_strategy2.npz,277-415,GREETING,-,FN
continuous_0484_S7_strategy2.npz,543-685,NUMBER,-,FN
continuous_0484_S7_strategy2.npz,685-813,DRINK,SURVIVAL,FN
continuous_0485_S7_strategy2.npz,468-585,-,CALENDAR,FP
continuous_0485_S7_strategy2.npz,585-702,GREETING,GREETING,TP
continuous_0485_S7_strategy2.npz,702-819,FAMILY,FAMILY,TP
continuous_0485_S7_strategy2.npz,819-937,FOOD,FOOD,TP
continuous_0485_S7_strategy2.npz,0-144,SURVIVAL,-,FN
continuous_0485_S7_strategy2.npz,144-264,RELATIONSHIPS,-,FN
continuous_0485_S7_strategy2.npz,264-405,NUMBER,-,FN
continuous_0485_S7_strategy2.npz,405-554,CALENDAR,-,FN
continuous_0486_S7_strategy2.npz,0-136,COLOR,COLOR,TP
continuous_0486_S7_strategy2.npz,136-273,FOOD,COLOR,FP
continuous_0486_S7_strategy2.npz,273-411,DAYS,DAYS,TP
continuous_0486_S7_strategy2.npz,411-547,CALENDAR,CALENDAR,TP
continuous_0486_S7_strategy2.npz,547-684,GREETING,GREETING,TP
continuous_0486_S7_strategy2.npz,684-822,SURVIVAL,SURVIVAL,TP
continuous_0486_S7_strategy2.npz,127-254,FOOD,COLOR,FN
continuous_0487_S7_strategy2.npz,0-252,RELATIONSHIPS,RELATIONSHIPS,TP
continuous_0487_S7_strategy2.npz,252-506,FOOD,CALENDAR,FP
continuous_0487_S7_strategy2.npz,506-633,-,FAMILY,FP
continuous_0487_S7_strategy2.npz,633-760,GREETING,GREETING,TP
continuous_0487_S7_strategy2.npz,760-888,COLOR,RELATIONSHIPS,FP
continuous_0487_S7_strategy2.npz,126-250,NUMBER,-,FN
continuous_0487_S7_strategy2.npz,377-504,DAYS,-,FN
continuous_0487_S7_strategy2.npz,504-631,FAMILY,-,FN
continuous_0487_S7_strategy2.npz,250-377,FOOD,CALENDAR,FN
continuous_0487_S7_strategy2.npz,758-886,COLOR,RELATIONSHIPS,FN
continuous_0488_S7_strategy2.npz,0-159,CALENDAR,CALENDAR,TP
continuous_0488_S7_strategy2.npz,159-318,GREETING,GREETING,TP
continuous_0488_S7_strategy2.npz,318-477,FOOD,CALENDAR,FP
continuous_0488_S7_strategy2.npz,477-636,DRINK,DRINK,TP
continuous_0488_S7_strategy2.npz,636-795,DAYS,DAYS,TP
continuous_0488_S7_strategy2.npz,795-954,SURVIVAL,SURVIVAL,TP
continuous_0488_S7_strategy2.npz,268-407,NUMBER,-,FN
continuous_0488_S7_strategy2.npz,407-534,FOOD,CALENDAR,FN
continuous_0489_S7_strategy2.npz,0-114,FOOD,FOOD,TP
continuous_0489_S7_strategy2.npz,114-342,CALENDAR,CALENDAR,TP
continuous_0489_S7_strategy2.npz,342-570,NUMBER,GREETING,FP
continuous_0489_S7_strategy2.npz,570-684,COLOR,FOOD,FP
continuous_0489_S7_strategy2.npz,684-798,DAYS,COLOR,FP
continuous_0489_S7_strategy2.npz,276-411,GREETING,-,FN
continuous_0489_S7_strategy2.npz,411-550,NUMBER,GREETING,FN
continuous_0489_S7_strategy2.npz,550-677,COLOR,FOOD,FN
continuous_0489_S7_strategy2.npz,677-804,DAYS,COLOR,FN
continuous_0490_S7_strategy2.npz,0-132,RELATIONSHIPS,FOOD,FP
continuous_0490_S7_strategy2.npz,132-265,FOOD,RELATIONSHIPS,FP
continuous_0490_S7_strategy2.npz,265-399,DRINK,DRINK,TP
continuous_0490_S7_strategy2.npz,399-531,DAYS,DRINK,FP
continuous_0490_S7_strategy2.npz,531-664,COLOR,COLOR,TP
continuous_0490_S7_strategy2.npz,664-930,CALENDAR,CALENDAR,TP
continuous_0490_S7_strategy2.npz,792-928,NUMBER,-,FN
continuous_0490_S7_strategy2.npz,0-127,RELATIONSHIPS,FOOD,FN
continuous_0490_S7_strategy2.npz,127-252,FOOD,RELATIONSHIPS,FN
continuous_0490_S7_strategy2.npz,380-528,DAYS,DRINK,FN
continuous_0491_S7_strategy2.npz,0-109,DAYS,DAYS,TP
continuous_0491_S7_strategy2.npz,109-220,CALENDAR,CALENDAR,TP
continuous_0491_S7_strategy2.npz,220-331,-,FAMILY,FP
continuous_0491_S7_strategy2.npz,331-553,RELATIONSHIPS,RELATIONSHIPS,TP
continuous_0491_S7_strategy2.npz,553-664,-,RELATIONSHIPS,FP
continuous_0491_S7_strategy2.npz,664-775,-,DRINK,FP
continuous_0491_S7_strategy2.npz,266-392,FAMILY,-,FN
continuous_0491_S7_strategy2.npz,519-647,DRINK,-,FN
continuous_0491_S7_strategy2.npz,647-773,COLOR,-,FN
continuous_0492_S7_strategy2.npz,0-198,-,GREETING,FP
continuous_0492_S7_strategy2.npz,198-399,-,RELATIONSHIPS,FP
continuous_0492_S7_strategy2.npz,399-598,-,SURVIVAL,FP
continuous_0492_S7_strategy2.npz,598-798,FAMILY,SURVIVAL,FP
continuous_0492_S7_strategy2.npz,0-127,DRINK,-,FN
continuous_0492_S7_strategy2.npz,127-266,CALENDAR,-,FN
continuous_0492_S7_strategy2.npz,266-403,GREETING,-,FN
continuous_0492_S7_strategy2.npz,403-530,RELATIONSHIPS,-,FN
continuous_0492_S7_strategy2.npz,530-679,SURVIVAL,-,FN
continuous_0492_S7_strategy2.npz,679-806,FAMILY,SURVIVAL,FN
continuous_0493_S7_strategy2.npz,0-114,FOOD,FOOD,TP
continuous_0493_S7_strategy2.npz,114-228,NUMBER,SURVIVAL,FP
continuous_0493_S7_strategy2.npz,228-342,-,SURVIVAL,FP
continuous_0493_S7_strategy2.npz,342-456,SURVIVAL,SURVIVAL,TP
continuous_0493_S7_strategy2.npz,456-685,-,CALENDAR,FP
continuous_0493_S7_strategy2.npz,685-799,COLOR,COLOR,TP
continuous_0493_S7_strategy2.npz,799-915,FAMILY,FAMILY,TP
continuous_0493_S7_strategy2.npz,407-544,GREETING,-,FN
continuous_0493_S7_strategy2.npz,544-667,CALENDAR,-,FN
continuous_0493_S7_strategy2.npz,127-267,NUMBER,SURVIVAL,FN
continuous_0494_S7_strategy2.npz,189-283,-,DAYS,FP
continuous_0494_S7_strategy2.npz,283-568,-,SURVIVAL,FP
continuous_0494_S7_strategy2.npz,568-663,-,FAMILY,FP
continuous_0494_S7_strategy2.npz,663-759,-,FOOD,FP
continuous_0494_S7_strategy2.npz,759-853,-,DRINK,FP
continuous_0494_S7_strategy2.npz,853-948,-,CALENDAR,FP
continuous_0494_S7_strategy2.npz,0-149,DAYS,-,FN
continuous_0494_S7_strategy2.npz,149-287,NUMBER,-,FN
continuous_0494_S7_strategy2.npz,287-414,FAMILY,-,FN
continuous_0494_S7_strategy2.npz,414-542,DRINK,-,FN
continuous_0494_S7_strategy2.npz,542-669,COLOR,-,FN
continuous_0494_S7_strategy2.npz,669-817,CALENDAR,-,FN
continuous_0494_S7_strategy2.npz,817-945,RELATIONSHIPS,-,FN
continuous_0495_S7_strategy2.npz,0-151,-,FAMILY,FP
continuous_0495_S7_strategy2.npz,151-304,-,NUMBER,FP
continuous_0495_S7_strategy2.npz,304-457,-,NUMBER,FP
continuous_0495_S7_strategy2.npz,457-763,GREETING,GREETING,TP
continuous_0495_S7_strategy2.npz,763-916,RELATIONSHIPS,RELATIONSHIPS,TP
continuous_0495_S7_strategy2.npz,0-127,FAMILY,-,FN
continuous_0495_S7_strategy2.npz,127-254,FOOD,-,FN
continuous_0495_S7_strategy2.npz,254-384,DAYS,-,FN
continuous_0495_S7_strategy2.npz,384-526,NUMBER,-,FN
continuous_0495_S7_strategy2.npz,668-796,CALENDAR,-,FN
continuous_0496_S7_strategy2.npz,0-115,FOOD,FOOD,TP
continuous_0496_S7_strategy2.npz,115-348,COLOR,FOOD,FP
continuous_0496_S7_strategy2.npz,348-465,GREETING,GREETING,TP
continuous_0496_S7_strategy2.npz,465-582,-,GREETING,FP
continuous_0496_S7_strategy2.npz,582-699,-,FOOD,FP
continuous_0496_S7_strategy2.npz,699-816,SURVIVAL,SURVIVAL,TP
continuous_0496_S7_strategy2.npz,816-933,CALENDAR,CALENDAR,TP
continuous_0496_S7_strategy2.npz,254-393,NUMBER,-,FN
continuous_0496_S7_strategy2.npz,528-649,DAYS,-,FN
continuous_0496_S7_strategy2.npz,127-254,COLOR,FOOD,FN
continuous_0497_S7_strategy2.npz,0-130,SURVIVAL,SURVIVAL,TP
continuous_0497_S7_strategy2.npz,130-262,RELATIONSHIPS,RELATIONSHIPS,TP
continuous_0497_S7_strategy2.npz,262-393,FAMILY,FAMILY,TP
continuous_0497_S7_strategy2.npz,393-525,GREETING,GREETING,TP
continuous_0497_S7_strategy2.npz,525-657,DAYS,DAYS,TP
continuous_0497_S7_strategy2.npz,657-789,COLOR,RELATIONSHIPS,FP
continuous_0497_S7_strategy2.npz,789-921,NUMBER,NUMBER,TP
continuous_0497_S7_strategy2.npz,651-779,COLOR,RELATIONSHIPS,FN
continuous_0498_S7_strategy2.npz,0-157,FOOD,FOOD,TP
continuous_0498_S7_strategy2.npz,157-315,GREETING,GREETING,TP
continuous_0498_S7_strategy2.npz,315-474,RELATIONSHIPS,DAYS,FP
continuous_0498_S7_strategy2.npz,474-792,DAYS,DAYS,TP
continuous_0498_S7_strategy2.npz,391-522,SURVIVAL,-,FN
continuous_0498_S7_strategy2.npz,649-798,CALENDAR,-,FN
continuous_0498_S7_strategy2.npz,264-391,RELATIONSHIPS,DAYS,FN
continuous_0499_S7_strategy2.npz,0-163,FOOD,FOOD,TP
continuous_0499_S7_strategy2.npz,163-328,SURVIVAL,SURVIVAL,TP
continuous_0499_S7_strategy2.npz,328-492,-,CALENDAR,FP
continuous_0499_S7_strategy2.npz,492-657,-,SURVIVAL,FP
continuous_0499_S7_strategy2.npz,657-822,RELATIONSHIPS,RELATIONSHIPS,TP
continuous_0499_S7_strategy2.npz,265-414,CALENDAR,-,FN
continuous_0499_S7_strategy2.npz,414-542,FAMILY,-,FN
continuous_0499_S7_strategy2.npz,542-692,NUMBER,-,FN
continuous_0500_S7_strategy2.npz,0-117,SURVIVAL,SURVIVAL,TP
continuous_0500_S7_strategy2.npz,117-354,-,DAYS,FP
continuous_0500_S7_strategy2.npz,354-471,-,GREETING,FP
continuous_0500_S7_strategy2.npz,471-589,RELATIONSHIPS,FAMILY,FP
continuous_0500_S7_strategy2.npz,589-708,COLOR,COLOR,TP
continuous_0500_S7_strategy2.npz,708-825,FAMILY,FOOD,FP
continuous_0500_S7_strategy2.npz,825-945,-,CALENDAR,FP
continuous_0500_S7_strategy2.npz,142-290,DAYS,-,FN
continuous_0500_S7_strategy2.npz,290-412,GREETING,-,FN
continuous_0500_S7_strategy2.npz,792-941,CALENDAR,-,FN
continuous_0500_S7_strategy2.npz,412-538,RELATIONSHIPS,FAMILY,FN
continuous_0500_S7_strategy2.npz,665-792,FAMILY,FOOD,FN
continuous_0501_S7_strategy2.npz,0-196,-,SURVIVAL,FP
continuous_0501_S7_strategy2.npz,196-393,-,RELATIONSHIPS,FP
continuous_0501_S7_strategy2.npz,393-591,-,FOOD,FP
continuous_0501_S7_strategy2.npz,591-787,DAYS,GREETING,FP
continuous_0501_S7_strategy2.npz,0-126,RELATIONSHIPS,-,FN
continuous_0501_S7_strategy2.npz,126-267,NUMBER,-,FN
continuous_0501_S7_strategy2.npz,267-404,SURVIVAL,-,FN
continuous_0501_S7_strategy2.npz,404-531,COLOR,-,FN
continuous_0501_S7_strategy2.npz,531-658,FOOD,-,FN
continuous_0501_S7_strategy2.npz,658-785,DAYS,GREETING,FN
continuous_0502_S7_strategy2.npz,0-348,DAYS,GREETING,FP
continuous_0502_S7_strategy2.npz,348-582,COLOR,COLOR,TP
continuous_0502_S7_strategy2.npz,582-699,DRINK,GREETING,FP
continuous_0502_S7_strategy2.npz,699-816,SURVIVAL,SURVIVAL,TP
continuous_0502_S7_strategy2.npz,127-276,CALENDAR,-,FN
continuous_0502_S7_strategy2.npz,404-547,NUMBER,-,FN
continuous_0502_S7_strategy2.npz,0-127,DAYS,GREETING,FN
continuous_0502_S7_strategy2.npz,547-675,DRINK,GREETING,FN
continuous_0503_S7_strategy2.npz,0-226,FOOD,FOOD,TP
continuous_0503_S7_strategy2.npz,226-453,CALENDAR,CALENDAR,TP
continuous_0503_S7_strategy2.npz,453-681,DRINK,DRINK,TP
continuous_0503_S7_strategy2.npz,681-793,RELATIONSHIPS,RELATIONSHIPS,TP
continuous_0503_S7_strategy2.npz,793-907,COLOR,COLOR,TP
continuous_0503_S7_strategy2.npz,126-266,GREETING,-,FN
continuous_0503_S7_strategy2.npz,534-663,DAYS,-,FN
continuous_0504_S7_strategy2.npz,0-112,DRINK,DRINK,TP
continuous_0504_S7_strategy2.npz,112-226,FOOD,COLOR,FP
continuous_0504_S7_strategy2.npz,226-453,CALENDAR,CALENDAR,TP
continuous_0504_S7_strategy2.npz,453-567,COLOR,COLOR,TP
continuous_0504_S7_strategy2.npz,567-681,SURVIVAL,SURVIVAL,TP
continuous_0504_S7_strategy2.npz,681-795,FAMILY,SURVIVAL,FP
continuous_0504_S7_strategy2.npz,127-250,FOOD,COLOR,FN
continuous_0504_S7_strategy2.npz,667-794,FAMILY,SURVIVAL,FN
continuous_0505_S7_strategy2.npz,0-150,RELATIONSHIPS,RELATIONSHIPS,TP
continuous_0505_S7_strategy2.npz,150-300,DRINK,DRINK,TP
continuous_0505_S7_strategy2.npz,300-450,DAYS,FOOD,FP
continuous_0505_S7_strategy2.npz,450-600,GREETING,GREETING,TP
continuous_0505_S7_strategy2.npz,600-750,SURVIVAL,SURVIVAL,TP
continuous_0505_S7_strategy2.npz,750-900,NUMBER,NUMBER,TP
continuous_0505_S7_strategy2.npz,766-908,CALENDAR,-,FN
continuous_0505_S7_strategy2.npz,255-382,DAYS,FOOD,FN
continuous_0506_S7_strategy2.npz,0-364,DRINK,DRINK,TP
continuous_0506_S7_strategy2.npz,364-546,-,SURVIVAL,FP
continuous_0506_S7_strategy2.npz,546-729,-,DAYS,FP
continuous_0506_S7_strategy2.npz,729-912,-,DAYS,FP
continuous_0506_S7_strategy2.npz,126-276,SURVIVAL,-,FN
continuous_0506_S7_strategy2.npz,276-404,DAYS,-,FN
continuous_0506_S7_strategy2.npz,404-531,FAMILY,-,FN
continuous_0506_S7_strategy2.npz,531-658,CALENDAR,-,FN
continuous_0506_S7_strategy2.npz,658-784,RELATIONSHIPS,-,FN
continuous_0506_S7_strategy2.npz,784-920,GREETING,-,FN
continuous_0507_S7_strategy2.npz,0-265,DAYS,DAYS,TP
continuous_0507_S7_strategy2.npz,265-531,RELATIONSHIPS,RELATIONSHIPS,TP
continuous_0507_S7_strategy2.npz,531-798,FAMILY,FAMILY,TP
continuous_0507_S7_strategy2.npz,0-125,COLOR,-,FN
continuous_0507_S7_strategy2.npz,402-539,GREETING,-,FN
continuous_0507_S7_strategy2.npz,668-804,NUMBER,-,FN
continuous_0508_S7_strategy2.npz,0-132,FOOD,FOOD,TP
continuous_0508_S7_strategy2.npz,132-396,FAMILY,FAMILY,TP
continuous_0508_S7_strategy2.npz,396-660,GREETING,GREETING,TP
continuous_0508_S7_strategy2.npz,660-792,SURVIVAL,SURVIVAL,TP
continuous_0508_S7_strategy2.npz,792-924,DAYS,CALENDAR,FP
continuous_0508_S7_strategy2.npz,126-253,COLOR,-,FN
continuous_0508_S7_strategy2.npz,518-657,NUMBER,-,FN
continuous_0508_S7_strategy2.npz,804-931,DAYS,CALENDAR,FN
continuous_0509_S7_strategy2.npz,0-111,GREETING,GREETING,TP
continuous_0509_S7_strategy2.npz,111-225,DAYS,GREETING,FP
continuous_0509_S7_strategy2.npz,225-336,DRINK,FOOD,FP
continuous_0509_S7_strategy2.npz,336-562,SURVIVAL,SURVIVAL,TP
continuous_0509_S7_strategy2.npz,562-675,FOOD,DRINK,FP
continuous_0509_S7_strategy2.npz,675-900,FAMILY,FOOD,FP
continuous_0509_S7_strategy2.npz,779-907,COLOR,-,FN
continuous_0509_S7_strategy2.npz,128-256,DAYS,GREETING,FN
continuous_0509_S7_strategy2.npz,256-383,DRINK,FOOD,FN
continuous_0509_S7_strategy2.npz,525-652,FOOD,DRINK,FN
continuous_0509_S7_strategy2.npz,652-779,FAMILY,FOOD,FN
continuous_0510_S7_strategy2.npz,0-129,-,DAYS,FP
continuous_0510_S7_strategy2.npz,129-258,COLOR,CALENDAR,FP
continuous_0510_S7_strategy2.npz,258-388,DRINK,DRINK,TP
continuous_0510_S7_strategy2.npz,388-519,FAMILY,FAMILY,TP
continuous_0510_S7_strategy2.npz,519-648,-,CALENDAR,FP
continuous_0510_S7_strategy2.npz,648-778,GREETING,GREETING,TP
continuous_0510_S7_strategy2.npz,0-128,DAYS,-,FN
continuous_0510_S7_strategy2.npz,504-648,CALENDAR,-,FN
continuous_0510_S7_strategy2.npz,128-250,COLOR,CALENDAR,FN
continuous_0511_S7_strategy2.npz,0-111,NUMBER,NUMBER,TP
continuous_0511_S7_strategy2.npz,111-222,RELATIONSHIPS,FOOD,FP
continuous_0511_S7_strategy2.npz,222-333,COLOR,COLOR,TP
continuous_0511_S7_strategy2.npz,333-444,-,RELATIONSHIPS,FP
continuous_0511_S7_strategy2.npz,444-555,SURVIVAL,SURVIVAL,TP
continuous_0511_S7_strategy2.npz,555-666,GREETING,GREETING,TP
continuous_0511_S7_strategy2.npz,666-778,-,NUMBER,FP
continuous_0511_S7_strategy2.npz,658-787,DAYS,-,FN
continuous_0511_S7_strategy2.npz,127-254,RELATIONSHIPS,FOOD,FN
continuous_0512_S7_strategy2.npz,0-132,CALENDAR,CALENDAR,TP
continuous_0512_S7_strategy2.npz,132-399,RELATIONSHIPS,RELATIONSHIPS,TP
continuous_0512_S7_strategy2.npz,399-534,FOOD,GREETING,FP
continuous_0512_S7_strategy2.npz,534-666,FAMILY,DRINK,FP
continuous_0512_S7_strategy2.npz,666-801,DRINK,DRINK,TP
continuous_0512_S7_strategy2.npz,277-417,NUMBER,-,FN
continuous_0512_S7_strategy2.npz,417-543,FOOD,GREETING,FN
continuous_0512_S7_strategy2.npz,543-670,FAMILY,DRINK,FN
continuous_0513_S7_strategy2.npz,0-153,SURVIVAL,SURVIVAL,TP
continuous_0513_S7_strategy2.npz,153-306,DAYS,DAYS,TP
continuous_0513_S7_strategy2.npz,306-459,COLOR,DAYS,FP
continuous_0513_S7_strategy2.npz,459-612,DRINK,DRINK,TP
continuous_0513_S7_strategy2.npz,612-766,GREETING,GREETING,TP
continuous_0513_S7_strategy2.npz,651-774,RELATIONSHIPS,-,FN
continuous_0513_S7_strategy2.npz,266-393,COLOR,DAYS,FN
continuous_0514_S7_strategy2.npz,0-99,COLOR,COLOR,TP
continuous_0514_S7_strategy2.npz,99-199,-,COLOR,FP
continuous_0514_S7_strategy2.npz,199-300,FOOD,COLOR,FP
continuous_0514_S7_strategy2.npz,300-399,-,FOOD,FP
continuous_0514_S7_strategy2.npz,399-499,-,GREETING,FP
continuous_0514_S7_strategy2.npz,499-600,-,SURVIVAL,FP
continuous_0514_S7_strategy2.npz,600-799,FAMILY,FAMILY,TP
continuous_0514_S7_strategy2.npz,799-900,DAYS,DAYS,TP
continuous_0514_S7_strategy2.npz,254-378,DRINK,-,FN
continuous_0514_S7_strategy2.npz,378-498,SURVIVAL,-,FN
continuous_0514_S7_strategy2.npz,498-642,NUMBER,-,FN
continuous_0514_S7_strategy2.npz,126-254,FOOD,COLOR,FN
continuous_0515_S7_strategy2.npz,0-253,-,RELATIONSHIPS,FP
continuous_0515_S7_strategy2.npz,253-507,SURVIVAL,SURVIVAL,TP
continuous_0515_S7_strategy2.npz,507-762,FAMILY,FAMILY,TP
continuous_0515_S7_strategy2.npz,0-128,CALENDAR,-,FN
continuous_0515_S7_strategy2.npz,128-270,GREETING,-,FN
continuous_0515_S7_strategy2.npz,270-397,DRINK,-,FN
continuous_0515_S7_strategy2.npz,649-771,FOOD,-,FN
continuous_0516_S7_strategy2.npz,0-130,-,NUMBER,FP
continuous_0516_S7_strategy2.npz,130-523,RELATIONSHIPS,FAMILY,FP
continuous_0516_S7_strategy2.npz,523-654,DAYS,GREETING,FP
continuous_0516_S7_strategy2.npz,654-786,FOOD,FOOD,TP
continuous_0516_S7_strategy2.npz,786-916,DRINK,DRINK,TP
continuous_0516_S7_strategy2.npz,0-122,NUMBER,-,FN
continuous_0516_S7_strategy2.npz,122-266,SURVIVAL,-,FN
continuous_0516_S7_strategy2.npz,388-536,CALENDAR,-,FN
continuous_0516_S7_strategy2.npz,266-388,RELATIONSHIPS,FAMILY,FN
continuous_0516_S7_strategy2.npz,536-664,DAYS,GREETING,FN
continuous_0517_S7_strategy2.npz,0-114,SURVIVAL,SURVIVAL,TP
continuous_0517_S7_strategy2.npz,114-229,DRINK,DRINK,TP
continuous_0517_S7_strategy2.npz,229-345,DAYS,DAYS,TP
continuous_0517_S7_strategy2.npz,345-459,-,FOOD,FP
continuous_0517_S7_strategy2.npz,459-574,-,FOOD,FP
continuous_0517_S7_strategy2.npz,574-690,-,CALENDAR,FP
continuous_0517_S7_strategy2.npz,690-804,-,GREETING,FP
continuous_0517_S7_strategy2.npz,804-921,GREETING,GREETING,TP
continuous_0517_S7_strategy2.npz,394-521,RELATIONSHIPS,-,FN
continuous_0517_S7_strategy2.npz,521-649,FOOD,-,FN
continuous_0517_S7_strategy2.npz,649-798,CALENDAR,-,FN
continuous_0518_S7_strategy2.npz,229-345,FOOD,FOOD,TP
continuous_0518_S7_strategy2.npz,345-460,SURVIVAL,SURVIVAL,TP
continuous_0518_S7_strategy2.npz,460-576,DAYS,NUMBER,FP
continuous_0518_S7_strategy2.npz,576-805,COLOR,RELATIONSHIPS,FP
continuous_0518_S7_strategy2.npz,805-921,FAMILY,FAMILY,TP
continuous_0518_S7_strategy2.npz,0-126,NUMBER,-,FN
continuous_0518_S7_strategy2.npz,643-792,CALENDAR,-,FN
continuous_0518_S7_strategy2.npz,394-515,DAYS,NUMBER,FN
continuous_0518_S7_strategy2.npz,515-643,COLOR,RELATIONSHIPS,FN
continuous_0519_S7_strategy2.npz,0-108,-,NUMBER,FP
continuous_0519_S7_strategy2.npz,108-217,-,DAYS,FP
continuous_0519_S7_strategy2.npz,217-327,FOOD,FOOD,TP
continuous_0519_S7_strategy2.npz,327-546,SURVIVAL,FOOD,FP
continuous_0519_S7_strategy2.npz,546-654,RELATIONSHIPS,RELATIONSHIPS,TP
continuous_0519_S7_strategy2.npz,654-765,DRINK,RELATIONSHIPS,FP
continuous_0519_S7_strategy2.npz,0-121,DAYS,-,FN
continuous_0519_S7_strategy2.npz,388-508,NUMBER,-,FN
continuous_0519_S7_strategy2.npz,249-388,SURVIVAL,FOOD,FN
continuous_0519_S7_strategy2.npz,636-764,DRINK,RELATIONSHIPS,FN
continuous_0520_S7_strategy2.npz,315-474,GREETING,GREETING,TP
continuous_0520_S7_strategy2.npz,474-631,-,SURVIVAL,FP
continuous_0520_S7_strategy2.npz,631-790,-,SURVIVAL,FP
continuous_0520_S7_strategy2.npz,0-139,NUMBER,-,FN
continuous_0520_S7_strategy2.npz,139-279,CALENDAR,-,FN
continuous_0520_S7_strategy2.npz,415-542,FAMILY,-,FN
continuous_0520_S7_strategy2.npz,542-670,SURVIVAL,-,FN
continuous_0520_S7_strategy2.npz,670-797,COLOR,-,FN
continuous_0521_S7_strategy2.npz,150-301,DAYS,DAYS,TP
continuous_0521_S7_strategy2.npz,301-453,GREETING,DAYS,FP
continuous_0521_S7_strategy2.npz,453-603,RELATIONSHIPS,FAMILY,FP
continuous_0521_S7_strategy2.npz,603-756,FAMILY,FAMILY,TP
continuous_0521_S7_strategy2.npz,0-126,DRINK,-,FN
continuous_0521_S7_strategy2.npz,637-764,COLOR,-,FN
continuous_0521_S7_strategy2.npz,254-383,GREETING,DAYS,FN
continuous_0521_S7_strategy2.npz,383-511,RELATIONSHIPS,FAMILY,FN
continuous_0522_S7_strategy2.npz,405-540,SURVIVAL,SURVIVAL,TP
continuous_0522_S7_strategy2.npz,540-675,RELATIONSHIPS,FOOD,FP
continuous_0522_S7_strategy2.npz,675-810,FAMILY,FOOD,FP
continuous_0522_S7_strategy2.npz,0-126,DAYS,-,FN
continuous_0522_S7_strategy2.npz,126-267,CALENDAR,-,FN
continuous_0522_S7_strategy2.npz,267-415,NUMBER,-,FN
continuous_0522_S7_strategy2.npz,553-680,RELATIONSHIPS,FOOD,FN
continuous_0522_S7_strategy2.npz,680-807,FAMILY,FOOD,FN
continuous_0523_S7_strategy2.npz,0-115,SURVIVAL,SURVIVAL,TP
continuous_0523_S7_strategy2.npz,115-231,DRINK,CALENDAR,FP
continuous_0523_S7_strategy2.npz,231-348,COLOR,FOOD,FP
continuous_0523_S7_strategy2.npz,348-696,RELATIONSHIPS,RELATIONSHIPS,TP
continuous_0523_S7_strategy2.npz,696-811,FOOD,FOOD,TP
continuous_0523_S7_strategy2.npz,811-927,FAMILY,FAMILY,TP
continuous_0523_S7_strategy2.npz,523-671,CALENDAR,-,FN
continuous_0523_S7_strategy2.npz,139-267,DRINK,CALENDAR,FN
continuous_0523_S7_strategy2.npz,267-395,COLOR,FOOD,FN
continuous_0524_S7_strategy2.npz,0-154,COLOR,FOOD,FP
continuous_0524_S7_strategy2.npz,154-310,DRINK,DRINK,TP
continuous_0524_S7_strategy2.npz,310-466,GREETING,GREETING,TP
continuous_0524_S7_strategy2.npz,466-621,SURVIVAL,SURVIVAL,TP
continuous_0524_S7_strategy2.npz,621-777,FOOD,SURVIVAL,FP
continuous_0524_S7_strategy2.npz,777-933,CALENDAR,CALENDAR,TP
continuous_0524_S7_strategy2.npz,126-254,NUMBER,-,FN
continuous_0524_S7_strategy2.npz,0-126,COLOR,FOOD,FN
continuous_0524_S7_strategy2.npz,660-792,FOOD,SURVIVAL,FN
continuous_0525_S7_strategy2.npz,0-153,FAMILY,FAMILY,TP
continuous_0525_S7_strategy2.npz,153-306,FOOD,FOOD,TP
continuous_0525_S7_strategy2.npz,306-459,NUMBER,NUMBER,TP
continuous_0525_S7_strategy2.npz,459-612,RELATIONSHIPS,RELATIONSHIPS,TP
continuous_0525_S7_strategy2.npz,612-766,DRINK,COLOR,FP
continuous_0525_S7_strategy2.npz,396-510,GREETING,-,FN
continuous_0525_S7_strategy2.npz,637-765,DRINK,COLOR,FN
continuous_0526_S7_strategy2.npz,0-225,CALENDAR,CALENDAR,TP
continuous_0526_S7_strategy2.npz,225-339,FOOD,DAYS,FP
continuous_0526_S7_strategy2.npz,339-453,GREETING,GREETING,TP
continuous_0526_S7_strategy2.npz,453-678,DRINK,GREETING,FP
continuous_0526_S7_strategy2.npz,678-792,FAMILY,FAMILY,TP
continuous_0526_S7_strategy2.npz,545-672,NUMBER,-,FN
continuous_0526_S7_strategy2.npz,149-276,FOOD,DAYS,FN
continuous_0526_S7_strategy2.npz,418-545,DRINK,GREETING,FN
continuous_0527_S7_strategy2.npz,0-156,FAMILY,FAMILY,TP
continuous_0527_S7_strategy2.npz,156-312,COLOR,COLOR,TP
continuous_0527_S7_strategy2.npz,312-469,FOOD,COLOR,FP
continuous_0527_S7_strategy2.npz,469-783,DRINK,COLOR,FP
continuous_0527_S7_strategy2.npz,508-642,GREETING,-,FN
continuous_0527_S7_strategy2.npz,642-790,CALENDAR,-,FN
continuous_0527_S7_strategy2.npz,254-379,FOOD,COLOR,FN
continuous_0527_S7_strategy2.npz,379-508,DRINK,COLOR,FN
continuous_0528_S7_strategy2.npz,0-195,DRINK,DRINK,TP
continuous_0528_S7_strategy2.npz,195-585,-,DAYS,FP
continuous_0528_S7_strategy2.npz,585-780,-,FAMILY,FP
continuous_0528_S7_strategy2.npz,127-252,DAYS,-,FN
continuous_0528_S7_strategy2.npz,252-378,CALENDAR,-,FN
continuous_0528_S7_strategy2.npz,378-517,GREETING,-,FN
continuous_0528_S7_strategy2.npz,517-662,SURVIVAL,-,FN
continuous_0528_S7_strategy2.npz,662-788,FAMILY,-,FN
continuous_0529_S7_strategy2.npz,0-129,COLOR,COLOR,TP
continuous_0529_S7_strategy2.npz,129-259,NUMBER,SURVIVAL,FP
continuous_0529_S7_strategy2.npz,259-390,DAYS,DAYS,TP
continuous_0529_S7_strategy2.npz,390-520,GREETING,GREETING,TP
continuous_0529_S7_strategy2.npz,520-651,RELATIONSHIPS,FOOD,FP
continuous_0529_S7_strategy2.npz,651-781,FOOD,FOOD,TP
continuous_0529_S7_strategy2.npz,127-269,NUMBER,SURVIVAL,FN
continuous_0529_S7_strategy2.npz,534-661,RELATIONSHIPS,FOOD,FN
continuous_0530_S7_strategy2.npz,0-130,DRINK,DRINK,TP
continuous_0530_S7_strategy2.npz,130-261,SURVIVAL,SURVIVAL,TP
continuous_0530_S7_strategy2.npz,261-393,FOOD,FOOD,TP
continuous_0530_S7_strategy2.npz,393-523,RELATIONSHIPS,RELATIONSHIPS,TP
continuous_0530_S7_strategy2.npz,523-786,DAYS,FAMILY,FP
continuous_0530_S7_strategy2.npz,786-916,-,DAYS,FP
continuous_0530_S7_strategy2.npz,645-773,COLOR,-,FN
continuous_0530_S7_strategy2.npz,773-915,NUMBER,-,FN
continuous_0530_S7_strategy2.npz,517-645,DAYS,FAMILY,FN
continuous_0531_S7_strategy2.npz,0-192,NUMBER,NUMBER,TP
continuous_0531_S7_strategy2.npz,192-289,GREETING,GREETING,TP
continuous_0531_S7_strategy2.npz,289-483,FOOD,GREETING,FP
continuous_0531_S7_strategy2.npz,483-774,FAMILY,FAMILY,TP
continuous_0531_S7_strategy2.npz,394-525,CALENDAR,-,FN
continuous_0531_S7_strategy2.npz,652-782,SURVIVAL,-,FN
continuous_0531_S7_strategy2.npz,267-394,FOOD,GREETING,FN
continuous_0532_S7_strategy2.npz,0-100,FOOD,FOOD,TP
continuous_0532_S7_strategy2.npz,100-403,DAYS,GREETING,FP
continuous_0532_S7_strategy2.npz,403-504,GREETING,GREETING,TP
continuous_0532_S7_strategy2.npz,504-606,-,FAMILY,FP
continuous_0532_S7_strategy2.npz,606-909,DRINK,DRINK,TP
continuous_0532_S7_strategy2.npz,253-393,NUMBER,-,FN
continuous_0532_S7_strategy2.npz,531-660,COLOR,-,FN
continuous_0532_S7_strategy2.npz,789-915,FAMILY,-,FN
continuous_0532_S7_strategy2.npz,125-253,DAYS,GREETING,FN
continuous_0533_S7_strategy2.npz,0-129,-,CALENDAR,FP
continuous_0533_S7_strategy2.npz,129-259,SURVIVAL,SURVIVAL,TP
continuous_0533_S7_strategy2.npz,259-390,FAMILY,FAMILY,TP
continuous_0533_S7_strategy2.npz,390-519,FOOD,FOOD,TP
continuous_0533_S7_strategy2.npz,519-649,COLOR,COLOR,TP
continuous_0533_S7_strategy2.npz,649-780,DRINK,COLOR,FP
continuous_0533_S7_strategy2.npz,0-149,CALENDAR,-,FN
continuous_0533_S7_strategy2.npz,651-779,DRINK,COLOR,FN
continuous_0534_S7_strategy2.npz,0-129,SURVIVAL,SURVIVAL,TP
continuous_0534_S7_strategy2.npz,129-259,CALENDAR,CALENDAR,TP
continuous_0534_S7_strategy2.npz,259-390,COLOR,COLOR,TP
continuous_0534_S7_strategy2.npz,390-519,GREETING,GREETING,TP
continuous_0534_S7_strategy2.npz,519-649,DAYS,DAYS,TP
continuous_0534_S7_strategy2.npz,649-780,RELATIONSHIPS,RELATIONSHIPS,TP
continuous_0535_S7_strategy2.npz,0-111,FAMILY,FAMILY,TP
continuous_0535_S7_strategy2.npz,111-222,GREETING,GREETING,TP
continuous_0535_S7_strategy2.npz,222-333,-,FAMILY,FP
continuous_0535_S7_strategy2.npz,333-666,FOOD,GREETING,FP
continuous_0535_S7_strategy2.npz,666-777,RELATIONSHIPS,DAYS,FP
continuous_0535_S7_strategy2.npz,264-403,NUMBER,-,FN
continuous_0535_S7_strategy2.npz,531-657,DAYS,-,FN
continuous_0535_S7_strategy2.npz,403-531,FOOD,GREETING,FN
continuous_0535_S7_strategy2.npz,657-785,RELATIONSHIPS,DAYS,FN
continuous_0536_S7_strategy2.npz,0-156,SURVIVAL,SURVIVAL,TP
continuous_0536_S7_strategy2.npz,156-312,COLOR,CALENDAR,FP
continuous_0536_S7_strategy2.npz,312-469,DAYS,DAYS,TP
continuous_0536_S7_strategy2.npz,469-625,DRINK,FOOD,FP
continuous_0536_S7_strategy2.npz,625-939,FAMILY,FAMILY,TP
continuous_0536_S7_strategy2.npz,417-543,RELATIONSHIPS,-,FN
continuous_0536_S7_strategy2.npz,796-938,NUMBER,-,FN
continuous_0536_S7_strategy2.npz,144-268,COLOR,CALENDAR,FN
continuous_0536_S7_strategy2.npz,543-670,DRINK,FOOD,FN
continuous_0537_S7_strategy2.npz,0-126,GREETING,FOOD,FP
continuous_0537_S7_strategy2.npz,126-253,SURVIVAL,SURVIVAL,TP
continuous_0537_S7_strategy2.npz,253-381,FOOD,FOOD,TP
continuous_0537_S7_strategy2.npz,381-507,COLOR,FOOD,FP
continuous_0537_S7_strategy2.npz,507-634,-,DAYS,FP
continuous_0537_S7_strategy2.npz,634-762,DRINK,FOOD,FP
continuous_0537_S7_strategy2.npz,514-638,DAYS,-,FN
continuous_0537_S7_strategy2.npz,0-121,GREETING,FOOD,FN
continuous_0537_S7_strategy2.npz,387-514,COLOR,FOOD,FN
continuous_0537_S7_strategy2.npz,638-761,DRINK,FOOD,FN
continuous_0538_S7_strategy2.npz,0-117,-,RELATIONSHIPS,FP
continuous_0538_S7_strategy2.npz,117-235,-,CALENDAR,FP
continuous_0538_S7_strategy2.npz,235-471,-,CALENDAR,FP
continuous_0538_S7_strategy2.npz,471-589,-,NUMBER,FP
continuous_0538_S7_strategy2.npz,589-825,DRINK,COLOR,FP
continuous_0538_S7_strategy2.npz,825-945,-,DRINK,FP
continuous_0538_S7_strategy2.npz,0-127,COLOR,-,FN
continuous_0538_S7_strategy2.npz,127-255,RELATIONSHIPS,-,FN
continuous_0538_S7_strategy2.npz,255-397,SURVIVAL,-,FN
continuous_0538_S7_strategy2.npz,397-546,CALENDAR,-,FN
continuous_0538_S7_strategy2.npz,546-688,NUMBER,-,FN
continuous_0538_S7_strategy2.npz,815-942,FAMILY,-,FN
continuous_0538_S7_strategy2.npz,688-815,DRINK,COLOR,FN
continuous_0539_S7_strategy2.npz,0-96,DAYS,FAMILY,FP
continuous_0539_S7_strategy2.npz,96-192,FAMILY,FAMILY,TP
continuous_0539_S7_strategy2.npz,192-288,-,NUMBER,FP
continuous_0539_S7_strategy2.npz,288-385,-,GREETING,FP
continuous_0539_S7_strategy2.npz,385-483,-,GREETING,FP
continuous_0539_S7_strategy2.npz,483-579,GREETING,GREETING,TP
continuous_0539_S7_strategy2.npz,579-675,SURVIVAL,GREETING,FP
continuous_0539_S7_strategy2.npz,675-772,DRINK,COLOR,FP
continuous_0539_S7_strategy2.npz,249-392,NUMBER,-,FN
continuous_0539_S7_strategy2.npz,0-120,DAYS,FAMILY,FN
continuous_0539_S7_strategy2.npz,529-653,SURVIVAL,GREETING,FN
continuous_0539_S7_strategy2.npz,653-780,DRINK,COLOR,FN
continuous_0540_S7_strategy2.npz,0-127,-,COLOR,FP
continuous_0540_S7_strategy2.npz,127-642,FOOD,FOOD,TP
continuous_0540_S7_strategy2.npz,642-771,SURVIVAL,SURVIVAL,TP
continuous_0540_S7_strategy2.npz,771-900,DRINK,FOOD,FP
continuous_0540_S7_strategy2.npz,0-125,COLOR,-,FN
continuous_0540_S7_strategy2.npz,252-380,RELATIONSHIPS,-,FN
continuous_0540_S7_strategy2.npz,380-509,GREETING,-,FN
continuous_0540_S7_strategy2.npz,509-636,DAYS,-,FN
continuous_0540_S7_strategy2.npz,780-908,DRINK,FOOD,FN
continuous_0541_S7_strategy2.npz,0-135,-,FOOD,FP
continuous_0541_S7_strategy2.npz,135-540,CALENDAR,CALENDAR,TP
continuous_0541_S7_strategy2.npz,540-675,COLOR,COLOR,TP
continuous_0541_S7_strategy2.npz,675-810,GREETING,GREETING,TP
continuous_0541_S7_strategy2.npz,810-945,DAYS,DAYS,TP
continuous_0541_S7_strategy2.npz,0-140,NUMBER,-,FN
continuous_0541_S7_strategy2.npz,140-268,RELATIONSHIPS,-,FN
continuous_0541_S7_strategy2.npz,409-536,FAMILY,-,FN
continuous_0542_S7_strategy2.npz,0-129,GREETING,GREETING,TP
continuous_0542_S7_strategy2.npz,129-261,SURVIVAL,SURVIVAL,TP
continuous_0542_S7_strategy2.npz,261-391,-,NUMBER,FP
continuous_0542_S7_strategy2.npz,391-522,-,RELATIONSHIPS,FP
continuous_0542_S7_strategy2.npz,522-652,-,RELATIONSHIPS,FP
continuous_0542_S7_strategy2.npz,652-915,FAMILY,FAMILY,TP
continuous_0542_S7_strategy2.npz,269-381,CALENDAR,-,FN
continuous_0542_S7_strategy2.npz,381-508,NUMBER,-,FN
continuous_0542_S7_strategy2.npz,508-636,RELATIONSHIPS,-,FN
continuous_0542_S7_strategy2.npz,764-913,DAYS,-,FN
continuous_0543_S7_strategy2.npz,0-222,RELATIONSHIPS,FAMILY,FP
continuous_0543_S7_strategy2.npz,222-333,DAYS,DAYS,TP
continuous_0543_S7_strategy2.npz,333-555,-,CALENDAR,FP
continuous_0543_S7_strategy2.npz,555-666,-,FOOD,FP
continuous_0543_S7_strategy2.npz,666-778,-,DRINK,FP
continuous_0543_S7_strategy2.npz,248-396,CALENDAR,-,FN
continuous_0543_S7_strategy2.npz,396-524,FOOD,-,FN
continuous_0543_S7_strategy2.npz,524-652,DRINK,-,FN
continuous_0543_S7_strategy2.npz,652-777,NUMBER,-,FN
continuous_0543_S7_strategy2.npz,0-120,RELATIONSHIPS,FAMILY,FN
continuous_0544_S7_strategy2.npz,0-130,FOOD,FOOD,TP
continuous_0544_S7_strategy2.npz,130-394,DRINK,DRINK,TP
continuous_0544_S7_strategy2.npz,394-525,SURVIVAL,SURVIVAL,TP
continuous_0544_S7_strategy2.npz,525-657,-,FAMILY,FP
continuous_0544_S7_strategy2.npz,657-789,FAMILY,FAMILY,TP
continuous_0544_S7_strategy2.npz,254-402,CALENDAR,-,FN
continuous_0544_S7_strategy2.npz,525-660,RELATIONSHIPS,-,FN
continuous_0545_S7_strategy2.npz,0-226,-,NUMBER,FP
continuous_0545_S7_strategy2.npz,226-340,SURVIVAL,SURVIVAL,TP
continuous_0545_S7_strategy2.npz,340-454,COLOR,CALENDAR,FP
continuous_0545_S7_strategy2.npz,454-568,DRINK,DRINK,TP
continuous_0545_S7_strategy2.npz,568-682,-,CALENDAR,FP
continuous_0545_S7_strategy2.npz,682-796,RELATIONSHIPS,RELATIONSHIPS,TP
continuous_0545_S7_strategy2.npz,0-125,NUMBER,-,FN
continuous_0545_S7_strategy2.npz,519-667,CALENDAR,-,FN
continuous_0545_S7_strategy2.npz,264-391,COLOR,CALENDAR,FN
continuous_0546_S7_strategy2.npz,0-130,FOOD,COLOR,FP
continuous_0546_S7_strategy2.npz,130-523,DRINK,FOOD,FP
continuous_0546_S7_strategy2.npz,523-654,SURVIVAL,GREETING,FP
continuous_0546_S7_strategy2.npz,654-786,FAMILY,FAMILY,TP
continuous_0546_S7_strategy2.npz,255-404,CALENDAR,-,FN
continuous_0546_S7_strategy2.npz,404-532,RELATIONSHIPS,-,FN
continuous_0546_S7_strategy2.npz,0-127,FOOD,COLOR,FN
continuous_0546_S7_strategy2.npz,127-255,DRINK,FOOD,FN
continuous_0546_S7_strategy2.npz,532-656,SURVIVAL,GREETING,FN
continuous_0547_S7_strategy2.npz,0-195,DRINK,DRINK,TP
continuous_0547_S7_strategy2.npz,195-391,CALENDAR,CALENDAR,TP
continuous_0547_S7_strategy2.npz,391-588,-,COLOR,FP
continuous_0547_S7_strategy2.npz,588-783,-,CALENDAR,FP
continuous_0547_S7_strategy2.npz,266-394,COLOR,-,FN
continuous_0547_S7_strategy2.npz,394-521,FOOD,-,FN
continuous_0547_S7_strategy2.npz,521-647,RELATIONSHIPS,-,FN
continuous_0547_S7_strategy2.npz,647-782,NUMBER,-,FN
continuous_0548_S7_strategy2.npz,0-336,FOOD,FOOD,TP
continuous_0548_S7_strategy2.npz,336-448,SURVIVAL,SURVIVAL,TP
continuous_0548_S7_strategy2.npz,448-561,FAMILY,FAMILY,TP
continuous_0548_S7_strategy2.npz,561-672,DAYS,DAYS,TP
continuous_0548_S7_strategy2.npz,672-784,DRINK,DRINK,TP
continuous_0548_S7_strategy2.npz,784-897,RELATIONSHIPS,RELATIONSHIPS,TP
continuous_0548_S7_strategy2.npz,126-251,NUMBER,-,FN
continuous_0549_S7_strategy2.npz,0-400,GREETING,GREETING,TP
continuous_0549_S7_strategy2.npz,400-534,SURVIVAL,DAYS,FP
continuous_0549_S7_strategy2.npz,534-667,-,FOOD,FP
continuous_0549_S7_strategy2.npz,667-936,-,COLOR,FP
continuous_0549_S7_strategy2.npz,138-270,FAMILY,-,FN
continuous_0549_S7_strategy2.npz,416-544,FOOD,-,FN
continuous_0549_S7_strategy2.npz,544-670,NUMBER,-,FN
continuous_0549_S7_strategy2.npz,670-795,RELATIONSHIPS,-,FN
continuous_0549_S7_strategy2.npz,795-943,CALENDAR,-,FN
continuous_0549_S7_strategy2.npz,270-416,SURVIVAL,DAYS,FN
continuous_0550_S7_strategy2.npz,157-315,-,FAMILY,FP
continuous_0550_S7_strategy2.npz,315-474,DAYS,DAYS,TP
continuous_0550_S7_strategy2.npz,474-631,COLOR,COLOR,TP
continuous_0550_S7_strategy2.npz,631-789,DRINK,FOOD,FP
continuous_0550_S7_strategy2.npz,0-141,SURVIVAL,-,FN
continuous_0550_S7_strategy2.npz,141-277,NUMBER,-,FN
continuous_0550_S7_strategy2.npz,277-404,FAMILY,-,FN
continuous_0550_S7_strategy2.npz,659-787,DRINK,FOOD,FN
continuous_0551_S7_strategy2.npz,0-225,COLOR,COLOR,TP
continuous_0551_S7_strategy2.npz,225-339,FAMILY,FAMILY,TP
continuous_0551_S7_strategy2.npz,339-565,DRINK,FAMILY,FP
continuous_0551_S7_strategy2.npz,565-792,DAYS,FOOD,FP
continuous_0551_S7_strategy2.npz,792-906,RELATIONSHIPS,RELATIONSHIPS,TP
continuous_0551_S7_strategy2.npz,127-263,NUMBER,-,FN
continuous_0551_S7_strategy2.npz,645-776,SURVIVAL,-,FN
continuous_0551_S7_strategy2.npz,390-518,DRINK,FAMILY,FN
continuous_0551_S7_strategy2.npz,518-645,DAYS,FOOD,FN
continuous_0552_S7_strategy2.npz,0-132,SURVIVAL,SURVIVAL,TP
continuous_0552_S7_strategy2.npz,132-267,GREETING,GREETING,TP
continuous_0552_S7_strategy2.npz,267-400,COLOR,COLOR,TP
continuous_0552_S7_strategy2.npz,400-534,RELATIONSHIPS,RELATIONSHIPS,TP
continuous_0552_S7_strategy2.npz,534-667,DRINK,COLOR,FP
continuous_0552_S7_strategy2.npz,667-936,NUMBER,SURVIVAL,FP
continuous_0552_S7_strategy2.npz,794-942,CALENDAR,-,FN
continuous_0552_S7_strategy2.npz,527-654,DRINK,COLOR,FN
continuous_0552_S7_strategy2.npz,654-794,NUMBER,SURVIVAL,FN
continuous_0553_S7_strategy2.npz,0-231,GREETING,GREETING,TP
continuous_0553_S7_strategy2.npz,231-463,COLOR,COLOR,TP
continuous_0553_S7_strategy2.npz,463-579,FOOD,FOOD,TP
continuous_0553_S7_strategy2.npz,579-696,RELATIONSHIPS,DAYS,FP
continuous_0553_S7_strategy2.npz,696-927,SURVIVAL,SURVIVAL,TP
continuous_0553_S7_strategy2.npz,137-286,CALENDAR,-,FN
continuous_0553_S7_strategy2.npz,808-935,NUMBER,-,FN
continuous_0553_S7_strategy2.npz,541-668,RELATIONSHIPS,DAYS,FN
continuous_0554_S7_strategy2.npz,0-153,FAMILY,FAMILY,TP
continuous_0554_S7_strategy2.npz,153-306,SURVIVAL,SURVIVAL,TP
continuous_0554_S7_strategy2.npz,306-459,FOOD,FOOD,TP
continuous_0554_S7_strategy2.npz,459-612,-,GREETING,FP
continuous_0554_S7_strategy2.npz,612-765,RELATIONSHIPS,RELATIONSHIPS,TP
continuous_0554_S7_strategy2.npz,765-918,DAYS,FOOD,FP
continuous_0554_S7_strategy2.npz,395-526,GREETING,-,FN
continuous_0554_S7_strategy2.npz,782-924,NUMBER,-,FN
continuous_0554_S7_strategy2.npz,654-782,DAYS,FOOD,FN
continuous_0555_S7_strategy2.npz,0-133,GREETING,GREETING,TP
continuous_0555_S7_strategy2.npz,133-267,FAMILY,FAMILY,TP
continuous_0555_S7_strategy2.npz,267-402,CALENDAR,CALENDAR,TP
continuous_0555_S7_strategy2.npz,402-537,-,NUMBER,FP
continuous_0555_S7_strategy2.npz,537-670,DAYS,DAYS,TP
continuous_0555_S7_strategy2.npz,670-804,COLOR,COLOR,TP
continuous_0555_S7_strategy2.npz,804-939,SURVIVAL,SURVIVAL,TP
continuous_0555_S7_strategy2.npz,415-553,NUMBER,-,FN
continuous_0556_S7_strategy2.npz,0-159,DAYS,DAYS,TP
continuous_0556_S7_strategy2.npz,159-319,-,SURVIVAL,FP
continuous_0556_S7_strategy2.npz,319-480,CALENDAR,CALENDAR,TP
continuous_0556_S7_strategy2.npz,480-639,COLOR,COLOR,TP
continuous_0556_S7_strategy2.npz,639-801,-,RELATIONSHIPS,FP
continuous_0556_S7_strategy2.npz,127-268,NUMBER,-,FN
continuous_0556_S7_strategy2.npz,268-406,SURVIVAL,-,FN
continuous_0556_S7_strategy2.npz,675-798,DRINK,-,FN
continuous_0557_S7_strategy2.npz,0-127,CALENDAR,CALENDAR,TP
continuous_0557_S7_strategy2.npz,127-256,SURVIVAL,SURVIVAL,TP
continuous_0557_S7_strategy2.npz,256-384,COLOR,COLOR,TP
continuous_0557_S7_strategy2.npz,384-513,FAMILY,COLOR,FP
continuous_0557_S7_strategy2.npz,513-642,DRINK,FAMILY,FP
continuous_0557_S7_strategy2.npz,642-771,GREETING,GREETING,TP
continuous_0557_S7_strategy2.npz,391-520,FAMILY,COLOR,FN
continuous_0557_S7_strategy2.npz,520-642,DRINK,FAMILY,FN
continuous_0558_S7_strategy2.npz,0-132,RELATIONSHIPS,RELATIONSHIPS,TP
continuous_0558_S7_strategy2.npz,132-264,CALENDAR,CALENDAR,TP
continuous_0558_S7_strategy2.npz,264-396,DAYS,DAYS,TP
continuous_0558_S7_strategy2.npz,396-529,COLOR,COLOR,TP
continuous_0558_S7_strategy2.npz,529-661,-,GREETING,FP
continuous_0558_S7_strategy2.npz,661-795,DRINK,FOOD,FP
continuous_0558_S7_strategy2.npz,795-927,FOOD,FOOD,TP
continuous_0558_S7_strategy2.npz,542-679,GREETING,-,FN
continuous_0558_S7_strategy2.npz,679-806,DRINK,FOOD,FN
continuous_0559_S7_strategy2.npz,0-112,GREETING,GREETING,TP
continuous_0559_S7_strategy2.npz,112-226,-,CALENDAR,FP
continuous_0559_S7_strategy2.npz,226-453,FOOD,FOOD,TP
continuous_0559_S7_strategy2.npz,453-567,SURVIVAL,SURVIVAL,TP
continuous_0559_S7_strategy2.npz,567-795,-,FAMILY,FP
continuous_0559_S7_strategy2.npz,137-286,CALENDAR,-,FN
continuous_0559_S7_strategy2.npz,552-680,COLOR,-,FN
continuous_0559_S7_strategy2.npz,680-802,DRINK,-,FN
continuous_0560_S7_strategy2.npz,0-102,-,FAMILY,FP
continuous_0560_S7_strategy2.npz,102-204,-,RELATIONSHIPS,FP
continuous_0560_S7_strategy2.npz,204-306,GREETING,GREETING,TP
continuous_0560_S7_strategy2.npz,306-511,DAYS,DAYS,TP
continuous_0560_S7_strategy2.npz,511-613,COLOR,FOOD,FP
continuous_0560_S7_strategy2.npz,613-717,-,FOOD,FP
continuous_0560_S7_strategy2.npz,717-819,-,FAMILY,FP
continuous_0560_S7_strategy2.npz,819-921,CALENDAR,CALENDAR,TP
continuous_0560_S7_strategy2.npz,0-127,RELATIONSHIPS,-,FN
continuous_0560_S7_strategy2.npz,537-664,FAMILY,-,FN
continuous_0560_S7_strategy2.npz,664-805,NUMBER,-,FN
continuous_0560_S7_strategy2.npz,409-537,COLOR,FOOD,FN
continuous_0561_S7_strategy2.npz,0-127,DAYS,DAYS,TP
continuous_0561_S7_strategy2.npz,127-255,SURVIVAL,SURVIVAL,TP
continuous_0561_S7_strategy2.npz,255-640,RELATIONSHIPS,RELATIONSHIPS,TP
continuous_0561_S7_strategy2.npz,640-769,-,FOOD,FP
continuous_0561_S7_strategy2.npz,395-507,DRINK,-,FN
continuous_0561_S7_strategy2.npz,507-630,FOOD,-,FN
continuous_0561_S7_strategy2.npz,630-769,CALENDAR,-,FN
continuous_0562_S7_strategy2.npz,0-111,SURVIVAL,FAMILY,FP
continuous_0562_S7_strategy2.npz,111-222,NUMBER,NUMBER,TP
continuous_0562_S7_strategy2.npz,222-445,RELATIONSHIPS,FAMILY,FP
continuous_0562_S7_strategy2.npz,445-558,GREETING,GREETING,TP
continuous_0562_S7_strategy2.npz,558-669,DAYS,GREETING,FP
continuous_0562_S7_strategy2.npz,669-780,COLOR,RELATIONSHIPS,FP
continuous_0562_S7_strategy2.npz,780-892,FOOD,FOOD,TP
continuous_0562_S7_strategy2.npz,0-126,SURVIVAL,FAMILY,FN
continuous_0562_S7_strategy2.npz,254-381,RELATIONSHIPS,FAMILY,FN
continuous_0562_S7_strategy2.npz,519-646,DAYS,GREETING,FN
continuous_0562_S7_strategy2.npz,646-773,COLOR,RELATIONSHIPS,FN
continuous_0563_S7_strategy2.npz,0-115,DRINK,DRINK,TP
continuous_0563_S7_strategy2.npz,115-465,FAMILY,COLOR,FP
continuous_0563_S7_strategy2.npz,465-580,-,NUMBER,FP
continuous_0563_S7_strategy2.npz,580-696,FOOD,FOOD,TP
continuous_0563_S7_strategy2.npz,696-813,DAYS,DAYS,TP
continuous_0563_S7_strategy2.npz,255-395,SURVIVAL,-,FN
continuous_0563_S7_strategy2.npz,395-534,NUMBER,-,FN
continuous_0563_S7_strategy2.npz,127-255,FAMILY,COLOR,FN
continuous_0564_S7_strategy2.npz,0-195,FOOD,FOOD,TP
continuous_0564_S7_strategy2.npz,195-393,FAMILY,FAMILY,TP
continuous_0564_S7_strategy2.npz,393-588,-,DRINK,FP
continuous_0564_S7_strategy2.npz,588-786,-,CALENDAR,FP
continuous_0564_S7_strategy2.npz,250-377,DRINK,-,FN
continuous_0564_S7_strategy2.npz,377-518,NUMBER,-,FN
continuous_0564_S7_strategy2.npz,518-656,CALENDAR,-,FN
continuous_0564_S7_strategy2.npz,656-784,RELATIONSHIPS,-,FN
continuous_0565_S7_strategy2.npz,0-115,DRINK,COLOR,FP
continuous_0565_S7_strategy2.npz,115-348,DAYS,DAYS,TP
continuous_0565_S7_strategy2.npz,348-465,-,GREETING,FP
continuous_0565_S7_strategy2.npz,465-816,SURVIVAL,SURVIVAL,TP
continuous_0565_S7_strategy2.npz,276-411,GREETING,-,FN
continuous_0565_S7_strategy2.npz,553-682,CALENDAR,-,FN
continuous_0565_S7_strategy2.npz,682-822,NUMBER,-,FN
continuous_0565_S7_strategy2.npz,0-127,DRINK,COLOR,FN
continuous_0566_S7_strategy2.npz,0-159,FAMILY,FAMILY,TP
continuous_0566_S7_strategy2.npz,159-321,RELATIONSHIPS,RELATIONSHIPS,TP
continuous_0566_S7_strategy2.npz,321-480,DRINK,DRINK,TP
continuous_0566_S7_strategy2.npz,480-642,DAYS,DRINK,FP
continuous_0566_S7_strategy2.npz,642-802,FOOD,FOOD,TP
continuous_0566_S7_strategy2.npz,659-800,NUMBER,-,FN
continuous_0566_S7_strategy2.npz,383-532,DAYS,DRINK,FN
continuous_0567_S7_strategy2.npz,0-96,COLOR,COLOR,TP
continuous_0567_S7_strategy2.npz,96-193,-,CALENDAR,FP
continuous_0567_S7_strategy2.npz,193-291,-,FOOD,FP
continuous_0567_S7_strategy2.npz,291-484,GREETING,GREETING,TP
continuous_0567_S7_strategy2.npz,484-582,-,GREETING,FP
continuous_0567_S7_strategy2.npz,582-678,DAYS,DAYS,TP
continuous_0567_S7_strategy2.npz,678-777,FAMILY,FAMILY,TP
continuous_0567_S7_strategy2.npz,125-263,CALENDAR,-,FN
continuous_0567_S7_strategy2.npz,263-391,FOOD,-,FN
continuous_0568_S7_strategy2.npz,0-154,-,SURVIVAL,FP
continuous_0568_S7_strategy2.npz,154-309,-,GREETING,FP
continuous_0568_S7_strategy2.npz,309-465,-,FOOD,FP
continuous_0568_S7_strategy2.npz,465-621,-,CALENDAR,FP
continuous_0568_S7_strategy2.npz,621-777,DRINK,CALENDAR,FP
continuous_0568_S7_strategy2.npz,0-126,DAYS,-,FN
continuous_0568_S7_strategy2.npz,126-265,SURVIVAL,-,FN
continuous_0568_S7_strategy2.npz,265-383,GREETING,-,FN
continuous_0568_S7_strategy2.npz,383-511,FOOD,-,FN
continuous_0568_S7_strategy2.npz,511-659,CALENDAR,-,FN
continuous_0568_S7_strategy2.npz,659-782,DRINK,CALENDAR,FN
continuous_0569_S7_strategy2.npz,0-262,DRINK,DRINK,TP
continuous_0569_S7_strategy2.npz,262-393,-,FOOD,FP
continuous_0569_S7_strategy2.npz,393-525,-,FAMILY,FP
continuous_0569_S7_strategy2.npz,525-657,-,DAYS,FP
continuous_0569_S7_strategy2.npz,657-789,-,CALENDAR,FP
continuous_0569_S7_strategy2.npz,789-921,-,CALENDAR,FP
continuous_0569_S7_strategy2.npz,127-250,FOOD,-,FN
continuous_0569_S7_strategy2.npz,250-375,FAMILY,-,FN
continuous_0569_S7_strategy2.npz,375-502,DAYS,-,FN
continuous_0569_S7_strategy2.npz,502-629,COLOR,-,FN
continuous_0569_S7_strategy2.npz,629-777,CALENDAR,-,FN
continuous_0569_S7_strategy2.npz,777-919,SURVIVAL,-,FN
continuous_0570_S7_strategy2.npz,117-234,-,CALENDAR,FP
continuous_0570_S7_strategy2.npz,234-352,DAYS,DAYS,TP
continuous_0570_S7_strategy2.npz,352-469,RELATIONSHIPS,RELATIONSHIPS,TP
continuous_0570_S7_strategy2.npz,469-588,COLOR,COLOR,TP
continuous_0570_S7_strategy2.npz,588-705,-,RELATIONSHIPS,FP
continuous_0570_S7_strategy2.npz,705-823,-,FOOD,FP
continuous_0570_S7_strategy2.npz,0-149,CALENDAR,-,FN
continuous_0570_S7_strategy2.npz,552-679,FAMILY,-,FN
continuous_0570_S7_strategy2.npz,679-820,NUMBER,-,FN
continuous_0571_S7_strategy2.npz,0-180,SURVIVAL,SURVIVAL,TP
continuous_0571_S7_strategy2.npz,180-360,FAMILY,FAMILY,TP
continuous_0571_S7_strategy2.npz,360-540,DRINK,DRINK,TP
continuous_0571_S7_strategy2.npz,540-720,-,DRINK,FP
continuous_0571_S7_strategy2.npz,720-900,-,FOOD,FP
continuous_0571_S7_strategy2.npz,394-521,FOOD,-,FN
continuous_0571_S7_strategy2.npz,521-649,COLOR,-,FN
continuous_0571_S7_strategy2.npz,649-778,RELATIONSHIPS,-,FN
continuous_0571_S7_strategy2.npz,778-899,GREETING,-,FN
continuous_0572_S7_strategy2.npz,0-198,SURVIVAL,GREETING,FP
continuous_0572_S7_strategy2.npz,198-498,FAMILY,SURVIVAL,FP
continuous_0572_S7_strategy2.npz,498-597,-,DRINK,FP
continuous_0572_S7_strategy2.npz,597-697,RELATIONSHIPS,FOOD,FP
continuous_0572_S7_strategy2.npz,697-897,FOOD,FOOD,TP
continuous_0572_S7_strategy2.npz,249-373,COLOR,-,FN
continuous_0572_S7_strategy2.npz,373-501,DRINK,-,FN
continuous_0572_S7_strategy2.npz,756-896,NUMBER,-,FN
continuous_0572_S7_strategy2.npz,0-121,SURVIVAL,GREETING,FN
continuous_0572_S7_strategy2.npz,121-249,FAMILY,SURVIVAL,FN
continuous_0572_S7_strategy2.npz,501-628,RELATIONSHIPS,FOOD,FN
continuous_0573_S7_strategy2.npz,0-402,FOOD,FOOD,TP
continuous_0573_S7_strategy2.npz,402-502,-,COLOR,FP
continuous_0573_S7_strategy2.npz,502-603,-,COLOR,FP
continuous_0573_S7_strategy2.npz,603-703,DRINK,DRINK,TP
continuous_0573_S7_strategy2.npz,703-804,SURVIVAL,SURVIVAL,TP
continuous_0573_S7_strategy2.npz,804-906,GREETING,GREETING,TP
continuous_0573_S7_strategy2.npz,127-254,NUMBER,-,FN
continuous_0573_S7_strategy2.npz,254-381,COLOR,-,FN
continuous_0573_S7_strategy2.npz,381-509,FAMILY,-,FN
continuous_0574_S7_strategy2.npz,0-129,-,FOOD,FP
continuous_0574_S7_strategy2.npz,129-259,-,FOOD,FP
continuous_0574_S7_strategy2.npz,259-390,-,NUMBER,FP
continuous_0574_S7_strategy2.npz,390-780,-,COLOR,FP
continuous_0574_S7_strategy2.npz,780-912,-,FOOD,FP
continuous_0574_S7_strategy2.npz,0-126,FOOD,-,FN
continuous_0574_S7_strategy2.npz,126-253,DAYS,-,FN
continuous_0574_S7_strategy2.npz,253-380,COLOR,-,FN
continuous_0574_S7_strategy2.npz,380-521,CALENDAR,-,FN
continuous_0574_S7_strategy2.npz,521-648,NUMBER,-,FN
continuous_0574_S7_strategy2.npz,648-775,FAMILY,-,FN
continuous_0574_S7_strategy2.npz,775-918,GREETING,-,FN
continuous_0575_S7_strategy2.npz,0-471,RELATIONSHIPS,RELATIONSHIPS,TP
continuous_0575_S7_strategy2.npz,471-786,FOOD,FOOD,TP
continuous_0575_S7_strategy2.npz,786-943,FAMILY,FAMILY,TP
continuous_0575_S7_strategy2.npz,126-276,CALENDAR,-,FN
continuous_0575_S7_strategy2.npz,276-407,GREETING,-,FN
continuous_0575_S7_strategy2.npz,407-534,COLOR,-,FN
continuous_0575_S7_strategy2.npz,662-814,NUMBER,-,FN
continuous_0576_S7_strategy2.npz,0-153,SURVIVAL,SURVIVAL,TP
continuous_0576_S7_strategy2.npz,153-307,DRINK,DRINK,TP
continuous_0576_S7_strategy2.npz,307-462,CALENDAR,CALENDAR,TP
continuous_0576_S7_strategy2.npz,462-615,FOOD,FOOD,TP
continuous_0576_S7_strategy2.npz,615-769,COLOR,FOOD,FP
continuous_0576_S7_strategy2.npz,769-924,RELATIONSHIPS,RELATIONSHIPS,TP
continuous_0576_S7_strategy2.npz,541-667,GREETING,-,FN
continuous_0576_S7_strategy2.npz,667-795,COLOR,FOOD,FN
continuous_0577_S7_strategy2.npz,0-154,FAMILY,FAMILY,TP
continuous_0577_S7_strategy2.npz,154-310,RELATIONSHIPS,RELATIONSHIPS,TP
continuous_0577_S7_strategy2.npz,310-465,-,CALENDAR,FP
continuous_0577_S7_strategy2.npz,465-933,DAYS,DRINK,FP
continuous_0577_S7_strategy2.npz,0-135,SURVIVAL,-,FN
continuous_0577_S7_strategy2.npz,391-539,CALENDAR,-,FN
continuous_0577_S7_strategy2.npz,666-794,DRINK,-,FN
continuous_0577_S7_strategy2.npz,794-929,NUMBER,-,FN
continuous_0577_S7_strategy2.npz,539-666,DAYS,DRINK,FN
continuous_0578_S7_strategy2.npz,0-127,SURVIVAL,SURVIVAL,TP
continuous_0578_S7_strategy2.npz,127-255,GREETING,GREETING,TP
continuous_0578_S7_strategy2.npz,255-639,DRINK,FOOD,FP
continuous_0578_S7_strategy2.npz,639-897,FOOD,FOOD,TP
continuous_0578_S7_strategy2.npz,403-525,DAYS,-,FN
continuous_0578_S7_strategy2.npz,525-649,CALENDAR,-,FN
continuous_0578_S7_strategy2.npz,777-905,RELATIONSHIPS,-,FN
continuous_0578_S7_strategy2.npz,276-403,DRINK,FOOD,FN
continuous_0579_S7_strategy2.npz,0-109,COLOR,COLOR,TP
continuous_0579_S7_strategy2.npz,109-220,-,RELATIONSHIPS,FP
continuous_0579_S7_strategy2.npz,220-330,SURVIVAL,SURVIVAL,TP
continuous_0579_S7_strategy2.npz,330-441,RELATIONSHIPS,FOOD,FP
continuous_0579_S7_strategy2.npz,441-552,FAMILY,FAMILY,TP
continuous_0579_S7_strategy2.npz,552-663,DAYS,FAMILY,FP
continuous_0579_S7_strategy2.npz,663-774,FOOD,FOOD,TP
continuous_0579_S7_strategy2.npz,266-393,RELATIONSHIPS,FOOD,FN
continuous_0579_S7_strategy2.npz,522-646,DAYS,FAMILY,FN
continuous_0580_S7_strategy2.npz,0-114,FAMILY,FAMILY,TP
continuous_0580_S7_strategy2.npz,114-345,CALENDAR,CALENDAR,TP
continuous_0580_S7_strategy2.npz,345-460,SURVIVAL,DAYS,FP
continuous_0580_S7_strategy2.npz,460-576,DAYS,NUMBER,FP
continuous_0580_S7_strategy2.npz,576-690,DRINK,CALENDAR,FP
continuous_0580_S7_strategy2.npz,690-807,GREETING,FOOD,FP
continuous_0580_S7_strategy2.npz,272-411,SURVIVAL,DAYS,FN
continuous_0580_S7_strategy2.npz,411-559,DAYS,NUMBER,FN
continuous_0580_S7_strategy2.npz,559-682,DRINK,CALENDAR,FN
continuous_0580_S7_strategy2.npz,682-805,GREETING,FOOD,FN
continuous_0581_S7_strategy2.npz,0-343,DAYS,GREETING,FP
continuous_0581_S7_strategy2.npz,343-459,SURVIVAL,SURVIVAL,TP
continuous_0581_S7_strategy2.npz,459-573,FOOD,FOOD,TP
continuous_0581_S7_strategy2.npz,573-687,COLOR,FOOD,FP
continuous_0581_S7_strategy2.npz,687-802,DRINK,FOOD,FP
continuous_0581_S7_strategy2.npz,802-918,GREETING,GREETING,TP
continuous_0581_S7_strategy2.npz,126-265,NUMBER,-,FN
continuous_0581_S7_strategy2.npz,0-126,DAYS,GREETING,FN
continuous_0581_S7_strategy2.npz,531-659,COLOR,FOOD,FN
continuous_0581_S7_strategy2.npz,659-787,DRINK,FOOD,FN
continuous_0582_S7_strategy2.npz,0-132,COLOR,COLOR,TP
continuous_0582_S7_strategy2.npz,132-264,DAYS,COLOR,FP
continuous_0582_S7_strategy2.npz,264-396,-,NUMBER,FP
continuous_0582_S7_strategy2.npz,396-529,FOOD,FOOD,TP
continuous_0582_S7_strategy2.npz,529-795,GREETING,FOOD,FP
continuous_0582_S7_strategy2.npz,795-927,DRINK,FOOD,FP
continuous_0582_S7_strategy2.npz,252-392,NUMBER,-,FN
continuous_0582_S7_strategy2.npz,657-806,CALENDAR,-,FN
continuous_0582_S7_strategy2.npz,126-252,DAYS,COLOR,FN
continuous_0582_S7_strategy2.npz,519-657,GREETING,FOOD,FN
continuous_0582_S7_strategy2.npz,806-934,DRINK,FOOD,FN
continuous_0583_S7_strategy2.npz,181-364,-,COLOR,FP
continuous_0583_S7_strategy2.npz,364-546,-,DAYS,FP
continuous_0583_S7_strategy2.npz,546-912,-,DRINK,FP
continuous_0583_S7_strategy2.npz,0-139,NUMBER,-,FN
continuous_0583_S7_strategy2.npz,139-276,RELATIONSHIPS,-,FN
continuous_0583_S7_strategy2.npz,276-403,DAYS,-,FN
continuous_0583_S7_strategy2.npz,403-530,DRINK,-,FN
continuous_0583_S7_strategy2.npz,530-655,COLOR,-,FN
continuous_0583_S7_strategy2.npz,655-783,GREETING,-,FN
continuous_0583_S7_strategy2.npz,783-911,FOOD,-,FN
continuous_0584_S7_strategy2.npz,0-180,FAMILY,FAMILY,TP
continuous_0584_S7_strategy2.npz,180-363,GREETING,GREETING,TP
continuous_0584_S7_strategy2.npz,363-543,-,NUMBER,FP
continuous_0584_S7_strategy2.npz,543-726,-,COLOR,FP
continuous_0584_S7_strategy2.npz,726-907,FOOD,FOOD,TP
continuous_0584_S7_strategy2.npz,264-406,NUMBER,-,FN
continuous_0584_S7_strategy2.npz,406-534,DRINK,-,FN
continuous_0584_S7_strategy2.npz,534-661,RELATIONSHIPS,-,FN
continuous_0584_S7_strategy2.npz,787-914,COLOR,-,FN
continuous_0585_S7_strategy2.npz,0-231,NUMBER,NUMBER,TP
continuous_0585_S7_strategy2.npz,231-463,RELATIONSHIPS,RELATIONSHIPS,TP
continuous_0585_S7_strategy2.npz,463-579,COLOR,COLOR,TP
continuous_0585_S7_strategy2.npz,579-696,DRINK,DRINK,TP
continuous_0585_S7_strategy2.npz,696-927,FAMILY,FAMILY,TP
continuous_0585_S7_strategy2.npz,266-393,DAYS,-,FN
continuous_0585_S7_strategy2.npz,774-925,CALENDAR,-,FN
continuous_0586_S7_strategy2.npz,0-129,COLOR,COLOR,TP
continuous_0586_S7_strategy2.npz,129-258,COLOR,COLOR,TP
continuous_0586_S7_strategy2.npz,258-387,RELATIONSHIPS,RELATIONSHIPS,TP
continuous_0586_S7_strategy2.npz,387-646,NUMBER,NUMBER,TP
continuous_0586_S7_strategy2.npz,646-777,-,COLOR,FP
continuous_0586_S7_strategy2.npz,777-906,-,FAMILY,FP
continuous_0586_S7_strategy2.npz,523-651,COLOR,-,FN
continuous_0586_S7_strategy2.npz,651-778,FAMILY,-,FN
continuous_0586_S7_strategy2.npz,778-905,CALENDAR,-,FN
continuous_0587_S7_strategy2.npz,100-201,-,CALENDAR,FP
continuous_0587_S7_strategy2.npz,201-303,-,CALENDAR,FP
continuous_0587_S7_strategy2.npz,303-606,COLOR,COLOR,TP
continuous_0587_S7_strategy2.npz,606-706,FAMILY,FAMILY,TP
continuous_0587_S7_strategy2.npz,706-807,-,CALENDAR,FP
continuous_0587_S7_strategy2.npz,807-909,DRINK,FOOD,FP
continuous_0587_S7_strategy2.npz,0-129,CALENDAR,-,FN
continuous_0587_S7_strategy2.npz,129-253,CALENDAR,-,FN
continuous_0587_S7_strategy2.npz,380-526,CALENDAR,-,FN
continuous_0587_S7_strategy2.npz,653-779,CALENDAR,-,FN
continuous_0587_S7_strategy2.npz,779-907,DRINK,FOOD,FN
continuous_0588_S7_strategy2.npz,122-246,COLOR,COLOR,TP
continuous_0588_S7_strategy2.npz,246-370,COLOR,COLOR,TP
continuous_0588_S7_strategy2.npz,370-495,-,RELATIONSHIPS,FP
continuous_0588_S7_strategy2.npz,495-742,-,CALENDAR,FP
continuous_0588_S7_strategy2.npz,742-867,CALENDAR,CALENDAR,TP
continuous_0588_S7_strategy2.npz,867-990,CALENDAR,CALENDAR,TP
continuous_0588_S7_strategy2.npz,0-145,CALENDAR,-,FN
continuous_0588_S7_strategy2.npz,400-548,CALENDAR,-,FN
continuous_0588_S7_strategy2.npz,548-697,CALENDAR,-,FN
continuous_0589_S7_strategy2.npz,0-148,RELATIONSHIPS,RELATIONSHIPS,TP
continuous_0589_S7_strategy2.npz,148-297,COLOR,COLOR,TP
continuous_0589_S7_strategy2.npz,297-447,RELATIONSHIPS,FAMILY,FP
continuous_0589_S7_strategy2.npz,447-595,COLOR,COLOR,TP
continuous_0589_S7_strategy2.npz,595-744,RELATIONSHIPS,RELATIONSHIPS,TP
continuous_0589_S7_strategy2.npz,744-894,FAMILY,COLOR,FP
continuous_0589_S7_strategy2.npz,637-765,COLOR,-,FN
continuous_0589_S7_strategy2.npz,254-382,RELATIONSHIPS,FAMILY,FN
continuous_0589_S7_strategy2.npz,765-893,FAMILY,COLOR,FN
continuous_0590_S7_strategy2.npz,0-129,FAMILY,FAMILY,TP
continuous_0590_S7_strategy2.npz,129-261,-,FAMILY,FP
continuous_0590_S7_strategy2.npz,261-390,COLOR,FOOD,FP
continuous_0590_S7_strategy2.npz,390-651,RELATIONSHIPS,COLOR,FP
continuous_0590_S7_strategy2.npz,651-783,-,FAMILY,FP
continuous_0590_S7_strategy2.npz,783-913,-,CALENDAR,FP
continuous_0590_S7_strategy2.npz,128-255,COLOR,-,FN
continuous_0590_S7_strategy2.npz,508-636,FAMILY,-,FN
continuous_0590_S7_strategy2.npz,636-784,CALENDAR,-,FN
continuous_0590_S7_strategy2.npz,784-912,COLOR,-,FN
continuous_0590_S7_strategy2.npz,255-380,COLOR,FOOD,FN
continuous_0590_S7_strategy2.npz,380-508,RELATIONSHIPS,COLOR,FN
continuous_0591_S7_strategy2.npz,474-592,RELATIONSHIPS,RELATIONSHIPS,TP
continuous_0591_S7_strategy2.npz,592-711,CALENDAR,CALENDAR,TP
continuous_0591_S7_strategy2.npz,711-829,COLOR,FAMILY,FP
continuous_0591_S7_strategy2.npz,829-948,-,CALENDAR,FP
continuous_0591_S7_strategy2.npz,0-126,COLOR,-,FN
continuous_0591_S7_strategy2.npz,126-277,CALENDAR,-,FN
continuous_0591_S7_strategy2.npz,277-402,CALENDAR,-,FN
continuous_0591_S7_strategy2.npz,798-946,CALENDAR,-,FN
continuous_0591_S7_strategy2.npz,670-798,COLOR,FAMILY,FN
continuous_0592_S7_strategy2.npz,0-114,COLOR,COLOR,TP
continuous_0592_S7_strategy2.npz,114-345,COLOR,COLOR,TP
continuous_0592_S7_strategy2.npz,345-459,COLOR,COLOR,TP
continuous_0592_S7_strategy2.npz,459-690,COLOR,FOOD,FP
continuous_0592_S7_strategy2.npz,690-804,CALENDAR,CALENDAR,TP
continuous_0592_S7_strategy2.npz,804-921,COLOR,FOOD,FP
continuous_0592_S7_strategy2.npz,383-522,CALENDAR,-,FN
continuous_0592_S7_strategy2.npz,522-650,COLOR,FOOD,FN
continuous_0592_S7_strategy2.npz,792-919,COLOR,FOOD,FN
continuous_0593_S7_strategy2.npz,0-150,COLOR,COLOR,TP
continuous_0593_S7_strategy2.npz,150-300,-,COLOR,FP
continuous_0593_S7_strategy2.npz,300-753,COLOR,COLOR,TP
continuous_0593_S7_strategy2.npz,753-904,DRINK,COLOR,FP
continuous_0593_S7_strategy2.npz,126-254,COLOR,-,FN
continuous_0593_S7_strategy2.npz,254-382,COLOR,-,FN
continuous_0593_S7_strategy2.npz,510-651,CALENDAR,-,FN
continuous_0593_S7_strategy2.npz,651-776,COLOR,-,FN
continuous_0593_S7_strategy2.npz,776-903,DRINK,COLOR,FN
continuous_0594_S7_strategy2.npz,0-399,FAMILY,FAMILY,TP
continuous_0594_S7_strategy2.npz,0-127,COLOR,-,FN
continuous_0594_S7_strategy2.npz,255-397,CALENDAR,-,FN
continuous_0595_S7_strategy2.npz,0-141,CALENDAR,-,FN
