File Name,Frame Range,Ground Truth Gloss/Category,Predicted Gloss/Category,Match Status
continuous_0001_S0_strategy2.npz,0-103,MONDAY,MONDAY,TP
continuous_0001_S0_strategy2.npz,103-208,NO,NO,TP
continuous_0001_S0_strategy2.npz,208-312,THANK YOU,THANK YOU,TP
continuous_0001_S0_strategy2.npz,312-522,PARENTS,PARENTS,TP
continuous_0001_S0_strategy2.npz,522-627,BEER,BEER,TP
continuous_0001_S0_strategy2.npz,627-732,BOY,BOY,TP
continuous_0002_S0_strategy2.npz,0-145,COLD,COLD,TP
continuous_0002_S0_strategy2.npz,145-291,SEVEN,SEVEN,TP
continuous_0002_S0_strategy2.npz,291-438,GRANDFATHER,GRANDFATHER,TP
continuous_0002_S0_strategy2.npz,438-511,JANUARY,JANUARY,TP
continuous_0002_S0_strategy2.npz,511-585,LIGHT,LIGHT,TP
continuous_0002_S0_strategy2.npz,585-657,-,NO,FP
continuous_0002_S0_strategy2.npz,657-732,TOMORROW,TOMORROW,TP
continuous_0003_S0_strategy2.npz,0-121,APRIL,APRIL,TP
continuous_0003_S0_strategy2.npz,121-243,SHRIMP,SHRIMP,TP
continuous_0003_S0_strategy2.npz,243-366,CORRECT,CORRECT,TP
continuous_0003_S0_strategy2.npz,366-487,YELLOW,YELLOW,TP
continuous_0003_S0_strategy2.npz,487-609,COUSIN,COUSIN,TP
continuous_0003_S0_strategy2.npz,609-732,SUNDAY,SUNDAY,TP
continuous_0004_S0_strategy2.npz,0-103,SLOW,SLOW,TP
continuous_0004_S0_strategy2.npz,103-208,-,APRIL,FP
continuous_0004_S0_strategy2.npz,208-312,NOVEMBER,NOVEMBER,TP
continuous_0004_S0_strategy2.npz,312-417,WEDNESDAY,WEDNESDAY,TP
continuous_0004_S0_strategy2.npz,417-522,ORANGE,ORANGE,TP
continuous_0004_S0_strategy2.npz,522-627,FATHER,FATHER,TP
continuous_0004_S0_strategy2.npz,627-732,BLIND,BLIND,TP
continuous_0005_S0_strategy2.npz,0-76,SEVEN,SEVEN,TP
continuous_0005_S0_strategy2.npz,76-231,KNOW,KNOW,TP
continuous_0005_S0_strategy2.npz,231-387,SATURDAY,SATURDAY,TP
continuous_0005_S0_strategy2.npz,387-465,WINE,WINE,TP
continuous_0005_S0_strategy2.npz,465-543,DAUGHTER,DAUGHTER,TP
continuous_0005_S0_strategy2.npz,543-621,-,AUGUST,FP
continuous_0005_S0_strategy2.npz,621-775,-,FEBRUARY,FP
continuous_0005_S0_strategy2.npz,775-853,CHICKEN,CHICKEN,TP
continuous_0005_S0_strategy2.npz,604-725,AUGUST,-,FN
continuous_0006_S0_strategy2.npz,0-141,SON,SON,TP
continuous_0006_S0_strategy2.npz,141-283,JULY,JULY,TP
continuous_0006_S0_strategy2.npz,283-426,BEER,BEER,TP
continuous_0006_S0_strategy2.npz,426-498,FISH,FISH,TP
continuous_0006_S0_strategy2.npz,498-568,FAST,FAST,TP
continuous_0006_S0_strategy2.npz,568-639,-,MILK,FP
continuous_0006_S0_strategy2.npz,639-781,WOMAN,WOMAN,TP
continuous_0006_S0_strategy2.npz,781-853,VIOLET,VIOLET,TP
continuous_0007_S0_strategy2.npz,0-121,MAN,MAN,TP
continuous_0007_S0_strategy2.npz,121-243,AUNTIE,AUNTIE,TP
continuous_0007_S0_strategy2.npz,243-366,COFFEE,COFFEE,TP
continuous_0007_S0_strategy2.npz,366-487,GREEN,GREEN,TP
continuous_0007_S0_strategy2.npz,487-609,FIVE,FIVE,TP
continuous_0007_S0_strategy2.npz,609-732,YESTERDAY,YESTERDAY,TP
continuous_0008_S0_strategy2.npz,0-66,WEELCHAIR PERSON,WEELCHAIR PERSON,TP
continuous_0008_S0_strategy2.npz,66-265,AUGUST,AUGUST,TP
continuous_0008_S0_strategy2.npz,265-399,THURSDAY,THURSDAY,TP
continuous_0008_S0_strategy2.npz,399-531,DON’T UNDERSTAND,DON’T UNDERSTAND,TP
continuous_0008_S0_strategy2.npz,531-664,GRAY,GRAY,TP
continuous_0008_S0_strategy2.npz,664-732,NICE TO MEET YOU,NICE TO MEET YOU,TP
continuous_0009_S0_strategy2.npz,0-169,RICE,RICE,TP
continuous_0009_S0_strategy2.npz,169-255,THREE,THREE,TP
continuous_0009_S0_strategy2.npz,255-340,RED,RED,TP
continuous_0009_S0_strategy2.npz,340-511,MAY,MAY,TP
continuous_0009_S0_strategy2.npz,511-597,PARENTS,PARENTS,TP
continuous_0009_S0_strategy2.npz,597-768,JUICE,JUICE,TP
continuous_0009_S0_strategy2.npz,768-853,GIRL,GIRL,TP
continuous_0010_S0_strategy2.npz,0-72,THANK YOU,THANK YOU,TP
continuous_0010_S0_strategy2.npz,72-145,-,EGG,FP
continuous_0010_S0_strategy2.npz,145-291,BOY,BOY,TP
continuous_0010_S0_strategy2.npz,291-438,UNCLE,UNCLE,TP
continuous_0010_S0_strategy2.npz,438-585,TEN,TEN,TP
continuous_0010_S0_strategy2.npz,585-657,HOT,HOT,TP
continuous_0010_S0_strategy2.npz,657-732,BROWN,BROWN,TP
continuous_0011_S0_strategy2.npz,0-76,DEAF BLIND,DEAF BLIND,TP
continuous_0011_S0_strategy2.npz,76-154,-,SEE YOU TOMORROW,FP
continuous_0011_S0_strategy2.npz,154-231,HOW ARE YOU,HOW ARE YOU,TP
continuous_0011_S0_strategy2.npz,231-309,MOTHER,MOTHER,TP
continuous_0011_S0_strategy2.npz,309-465,BLACK,BLACK,TP
continuous_0011_S0_strategy2.npz,465-621,NO SUGAR,NO SUGAR,TP
continuous_0011_S0_strategy2.npz,621-697,TWO,TWO,TP
continuous_0011_S0_strategy2.npz,697-775,-,MARRIED,FP
continuous_0011_S0_strategy2.npz,775-853,MEAT,MEAT,TP
continuous_0012_S0_strategy2.npz,0-207,TUESDAY,TUESDAY,TP
continuous_0012_S0_strategy2.npz,207-312,DECEMBER,DECEMBER,TP
continuous_0012_S0_strategy2.npz,312-417,VIOLET,VIOLET,TP
continuous_0012_S0_strategy2.npz,417-522,HELLO,HELLO,TP
continuous_0012_S0_strategy2.npz,522-625,SUGAR,SUGAR,TP
continuous_0012_S0_strategy2.npz,625-730,COUSIN,COUSIN,TP
continuous_0013_S0_strategy2.npz,0-145,MILK,MILK,TP
continuous_0013_S0_strategy2.npz,145-219,-,RED,FP
continuous_0013_S0_strategy2.npz,219-291,SPAGHETTI,SPAGHETTI,TP
continuous_0013_S0_strategy2.npz,291-366,MAY,MAY,TP
continuous_0013_S0_strategy2.npz,366-438,-,TEN,FP
continuous_0013_S0_strategy2.npz,438-511,GOOD MORNING,GOOD MORNING,TP
continuous_0013_S0_strategy2.npz,511-585,-,THREE,FP
continuous_0013_S0_strategy2.npz,585-657,DON’T UNDERSTAND,DON’T UNDERSTAND,TP
continuous_0013_S0_strategy2.npz,657-732,HARD OF HEARING,HARD OF HEARING,TP
continuous_0014_S0_strategy2.npz,0-90,DON’T KNOW,DON’T KNOW,TP
continuous_0014_S0_strategy2.npz,90-183,EIGHT,EIGHT,TP
continuous_0014_S0_strategy2.npz,183-273,-,MARRIED,FP
continuous_0014_S0_strategy2.npz,273-366,-,IM FINE,FP
continuous_0014_S0_strategy2.npz,366-456,-,GRANDMOTHER,FP
continuous_0014_S0_strategy2.npz,456-639,MONDAY,MONDAY,TP
continuous_0014_S0_strategy2.npz,639-732,MARCH,MARCH,TP
continuous_0014_S0_strategy2.npz,241-362,MARRIED,-,FN
continuous_0014_S0_strategy2.npz,362-483,IM FINE,-,FN
continuous_0015_S0_strategy2.npz,0-81,TEA,TEA,TP
continuous_0015_S0_strategy2.npz,81-162,DEAF,DEAF,TP
continuous_0015_S0_strategy2.npz,162-243,-,FAST,FP
continuous_0015_S0_strategy2.npz,243-405,OCTOBER,OCTOBER,TP
continuous_0015_S0_strategy2.npz,405-568,TODAY,TODAY,TP
continuous_0015_S0_strategy2.npz,568-649,BLUE,BLUE,TP
continuous_0015_S0_strategy2.npz,649-732,GRANDMOTHER,GRANDMOTHER,TP
continuous_0016_S0_strategy2.npz,0-93,TWO,TWO,TP
continuous_0016_S0_strategy2.npz,93-189,-,SUNDAY,FP
continuous_0016_S0_strategy2.npz,189-283,-,FEBRUARY,FP
continuous_0016_S0_strategy2.npz,283-474,JUNE,JUNE,TP
continuous_0016_S0_strategy2.npz,474-568,COLD,COLD,TP
continuous_0016_S0_strategy2.npz,568-663,YOURE WELCOME,YOURE WELCOME,TP
continuous_0016_S0_strategy2.npz,663-759,WRONG,WRONG,TP
continuous_0016_S0_strategy2.npz,759-853,PINK,PINK,TP
continuous_0016_S0_strategy2.npz,120-241,SUNDAY,-,FN
continuous_0017_S0_strategy2.npz,0-145,SIX,SIX,TP
continuous_0017_S0_strategy2.npz,145-291,DARK,DARK,TP
continuous_0017_S0_strategy2.npz,291-438,FRIDAY,FRIDAY,TP
continuous_0017_S0_strategy2.npz,438-511,UNDERSTAND,UNDERSTAND,TP
continuous_0017_S0_strategy2.npz,511-585,SEPTEMBER,SEPTEMBER,TP
continuous_0017_S0_strategy2.npz,585-657,-,TEN,FP
continuous_0017_S0_strategy2.npz,657-732,GOOD EVENING,GOOD EVENING,TP
continuous_0018_S0_strategy2.npz,0-169,EIGHT,EIGHT,TP
continuous_0018_S0_strategy2.npz,169-255,BREAD,BREAD,TP
continuous_0018_S0_strategy2.npz,255-426,WHITE,WHITE,TP
continuous_0018_S0_strategy2.npz,426-597,GOOD AFTERNOON,GOOD AFTERNOON,TP
continuous_0018_S0_strategy2.npz,597-682,-,CORRECT,FP
continuous_0018_S0_strategy2.npz,682-768,HOT,HOT,TP
continuous_0018_S0_strategy2.npz,768-853,JULY,JULY,TP
continuous_0018_S0_strategy2.npz,483-604,CORRECT,-,FN
continuous_0019_S0_strategy2.npz,0-145,YES,YES,TP
continuous_0019_S0_strategy2.npz,145-291,EGG,EGG,TP
continuous_0019_S0_strategy2.npz,291-438,GOOD EVENING,GOOD EVENING,TP
continuous_0019_S0_strategy2.npz,438-511,FEBRUARY,FEBRUARY,TP
continuous_0019_S0_strategy2.npz,511-657,FOUR,FOUR,TP
continuous_0019_S0_strategy2.npz,657-732,GRAY,GRAY,TP
continuous_0020_S0_strategy2.npz,0-70,ONE,ONE,TP
continuous_0020_S0_strategy2.npz,70-141,-,WINE,FP
continuous_0020_S0_strategy2.npz,141-213,SEE YOU TOMORROW,SEE YOU TOMORROW,TP
continuous_0020_S0_strategy2.npz,213-354,YES,YES,TP
continuous_0020_S0_strategy2.npz,354-496,CRAB,CRAB,TP
continuous_0020_S0_strategy2.npz,496-639,DECEMBER,DECEMBER,TP
continuous_0020_S0_strategy2.npz,639-780,NINE,NINE,TP
continuous_0020_S0_strategy2.npz,780-852,LONGANISA,LONGANISA,TP
continuous_0021_S0_strategy2.npz,0-162,FAST,FAST,TP
continuous_0021_S0_strategy2.npz,162-243,HELLO,HELLO,TP
continuous_0022_S0_strategy2.npz,0-121,NICE TO MEET YOU,NICE TO MEET YOU,TP
continuous_0023_S1_strategy2.npz,0-81,WEDNESDAY,WEDNESDAY,TP
continuous_0023_S1_strategy2.npz,81-162,-,DON’T UNDERSTAND,FP
continuous_0023_S1_strategy2.npz,162-324,TEN,TEN,TP
continuous_0023_S1_strategy2.npz,324-487,HOW ARE YOU,HOW ARE YOU,TP
continuous_0023_S1_strategy2.npz,487-568,SON,SON,TP
continuous_0023_S1_strategy2.npz,568-649,-,HARD OF HEARING,FP
continuous_0023_S1_strategy2.npz,649-732,WINE,WINE,TP
continuous_0023_S1_strategy2.npz,120-241,DON’T UNDERSTAND,-,FN
continuous_0024_S1_strategy2.npz,0-154,GRANDMOTHER,GRANDMOTHER,TP
continuous_0024_S1_strategy2.npz,154-231,GOOD AFTERNOON,GOOD AFTERNOON,TP
continuous_0024_S1_strategy2.npz,231-309,HOT,HOT,TP
continuous_0024_S1_strategy2.npz,309-465,DARK,DARK,TP
continuous_0024_S1_strategy2.npz,465-621,WOMAN,WOMAN,TP
continuous_0024_S1_strategy2.npz,621-775,YES,YES,TP
continuous_0024_S1_strategy2.npz,775-853,JUNE,JUNE,TP
continuous_0025_S1_strategy2.npz,0-145,HELLO,HELLO,TP
continuous_0025_S1_strategy2.npz,145-219,LONGANISA,LONGANISA,TP
continuous_0025_S1_strategy2.npz,219-291,HARD OF HEARING,HARD OF HEARING,TP
continuous_0025_S1_strategy2.npz,291-366,-,MARCH,FP
continuous_0025_S1_strategy2.npz,366-438,JULY,JULY,TP
continuous_0025_S1_strategy2.npz,438-511,-,DECEMBER,FP
continuous_0025_S1_strategy2.npz,511-657,SIX,SIX,TP
continuous_0025_S1_strategy2.npz,657-732,DON’T KNOW,DON’T KNOW,TP
continuous_0026_S1_strategy2.npz,0-121,UNCLE,UNCLE,TP
continuous_0026_S1_strategy2.npz,121-243,BEER,BEER,TP
continuous_0026_S1_strategy2.npz,243-366,MARCH,MARCH,TP
continuous_0026_S1_strategy2.npz,366-487,EGG,EGG,TP
continuous_0026_S1_strategy2.npz,487-609,HARD OF HEARING,HARD OF HEARING,TP
continuous_0026_S1_strategy2.npz,609-732,SATURDAY,SATURDAY,TP
continuous_0026_S1_strategy2.npz,732-853,ONE,ONE,TP
continuous_0027_S1_strategy2.npz,0-72,COLD,COLD,TP
continuous_0027_S1_strategy2.npz,72-145,-,GREEN,FP
continuous_0027_S1_strategy2.npz,145-219,-,RED,FP
continuous_0027_S1_strategy2.npz,219-366,SPAGHETTI,SPAGHETTI,TP
continuous_0027_S1_strategy2.npz,366-438,FEBRUARY,FEBRUARY,TP
continuous_0027_S1_strategy2.npz,438-511,-,MAY,FP
continuous_0027_S1_strategy2.npz,511-657,FOUR,FOUR,TP
continuous_0027_S1_strategy2.npz,657-732,UNDERSTAND,UNDERSTAND,TP
continuous_0027_S1_strategy2.npz,120-241,GREEN,-,FN
continuous_0028_S1_strategy2.npz,0-84,SLOW,SLOW,TP
continuous_0028_S1_strategy2.npz,84-171,DARK,DARK,TP
continuous_0028_S1_strategy2.npz,171-255,-,BREAD,FP
continuous_0028_S1_strategy2.npz,255-342,-,BLIND,FP
continuous_0028_S1_strategy2.npz,342-426,-,SEE YOU TOMORROW,FP
continuous_0028_S1_strategy2.npz,426-597,AUNTIE,AUNTIE,TP
continuous_0028_S1_strategy2.npz,597-768,NICE TO MEET YOU,NICE TO MEET YOU,TP
continuous_0028_S1_strategy2.npz,768-855,COFFEE,COFFEE,TP
continuous_0028_S1_strategy2.npz,241-363,BREAD,-,FN
continuous_0028_S1_strategy2.npz,363-484,BLIND,-,FN
continuous_0029_S1_strategy2.npz,0-103,RICE,RICE,TP
continuous_0029_S1_strategy2.npz,103-208,MAN,MAN,TP
continuous_0029_S1_strategy2.npz,208-312,THREE,THREE,TP
continuous_0029_S1_strategy2.npz,312-417,BROWN,BROWN,TP
continuous_0029_S1_strategy2.npz,417-627,DAUGHTER,DAUGHTER,TP
continuous_0029_S1_strategy2.npz,627-732,OCTOBER,OCTOBER,TP
continuous_0030_S1_strategy2.npz,0-76,RED,RED,TP
continuous_0030_S1_strategy2.npz,76-387,WEELCHAIR PERSON,WEELCHAIR PERSON,TP
continuous_0030_S1_strategy2.npz,387-465,NINE,NINE,TP
continuous_0030_S1_strategy2.npz,465-621,MONDAY,MONDAY,TP
continuous_0030_S1_strategy2.npz,621-775,JUICE,JUICE,TP
continuous_0030_S1_strategy2.npz,775-853,GOOD MORNING,GOOD MORNING,TP
continuous_0030_S1_strategy2.npz,241-362,MAY,-,FN
continuous_0031_S1_strategy2.npz,0-93,NO,NO,TP
continuous_0031_S1_strategy2.npz,93-189,DECEMBER,DECEMBER,TP
continuous_0031_S1_strategy2.npz,189-283,-,SHRIMP,FP
continuous_0031_S1_strategy2.npz,283-378,-,BOY,FP
continuous_0031_S1_strategy2.npz,378-474,-,FIVE,FP
continuous_0031_S1_strategy2.npz,474-568,-,NO,FP
continuous_0031_S1_strategy2.npz,568-759,NO SUGAR,NO SUGAR,TP
continuous_0031_S1_strategy2.npz,759-853,LIGHT,LIGHT,TP
continuous_0031_S1_strategy2.npz,241-362,SHRIMP,-,FN
continuous_0031_S1_strategy2.npz,362-483,BOY,-,FN
continuous_0031_S1_strategy2.npz,483-604,FIVE,-,FN
continuous_0032_S1_strategy2.npz,0-213,HOW ARE YOU,HOW ARE YOU,TP
continuous_0032_S1_strategy2.npz,213-319,MOTHER,MOTHER,TP
continuous_0032_S1_strategy2.npz,319-426,TEA,TEA,TP
continuous_0032_S1_strategy2.npz,426-532,DECEMBER,DECEMBER,TP
continuous_0032_S1_strategy2.npz,532-639,GIRL,GIRL,TP
continuous_0032_S1_strategy2.npz,639-747,EIGHT,EIGHT,TP
continuous_0032_S1_strategy2.npz,747-853,DON’T UNDERSTAND,DON’T UNDERSTAND,TP
continuous_0033_S1_strategy2.npz,0-72,BOY,BOY,TP
continuous_0033_S1_strategy2.npz,72-219,TUESDAY,TUESDAY,TP
continuous_0033_S1_strategy2.npz,219-366,FOUR,FOUR,TP
continuous_0033_S1_strategy2.npz,366-438,SUGAR,SUGAR,TP
continuous_0033_S1_strategy2.npz,438-513,-,GOOD AFTERNOON,FP
continuous_0033_S1_strategy2.npz,513-658,GOOD EVENING,GOOD EVENING,TP
continuous_0033_S1_strategy2.npz,658-732,UNCLE,UNCLE,TP
continuous_0034_S1_strategy2.npz,0-64,THANK YOU,THANK YOU,TP
continuous_0034_S1_strategy2.npz,64-130,-,DON’T KNOW,FP
continuous_0034_S1_strategy2.npz,130-261,SUNDAY,SUNDAY,TP
continuous_0034_S1_strategy2.npz,261-393,DEAF,DEAF,TP
continuous_0034_S1_strategy2.npz,393-525,SIX,SIX,TP
continuous_0034_S1_strategy2.npz,525-591,WRONG,WRONG,TP
continuous_0034_S1_strategy2.npz,591-655,-,SPAGHETTI,FP
continuous_0034_S1_strategy2.npz,655-787,SHRIMP,SHRIMP,TP
continuous_0034_S1_strategy2.npz,787-853,GRANDFATHER,GRANDFATHER,TP
continuous_0035_S1_strategy2.npz,0-103,TOMORROW,TOMORROW,TP
continuous_0035_S1_strategy2.npz,103-208,KNOW,KNOW,TP
continuous_0035_S1_strategy2.npz,208-312,IM FINE,IM FINE,TP
continuous_0035_S1_strategy2.npz,312-417,DEAF BLIND,DEAF BLIND,TP
continuous_0035_S1_strategy2.npz,417-522,-,HOT,FP
continuous_0035_S1_strategy2.npz,522-627,TWO,TWO,TP
continuous_0035_S1_strategy2.npz,627-732,BLACK,BLACK,TP
continuous_0036_S1_strategy2.npz,0-90,GRANDMOTHER,GRANDMOTHER,TP
continuous_0036_S1_strategy2.npz,90-273,MARRIED,MARRIED,TP
continuous_0036_S1_strategy2.npz,273-366,CORRECT,CORRECT,TP
continuous_0036_S1_strategy2.npz,366-456,MILK,MILK,TP
continuous_0036_S1_strategy2.npz,456-639,JANUARY,JANUARY,TP
continuous_0036_S1_strategy2.npz,639-732,TODAY,TODAY,TP
continuous_0037_S1_strategy2.npz,0-76,MEAT,MEAT,TP
continuous_0037_S1_strategy2.npz,76-154,-,AUNTIE,FP
continuous_0037_S1_strategy2.npz,154-231,FAST,FAST,TP
continuous_0037_S1_strategy2.npz,231-309,SUGAR,SUGAR,TP
continuous_0037_S1_strategy2.npz,309-465,YELLOW,YELLOW,TP
continuous_0037_S1_strategy2.npz,465-621,FATHER,FATHER,TP
continuous_0037_S1_strategy2.npz,621-775,SEPTEMBER,SEPTEMBER,TP
continuous_0037_S1_strategy2.npz,775-853,THURSDAY,THURSDAY,TP
continuous_0038_S1_strategy2.npz,0-90,COUSIN,COUSIN,TP
continuous_0038_S1_strategy2.npz,90-181,FAST,FAST,TP
continuous_0038_S1_strategy2.npz,181-273,-,CHICKEN,FP
continuous_0038_S1_strategy2.npz,273-364,-,NICE TO MEET YOU,FP
continuous_0038_S1_strategy2.npz,364-456,-,MAY,FP
continuous_0038_S1_strategy2.npz,456-547,APRIL,APRIL,TP
continuous_0038_S1_strategy2.npz,547-639,-,HOT,FP
continuous_0038_S1_strategy2.npz,639-730,YESTERDAY,YESTERDAY,TP
continuous_0038_S1_strategy2.npz,241-362,CHICKEN,-,FN
continuous_0038_S1_strategy2.npz,362-483,NICE TO MEET YOU,-,FN
continuous_0039_S1_strategy2.npz,0-141,CRAB,CRAB,TP
continuous_0039_S1_strategy2.npz,141-354,SEE YOU TOMORROW,SEE YOU TOMORROW,TP
continuous_0039_S1_strategy2.npz,354-426,-,YOURE WELCOME,FP
continuous_0039_S1_strategy2.npz,426-496,-,BROWN,FP
continuous_0039_S1_strategy2.npz,496-567,FISH,FISH,TP
continuous_0039_S1_strategy2.npz,567-639,-,WHITE,FP
continuous_0039_S1_strategy2.npz,639-709,VIOLET,VIOLET,TP
continuous_0039_S1_strategy2.npz,709-780,-,FEBRUARY,FP
continuous_0039_S1_strategy2.npz,780-852,AUGUST,AUGUST,TP
continuous_0039_S1_strategy2.npz,240-361,YOURE WELCOME,-,FN
continuous_0039_S1_strategy2.npz,361-482,BROWN,-,FN
continuous_0040_S1_strategy2.npz,0-93,PINK,PINK,TP
continuous_0040_S1_strategy2.npz,93-283,APRIL,APRIL,TP
continuous_0040_S1_strategy2.npz,283-378,FRIDAY,FRIDAY,TP
continuous_0040_S1_strategy2.npz,378-474,-,FIVE,FP
continuous_0040_S1_strategy2.npz,474-568,ORANGE,ORANGE,TP
continuous_0040_S1_strategy2.npz,568-663,UNCLE,UNCLE,TP
continuous_0040_S1_strategy2.npz,663-759,SON,SON,TP
continuous_0040_S1_strategy2.npz,759-853,WHITE,WHITE,TP
continuous_0041_S1_strategy2.npz,0-121,NOVEMBER,NOVEMBER,TP
continuous_0041_S1_strategy2.npz,121-243,BLUE,BLUE,TP
continuous_0042_S1_strategy2.npz,0-121,GRAY,GRAY,TP
continuous_0043_S2_strategy2.npz,0-189,GOOD EVENING,GOOD EVENING,TP
continuous_0043_S2_strategy2.npz,189-378,SIX,SIX,TP
continuous_0043_S2_strategy2.npz,378-472,-,FAST,FP
continuous_0043_S2_strategy2.npz,472-567,FEBRUARY,FEBRUARY,TP
continuous_0043_S2_strategy2.npz,567-663,TEA,TEA,TP
continuous_0043_S2_strategy2.npz,663-757,DARK,DARK,TP
continuous_0043_S2_strategy2.npz,757-852,DEAF BLIND,DEAF BLIND,TP
continuous_0043_S2_strategy2.npz,241-361,FAST,-,FN
continuous_0044_S2_strategy2.npz,0-162,COLD,COLD,TP
continuous_0044_S2_strategy2.npz,162-243,KNOW,KNOW,TP
continuous_0044_S2_strategy2.npz,243-324,SON,SON,TP
continuous_0044_S2_strategy2.npz,324-487,PINK,PINK,TP
continuous_0044_S2_strategy2.npz,487-649,GOOD AFTERNOON,GOOD AFTERNOON,TP
continuous_0044_S2_strategy2.npz,649-732,BOY,BOY,TP
continuous_0045_S2_strategy2.npz,0-84,SUGAR,SUGAR,TP
continuous_0045_S2_strategy2.npz,84-169,GOOD MORNING,GOOD MORNING,TP
continuous_0045_S2_strategy2.npz,169-340,WOMAN,WOMAN,TP
continuous_0045_S2_strategy2.npz,340-426,-,THREE,FP
continuous_0045_S2_strategy2.npz,426-511,FIVE,FIVE,TP
continuous_0045_S2_strategy2.npz,511-597,DECEMBER,DECEMBER,TP
continuous_0045_S2_strategy2.npz,597-768,LIGHT,LIGHT,TP
continuous_0045_S2_strategy2.npz,768-853,KNOW,KNOW,TP
continuous_0046_S2_strategy2.npz,0-103,GOOD AFTERNOON,GOOD AFTERNOON,TP
continuous_0046_S2_strategy2.npz,103-208,NO,NO,TP
continuous_0046_S2_strategy2.npz,208-312,TUESDAY,TUESDAY,TP
continuous_0046_S2_strategy2.npz,312-417,-,MILK,FP
continuous_0046_S2_strategy2.npz,417-522,BEER,BEER,TP
continuous_0046_S2_strategy2.npz,522-627,EIGHT,EIGHT,TP
continuous_0046_S2_strategy2.npz,627-732,BLUE,BLUE,TP
continuous_0047_S2_strategy2.npz,0-84,PARENTS,PARENTS,TP
continuous_0047_S2_strategy2.npz,84-169,COFFEE,COFFEE,TP
continuous_0047_S2_strategy2.npz,169-340,RED,RED,TP
continuous_0047_S2_strategy2.npz,340-426,TEN,TEN,TP
continuous_0047_S2_strategy2.npz,426-511,-,DON’T KNOW,FP
continuous_0047_S2_strategy2.npz,511-597,-,NO SUGAR,FP
continuous_0047_S2_strategy2.npz,597-768,SEE YOU TOMORROW,SEE YOU TOMORROW,TP
continuous_0047_S2_strategy2.npz,768-853,MAN,MAN,TP
continuous_0047_S2_strategy2.npz,483-604,DON’T KNOW,-,FN
continuous_0048_S2_strategy2.npz,0-93,WRONG,WRONG,TP
continuous_0048_S2_strategy2.npz,93-189,SEPTEMBER,SEPTEMBER,TP
continuous_0048_S2_strategy2.npz,189-283,-,SUNDAY,FP
continuous_0048_S2_strategy2.npz,283-378,-,KNOW,FP
continuous_0048_S2_strategy2.npz,378-474,FATHER,FATHER,TP
continuous_0048_S2_strategy2.npz,474-568,BLIND,BLIND,TP
continuous_0048_S2_strategy2.npz,568-759,CHICKEN,CHICKEN,TP
continuous_0048_S2_strategy2.npz,759-853,HELLO,HELLO,TP
continuous_0048_S2_strategy2.npz,241-362,SUNDAY,-,FN
continuous_0049_S2_strategy2.npz,0-66,NOVEMBER,NOVEMBER,TP
continuous_0049_S2_strategy2.npz,66-132,-,HARD OF HEARING,FP
continuous_0049_S2_strategy2.npz,132-198,TWO,TWO,TP
continuous_0049_S2_strategy2.npz,198-399,MARRIED,MARRIED,TP
continuous_0049_S2_strategy2.npz,399-465,YESTERDAY,YESTERDAY,TP
continuous_0049_S2_strategy2.npz,465-531,-,NO SUGAR,FP
continuous_0049_S2_strategy2.npz,531-664,YOURE WELCOME,YOURE WELCOME,TP
continuous_0049_S2_strategy2.npz,664-732,PARENTS,PARENTS,TP
continuous_0050_S2_strategy2.npz,0-72,APRIL,APRIL,TP
continuous_0050_S2_strategy2.npz,72-145,-,SEPTEMBER,FP
continuous_0050_S2_strategy2.npz,145-219,DON’T UNDERSTAND,DON’T UNDERSTAND,TP
continuous_0050_S2_strategy2.npz,219-291,-,SON,FP
continuous_0050_S2_strategy2.npz,291-366,-,FRIDAY,FP
continuous_0050_S2_strategy2.npz,366-511,-,NINE,FP
continuous_0050_S2_strategy2.npz,511-657,THANK YOU,THANK YOU,TP
continuous_0050_S2_strategy2.npz,657-732,GREEN,GREEN,TP
continuous_0050_S2_strategy2.npz,241-362,SON,-,FN
continuous_0050_S2_strategy2.npz,362-483,FRIDAY,-,FN
continuous_0051_S2_strategy2.npz,0-105,WEELCHAIR PERSON,WEELCHAIR PERSON,TP
continuous_0051_S2_strategy2.npz,105-213,GRANDFATHER,GRANDFATHER,TP
continuous_0051_S2_strategy2.npz,213-319,FISH,FISH,TP
continuous_0051_S2_strategy2.npz,319-426,CORRECT,CORRECT,TP
continuous_0051_S2_strategy2.npz,426-639,HOW ARE YOU,HOW ARE YOU,TP
continuous_0051_S2_strategy2.npz,639-747,ORANGE,ORANGE,TP
continuous_0051_S2_strategy2.npz,747-853,WINE,WINE,TP
continuous_0052_S2_strategy2.npz,0-81,UNDERSTAND,UNDERSTAND,TP
continuous_0052_S2_strategy2.npz,81-243,DEAF,DEAF,TP
continuous_0052_S2_strategy2.npz,243-325,TOMORROW,TOMORROW,TP
continuous_0052_S2_strategy2.npz,325-406,-,JANUARY,FP
continuous_0052_S2_strategy2.npz,406-570,JUNE,JUNE,TP
continuous_0052_S2_strategy2.npz,570-651,-,HOT,FP
continuous_0052_S2_strategy2.npz,651-733,THREE,THREE,TP
continuous_0052_S2_strategy2.npz,484-606,HOT,-,FN
continuous_0053_S2_strategy2.npz,0-81,MILK,MILK,TP
continuous_0053_S2_strategy2.npz,81-162,-,FAST,FP
continuous_0053_S2_strategy2.npz,162-324,FEBRUARY,FEBRUARY,TP
continuous_0053_S2_strategy2.npz,324-405,-,MONDAY,FP
continuous_0053_S2_strategy2.npz,405-487,-,NO,FP
continuous_0053_S2_strategy2.npz,487-649,WHITE,WHITE,TP
continuous_0053_S2_strategy2.npz,649-732,GIRL,GIRL,TP
continuous_0053_S2_strategy2.npz,120-241,FAST,-,FN
continuous_0053_S2_strategy2.npz,362-483,MONDAY,-,FN
continuous_0054_S2_strategy2.npz,0-141,NO SUGAR,NO SUGAR,TP
continuous_0054_S2_strategy2.npz,141-285,OCTOBER,OCTOBER,TP
continuous_0054_S2_strategy2.npz,285-355,SEVEN,SEVEN,TP
continuous_0054_S2_strategy2.npz,355-498,BREAD,BREAD,TP
continuous_0054_S2_strategy2.npz,498-570,TODAY,TODAY,TP
continuous_0054_S2_strategy2.npz,570-640,-,MARRIED,FP
continuous_0054_S2_strategy2.npz,640-783,NICE TO MEET YOU,NICE TO MEET YOU,TP
continuous_0054_S2_strategy2.npz,783-855,DEAF,DEAF,TP
continuous_0055_S2_strategy2.npz,0-132,SPAGHETTI,SPAGHETTI,TP
continuous_0055_S2_strategy2.npz,132-198,GRANDMOTHER,GRANDMOTHER,TP
continuous_0055_S2_strategy2.npz,198-265,-,HARD OF HEARING,FP
continuous_0055_S2_strategy2.npz,265-331,ONE,ONE,TP
continuous_0055_S2_strategy2.npz,331-399,-,NO,FP
continuous_0055_S2_strategy2.npz,399-465,-,DEAF,FP
continuous_0055_S2_strategy2.npz,465-597,DEAF BLIND,DEAF BLIND,TP
continuous_0055_S2_strategy2.npz,597-664,NO,NO,TP
continuous_0055_S2_strategy2.npz,664-732,BROWN,BROWN,TP
continuous_0056_S2_strategy2.npz,0-84,HARD OF HEARING,HARD OF HEARING,TP
continuous_0056_S2_strategy2.npz,84-255,TWO,TWO,TP
continuous_0056_S2_strategy2.npz,255-426,AUGUST,AUGUST,TP
continuous_0056_S2_strategy2.npz,426-511,IM FINE,IM FINE,TP
continuous_0056_S2_strategy2.npz,511-597,GRAY,GRAY,TP
continuous_0056_S2_strategy2.npz,597-768,RICE,RICE,TP
continuous_0056_S2_strategy2.npz,768-853,UNCLE,UNCLE,TP
continuous_0057_S2_strategy2.npz,0-103,TOMORROW,TOMORROW,TP
continuous_0057_S2_strategy2.npz,103-208,WOMAN,WOMAN,TP
continuous_0057_S2_strategy2.npz,208-312,HOW ARE YOU,HOW ARE YOU,TP
continuous_0057_S2_strategy2.npz,312-417,NOVEMBER,NOVEMBER,TP
continuous_0057_S2_strategy2.npz,417-627,WRONG,WRONG,TP
continuous_0057_S2_strategy2.npz,627-732,AUNTIE,AUNTIE,TP
continuous_0058_S2_strategy2.npz,0-84,CORRECT,CORRECT,TP
continuous_0058_S2_strategy2.npz,84-169,-,JUICE,FP
continuous_0058_S2_strategy2.npz,169-340,SPAGHETTI,SPAGHETTI,TP
continuous_0058_S2_strategy2.npz,340-511,COUSIN,COUSIN,TP
continuous_0058_S2_strategy2.npz,511-597,BROWN,BROWN,TP
continuous_0058_S2_strategy2.npz,597-768,SATURDAY,SATURDAY,TP
continuous_0058_S2_strategy2.npz,768-853,MAY,MAY,TP
continuous_0058_S2_strategy2.npz,120-241,JUICE,-,FN
continuous_0059_S2_strategy2.npz,0-93,YES,YES,TP
continuous_0059_S2_strategy2.npz,93-189,THURSDAY,THURSDAY,TP
continuous_0059_S2_strategy2.npz,189-283,-,WINE,FP
continuous_0059_S2_strategy2.npz,283-378,-,BLACK,FP
continuous_0059_S2_strategy2.npz,378-474,-,EIGHT,FP
continuous_0059_S2_strategy2.npz,474-568,NINE,NINE,TP
continuous_0059_S2_strategy2.npz,568-759,JANUARY,JANUARY,TP
continuous_0059_S2_strategy2.npz,759-853,GRANDMOTHER,GRANDMOTHER,TP
continuous_0059_S2_strategy2.npz,241-362,WINE,-,FN
continuous_0059_S2_strategy2.npz,362-483,BLACK,-,FN
continuous_0060_S2_strategy2.npz,0-103,SLOW,SLOW,TP
continuous_0060_S2_strategy2.npz,103-208,VIOLET,VIOLET,TP
continuous_0060_S2_strategy2.npz,208-417,WEDNESDAY,WEDNESDAY,TP
continuous_0060_S2_strategy2.npz,417-522,MARCH,MARCH,TP
continuous_0060_S2_strategy2.npz,522-627,JUICE,JUICE,TP
continuous_0060_S2_strategy2.npz,627-732,DAUGHTER,DAUGHTER,TP
continuous_0061_S2_strategy2.npz,0-103,MOTHER,MOTHER,TP
continuous_0061_S2_strategy2.npz,103-208,MEAT,MEAT,TP
continuous_0061_S2_strategy2.npz,208-313,FOUR,FOUR,TP
continuous_0061_S2_strategy2.npz,313-522,JULY,JULY,TP
continuous_0061_S2_strategy2.npz,522-627,FRIDAY,FRIDAY,TP
continuous_0061_S2_strategy2.npz,627-732,BLUE,BLUE,TP
continuous_0062_S2_strategy2.npz,0-81,EGG,EGG,TP
continuous_0062_S2_strategy2.npz,81-162,-,SHRIMP,FP
continuous_0062_S2_strategy2.npz,162-243,-,MARRIED,FP
continuous_0062_S2_strategy2.npz,243-405,MEAT,MEAT,TP
continuous_0062_S2_strategy2.npz,405-487,LONGANISA,LONGANISA,TP
continuous_0062_S2_strategy2.npz,487-649,CRAB,CRAB,TP
continuous_0062_S2_strategy2.npz,649-732,YELLOW,YELLOW,TP
continuous_0062_S2_strategy2.npz,120-241,SHRIMP,-,FN
continuous_0063_S3_strategy2.npz,0-130,TODAY,TODAY,TP
continuous_0063_S3_strategy2.npz,130-261,DEAF,DEAF,TP
continuous_0063_S3_strategy2.npz,261-393,GRAY,GRAY,TP
continuous_0063_S3_strategy2.npz,393-523,AUGUST,AUGUST,TP
continuous_0063_S3_strategy2.npz,523-654,GOOD AFTERNOON,GOOD AFTERNOON,TP
continuous_0063_S3_strategy2.npz,654-786,FAST,FAST,TP
continuous_0063_S3_strategy2.npz,786-850,SHRIMP,SHRIMP,TP
continuous_0064_S3_strategy2.npz,0-93,GOOD EVENING,GOOD EVENING,TP
continuous_0064_S3_strategy2.npz,93-189,NO,NO,TP
continuous_0064_S3_strategy2.npz,189-283,-,TWO,FP
continuous_0064_S3_strategy2.npz,283-474,VIOLET,VIOLET,TP
continuous_0064_S3_strategy2.npz,474-663,NOVEMBER,NOVEMBER,TP
continuous_0064_S3_strategy2.npz,663-759,GRANDFATHER,GRANDFATHER,TP
continuous_0064_S3_strategy2.npz,759-853,NO SUGAR,NO SUGAR,TP
continuous_0064_S3_strategy2.npz,241-362,TWO,-,FN
continuous_0065_S3_strategy2.npz,0-132,HOT,HOT,TP
continuous_0065_S3_strategy2.npz,132-265,ORANGE,ORANGE,TP
continuous_0065_S3_strategy2.npz,265-333,DON’T UNDERSTAND,DON’T UNDERSTAND,TP
continuous_0065_S3_strategy2.npz,333-399,-,GIRL,FP
continuous_0065_S3_strategy2.npz,399-532,EIGHT,EIGHT,TP
continuous_0065_S3_strategy2.npz,532-598,SEE YOU TOMORROW,SEE YOU TOMORROW,TP
continuous_0065_S3_strategy2.npz,598-666,-,TEN,FP
continuous_0065_S3_strategy2.npz,666-732,DAUGHTER,DAUGHTER,TP
continuous_0066_S3_strategy2.npz,0-76,GRANDMOTHER,GRANDMOTHER,TP
continuous_0066_S3_strategy2.npz,76-231,FRIDAY,FRIDAY,TP
continuous_0066_S3_strategy2.npz,231-309,FIVE,FIVE,TP
continuous_0066_S3_strategy2.npz,309-465,GIRL,GIRL,TP
continuous_0066_S3_strategy2.npz,465-621,GOOD EVENING,GOOD EVENING,TP
continuous_0066_S3_strategy2.npz,621-775,UNDERSTAND,UNDERSTAND,TP
continuous_0066_S3_strategy2.npz,775-853,DARK,DARK,TP
continuous_0067_S3_strategy2.npz,0-70,RED,RED,TP
continuous_0067_S3_strategy2.npz,70-283,MEAT,MEAT,TP
continuous_0067_S3_strategy2.npz,283-354,MOTHER,MOTHER,TP
continuous_0067_S3_strategy2.npz,354-426,-,HOT,FP
continuous_0067_S3_strategy2.npz,426-496,YES,YES,TP
continuous_0067_S3_strategy2.npz,496-639,NICE TO MEET YOU,NICE TO MEET YOU,TP
continuous_0067_S3_strategy2.npz,639-780,WEELCHAIR PERSON,WEELCHAIR PERSON,TP
continuous_0067_S3_strategy2.npz,780-852,YESTERDAY,YESTERDAY,TP
continuous_0068_S3_strategy2.npz,0-76,YOURE WELCOME,YOURE WELCOME,TP
continuous_0068_S3_strategy2.npz,76-231,BREAD,BREAD,TP
continuous_0068_S3_strategy2.npz,231-309,SATURDAY,SATURDAY,TP
continuous_0068_S3_strategy2.npz,309-465,JULY,JULY,TP
continuous_0068_S3_strategy2.npz,465-541,BROWN,BROWN,TP
continuous_0068_S3_strategy2.npz,541-619,-,EGG,FP
continuous_0068_S3_strategy2.npz,619-774,BOY,BOY,TP
continuous_0068_S3_strategy2.npz,774-852,SIX,SIX,TP
continuous_0069_S3_strategy2.npz,0-153,COFFEE,COFFEE,TP
continuous_0069_S3_strategy2.npz,153-231,THANK YOU,THANK YOU,TP
continuous_0069_S3_strategy2.npz,231-309,SHRIMP,SHRIMP,TP
continuous_0069_S3_strategy2.npz,309-541,CORRECT,CORRECT,TP
continuous_0069_S3_strategy2.npz,541-618,NINE,NINE,TP
continuous_0069_S3_strategy2.npz,618-696,VIOLET,VIOLET,TP
continuous_0069_S3_strategy2.npz,696-774,-,FEBRUARY,FP
continuous_0069_S3_strategy2.npz,774-852,MARCH,MARCH,TP
continuous_0070_S3_strategy2.npz,0-76,DON’T KNOW,DON’T KNOW,TP
continuous_0070_S3_strategy2.npz,76-231,RICE,RICE,TP
continuous_0070_S3_strategy2.npz,231-309,BLACK,BLACK,TP
continuous_0070_S3_strategy2.npz,309-465,HELLO,HELLO,TP
continuous_0070_S3_strategy2.npz,465-621,THURSDAY,THURSDAY,TP
continuous_0070_S3_strategy2.npz,621-775,OCTOBER,OCTOBER,TP
continuous_0070_S3_strategy2.npz,775-853,HARD OF HEARING,HARD OF HEARING,TP
continuous_0071_S3_strategy2.npz,0-72,DEAF BLIND,DEAF BLIND,TP
continuous_0071_S3_strategy2.npz,72-145,-,FATHER,FP
continuous_0071_S3_strategy2.npz,145-219,PARENTS,PARENTS,TP
continuous_0071_S3_strategy2.npz,219-291,-,MOTHER,FP
continuous_0071_S3_strategy2.npz,291-438,SATURDAY,SATURDAY,TP
continuous_0071_S3_strategy2.npz,438-511,NOVEMBER,NOVEMBER,TP
continuous_0071_S3_strategy2.npz,511-585,MEAT,MEAT,TP
continuous_0071_S3_strategy2.npz,585-657,-,EGG,FP
continuous_0071_S3_strategy2.npz,657-732,BEER,BEER,TP
continuous_0072_S3_strategy2.npz,0-132,TUESDAY,TUESDAY,TP
continuous_0072_S3_strategy2.npz,132-265,SLOW,SLOW,TP
continuous_0072_S3_strategy2.npz,265-331,AUNTIE,AUNTIE,TP
continuous_0072_S3_strategy2.npz,331-399,-,MILK,FP
continuous_0072_S3_strategy2.npz,399-531,WOMAN,WOMAN,TP
continuous_0072_S3_strategy2.npz,531-597,FOUR,FOUR,TP
continuous_0072_S3_strategy2.npz,597-664,-,JANUARY,FP
continuous_0072_S3_strategy2.npz,664-732,AUGUST,AUGUST,TP
continuous_0073_S3_strategy2.npz,0-76,UNCLE,UNCLE,TP
continuous_0073_S3_strategy2.npz,76-154,-,TOMORROW,FP
continuous_0073_S3_strategy2.npz,154-231,-,APRIL,FP
continuous_0073_S3_strategy2.npz,231-387,DECEMBER,DECEMBER,TP
continuous_0073_S3_strategy2.npz,387-465,-,SPAGHETTI,FP
continuous_0073_S3_strategy2.npz,465-541,COLD,COLD,TP
continuous_0073_S3_strategy2.npz,541-696,THREE,THREE,TP
continuous_0073_S3_strategy2.npz,696-774,-,GRAY,FP
continuous_0073_S3_strategy2.npz,774-852,LONGANISA,LONGANISA,TP
continuous_0073_S3_strategy2.npz,120-240,TOMORROW,-,FN
continuous_0073_S3_strategy2.npz,603-724,GRAY,-,FN
continuous_0074_S3_strategy2.npz,0-154,CHICKEN,CHICKEN,TP
continuous_0074_S3_strategy2.npz,154-231,CORRECT,CORRECT,TP
continuous_0074_S3_strategy2.npz,231-309,-,HARD OF HEARING,FP
continuous_0074_S3_strategy2.npz,309-387,ONE,ONE,TP
continuous_0074_S3_strategy2.npz,387-465,MARRIED,MARRIED,TP
continuous_0074_S3_strategy2.npz,465-621,UNCLE,UNCLE,TP
continuous_0074_S3_strategy2.npz,621-775,MONDAY,MONDAY,TP
continuous_0074_S3_strategy2.npz,775-853,FEBRUARY,FEBRUARY,TP
continuous_0075_S3_strategy2.npz,0-154,SPAGHETTI,SPAGHETTI,TP
continuous_0075_S3_strategy2.npz,154-309,MAN,MAN,TP
continuous_0075_S3_strategy2.npz,309-387,GOOD MORNING,GOOD MORNING,TP
continuous_0075_S3_strategy2.npz,387-543,ONE,ONE,TP
continuous_0075_S3_strategy2.npz,543-621,GREEN,GREEN,TP
continuous_0075_S3_strategy2.npz,621-775,WEDNESDAY,WEDNESDAY,TP
continuous_0075_S3_strategy2.npz,775-853,MILK,MILK,TP
continuous_0076_S3_strategy2.npz,0-162,SUNDAY,SUNDAY,TP
continuous_0076_S3_strategy2.npz,162-243,KNOW,KNOW,TP
continuous_0076_S3_strategy2.npz,243-406,BLUE,BLUE,TP
continuous_0076_S3_strategy2.npz,406-570,SEVEN,SEVEN,TP
continuous_0076_S3_strategy2.npz,570-651,JUICE,JUICE,TP
continuous_0076_S3_strategy2.npz,651-732,BLIND,BLIND,TP
continuous_0077_S3_strategy2.npz,0-189,TEN,TEN,TP
continuous_0077_S3_strategy2.npz,189-283,KNOW,KNOW,TP
continuous_0077_S3_strategy2.npz,283-378,FISH,FISH,TP
continuous_0077_S3_strategy2.npz,378-474,WHITE,WHITE,TP
continuous_0077_S3_strategy2.npz,474-568,-,WOMAN,FP
continuous_0077_S3_strategy2.npz,568-663,COUSIN,COUSIN,TP
continuous_0077_S3_strategy2.npz,663-759,TEA,TEA,TP
continuous_0077_S3_strategy2.npz,759-853,APRIL,APRIL,TP
continuous_0078_S3_strategy2.npz,0-141,EGG,EGG,TP
continuous_0078_S3_strategy2.npz,141-283,SUGAR,SUGAR,TP
continuous_0078_S3_strategy2.npz,283-426,SEVEN,SEVEN,TP
continuous_0078_S3_strategy2.npz,426-498,SLOW,SLOW,TP
continuous_0078_S3_strategy2.npz,498-639,SON,SON,TP
continuous_0078_S3_strategy2.npz,639-781,JUNE,JUNE,TP
continuous_0078_S3_strategy2.npz,781-853,RED,RED,TP
continuous_0079_S3_strategy2.npz,0-90,WINE,WINE,TP
continuous_0079_S3_strategy2.npz,90-273,WRONG,WRONG,TP
continuous_0079_S3_strategy2.npz,273-366,GRANDMOTHER,GRANDMOTHER,TP
continuous_0079_S3_strategy2.npz,366-457,IM FINE,IM FINE,TP
continuous_0079_S3_strategy2.npz,457-549,JANUARY,JANUARY,TP
continuous_0079_S3_strategy2.npz,549-640,-,MOTHER,FP
continuous_0079_S3_strategy2.npz,640-732,PINK,PINK,TP
continuous_0080_S3_strategy2.npz,0-84,YES,YES,TP
continuous_0080_S3_strategy2.npz,84-169,COLD,COLD,TP
continuous_0080_S3_strategy2.npz,169-255,-,JULY,FP
continuous_0080_S3_strategy2.npz,255-340,MAY,MAY,TP
continuous_0080_S3_strategy2.npz,340-426,AUNTIE,AUNTIE,TP
continuous_0080_S3_strategy2.npz,426-597,CRAB,CRAB,TP
continuous_0080_S3_strategy2.npz,597-766,HOW ARE YOU,HOW ARE YOU,TP
continuous_0080_S3_strategy2.npz,766-852,WHITE,WHITE,TP
continuous_0081_S3_strategy2.npz,0-130,LIGHT,LIGHT,TP
continuous_0081_S3_strategy2.npz,130-261,PARENTS,PARENTS,TP
continuous_0081_S3_strategy2.npz,261-393,YELLOW,YELLOW,TP
continuous_0081_S3_strategy2.npz,393-459,FATHER,FATHER,TP
continuous_0081_S3_strategy2.npz,459-525,-,PARENTS,FP
continuous_0081_S3_strategy2.npz,525-655,MOTHER,MOTHER,TP
continuous_0081_S3_strategy2.npz,655-787,SEPTEMBER,SEPTEMBER,TP
continuous_0081_S3_strategy2.npz,787-853,COUSIN,COUSIN,TP
continuous_0082_S3_strategy2.npz,0-122,BLUE,BLUE,TP
continuous_0083_S3_strategy2.npz,0-121,GREEN,GREEN,TP
continuous_0084_S4_strategy2.npz,0-163,MAN,MAN,TP
continuous_0084_S4_strategy2.npz,163-328,GOOD AFTERNOON,GOOD AFTERNOON,TP
continuous_0084_S4_strategy2.npz,328-493,THREE,THREE,TP
continuous_0084_S4_strategy2.npz,493-576,MOTHER,MOTHER,TP
continuous_0084_S4_strategy2.npz,576-657,CRAB,CRAB,TP
continuous_0084_S4_strategy2.npz,657-822,BEER,BEER,TP
continuous_0084_S4_strategy2.npz,822-906,PINK,PINK,TP
continuous_0085_S4_strategy2.npz,0-75,NO,NO,TP
continuous_0085_S4_strategy2.npz,75-229,GRANDFATHER,GRANDFATHER,TP
continuous_0085_S4_strategy2.npz,229-306,CRAB,CRAB,TP
continuous_0085_S4_strategy2.npz,306-384,-,ONE,FP
continuous_0085_S4_strategy2.npz,384-537,TWO,TWO,TP
continuous_0085_S4_strategy2.npz,537-691,GOOD AFTERNOON,GOOD AFTERNOON,TP
continuous_0085_S4_strategy2.npz,691-768,BOY,BOY,TP
continuous_0086_S4_strategy2.npz,0-97,MAY,MAY,TP
continuous_0086_S4_strategy2.npz,97-294,GOOD AFTERNOON,GOOD AFTERNOON,TP
continuous_0086_S4_strategy2.npz,294-393,UNCLE,UNCLE,TP
continuous_0086_S4_strategy2.npz,393-490,PINK,PINK,TP
continuous_0086_S4_strategy2.npz,490-589,FAST,FAST,TP
continuous_0086_S4_strategy2.npz,589-786,ONE,ONE,TP
continuous_0086_S4_strategy2.npz,786-885,MAN,MAN,TP
continuous_0087_S4_strategy2.npz,0-153,GIRL,GIRL,TP
continuous_0087_S4_strategy2.npz,153-307,COFFEE,COFFEE,TP
continuous_0087_S4_strategy2.npz,307-385,RICE,RICE,TP
continuous_0087_S4_strategy2.npz,385-462,NOVEMBER,NOVEMBER,TP
continuous_0087_S4_strategy2.npz,462-540,-,JANUARY,FP
continuous_0087_S4_strategy2.npz,540-616,-,GRANDMOTHER,FP
continuous_0087_S4_strategy2.npz,616-693,YOURE WELCOME,YOURE WELCOME,TP
continuous_0087_S4_strategy2.npz,693-771,SON,SON,TP
continuous_0088_S4_strategy2.npz,0-87,PINK,PINK,TP
continuous_0088_S4_strategy2.npz,87-264,CORRECT,CORRECT,TP
continuous_0088_S4_strategy2.npz,264-441,WEELCHAIR PERSON,WEELCHAIR PERSON,TP
continuous_0088_S4_strategy2.npz,441-528,HOT,HOT,TP
continuous_0088_S4_strategy2.npz,528-705,YOURE WELCOME,YOURE WELCOME,TP
continuous_0088_S4_strategy2.npz,705-792,-,TODAY,FP
continuous_0088_S4_strategy2.npz,792-882,SPAGHETTI,SPAGHETTI,TP
continuous_0088_S4_strategy2.npz,626-752,TODAY,-,FN
continuous_0089_S4_strategy2.npz,0-100,FIVE,FIVE,TP
continuous_0089_S4_strategy2.npz,100-202,MARRIED,MARRIED,TP
continuous_0089_S4_strategy2.npz,202-304,YELLOW,YELLOW,TP
continuous_0089_S4_strategy2.npz,304-406,-,SUGAR,FP
continuous_0089_S4_strategy2.npz,406-609,NICE TO MEET YOU,NICE TO MEET YOU,TP
continuous_0089_S4_strategy2.npz,609-813,SEPTEMBER,SEPTEMBER,TP
continuous_0089_S4_strategy2.npz,813-915,CORRECT,CORRECT,TP
continuous_0089_S4_strategy2.npz,380-524,BEER,-,FN
continuous_0090_S4_strategy2.npz,0-105,DAUGHTER,DAUGHTER,TP
continuous_0090_S4_strategy2.npz,105-318,YELLOW,YELLOW,TP
continuous_0090_S4_strategy2.npz,318-426,YESTERDAY,YESTERDAY,TP
continuous_0090_S4_strategy2.npz,426-531,COFFEE,COFFEE,TP
continuous_0090_S4_strategy2.npz,531-639,MARRIED,MARRIED,TP
continuous_0090_S4_strategy2.npz,639-745,FOUR,FOUR,TP
continuous_0091_S4_strategy2.npz,0-99,JUNE,JUNE,TP
continuous_0091_S4_strategy2.npz,99-198,WRONG,WRONG,TP
continuous_0091_S4_strategy2.npz,198-297,-,DEAF,FP
continuous_0091_S4_strategy2.npz,297-396,GOOD MORNING,GOOD MORNING,TP
continuous_0091_S4_strategy2.npz,396-595,MILK,MILK,TP
continuous_0091_S4_strategy2.npz,595-694,MARRIED,MARRIED,TP
continuous_0091_S4_strategy2.npz,694-795,ORANGE,ORANGE,TP
continuous_0092_S4_strategy2.npz,0-81,EIGHT,EIGHT,TP
continuous_0092_S4_strategy2.npz,81-163,YOURE WELCOME,YOURE WELCOME,TP
continuous_0092_S4_strategy2.npz,163-246,-,GRANDMOTHER,FP
continuous_0092_S4_strategy2.npz,246-411,BLACK,BLACK,TP
continuous_0092_S4_strategy2.npz,411-493,BLIND,BLIND,TP
continuous_0092_S4_strategy2.npz,493-576,UNCLE,UNCLE,TP
continuous_0092_S4_strategy2.npz,576-823,-,MARCH,FP
continuous_0092_S4_strategy2.npz,823-906,COLD,COLD,TP
continuous_0092_S4_strategy2.npz,644-779,AUGUST,-,FN
continuous_0093_S4_strategy2.npz,0-186,SHRIMP,SHRIMP,TP
continuous_0093_S4_strategy2.npz,186-279,-,MOTHER,FP
continuous_0093_S4_strategy2.npz,279-373,JUICE,JUICE,TP
continuous_0093_S4_strategy2.npz,373-561,FAST,FAST,TP
continuous_0093_S4_strategy2.npz,561-654,-,DEAF,FP
continuous_0093_S4_strategy2.npz,654-747,PINK,PINK,TP
continuous_0093_S4_strategy2.npz,747-840,JULY,JULY,TP
continuous_0093_S4_strategy2.npz,840-934,DEAF,DEAF,TP
continuous_0093_S4_strategy2.npz,127-256,MOTHER,-,FN
continuous_0094_S4_strategy2.npz,0-99,MARCH,MARCH,TP
continuous_0094_S4_strategy2.npz,99-297,SIX,SIX,TP
continuous_0094_S4_strategy2.npz,297-495,BOY,BOY,TP
continuous_0094_S4_strategy2.npz,495-594,COFFEE,COFFEE,TP
continuous_0094_S4_strategy2.npz,594-693,AUNTIE,AUNTIE,TP
continuous_0094_S4_strategy2.npz,693-792,FAST,FAST,TP
continuous_0094_S4_strategy2.npz,792-892,YESTERDAY,YESTERDAY,TP
continuous_0095_S4_strategy2.npz,0-111,DARK,DARK,TP
continuous_0095_S4_strategy2.npz,111-222,DAUGHTER,DAUGHTER,TP
continuous_0095_S4_strategy2.npz,222-333,BLIND,BLIND,TP
continuous_0095_S4_strategy2.npz,333-555,BEER,BEER,TP
continuous_0095_S4_strategy2.npz,555-666,MARCH,MARCH,TP
continuous_0095_S4_strategy2.npz,666-777,RICE,RICE,TP
continuous_0095_S4_strategy2.npz,777-888,TUESDAY,TUESDAY,TP
continuous_0096_S4_strategy2.npz,0-84,BLIND,BLIND,TP
continuous_0096_S4_strategy2.npz,84-256,UNDERSTAND,UNDERSTAND,TP
continuous_0096_S4_strategy2.npz,256-427,LIGHT,LIGHT,TP
continuous_0096_S4_strategy2.npz,427-513,HOW ARE YOU,HOW ARE YOU,TP
continuous_0096_S4_strategy2.npz,513-598,-,BREAD,FP
continuous_0096_S4_strategy2.npz,598-684,-,SUGAR,FP
continuous_0096_S4_strategy2.npz,684-771,MAY,MAY,TP
continuous_0096_S4_strategy2.npz,516-643,SUGAR,-,FN
continuous_0097_S4_strategy2.npz,0-127,THURSDAY,THURSDAY,TP
continuous_0097_S4_strategy2.npz,127-255,THREE,THREE,TP
continuous_0097_S4_strategy2.npz,255-384,TEA,TEA,TP
continuous_0097_S4_strategy2.npz,384-511,DARK,DARK,TP
continuous_0097_S4_strategy2.npz,511-639,GRANDMOTHER,GRANDMOTHER,TP
continuous_0097_S4_strategy2.npz,639-768,GOOD EVENING,GOOD EVENING,TP
continuous_0097_S4_strategy2.npz,768-895,SLOW,SLOW,TP
continuous_0098_S4_strategy2.npz,0-85,COFFEE,COFFEE,TP
continuous_0098_S4_strategy2.npz,85-171,-,TOMORROW,FP
continuous_0098_S4_strategy2.npz,171-343,WHITE,WHITE,TP
continuous_0098_S4_strategy2.npz,343-429,-,NO,FP
continuous_0098_S4_strategy2.npz,429-516,COUSIN,COUSIN,TP
continuous_0098_S4_strategy2.npz,516-601,NICE TO MEET YOU,NICE TO MEET YOU,TP
continuous_0098_S4_strategy2.npz,601-687,-,CORRECT,FP
continuous_0098_S4_strategy2.npz,687-774,FIVE,FIVE,TP
continuous_0098_S4_strategy2.npz,265-391,NO,-,FN
continuous_0099_S4_strategy2.npz,0-150,SEE YOU TOMORROW,SEE YOU TOMORROW,TP
continuous_0099_S4_strategy2.npz,150-225,-,DEAF,FP
continuous_0099_S4_strategy2.npz,225-301,DARK,DARK,TP
continuous_0099_S4_strategy2.npz,301-528,CORRECT,CORRECT,TP
continuous_0099_S4_strategy2.npz,528-603,-,HARD OF HEARING,FP
continuous_0099_S4_strategy2.npz,603-679,-,THURSDAY,FP
continuous_0099_S4_strategy2.npz,679-831,COUSIN,COUSIN,TP
continuous_0099_S4_strategy2.npz,831-906,THREE,THREE,TP
continuous_0099_S4_strategy2.npz,405-532,HARD OF HEARING,-,FN
continuous_0099_S4_strategy2.npz,532-655,THURSDAY,-,FN
continuous_0100_S4_strategy2.npz,0-85,WRONG,WRONG,TP
continuous_0100_S4_strategy2.npz,85-171,-,NINE,FP
continuous_0100_S4_strategy2.npz,171-258,-,NO,FP
continuous_0100_S4_strategy2.npz,258-343,GIRL,GIRL,TP
continuous_0100_S4_strategy2.npz,343-429,-,BREAD,FP
continuous_0100_S4_strategy2.npz,429-516,-,GRAY,FP
continuous_0100_S4_strategy2.npz,516-603,-,NICE TO MEET YOU,FP
continuous_0100_S4_strategy2.npz,603-861,SON,SON,TP
continuous_0100_S4_strategy2.npz,861-948,OCTOBER,OCTOBER,TP
continuous_0100_S4_strategy2.npz,126-253,NINE,-,FN
continuous_0100_S4_strategy2.npz,402-530,BREAD,-,FN
continuous_0100_S4_strategy2.npz,530-658,GRAY,-,FN
continuous_0101_S4_strategy2.npz,0-85,SEVEN,SEVEN,TP
continuous_0101_S4_strategy2.npz,85-171,-,MARRIED,FP
continuous_0101_S4_strategy2.npz,171-343,HELLO,HELLO,TP
continuous_0101_S4_strategy2.npz,343-516,GREEN,GREEN,TP
continuous_0101_S4_strategy2.npz,516-687,SON,SON,TP
continuous_0101_S4_strategy2.npz,687-774,NO,NO,TP
continuous_0101_S4_strategy2.npz,127-256,MARRIED,-,FN
continuous_0102_S4_strategy2.npz,0-97,FAST,FAST,TP
continuous_0102_S4_strategy2.npz,97-196,SIX,SIX,TP
continuous_0102_S4_strategy2.npz,196-394,BREAD,BREAD,TP
continuous_0102_S4_strategy2.npz,394-592,JULY,JULY,TP
continuous_0102_S4_strategy2.npz,592-691,-,SATURDAY,FP
continuous_0102_S4_strategy2.npz,691-790,GOOD MORNING,GOOD MORNING,TP
continuous_0102_S4_strategy2.npz,790-889,SON,SON,TP
continuous_0102_S4_strategy2.npz,513-635,SATURDAY,-,FN
continuous_0103_S4_strategy2.npz,0-192,BOY,BOY,TP
continuous_0103_S4_strategy2.npz,192-384,NICE TO MEET YOU,NICE TO MEET YOU,TP
continuous_0103_S4_strategy2.npz,384-480,-,RED,FP
continuous_0103_S4_strategy2.npz,480-576,SEVEN,SEVEN,TP
continuous_0103_S4_strategy2.npz,576-672,TODAY,TODAY,TP
continuous_0103_S4_strategy2.npz,672-769,FATHER,FATHER,TP
continuous_0103_S4_strategy2.npz,255-386,RED,-,FN
continuous_0104_S4_strategy2.npz,0-109,FAST,FAST,TP
continuous_0104_S4_strategy2.npz,109-220,YOURE WELCOME,YOURE WELCOME,TP
continuous_0104_S4_strategy2.npz,220-441,MARCH,MARCH,TP
continuous_0104_S4_strategy2.npz,441-552,DARK,DARK,TP
continuous_0104_S4_strategy2.npz,552-663,ONE,ONE,TP
continuous_0104_S4_strategy2.npz,663-774,COLD,COLD,TP
continuous_0105_S4_strategy2.npz,0-150,THURSDAY,THURSDAY,TP
continuous_0105_S4_strategy2.npz,150-226,CORRECT,CORRECT,TP
continuous_0105_S4_strategy2.npz,226-378,JUICE,JUICE,TP
continuous_0105_S4_strategy2.npz,378-528,COUSIN,COUSIN,TP
continuous_0105_S4_strategy2.npz,528-681,YELLOW,YELLOW,TP
continuous_0105_S4_strategy2.npz,681-756,JUNE,JUNE,TP
continuous_0106_S4_strategy2.npz,0-109,HOT,HOT,TP
continuous_0106_S4_strategy2.npz,109-220,EIGHT,EIGHT,TP
continuous_0106_S4_strategy2.npz,220-330,YESTERDAY,YESTERDAY,TP
continuous_0106_S4_strategy2.npz,330-441,-,THURSDAY,FP
continuous_0106_S4_strategy2.npz,441-552,FISH,FISH,TP
continuous_0106_S4_strategy2.npz,552-663,BLIND,BLIND,TP
continuous_0106_S4_strategy2.npz,663-774,WRONG,WRONG,TP
continuous_0106_S4_strategy2.npz,774-885,GOOD AFTERNOON,GOOD AFTERNOON,TP
continuous_0107_S4_strategy2.npz,0-106,ONE,ONE,TP
continuous_0107_S4_strategy2.npz,106-214,GOOD EVENING,GOOD EVENING,TP
continuous_0107_S4_strategy2.npz,214-322,KNOW,KNOW,TP
continuous_0107_S4_strategy2.npz,322-430,CHICKEN,CHICKEN,TP
continuous_0107_S4_strategy2.npz,430-538,-,DECEMBER,FP
continuous_0107_S4_strategy2.npz,538-646,-,DEAF,FP
continuous_0107_S4_strategy2.npz,646-754,COUSIN,COUSIN,TP
continuous_0107_S4_strategy2.npz,506-631,DECEMBER,-,FN
continuous_0108_S4_strategy2.npz,0-174,TOMORROW,TOMORROW,TP
continuous_0108_S4_strategy2.npz,174-261,VIOLET,VIOLET,TP
continuous_0108_S4_strategy2.npz,261-522,NICE TO MEET YOU,NICE TO MEET YOU,TP
continuous_0108_S4_strategy2.npz,522-609,-,LONGANISA,FP
continuous_0108_S4_strategy2.npz,609-696,TEA,TEA,TP
continuous_0108_S4_strategy2.npz,696-783,AUGUST,AUGUST,TP
continuous_0108_S4_strategy2.npz,382-508,LONGANISA,-,FN
continuous_0109_S4_strategy2.npz,0-135,FOUR,FOUR,TP
continuous_0109_S4_strategy2.npz,135-202,-,YES,FP
continuous_0109_S4_strategy2.npz,202-337,YESTERDAY,YESTERDAY,TP
continuous_0109_S4_strategy2.npz,337-474,JANUARY,JANUARY,TP
continuous_0109_S4_strategy2.npz,474-541,-,DON’T KNOW,FP
continuous_0109_S4_strategy2.npz,541-676,GOOD AFTERNOON,GOOD AFTERNOON,TP
continuous_0109_S4_strategy2.npz,676-813,LONGANISA,LONGANISA,TP
continuous_0109_S4_strategy2.npz,813-880,BOY,BOY,TP
continuous_0109_S4_strategy2.npz,388-515,DON’T KNOW,-,FN
continuous_0110_S4_strategy2.npz,0-196,MILK,MILK,TP
continuous_0110_S4_strategy2.npz,196-294,JULY,JULY,TP
continuous_0110_S4_strategy2.npz,294-393,WHITE,WHITE,TP
continuous_0110_S4_strategy2.npz,393-491,HELLO,HELLO,TP
continuous_0110_S4_strategy2.npz,491-591,FATHER,FATHER,TP
continuous_0110_S4_strategy2.npz,591-688,-,PARENTS,FP
continuous_0110_S4_strategy2.npz,688-787,LONGANISA,LONGANISA,TP
continuous_0110_S4_strategy2.npz,787-886,WEDNESDAY,WEDNESDAY,TP
continuous_0111_S4_strategy2.npz,0-93,TUESDAY,TUESDAY,TP
continuous_0111_S4_strategy2.npz,93-282,SUGAR,SUGAR,TP
continuous_0111_S4_strategy2.npz,282-375,WOMAN,WOMAN,TP
continuous_0111_S4_strategy2.npz,375-469,JUNE,JUNE,TP
continuous_0111_S4_strategy2.npz,469-657,SEVEN,SEVEN,TP
continuous_0111_S4_strategy2.npz,657-751,GOOD EVENING,GOOD EVENING,TP
continuous_0112_S4_strategy2.npz,0-73,WRONG,WRONG,TP
continuous_0112_S4_strategy2.npz,73-148,-,RED,FP
continuous_0112_S4_strategy2.npz,148-298,YELLOW,YELLOW,TP
continuous_0112_S4_strategy2.npz,298-373,GIRL,GIRL,TP
continuous_0112_S4_strategy2.npz,373-448,-,YES,FP
continuous_0112_S4_strategy2.npz,448-523,GOOD MORNING,GOOD MORNING,TP
continuous_0112_S4_strategy2.npz,523-673,TWO,TWO,TP
continuous_0112_S4_strategy2.npz,673-823,SUGAR,SUGAR,TP
continuous_0112_S4_strategy2.npz,823-898,FEBRUARY,FEBRUARY,TP
continuous_0113_S4_strategy2.npz,0-84,GRAY,GRAY,TP
continuous_0113_S4_strategy2.npz,84-255,NO SUGAR,NO SUGAR,TP
continuous_0113_S4_strategy2.npz,255-426,THREE,THREE,TP
continuous_0113_S4_strategy2.npz,426-511,THURSDAY,THURSDAY,TP
continuous_0113_S4_strategy2.npz,511-681,CORRECT,CORRECT,TP
continuous_0113_S4_strategy2.npz,681-768,JULY,JULY,TP
continuous_0114_S4_strategy2.npz,0-70,SEE YOU TOMORROW,SEE YOU TOMORROW,TP
continuous_0114_S4_strategy2.npz,70-213,-,YELLOW,FP
continuous_0114_S4_strategy2.npz,213-357,SIX,SIX,TP
continuous_0114_S4_strategy2.npz,357-427,RED,RED,TP
continuous_0114_S4_strategy2.npz,427-499,GIRL,GIRL,TP
continuous_0114_S4_strategy2.npz,499-570,-,KNOW,FP
continuous_0114_S4_strategy2.npz,570-714,DON’T KNOW,DON’T KNOW,TP
continuous_0114_S4_strategy2.npz,714-786,COLD,COLD,TP
continuous_0115_S4_strategy2.npz,0-84,WEDNESDAY,WEDNESDAY,TP
continuous_0115_S4_strategy2.npz,84-252,CRAB,CRAB,TP
continuous_0115_S4_strategy2.npz,252-336,YOURE WELCOME,YOURE WELCOME,TP
continuous_0115_S4_strategy2.npz,336-420,-,SHRIMP,FP
continuous_0115_S4_strategy2.npz,420-588,NOVEMBER,NOVEMBER,TP
continuous_0115_S4_strategy2.npz,588-672,NINE,NINE,TP
continuous_0115_S4_strategy2.npz,672-756,PARENTS,PARENTS,TP
continuous_0116_S4_strategy2.npz,0-96,HOT,HOT,TP
continuous_0116_S4_strategy2.npz,96-192,IM FINE,IM FINE,TP
continuous_0116_S4_strategy2.npz,192-387,WHITE,WHITE,TP
continuous_0116_S4_strategy2.npz,387-483,NINE,NINE,TP
continuous_0116_S4_strategy2.npz,483-580,-,EIGHT,FP
continuous_0116_S4_strategy2.npz,580-678,DON’T UNDERSTAND,DON’T UNDERSTAND,TP
continuous_0116_S4_strategy2.npz,678-774,WEELCHAIR PERSON,WEELCHAIR PERSON,TP
continuous_0117_S4_strategy2.npz,0-114,SUNDAY,SUNDAY,TP
continuous_0117_S4_strategy2.npz,114-228,BREAD,BREAD,TP
continuous_0117_S4_strategy2.npz,228-342,SUGAR,SUGAR,TP
continuous_0117_S4_strategy2.npz,342-456,WRONG,WRONG,TP
continuous_0117_S4_strategy2.npz,456-570,-,RED,FP
continuous_0117_S4_strategy2.npz,570-684,BLIND,BLIND,TP
continuous_0117_S4_strategy2.npz,684-798,LIGHT,LIGHT,TP
continuous_0117_S4_strategy2.npz,798-912,THANK YOU,THANK YOU,TP
continuous_0118_S4_strategy2.npz,0-99,DON’T UNDERSTAND,DON’T UNDERSTAND,TP
continuous_0118_S4_strategy2.npz,99-198,MILK,MILK,TP
continuous_0118_S4_strategy2.npz,198-396,MAN,MAN,TP
continuous_0118_S4_strategy2.npz,396-594,TODAY,TODAY,TP
continuous_0118_S4_strategy2.npz,594-693,SEPTEMBER,SEPTEMBER,TP
continuous_0118_S4_strategy2.npz,693-792,COUSIN,COUSIN,TP
continuous_0118_S4_strategy2.npz,792-891,GOOD EVENING,GOOD EVENING,TP
continuous_0119_S4_strategy2.npz,0-169,TUESDAY,TUESDAY,TP
continuous_0119_S4_strategy2.npz,169-255,COUSIN,COUSIN,TP
continuous_0119_S4_strategy2.npz,255-340,-,NO,FP
continuous_0119_S4_strategy2.npz,340-426,FAST,FAST,TP
continuous_0119_S4_strategy2.npz,426-597,SEE YOU TOMORROW,SEE YOU TOMORROW,TP
continuous_0119_S4_strategy2.npz,597-682,-,CRAB,FP
continuous_0119_S4_strategy2.npz,682-768,TWO,TWO,TP
continuous_0119_S4_strategy2.npz,513-642,CRAB,-,FN
continuous_0120_S4_strategy2.npz,0-84,THANK YOU,THANK YOU,TP
continuous_0120_S4_strategy2.npz,84-171,-,TODAY,FP
continuous_0120_S4_strategy2.npz,171-255,WRONG,WRONG,TP
continuous_0120_S4_strategy2.npz,255-342,-,RED,FP
continuous_0120_S4_strategy2.npz,342-513,SPAGHETTI,SPAGHETTI,TP
continuous_0120_S4_strategy2.npz,513-597,-,MILK,FP
continuous_0120_S4_strategy2.npz,597-684,PINK,PINK,TP
continuous_0120_S4_strategy2.npz,684-769,SEVEN,SEVEN,TP
continuous_0120_S4_strategy2.npz,383-511,MILK,-,FN
continuous_0121_S4_strategy2.npz,0-81,MARRIED,MARRIED,TP
continuous_0121_S4_strategy2.npz,81-243,GRAY,GRAY,TP
continuous_0121_S4_strategy2.npz,243-406,GOOD MORNING,GOOD MORNING,TP
continuous_0121_S4_strategy2.npz,406-570,THURSDAY,THURSDAY,TP
continuous_0121_S4_strategy2.npz,570-651,WRONG,WRONG,TP
continuous_0121_S4_strategy2.npz,651-814,WINE,WINE,TP
continuous_0121_S4_strategy2.npz,814-897,FATHER,FATHER,TP
continuous_0122_S4_strategy2.npz,0-108,GRANDMOTHER,GRANDMOTHER,TP
continuous_0122_S4_strategy2.npz,108-216,PINK,PINK,TP
continuous_0122_S4_strategy2.npz,216-324,IM FINE,IM FINE,TP
continuous_0122_S4_strategy2.npz,324-432,JANUARY,JANUARY,TP
continuous_0122_S4_strategy2.npz,432-541,-,WEDNESDAY,FP
continuous_0122_S4_strategy2.npz,541-649,-,SIX,FP
continuous_0122_S4_strategy2.npz,649-759,WEELCHAIR PERSON,WEELCHAIR PERSON,TP
continuous_0122_S4_strategy2.npz,497-627,WEDNESDAY,-,FN
continuous_0123_S4_strategy2.npz,0-108,MONDAY,MONDAY,TP
continuous_0123_S4_strategy2.npz,108-216,MAY,MAY,TP
continuous_0123_S4_strategy2.npz,216-325,SEE YOU TOMORROW,SEE YOU TOMORROW,TP
continuous_0123_S4_strategy2.npz,325-433,YES,YES,TP
continuous_0123_S4_strategy2.npz,433-543,-,DEAF,FP
continuous_0123_S4_strategy2.npz,543-651,HARD OF HEARING,HARD OF HEARING,TP
continuous_0123_S4_strategy2.npz,651-760,GREEN,GREEN,TP
continuous_0124_S4_strategy2.npz,0-84,WHITE,WHITE,TP
continuous_0124_S4_strategy2.npz,84-171,-,RED,FP
continuous_0124_S4_strategy2.npz,171-256,SPAGHETTI,SPAGHETTI,TP
continuous_0124_S4_strategy2.npz,256-342,-,BROWN,FP
continuous_0124_S4_strategy2.npz,342-429,FEBRUARY,FEBRUARY,TP
continuous_0124_S4_strategy2.npz,429-514,NINE,NINE,TP
continuous_0124_S4_strategy2.npz,514-600,-,EIGHT,FP
continuous_0124_S4_strategy2.npz,600-687,WINE,WINE,TP
continuous_0124_S4_strategy2.npz,687-772,THANK YOU,THANK YOU,TP
continuous_0125_S4_strategy2.npz,0-108,GREEN,GREEN,TP
continuous_0125_S4_strategy2.npz,108-219,UNCLE,UNCLE,TP
continuous_0125_S4_strategy2.npz,219-438,SATURDAY,SATURDAY,TP
continuous_0125_S4_strategy2.npz,438-546,SHRIMP,SHRIMP,TP
continuous_0125_S4_strategy2.npz,546-657,JANUARY,JANUARY,TP
continuous_0125_S4_strategy2.npz,657-766,MAN,MAN,TP
continuous_0126_S4_strategy2.npz,0-90,SLOW,SLOW,TP
continuous_0126_S4_strategy2.npz,90-180,IM FINE,IM FINE,TP
continuous_0126_S4_strategy2.npz,180-271,-,RED,FP
continuous_0126_S4_strategy2.npz,271-363,DEAF BLIND,DEAF BLIND,TP
continuous_0126_S4_strategy2.npz,363-453,-,BLIND,FP
continuous_0126_S4_strategy2.npz,453-543,-,EIGHT,FP
continuous_0126_S4_strategy2.npz,543-634,LIGHT,LIGHT,TP
continuous_0126_S4_strategy2.npz,634-816,EGG,EGG,TP
continuous_0126_S4_strategy2.npz,816-907,DECEMBER,DECEMBER,TP
continuous_0126_S4_strategy2.npz,383-509,EIGHT,-,FN
continuous_0127_S4_strategy2.npz,0-67,COUSIN,COUSIN,TP
continuous_0127_S4_strategy2.npz,67-136,-,NINE,FP
continuous_0127_S4_strategy2.npz,136-205,-,EIGHT,FP
continuous_0127_S4_strategy2.npz,205-274,-,TEN,FP
continuous_0127_S4_strategy2.npz,274-343,GOOD AFTERNOON,GOOD AFTERNOON,TP
continuous_0127_S4_strategy2.npz,343-412,-,EIGHT,FP
continuous_0127_S4_strategy2.npz,412-550,OCTOBER,OCTOBER,TP
continuous_0127_S4_strategy2.npz,550-619,MONDAY,MONDAY,TP
continuous_0127_S4_strategy2.npz,619-826,WINE,WINE,TP
continuous_0127_S4_strategy2.npz,826-895,DEAF BLIND,DEAF BLIND,TP
continuous_0127_S4_strategy2.npz,125-251,NINE,-,FN
continuous_0128_S4_strategy2.npz,0-85,NO,NO,TP
continuous_0128_S4_strategy2.npz,85-259,SIX,SIX,TP
continuous_0128_S4_strategy2.npz,259-432,SEPTEMBER,SEPTEMBER,TP
continuous_0128_S4_strategy2.npz,432-519,CHICKEN,CHICKEN,TP
continuous_0128_S4_strategy2.npz,519-693,GRANDFATHER,GRANDFATHER,TP
continuous_0128_S4_strategy2.npz,693-780,COFFEE,COFFEE,TP
continuous_0129_S4_strategy2.npz,0-99,RED,RED,TP
continuous_0129_S4_strategy2.npz,99-198,CRAB,CRAB,TP
continuous_0129_S4_strategy2.npz,198-396,APRIL,APRIL,TP
continuous_0129_S4_strategy2.npz,396-594,HARD OF HEARING,HARD OF HEARING,TP
continuous_0129_S4_strategy2.npz,594-693,SIX,SIX,TP
continuous_0129_S4_strategy2.npz,693-792,YOURE WELCOME,YOURE WELCOME,TP
continuous_0129_S4_strategy2.npz,792-892,FAST,FAST,TP
continuous_0130_S4_strategy2.npz,0-96,EGG,EGG,TP
continuous_0130_S4_strategy2.npz,96-288,ORANGE,ORANGE,TP
continuous_0130_S4_strategy2.npz,288-384,UNCLE,UNCLE,TP
continuous_0130_S4_strategy2.npz,384-576,JULY,JULY,TP
continuous_0130_S4_strategy2.npz,576-672,IM FINE,IM FINE,TP
continuous_0130_S4_strategy2.npz,672-768,MONDAY,MONDAY,TP
continuous_0131_S4_strategy2.npz,0-99,HOW ARE YOU,HOW ARE YOU,TP
continuous_0131_S4_strategy2.npz,99-300,-,BREAD,FP
continuous_0131_S4_strategy2.npz,300-400,-,APRIL,FP
continuous_0131_S4_strategy2.npz,400-501,-,WEELCHAIR PERSON,FP
continuous_0131_S4_strategy2.npz,501-601,TWO,TWO,TP
continuous_0131_S4_strategy2.npz,601-702,DAUGHTER,DAUGHTER,TP
continuous_0131_S4_strategy2.npz,702-801,TODAY,TODAY,TP
continuous_0131_S4_strategy2.npz,801-903,BLUE,BLUE,TP
continuous_0131_S4_strategy2.npz,130-255,APRIL,-,FN
continuous_0131_S4_strategy2.npz,255-395,WEELCHAIR PERSON,-,FN
continuous_0132_S4_strategy2.npz,0-181,THURSDAY,THURSDAY,TP
continuous_0132_S4_strategy2.npz,181-273,WEELCHAIR PERSON,WEELCHAIR PERSON,TP
continuous_0132_S4_strategy2.npz,273-363,VIOLET,VIOLET,TP
continuous_0132_S4_strategy2.npz,363-456,FATHER,FATHER,TP
continuous_0132_S4_strategy2.npz,456-637,MEAT,MEAT,TP
continuous_0132_S4_strategy2.npz,637-819,APRIL,APRIL,TP
continuous_0132_S4_strategy2.npz,819-912,CORRECT,CORRECT,TP
continuous_0133_S4_strategy2.npz,0-75,SEVEN,SEVEN,TP
continuous_0133_S4_strategy2.npz,75-225,GRAY,GRAY,TP
continuous_0133_S4_strategy2.npz,225-375,TEA,TEA,TP
continuous_0133_S4_strategy2.npz,375-450,DEAF,DEAF,TP
continuous_0133_S4_strategy2.npz,450-526,-,NO,FP
continuous_0133_S4_strategy2.npz,526-676,MONDAY,MONDAY,TP
continuous_0133_S4_strategy2.npz,676-753,-,HOW ARE YOU,FP
continuous_0133_S4_strategy2.npz,647-752,IM FINE,-,FN
continuous_0134_S4_strategy2.npz,0-109,CHICKEN,CHICKEN,TP
continuous_0134_S4_strategy2.npz,109-219,HELLO,HELLO,TP
continuous_0134_S4_strategy2.npz,219-439,TWO,TWO,TP
continuous_0134_S4_strategy2.npz,439-549,HOT,HOT,TP
continuous_0134_S4_strategy2.npz,549-660,SUNDAY,SUNDAY,TP
continuous_0134_S4_strategy2.npz,660-769,BLIND,BLIND,TP
continuous_0135_S4_strategy2.npz,0-175,WOMAN,WOMAN,TP
continuous_0135_S4_strategy2.npz,175-264,FISH,FISH,TP
continuous_0135_S4_strategy2.npz,264-351,SEE YOU TOMORROW,SEE YOU TOMORROW,TP
continuous_0135_S4_strategy2.npz,351-439,-,AUNTIE,FP
continuous_0135_S4_strategy2.npz,439-528,-,TODAY,FP
continuous_0135_S4_strategy2.npz,528-615,JUICE,JUICE,TP
continuous_0135_S4_strategy2.npz,615-792,ONE,ONE,TP
continuous_0135_S4_strategy2.npz,792-880,-,JANUARY,FP
continuous_0135_S4_strategy2.npz,361-486,TODAY,-,FN
continuous_0135_S4_strategy2.npz,750-880,JANUARY,-,FN
continuous_0136_S4_strategy2.npz,0-108,DARK,DARK,TP
continuous_0136_S4_strategy2.npz,108-325,WOMAN,WOMAN,TP
continuous_0136_S4_strategy2.npz,325-433,GRANDFATHER,GRANDFATHER,TP
continuous_0136_S4_strategy2.npz,433-543,BEER,BEER,TP
continuous_0136_S4_strategy2.npz,543-651,BREAD,BREAD,TP
continuous_0136_S4_strategy2.npz,651-760,WEDNESDAY,WEDNESDAY,TP
continuous_0137_S4_strategy2.npz,0-90,BEER,BEER,TP
continuous_0137_S4_strategy2.npz,90-180,TOMORROW,TOMORROW,TP
continuous_0137_S4_strategy2.npz,180-271,-,BLACK,FP
continuous_0137_S4_strategy2.npz,271-363,-,IM FINE,FP
continuous_0137_S4_strategy2.npz,363-453,-,DEAF,FP
continuous_0137_S4_strategy2.npz,453-543,-,DEAF BLIND,FP
continuous_0137_S4_strategy2.npz,543-634,-,SEE YOU TOMORROW,FP
continuous_0137_S4_strategy2.npz,634-816,NO,NO,TP
continuous_0137_S4_strategy2.npz,816-907,PARENTS,PARENTS,TP
continuous_0137_S4_strategy2.npz,249-376,BLACK,-,FN
continuous_0137_S4_strategy2.npz,376-502,IM FINE,-,FN
continuous_0137_S4_strategy2.npz,502-656,DEAF BLIND,-,FN
continuous_0138_S4_strategy2.npz,0-151,TEN,TEN,TP
continuous_0138_S4_strategy2.npz,151-303,NOVEMBER,NOVEMBER,TP
continuous_0138_S4_strategy2.npz,303-381,SPAGHETTI,SPAGHETTI,TP
continuous_0138_S4_strategy2.npz,381-456,-,BROWN,FP
continuous_0138_S4_strategy2.npz,456-609,NO,NO,TP
continuous_0138_S4_strategy2.npz,609-684,-,BLACK,FP
continuous_0138_S4_strategy2.npz,684-762,PARENTS,PARENTS,TP
continuous_0138_S4_strategy2.npz,519-647,BLACK,-,FN
continuous_0139_S4_strategy2.npz,0-84,DAUGHTER,DAUGHTER,TP
continuous_0139_S4_strategy2.npz,84-168,-,WINE,FP
continuous_0139_S4_strategy2.npz,168-589,NO,NO,TP
continuous_0139_S4_strategy2.npz,589-673,MONDAY,MONDAY,TP
continuous_0139_S4_strategy2.npz,673-759,FIVE,FIVE,TP
continuous_0139_S4_strategy2.npz,121-249,WINE,-,FN
continuous_0139_S4_strategy2.npz,382-500,HELLO,-,FN
continuous_0140_S4_strategy2.npz,0-109,SLOW,SLOW,TP
continuous_0140_S4_strategy2.npz,109-219,WEELCHAIR PERSON,WEELCHAIR PERSON,TP
continuous_0140_S4_strategy2.npz,219-439,FRIDAY,FRIDAY,TP
continuous_0140_S4_strategy2.npz,439-549,GRANDMOTHER,GRANDMOTHER,TP
continuous_0140_S4_strategy2.npz,549-660,MILK,MILK,TP
continuous_0140_S4_strategy2.npz,660-771,FOUR,FOUR,TP
continuous_0141_S4_strategy2.npz,0-105,GIRL,GIRL,TP
continuous_0141_S4_strategy2.npz,105-213,HELLO,HELLO,TP
continuous_0141_S4_strategy2.npz,213-426,VIOLET,VIOLET,TP
continuous_0141_S4_strategy2.npz,426-531,YES,YES,TP
continuous_0141_S4_strategy2.npz,531-639,TEN,TEN,TP
continuous_0141_S4_strategy2.npz,639-745,TEA,TEA,TP
continuous_0142_S4_strategy2.npz,0-97,GRANDMOTHER,GRANDMOTHER,TP
continuous_0142_S4_strategy2.npz,97-294,FOUR,FOUR,TP
continuous_0142_S4_strategy2.npz,294-393,IM FINE,IM FINE,TP
continuous_0142_S4_strategy2.npz,393-591,BREAD,BREAD,TP
continuous_0142_S4_strategy2.npz,591-688,TOMORROW,TOMORROW,TP
continuous_0142_S4_strategy2.npz,688-787,FEBRUARY,FEBRUARY,TP
continuous_0142_S4_strategy2.npz,787-886,CORRECT,CORRECT,TP
continuous_0143_S4_strategy2.npz,0-84,GREEN,GREEN,TP
continuous_0143_S4_strategy2.npz,84-256,EGG,EGG,TP
continuous_0143_S4_strategy2.npz,256-342,TEA,TEA,TP
continuous_0143_S4_strategy2.npz,342-427,-,SLOW,FP
continuous_0143_S4_strategy2.npz,427-685,-,MARCH,FP
continuous_0143_S4_strategy2.npz,685-771,SATURDAY,SATURDAY,TP
continuous_0143_S4_strategy2.npz,393-518,SLOW,-,FN
continuous_0143_S4_strategy2.npz,518-644,FEBRUARY,-,FN
continuous_0144_S4_strategy2.npz,0-94,DON’T KNOW,DON’T KNOW,TP
continuous_0144_S4_strategy2.npz,94-189,EGG,EGG,TP
continuous_0144_S4_strategy2.npz,189-379,BLIND,BLIND,TP
continuous_0144_S4_strategy2.npz,379-570,FIVE,FIVE,TP
continuous_0144_S4_strategy2.npz,570-664,PINK,PINK,TP
continuous_0144_S4_strategy2.npz,664-760,TUESDAY,TUESDAY,TP
continuous_0145_S4_strategy2.npz,0-108,YES,YES,TP
continuous_0145_S4_strategy2.npz,108-217,CRAB,CRAB,TP
continuous_0145_S4_strategy2.npz,217-327,VIOLET,VIOLET,TP
continuous_0145_S4_strategy2.npz,327-435,JANUARY,JANUARY,TP
continuous_0145_S4_strategy2.npz,435-544,TOMORROW,TOMORROW,TP
continuous_0145_S4_strategy2.npz,544-762,TEN,TEN,TP
continuous_0145_S4_strategy2.npz,762-873,TEA,TEA,TP
continuous_0146_S4_strategy2.npz,0-88,TUESDAY,TUESDAY,TP
continuous_0146_S4_strategy2.npz,88-178,MEAT,MEAT,TP
continuous_0146_S4_strategy2.npz,178-268,-,JANUARY,FP
continuous_0146_S4_strategy2.npz,268-448,MOTHER,MOTHER,TP
continuous_0146_S4_strategy2.npz,448-628,GOOD EVENING,GOOD EVENING,TP
continuous_0146_S4_strategy2.npz,628-718,JUICE,JUICE,TP
continuous_0146_S4_strategy2.npz,718-808,GRAY,GRAY,TP
continuous_0146_S4_strategy2.npz,808-898,HARD OF HEARING,HARD OF HEARING,TP
continuous_0147_S4_strategy2.npz,0-69,YOURE WELCOME,YOURE WELCOME,TP
continuous_0147_S4_strategy2.npz,69-138,-,TWO,FP
continuous_0147_S4_strategy2.npz,138-279,-,TOMORROW,FP
continuous_0147_S4_strategy2.npz,279-348,-,NO,FP
continuous_0147_S4_strategy2.npz,348-418,-,UNDERSTAND,FP
continuous_0147_S4_strategy2.npz,418-489,-,DON’T UNDERSTAND,FP
continuous_0147_S4_strategy2.npz,489-628,BEER,BEER,TP
continuous_0147_S4_strategy2.npz,628-699,-,JANUARY,FP
continuous_0147_S4_strategy2.npz,699-768,JULY,JULY,TP
continuous_0147_S4_strategy2.npz,125-250,TWO,-,FN
continuous_0147_S4_strategy2.npz,250-380,TOMORROW,-,FN
continuous_0147_S4_strategy2.npz,380-509,UNDERSTAND,-,FN
continuous_0148_S4_strategy2.npz,0-84,NO SUGAR,NO SUGAR,TP
continuous_0148_S4_strategy2.npz,84-168,-,SUGAR,FP
continuous_0148_S4_strategy2.npz,168-252,LONGANISA,LONGANISA,TP
continuous_0148_S4_strategy2.npz,252-336,SATURDAY,SATURDAY,TP
continuous_0148_S4_strategy2.npz,336-504,WEELCHAIR PERSON,WEELCHAIR PERSON,TP
continuous_0148_S4_strategy2.npz,504-672,-,DON’T KNOW,FP
continuous_0148_S4_strategy2.npz,672-756,NINE,NINE,TP
continuous_0148_S4_strategy2.npz,508-635,KNOW,-,FN
continuous_0149_S4_strategy2.npz,0-96,COFFEE,COFFEE,TP
continuous_0149_S4_strategy2.npz,96-192,FRIDAY,FRIDAY,TP
continuous_0149_S4_strategy2.npz,192-288,-,NINE,FP
continuous_0149_S4_strategy2.npz,288-385,YELLOW,YELLOW,TP
continuous_0149_S4_strategy2.npz,385-483,HOW ARE YOU,HOW ARE YOU,TP
continuous_0149_S4_strategy2.npz,483-579,YES,YES,TP
continuous_0149_S4_strategy2.npz,579-675,-,AUGUST,FP
continuous_0149_S4_strategy2.npz,675-772,-,DECEMBER,FP
continuous_0149_S4_strategy2.npz,645-772,AUGUST,-,FN
continuous_0150_S4_strategy2.npz,0-87,NO SUGAR,NO SUGAR,TP
continuous_0150_S4_strategy2.npz,87-261,DON’T KNOW,DON’T KNOW,TP
continuous_0150_S4_strategy2.npz,261-435,EGG,EGG,TP
continuous_0150_S4_strategy2.npz,435-522,HELLO,HELLO,TP
continuous_0150_S4_strategy2.npz,522-696,APRIL,APRIL,TP
continuous_0150_S4_strategy2.npz,696-784,BOY,BOY,TP
continuous_0151_S4_strategy2.npz,0-96,CHICKEN,CHICKEN,TP
continuous_0151_S4_strategy2.npz,96-193,AUNTIE,AUNTIE,TP
continuous_0151_S4_strategy2.npz,193-388,COLD,COLD,TP
continuous_0151_S4_strategy2.npz,388-582,SIX,SIX,TP
continuous_0151_S4_strategy2.npz,582-679,WEELCHAIR PERSON,WEELCHAIR PERSON,TP
continuous_0151_S4_strategy2.npz,679-777,FRIDAY,FRIDAY,TP
continuous_0152_S4_strategy2.npz,0-136,RICE,RICE,TP
continuous_0152_S4_strategy2.npz,136-274,DAUGHTER,DAUGHTER,TP
continuous_0152_S4_strategy2.npz,274-411,ONE,ONE,TP
continuous_0152_S4_strategy2.npz,411-480,GOOD MORNING,GOOD MORNING,TP
continuous_0152_S4_strategy2.npz,480-549,-,THREE,FP
continuous_0152_S4_strategy2.npz,549-687,WEDNESDAY,WEDNESDAY,TP
continuous_0152_S4_strategy2.npz,687-825,ORANGE,ORANGE,TP
continuous_0152_S4_strategy2.npz,825-894,MAN,MAN,TP
continuous_0153_S4_strategy2.npz,0-96,SLOW,SLOW,TP
continuous_0153_S4_strategy2.npz,96-193,YESTERDAY,YESTERDAY,TP
continuous_0153_S4_strategy2.npz,193-387,COFFEE,COFFEE,TP
continuous_0153_S4_strategy2.npz,387-484,SHRIMP,SHRIMP,TP
continuous_0153_S4_strategy2.npz,484-678,HARD OF HEARING,HARD OF HEARING,TP
continuous_0153_S4_strategy2.npz,678-775,SIX,SIX,TP
continuous_0154_S4_strategy2.npz,0-81,SUGAR,SUGAR,TP
continuous_0154_S4_strategy2.npz,81-162,-,RED,FP
continuous_0154_S4_strategy2.npz,162-325,MONDAY,MONDAY,TP
continuous_0154_S4_strategy2.npz,325-489,NOVEMBER,NOVEMBER,TP
continuous_0154_S4_strategy2.npz,489-651,KNOW,KNOW,TP
continuous_0154_S4_strategy2.npz,651-732,DEAF BLIND,DEAF BLIND,TP
continuous_0154_S4_strategy2.npz,732-814,-,HOT,FP
continuous_0154_S4_strategy2.npz,814-897,LONGANISA,LONGANISA,TP
continuous_0154_S4_strategy2.npz,124-253,RED,-,FN
continuous_0155_S4_strategy2.npz,0-81,YESTERDAY,YESTERDAY,TP
continuous_0155_S4_strategy2.npz,81-162,-,AUNTIE,FP
continuous_0155_S4_strategy2.npz,162-324,SHRIMP,SHRIMP,TP
continuous_0155_S4_strategy2.npz,324-406,TEN,TEN,TP
continuous_0155_S4_strategy2.npz,406-487,WRONG,WRONG,TP
continuous_0155_S4_strategy2.npz,487-570,-,RED,FP
continuous_0155_S4_strategy2.npz,570-651,WOMAN,WOMAN,TP
continuous_0155_S4_strategy2.npz,651-732,NO SUGAR,NO SUGAR,TP
continuous_0155_S4_strategy2.npz,732-813,-,MARCH,FP
continuous_0155_S4_strategy2.npz,813-895,SEPTEMBER,SEPTEMBER,TP
continuous_0156_S4_strategy2.npz,0-156,SEPTEMBER,SEPTEMBER,TP
continuous_0156_S4_strategy2.npz,156-234,GRANDMOTHER,GRANDMOTHER,TP
continuous_0156_S4_strategy2.npz,234-393,SUGAR,SUGAR,TP
continuous_0156_S4_strategy2.npz,393-471,DEAF,DEAF,TP
continuous_0156_S4_strategy2.npz,471-549,-,FAST,FP
continuous_0156_S4_strategy2.npz,549-627,ORANGE,ORANGE,TP
continuous_0156_S4_strategy2.npz,627-706,-,MARRIED,FP
continuous_0156_S4_strategy2.npz,706-786,RICE,RICE,TP
continuous_0157_S4_strategy2.npz,0-84,RED,RED,TP
continuous_0157_S4_strategy2.npz,84-171,BOY,BOY,TP
continuous_0157_S4_strategy2.npz,171-342,FISH,FISH,TP
continuous_0157_S4_strategy2.npz,342-513,JUICE,JUICE,TP
continuous_0157_S4_strategy2.npz,513-598,ONE,ONE,TP
continuous_0157_S4_strategy2.npz,598-684,-,GIRL,FP
continuous_0157_S4_strategy2.npz,684-771,SATURDAY,SATURDAY,TP
continuous_0158_S4_strategy2.npz,0-70,PARENTS,PARENTS,TP
continuous_0158_S4_strategy2.npz,70-214,WHITE,WHITE,TP
continuous_0158_S4_strategy2.npz,214-357,MARRIED,MARRIED,TP
continuous_0158_S4_strategy2.npz,357-573,APRIL,APRIL,TP
continuous_0158_S4_strategy2.npz,573-645,WEDNESDAY,WEDNESDAY,TP
continuous_0158_S4_strategy2.npz,645-717,-,NO,FP
continuous_0158_S4_strategy2.npz,717-789,NO SUGAR,NO SUGAR,TP
continuous_0159_S4_strategy2.npz,0-97,JUICE,JUICE,TP
continuous_0159_S4_strategy2.npz,97-195,EIGHT,EIGHT,TP
continuous_0159_S4_strategy2.npz,195-391,NICE TO MEET YOU,NICE TO MEET YOU,TP
continuous_0159_S4_strategy2.npz,391-588,DON’T UNDERSTAND,DON’T UNDERSTAND,TP
continuous_0159_S4_strategy2.npz,588-685,LONGANISA,LONGANISA,TP
continuous_0159_S4_strategy2.npz,685-783,TODAY,TODAY,TP
continuous_0160_S4_strategy2.npz,0-178,MARCH,MARCH,TP
continuous_0160_S4_strategy2.npz,178-357,WOMAN,WOMAN,TP
continuous_0160_S4_strategy2.npz,357-537,TOMORROW,TOMORROW,TP
continuous_0160_S4_strategy2.npz,537-627,-,EGG,FP
continuous_0160_S4_strategy2.npz,627-715,GOOD MORNING,GOOD MORNING,TP
continuous_0160_S4_strategy2.npz,715-805,DON’T KNOW,DON’T KNOW,TP
continuous_0160_S4_strategy2.npz,805-895,COLD,COLD,TP
continuous_0160_S4_strategy2.npz,385-512,EGG,-,FN
continuous_0161_S4_strategy2.npz,0-94,SUNDAY,SUNDAY,TP
continuous_0161_S4_strategy2.npz,94-190,DARK,DARK,TP
continuous_0161_S4_strategy2.npz,190-382,UNCLE,UNCLE,TP
continuous_0161_S4_strategy2.npz,382-574,CHICKEN,CHICKEN,TP
continuous_0161_S4_strategy2.npz,574-670,TEN,TEN,TP
continuous_0161_S4_strategy2.npz,670-766,NICE TO MEET YOU,NICE TO MEET YOU,TP
continuous_0162_S4_strategy2.npz,0-66,UNDERSTAND,UNDERSTAND,TP
continuous_0162_S4_strategy2.npz,66-132,-,MILK,FP
continuous_0162_S4_strategy2.npz,132-265,GIRL,GIRL,TP
continuous_0162_S4_strategy2.npz,265-333,TEN,TEN,TP
continuous_0162_S4_strategy2.npz,333-399,-,TOMORROW,FP
continuous_0162_S4_strategy2.npz,399-600,SUGAR,SUGAR,TP
continuous_0162_S4_strategy2.npz,600-732,YOURE WELCOME,YOURE WELCOME,TP
continuous_0162_S4_strategy2.npz,732-867,MARCH,MARCH,TP
continuous_0162_S4_strategy2.npz,867-933,SUNDAY,SUNDAY,TP
continuous_0163_S4_strategy2.npz,0-84,LIGHT,LIGHT,TP
continuous_0163_S4_strategy2.npz,84-168,-,MEAT,FP
continuous_0163_S4_strategy2.npz,168-336,AUNTIE,AUNTIE,TP
continuous_0163_S4_strategy2.npz,336-504,JULY,JULY,TP
continuous_0163_S4_strategy2.npz,504-588,THANK YOU,THANK YOU,TP
continuous_0163_S4_strategy2.npz,588-672,-,TODAY,FP
continuous_0163_S4_strategy2.npz,672-757,UNDERSTAND,UNDERSTAND,TP
continuous_0163_S4_strategy2.npz,127-257,MEAT,-,FN
continuous_0164_S4_strategy2.npz,0-219,RICE,RICE,TP
continuous_0164_S4_strategy2.npz,219-330,FOUR,FOUR,TP
continuous_0164_S4_strategy2.npz,330-439,BLIND,BLIND,TP
continuous_0164_S4_strategy2.npz,439-549,-,MOTHER,FP
continuous_0164_S4_strategy2.npz,549-660,HELLO,HELLO,TP
continuous_0164_S4_strategy2.npz,660-769,FRIDAY,FRIDAY,TP
continuous_0164_S4_strategy2.npz,394-517,MOTHER,-,FN
continuous_0165_S4_strategy2.npz,0-84,COFFEE,COFFEE,TP
continuous_0165_S4_strategy2.npz,84-168,-,PARENTS,FP
continuous_0165_S4_strategy2.npz,168-339,MEAT,MEAT,TP
continuous_0165_S4_strategy2.npz,339-423,-,DON’T UNDERSTAND,FP
continuous_0165_S4_strategy2.npz,423-507,-,YES,FP
continuous_0165_S4_strategy2.npz,507-678,FOUR,FOUR,TP
continuous_0165_S4_strategy2.npz,678-762,MONDAY,MONDAY,TP
continuous_0165_S4_strategy2.npz,128-253,PARENTS,-,FN
continuous_0165_S4_strategy2.npz,380-509,DON’T UNDERSTAND,-,FN
continuous_0166_S4_strategy2.npz,0-76,FRIDAY,FRIDAY,TP
continuous_0166_S4_strategy2.npz,76-231,AUNTIE,AUNTIE,TP
continuous_0166_S4_strategy2.npz,231-387,FIVE,FIVE,TP
continuous_0166_S4_strategy2.npz,387-463,WINE,WINE,TP
continuous_0166_S4_strategy2.npz,463-696,THANK YOU,THANK YOU,TP
continuous_0166_S4_strategy2.npz,696-774,MAY,MAY,TP
continuous_0167_S4_strategy2.npz,0-126,JUNE,JUNE,TP
continuous_0167_S4_strategy2.npz,126-189,GREEN,GREEN,TP
continuous_0167_S4_strategy2.npz,189-252,-,YES,FP
continuous_0167_S4_strategy2.npz,252-378,SON,SON,TP
continuous_0167_S4_strategy2.npz,378-504,SEVEN,SEVEN,TP
continuous_0167_S4_strategy2.npz,504-567,HOW ARE YOU,HOW ARE YOU,TP
continuous_0167_S4_strategy2.npz,567-694,-,BREAD,FP
continuous_0167_S4_strategy2.npz,694-820,SPAGHETTI,SPAGHETTI,TP
continuous_0167_S4_strategy2.npz,820-885,TOMORROW,TOMORROW,TP
continuous_0168_S4_strategy2.npz,0-87,THREE,THREE,TP
continuous_0168_S4_strategy2.npz,87-177,-,SHRIMP,FP
continuous_0168_S4_strategy2.npz,177-264,-,HELLO,FP
continuous_0168_S4_strategy2.npz,264-354,-,SON,FP
continuous_0168_S4_strategy2.npz,354-442,-,WHITE,FP
continuous_0168_S4_strategy2.npz,442-619,DEAF,DEAF,TP
continuous_0168_S4_strategy2.npz,619-708,NO SUGAR,NO SUGAR,TP
continuous_0168_S4_strategy2.npz,708-796,-,SUGAR,FP
continuous_0168_S4_strategy2.npz,796-885,BROWN,BROWN,TP
continuous_0168_S4_strategy2.npz,124-249,SHRIMP,-,FN
continuous_0168_S4_strategy2.npz,249-375,HELLO,-,FN
continuous_0168_S4_strategy2.npz,375-500,SON,-,FN
continuous_0169_S4_strategy2.npz,0-87,EIGHT,EIGHT,TP
continuous_0169_S4_strategy2.npz,87-175,-,RED,FP
continuous_0169_S4_strategy2.npz,175-264,SPAGHETTI,SPAGHETTI,TP
continuous_0169_S4_strategy2.npz,264-351,-,BROWN,FP
continuous_0169_S4_strategy2.npz,351-439,YELLOW,YELLOW,TP
continuous_0169_S4_strategy2.npz,439-528,-,NOVEMBER,FP
continuous_0169_S4_strategy2.npz,528-703,THANK YOU,THANK YOU,TP
continuous_0169_S4_strategy2.npz,703-792,-,TODAY,FP
continuous_0169_S4_strategy2.npz,792-879,MAN,MAN,TP
continuous_0169_S4_strategy2.npz,378-500,NOVEMBER,-,FN
continuous_0169_S4_strategy2.npz,620-745,TODAY,-,FN
continuous_0170_S4_strategy2.npz,0-99,SUNDAY,SUNDAY,TP
continuous_0170_S4_strategy2.npz,99-198,GOOD AFTERNOON,GOOD AFTERNOON,TP
continuous_0170_S4_strategy2.npz,198-399,DAUGHTER,DAUGHTER,TP
continuous_0170_S4_strategy2.npz,399-597,SEPTEMBER,SEPTEMBER,TP
continuous_0170_S4_strategy2.npz,597-697,CHICKEN,CHICKEN,TP
continuous_0170_S4_strategy2.npz,697-798,-,WRONG,FP
continuous_0170_S4_strategy2.npz,798-897,NO SUGAR,NO SUGAR,TP
continuous_0170_S4_strategy2.npz,637-762,WRONG,-,FN
continuous_0171_S4_strategy2.npz,0-75,COLD,COLD,TP
continuous_0171_S4_strategy2.npz,75-228,MARCH,MARCH,TP
continuous_0171_S4_strategy2.npz,228-304,MARRIED,MARRIED,TP
continuous_0171_S4_strategy2.npz,304-381,-,WHITE,FP
continuous_0171_S4_strategy2.npz,381-534,FISH,FISH,TP
continuous_0171_S4_strategy2.npz,534-685,NICE TO MEET YOU,NICE TO MEET YOU,TP
continuous_0171_S4_strategy2.npz,685-762,GRAY,GRAY,TP
continuous_0172_S4_strategy2.npz,0-76,SEE YOU TOMORROW,SEE YOU TOMORROW,TP
continuous_0172_S4_strategy2.npz,76-154,-,AUNTIE,FP
continuous_0172_S4_strategy2.npz,154-232,ORANGE,ORANGE,TP
continuous_0172_S4_strategy2.npz,232-388,DON’T KNOW,DON’T KNOW,TP
continuous_0172_S4_strategy2.npz,388-543,JUNE,JUNE,TP
continuous_0172_S4_strategy2.npz,543-699,COLD,COLD,TP
continuous_0172_S4_strategy2.npz,699-777,DAUGHTER,DAUGHTER,TP
continuous_0173_S4_strategy2.npz,0-87,FATHER,FATHER,TP
continuous_0173_S4_strategy2.npz,87-177,KNOW,KNOW,TP
continuous_0173_S4_strategy2.npz,177-354,HOW ARE YOU,HOW ARE YOU,TP
continuous_0173_S4_strategy2.npz,354-531,MAY,MAY,TP
continuous_0173_S4_strategy2.npz,531-619,FRIDAY,FRIDAY,TP
continuous_0173_S4_strategy2.npz,619-708,-,EIGHT,FP
continuous_0173_S4_strategy2.npz,708-796,FISH,FISH,TP
continuous_0173_S4_strategy2.npz,796-885,MARRIED,MARRIED,TP
continuous_0174_S4_strategy2.npz,0-87,TUESDAY,TUESDAY,TP
continuous_0174_S4_strategy2.npz,87-265,-,FAST,FP
continuous_0174_S4_strategy2.npz,265-354,-,GOOD EVENING,FP
continuous_0174_S4_strategy2.npz,354-442,-,MONDAY,FP
continuous_0174_S4_strategy2.npz,442-531,-,MILK,FP
continuous_0174_S4_strategy2.npz,531-619,-,JANUARY,FP
continuous_0174_S4_strategy2.npz,619-708,UNCLE,UNCLE,TP
continuous_0174_S4_strategy2.npz,708-798,FISH,FISH,TP
continuous_0174_S4_strategy2.npz,798-886,WOMAN,WOMAN,TP
continuous_0174_S4_strategy2.npz,125-253,GOOD EVENING,-,FN
continuous_0174_S4_strategy2.npz,253-372,MILK,-,FN
continuous_0174_S4_strategy2.npz,372-501,JANUARY,-,FN
continuous_0175_S4_strategy2.npz,0-84,BREAD,BREAD,TP
continuous_0175_S4_strategy2.npz,84-168,-,MILK,FP
continuous_0175_S4_strategy2.npz,168-336,DECEMBER,DECEMBER,TP
continuous_0175_S4_strategy2.npz,336-504,IM FINE,IM FINE,TP
continuous_0175_S4_strategy2.npz,504-672,BROWN,BROWN,TP
continuous_0175_S4_strategy2.npz,672-840,FRIDAY,FRIDAY,TP
continuous_0175_S4_strategy2.npz,840-924,DEAF,DEAF,TP
continuous_0175_S4_strategy2.npz,127-262,MILK,-,FN
continuous_0176_S4_strategy2.npz,0-73,RICE,RICE,TP
continuous_0176_S4_strategy2.npz,73-148,-,GOOD EVENING,FP
continuous_0176_S4_strategy2.npz,148-298,FRIDAY,FRIDAY,TP
continuous_0176_S4_strategy2.npz,298-448,WOMAN,WOMAN,TP
continuous_0176_S4_strategy2.npz,448-598,YES,YES,TP
continuous_0176_S4_strategy2.npz,598-673,LIGHT,LIGHT,TP
continuous_0176_S4_strategy2.npz,673-748,HOT,HOT,TP
continuous_0176_S4_strategy2.npz,748-823,-,NO,FP
continuous_0176_S4_strategy2.npz,823-898,PARENTS,PARENTS,TP
continuous_0177_S4_strategy2.npz,0-84,AUGUST,AUGUST,TP
continuous_0177_S4_strategy2.npz,84-252,-,APRIL,FP
continuous_0177_S4_strategy2.npz,252-336,GIRL,GIRL,TP
continuous_0177_S4_strategy2.npz,336-420,DON’T KNOW,DON’T KNOW,TP
continuous_0177_S4_strategy2.npz,420-504,SHRIMP,SHRIMP,TP
continuous_0177_S4_strategy2.npz,504-588,-,NICE TO MEET YOU,FP
continuous_0177_S4_strategy2.npz,588-756,TEA,TEA,TP
continuous_0177_S4_strategy2.npz,756-840,SATURDAY,SATURDAY,TP
continuous_0177_S4_strategy2.npz,840-924,DAUGHTER,DAUGHTER,TP
continuous_0178_S4_strategy2.npz,0-84,SUNDAY,SUNDAY,TP
continuous_0178_S4_strategy2.npz,84-252,MEAT,MEAT,TP
continuous_0178_S4_strategy2.npz,252-420,GOOD EVENING,GOOD EVENING,TP
continuous_0178_S4_strategy2.npz,420-588,HOT,HOT,TP
continuous_0178_S4_strategy2.npz,588-672,DON’T UNDERSTAND,DON’T UNDERSTAND,TP
continuous_0178_S4_strategy2.npz,672-756,FATHER,FATHER,TP
continuous_0179_S4_strategy2.npz,0-90,GREEN,GREEN,TP
continuous_0179_S4_strategy2.npz,90-270,TOMORROW,TOMORROW,TP
continuous_0179_S4_strategy2.npz,270-450,HOT,HOT,TP
continuous_0179_S4_strategy2.npz,450-540,MEAT,MEAT,TP
continuous_0179_S4_strategy2.npz,540-631,DEAF BLIND,DEAF BLIND,TP
continuous_0179_S4_strategy2.npz,631-811,NICE TO MEET YOU,NICE TO MEET YOU,TP
continuous_0179_S4_strategy2.npz,811-903,JUNE,JUNE,TP
continuous_0180_S4_strategy2.npz,0-75,SON,SON,TP
continuous_0180_S4_strategy2.npz,75-153,-,SHRIMP,FP
continuous_0180_S4_strategy2.npz,153-306,COLD,COLD,TP
continuous_0180_S4_strategy2.npz,306-384,UNDERSTAND,UNDERSTAND,TP
continuous_0180_S4_strategy2.npz,384-460,-,DON’T UNDERSTAND,FP
continuous_0180_S4_strategy2.npz,460-615,GIRL,GIRL,TP
continuous_0180_S4_strategy2.npz,615-691,BLUE,BLUE,TP
continuous_0180_S4_strategy2.npz,691-768,GOOD EVENING,GOOD EVENING,TP
continuous_0181_S4_strategy2.npz,0-111,SATURDAY,SATURDAY,TP
continuous_0181_S4_strategy2.npz,111-222,CORRECT,CORRECT,TP
continuous_0181_S4_strategy2.npz,222-444,TEA,TEA,TP
continuous_0181_S4_strategy2.npz,444-555,COUSIN,COUSIN,TP
continuous_0181_S4_strategy2.npz,555-666,OCTOBER,OCTOBER,TP
continuous_0181_S4_strategy2.npz,666-778,HOW ARE YOU,HOW ARE YOU,TP
continuous_0182_S4_strategy2.npz,0-99,KNOW,KNOW,TP
continuous_0182_S4_strategy2.npz,99-199,WINE,WINE,TP
continuous_0182_S4_strategy2.npz,199-300,-,GRANDFATHER,FP
continuous_0182_S4_strategy2.npz,300-399,-,GRANDMOTHER,FP
continuous_0182_S4_strategy2.npz,399-499,HARD OF HEARING,HARD OF HEARING,TP
continuous_0182_S4_strategy2.npz,499-600,YELLOW,YELLOW,TP
continuous_0182_S4_strategy2.npz,600-699,YESTERDAY,YESTERDAY,TP
continuous_0182_S4_strategy2.npz,699-799,-,BREAD,FP
continuous_0182_S4_strategy2.npz,799-900,THANK YOU,THANK YOU,TP
continuous_0182_S4_strategy2.npz,260-382,GRANDFATHER,-,FN
continuous_0183_S4_strategy2.npz,0-81,GOOD MORNING,GOOD MORNING,TP
continuous_0183_S4_strategy2.npz,81-163,-,THREE,FP
continuous_0183_S4_strategy2.npz,163-245,GRAY,GRAY,TP
continuous_0183_S4_strategy2.npz,245-327,-,JUICE,FP
continuous_0183_S4_strategy2.npz,327-409,JUNE,JUNE,TP
continuous_0183_S4_strategy2.npz,409-491,-,SEE YOU TOMORROW,FP
continuous_0183_S4_strategy2.npz,491-573,MILK,MILK,TP
continuous_0183_S4_strategy2.npz,573-655,DEAF BLIND,DEAF BLIND,TP
continuous_0183_S4_strategy2.npz,655-738,DON’T KNOW,DON’T KNOW,TP
continuous_0183_S4_strategy2.npz,738-819,-,AUNTIE,FP
continuous_0183_S4_strategy2.npz,819-903,THURSDAY,THURSDAY,TP
continuous_0184_S4_strategy2.npz,0-99,HOT,HOT,TP
continuous_0184_S4_strategy2.npz,99-198,SEE YOU TOMORROW,SEE YOU TOMORROW,TP
continuous_0184_S4_strategy2.npz,198-297,-,GOOD EVENING,FP
continuous_0184_S4_strategy2.npz,297-396,MAN,MAN,TP
continuous_0184_S4_strategy2.npz,396-496,YES,YES,TP
continuous_0184_S4_strategy2.npz,496-595,OCTOBER,OCTOBER,TP
continuous_0184_S4_strategy2.npz,595-696,SON,SON,TP
continuous_0184_S4_strategy2.npz,696-795,-,DAUGHTER,FP
continuous_0184_S4_strategy2.npz,795-894,VIOLET,VIOLET,TP
continuous_0185_S4_strategy2.npz,0-190,UNCLE,UNCLE,TP
continuous_0185_S4_strategy2.npz,190-286,SLOW,SLOW,TP
continuous_0185_S4_strategy2.npz,286-477,GOOD AFTERNOON,GOOD AFTERNOON,TP
continuous_0185_S4_strategy2.npz,477-573,BOY,BOY,TP
continuous_0185_S4_strategy2.npz,573-669,JUICE,JUICE,TP
continuous_0185_S4_strategy2.npz,669-765,APRIL,APRIL,TP
continuous_0186_S4_strategy2.npz,0-99,NOVEMBER,NOVEMBER,TP
continuous_0186_S4_strategy2.npz,99-198,AUNTIE,AUNTIE,TP
continuous_0186_S4_strategy2.npz,198-297,-,GOOD EVENING,FP
continuous_0186_S4_strategy2.npz,297-396,MAN,MAN,TP
continuous_0186_S4_strategy2.npz,396-495,YELLOW,YELLOW,TP
continuous_0186_S4_strategy2.npz,495-594,SUNDAY,SUNDAY,TP
continuous_0186_S4_strategy2.npz,594-693,-,FEBRUARY,FP
continuous_0186_S4_strategy2.npz,693-792,JUICE,JUICE,TP
continuous_0186_S4_strategy2.npz,792-891,YOURE WELCOME,YOURE WELCOME,TP
continuous_0187_S4_strategy2.npz,0-96,BOY,BOY,TP
continuous_0187_S4_strategy2.npz,96-192,AUGUST,AUGUST,TP
continuous_0187_S4_strategy2.npz,192-289,-,THANK YOU,FP
continuous_0187_S4_strategy2.npz,289-387,-,PARENTS,FP
continuous_0187_S4_strategy2.npz,387-483,-,RED,FP
continuous_0187_S4_strategy2.npz,483-579,CORRECT,CORRECT,TP
continuous_0187_S4_strategy2.npz,579-774,SATURDAY,SATURDAY,TP
continuous_0187_S4_strategy2.npz,774-870,BEER,BEER,TP
continuous_0187_S4_strategy2.npz,251-372,THANK YOU,-,FN
continuous_0187_S4_strategy2.npz,372-492,PARENTS,-,FN
continuous_0188_S4_strategy2.npz,0-175,YESTERDAY,YESTERDAY,TP
continuous_0188_S4_strategy2.npz,175-351,HARD OF HEARING,HARD OF HEARING,TP
continuous_0188_S4_strategy2.npz,351-528,DON’T UNDERSTAND,DON’T UNDERSTAND,TP
continuous_0188_S4_strategy2.npz,528-615,-,AUNTIE,FP
continuous_0188_S4_strategy2.npz,615-703,-,APRIL,FP
continuous_0188_S4_strategy2.npz,703-792,BEER,BEER,TP
continuous_0188_S4_strategy2.npz,403-531,AUNTIE,-,FN
continuous_0188_S4_strategy2.npz,531-659,APRIL,-,FN
continuous_0189_S4_strategy2.npz,0-87,SLOW,SLOW,TP
continuous_0189_S4_strategy2.npz,87-175,WINE,WINE,TP
continuous_0189_S4_strategy2.npz,175-264,-,OCTOBER,FP
continuous_0189_S4_strategy2.npz,264-352,-,GRANDFATHER,FP
continuous_0189_S4_strategy2.npz,352-441,-,MONDAY,FP
continuous_0189_S4_strategy2.npz,441-528,-,WEDNESDAY,FP
continuous_0189_S4_strategy2.npz,528-618,-,SUGAR,FP
continuous_0189_S4_strategy2.npz,618-793,LIGHT,LIGHT,TP
continuous_0189_S4_strategy2.npz,793-882,HOW ARE YOU,HOW ARE YOU,TP
continuous_0189_S4_strategy2.npz,251-355,OCTOBER,-,FN
continuous_0189_S4_strategy2.npz,355-475,GRANDFATHER,-,FN
continuous_0189_S4_strategy2.npz,475-619,WEDNESDAY,-,FN
continuous_0190_S4_strategy2.npz,0-87,AUNTIE,AUNTIE,TP
continuous_0190_S4_strategy2.npz,87-177,WHITE,WHITE,TP
continuous_0190_S4_strategy2.npz,177-265,-,UNDERSTAND,FP
continuous_0190_S4_strategy2.npz,265-354,-,NO SUGAR,FP
continuous_0190_S4_strategy2.npz,354-442,-,TEN,FP
continuous_0190_S4_strategy2.npz,442-531,-,HOW ARE YOU,FP
continuous_0190_S4_strategy2.npz,531-619,-,THANK YOU,FP
continuous_0190_S4_strategy2.npz,619-798,TODAY,TODAY,TP
continuous_0190_S4_strategy2.npz,798-886,DEAF BLIND,DEAF BLIND,TP
continuous_0190_S4_strategy2.npz,253-362,UNDERSTAND,-,FN
continuous_0190_S4_strategy2.npz,362-495,NO SUGAR,-,FN
continuous_0190_S4_strategy2.npz,495-619,HOW ARE YOU,-,FN
continuous_0191_S4_strategy2.npz,0-99,DEAF,DEAF,TP
continuous_0191_S4_strategy2.npz,99-201,-,MOTHER,FP
continuous_0191_S4_strategy2.npz,201-301,TUESDAY,TUESDAY,TP
continuous_0191_S4_strategy2.npz,301-402,-,AUNTIE,FP
continuous_0191_S4_strategy2.npz,402-502,BLUE,BLUE,TP
continuous_0191_S4_strategy2.npz,502-603,FEBRUARY,FEBRUARY,TP
continuous_0191_S4_strategy2.npz,603-805,CORRECT,CORRECT,TP
continuous_0191_S4_strategy2.npz,805-906,HELLO,HELLO,TP
continuous_0191_S4_strategy2.npz,137-258,MOTHER,-,FN
continuous_0192_S4_strategy2.npz,0-138,WOMAN,WOMAN,TP
continuous_0192_S4_strategy2.npz,138-276,YES,YES,TP
continuous_0192_S4_strategy2.npz,276-414,GOOD MORNING,GOOD MORNING,TP
continuous_0192_S4_strategy2.npz,414-483,BROWN,BROWN,TP
continuous_0192_S4_strategy2.npz,483-553,-,SUGAR,FP
continuous_0192_S4_strategy2.npz,553-691,DECEMBER,DECEMBER,TP
continuous_0192_S4_strategy2.npz,691-760,-,MOTHER,FP
continuous_0192_S4_strategy2.npz,636-761,MOTHER,-,FN
continuous_0193_S4_strategy2.npz,0-159,BROWN,BROWN,TP
continuous_0193_S4_strategy2.npz,159-240,FEBRUARY,FEBRUARY,TP
continuous_0193_S4_strategy2.npz,240-321,-,JANUARY,FP
continuous_0193_S4_strategy2.npz,321-402,MAY,MAY,TP
continuous_0193_S4_strategy2.npz,402-562,DECEMBER,DECEMBER,TP
continuous_0193_S4_strategy2.npz,562-642,JUNE,JUNE,TP
continuous_0193_S4_strategy2.npz,642-723,-,DECEMBER,FP
continuous_0193_S4_strategy2.npz,723-804,JANUARY,JANUARY,TP
continuous_0193_S4_strategy2.npz,804-885,CORRECT,CORRECT,TP
continuous_0194_S4_strategy2.npz,0-78,DON’T UNDERSTAND,DON’T UNDERSTAND,TP
continuous_0194_S4_strategy2.npz,78-156,-,MONDAY,FP
continuous_0194_S4_strategy2.npz,156-313,SUNDAY,SUNDAY,TP
continuous_0194_S4_strategy2.npz,313-471,DARK,DARK,TP
continuous_0194_S4_strategy2.npz,471-549,DEAF BLIND,DEAF BLIND,TP
continuous_0194_S4_strategy2.npz,549-627,GRANDFATHER,GRANDFATHER,TP
continuous_0194_S4_strategy2.npz,627-705,-,HELLO,FP
continuous_0194_S4_strategy2.npz,705-784,OCTOBER,OCTOBER,TP
continuous_0195_S4_strategy2.npz,0-75,UNCLE,UNCLE,TP
continuous_0195_S4_strategy2.npz,75-150,-,FATHER,FP
continuous_0195_S4_strategy2.npz,150-225,-,RED,FP
continuous_0195_S4_strategy2.npz,225-300,-,JULY,FP
continuous_0195_S4_strategy2.npz,300-375,-,MAY,FP
continuous_0195_S4_strategy2.npz,375-525,-,AUGUST,FP
continuous_0195_S4_strategy2.npz,525-675,BROWN,BROWN,TP
continuous_0195_S4_strategy2.npz,675-825,DEAF,DEAF,TP
continuous_0195_S4_strategy2.npz,825-900,MAY,MAY,TP
continuous_0195_S4_strategy2.npz,133-257,FATHER,-,FN
continuous_0195_S4_strategy2.npz,257-387,RED,-,FN
continuous_0195_S4_strategy2.npz,387-513,MAY,-,FN
continuous_0196_S4_strategy2.npz,0-99,MOTHER,MOTHER,TP
continuous_0196_S4_strategy2.npz,99-201,-,JANUARY,FP
continuous_0196_S4_strategy2.npz,201-301,JULY,JULY,TP
continuous_0196_S4_strategy2.npz,301-402,BROWN,BROWN,TP
continuous_0196_S4_strategy2.npz,402-603,APRIL,APRIL,TP
continuous_0196_S4_strategy2.npz,603-705,LIGHT,LIGHT,TP
continuous_0196_S4_strategy2.npz,705-805,KNOW,KNOW,TP
continuous_0196_S4_strategy2.npz,805-906,DECEMBER,DECEMBER,TP
continuous_0197_S4_strategy2.npz,0-84,VIOLET,VIOLET,TP
continuous_0197_S4_strategy2.npz,84-168,NO,NO,TP
continuous_0197_S4_strategy2.npz,168-339,WEDNESDAY,WEDNESDAY,TP
continuous_0197_S4_strategy2.npz,339-423,-,GRANDMOTHER,FP
continuous_0197_S4_strategy2.npz,423-508,-,MOTHER,FP
continuous_0197_S4_strategy2.npz,508-678,DEAF,DEAF,TP
continuous_0197_S4_strategy2.npz,678-763,-,FEBRUARY,FP
continuous_0197_S4_strategy2.npz,371-497,GRANDMOTHER,-,FN
continuous_0197_S4_strategy2.npz,633-763,FEBRUARY,-,FN
continuous_0198_S4_strategy2.npz,0-181,VIOLET,VIOLET,TP
continuous_0198_S4_strategy2.npz,181-363,WHITE,WHITE,TP
continuous_0198_S4_strategy2.npz,363-546,BLACK,BLACK,TP
continuous_0198_S4_strategy2.npz,546-636,-,YES,FP
continuous_0198_S4_strategy2.npz,636-727,GRANDFATHER,GRANDFATHER,TP
continuous_0198_S4_strategy2.npz,727-819,BLACK,BLACK,TP
continuous_0198_S4_strategy2.npz,819-909,OCTOBER,OCTOBER,TP
continuous_0198_S4_strategy2.npz,398-523,YES,-,FN
continuous_0199_S4_strategy2.npz,0-99,ORANGE,ORANGE,TP
continuous_0199_S4_strategy2.npz,99-198,MONDAY,MONDAY,TP
continuous_0199_S4_strategy2.npz,198-298,-,BEER,FP
continuous_0199_S4_strategy2.npz,298-498,BLACK,BLACK,TP
continuous_0199_S4_strategy2.npz,498-598,GRANDMOTHER,GRANDMOTHER,TP
continuous_0199_S4_strategy2.npz,598-699,DARK,DARK,TP
continuous_0199_S4_strategy2.npz,699-798,PARENTS,PARENTS,TP
continuous_0199_S4_strategy2.npz,798-898,WHITE,WHITE,TP
continuous_0200_S4_strategy2.npz,0-94,HARD OF HEARING,HARD OF HEARING,TP
continuous_0200_S4_strategy2.npz,94-190,AUNTIE,AUNTIE,TP
continuous_0200_S4_strategy2.npz,190-382,THURSDAY,THURSDAY,TP
continuous_0200_S4_strategy2.npz,382-573,SEPTEMBER,SEPTEMBER,TP
continuous_0200_S4_strategy2.npz,573-669,BLUE,BLUE,TP
continuous_0200_S4_strategy2.npz,669-765,UNDERSTAND,UNDERSTAND,TP
continuous_0201_S4_strategy2.npz,0-99,SLOW,SLOW,TP
continuous_0201_S4_strategy2.npz,99-198,APRIL,APRIL,TP
continuous_0201_S4_strategy2.npz,198-397,NOVEMBER,NOVEMBER,TP
continuous_0201_S4_strategy2.npz,397-597,OCTOBER,OCTOBER,TP
continuous_0201_S4_strategy2.npz,597-696,AUGUST,AUGUST,TP
continuous_0201_S4_strategy2.npz,696-795,BLUE,BLUE,TP
continuous_0201_S4_strategy2.npz,795-895,MAY,MAY,TP
continuous_0202_S4_strategy2.npz,0-174,GRAY,GRAY,TP
continuous_0202_S4_strategy2.npz,174-349,MARCH,MARCH,TP
continuous_0202_S4_strategy2.npz,349-436,GREEN,GREEN,TP
continuous_0202_S4_strategy2.npz,436-525,-,MOTHER,FP
continuous_0202_S4_strategy2.npz,525-612,BLUE,BLUE,TP
continuous_0202_S4_strategy2.npz,612-786,UNDERSTAND,UNDERSTAND,TP
continuous_0202_S4_strategy2.npz,786-874,GRANDMOTHER,GRANDMOTHER,TP
continuous_0202_S4_strategy2.npz,383-508,MOTHER,-,FN
continuous_0203_S4_strategy2.npz,0-88,LIGHT,LIGHT,TP
continuous_0203_S4_strategy2.npz,88-178,-,SUNDAY,FP
continuous_0203_S4_strategy2.npz,178-357,WRONG,WRONG,TP
continuous_0203_S4_strategy2.npz,357-447,APRIL,APRIL,TP
continuous_0203_S4_strategy2.npz,447-625,VIOLET,VIOLET,TP
continuous_0203_S4_strategy2.npz,625-715,BLACK,BLACK,TP
continuous_0203_S4_strategy2.npz,715-804,RED,RED,TP
continuous_0203_S4_strategy2.npz,804-894,JANUARY,JANUARY,TP
continuous_0204_S4_strategy2.npz,0-252,DECEMBER,DECEMBER,TP
continuous_0204_S4_strategy2.npz,252-336,DON’T UNDERSTAND,DON’T UNDERSTAND,TP
continuous_0204_S4_strategy2.npz,336-420,BLACK,BLACK,TP
continuous_0204_S4_strategy2.npz,420-504,RED,RED,TP
continuous_0204_S4_strategy2.npz,504-588,-,MARCH,FP
continuous_0204_S4_strategy2.npz,588-672,NOVEMBER,NOVEMBER,TP
continuous_0204_S4_strategy2.npz,672-756,KNOW,KNOW,TP
continuous_0204_S4_strategy2.npz,756-840,-,BLUE,FP
continuous_0204_S4_strategy2.npz,840-924,BROWN,BROWN,TP
continuous_0205_S4_strategy2.npz,0-102,MARCH,MARCH,TP
continuous_0205_S4_strategy2.npz,102-306,ORANGE,ORANGE,TP
continuous_0205_S4_strategy2.npz,306-408,-,FATHER,FP
continuous_0205_S4_strategy2.npz,408-612,PINK,PINK,TP
continuous_0205_S4_strategy2.npz,612-816,SEPTEMBER,SEPTEMBER,TP
continuous_0205_S4_strategy2.npz,816-919,BROWN,BROWN,TP
continuous_0205_S4_strategy2.npz,259-390,ORANGE,-,FN
continuous_0205_S4_strategy2.npz,390-516,FATHER,-,FN
continuous_0206_S4_strategy2.npz,0-96,GRANDFATHER,GRANDFATHER,TP
continuous_0206_S4_strategy2.npz,96-193,-,JUNE,FP
continuous_0206_S4_strategy2.npz,193-291,-,DECEMBER,FP
continuous_0206_S4_strategy2.npz,291-387,BLUE,BLUE,TP
continuous_0206_S4_strategy2.npz,129-257,DECEMBER,-,FN
continuous_0207_S4_strategy2.npz,0-138,GREEN,GREEN,TP
continuous_0208_S5_strategy2.npz,0-166,NICE TO MEET YOU,NICE TO MEET YOU,TP
continuous_0208_S5_strategy2.npz,166-333,JANUARY,JANUARY,TP
continuous_0208_S5_strategy2.npz,333-501,SATURDAY,SATURDAY,TP
continuous_0208_S5_strategy2.npz,501-669,KNOW,KNOW,TP
continuous_0208_S5_strategy2.npz,669-753,-,SON,FP
continuous_0208_S5_strategy2.npz,753-837,HOT,HOT,TP
continuous_0208_S5_strategy2.npz,837-921,BREAD,BREAD,TP
continuous_0208_S5_strategy2.npz,522-663,SON,-,FN
continuous_0209_S5_strategy2.npz,0-88,WEELCHAIR PERSON,WEELCHAIR PERSON,TP
continuous_0209_S5_strategy2.npz,88-177,THANK YOU,THANK YOU,TP
continuous_0209_S5_strategy2.npz,177-267,-,SUGAR,FP
continuous_0209_S5_strategy2.npz,267-355,-,DAUGHTER,FP
continuous_0209_S5_strategy2.npz,355-444,-,HARD OF HEARING,FP
continuous_0209_S5_strategy2.npz,444-622,TUESDAY,TUESDAY,TP
continuous_0209_S5_strategy2.npz,622-801,CRAB,CRAB,TP
continuous_0209_S5_strategy2.npz,801-889,WRONG,WRONG,TP
continuous_0209_S5_strategy2.npz,249-377,SUGAR,-,FN
continuous_0209_S5_strategy2.npz,377-504,DAUGHTER,-,FN
continuous_0210_S5_strategy2.npz,0-150,TUESDAY,TUESDAY,TP
continuous_0210_S5_strategy2.npz,150-300,SEPTEMBER,SEPTEMBER,TP
continuous_0210_S5_strategy2.npz,300-450,SHRIMP,SHRIMP,TP
continuous_0210_S5_strategy2.npz,450-525,MAN,MAN,TP
continuous_0210_S5_strategy2.npz,525-600,-,ORANGE,FP
continuous_0210_S5_strategy2.npz,600-675,-,JUICE,FP
continuous_0210_S5_strategy2.npz,675-750,-,TUESDAY,FP
continuous_0210_S5_strategy2.npz,750-825,DON’T UNDERSTAND,DON’T UNDERSTAND,TP
continuous_0210_S5_strategy2.npz,825-900,NICE TO MEET YOU,NICE TO MEET YOU,TP
continuous_0210_S5_strategy2.npz,509-637,JUICE,-,FN
continuous_0211_S5_strategy2.npz,0-73,TUESDAY,TUESDAY,TP
continuous_0211_S5_strategy2.npz,73-148,-,THURSDAY,FP
continuous_0211_S5_strategy2.npz,148-223,FISH,FISH,TP
continuous_0211_S5_strategy2.npz,223-298,-,WHITE,FP
continuous_0211_S5_strategy2.npz,298-373,HELLO,HELLO,TP
continuous_0211_S5_strategy2.npz,373-447,THREE,THREE,TP
continuous_0211_S5_strategy2.npz,447-522,-,NO SUGAR,FP
continuous_0211_S5_strategy2.npz,522-672,HOT,HOT,TP
continuous_0211_S5_strategy2.npz,672-747,PINK,PINK,TP
continuous_0212_S5_strategy2.npz,0-75,WOMAN,WOMAN,TP
continuous_0212_S5_strategy2.npz,75-225,-,ORANGE,FP
continuous_0212_S5_strategy2.npz,225-375,NINE,NINE,TP
continuous_0212_S5_strategy2.npz,375-525,-,APRIL,FP
continuous_0212_S5_strategy2.npz,525-675,-,WEDNESDAY,FP
continuous_0212_S5_strategy2.npz,675-750,-,CORRECT,FP
continuous_0212_S5_strategy2.npz,750-825,GRAY,GRAY,TP
continuous_0212_S5_strategy2.npz,825-901,PARENTS,PARENTS,TP
continuous_0212_S5_strategy2.npz,256-385,APRIL,-,FN
continuous_0212_S5_strategy2.npz,385-513,WEDNESDAY,-,FN
continuous_0212_S5_strategy2.npz,513-641,CORRECT,-,FN
continuous_0213_S5_strategy2.npz,0-108,BREAD,BREAD,TP
continuous_0213_S5_strategy2.npz,108-325,KNOW,KNOW,TP
continuous_0213_S5_strategy2.npz,325-435,MARCH,MARCH,TP
continuous_0213_S5_strategy2.npz,435-543,-,HARD OF HEARING,FP
continuous_0213_S5_strategy2.npz,543-652,COLD,COLD,TP
continuous_0213_S5_strategy2.npz,652-762,YELLOW,YELLOW,TP
continuous_0213_S5_strategy2.npz,376-503,HARD OF HEARING,-,FN
continuous_0214_S5_strategy2.npz,0-76,AUGUST,AUGUST,TP
continuous_0214_S5_strategy2.npz,76-153,-,JANUARY,FP
continuous_0214_S5_strategy2.npz,153-231,PINK,PINK,TP
continuous_0214_S5_strategy2.npz,231-387,DEAF BLIND,DEAF BLIND,TP
continuous_0214_S5_strategy2.npz,387-463,FISH,FISH,TP
continuous_0214_S5_strategy2.npz,463-540,-,SPAGHETTI,FP
continuous_0214_S5_strategy2.npz,540-696,THANK YOU,THANK YOU,TP
continuous_0214_S5_strategy2.npz,696-774,GRANDMOTHER,GRANDMOTHER,TP
continuous_0215_S5_strategy2.npz,0-73,KNOW,KNOW,TP
continuous_0215_S5_strategy2.npz,73-147,-,SHRIMP,FP
continuous_0215_S5_strategy2.npz,147-222,-,RICE,FP
continuous_0215_S5_strategy2.npz,222-372,NICE TO MEET YOU,NICE TO MEET YOU,TP
continuous_0215_S5_strategy2.npz,372-519,MOTHER,MOTHER,TP
continuous_0215_S5_strategy2.npz,519-669,SEPTEMBER,SEPTEMBER,TP
continuous_0215_S5_strategy2.npz,669-817,SIX,SIX,TP
continuous_0215_S5_strategy2.npz,817-892,PINK,PINK,TP
continuous_0215_S5_strategy2.npz,127-249,SHRIMP,-,FN
continuous_0216_S5_strategy2.npz,0-169,TWO,TWO,TP
continuous_0216_S5_strategy2.npz,169-255,DECEMBER,DECEMBER,TP
continuous_0216_S5_strategy2.npz,255-426,TEA,TEA,TP
continuous_0216_S5_strategy2.npz,426-511,FRIDAY,FRIDAY,TP
continuous_0216_S5_strategy2.npz,511-597,-,SEVEN,FP
continuous_0216_S5_strategy2.npz,597-682,UNCLE,UNCLE,TP
continuous_0216_S5_strategy2.npz,682-768,GOOD AFTERNOON,GOOD AFTERNOON,TP
continuous_0217_S5_strategy2.npz,0-124,THURSDAY,THURSDAY,TP
continuous_0217_S5_strategy2.npz,124-250,RICE,RICE,TP
continuous_0217_S5_strategy2.npz,250-376,YELLOW,YELLOW,TP
continuous_0217_S5_strategy2.npz,376-502,FIVE,FIVE,TP
continuous_0217_S5_strategy2.npz,502-628,WINE,WINE,TP
continuous_0217_S5_strategy2.npz,628-754,WRONG,WRONG,TP
continuous_0218_S5_strategy2.npz,0-138,ORANGE,ORANGE,TP
continuous_0218_S5_strategy2.npz,138-277,TOMORROW,TOMORROW,TP
continuous_0218_S5_strategy2.npz,277-417,BREAD,BREAD,TP
continuous_0218_S5_strategy2.npz,417-555,TWO,TWO,TP
continuous_0218_S5_strategy2.npz,555-625,SEE YOU TOMORROW,SEE YOU TOMORROW,TP
continuous_0218_S5_strategy2.npz,625-696,-,TOMORROW,FP
continuous_0218_S5_strategy2.npz,696-834,SUGAR,SUGAR,TP
continuous_0218_S5_strategy2.npz,834-904,SLOW,SLOW,TP
continuous_0219_S5_strategy2.npz,0-81,SUNDAY,SUNDAY,TP
continuous_0219_S5_strategy2.npz,81-162,-,GOOD MORNING,FP
continuous_0219_S5_strategy2.npz,162-327,FATHER,FATHER,TP
continuous_0219_S5_strategy2.npz,327-408,-,COLD,FP
continuous_0219_S5_strategy2.npz,408-571,BOY,BOY,TP
continuous_0219_S5_strategy2.npz,571-654,-,TUESDAY,FP
continuous_0219_S5_strategy2.npz,654-817,DON’T UNDERSTAND,DON’T UNDERSTAND,TP
continuous_0219_S5_strategy2.npz,817-900,AUGUST,AUGUST,TP
continuous_0219_S5_strategy2.npz,127-260,GOOD MORNING,-,FN
continuous_0219_S5_strategy2.npz,387-515,COLD,-,FN
continuous_0220_S5_strategy2.npz,0-192,TOMORROW,TOMORROW,TP
continuous_0220_S5_strategy2.npz,192-288,MEAT,MEAT,TP
continuous_0220_S5_strategy2.npz,288-384,FEBRUARY,FEBRUARY,TP
continuous_0220_S5_strategy2.npz,384-576,GIRL,GIRL,TP
continuous_0220_S5_strategy2.npz,576-672,WRONG,WRONG,TP
continuous_0220_S5_strategy2.npz,672-769,BLACK,BLACK,TP
continuous_0221_S5_strategy2.npz,0-76,LIGHT,LIGHT,TP
continuous_0221_S5_strategy2.npz,76-153,-,SUNDAY,FP
continuous_0221_S5_strategy2.npz,153-231,GRANDFATHER,GRANDFATHER,TP
continuous_0221_S5_strategy2.npz,231-307,JUICE,JUICE,TP
continuous_0221_S5_strategy2.npz,307-384,-,SEPTEMBER,FP
continuous_0221_S5_strategy2.npz,384-462,MARCH,MARCH,TP
continuous_0221_S5_strategy2.npz,462-538,-,HOT,FP
continuous_0221_S5_strategy2.npz,538-693,SIX,SIX,TP
continuous_0221_S5_strategy2.npz,693-771,HARD OF HEARING,HARD OF HEARING,TP
continuous_0222_S5_strategy2.npz,0-88,DEAF BLIND,DEAF BLIND,TP
continuous_0222_S5_strategy2.npz,88-178,FAST,FAST,TP
continuous_0222_S5_strategy2.npz,178-267,-,ONE,FP
continuous_0222_S5_strategy2.npz,267-357,-,NOVEMBER,FP
continuous_0222_S5_strategy2.npz,357-447,-,RED,FP
continuous_0222_S5_strategy2.npz,447-625,SPAGHETTI,SPAGHETTI,TP
continuous_0222_S5_strategy2.npz,625-804,WINE,WINE,TP
continuous_0222_S5_strategy2.npz,804-894,ORANGE,ORANGE,TP
continuous_0222_S5_strategy2.npz,253-381,ONE,-,FN
continuous_0222_S5_strategy2.npz,381-508,NOVEMBER,-,FN
continuous_0223_S5_strategy2.npz,0-156,YES,YES,TP
continuous_0223_S5_strategy2.npz,156-312,YOURE WELCOME,YOURE WELCOME,TP
continuous_0223_S5_strategy2.npz,312-468,SPAGHETTI,SPAGHETTI,TP
continuous_0223_S5_strategy2.npz,468-546,-,SEPTEMBER,FP
continuous_0223_S5_strategy2.npz,546-702,HOT,HOT,TP
continuous_0223_S5_strategy2.npz,702-780,TODAY,TODAY,TP
continuous_0223_S5_strategy2.npz,396-524,SEPTEMBER,-,FN
continuous_0224_S5_strategy2.npz,0-106,AUNTIE,AUNTIE,TP
continuous_0224_S5_strategy2.npz,106-214,TUESDAY,TUESDAY,TP
continuous_0224_S5_strategy2.npz,214-322,WINE,WINE,TP
continuous_0224_S5_strategy2.npz,322-430,ORANGE,ORANGE,TP
continuous_0224_S5_strategy2.npz,430-538,EGG,EGG,TP
continuous_0224_S5_strategy2.npz,538-646,-,THREE,FP
continuous_0224_S5_strategy2.npz,646-754,NO,NO,TP
continuous_0225_S5_strategy2.npz,0-81,AUGUST,AUGUST,TP
continuous_0225_S5_strategy2.npz,81-243,HOT,HOT,TP
continuous_0225_S5_strategy2.npz,243-325,TODAY,TODAY,TP
continuous_0225_S5_strategy2.npz,325-406,-,BLUE,FP
continuous_0225_S5_strategy2.npz,406-570,EGG,EGG,TP
continuous_0225_S5_strategy2.npz,570-651,-,SON,FP
continuous_0225_S5_strategy2.npz,651-814,-,GRANDMOTHER,FP
continuous_0225_S5_strategy2.npz,814-897,NINE,NINE,TP
continuous_0225_S5_strategy2.npz,382-509,BLUE,-,FN
continuous_0225_S5_strategy2.npz,636-764,SON,-,FN
continuous_0226_S5_strategy2.npz,0-72,DARK,DARK,TP
continuous_0226_S5_strategy2.npz,72-147,-,SON,FP
continuous_0226_S5_strategy2.npz,147-294,-,GRANDMOTHER,FP
continuous_0226_S5_strategy2.npz,294-366,RICE,RICE,TP
continuous_0226_S5_strategy2.npz,366-441,SUNDAY,SUNDAY,TP
continuous_0226_S5_strategy2.npz,441-514,-,MILK,FP
continuous_0226_S5_strategy2.npz,514-588,UNDERSTAND,UNDERSTAND,TP
continuous_0226_S5_strategy2.npz,588-661,-,DEAF BLIND,FP
continuous_0226_S5_strategy2.npz,661-808,SUGAR,SUGAR,TP
continuous_0226_S5_strategy2.npz,808-882,BLIND,BLIND,TP
continuous_0226_S5_strategy2.npz,127-254,SON,-,FN
continuous_0227_S5_strategy2.npz,0-135,DON’T KNOW,DON’T KNOW,TP
continuous_0227_S5_strategy2.npz,135-273,COFFEE,COFFEE,TP
continuous_0227_S5_strategy2.npz,273-409,DEAF,DEAF,TP
continuous_0227_S5_strategy2.npz,409-478,-,WRONG,FP
continuous_0227_S5_strategy2.npz,478-546,RED,RED,TP
continuous_0227_S5_strategy2.npz,546-615,SATURDAY,SATURDAY,TP
continuous_0227_S5_strategy2.npz,615-684,-,PINK,FP
continuous_0227_S5_strategy2.npz,684-753,SEE YOU TOMORROW,SEE YOU TOMORROW,TP
continuous_0228_S5_strategy2.npz,0-151,COUSIN,COUSIN,TP
continuous_0228_S5_strategy2.npz,151-228,COFFEE,COFFEE,TP
continuous_0228_S5_strategy2.npz,228-304,JUNE,JUNE,TP
continuous_0228_S5_strategy2.npz,304-457,-,AUGUST,FP
continuous_0228_S5_strategy2.npz,457-534,WEDNESDAY,WEDNESDAY,TP
continuous_0228_S5_strategy2.npz,534-610,SEVEN,SEVEN,TP
continuous_0228_S5_strategy2.npz,610-687,-,JULY,FP
continuous_0228_S5_strategy2.npz,687-763,LIGHT,LIGHT,TP
continuous_0229_S5_strategy2.npz,0-84,MARRIED,MARRIED,TP
continuous_0229_S5_strategy2.npz,84-253,TEA,TEA,TP
continuous_0229_S5_strategy2.npz,253-339,GREEN,GREEN,TP
continuous_0229_S5_strategy2.npz,339-508,SEVEN,SEVEN,TP
continuous_0229_S5_strategy2.npz,508-678,THURSDAY,THURSDAY,TP
continuous_0229_S5_strategy2.npz,678-763,AUNTIE,AUNTIE,TP
continuous_0230_S5_strategy2.npz,0-69,COUSIN,COUSIN,TP
continuous_0230_S5_strategy2.npz,69-138,-,JANUARY,FP
continuous_0230_S5_strategy2.npz,138-208,JUNE,JUNE,TP
continuous_0230_S5_strategy2.npz,208-417,MAN,MAN,TP
continuous_0230_S5_strategy2.npz,417-556,VIOLET,VIOLET,TP
continuous_0230_S5_strategy2.npz,556-627,GOOD MORNING,GOOD MORNING,TP
continuous_0230_S5_strategy2.npz,627-696,-,GOOD AFTERNOON,FP
continuous_0230_S5_strategy2.npz,696-765,NINE,NINE,TP
continuous_0230_S5_strategy2.npz,765-835,-,EIGHT,FP
continuous_0230_S5_strategy2.npz,835-906,CORRECT,CORRECT,TP
continuous_0231_S5_strategy2.npz,0-90,YOURE WELCOME,YOURE WELCOME,TP
continuous_0231_S5_strategy2.npz,90-180,-,RED,FP
continuous_0231_S5_strategy2.npz,180-270,SPAGHETTI,SPAGHETTI,TP
continuous_0231_S5_strategy2.npz,270-360,-,JUNE,FP
continuous_0231_S5_strategy2.npz,360-450,SIX,SIX,TP
continuous_0231_S5_strategy2.npz,450-630,PINK,PINK,TP
continuous_0231_S5_strategy2.npz,630-720,GRANDFATHER,GRANDFATHER,TP
continuous_0231_S5_strategy2.npz,720-810,BEER,BEER,TP
continuous_0231_S5_strategy2.npz,810-900,FAST,FAST,TP
continuous_0232_S5_strategy2.npz,0-67,CORRECT,CORRECT,TP
continuous_0232_S5_strategy2.npz,67-204,-,NICE TO MEET YOU,FP
continuous_0232_S5_strategy2.npz,204-342,WEDNESDAY,WEDNESDAY,TP
continuous_0232_S5_strategy2.npz,342-411,HELLO,HELLO,TP
continuous_0232_S5_strategy2.npz,411-478,-,ONE,FP
continuous_0232_S5_strategy2.npz,478-547,TWO,TWO,TP
continuous_0232_S5_strategy2.npz,547-684,UNCLE,UNCLE,TP
continuous_0232_S5_strategy2.npz,684-753,-,SEPTEMBER,FP
continuous_0232_S5_strategy2.npz,753-822,MARCH,MARCH,TP
continuous_0232_S5_strategy2.npz,822-889,SUGAR,SUGAR,TP
continuous_0233_S5_strategy2.npz,0-118,CRAB,CRAB,TP
continuous_0233_S5_strategy2.npz,118-178,SEE YOU TOMORROW,SEE YOU TOMORROW,TP
continuous_0233_S5_strategy2.npz,178-297,-,TOMORROW,FP
continuous_0233_S5_strategy2.npz,297-477,WEDNESDAY,WEDNESDAY,TP
continuous_0233_S5_strategy2.npz,477-537,-,SEPTEMBER,FP
continuous_0233_S5_strategy2.npz,537-595,-,BLIND,FP
continuous_0233_S5_strategy2.npz,595-655,DEAF BLIND,DEAF BLIND,TP
continuous_0233_S5_strategy2.npz,655-715,-,DEAF,FP
continuous_0233_S5_strategy2.npz,715-834,BLUE,BLUE,TP
continuous_0233_S5_strategy2.npz,834-894,-,UNCLE,FP
continuous_0233_S5_strategy2.npz,381-509,SEPTEMBER,-,FN
continuous_0233_S5_strategy2.npz,763-891,UNCLE,-,FN
continuous_0234_S5_strategy2.npz,0-162,BLACK,BLACK,TP
continuous_0234_S5_strategy2.npz,162-243,-,TEN,FP
continuous_0234_S5_strategy2.npz,243-325,GOOD MORNING,GOOD MORNING,TP
continuous_0234_S5_strategy2.npz,325-408,-,GOOD EVENING,FP
continuous_0234_S5_strategy2.npz,408-489,-,GRANDFATHER,FP
continuous_0234_S5_strategy2.npz,489-570,BOY,BOY,TP
continuous_0234_S5_strategy2.npz,570-652,EGG,EGG,TP
continuous_0234_S5_strategy2.npz,652-816,TWO,TWO,TP
continuous_0234_S5_strategy2.npz,816-897,DON’T KNOW,DON’T KNOW,TP
continuous_0234_S5_strategy2.npz,260-387,GRANDFATHER,-,FN
continuous_0235_S5_strategy2.npz,0-144,GOOD EVENING,GOOD EVENING,TP
continuous_0235_S5_strategy2.npz,144-360,MONDAY,MONDAY,TP
continuous_0235_S5_strategy2.npz,360-432,DON’T KNOW,DON’T KNOW,TP
continuous_0235_S5_strategy2.npz,432-576,COUSIN,COUSIN,TP
continuous_0235_S5_strategy2.npz,576-720,DEAF,DEAF,TP
continuous_0235_S5_strategy2.npz,720-792,-,JUICE,FP
continuous_0235_S5_strategy2.npz,662-789,JUICE,-,FN
continuous_0236_S5_strategy2.npz,0-81,FAST,FAST,TP
continuous_0236_S5_strategy2.npz,81-163,-,SIX,FP
continuous_0236_S5_strategy2.npz,163-245,-,NO,FP
continuous_0236_S5_strategy2.npz,245-327,GIRL,GIRL,TP
continuous_0236_S5_strategy2.npz,327-655,COUSIN,COUSIN,TP
continuous_0236_S5_strategy2.npz,655-738,MONDAY,MONDAY,TP
continuous_0236_S5_strategy2.npz,738-819,-,GOOD AFTERNOON,FP
continuous_0236_S5_strategy2.npz,819-901,HELLO,HELLO,TP
continuous_0236_S5_strategy2.npz,127-253,SIX,-,FN
continuous_0236_S5_strategy2.npz,509-655,JUNE,-,FN
continuous_0237_S5_strategy2.npz,0-210,THURSDAY,THURSDAY,TP
continuous_0237_S5_strategy2.npz,210-279,BEER,BEER,TP
continuous_0237_S5_strategy2.npz,279-420,SPAGHETTI,SPAGHETTI,TP
continuous_0237_S5_strategy2.npz,420-559,DECEMBER,DECEMBER,TP
continuous_0237_S5_strategy2.npz,559-699,NICE TO MEET YOU,NICE TO MEET YOU,TP
continuous_0237_S5_strategy2.npz,699-771,FAST,FAST,TP
continuous_0238_S5_strategy2.npz,0-87,BLACK,BLACK,TP
continuous_0238_S5_strategy2.npz,87-177,BEER,BEER,TP
continuous_0238_S5_strategy2.npz,177-265,-,NO,FP
continuous_0238_S5_strategy2.npz,265-354,-,JULY,FP
continuous_0238_S5_strategy2.npz,354-444,-,FISH,FP
continuous_0238_S5_strategy2.npz,444-621,-,WOMAN,FP
continuous_0238_S5_strategy2.npz,621-798,TUESDAY,TUESDAY,TP
continuous_0238_S5_strategy2.npz,798-888,PARENTS,PARENTS,TP
continuous_0238_S5_strategy2.npz,253-381,NO,-,FN
continuous_0238_S5_strategy2.npz,381-509,JULY,-,FN
continuous_0238_S5_strategy2.npz,509-636,FISH,-,FN
continuous_0239_S5_strategy2.npz,0-126,RICE,RICE,TP
continuous_0239_S5_strategy2.npz,126-190,GOOD AFTERNOON,GOOD AFTERNOON,TP
continuous_0239_S5_strategy2.npz,190-255,-,EIGHT,FP
continuous_0239_S5_strategy2.npz,255-382,MARRIED,MARRIED,TP
continuous_0239_S5_strategy2.npz,382-510,YESTERDAY,YESTERDAY,TP
continuous_0239_S5_strategy2.npz,510-702,COFFEE,COFFEE,TP
continuous_0239_S5_strategy2.npz,702-894,SEVEN,SEVEN,TP
continuous_0239_S5_strategy2.npz,764-891,MAY,-,FN
continuous_0240_S5_strategy2.npz,0-162,TOMORROW,TOMORROW,TP
continuous_0240_S5_strategy2.npz,162-324,WINE,WINE,TP
continuous_0240_S5_strategy2.npz,324-486,LONGANISA,LONGANISA,TP
continuous_0240_S5_strategy2.npz,486-648,DEAF BLIND,DEAF BLIND,TP
continuous_0240_S5_strategy2.npz,648-729,-,FEBRUARY,FP
continuous_0240_S5_strategy2.npz,729-810,CORRECT,CORRECT,TP
continuous_0240_S5_strategy2.npz,810-892,PARENTS,PARENTS,TP
continuous_0240_S5_strategy2.npz,509-636,FEBRUARY,-,FN
continuous_0241_S5_strategy2.npz,0-178,TEN,TEN,TP
continuous_0241_S5_strategy2.npz,178-268,COUSIN,COUSIN,TP
continuous_0241_S5_strategy2.npz,268-357,JUICE,JUICE,TP
continuous_0241_S5_strategy2.npz,357-447,TODAY,TODAY,TP
continuous_0241_S5_strategy2.npz,447-627,IM FINE,IM FINE,TP
continuous_0241_S5_strategy2.npz,627-717,BLIND,BLIND,TP
continuous_0241_S5_strategy2.npz,717-807,-,PINK,FP
continuous_0241_S5_strategy2.npz,807-897,EGG,EGG,TP
continuous_0242_S5_strategy2.npz,0-99,RED,RED,TP
continuous_0242_S5_strategy2.npz,99-297,JANUARY,JANUARY,TP
continuous_0242_S5_strategy2.npz,297-397,NO SUGAR,NO SUGAR,TP
continuous_0242_S5_strategy2.npz,397-597,GRANDMOTHER,GRANDMOTHER,TP
continuous_0242_S5_strategy2.npz,597-696,UNDERSTAND,UNDERSTAND,TP
continuous_0242_S5_strategy2.npz,696-795,EGG,EGG,TP
continuous_0242_S5_strategy2.npz,795-895,EIGHT,EIGHT,TP
continuous_0243_S5_strategy2.npz,0-144,LONGANISA,LONGANISA,TP
continuous_0243_S5_strategy2.npz,144-289,JUICE,JUICE,TP
continuous_0243_S5_strategy2.npz,289-435,LIGHT,LIGHT,TP
continuous_0243_S5_strategy2.npz,435-506,AUGUST,AUGUST,TP
continuous_0243_S5_strategy2.npz,506-579,WOMAN,WOMAN,TP
continuous_0243_S5_strategy2.npz,579-651,-,ORANGE,FP
continuous_0243_S5_strategy2.npz,651-724,WRONG,WRONG,TP
continuous_0243_S5_strategy2.npz,724-796,-,HOT,FP
continuous_0243_S5_strategy2.npz,796-870,TEN,TEN,TP
continuous_0244_S5_strategy2.npz,0-96,MOTHER,MOTHER,TP
continuous_0244_S5_strategy2.npz,96-192,SLOW,SLOW,TP
continuous_0244_S5_strategy2.npz,192-288,-,FISH,FP
continuous_0244_S5_strategy2.npz,288-384,GREEN,GREEN,TP
continuous_0244_S5_strategy2.npz,384-480,EIGHT,EIGHT,TP
continuous_0244_S5_strategy2.npz,480-672,WEELCHAIR PERSON,WEELCHAIR PERSON,TP
continuous_0244_S5_strategy2.npz,672-768,SUGAR,SUGAR,TP
continuous_0245_S5_strategy2.npz,0-81,COFFEE,COFFEE,TP
continuous_0245_S5_strategy2.npz,81-162,-,FOUR,FP
continuous_0245_S5_strategy2.npz,162-571,LIGHT,LIGHT,TP
continuous_0245_S5_strategy2.npz,571-735,YES,YES,TP
continuous_0245_S5_strategy2.npz,735-817,MONDAY,MONDAY,TP
continuous_0245_S5_strategy2.npz,817-900,LONGANISA,LONGANISA,TP
continuous_0245_S5_strategy2.npz,132-253,FOUR,-,FN
continuous_0245_S5_strategy2.npz,381-515,OCTOBER,-,FN
continuous_0246_S5_strategy2.npz,0-87,GRANDMOTHER,GRANDMOTHER,TP
continuous_0246_S5_strategy2.npz,87-177,CHICKEN,CHICKEN,TP
continuous_0246_S5_strategy2.npz,177-265,-,OCTOBER,FP
continuous_0246_S5_strategy2.npz,265-354,-,MARCH,FP
continuous_0246_S5_strategy2.npz,354-442,YESTERDAY,YESTERDAY,TP
continuous_0246_S5_strategy2.npz,442-531,-,GOOD MORNING,FP
continuous_0246_S5_strategy2.npz,531-619,MARRIED,MARRIED,TP
continuous_0246_S5_strategy2.npz,619-798,FIVE,FIVE,TP
continuous_0246_S5_strategy2.npz,798-886,JUICE,JUICE,TP
continuous_0246_S5_strategy2.npz,253-381,OCTOBER,-,FN
continuous_0247_S5_strategy2.npz,0-97,MILK,MILK,TP
continuous_0247_S5_strategy2.npz,97-195,GRANDMOTHER,GRANDMOTHER,TP
continuous_0247_S5_strategy2.npz,195-294,-,VIOLET,FP
continuous_0247_S5_strategy2.npz,294-391,-,DEAF,FP
continuous_0247_S5_strategy2.npz,391-489,-,WEDNESDAY,FP
continuous_0247_S5_strategy2.npz,489-783,-,JUNE,FP
continuous_0247_S5_strategy2.npz,783-882,RICE,RICE,TP
continuous_0247_S5_strategy2.npz,252-373,VIOLET,-,FN
continuous_0247_S5_strategy2.npz,373-498,DEAF,-,FN
continuous_0247_S5_strategy2.npz,498-625,WEDNESDAY,-,FN
continuous_0247_S5_strategy2.npz,625-752,OCTOBER,-,FN
continuous_0248_S5_strategy2.npz,0-160,BLIND,BLIND,TP
continuous_0248_S5_strategy2.npz,160-402,JULY,JULY,TP
continuous_0248_S5_strategy2.npz,402-483,-,TEN,FP
continuous_0248_S5_strategy2.npz,483-564,AUNTIE,AUNTIE,TP
continuous_0248_S5_strategy2.npz,564-726,YOURE WELCOME,YOURE WELCOME,TP
continuous_0248_S5_strategy2.npz,726-807,SUNDAY,SUNDAY,TP
continuous_0248_S5_strategy2.npz,807-888,SLOW,SLOW,TP
continuous_0248_S5_strategy2.npz,254-379,TEN,-,FN
continuous_0249_S5_strategy2.npz,0-94,RED,RED,TP
continuous_0249_S5_strategy2.npz,94-189,COLD,COLD,TP
continuous_0249_S5_strategy2.npz,189-285,-,TEN,FP
continuous_0249_S5_strategy2.npz,285-475,GOOD MORNING,GOOD MORNING,TP
continuous_0249_S5_strategy2.npz,475-570,SUNDAY,SUNDAY,TP
continuous_0249_S5_strategy2.npz,570-666,APRIL,APRIL,TP
continuous_0249_S5_strategy2.npz,666-762,PARENTS,PARENTS,TP
continuous_0250_S5_strategy2.npz,0-90,BREAD,BREAD,TP
continuous_0250_S5_strategy2.npz,90-270,KNOW,KNOW,TP
continuous_0250_S5_strategy2.npz,270-360,NINE,NINE,TP
continuous_0250_S5_strategy2.npz,360-540,SATURDAY,SATURDAY,TP
continuous_0250_S5_strategy2.npz,540-631,YOURE WELCOME,YOURE WELCOME,TP
continuous_0250_S5_strategy2.npz,631-811,JANUARY,JANUARY,TP
continuous_0250_S5_strategy2.npz,811-903,GIRL,GIRL,TP
continuous_0251_S5_strategy2.npz,0-151,GRAY,GRAY,TP
continuous_0251_S5_strategy2.npz,151-228,MAN,MAN,TP
continuous_0251_S5_strategy2.npz,228-304,-,MONDAY,FP
continuous_0251_S5_strategy2.npz,304-457,COLD,COLD,TP
continuous_0251_S5_strategy2.npz,457-610,COUSIN,COUSIN,TP
continuous_0251_S5_strategy2.npz,610-687,JULY,JULY,TP
continuous_0251_S5_strategy2.npz,687-763,SIX,SIX,TP
continuous_0252_S5_strategy2.npz,0-76,BLUE,BLUE,TP
continuous_0252_S5_strategy2.npz,76-153,-,NO,FP
continuous_0252_S5_strategy2.npz,153-231,WOMAN,WOMAN,TP
continuous_0252_S5_strategy2.npz,231-387,-,ORANGE,FP
continuous_0252_S5_strategy2.npz,387-463,-,CHICKEN,FP
continuous_0252_S5_strategy2.npz,463-618,WRONG,WRONG,TP
continuous_0252_S5_strategy2.npz,618-696,FIVE,FIVE,TP
continuous_0252_S5_strategy2.npz,696-774,HOW ARE YOU,HOW ARE YOU,TP
continuous_0252_S5_strategy2.npz,254-375,CHICKEN,-,FN
continuous_0253_S5_strategy2.npz,0-90,-,HELLO,FP
continuous_0253_S5_strategy2.npz,90-180,-,HOT,FP
continuous_0253_S5_strategy2.npz,180-270,HARD OF HEARING,HARD OF HEARING,TP
continuous_0253_S5_strategy2.npz,270-450,JUICE,JUICE,TP
continuous_0253_S5_strategy2.npz,450-540,THREE,THREE,TP
continuous_0253_S5_strategy2.npz,540-630,-,TWO,FP
continuous_0253_S5_strategy2.npz,630-720,WEDNESDAY,WEDNESDAY,TP
continuous_0253_S5_strategy2.npz,720-810,AUNTIE,AUNTIE,TP
continuous_0253_S5_strategy2.npz,810-900,CHICKEN,CHICKEN,TP
continuous_0253_S5_strategy2.npz,0-133,HELLO,-,FN
continuous_0254_S5_strategy2.npz,0-99,GOOD MORNING,GOOD MORNING,TP
continuous_0254_S5_strategy2.npz,99-300,EGG,EGG,TP
continuous_0254_S5_strategy2.npz,300-400,THREE,THREE,TP
continuous_0254_S5_strategy2.npz,400-501,TUESDAY,TUESDAY,TP
continuous_0254_S5_strategy2.npz,501-702,FATHER,FATHER,TP
continuous_0254_S5_strategy2.npz,702-801,HARD OF HEARING,HARD OF HEARING,TP
continuous_0254_S5_strategy2.npz,801-903,GREEN,GREEN,TP
continuous_0255_S5_strategy2.npz,0-151,DECEMBER,DECEMBER,TP
continuous_0255_S5_strategy2.npz,151-304,FISH,FISH,TP
continuous_0255_S5_strategy2.npz,304-381,GOOD EVENING,GOOD EVENING,TP
continuous_0255_S5_strategy2.npz,381-457,-,YESTERDAY,FP
continuous_0255_S5_strategy2.npz,457-610,YES,YES,TP
continuous_0255_S5_strategy2.npz,610-687,TWO,TWO,TP
continuous_0255_S5_strategy2.npz,687-763,DEAF BLIND,DEAF BLIND,TP
continuous_0256_S5_strategy2.npz,0-178,JUNE,JUNE,TP
continuous_0256_S5_strategy2.npz,178-268,IM FINE,IM FINE,TP
continuous_0256_S5_strategy2.npz,268-448,FATHER,FATHER,TP
continuous_0256_S5_strategy2.npz,448-628,YESTERDAY,YESTERDAY,TP
continuous_0256_S5_strategy2.npz,628-718,ONE,ONE,TP
continuous_0256_S5_strategy2.npz,718-808,SHRIMP,SHRIMP,TP
continuous_0256_S5_strategy2.npz,808-898,GRAY,GRAY,TP
continuous_0257_S5_strategy2.npz,0-186,HARD OF HEARING,HARD OF HEARING,TP
continuous_0257_S5_strategy2.npz,186-280,WEDNESDAY,WEDNESDAY,TP
continuous_0257_S5_strategy2.npz,280-375,-,SIX,FP
continuous_0257_S5_strategy2.npz,375-468,-,SON,FP
continuous_0257_S5_strategy2.npz,468-561,MEAT,MEAT,TP
continuous_0257_S5_strategy2.npz,561-655,THANK YOU,THANK YOU,TP
continuous_0257_S5_strategy2.npz,655-750,YES,YES,TP
continuous_0257_S5_strategy2.npz,250-370,SON,-,FN
continuous_0258_S5_strategy2.npz,0-111,BEER,BEER,TP
continuous_0258_S5_strategy2.npz,111-225,JULY,JULY,TP
continuous_0258_S5_strategy2.npz,225-337,THURSDAY,THURSDAY,TP
continuous_0258_S5_strategy2.npz,337-450,GRANDMOTHER,GRANDMOTHER,TP
continuous_0258_S5_strategy2.npz,450-676,GOOD EVENING,GOOD EVENING,TP
continuous_0258_S5_strategy2.npz,676-789,FAST,FAST,TP
continuous_0258_S5_strategy2.npz,789-903,TWO,TWO,TP
continuous_0259_S5_strategy2.npz,0-160,LONGANISA,LONGANISA,TP
continuous_0259_S5_strategy2.npz,160-241,JANUARY,JANUARY,TP
continuous_0259_S5_strategy2.npz,241-322,-,ONE,FP
continuous_0259_S5_strategy2.npz,322-484,FAST,FAST,TP
continuous_0259_S5_strategy2.npz,484-565,SIX,SIX,TP
continuous_0259_S5_strategy2.npz,565-727,TEA,TEA,TP
continuous_0259_S5_strategy2.npz,727-808,BROWN,BROWN,TP
continuous_0259_S5_strategy2.npz,808-889,THURSDAY,THURSDAY,TP
continuous_0260_S5_strategy2.npz,0-81,ORANGE,ORANGE,TP
continuous_0260_S5_strategy2.npz,81-243,SEVEN,SEVEN,TP
continuous_0260_S5_strategy2.npz,243-405,UNCLE,UNCLE,TP
continuous_0260_S5_strategy2.npz,405-486,APRIL,APRIL,TP
continuous_0260_S5_strategy2.npz,486-567,COFFEE,COFFEE,TP
continuous_0260_S5_strategy2.npz,567-648,-,HARD OF HEARING,FP
continuous_0260_S5_strategy2.npz,648-729,UNDERSTAND,UNDERSTAND,TP
continuous_0260_S5_strategy2.npz,729-810,-,HOW ARE YOU,FP
continuous_0260_S5_strategy2.npz,810-892,BREAD,BREAD,TP
continuous_0261_S5_strategy2.npz,0-76,GRANDFATHER,GRANDFATHER,TP
continuous_0261_S5_strategy2.npz,76-231,PINK,PINK,TP
continuous_0261_S5_strategy2.npz,231-307,HOW ARE YOU,HOW ARE YOU,TP
continuous_0261_S5_strategy2.npz,307-384,-,BREAD,FP
continuous_0261_S5_strategy2.npz,384-538,NO SUGAR,NO SUGAR,TP
continuous_0261_S5_strategy2.npz,538-693,JULY,JULY,TP
continuous_0261_S5_strategy2.npz,693-769,SHRIMP,SHRIMP,TP
continuous_0261_S5_strategy2.npz,769-846,-,HOT,FP
continuous_0261_S5_strategy2.npz,846-924,FOUR,FOUR,TP
continuous_0262_S5_strategy2.npz,0-270,FOUR,FOUR,TP
continuous_0262_S5_strategy2.npz,270-360,-,HOW ARE YOU,FP
continuous_0262_S5_strategy2.npz,360-540,YESTERDAY,YESTERDAY,TP
continuous_0262_S5_strategy2.npz,540-630,-,GRAY,FP
continuous_0262_S5_strategy2.npz,630-720,CORRECT,CORRECT,TP
continuous_0262_S5_strategy2.npz,720-810,-,GRANDMOTHER,FP
continuous_0262_S5_strategy2.npz,810-900,BREAD,BREAD,TP
continuous_0262_S5_strategy2.npz,127-264,HOW ARE YOU,-,FN
continuous_0262_S5_strategy2.npz,391-519,GRAY,-,FN
continuous_0262_S5_strategy2.npz,642-769,GRANDMOTHER,-,FN
continuous_0263_S5_strategy2.npz,0-96,LONGANISA,LONGANISA,TP
continuous_0263_S5_strategy2.npz,96-192,BEER,BEER,TP
continuous_0263_S5_strategy2.npz,192-385,ONE,ONE,TP
continuous_0263_S5_strategy2.npz,385-579,JUNE,JUNE,TP
continuous_0263_S5_strategy2.npz,579-675,WRONG,WRONG,TP
continuous_0263_S5_strategy2.npz,675-772,FRIDAY,FRIDAY,TP
continuous_0264_S5_strategy2.npz,0-94,MILK,MILK,TP
continuous_0264_S5_strategy2.npz,94-189,AUNTIE,AUNTIE,TP
continuous_0264_S5_strategy2.npz,189-285,-,TODAY,FP
continuous_0264_S5_strategy2.npz,285-475,TEN,TEN,TP
continuous_0264_S5_strategy2.npz,475-570,YOURE WELCOME,YOURE WELCOME,TP
continuous_0264_S5_strategy2.npz,570-666,-,WHITE,FP
continuous_0264_S5_strategy2.npz,666-762,GIRL,GIRL,TP
continuous_0264_S5_strategy2.npz,253-377,TODAY,-,FN
continuous_0265_S5_strategy2.npz,0-190,NICE TO MEET YOU,NICE TO MEET YOU,TP
continuous_0265_S5_strategy2.npz,190-381,EIGHT,EIGHT,TP
continuous_0265_S5_strategy2.npz,381-445,-,DEAF,FP
continuous_0265_S5_strategy2.npz,445-510,DON’T UNDERSTAND,DON’T UNDERSTAND,TP
continuous_0265_S5_strategy2.npz,510-573,-,NO,FP
continuous_0265_S5_strategy2.npz,573-636,NO SUGAR,NO SUGAR,TP
continuous_0265_S5_strategy2.npz,636-700,-,SUGAR,FP
continuous_0265_S5_strategy2.npz,700-828,OCTOBER,OCTOBER,TP
continuous_0265_S5_strategy2.npz,828-892,YELLOW,YELLOW,TP
continuous_0265_S5_strategy2.npz,252-379,DEAF,-,FN
continuous_0266_S5_strategy2.npz,0-75,COFFEE,COFFEE,TP
continuous_0266_S5_strategy2.npz,75-151,-,SPAGHETTI,FP
continuous_0266_S5_strategy2.npz,151-304,SATURDAY,SATURDAY,TP
continuous_0266_S5_strategy2.npz,304-456,TWO,TWO,TP
continuous_0266_S5_strategy2.npz,456-534,DON’T KNOW,DON’T KNOW,TP
continuous_0266_S5_strategy2.npz,534-685,APRIL,APRIL,TP
continuous_0266_S5_strategy2.npz,685-762,LONGANISA,LONGANISA,TP
continuous_0267_S5_strategy2.npz,0-93,CRAB,CRAB,TP
continuous_0267_S5_strategy2.npz,93-283,TEA,TEA,TP
continuous_0267_S5_strategy2.npz,283-378,THREE,THREE,TP
continuous_0267_S5_strategy2.npz,378-567,BOY,BOY,TP
continuous_0267_S5_strategy2.npz,567-663,JULY,JULY,TP
continuous_0267_S5_strategy2.npz,663-757,TOMORROW,TOMORROW,TP
continuous_0268_S5_strategy2.npz,0-93,WHITE,WHITE,TP
continuous_0268_S5_strategy2.npz,93-282,BOY,BOY,TP
continuous_0268_S5_strategy2.npz,282-469,FIVE,FIVE,TP
continuous_0268_S5_strategy2.npz,469-564,KNOW,KNOW,TP
continuous_0268_S5_strategy2.npz,564-657,WINE,WINE,TP
continuous_0268_S5_strategy2.npz,657-751,MONDAY,MONDAY,TP
continuous_0269_S5_strategy2.npz,0-78,TOMORROW,TOMORROW,TP
continuous_0269_S5_strategy2.npz,78-156,-,WHITE,FP
continuous_0269_S5_strategy2.npz,156-235,YES,YES,TP
continuous_0269_S5_strategy2.npz,235-315,FOUR,FOUR,TP
continuous_0269_S5_strategy2.npz,315-393,-,NO,FP
continuous_0269_S5_strategy2.npz,393-472,BEER,BEER,TP
continuous_0269_S5_strategy2.npz,472-552,-,BLACK,FP
continuous_0269_S5_strategy2.npz,552-630,SON,SON,TP
continuous_0269_S5_strategy2.npz,630-709,FISH,FISH,TP
continuous_0269_S5_strategy2.npz,709-789,-,RED,FP
continuous_0269_S5_strategy2.npz,789-867,BLIND,BLIND,TP
continuous_0270_S5_strategy2.npz,0-73,NO SUGAR,NO SUGAR,TP
continuous_0270_S5_strategy2.npz,73-147,-,SUGAR,FP
continuous_0270_S5_strategy2.npz,147-222,TODAY,TODAY,TP
continuous_0270_S5_strategy2.npz,222-295,-,SEVEN,FP
continuous_0270_S5_strategy2.npz,295-369,PARENTS,PARENTS,TP
continuous_0270_S5_strategy2.npz,369-444,-,BLIND,FP
continuous_0270_S5_strategy2.npz,444-517,SEE YOU TOMORROW,SEE YOU TOMORROW,TP
continuous_0270_S5_strategy2.npz,517-591,-,WRONG,FP
continuous_0270_S5_strategy2.npz,591-739,CORRECT,CORRECT,TP
continuous_0270_S5_strategy2.npz,739-813,FOUR,FOUR,TP
continuous_0270_S5_strategy2.npz,813-888,-,FISH,FP
continuous_0270_S5_strategy2.npz,757-885,FISH,-,FN
continuous_0271_S5_strategy2.npz,0-132,BEER,BEER,TP
continuous_0271_S5_strategy2.npz,132-198,SHRIMP,SHRIMP,TP
continuous_0271_S5_strategy2.npz,198-264,-,THREE,FP
continuous_0271_S5_strategy2.npz,264-397,NO,NO,TP
continuous_0271_S5_strategy2.npz,397-463,SEPTEMBER,SEPTEMBER,TP
continuous_0271_S5_strategy2.npz,463-531,HOW ARE YOU,HOW ARE YOU,TP
continuous_0271_S5_strategy2.npz,531-597,-,BREAD,FP
continuous_0271_S5_strategy2.npz,597-663,-,EIGHT,FP
continuous_0271_S5_strategy2.npz,663-795,FRIDAY,FRIDAY,TP
continuous_0271_S5_strategy2.npz,795-862,VIOLET,VIOLET,TP
continuous_0272_S5_strategy2.npz,0-147,YESTERDAY,YESTERDAY,TP
continuous_0272_S5_strategy2.npz,147-220,MEAT,MEAT,TP
continuous_0272_S5_strategy2.npz,220-369,JUICE,JUICE,TP
continuous_0272_S5_strategy2.npz,369-516,NINE,NINE,TP
continuous_0272_S5_strategy2.npz,516-663,SON,SON,TP
continuous_0272_S5_strategy2.npz,663-738,BROWN,BROWN,TP
continuous_0272_S5_strategy2.npz,738-811,-,JULY,FP
continuous_0272_S5_strategy2.npz,811-885,MAY,MAY,TP
continuous_0273_S5_strategy2.npz,0-151,DON’T KNOW,DON’T KNOW,TP
continuous_0273_S5_strategy2.npz,151-228,HOW ARE YOU,HOW ARE YOU,TP
continuous_0273_S5_strategy2.npz,228-304,-,BREAD,FP
continuous_0273_S5_strategy2.npz,304-381,VIOLET,VIOLET,TP
continuous_0273_S5_strategy2.npz,381-534,WOMAN,WOMAN,TP
continuous_0273_S5_strategy2.npz,534-687,MAY,MAY,TP
continuous_0273_S5_strategy2.npz,687-763,MOTHER,MOTHER,TP
continuous_0274_S5_strategy2.npz,0-75,SPAGHETTI,SPAGHETTI,TP
continuous_0274_S5_strategy2.npz,75-151,-,THURSDAY,FP
continuous_0274_S5_strategy2.npz,151-303,TOMORROW,TOMORROW,TP
continuous_0274_S5_strategy2.npz,303-379,HELLO,HELLO,TP
continuous_0274_S5_strategy2.npz,379-456,BROWN,BROWN,TP
continuous_0274_S5_strategy2.npz,456-531,-,SHRIMP,FP
continuous_0274_S5_strategy2.npz,531-684,CORRECT,CORRECT,TP
continuous_0274_S5_strategy2.npz,684-760,THREE,THREE,TP
continuous_0275_S5_strategy2.npz,0-84,EIGHT,EIGHT,TP
continuous_0275_S5_strategy2.npz,84-252,DECEMBER,DECEMBER,TP
continuous_0275_S5_strategy2.npz,252-336,GOOD AFTERNOON,GOOD AFTERNOON,TP
continuous_0275_S5_strategy2.npz,336-504,TEA,TEA,TP
continuous_0275_S5_strategy2.npz,504-672,KNOW,KNOW,TP
continuous_0275_S5_strategy2.npz,672-756,UNCLE,UNCLE,TP
continuous_0276_S5_strategy2.npz,0-94,PINK,PINK,TP
continuous_0276_S5_strategy2.npz,94-189,RICE,RICE,TP
continuous_0276_S5_strategy2.npz,189-285,-,THANK YOU,FP
continuous_0276_S5_strategy2.npz,285-379,FRIDAY,FRIDAY,TP
continuous_0276_S5_strategy2.npz,379-474,UNCLE,UNCLE,TP
continuous_0276_S5_strategy2.npz,474-570,DECEMBER,DECEMBER,TP
continuous_0276_S5_strategy2.npz,570-664,-,HOT,FP
continuous_0276_S5_strategy2.npz,664-760,FOUR,FOUR,TP
continuous_0277_S5_strategy2.npz,0-97,EIGHT,EIGHT,TP
continuous_0277_S5_strategy2.npz,97-196,BROWN,BROWN,TP
continuous_0277_S5_strategy2.npz,196-295,UNDERSTAND,UNDERSTAND,TP
continuous_0277_S5_strategy2.npz,295-394,-,MEAT,FP
continuous_0277_S5_strategy2.npz,394-492,-,BLIND,FP
continuous_0277_S5_strategy2.npz,492-591,DEAF BLIND,DEAF BLIND,TP
continuous_0277_S5_strategy2.npz,591-690,-,FAST,FP
continuous_0277_S5_strategy2.npz,690-789,TODAY,TODAY,TP
continuous_0277_S5_strategy2.npz,789-888,COLD,COLD,TP
continuous_0277_S5_strategy2.npz,382-509,MEAT,-,FN
continuous_0278_S5_strategy2.npz,0-156,JANUARY,JANUARY,TP
continuous_0278_S5_strategy2.npz,156-235,THREE,THREE,TP
continuous_0278_S5_strategy2.npz,235-393,SON,SON,TP
continuous_0278_S5_strategy2.npz,393-472,COLD,COLD,TP
continuous_0278_S5_strategy2.npz,472-630,MAN,MAN,TP
continuous_0278_S5_strategy2.npz,630-789,NO,NO,TP
continuous_0278_S5_strategy2.npz,789-867,SUNDAY,SUNDAY,TP
continuous_0279_S5_strategy2.npz,0-84,DON’T UNDERSTAND,DON’T UNDERSTAND,TP
continuous_0279_S5_strategy2.npz,84-169,MILK,MILK,TP
continuous_0279_S5_strategy2.npz,169-339,TEN,TEN,TP
continuous_0279_S5_strategy2.npz,339-510,NOVEMBER,NOVEMBER,TP
continuous_0279_S5_strategy2.npz,510-594,TUESDAY,TUESDAY,TP
continuous_0279_S5_strategy2.npz,594-679,-,DEAF BLIND,FP
continuous_0279_S5_strategy2.npz,679-765,RED,RED,TP
continuous_0280_S5_strategy2.npz,0-147,RICE,RICE,TP
continuous_0280_S5_strategy2.npz,147-297,TOMORROW,TOMORROW,TP
continuous_0280_S5_strategy2.npz,297-372,RED,RED,TP
continuous_0280_S5_strategy2.npz,372-594,HOT,HOT,TP
continuous_0280_S5_strategy2.npz,594-669,DON’T UNDERSTAND,DON’T UNDERSTAND,TP
continuous_0280_S5_strategy2.npz,669-817,SEE YOU TOMORROW,SEE YOU TOMORROW,TP
continuous_0280_S5_strategy2.npz,817-892,DAUGHTER,DAUGHTER,TP
continuous_0281_S5_strategy2.npz,0-160,GOOD AFTERNOON,GOOD AFTERNOON,TP
continuous_0281_S5_strategy2.npz,160-240,HARD OF HEARING,HARD OF HEARING,TP
continuous_0281_S5_strategy2.npz,240-402,SUGAR,SUGAR,TP
continuous_0281_S5_strategy2.npz,402-483,NO,NO,TP
continuous_0281_S5_strategy2.npz,483-643,BLACK,BLACK,TP
continuous_0281_S5_strategy2.npz,643-804,SEVEN,SEVEN,TP
continuous_0281_S5_strategy2.npz,804-885,LONGANISA,LONGANISA,TP
continuous_0282_S5_strategy2.npz,0-90,WRONG,WRONG,TP
continuous_0282_S5_strategy2.npz,90-271,BOY,BOY,TP
continuous_0282_S5_strategy2.npz,271-363,MARCH,MARCH,TP
continuous_0282_S5_strategy2.npz,363-453,PARENTS,PARENTS,TP
continuous_0282_S5_strategy2.npz,453-544,-,MOTHER,FP
continuous_0282_S5_strategy2.npz,544-636,MILK,MILK,TP
continuous_0282_S5_strategy2.npz,636-817,SHRIMP,SHRIMP,TP
continuous_0282_S5_strategy2.npz,817-909,-,THANK YOU,FP
continuous_0282_S5_strategy2.npz,767-905,THANK YOU,-,FN
continuous_0283_S5_strategy2.npz,0-94,IM FINE,IM FINE,TP
continuous_0283_S5_strategy2.npz,94-190,SUGAR,SUGAR,TP
continuous_0283_S5_strategy2.npz,190-382,CORRECT,CORRECT,TP
continuous_0283_S5_strategy2.npz,382-477,MARCH,MARCH,TP
continuous_0283_S5_strategy2.npz,477-573,WOMAN,WOMAN,TP
continuous_0283_S5_strategy2.npz,573-669,-,ORANGE,FP
continuous_0283_S5_strategy2.npz,669-765,ONE,ONE,TP
continuous_0284_S5_strategy2.npz,0-199,MEAT,MEAT,TP
continuous_0284_S5_strategy2.npz,199-300,IM FINE,IM FINE,TP
continuous_0284_S5_strategy2.npz,300-400,OCTOBER,OCTOBER,TP
continuous_0284_S5_strategy2.npz,400-601,DARK,DARK,TP
continuous_0284_S5_strategy2.npz,601-702,WINE,WINE,TP
continuous_0284_S5_strategy2.npz,702-802,YESTERDAY,YESTERDAY,TP
continuous_0284_S5_strategy2.npz,802-903,SEVEN,SEVEN,TP
continuous_0285_S5_strategy2.npz,0-171,WINE,WINE,TP
continuous_0285_S5_strategy2.npz,171-343,FEBRUARY,FEBRUARY,TP
continuous_0285_S5_strategy2.npz,343-429,MOTHER,MOTHER,TP
continuous_0285_S5_strategy2.npz,429-516,WOMAN,WOMAN,TP
continuous_0285_S5_strategy2.npz,516-601,HELLO,HELLO,TP
continuous_0285_S5_strategy2.npz,601-687,-,NO SUGAR,FP
continuous_0285_S5_strategy2.npz,687-774,WHITE,WHITE,TP
continuous_0286_S5_strategy2.npz,0-153,HOT,HOT,TP
continuous_0286_S5_strategy2.npz,153-309,SEPTEMBER,SEPTEMBER,TP
continuous_0286_S5_strategy2.npz,309-463,GREEN,GREEN,TP
continuous_0286_S5_strategy2.npz,463-540,FAST,FAST,TP
continuous_0286_S5_strategy2.npz,540-618,-,SPAGHETTI,FP
continuous_0286_S5_strategy2.npz,618-696,CRAB,CRAB,TP
continuous_0286_S5_strategy2.npz,696-774,FIVE,FIVE,TP
continuous_0287_S5_strategy2.npz,0-84,SATURDAY,SATURDAY,TP
continuous_0287_S5_strategy2.npz,84-256,ONE,ONE,TP
continuous_0287_S5_strategy2.npz,256-342,BLIND,BLIND,TP
continuous_0287_S5_strategy2.npz,342-427,-,RED,FP
continuous_0287_S5_strategy2.npz,427-513,SPAGHETTI,SPAGHETTI,TP
continuous_0287_S5_strategy2.npz,513-598,NOVEMBER,NOVEMBER,TP
continuous_0287_S5_strategy2.npz,598-684,-,GRANDMOTHER,FP
continuous_0287_S5_strategy2.npz,684-771,DAUGHTER,DAUGHTER,TP
continuous_0288_S5_strategy2.npz,0-73,BOY,BOY,TP
continuous_0288_S5_strategy2.npz,73-147,-,GIRL,FP
continuous_0288_S5_strategy2.npz,147-222,MONDAY,MONDAY,TP
continuous_0288_S5_strategy2.npz,222-369,DON’T UNDERSTAND,DON’T UNDERSTAND,TP
continuous_0288_S5_strategy2.npz,369-444,AUNTIE,AUNTIE,TP
continuous_0288_S5_strategy2.npz,444-591,JULY,JULY,TP
continuous_0288_S5_strategy2.npz,591-666,-,HARD OF HEARING,FP
continuous_0288_S5_strategy2.npz,666-739,GOOD MORNING,GOOD MORNING,TP
continuous_0288_S5_strategy2.npz,739-813,-,COFFEE,FP
continuous_0288_S5_strategy2.npz,813-888,MEAT,MEAT,TP
continuous_0289_S5_strategy2.npz,0-138,SHRIMP,SHRIMP,TP
continuous_0289_S5_strategy2.npz,138-276,GRANDMOTHER,GRANDMOTHER,TP
continuous_0289_S5_strategy2.npz,276-345,WEELCHAIR PERSON,WEELCHAIR PERSON,TP
continuous_0289_S5_strategy2.npz,345-415,-,MILK,FP
continuous_0289_S5_strategy2.npz,415-553,UNDERSTAND,UNDERSTAND,TP
continuous_0289_S5_strategy2.npz,553-693,TEA,TEA,TP
continuous_0289_S5_strategy2.npz,693-762,HOW ARE YOU,HOW ARE YOU,TP
continuous_0290_S5_strategy2.npz,0-72,MAY,MAY,TP
continuous_0290_S5_strategy2.npz,72-145,-,APRIL,FP
continuous_0290_S5_strategy2.npz,145-219,IM FINE,IM FINE,TP
continuous_0290_S5_strategy2.npz,219-364,-,DEAF,FP
continuous_0290_S5_strategy2.npz,364-510,FIVE,FIVE,TP
continuous_0290_S5_strategy2.npz,510-657,LIGHT,LIGHT,TP
continuous_0290_S5_strategy2.npz,657-729,-,MOTHER,FP
continuous_0290_S5_strategy2.npz,729-804,CHICKEN,CHICKEN,TP
continuous_0290_S5_strategy2.npz,558-679,MOTHER,-,FN
continuous_0291_S5_strategy2.npz,0-126,SLOW,SLOW,TP
continuous_0291_S5_strategy2.npz,126-316,DAUGHTER,DAUGHTER,TP
continuous_0291_S5_strategy2.npz,316-444,NINE,NINE,TP
continuous_0291_S5_strategy2.npz,444-507,SEE YOU TOMORROW,SEE YOU TOMORROW,TP
continuous_0291_S5_strategy2.npz,507-570,-,RED,FP
continuous_0291_S5_strategy2.npz,570-697,DEAF,DEAF,TP
continuous_0291_S5_strategy2.npz,697-762,CRAB,CRAB,TP
continuous_0292_S5_strategy2.npz,0-150,TOMORROW,TOMORROW,TP
continuous_0292_S5_strategy2.npz,150-301,AUGUST,AUGUST,TP
continuous_0292_S5_strategy2.npz,301-376,GIRL,GIRL,TP
continuous_0292_S5_strategy2.npz,376-453,EIGHT,EIGHT,TP
continuous_0292_S5_strategy2.npz,453-528,-,NO SUGAR,FP
continuous_0292_S5_strategy2.npz,528-603,SUGAR,SUGAR,TP
continuous_0292_S5_strategy2.npz,603-678,-,HOT,FP
continuous_0292_S5_strategy2.npz,678-754,NO,NO,TP
continuous_0293_S5_strategy2.npz,0-97,YES,YES,TP
continuous_0293_S5_strategy2.npz,97-294,FEBRUARY,FEBRUARY,TP
continuous_0293_S5_strategy2.npz,294-391,THURSDAY,THURSDAY,TP
continuous_0293_S5_strategy2.npz,391-490,BROWN,BROWN,TP
continuous_0293_S5_strategy2.npz,490-588,NO SUGAR,NO SUGAR,TP
continuous_0293_S5_strategy2.npz,588-687,-,SUGAR,FP
continuous_0293_S5_strategy2.npz,687-784,SEVEN,SEVEN,TP
continuous_0293_S5_strategy2.npz,784-883,DEAF,DEAF,TP
continuous_0294_S5_strategy2.npz,0-162,IM FINE,IM FINE,TP
continuous_0294_S5_strategy2.npz,162-243,SPAGHETTI,SPAGHETTI,TP
continuous_0294_S5_strategy2.npz,243-324,-,GOOD MORNING,FP
continuous_0294_S5_strategy2.npz,324-405,-,FRIDAY,FP
continuous_0294_S5_strategy2.npz,405-486,MARRIED,MARRIED,TP
continuous_0294_S5_strategy2.npz,486-567,DAUGHTER,DAUGHTER,TP
continuous_0294_S5_strategy2.npz,567-648,-,WHITE,FP
continuous_0294_S5_strategy2.npz,648-729,SEPTEMBER,SEPTEMBER,TP
continuous_0294_S5_strategy2.npz,729-810,-,APRIL,FP
continuous_0294_S5_strategy2.npz,810-891,GRAY,GRAY,TP
continuous_0294_S5_strategy2.npz,252-380,FRIDAY,-,FN
continuous_0295_S5_strategy2.npz,0-97,NO SUGAR,NO SUGAR,TP
continuous_0295_S5_strategy2.npz,97-195,-,SUGAR,FP
continuous_0295_S5_strategy2.npz,195-294,WEELCHAIR PERSON,WEELCHAIR PERSON,TP
continuous_0295_S5_strategy2.npz,294-393,TODAY,TODAY,TP
continuous_0295_S5_strategy2.npz,393-490,SIX,SIX,TP
continuous_0295_S5_strategy2.npz,490-588,THANK YOU,THANK YOU,TP
continuous_0295_S5_strategy2.npz,588-687,-,DEAF,FP
continuous_0295_S5_strategy2.npz,687-786,KNOW,KNOW,TP
continuous_0296_S5_strategy2.npz,0-177,RICE,RICE,TP
continuous_0296_S5_strategy2.npz,177-265,TEN,TEN,TP
continuous_0296_S5_strategy2.npz,265-444,DEAF,DEAF,TP
continuous_0296_S5_strategy2.npz,444-532,YES,YES,TP
continuous_0296_S5_strategy2.npz,532-711,TUESDAY,TUESDAY,TP
continuous_0296_S5_strategy2.npz,711-799,MAY,MAY,TP
continuous_0296_S5_strategy2.npz,799-888,WHITE,WHITE,TP
continuous_0297_S5_strategy2.npz,0-67,MARCH,MARCH,TP
continuous_0297_S5_strategy2.npz,67-136,-,SPAGHETTI,FP
continuous_0297_S5_strategy2.npz,136-205,COUSIN,COUSIN,TP
continuous_0297_S5_strategy2.npz,205-274,-,DARK,FP
continuous_0297_S5_strategy2.npz,274-412,COFFEE,COFFEE,TP
continuous_0297_S5_strategy2.npz,412-480,EIGHT,EIGHT,TP
continuous_0297_S5_strategy2.npz,480-549,-,MARRIED,FP
continuous_0297_S5_strategy2.npz,549-687,SLOW,SLOW,TP
continuous_0297_S5_strategy2.npz,687-825,BLUE,BLUE,TP
continuous_0297_S5_strategy2.npz,825-894,FRIDAY,FRIDAY,TP
continuous_0298_S5_strategy2.npz,0-63,MARRIED,MARRIED,TP
continuous_0298_S5_strategy2.npz,63-126,-,SHRIMP,FP
continuous_0298_S5_strategy2.npz,126-318,JANUARY,JANUARY,TP
continuous_0298_S5_strategy2.npz,318-447,UNCLE,UNCLE,TP
continuous_0298_S5_strategy2.npz,447-573,CRAB,CRAB,TP
continuous_0298_S5_strategy2.npz,573-702,NINE,NINE,TP
continuous_0298_S5_strategy2.npz,702-829,THURSDAY,THURSDAY,TP
continuous_0298_S5_strategy2.npz,829-894,-,UNDERSTAND,FP
continuous_0298_S5_strategy2.npz,762-890,UNDERSTAND,-,FN
continuous_0299_S5_strategy2.npz,0-195,DARK,DARK,TP
continuous_0299_S5_strategy2.npz,195-292,MILK,MILK,TP
continuous_0299_S5_strategy2.npz,292-390,BREAD,BREAD,TP
continuous_0299_S5_strategy2.npz,390-487,GRANDFATHER,GRANDFATHER,TP
continuous_0299_S5_strategy2.npz,487-684,MONDAY,MONDAY,TP
continuous_0299_S5_strategy2.npz,684-781,GOOD EVENING,GOOD EVENING,TP
continuous_0300_S5_strategy2.npz,0-192,HOW ARE YOU,HOW ARE YOU,TP
continuous_0300_S5_strategy2.npz,192-289,FAST,FAST,TP
continuous_0300_S5_strategy2.npz,289-483,COLD,COLD,TP
continuous_0300_S5_strategy2.npz,483-579,UNCLE,UNCLE,TP
continuous_0300_S5_strategy2.npz,579-676,MARRIED,MARRIED,TP
continuous_0300_S5_strategy2.npz,676-774,SUNDAY,SUNDAY,TP
continuous_0301_S5_strategy2.npz,138-276,WHITE,WHITE,TP
continuous_0301_S5_strategy2.npz,276-345,LONGANISA,LONGANISA,TP
continuous_0301_S5_strategy2.npz,345-483,-,CRAB,FP
continuous_0301_S5_strategy2.npz,483-621,JUNE,JUNE,TP
continuous_0301_S5_strategy2.npz,621-690,SLOW,SLOW,TP
continuous_0301_S5_strategy2.npz,690-828,WEELCHAIR PERSON,WEELCHAIR PERSON,TP
continuous_0301_S5_strategy2.npz,828-897,SIX,SIX,TP
continuous_0301_S5_strategy2.npz,0-127,GRANDMOTHER,-,FN
continuous_0302_S5_strategy2.npz,0-223,FOUR,FOUR,TP
continuous_0302_S5_strategy2.npz,223-336,DON’T KNOW,DON’T KNOW,TP
continuous_0302_S5_strategy2.npz,336-447,FISH,FISH,TP
continuous_0302_S5_strategy2.npz,447-559,SEPTEMBER,SEPTEMBER,TP
continuous_0302_S5_strategy2.npz,559-672,GOOD AFTERNOON,GOOD AFTERNOON,TP
continuous_0302_S5_strategy2.npz,672-783,ORANGE,ORANGE,TP
continuous_0303_S5_strategy2.npz,0-91,COFFEE,COFFEE,TP
continuous_0303_S5_strategy2.npz,91-184,-,WHITE,FP
continuous_0303_S5_strategy2.npz,184-277,YOURE WELCOME,YOURE WELCOME,TP
continuous_0303_S5_strategy2.npz,277-463,BOY,BOY,TP
continuous_0303_S5_strategy2.npz,463-649,FEBRUARY,FEBRUARY,TP
continuous_0303_S5_strategy2.npz,649-742,SATURDAY,SATURDAY,TP
continuous_0303_S5_strategy2.npz,742-835,CHICKEN,CHICKEN,TP
continuous_0303_S5_strategy2.npz,835-928,RED,RED,TP
continuous_0304_S5_strategy2.npz,0-75,MAN,MAN,TP
continuous_0304_S5_strategy2.npz,75-153,-,ORANGE,FP
continuous_0304_S5_strategy2.npz,153-228,FISH,FISH,TP
continuous_0304_S5_strategy2.npz,228-381,YELLOW,YELLOW,TP
continuous_0304_S5_strategy2.npz,381-534,SON,SON,TP
continuous_0304_S5_strategy2.npz,534-687,MILK,MILK,TP
continuous_0304_S5_strategy2.npz,687-765,SUNDAY,SUNDAY,TP
continuous_0305_S5_strategy2.npz,0-81,WEELCHAIR PERSON,WEELCHAIR PERSON,TP
continuous_0305_S5_strategy2.npz,81-162,-,CHICKEN,FP
continuous_0305_S5_strategy2.npz,162-324,AUGUST,AUGUST,TP
continuous_0305_S5_strategy2.npz,324-487,ONE,ONE,TP
continuous_0305_S5_strategy2.npz,487-568,DAUGHTER,DAUGHTER,TP
continuous_0305_S5_strategy2.npz,568-649,-,HARD OF HEARING,FP
continuous_0305_S5_strategy2.npz,649-813,WRONG,WRONG,TP
continuous_0305_S5_strategy2.npz,813-894,MONDAY,MONDAY,TP
continuous_0305_S5_strategy2.npz,127-254,CHICKEN,-,FN
continuous_0306_S5_strategy2.npz,0-169,FOUR,FOUR,TP
continuous_0306_S5_strategy2.npz,169-340,SPAGHETTI,SPAGHETTI,TP
continuous_0306_S5_strategy2.npz,340-426,TEA,TEA,TP
continuous_0306_S5_strategy2.npz,426-597,TODAY,TODAY,TP
continuous_0306_S5_strategy2.npz,597-681,NO,NO,TP
continuous_0306_S5_strategy2.npz,681-768,JANUARY,JANUARY,TP
continuous_0307_S5_strategy2.npz,0-162,DEAF BLIND,DEAF BLIND,TP
continuous_0307_S5_strategy2.npz,162-243,YES,YES,TP
continuous_0307_S5_strategy2.npz,243-324,BLUE,BLUE,TP
continuous_0307_S5_strategy2.npz,324-486,CRAB,CRAB,TP
continuous_0307_S5_strategy2.npz,486-648,SEE YOU TOMORROW,SEE YOU TOMORROW,TP
continuous_0307_S5_strategy2.npz,648-810,YESTERDAY,YESTERDAY,TP
continuous_0307_S5_strategy2.npz,810-891,HOT,HOT,TP
continuous_0308_S5_strategy2.npz,0-93,CHICKEN,CHICKEN,TP
continuous_0308_S5_strategy2.npz,93-282,KNOW,KNOW,TP
continuous_0308_S5_strategy2.npz,282-472,HOT,HOT,TP
continuous_0308_S5_strategy2.npz,472-567,OCTOBER,OCTOBER,TP
continuous_0308_S5_strategy2.npz,567-661,YESTERDAY,YESTERDAY,TP
continuous_0308_S5_strategy2.npz,661-756,DAUGHTER,DAUGHTER,TP
continuous_0309_S5_strategy2.npz,0-126,GOOD EVENING,GOOD EVENING,TP
continuous_0309_S5_strategy2.npz,126-255,DON’T UNDERSTAND,DON’T UNDERSTAND,TP
continuous_0309_S5_strategy2.npz,255-382,BEER,BEER,TP
continuous_0309_S5_strategy2.npz,382-510,SATURDAY,SATURDAY,TP
continuous_0309_S5_strategy2.npz,510-639,MOTHER,MOTHER,TP
continuous_0309_S5_strategy2.npz,639-766,BLIND,BLIND,TP
continuous_0310_S5_strategy2.npz,0-111,ONE,ONE,TP
continuous_0310_S5_strategy2.npz,111-222,EGG,EGG,TP
continuous_0310_S5_strategy2.npz,222-333,COLD,COLD,TP
continuous_0310_S5_strategy2.npz,333-444,WHITE,WHITE,TP
continuous_0310_S5_strategy2.npz,444-555,HELLO,HELLO,TP
continuous_0310_S5_strategy2.npz,555-666,-,EIGHT,FP
continuous_0310_S5_strategy2.npz,666-777,FRIDAY,FRIDAY,TP
continuous_0311_S5_strategy2.npz,0-226,TEA,TEA,TP
continuous_0311_S5_strategy2.npz,226-301,GOOD MORNING,GOOD MORNING,TP
continuous_0311_S5_strategy2.npz,301-378,RICE,RICE,TP
continuous_0311_S5_strategy2.npz,378-453,DON’T UNDERSTAND,DON’T UNDERSTAND,TP
continuous_0311_S5_strategy2.npz,453-528,-,GOOD AFTERNOON,FP
continuous_0311_S5_strategy2.npz,528-604,NINE,NINE,TP
continuous_0311_S5_strategy2.npz,604-681,-,EIGHT,FP
continuous_0311_S5_strategy2.npz,681-756,MAN,MAN,TP
continuous_0312_S5_strategy2.npz,0-88,LIGHT,LIGHT,TP
continuous_0312_S5_strategy2.npz,88-178,-,SUNDAY,FP
continuous_0312_S5_strategy2.npz,178-267,YOURE WELCOME,YOURE WELCOME,TP
continuous_0312_S5_strategy2.npz,267-357,WEELCHAIR PERSON,WEELCHAIR PERSON,TP
continuous_0312_S5_strategy2.npz,357-537,GRANDFATHER,GRANDFATHER,TP
continuous_0312_S5_strategy2.npz,537-715,SATURDAY,SATURDAY,TP
continuous_0312_S5_strategy2.npz,715-804,WINE,WINE,TP
continuous_0312_S5_strategy2.npz,804-894,TEN,TEN,TP
continuous_0313_S5_strategy2.npz,0-165,MILK,MILK,TP
continuous_0313_S5_strategy2.npz,165-247,GRAY,GRAY,TP
continuous_0313_S5_strategy2.npz,247-330,SLOW,SLOW,TP
continuous_0313_S5_strategy2.npz,330-496,NOVEMBER,NOVEMBER,TP
continuous_0313_S5_strategy2.npz,496-579,PARENTS,PARENTS,TP
continuous_0313_S5_strategy2.npz,579-663,-,MOTHER,FP
continuous_0313_S5_strategy2.npz,663-745,IM FINE,IM FINE,TP
continuous_0314_S5_strategy2.npz,0-126,MONDAY,MONDAY,TP
continuous_0314_S5_strategy2.npz,126-253,MEAT,MEAT,TP
continuous_0314_S5_strategy2.npz,253-381,TEN,TEN,TP
continuous_0314_S5_strategy2.npz,381-445,GIRL,GIRL,TP
continuous_0314_S5_strategy2.npz,445-508,-,AUNTIE,FP
continuous_0314_S5_strategy2.npz,508-573,-,JULY,FP
continuous_0314_S5_strategy2.npz,573-636,JANUARY,JANUARY,TP
continuous_0314_S5_strategy2.npz,636-699,-,JULY,FP
continuous_0314_S5_strategy2.npz,699-763,RED,RED,TP
continuous_0314_S5_strategy2.npz,763-828,-,KNOW,FP
continuous_0314_S5_strategy2.npz,828-891,DON’T KNOW,DON’T KNOW,TP
continuous_0315_S5_strategy2.npz,0-84,SUNDAY,SUNDAY,TP
continuous_0315_S5_strategy2.npz,84-168,GOOD EVENING,GOOD EVENING,TP
continuous_0315_S5_strategy2.npz,168-337,UNDERSTAND,UNDERSTAND,TP
continuous_0315_S5_strategy2.npz,337-506,MILK,MILK,TP
continuous_0315_S5_strategy2.npz,506-675,THREE,THREE,TP
continuous_0315_S5_strategy2.npz,675-760,AUGUST,AUGUST,TP
continuous_0316_S5_strategy2.npz,0-90,FRIDAY,FRIDAY,TP
continuous_0316_S5_strategy2.npz,90-180,NO SUGAR,NO SUGAR,TP
continuous_0316_S5_strategy2.npz,180-271,-,SUGAR,FP
continuous_0316_S5_strategy2.npz,271-361,FATHER,FATHER,TP
continuous_0316_S5_strategy2.npz,361-543,MARRIED,MARRIED,TP
continuous_0316_S5_strategy2.npz,543-633,VIOLET,VIOLET,TP
continuous_0316_S5_strategy2.npz,633-724,THREE,THREE,TP
continuous_0316_S5_strategy2.npz,724-816,-,NO,FP
continuous_0316_S5_strategy2.npz,816-906,GOOD AFTERNOON,GOOD AFTERNOON,TP
continuous_0317_S5_strategy2.npz,0-72,SEVEN,SEVEN,TP
continuous_0317_S5_strategy2.npz,72-145,-,FATHER,FP
continuous_0317_S5_strategy2.npz,145-219,-,DAUGHTER,FP
continuous_0317_S5_strategy2.npz,219-366,HARD OF HEARING,HARD OF HEARING,TP
continuous_0317_S5_strategy2.npz,366-438,NO SUGAR,NO SUGAR,TP
continuous_0317_S5_strategy2.npz,438-511,-,JULY,FP
continuous_0317_S5_strategy2.npz,511-585,MEAT,MEAT,TP
continuous_0317_S5_strategy2.npz,585-657,-,KNOW,FP
continuous_0317_S5_strategy2.npz,657-732,DON’T KNOW,DON’T KNOW,TP
continuous_0317_S5_strategy2.npz,125-226,FATHER,-,FN
continuous_0318_S5_strategy2.npz,0-67,MOTHER,MOTHER,TP
continuous_0318_S5_strategy2.npz,67-136,-,WOMAN,FP
continuous_0318_S5_strategy2.npz,136-205,-,ORANGE,FP
continuous_0318_S5_strategy2.npz,205-274,-,MONDAY,FP
continuous_0318_S5_strategy2.npz,274-412,WEDNESDAY,WEDNESDAY,TP
continuous_0318_S5_strategy2.npz,412-550,FIVE,FIVE,TP
continuous_0318_S5_strategy2.npz,550-619,NO,NO,TP
continuous_0318_S5_strategy2.npz,619-688,-,MONDAY,FP
continuous_0318_S5_strategy2.npz,688-826,DARK,DARK,TP
continuous_0318_S5_strategy2.npz,826-895,CRAB,CRAB,TP
continuous_0318_S5_strategy2.npz,127-254,WOMAN,-,FN
continuous_0319_S5_strategy2.npz,0-148,EGG,EGG,TP
continuous_0319_S5_strategy2.npz,148-297,DARK,DARK,TP
continuous_0319_S5_strategy2.npz,297-447,THURSDAY,THURSDAY,TP
continuous_0319_S5_strategy2.npz,447-597,UNDERSTAND,UNDERSTAND,TP
continuous_0319_S5_strategy2.npz,597-672,AUNTIE,AUNTIE,TP
continuous_0319_S5_strategy2.npz,672-820,WEELCHAIR PERSON,WEELCHAIR PERSON,TP
continuous_0319_S5_strategy2.npz,820-895,OCTOBER,OCTOBER,TP
continuous_0320_S5_strategy2.npz,0-127,ORANGE,ORANGE,TP
continuous_0320_S5_strategy2.npz,127-255,HELLO,HELLO,TP
continuous_0320_S5_strategy2.npz,255-384,GRANDFATHER,GRANDFATHER,TP
continuous_0320_S5_strategy2.npz,384-513,SLOW,SLOW,TP
continuous_0320_S5_strategy2.npz,513-640,CHICKEN,CHICKEN,TP
continuous_0320_S5_strategy2.npz,640-768,BLIND,BLIND,TP
continuous_0320_S5_strategy2.npz,768-897,APRIL,APRIL,TP
continuous_0321_S5_strategy2.npz,0-108,PARENTS,PARENTS,TP
continuous_0321_S5_strategy2.npz,108-216,-,MOTHER,FP
continuous_0321_S5_strategy2.npz,216-324,IM FINE,IM FINE,TP
continuous_0321_S5_strategy2.npz,324-432,DEAF,DEAF,TP
continuous_0321_S5_strategy2.npz,432-541,-,BLACK,FP
continuous_0321_S5_strategy2.npz,541-649,BREAD,BREAD,TP
continuous_0321_S5_strategy2.npz,649-759,NOVEMBER,NOVEMBER,TP
continuous_0321_S5_strategy2.npz,376-504,BLACK,-,FN
continuous_0322_S5_strategy2.npz,0-73,APRIL,APRIL,TP
continuous_0322_S5_strategy2.npz,73-147,-,JULY,FP
continuous_0322_S5_strategy2.npz,147-222,MAY,MAY,TP
continuous_0322_S5_strategy2.npz,222-295,-,JANUARY,FP
continuous_0322_S5_strategy2.npz,295-444,JUNE,JUNE,TP
continuous_0322_S5_strategy2.npz,444-591,FEBRUARY,FEBRUARY,TP
continuous_0322_S5_strategy2.npz,591-666,-,JUNE,FP
continuous_0322_S5_strategy2.npz,666-739,-,DECEMBER,FP
continuous_0322_S5_strategy2.npz,739-813,ORANGE,ORANGE,TP
continuous_0322_S5_strategy2.npz,813-888,DECEMBER,DECEMBER,TP
continuous_0322_S5_strategy2.npz,509-636,JUNE,-,FN
continuous_0323_S5_strategy2.npz,0-97,BLUE,BLUE,TP
continuous_0323_S5_strategy2.npz,97-295,GOOD EVENING,GOOD EVENING,TP
continuous_0323_S5_strategy2.npz,295-394,PINK,PINK,TP
continuous_0323_S5_strategy2.npz,394-492,BLIND,BLIND,TP
continuous_0323_S5_strategy2.npz,492-690,BROWN,BROWN,TP
continuous_0323_S5_strategy2.npz,690-789,APRIL,APRIL,TP
continuous_0323_S5_strategy2.npz,789-888,WHITE,WHITE,TP
continuous_0324_S5_strategy2.npz,0-133,-,JULY,FP
continuous_0324_S5_strategy2.npz,133-268,GOOD MORNING,GOOD MORNING,TP
continuous_0324_S5_strategy2.npz,268-471,DAUGHTER,DAUGHTER,TP
continuous_0324_S5_strategy2.npz,471-538,-,FATHER,FP
continuous_0324_S5_strategy2.npz,538-673,DARK,DARK,TP
continuous_0324_S5_strategy2.npz,673-808,RED,RED,TP
continuous_0324_S5_strategy2.npz,808-876,AUNTIE,AUNTIE,TP
continuous_0324_S5_strategy2.npz,0-120,MAY,-,FN
continuous_0324_S5_strategy2.npz,374-500,FATHER,-,FN
continuous_0325_S5_strategy2.npz,0-73,WHITE,WHITE,TP
continuous_0325_S5_strategy2.npz,73-222,DECEMBER,DECEMBER,TP
continuous_0325_S5_strategy2.npz,222-295,GRANDFATHER,GRANDFATHER,TP
continuous_0325_S5_strategy2.npz,295-369,-,MARRIED,FP
continuous_0325_S5_strategy2.npz,369-444,-,SHRIMP,FP
continuous_0325_S5_strategy2.npz,444-519,-,THANK YOU,FP
continuous_0325_S5_strategy2.npz,519-592,-,DEAF,FP
continuous_0325_S5_strategy2.npz,592-666,-,YES,FP
continuous_0325_S5_strategy2.npz,666-814,HOW ARE YOU,HOW ARE YOU,TP
continuous_0325_S5_strategy2.npz,814-889,BLACK,BLACK,TP
continuous_0325_S5_strategy2.npz,371-499,MARRIED,-,FN
continuous_0325_S5_strategy2.npz,499-618,THANK YOU,-,FN
continuous_0326_S5_strategy2.npz,0-73,NOVEMBER,NOVEMBER,TP
continuous_0326_S5_strategy2.npz,73-148,-,OCTOBER,FP
continuous_0326_S5_strategy2.npz,148-297,MAN,MAN,TP
continuous_0326_S5_strategy2.npz,297-372,JULY,JULY,TP
continuous_0326_S5_strategy2.npz,372-522,BROWN,BROWN,TP
continuous_0326_S5_strategy2.npz,522-670,YELLOW,YELLOW,TP
continuous_0326_S5_strategy2.npz,670-819,FEBRUARY,FEBRUARY,TP
continuous_0326_S5_strategy2.npz,819-894,GREEN,GREEN,TP
continuous_0327_S5_strategy2.npz,0-90,GIRL,GIRL,TP
continuous_0327_S5_strategy2.npz,90-270,-,AUNTIE,FP
continuous_0327_S5_strategy2.npz,270-360,-,THANK YOU,FP
continuous_0327_S5_strategy2.npz,360-450,LIGHT,LIGHT,TP
continuous_0327_S5_strategy2.npz,450-540,BLUE,BLUE,TP
continuous_0327_S5_strategy2.npz,540-720,GOOD AFTERNOON,GOOD AFTERNOON,TP
continuous_0327_S5_strategy2.npz,720-810,GREEN,GREEN,TP
continuous_0327_S5_strategy2.npz,810-900,APRIL,APRIL,TP
continuous_0327_S5_strategy2.npz,127-262,THANK YOU,-,FN
continuous_0328_S5_strategy2.npz,0-63,HARD OF HEARING,HARD OF HEARING,TP
continuous_0328_S5_strategy2.npz,63-126,-,GOOD EVENING,FP
continuous_0328_S5_strategy2.npz,126-252,MAY,MAY,TP
continuous_0328_S5_strategy2.npz,252-315,GOOD EVENING,GOOD EVENING,TP
continuous_0328_S5_strategy2.npz,315-379,-,MONDAY,FP
continuous_0328_S5_strategy2.npz,379-570,THANK YOU,THANK YOU,TP
continuous_0328_S5_strategy2.npz,570-633,BLACK,BLACK,TP
continuous_0328_S5_strategy2.npz,633-696,-,GOOD MORNING,FP
continuous_0328_S5_strategy2.npz,696-822,FATHER,FATHER,TP
continuous_0328_S5_strategy2.npz,822-886,DEAF BLIND,DEAF BLIND,TP
continuous_0329_S5_strategy2.npz,0-111,GREEN,GREEN,TP
continuous_0329_S5_strategy2.npz,111-222,DARK,DARK,TP
continuous_0329_S5_strategy2.npz,222-333,FEBRUARY,FEBRUARY,TP
continuous_0329_S5_strategy2.npz,333-445,GRAY,GRAY,TP
continuous_0329_S5_strategy2.npz,445-558,YELLOW,YELLOW,TP
continuous_0329_S5_strategy2.npz,558-780,BLUE,BLUE,TP
continuous_0329_S5_strategy2.npz,780-892,VIOLET,VIOLET,TP
continuous_0330_S5_strategy2.npz,0-87,VIOLET,VIOLET,TP
continuous_0330_S5_strategy2.npz,87-177,NOVEMBER,NOVEMBER,TP
continuous_0330_S5_strategy2.npz,177-354,GRAY,GRAY,TP
continuous_0330_S5_strategy2.npz,354-531,PINK,PINK,TP
continuous_0330_S5_strategy2.npz,531-621,YELLOW,YELLOW,TP
continuous_0330_S5_strategy2.npz,621-798,DARK,DARK,TP
continuous_0330_S5_strategy2.npz,798-888,AUGUST,AUGUST,TP
continuous_0331_S5_strategy2.npz,0-81,NOVEMBER,NOVEMBER,TP
continuous_0331_S5_strategy2.npz,81-243,DECEMBER,DECEMBER,TP
continuous_0331_S5_strategy2.npz,243-324,ORANGE,ORANGE,TP
continuous_0331_S5_strategy2.npz,324-486,COUSIN,COUSIN,TP
continuous_0331_S5_strategy2.npz,486-648,GIRL,GIRL,TP
continuous_0331_S5_strategy2.npz,648-810,GOOD MORNING,GOOD MORNING,TP
continuous_0331_S5_strategy2.npz,810-892,OCTOBER,OCTOBER,TP
continuous_0332_S5_strategy2.npz,0-147,MARCH,MARCH,TP
continuous_0332_S5_strategy2.npz,147-222,BLACK,BLACK,TP
continuous_0332_S5_strategy2.npz,222-369,-,SEPTEMBER,FP
continuous_0332_S5_strategy2.npz,369-519,LIGHT,LIGHT,TP
continuous_0332_S5_strategy2.npz,519-666,WOMAN,WOMAN,TP
continuous_0332_S5_strategy2.npz,666-741,NICE TO MEET YOU,NICE TO MEET YOU,TP
continuous_0332_S5_strategy2.npz,741-814,-,SLOW,FP
continuous_0332_S5_strategy2.npz,814-889,GREEN,GREEN,TP
continuous_0332_S5_strategy2.npz,255-383,MARCH,-,FN
continuous_0333_S5_strategy2.npz,0-76,MOTHER,MOTHER,TP
continuous_0333_S5_strategy2.npz,76-154,-,PINK,FP
continuous_0333_S5_strategy2.npz,154-310,SEE YOU TOMORROW,SEE YOU TOMORROW,TP
continuous_0333_S5_strategy2.npz,310-466,WHITE,WHITE,TP
continuous_0333_S5_strategy2.npz,466-622,GOOD AFTERNOON,GOOD AFTERNOON,TP
continuous_0333_S5_strategy2.npz,622-700,FATHER,FATHER,TP
continuous_0333_S5_strategy2.npz,700-778,MAN,MAN,TP
continuous_0333_S5_strategy2.npz,778-856,-,ORANGE,FP
continuous_0333_S5_strategy2.npz,856-934,NICE TO MEET YOU,NICE TO MEET YOU,TP
continuous_0334_S5_strategy2.npz,0-84,BOY,BOY,TP
continuous_0334_S5_strategy2.npz,84-169,-,GIRL,FP
continuous_0334_S5_strategy2.npz,169-255,VIOLET,VIOLET,TP
continuous_0335_S5_strategy2.npz,0-129,BROWN,BROWN,TP
continuous_0336_S5_strategy2.npz,0-127,YELLOW,YELLOW,TP
continuous_0337_S6_strategy2.npz,0-79,WEELCHAIR PERSON,WEELCHAIR PERSON,TP
continuous_0337_S6_strategy2.npz,79-240,GRANDMOTHER,GRANDMOTHER,TP
continuous_0337_S6_strategy2.npz,240-321,-,NOVEMBER,FP
continuous_0337_S6_strategy2.npz,321-481,COLD,COLD,TP
continuous_0337_S6_strategy2.npz,481-642,FIVE,FIVE,TP
continuous_0337_S6_strategy2.npz,642-804,DON’T UNDERSTAND,DON’T UNDERSTAND,TP
continuous_0337_S6_strategy2.npz,804-885,IM FINE,IM FINE,TP
continuous_0337_S6_strategy2.npz,254-371,SEPTEMBER,-,FN
continuous_0338_S6_strategy2.npz,0-72,MEAT,MEAT,TP
continuous_0338_S6_strategy2.npz,72-219,YES,YES,TP
continuous_0338_S6_strategy2.npz,219-366,THANK YOU,THANK YOU,TP
continuous_0338_S6_strategy2.npz,366-439,HARD OF HEARING,HARD OF HEARING,TP
continuous_0338_S6_strategy2.npz,439-513,-,ORANGE,FP
continuous_0338_S6_strategy2.npz,513-660,WINE,WINE,TP
continuous_0338_S6_strategy2.npz,660-732,SUNDAY,SUNDAY,TP
continuous_0338_S6_strategy2.npz,732-805,-,FEBRUARY,FP
continuous_0338_S6_strategy2.npz,805-879,NOVEMBER,NOVEMBER,TP
continuous_0339_S6_strategy2.npz,0-69,MARRIED,MARRIED,TP
continuous_0339_S6_strategy2.npz,69-207,HOT,HOT,TP
continuous_0339_S6_strategy2.npz,207-346,SPAGHETTI,SPAGHETTI,TP
continuous_0339_S6_strategy2.npz,346-486,LIGHT,LIGHT,TP
continuous_0339_S6_strategy2.npz,486-555,-,HOT,FP
continuous_0339_S6_strategy2.npz,555-693,THREE,THREE,TP
continuous_0339_S6_strategy2.npz,693-832,FEBRUARY,FEBRUARY,TP
continuous_0339_S6_strategy2.npz,832-903,AUNTIE,AUNTIE,TP
continuous_0340_S6_strategy2.npz,0-108,EGG,EGG,TP
continuous_0340_S6_strategy2.npz,108-216,COUSIN,COUSIN,TP
continuous_0340_S6_strategy2.npz,216-433,FAST,FAST,TP
continuous_0340_S6_strategy2.npz,433-541,BROWN,BROWN,TP
continuous_0340_S6_strategy2.npz,541-651,HOW ARE YOU,HOW ARE YOU,TP
continuous_0340_S6_strategy2.npz,651-759,COFFEE,COFFEE,TP
continuous_0341_S6_strategy2.npz,0-135,CRAB,CRAB,TP
continuous_0341_S6_strategy2.npz,135-204,SON,SON,TP
continuous_0341_S6_strategy2.npz,204-271,-,DAUGHTER,FP
continuous_0341_S6_strategy2.npz,271-340,NO SUGAR,NO SUGAR,TP
continuous_0341_S6_strategy2.npz,340-477,-,SUGAR,FP
continuous_0341_S6_strategy2.npz,477-544,DON’T KNOW,DON’T KNOW,TP
continuous_0341_S6_strategy2.npz,544-681,APRIL,APRIL,TP
continuous_0341_S6_strategy2.npz,681-817,GIRL,GIRL,TP
continuous_0341_S6_strategy2.npz,817-886,TODAY,TODAY,TP
continuous_0342_S6_strategy2.npz,0-169,GRANDFATHER,GRANDFATHER,TP
continuous_0342_S6_strategy2.npz,169-339,JUICE,JUICE,TP
continuous_0342_S6_strategy2.npz,339-426,UNDERSTAND,UNDERSTAND,TP
continuous_0342_S6_strategy2.npz,426-595,BLUE,BLUE,TP
continuous_0342_S6_strategy2.npz,595-681,LONGANISA,LONGANISA,TP
continuous_0342_S6_strategy2.npz,681-766,JANUARY,JANUARY,TP
continuous_0343_S6_strategy2.npz,0-127,BLACK,BLACK,TP
continuous_0343_S6_strategy2.npz,127-192,COFFEE,COFFEE,TP
continuous_0343_S6_strategy2.npz,192-385,SIX,SIX,TP
continuous_0343_S6_strategy2.npz,385-514,HOW ARE YOU,HOW ARE YOU,TP
continuous_0343_S6_strategy2.npz,514-708,SEPTEMBER,SEPTEMBER,TP
continuous_0343_S6_strategy2.npz,708-772,SON,SON,TP
continuous_0344_S6_strategy2.npz,0-147,GOOD AFTERNOON,GOOD AFTERNOON,TP
continuous_0344_S6_strategy2.npz,147-220,RICE,RICE,TP
continuous_0344_S6_strategy2.npz,220-294,TEA,TEA,TP
continuous_0344_S6_strategy2.npz,294-367,-,MOTHER,FP
continuous_0344_S6_strategy2.npz,367-441,PARENTS,PARENTS,TP
continuous_0344_S6_strategy2.npz,441-588,-,MOTHER,FP
continuous_0344_S6_strategy2.npz,588-663,DON’T UNDERSTAND,DON’T UNDERSTAND,TP
continuous_0344_S6_strategy2.npz,663-735,-,HOT,FP
continuous_0344_S6_strategy2.npz,735-810,PINK,PINK,TP
continuous_0344_S6_strategy2.npz,810-883,MARCH,MARCH,TP
continuous_0345_S6_strategy2.npz,0-82,COUSIN,COUSIN,TP
continuous_0345_S6_strategy2.npz,82-166,-,LIGHT,FP
continuous_0345_S6_strategy2.npz,166-249,-,FAST,FP
continuous_0345_S6_strategy2.npz,249-417,DON’T UNDERSTAND,DON’T UNDERSTAND,TP
continuous_0345_S6_strategy2.npz,417-501,-,TEA,FP
continuous_0345_S6_strategy2.npz,501-667,RICE,RICE,TP
continuous_0345_S6_strategy2.npz,667-751,TOMORROW,TOMORROW,TP
continuous_0345_S6_strategy2.npz,122-247,LIGHT,-,FN
continuous_0345_S6_strategy2.npz,374-503,TEA,-,FN
continuous_0346_S6_strategy2.npz,0-84,SPAGHETTI,SPAGHETTI,TP
continuous_0346_S6_strategy2.npz,84-168,GRANDMOTHER,GRANDMOTHER,TP
continuous_0346_S6_strategy2.npz,168-339,PINK,PINK,TP
continuous_0346_S6_strategy2.npz,339-508,MONDAY,MONDAY,TP
continuous_0346_S6_strategy2.npz,508-678,DEAF,DEAF,TP
continuous_0346_S6_strategy2.npz,678-763,HELLO,HELLO,TP
continuous_0347_S6_strategy2.npz,0-96,SEE YOU TOMORROW,SEE YOU TOMORROW,TP
continuous_0347_S6_strategy2.npz,96-288,MAN,MAN,TP
continuous_0347_S6_strategy2.npz,288-480,NOVEMBER,NOVEMBER,TP
continuous_0347_S6_strategy2.npz,480-576,DON’T UNDERSTAND,DON’T UNDERSTAND,TP
continuous_0347_S6_strategy2.npz,576-672,BLUE,BLUE,TP
continuous_0347_S6_strategy2.npz,672-768,EIGHT,EIGHT,TP
continuous_0348_S6_strategy2.npz,0-75,TEN,TEN,TP
continuous_0348_S6_strategy2.npz,75-151,-,AUNTIE,FP
continuous_0348_S6_strategy2.npz,151-381,CORRECT,CORRECT,TP
continuous_0348_S6_strategy2.npz,381-534,NICE TO MEET YOU,NICE TO MEET YOU,TP
continuous_0348_S6_strategy2.npz,534-687,JUNE,JUNE,TP
continuous_0348_S6_strategy2.npz,687-763,-,HARD OF HEARING,FP
continuous_0348_S6_strategy2.npz,763-840,HOT,HOT,TP
continuous_0348_S6_strategy2.npz,840-916,SHRIMP,SHRIMP,TP
continuous_0348_S6_strategy2.npz,557-677,HARD OF HEARING,-,FN
continuous_0349_S6_strategy2.npz,0-79,SUNDAY,SUNDAY,TP
continuous_0349_S6_strategy2.npz,79-241,SHRIMP,SHRIMP,TP
continuous_0349_S6_strategy2.npz,241-321,FOUR,FOUR,TP
continuous_0349_S6_strategy2.npz,321-402,-,NO,FP
continuous_0349_S6_strategy2.npz,402-483,DEAF BLIND,DEAF BLIND,TP
continuous_0349_S6_strategy2.npz,483-645,-,BLIND,FP
continuous_0349_S6_strategy2.npz,645-726,-,YES,FP
continuous_0349_S6_strategy2.npz,726-807,WINE,WINE,TP
continuous_0349_S6_strategy2.npz,807-888,MOTHER,MOTHER,TP
continuous_0349_S6_strategy2.npz,510-644,YES,-,FN
continuous_0350_S6_strategy2.npz,0-174,WRONG,WRONG,TP
continuous_0350_S6_strategy2.npz,174-261,TUESDAY,TUESDAY,TP
continuous_0350_S6_strategy2.npz,261-348,DAUGHTER,DAUGHTER,TP
continuous_0350_S6_strategy2.npz,348-436,-,MOTHER,FP
continuous_0350_S6_strategy2.npz,436-523,SEE YOU TOMORROW,SEE YOU TOMORROW,TP
continuous_0350_S6_strategy2.npz,523-612,-,DAUGHTER,FP
continuous_0350_S6_strategy2.npz,612-699,-,GRAY,FP
continuous_0350_S6_strategy2.npz,699-786,CHICKEN,CHICKEN,TP
continuous_0350_S6_strategy2.npz,538-666,GRAY,-,FN
continuous_0351_S6_strategy2.npz,0-84,LIGHT,LIGHT,TP
continuous_0351_S6_strategy2.npz,84-171,-,SUNDAY,FP
continuous_0351_S6_strategy2.npz,171-256,COFFEE,COFFEE,TP
continuous_0351_S6_strategy2.npz,256-427,COUSIN,COUSIN,TP
continuous_0351_S6_strategy2.npz,427-598,DON’T UNDERSTAND,DON’T UNDERSTAND,TP
continuous_0351_S6_strategy2.npz,598-684,TWO,TWO,TP
continuous_0351_S6_strategy2.npz,684-771,MARCH,MARCH,TP
continuous_0351_S6_strategy2.npz,771-856,CHICKEN,CHICKEN,TP
continuous_0352_S6_strategy2.npz,0-148,BEER,BEER,TP
continuous_0352_S6_strategy2.npz,148-222,ORANGE,ORANGE,TP
continuous_0352_S6_strategy2.npz,222-372,GRANDFATHER,GRANDFATHER,TP
continuous_0352_S6_strategy2.npz,372-520,BREAD,BREAD,TP
continuous_0352_S6_strategy2.npz,520-595,FOUR,FOUR,TP
continuous_0352_S6_strategy2.npz,595-669,-,FIVE,FP
continuous_0352_S6_strategy2.npz,669-744,SUNDAY,SUNDAY,TP
continuous_0352_S6_strategy2.npz,744-819,-,LIGHT,FP
continuous_0352_S6_strategy2.npz,819-894,JULY,JULY,TP
continuous_0353_S6_strategy2.npz,0-73,MEAT,MEAT,TP
continuous_0353_S6_strategy2.npz,73-222,TUESDAY,TUESDAY,TP
continuous_0353_S6_strategy2.npz,222-369,GRAY,GRAY,TP
continuous_0353_S6_strategy2.npz,369-591,DEAF,DEAF,TP
continuous_0353_S6_strategy2.npz,591-666,-,FAST,FP
continuous_0353_S6_strategy2.npz,666-739,WINE,WINE,TP
continuous_0353_S6_strategy2.npz,739-813,-,ORANGE,FP
continuous_0353_S6_strategy2.npz,813-888,JANUARY,JANUARY,TP
continuous_0353_S6_strategy2.npz,506-640,FAST,-,FN
continuous_0354_S6_strategy2.npz,0-75,EGG,EGG,TP
continuous_0354_S6_strategy2.npz,75-381,KNOW,KNOW,TP
continuous_0354_S6_strategy2.npz,381-456,PARENTS,PARENTS,TP
continuous_0354_S6_strategy2.npz,456-534,-,HOT,FP
continuous_0354_S6_strategy2.npz,534-685,THREE,THREE,TP
continuous_0354_S6_strategy2.npz,685-762,ORANGE,ORANGE,TP
continuous_0354_S6_strategy2.npz,254-379,MILK,-,FN
continuous_0355_S6_strategy2.npz,0-94,THURSDAY,THURSDAY,TP
continuous_0355_S6_strategy2.npz,94-190,MARRIED,MARRIED,TP
continuous_0355_S6_strategy2.npz,190-286,-,HOW ARE YOU,FP
continuous_0355_S6_strategy2.npz,286-477,SPAGHETTI,SPAGHETTI,TP
continuous_0355_S6_strategy2.npz,477-573,GOOD AFTERNOON,GOOD AFTERNOON,TP
continuous_0355_S6_strategy2.npz,573-669,NO SUGAR,NO SUGAR,TP
continuous_0355_S6_strategy2.npz,669-765,KNOW,KNOW,TP
continuous_0356_S6_strategy2.npz,0-162,NO,NO,TP
continuous_0356_S6_strategy2.npz,162-324,APRIL,APRIL,TP
continuous_0356_S6_strategy2.npz,324-405,FRIDAY,FRIDAY,TP
continuous_0356_S6_strategy2.npz,405-567,THANK YOU,THANK YOU,TP
continuous_0356_S6_strategy2.npz,567-648,DARK,DARK,TP
continuous_0356_S6_strategy2.npz,648-729,SIX,SIX,TP
continuous_0356_S6_strategy2.npz,729-810,-,HELLO,FP
continuous_0356_S6_strategy2.npz,810-891,BEER,BEER,TP
continuous_0357_S6_strategy2.npz,0-180,SATURDAY,SATURDAY,TP
continuous_0357_S6_strategy2.npz,180-270,GOOD MORNING,GOOD MORNING,TP
continuous_0357_S6_strategy2.npz,270-451,BREAD,BREAD,TP
continuous_0357_S6_strategy2.npz,451-631,COLD,COLD,TP
continuous_0357_S6_strategy2.npz,631-723,BROWN,BROWN,TP
continuous_0357_S6_strategy2.npz,723-813,-,NINE,FP
continuous_0357_S6_strategy2.npz,813-903,DECEMBER,DECEMBER,TP
continuous_0357_S6_strategy2.npz,646-781,NINE,-,FN
continuous_0358_S6_strategy2.npz,0-81,SLOW,SLOW,TP
continuous_0358_S6_strategy2.npz,81-163,-,HARD OF HEARING,FP
continuous_0358_S6_strategy2.npz,163-327,TOMORROW,TOMORROW,TP
continuous_0358_S6_strategy2.npz,327-491,MILK,MILK,TP
continuous_0358_S6_strategy2.npz,491-655,NICE TO MEET YOU,NICE TO MEET YOU,TP
continuous_0358_S6_strategy2.npz,655-819,DARK,DARK,TP
continuous_0358_S6_strategy2.npz,819-901,SEPTEMBER,SEPTEMBER,TP
continuous_0358_S6_strategy2.npz,138-265,HARD OF HEARING,-,FN
continuous_0359_S6_strategy2.npz,0-150,CRAB,CRAB,TP
continuous_0359_S6_strategy2.npz,150-226,JULY,JULY,TP
continuous_0359_S6_strategy2.npz,226-378,COUSIN,COUSIN,TP
continuous_0359_S6_strategy2.npz,378-453,SUGAR,SUGAR,TP
continuous_0359_S6_strategy2.npz,453-529,-,RED,FP
continuous_0359_S6_strategy2.npz,529-681,SEVEN,SEVEN,TP
continuous_0359_S6_strategy2.npz,681-757,DON’T UNDERSTAND,DON’T UNDERSTAND,TP
continuous_0360_S6_strategy2.npz,0-168,THANK YOU,THANK YOU,TP
continuous_0360_S6_strategy2.npz,168-336,NO,NO,TP
continuous_0360_S6_strategy2.npz,336-420,-,BROWN,FP
continuous_0360_S6_strategy2.npz,420-505,FATHER,FATHER,TP
continuous_0360_S6_strategy2.npz,505-673,WINE,WINE,TP
continuous_0360_S6_strategy2.npz,673-759,FIVE,FIVE,TP
continuous_0360_S6_strategy2.npz,263-391,BROWN,-,FN
continuous_0361_S6_strategy2.npz,0-94,WRONG,WRONG,TP
continuous_0361_S6_strategy2.npz,94-189,-,LIGHT,FP
continuous_0361_S6_strategy2.npz,189-285,-,SUNDAY,FP
continuous_0361_S6_strategy2.npz,285-379,SEVEN,SEVEN,TP
continuous_0361_S6_strategy2.npz,379-474,-,GREEN,FP
continuous_0361_S6_strategy2.npz,474-570,GOOD AFTERNOON,GOOD AFTERNOON,TP
continuous_0361_S6_strategy2.npz,570-664,DAUGHTER,DAUGHTER,TP
continuous_0361_S6_strategy2.npz,664-759,DARK,DARK,TP
continuous_0361_S6_strategy2.npz,126-253,SUNDAY,-,FN
continuous_0362_S6_strategy2.npz,0-192,TUESDAY,TUESDAY,TP
continuous_0362_S6_strategy2.npz,192-288,TEA,TEA,TP
continuous_0362_S6_strategy2.npz,288-384,FOUR,FOUR,TP
continuous_0362_S6_strategy2.npz,384-480,DEAF,DEAF,TP
continuous_0362_S6_strategy2.npz,480-672,FEBRUARY,FEBRUARY,TP
continuous_0362_S6_strategy2.npz,672-768,NO,NO,TP
continuous_0363_S6_strategy2.npz,0-81,RED,RED,TP
continuous_0363_S6_strategy2.npz,81-162,-,JANUARY,FP
continuous_0363_S6_strategy2.npz,162-324,JUNE,JUNE,TP
continuous_0363_S6_strategy2.npz,324-405,SLOW,SLOW,TP
continuous_0363_S6_strategy2.npz,405-568,SHRIMP,SHRIMP,TP
continuous_0363_S6_strategy2.npz,568-732,AUNTIE,AUNTIE,TP
continuous_0363_S6_strategy2.npz,732-813,DEAF BLIND,DEAF BLIND,TP
continuous_0363_S6_strategy2.npz,813-894,HOT,HOT,TP
continuous_0364_S6_strategy2.npz,0-75,PINK,PINK,TP
continuous_0364_S6_strategy2.npz,75-151,-,DEAF,FP
continuous_0364_S6_strategy2.npz,151-228,SHRIMP,SHRIMP,TP
continuous_0364_S6_strategy2.npz,228-303,-,WINE,FP
continuous_0364_S6_strategy2.npz,303-379,-,GRANDMOTHER,FP
continuous_0364_S6_strategy2.npz,379-531,MOTHER,MOTHER,TP
continuous_0364_S6_strategy2.npz,531-607,YESTERDAY,YESTERDAY,TP
continuous_0364_S6_strategy2.npz,607-684,-,MONDAY,FP
continuous_0364_S6_strategy2.npz,684-760,THREE,THREE,TP
continuous_0364_S6_strategy2.npz,255-379,WINE,-,FN
continuous_0365_S6_strategy2.npz,0-163,FOUR,FOUR,TP
continuous_0365_S6_strategy2.npz,163-245,SLOW,SLOW,TP
continuous_0365_S6_strategy2.npz,245-409,DAUGHTER,DAUGHTER,TP
continuous_0365_S6_strategy2.npz,409-492,CHICKEN,CHICKEN,TP
continuous_0365_S6_strategy2.npz,492-574,MARCH,MARCH,TP
continuous_0365_S6_strategy2.npz,574-657,-,COLD,FP
continuous_0365_S6_strategy2.npz,657-738,-,DEAF,FP
continuous_0365_S6_strategy2.npz,738-820,-,ONE,FP
continuous_0365_S6_strategy2.npz,820-903,HOW ARE YOU,HOW ARE YOU,TP
continuous_0365_S6_strategy2.npz,649-777,COLD,-,FN
continuous_0366_S6_strategy2.npz,0-96,KNOW,KNOW,TP
continuous_0366_S6_strategy2.npz,96-193,HOT,HOT,TP
continuous_0366_S6_strategy2.npz,193-291,-,THREE,FP
continuous_0366_S6_strategy2.npz,291-388,-,VIOLET,FP
continuous_0366_S6_strategy2.npz,388-582,MAN,MAN,TP
continuous_0366_S6_strategy2.npz,582-679,-,ONE,FP
continuous_0366_S6_strategy2.npz,679-777,HOW ARE YOU,HOW ARE YOU,TP
continuous_0366_S6_strategy2.npz,254-390,THREE,-,FN
continuous_0366_S6_strategy2.npz,390-518,VIOLET,-,FN
continuous_0367_S6_strategy2.npz,0-138,HOT,HOT,TP
continuous_0367_S6_strategy2.npz,138-207,-,UNDERSTAND,FP
continuous_0367_S6_strategy2.npz,207-276,THURSDAY,THURSDAY,TP
continuous_0367_S6_strategy2.npz,276-345,DECEMBER,DECEMBER,TP
continuous_0367_S6_strategy2.npz,345-414,-,WEELCHAIR PERSON,FP
continuous_0367_S6_strategy2.npz,414-552,LONGANISA,LONGANISA,TP
continuous_0367_S6_strategy2.npz,552-690,WRONG,WRONG,TP
continuous_0367_S6_strategy2.npz,690-759,NICE TO MEET YOU,NICE TO MEET YOU,TP
continuous_0368_S6_strategy2.npz,0-126,SEVEN,SEVEN,TP
continuous_0368_S6_strategy2.npz,126-255,BREAD,BREAD,TP
continuous_0368_S6_strategy2.npz,255-381,WEELCHAIR PERSON,WEELCHAIR PERSON,TP
continuous_0368_S6_strategy2.npz,381-510,DECEMBER,DECEMBER,TP
continuous_0368_S6_strategy2.npz,510-700,FATHER,FATHER,TP
continuous_0368_S6_strategy2.npz,700-765,TOMORROW,TOMORROW,TP
continuous_0368_S6_strategy2.npz,765-828,-,TEN,FP
continuous_0368_S6_strategy2.npz,828-892,CORRECT,CORRECT,TP
continuous_0369_S6_strategy2.npz,0-160,BOY,BOY,TP
continuous_0369_S6_strategy2.npz,160-322,DAUGHTER,DAUGHTER,TP
continuous_0369_S6_strategy2.npz,322-483,RICE,RICE,TP
continuous_0369_S6_strategy2.npz,483-564,DECEMBER,DECEMBER,TP
continuous_0369_S6_strategy2.npz,564-645,WRONG,WRONG,TP
continuous_0369_S6_strategy2.npz,645-807,BLACK,BLACK,TP
continuous_0369_S6_strategy2.npz,807-888,SATURDAY,SATURDAY,TP
continuous_0370_S6_strategy2.npz,0-93,GOOD EVENING,GOOD EVENING,TP
continuous_0370_S6_strategy2.npz,93-187,UNCLE,UNCLE,TP
continuous_0370_S6_strategy2.npz,187-375,CRAB,CRAB,TP
continuous_0370_S6_strategy2.npz,375-469,DEAF BLIND,DEAF BLIND,TP
continuous_0370_S6_strategy2.npz,469-657,YES,YES,TP
continuous_0370_S6_strategy2.npz,657-751,BLACK,BLACK,TP
continuous_0371_S6_strategy2.npz,0-69,MOTHER,MOTHER,TP
continuous_0371_S6_strategy2.npz,69-138,-,HARD OF HEARING,FP
continuous_0371_S6_strategy2.npz,138-277,MILK,MILK,TP
continuous_0371_S6_strategy2.npz,277-348,BOY,BOY,TP
continuous_0371_S6_strategy2.npz,348-417,-,JUNE,FP
continuous_0371_S6_strategy2.npz,417-556,JANUARY,JANUARY,TP
continuous_0371_S6_strategy2.npz,556-625,TUESDAY,TUESDAY,TP
continuous_0371_S6_strategy2.npz,625-696,-,BLUE,FP
continuous_0371_S6_strategy2.npz,696-765,SEVEN,SEVEN,TP
continuous_0372_S6_strategy2.npz,0-75,WRONG,WRONG,TP
continuous_0372_S6_strategy2.npz,75-150,-,WHITE,FP
continuous_0372_S6_strategy2.npz,150-225,-,MILK,FP
continuous_0372_S6_strategy2.npz,225-375,DAUGHTER,DAUGHTER,TP
continuous_0372_S6_strategy2.npz,375-600,WOMAN,WOMAN,TP
continuous_0372_S6_strategy2.npz,600-675,SEE YOU TOMORROW,SEE YOU TOMORROW,TP
continuous_0372_S6_strategy2.npz,675-750,SUNDAY,SUNDAY,TP
continuous_0372_S6_strategy2.npz,750-825,-,LIGHT,FP
continuous_0372_S6_strategy2.npz,825-900,MAY,MAY,TP
continuous_0372_S6_strategy2.npz,133-261,WHITE,-,FN
continuous_0373_S6_strategy2.npz,0-97,HARD OF HEARING,HARD OF HEARING,TP
continuous_0373_S6_strategy2.npz,97-294,TWO,TWO,TP
continuous_0373_S6_strategy2.npz,294-393,NICE TO MEET YOU,NICE TO MEET YOU,TP
continuous_0373_S6_strategy2.npz,393-490,CHICKEN,CHICKEN,TP
continuous_0373_S6_strategy2.npz,490-588,-,FAST,FP
continuous_0373_S6_strategy2.npz,588-687,-,TOMORROW,FP
continuous_0373_S6_strategy2.npz,687-786,SUGAR,SUGAR,TP
continuous_0373_S6_strategy2.npz,537-673,FAST,-,FN
continuous_0374_S6_strategy2.npz,0-81,UNCLE,UNCLE,TP
continuous_0374_S6_strategy2.npz,81-162,-,YES,FP
continuous_0374_S6_strategy2.npz,162-243,-,AUNTIE,FP
continuous_0374_S6_strategy2.npz,243-405,TOMORROW,TOMORROW,TP
continuous_0374_S6_strategy2.npz,405-567,JUNE,JUNE,TP
continuous_0374_S6_strategy2.npz,567-730,NINE,NINE,TP
continuous_0374_S6_strategy2.npz,730-811,-,EGG,FP
continuous_0374_S6_strategy2.npz,811-892,BLUE,BLUE,TP
continuous_0374_S6_strategy2.npz,127-264,YES,-,FN
continuous_0374_S6_strategy2.npz,645-773,EGG,-,FN
continuous_0375_S6_strategy2.npz,0-84,SUGAR,SUGAR,TP
continuous_0375_S6_strategy2.npz,84-168,-,TEN,FP
continuous_0375_S6_strategy2.npz,168-253,GOOD EVENING,GOOD EVENING,TP
continuous_0375_S6_strategy2.npz,253-337,-,MONDAY,FP
continuous_0375_S6_strategy2.npz,337-423,SEVEN,SEVEN,TP
continuous_0375_S6_strategy2.npz,423-591,COUSIN,COUSIN,TP
continuous_0375_S6_strategy2.npz,591-676,CORRECT,CORRECT,TP
continuous_0375_S6_strategy2.npz,676-762,MARRIED,MARRIED,TP
continuous_0376_S6_strategy2.npz,0-97,GOOD AFTERNOON,GOOD AFTERNOON,TP
continuous_0376_S6_strategy2.npz,97-196,AUGUST,AUGUST,TP
continuous_0376_S6_strategy2.npz,196-294,GREEN,GREEN,TP
continuous_0376_S6_strategy2.npz,294-491,JUICE,JUICE,TP
continuous_0376_S6_strategy2.npz,491-591,SATURDAY,SATURDAY,TP
continuous_0376_S6_strategy2.npz,591-787,CRAB,CRAB,TP
continuous_0376_S6_strategy2.npz,787-886,UNDERSTAND,UNDERSTAND,TP
continuous_0377_S6_strategy2.npz,0-153,SON,SON,TP
continuous_0377_S6_strategy2.npz,153-306,WOMAN,WOMAN,TP
continuous_0377_S6_strategy2.npz,306-384,NO,NO,TP
continuous_0377_S6_strategy2.npz,384-537,TEA,TEA,TP
continuous_0377_S6_strategy2.npz,537-691,SPAGHETTI,SPAGHETTI,TP
continuous_0377_S6_strategy2.npz,691-768,GOOD EVENING,GOOD EVENING,TP
continuous_0378_S6_strategy2.npz,0-88,ONE,ONE,TP
continuous_0378_S6_strategy2.npz,88-177,-,FAST,FP
continuous_0378_S6_strategy2.npz,177-267,DAUGHTER,DAUGHTER,TP
continuous_0378_S6_strategy2.npz,267-355,WINE,WINE,TP
continuous_0378_S6_strategy2.npz,355-444,-,CORRECT,FP
continuous_0378_S6_strategy2.npz,444-534,MEAT,MEAT,TP
continuous_0378_S6_strategy2.npz,534-622,WEELCHAIR PERSON,WEELCHAIR PERSON,TP
continuous_0378_S6_strategy2.npz,622-801,AUGUST,AUGUST,TP
continuous_0378_S6_strategy2.npz,801-891,BLUE,BLUE,TP
continuous_0379_S6_strategy2.npz,0-87,YOURE WELCOME,YOURE WELCOME,TP
continuous_0379_S6_strategy2.npz,87-177,RICE,RICE,TP
continuous_0379_S6_strategy2.npz,177-265,-,AUGUST,FP
continuous_0379_S6_strategy2.npz,265-444,SEPTEMBER,SEPTEMBER,TP
continuous_0379_S6_strategy2.npz,444-532,DARK,DARK,TP
continuous_0379_S6_strategy2.npz,532-711,GIRL,GIRL,TP
continuous_0379_S6_strategy2.npz,711-799,FAST,FAST,TP
continuous_0379_S6_strategy2.npz,799-888,JUICE,JUICE,TP
continuous_0380_S6_strategy2.npz,0-163,IM FINE,IM FINE,TP
continuous_0380_S6_strategy2.npz,163-246,FAST,FAST,TP
continuous_0380_S6_strategy2.npz,246-328,-,DEAF,FP
continuous_0380_S6_strategy2.npz,328-493,DEAF BLIND,DEAF BLIND,TP
continuous_0380_S6_strategy2.npz,493-657,MAY,MAY,TP
continuous_0380_S6_strategy2.npz,657-741,-,BLUE,FP
continuous_0380_S6_strategy2.npz,741-822,FRIDAY,FRIDAY,TP
continuous_0380_S6_strategy2.npz,822-906,TEA,TEA,TP
continuous_0380_S6_strategy2.npz,521-649,BLUE,-,FN
continuous_0381_S6_strategy2.npz,0-153,IM FINE,IM FINE,TP
continuous_0381_S6_strategy2.npz,153-306,NOVEMBER,NOVEMBER,TP
continuous_0381_S6_strategy2.npz,306-460,COFFEE,COFFEE,TP
continuous_0381_S6_strategy2.npz,460-615,RICE,RICE,TP
continuous_0381_S6_strategy2.npz,615-691,UNDERSTAND,UNDERSTAND,TP
continuous_0381_S6_strategy2.npz,691-768,TEN,TEN,TP
continuous_0382_S6_strategy2.npz,0-153,ONE,ONE,TP
continuous_0382_S6_strategy2.npz,153-231,AUNTIE,AUNTIE,TP
continuous_0382_S6_strategy2.npz,231-307,-,SHRIMP,FP
continuous_0382_S6_strategy2.npz,307-462,NICE TO MEET YOU,NICE TO MEET YOU,TP
continuous_0382_S6_strategy2.npz,462-615,OCTOBER,OCTOBER,TP
continuous_0382_S6_strategy2.npz,615-693,DON’T KNOW,DON’T KNOW,TP
continuous_0382_S6_strategy2.npz,693-769,COLD,COLD,TP
continuous_0383_S6_strategy2.npz,0-84,DON’T KNOW,DON’T KNOW,TP
continuous_0383_S6_strategy2.npz,84-168,-,TOMORROW,FP
continuous_0383_S6_strategy2.npz,168-252,-,GOOD MORNING,FP
continuous_0383_S6_strategy2.npz,252-421,LIGHT,LIGHT,TP
continuous_0383_S6_strategy2.npz,421-506,DEAF,DEAF,TP
continuous_0383_S6_strategy2.npz,506-675,BEER,BEER,TP
continuous_0383_S6_strategy2.npz,675-760,AUGUST,AUGUST,TP
continuous_0383_S6_strategy2.npz,137-263,TOMORROW,-,FN
continuous_0384_S6_strategy2.npz,0-189,THURSDAY,THURSDAY,TP
continuous_0384_S6_strategy2.npz,189-282,LONGANISA,LONGANISA,TP
continuous_0384_S6_strategy2.npz,282-378,MILK,MILK,TP
continuous_0384_S6_strategy2.npz,378-567,VIOLET,VIOLET,TP
continuous_0384_S6_strategy2.npz,567-661,WEELCHAIR PERSON,WEELCHAIR PERSON,TP
continuous_0384_S6_strategy2.npz,661-756,SIX,SIX,TP
continuous_0385_S6_strategy2.npz,0-165,VIOLET,VIOLET,TP
continuous_0385_S6_strategy2.npz,165-331,TWO,TWO,TP
continuous_0385_S6_strategy2.npz,331-498,FISH,FISH,TP
continuous_0385_S6_strategy2.npz,498-582,-,IM FINE,FP
continuous_0385_S6_strategy2.npz,582-664,KNOW,KNOW,TP
continuous_0385_S6_strategy2.npz,664-831,DAUGHTER,DAUGHTER,TP
continuous_0385_S6_strategy2.npz,831-915,TODAY,TODAY,TP
continuous_0385_S6_strategy2.npz,392-537,IM FINE,-,FN
continuous_0386_S6_strategy2.npz,0-160,FATHER,FATHER,TP
continuous_0386_S6_strategy2.npz,160-241,-,TEN,FP
continuous_0386_S6_strategy2.npz,241-322,GOOD MORNING,GOOD MORNING,TP
continuous_0386_S6_strategy2.npz,322-484,TEA,TEA,TP
continuous_0386_S6_strategy2.npz,484-565,SHRIMP,SHRIMP,TP
continuous_0386_S6_strategy2.npz,565-727,MARRIED,MARRIED,TP
continuous_0386_S6_strategy2.npz,727-808,CORRECT,CORRECT,TP
continuous_0386_S6_strategy2.npz,808-889,WHITE,WHITE,TP
continuous_0387_S6_strategy2.npz,0-148,ONE,ONE,TP
continuous_0387_S6_strategy2.npz,148-297,RICE,RICE,TP
continuous_0387_S6_strategy2.npz,297-372,YOURE WELCOME,YOURE WELCOME,TP
continuous_0387_S6_strategy2.npz,372-522,COFFEE,COFFEE,TP
continuous_0387_S6_strategy2.npz,522-595,FRIDAY,FRIDAY,TP
continuous_0387_S6_strategy2.npz,595-670,-,SUGAR,FP
continuous_0387_S6_strategy2.npz,670-819,NOVEMBER,NOVEMBER,TP
continuous_0387_S6_strategy2.npz,819-894,SLOW,SLOW,TP
continuous_0388_S6_strategy2.npz,0-93,SATURDAY,SATURDAY,TP
continuous_0388_S6_strategy2.npz,93-282,UNCLE,UNCLE,TP
continuous_0388_S6_strategy2.npz,282-469,GOOD MORNING,GOOD MORNING,TP
continuous_0388_S6_strategy2.npz,469-564,CORRECT,CORRECT,TP
continuous_0388_S6_strategy2.npz,564-657,SUGAR,SUGAR,TP
continuous_0388_S6_strategy2.npz,657-751,VIOLET,VIOLET,TP
continuous_0389_S6_strategy2.npz,0-144,NOVEMBER,NOVEMBER,TP
continuous_0389_S6_strategy2.npz,144-216,BOY,BOY,TP
continuous_0389_S6_strategy2.npz,216-289,-,NO,FP
continuous_0389_S6_strategy2.npz,289-435,YESTERDAY,YESTERDAY,TP
continuous_0389_S6_strategy2.npz,435-507,-,MOTHER,FP
continuous_0389_S6_strategy2.npz,507-580,-,RED,FP
continuous_0389_S6_strategy2.npz,580-726,SEE YOU TOMORROW,SEE YOU TOMORROW,TP
continuous_0389_S6_strategy2.npz,726-798,BREAD,BREAD,TP
continuous_0389_S6_strategy2.npz,381-508,MOTHER,-,FN
continuous_0390_S6_strategy2.npz,0-138,NOVEMBER,NOVEMBER,TP
continuous_0390_S6_strategy2.npz,138-277,ONE,ONE,TP
continuous_0390_S6_strategy2.npz,277-417,RICE,RICE,TP
continuous_0390_S6_strategy2.npz,417-486,MOTHER,MOTHER,TP
continuous_0390_S6_strategy2.npz,486-555,-,NO,FP
continuous_0390_S6_strategy2.npz,555-625,-,YES,FP
continuous_0390_S6_strategy2.npz,625-696,-,BLIND,FP
continuous_0390_S6_strategy2.npz,696-834,-,DEAF BLIND,FP
continuous_0390_S6_strategy2.npz,834-904,MONDAY,MONDAY,TP
continuous_0390_S6_strategy2.npz,522-656,NO,-,FN
continuous_0390_S6_strategy2.npz,656-784,BLIND,-,FN
continuous_0391_S6_strategy2.npz,0-195,SLOW,SLOW,TP
continuous_0391_S6_strategy2.npz,195-390,SUGAR,SUGAR,TP
continuous_0391_S6_strategy2.npz,390-487,OCTOBER,OCTOBER,TP
continuous_0391_S6_strategy2.npz,487-585,MEAT,MEAT,TP
continuous_0391_S6_strategy2.npz,585-684,BROWN,BROWN,TP
continuous_0391_S6_strategy2.npz,684-781,WEDNESDAY,WEDNESDAY,TP
continuous_0392_S6_strategy2.npz,0-73,FIVE,FIVE,TP
continuous_0392_S6_strategy2.npz,73-223,FRIDAY,FRIDAY,TP
continuous_0392_S6_strategy2.npz,223-298,-,CHICKEN,FP
continuous_0392_S6_strategy2.npz,298-373,-,BOY,FP
continuous_0392_S6_strategy2.npz,373-523,MILK,MILK,TP
continuous_0392_S6_strategy2.npz,523-673,GOOD MORNING,GOOD MORNING,TP
continuous_0392_S6_strategy2.npz,673-748,AUGUST,AUGUST,TP
continuous_0392_S6_strategy2.npz,748-823,-,PARENTS,FP
continuous_0392_S6_strategy2.npz,823-898,MAN,MAN,TP
continuous_0392_S6_strategy2.npz,257-393,CHICKEN,-,FN
continuous_0393_S6_strategy2.npz,0-79,COFFEE,COFFEE,TP
continuous_0393_S6_strategy2.npz,79-159,-,SATURDAY,FP
continuous_0393_S6_strategy2.npz,159-240,-,FATHER,FP
continuous_0393_S6_strategy2.npz,240-321,-,TEN,FP
continuous_0393_S6_strategy2.npz,321-481,GOOD AFTERNOON,GOOD AFTERNOON,TP
continuous_0393_S6_strategy2.npz,481-642,OCTOBER,OCTOBER,TP
continuous_0393_S6_strategy2.npz,642-802,SEVEN,SEVEN,TP
continuous_0393_S6_strategy2.npz,802-883,SHRIMP,SHRIMP,TP
continuous_0393_S6_strategy2.npz,127-254,SATURDAY,-,FN
continuous_0393_S6_strategy2.npz,254-382,FATHER,-,FN
continuous_0394_S6_strategy2.npz,0-171,MILK,MILK,TP
continuous_0394_S6_strategy2.npz,171-345,GRANDMOTHER,GRANDMOTHER,TP
continuous_0394_S6_strategy2.npz,345-517,NINE,NINE,TP
continuous_0394_S6_strategy2.npz,517-604,-,YOURE WELCOME,FP
continuous_0394_S6_strategy2.npz,604-690,FISH,FISH,TP
continuous_0394_S6_strategy2.npz,690-777,THURSDAY,THURSDAY,TP
continuous_0394_S6_strategy2.npz,377-521,YOURE WELCOME,-,FN
continuous_0395_S6_strategy2.npz,0-177,MAY,MAY,TP
continuous_0395_S6_strategy2.npz,177-265,EIGHT,EIGHT,TP
continuous_0395_S6_strategy2.npz,265-442,GRANDFATHER,GRANDFATHER,TP
continuous_0395_S6_strategy2.npz,442-619,BLIND,BLIND,TP
continuous_0395_S6_strategy2.npz,619-708,GRAY,GRAY,TP
continuous_0395_S6_strategy2.npz,708-798,CRAB,CRAB,TP
continuous_0395_S6_strategy2.npz,798-886,MONDAY,MONDAY,TP
continuous_0396_S6_strategy2.npz,0-111,BOY,BOY,TP
continuous_0396_S6_strategy2.npz,111-222,LIGHT,LIGHT,TP
continuous_0396_S6_strategy2.npz,222-333,TEA,TEA,TP
continuous_0396_S6_strategy2.npz,333-555,DON’T UNDERSTAND,DON’T UNDERSTAND,TP
continuous_0396_S6_strategy2.npz,555-666,YOURE WELCOME,YOURE WELCOME,TP
continuous_0396_S6_strategy2.npz,666-777,WEDNESDAY,WEDNESDAY,TP
continuous_0396_S6_strategy2.npz,777-888,SIX,SIX,TP
continuous_0397_S6_strategy2.npz,0-127,JUNE,JUNE,TP
continuous_0397_S6_strategy2.npz,127-255,GREEN,GREEN,TP
continuous_0397_S6_strategy2.npz,255-384,UNCLE,UNCLE,TP
continuous_0397_S6_strategy2.npz,384-511,BLIND,BLIND,TP
continuous_0397_S6_strategy2.npz,511-639,BEER,BEER,TP
continuous_0397_S6_strategy2.npz,639-768,MONDAY,MONDAY,TP
continuous_0398_S6_strategy2.npz,0-75,SHRIMP,SHRIMP,TP
continuous_0398_S6_strategy2.npz,75-150,-,TODAY,FP
continuous_0398_S6_strategy2.npz,150-300,NO SUGAR,NO SUGAR,TP
continuous_0398_S6_strategy2.npz,300-525,NICE TO MEET YOU,NICE TO MEET YOU,TP
continuous_0398_S6_strategy2.npz,525-600,NINE,NINE,TP
continuous_0398_S6_strategy2.npz,600-675,-,OCTOBER,FP
continuous_0398_S6_strategy2.npz,675-825,MAY,MAY,TP
continuous_0398_S6_strategy2.npz,825-900,YES,YES,TP
continuous_0398_S6_strategy2.npz,127-246,TODAY,-,FN
continuous_0399_S6_strategy2.npz,0-87,EIGHT,EIGHT,TP
continuous_0399_S6_strategy2.npz,87-177,EGG,EGG,TP
continuous_0399_S6_strategy2.npz,177-265,-,TODAY,FP
continuous_0399_S6_strategy2.npz,265-354,-,WEELCHAIR PERSON,FP
continuous_0399_S6_strategy2.npz,354-444,-,MILK,FP
continuous_0399_S6_strategy2.npz,444-621,HOW ARE YOU,HOW ARE YOU,TP
continuous_0399_S6_strategy2.npz,621-799,RED,RED,TP
continuous_0399_S6_strategy2.npz,799-888,FEBRUARY,FEBRUARY,TP
continuous_0399_S6_strategy2.npz,264-392,TODAY,-,FN
continuous_0399_S6_strategy2.npz,392-519,WEELCHAIR PERSON,-,FN
continuous_0400_S6_strategy2.npz,0-84,TEN,TEN,TP
continuous_0400_S6_strategy2.npz,84-253,FATHER,FATHER,TP
continuous_0400_S6_strategy2.npz,253-339,TOMORROW,TOMORROW,TP
continuous_0400_S6_strategy2.npz,339-423,-,MARCH,FP
continuous_0400_S6_strategy2.npz,423-508,-,SLOW,FP
continuous_0400_S6_strategy2.npz,508-594,LONGANISA,LONGANISA,TP
continuous_0400_S6_strategy2.npz,594-678,-,WEELCHAIR PERSON,FP
continuous_0400_S6_strategy2.npz,678-763,YOURE WELCOME,YOURE WELCOME,TP
continuous_0400_S6_strategy2.npz,385-513,MARCH,-,FN
continuous_0401_S6_strategy2.npz,0-84,ONE,ONE,TP
continuous_0401_S6_strategy2.npz,84-253,DEAF,DEAF,TP
continuous_0401_S6_strategy2.npz,253-339,SPAGHETTI,SPAGHETTI,TP
continuous_0401_S6_strategy2.npz,339-423,-,AUNTIE,FP
continuous_0401_S6_strategy2.npz,423-508,-,SEPTEMBER,FP
continuous_0401_S6_strategy2.npz,508-678,AUGUST,AUGUST,TP
continuous_0401_S6_strategy2.npz,678-763,THURSDAY,THURSDAY,TP
continuous_0401_S6_strategy2.npz,385-513,AUNTIE,-,FN
continuous_0402_S6_strategy2.npz,0-153,MAN,MAN,TP
continuous_0402_S6_strategy2.npz,153-229,TWO,TWO,TP
continuous_0402_S6_strategy2.npz,229-306,KNOW,KNOW,TP
continuous_0402_S6_strategy2.npz,306-384,-,GOOD MORNING,FP
continuous_0402_S6_strategy2.npz,384-460,-,MILK,FP
continuous_0402_S6_strategy2.npz,460-537,-,RED,FP
continuous_0402_S6_strategy2.npz,537-691,EGG,EGG,TP
continuous_0402_S6_strategy2.npz,691-768,PARENTS,PARENTS,TP
continuous_0402_S6_strategy2.npz,385-528,GOOD MORNING,-,FN
continuous_0403_S6_strategy2.npz,0-169,NINE,NINE,TP
continuous_0403_S6_strategy2.npz,169-255,EGG,EGG,TP
continuous_0403_S6_strategy2.npz,255-426,WOMAN,WOMAN,TP
continuous_0403_S6_strategy2.npz,426-510,BEER,BEER,TP
continuous_0403_S6_strategy2.npz,510-681,YESTERDAY,YESTERDAY,TP
continuous_0403_S6_strategy2.npz,681-766,UNCLE,UNCLE,TP
continuous_0404_S6_strategy2.npz,0-73,LONGANISA,LONGANISA,TP
continuous_0404_S6_strategy2.npz,73-222,GIRL,GIRL,TP
continuous_0404_S6_strategy2.npz,222-297,-,AUNTIE,FP
continuous_0404_S6_strategy2.npz,297-447,TOMORROW,TOMORROW,TP
continuous_0404_S6_strategy2.npz,447-522,IM FINE,IM FINE,TP
continuous_0404_S6_strategy2.npz,522-670,WRONG,WRONG,TP
continuous_0404_S6_strategy2.npz,670-819,MOTHER,MOTHER,TP
continuous_0404_S6_strategy2.npz,819-894,JULY,JULY,TP
continuous_0405_S6_strategy2.npz,0-84,DON’T UNDERSTAND,DON’T UNDERSTAND,TP
continuous_0405_S6_strategy2.npz,84-168,-,GIRL,FP
continuous_0405_S6_strategy2.npz,168-252,FISH,FISH,TP
continuous_0405_S6_strategy2.npz,252-420,GRANDFATHER,GRANDFATHER,TP
continuous_0405_S6_strategy2.npz,420-504,BEER,BEER,TP
continuous_0405_S6_strategy2.npz,504-588,YESTERDAY,YESTERDAY,TP
continuous_0405_S6_strategy2.npz,588-672,-,TOMORROW,FP
continuous_0405_S6_strategy2.npz,672-757,GOOD MORNING,GOOD MORNING,TP
continuous_0406_S6_strategy2.npz,0-139,BEER,BEER,TP
continuous_0406_S6_strategy2.npz,139-210,NO,NO,TP
continuous_0406_S6_strategy2.npz,210-280,-,WOMAN,FP
continuous_0406_S6_strategy2.npz,280-351,COUSIN,COUSIN,TP
continuous_0406_S6_strategy2.npz,351-420,-,SON,FP
continuous_0406_S6_strategy2.npz,420-490,DEAF BLIND,DEAF BLIND,TP
continuous_0406_S6_strategy2.npz,490-561,-,SEE YOU TOMORROW,FP
continuous_0406_S6_strategy2.npz,561-702,YELLOW,YELLOW,TP
continuous_0406_S6_strategy2.npz,702-771,BREAD,BREAD,TP
continuous_0407_S6_strategy2.npz,0-136,FRIDAY,FRIDAY,TP
continuous_0407_S6_strategy2.npz,136-205,-,KNOW,FP
continuous_0407_S6_strategy2.npz,205-342,DON’T KNOW,DON’T KNOW,TP
continuous_0407_S6_strategy2.npz,342-480,HELLO,HELLO,TP
continuous_0407_S6_strategy2.npz,480-549,NO SUGAR,NO SUGAR,TP
continuous_0407_S6_strategy2.npz,549-687,OCTOBER,OCTOBER,TP
continuous_0407_S6_strategy2.npz,687-825,FISH,FISH,TP
continuous_0407_S6_strategy2.npz,825-894,YELLOW,YELLOW,TP
continuous_0408_S6_strategy2.npz,0-198,COLD,COLD,TP
continuous_0408_S6_strategy2.npz,198-297,BROWN,BROWN,TP
continuous_0408_S6_strategy2.npz,297-396,TODAY,TODAY,TP
continuous_0408_S6_strategy2.npz,396-495,FATHER,FATHER,TP
continuous_0408_S6_strategy2.npz,495-594,-,RED,FP
continuous_0408_S6_strategy2.npz,594-693,SPAGHETTI,SPAGHETTI,TP
continuous_0408_S6_strategy2.npz,693-792,BOY,BOY,TP
continuous_0408_S6_strategy2.npz,792-891,KNOW,KNOW,TP
continuous_0409_S6_strategy2.npz,0-99,DEAF,DEAF,TP
continuous_0409_S6_strategy2.npz,99-198,EIGHT,EIGHT,TP
continuous_0409_S6_strategy2.npz,198-298,MONDAY,MONDAY,TP
continuous_0409_S6_strategy2.npz,298-397,-,CRAB,FP
continuous_0409_S6_strategy2.npz,397-597,JUICE,JUICE,TP
continuous_0409_S6_strategy2.npz,597-696,GREEN,GREEN,TP
continuous_0409_S6_strategy2.npz,696-796,-,TEN,FP
continuous_0409_S6_strategy2.npz,796-897,GOOD EVENING,GOOD EVENING,TP
continuous_0409_S6_strategy2.npz,380-503,CRAB,-,FN
continuous_0410_S6_strategy2.npz,0-75,SEVEN,SEVEN,TP
continuous_0410_S6_strategy2.npz,75-151,-,HARD OF HEARING,FP
continuous_0410_S6_strategy2.npz,151-304,DEAF BLIND,DEAF BLIND,TP
continuous_0410_S6_strategy2.npz,304-381,SATURDAY,SATURDAY,TP
continuous_0410_S6_strategy2.npz,381-534,KNOW,KNOW,TP
continuous_0410_S6_strategy2.npz,534-687,FISH,FISH,TP
continuous_0410_S6_strategy2.npz,687-763,DECEMBER,DECEMBER,TP
continuous_0411_S6_strategy2.npz,0-94,IM FINE,IM FINE,TP
continuous_0411_S6_strategy2.npz,94-190,PARENTS,PARENTS,TP
continuous_0411_S6_strategy2.npz,190-285,-,SLOW,FP
continuous_0411_S6_strategy2.npz,285-477,GRAY,GRAY,TP
continuous_0411_S6_strategy2.npz,477-573,MAY,MAY,TP
continuous_0411_S6_strategy2.npz,573-667,TEA,TEA,TP
continuous_0411_S6_strategy2.npz,667-763,TUESDAY,TUESDAY,TP
continuous_0412_S6_strategy2.npz,0-88,HOT,HOT,TP
continuous_0412_S6_strategy2.npz,88-177,HARD OF HEARING,HARD OF HEARING,TP
continuous_0412_S6_strategy2.npz,177-267,-,DON’T KNOW,FP
continuous_0412_S6_strategy2.npz,267-355,-,TEN,FP
continuous_0412_S6_strategy2.npz,355-444,GOOD EVENING,GOOD EVENING,TP
continuous_0412_S6_strategy2.npz,444-534,YESTERDAY,YESTERDAY,TP
continuous_0412_S6_strategy2.npz,534-622,-,MAN,FP
continuous_0412_S6_strategy2.npz,622-801,FOUR,FOUR,TP
continuous_0412_S6_strategy2.npz,801-889,DARK,DARK,TP
continuous_0412_S6_strategy2.npz,252-380,DON’T KNOW,-,FN
continuous_0413_S6_strategy2.npz,0-144,WHITE,WHITE,TP
continuous_0413_S6_strategy2.npz,144-363,SON,SON,TP
continuous_0413_S6_strategy2.npz,363-435,THURSDAY,THURSDAY,TP
continuous_0413_S6_strategy2.npz,435-508,-,BLIND,FP
continuous_0413_S6_strategy2.npz,508-582,-,MARCH,FP
continuous_0413_S6_strategy2.npz,582-726,MAY,MAY,TP
continuous_0413_S6_strategy2.npz,726-799,DON’T KNOW,DON’T KNOW,TP
continuous_0413_S6_strategy2.npz,799-873,IM FINE,IM FINE,TP
continuous_0413_S6_strategy2.npz,372-499,BLIND,-,FN
continuous_0414_S6_strategy2.npz,0-79,MEAT,MEAT,TP
continuous_0414_S6_strategy2.npz,79-160,-,YELLOW,FP
continuous_0414_S6_strategy2.npz,160-322,HOT,HOT,TP
continuous_0414_S6_strategy2.npz,322-484,JUNE,JUNE,TP
continuous_0414_S6_strategy2.npz,484-646,TEN,TEN,TP
continuous_0414_S6_strategy2.npz,646-727,DEAF BLIND,DEAF BLIND,TP
continuous_0414_S6_strategy2.npz,727-808,-,BLIND,FP
continuous_0414_S6_strategy2.npz,808-889,UNDERSTAND,UNDERSTAND,TP
continuous_0414_S6_strategy2.npz,126-253,YELLOW,-,FN
continuous_0415_S6_strategy2.npz,0-138,YOURE WELCOME,YOURE WELCOME,TP
continuous_0415_S6_strategy2.npz,138-207,YESTERDAY,YESTERDAY,TP
continuous_0415_S6_strategy2.npz,207-345,DARK,DARK,TP
continuous_0415_S6_strategy2.npz,345-483,CRAB,CRAB,TP
continuous_0415_S6_strategy2.npz,483-622,APRIL,APRIL,TP
continuous_0415_S6_strategy2.npz,622-691,-,SEVEN,FP
continuous_0415_S6_strategy2.npz,691-760,FOUR,FOUR,TP
continuous_0415_S6_strategy2.npz,760-829,-,SEVEN,FP
continuous_0415_S6_strategy2.npz,829-900,UNDERSTAND,UNDERSTAND,TP
continuous_0416_S6_strategy2.npz,0-166,TUESDAY,TUESDAY,TP
continuous_0416_S6_strategy2.npz,166-250,EIGHT,EIGHT,TP
continuous_0416_S6_strategy2.npz,250-334,WINE,WINE,TP
continuous_0416_S6_strategy2.npz,334-501,THANK YOU,THANK YOU,TP
continuous_0416_S6_strategy2.npz,501-669,BOY,BOY,TP
continuous_0416_S6_strategy2.npz,669-753,SLOW,SLOW,TP
continuous_0417_S6_strategy2.npz,0-78,NICE TO MEET YOU,NICE TO MEET YOU,TP
continuous_0417_S6_strategy2.npz,78-234,GIRL,GIRL,TP
continuous_0417_S6_strategy2.npz,234-391,JUICE,JUICE,TP
continuous_0417_S6_strategy2.npz,391-547,LONGANISA,LONGANISA,TP
continuous_0417_S6_strategy2.npz,547-705,BLACK,BLACK,TP
continuous_0417_S6_strategy2.npz,705-783,JANUARY,JANUARY,TP
continuous_0418_S6_strategy2.npz,0-108,MONDAY,MONDAY,TP
continuous_0418_S6_strategy2.npz,108-216,EIGHT,EIGHT,TP
continuous_0418_S6_strategy2.npz,216-325,YELLOW,YELLOW,TP
continuous_0418_S6_strategy2.npz,325-433,-,JUICE,FP
continuous_0418_S6_strategy2.npz,433-651,GOOD EVENING,GOOD EVENING,TP
continuous_0418_S6_strategy2.npz,651-760,GRANDMOTHER,GRANDMOTHER,TP
continuous_0418_S6_strategy2.npz,387-513,JUICE,-,FN
continuous_0419_S6_strategy2.npz,0-174,YES,YES,TP
continuous_0419_S6_strategy2.npz,174-348,YOURE WELCOME,YOURE WELCOME,TP
continuous_0419_S6_strategy2.npz,348-436,THREE,THREE,TP
continuous_0419_S6_strategy2.npz,436-523,CHICKEN,CHICKEN,TP
continuous_0419_S6_strategy2.npz,523-699,DAUGHTER,DAUGHTER,TP
continuous_0419_S6_strategy2.npz,699-786,MAN,MAN,TP
continuous_0419_S6_strategy2.npz,786-873,-,AUGUST,FP
continuous_0419_S6_strategy2.npz,761-888,SEPTEMBER,-,FN
continuous_0420_S6_strategy2.npz,0-198,FISH,FISH,TP
continuous_0420_S6_strategy2.npz,198-297,HELLO,HELLO,TP
continuous_0420_S6_strategy2.npz,297-396,WOMAN,WOMAN,TP
continuous_0420_S6_strategy2.npz,396-595,DAUGHTER,DAUGHTER,TP
continuous_0420_S6_strategy2.npz,595-694,WEDNESDAY,WEDNESDAY,TP
continuous_0420_S6_strategy2.npz,694-793,SIX,SIX,TP
continuous_0420_S6_strategy2.npz,793-894,COFFEE,COFFEE,TP
continuous_0421_S6_strategy2.npz,0-138,GOOD MORNING,GOOD MORNING,TP
continuous_0421_S6_strategy2.npz,138-207,PARENTS,PARENTS,TP
continuous_0421_S6_strategy2.npz,207-276,-,LIGHT,FP
continuous_0421_S6_strategy2.npz,276-414,SUNDAY,SUNDAY,TP
continuous_0421_S6_strategy2.npz,414-552,LONGANISA,LONGANISA,TP
continuous_0421_S6_strategy2.npz,552-621,SIX,SIX,TP
continuous_0421_S6_strategy2.npz,621-690,-,DARK,FP
continuous_0421_S6_strategy2.npz,690-759,HOT,HOT,TP
continuous_0422_S6_strategy2.npz,0-199,KNOW,KNOW,TP
continuous_0422_S6_strategy2.npz,199-300,BREAD,BREAD,TP
continuous_0422_S6_strategy2.npz,300-501,THREE,THREE,TP
continuous_0422_S6_strategy2.npz,501-601,JULY,JULY,TP
continuous_0422_S6_strategy2.npz,601-702,WEDNESDAY,WEDNESDAY,TP
continuous_0422_S6_strategy2.npz,702-801,BEER,BEER,TP
continuous_0422_S6_strategy2.npz,801-903,WEELCHAIR PERSON,WEELCHAIR PERSON,TP
continuous_0423_S6_strategy2.npz,0-145,SLOW,SLOW,TP
continuous_0423_S6_strategy2.npz,145-292,MAY,MAY,TP
continuous_0423_S6_strategy2.npz,292-439,BOY,BOY,TP
continuous_0423_S6_strategy2.npz,439-513,HOW ARE YOU,HOW ARE YOU,TP
continuous_0423_S6_strategy2.npz,513-586,-,BREAD,FP
continuous_0423_S6_strategy2.npz,586-660,PINK,PINK,TP
continuous_0423_S6_strategy2.npz,660-733,PARENTS,PARENTS,TP
continuous_0423_S6_strategy2.npz,733-807,-,MOTHER,FP
continuous_0423_S6_strategy2.npz,807-880,ONE,ONE,TP
continuous_0424_S6_strategy2.npz,0-111,NICE TO MEET YOU,NICE TO MEET YOU,TP
continuous_0424_S6_strategy2.npz,111-222,FEBRUARY,FEBRUARY,TP
continuous_0424_S6_strategy2.npz,222-333,MARRIED,MARRIED,TP
continuous_0424_S6_strategy2.npz,333-444,-,VIOLET,FP
continuous_0424_S6_strategy2.npz,444-555,-,EIGHT,FP
continuous_0424_S6_strategy2.npz,555-666,-,KNOW,FP
continuous_0424_S6_strategy2.npz,666-777,DON’T KNOW,DON’T KNOW,TP
continuous_0424_S6_strategy2.npz,393-520,VIOLET,-,FN
continuous_0424_S6_strategy2.npz,520-653,EIGHT,-,FN
continuous_0425_S6_strategy2.npz,0-85,TWO,TWO,TP
continuous_0425_S6_strategy2.npz,85-258,UNDERSTAND,UNDERSTAND,TP
continuous_0425_S6_strategy2.npz,258-343,-,HOW ARE YOU,FP
continuous_0425_S6_strategy2.npz,343-516,SPAGHETTI,SPAGHETTI,TP
continuous_0425_S6_strategy2.npz,516-603,THANK YOU,THANK YOU,TP
continuous_0425_S6_strategy2.npz,603-688,THURSDAY,THURSDAY,TP
continuous_0425_S6_strategy2.npz,688-775,COUSIN,COUSIN,TP
continuous_0426_S6_strategy2.npz,0-88,WRONG,WRONG,TP
continuous_0426_S6_strategy2.npz,88-267,MARCH,MARCH,TP
continuous_0426_S6_strategy2.npz,267-355,SEVEN,SEVEN,TP
continuous_0426_S6_strategy2.npz,355-534,CRAB,CRAB,TP
continuous_0426_S6_strategy2.npz,534-622,SEE YOU TOMORROW,SEE YOU TOMORROW,TP
continuous_0426_S6_strategy2.npz,622-711,-,TOMORROW,FP
continuous_0426_S6_strategy2.npz,711-801,MAN,MAN,TP
continuous_0426_S6_strategy2.npz,801-891,COLD,COLD,TP
continuous_0427_S6_strategy2.npz,0-135,MILK,MILK,TP
continuous_0427_S6_strategy2.npz,135-204,MAN,MAN,TP
continuous_0427_S6_strategy2.npz,204-273,-,UNCLE,FP
continuous_0427_S6_strategy2.npz,273-409,CORRECT,CORRECT,TP
continuous_0427_S6_strategy2.npz,409-546,DARK,DARK,TP
continuous_0427_S6_strategy2.npz,546-684,JULY,JULY,TP
continuous_0427_S6_strategy2.npz,684-753,YESTERDAY,YESTERDAY,TP
continuous_0428_S6_strategy2.npz,0-87,MARRIED,MARRIED,TP
continuous_0428_S6_strategy2.npz,87-175,-,JULY,FP
continuous_0428_S6_strategy2.npz,175-264,-,SUGAR,FP
continuous_0428_S6_strategy2.npz,264-351,-,RED,FP
continuous_0428_S6_strategy2.npz,351-439,CORRECT,CORRECT,TP
continuous_0428_S6_strategy2.npz,439-528,MONDAY,MONDAY,TP
continuous_0428_S6_strategy2.npz,528-703,MOTHER,MOTHER,TP
continuous_0428_S6_strategy2.npz,703-792,THANK YOU,THANK YOU,TP
continuous_0428_S6_strategy2.npz,792-879,OCTOBER,OCTOBER,TP
continuous_0428_S6_strategy2.npz,127-254,SUGAR,-,FN
continuous_0429_S6_strategy2.npz,0-168,LONGANISA,LONGANISA,TP
continuous_0429_S6_strategy2.npz,168-252,FIVE,FIVE,TP
continuous_0429_S6_strategy2.npz,252-421,NO SUGAR,NO SUGAR,TP
continuous_0429_S6_strategy2.npz,421-506,GREEN,GREEN,TP
continuous_0429_S6_strategy2.npz,506-591,-,DEAF BLIND,FP
continuous_0429_S6_strategy2.npz,591-675,BLIND,BLIND,TP
continuous_0429_S6_strategy2.npz,675-760,HELLO,HELLO,TP
continuous_0430_S6_strategy2.npz,0-109,HELLO,HELLO,TP
continuous_0430_S6_strategy2.npz,109-219,WEDNESDAY,WEDNESDAY,TP
continuous_0430_S6_strategy2.npz,219-330,MILK,MILK,TP
continuous_0430_S6_strategy2.npz,330-441,-,NO,FP
continuous_0430_S6_strategy2.npz,441-552,WOMAN,WOMAN,TP
continuous_0430_S6_strategy2.npz,552-661,WRONG,WRONG,TP
continuous_0430_S6_strategy2.npz,661-772,DECEMBER,DECEMBER,TP
continuous_0431_S6_strategy2.npz,0-163,TEN,TEN,TP
continuous_0431_S6_strategy2.npz,163-245,WHITE,WHITE,TP
continuous_0431_S6_strategy2.npz,245-327,-,OCTOBER,FP
continuous_0431_S6_strategy2.npz,327-409,-,JUNE,FP
continuous_0431_S6_strategy2.npz,409-491,-,JULY,FP
continuous_0431_S6_strategy2.npz,491-573,RICE,RICE,TP
continuous_0431_S6_strategy2.npz,573-655,BLIND,BLIND,TP
continuous_0431_S6_strategy2.npz,655-738,DON’T KNOW,DON’T KNOW,TP
continuous_0431_S6_strategy2.npz,263-386,JULY,-,FN
continuous_0432_S6_strategy2.npz,0-84,DEAF,DEAF,TP
continuous_0432_S6_strategy2.npz,84-253,NO,NO,TP
continuous_0432_S6_strategy2.npz,253-337,EGG,EGG,TP
continuous_0432_S6_strategy2.npz,337-423,GRAY,GRAY,TP
continuous_0432_S6_strategy2.npz,423-507,-,BEER,FP
continuous_0432_S6_strategy2.npz,507-676,AUNTIE,AUNTIE,TP
continuous_0432_S6_strategy2.npz,676-762,NO SUGAR,NO SUGAR,TP
continuous_0433_S6_strategy2.npz,0-84,BROWN,BROWN,TP
continuous_0433_S6_strategy2.npz,84-255,FISH,FISH,TP
continuous_0433_S6_strategy2.npz,255-426,UNDERSTAND,UNDERSTAND,TP
continuous_0433_S6_strategy2.npz,426-597,WINE,WINE,TP
continuous_0433_S6_strategy2.npz,597-682,GRANDFATHER,GRANDFATHER,TP
continuous_0433_S6_strategy2.npz,682-768,NOVEMBER,NOVEMBER,TP
continuous_0434_S6_strategy2.npz,0-108,GRAY,GRAY,TP
continuous_0434_S6_strategy2.npz,108-217,FAST,FAST,TP
continuous_0434_S6_strategy2.npz,217-327,FEBRUARY,FEBRUARY,TP
continuous_0434_S6_strategy2.npz,327-435,GRANDMOTHER,GRANDMOTHER,TP
continuous_0434_S6_strategy2.npz,435-544,-,HARD OF HEARING,FP
continuous_0434_S6_strategy2.npz,544-654,-,HOT,FP
continuous_0434_S6_strategy2.npz,654-763,SATURDAY,SATURDAY,TP
continuous_0434_S6_strategy2.npz,516-643,HARD OF HEARING,-,FN
continuous_0435_S6_strategy2.npz,0-99,LIGHT,LIGHT,TP
continuous_0435_S6_strategy2.npz,99-198,SUNDAY,SUNDAY,TP
continuous_0435_S6_strategy2.npz,198-399,MARRIED,MARRIED,TP
continuous_0435_S6_strategy2.npz,399-498,SIX,SIX,TP
continuous_0435_S6_strategy2.npz,498-598,-,NO,FP
continuous_0435_S6_strategy2.npz,598-699,-,GRANDFATHER,FP
continuous_0435_S6_strategy2.npz,699-798,BREAD,BREAD,TP
continuous_0435_S6_strategy2.npz,798-898,JANUARY,JANUARY,TP
continuous_0435_S6_strategy2.npz,521-649,GRANDFATHER,-,FN
continuous_0436_S6_strategy2.npz,0-138,TUESDAY,TUESDAY,TP
continuous_0436_S6_strategy2.npz,138-276,MEAT,MEAT,TP
continuous_0436_S6_strategy2.npz,276-415,YES,YES,TP
continuous_0436_S6_strategy2.npz,415-553,NO SUGAR,NO SUGAR,TP
continuous_0436_S6_strategy2.npz,553-693,AUGUST,AUGUST,TP
continuous_0436_S6_strategy2.npz,693-762,WEELCHAIR PERSON,WEELCHAIR PERSON,TP
continuous_0437_S6_strategy2.npz,0-96,TODAY,TODAY,TP
continuous_0437_S6_strategy2.npz,96-192,GRANDFATHER,GRANDFATHER,TP
continuous_0437_S6_strategy2.npz,192-288,-,MAN,FP
continuous_0437_S6_strategy2.npz,288-480,MARCH,MARCH,TP
continuous_0437_S6_strategy2.npz,480-576,YES,YES,TP
continuous_0437_S6_strategy2.npz,576-768,PINK,PINK,TP
continuous_0437_S6_strategy2.npz,768-864,THANK YOU,THANK YOU,TP
continuous_0437_S6_strategy2.npz,250-369,MAN,-,FN
continuous_0438_S6_strategy2.npz,0-90,BLIND,BLIND,TP
continuous_0438_S6_strategy2.npz,90-180,-,MEAT,FP
continuous_0438_S6_strategy2.npz,180-270,-,SPAGHETTI,FP
continuous_0438_S6_strategy2.npz,270-360,SATURDAY,SATURDAY,TP
continuous_0438_S6_strategy2.npz,360-450,GREEN,GREEN,TP
continuous_0438_S6_strategy2.npz,450-540,-,DEAF,FP
continuous_0438_S6_strategy2.npz,540-630,UNDERSTAND,UNDERSTAND,TP
continuous_0438_S6_strategy2.npz,630-720,SON,SON,TP
continuous_0438_S6_strategy2.npz,720-810,-,DAUGHTER,FP
continuous_0438_S6_strategy2.npz,810-900,JUICE,JUICE,TP
continuous_0438_S6_strategy2.npz,127-254,MEAT,-,FN
continuous_0439_S6_strategy2.npz,0-75,-,BLACK,FP
continuous_0439_S6_strategy2.npz,75-153,-,GIRL,FP
continuous_0439_S6_strategy2.npz,153-306,NINE,NINE,TP
continuous_0439_S6_strategy2.npz,306-459,SLOW,SLOW,TP
continuous_0439_S6_strategy2.npz,459-612,WEDNESDAY,WEDNESDAY,TP
continuous_0439_S6_strategy2.npz,612-688,SEPTEMBER,SEPTEMBER,TP
continuous_0439_S6_strategy2.npz,688-765,CHICKEN,CHICKEN,TP
continuous_0439_S6_strategy2.npz,0-127,BLACK,-,FN
continuous_0440_S6_strategy2.npz,0-75,MAY,MAY,TP
continuous_0440_S6_strategy2.npz,75-150,-,TEN,FP
continuous_0440_S6_strategy2.npz,150-301,THURSDAY,THURSDAY,TP
continuous_0440_S6_strategy2.npz,301-376,-,TEN,FP
continuous_0440_S6_strategy2.npz,376-528,GOOD AFTERNOON,GOOD AFTERNOON,TP
continuous_0440_S6_strategy2.npz,528-603,CORRECT,CORRECT,TP
continuous_0440_S6_strategy2.npz,603-678,-,RED,FP
continuous_0440_S6_strategy2.npz,678-754,SPAGHETTI,SPAGHETTI,TP
continuous_0440_S6_strategy2.npz,112-248,TEN,-,FN
continuous_0441_S6_strategy2.npz,0-163,MEAT,MEAT,TP
continuous_0441_S6_strategy2.npz,163-246,-,ONE,FP
continuous_0441_S6_strategy2.npz,246-328,HOW ARE YOU,HOW ARE YOU,TP
continuous_0441_S6_strategy2.npz,328-411,GRANDMOTHER,GRANDMOTHER,TP
continuous_0441_S6_strategy2.npz,411-493,ONE,ONE,TP
continuous_0441_S6_strategy2.npz,493-658,MONDAY,MONDAY,TP
continuous_0441_S6_strategy2.npz,658-823,MARCH,MARCH,TP
continuous_0441_S6_strategy2.npz,823-906,WEELCHAIR PERSON,WEELCHAIR PERSON,TP
continuous_0442_S6_strategy2.npz,0-87,ORANGE,ORANGE,TP
continuous_0442_S6_strategy2.npz,87-264,THREE,THREE,TP
continuous_0442_S6_strategy2.npz,264-352,CHICKEN,CHICKEN,TP
continuous_0442_S6_strategy2.npz,352-529,OCTOBER,OCTOBER,TP
continuous_0442_S6_strategy2.npz,529-618,NO,NO,TP
continuous_0442_S6_strategy2.npz,618-795,JUICE,JUICE,TP
continuous_0442_S6_strategy2.npz,795-883,BOY,BOY,TP
continuous_0443_S6_strategy2.npz,0-73,EGG,EGG,TP
continuous_0443_S6_strategy2.npz,73-222,SUGAR,SUGAR,TP
continuous_0443_S6_strategy2.npz,222-369,WOMAN,WOMAN,TP
continuous_0443_S6_strategy2.npz,369-517,NOVEMBER,NOVEMBER,TP
continuous_0443_S6_strategy2.npz,517-666,PARENTS,PARENTS,TP
continuous_0443_S6_strategy2.npz,666-813,LIGHT,LIGHT,TP
continuous_0443_S6_strategy2.npz,813-888,HELLO,HELLO,TP
continuous_0444_S6_strategy2.npz,0-160,BREAD,BREAD,TP
continuous_0444_S6_strategy2.npz,160-241,TEN,TEN,TP
continuous_0444_S6_strategy2.npz,241-321,ORANGE,ORANGE,TP
continuous_0444_S6_strategy2.npz,321-483,TODAY,TODAY,TP
continuous_0444_S6_strategy2.npz,483-645,YOURE WELCOME,YOURE WELCOME,TP
continuous_0444_S6_strategy2.npz,645-807,AUGUST,AUGUST,TP
continuous_0444_S6_strategy2.npz,807-888,SUGAR,SUGAR,TP
continuous_0445_S6_strategy2.npz,0-84,ORANGE,ORANGE,TP
continuous_0445_S6_strategy2.npz,84-168,WEDNESDAY,WEDNESDAY,TP
continuous_0445_S6_strategy2.npz,168-337,UNCLE,UNCLE,TP
continuous_0445_S6_strategy2.npz,337-423,-,COLD,FP
continuous_0445_S6_strategy2.npz,423-507,-,BROWN,FP
continuous_0445_S6_strategy2.npz,507-676,GOOD EVENING,GOOD EVENING,TP
continuous_0445_S6_strategy2.npz,676-762,FAST,FAST,TP
continuous_0445_S6_strategy2.npz,376-504,COLD,-,FN
continuous_0446_S6_strategy2.npz,0-138,SON,SON,TP
continuous_0446_S6_strategy2.npz,138-279,VIOLET,VIOLET,TP
continuous_0446_S6_strategy2.npz,279-348,TODAY,TODAY,TP
continuous_0446_S6_strategy2.npz,348-417,-,FISH,FP
continuous_0446_S6_strategy2.npz,417-487,-,PINK,FP
continuous_0446_S6_strategy2.npz,487-558,-,TEN,FP
continuous_0446_S6_strategy2.npz,558-627,GOOD AFTERNOON,GOOD AFTERNOON,TP
continuous_0446_S6_strategy2.npz,627-696,FEBRUARY,FEBRUARY,TP
continuous_0446_S6_strategy2.npz,696-766,-,JANUARY,FP
continuous_0446_S6_strategy2.npz,766-837,-,EIGHT,FP
continuous_0446_S6_strategy2.npz,837-906,FIVE,FIVE,TP
continuous_0446_S6_strategy2.npz,382-509,FISH,-,FN
continuous_0447_S6_strategy2.npz,0-162,COFFEE,COFFEE,TP
continuous_0447_S6_strategy2.npz,162-243,TUESDAY,TUESDAY,TP
continuous_0447_S6_strategy2.npz,243-324,-,DAUGHTER,FP
continuous_0447_S6_strategy2.npz,324-406,MOTHER,MOTHER,TP
continuous_0447_S6_strategy2.npz,406-570,HELLO,HELLO,TP
continuous_0447_S6_strategy2.npz,570-651,FIVE,FIVE,TP
continuous_0447_S6_strategy2.npz,651-732,FEBRUARY,FEBRUARY,TP
continuous_0447_S6_strategy2.npz,732-813,-,JANUARY,FP
continuous_0447_S6_strategy2.npz,813-895,SHRIMP,SHRIMP,TP
continuous_0448_S6_strategy2.npz,0-153,WOMAN,WOMAN,TP
continuous_0448_S6_strategy2.npz,153-307,ORANGE,ORANGE,TP
continuous_0448_S6_strategy2.npz,307-385,SEE YOU TOMORROW,SEE YOU TOMORROW,TP
continuous_0448_S6_strategy2.npz,385-540,SON,SON,TP
continuous_0448_S6_strategy2.npz,540-693,FIVE,FIVE,TP
continuous_0448_S6_strategy2.npz,693-771,JUNE,JUNE,TP
continuous_0449_S6_strategy2.npz,0-147,NO SUGAR,NO SUGAR,TP
continuous_0449_S6_strategy2.npz,147-222,JANUARY,JANUARY,TP
continuous_0449_S6_strategy2.npz,222-295,-,EIGHT,FP
continuous_0449_S6_strategy2.npz,295-369,FRIDAY,FRIDAY,TP
continuous_0449_S6_strategy2.npz,369-517,YELLOW,YELLOW,TP
continuous_0449_S6_strategy2.npz,517-666,GIRL,GIRL,TP
continuous_0449_S6_strategy2.npz,666-813,IM FINE,IM FINE,TP
continuous_0449_S6_strategy2.npz,813-888,NINE,NINE,TP
continuous_0450_S6_strategy2.npz,0-165,JULY,JULY,TP
continuous_0450_S6_strategy2.npz,165-249,-,ONE,FP
continuous_0450_S6_strategy2.npz,249-333,HOW ARE YOU,HOW ARE YOU,TP
continuous_0450_S6_strategy2.npz,333-417,SUNDAY,SUNDAY,TP
continuous_0450_S6_strategy2.npz,417-583,WOMAN,WOMAN,TP
continuous_0450_S6_strategy2.npz,583-666,COLD,COLD,TP
continuous_0450_S6_strategy2.npz,666-750,-,PINK,FP
continuous_0450_S6_strategy2.npz,750-834,-,RED,FP
continuous_0450_S6_strategy2.npz,834-918,SIX,SIX,TP
continuous_0450_S6_strategy2.npz,661-787,RED,-,FN
continuous_0451_S6_strategy2.npz,0-111,BLACK,BLACK,TP
continuous_0451_S6_strategy2.npz,111-225,TWO,TWO,TP
continuous_0451_S6_strategy2.npz,225-337,-,TEN,FP
continuous_0451_S6_strategy2.npz,337-450,GOOD AFTERNOON,GOOD AFTERNOON,TP
continuous_0451_S6_strategy2.npz,450-562,GIRL,GIRL,TP
continuous_0451_S6_strategy2.npz,562-675,TOMORROW,TOMORROW,TP
continuous_0451_S6_strategy2.npz,675-789,UNCLE,UNCLE,TP
continuous_0451_S6_strategy2.npz,789-901,JUNE,JUNE,TP
continuous_0452_S6_strategy2.npz,0-87,DARK,DARK,TP
continuous_0452_S6_strategy2.npz,87-177,SEPTEMBER,SEPTEMBER,TP
continuous_0452_S6_strategy2.npz,177-265,-,TUESDAY,FP
continuous_0452_S6_strategy2.npz,265-354,TWO,TWO,TP
continuous_0452_S6_strategy2.npz,354-442,HARD OF HEARING,HARD OF HEARING,TP
continuous_0452_S6_strategy2.npz,442-531,-,GOOD MORNING,FP
continuous_0452_S6_strategy2.npz,531-798,YESTERDAY,YESTERDAY,TP
continuous_0452_S6_strategy2.npz,798-886,SON,SON,TP
continuous_0452_S6_strategy2.npz,506-634,GOOD MORNING,-,FN
continuous_0453_S6_strategy2.npz,0-129,OCTOBER,OCTOBER,TP
continuous_0453_S6_strategy2.npz,129-258,TWO,TWO,TP
continuous_0453_S6_strategy2.npz,258-388,GRANDMOTHER,GRANDMOTHER,TP
continuous_0453_S6_strategy2.npz,388-519,THANK YOU,THANK YOU,TP
continuous_0453_S6_strategy2.npz,519-648,BLIND,BLIND,TP
continuous_0453_S6_strategy2.npz,648-778,PINK,PINK,TP
continuous_0454_S6_strategy2.npz,0-73,NINE,NINE,TP
continuous_0454_S6_strategy2.npz,73-147,-,EIGHT,FP
continuous_0454_S6_strategy2.npz,147-222,AUNTIE,AUNTIE,TP
continuous_0454_S6_strategy2.npz,222-297,-,RED,FP
continuous_0454_S6_strategy2.npz,297-370,-,TEN,FP
continuous_0454_S6_strategy2.npz,370-519,GOOD EVENING,GOOD EVENING,TP
continuous_0454_S6_strategy2.npz,519-594,HARD OF HEARING,HARD OF HEARING,TP
continuous_0454_S6_strategy2.npz,594-669,-,MILK,FP
continuous_0454_S6_strategy2.npz,669-816,THURSDAY,THURSDAY,TP
continuous_0454_S6_strategy2.npz,816-891,MARCH,MARCH,TP
continuous_0454_S6_strategy2.npz,255-380,RED,-,FN
continuous_0455_S6_strategy2.npz,0-87,APRIL,APRIL,TP
continuous_0455_S6_strategy2.npz,87-264,FRIDAY,FRIDAY,TP
continuous_0455_S6_strategy2.npz,264-352,SEE YOU TOMORROW,SEE YOU TOMORROW,TP
continuous_0455_S6_strategy2.npz,352-441,AUNTIE,AUNTIE,TP
continuous_0455_S6_strategy2.npz,441-618,RED,RED,TP
continuous_0455_S6_strategy2.npz,618-793,EIGHT,EIGHT,TP
continuous_0455_S6_strategy2.npz,793-882,GIRL,GIRL,TP
continuous_0456_S6_strategy2.npz,0-81,JANUARY,JANUARY,TP
continuous_0456_S6_strategy2.npz,81-162,-,DEAF,FP
continuous_0456_S6_strategy2.npz,162-243,HELLO,HELLO,TP
continuous_0456_S6_strategy2.npz,243-324,-,COUSIN,FP
continuous_0456_S6_strategy2.npz,324-486,UNCLE,UNCLE,TP
continuous_0456_S6_strategy2.npz,486-648,DEAF,DEAF,TP
continuous_0456_S6_strategy2.npz,648-729,-,BLACK,FP
continuous_0456_S6_strategy2.npz,729-810,ONE,ONE,TP
continuous_0456_S6_strategy2.npz,810-891,MONDAY,MONDAY,TP
continuous_0456_S6_strategy2.npz,508-635,BLACK,-,FN
continuous_0457_S6_strategy2.npz,0-75,DEAF BLIND,DEAF BLIND,TP
continuous_0457_S6_strategy2.npz,75-151,-,BLIND,FP
continuous_0457_S6_strategy2.npz,151-303,SEE YOU TOMORROW,SEE YOU TOMORROW,TP
continuous_0457_S6_strategy2.npz,303-456,FRIDAY,FRIDAY,TP
continuous_0457_S6_strategy2.npz,456-532,THREE,THREE,TP
continuous_0457_S6_strategy2.npz,532-684,AUGUST,AUGUST,TP
continuous_0457_S6_strategy2.npz,684-837,DAUGHTER,DAUGHTER,TP
continuous_0457_S6_strategy2.npz,837-913,VIOLET,VIOLET,TP
continuous_0458_S6_strategy2.npz,0-195,JANUARY,JANUARY,TP
continuous_0458_S6_strategy2.npz,195-294,-,GRAY,FP
continuous_0458_S6_strategy2.npz,294-393,GRANDMOTHER,GRANDMOTHER,TP
continuous_0458_S6_strategy2.npz,393-589,VIOLET,VIOLET,TP
continuous_0458_S6_strategy2.npz,589-688,ORANGE,ORANGE,TP
continuous_0458_S6_strategy2.npz,688-786,RED,RED,TP
continuous_0458_S6_strategy2.npz,786-885,WHITE,WHITE,TP
continuous_0458_S6_strategy2.npz,126-253,GRAY,-,FN
continuous_0459_S6_strategy2.npz,0-126,GREEN,GREEN,TP
continuous_0459_S6_strategy2.npz,126-253,GRAY,GRAY,TP
continuous_0459_S6_strategy2.npz,253-381,APRIL,APRIL,TP
continuous_0459_S6_strategy2.npz,381-507,LIGHT,LIGHT,TP
continuous_0459_S6_strategy2.npz,507-634,DECEMBER,DECEMBER,TP
continuous_0459_S6_strategy2.npz,634-762,BROWN,BROWN,TP
continuous_0459_S6_strategy2.npz,762-889,BLUE,BLUE,TP
continuous_0460_S6_strategy2.npz,0-159,APRIL,APRIL,TP
continuous_0460_S6_strategy2.npz,159-240,BLUE,BLUE,TP
continuous_0460_S6_strategy2.npz,240-399,BLACK,BLACK,TP
continuous_0460_S6_strategy2.npz,399-561,GRAY,GRAY,TP
continuous_0460_S6_strategy2.npz,561-640,FOUR,FOUR,TP
continuous_0460_S6_strategy2.npz,640-720,GREEN,GREEN,TP
continuous_0460_S6_strategy2.npz,720-801,-,FISH,FP
continuous_0460_S6_strategy2.npz,801-882,WHITE,WHITE,TP
continuous_0461_S6_strategy2.npz,0-139,FATHER,FATHER,TP
continuous_0461_S6_strategy2.npz,139-210,-,EIGHT,FP
continuous_0461_S6_strategy2.npz,210-279,FIVE,FIVE,TP
continuous_0461_S6_strategy2.npz,279-420,YELLOW,YELLOW,TP
continuous_0461_S6_strategy2.npz,420-559,GIRL,GIRL,TP
continuous_0461_S6_strategy2.npz,559-699,WEDNESDAY,WEDNESDAY,TP
continuous_0461_S6_strategy2.npz,699-771,JUNE,JUNE,TP
continuous_0462_S6_strategy2.npz,0-111,BROWN,BROWN,TP
continuous_0462_S6_strategy2.npz,111-222,APRIL,APRIL,TP
continuous_0462_S6_strategy2.npz,222-333,-,ORANGE,FP
continuous_0462_S6_strategy2.npz,333-555,YELLOW,YELLOW,TP
continuous_0462_S6_strategy2.npz,555-777,DECEMBER,DECEMBER,TP
continuous_0462_S6_strategy2.npz,777-889,WHITE,WHITE,TP
continuous_0462_S6_strategy2.npz,255-376,APRIL,-,FN
continuous_0462_S6_strategy2.npz,376-503,ORANGE,-,FN
continuous_0463_S6_strategy2.npz,0-69,RED,RED,TP
continuous_0463_S6_strategy2.npz,69-139,-,DEAF BLIND,FP
continuous_0463_S6_strategy2.npz,139-210,FOUR,FOUR,TP
continuous_0463_S6_strategy2.npz,210-280,-,FATHER,FP
continuous_0463_S6_strategy2.npz,280-421,PARENTS,PARENTS,TP
continuous_0463_S6_strategy2.npz,421-491,COUSIN,COUSIN,TP
continuous_0463_S6_strategy2.npz,491-562,TEN,TEN,TP
continuous_0463_S6_strategy2.npz,562-633,-,GOOD MORNING,FP
continuous_0463_S6_strategy2.npz,633-774,FEBRUARY,FEBRUARY,TP
continuous_0463_S6_strategy2.npz,774-844,RED,RED,TP
continuous_0464_S6_strategy2.npz,0-99,GREEN,GREEN,TP
continuous_0464_S6_strategy2.npz,99-297,OCTOBER,OCTOBER,TP
continuous_0464_S6_strategy2.npz,297-396,-,PINK,FP
continuous_0464_S6_strategy2.npz,396-594,YELLOW,YELLOW,TP
continuous_0464_S6_strategy2.npz,594-693,GRANDFATHER,GRANDFATHER,TP
continuous_0464_S6_strategy2.npz,693-792,BLUE,BLUE,TP
continuous_0464_S6_strategy2.npz,792-892,PINK,PINK,TP
continuous_0464_S6_strategy2.npz,254-382,PINK,-,FN
continuous_0465_S6_strategy2.npz,0-127,JULY,JULY,TP
continuous_0465_S6_strategy2.npz,127-255,WHITE,WHITE,TP
continuous_0465_S6_strategy2.npz,255-384,AUNTIE,AUNTIE,TP
continuous_0466_S6_strategy2.npz,0-127,FATHER,FATHER,TP
continuous_0467_S7_strategy2.npz,0-87,YESTERDAY,YESTERDAY,TP
continuous_0467_S7_strategy2.npz,87-265,LIGHT,LIGHT,TP
continuous_0467_S7_strategy2.npz,265-444,COUSIN,COUSIN,TP
continuous_0467_S7_strategy2.npz,444-532,MAY,MAY,TP
continuous_0467_S7_strategy2.npz,532-711,SEVEN,SEVEN,TP
continuous_0467_S7_strategy2.npz,711-799,BEER,BEER,TP
continuous_0468_S7_strategy2.npz,0-112,WHITE,WHITE,TP
continuous_0468_S7_strategy2.npz,112-225,COUSIN,COUSIN,TP
continuous_0468_S7_strategy2.npz,225-451,COLD,COLD,TP
continuous_0468_S7_strategy2.npz,451-564,DON’T KNOW,DON’T KNOW,TP
continuous_0468_S7_strategy2.npz,564-678,YOURE WELCOME,YOURE WELCOME,TP
continuous_0468_S7_strategy2.npz,678-790,BLIND,BLIND,TP
continuous_0468_S7_strategy2.npz,790-903,SATURDAY,SATURDAY,TP
continuous_0469_S7_strategy2.npz,0-175,SON,SON,TP
continuous_0469_S7_strategy2.npz,175-264,-,SPAGHETTI,FP
continuous_0469_S7_strategy2.npz,264-351,-,TODAY,FP
continuous_0469_S7_strategy2.npz,351-439,VIOLET,VIOLET,TP
continuous_0469_S7_strategy2.npz,439-615,KNOW,KNOW,TP
continuous_0469_S7_strategy2.npz,615-703,FOUR,FOUR,TP
continuous_0469_S7_strategy2.npz,703-792,MAN,MAN,TP
continuous_0469_S7_strategy2.npz,127-254,TODAY,-,FN
continuous_0470_S7_strategy2.npz,0-91,BEER,BEER,TP
continuous_0470_S7_strategy2.npz,91-276,DARK,DARK,TP
continuous_0470_S7_strategy2.npz,276-462,SIX,SIX,TP
continuous_0470_S7_strategy2.npz,462-555,BLIND,BLIND,TP
continuous_0470_S7_strategy2.npz,555-648,GOOD EVENING,GOOD EVENING,TP
continuous_0470_S7_strategy2.npz,648-739,-,BEER,FP
continuous_0470_S7_strategy2.npz,739-832,YESTERDAY,YESTERDAY,TP
continuous_0470_S7_strategy2.npz,832-925,NOVEMBER,NOVEMBER,TP
continuous_0471_S7_strategy2.npz,0-84,BOY,BOY,TP
continuous_0471_S7_strategy2.npz,84-255,TEA,TEA,TP
continuous_0471_S7_strategy2.npz,255-340,THANK YOU,THANK YOU,TP
continuous_0471_S7_strategy2.npz,340-597,BLUE,BLUE,TP
continuous_0471_S7_strategy2.npz,597-681,SHRIMP,SHRIMP,TP
continuous_0471_S7_strategy2.npz,681-768,AUNTIE,AUNTIE,TP
continuous_0472_S7_strategy2.npz,0-147,RED,RED,TP
continuous_0472_S7_strategy2.npz,147-220,MARCH,MARCH,TP
continuous_0472_S7_strategy2.npz,220-294,-,FEBRUARY,FP
continuous_0472_S7_strategy2.npz,294-442,GIRL,GIRL,TP
continuous_0472_S7_strategy2.npz,442-591,THANK YOU,THANK YOU,TP
continuous_0472_S7_strategy2.npz,591-664,TOMORROW,TOMORROW,TP
continuous_0472_S7_strategy2.npz,664-738,-,TEN,FP
continuous_0472_S7_strategy2.npz,738-813,HOT,HOT,TP
continuous_0472_S7_strategy2.npz,813-886,RICE,RICE,TP
continuous_0473_S7_strategy2.npz,0-156,OCTOBER,OCTOBER,TP
continuous_0473_S7_strategy2.npz,156-234,EIGHT,EIGHT,TP
continuous_0473_S7_strategy2.npz,234-312,-,KNOW,FP
continuous_0473_S7_strategy2.npz,312-390,DON’T KNOW,DON’T KNOW,TP
continuous_0473_S7_strategy2.npz,390-469,-,NO SUGAR,FP
continuous_0473_S7_strategy2.npz,469-625,SUGAR,SUGAR,TP
continuous_0473_S7_strategy2.npz,625-705,VIOLET,VIOLET,TP
continuous_0473_S7_strategy2.npz,705-861,MARRIED,MARRIED,TP
continuous_0473_S7_strategy2.npz,861-939,PARENTS,PARENTS,TP
continuous_0474_S7_strategy2.npz,0-165,JANUARY,JANUARY,TP
continuous_0474_S7_strategy2.npz,165-246,CRAB,CRAB,TP
continuous_0474_S7_strategy2.npz,246-330,BLIND,BLIND,TP
continuous_0474_S7_strategy2.npz,330-411,-,UNDERSTAND,FP
continuous_0474_S7_strategy2.npz,411-495,-,LIGHT,FP
continuous_0474_S7_strategy2.npz,495-660,-,SUNDAY,FP
continuous_0474_S7_strategy2.npz,660-825,HELLO,HELLO,TP
continuous_0474_S7_strategy2.npz,825-907,AUNTIE,AUNTIE,TP
continuous_0474_S7_strategy2.npz,394-538,UNDERSTAND,-,FN
continuous_0474_S7_strategy2.npz,538-664,LIGHT,-,FN
continuous_0475_S7_strategy2.npz,0-66,VIOLET,VIOLET,TP
continuous_0475_S7_strategy2.npz,66-198,CHICKEN,CHICKEN,TP
continuous_0475_S7_strategy2.npz,198-330,MARRIED,MARRIED,TP
continuous_0475_S7_strategy2.npz,330-462,SEE YOU TOMORROW,SEE YOU TOMORROW,TP
continuous_0475_S7_strategy2.npz,462-528,-,OCTOBER,FP
continuous_0475_S7_strategy2.npz,528-726,-,MARCH,FP
continuous_0475_S7_strategy2.npz,726-793,SLOW,SLOW,TP
continuous_0475_S7_strategy2.npz,513-662,OCTOBER,-,FN
continuous_0476_S7_strategy2.npz,0-168,JUNE,JUNE,TP
continuous_0476_S7_strategy2.npz,168-252,SATURDAY,SATURDAY,TP
continuous_0476_S7_strategy2.npz,252-423,WRONG,WRONG,TP
continuous_0476_S7_strategy2.npz,423-506,DARK,DARK,TP
continuous_0476_S7_strategy2.npz,506-591,-,NICE TO MEET YOU,FP
continuous_0476_S7_strategy2.npz,591-760,DEAF,DEAF,TP
continuous_0476_S7_strategy2.npz,760-846,EGG,EGG,TP
continuous_0476_S7_strategy2.npz,846-930,GRANDMOTHER,GRANDMOTHER,TP
continuous_0477_S7_strategy2.npz,0-126,SUGAR,SUGAR,TP
continuous_0477_S7_strategy2.npz,126-253,FISH,FISH,TP
continuous_0477_S7_strategy2.npz,253-444,SEPTEMBER,SEPTEMBER,TP
continuous_0477_S7_strategy2.npz,444-634,FOUR,FOUR,TP
continuous_0477_S7_strategy2.npz,634-762,GOOD EVENING,GOOD EVENING,TP
continuous_0477_S7_strategy2.npz,762-825,TUESDAY,TUESDAY,TP
continuous_0478_S7_strategy2.npz,0-162,GOOD MORNING,GOOD MORNING,TP
continuous_0478_S7_strategy2.npz,162-327,OCTOBER,OCTOBER,TP
continuous_0478_S7_strategy2.npz,327-408,MEAT,MEAT,TP
continuous_0478_S7_strategy2.npz,408-490,-,THURSDAY,FP
continuous_0478_S7_strategy2.npz,490-573,GIRL,GIRL,TP
continuous_0478_S7_strategy2.npz,573-736,NO,NO,TP
continuous_0478_S7_strategy2.npz,736-819,EIGHT,EIGHT,TP
continuous_0479_S7_strategy2.npz,0-147,MILK,MILK,TP
continuous_0479_S7_strategy2.npz,147-294,MOTHER,MOTHER,TP
continuous_0479_S7_strategy2.npz,294-441,MAN,MAN,TP
continuous_0479_S7_strategy2.npz,441-589,CRAB,CRAB,TP
continuous_0479_S7_strategy2.npz,589-663,TOMORROW,TOMORROW,TP
continuous_0479_S7_strategy2.npz,663-736,-,TEN,FP
continuous_0479_S7_strategy2.npz,736-810,-,SEE YOU TOMORROW,FP
continuous_0479_S7_strategy2.npz,810-885,SIX,SIX,TP
continuous_0479_S7_strategy2.npz,634-767,SEE YOU TOMORROW,-,FN
continuous_0480_S7_strategy2.npz,0-175,KNOW,KNOW,TP
continuous_0480_S7_strategy2.npz,175-351,COFFEE,COFFEE,TP
continuous_0480_S7_strategy2.npz,351-528,APRIL,APRIL,TP
continuous_0480_S7_strategy2.npz,528-615,-,SPAGHETTI,FP
continuous_0480_S7_strategy2.npz,615-703,SEVEN,SEVEN,TP
continuous_0480_S7_strategy2.npz,703-792,GRANDMOTHER,GRANDMOTHER,TP
continuous_0480_S7_strategy2.npz,406-534,SPAGHETTI,-,FN
continuous_0481_S7_strategy2.npz,0-127,HOT,HOT,TP
continuous_0481_S7_strategy2.npz,127-192,-,TUESDAY,FP
continuous_0481_S7_strategy2.npz,192-321,THURSDAY,THURSDAY,TP
continuous_0481_S7_strategy2.npz,321-450,SPAGHETTI,SPAGHETTI,TP
continuous_0481_S7_strategy2.npz,450-513,EIGHT,EIGHT,TP
continuous_0481_S7_strategy2.npz,513-577,NICE TO MEET YOU,NICE TO MEET YOU,TP
continuous_0481_S7_strategy2.npz,577-706,-,CORRECT,FP
continuous_0481_S7_strategy2.npz,706-834,MOTHER,MOTHER,TP
continuous_0481_S7_strategy2.npz,834-900,YES,YES,TP
continuous_0482_S7_strategy2.npz,0-90,MEAT,MEAT,TP
continuous_0482_S7_strategy2.npz,90-180,-,BREAD,FP
continuous_0482_S7_strategy2.npz,180-270,THANK YOU,THANK YOU,TP
continuous_0482_S7_strategy2.npz,270-361,BEER,BEER,TP
continuous_0482_S7_strategy2.npz,361-451,GRANDMOTHER,GRANDMOTHER,TP
continuous_0482_S7_strategy2.npz,451-543,-,COFFEE,FP
continuous_0482_S7_strategy2.npz,543-723,LIGHT,LIGHT,TP
continuous_0482_S7_strategy2.npz,723-813,YES,YES,TP
continuous_0482_S7_strategy2.npz,813-904,WOMAN,WOMAN,TP
continuous_0483_S7_strategy2.npz,0-87,THANK YOU,THANK YOU,TP
continuous_0483_S7_strategy2.npz,87-265,GRAY,GRAY,TP
continuous_0483_S7_strategy2.npz,265-354,JUNE,JUNE,TP
continuous_0483_S7_strategy2.npz,354-442,-,NOVEMBER,FP
continuous_0483_S7_strategy2.npz,442-531,MOTHER,MOTHER,TP
continuous_0483_S7_strategy2.npz,531-619,DON’T UNDERSTAND,DON’T UNDERSTAND,TP
continuous_0483_S7_strategy2.npz,619-798,-,YES,FP
continuous_0483_S7_strategy2.npz,677-805,HARD OF HEARING,-,FN
continuous_0484_S7_strategy2.npz,0-201,WEDNESDAY,WEDNESDAY,TP
continuous_0484_S7_strategy2.npz,201-301,SPAGHETTI,SPAGHETTI,TP
continuous_0484_S7_strategy2.npz,301-402,HELLO,HELLO,TP
continuous_0484_S7_strategy2.npz,402-504,DARK,DARK,TP
continuous_0484_S7_strategy2.npz,504-705,EIGHT,EIGHT,TP
continuous_0484_S7_strategy2.npz,705-807,COFFEE,COFFEE,TP
continuous_0485_S7_strategy2.npz,0-169,UNDERSTAND,UNDERSTAND,TP
continuous_0485_S7_strategy2.npz,169-340,HARD OF HEARING,HARD OF HEARING,TP
continuous_0485_S7_strategy2.npz,340-426,SEVEN,SEVEN,TP
continuous_0485_S7_strategy2.npz,426-510,-,APRIL,FP
continuous_0485_S7_strategy2.npz,510-681,NOVEMBER,NOVEMBER,TP
continuous_0485_S7_strategy2.npz,681-766,-,NICE TO MEET YOU,FP
continuous_0485_S7_strategy2.npz,766-852,UNCLE,UNCLE,TP
continuous_0485_S7_strategy2.npz,852-936,EGG,EGG,TP
continuous_0485_S7_strategy2.npz,554-689,NICE TO MEET YOU,-,FN
continuous_0486_S7_strategy2.npz,0-67,YELLOW,YELLOW,TP
continuous_0486_S7_strategy2.npz,67-136,-,HOT,FP
continuous_0486_S7_strategy2.npz,136-273,CHICKEN,CHICKEN,TP
continuous_0486_S7_strategy2.npz,273-411,MONDAY,MONDAY,TP
continuous_0486_S7_strategy2.npz,411-478,-,MARCH,FP
continuous_0486_S7_strategy2.npz,478-615,-,NOVEMBER,FP
continuous_0486_S7_strategy2.npz,615-753,GOOD EVENING,GOOD EVENING,TP
continuous_0486_S7_strategy2.npz,753-822,CORRECT,CORRECT,TP
continuous_0486_S7_strategy2.npz,403-553,SEPTEMBER,-,FN
continuous_0487_S7_strategy2.npz,0-147,GIRL,GIRL,TP
continuous_0487_S7_strategy2.npz,147-295,EIGHT,EIGHT,TP
continuous_0487_S7_strategy2.npz,295-369,MEAT,MEAT,TP
continuous_0487_S7_strategy2.npz,369-517,YESTERDAY,YESTERDAY,TP
continuous_0487_S7_strategy2.npz,517-666,UNCLE,UNCLE,TP
continuous_0487_S7_strategy2.npz,666-739,NICE TO MEET YOU,NICE TO MEET YOU,TP
continuous_0487_S7_strategy2.npz,739-813,-,TOMORROW,FP
continuous_0487_S7_strategy2.npz,813-888,GREEN,GREEN,TP
continuous_0488_S7_strategy2.npz,0-78,FEBRUARY,FEBRUARY,TP
continuous_0488_S7_strategy2.npz,78-159,-,BREAD,FP
continuous_0488_S7_strategy2.npz,159-318,THANK YOU,THANK YOU,TP
continuous_0488_S7_strategy2.npz,318-396,NINE,NINE,TP
continuous_0488_S7_strategy2.npz,396-555,BREAD,BREAD,TP
continuous_0488_S7_strategy2.npz,555-636,-,COFFEE,FP
continuous_0488_S7_strategy2.npz,636-795,JUICE,JUICE,TP
continuous_0488_S7_strategy2.npz,795-873,-,TUESDAY,FP
continuous_0488_S7_strategy2.npz,873-954,CORRECT,CORRECT,TP
continuous_0488_S7_strategy2.npz,662-810,TUESDAY,-,FN
continuous_0489_S7_strategy2.npz,0-66,EGG,EGG,TP
continuous_0489_S7_strategy2.npz,66-132,-,JANUARY,FP
continuous_0489_S7_strategy2.npz,132-331,-,APRIL,FP
continuous_0489_S7_strategy2.npz,331-399,SEE YOU TOMORROW,SEE YOU TOMORROW,TP
continuous_0489_S7_strategy2.npz,399-465,-,MILK,FP
continuous_0489_S7_strategy2.npz,465-531,TEN,TEN,TP
continuous_0489_S7_strategy2.npz,531-598,-,AUNTIE,FP
continuous_0489_S7_strategy2.npz,598-664,-,TOMORROW,FP
continuous_0489_S7_strategy2.npz,664-732,BROWN,BROWN,TP
continuous_0489_S7_strategy2.npz,732-798,FRIDAY,FRIDAY,TP
continuous_0489_S7_strategy2.npz,127-276,SEPTEMBER,-,FN
continuous_0490_S7_strategy2.npz,0-84,MARRIED,MARRIED,TP
continuous_0490_S7_strategy2.npz,84-252,FISH,FISH,TP
continuous_0490_S7_strategy2.npz,252-423,WINE,WINE,TP
continuous_0490_S7_strategy2.npz,423-506,MONDAY,MONDAY,TP
continuous_0490_S7_strategy2.npz,506-676,VIOLET,VIOLET,TP
continuous_0490_S7_strategy2.npz,676-846,MARCH,MARCH,TP
continuous_0490_S7_strategy2.npz,846-930,FOUR,FOUR,TP
continuous_0491_S7_strategy2.npz,0-171,SATURDAY,SATURDAY,TP
continuous_0491_S7_strategy2.npz,171-343,FEBRUARY,FEBRUARY,TP
continuous_0491_S7_strategy2.npz,343-430,AUNTIE,AUNTIE,TP
continuous_0491_S7_strategy2.npz,430-603,BLIND,BLIND,TP
continuous_0491_S7_strategy2.npz,603-688,HOT,HOT,TP
continuous_0491_S7_strategy2.npz,688-775,BLACK,BLACK,TP
continuous_0492_S7_strategy2.npz,0-144,BEER,BEER,TP
continuous_0492_S7_strategy2.npz,144-289,APRIL,APRIL,TP
continuous_0492_S7_strategy2.npz,289-435,IM FINE,IM FINE,TP
continuous_0492_S7_strategy2.npz,435-507,GIRL,GIRL,TP
continuous_0492_S7_strategy2.npz,507-580,-,BEER,FP
continuous_0492_S7_strategy2.npz,580-726,CORRECT,CORRECT,TP
continuous_0492_S7_strategy2.npz,726-798,AUNTIE,AUNTIE,TP
continuous_0493_S7_strategy2.npz,0-183,CRAB,CRAB,TP
continuous_0493_S7_strategy2.npz,183-366,TWO,TWO,TP
continuous_0493_S7_strategy2.npz,366-456,DON’T KNOW,DON’T KNOW,TP
continuous_0493_S7_strategy2.npz,456-549,GOOD EVENING,GOOD EVENING,TP
continuous_0493_S7_strategy2.npz,549-732,APRIL,APRIL,TP
continuous_0493_S7_strategy2.npz,732-822,BLACK,BLACK,TP
continuous_0493_S7_strategy2.npz,822-915,COUSIN,COUSIN,TP
continuous_0494_S7_strategy2.npz,0-93,TUESDAY,TUESDAY,TP
continuous_0494_S7_strategy2.npz,93-283,TEN,TEN,TP
continuous_0494_S7_strategy2.npz,283-474,DAUGHTER,DAUGHTER,TP
continuous_0494_S7_strategy2.npz,474-568,COLD,COLD,TP
continuous_0494_S7_strategy2.npz,568-759,YELLOW,YELLOW,TP
continuous_0494_S7_strategy2.npz,759-853,-,AUGUST,FP
continuous_0494_S7_strategy2.npz,853-948,BLIND,BLIND,TP
continuous_0494_S7_strategy2.npz,669-817,AUGUST,-,FN
continuous_0495_S7_strategy2.npz,0-228,FATHER,FATHER,TP
continuous_0495_S7_strategy2.npz,228-304,CHICKEN,CHICKEN,TP
continuous_0495_S7_strategy2.npz,304-457,WEDNESDAY,WEDNESDAY,TP
continuous_0495_S7_strategy2.npz,457-534,FIVE,FIVE,TP
continuous_0495_S7_strategy2.npz,534-687,THANK YOU,THANK YOU,TP
continuous_0495_S7_strategy2.npz,687-840,JUNE,JUNE,TP
continuous_0495_S7_strategy2.npz,840-916,DEAF,DEAF,TP
continuous_0496_S7_strategy2.npz,0-93,BREAD,BREAD,TP
continuous_0496_S7_strategy2.npz,93-186,GREEN,GREEN,TP
continuous_0496_S7_strategy2.npz,186-279,-,MILK,FP
continuous_0496_S7_strategy2.npz,279-465,SIX,SIX,TP
continuous_0496_S7_strategy2.npz,465-652,GOOD AFTERNOON,GOOD AFTERNOON,TP
continuous_0496_S7_strategy2.npz,652-745,-,TODAY,FP
continuous_0496_S7_strategy2.npz,745-838,-,WRONG,FP
continuous_0496_S7_strategy2.npz,838-933,DECEMBER,DECEMBER,TP
continuous_0496_S7_strategy2.npz,528-649,SUNDAY,-,FN
continuous_0496_S7_strategy2.npz,649-791,WRONG,-,FN
continuous_0497_S7_strategy2.npz,0-82,WRONG,WRONG,TP
continuous_0497_S7_strategy2.npz,82-250,GIRL,GIRL,TP
continuous_0497_S7_strategy2.npz,250-417,SON,SON,TP
continuous_0497_S7_strategy2.npz,417-501,GOOD MORNING,GOOD MORNING,TP
continuous_0497_S7_strategy2.npz,501-669,TODAY,TODAY,TP
continuous_0497_S7_strategy2.npz,669-837,PINK,PINK,TP
continuous_0497_S7_strategy2.npz,837-921,FIVE,FIVE,TP
continuous_0498_S7_strategy2.npz,0-87,BREAD,BREAD,TP
continuous_0498_S7_strategy2.npz,87-264,GOOD AFTERNOON,GOOD AFTERNOON,TP
continuous_0498_S7_strategy2.npz,264-351,WEELCHAIR PERSON,WEELCHAIR PERSON,TP
continuous_0498_S7_strategy2.npz,351-439,-,KNOW,FP
continuous_0498_S7_strategy2.npz,439-528,-,DON’T KNOW,FP
continuous_0498_S7_strategy2.npz,528-615,SUNDAY,SUNDAY,TP
continuous_0498_S7_strategy2.npz,615-703,-,JANUARY,FP
continuous_0498_S7_strategy2.npz,703-792,JUNE,JUNE,TP
continuous_0498_S7_strategy2.npz,391-522,KNOW,-,FN
continuous_0499_S7_strategy2.npz,0-148,SHRIMP,SHRIMP,TP
continuous_0499_S7_strategy2.npz,148-223,YES,YES,TP
continuous_0499_S7_strategy2.npz,223-298,-,JANUARY,FP
continuous_0499_S7_strategy2.npz,298-373,JUNE,JUNE,TP
continuous_0499_S7_strategy2.npz,373-597,SON,SON,TP
continuous_0499_S7_strategy2.npz,597-747,ONE,ONE,TP
continuous_0499_S7_strategy2.npz,747-822,DEAF,DEAF,TP
continuous_0500_S7_strategy2.npz,0-144,FAST,FAST,TP
continuous_0500_S7_strategy2.npz,144-289,TUESDAY,TUESDAY,TP
continuous_0500_S7_strategy2.npz,289-363,GOOD EVENING,GOOD EVENING,TP
continuous_0500_S7_strategy2.npz,363-435,-,DEAF BLIND,FP
continuous_0500_S7_strategy2.npz,435-507,-,BLIND,FP
continuous_0500_S7_strategy2.npz,507-654,BLACK,BLACK,TP
continuous_0500_S7_strategy2.npz,654-726,SON,SON,TP
continuous_0500_S7_strategy2.npz,726-871,-,DAUGHTER,FP
continuous_0500_S7_strategy2.npz,871-945,NOVEMBER,NOVEMBER,TP
continuous_0500_S7_strategy2.npz,412-538,DEAF BLIND,-,FN
continuous_0501_S7_strategy2.npz,0-156,BOY,BOY,TP
continuous_0501_S7_strategy2.npz,156-315,FIVE,FIVE,TP
continuous_0501_S7_strategy2.npz,315-393,FAST,FAST,TP
continuous_0501_S7_strategy2.npz,393-471,-,THURSDAY,FP
continuous_0501_S7_strategy2.npz,471-550,GREEN,GREEN,TP
continuous_0501_S7_strategy2.npz,550-708,EGG,EGG,TP
continuous_0501_S7_strategy2.npz,708-787,TODAY,TODAY,TP
continuous_0502_S7_strategy2.npz,0-162,TOMORROW,TOMORROW,TP
continuous_0502_S7_strategy2.npz,162-243,OCTOBER,OCTOBER,TP
continuous_0502_S7_strategy2.npz,243-325,-,JANUARY,FP
continuous_0502_S7_strategy2.npz,325-489,BLACK,BLACK,TP
continuous_0502_S7_strategy2.npz,489-570,ONE,ONE,TP
continuous_0502_S7_strategy2.npz,570-733,COLD,COLD,TP
continuous_0502_S7_strategy2.npz,733-816,KNOW,KNOW,TP
continuous_0503_S7_strategy2.npz,0-150,CRAB,CRAB,TP
continuous_0503_S7_strategy2.npz,150-301,GOOD AFTERNOON,GOOD AFTERNOON,TP
continuous_0503_S7_strategy2.npz,301-378,MARCH,MARCH,TP
continuous_0503_S7_strategy2.npz,378-453,-,JANUARY,FP
continuous_0503_S7_strategy2.npz,453-528,WINE,WINE,TP
continuous_0503_S7_strategy2.npz,528-604,-,MILK,FP
continuous_0503_S7_strategy2.npz,604-681,TOMORROW,TOMORROW,TP
continuous_0503_S7_strategy2.npz,681-831,WOMAN,WOMAN,TP
continuous_0503_S7_strategy2.npz,831-907,YELLOW,YELLOW,TP
continuous_0504_S7_strategy2.npz,0-78,BEER,BEER,TP
continuous_0504_S7_strategy2.npz,78-237,CHICKEN,CHICKEN,TP
continuous_0504_S7_strategy2.npz,237-397,DECEMBER,DECEMBER,TP
continuous_0504_S7_strategy2.npz,397-556,ORANGE,ORANGE,TP
continuous_0504_S7_strategy2.npz,556-715,YES,YES,TP
continuous_0504_S7_strategy2.npz,715-795,SON,SON,TP
continuous_0505_S7_strategy2.npz,0-111,DEAF BLIND,DEAF BLIND,TP
continuous_0505_S7_strategy2.npz,111-225,MILK,MILK,TP
continuous_0505_S7_strategy2.npz,225-336,SATURDAY,SATURDAY,TP
continuous_0505_S7_strategy2.npz,336-450,IM FINE,IM FINE,TP
continuous_0505_S7_strategy2.npz,450-562,-,FAST,FP
continuous_0505_S7_strategy2.npz,562-787,TEN,TEN,TP
continuous_0505_S7_strategy2.npz,787-900,MARCH,MARCH,TP
continuous_0505_S7_strategy2.npz,518-642,FAST,-,FN
continuous_0506_S7_strategy2.npz,0-90,HOT,HOT,TP
continuous_0506_S7_strategy2.npz,90-181,-,PINK,FP
continuous_0506_S7_strategy2.npz,181-273,UNDERSTAND,UNDERSTAND,TP
continuous_0506_S7_strategy2.npz,273-364,THURSDAY,THURSDAY,TP
continuous_0506_S7_strategy2.npz,364-456,-,MILK,FP
continuous_0506_S7_strategy2.npz,456-546,DAUGHTER,DAUGHTER,TP
continuous_0506_S7_strategy2.npz,546-639,MARCH,MARCH,TP
continuous_0506_S7_strategy2.npz,639-729,-,NOVEMBER,FP
continuous_0506_S7_strategy2.npz,729-820,HARD OF HEARING,HARD OF HEARING,TP
continuous_0506_S7_strategy2.npz,820-912,GOOD MORNING,GOOD MORNING,TP
continuous_0507_S7_strategy2.npz,0-198,BLUE,BLUE,TP
continuous_0507_S7_strategy2.npz,198-399,WEDNESDAY,WEDNESDAY,TP
continuous_0507_S7_strategy2.npz,399-498,-,WEELCHAIR PERSON,FP
continuous_0507_S7_strategy2.npz,498-597,YOURE WELCOME,YOURE WELCOME,TP
continuous_0507_S7_strategy2.npz,597-697,MOTHER,MOTHER,TP
continuous_0507_S7_strategy2.npz,697-798,ONE,ONE,TP
continuous_0507_S7_strategy2.npz,274-402,WEELCHAIR PERSON,-,FN
continuous_0508_S7_strategy2.npz,0-84,MEAT,MEAT,TP
continuous_0508_S7_strategy2.npz,84-168,-,RED,FP
continuous_0508_S7_strategy2.npz,168-252,-,UNCLE,FP
continuous_0508_S7_strategy2.npz,252-336,-,TOMORROW,FP
continuous_0508_S7_strategy2.npz,336-420,-,YOURE WELCOME,FP
continuous_0508_S7_strategy2.npz,420-588,-,WHITE,FP
continuous_0508_S7_strategy2.npz,588-756,-,AUNTIE,FP
continuous_0508_S7_strategy2.npz,756-840,SLOW,SLOW,TP
continuous_0508_S7_strategy2.npz,840-924,SUNDAY,SUNDAY,TP
continuous_0508_S7_strategy2.npz,126-253,RED,-,FN
continuous_0508_S7_strategy2.npz,253-381,UNCLE,-,FN
continuous_0508_S7_strategy2.npz,381-518,YOURE WELCOME,-,FN
continuous_0508_S7_strategy2.npz,518-657,TEN,-,FN
continuous_0509_S7_strategy2.npz,0-111,IM FINE,IM FINE,TP
continuous_0509_S7_strategy2.npz,111-225,SUNDAY,SUNDAY,TP
continuous_0509_S7_strategy2.npz,225-336,JUICE,JUICE,TP
continuous_0509_S7_strategy2.npz,336-450,NO,NO,TP
continuous_0509_S7_strategy2.npz,450-562,-,SHRIMP,FP
continuous_0509_S7_strategy2.npz,562-787,SON,SON,TP
continuous_0509_S7_strategy2.npz,787-900,BLUE,BLUE,TP
continuous_0509_S7_strategy2.npz,525-652,SHRIMP,-,FN
continuous_0510_S7_strategy2.npz,0-129,FRIDAY,FRIDAY,TP
continuous_0510_S7_strategy2.npz,129-258,DARK,DARK,TP
continuous_0510_S7_strategy2.npz,258-388,JUICE,JUICE,TP
continuous_0510_S7_strategy2.npz,388-519,UNCLE,UNCLE,TP
continuous_0510_S7_strategy2.npz,519-648,APRIL,APRIL,TP
continuous_0510_S7_strategy2.npz,648-778,HOW ARE YOU,HOW ARE YOU,TP
continuous_0511_S7_strategy2.npz,0-111,THREE,THREE,TP
continuous_0511_S7_strategy2.npz,111-222,WEELCHAIR PERSON,WEELCHAIR PERSON,TP
continuous_0511_S7_strategy2.npz,222-333,RED,RED,TP
continuous_0511_S7_strategy2.npz,333-444,YES,YES,TP
continuous_0511_S7_strategy2.npz,444-666,IM FINE,IM FINE,TP
continuous_0511_S7_strategy2.npz,666-778,FRIDAY,FRIDAY,TP
continuous_0512_S7_strategy2.npz,0-300,DECEMBER,DECEMBER,TP
continuous_0512_S7_strategy2.npz,300-399,-,DEAF BLIND,FP
continuous_0512_S7_strategy2.npz,399-499,SEVEN,SEVEN,TP
continuous_0512_S7_strategy2.npz,499-600,-,CRAB,FP
continuous_0512_S7_strategy2.npz,600-699,GRANDFATHER,GRANDFATHER,TP
continuous_0512_S7_strategy2.npz,699-801,MILK,MILK,TP
continuous_0512_S7_strategy2.npz,149-277,DEAF BLIND,-,FN
continuous_0512_S7_strategy2.npz,417-543,CRAB,-,FN
continuous_0513_S7_strategy2.npz,0-169,YES,YES,TP
continuous_0513_S7_strategy2.npz,169-339,SUNDAY,SUNDAY,TP
continuous_0513_S7_strategy2.npz,339-426,GRAY,GRAY,TP
continuous_0513_S7_strategy2.npz,426-595,COFFEE,COFFEE,TP
continuous_0513_S7_strategy2.npz,595-681,IM FINE,IM FINE,TP
continuous_0513_S7_strategy2.npz,681-766,HARD OF HEARING,HARD OF HEARING,TP
continuous_0514_S7_strategy2.npz,0-99,VIOLET,VIOLET,TP
continuous_0514_S7_strategy2.npz,99-199,CHICKEN,CHICKEN,TP
continuous_0514_S7_strategy2.npz,199-399,JUICE,JUICE,TP
continuous_0514_S7_strategy2.npz,399-499,FAST,FAST,TP
continuous_0514_S7_strategy2.npz,499-600,THREE,THREE,TP
continuous_0514_S7_strategy2.npz,600-699,PARENTS,PARENTS,TP
continuous_0514_S7_strategy2.npz,699-799,-,MOTHER,FP
continuous_0514_S7_strategy2.npz,799-900,TOMORROW,TOMORROW,TP
continuous_0515_S7_strategy2.npz,0-228,DECEMBER,DECEMBER,TP
continuous_0515_S7_strategy2.npz,228-304,YOURE WELCOME,YOURE WELCOME,TP
continuous_0515_S7_strategy2.npz,304-381,WINE,WINE,TP
continuous_0515_S7_strategy2.npz,381-534,DON’T UNDERSTAND,DON’T UNDERSTAND,TP
continuous_0515_S7_strategy2.npz,534-609,AUNTIE,AUNTIE,TP
continuous_0515_S7_strategy2.npz,609-762,CHICKEN,CHICKEN,TP
continuous_0516_S7_strategy2.npz,0-90,ONE,ONE,TP
continuous_0516_S7_strategy2.npz,90-183,-,UNDERSTAND,FP
continuous_0516_S7_strategy2.npz,183-274,DON’T UNDERSTAND,DON’T UNDERSTAND,TP
continuous_0516_S7_strategy2.npz,274-366,-,YES,FP
continuous_0516_S7_strategy2.npz,366-457,-,NICE TO MEET YOU,FP
continuous_0516_S7_strategy2.npz,457-549,-,OCTOBER,FP
continuous_0516_S7_strategy2.npz,549-640,-,MAY,FP
continuous_0516_S7_strategy2.npz,640-732,TODAY,TODAY,TP
continuous_0516_S7_strategy2.npz,732-825,SHRIMP,SHRIMP,TP
continuous_0516_S7_strategy2.npz,825-916,COFFEE,COFFEE,TP
continuous_0516_S7_strategy2.npz,266-388,DEAF,-,FN
continuous_0516_S7_strategy2.npz,388-536,MAY,-,FN
continuous_0517_S7_strategy2.npz,0-75,DON’T KNOW,DON’T KNOW,TP
continuous_0517_S7_strategy2.npz,75-229,SUGAR,SUGAR,TP
continuous_0517_S7_strategy2.npz,229-306,-,SATURDAY,FP
continuous_0517_S7_strategy2.npz,306-459,MARRIED,MARRIED,TP
continuous_0517_S7_strategy2.npz,459-690,LONGANISA,LONGANISA,TP
continuous_0517_S7_strategy2.npz,690-766,AUGUST,AUGUST,TP
continuous_0517_S7_strategy2.npz,766-843,-,APRIL,FP
continuous_0517_S7_strategy2.npz,843-921,SEE YOU TOMORROW,SEE YOU TOMORROW,TP
continuous_0517_S7_strategy2.npz,266-394,SATURDAY,-,FN
continuous_0518_S7_strategy2.npz,0-153,SIX,SIX,TP
continuous_0518_S7_strategy2.npz,153-229,RICE,RICE,TP
continuous_0518_S7_strategy2.npz,229-306,-,DON’T UNDERSTAND,FP
continuous_0518_S7_strategy2.npz,306-384,-,GIRL,FP
continuous_0518_S7_strategy2.npz,384-537,WEDNESDAY,WEDNESDAY,TP
continuous_0518_S7_strategy2.npz,537-690,PINK,PINK,TP
continuous_0518_S7_strategy2.npz,690-844,JULY,JULY,TP
continuous_0518_S7_strategy2.npz,844-921,UNCLE,UNCLE,TP
continuous_0518_S7_strategy2.npz,253-394,DON’T UNDERSTAND,-,FN
continuous_0519_S7_strategy2.npz,0-108,FRIDAY,FRIDAY,TP
continuous_0519_S7_strategy2.npz,108-217,CRAB,CRAB,TP
continuous_0519_S7_strategy2.npz,217-327,SLOW,SLOW,TP
continuous_0519_S7_strategy2.npz,327-436,NINE,NINE,TP
continuous_0519_S7_strategy2.npz,436-654,GIRL,GIRL,TP
continuous_0519_S7_strategy2.npz,654-765,WINE,WINE,TP
continuous_0520_S7_strategy2.npz,0-225,TWO,TWO,TP
continuous_0520_S7_strategy2.npz,225-339,JANUARY,JANUARY,TP
continuous_0520_S7_strategy2.npz,339-451,HOW ARE YOU,HOW ARE YOU,TP
continuous_0520_S7_strategy2.npz,451-564,DAUGHTER,DAUGHTER,TP
continuous_0520_S7_strategy2.npz,564-678,UNDERSTAND,UNDERSTAND,TP
continuous_0520_S7_strategy2.npz,678-790,DARK,DARK,TP
continuous_0521_S7_strategy2.npz,0-75,HOT,HOT,TP
continuous_0521_S7_strategy2.npz,75-150,-,PINK,FP
continuous_0521_S7_strategy2.npz,150-225,FRIDAY,FRIDAY,TP
continuous_0521_S7_strategy2.npz,225-301,-,BLIND,FP
continuous_0521_S7_strategy2.npz,301-453,SEE YOU TOMORROW,SEE YOU TOMORROW,TP
continuous_0521_S7_strategy2.npz,453-603,MAN,MAN,TP
continuous_0521_S7_strategy2.npz,603-679,MOTHER,MOTHER,TP
continuous_0521_S7_strategy2.npz,679-756,-,WHITE,FP
continuous_0521_S7_strategy2.npz,637-764,WHITE,-,FN
continuous_0522_S7_strategy2.npz,0-180,FRIDAY,FRIDAY,TP
continuous_0522_S7_strategy2.npz,180-360,MAY,MAY,TP
continuous_0522_S7_strategy2.npz,360-540,THREE,THREE,TP
continuous_0522_S7_strategy2.npz,540-630,NO,NO,TP
continuous_0522_S7_strategy2.npz,630-720,BOY,BOY,TP
continuous_0522_S7_strategy2.npz,720-810,DAUGHTER,DAUGHTER,TP
continuous_0523_S7_strategy2.npz,0-91,WRONG,WRONG,TP
continuous_0523_S7_strategy2.npz,91-184,SUGAR,SUGAR,TP
continuous_0523_S7_strategy2.npz,184-277,-,BROWN,FP
continuous_0523_S7_strategy2.npz,277-463,DEAF,DEAF,TP
continuous_0523_S7_strategy2.npz,463-648,JULY,JULY,TP
continuous_0523_S7_strategy2.npz,648-741,FISH,FISH,TP
continuous_0523_S7_strategy2.npz,741-834,-,WHITE,FP
continuous_0523_S7_strategy2.npz,834-927,GRANDFATHER,GRANDFATHER,TP
continuous_0523_S7_strategy2.npz,267-395,BROWN,-,FN
continuous_0524_S7_strategy2.npz,0-207,BROWN,BROWN,TP
continuous_0524_S7_strategy2.npz,207-310,THREE,THREE,TP
continuous_0524_S7_strategy2.npz,310-517,MILK,MILK,TP
continuous_0524_S7_strategy2.npz,517-621,-,THANK YOU,FP
continuous_0524_S7_strategy2.npz,621-726,KNOW,KNOW,TP
continuous_0524_S7_strategy2.npz,726-829,MEAT,MEAT,TP
continuous_0524_S7_strategy2.npz,829-933,SEPTEMBER,SEPTEMBER,TP
continuous_0524_S7_strategy2.npz,382-519,THANK YOU,-,FN
continuous_0525_S7_strategy2.npz,0-153,GRANDMOTHER,GRANDMOTHER,TP
continuous_0525_S7_strategy2.npz,153-306,LONGANISA,LONGANISA,TP
continuous_0525_S7_strategy2.npz,306-382,TWO,TWO,TP
continuous_0525_S7_strategy2.npz,382-459,YOURE WELCOME,YOURE WELCOME,TP
continuous_0525_S7_strategy2.npz,459-535,-,FISH,FP
continuous_0525_S7_strategy2.npz,535-612,HARD OF HEARING,HARD OF HEARING,TP
continuous_0525_S7_strategy2.npz,612-690,-,NO,FP
continuous_0525_S7_strategy2.npz,690-766,NO SUGAR,NO SUGAR,TP
continuous_0526_S7_strategy2.npz,0-157,DECEMBER,DECEMBER,TP
continuous_0526_S7_strategy2.npz,157-316,CRAB,CRAB,TP
continuous_0526_S7_strategy2.npz,316-474,YOURE WELCOME,YOURE WELCOME,TP
continuous_0526_S7_strategy2.npz,474-555,NO SUGAR,NO SUGAR,TP
continuous_0526_S7_strategy2.npz,555-633,ONE,ONE,TP
continuous_0526_S7_strategy2.npz,633-712,-,GRANDMOTHER,FP
continuous_0526_S7_strategy2.npz,712-792,GRANDFATHER,GRANDFATHER,TP
continuous_0527_S7_strategy2.npz,0-141,GRANDFATHER,GRANDFATHER,TP
continuous_0527_S7_strategy2.npz,141-213,PINK,PINK,TP
continuous_0527_S7_strategy2.npz,213-285,-,CHICKEN,FP
continuous_0527_S7_strategy2.npz,285-355,-,MONDAY,FP
continuous_0527_S7_strategy2.npz,355-426,-,NO SUGAR,FP
continuous_0527_S7_strategy2.npz,426-498,-,SUGAR,FP
continuous_0527_S7_strategy2.npz,498-640,GOOD AFTERNOON,GOOD AFTERNOON,TP
continuous_0527_S7_strategy2.npz,640-711,-,JANUARY,FP
continuous_0527_S7_strategy2.npz,711-783,JULY,JULY,TP
continuous_0527_S7_strategy2.npz,254-379,CHICKEN,-,FN
continuous_0527_S7_strategy2.npz,379-508,NO SUGAR,-,FN
continuous_0528_S7_strategy2.npz,0-85,TEA,TEA,TP
continuous_0528_S7_strategy2.npz,85-172,TUESDAY,TUESDAY,TP
continuous_0528_S7_strategy2.npz,172-346,JULY,JULY,TP
continuous_0528_S7_strategy2.npz,346-519,HELLO,HELLO,TP
continuous_0528_S7_strategy2.npz,519-693,DON’T UNDERSTAND,DON’T UNDERSTAND,TP
continuous_0528_S7_strategy2.npz,693-780,PARENTS,PARENTS,TP
continuous_0529_S7_strategy2.npz,0-85,GREEN,GREEN,TP
continuous_0529_S7_strategy2.npz,85-172,-,TEN,FP
continuous_0529_S7_strategy2.npz,172-346,YESTERDAY,YESTERDAY,TP
continuous_0529_S7_strategy2.npz,346-607,GOOD AFTERNOON,GOOD AFTERNOON,TP
continuous_0529_S7_strategy2.npz,607-694,WEELCHAIR PERSON,WEELCHAIR PERSON,TP
continuous_0529_S7_strategy2.npz,694-781,SHRIMP,SHRIMP,TP
continuous_0529_S7_strategy2.npz,127-269,TEN,-,FN
continuous_0530_S7_strategy2.npz,0-75,COFFEE,COFFEE,TP
continuous_0530_S7_strategy2.npz,75-228,CORRECT,CORRECT,TP
continuous_0530_S7_strategy2.npz,228-381,MEAT,MEAT,TP
continuous_0530_S7_strategy2.npz,381-534,WOMAN,WOMAN,TP
continuous_0530_S7_strategy2.npz,534-687,YESTERDAY,YESTERDAY,TP
continuous_0530_S7_strategy2.npz,687-840,LIGHT,LIGHT,TP
continuous_0530_S7_strategy2.npz,840-916,TEN,TEN,TP
continuous_0531_S7_strategy2.npz,0-58,FIVE,FIVE,TP
continuous_0531_S7_strategy2.npz,58-118,-,TEN,FP
continuous_0531_S7_strategy2.npz,118-177,-,GOOD AFTERNOON,FP
continuous_0531_S7_strategy2.npz,177-237,-,NICE TO MEET YOU,FP
continuous_0531_S7_strategy2.npz,237-417,SPAGHETTI,SPAGHETTI,TP
continuous_0531_S7_strategy2.npz,417-535,MAY,MAY,TP
continuous_0531_S7_strategy2.npz,535-714,FATHER,FATHER,TP
continuous_0531_S7_strategy2.npz,714-774,DON’T KNOW,DON’T KNOW,TP
continuous_0531_S7_strategy2.npz,132-267,GOOD AFTERNOON,-,FN
continuous_0532_S7_strategy2.npz,0-180,LONGANISA,LONGANISA,TP
continuous_0532_S7_strategy2.npz,180-271,TODAY,TODAY,TP
continuous_0532_S7_strategy2.npz,271-453,EIGHT,EIGHT,TP
continuous_0532_S7_strategy2.npz,453-544,NICE TO MEET YOU,NICE TO MEET YOU,TP
continuous_0532_S7_strategy2.npz,544-636,GREEN,GREEN,TP
continuous_0532_S7_strategy2.npz,636-817,SUGAR,SUGAR,TP
continuous_0532_S7_strategy2.npz,817-909,FATHER,FATHER,TP
continuous_0533_S7_strategy2.npz,0-141,MAY,MAY,TP
continuous_0533_S7_strategy2.npz,141-283,CORRECT,CORRECT,TP
continuous_0533_S7_strategy2.npz,283-426,PARENTS,PARENTS,TP
continuous_0533_S7_strategy2.npz,426-567,FISH,FISH,TP
continuous_0533_S7_strategy2.npz,567-709,BLUE,BLUE,TP
continuous_0533_S7_strategy2.npz,709-780,COFFEE,COFFEE,TP
continuous_0534_S7_strategy2.npz,0-141,NO,NO,TP
continuous_0534_S7_strategy2.npz,141-282,SEPTEMBER,SEPTEMBER,TP
continuous_0534_S7_strategy2.npz,282-354,BLACK,BLACK,TP
continuous_0534_S7_strategy2.npz,354-424,-,AUNTIE,FP
continuous_0534_S7_strategy2.npz,424-495,-,MARRIED,FP
continuous_0534_S7_strategy2.npz,495-567,NICE TO MEET YOU,NICE TO MEET YOU,TP
continuous_0534_S7_strategy2.npz,567-708,THURSDAY,THURSDAY,TP
continuous_0534_S7_strategy2.npz,708-780,BOY,BOY,TP
continuous_0535_S7_strategy2.npz,0-63,MOTHER,MOTHER,TP
continuous_0535_S7_strategy2.npz,63-129,-,MARRIED,FP
continuous_0535_S7_strategy2.npz,129-193,NICE TO MEET YOU,NICE TO MEET YOU,TP
continuous_0535_S7_strategy2.npz,193-324,-,CORRECT,FP
continuous_0535_S7_strategy2.npz,324-388,ONE,ONE,TP
continuous_0535_S7_strategy2.npz,388-517,BREAD,BREAD,TP
continuous_0535_S7_strategy2.npz,517-582,MONDAY,MONDAY,TP
continuous_0535_S7_strategy2.npz,582-712,-,YES,FP
continuous_0535_S7_strategy2.npz,712-777,WEELCHAIR PERSON,WEELCHAIR PERSON,TP
continuous_0536_S7_strategy2.npz,0-103,CORRECT,CORRECT,TP
continuous_0536_S7_strategy2.npz,103-312,LIGHT,LIGHT,TP
continuous_0536_S7_strategy2.npz,312-417,MONDAY,MONDAY,TP
continuous_0536_S7_strategy2.npz,417-625,BOY,BOY,TP
continuous_0536_S7_strategy2.npz,625-730,COLD,COLD,TP
continuous_0536_S7_strategy2.npz,730-834,COUSIN,COUSIN,TP
continuous_0536_S7_strategy2.npz,834-939,FOUR,FOUR,TP
continuous_0537_S7_strategy2.npz,0-94,HELLO,HELLO,TP
continuous_0537_S7_strategy2.npz,94-285,KNOW,KNOW,TP
continuous_0537_S7_strategy2.npz,285-475,LONGANISA,LONGANISA,TP
continuous_0537_S7_strategy2.npz,475-570,GRAY,GRAY,TP
continuous_0537_S7_strategy2.npz,570-666,FRIDAY,FRIDAY,TP
continuous_0537_S7_strategy2.npz,666-762,TEA,TEA,TP
continuous_0538_S7_strategy2.npz,0-171,DARK,DARK,TP
continuous_0538_S7_strategy2.npz,171-256,DEAF BLIND,DEAF BLIND,TP
continuous_0538_S7_strategy2.npz,256-342,SLOW,SLOW,TP
continuous_0538_S7_strategy2.npz,342-514,AUGUST,AUGUST,TP
continuous_0538_S7_strategy2.npz,514-687,FIVE,FIVE,TP
continuous_0538_S7_strategy2.npz,687-772,NO SUGAR,NO SUGAR,TP
continuous_0538_S7_strategy2.npz,772-858,-,SUGAR,FP
continuous_0538_S7_strategy2.npz,858-945,AUNTIE,AUNTIE,TP
continuous_0539_S7_strategy2.npz,0-171,TOMORROW,TOMORROW,TP
continuous_0539_S7_strategy2.npz,171-256,FATHER,FATHER,TP
continuous_0539_S7_strategy2.npz,256-342,-,PARENTS,FP
continuous_0539_S7_strategy2.npz,342-514,THREE,THREE,TP
continuous_0539_S7_strategy2.npz,514-600,SEE YOU TOMORROW,SEE YOU TOMORROW,TP
continuous_0539_S7_strategy2.npz,600-687,SLOW,SLOW,TP
continuous_0539_S7_strategy2.npz,687-772,NO SUGAR,NO SUGAR,TP
continuous_0540_S7_strategy2.npz,0-199,YELLOW,YELLOW,TP
continuous_0540_S7_strategy2.npz,199-300,LONGANISA,LONGANISA,TP
continuous_0540_S7_strategy2.npz,300-399,WEELCHAIR PERSON,WEELCHAIR PERSON,TP
continuous_0540_S7_strategy2.npz,399-499,GOOD EVENING,GOOD EVENING,TP
continuous_0540_S7_strategy2.npz,499-600,-,BEER,FP
continuous_0540_S7_strategy2.npz,600-699,YESTERDAY,YESTERDAY,TP
continuous_0540_S7_strategy2.npz,699-799,UNDERSTAND,UNDERSTAND,TP
continuous_0540_S7_strategy2.npz,799-900,TEA,TEA,TP
continuous_0541_S7_strategy2.npz,0-105,FIVE,FIVE,TP
continuous_0541_S7_strategy2.npz,105-315,MARRIED,MARRIED,TP
continuous_0541_S7_strategy2.npz,315-420,APRIL,APRIL,TP
continuous_0541_S7_strategy2.npz,420-630,FATHER,FATHER,TP
continuous_0541_S7_strategy2.npz,630-735,GRAY,GRAY,TP
continuous_0541_S7_strategy2.npz,735-840,IM FINE,IM FINE,TP
continuous_0541_S7_strategy2.npz,840-945,MONDAY,MONDAY,TP
continuous_0542_S7_strategy2.npz,0-75,GOOD MORNING,GOOD MORNING,TP
continuous_0542_S7_strategy2.npz,75-151,-,KNOW,FP
continuous_0542_S7_strategy2.npz,151-381,DON’T KNOW,DON’T KNOW,TP
continuous_0542_S7_strategy2.npz,381-456,-,MAY,FP
continuous_0542_S7_strategy2.npz,456-609,FIVE,FIVE,TP
continuous_0542_S7_strategy2.npz,609-685,DEAF BLIND,DEAF BLIND,TP
continuous_0542_S7_strategy2.npz,685-837,COUSIN,COUSIN,TP
continuous_0542_S7_strategy2.npz,837-915,MONDAY,MONDAY,TP
continuous_0542_S7_strategy2.npz,269-381,MAY,-,FN
continuous_0543_S7_strategy2.npz,0-96,DEAF,DEAF,TP
continuous_0543_S7_strategy2.npz,96-291,TODAY,TODAY,TP
continuous_0543_S7_strategy2.npz,291-388,NOVEMBER,NOVEMBER,TP
continuous_0543_S7_strategy2.npz,388-486,-,JANUARY,FP
continuous_0543_S7_strategy2.npz,486-583,RICE,RICE,TP
continuous_0543_S7_strategy2.npz,583-681,MILK,MILK,TP
continuous_0543_S7_strategy2.npz,681-778,THREE,THREE,TP
continuous_0544_S7_strategy2.npz,0-174,FISH,FISH,TP
continuous_0544_S7_strategy2.npz,174-351,WINE,WINE,TP
continuous_0544_S7_strategy2.npz,351-438,-,MAY,FP
continuous_0544_S7_strategy2.npz,438-525,SLOW,SLOW,TP
continuous_0544_S7_strategy2.npz,525-613,WOMAN,WOMAN,TP
continuous_0544_S7_strategy2.npz,613-702,-,COUSIN,FP
continuous_0544_S7_strategy2.npz,702-789,GRANDMOTHER,GRANDMOTHER,TP
continuous_0544_S7_strategy2.npz,254-402,MAY,-,FN
continuous_0545_S7_strategy2.npz,0-159,FIVE,FIVE,TP
continuous_0545_S7_strategy2.npz,159-318,YES,YES,TP
continuous_0545_S7_strategy2.npz,318-477,LIGHT,LIGHT,TP
continuous_0545_S7_strategy2.npz,477-636,WINE,WINE,TP
continuous_0545_S7_strategy2.npz,636-717,JUNE,JUNE,TP
continuous_0545_S7_strategy2.npz,717-796,BLIND,BLIND,TP
continuous_0546_S7_strategy2.npz,0-156,CHICKEN,CHICKEN,TP
continuous_0546_S7_strategy2.npz,156-234,COLD,COLD,TP
continuous_0546_S7_strategy2.npz,234-313,-,JUICE,FP
continuous_0546_S7_strategy2.npz,313-471,JUNE,JUNE,TP
continuous_0546_S7_strategy2.npz,471-549,DEAF,DEAF,TP
continuous_0546_S7_strategy2.npz,549-706,NO,NO,TP
continuous_0546_S7_strategy2.npz,706-786,PARENTS,PARENTS,TP
continuous_0547_S7_strategy2.npz,0-87,MILK,MILK,TP
continuous_0547_S7_strategy2.npz,87-174,-,JUICE,FP
continuous_0547_S7_strategy2.npz,174-348,FEBRUARY,FEBRUARY,TP
continuous_0547_S7_strategy2.npz,348-435,VIOLET,VIOLET,TP
continuous_0547_S7_strategy2.npz,435-522,BREAD,BREAD,TP
continuous_0547_S7_strategy2.npz,522-696,BOY,BOY,TP
continuous_0547_S7_strategy2.npz,696-783,FOUR,FOUR,TP
continuous_0548_S7_strategy2.npz,0-81,SPAGHETTI,SPAGHETTI,TP
continuous_0548_S7_strategy2.npz,81-243,ONE,ONE,TP
continuous_0548_S7_strategy2.npz,243-408,YES,YES,TP
continuous_0548_S7_strategy2.npz,408-570,COUSIN,COUSIN,TP
continuous_0548_S7_strategy2.npz,570-733,SATURDAY,SATURDAY,TP
continuous_0548_S7_strategy2.npz,733-816,COFFEE,COFFEE,TP
continuous_0548_S7_strategy2.npz,816-897,DEAF BLIND,DEAF BLIND,TP
continuous_0549_S7_strategy2.npz,0-103,NICE TO MEET YOU,NICE TO MEET YOU,TP
continuous_0549_S7_strategy2.npz,103-207,GRANDFATHER,GRANDFATHER,TP
continuous_0549_S7_strategy2.npz,207-312,-,SLOW,FP
continuous_0549_S7_strategy2.npz,312-415,-,EGG,FP
continuous_0549_S7_strategy2.npz,415-624,THREE,THREE,TP
continuous_0549_S7_strategy2.npz,624-831,HARD OF HEARING,HARD OF HEARING,TP
continuous_0549_S7_strategy2.npz,831-936,AUGUST,AUGUST,TP
continuous_0549_S7_strategy2.npz,270-416,SLOW,-,FN
continuous_0549_S7_strategy2.npz,416-544,EGG,-,FN
continuous_0550_S7_strategy2.npz,0-196,FAST,FAST,TP
continuous_0550_S7_strategy2.npz,196-295,SEVEN,SEVEN,TP
continuous_0550_S7_strategy2.npz,295-394,GRANDFATHER,GRANDFATHER,TP
continuous_0550_S7_strategy2.npz,394-492,THURSDAY,THURSDAY,TP
continuous_0550_S7_strategy2.npz,492-591,-,SUGAR,FP
continuous_0550_S7_strategy2.npz,591-690,-,PINK,FP
continuous_0550_S7_strategy2.npz,690-789,TEA,TEA,TP
continuous_0550_S7_strategy2.npz,531-659,PINK,-,FN
continuous_0551_S7_strategy2.npz,0-75,RED,RED,TP
continuous_0551_S7_strategy2.npz,75-150,-,EIGHT,FP
continuous_0551_S7_strategy2.npz,150-301,NINE,NINE,TP
continuous_0551_S7_strategy2.npz,301-453,GRANDMOTHER,GRANDMOTHER,TP
continuous_0551_S7_strategy2.npz,453-528,-,SUGAR,FP
continuous_0551_S7_strategy2.npz,528-603,-,HOT,FP
continuous_0551_S7_strategy2.npz,603-678,SATURDAY,SATURDAY,TP
continuous_0551_S7_strategy2.npz,678-829,UNDERSTAND,UNDERSTAND,TP
continuous_0551_S7_strategy2.npz,829-906,GIRL,GIRL,TP
continuous_0551_S7_strategy2.npz,390-518,SUGAR,-,FN
continuous_0552_S7_strategy2.npz,0-169,NO,NO,TP
continuous_0552_S7_strategy2.npz,169-339,GOOD MORNING,GOOD MORNING,TP
continuous_0552_S7_strategy2.npz,339-424,BLACK,BLACK,TP
continuous_0552_S7_strategy2.npz,424-594,MAN,MAN,TP
continuous_0552_S7_strategy2.npz,594-679,BEER,BEER,TP
continuous_0552_S7_strategy2.npz,679-849,TEN,TEN,TP
continuous_0552_S7_strategy2.npz,849-936,MAY,MAY,TP
continuous_0553_S7_strategy2.npz,0-184,GOOD MORNING,GOOD MORNING,TP
continuous_0553_S7_strategy2.npz,184-370,OCTOBER,OCTOBER,TP
continuous_0553_S7_strategy2.npz,370-463,-,RED,FP
continuous_0553_S7_strategy2.npz,463-555,-,WEELCHAIR PERSON,FP
continuous_0553_S7_strategy2.npz,555-648,-,LONGANISA,FP
continuous_0553_S7_strategy2.npz,648-741,-,WEELCHAIR PERSON,FP
continuous_0553_S7_strategy2.npz,741-834,WRONG,WRONG,TP
continuous_0553_S7_strategy2.npz,834-927,NINE,NINE,TP
continuous_0553_S7_strategy2.npz,286-414,RED,-,FN
continuous_0553_S7_strategy2.npz,414-541,LONGANISA,-,FN
continuous_0553_S7_strategy2.npz,541-668,WEELCHAIR PERSON,-,FN
continuous_0554_S7_strategy2.npz,0-90,PARENTS,PARENTS,TP
continuous_0554_S7_strategy2.npz,90-183,-,KNOW,FP
continuous_0554_S7_strategy2.npz,183-274,-,DON’T KNOW,FP
continuous_0554_S7_strategy2.npz,274-459,LONGANISA,LONGANISA,TP
continuous_0554_S7_strategy2.npz,459-549,GOOD EVENING,GOOD EVENING,TP
continuous_0554_S7_strategy2.npz,549-642,HARD OF HEARING,HARD OF HEARING,TP
continuous_0554_S7_strategy2.npz,642-733,WEDNESDAY,WEDNESDAY,TP
continuous_0554_S7_strategy2.npz,733-825,-,EIGHT,FP
continuous_0554_S7_strategy2.npz,825-918,NINE,NINE,TP
continuous_0554_S7_strategy2.npz,128-267,KNOW,-,FN
continuous_0555_S7_strategy2.npz,0-156,HOW ARE YOU,HOW ARE YOU,TP
continuous_0555_S7_strategy2.npz,156-390,SON,SON,TP
continuous_0555_S7_strategy2.npz,390-547,DECEMBER,DECEMBER,TP
continuous_0555_S7_strategy2.npz,547-705,-,TWO,FP
continuous_0555_S7_strategy2.npz,705-783,-,SATURDAY,FP
continuous_0555_S7_strategy2.npz,783-861,PINK,PINK,TP
continuous_0555_S7_strategy2.npz,861-939,SLOW,SLOW,TP
continuous_0555_S7_strategy2.npz,415-553,TWO,-,FN
continuous_0555_S7_strategy2.npz,553-680,SATURDAY,-,FN
continuous_0556_S7_strategy2.npz,0-177,SUNDAY,SUNDAY,TP
continuous_0556_S7_strategy2.npz,177-355,TWO,TWO,TP
continuous_0556_S7_strategy2.npz,355-444,-,FAST,FP
continuous_0556_S7_strategy2.npz,444-622,FEBRUARY,FEBRUARY,TP
continuous_0556_S7_strategy2.npz,622-711,ORANGE,ORANGE,TP
continuous_0556_S7_strategy2.npz,711-801,HOT,HOT,TP
continuous_0556_S7_strategy2.npz,268-406,FAST,-,FN
continuous_0557_S7_strategy2.npz,0-127,SEPTEMBER,SEPTEMBER,TP
continuous_0557_S7_strategy2.npz,127-256,WRONG,WRONG,TP
continuous_0557_S7_strategy2.npz,256-384,ORANGE,ORANGE,TP
continuous_0557_S7_strategy2.npz,384-513,PARENTS,PARENTS,TP
continuous_0557_S7_strategy2.npz,513-642,BEER,BEER,TP
continuous_0557_S7_strategy2.npz,642-771,HOW ARE YOU,HOW ARE YOU,TP
continuous_0558_S7_strategy2.npz,0-76,WOMAN,WOMAN,TP
continuous_0558_S7_strategy2.npz,76-153,-,ORANGE,FP
continuous_0558_S7_strategy2.npz,153-231,MARCH,MARCH,TP
continuous_0558_S7_strategy2.npz,231-309,-,JANUARY,FP
continuous_0558_S7_strategy2.npz,309-385,TUESDAY,TUESDAY,TP
continuous_0558_S7_strategy2.npz,385-463,-,ORANGE,FP
continuous_0558_S7_strategy2.npz,463-618,BLUE,BLUE,TP
continuous_0558_S7_strategy2.npz,618-696,GOOD MORNING,GOOD MORNING,TP
continuous_0558_S7_strategy2.npz,696-772,-,GOOD EVENING,FP
continuous_0558_S7_strategy2.npz,772-849,COLD,COLD,TP
continuous_0558_S7_strategy2.npz,849-927,CRAB,CRAB,TP
continuous_0559_S7_strategy2.npz,0-198,THANK YOU,THANK YOU,TP
continuous_0559_S7_strategy2.npz,198-397,NOVEMBER,NOVEMBER,TP
continuous_0559_S7_strategy2.npz,397-496,RICE,RICE,TP
continuous_0559_S7_strategy2.npz,496-597,FAST,FAST,TP
continuous_0559_S7_strategy2.npz,597-696,YELLOW,YELLOW,TP
continuous_0559_S7_strategy2.npz,696-795,TEA,TEA,TP
continuous_0560_S7_strategy2.npz,0-183,MAN,MAN,TP
continuous_0560_S7_strategy2.npz,183-276,SEE YOU TOMORROW,SEE YOU TOMORROW,TP
continuous_0560_S7_strategy2.npz,276-367,-,TEN,FP
continuous_0560_S7_strategy2.npz,367-460,TUESDAY,TUESDAY,TP
continuous_0560_S7_strategy2.npz,460-552,GRAY,GRAY,TP
continuous_0560_S7_strategy2.npz,552-736,DAUGHTER,DAUGHTER,TP
continuous_0560_S7_strategy2.npz,736-828,ONE,ONE,TP
continuous_0560_S7_strategy2.npz,828-921,MARCH,MARCH,TP
continuous_0561_S7_strategy2.npz,0-96,SUNDAY,SUNDAY,TP
continuous_0561_S7_strategy2.npz,96-192,-,WRONG,FP
continuous_0561_S7_strategy2.npz,192-288,-,WOMAN,FP
continuous_0561_S7_strategy2.npz,288-384,-,ORANGE,FP
continuous_0561_S7_strategy2.npz,384-576,JUICE,JUICE,TP
continuous_0561_S7_strategy2.npz,576-672,BREAD,BREAD,TP
continuous_0561_S7_strategy2.npz,672-769,APRIL,APRIL,TP
continuous_0561_S7_strategy2.npz,127-268,WRONG,-,FN
continuous_0561_S7_strategy2.npz,268-395,WOMAN,-,FN
continuous_0562_S7_strategy2.npz,0-147,DON’T UNDERSTAND,DON’T UNDERSTAND,TP
continuous_0562_S7_strategy2.npz,147-222,THREE,THREE,TP
continuous_0562_S7_strategy2.npz,222-297,MAN,MAN,TP
continuous_0562_S7_strategy2.npz,297-445,-,ORANGE,FP
continuous_0562_S7_strategy2.npz,445-594,IM FINE,IM FINE,TP
continuous_0562_S7_strategy2.npz,594-744,THURSDAY,THURSDAY,TP
continuous_0562_S7_strategy2.npz,744-817,GREEN,GREEN,TP
continuous_0562_S7_strategy2.npz,817-892,LONGANISA,LONGANISA,TP
continuous_0563_S7_strategy2.npz,0-90,WINE,WINE,TP
continuous_0563_S7_strategy2.npz,90-180,-,MOTHER,FP
continuous_0563_S7_strategy2.npz,180-270,-,UNDERSTAND,FP
continuous_0563_S7_strategy2.npz,270-541,FOUR,FOUR,TP
continuous_0563_S7_strategy2.npz,541-723,BREAD,BREAD,TP
continuous_0563_S7_strategy2.npz,723-813,WEDNESDAY,WEDNESDAY,TP
continuous_0563_S7_strategy2.npz,127-255,MOTHER,-,FN
continuous_0563_S7_strategy2.npz,255-395,UNDERSTAND,-,FN
continuous_0564_S7_strategy2.npz,0-111,SHRIMP,SHRIMP,TP
continuous_0564_S7_strategy2.npz,111-336,FATHER,FATHER,TP
continuous_0564_S7_strategy2.npz,336-448,JUICE,JUICE,TP
continuous_0564_S7_strategy2.npz,448-561,TWO,TWO,TP
continuous_0564_S7_strategy2.npz,561-672,APRIL,APRIL,TP
continuous_0564_S7_strategy2.npz,672-786,MAN,MAN,TP
continuous_0565_S7_strategy2.npz,0-147,BEER,BEER,TP
continuous_0565_S7_strategy2.npz,147-295,MONDAY,MONDAY,TP
continuous_0565_S7_strategy2.npz,295-444,GOOD AFTERNOON,GOOD AFTERNOON,TP
continuous_0565_S7_strategy2.npz,444-592,NO,NO,TP
continuous_0565_S7_strategy2.npz,592-741,MAY,MAY,TP
continuous_0565_S7_strategy2.npz,741-816,SEVEN,SEVEN,TP
continuous_0566_S7_strategy2.npz,0-159,DAUGHTER,DAUGHTER,TP
continuous_0566_S7_strategy2.npz,159-240,DEAF,DEAF,TP
continuous_0566_S7_strategy2.npz,240-400,WINE,WINE,TP
continuous_0566_S7_strategy2.npz,400-480,TUESDAY,TUESDAY,TP
continuous_0566_S7_strategy2.npz,480-721,EGG,EGG,TP
continuous_0566_S7_strategy2.npz,721-802,THREE,THREE,TP
continuous_0567_S7_strategy2.npz,0-111,YELLOW,YELLOW,TP
continuous_0567_S7_strategy2.npz,111-333,APRIL,APRIL,TP
continuous_0567_S7_strategy2.npz,333-444,SHRIMP,SHRIMP,TP
continuous_0567_S7_strategy2.npz,444-555,YOURE WELCOME,YOURE WELCOME,TP
continuous_0567_S7_strategy2.npz,555-666,SUNDAY,SUNDAY,TP
continuous_0567_S7_strategy2.npz,666-777,UNCLE,UNCLE,TP
continuous_0568_S7_strategy2.npz,0-141,THURSDAY,THURSDAY,TP
continuous_0568_S7_strategy2.npz,141-282,FAST,FAST,TP
continuous_0568_S7_strategy2.npz,282-423,HELLO,HELLO,TP
continuous_0568_S7_strategy2.npz,423-705,RICE,RICE,TP
continuous_0568_S7_strategy2.npz,705-777,NO SUGAR,NO SUGAR,TP
continuous_0568_S7_strategy2.npz,511-659,NOVEMBER,-,FN
continuous_0569_S7_strategy2.npz,0-91,COFFEE,COFFEE,TP
continuous_0569_S7_strategy2.npz,91-183,RICE,RICE,TP
continuous_0569_S7_strategy2.npz,183-367,GRANDFATHER,GRANDFATHER,TP
continuous_0569_S7_strategy2.npz,367-459,TODAY,TODAY,TP
continuous_0569_S7_strategy2.npz,459-552,LIGHT,LIGHT,TP
continuous_0569_S7_strategy2.npz,552-643,-,FEBRUARY,FP
continuous_0569_S7_strategy2.npz,643-828,SEPTEMBER,SEPTEMBER,TP
continuous_0569_S7_strategy2.npz,828-921,DON’T UNDERSTAND,DON’T UNDERSTAND,TP
continuous_0570_S7_strategy2.npz,183-273,MONDAY,MONDAY,TP
continuous_0570_S7_strategy2.npz,273-549,WOMAN,WOMAN,TP
continuous_0570_S7_strategy2.npz,549-639,-,PINK,FP
continuous_0570_S7_strategy2.npz,639-732,DAUGHTER,DAUGHTER,TP
continuous_0570_S7_strategy2.npz,732-823,SIX,SIX,TP
continuous_0570_S7_strategy2.npz,0-149,OCTOBER,-,FN
continuous_0570_S7_strategy2.npz,425-552,PINK,-,FN
continuous_0571_S7_strategy2.npz,0-75,UNDERSTAND,UNDERSTAND,TP
continuous_0571_S7_strategy2.npz,75-150,-,MILK,FP
continuous_0571_S7_strategy2.npz,150-300,AUNTIE,AUNTIE,TP
continuous_0571_S7_strategy2.npz,300-450,HOT,HOT,TP
continuous_0571_S7_strategy2.npz,450-525,SHRIMP,SHRIMP,TP
continuous_0571_S7_strategy2.npz,525-600,LIGHT,LIGHT,TP
continuous_0571_S7_strategy2.npz,600-675,-,KNOW,FP
continuous_0571_S7_strategy2.npz,675-750,BOY,BOY,TP
continuous_0571_S7_strategy2.npz,750-825,-,HOT,FP
continuous_0571_S7_strategy2.npz,825-900,YOURE WELCOME,YOURE WELCOME,TP
continuous_0572_S7_strategy2.npz,0-88,NO,NO,TP
continuous_0572_S7_strategy2.npz,88-178,MOTHER,MOTHER,TP
continuous_0572_S7_strategy2.npz,178-358,WHITE,WHITE,TP
continuous_0572_S7_strategy2.npz,358-537,TEA,TEA,TP
continuous_0572_S7_strategy2.npz,537-717,MARRIED,MARRIED,TP
continuous_0572_S7_strategy2.npz,717-807,BREAD,BREAD,TP
continuous_0572_S7_strategy2.npz,807-897,FOUR,FOUR,TP
continuous_0573_S7_strategy2.npz,0-150,SPAGHETTI,SPAGHETTI,TP
continuous_0573_S7_strategy2.npz,150-225,EIGHT,EIGHT,TP
continuous_0573_S7_strategy2.npz,225-376,ORANGE,ORANGE,TP
continuous_0573_S7_strategy2.npz,376-528,PARENTS,PARENTS,TP
continuous_0573_S7_strategy2.npz,528-603,JUICE,JUICE,TP
continuous_0573_S7_strategy2.npz,603-678,-,UNDERSTAND,FP
continuous_0573_S7_strategy2.npz,678-829,DON’T UNDERSTAND,DON’T UNDERSTAND,TP
continuous_0573_S7_strategy2.npz,829-906,IM FINE,IM FINE,TP
continuous_0574_S7_strategy2.npz,0-90,EGG,EGG,TP
continuous_0574_S7_strategy2.npz,90-273,FRIDAY,FRIDAY,TP
continuous_0574_S7_strategy2.npz,273-363,VIOLET,VIOLET,TP
continuous_0574_S7_strategy2.npz,363-456,-,FEBRUARY,FP
continuous_0574_S7_strategy2.npz,456-546,JANUARY,JANUARY,TP
continuous_0574_S7_strategy2.npz,546-637,SEVEN,SEVEN,TP
continuous_0574_S7_strategy2.npz,637-819,DAUGHTER,DAUGHTER,TP
continuous_0574_S7_strategy2.npz,819-912,HELLO,HELLO,TP
continuous_0575_S7_strategy2.npz,0-93,WEELCHAIR PERSON,WEELCHAIR PERSON,TP
continuous_0575_S7_strategy2.npz,93-282,JULY,JULY,TP
continuous_0575_S7_strategy2.npz,282-471,HOW ARE YOU,HOW ARE YOU,TP
continuous_0575_S7_strategy2.npz,471-565,-,WHITE,FP
continuous_0575_S7_strategy2.npz,565-660,MEAT,MEAT,TP
continuous_0575_S7_strategy2.npz,660-754,SIX,SIX,TP
continuous_0575_S7_strategy2.npz,754-849,-,JUICE,FP
continuous_0575_S7_strategy2.npz,849-943,GRANDFATHER,GRANDFATHER,TP
continuous_0575_S7_strategy2.npz,407-534,WHITE,-,FN
continuous_0576_S7_strategy2.npz,0-102,WRONG,WRONG,TP
continuous_0576_S7_strategy2.npz,102-204,JUICE,JUICE,TP
continuous_0576_S7_strategy2.npz,204-411,DECEMBER,DECEMBER,TP
continuous_0576_S7_strategy2.npz,411-513,SPAGHETTI,SPAGHETTI,TP
continuous_0576_S7_strategy2.npz,513-718,GOOD AFTERNOON,GOOD AFTERNOON,TP
continuous_0576_S7_strategy2.npz,718-822,BROWN,BROWN,TP
continuous_0576_S7_strategy2.npz,822-924,GIRL,GIRL,TP
continuous_0577_S7_strategy2.npz,0-154,KNOW,KNOW,TP
continuous_0577_S7_strategy2.npz,154-232,-,AUNTIE,FP
continuous_0577_S7_strategy2.npz,232-310,-,JUICE,FP
continuous_0577_S7_strategy2.npz,310-465,MARRIED,MARRIED,TP
continuous_0577_S7_strategy2.npz,465-543,NOVEMBER,NOVEMBER,TP
continuous_0577_S7_strategy2.npz,543-699,TOMORROW,TOMORROW,TP
continuous_0577_S7_strategy2.npz,699-855,HOT,HOT,TP
continuous_0577_S7_strategy2.npz,855-933,-,SEVEN,FP
continuous_0577_S7_strategy2.npz,135-263,AUNTIE,-,FN
continuous_0577_S7_strategy2.npz,794-929,SIX,-,FN
continuous_0578_S7_strategy2.npz,0-138,DON’T KNOW,DON’T KNOW,TP
continuous_0578_S7_strategy2.npz,138-276,SEE YOU TOMORROW,SEE YOU TOMORROW,TP
continuous_0578_S7_strategy2.npz,276-345,COLD,COLD,TP
continuous_0578_S7_strategy2.npz,345-414,-,MILK,FP
continuous_0578_S7_strategy2.npz,414-621,THURSDAY,THURSDAY,TP
continuous_0578_S7_strategy2.npz,621-759,FEBRUARY,FEBRUARY,TP
continuous_0578_S7_strategy2.npz,759-828,FISH,FISH,TP
continuous_0578_S7_strategy2.npz,828-897,WOMAN,WOMAN,TP
continuous_0579_S7_strategy2.npz,0-129,PINK,PINK,TP
continuous_0579_S7_strategy2.npz,129-258,CORRECT,CORRECT,TP
continuous_0579_S7_strategy2.npz,258-387,MARRIED,MARRIED,TP
continuous_0579_S7_strategy2.npz,387-516,COUSIN,COUSIN,TP
continuous_0579_S7_strategy2.npz,516-645,THURSDAY,THURSDAY,TP
continuous_0579_S7_strategy2.npz,645-774,MEAT,MEAT,TP
continuous_0580_S7_strategy2.npz,0-88,UNCLE,UNCLE,TP
continuous_0580_S7_strategy2.npz,88-268,AUGUST,AUGUST,TP
continuous_0580_S7_strategy2.npz,268-447,DON’T KNOW,DON’T KNOW,TP
continuous_0580_S7_strategy2.npz,447-627,WEDNESDAY,WEDNESDAY,TP
continuous_0580_S7_strategy2.npz,627-717,NO SUGAR,NO SUGAR,TP
continuous_0580_S7_strategy2.npz,717-807,HELLO,HELLO,TP
continuous_0581_S7_strategy2.npz,0-102,TOMORROW,TOMORROW,TP
continuous_0581_S7_strategy2.npz,102-306,TEN,TEN,TP
continuous_0581_S7_strategy2.npz,306-408,CORRECT,CORRECT,TP
continuous_0581_S7_strategy2.npz,408-510,EGG,EGG,TP
continuous_0581_S7_strategy2.npz,510-612,GRAY,GRAY,TP
continuous_0581_S7_strategy2.npz,612-816,COLD,COLD,TP
continuous_0581_S7_strategy2.npz,816-918,HOW ARE YOU,HOW ARE YOU,TP
continuous_0582_S7_strategy2.npz,0-84,RED,RED,TP
continuous_0582_S7_strategy2.npz,84-168,-,WEDNESDAY,FP
continuous_0582_S7_strategy2.npz,168-252,-,EIGHT,FP
continuous_0582_S7_strategy2.npz,252-420,NINE,NINE,TP
continuous_0582_S7_strategy2.npz,420-505,SPAGHETTI,SPAGHETTI,TP
continuous_0582_S7_strategy2.npz,505-673,HOW ARE YOU,HOW ARE YOU,TP
continuous_0582_S7_strategy2.npz,673-843,JUNE,JUNE,TP
continuous_0582_S7_strategy2.npz,843-927,MILK,MILK,TP
continuous_0582_S7_strategy2.npz,126-252,WEDNESDAY,-,FN
continuous_0583_S7_strategy2.npz,0-165,EIGHT,EIGHT,TP
continuous_0583_S7_strategy2.npz,165-249,BLIND,BLIND,TP
continuous_0583_S7_strategy2.npz,249-331,-,YESTERDAY,FP
continuous_0583_S7_strategy2.npz,331-414,-,NO SUGAR,FP
continuous_0583_S7_strategy2.npz,414-498,SUGAR,SUGAR,TP
continuous_0583_S7_strategy2.npz,498-580,GREEN,GREEN,TP
continuous_0583_S7_strategy2.npz,580-663,-,SHRIMP,FP
continuous_0583_S7_strategy2.npz,663-829,NICE TO MEET YOU,NICE TO MEET YOU,TP
continuous_0583_S7_strategy2.npz,829-912,FISH,FISH,TP
continuous_0583_S7_strategy2.npz,276-403,YESTERDAY,-,FN
continuous_0584_S7_strategy2.npz,0-90,GRANDFATHER,GRANDFATHER,TP
continuous_0584_S7_strategy2.npz,90-180,-,HELLO,FP
continuous_0584_S7_strategy2.npz,180-363,FOUR,FOUR,TP
continuous_0584_S7_strategy2.npz,363-453,SUGAR,SUGAR,TP
continuous_0584_S7_strategy2.npz,453-543,-,GIRL,FP
continuous_0584_S7_strategy2.npz,543-634,-,YES,FP
continuous_0584_S7_strategy2.npz,634-816,RICE,RICE,TP
continuous_0584_S7_strategy2.npz,816-907,PINK,PINK,TP
continuous_0584_S7_strategy2.npz,127-264,HELLO,-,FN
continuous_0584_S7_strategy2.npz,534-661,GIRL,-,FN
continuous_0585_S7_strategy2.npz,0-168,SEVEN,SEVEN,TP
continuous_0585_S7_strategy2.npz,168-252,HARD OF HEARING,HARD OF HEARING,TP
continuous_0585_S7_strategy2.npz,252-336,YESTERDAY,YESTERDAY,TP
continuous_0585_S7_strategy2.npz,336-420,-,YES,FP
continuous_0585_S7_strategy2.npz,420-589,BLUE,BLUE,TP
continuous_0585_S7_strategy2.npz,589-673,MILK,MILK,TP
continuous_0585_S7_strategy2.npz,673-843,UNCLE,UNCLE,TP
continuous_0585_S7_strategy2.npz,843-927,JANUARY,JANUARY,TP
continuous_0586_S7_strategy2.npz,0-90,ORANGE,ORANGE,TP
continuous_0586_S7_strategy2.npz,90-180,RED,RED,TP
continuous_0586_S7_strategy2.npz,180-271,-,BLIND,FP
continuous_0586_S7_strategy2.npz,271-361,-,NINE,FP
continuous_0586_S7_strategy2.npz,361-453,-,EIGHT,FP
continuous_0586_S7_strategy2.npz,453-543,-,PINK,FP
continuous_0586_S7_strategy2.npz,543-633,DARK,DARK,TP
continuous_0586_S7_strategy2.npz,633-724,SON,SON,TP
continuous_0586_S7_strategy2.npz,724-906,-,DAUGHTER,FP
continuous_0586_S7_strategy2.npz,253-381,BLIND,-,FN
continuous_0586_S7_strategy2.npz,381-523,NINE,-,FN
continuous_0586_S7_strategy2.npz,778-905,AUGUST,-,FN
continuous_0587_S7_strategy2.npz,0-246,-,AUGUST,FP
continuous_0587_S7_strategy2.npz,246-330,-,OCTOBER,FP
continuous_0587_S7_strategy2.npz,330-412,VIOLET,VIOLET,TP
continuous_0587_S7_strategy2.npz,412-495,-,FEBRUARY,FP
continuous_0587_S7_strategy2.npz,495-660,MAY,MAY,TP
continuous_0587_S7_strategy2.npz,660-742,-,GRANDMOTHER,FP
continuous_0587_S7_strategy2.npz,742-825,OCTOBER,OCTOBER,TP
continuous_0587_S7_strategy2.npz,825-909,TEA,TEA,TP
continuous_0587_S7_strategy2.npz,0-129,JANUARY,-,FN
continuous_0587_S7_strategy2.npz,129-253,OCTOBER,-,FN
continuous_0587_S7_strategy2.npz,526-653,GRANDMOTHER,-,FN
continuous_0588_S7_strategy2.npz,0-151,APRIL,APRIL,TP
continuous_0588_S7_strategy2.npz,151-228,GRAY,GRAY,TP
continuous_0588_S7_strategy2.npz,228-303,-,RED,FP
continuous_0588_S7_strategy2.npz,303-381,-,APRIL,FP
continuous_0588_S7_strategy2.npz,381-609,JULY,JULY,TP
continuous_0588_S7_strategy2.npz,609-685,JULY,JULY,TP
continuous_0588_S7_strategy2.npz,685-762,-,APRIL,FP
continuous_0588_S7_strategy2.npz,762-837,FEBRUARY,FEBRUARY,TP
continuous_0588_S7_strategy2.npz,837-913,-,JANUARY,FP
continuous_0588_S7_strategy2.npz,913-990,SEPTEMBER,SEPTEMBER,TP
continuous_0588_S7_strategy2.npz,273-400,RED,-,FN
continuous_0589_S7_strategy2.npz,0-88,DEAF BLIND,DEAF BLIND,TP
continuous_0589_S7_strategy2.npz,88-267,ORANGE,ORANGE,TP
continuous_0589_S7_strategy2.npz,267-447,BOY,BOY,TP
continuous_0589_S7_strategy2.npz,447-535,BROWN,BROWN,TP
continuous_0589_S7_strategy2.npz,535-624,DEAF BLIND,DEAF BLIND,TP
continuous_0589_S7_strategy2.npz,624-714,WHITE,WHITE,TP
continuous_0589_S7_strategy2.npz,714-804,-,JUICE,FP
continuous_0589_S7_strategy2.npz,804-894,COUSIN,COUSIN,TP
continuous_0590_S7_strategy2.npz,0-181,FATHER,FATHER,TP
continuous_0590_S7_strategy2.npz,181-273,WHITE,WHITE,TP
continuous_0590_S7_strategy2.npz,273-456,BROWN,BROWN,TP
continuous_0590_S7_strategy2.npz,456-639,MAN,MAN,TP
continuous_0590_S7_strategy2.npz,639-730,-,FATHER,FP
continuous_0590_S7_strategy2.npz,730-822,-,AUGUST,FP
continuous_0590_S7_strategy2.npz,822-913,WHITE,WHITE,TP
continuous_0590_S7_strategy2.npz,508-636,FATHER,-,FN
continuous_0590_S7_strategy2.npz,636-784,AUGUST,-,FN
continuous_0591_S7_strategy2.npz,0-85,WHITE,WHITE,TP
continuous_0591_S7_strategy2.npz,85-171,-,MILK,FP
continuous_0591_S7_strategy2.npz,171-258,FEBRUARY,FEBRUARY,TP
continuous_0591_S7_strategy2.npz,258-345,-,JANUARY,FP
continuous_0591_S7_strategy2.npz,345-430,JULY,JULY,TP
continuous_0591_S7_strategy2.npz,430-603,GIRL,GIRL,TP
continuous_0591_S7_strategy2.npz,603-775,FEBRUARY,FEBRUARY,TP
continuous_0591_S7_strategy2.npz,775-861,BLUE,BLUE,TP
continuous_0591_S7_strategy2.npz,861-948,AUGUST,AUGUST,TP
continuous_0592_S7_strategy2.npz,0-82,BLUE,BLUE,TP
continuous_0592_S7_strategy2.npz,82-250,ORANGE,ORANGE,TP
continuous_0592_S7_strategy2.npz,250-333,DARK,DARK,TP
continuous_0592_S7_strategy2.npz,333-501,JANUARY,JANUARY,TP
continuous_0592_S7_strategy2.npz,501-585,BROWN,BROWN,TP
continuous_0592_S7_strategy2.npz,585-753,-,JANUARY,FP
continuous_0592_S7_strategy2.npz,753-837,-,JANUARY,FP
continuous_0592_S7_strategy2.npz,837-921,GREEN,GREEN,TP
continuous_0592_S7_strategy2.npz,650-792,MARCH,-,FN
continuous_0593_S7_strategy2.npz,0-201,BLACK,BLACK,TP
continuous_0593_S7_strategy2.npz,201-300,YELLOW,YELLOW,TP
continuous_0593_S7_strategy2.npz,300-402,-,BROWN,FP
continuous_0593_S7_strategy2.npz,402-603,APRIL,APRIL,TP
continuous_0593_S7_strategy2.npz,603-804,YELLOW,YELLOW,TP
continuous_0593_S7_strategy2.npz,804-904,NO SUGAR,NO SUGAR,TP
continuous_0593_S7_strategy2.npz,126-254,BLACK,-,FN
continuous_0593_S7_strategy2.npz,382-510,BROWN,-,FN
continuous_0594_S7_strategy2.npz,0-159,GRAY,GRAY,TP
continuous_0594_S7_strategy2.npz,159-318,GRANDMOTHER,GRANDMOTHER,TP
continuous_0594_S7_strategy2.npz,318-399,JANUARY,JANUARY,TP
continuous_0595_S7_strategy2.npz,0-141,JANUARY,JANUARY,TP
