{
  "gloss_accuracy": 0.07253886010362694,
  "category_accuracy": 0.17616580310880828,
  "gloss_precision": 0.049181302290110585,
  "gloss_recall": 0.07253886010362694,
  "gloss_f1_score": 0.036808046427432864,
  "category_precision": 0.34819435745601546,
  "category_recall": 0.17616580310880828,
  "category_f1_score": 0.14620286804948776,
  "num_samples": 193
}