{
  "gloss_accuracy": 0.03626943005181347,
  "category_accuracy": 0.14507772020725387,
  "gloss_precision": 0.030332469775474952,
  "gloss_recall": 0.03626943005181347,
  "gloss_f1_score": 0.024531911086074613,
  "category_precision": 0.3240586136512526,
  "category_recall": 0.14507772020725387,
  "category_f1_score": 0.12684002137595768,
  "num_samples": 193
}