{
  "gloss_accuracy": 0.045454545454545456,
  "category_accuracy": 0.17703349282296652,
  "gloss_precision": 0.02816856122527392,
  "gloss_recall": 0.045454545454545456,
  "gloss_f1_score": 0.022127503664303848,
  "category_precision": 0.2345191677201053,
  "category_recall": 0.17703349282296652,
  "category_f1_score": 0.11396076855410972,
  "num_samples": 418
}