Transformer,,,,,,,,
File Name,Ground Truth Sequence,Predicted Sequence,TP,FP,FN,Precision,Recall,F1-score
continuous_0001_S4_strategy2.npz,96 -> 0 -> 48 -> 13 -> 68 -> 93 -> 56,96 -> 0 -> 48 -> 13 -> 68 -> 103 -> 93 -> 56,7,1,0,87.50%,100.00%,93.33%
continuous_0002_S4_strategy2.npz,14 -> 92 -> 35 -> 1 -> 47,14 -> 68 -> 92 -> 35 -> 29 -> 1 -> 3 -> 47,5,3,0,62.50%,100.00%,76.92%
continuous_0003_S4_strategy2.npz,48 -> 90 -> 27 -> 34 -> 72 -> 65 -> 4,48 -> 90 -> 27 -> 34 -> 72 -> 65 -> 4,7,0,0,100.00%,100.00%,100.00%
continuous_0004_S4_strategy2.npz,59 -> 19 -> 33 -> 3 -> 91,59 -> 19 -> 33 -> 3 -> 77 -> 91,4,2,1,66.67%,80.00%,72.73%
continuous_0005_S4_strategy2.npz,83 -> 85 -> 37 -> 16 -> 6,83 -> 85 -> 37 -> 16 -> 85 -> 6,4,2,1,66.67%,80.00%,72.73%
continuous_0006_S4_strategy2.npz,92 -> 6 -> 29 -> 57 -> 35 -> 10 -> 78,92 -> 6 -> 29 -> 57 -> 35 -> 10 -> 66 -> 78,7,1,0,87.50%,100.00%,93.33%
continuous_0007_S4_strategy2.npz,98 -> 90 -> 53 -> 1 -> 29 -> 66 -> 15,98 -> 90 -> 53 -> 29 -> 1 -> 29 -> 66 -> 15,6,2,1,75.00%,85.71%,80.00%
continuous_0008_S4_strategy2.npz,28 -> 55 -> 1 -> 39 -> 42 -> 86,28 -> 55 -> 1 -> 39 -> 42 -> 86,5,1,1,83.33%,83.33%,83.33%
continuous_0009_S4_strategy2.npz,101 -> 55 -> 41 -> 79 -> 92,101 -> 59 -> 55 -> 41 -> 79 -> 92,5,1,0,83.33%,100.00%,90.91%
continuous_0010_S4_strategy2.npz,51 -> 36 -> 92 -> 73 -> 54,51 -> 30 -> 36 -> 92 -> 98 -> 73 -> 54,5,2,0,71.43%,100.00%,83.33%
continuous_0011_S4_strategy2.npz,68 -> 7 -> 12 -> 81 -> 88,68 -> 7 -> 12 -> 72 -> 81 -> 88,5,1,0,83.33%,100.00%,90.91%
continuous_0012_S4_strategy2.npz,23 -> 16 -> 40 -> 99 -> 77 -> 71 -> 42,23 -> 16 -> 40 -> 99 -> 77 -> 71 -> 14 -> 42,7,1,0,87.50%,100.00%,93.33%
continuous_0013_S4_strategy2.npz,38 -> 51 -> 7 -> 66 -> 25,38 -> 30 -> 51 -> 7 -> 49 -> 66 -> 25,4,3,1,57.14%,80.00%,66.67%
continuous_0014_S4_strategy2.npz,67 -> 85 -> 3 -> 47 -> 16 -> 30 -> 23,67 -> 85 -> 3 -> 47 -> 16 -> 30 -> 23,7,0,0,100.00%,100.00%,100.00%
continuous_0015_S4_strategy2.npz,9 -> 85 -> 101 -> 36 -> 50 -> 53,9 -> 85 -> 101 -> 36 -> 50 -> 53,6,0,0,100.00%,100.00%,100.00%
continuous_0016_S4_strategy2.npz,90 -> 27 -> 74 -> 96 -> 48,90 -> 49 -> 27 -> 74 -> 81 -> 96 -> 48,5,2,0,71.43%,100.00%,83.33%
continuous_0017_S4_strategy2.npz,90 -> 33 -> 95 -> 61 -> 44 -> 7 -> 65,90 -> 96 -> 33 -> 95 -> 53 -> 61 -> 44 -> 34 -> 7 -> 65,7,3,0,70.00%,100.00%,82.35%
continuous_0018_S4_strategy2.npz,4 -> 60 -> 65 -> 89 -> 10 -> 76 -> 34,4 -> 60 -> 50 -> 65 -> 76 -> 89 -> 10 -> 76 -> 32 -> 34,5,5,2,50.00%,71.43%,58.82%
continuous_0019_S4_strategy2.npz,28 -> 77 -> 50 -> 71 -> 35 -> 61,28 -> 27 -> 77 -> 50 -> 70 -> 71 -> 35 -> 61,6,2,0,75.00%,100.00%,85.71%
continuous_0020_S4_strategy2.npz,62 -> 91 -> 59 -> 16 -> 33,62 -> 91 -> 59 -> 16 -> 33,5,0,0,100.00%,100.00%,100.00%
continuous_0021_S4_strategy2.npz,19 -> 104 -> 66 -> 82 -> 52,19 -> 104 -> 66 -> 82 -> 52,4,1,1,80.00%,80.00%,80.00%
continuous_0022_S4_strategy2.npz,73 -> 32 -> 8 -> 50 -> 71,73 -> 32 -> 8 -> 50 -> 53 -> 71,5,1,0,83.33%,100.00%,90.91%
continuous_0023_S4_strategy2.npz,79 -> 63 -> 39 -> 99 -> 22,79 -> 63 -> 83 -> 39 -> 99 -> 22,4,2,1,66.67%,80.00%,72.73%
continuous_0024_S4_strategy2.npz,66 -> 50 -> 6 -> 26 -> 33 -> 94,66 -> 50 -> 59 -> 6 -> 26 -> 33 -> 38 -> 94,5,3,1,62.50%,83.33%,71.43%
continuous_0025_S4_strategy2.npz,3 -> 84 -> 93 -> 53 -> 20 -> 33,3 -> 60 -> 84 -> 93 -> 53 -> 20 -> 81 -> 33,5,3,1,62.50%,83.33%,71.43%
continuous_0026_S4_strategy2.npz,29 -> 46 -> 3 -> 16 -> 86,29 -> 46 -> 28 -> 3 -> 16 -> 74 -> 86,4,3,1,57.14%,80.00%,66.67%
continuous_0027_S4_strategy2.npz,37 -> 52 -> 99 -> 42 -> 26 -> 1 -> 10,37 -> 52 -> 99 -> 42 -> 26 -> 29 -> 1 -> 10,5,3,2,62.50%,71.43%,66.67%
continuous_0028_S4_strategy2.npz,77 -> 2 -> 56 -> 65 -> 47,77 -> 2 -> 56 -> 65 -> 47,5,0,0,100.00%,100.00%,100.00%
continuous_0029_S4_strategy2.npz,29 -> 49 -> 16 -> 37 -> 91,29 -> 49 -> 16 -> 38 -> 37 -> 91,5,1,0,83.33%,100.00%,90.91%
continuous_0030_S4_strategy2.npz,101 -> 94 -> 51 -> 84 -> 55,101 -> 94 -> 51 -> 59 -> 66 -> 84 -> 55,3,4,2,42.86%,60.00%,50.00%
continuous_0031_S4_strategy2.npz,12 -> 1 -> 84 -> 29 -> 64 -> 98 -> 49,12 -> 72 -> 2 -> 1 -> 84 -> 29 -> 2 -> 64 -> 98 -> 49,5,5,2,50.00%,71.43%,58.82%
continuous_0032_S4_strategy2.npz,77 -> 1 -> 87 -> 26 -> 47,77 -> 1 -> 87 -> 26 -> 47,5,0,0,100.00%,100.00%,100.00%
continuous_0033_S4_strategy2.npz,29 -> 59 -> 47 -> 97 -> 19,29 -> 59 -> 47 -> 97 -> 66 -> 19,4,2,1,66.67%,80.00%,72.73%
continuous_0034_S4_strategy2.npz,2 -> 12 -> 70 -> 20 -> 88,2 -> 12 -> 20 -> 70 -> 69 -> 20 -> 88,4,3,1,57.14%,80.00%,66.67%
continuous_0035_S4_strategy2.npz,24 -> 2 -> 16 -> 42 -> 55,24 -> 2 -> 16 -> 42 -> 55,4,1,1,80.00%,80.00%,80.00%
continuous_0036_S4_strategy2.npz,1 -> 28 -> 19 -> 71 -> 97 -> 92 -> 37,1 -> 27 -> 28 -> 19 -> 24 -> 71 -> 97 -> 92 -> 37,7,2,0,77.78%,100.00%,87.50%
continuous_0037_S4_strategy2.npz,28 -> 64 -> 6 -> 75 -> 33 -> 17,28 -> 64 -> 6 -> 31 -> 75 -> 33 -> 31 -> 17,6,2,0,75.00%,100.00%,85.71%
continuous_0038_S4_strategy2.npz,75 -> 29 -> 7 -> 41 -> 98,75 -> 29 -> 7 -> 41 -> 98,4,1,1,80.00%,80.00%,80.00%
continuous_0039_S4_strategy2.npz,3 -> 69 -> 21 -> 14 -> 87 -> 61 -> 101,3 -> 60 -> 69 -> 21 -> 14 -> 87 -> 61 -> 101,5,3,2,62.50%,71.43%,66.67%
continuous_0040_S4_strategy2.npz,68 -> 73 -> 42 -> 30 -> 57 -> 15,68 -> 98 -> 73 -> 42 -> 30 -> 57 -> 53 -> 15,6,2,0,75.00%,100.00%,85.71%
continuous_0041_S4_strategy2.npz,63 -> 18 -> 46 -> 24 -> 54 -> 8,63 -> 18 -> 27 -> 46 -> 24 -> 52 -> 54 -> 8,5,3,1,62.50%,83.33%,71.43%
continuous_0042_S4_strategy2.npz,18 -> 66 -> 35 -> 29 -> 45 -> 60,18 -> 66 -> 35 -> 29 -> 45 -> 60,6,0,0,100.00%,100.00%,100.00%
continuous_0043_S4_strategy2.npz,46 -> 98 -> 34 -> 75 -> 67 -> 60,46 -> 28 -> 98 -> 34 -> 75 -> 66 -> 67 -> 65 -> 60,5,4,1,55.56%,83.33%,66.67%
continuous_0044_S4_strategy2.npz,91 -> 64 -> 31 -> 9 -> 12 -> 56 -> 79,91 -> 64 -> 31 -> 9 -> 12 -> 56 -> 79,6,1,1,85.71%,85.71%,85.71%
continuous_0045_S4_strategy2.npz,87 -> 61 -> 41 -> 66 -> 46 -> 4 -> 14,87 -> 61 -> 41 -> 66 -> 63 -> 46 -> 4 -> 7 -> 14,4,5,3,44.44%,57.14%,50.00%
continuous_0046_S4_strategy2.npz,71 -> 3 -> 98 -> 87 -> 79 -> 13 -> 47,71 -> 3 -> 98 -> 77 -> 87 -> 77 -> 79 -> 13 -> 47,6,3,1,66.67%,85.71%,75.00%
continuous_0047_S4_strategy2.npz,88 -> 82 -> 38 -> 14 -> 101,88 -> 30 -> 82 -> 38 -> 14 -> 101,5,1,0,83.33%,100.00%,90.91%
continuous_0048_S4_strategy2.npz,77 -> 96 -> 17 -> 21 -> 39 -> 90 -> 59,77 -> 96 -> 17 -> 21 -> 39 -> 90 -> 59,6,1,1,85.71%,85.71%,85.71%
continuous_0049_S4_strategy2.npz,34 -> 97 -> 21 -> 45 -> 66,34 -> 97 -> 21 -> 43 -> 45 -> 42 -> 66,4,3,1,57.14%,80.00%,66.67%
continuous_0050_S4_strategy2.npz,65 -> 24 -> 76 -> 35 -> 8,65 -> 79 -> 24 -> 76 -> 35 -> 57 -> 8,5,2,0,71.43%,100.00%,83.33%
continuous_0051_S4_strategy2.npz,63 -> 37 -> 5 -> 95 -> 92 -> 49,63 -> 36 -> 37 -> 5 -> 66 -> 81 -> 95 -> 92 -> 86 -> 49,5,5,1,50.00%,83.33%,62.50%
continuous_0052_S4_strategy2.npz,14 -> 32 -> 100 -> 69 -> 22 -> 74,14 -> 32 -> 6 -> 100 -> 69 -> 22 -> 74,6,1,0,85.71%,100.00%,92.31%
continuous_0053_S4_strategy2.npz,79 -> 26 -> 8 -> 66 -> 59 -> 43 -> 13,79 -> 26 -> 8 -> 66 -> 102 -> 59 -> 43 -> 13,5,3,2,62.50%,71.43%,66.67%
continuous_0054_S4_strategy2.npz,73 -> 41 -> 94 -> 22 -> 2,73 -> 41 -> 94 -> 70 -> 22 -> 14 -> 2,2,5,3,28.57%,40.00%,33.33%
continuous_0055_S4_strategy2.npz,97 -> 26 -> 47 -> 32 -> 9 -> 63,97 -> 26 -> 47 -> 32 -> 9 -> 59 -> 63,4,3,2,57.14%,66.67%,61.54%
continuous_0056_S4_strategy2.npz,74 -> 62 -> 91 -> 13 -> 97 -> 54 -> 3,74 -> 62 -> 91 -> 13 -> 97 -> 54 -> 3,7,0,0,100.00%,100.00%,100.00%
continuous_0057_S4_strategy2.npz,9 -> 101 -> 71 -> 45 -> 29 -> 57,9 -> 59 -> 101 -> 71 -> 45 -> 29 -> 57,6,1,0,85.71%,100.00%,92.31%
continuous_0058_S4_strategy2.npz,60 -> 7 -> 88 -> 99 -> 70 -> 10,60 -> 7 -> 88 -> 99 -> 70 -> 10,6,0,0,100.00%,100.00%,100.00%
continuous_0059_S4_strategy2.npz,20 -> 30 -> 18 -> 63 -> 4 -> 46 -> 102,20 -> 30 -> 18 -> 63 -> 4 -> 46 -> 102,5,2,2,71.43%,71.43%,71.43%
continuous_0060_S4_strategy2.npz,64 -> 19 -> 75 -> 54 -> 91,64 -> 19 -> 75 -> 54 -> 99 -> 91,5,1,0,83.33%,100.00%,90.91%
continuous_0061_S4_strategy2.npz,33 -> 61 -> 45 -> 28 -> 88 -> 82 -> 96,33 -> 61 -> 43 -> 45 -> 11 -> 28 -> 88 -> 82 -> 96,6,3,1,66.67%,85.71%,75.00%
continuous_0062_S4_strategy2.npz,95 -> 59 -> 38 -> 27 -> 5 -> 67,95 -> 59 -> 38 -> 27 -> 5 -> 67,5,1,1,83.33%,83.33%,83.33%
continuous_0063_S4_strategy2.npz,77 -> 48 -> 1 -> 14 -> 92 -> 97,77 -> 48 -> 1 -> 2 -> 14 -> 92 -> 97,4,3,2,57.14%,66.67%,61.54%
continuous_0064_S4_strategy2.npz,81 -> 4 -> 56 -> 94 -> 21 -> 65 -> 98,81 -> 4 -> 56 -> 94 -> 21 -> 65 -> 50 -> 98,6,2,1,75.00%,85.71%,80.00%
continuous_0065_S4_strategy2.npz,93 -> 75 -> 100 -> 33 -> 45 -> 55,93 -> 75 -> 7 -> 100 -> 33 -> 66 -> 45 -> 59 -> 55,4,5,2,44.44%,66.67%,53.33%
continuous_0066_S4_strategy2.npz,101 -> 25 -> 40 -> 8 -> 15 -> 43,103 -> 20 -> 25 -> 40 -> 30 -> 8 -> 15 -> 43,5,3,1,62.50%,83.33%,71.43%
continuous_0067_S4_strategy2.npz,10 -> 100 -> 2 -> 26 -> 45 -> 91,10 -> 100 -> 66 -> 2 -> 26 -> 14 -> 45 -> 91,5,3,1,62.50%,83.33%,71.43%
continuous_0068_S4_strategy2.npz,47 -> 95 -> 63 -> 88 -> 7 -> 29 -> 76,47 -> 95 -> 63 -> 88 -> 7 -> 77 -> 29 -> 76,7,1,0,87.50%,100.00%,93.33%
continuous_0069_S4_strategy2.npz,25 -> 52 -> 99 -> 5 -> 82 -> 16,25 -> 52 -> 99 -> 5 -> 82 -> 16,5,1,1,83.33%,83.33%,83.33%
continuous_0070_S4_strategy2.npz,5 -> 43 -> 19 -> 100 -> 23,5 -> 43 -> 19 -> 65 -> 100 -> 23,5,1,0,83.33%,100.00%,90.91%
continuous_0071_S4_strategy2.npz,31 -> 89 -> 60 -> 69 -> 22 -> 75 -> 96,31 -> 30 -> 89 -> 60 -> 69 -> 22 -> 75 -> 96,7,1,0,87.50%,100.00%,93.33%
continuous_0072_S4_strategy2.npz,63 -> 11 -> 83 -> 41 -> 51,63 -> 11 -> 83 -> 48 -> 41 -> 51,5,1,0,83.33%,100.00%,90.91%
continuous_0073_S4_strategy2.npz,99 -> 11 -> 73 -> 5 -> 43 -> 26,99 -> 11 -> 73 -> 5 -> 53 -> 43 -> 26,4,3,2,57.14%,66.67%,61.54%
continuous_0074_S4_strategy2.npz,49 -> 4 -> 104 -> 70 -> 35 -> 16,49 -> 20 -> 4 -> 85 -> 104 -> 103 -> 70 -> 69 -> 35 -> 41 -> 16,6,5,0,54.55%,100.00%,70.59%
continuous_0075_S4_strategy2.npz,24 -> 47 -> 9 -> 86 -> 38,24 -> 22 -> 47 -> 9 -> 59 -> 86 -> 30 -> 38,5,3,0,62.50%,100.00%,76.92%
continuous_0076_S4_strategy2.npz,48 -> 97 -> 7 -> 81 -> 34 -> 85,48 -> 97 -> 4 -> 7 -> 104 -> 81 -> 41 -> 34 -> 85,4,5,2,44.44%,66.67%,53.33%
continuous_0077_S4_strategy2.npz,55 -> 41 -> 63 -> 14 -> 9,55 -> 41 -> 63 -> 14 -> 104 -> 9,4,2,1,66.67%,80.00%,72.73%
continuous_0078_S4_strategy2.npz,33 -> 78 -> 47 -> 54 -> 5 -> 27 -> 88,33 -> 78 -> 47 -> 54 -> 5 -> 53 -> 27 -> 88,6,2,1,75.00%,85.71%,80.00%
continuous_0079_S4_strategy2.npz,80 -> 99 -> 68 -> 53 -> 20,80 -> 99 -> 68 -> 95 -> 53 -> 67 -> 20,4,3,1,57.14%,80.00%,66.67%
continuous_0080_S4_strategy2.npz,15 -> 98 -> 60 -> 67 -> 31 -> 48,15 -> 66 -> 98 -> 60 -> 67 -> 31 -> 48,5,2,1,71.43%,83.33%,76.92%
continuous_0081_S4_strategy2.npz,72 -> 41 -> 103 -> 58 -> 90,72 -> 41 -> 103 -> 58 -> 81 -> 90,4,2,1,66.67%,80.00%,72.73%
continuous_0082_S4_strategy2.npz,53 -> 73 -> 4 -> 11 -> 44 -> 100,53 -> 73 -> 20 -> 4 -> 85 -> 11 -> 14 -> 44 -> 100,3,6,3,33.33%,50.00%,40.00%
continuous_0083_S4_strategy2.npz,63 -> 60 -> 3 -> 33 -> 103 -> 19 -> 80,63 -> 60 -> 3 -> 31 -> 33 -> 30 -> 103 -> 19 -> 80,6,3,1,66.67%,85.71%,75.00%
continuous_0084_S4_strategy2.npz,32 -> 16 -> 79 -> 42 -> 98 -> 87,32 -> 16 -> 74 -> 79 -> 42 -> 98 -> 77 -> 87,6,2,0,75.00%,100.00%,85.71%
continuous_0085_S4_strategy2.npz,6 -> 90 -> 61 -> 65 -> 42 -> 20,6 -> 74 -> 90 -> 61 -> 65 -> 42 -> 20,6,1,0,85.71%,100.00%,92.31%
continuous_0086_S4_strategy2.npz,104 -> 63 -> 80 -> 49 -> 35 -> 55 -> 89,104 -> 98 -> 63 -> 80 -> 49 -> 35 -> 41 -> 55 -> 89,7,2,0,77.78%,100.00%,87.50%
continuous_0087_S4_strategy2.npz,103 -> 64 -> 59 -> 37 -> 77,103 -> 64 -> 59 -> 50 -> 37 -> 39 -> 77,5,2,0,71.43%,100.00%,83.33%
continuous_0088_S4_strategy2.npz,38 -> 93 -> 13 -> 69 -> 52 -> 6 -> 99,38 -> 30 -> 93 -> 13 -> 69 -> 52 -> 6 -> 99,6,2,1,75.00%,85.71%,80.00%
continuous_0089_S4_strategy2.npz,104 -> 52 -> 43 -> 79 -> 87,104 -> 52 -> 43 -> 59 -> 79 -> 78 -> 87,3,4,2,42.86%,60.00%,50.00%
continuous_0090_S4_strategy2.npz,49 -> 77 -> 102 -> 94 -> 3 -> 11,49 -> 77 -> 102 -> 94 -> 3 -> 11,6,0,0,100.00%,100.00%,100.00%
continuous_0091_S4_strategy2.npz,86 -> 95 -> 59 -> 84 -> 21 -> 17,86 -> 95 -> 59 -> 84 -> 21 -> 17,6,0,0,100.00%,100.00%,100.00%
continuous_0092_S4_strategy2.npz,17 -> 27 -> 60 -> 41 -> 70 -> 51,17 -> 27 -> 60 -> 41 -> 66 -> 70 -> 9 -> 51,3,5,3,37.50%,50.00%,42.86%
continuous_0093_S4_strategy2.npz,36 -> 64 -> 10 -> 87 -> 43 -> 83 -> 56,36 -> 64 -> 79 -> 10 -> 87 -> 43 -> 83 -> 56,7,1,0,87.50%,100.00%,93.33%
continuous_0094_S4_strategy2.npz,46 -> 87 -> 75 -> 0 -> 28 -> 39,46 -> 87 -> 75 -> 0 -> 28 -> 27 -> 32 -> 39,4,4,2,50.00%,66.67%,57.14%
continuous_0095_S4_strategy2.npz,51 -> 4 -> 86 -> 67 -> 78 -> 37,51 -> 14 -> 4 -> 85 -> 86 -> 67 -> 78 -> 37 -> 41,4,5,2,44.44%,66.67%,53.33%
continuous_0096_S4_strategy2.npz,59 -> 7 -> 49 -> 70 -> 28 -> 97 -> 89,59 -> 7 -> 75 -> 96 -> 49 -> 70 -> 28 -> 18 -> 97 -> 89,5,5,2,50.00%,71.43%,58.82%
continuous_0097_S4_strategy2.npz,52 -> 9 -> 47 -> 23 -> 33,52 -> 9 -> 78 -> 47 -> 24 -> 23 -> 21 -> 33,4,4,1,50.00%,80.00%,61.54%
continuous_0098_S4_strategy2.npz,57 -> 41 -> 92 -> 12 -> 64 -> 77 -> 28,57 -> 41 -> 92 -> 12 -> 64 -> 76 -> 77 -> 28,6,2,1,75.00%,85.71%,80.00%
continuous_0099_S4_strategy2.npz,77 -> 103 -> 24 -> 57 -> 49,77 -> 103 -> 66 -> 24 -> 57 -> 90 -> 49,4,3,1,57.14%,80.00%,66.67%
continuous_0100_S4_strategy2.npz,86 -> 41 -> 3 -> 61 -> 64,86 -> 41 -> 3 -> 52 -> 61 -> 64,5,1,0,83.33%,100.00%,90.91%
continuous_0101_S4_strategy2.npz,69 -> 99 -> 26 -> 81 -> 48 -> 60,69 -> 99 -> 26 -> 81 -> 48 -> 60,6,0,0,100.00%,100.00%,100.00%
continuous_0102_S4_strategy2.npz,52 -> 21 -> 2 -> 81 -> 95 -> 31 -> 17,52 -> 21 -> 29 -> 2 -> 102 -> 81 -> 95 -> 31 -> 17,6,3,1,66.67%,85.71%,75.00%
continuous_0103_S4_strategy2.npz,86 -> 32 -> 65 -> 101 -> 25,86 -> 30 -> 32 -> 53 -> 65 -> 79 -> 101 -> 15 -> 25,5,4,0,55.56%,100.00%,71.43%
continuous_0104_S4_strategy2.npz,71 -> 90 -> 13 -> 4 -> 29 -> 73,71 -> 74 -> 90 -> 13 -> 29 -> 4 -> 7 -> 29 -> 73,6,3,0,66.67%,100.00%,80.00%
continuous_0105_S4_strategy2.npz,32 -> 5 -> 60 -> 89 -> 102,32 -> 5 -> 6 -> 60 -> 89 -> 102,5,1,0,83.33%,100.00%,90.91%
continuous_0106_S4_strategy2.npz,63 -> 31 -> 86 -> 22 -> 4,63 -> 31 -> 40 -> 86 -> 22 -> 14 -> 4,4,3,1,57.14%,80.00%,66.67%
continuous_0107_S4_strategy2.npz,69 -> 92 -> 15 -> 37 -> 98,69 -> 92 -> 14 -> 15 -> 37 -> 98,4,2,1,66.67%,80.00%,72.73%
continuous_0108_S4_strategy2.npz,42 -> 65 -> 10 -> 102 -> 28 -> 0,42 -> 65 -> 10 -> 102 -> 28 -> 14 -> 0,6,1,0,85.71%,100.00%,92.31%
continuous_0109_S4_strategy2.npz,26 -> 15 -> 0 -> 57 -> 102,26 -> 15 -> 0 -> 2 -> 57 -> 67 -> 102,3,4,2,42.86%,60.00%,50.00%
continuous_0110_S4_strategy2.npz,9 -> 48 -> 74 -> 17 -> 104 -> 25 -> 31,9 -> 48 -> 31 -> 74 -> 17 -> 104 -> 25 -> 21 -> 31,7,2,0,77.78%,100.00%,87.50%
continuous_0111_S4_strategy2.npz,40 -> 101 -> 81 -> 67 -> 9 -> 53,40 -> 101 -> 66 -> 81 -> 67 -> 9 -> 53,5,2,1,71.43%,83.33%,76.92%
continuous_0112_S4_strategy2.npz,16 -> 9 -> 52 -> 100 -> 25,16 -> 9 -> 52 -> 100 -> 25,5,0,0,100.00%,100.00%,100.00%
continuous_0113_S4_strategy2.npz,89 -> 16 -> 102 -> 69 -> 60 -> 7,89 -> 16 -> 102 -> 69 -> 60 -> 7,6,0,0,100.00%,100.00%,100.00%
continuous_0114_S4_strategy2.npz,104 -> 37 -> 61 -> 81 -> 62,104 -> 32 -> 61 -> 81 -> 62,3,2,2,60.00%,60.00%,60.00%
continuous_0115_S4_strategy2.npz,21 -> 58 -> 38 -> 91 -> 9 -> 49 -> 103,21 -> 58 -> 32 -> 38 -> 80 -> 91 -> 9 -> 49 -> 103,7,2,0,77.78%,100.00%,87.50%
continuous_0116_S4_strategy2.npz,93 -> 8 -> 97 -> 56 -> 77,93 -> 8 -> 97 -> 56 -> 77,5,0,0,100.00%,100.00%,100.00%
continuous_0117_S4_strategy2.npz,88 -> 96 -> 2 -> 19 -> 26 -> 83 -> 44,88 -> 96 -> 2 -> 42 -> 43 -> 19 -> 26 -> 83 -> 44,7,2,0,77.78%,100.00%,87.50%
continuous_0118_S4_strategy2.npz,3 -> 16 -> 82 -> 54 -> 45 -> 36 -> 94,3 -> 14 -> 16 -> 82 -> 54 -> 45 -> 36 -> 37 -> 94,7,2,0,77.78%,100.00%,87.50%
continuous_0119_S4_strategy2.npz,79 -> 2 -> 85 -> 12 -> 33 -> 57 -> 43,79 -> 2 -> 85 -> 7 -> 12 -> 33 -> 57 -> 43,7,1,0,87.50%,100.00%,93.33%
continuous_0120_S4_strategy2.npz,80 -> 23 -> 16 -> 70 -> 61 -> 88,80 -> 23 -> 16 -> 81 -> 70 -> 61 -> 53 -> 88,5,3,1,62.50%,83.33%,71.43%
continuous_0121_S4_strategy2.npz,97 -> 8 -> 15 -> 32 -> 25,97 -> 8 -> 57 -> 15 -> 32 -> 42 -> 25,3,4,2,42.86%,60.00%,50.00%
continuous_0122_S4_strategy2.npz,43 -> 32 -> 2 -> 24 -> 89 -> 16,43 -> 19 -> 32 -> 2 -> 24 -> 22 -> 89 -> 16,5,3,1,62.50%,83.33%,71.43%
continuous_0123_S4_strategy2.npz,15 -> 79 -> 31 -> 66 -> 0,15 -> 79 -> 31 -> 66 -> 0,5,0,0,100.00%,100.00%,100.00%
continuous_0124_S4_strategy2.npz,102 -> 55 -> 6 -> 39 -> 66 -> 16,102 -> 55 -> 6 -> 39 -> 66 -> 16,6,0,0,100.00%,100.00%,100.00%
continuous_0125_S4_strategy2.npz,101 -> 56 -> 8 -> 11 -> 69 -> 35 -> 87,101 -> 56 -> 8 -> 11 -> 69 -> 35 -> 87,7,0,0,100.00%,100.00%,100.00%
continuous_0126_S4_strategy2.npz,89 -> 25 -> 65 -> 49 -> 3 -> 39 -> 98,89 -> 25 -> 14 -> 65 -> 79 -> 49 -> 3 -> 28 -> 39 -> 98,5,5,2,50.00%,71.43%,58.82%
continuous_0127_S4_strategy2.npz,39 -> 71 -> 9 -> 87 -> 42,39 -> 34 -> 23 -> 71 -> 9 -> 87 -> 42,5,2,0,71.43%,100.00%,83.33%
continuous_0128_S4_strategy2.npz,104 -> 15 -> 47 -> 20 -> 60,104 -> 15 -> 47 -> 20 -> 60,5,0,0,100.00%,100.00%,100.00%
continuous_0129_S4_strategy2.npz,46 -> 83 -> 17 -> 71 -> 22 -> 33 -> 99,46 -> 28 -> 83 -> 14 -> 17 -> 66 -> 71 -> 22 -> 21 -> 33 -> 99,4,7,3,36.36%,57.14%,44.44%
continuous_0130_S4_strategy2.npz,85 -> 56 -> 23 -> 102 -> 69 -> 75,85 -> 56 -> 23 -> 102 -> 81 -> 69 -> 75,4,3,2,57.14%,66.67%,61.54%
continuous_0131_S4_strategy2.npz,74 -> 7 -> 99 -> 85 -> 42 -> 64 -> 24,74 -> 7 -> 99 -> 85 -> 42 -> 64 -> 24,7,0,0,100.00%,100.00%,100.00%
continuous_0132_S4_strategy2.npz,62 -> 34 -> 90 -> 17 -> 44,62 -> 34 -> 74 -> 90 -> 93 -> 17 -> 44,5,2,0,71.43%,100.00%,83.33%
continuous_0133_S4_strategy2.npz,6 -> 71 -> 40 -> 75 -> 99 -> 27,6 -> 71 -> 40 -> 75 -> 99 -> 27,6,0,0,100.00%,100.00%,100.00%
continuous_0134_S4_strategy2.npz,31 -> 97 -> 61 -> 73 -> 62 -> 22 -> 93,31 -> 97 -> 61 -> 73 -> 62 -> 14 -> 22 -> 93,6,2,1,75.00%,85.71%,80.00%
continuous_0135_S4_strategy2.npz,63 -> 52 -> 28 -> 11 -> 84,63 -> 52 -> 28 -> 14 -> 11 -> 84,3,3,2,50.00%,60.00%,54.55%
continuous_0136_S4_strategy2.npz,11 -> 56 -> 85 -> 42 -> 21 -> 32 -> 69,11 -> 56 -> 85 -> 42 -> 21 -> 53 -> 32 -> 69,5,3,2,62.50%,71.43%,66.67%
continuous_0137_S4_strategy2.npz,62 -> 100 -> 94 -> 29 -> 35 -> 17 -> 61,62 -> 100 -> 94 -> 29 -> 35 -> 17 -> 61,6,1,1,85.71%,85.71%,85.71%
continuous_0138_S4_strategy2.npz,10 -> 103 -> 22 -> 82 -> 0 -> 30,10 -> 103 -> 22 -> 34 -> 82 -> 0 -> 74 -> 30,5,3,1,62.50%,83.33%,71.43%
continuous_0139_S4_strategy2.npz,99 -> 92 -> 67 -> 57 -> 25 -> 13 -> 49,99 -> 92 -> 67 -> 2 -> 57 -> 25 -> 21 -> 13 -> 49,5,4,2,55.56%,71.43%,62.50%
continuous_0140_S4_strategy2.npz,100 -> 63 -> 88 -> 42 -> 19 -> 74,100 -> 63 -> 86 -> 88 -> 100 -> 42 -> 19 -> 74,5,3,1,62.50%,83.33%,71.43%
continuous_0141_S4_strategy2.npz,12 -> 104 -> 81 -> 51 -> 93 -> 70,12 -> 104 -> 81 -> 51 -> 65 -> 93 -> 70,5,2,1,71.43%,83.33%,76.92%
continuous_0142_S4_strategy2.npz,76 -> 91 -> 6 -> 14 -> 20 -> 97,76 -> 91 -> 6 -> 14 -> 20 -> 97,5,1,1,83.33%,83.33%,83.33%
continuous_0143_S4_strategy2.npz,96 -> 60 -> 75 -> 8 -> 32,96 -> 60 -> 75 -> 8 -> 32,4,1,1,80.00%,80.00%,80.00%
continuous_0144_S4_strategy2.npz,29 -> 75 -> 55 -> 31 -> 5,29 -> 75 -> 98 -> 55 -> 31 -> 30 -> 5,4,3,1,57.14%,80.00%,66.67%
continuous_0145_S4_strategy2.npz,27 -> 34 -> 45 -> 99 -> 4 -> 76,27 -> 34 -> 45 -> 59 -> 99 -> 4 -> 85 -> 76,5,3,1,62.50%,83.33%,71.43%
continuous_0146_S4_strategy2.npz,17 -> 23 -> 68 -> 7 -> 90 -> 58 -> 102,17 -> 23 -> 68 -> 7 -> 49 -> 74 -> 90 -> 96 -> 58 -> 102,6,4,1,60.00%,85.71%,70.59%
continuous_0147_S4_strategy2.npz,54 -> 11 -> 7 -> 83 -> 48,54 -> 11 -> 7 -> 83 -> 48,5,0,0,100.00%,100.00%,100.00%
continuous_0148_S4_strategy2.npz,39 -> 19 -> 50 -> 53 -> 67 -> 8,39 -> 19 -> 14 -> 50 -> 53 -> 67 -> 8,6,1,0,85.71%,100.00%,92.31%
continuous_0149_S4_strategy2.npz,6 -> 25 -> 95 -> 93 -> 73 -> 62,6 -> 17 -> 25 -> 95 -> 93 -> 73 -> 62,4,3,2,57.14%,66.67%,61.54%
continuous_0150_S4_strategy2.npz,29 -> 60 -> 0 -> 46 -> 85 -> 66 -> 17,29 -> 60 -> 0 -> 46 -> 85 -> 77 -> 66 -> 17,5,3,2,62.50%,71.43%,66.67%
continuous_0151_S4_strategy2.npz,8 -> 24 -> 97 -> 75 -> 10,8 -> 24 -> 22 -> 97 -> 75 -> 10,5,1,0,83.33%,100.00%,90.91%
continuous_0152_S4_strategy2.npz,26 -> 69 -> 5 -> 89 -> 13 -> 83,26 -> 69 -> 5 -> 89 -> 12 -> 13 -> 83,3,4,3,42.86%,50.00%,46.15%
continuous_0153_S4_strategy2.npz,17 -> 88 -> 72 -> 53 -> 62 -> 40,17 -> 88 -> 72 -> 53 -> 62 -> 40,5,1,1,83.33%,83.33%,83.33%
continuous_0154_S4_strategy2.npz,92 -> 9 -> 12 -> 44 -> 40 -> 60,92 -> 9 -> 78 -> 12 -> 61 -> 44 -> 25 -> 40 -> 60,5,4,1,55.56%,83.33%,66.67%
continuous_0155_S4_strategy2.npz,54 -> 104 -> 12 -> 64 -> 20 -> 84,54 -> 104 -> 103 -> 12 -> 64 -> 20 -> 66 -> 84,6,2,0,75.00%,100.00%,85.71%
continuous_0156_S4_strategy2.npz,45 -> 9 -> 52 -> 35 -> 75 -> 28,45 -> 9 -> 74 -> 52 -> 30 -> 35 -> 75 -> 28,6,2,0,75.00%,100.00%,85.71%
continuous_0157_S4_strategy2.npz,6 -> 42 -> 10 -> 30 -> 25 -> 86,6 -> 71 -> 42 -> 10 -> 30 -> 25 -> 86,5,2,1,71.43%,83.33%,76.92%
continuous_0158_S4_strategy2.npz,3 -> 30 -> 83 -> 69 -> 53 -> 20,3 -> 30 -> 83 -> 69 -> 81 -> 53 -> 20,5,2,1,71.43%,83.33%,76.92%
continuous_0159_S4_strategy2.npz,2 -> 23 -> 96 -> 74 -> 64 -> 12 -> 60,2 -> 23 -> 96 -> 74 -> 64 -> 13 -> 60,6,1,1,85.71%,85.71%,85.71%
continuous_0160_S4_strategy2.npz,36 -> 89 -> 23 -> 14 -> 50 -> 54 -> 100,36 -> 34 -> 12 -> 89 -> 61 -> 23 -> 14 -> 50 -> 54 -> 99 -> 100,7,4,0,63.64%,100.00%,77.78%
continuous_0161_S4_strategy2.npz,69 -> 72 -> 54 -> 26 -> 12 -> 96,69 -> 72 -> 25 -> 54 -> 26 -> 61 -> 12 -> 96,4,4,2,50.00%,66.67%,57.14%
continuous_0162_S4_strategy2.npz,61 -> 21 -> 48 -> 17 -> 7 -> 103,61 -> 53 -> 21 -> 48 -> 31 -> 17 -> 7 -> 103,5,3,1,62.50%,83.33%,71.43%
continuous_0163_S4_strategy2.npz,62 -> 78 -> 54 -> 11 -> 87 -> 42,62 -> 78 -> 54 -> 11 -> 87 -> 42,5,1,1,83.33%,83.33%,83.33%
continuous_0164_S4_strategy2.npz,41 -> 42 -> 0 -> 99 -> 79 -> 70 -> 91,41 -> 42 -> 4 -> 0 -> 71 -> 99 -> 79 -> 66 -> 70 -> 69 -> 91,6,5,1,54.55%,85.71%,66.67%
continuous_0165_S4_strategy2.npz,27 -> 38 -> 104 -> 47 -> 93,27 -> 38 -> 39 -> 20 -> 104 -> 47 -> 93,4,3,1,57.14%,80.00%,66.67%
continuous_0166_S4_strategy2.npz,89 -> 80 -> 96 -> 23 -> 61 -> 12,89 -> 80 -> 96 -> 24 -> 23 -> 53 -> 61 -> 53 -> 12,6,3,0,66.67%,100.00%,80.00%
continuous_0167_S4_strategy2.npz,20 -> 54 -> 91 -> 8 -> 51 -> 104 -> 75,20 -> 54 -> 91 -> 8 -> 57 -> 51 -> 104 -> 103 -> 75,7,2,0,77.78%,100.00%,87.50%
continuous_0168_S4_strategy2.npz,27 -> 3 -> 18 -> 89 -> 58 -> 98 -> 44,27 -> 3 -> 18 -> 89 -> 58 -> 98 -> 44,7,0,0,100.00%,100.00%,100.00%
continuous_0169_S4_strategy2.npz,44 -> 17 -> 64 -> 88 -> 36 -> 99,44 -> 17 -> 64 -> 93 -> 88 -> 36 -> 37 -> 99,5,3,1,62.50%,83.33%,71.43%
continuous_0170_S4_strategy2.npz,84 -> 11 -> 36 -> 70 -> 101,84 -> 11 -> 30 -> 36 -> 74 -> 70 -> 69 -> 101,4,4,1,50.00%,80.00%,61.54%
continuous_0171_S4_strategy2.npz,72 -> 0 -> 43 -> 61 -> 94 -> 70 -> 21,72 -> 0 -> 43 -> 52 -> 61 -> 53 -> 94 -> 19 -> 70 -> 21,3,7,4,30.00%,42.86%,35.29%
continuous_0172_S4_strategy2.npz,10 -> 4 -> 29 -> 96 -> 35,10 -> 4 -> 85 -> 29 -> 96 -> 35,5,1,0,83.33%,100.00%,90.91%
continuous_0173_S4_strategy2.npz,95 -> 34 -> 56 -> 81 -> 71 -> 11,95 -> 34 -> 56 -> 3 -> 81 -> 71 -> 74 -> 11,4,4,2,50.00%,66.67%,57.14%
continuous_0174_S4_strategy2.npz,66 -> 96 -> 17 -> 78 -> 87,66 -> 96 -> 17 -> 78 -> 87,5,0,0,100.00%,100.00%,100.00%
continuous_0175_S4_strategy2.npz,78 -> 6 -> 56 -> 42 -> 101 -> 87,78 -> 6 -> 56 -> 53 -> 42 -> 101 -> 87,6,1,0,85.71%,100.00%,92.31%
continuous_0176_S4_strategy2.npz,85 -> 95 -> 59 -> 51 -> 70 -> 0,85 -> 95 -> 59 -> 51 -> 19 -> 70 -> 0,4,3,2,57.14%,66.67%,61.54%
continuous_0177_S4_strategy2.npz,59 -> 104 -> 0 -> 49 -> 63 -> 80 -> 89,59 -> 104 -> 1 -> 0 -> 84 -> 49 -> 63 -> 18 -> 80 -> 70 -> 89,5,6,2,45.45%,71.43%,55.56%
continuous_0178_S4_strategy2.npz,63 -> 87 -> 48 -> 6 -> 36,63 -> 87 -> 83 -> 48 -> 71 -> 6 -> 39 -> 36,3,5,2,37.50%,60.00%,46.15%
continuous_0179_S4_strategy2.npz,47 -> 77 -> 94 -> 12 -> 64 -> 21,47 -> 77 -> 94 -> 13 -> 27 -> 64 -> 21,5,2,1,71.43%,83.33%,76.92%
continuous_0180_S4_strategy2.npz,53 -> 26 -> 93 -> 97 -> 77 -> 49 -> 40,53 -> 26 -> 93 -> 97 -> 77 -> 49 -> 40,6,1,1,85.71%,85.71%,85.71%
continuous_0181_S4_strategy2.npz,85 -> 103 -> 6 -> 49 -> 41 -> 28,85 -> 103 -> 6 -> 49 -> 41 -> 28,6,0,0,100.00%,100.00%,100.00%
continuous_0182_S4_strategy2.npz,71 -> 18 -> 5 -> 22 -> 73 -> 97 -> 55,71 -> 18 -> 16 -> 66 -> 5 -> 22 -> 73 -> 97 -> 55,7,2,0,77.78%,100.00%,87.50%
continuous_0183_S4_strategy2.npz,27 -> 68 -> 100 -> 61 -> 34 -> 13,27 -> 68 -> 100 -> 61 -> 34 -> 13,6,0,0,100.00%,100.00%,100.00%
continuous_0184_S4_strategy2.npz,20 -> 81 -> 104 -> 70 -> 48 -> 90 -> 30,20 -> 81 -> 104 -> 70 -> 48 -> 66 -> 74 -> 90 -> 75 -> 30,4,6,3,40.00%,57.14%,47.06%
continuous_0185_S4_strategy2.npz,46 -> 19 -> 21 -> 56 -> 100 -> 36 -> 83,46 -> 19 -> 21 -> 56 -> 100 -> 30 -> 36 -> 37 -> 83,4,5,3,44.44%,57.14%,50.00%
continuous_0186_S4_strategy2.npz,77 -> 50 -> 61 -> 22 -> 9 -> 103,77 -> 50 -> 52 -> 61 -> 22 -> 9 -> 16 -> 103,5,3,1,62.50%,83.33%,71.43%
continuous_0187_S4_strategy2.npz,46 -> 0 -> 94 -> 59 -> 103,46 -> 28 -> 0 -> 95 -> 94 -> 74 -> 59 -> 103,5,3,0,62.50%,100.00%,76.92%
continuous_0188_S4_strategy2.npz,62 -> 94 -> 22 -> 58 -> 45 -> 74 -> 38,62 -> 94 -> 22 -> 58 -> 45 -> 79 -> 74 -> 66,6,2,1,75.00%,85.71%,80.00%
continuous_0189_S4_strategy2.npz,29 -> 103 -> 70 -> 36 -> 90 -> 3 -> 74,29 -> 103 -> 70 -> 69 -> 36 -> 90 -> 86 -> 3 -> 74,6,3,1,66.67%,85.71%,75.00%
continuous_0190_S4_strategy2.npz,102 -> 66 -> 57 -> 21 -> 84 -> 31,102 -> 66 -> 66 -> 57 -> 20 -> 21 -> 8 -> 84 -> 31,5,4,1,55.56%,83.33%,66.67%
continuous_0191_S4_strategy2.npz,10 -> 102 -> 2 -> 69 -> 20 -> 82 -> 34,10 -> 102 -> 74 -> 2 -> 69 -> 20 -> 82 -> 34,6,2,1,75.00%,85.71%,80.00%
continuous_0192_S4_strategy2.npz,103 -> 44 -> 52 -> 16 -> 28 -> 32,103 -> 44 -> 52 -> 16 -> 28 -> 32,6,0,0,100.00%,100.00%,100.00%
continuous_0193_S4_strategy2.npz,79 -> 89 -> 41 -> 17 -> 52 -> 95,79 -> 89 -> 41 -> 17 -> 52 -> 95,4,2,2,66.67%,66.67%,66.67%
continuous_0194_S4_strategy2.npz,85 -> 40 -> 99 -> 25 -> 57 -> 45,85 -> 40 -> 99 -> 25 -> 57 -> 53 -> 45,6,1,0,85.71%,100.00%,92.31%
continuous_0195_S4_strategy2.npz,14 -> 8 -> 78 -> 98 -> 23 -> 35 -> 94,14 -> 57 -> 8 -> 77 -> 78 -> 98 -> 23 -> 35 -> 94,6,3,1,66.67%,85.71%,75.00%
continuous_0196_S4_strategy2.npz,48 -> 20 -> 7 -> 52 -> 14 -> 98,48 -> 14 -> 20 -> 7 -> 52 -> 62 -> 14 -> 98,5,3,1,62.50%,83.33%,71.43%
continuous_0197_S4_strategy2.npz,18 -> 60 -> 94 -> 70 -> 45 -> 22,18 -> 60 -> 92 -> 94 -> 74 -> 70 -> 45 -> 22,5,3,1,62.50%,83.33%,71.43%
continuous_0198_S4_strategy2.npz,48 -> 62 -> 77 -> 59 -> 86,48 -> 62 -> 98 -> 77 -> 59 -> 86,4,2,1,66.67%,80.00%,72.73%
continuous_0199_S4_strategy2.npz,3 -> 81 -> 57 -> 93 -> 67 -> 44 -> 99,3 -> 60 -> 81 -> 57 -> 93 -> 67 -> 1 -> 44 -> 25 -> 99,6,4,1,60.00%,85.71%,70.59%
continuous_0200_S4_strategy2.npz,76 -> 103 -> 53 -> 6 -> 88,76 -> 103 -> 53 -> 6 -> 88,5,0,0,100.00%,100.00%,100.00%
continuous_0201_S4_strategy2.npz,44 -> 23 -> 63 -> 39 -> 79,44 -> 23 -> 98 -> 63 -> 15 -> 32 -> 39 -> 79,5,3,0,62.50%,100.00%,76.92%
continuous_0202_S4_strategy2.npz,70 -> 15 -> 102 -> 61 -> 51 -> 86 -> 5,70 -> 9 -> 15 -> 102 -> 61 -> 14 -> 51 -> 86 -> 4 -> 5,6,4,1,60.00%,85.71%,70.59%
continuous_0203_S4_strategy2.npz,77 -> 51 -> 18 -> 35 -> 3,77 -> 51 -> 59 -> 18 -> 35 -> 41 -> 3,5,2,0,71.43%,100.00%,83.33%
continuous_0204_S4_strategy2.npz,86 -> 43 -> 53 -> 67 -> 16 -> 98,86 -> 43 -> 53 -> 67 -> 16 -> 98,6,0,0,100.00%,100.00%,100.00%
continuous_0205_S4_strategy2.npz,23 -> 34 -> 5 -> 66 -> 83 -> 92 -> 103,23 -> 34 -> 5 -> 66 -> 64 -> 83 -> 92 -> 86 -> 103,2,7,5,22.22%,28.57%,25.00%
continuous_0206_S4_strategy2.npz,57 -> 26 -> 13 -> 32 -> 74,57 -> 53 -> 26 -> 13 -> 32 -> 74,5,1,0,83.33%,100.00%,90.91%
continuous_0207_S4_strategy2.npz,60 -> 44 -> 90 -> 33 -> 1 -> 69 -> 102,60 -> 44 -> 90 -> 75 -> 33 -> 1 -> 3 -> 69 -> 102,5,4,2,55.56%,71.43%,62.50%
continuous_0208_S4_strategy2.npz,73 -> 62 -> 15 -> 32 -> 88 -> 4,73 -> 62 -> 15 -> 32 -> 88 -> 4,5,1,1,83.33%,83.33%,83.33%
continuous_0209_S4_strategy2.npz,58 -> 94 -> 16 -> 96 -> 50 -> 34 -> 20,58 -> 94 -> 16 -> 74 -> 96 -> 50 -> 32 -> 34 -> 20,6,3,1,66.67%,85.71%,75.00%
continuous_0210_S4_strategy2.npz,62 -> 77 -> 28 -> 93 -> 56 -> 5 -> 35,62 -> 77 -> 27 -> 28 -> 93 -> 56 -> 5 -> 35,6,2,1,75.00%,85.71%,80.00%
continuous_0211_S4_strategy2.npz,19 -> 91 -> 62 -> 74 -> 38,19 -> 91 -> 62 -> 74 -> 38,5,0,0,100.00%,100.00%,100.00%
continuous_0212_S4_strategy2.npz,58 -> 15 -> 97 -> 30 -> 66 -> 79 -> 23,58 -> 15 -> 97 -> 30 -> 66 -> 19 -> 79 -> 23,6,2,1,75.00%,85.71%,80.00%
continuous_0213_S4_strategy2.npz,45 -> 76 -> 104 -> 53 -> 3 -> 34 -> 89,45 -> 76 -> 14 -> 104 -> 103 -> 53 -> 3 -> 27 -> 34 -> 89,4,6,3,40.00%,57.14%,47.06%
continuous_0214_S4_strategy2.npz,54 -> 46 -> 31 -> 7 -> 17 -> 89,54 -> 46 -> 31 -> 7 -> 17 -> 89,6,0,0,100.00%,100.00%,100.00%
continuous_0215_S4_strategy2.npz,36 -> 102 -> 87 -> 57 -> 26 -> 65,36 -> 37 -> 102 -> 87 -> 57 -> 53 -> 26 -> 65,6,2,0,75.00%,100.00%,85.71%
continuous_0216_S4_strategy2.npz,88 -> 8 -> 52 -> 34 -> 76 -> 98,88 -> 8 -> 103 -> 52 -> 34 -> 76 -> 98,4,3,2,57.14%,66.67%,61.54%
continuous_0217_S4_strategy2.npz,29 -> 101 -> 40 -> 8 -> 79,29 -> 101 -> 40 -> 8 -> 77 -> 79,5,1,0,83.33%,100.00%,90.91%
continuous_0218_S4_strategy2.npz,58 -> 10 -> 36 -> 68 -> 50,58 -> 10 -> 36 -> 68 -> 50,5,0,0,100.00%,100.00%,100.00%
continuous_0219_S4_strategy2.npz,47 -> 84 -> 22 -> 95 -> 59 -> 92 -> 11,47 -> 84 -> 67 -> 22 -> 95 -> 59 -> 78 -> 92 -> 11,6,3,1,66.67%,85.71%,75.00%
continuous_0220_S4_strategy2.npz,77 -> 65 -> 101 -> 3 -> 13 -> 38 -> 91,77 -> 65 -> 101 -> 3 -> 12 -> 13 -> 38 -> 91,7,1,0,87.50%,100.00%,93.33%
continuous_0221_S4_strategy2.npz,40 -> 86 -> 83 -> 25 -> 6,40 -> 30 -> 86 -> 83 -> 25 -> 6,5,1,0,83.33%,100.00%,90.91%
continuous_0222_S4_strategy2.npz,1 -> 91 -> 103 -> 63 -> 80,1 -> 60 -> 91 -> 85 -> 103 -> 63 -> 80,5,2,0,71.43%,100.00%,83.33%
continuous_0223_S4_strategy2.npz,7 -> 24 -> 87 -> 67 -> 102,7 -> 49 -> 24 -> 45 -> 87 -> 77 -> 67 -> 102,5,3,0,62.50%,100.00%,76.92%
continuous_0224_S4_strategy2.npz,1 -> 92 -> 54 -> 44 -> 37 -> 68 -> 27,1 -> 92 -> 54 -> 67 -> 44 -> 37 -> 66 -> 68 -> 27,7,2,0,77.78%,100.00%,87.50%
continuous_0225_S4_strategy2.npz,2 -> 61 -> 100 -> 18 -> 30 -> 63,2 -> 61 -> 100 -> 18 -> 30 -> 63,6,0,0,100.00%,100.00%,100.00%
continuous_0226_S4_strategy2.npz,101 -> 70 -> 76 -> 1 -> 19 -> 20 -> 39,101 -> 70 -> 69 -> 76 -> 50 -> 1 -> 19 -> 20 -> 32 -> 39,6,4,1,60.00%,85.71%,70.59%
continuous_0227_S4_strategy2.npz,103 -> 64 -> 78 -> 8 -> 46 -> 14,103 -> 64 -> 79 -> 78 -> 8 -> 46 -> 14,6,1,0,85.71%,100.00%,92.31%
continuous_0228_S4_strategy2.npz,12 -> 68 -> 35 -> 88 -> 49 -> 73 -> 96,12 -> 68 -> 35 -> 87 -> 88 -> 49 -> 73 -> 96,7,1,0,87.50%,100.00%,93.33%
continuous_0229_S4_strategy2.npz,63 -> 38 -> 92 -> 0 -> 59 -> 14 -> 95,63 -> 38 -> 68 -> 92 -> 0 -> 59 -> 14 -> 95,5,3,2,62.50%,71.43%,66.67%
continuous_0230_S4_strategy2.npz,85 -> 101 -> 44 -> 35 -> 23 -> 78 -> 13,85 -> 101 -> 44 -> 35 -> 23 -> 78 -> 13,6,1,1,85.71%,85.71%,85.71%
continuous_0231_S4_strategy2.npz,13 -> 44 -> 34 -> 85 -> 99,13 -> 44 -> 34 -> 85 -> 99,5,0,0,100.00%,100.00%,100.00%
continuous_0232_S4_strategy2.npz,2 -> 28 -> 40 -> 18 -> 50,2 -> 28 -> 40 -> 18 -> 50,5,0,0,100.00%,100.00%,100.00%
continuous_0233_S4_strategy2.npz,72 -> 88 -> 0 -> 96 -> 68,72 -> 71 -> 88 -> 0 -> 22 -> 96 -> 68,5,2,0,71.43%,100.00%,83.33%
continuous_0234_S4_strategy2.npz,6 -> 38 -> 62 -> 52 -> 28 -> 101 -> 46,6 -> 38 -> 62 -> 52 -> 61 -> 28 -> 27 -> 101 -> 27 -> 46,6,4,1,60.00%,85.71%,70.59%
continuous_0235_S4_strategy2.npz,58 -> 90 -> 101 -> 80 -> 34 -> 67 -> 26,58 -> 74 -> 90 -> 75 -> 101 -> 80 -> 34 -> 74 -> 67 -> 26,7,3,0,70.00%,100.00%,82.35%
continuous_0236_S4_strategy2.npz,59 -> 84 -> 21 -> 11 -> 40 -> 86,59 -> 84 -> 67 -> 21 -> 11 -> 30 -> 40 -> 30 -> 86,4,5,2,44.44%,66.67%,53.33%
continuous_0237_S4_strategy2.npz,45 -> 100 -> 8 -> 62 -> 22,45 -> 100 -> 8 -> 62 -> 22,5,0,0,100.00%,100.00%,100.00%
continuous_0238_S4_strategy2.npz,98 -> 77 -> 15 -> 26 -> 51 -> 87,98 -> 64 -> 77 -> 15 -> 21 -> 26 -> 42 -> 51 -> 87,4,5,2,44.44%,66.67%,53.33%
continuous_0239_S4_strategy2.npz,93 -> 24 -> 67 -> 30 -> 74 -> 53,93 -> 24 -> 53 -> 67 -> 30 -> 74 -> 53,5,2,1,71.43%,83.33%,76.92%
continuous_0240_S4_strategy2.npz,18 -> 0 -> 72 -> 60 -> 86 -> 36 -> 24,18 -> 0 -> 72 -> 60 -> 86 -> 36 -> 24,7,0,0,100.00%,100.00%,100.00%
continuous_0241_S4_strategy2.npz,100 -> 32 -> 43 -> 10 -> 59,100 -> 32 -> 43 -> 10 -> 9 -> 59,4,2,1,66.67%,80.00%,72.73%
continuous_0242_S4_strategy2.npz,51 -> 53 -> 8 -> 25 -> 93 -> 70 -> 80,51 -> 59 -> 53 -> 57 -> 8 -> 25 -> 85 -> 93 -> 70 -> 69 -> 80,6,5,1,54.55%,85.71%,66.67%
continuous_0243_S4_strategy2.npz,69 -> 96 -> 3 -> 26 -> 94 -> 81 -> 54,69 -> 96 -> 3 -> 26 -> 27 -> 94 -> 81 -> 54,7,1,0,87.50%,100.00%,93.33%
continuous_0244_S4_strategy2.npz,91 -> 5 -> 41 -> 100 -> 28 -> 78,91 -> 5 -> 41 -> 100 -> 24 -> 28 -> 27 -> 78,4,4,2,50.00%,66.67%,57.14%
continuous_0245_S4_strategy2.npz,37 -> 52 -> 92 -> 11 -> 20 -> 97 -> 49,37 -> 52 -> 62 -> 92 -> 11 -> 8 -> 20 -> 97 -> 49,6,3,1,66.67%,85.71%,75.00%
continuous_0246_S4_strategy2.npz,46 -> 66 -> 56 -> 82 -> 5 -> 17,46 -> 66 -> 14 -> 56 -> 82 -> 5 -> 17,6,1,0,85.71%,100.00%,92.31%
continuous_0247_S4_strategy2.npz,25 -> 19 -> 39 -> 74 -> 95 -> 91 -> 48,25 -> 19 -> 39 -> 74 -> 95 -> 91 -> 7 -> 48,7,1,0,87.50%,100.00%,93.33%
continuous_0248_S4_strategy2.npz,76 -> 59 -> 44 -> 86 -> 32 -> 2,76 -> 50 -> 59 -> 44 -> 86 -> 32 -> 2,6,1,0,85.71%,100.00%,92.31%
continuous_0249_S4_strategy2.npz,33 -> 85 -> 70 -> 95 -> 77 -> 24 -> 18,33 -> 66 -> 85 -> 66 -> 70 -> 95 -> 77 -> 24 -> 18,7,2,0,77.78%,100.00%,87.50%
continuous_0250_S4_strategy2.npz,14 -> 27 -> 31 -> 68 -> 56 -> 50 -> 94,14 -> 27 -> 31 -> 68 -> 56 -> 50 -> 94,7,0,0,100.00%,100.00%,100.00%
continuous_0251_S4_strategy2.npz,44 -> 16 -> 101 -> 2 -> 31 -> 21,44 -> 16 -> 51 -> 101 -> 2 -> 31 -> 14 -> 21,6,2,0,75.00%,100.00%,85.71%
continuous_0252_S4_strategy2.npz,43 -> 17 -> 67 -> 27 -> 40 -> 95 -> 58,43 -> 19 -> 17 -> 67 -> 2 -> 27 -> 40 -> 95 -> 34 -> 58,6,4,1,60.00%,85.71%,70.59%
continuous_0253_S4_strategy2.npz,73 -> 55 -> 15 -> 31 -> 90 -> 4,73 -> 55 -> 57 -> 15 -> 31 -> 90 -> 49 -> 4,5,3,1,62.50%,83.33%,71.43%
continuous_0254_S4_strategy2.npz,42 -> 7 -> 71 -> 73 -> 24 -> 104,42 -> 7 -> 71 -> 73 -> 24 -> 104,6,0,0,100.00%,100.00%,100.00%
continuous_0255_S4_strategy2.npz,27 -> 36 -> 103 -> 2 -> 79 -> 43 -> 54,27 -> 36 -> 103 -> 2 -> 79 -> 102 -> 43 -> 54,4,4,3,50.00%,57.14%,53.33%
continuous_0256_S4_strategy2.npz,0 -> 17 -> 93 -> 35 -> 101 -> 72 -> 21,0 -> 17 -> 93 -> 35 -> 101 -> 15 -> 72 -> 21,6,2,1,75.00%,85.71%,80.00%
continuous_0257_S4_strategy2.npz,39 -> 52 -> 11 -> 68 -> 91 -> 43,39 -> 52 -> 11 -> 68 -> 91 -> 43,6,0,0,100.00%,100.00%,100.00%
continuous_0258_S4_strategy2.npz,33 -> 61 -> 45 -> 7 -> 26,33 -> 61 -> 53 -> 45 -> 7 -> 26,5,1,0,83.33%,100.00%,90.91%
continuous_0259_S4_strategy2.npz,84 -> 7 -> 104 -> 41 -> 45 -> 17,84 -> 7 -> 104 -> 103 -> 41 -> 45 -> 17,4,3,2,57.14%,66.67%,61.54%
continuous_0260_S4_strategy2.npz,37 -> 71 -> 55 -> 16 -> 29 -> 85 -> 48,37 -> 71 -> 59 -> 55 -> 77 -> 16 -> 74 -> 29 -> 85 -> 48,6,4,1,60.00%,85.71%,70.59%
continuous_0261_S4_strategy2.npz,41 -> 50 -> 53 -> 28 -> 85 -> 65,41 -> 50 -> 98 -> 53 -> 28 -> 27 -> 85 -> 65,4,4,2,50.00%,66.67%,57.14%
continuous_0262_S4_strategy2.npz,16 -> 61 -> 86 -> 32 -> 79 -> 95 -> 64,16 -> 61 -> 53 -> 86 -> 32 -> 79 -> 95 -> 66 -> 64,5,4,2,55.56%,71.43%,62.50%
continuous_0263_S4_strategy2.npz,4 -> 34 -> 90 -> 64 -> 104 -> 55 -> 82,4 -> 34 -> 74 -> 90 -> 64 -> 104 -> 103 -> 55 -> 82,6,3,1,66.67%,85.71%,75.00%
continuous_0264_S4_strategy2.npz,64 -> 76 -> 50 -> 97 -> 25,64 -> 76 -> 98 -> 50 -> 97 -> 25,4,2,1,66.67%,80.00%,72.73%
continuous_0265_S4_strategy2.npz,6 -> 67 -> 17 -> 102 -> 24 -> 60,6 -> 67 -> 34 -> 17 -> 102 -> 81 -> 24 -> 60,5,3,1,62.50%,83.33%,71.43%
continuous_0266_S4_strategy2.npz,47 -> 23 -> 58 -> 30 -> 81 -> 11,47 -> 23 -> 27 -> 58 -> 30 -> 81 -> 9 -> 11,6,2,0,75.00%,100.00%,85.71%
continuous_0267_S4_strategy2.npz,87 -> 82 -> 43 -> 30 -> 8 -> 12 -> 25,87 -> 82 -> 43 -> 30 -> 8 -> 12 -> 72 -> 25,5,3,2,62.50%,71.43%,66.67%
continuous_0268_S4_strategy2.npz,3 -> 23 -> 56 -> 46 -> 19,3 -> 14 -> 23 -> 56 -> 3 -> 46 -> 19,4,3,1,57.14%,80.00%,66.67%
continuous_0269_S4_strategy2.npz,0 -> 81 -> 50 -> 85 -> 17 -> 29 -> 62,0 -> 22 -> 81 -> 50 -> 85 -> 17 -> 29 -> 3,6,2,1,75.00%,85.71%,80.00%
continuous_0270_S4_strategy2.npz,33 -> 25 -> 54 -> 45 -> 16 -> 9,33 -> 25 -> 26 -> 54 -> 45 -> 16 -> 74 -> 9,5,3,1,62.50%,83.33%,71.43%
continuous_0271_S4_strategy2.npz,25 -> 90 -> 51 -> 76 -> 54 -> 37 -> 7,25 -> 66 -> 90 -> 42 -> 51 -> 76 -> 54 -> 37 -> 41 -> 7,6,4,1,60.00%,85.71%,70.59%
continuous_0272_S4_strategy2.npz,3 -> 102 -> 11 -> 89 -> 71 -> 24,3 -> 102 -> 11 -> 89 -> 71 -> 24,6,0,0,100.00%,100.00%,100.00%
continuous_0273_S4_strategy2.npz,20 -> 4 -> 95 -> 92 -> 80 -> 14,20 -> 4 -> 7 -> 95 -> 92 -> 80 -> 14,5,2,1,71.43%,83.33%,76.92%
continuous_0274_S4_strategy2.npz,67 -> 56 -> 33 -> 8 -> 10 -> 88 -> 103,67 -> 56 -> 32 -> 33 -> 8 -> 10 -> 88 -> 103,6,2,1,75.00%,85.71%,80.00%
continuous_0275_S4_strategy2.npz,96 -> 56 -> 49 -> 70 -> 94,96 -> 56 -> 49 -> 81 -> 70 -> 69 -> 94,2,5,3,28.57%,40.00%,33.33%
continuous_0276_S4_strategy2.npz,5 -> 67 -> 87 -> 98 -> 30 -> 54 -> 72,5 -> 67 -> 87 -> 98 -> 30 -> 2 -> 54 -> 72,3,5,4,37.50%,42.86%,40.00%
continuous_0277_S4_strategy2.npz,18 -> 21 -> 1 -> 34 -> 96,18 -> 21 -> 1 -> 34 -> 96,5,0,0,100.00%,100.00%,100.00%
continuous_0278_S4_strategy2.npz,41 -> 21 -> 16 -> 44 -> 6,41 -> 21 -> 16 -> 66 -> 44 -> 25 -> 6,4,3,1,57.14%,80.00%,66.67%
continuous_0279_S4_strategy2.npz,40 -> 80 -> 7 -> 51 -> 58 -> 93,40 -> 80 -> 7 -> 51 -> 58 -> 93,6,0,0,100.00%,100.00%,100.00%
continuous_0280_S4_strategy2.npz,65 -> 98 -> 10 -> 39 -> 55 -> 8 -> 72,65 -> 98 -> 10 -> 54 -> 55 -> 39 -> 30 -> 55 -> 8 -> 77 -> 72,6,5,1,54.55%,85.71%,66.67%
continuous_0281_S4_strategy2.npz,32 -> 15 -> 23 -> 57 -> 85 -> 64 -> 46,32 -> 15 -> 23 -> 57 -> 85 -> 64 -> 46,7,0,0,100.00%,100.00%,100.00%
continuous_0282_S4_strategy2.npz,35 -> 78 -> 94 -> 0 -> 100,35 -> 78 -> 94 -> 0 -> 22 -> 100,5,1,0,83.33%,100.00%,90.91%
continuous_0283_S4_strategy2.npz,74 -> 89 -> 25 -> 13 -> 1,74 -> 89 -> 61 -> 25 -> 13 -> 1,5,1,0,83.33%,100.00%,90.91%
continuous_0284_S4_strategy2.npz,18 -> 38 -> 43 -> 100 -> 52 -> 75,18 -> 32 -> 38 -> 43 -> 81 -> 100 -> 52 -> 75,5,3,1,62.50%,83.33%,71.43%
continuous_0285_S4_strategy2.npz,21 -> 95 -> 86 -> 40 -> 76 -> 9 -> 57,21 -> 95 -> 86 -> 40 -> 30 -> 76 -> 9 -> 57,6,2,1,75.00%,85.71%,80.00%
continuous_0286_S4_strategy2.npz,20 -> 42 -> 10 -> 8 -> 78,20 -> 42 -> 10 -> 8 -> 71 -> 78,5,1,0,83.33%,100.00%,90.91%
continuous_0287_S4_strategy2.npz,22 -> 53 -> 97 -> 18 -> 6 -> 30,22 -> 53 -> 97 -> 18 -> 6 -> 30,5,1,1,83.33%,83.33%,83.33%
continuous_0288_S4_strategy2.npz,46 -> 68 -> 103 -> 40 -> 55,46 -> 27 -> 68 -> 95 -> 103 -> 40 -> 30 -> 55,5,3,0,62.50%,100.00%,76.92%
continuous_0289_S4_strategy2.npz,68 -> 20 -> 51 -> 38 -> 18,68 -> 20 -> 14 -> 51 -> 59 -> 37 -> 38 -> 74 -> 18,3,6,2,33.33%,60.00%,42.86%
continuous_0290_S4_strategy2.npz,75 -> 51 -> 27 -> 69 -> 6 -> 58,75 -> 51 -> 27 -> 69 -> 6 -> 58,6,0,0,100.00%,100.00%,100.00%
continuous_0291_S4_strategy2.npz,42 -> 21 -> 70 -> 14 -> 52,42 -> 21 -> 74 -> 70 -> 14 -> 52,5,1,0,83.33%,100.00%,90.91%
continuous_0292_S4_strategy2.npz,94 -> 50 -> 36 -> 59 -> 18,94 -> 50 -> 36 -> 59 -> 18,5,0,0,100.00%,100.00%,100.00%
continuous_0293_S4_strategy2.npz,3 -> 40 -> 93 -> 75 -> 66,3 -> 40 -> 93 -> 77 -> 75 -> 66,4,2,1,66.67%,80.00%,72.73%
continuous_0294_S4_strategy2.npz,62 -> 23 -> 79 -> 39 -> 99,62 -> 23 -> 79 -> 39 -> 99,5,0,0,100.00%,100.00%,100.00%
continuous_0295_S4_strategy2.npz,33 -> 58 -> 81 -> 8 -> 17,33 -> 58 -> 81 -> 8 -> 17,4,1,1,80.00%,80.00%,80.00%
continuous_0296_S4_strategy2.npz,26 -> 1 -> 82 -> 38 -> 43,26 -> 29 -> 1 -> 82 -> 31 -> 38 -> 43,5,2,0,71.43%,100.00%,83.33%
continuous_0297_S4_strategy2.npz,100 -> 47 -> 55 -> 92 -> 67 -> 25 -> 18,100 -> 47 -> 55 -> 95 -> 92 -> 67 -> 25 -> 18,6,2,1,75.00%,85.71%,80.00%
continuous_0298_S4_strategy2.npz,98 -> 82 -> 64 -> 28 -> 90 -> 8,98 -> 82 -> 64 -> 60 -> 28 -> 90 -> 87 -> 8,6,2,0,75.00%,100.00%,85.71%
continuous_0299_S4_strategy2.npz,92 -> 27 -> 4 -> 40 -> 68 -> 72 -> 52,92 -> 27 -> 4 -> 7 -> 40 -> 68 -> 72 -> 52,6,2,1,75.00%,85.71%,80.00%
continuous_0300_S4_strategy2.npz,22 -> 61 -> 33 -> 97 -> 7,22 -> 61 -> 33 -> 97 -> 7,5,0,0,100.00%,100.00%,100.00%
continuous_0301_S4_strategy2.npz,85 -> 72 -> 12 -> 24 -> 34 -> 69 -> 55,85 -> 72 -> 12 -> 24 -> 34 -> 69 -> 98,6,1,1,85.71%,85.71%,85.71%
continuous_0302_S4_strategy2.npz,96 -> 55 -> 48 -> 32 -> 28 -> 93,96 -> 59 -> 55 -> 48 -> 31 -> 32 -> 30 -> 28 -> 27 -> 93,6,4,0,60.00%,100.00%,75.00%
continuous_0303_S4_strategy2.npz,50 -> 12 -> 88 -> 2 -> 101 -> 83 -> 34,50 -> 59 -> 12 -> 88 -> 2 -> 101 -> 83 -> 34,6,2,1,75.00%,85.71%,80.00%
continuous_0304_S4_strategy2.npz,103 -> 82 -> 54 -> 23 -> 35,103 -> 82 -> 54 -> 55 -> 23 -> 35,5,1,0,83.33%,100.00%,90.91%
continuous_0305_S4_strategy2.npz,68 -> 46 -> 26 -> 98 -> 16,68 -> 46 -> 27 -> 26 -> 98 -> 16,3,3,2,50.00%,60.00%,54.55%
continuous_0306_S4_strategy2.npz,103 -> 55 -> 13 -> 46 -> 20 -> 86 -> 34,103 -> 55 -> 13 -> 26 -> 46 -> 20 -> 86 -> 34,6,2,1,75.00%,85.71%,80.00%
continuous_0307_S4_strategy2.npz,86 -> 53 -> 96 -> 29 -> 65,86 -> 53 -> 96 -> 29 -> 65,5,0,0,100.00%,100.00%,100.00%
continuous_0308_S4_strategy2.npz,1 -> 67 -> 87 -> 17 -> 96 -> 47 -> 24,1 -> 67 -> 87 -> 77 -> 17 -> 99 -> 96 -> 47 -> 24,7,2,0,77.78%,100.00%,87.50%
continuous_0309_S4_strategy2.npz,63 -> 98 -> 2 -> 35 -> 54 -> 17 -> 27,63 -> 98 -> 2 -> 35 -> 54 -> 17 -> 27,7,0,0,100.00%,100.00%,100.00%
continuous_0310_S4_strategy2.npz,43 -> 3 -> 35 -> 17 -> 83 -> 60,43 -> 19 -> 3 -> 35 -> 17 -> 53 -> 83 -> 60,5,3,1,62.50%,83.33%,71.43%
continuous_0311_S4_strategy2.npz,67 -> 57 -> 5 -> 34 -> 93 -> 42,67 -> 57 -> 5 -> 34 -> 93 -> 82 -> 66 -> 42,5,3,1,62.50%,83.33%,71.43%
continuous_0312_S4_strategy2.npz,24 -> 4 -> 94 -> 52 -> 42,24 -> 4 -> 7 -> 94 -> 52 -> 62 -> 42,5,2,0,71.43%,100.00%,83.33%
continuous_0313_S4_strategy2.npz,91 -> 13 -> 99 -> 25 -> 47,91 -> 13 -> 99 -> 25 -> 53 -> 47,4,2,1,66.67%,80.00%,72.73%
continuous_0314_S4_strategy2.npz,36 -> 64 -> 17 -> 4 -> 96 -> 84,36 -> 64 -> 17 -> 29 -> 4 -> 96 -> 84,4,3,2,57.14%,66.67%,61.54%
continuous_0315_S4_strategy2.npz,15 -> 49 -> 33 -> 58 -> 103 -> 9 -> 65,15 -> 49 -> 33 -> 58 -> 102 -> 103 -> 9 -> 77 -> 98 -> 65,6,4,1,60.00%,85.71%,70.59%
continuous_0316_S4_strategy2.npz,45 -> 80 -> 67 -> 91 -> 15 -> 56,45 -> 80 -> 67 -> 91 -> 75 -> 15 -> 56,6,1,0,85.71%,100.00%,92.31%
continuous_0317_S4_strategy2.npz,90 -> 13 -> 33 -> 58 -> 46 -> 79 -> 0,90 -> 13 -> 80 -> 33 -> 58 -> 81 -> 46 -> 28 -> 79 -> 0,6,4,1,60.00%,85.71%,70.59%
continuous_0318_S4_strategy2.npz,51 -> 13 -> 82 -> 31 -> 71,51 -> 13 -> 82 -> 31 -> 30 -> 71,4,2,1,66.67%,80.00%,72.73%
continuous_0319_S4_strategy2.npz,53 -> 67 -> 11 -> 3 -> 88 -> 42,53 -> 67 -> 11 -> 2 -> 3 -> 88 -> 42,3,4,3,42.86%,50.00%,46.15%
continuous_0320_S4_strategy2.npz,47 -> 65 -> 41 -> 3 -> 90 -> 53 -> 84,47 -> 65 -> 41 -> 3 -> 74 -> 90 -> 75 -> 53 -> 83 -> 84,3,7,4,30.00%,42.86%,35.29%
continuous_0321_S4_strategy2.npz,6 -> 49 -> 10 -> 102 -> 55 -> 33 -> 84,6 -> 17 -> 49 -> 10 -> 102 -> 55 -> 33 -> 63 -> 84,6,3,1,66.67%,85.71%,75.00%
continuous_0322_S4_strategy2.npz,19 -> 50 -> 104 -> 66 -> 55 -> 78 -> 30,19 -> 50 -> 59 -> 104 -> 103 -> 66 -> 19 -> 55 -> 78 -> 30,4,6,3,40.00%,57.14%,47.06%
continuous_0323_S4_strategy2.npz,0 -> 93 -> 83 -> 68 -> 95 -> 55 -> 49,0 -> 93 -> 83 -> 68 -> 95 -> 55 -> 49,7,0,0,100.00%,100.00%,100.00%
continuous_0324_S4_strategy2.npz,68 -> 48 -> 103 -> 35 -> 58 -> 73,68 -> 48 -> 103 -> 35 -> 58 -> 73,6,0,0,100.00%,100.00%,100.00%
continuous_0325_S4_strategy2.npz,45 -> 3 -> 82 -> 36 -> 57 -> 100,45 -> 3 -> 82 -> 31 -> 36 -> 35 -> 57 -> 100,3,5,3,37.50%,50.00%,42.86%
continuous_0326_S4_strategy2.npz,32 -> 59 -> 96 -> 2 -> 63 -> 76,32 -> 30 -> 59 -> 96 -> 103 -> 2 -> 63 -> 76,6,2,0,75.00%,100.00%,85.71%
continuous_0327_S4_strategy2.npz,89 -> 5 -> 40 -> 48 -> 52 -> 62 -> 97,89 -> 5 -> 40 -> 24 -> 48 -> 52 -> 62 -> 97,5,3,2,62.50%,71.43%,66.67%
continuous_0328_S4_strategy2.npz,59 -> 101 -> 0 -> 33 -> 89,59 -> 101 -> 50 -> 0 -> 33 -> 89,4,2,1,66.67%,80.00%,72.73%
continuous_0329_S4_strategy2.npz,72 -> 102 -> 11 -> 0 -> 42,72 -> 102 -> 11 -> 0 -> 14 -> 42,5,1,0,83.33%,100.00%,90.91%
continuous_0330_S4_strategy2.npz,91 -> 30 -> 96 -> 57 -> 78 -> 63 -> 49,91 -> 30 -> 96 -> 57 -> 78 -> 63 -> 85 -> 49,7,1,0,87.50%,100.00%,93.33%
continuous_0331_S4_strategy2.npz,46 -> 14 -> 61 -> 97 -> 92 -> 72 -> 34,46 -> 28 -> 14 -> 52 -> 61 -> 97 -> 92 -> 86 -> 72 -> 34,6,4,1,60.00%,85.71%,70.59%
continuous_0332_S4_strategy2.npz,36 -> 59 -> 11 -> 70 -> 76,36 -> 59 -> 11 -> 70 -> 76,5,0,0,100.00%,100.00%,100.00%
continuous_0333_S4_strategy2.npz,52 -> 33 -> 96 -> 67 -> 76 -> 5 -> 44,52 -> 33 -> 96 -> 67 -> 76 -> 5 -> 44,7,0,0,100.00%,100.00%,100.00%
continuous_0334_S4_strategy2.npz,44 -> 61 -> 10 -> 5 -> 62 -> 74 -> 36,44 -> 61 -> 10 -> 14 -> 5 -> 62 -> 95 -> 74 -> 30 -> 36,4,6,3,40.00%,57.14%,47.06%
continuous_0335_S4_strategy2.npz,32 -> 73 -> 55 -> 63 -> 100,32 -> 73 -> 59 -> 55 -> 63 -> 14 -> 100,4,3,1,57.14%,80.00%,66.67%
continuous_0336_S4_strategy2.npz,74 -> 97 -> 60 -> 71 -> 31 -> 47,74 -> 97 -> 65 -> 60 -> 3 -> 71 -> 31 -> 47,5,3,1,62.50%,83.33%,71.43%
continuous_0337_S4_strategy2.npz,79 -> 1 -> 70 -> 31 -> 15,79 -> 29 -> 1 -> 70 -> 69 -> 31 -> 15,4,3,1,57.14%,80.00%,66.67%
continuous_0338_S4_strategy2.npz,77 -> 19 -> 0 -> 55 -> 66 -> 49,77 -> 19 -> 0 -> 14 -> 55 -> 66 -> 19 -> 49,4,4,2,50.00%,66.67%,57.14%
continuous_0339_S4_strategy2.npz,58 -> 4 -> 68 -> 45 -> 10 -> 78 -> 99,58 -> 4 -> 95 -> 68 -> 45 -> 10 -> 78 -> 71 -> 99,6,3,1,66.67%,85.71%,75.00%
continuous_0340_S4_strategy2.npz,80 -> 14 -> 95 -> 59 -> 67 -> 46 -> 41,80 -> 66 -> 14 -> 95 -> 59 -> 51 -> 67 -> 46 -> 41,7,2,0,77.78%,100.00%,87.50%
continuous_0341_S4_strategy2.npz,57 -> 11 -> 68 -> 5 -> 101 -> 83,57 -> 11 -> 68 -> 5 -> 101 -> 15 -> 83,6,1,0,85.71%,100.00%,92.31%
continuous_0342_S4_strategy2.npz,8 -> 54 -> 63 -> 50 -> 76 -> 102 -> 10,8 -> 54 -> 63 -> 14 -> 50 -> 76 -> 19 -> 102 -> 10,5,4,2,55.56%,71.43%,62.50%
continuous_0343_S4_strategy2.npz,14 -> 66 -> 33 -> 80 -> 100,14 -> 20 -> 66 -> 33 -> 80 -> 100,4,2,1,66.67%,80.00%,72.73%
continuous_0344_S4_strategy2.npz,33 -> 4 -> 18 -> 44 -> 58,33 -> 4 -> 18 -> 44 -> 25 -> 58,5,1,0,83.33%,100.00%,90.91%
continuous_0345_S4_strategy2.npz,57 -> 6 -> 31 -> 78 -> 95 -> 50,57 -> 6 -> 48 -> 31 -> 78 -> 95 -> 50,5,2,1,71.43%,83.33%,76.92%
continuous_0346_S4_strategy2.npz,62 -> 17 -> 4 -> 61 -> 77,62 -> 17 -> 29 -> 4 -> 7 -> 61 -> 77,4,3,1,57.14%,80.00%,66.67%
continuous_0347_S4_strategy2.npz,78 -> 61 -> 19 -> 4 -> 33 -> 65,78 -> 61 -> 19 -> 74 -> 4 -> 85 -> 33 -> 98 -> 65,3,6,3,33.33%,50.00%,40.00%
continuous_0348_S4_strategy2.npz,68 -> 19 -> 101 -> 50 -> 2 -> 31,68 -> 19 -> 101 -> 15 -> 50 -> 2 -> 32 -> 41,4,4,2,50.00%,66.67%,57.14%
continuous_0349_S4_strategy2.npz,7 -> 78 -> 104 -> 32 -> 71 -> 43 -> 14,7 -> 77 -> 66 -> 78 -> 104 -> 103 -> 32 -> 71 -> 43 -> 20 -> 14,6,5,1,54.55%,85.71%,66.67%
continuous_0350_S4_strategy2.npz,39 -> 99 -> 64 -> 8 -> 57 -> 17 -> 77,39 -> 30 -> 99 -> 64 -> 8 -> 57 -> 17 -> 16 -> 77,6,3,1,66.67%,85.71%,75.00%
continuous_0351_S4_strategy2.npz,48 -> 7 -> 102 -> 40 -> 82,48 -> 7 -> 102 -> 32 -> 40 -> 30 -> 82,4,3,1,57.14%,80.00%,66.67%
continuous_0352_S4_strategy2.npz,10 -> 57 -> 65 -> 35 -> 45 -> 3 -> 76,10 -> 57 -> 59 -> 65 -> 63 -> 35 -> 45 -> 3 -> 76,5,4,2,55.56%,71.43%,62.50%
continuous_0353_S4_strategy2.npz,104 -> 11 -> 30 -> 1 -> 53 -> 45,104 -> 11 -> 30 -> 1 -> 53 -> 45,4,2,2,66.67%,66.67%,66.67%
continuous_0354_S4_strategy2.npz,1 -> 102 -> 47 -> 56 -> 16 -> 31 -> 79,1 -> 60 -> 102 -> 47 -> 56 -> 16 -> 31 -> 79,5,3,2,62.50%,71.43%,66.67%
continuous_0355_S4_strategy2.npz,66 -> 39 -> 6 -> 95 -> 51 -> 60,66 -> 30 -> 39 -> 6 -> 95 -> 15 -> 51 -> 59 -> 60,6,3,0,66.67%,100.00%,80.00%
continuous_0356_S4_strategy2.npz,11 -> 64 -> 95 -> 74 -> 2 -> 38,11 -> 64 -> 95 -> 74 -> 9 -> 2 -> 38,5,2,1,71.43%,83.33%,76.92%
continuous_0357_S4_strategy2.npz,53 -> 104 -> 71 -> 5 -> 72 -> 51 -> 37,53 -> 104 -> 71 -> 5 -> 66 -> 72 -> 51 -> 30 -> 37,6,3,1,66.67%,85.71%,75.00%
continuous_0358_S4_strategy2.npz,41 -> 5 -> 11 -> 58 -> 62 -> 74,41 -> 5 -> 11 -> 58 -> 62 -> 74,6,0,0,100.00%,100.00%,100.00%
continuous_0359_S4_strategy2.npz,33 -> 83 -> 5 -> 54 -> 101,33 -> 30 -> 83 -> 5 -> 54 -> 101,5,1,0,83.33%,100.00%,90.91%
continuous_0360_S4_strategy2.npz,97 -> 31 -> 81 -> 2 -> 53 -> 69,97 -> 31 -> 30 -> 81 -> 9 -> 2 -> 53 -> 69,6,2,0,75.00%,100.00%,85.71%
continuous_0361_S4_strategy2.npz,39 -> 66 -> 99 -> 12 -> 58 -> 77 -> 45,39 -> 66 -> 14 -> 99 -> 12 -> 58 -> 77 -> 45,6,2,1,75.00%,85.71%,80.00%
continuous_0362_S4_strategy2.npz,40 -> 18 -> 1 -> 95 -> 57 -> 50 -> 81,40 -> 30 -> 18 -> 0 -> 1 -> 95 -> 57 -> 14 -> 50 -> 81,7,3,0,70.00%,100.00%,82.35%
continuous_0363_S4_strategy2.npz,100 -> 45 -> 38 -> 10 -> 71 -> 4 -> 73,100 -> 45 -> 38 -> 10 -> 71 -> 4 -> 85 -> 73,6,2,1,75.00%,85.71%,80.00%
continuous_0364_S4_strategy2.npz,99 -> 36 -> 65 -> 45 -> 83 -> 7 -> 56,99 -> 36 -> 65 -> 45 -> 83 -> 7 -> 56,7,0,0,100.00%,100.00%,100.00%
continuous_0365_S4_strategy2.npz,102 -> 32 -> 82 -> 7 -> 47 -> 65 -> 17,102 -> 81 -> 32 -> 82 -> 34 -> 7 -> 47 -> 14 -> 65 -> 79 -> 17,6,5,1,54.55%,85.71%,66.67%
continuous_0366_S4_strategy2.npz,9 -> 97 -> 12 -> 62 -> 76 -> 53 -> 33,9 -> 97 -> 12 -> 3 -> 62 -> 76 -> 53 -> 30 -> 33,6,3,1,66.67%,85.71%,75.00%
continuous_0367_S4_strategy2.npz,72 -> 9 -> 35 -> 43 -> 13,72 -> 9 -> 30 -> 35 -> 43 -> 59 -> 13,5,2,0,71.43%,100.00%,83.33%
continuous_0368_S4_strategy2.npz,32 -> 18 -> 102 -> 68 -> 0 -> 46,32 -> 18 -> 102 -> 68 -> 98 -> 0 -> 46,6,1,0,85.71%,100.00%,92.31%
continuous_0369_S4_strategy2.npz,104 -> 38 -> 4 -> 42 -> 57 -> 62 -> 14,104 -> 38 -> 4 -> 77 -> 42 -> 57 -> 62 -> 14,7,1,0,87.50%,100.00%,93.33%
continuous_0370_S4_strategy2.npz,37 -> 15 -> 71 -> 51 -> 1 -> 104 -> 52,37 -> 15 -> 71 -> 51 -> 1 -> 104 -> 74 -> 52,7,1,0,87.50%,100.00%,93.33%
continuous_0371_S4_strategy2.npz,104 -> 74 -> 66 -> 18 -> 48 -> 36,104 -> 74 -> 66 -> 18 -> 48 -> 36,6,0,0,100.00%,100.00%,100.00%
continuous_0372_S4_strategy2.npz,36 -> 50 -> 56 -> 80 -> 64 -> 17 -> 96,36 -> 50 -> 59 -> 56 -> 80 -> 12 -> 64 -> 54 -> 17 -> 96,6,4,1,60.00%,85.71%,70.59%
continuous_0373_S4_strategy2.npz,82 -> 61 -> 46 -> 16 -> 34 -> 100,82 -> 61 -> 46 -> 16 -> 30 -> 34 -> 68 -> 100,4,4,2,50.00%,66.67%,57.14%
continuous_0374_S4_strategy2.npz,2 -> 33 -> 15 -> 95 -> 69,2 -> 33 -> 15 -> 95 -> 69,4,1,1,80.00%,80.00%,80.00%
continuous_0375_S4_strategy2.npz,69 -> 103 -> 8 -> 15 -> 41,69 -> 103 -> 57 -> 8 -> 77 -> 15 -> 41,5,2,0,71.43%,100.00%,83.33%
continuous_0376_S4_strategy2.npz,8 -> 13 -> 66 -> 76 -> 58 -> 100 -> 38,8 -> 13 -> 14 -> 66 -> 45 -> 76 -> 19 -> 58 -> 100 -> 38,5,5,2,50.00%,71.43%,58.82%
continuous_0377_S4_strategy2.npz,39 -> 98 -> 69 -> 16 -> 82,39 -> 98 -> 64 -> 69 -> 16 -> 82,5,1,0,83.33%,100.00%,90.91%
continuous_0378_S4_strategy2.npz,98 -> 49 -> 12 -> 63 -> 3 -> 80 -> 57,98 -> 49 -> 12 -> 14 -> 63 -> 3 -> 80 -> 57,6,2,1,75.00%,85.71%,80.00%
continuous_0379_S4_strategy2.npz,80 -> 51 -> 9 -> 70 -> 56 -> 10 -> 31,80 -> 51 -> 9 -> 70 -> 56 -> 10 -> 100 -> 31,7,1,0,87.50%,100.00%,93.33%
continuous_0380_S4_strategy2.npz,67 -> 19 -> 100 -> 53 -> 7,67 -> 19 -> 70 -> 100 -> 53 -> 7,5,1,0,83.33%,100.00%,90.91%
continuous_0381_S4_strategy2.npz,30 -> 12 -> 67 -> 54 -> 75,30 -> 12 -> 67 -> 54 -> 75,5,0,0,100.00%,100.00%,100.00%
continuous_0382_S4_strategy2.npz,49 -> 104 -> 58 -> 39 -> 71 -> 78 -> 6,49 -> 104 -> 103 -> 58 -> 32 -> 39 -> 66 -> 71 -> 78 -> 6,6,4,1,60.00%,85.71%,70.59%
continuous_0383_S4_strategy2.npz,48 -> 10 -> 34 -> 0 -> 98 -> 55,48 -> 10 -> 38 -> 34 -> 0 -> 98 -> 55,4,3,2,57.14%,66.67%,61.54%
continuous_0384_S4_strategy2.npz,71 -> 3 -> 59 -> 74 -> 36,71 -> 91 -> 3 -> 14 -> 59 -> 50 -> 74 -> 30 -> 36,5,4,0,55.56%,100.00%,71.43%
continuous_0385_S4_strategy2.npz,13 -> 9 -> 43 -> 75 -> 95 -> 68 -> 36,13 -> 104 -> 9 -> 50 -> 43 -> 19 -> 75 -> 95 -> 68 -> 36,5,5,2,50.00%,71.43%,58.82%
continuous_0386_S4_strategy2.npz,5 -> 101 -> 75 -> 17 -> 38,5 -> 101 -> 75 -> 17 -> 32 -> 38,4,2,1,66.67%,80.00%,72.73%
continuous_0387_S4_strategy2.npz,44 -> 60 -> 100 -> 15 -> 65 -> 83,44 -> 60 -> 100 -> 14 -> 15 -> 14 -> 65 -> 83,5,3,1,62.50%,83.33%,71.43%
continuous_0388_S4_strategy2.npz,30 -> 79 -> 55 -> 48 -> 14 -> 7 -> 65,30 -> 79 -> 59 -> 55 -> 48 -> 14 -> 7 -> 65,6,2,1,75.00%,85.71%,80.00%
continuous_0389_S4_strategy2.npz,43 -> 1 -> 19 -> 78 -> 58 -> 37 -> 71,43 -> 1 -> 19 -> 20 -> 78 -> 58 -> 37 -> 71,7,1,0,87.50%,100.00%,93.33%
continuous_0390_S4_strategy2.npz,65 -> 97 -> 16 -> 38 -> 2 -> 50 -> 58,65 -> 97 -> 16 -> 30 -> 38 -> 2 -> 50 -> 58,6,2,1,75.00%,85.71%,80.00%
continuous_0391_S4_strategy2.npz,40 -> 80 -> 46 -> 68 -> 15 -> 98,40 -> 80 -> 6 -> 46 -> 27 -> 68 -> 63 -> 15 -> 98,4,5,2,44.44%,66.67%,53.33%
continuous_0392_S4_strategy2.npz,1 -> 40 -> 15 -> 60 -> 51,1 -> 12 -> 40 -> 30 -> 15 -> 60 -> 14 -> 51,5,3,0,62.50%,100.00%,76.92%
continuous_0393_S4_strategy2.npz,84 -> 59 -> 6 -> 39 -> 71 -> 14 -> 50,84 -> 59 -> 6 -> 39 -> 71 -> 14 -> 50,5,2,2,71.43%,71.43%,71.43%
continuous_0394_S4_strategy2.npz,64 -> 11 -> 42 -> 78 -> 54 -> 40 -> 8,64 -> 11 -> 42 -> 50 -> 78 -> 54 -> 99 -> 40 -> 8,5,4,2,55.56%,71.43%,62.50%
continuous_0395_S4_strategy2.npz,9 -> 39 -> 48 -> 66 -> 17 -> 81 -> 56,9 -> 59 -> 39 -> 66 -> 48 -> 14 -> 66 -> 17 -> 81 -> 56,7,3,0,70.00%,100.00%,82.35%
continuous_0396_S4_strategy2.npz,43 -> 82 -> 39 -> 56 -> 18 -> 69,43 -> 82 -> 39 -> 56 -> 18 -> 70 -> 69,5,2,1,71.43%,83.33%,76.92%
continuous_0397_S4_strategy2.npz,1 -> 62 -> 37 -> 57 -> 84,1 -> 3 -> 62 -> 37 -> 34 -> 57 -> 84,5,2,0,71.43%,100.00%,83.33%
continuous_0398_S4_strategy2.npz,82 -> 45 -> 10 -> 68 -> 52 -> 30 -> 5,82 -> 45 -> 10 -> 68 -> 52 -> 30 -> 5,7,0,0,100.00%,100.00%,100.00%
continuous_0399_S4_strategy2.npz,19 -> 73 -> 69 -> 48 -> 38 -> 1,19 -> 73 -> 29 -> 69 -> 13 -> 48 -> 38 -> 1,5,3,1,62.50%,83.33%,71.43%
continuous_0400_S5_strategy2.npz,87 -> 11 -> 29 -> 100 -> 35 -> 43 -> 55,87 -> 67 -> 11 -> 29 -> 100 -> 39 -> 35 -> 70 -> 43 -> 55,7,3,0,70.00%,100.00%,82.35%
continuous_0401_S5_strategy2.npz,40 -> 29 -> 90 -> 49 -> 11 -> 9,40 -> 29 -> 74 -> 90 -> 49 -> 2 -> 11 -> 95 -> 9,6,3,0,66.67%,100.00%,80.00%
continuous_0402_S5_strategy2.npz,96 -> 2 -> 94 -> 77 -> 59 -> 44,96 -> 53 -> 29 -> 2 -> 1 -> 90 -> 94 -> 77 -> 78 -> 59 -> 0 -> 44,6,6,0,50.00%,100.00%,66.67%
continuous_0403_S5_strategy2.npz,62 -> 11 -> 31 -> 50 -> 26 -> 59,62 -> 59 -> 11 -> 31 -> 50 -> 73 -> 66 -> 26 -> 14 -> 59,6,4,0,60.00%,100.00%,75.00%
continuous_0404_S5_strategy2.npz,1 -> 35 -> 58 -> 24 -> 17 -> 74,1 -> 35 -> 58 -> 24 -> 17 -> 74,6,0,0,100.00%,100.00%,100.00%
continuous_0405_S5_strategy2.npz,59 -> 28 -> 81 -> 17 -> 87,59 -> 15 -> 28 -> 27 -> 81 -> 17 -> 87,4,3,1,57.14%,80.00%,66.67%
continuous_0406_S5_strategy2.npz,17 -> 40 -> 49 -> 87 -> 95 -> 81,17 -> 6 -> 40 -> 49 -> 87 -> 77 -> 95 -> 14 -> 81,5,4,1,55.56%,83.33%,66.67%
continuous_0407_S5_strategy2.npz,90 -> 104 -> 10 -> 3 -> 26,90 -> 104 -> 10 -> 3 -> 26,5,0,0,100.00%,100.00%,100.00%
continuous_0408_S5_strategy2.npz,46 -> 95 -> 36 -> 12 -> 8 -> 85 -> 82,46 -> 95 -> 36 -> 34 -> 12 -> 8 -> 85 -> 82,7,1,0,87.50%,100.00%,93.33%
continuous_0409_S5_strategy2.npz,99 -> 44 -> 16 -> 85 -> 21 -> 38 -> 59,99 -> 21 -> 44 -> 16 -> 85 -> 30 -> 21 -> 38 -> 67 -> 59,7,3,0,70.00%,100.00%,82.35%
continuous_0410_S5_strategy2.npz,67 -> 19 -> 40 -> 7 -> 43,67 -> 19 -> 14 -> 40 -> 7 -> 43,5,1,0,83.33%,100.00%,90.91%
continuous_0411_S5_strategy2.npz,89 -> 34 -> 12 -> 78 -> 0,89 -> 36 -> 34 -> 12 -> 78 -> 0,5,1,0,83.33%,100.00%,90.91%
continuous_0412_S5_strategy2.npz,60 -> 66 -> 48 -> 6 -> 32 -> 92 -> 17,60 -> 66 -> 48 -> 6 -> 32 -> 92 -> 17,7,0,0,100.00%,100.00%,100.00%
continuous_0413_S5_strategy2.npz,9 -> 28 -> 47 -> 71 -> 10 -> 82,9 -> 28 -> 47 -> 100 -> 71 -> 93 -> 10 -> 67 -> 82,6,3,0,66.67%,100.00%,80.00%
continuous_0414_S5_strategy2.npz,9 -> 104 -> 18 -> 94 -> 47,9 -> 50 -> 104 -> 18 -> 90 -> 94 -> 47,4,3,1,57.14%,80.00%,66.67%
continuous_0415_S5_strategy2.npz,56 -> 11 -> 104 -> 38 -> 47 -> 22,56 -> 43 -> 11 -> 98 -> 104 -> 38 -> 47 -> 22,6,2,0,75.00%,100.00%,85.71%
continuous_0416_S5_strategy2.npz,50 -> 53 -> 92 -> 84 -> 96 -> 33 -> 62,50 -> 66 -> 53 -> 92 -> 84 -> 96 -> 33 -> 62,7,1,0,87.50%,100.00%,93.33%
continuous_0417_S5_strategy2.npz,28 -> 98 -> 18 -> 53 -> 67 -> 6 -> 92,28 -> 98 -> 18 -> 53 -> 67 -> 6 -> 92,7,0,0,100.00%,100.00%,100.00%
continuous_0418_S5_strategy2.npz,102 -> 60 -> 26 -> 40 -> 6 -> 89,102 -> 60 -> 26 -> 40 -> 6 -> 89,6,0,0,100.00%,100.00%,100.00%
continuous_0419_S5_strategy2.npz,22 -> 49 -> 30 -> 19 -> 2,22 -> 49 -> 30 -> 37 -> 20 -> 19 -> 2,3,4,2,42.86%,60.00%,50.00%
continuous_0420_S5_strategy2.npz,4 -> 50 -> 96 -> 81 -> 54 -> 90,4 -> 85 -> 50 -> 96 -> 81 -> 54 -> 90,6,1,0,85.71%,100.00%,92.31%
continuous_0421_S5_strategy2.npz,55 -> 1 -> 10 -> 33 -> 92 -> 47 -> 104,55 -> 1 -> 10 -> 70 -> 33 -> 92 -> 31 -> 47 -> 104,6,3,1,66.67%,85.71%,75.00%
continuous_0422_S5_strategy2.npz,45 -> 17 -> 64 -> 56 -> 24,45 -> 17 -> 64 -> 56 -> 24,5,0,0,100.00%,100.00%,100.00%
continuous_0423_S5_strategy2.npz,2 -> 66 -> 48 -> 25 -> 12 -> 55 -> 89,2 -> 66 -> 48 -> 22 -> 25 -> 12 -> 55 -> 89,7,1,0,87.50%,100.00%,93.33%
continuous_0424_S5_strategy2.npz,30 -> 51 -> 55 -> 3 -> 104 -> 20 -> 93,30 -> 51 -> 55 -> 3 -> 14 -> 104 -> 103 -> 20 -> 93,7,2,0,77.78%,100.00%,87.50%
continuous_0425_S5_strategy2.npz,43 -> 100 -> 69 -> 87 -> 38 -> 74 -> 14,43 -> 59 -> 100 -> 69 -> 87 -> 38 -> 74 -> 77 -> 14,7,2,0,77.78%,100.00%,87.50%
continuous_0426_S5_strategy2.npz,17 -> 36 -> 57 -> 104 -> 46 -> 82,17 -> 36 -> 57 -> 67 -> 104 -> 46 -> 82,4,3,2,57.14%,66.67%,61.54%
continuous_0427_S5_strategy2.npz,9 -> 18 -> 26 -> 90 -> 42 -> 37 -> 101,9 -> 18 -> 73 -> 26 -> 90 -> 42 -> 37 -> 101,6,2,1,75.00%,85.71%,80.00%
continuous_0428_S5_strategy2.npz,20 -> 61 -> 39 -> 46 -> 101 -> 16,20 -> 61 -> 39 -> 27 -> 46 -> 27 -> 101 -> 16,3,5,3,37.50%,50.00%,42.86%
continuous_0429_S5_strategy2.npz,66 -> 19 -> 33 -> 103 -> 46,66 -> 19 -> 33 -> 37 -> 103 -> 46,5,1,0,83.33%,100.00%,90.91%
continuous_0430_S5_strategy2.npz,44 -> 2 -> 82 -> 69 -> 17,44 -> 1 -> 2 -> 82 -> 69 -> 17,4,2,1,66.67%,80.00%,72.73%
continuous_0431_S5_strategy2.npz,73 -> 29 -> 102 -> 90 -> 43 -> 17,73 -> 29 -> 102 -> 90 -> 42 -> 43 -> 20 -> 17,5,3,1,62.50%,83.33%,71.43%
continuous_0432_S5_strategy2.npz,53 -> 83 -> 4 -> 12 -> 88 -> 37,53 -> 83 -> 48 -> 20 -> 4 -> 12 -> 88 -> 37,6,2,0,75.00%,100.00%,85.71%
continuous_0433_S5_strategy2.npz,22 -> 63 -> 35 -> 19 -> 93,22 -> 14 -> 63 -> 59 -> 39 -> 35 -> 41 -> 19 -> 10 -> 93,5,5,0,50.00%,100.00%,66.67%
continuous_0434_S5_strategy2.npz,60 -> 75 -> 44 -> 15 -> 28,60 -> 75 -> 44 -> 15 -> 28,5,0,0,100.00%,100.00%,100.00%
continuous_0435_S5_strategy2.npz,24 -> 46 -> 66 -> 52 -> 103 -> 19 -> 32,24 -> 46 -> 27 -> 66 -> 52 -> 103 -> 19 -> 67 -> 33 -> 32,4,6,3,40.00%,57.14%,47.06%
continuous_0436_S5_strategy2.npz,83 -> 101 -> 91 -> 10 -> 66,83 -> 101 -> 91 -> 10 -> 66,5,0,0,100.00%,100.00%,100.00%
continuous_0437_S5_strategy2.npz,87 -> 64 -> 24 -> 84 -> 37 -> 60,87 -> 64 -> 24 -> 84 -> 37 -> 60,6,0,0,100.00%,100.00%,100.00%
continuous_0438_S5_strategy2.npz,20 -> 88 -> 3 -> 96 -> 32 -> 77 -> 69,20 -> 88 -> 3 -> 96 -> 32 -> 77 -> 69,5,2,2,71.43%,71.43%,71.43%
continuous_0439_S5_strategy2.npz,2 -> 91 -> 55 -> 45 -> 41 -> 71 -> 22,2 -> 91 -> 98 -> 55 -> 67 -> 45 -> 41 -> 39 -> 71 -> 95 -> 22,5,6,2,45.45%,71.43%,55.56%
continuous_0440_S5_strategy2.npz,89 -> 39 -> 98 -> 73 -> 66 -> 57,89 -> 39 -> 98 -> 73 -> 70 -> 66 -> 57,5,2,1,71.43%,83.33%,76.92%
continuous_0441_S5_strategy2.npz,93 -> 3 -> 79 -> 66 -> 53,93 -> 3 -> 79 -> 66 -> 20 -> 53,4,2,1,66.67%,80.00%,72.73%
continuous_0442_S5_strategy2.npz,54 -> 51 -> 97 -> 34 -> 78 -> 90,54 -> 51 -> 97 -> 34 -> 77 -> 78 -> 90,6,1,0,85.71%,100.00%,92.31%
continuous_0443_S5_strategy2.npz,99 -> 58 -> 13 -> 23 -> 5 -> 69,99 -> 58 -> 13 -> 27 -> 23 -> 5 -> 69,5,2,1,71.43%,83.33%,76.92%
continuous_0444_S5_strategy2.npz,92 -> 100 -> 44 -> 8 -> 37 -> 16,92 -> 100 -> 21 -> 44 -> 8 -> 33 -> 37 -> 16,5,3,1,62.50%,83.33%,71.43%
continuous_0445_S5_strategy2.npz,72 -> 22 -> 70 -> 86 -> 19 -> 55 -> 102,72 -> 22 -> 70 -> 19 -> 86 -> 19 -> 55 -> 67 -> 102,5,4,2,55.56%,71.43%,62.50%
continuous_0446_S5_strategy2.npz,2 -> 61 -> 39 -> 94 -> 62,2 -> 61 -> 36 -> 39 -> 95 -> 94 -> 62,5,2,0,71.43%,100.00%,83.33%
continuous_0447_S5_strategy2.npz,93 -> 25 -> 83 -> 56 -> 63,93 -> 77 -> 25 -> 83 -> 56 -> 63,4,2,1,66.67%,80.00%,72.73%
continuous_0448_S5_strategy2.npz,8 -> 74 -> 93 -> 62 -> 95 -> 35,8 -> 74 -> 93 -> 62 -> 95 -> 30 -> 35,4,3,2,57.14%,66.67%,61.54%
continuous_0449_S5_strategy2.npz,39 -> 25 -> 99 -> 73 -> 3 -> 70,39 -> 95 -> 25 -> 99 -> 73 -> 29 -> 3 -> 70,6,2,0,75.00%,100.00%,85.71%
continuous_0450_S5_strategy2.npz,102 -> 43 -> 64 -> 41 -> 4,102 -> 9 -> 43 -> 64 -> 41 -> 4,5,1,0,83.33%,100.00%,90.91%
continuous_0451_S5_strategy2.npz,50 -> 56 -> 82 -> 15 -> 66 -> 41 -> 104,50 -> 2 -> 56 -> 82 -> 15 -> 66 -> 41 -> 104,7,1,0,87.50%,100.00%,93.33%
continuous_0452_S5_strategy2.npz,91 -> 23 -> 70 -> 73 -> 100 -> 47 -> 56,91 -> 23 -> 69 -> 70 -> 73 -> 100 -> 86 -> 47 -> 11 -> 56,7,3,0,70.00%,100.00%,82.35%
continuous_0453_S5_strategy2.npz,47 -> 83 -> 93 -> 99 -> 59,47 -> 83 -> 93 -> 99 -> 59,5,0,0,100.00%,100.00%,100.00%
continuous_0454_S5_strategy2.npz,15 -> 88 -> 0 -> 83 -> 98,15 -> 55 -> 88 -> 0 -> 83 -> 98,4,2,1,66.67%,80.00%,72.73%
continuous_0455_S5_strategy2.npz,4 -> 97 -> 33 -> 87 -> 70 -> 73 -> 18,4 -> 97 -> 33 -> 30 -> 87 -> 70 -> 66 -> 73 -> 71 -> 18,3,7,4,30.00%,42.86%,35.29%
continuous_0456_S5_strategy2.npz,57 -> 10 -> 84 -> 102 -> 5 -> 67 -> 26,57 -> 10 -> 84 -> 102 -> 5 -> 66 -> 74 -> 67 -> 51 -> 26,7,3,0,70.00%,100.00%,82.35%
continuous_0457_S5_strategy2.npz,58 -> 65 -> 16 -> 9 -> 76 -> 97,58 -> 102 -> 65 -> 10 -> 16 -> 9 -> 76 -> 97,6,2,0,75.00%,100.00%,85.71%
continuous_0458_S5_strategy2.npz,13 -> 102 -> 84 -> 71 -> 39,13 -> 102 -> 84 -> 71 -> 91 -> 39,5,1,0,83.33%,100.00%,90.91%
continuous_0459_S5_strategy2.npz,72 -> 34 -> 27 -> 64 -> 98 -> 94 -> 19,72 -> 36 -> 34 -> 27 -> 64 -> 98 -> 94 -> 19,7,1,0,87.50%,100.00%,93.33%
continuous_0460_S5_strategy2.npz,74 -> 36 -> 51 -> 103 -> 1 -> 21,74 -> 36 -> 51 -> 103 -> 1 -> 21,6,0,0,100.00%,100.00%,100.00%
continuous_0461_S5_strategy2.npz,29 -> 13 -> 42 -> 52 -> 0 -> 96 -> 68,29 -> 13 -> 42 -> 52 -> 9 -> 0 -> 49 -> 96 -> 68,5,4,2,55.56%,71.43%,62.50%
continuous_0462_S5_strategy2.npz,59 -> 32 -> 77 -> 19 -> 22,59 -> 32 -> 30 -> 77 -> 19 -> 22,4,2,1,66.67%,80.00%,72.73%
continuous_0463_S5_strategy2.npz,59 -> 6 -> 11 -> 24 -> 32 -> 69,59 -> 6 -> 43 -> 11 -> 24 -> 32 -> 74 -> 69,5,3,1,62.50%,83.33%,71.43%
continuous_0464_S5_strategy2.npz,88 -> 43 -> 100 -> 22 -> 18 -> 67 -> 81,88 -> 20 -> 43 -> 100 -> 22 -> 14 -> 18 -> 67 -> 81,7,2,0,77.78%,100.00%,87.50%
continuous_0465_S5_strategy2.npz,97 -> 87 -> 21 -> 79 -> 63,97 -> 87 -> 95 -> 21 -> 79 -> 11 -> 63,5,2,0,71.43%,100.00%,83.33%
continuous_0466_S5_strategy2.npz,10 -> 66 -> 46 -> 1 -> 92 -> 83 -> 28,10 -> 74 -> 66 -> 46 -> 0 -> 1 -> 92 -> 94 -> 83 -> 28,7,3,0,70.00%,100.00%,82.35%
continuous_0467_S5_strategy2.npz,45 -> 56 -> 31 -> 100 -> 3 -> 75 -> 29,45 -> 56 -> 31 -> 88 -> 100 -> 3 -> 75 -> 29,7,1,0,87.50%,100.00%,93.33%
continuous_0468_S5_strategy2.npz,8 -> 19 -> 77 -> 94 -> 37,8 -> 66 -> 19 -> 87 -> 77 -> 90 -> 94 -> 37,4,4,1,50.00%,80.00%,61.54%
continuous_0469_S5_strategy2.npz,4 -> 12 -> 92 -> 75 -> 23 -> 50 -> 98,4 -> 12 -> 92 -> 75 -> 23 -> 50 -> 95 -> 98,6,2,1,75.00%,85.71%,80.00%
continuous_0470_S5_strategy2.npz,67 -> 101 -> 8 -> 86 -> 61 -> 74,67 -> 66 -> 101 -> 8 -> 86 -> 61 -> 74,6,1,0,85.71%,100.00%,92.31%
continuous_0471_S5_strategy2.npz,75 -> 102 -> 12 -> 37 -> 0 -> 56,75 -> 102 -> 12 -> 37 -> 0 -> 56,6,0,0,100.00%,100.00%,100.00%
continuous_0472_S5_strategy2.npz,92 -> 67 -> 0 -> 20 -> 103 -> 58 -> 42,92 -> 94 -> 67 -> 0 -> 98 -> 20 -> 104 -> 103 -> 67 -> 58 -> 42,6,5,1,54.55%,85.71%,66.67%
continuous_0473_S5_strategy2.npz,69 -> 76 -> 85 -> 45 -> 12 -> 31 -> 61,69 -> 76 -> 55 -> 85 -> 45 -> 12 -> 31 -> 61,7,1,0,87.50%,100.00%,93.33%
continuous_0474_S5_strategy2.npz,65 -> 45 -> 56 -> 11 -> 36 -> 99 -> 76,65 -> 79 -> 45 -> 56 -> 43 -> 11 -> 36 -> 37 -> 99 -> 76,6,4,1,60.00%,85.71%,70.59%
continuous_0475_S5_strategy2.npz,89 -> 80 -> 67 -> 5 -> 47 -> 96,89 -> 80 -> 67 -> 5 -> 47 -> 96,6,0,0,100.00%,100.00%,100.00%
continuous_0476_S5_strategy2.npz,75 -> 46 -> 60 -> 7 -> 69,75 -> 46 -> 60 -> 7 -> 66 -> 69,5,1,0,83.33%,100.00%,90.91%
continuous_0477_S5_strategy2.npz,78 -> 55 -> 69 -> 85 -> 43 -> 27,78 -> 98 -> 55 -> 69 -> 85 -> 43 -> 42 -> 27,6,2,0,75.00%,100.00%,85.71%
continuous_0478_S5_strategy2.npz,80 -> 38 -> 18 -> 71 -> 21 -> 93 -> 61,80 -> 33 -> 38 -> 18 -> 71 -> 21 -> 45 -> 93 -> 77 -> 61,6,4,1,60.00%,85.71%,70.59%
continuous_0479_S5_strategy2.npz,104 -> 85 -> 66 -> 1 -> 13,104 -> 103 -> 85 -> 66 -> 1 -> 13,5,1,0,83.33%,100.00%,90.91%
continuous_0480_S5_strategy2.npz,68 -> 85 -> 0 -> 41 -> 26,68 -> 85 -> 0 -> 41 -> 26,5,0,0,100.00%,100.00%,100.00%
continuous_0481_S5_strategy2.npz,28 -> 34 -> 102 -> 89 -> 55 -> 7,28 -> 36 -> 34 -> 102 -> 89 -> 55 -> 57 -> 90 -> 7,6,3,0,66.67%,100.00%,80.00%
continuous_0482_S5_strategy2.npz,88 -> 32 -> 22 -> 78 -> 66 -> 9,88 -> 30 -> 32 -> 22 -> 78 -> 66 -> 70 -> 9,5,3,1,62.50%,83.33%,71.43%
continuous_0483_S5_strategy2.npz,21 -> 90 -> 37 -> 99 -> 64 -> 10,21 -> 87 -> 90 -> 37 -> 99 -> 64 -> 10,6,1,0,85.71%,100.00%,92.31%
continuous_0484_S5_strategy2.npz,81 -> 93 -> 19 -> 102 -> 9 -> 29 -> 31,81 -> 93 -> 20 -> 19 -> 11 -> 102 -> 69 -> 9 -> 16 -> 29 -> 31,6,5,1,54.55%,85.71%,66.67%
continuous_0485_S5_strategy2.npz,24 -> 97 -> 66 -> 40 -> 56 -> 43,24 -> 97 -> 66 -> 40 -> 56 -> 20 -> 43,6,1,0,85.71%,100.00%,92.31%
continuous_0486_S5_strategy2.npz,89 -> 8 -> 104 -> 13 -> 76 -> 60 -> 21,89 -> 8 -> 104 -> 12 -> 13 -> 76 -> 60 -> 21,7,1,0,87.50%,100.00%,93.33%
continuous_0487_S5_strategy2.npz,93 -> 7 -> 29 -> 50 -> 100,93 -> 7 -> 29 -> 50 -> 73 -> 100,5,1,0,83.33%,100.00%,90.91%
continuous_0488_S5_strategy2.npz,55 -> 30 -> 18 -> 89 -> 48,55 -> 57 -> 30 -> 18 -> 89 -> 48,5,1,0,83.33%,100.00%,90.91%
continuous_0489_S5_strategy2.npz,45 -> 79 -> 60 -> 88 -> 22 -> 4 -> 71,45 -> 79 -> 60 -> 88 -> 22 -> 14 -> 4 -> 85 -> 71,5,4,2,55.56%,71.43%,62.50%
continuous_0490_S5_strategy2.npz,5 -> 41 -> 74 -> 55 -> 13,5 -> 85 -> 41 -> 74 -> 57 -> 55 -> 67 -> 13,5,3,0,62.50%,100.00%,76.92%
continuous_0491_S5_strategy2.npz,35 -> 5 -> 55 -> 63 -> 50 -> 101,35 -> 41 -> 5 -> 55 -> 63 -> 50 -> 68 -> 101,6,2,0,75.00%,100.00%,85.71%
continuous_0492_S5_strategy2.npz,23 -> 12 -> 78 -> 94 -> 49 -> 97 -> 0,23 -> 12 -> 78 -> 94 -> 49 -> 97 -> 0,6,1,1,85.71%,85.71%,85.71%
continuous_0493_S5_strategy2.npz,72 -> 97 -> 7 -> 54 -> 16 -> 46 -> 23,72 -> 83 -> 97 -> 7 -> 54 -> 16 -> 46 -> 27 -> 23,7,2,0,77.78%,100.00%,87.50%
continuous_0494_S5_strategy2.npz,53 -> 15 -> 68 -> 93 -> 28,53 -> 15 -> 63 -> 68 -> 93 -> 77 -> 27 -> 28,5,3,0,62.50%,100.00%,76.92%
continuous_0495_S5_strategy2.npz,83 -> 70 -> 40 -> 20 -> 46 -> 90,83 -> 69 -> 70 -> 40 -> 66 -> 20 -> 46 -> 95 -> 90,6,3,0,66.67%,100.00%,80.00%
continuous_0496_S5_strategy2.npz,26 -> 93 -> 10 -> 51 -> 52 -> 31 -> 73,26 -> 93 -> 10 -> 51 -> 52 -> 32 -> 31 -> 95 -> 73,7,2,0,77.78%,100.00%,87.50%
continuous_0497_S5_strategy2.npz,90 -> 11 -> 100 -> 3 -> 24 -> 62 -> 80,90 -> 11 -> 100 -> 3 -> 95 -> 24 -> 62 -> 80,4,4,3,50.00%,57.14%,53.33%
continuous_0498_S5_strategy2.npz,17 -> 38 -> 86 -> 26 -> 9,17 -> 38 -> 86 -> 26 -> 22 -> 9,4,2,1,66.67%,80.00%,72.73%
continuous_0499_S5_strategy2.npz,91 -> 96 -> 31 -> 4 -> 25 -> 16 -> 72,91 -> 96 -> 31 -> 4 -> 91 -> 25 -> 104 -> 16 -> 90 -> 72,4,6,3,40.00%,57.14%,47.06%
continuous_0500_S5_strategy2.npz,5 -> 68 -> 24 -> 89 -> 81 -> 14,5 -> 68 -> 24 -> 89 -> 104 -> 81 -> 14,6,1,0,85.71%,100.00%,92.31%
continuous_0501_S5_strategy2.npz,35 -> 59 -> 94 -> 100 -> 76 -> 10 -> 45,35 -> 59 -> 94 -> 100 -> 76 -> 10 -> 102 -> 45,7,1,0,87.50%,100.00%,93.33%
continuous_0502_S5_strategy2.npz,70 -> 41 -> 57 -> 96 -> 47,70 -> 41 -> 57 -> 96 -> 47,5,0,0,100.00%,100.00%,100.00%
continuous_0503_S5_strategy2.npz,2 -> 62 -> 36 -> 42 -> 80 -> 103,2 -> 62 -> 68 -> 36 -> 42 -> 15 -> 80 -> 103,5,3,1,62.50%,83.33%,71.43%
continuous_0504_S5_strategy2.npz,45 -> 62 -> 91 -> 84 -> 24,45 -> 62 -> 91 -> 84 -> 24,5,0,0,100.00%,100.00%,100.00%
continuous_0505_S5_strategy2.npz,30 -> 99 -> 22 -> 89 -> 2 -> 59 -> 70,30 -> 99 -> 22 -> 13 -> 89 -> 2 -> 63 -> 59 -> 70,5,4,2,55.56%,71.43%,62.50%
continuous_0506_S5_strategy2.npz,75 -> 32 -> 65 -> 4 -> 61 -> 13,75 -> 38 -> 77 -> 65 -> 79 -> 4 -> 61 -> 13,5,3,1,62.50%,83.33%,71.43%
continuous_0507_S5_strategy2.npz,4 -> 12 -> 58 -> 26 -> 85 -> 31,4 -> 12 -> 58 -> 26 -> 85 -> 31,6,0,0,100.00%,100.00%,100.00%
continuous_0508_S5_strategy2.npz,51 -> 15 -> 86 -> 4 -> 27 -> 37 -> 70,51 -> 15 -> 86 -> 14 -> 4 -> 85 -> 27 -> 33 -> 37 -> 70,5,5,2,50.00%,71.43%,58.82%
continuous_0509_S5_strategy2.npz,27 -> 48 -> 57 -> 87 -> 8 -> 65 -> 40,27 -> 48 -> 57 -> 87 -> 77 -> 8 -> 65 -> 40,7,1,0,87.50%,100.00%,93.33%
continuous_0510_S5_strategy2.npz,42 -> 104 -> 75 -> 86 -> 5 -> 33 -> 69,42 -> 104 -> 75 -> 86 -> 5 -> 33 -> 69,6,1,1,85.71%,85.71%,85.71%
continuous_0511_S5_strategy2.npz,8 -> 71 -> 45 -> 13 -> 97 -> 78,8 -> 77 -> 71 -> 45 -> 13 -> 97 -> 98 -> 78,6,2,0,75.00%,100.00%,85.71%
continuous_0512_S5_strategy2.npz,7 -> 57 -> 85 -> 100 -> 29,7 -> 57 -> 85 -> 100 -> 66 -> 29,5,1,0,83.33%,100.00%,90.91%
continuous_0513_S5_strategy2.npz,13 -> 74 -> 38 -> 2 -> 96 -> 55,13 -> 74 -> 38 -> 29 -> 2 -> 96 -> 98 -> 55,4,4,2,50.00%,66.67%,57.14%
continuous_0514_S5_strategy2.npz,43 -> 38 -> 57 -> 29 -> 16,43 -> 38 -> 57 -> 29 -> 16,5,0,0,100.00%,100.00%,100.00%
continuous_0515_S5_strategy2.npz,70 -> 81 -> 14 -> 21 -> 59 -> 88,70 -> 81 -> 22 -> 14 -> 42 -> 21 -> 59 -> 88,6,2,0,75.00%,100.00%,85.71%
continuous_0516_S5_strategy2.npz,4 -> 16 -> 20 -> 49 -> 87 -> 52 -> 34,4 -> 16 -> 20 -> 49 -> 87 -> 52 -> 38 -> 34,5,3,2,62.50%,71.43%,66.67%
continuous_0517_S5_strategy2.npz,99 -> 30 -> 86 -> 75 -> 11,99 -> 30 -> 86 -> 75 -> 11,5,0,0,100.00%,100.00%,100.00%
continuous_0518_S5_strategy2.npz,54 -> 34 -> 101 -> 14 -> 4,54 -> 57 -> 36 -> 34 -> 101 -> 14 -> 15 -> 4,5,3,0,62.50%,100.00%,76.92%
continuous_0519_S5_strategy2.npz,47 -> 12 -> 72 -> 85 -> 53 -> 3,47 -> 12 -> 72 -> 85 -> 53 -> 3,5,1,1,83.33%,83.33%,83.33%
continuous_0520_S5_strategy2.npz,69 -> 42 -> 90 -> 1 -> 53 -> 83,69 -> 42 -> 90 -> 1 -> 53 -> 83,6,0,0,100.00%,100.00%,100.00%
continuous_0521_S5_strategy2.npz,60 -> 97 -> 86 -> 30 -> 80,60 -> 72 -> 97 -> 86 -> 35 -> 30 -> 37 -> 80,4,4,1,50.00%,80.00%,61.54%
continuous_0522_S5_strategy2.npz,78 -> 24 -> 34 -> 9 -> 52 -> 70,78 -> 63 -> 24 -> 22 -> 38 -> 34 -> 69 -> 9 -> 50 -> 52 -> 69 -> 70,6,6,0,50.00%,100.00%,66.67%
continuous_0523_S5_strategy2.npz,2 -> 16 -> 55 -> 96 -> 85,2 -> 16 -> 55 -> 90 -> 96 -> 85,5,1,0,83.33%,100.00%,90.91%
continuous_0524_S5_strategy2.npz,19 -> 43 -> 23 -> 104 -> 86 -> 70 -> 3,19 -> 43 -> 23 -> 104 -> 103 -> 86 -> 70 -> 3,7,1,0,87.50%,100.00%,93.33%
continuous_0525_S5_strategy2.npz,10 -> 66 -> 31 -> 56 -> 74 -> 23,10 -> 66 -> 31 -> 56 -> 74 -> 23,6,0,0,100.00%,100.00%,100.00%
continuous_0526_S5_strategy2.npz,74 -> 4 -> 39 -> 16 -> 50,74 -> 4 -> 85 -> 39 -> 32 -> 39 -> 16 -> 59 -> 50,3,6,2,33.33%,60.00%,42.86%
continuous_0527_S5_strategy2.npz,19 -> 88 -> 53 -> 0 -> 49 -> 103,19 -> 88 -> 53 -> 9 -> 0 -> 49 -> 103,6,1,0,85.71%,100.00%,92.31%
continuous_0528_S5_strategy2.npz,9 -> 11 -> 90 -> 62 -> 20 -> 101,9 -> 43 -> 11 -> 90 -> 62 -> 20 -> 101,6,1,0,85.71%,100.00%,92.31%
continuous_0529_S5_strategy2.npz,82 -> 12 -> 0 -> 86 -> 51,82 -> 12 -> 0 -> 86 -> 51,5,0,0,100.00%,100.00%,100.00%
continuous_0530_S5_strategy2.npz,99 -> 64 -> 40 -> 59 -> 49,99 -> 64 -> 40 -> 37 -> 59 -> 49,5,1,0,83.33%,100.00%,90.91%
continuous_0531_S5_strategy2.npz,72 -> 0 -> 13 -> 27 -> 101 -> 47,72 -> 0 -> 12 -> 13 -> 27 -> 14 -> 101 -> 47,6,2,0,75.00%,100.00%,85.71%
continuous_0532_S5_strategy2.npz,66 -> 51 -> 13 -> 87 -> 101 -> 22 -> 41,66 -> 51 -> 12 -> 13 -> 87 -> 66 -> 22 -> 41,6,2,1,75.00%,85.71%,80.00%
continuous_0533_S5_strategy2.npz,69 -> 102 -> 10 -> 32 -> 6,69 -> 70 -> 102 -> 81 -> 10 -> 32 -> 6,5,2,0,71.43%,100.00%,83.33%
continuous_0534_S5_strategy2.npz,10 -> 46 -> 89 -> 71 -> 57 -> 33,10 -> 19 -> 46 -> 89 -> 71 -> 57 -> 33,6,1,0,85.71%,100.00%,92.31%
continuous_0535_S5_strategy2.npz,63 -> 102 -> 73 -> 17 -> 45 -> 40,63 -> 11 -> 102 -> 81 -> 73 -> 17 -> 45 -> 40,6,2,0,75.00%,100.00%,85.71%
continuous_0536_S5_strategy2.npz,65 -> 104 -> 73 -> 36 -> 94 -> 1,65 -> 104 -> 73 -> 36 -> 90 -> 94 -> 1,6,1,0,85.71%,100.00%,92.31%
continuous_0537_S5_strategy2.npz,36 -> 9 -> 24 -> 96 -> 55 -> 15,36 -> 37 -> 9 -> 77 -> 24 -> 96 -> 55 -> 15,6,2,0,75.00%,100.00%,85.71%
continuous_0538_S5_strategy2.npz,36 -> 92 -> 101 -> 14 -> 48 -> 70,36 -> 37 -> 92 -> 101 -> 14 -> 0 -> 48 -> 9 -> 70,5,4,1,55.56%,83.33%,66.67%
continuous_0539_S5_strategy2.npz,43 -> 87 -> 98 -> 68 -> 21,43 -> 20 -> 87 -> 98 -> 68 -> 21,5,1,0,83.33%,100.00%,90.91%
continuous_0540_S5_strategy2.npz,38 -> 16 -> 25 -> 84 -> 46 -> 99 -> 65,38 -> 32 -> 16 -> 104 -> 25 -> 84 -> 46 -> 27 -> 99 -> 65,7,3,0,70.00%,100.00%,82.35%
continuous_0541_S5_strategy2.npz,12 -> 62 -> 28 -> 37 -> 98,12 -> 62 -> 63 -> 28 -> 27 -> 37 -> 98,4,3,1,57.14%,80.00%,66.67%
continuous_0542_S5_strategy2.npz,93 -> 80 -> 1 -> 25 -> 41 -> 63 -> 44,93 -> 80 -> 1 -> 25 -> 41 -> 63 -> 59 -> 44,4,4,3,50.00%,57.14%,53.33%
continuous_0543_S5_strategy2.npz,65 -> 50 -> 2 -> 54 -> 101 -> 23,65 -> 50 -> 29 -> 2 -> 56 -> 54 -> 67 -> 101 -> 15 -> 23,6,4,0,60.00%,100.00%,75.00%
continuous_0544_S5_strategy2.npz,80 -> 85 -> 61 -> 7 -> 100,80 -> 4 -> 85 -> 61 -> 44 -> 7 -> 100,5,2,0,71.43%,100.00%,83.33%
continuous_0545_S5_strategy2.npz,41 -> 86 -> 70 -> 27 -> 61,41 -> 86 -> 74 -> 70 -> 63 -> 27 -> 61,4,3,1,57.14%,80.00%,66.67%
continuous_0546_S5_strategy2.npz,48 -> 38 -> 69 -> 24 -> 10 -> 72 -> 99,48 -> 36 -> 38 -> 69 -> 66 -> 24 -> 10 -> 72 -> 103 -> 99,7,3,0,70.00%,100.00%,82.35%
continuous_0547_S5_strategy2.npz,15 -> 98 -> 1 -> 56 -> 92,15 -> 98 -> 1 -> 56 -> 92,5,0,0,100.00%,100.00%,100.00%
continuous_0548_S5_strategy2.npz,67 -> 74 -> 97 -> 15 -> 47,67 -> 74 -> 97 -> 15 -> 47,5,0,0,100.00%,100.00%,100.00%
continuous_0549_S5_strategy2.npz,58 -> 5 -> 25 -> 40 -> 91 -> 42,58 -> 5 -> 22 -> 25 -> 35 -> 33 -> 40 -> 30 -> 91 -> 42,4,6,2,40.00%,66.67%,50.00%
continuous_0550_S5_strategy2.npz,76 -> 54 -> 47 -> 88 -> 1 -> 36,76 -> 56 -> 54 -> 57 -> 90 -> 47 -> 88 -> 18 -> 1 -> 36,6,4,0,60.00%,100.00%,75.00%
continuous_0551_S5_strategy2.npz,55 -> 80 -> 7 -> 50 -> 19 -> 41 -> 26,55 -> 80 -> 7 -> 50 -> 20 -> 19 -> 10 -> 41 -> 37 -> 26,3,7,4,30.00%,42.86%,35.29%
continuous_0552_S5_strategy2.npz,91 -> 63 -> 5 -> 33 -> 73 -> 50,91 -> 63 -> 59 -> 5 -> 33 -> 98 -> 73 -> 70 -> 50,6,3,0,66.67%,100.00%,80.00%
continuous_0553_S5_strategy2.npz,84 -> 99 -> 44 -> 4 -> 59 -> 29,84 -> 99 -> 44 -> 14 -> 4 -> 29 -> 29,4,3,2,57.14%,66.67%,61.54%
continuous_0554_S5_strategy2.npz,49 -> 33 -> 90 -> 3 -> 14 -> 97 -> 60,49 -> 33 -> 90 -> 13 -> 3 -> 22 -> 14 -> 97 -> 60,4,5,3,44.44%,57.14%,50.00%
continuous_0555_S5_strategy2.npz,15 -> 43 -> 77 -> 95 -> 0 -> 63,15 -> 43 -> 87 -> 77 -> 95 -> 0 -> 63,5,2,1,71.43%,83.33%,76.92%
continuous_0556_S5_strategy2.npz,62 -> 48 -> 8 -> 84 -> 30 -> 26,62 -> 68 -> 48 -> 8 -> 84 -> 35 -> 30 -> 26,5,3,1,62.50%,83.33%,71.43%
continuous_0557_S5_strategy2.npz,60 -> 17 -> 64 -> 39 -> 82 -> 99,60 -> 17 -> 64 -> 39 -> 82 -> 99,5,1,1,83.33%,83.33%,83.33%
continuous_0558_S5_strategy2.npz,23 -> 5 -> 64 -> 38 -> 78,23 -> 5 -> 57 -> 64 -> 38 -> 78,4,2,1,66.67%,80.00%,72.73%
continuous_0559_S5_strategy2.npz,30 -> 94 -> 83 -> 11 -> 49 -> 63,30 -> 94 -> 83 -> 11 -> 104 -> 49 -> 63,6,1,0,85.71%,100.00%,92.31%
continuous_0560_S5_strategy2.npz,69 -> 37 -> 18 -> 7 -> 44 -> 26 -> 58,69 -> 37 -> 18 -> 7 -> 44 -> 25 -> 74 -> 26 -> 25 -> 58,3,7,4,30.00%,42.86%,35.29%
continuous_0561_S5_strategy2.npz,100 -> 81 -> 16 -> 38 -> 66 -> 54,100 -> 31 -> 81 -> 16 -> 36 -> 38 -> 66 -> 54,5,3,1,62.50%,83.33%,71.43%
continuous_0562_S5_strategy2.npz,97 -> 71 -> 3 -> 12 -> 49,97 -> 71 -> 3 -> 12 -> 7 -> 49,5,1,0,83.33%,100.00%,90.91%
continuous_0563_S5_strategy2.npz,53 -> 49 -> 94 -> 40 -> 7 -> 73,53 -> 49 -> 90 -> 94 -> 40 -> 7 -> 73,5,2,1,71.43%,83.33%,76.92%
continuous_0564_S5_strategy2.npz,56 -> 71 -> 96 -> 27 -> 77,56 -> 57 -> 71 -> 93 -> 96 -> 27 -> 77,4,3,1,57.14%,80.00%,66.67%
continuous_0565_S5_strategy2.npz,84 -> 28 -> 44 -> 30 -> 14 -> 56,84 -> 28 -> 44 -> 30 -> 14 -> 56,6,0,0,100.00%,100.00%,100.00%
continuous_0566_S5_strategy2.npz,73 -> 95 -> 4 -> 29 -> 70 -> 90,73 -> 95 -> 66 -> 4 -> 29 -> 70 -> 90,6,1,0,85.71%,100.00%,92.31%
continuous_0567_S5_strategy2.npz,35 -> 54 -> 29 -> 62 -> 102,35 -> 54 -> 57 -> 67 -> 29 -> 62 -> 102,5,2,0,71.43%,100.00%,83.33%
continuous_0568_S5_strategy2.npz,13 -> 80 -> 54 -> 28 -> 103,13 -> 80 -> 54 -> 13 -> 28 -> 27 -> 103,4,3,1,57.14%,80.00%,66.67%
continuous_0569_S5_strategy2.npz,43 -> 102 -> 16 -> 81 -> 8 -> 36 -> 85,43 -> 102 -> 16 -> 81 -> 8 -> 36 -> 85,7,0,0,100.00%,100.00%,100.00%
continuous_0570_S5_strategy2.npz,72 -> 38 -> 71 -> 0 -> 99 -> 54,72 -> 31 -> 38 -> 71 -> 103 -> 0 -> 36 -> 99 -> 54,6,3,0,66.67%,100.00%,80.00%
continuous_0571_S5_strategy2.npz,95 -> 10 -> 20 -> 60 -> 34 -> 68 -> 73,95 -> 10 -> 20 -> 60 -> 34 -> 95 -> 68 -> 73,7,1,0,87.50%,100.00%,93.33%
continuous_0572_S5_strategy2.npz,44 -> 94 -> 31 -> 14 -> 79,44 -> 90 -> 94 -> 31 -> 95 -> 14 -> 42 -> 79,5,3,0,62.50%,100.00%,76.92%
continuous_0573_S5_strategy2.npz,38 -> 53 -> 71 -> 4 -> 15 -> 97,38 -> 53 -> 71 -> 4 -> 6 -> 15 -> 97,4,3,2,57.14%,66.67%,61.54%
continuous_0574_S5_strategy2.npz,103 -> 92 -> 40 -> 75 -> 2,103 -> 68 -> 92 -> 13 -> 40 -> 75 -> 2,5,2,0,71.43%,100.00%,83.33%
continuous_0575_S5_strategy2.npz,56 -> 100 -> 88 -> 27 -> 3,56 -> 100 -> 88 -> 27 -> 3,5,0,0,100.00%,100.00%,100.00%
continuous_0576_S5_strategy2.npz,43 -> 3 -> 20 -> 52 -> 77 -> 15 -> 91,43 -> 3 -> 85 -> 20 -> 52 -> 77 -> 95 -> 15 -> 91,6,3,1,66.67%,85.71%,75.00%
continuous_0577_S5_strategy2.npz,30 -> 52 -> 63 -> 10 -> 5 -> 104,30 -> 52 -> 63 -> 59 -> 10 -> 5 -> 104,5,2,1,71.43%,83.33%,76.92%
continuous_0578_S5_strategy2.npz,55 -> 11 -> 102 -> 29 -> 7 -> 69,55 -> 67 -> 11 -> 102 -> 95 -> 29 -> 7 -> 84 -> 69,5,4,1,55.56%,83.33%,66.67%
continuous_0579_S5_strategy2.npz,50 -> 2 -> 61 -> 98 -> 65 -> 81,50 -> 51 -> 2 -> 61 -> 98 -> 65 -> 104 -> 81,6,2,0,75.00%,100.00%,85.71%
continuous_0580_S5_strategy2.npz,96 -> 27 -> 1 -> 31 -> 19 -> 76 -> 56,96 -> 27 -> 1 -> 31 -> 19 -> 76 -> 56,7,0,0,100.00%,100.00%,100.00%
continuous_0581_S5_strategy2.npz,46 -> 14 -> 58 -> 65 -> 6 -> 27 -> 30,46 -> 22 -> 14 -> 58 -> 98 -> 65 -> 6 -> 27 -> 35 -> 30,6,4,1,60.00%,85.71%,70.59%
continuous_0582_S5_strategy2.npz,57 -> 43 -> 21 -> 16 -> 35,57 -> 67 -> 43 -> 21 -> 16 -> 35,5,1,0,83.33%,100.00%,90.91%
continuous_0583_S5_strategy2.npz,8 -> 61 -> 84 -> 43 -> 38 -> 85 -> 17,8 -> 77 -> 61 -> 44 -> 84 -> 43 -> 38 -> 32 -> 85 -> 17,5,5,2,50.00%,71.43%,58.82%
continuous_0584_S5_strategy2.npz,8 -> 48 -> 17 -> 31 -> 93 -> 62,8 -> 77 -> 48 -> 17 -> 31 -> 93 -> 62,5,2,1,71.43%,83.33%,76.92%
continuous_0585_S5_strategy2.npz,42 -> 9 -> 39 -> 74 -> 13 -> 66,42 -> 9 -> 39 -> 74 -> 12 -> 13 -> 66,5,2,1,71.43%,83.33%,76.92%
continuous_0586_S5_strategy2.npz,97 -> 65 -> 32 -> 8 -> 23 -> 14 -> 57,97 -> 65 -> 40 -> 38 -> 77 -> 8 -> 23 -> 14 -> 57,6,3,1,66.67%,85.71%,75.00%
continuous_0587_S5_strategy2.npz,43 -> 27 -> 60 -> 2 -> 36 -> 76 -> 101,43 -> 27 -> 60 -> 2 -> 30 -> 36 -> 76 -> 101,5,3,2,62.50%,71.43%,66.67%
continuous_0588_S5_strategy2.npz,83 -> 19 -> 60 -> 100 -> 32 -> 24 -> 6,83 -> 48 -> 19 -> 60 -> 100 -> 38 -> 32 -> 95 -> 24 -> 71 -> 6,5,6,2,45.45%,71.43%,55.56%
continuous_0589_S5_strategy2.npz,95 -> 8 -> 54 -> 77 -> 39 -> 16,95 -> 8 -> 54 -> 77 -> 31 -> 39 -> 16,5,2,1,71.43%,83.33%,76.92%
continuous_0590_S5_strategy2.npz,21 -> 12 -> 82 -> 38 -> 59,21 -> 12 -> 82 -> 38 -> 66 -> 59,4,2,1,66.67%,80.00%,72.73%
continuous_0591_S5_strategy2.npz,68 -> 21 -> 39 -> 90 -> 14 -> 72,68 -> 21 -> 39 -> 4 -> 90 -> 96 -> 14 -> 65 -> 72,6,3,0,66.67%,100.00%,80.00%
continuous_0592_S5_strategy2.npz,95 -> 37 -> 51 -> 4 -> 81 -> 26 -> 61,95 -> 37 -> 51 -> 15 -> 4 -> 81 -> 27 -> 26 -> 44 -> 61,7,3,0,70.00%,100.00%,82.35%
continuous_0593_S5_strategy2.npz,23 -> 71 -> 85 -> 33 -> 72,23 -> 71 -> 85 -> 33 -> 72,5,0,0,100.00%,100.00%,100.00%
continuous_0594_S5_strategy2.npz,69 -> 7 -> 99 -> 44 -> 86 -> 35 -> 84,69 -> 90 -> 7 -> 99 -> 97 -> 44 -> 86 -> 35 -> 84,7,2,0,77.78%,100.00%,87.50%
continuous_0595_S5_strategy2.npz,50 -> 84 -> 0 -> 10 -> 88 -> 32,50 -> 84 -> 29 -> 0 -> 10 -> 88 -> 38,4,3,2,57.14%,66.67%,61.54%
continuous_0596_S5_strategy2.npz,61 -> 76 -> 9 -> 14 -> 99 -> 27 -> 30,61 -> 53 -> 76 -> 9 -> 50 -> 14 -> 99 -> 27 -> 35,6,3,1,66.67%,85.71%,75.00%
continuous_0597_S5_strategy2.npz,72 -> 60 -> 25 -> 32 -> 65,72 -> 60 -> 26 -> 25 -> 32 -> 77 -> 65,4,3,1,57.14%,80.00%,66.67%
continuous_0598_S5_strategy2.npz,43 -> 21 -> 72 -> 68 -> 2 -> 93 -> 16,43 -> 21 -> 72 -> 68 -> 98 -> 2 -> 42 -> 93 -> 16,6,3,1,66.67%,85.71%,75.00%
continuous_0599_S5_strategy2.npz,23 -> 35 -> 62 -> 61 -> 6 -> 88 -> 10,23 -> 30 -> 35 -> 76 -> 62 -> 22 -> 61 -> 6 -> 88 -> 10,4,6,3,40.00%,57.14%,47.06%
continuous_0600_S5_strategy2.npz,101 -> 52 -> 14 -> 31 -> 93,101 -> 52 -> 21 -> 14 -> 15 -> 31 -> 93,4,3,1,57.14%,80.00%,66.67%
continuous_0601_S5_strategy2.npz,9 -> 56 -> 43 -> 26 -> 102 -> 68,9 -> 56 -> 42 -> 43 -> 0 -> 26 -> 102 -> 68,5,3,1,62.50%,83.33%,71.43%
continuous_0602_S5_strategy2.npz,44 -> 74 -> 38 -> 95 -> 85 -> 27,44 -> 74 -> 38 -> 103 -> 95 -> 85 -> 95 -> 27,5,3,1,62.50%,83.33%,71.43%
continuous_0603_S5_strategy2.npz,96 -> 5 -> 67 -> 42 -> 20,96 -> 5 -> 67 -> 42 -> 20,5,0,0,100.00%,100.00%,100.00%
continuous_0604_S5_strategy2.npz,22 -> 87 -> 51 -> 7 -> 98 -> 40,22 -> 87 -> 51 -> 7 -> 98 -> 40,6,0,0,100.00%,100.00%,100.00%
continuous_0605_S5_strategy2.npz,6 -> 20 -> 46 -> 14 -> 39 -> 67 -> 102,6 -> 20 -> 46 -> 14 -> 36 -> 39 -> 67 -> 102,5,3,2,62.50%,71.43%,66.67%
continuous_0606_S5_strategy2.npz,28 -> 64 -> 43 -> 92 -> 98 -> 12,28 -> 27 -> 64 -> 42 -> 43 -> 92 -> 98 -> 9 -> 12,6,3,0,66.67%,100.00%,80.00%
continuous_0607_S5_strategy2.npz,96 -> 49 -> 67 -> 16 -> 82 -> 29,96 -> 49 -> 67 -> 16 -> 82 -> 31 -> 29,5,2,1,71.43%,83.33%,76.92%
continuous_0608_S5_strategy2.npz,37 -> 2 -> 44 -> 28 -> 14,37 -> 2 -> 14 -> 44 -> 27 -> 28 -> 27 -> 14,4,4,1,50.00%,80.00%,61.54%
continuous_0609_S5_strategy2.npz,34 -> 20 -> 55 -> 91 -> 3,34 -> 20 -> 55 -> 57 -> 91 -> 65 -> 3,4,3,1,57.14%,80.00%,66.67%
continuous_0610_S5_strategy2.npz,39 -> 68 -> 27 -> 45 -> 3 -> 85 -> 76,39 -> 68 -> 27 -> 98 -> 45 -> 3 -> 85 -> 64 -> 76,4,5,3,44.44%,57.14%,50.00%
continuous_0611_S5_strategy2.npz,30 -> 86 -> 25 -> 83 -> 96 -> 65 -> 56,30 -> 37 -> 86 -> 21 -> 25 -> 44 -> 83 -> 96 -> 77 -> 65 -> 79 -> 56,7,5,0,58.33%,100.00%,73.68%
continuous_0612_S5_strategy2.npz,96 -> 27 -> 87 -> 2 -> 44 -> 52 -> 74,96 -> 27 -> 87 -> 42 -> 2 -> 44 -> 52 -> 74,5,3,2,62.50%,71.43%,66.67%
continuous_0613_S5_strategy2.npz,70 -> 50 -> 58 -> 34 -> 5,70 -> 50 -> 43 -> 58 -> 36 -> 34 -> 5,5,2,0,71.43%,100.00%,83.33%
continuous_0614_S5_strategy2.npz,11 -> 93 -> 32 -> 42 -> 75,11 -> 93 -> 38 -> 32 -> 42 -> 59 -> 75,5,2,0,71.43%,100.00%,83.33%
continuous_0615_S5_strategy2.npz,76 -> 103 -> 64 -> 39 -> 93 -> 57 -> 20,76 -> 103 -> 64 -> 39 -> 93 -> 66 -> 20,6,1,1,85.71%,85.71%,85.71%
continuous_0616_S5_strategy2.npz,91 -> 66 -> 78 -> 17 -> 38 -> 53,91 -> 66 -> 50 -> 78 -> 17 -> 38 -> 32 -> 53,5,3,1,62.50%,83.33%,71.43%
continuous_0617_S5_strategy2.npz,83 -> 28 -> 89 -> 68 -> 11 -> 102 -> 31,83 -> 27 -> 28 -> 89 -> 68 -> 11 -> 102 -> 72 -> 31,7,2,0,77.78%,100.00%,87.50%
continuous_0618_S5_strategy2.npz,68 -> 0 -> 50 -> 33 -> 12,68 -> 0 -> 2 -> 50 -> 33 -> 67 -> 12,4,3,1,57.14%,80.00%,66.67%
continuous_0619_S5_strategy2.npz,30 -> 65 -> 72 -> 47 -> 22,30 -> 65 -> 79 -> 72 -> 47 -> 22,5,1,0,83.33%,100.00%,90.91%
continuous_0620_S5_strategy2.npz,62 -> 77 -> 90 -> 5 -> 11 -> 36,62 -> 63 -> 77 -> 9 -> 90 -> 5 -> 43 -> 11 -> 36,5,4,1,55.56%,83.33%,66.67%
continuous_0621_S5_strategy2.npz,67 -> 74 -> 103 -> 34 -> 26 -> 9,67 -> 74 -> 103 -> 38 -> 34 -> 26 -> 9,5,2,1,71.43%,83.33%,76.92%
continuous_0622_S5_strategy2.npz,29 -> 3 -> 59 -> 71 -> 47 -> 84 -> 99,29 -> 1 -> 3 -> 14 -> 59 -> 71 -> 6 -> 47 -> 92 -> 84 -> 99,7,4,0,63.64%,100.00%,77.78%
continuous_0623_S5_strategy2.npz,85 -> 81 -> 52 -> 25 -> 97 -> 3,85 -> 81 -> 52 -> 61 -> 25 -> 36 -> 97 -> 100,5,3,1,62.50%,83.33%,71.43%
continuous_0624_S5_strategy2.npz,11 -> 68 -> 103 -> 39 -> 3 -> 93 -> 53,11 -> 68 -> 103 -> 39 -> 3 -> 93 -> 53,6,1,1,85.71%,85.71%,85.71%
continuous_0625_S5_strategy2.npz,57 -> 68 -> 0 -> 98 -> 85 -> 18,57 -> 68 -> 0 -> 73 -> 98 -> 85 -> 18,6,1,0,85.71%,100.00%,92.31%
continuous_0626_S5_strategy2.npz,79 -> 14 -> 68 -> 57 -> 48 -> 26,79 -> 14 -> 68 -> 57 -> 83 -> 48 -> 27 -> 26,4,4,2,50.00%,66.67%,57.14%
continuous_0627_S5_strategy2.npz,39 -> 22 -> 12 -> 88 -> 0,39 -> 22 -> 12 -> 88 -> 0,5,0,0,100.00%,100.00%,100.00%
continuous_0628_S5_strategy2.npz,21 -> 88 -> 98 -> 82 -> 4 -> 42 -> 60,21 -> 71 -> 88 -> 98 -> 82 -> 4 -> 42 -> 60,7,1,0,87.50%,100.00%,93.33%
continuous_0629_S5_strategy2.npz,58 -> 64 -> 13 -> 9 -> 21,58 -> 12 -> 64 -> 12 -> 13 -> 95 -> 9 -> 21,5,3,0,62.50%,100.00%,76.92%
continuous_0630_S5_strategy2.npz,4 -> 70 -> 18 -> 37 -> 59,4 -> 85 -> 70 -> 18 -> 37 -> 59,5,1,0,83.33%,100.00%,90.91%
continuous_0631_S5_strategy2.npz,56 -> 62 -> 42 -> 18 -> 104 -> 7,56 -> 62 -> 42 -> 59 -> 18 -> 104 -> 103 -> 7,6,2,0,75.00%,100.00%,85.71%
continuous_0632_S5_strategy2.npz,78 -> 59 -> 5 -> 102 -> 10,78 -> 59 -> 5 -> 102 -> 10,5,0,0,100.00%,100.00%,100.00%
continuous_0633_S5_strategy2.npz,7 -> 101 -> 50 -> 79 -> 13 -> 41 -> 71,7 -> 101 -> 50 -> 79 -> 12 -> 13 -> 41 -> 71,7,1,0,87.50%,100.00%,93.33%
continuous_0634_S5_strategy2.npz,52 -> 76 -> 97 -> 40 -> 18 -> 48 -> 28,52 -> 76 -> 97 -> 40 -> 30 -> 18 -> 83 -> 48 -> 27 -> 28,5,5,2,50.00%,71.43%,58.82%
continuous_0635_S5_strategy2.npz,87 -> 6 -> 103 -> 23 -> 78 -> 34,87 -> 77 -> 6 -> 103 -> 95 -> 23 -> 78 -> 70 -> 34,6,3,0,66.67%,100.00%,80.00%
continuous_0636_S5_strategy2.npz,35 -> 23 -> 48 -> 8 -> 82 -> 54,35 -> 23 -> 27 -> 83 -> 48 -> 83 -> 8 -> 82 -> 54,4,5,2,44.44%,66.67%,53.33%
continuous_0637_S5_strategy2.npz,87 -> 14 -> 72 -> 33 -> 65 -> 22 -> 5,87 -> 77 -> 14 -> 72 -> 33 -> 65 -> 79 -> 22 -> 5,7,2,0,77.78%,100.00%,87.50%
continuous_0638_S5_strategy2.npz,94 -> 59 -> 79 -> 14 -> 6 -> 51 -> 62,94 -> 59 -> 79 -> 14 -> 6 -> 51 -> 62,7,0,0,100.00%,100.00%,100.00%
continuous_0639_S5_strategy2.npz,98 -> 38 -> 47 -> 53 -> 13,98 -> 38 -> 47 -> 53 -> 12,4,1,1,80.00%,80.00%,80.00%
continuous_0640_S5_strategy2.npz,77 -> 87 -> 42 -> 20 -> 53 -> 39 -> 62,77 -> 87 -> 77 -> 78 -> 42 -> 20 -> 53 -> 39 -> 62,6,3,1,66.67%,85.71%,75.00%
continuous_0641_S5_strategy2.npz,35 -> 76 -> 88 -> 11 -> 23,35 -> 33 -> 76 -> 88 -> 11 -> 23,5,1,0,83.33%,100.00%,90.91%
continuous_0642_S5_strategy2.npz,61 -> 101 -> 32 -> 0 -> 16,61 -> 53 -> 101 -> 32 -> 0 -> 98 -> 16,5,2,0,71.43%,100.00%,83.33%
continuous_0643_S5_strategy2.npz,85 -> 19 -> 44 -> 95 -> 58,85 -> 19 -> 44 -> 95 -> 58,4,1,1,80.00%,80.00%,80.00%
continuous_0644_S5_strategy2.npz,24 -> 42 -> 95 -> 70 -> 89 -> 77 -> 8,24 -> 42 -> 104 -> 95 -> 69 -> 70 -> 19 -> 89 -> 77 -> 8,5,5,2,50.00%,71.43%,58.82%
continuous_0645_S5_strategy2.npz,63 -> 13 -> 4 -> 74 -> 89 -> 98,63 -> 59 -> 12 -> 13 -> 14 -> 4 -> 74 -> 89 -> 98,5,4,1,55.56%,83.33%,66.67%
continuous_0646_S5_strategy2.npz,48 -> 63 -> 81 -> 92 -> 4,48 -> 63 -> 81 -> 92 -> 4,5,0,0,100.00%,100.00%,100.00%
continuous_0647_S5_strategy2.npz,90 -> 64 -> 26 -> 6 -> 40 -> 95,90 -> 64 -> 26 -> 6 -> 36 -> 40 -> 103 -> 95,6,2,0,75.00%,100.00%,85.71%
continuous_0648_S5_strategy2.npz,65 -> 104 -> 80 -> 6 -> 26,65 -> 79 -> 104 -> 80 -> 6 -> 26,5,1,0,83.33%,100.00%,90.91%
continuous_0649_S5_strategy2.npz,60 -> 20 -> 88 -> 32 -> 63 -> 16,60 -> 42 -> 20 -> 88 -> 32 -> 63 -> 98 -> 16,5,3,1,62.50%,83.33%,71.43%
continuous_0650_S5_strategy2.npz,68 -> 101 -> 86 -> 5 -> 19 -> 51 -> 24,68 -> 101 -> 86 -> 5 -> 19 -> 51 -> 24,7,0,0,100.00%,100.00%,100.00%
continuous_0651_S5_strategy2.npz,101 -> 86 -> 69 -> 35 -> 55 -> 4 -> 49,101 -> 86 -> 69 -> 39 -> 35 -> 55 -> 67 -> 4 -> 49,7,2,0,77.78%,100.00%,87.50%
continuous_0652_S5_strategy2.npz,15 -> 91 -> 25 -> 56 -> 42 -> 36,15 -> 91 -> 25 -> 56 -> 20 -> 42 -> 36,6,1,0,85.71%,100.00%,92.31%
continuous_0653_S5_strategy2.npz,71 -> 19 -> 23 -> 34 -> 76,71 -> 19 -> 23 -> 35 -> 34 -> 33 -> 76,4,3,1,57.14%,80.00%,66.67%
continuous_0654_S5_strategy2.npz,42 -> 15 -> 24 -> 99 -> 92,42 -> 15 -> 24 -> 99 -> 90 -> 92,3,3,2,50.00%,60.00%,54.55%
continuous_0655_S5_strategy2.npz,23 -> 56 -> 41 -> 50 -> 90 -> 14,23 -> 56 -> 41 -> 98 -> 50 -> 90 -> 14,4,3,2,57.14%,66.67%,61.54%
continuous_0656_S5_strategy2.npz,11 -> 52 -> 82 -> 93 -> 95 -> 45,11 -> 52 -> 32 -> 82 -> 91 -> 93 -> 95 -> 45,5,3,1,62.50%,83.33%,71.43%
continuous_0657_S5_strategy2.npz,52 -> 68 -> 91 -> 44 -> 79,52 -> 68 -> 91 -> 44 -> 79,5,0,0,100.00%,100.00%,100.00%
continuous_0658_S5_strategy2.npz,28 -> 98 -> 41 -> 48 -> 71,28 -> 27 -> 98 -> 40 -> 41 -> 83 -> 48 -> 71,4,4,1,50.00%,80.00%,61.54%
continuous_0659_S5_strategy2.npz,54 -> 22 -> 51 -> 88 -> 73 -> 97,54 -> 57 -> 67 -> 22 -> 51 -> 88 -> 73 -> 97,3,5,3,37.50%,50.00%,42.86%
continuous_0660_S5_strategy2.npz,45 -> 1 -> 30 -> 92 -> 71,45 -> 29 -> 1 -> 30 -> 37 -> 92 -> 71,5,2,0,71.43%,100.00%,83.33%
continuous_0661_S5_strategy2.npz,5 -> 26 -> 79 -> 47 -> 103,5 -> 26 -> 79 -> 47 -> 104 -> 103,4,2,1,66.67%,80.00%,72.73%
continuous_0662_S5_strategy2.npz,9 -> 24 -> 100 -> 86 -> 64 -> 76 -> 46,9 -> 95 -> 24 -> 100 -> 86 -> 64 -> 76 -> 46,7,1,0,87.50%,100.00%,93.33%
continuous_0663_S5_strategy2.npz,51 -> 70 -> 33 -> 15 -> 55 -> 29,51 -> 70 -> 34 -> 33 -> 51 -> 15 -> 55 -> 67 -> 29,6,3,0,66.67%,100.00%,80.00%
continuous_0664_S5_strategy2.npz,60 -> 102 -> 48 -> 18 -> 26,60 -> 102 -> 48 -> 18 -> 36 -> 26,5,1,0,83.33%,100.00%,90.91%
continuous_0665_S5_strategy2.npz,22 -> 17 -> 75 -> 33 -> 85,22 -> 14 -> 17 -> 6 -> 75 -> 33 -> 85,5,2,0,71.43%,100.00%,83.33%
continuous_0666_S5_strategy2.npz,38 -> 43 -> 89 -> 18 -> 57 -> 20,38 -> 43 -> 19 -> 89 -> 18 -> 57 -> 20,6,1,0,85.71%,100.00%,92.31%
continuous_0667_S5_strategy2.npz,89 -> 1 -> 103 -> 51 -> 53 -> 82,89 -> 29 -> 1 -> 103 -> 51 -> 57 -> 53 -> 82,5,3,1,62.50%,83.33%,71.43%
continuous_0668_S5_strategy2.npz,81 -> 104 -> 17 -> 40 -> 63 -> 54,81 -> 104 -> 17 -> 40 -> 41 -> 63 -> 54,6,1,0,85.71%,100.00%,92.31%
continuous_0669_S5_strategy2.npz,57 -> 41 -> 48 -> 94 -> 26,57 -> 41 -> 48 -> 94 -> 26,5,0,0,100.00%,100.00%,100.00%
continuous_0670_S5_strategy2.npz,70 -> 103 -> 24 -> 80 -> 88,70 -> 69 -> 103 -> 95 -> 24 -> 80 -> 66 -> 88,5,3,0,62.50%,100.00%,76.92%
continuous_0671_S5_strategy2.npz,57 -> 27 -> 66 -> 88 -> 15 -> 72 -> 46,57 -> 27 -> 66 -> 55 -> 88 -> 15 -> 72 -> 46,6,2,1,75.00%,85.71%,80.00%
continuous_0672_S5_strategy2.npz,40 -> 1 -> 48 -> 29 -> 94 -> 75 -> 11,40 -> 1 -> 2 -> 48 -> 29 -> 94 -> 84 -> 75 -> 11,7,2,0,77.78%,100.00%,87.50%
continuous_0673_S5_strategy2.npz,32 -> 62 -> 21 -> 81 -> 88 -> 14 -> 61,32 -> 62 -> 63 -> 21 -> 104 -> 81 -> 88 -> 14 -> 61,7,2,0,77.78%,100.00%,87.50%
continuous_0674_S5_strategy2.npz,33 -> 23 -> 63 -> 53 -> 100,33 -> 21 -> 23 -> 63 -> 53 -> 100,4,2,1,66.67%,80.00%,72.73%
continuous_0675_S5_strategy2.npz,58 -> 38 -> 11 -> 29 -> 84 -> 88 -> 101,58 -> 38 -> 19 -> 11 -> 29 -> 84 -> 91 -> 88 -> 101,6,3,1,66.67%,85.71%,75.00%
continuous_0676_S5_strategy2.npz,8 -> 23 -> 53 -> 49 -> 15,8 -> 25 -> 23 -> 53 -> 44 -> 49 -> 15,5,2,0,71.43%,100.00%,83.33%
continuous_0677_S5_strategy2.npz,24 -> 35 -> 99 -> 69 -> 86,24 -> 30 -> 35 -> 99 -> 69 -> 86,5,1,0,83.33%,100.00%,90.91%
continuous_0678_S5_strategy2.npz,71 -> 50 -> 35 -> 15 -> 103 -> 55,71 -> 93 -> 50 -> 30 -> 35 -> 15 -> 95 -> 103 -> 55,6,3,0,66.67%,100.00%,80.00%
continuous_0679_S5_strategy2.npz,83 -> 31 -> 20 -> 50 -> 14 -> 102,83 -> 31 -> 20 -> 50 -> 14 -> 102,6,0,0,100.00%,100.00%,100.00%
continuous_0680_S5_strategy2.npz,67 -> 84 -> 61 -> 41 -> 99,67 -> 84 -> 61 -> 41 -> 37 -> 99,5,1,0,83.33%,100.00%,90.91%
continuous_0681_S5_strategy2.npz,89 -> 27 -> 98 -> 12 -> 33 -> 58 -> 1,89 -> 27 -> 98 -> 12 -> 33 -> 70 -> 58 -> 1,7,1,0,87.50%,100.00%,93.33%
continuous_0682_S5_strategy2.npz,25 -> 98 -> 57 -> 91 -> 4 -> 45 -> 12,25 -> 98 -> 57 -> 32 -> 91 -> 4 -> 45 -> 12,7,1,0,87.50%,100.00%,93.33%
continuous_0683_S5_strategy2.npz,95 -> 28 -> 0 -> 74 -> 64 -> 92,95 -> 27 -> 28 -> 27 -> 0 -> 74 -> 64 -> 79 -> 92,6,3,0,66.67%,100.00%,80.00%
continuous_0684_S5_strategy2.npz,20 -> 37 -> 51 -> 84 -> 94 -> 100,20 -> 36 -> 37 -> 51 -> 7 -> 84 -> 90 -> 94 -> 100,6,3,0,66.67%,100.00%,80.00%
continuous_0685_S5_strategy2.npz,5 -> 71 -> 20 -> 19 -> 36,5 -> 71 -> 95 -> 20 -> 19 -> 36,4,2,1,66.67%,80.00%,72.73%
continuous_0686_S5_strategy2.npz,13 -> 83 -> 62 -> 25 -> 41 -> 9 -> 94,13 -> 83 -> 48 -> 62 -> 25 -> 41 -> 69 -> 9 -> 90 -> 94,7,3,0,70.00%,100.00%,82.35%
continuous_0687_S5_strategy2.npz,100 -> 27 -> 3 -> 60 -> 91 -> 14 -> 79,100 -> 27 -> 3 -> 60 -> 91 -> 95 -> 14 -> 78 -> 79,3,6,4,33.33%,42.86%,37.50%
continuous_0688_S5_strategy2.npz,96 -> 37 -> 86 -> 66 -> 22 -> 7 -> 15,96 -> 36 -> 37 -> 30 -> 86 -> 66 -> 22 -> 7 -> 15,7,2,0,77.78%,100.00%,87.50%
continuous_0689_S5_strategy2.npz,52 -> 19 -> 96 -> 5 -> 72 -> 93,52 -> 20 -> 19 -> 96 -> 5 -> 72 -> 93,4,3,2,57.14%,66.67%,61.54%
continuous_0690_S5_strategy2.npz,94 -> 95 -> 8 -> 61 -> 46 -> 25 -> 30,94 -> 95 -> 8 -> 61 -> 46 -> 27 -> 25 -> 30,7,1,0,87.50%,100.00%,93.33%
continuous_0691_S5_strategy2.npz,83 -> 95 -> 39 -> 58 -> 9 -> 92 -> 51,83 -> 48 -> 95 -> 39 -> 58 -> 9 -> 74 -> 92 -> 51,7,2,0,77.78%,100.00%,87.50%
continuous_0692_S5_strategy2.npz,69 -> 86 -> 8 -> 39 -> 29,69 -> 86 -> 8 -> 39 -> 29,5,0,0,100.00%,100.00%,100.00%
continuous_0693_S5_strategy2.npz,65 -> 7 -> 81 -> 48 -> 56 -> 25,65 -> 79 -> 7 -> 81 -> 48 -> 56 -> 25,6,1,0,85.71%,100.00%,92.31%
continuous_0694_S5_strategy2.npz,81 -> 23 -> 64 -> 0 -> 51 -> 39,81 -> 23 -> 64 -> 0 -> 51 -> 39,6,0,0,100.00%,100.00%,100.00%
continuous_0695_S5_strategy2.npz,58 -> 2 -> 36 -> 73 -> 91,58 -> 21 -> 2 -> 36 -> 73 -> 75 -> 91,5,2,0,71.43%,100.00%,83.33%
continuous_0696_S5_strategy2.npz,94 -> 35 -> 79 -> 13 -> 28 -> 68,94 -> 66 -> 39 -> 33 -> 53 -> 79 -> 12 -> 13 -> 27 -> 28 -> 27 -> 68,4,8,2,33.33%,66.67%,44.44%
continuous_0697_S5_strategy2.npz,15 -> 3 -> 103 -> 62 -> 90 -> 44,15 -> 3 -> 103 -> 62 -> 90 -> 44,6,0,0,100.00%,100.00%,100.00%
continuous_0698_S5_strategy2.npz,52 -> 87 -> 74 -> 50 -> 27 -> 6 -> 98,52 -> 87 -> 93 -> 87 -> 74 -> 50 -> 78 -> 27 -> 71 -> 6 -> 98,6,5,1,54.55%,85.71%,66.67%
continuous_0699_S5_strategy2.npz,19 -> 67 -> 43 -> 72 -> 21,19 -> 67 -> 104 -> 20 -> 43 -> 72 -> 21,5,2,0,71.43%,100.00%,83.33%
continuous_0700_S5_strategy2.npz,40 -> 61 -> 49 -> 1 -> 24 -> 97,40 -> 61 -> 49 -> 29 -> 1 -> 24 -> 97,5,2,1,71.43%,83.33%,76.92%
continuous_0701_S5_strategy2.npz,65 -> 10 -> 4 -> 60 -> 89,65 -> 79 -> 10 -> 4 -> 85 -> 60 -> 89,5,2,0,71.43%,100.00%,83.33%
continuous_0702_S5_strategy2.npz,90 -> 22 -> 65 -> 75 -> 95 -> 51 -> 34,90 -> 22 -> 65 -> 75 -> 95 -> 14 -> 51 -> 34,7,1,0,87.50%,100.00%,93.33%
continuous_0703_S5_strategy2.npz,91 -> 11 -> 33 -> 64 -> 1,91 -> 11 -> 33 -> 32 -> 64 -> 79 -> 29 -> 1,2,6,3,25.00%,40.00%,30.77%
continuous_0704_S5_strategy2.npz,68 -> 104 -> 79 -> 27 -> 36 -> 13 -> 1,68 -> 104 -> 103 -> 79 -> 27 -> 36 -> 12 -> 13 -> 14 -> 1,5,5,2,50.00%,71.43%,58.82%
continuous_0705_S5_strategy2.npz,51 -> 18 -> 79 -> 1 -> 38 -> 89 -> 100,51 -> 18 -> 79 -> 78 -> 1 -> 38 -> 89 -> 100,7,1,0,87.50%,100.00%,93.33%
continuous_0706_S5_strategy2.npz,84 -> 67 -> 16 -> 85 -> 30,84 -> 67 -> 16 -> 85 -> 30,5,0,0,100.00%,100.00%,100.00%
continuous_0707_S5_strategy2.npz,1 -> 87 -> 97 -> 18 -> 80 -> 54,1 -> 8 -> 87 -> 77 -> 97 -> 18 -> 80 -> 54,5,3,1,62.50%,83.33%,71.43%
continuous_0708_S5_strategy2.npz,65 -> 46 -> 9 -> 17 -> 23 -> 83 -> 37,65 -> 79 -> 46 -> 27 -> 69 -> 9 -> 16 -> 17 -> 23 -> 83 -> 37,7,4,0,63.64%,100.00%,77.78%
continuous_0709_S5_strategy2.npz,90 -> 78 -> 32 -> 100 -> 59 -> 44 -> 10,90 -> 86 -> 78 -> 33 -> 32 -> 100 -> 59 -> 44 -> 10,6,3,1,66.67%,85.71%,75.00%
continuous_0710_S5_strategy2.npz,95 -> 42 -> 40 -> 87 -> 63 -> 13 -> 53,95 -> 42 -> 40 -> 87 -> 77 -> 63 -> 13 -> 53,7,1,0,87.50%,100.00%,93.33%
continuous_0711_S5_strategy2.npz,77 -> 41 -> 25 -> 12 -> 66,77 -> 41 -> 25 -> 12 -> 66,5,0,0,100.00%,100.00%,100.00%
continuous_0712_S5_strategy2.npz,28 -> 57 -> 98 -> 10 -> 5 -> 62 -> 48,28 -> 27 -> 57 -> 98 -> 10 -> 5 -> 62 -> 48,7,1,0,87.50%,100.00%,93.33%
continuous_0713_S5_strategy2.npz,103 -> 77 -> 30 -> 14 -> 47,103 -> 77 -> 30 -> 14 -> 47,5,0,0,100.00%,100.00%,100.00%
continuous_0714_S5_strategy2.npz,50 -> 69 -> 25 -> 94 -> 58,50 -> 69 -> 95 -> 25 -> 92 -> 94 -> 58,5,2,0,71.43%,100.00%,83.33%
continuous_0715_S5_strategy2.npz,13 -> 63 -> 85 -> 60 -> 44 -> 79,13 -> 63 -> 98 -> 85 -> 60 -> 44 -> 79,6,1,0,85.71%,100.00%,92.31%
continuous_0716_S5_strategy2.npz,17 -> 35 -> 84 -> 103 -> 53,17 -> 35 -> 84 -> 103 -> 53,5,0,0,100.00%,100.00%,100.00%
continuous_0717_S5_strategy2.npz,99 -> 54 -> 0 -> 22 -> 13 -> 73 -> 88,99 -> 55 -> 54 -> 55 -> 0 -> 22 -> 13 -> 73 -> 71 -> 88,7,3,0,70.00%,100.00%,82.35%
continuous_0718_S5_strategy2.npz,90 -> 100 -> 36 -> 69 -> 21 -> 12,90 -> 92 -> 100 -> 36 -> 69 -> 21 -> 12,5,2,1,71.43%,83.33%,76.92%
continuous_0719_S5_strategy2.npz,32 -> 64 -> 26 -> 86 -> 73,32 -> 64 -> 26 -> 86 -> 80 -> 73,5,1,0,83.33%,100.00%,90.91%
continuous_0720_S5_strategy2.npz,28 -> 94 -> 1 -> 104 -> 19,28 -> 27 -> 94 -> 29 -> 1 -> 104 -> 103 -> 19,5,3,0,62.50%,100.00%,76.92%
continuous_0721_S5_strategy2.npz,67 -> 45 -> 7 -> 24 -> 92,67 -> 20 -> 45 -> 7 -> 24 -> 92,5,1,0,83.33%,100.00%,90.91%
continuous_0722_S5_strategy2.npz,89 -> 7 -> 58 -> 47 -> 13 -> 28 -> 67,89 -> 7 -> 58 -> 47 -> 2 -> 12 -> 13 -> 27 -> 28 -> 67,6,4,1,60.00%,85.71%,70.59%
continuous_0723_S5_strategy2.npz,9 -> 91 -> 54 -> 41 -> 67 -> 97 -> 27,9 -> 91 -> 54 -> 41 -> 37 -> 74 -> 67 -> 97 -> 27,6,3,1,66.67%,85.71%,75.00%
continuous_0724_S5_strategy2.npz,68 -> 47 -> 9 -> 55 -> 16 -> 82 -> 87,68 -> 47 -> 9 -> 55 -> 67 -> 16 -> 55 -> 82 -> 87,5,4,2,55.56%,71.43%,62.50%
continuous_0725_S5_strategy2.npz,94 -> 47 -> 53 -> 70 -> 18 -> 3 -> 28,94 -> 47 -> 53 -> 66 -> 70 -> 95 -> 18 -> 65 -> 3 -> 72 -> 28,3,8,4,27.27%,42.86%,33.33%
continuous_0726_S5_strategy2.npz,44 -> 80 -> 22 -> 3 -> 102 -> 12,44 -> 80 -> 22 -> 3 -> 102 -> 70 -> 12,6,1,0,85.71%,100.00%,92.31%
continuous_0727_S5_strategy2.npz,11 -> 53 -> 49 -> 27 -> 62 -> 102,11 -> 53 -> 49 -> 27 -> 62 -> 102,6,0,0,100.00%,100.00%,100.00%
continuous_0728_S5_strategy2.npz,92 -> 65 -> 80 -> 8 -> 25,92 -> 65 -> 79 -> 80 -> 8 -> 21 -> 25,5,2,0,71.43%,100.00%,83.33%
continuous_0729_S5_strategy2.npz,72 -> 54 -> 16 -> 46 -> 102,72 -> 12 -> 54 -> 16 -> 46 -> 102,5,1,0,83.33%,100.00%,90.91%
continuous_0730_S5_strategy2.npz,18 -> 87 -> 65 -> 43 -> 52 -> 78 -> 37,18 -> 87 -> 65 -> 43 -> 52 -> 78 -> 37,6,1,1,85.71%,85.71%,85.71%
continuous_0731_S5_strategy2.npz,89 -> 74 -> 14 -> 26 -> 6 -> 61 -> 36,89 -> 74 -> 14 -> 26 -> 22 -> 6 -> 25 -> 61 -> 53 -> 36,3,7,4,30.00%,42.86%,35.29%
continuous_0732_S5_strategy2.npz,2 -> 58 -> 72 -> 45 -> 93 -> 103 -> 25,2 -> 58 -> 72 -> 45 -> 93 -> 103 -> 21 -> 25,7,1,0,87.50%,100.00%,93.33%
continuous_0733_S5_strategy2.npz,4 -> 21 -> 54 -> 49 -> 13 -> 37 -> 67,4 -> 21 -> 54 -> 55 -> 49 -> 12 -> 13 -> 37 -> 34 -> 67,6,4,1,60.00%,85.71%,70.59%
continuous_0734_S5_strategy2.npz,97 -> 22 -> 81 -> 49 -> 37 -> 58,97 -> 22 -> 81 -> 90 -> 49 -> 37 -> 58,5,2,1,71.43%,83.33%,76.92%
continuous_0735_S5_strategy2.npz,72 -> 59 -> 49 -> 20 -> 100 -> 7,72 -> 59 -> 49 -> 20 -> 100 -> 91 -> 7,6,1,0,85.71%,100.00%,92.31%
continuous_0736_S5_strategy2.npz,80 -> 59 -> 71 -> 2 -> 50 -> 17 -> 104,80 -> 59 -> 71 -> 6 -> 2 -> 81 -> 50 -> 17 -> 104,4,5,3,44.44%,57.14%,50.00%
continuous_0737_S5_strategy2.npz,63 -> 98 -> 6 -> 46 -> 89,63 -> 59 -> 98 -> 6 -> 46 -> 89,5,1,0,83.33%,100.00%,90.91%
continuous_0738_S5_strategy2.npz,3 -> 11 -> 88 -> 99 -> 21,3 -> 11 -> 14 -> 88 -> 99 -> 87 -> 21,5,2,0,71.43%,100.00%,83.33%
continuous_0739_S5_strategy2.npz,77 -> 92 -> 102 -> 22 -> 3 -> 64,77 -> 92 -> 102 -> 22 -> 3 -> 64,6,0,0,100.00%,100.00%,100.00%
continuous_0740_S5_strategy2.npz,82 -> 48 -> 4 -> 103 -> 18 -> 85,82 -> 48 -> 4 -> 85 -> 103 -> 18 -> 4,5,2,1,71.43%,83.33%,76.92%
continuous_0741_S5_strategy2.npz,6 -> 104 -> 46 -> 70 -> 25,6 -> 104 -> 103 -> 46 -> 69 -> 70 -> 22 -> 25,4,4,1,50.00%,80.00%,61.54%
continuous_0742_S5_strategy2.npz,19 -> 29 -> 41 -> 70 -> 94 -> 55,19 -> 29 -> 41 -> 37 -> 70 -> 90 -> 94 -> 55,5,3,1,62.50%,83.33%,71.43%
continuous_0743_S5_strategy2.npz,83 -> 71 -> 41 -> 103 -> 48,83 -> 48 -> 71 -> 41 -> 103 -> 48,5,1,0,83.33%,100.00%,90.91%
continuous_0744_S5_strategy2.npz,63 -> 101 -> 30 -> 79 -> 94 -> 3,63 -> 101 -> 30 -> 79 -> 94 -> 3,6,0,0,100.00%,100.00%,100.00%
continuous_0745_S5_strategy2.npz,26 -> 38 -> 47 -> 86 -> 77,26 -> 38 -> 47 -> 86 -> 77,5,0,0,100.00%,100.00%,100.00%
continuous_0746_S5_strategy2.npz,61 -> 91 -> 21 -> 63 -> 10,61 -> 91 -> 21 -> 14 -> 63 -> 98 -> 10,5,2,0,71.43%,100.00%,83.33%
continuous_0747_S5_strategy2.npz,58 -> 51 -> 74 -> 15 -> 0,58 -> 21 -> 51 -> 15 -> 74 -> 15 -> 0,5,2,0,71.43%,100.00%,83.33%
continuous_0748_S5_strategy2.npz,59 -> 87 -> 13 -> 25 -> 79 -> 66 -> 50,59 -> 87 -> 12 -> 13 -> 25 -> 79 -> 66 -> 50,6,2,1,75.00%,85.71%,80.00%
continuous_0749_S5_strategy2.npz,16 -> 24 -> 31 -> 84 -> 48 -> 96,16 -> 95 -> 24 -> 31 -> 84 -> 83 -> 48 -> 96,6,2,0,75.00%,100.00%,85.71%
continuous_0750_S5_strategy2.npz,47 -> 18 -> 69 -> 74 -> 31 -> 25 -> 54,47 -> 18 -> 69 -> 74 -> 31 -> 95 -> 26 -> 25 -> 64 -> 54,3,7,4,30.00%,42.86%,35.29%
continuous_0751_S5_strategy2.npz,76 -> 2 -> 101 -> 36 -> 86 -> 10 -> 58,76 -> 29 -> 2 -> 101 -> 36 -> 86 -> 98 -> 10 -> 19 -> 58,7,3,0,70.00%,100.00%,82.35%
continuous_0752_S5_strategy2.npz,33 -> 17 -> 92 -> 80 -> 57 -> 65 -> 1,33 -> 17 -> 6 -> 92 -> 94 -> 80 -> 57 -> 65 -> 79 -> 1,5,5,2,50.00%,71.43%,58.82%
continuous_0753_S5_strategy2.npz,89 -> 97 -> 21 -> 80 -> 8 -> 31 -> 19,89 -> 97 -> 21 -> 80 -> 8 -> 31 -> 19,7,0,0,100.00%,100.00%,100.00%
continuous_0754_S5_strategy2.npz,97 -> 78 -> 48 -> 19 -> 36,97 -> 78 -> 48 -> 98 -> 19 -> 36,3,3,2,50.00%,60.00%,54.55%
continuous_0755_S5_strategy2.npz,41 -> 91 -> 95 -> 12 -> 58 -> 7 -> 83,41 -> 37 -> 91 -> 95 -> 12 -> 58 -> 7 -> 49 -> 83,7,2,0,77.78%,100.00%,87.50%
continuous_0756_S5_strategy2.npz,1 -> 42 -> 104 -> 59 -> 22 -> 75 -> 17,1 -> 42 -> 21 -> 104 -> 95 -> 59 -> 22 -> 103 -> 75 -> 17,6,4,1,60.00%,85.71%,70.59%
continuous_0757_S5_strategy2.npz,69 -> 42 -> 31 -> 92 -> 81 -> 29 -> 7,69 -> 81 -> 42 -> 31 -> 92 -> 104 -> 81 -> 9 -> 29 -> 7,5,5,2,50.00%,71.43%,58.82%
continuous_0758_S5_strategy2.npz,84 -> 53 -> 94 -> 12 -> 99 -> 0,84 -> 53 -> 94 -> 12 -> 99 -> 0,6,0,0,100.00%,100.00%,100.00%
continuous_0759_S5_strategy2.npz,60 -> 10 -> 6 -> 34 -> 43 -> 76,60 -> 10 -> 6 -> 34 -> 70 -> 43 -> 76,6,1,0,85.71%,100.00%,92.31%
continuous_0760_S5_strategy2.npz,104 -> 12 -> 46 -> 71 -> 52,104 -> 103 -> 12 -> 13 -> 46 -> 71 -> 52,5,2,0,71.43%,100.00%,83.33%
continuous_0761_S5_strategy2.npz,49 -> 96 -> 8 -> 56 -> 17,49 -> 96 -> 8 -> 103 -> 56 -> 20 -> 17,5,2,0,71.43%,100.00%,83.33%
continuous_0762_S5_strategy2.npz,34 -> 42 -> 15 -> 57 -> 93 -> 71,34 -> 42 -> 15 -> 55 -> 57 -> 93 -> 71,6,1,0,85.71%,100.00%,92.31%
continuous_0763_S5_strategy2.npz,64 -> 21 -> 54 -> 98 -> 6,64 -> 79 -> 42 -> 21 -> 54 -> 98 -> 71 -> 6,5,3,0,62.50%,100.00%,76.92%
continuous_0764_S5_strategy2.npz,1 -> 15 -> 62 -> 54 -> 45,1 -> 15 -> 62 -> 13 -> 54 -> 67 -> 45,5,2,0,71.43%,100.00%,83.33%
continuous_0765_S5_strategy2.npz,59 -> 33 -> 67 -> 48 -> 91 -> 13,59 -> 78 -> 33 -> 67 -> 48 -> 68 -> 91 -> 12 -> 13,5,4,1,55.56%,83.33%,66.67%
continuous_0766_S5_strategy2.npz,79 -> 9 -> 95 -> 18 -> 32 -> 52 -> 64,79 -> 15 -> 9 -> 50 -> 95 -> 18 -> 33 -> 52 -> 64,6,3,1,66.67%,85.71%,75.00%
continuous_0767_S5_strategy2.npz,104 -> 44 -> 16 -> 39 -> 91,104 -> 103 -> 44 -> 16 -> 39 -> 32 -> 91,5,2,0,71.43%,100.00%,83.33%
continuous_0768_S5_strategy2.npz,9 -> 67 -> 11 -> 21 -> 73 -> 97,9 -> 67 -> 11 -> 21 -> 73 -> 97,5,1,1,83.33%,83.33%,83.33%
continuous_0769_S5_strategy2.npz,14 -> 76 -> 30 -> 49 -> 57 -> 86 -> 29,14 -> 76 -> 30 -> 37 -> 49 -> 66 -> 57 -> 86 -> 29,5,4,2,55.56%,71.43%,62.50%
continuous_0770_S5_strategy2.npz,60 -> 20 -> 16 -> 0 -> 64 -> 91 -> 42,60 -> 20 -> 16 -> 29 -> 0 -> 13 -> 64 -> 91 -> 42,4,5,3,44.44%,57.14%,50.00%
continuous_0771_S5_strategy2.npz,87 -> 28 -> 99 -> 34 -> 51 -> 79 -> 61,87 -> 77 -> 27 -> 28 -> 99 -> 30 -> 34 -> 51 -> 79 -> 61,6,4,1,60.00%,85.71%,70.59%
continuous_0772_S5_strategy2.npz,30 -> 17 -> 77 -> 45 -> 96,30 -> 17 -> 77 -> 20 -> 45 -> 96,5,1,0,83.33%,100.00%,90.91%
continuous_0773_S5_strategy2.npz,25 -> 37 -> 11 -> 0 -> 55 -> 100 -> 64,25 -> 37 -> 43 -> 11 -> 0 -> 14 -> 55 -> 100 -> 76 -> 64,7,3,0,70.00%,100.00%,82.35%
continuous_0774_S5_strategy2.npz,90 -> 36 -> 81 -> 18 -> 57 -> 6,90 -> 35 -> 36 -> 34 -> 81 -> 18 -> 57 -> 6,6,2,0,75.00%,100.00%,85.71%
continuous_0775_S5_strategy2.npz,38 -> 17 -> 69 -> 6 -> 85 -> 25,38 -> 17 -> 69 -> 70 -> 6 -> 85 -> 25,6,1,0,85.71%,100.00%,92.31%
continuous_0776_S5_strategy2.npz,14 -> 29 -> 83 -> 52 -> 95 -> 31,14 -> 29 -> 83 -> 52 -> 95 -> 31,5,1,1,83.33%,83.33%,83.33%
continuous_0777_S5_strategy2.npz,100 -> 12 -> 65 -> 94 -> 31 -> 28 -> 53,100 -> 12 -> 65 -> 3 -> 94 -> 31 -> 95 -> 27 -> 28 -> 27 -> 53,5,6,2,45.45%,71.43%,55.56%
continuous_0778_S5_strategy2.npz,18 -> 63 -> 96 -> 32 -> 44,18 -> 63 -> 96 -> 32 -> 44,5,0,0,100.00%,100.00%,100.00%
continuous_0779_S5_strategy2.npz,40 -> 77 -> 5 -> 85 -> 54,40 -> 77 -> 5 -> 85 -> 54,5,0,0,100.00%,100.00%,100.00%
continuous_0780_S5_strategy2.npz,89 -> 58 -> 24 -> 50 -> 36 -> 73 -> 18,89 -> 58 -> 24 -> 50 -> 30 -> 36 -> 73 -> 18,7,1,0,87.50%,100.00%,93.33%
continuous_0781_S5_strategy2.npz,5 -> 93 -> 49 -> 54 -> 69 -> 15,5 -> 91 -> 93 -> 91 -> 49 -> 54 -> 69 -> 15,5,3,1,62.50%,83.33%,71.43%
continuous_0782_S5_strategy2.npz,48 -> 88 -> 2 -> 58 -> 66 -> 21,48 -> 88 -> 2 -> 66 -> 58 -> 17 -> 66 -> 15 -> 21,3,6,3,33.33%,50.00%,40.00%
continuous_0783_S5_strategy2.npz,98 -> 63 -> 0 -> 44 -> 78,98 -> 63 -> 98 -> 0 -> 1 -> 44 -> 98 -> 78,3,5,2,37.50%,60.00%,46.15%
continuous_0784_S5_strategy2.npz,80 -> 103 -> 39 -> 25 -> 56 -> 68,80 -> 103 -> 39 -> 25 -> 56 -> 68,6,0,0,100.00%,100.00%,100.00%
continuous_0785_S5_strategy2.npz,51 -> 87 -> 23 -> 10 -> 61 -> 100 -> 5,51 -> 87 -> 83 -> 23 -> 10 -> 61 -> 100 -> 88 -> 5,7,2,0,77.78%,100.00%,87.50%
continuous_0786_S5_strategy2.npz,85 -> 20 -> 2 -> 15 -> 68 -> 36,85 -> 20 -> 10 -> 2 -> 15 -> 63 -> 68 -> 36,5,3,1,62.50%,83.33%,71.43%
continuous_0787_S5_strategy2.npz,2 -> 28 -> 46 -> 90 -> 52 -> 67 -> 97,2 -> 28 -> 27 -> 46 -> 90 -> 52 -> 54 -> 67 -> 71 -> 97,6,4,1,60.00%,85.71%,70.59%
continuous_0788_S5_strategy2.npz,41 -> 101 -> 87 -> 75 -> 43 -> 11,41 -> 37 -> 101 -> 51 -> 87 -> 75 -> 43 -> 11,6,2,0,75.00%,100.00%,85.71%
continuous_0789_S5_strategy2.npz,62 -> 16 -> 33 -> 94 -> 73 -> 57,62 -> 16 -> 33 -> 90 -> 94 -> 73 -> 87 -> 57,5,3,1,62.50%,83.33%,71.43%
continuous_0790_S5_strategy2.npz,55 -> 104 -> 27 -> 7 -> 44 -> 37,55 -> 104 -> 27 -> 7 -> 44 -> 58,5,1,1,83.33%,83.33%,83.33%
continuous_0791_S5_strategy2.npz,45 -> 26 -> 4 -> 89 -> 68 -> 78,45 -> 8 -> 26 -> 4 -> 89 -> 68 -> 78,6,1,0,85.71%,100.00%,92.31%
continuous_0792_S5_strategy2.npz,35 -> 52 -> 6 -> 86 -> 95 -> 18 -> 70,35 -> 52 -> 6 -> 86 -> 104 -> 95 -> 18 -> 70,4,4,3,50.00%,57.14%,53.33%
continuous_0793_S5_strategy2.npz,15 -> 24 -> 90 -> 2 -> 57 -> 99 -> 47,15 -> 24 -> 90 -> 2 -> 57 -> 99 -> 47,7,0,0,100.00%,100.00%,100.00%
continuous_0794_S5_strategy2.npz,91 -> 102 -> 66 -> 19 -> 49,91 -> 102 -> 66 -> 19 -> 49,5,0,0,100.00%,100.00%,100.00%
continuous_0795_S5_strategy2.npz,38 -> 76 -> 23 -> 57 -> 90 -> 9,38 -> 76 -> 21 -> 23 -> 57 -> 74 -> 90 -> 70 -> 9,5,4,1,55.56%,83.33%,66.67%
continuous_0796_S5_strategy2.npz,13 -> 92 -> 32 -> 69 -> 27 -> 98,13 -> 92 -> 38 -> 32 -> 69 -> 27 -> 98,6,1,0,85.71%,100.00%,92.31%
continuous_0797_S5_strategy2.npz,0 -> 17 -> 80 -> 88 -> 54 -> 31 -> 28,0 -> 17 -> 80 -> 88 -> 54 -> 31 -> 27 -> 28,7,1,0,87.50%,100.00%,93.33%
continuous_0798_S5_strategy2.npz,22 -> 83 -> 96 -> 6 -> 92 -> 44 -> 59,22 -> 83 -> 96 -> 66 -> 6 -> 92 -> 44 -> 59,7,1,0,87.50%,100.00%,93.33%
continuous_0799_S5_strategy2.npz,70 -> 103 -> 20 -> 37 -> 81 -> 14,70 -> 104 -> 103 -> 20 -> 37 -> 34 -> 81 -> 95 -> 14,6,3,0,66.67%,100.00%,80.00%
continuous_0800_S6_strategy2.npz,91 -> 23 -> 3 -> 55 -> 42,91 -> 23 -> 26 -> 3 -> 55 -> 42,4,2,1,66.67%,80.00%,72.73%
continuous_0801_S6_strategy2.npz,92 -> 41 -> 64 -> 15 -> 96 -> 61,92 -> 41 -> 56 -> 64 -> 15 -> 96 -> 61,5,2,1,71.43%,83.33%,76.92%
continuous_0802_S6_strategy2.npz,32 -> 54 -> 78 -> 97 -> 63,32 -> 54 -> 55 -> 78 -> 97 -> 63,5,1,0,83.33%,100.00%,90.91%
continuous_0803_S6_strategy2.npz,22 -> 60 -> 68 -> 15 -> 40 -> 77,22 -> 60 -> 68 -> 15 -> 40 -> 77,5,1,1,83.33%,83.33%,83.33%
continuous_0804_S6_strategy2.npz,96 -> 20 -> 67 -> 13 -> 85 -> 79 -> 45,96 -> 20 -> 67 -> 9 -> 13 -> 85 -> 79 -> 45,6,2,1,75.00%,85.71%,80.00%
continuous_0805_S6_strategy2.npz,5 -> 63 -> 55 -> 24 -> 91,5 -> 63 -> 55 -> 24 -> 91,5,0,0,100.00%,100.00%,100.00%
continuous_0806_S6_strategy2.npz,13 -> 3 -> 38 -> 48 -> 28 -> 53,13 -> 3 -> 54 -> 38 -> 48 -> 91 -> 28 -> 53,5,3,1,62.50%,83.33%,71.43%
continuous_0807_S6_strategy2.npz,64 -> 40 -> 8 -> 13 -> 87 -> 98,64 -> 40 -> 8 -> 12 -> 13 -> 87 -> 98,6,1,0,85.71%,100.00%,92.31%
continuous_0808_S6_strategy2.npz,28 -> 90 -> 14 -> 9 -> 64,28 -> 90 -> 14 -> 9 -> 2 -> 64,5,1,0,83.33%,100.00%,90.91%
continuous_0809_S6_strategy2.npz,26 -> 44 -> 64 -> 84 -> 1 -> 96 -> 92,26 -> 44 -> 64 -> 84 -> 1 -> 2 -> 96 -> 92,7,1,0,87.50%,100.00%,93.33%
continuous_0810_S6_strategy2.npz,21 -> 55 -> 85 -> 6 -> 19 -> 40,21 -> 51 -> 55 -> 85 -> 6 -> 19 -> 40,6,1,0,85.71%,100.00%,92.31%
continuous_0811_S6_strategy2.npz,34 -> 16 -> 62 -> 1 -> 82,34 -> 16 -> 62 -> 29 -> 1 -> 82,4,2,1,66.67%,80.00%,72.73%
continuous_0812_S6_strategy2.npz,77 -> 67 -> 9 -> 45 -> 56,77 -> 67 -> 9 -> 45 -> 56,5,0,0,100.00%,100.00%,100.00%
continuous_0813_S6_strategy2.npz,94 -> 12 -> 66 -> 80 -> 38 -> 20 -> 54,94 -> 12 -> 66 -> 80 -> 38 -> 20 -> 22 -> 54,7,1,0,87.50%,100.00%,93.33%
continuous_0814_S6_strategy2.npz,44 -> 104 -> 34 -> 27 -> 89 -> 69 -> 5,44 -> 104 -> 34 -> 27 -> 89 -> 69 -> 5,7,0,0,100.00%,100.00%,100.00%
continuous_0815_S6_strategy2.npz,16 -> 73 -> 28 -> 102 -> 60,16 -> 73 -> 60 -> 28 -> 102 -> 60,5,1,0,83.33%,100.00%,90.91%
continuous_0816_S6_strategy2.npz,16 -> 84 -> 21 -> 100 -> 59,16 -> 33 -> 84 -> 21 -> 100 -> 59,5,1,0,83.33%,100.00%,90.91%
continuous_0817_S6_strategy2.npz,24 -> 68 -> 30 -> 48 -> 59 -> 99 -> 5,24 -> 68 -> 35 -> 30 -> 83 -> 48 -> 59 -> 99 -> 5,6,3,1,66.67%,85.71%,75.00%
continuous_0818_S6_strategy2.npz,8 -> 54 -> 103 -> 62 -> 34 -> 16 -> 44,8 -> 54 -> 55 -> 103 -> 62 -> 34 -> 16 -> 44,7,1,0,87.50%,100.00%,93.33%
continuous_0819_S6_strategy2.npz,45 -> 23 -> 104 -> 65 -> 10,45 -> 23 -> 27 -> 104 -> 59 -> 65 -> 58 -> 10,4,4,1,50.00%,80.00%,61.54%
continuous_0820_S6_strategy2.npz,73 -> 21 -> 69 -> 10 -> 51 -> 56,73 -> 21 -> 69 -> 53 -> 10 -> 11 -> 51 -> 56,6,2,0,75.00%,100.00%,85.71%
continuous_0821_S6_strategy2.npz,83 -> 49 -> 88 -> 7 -> 34 -> 21 -> 71,83 -> 49 -> 88 -> 7 -> 34 -> 21 -> 23 -> 71,6,2,1,75.00%,85.71%,80.00%
continuous_0822_S6_strategy2.npz,55 -> 0 -> 33 -> 62 -> 28 -> 102 -> 89,55 -> 67 -> 0 -> 11 -> 33 -> 52 -> 62 -> 68 -> 28 -> 102 -> 89,4,7,3,36.36%,57.14%,44.44%
continuous_0823_S6_strategy2.npz,46 -> 84 -> 62 -> 39 -> 103 -> 22,46 -> 84 -> 62 -> 39 -> 103,3,2,3,60.00%,50.00%,54.55%
continuous_0824_S6_strategy2.npz,7 -> 11 -> 30 -> 22 -> 78,7 -> 19 -> 11 -> 35 -> 30 -> 22 -> 78,5,2,0,71.43%,100.00%,83.33%
continuous_0825_S6_strategy2.npz,98 -> 58 -> 20 -> 51 -> 30 -> 70,98 -> 58 -> 19 -> 20 -> 101 -> 51 -> 30 -> 53 -> 66 -> 70,5,5,1,50.00%,83.33%,62.50%
continuous_0826_S6_strategy2.npz,102 -> 35 -> 55 -> 21 -> 67 -> 86 -> 83,102 -> 36 -> 35 -> 55 -> 21 -> 87 -> 67 -> 86 -> 83,7,2,0,77.78%,100.00%,87.50%
continuous_0827_S6_strategy2.npz,35 -> 27 -> 8 -> 76 -> 98 -> 63,35 -> 27 -> 8 -> 76 -> 98 -> 14 -> 63,6,1,0,85.71%,100.00%,92.31%
continuous_0828_S6_strategy2.npz,47 -> 12 -> 38 -> 70 -> 94 -> 2 -> 27,47 -> 12 -> 89 -> 38 -> 70 -> 90 -> 94 -> 2 -> 42 -> 27,5,5,2,50.00%,71.43%,58.82%
continuous_0829_S6_strategy2.npz,38 -> 70 -> 84 -> 21 -> 92 -> 42 -> 97,40 -> 39 -> 66 -> 70 -> 84 -> 21 -> 92 -> 42 -> 97,4,5,3,44.44%,57.14%,50.00%
continuous_0830_S6_strategy2.npz,92 -> 103 -> 78 -> 10 -> 58 -> 64 -> 24,92 -> 103 -> 78 -> 10 -> 58 -> 64 -> 13 -> 24,5,3,2,62.50%,71.43%,66.67%
continuous_0831_S6_strategy2.npz,95 -> 35 -> 18 -> 42 -> 66,95 -> 35 -> 18 -> 51 -> 42 -> 66,4,2,1,66.67%,80.00%,72.73%
continuous_0832_S6_strategy2.npz,17 -> 39 -> 47 -> 104 -> 78 -> 23,17 -> 32 -> 39 -> 47 -> 104 -> 78 -> 73 -> 23,6,2,0,75.00%,100.00%,85.71%
continuous_0833_S6_strategy2.npz,39 -> 89 -> 44 -> 28 -> 66,39 -> 89 -> 44 -> 28 -> 66,5,0,0,100.00%,100.00%,100.00%
continuous_0834_S6_strategy2.npz,19 -> 8 -> 20 -> 67 -> 42,19 -> 8 -> 55 -> 20 -> 67 -> 42,5,1,0,83.33%,100.00%,90.91%
continuous_0835_S6_strategy2.npz,11 -> 0 -> 98 -> 73 -> 25 -> 67,11 -> 0 -> 98 -> 73 -> 25 -> 54 -> 67,3,4,3,42.86%,50.00%,46.15%
continuous_0836_S6_strategy2.npz,35 -> 62 -> 5 -> 92 -> 23 -> 60 -> 45,35 -> 62 -> 5 -> 92 -> 68 -> 23 -> 60 -> 45,5,3,2,62.50%,71.43%,66.67%
continuous_0837_S6_strategy2.npz,93 -> 0 -> 66 -> 102 -> 43 -> 80 -> 20,93 -> 0 -> 67 -> 66 -> 102 -> 43 -> 80 -> 66 -> 20,6,3,1,66.67%,85.71%,75.00%
continuous_0838_S6_strategy2.npz,91 -> 77 -> 95 -> 60 -> 45 -> 34 -> 69,91 -> 77 -> 95 -> 60 -> 45 -> 59 -> 34 -> 69,6,2,1,75.00%,85.71%,80.00%
continuous_0839_S6_strategy2.npz,90 -> 36 -> 81 -> 58 -> 48,90 -> 35 -> 36 -> 81 -> 58 -> 102 -> 48,5,2,0,71.43%,100.00%,83.33%
continuous_0840_S6_strategy2.npz,43 -> 67 -> 81 -> 18 -> 54 -> 101,43 -> 67 -> 81 -> 26 -> 18 -> 56 -> 54 -> 99 -> 101,3,6,3,33.33%,50.00%,40.00%
continuous_0841_S6_strategy2.npz,90 -> 38 -> 72 -> 14 -> 50,90 -> 38 -> 72 -> 14 -> 59 -> 50,5,1,0,83.33%,100.00%,90.91%
continuous_0842_S6_strategy2.npz,103 -> 18 -> 1 -> 28 -> 31,103 -> 74 -> 18 -> 29 -> 1 -> 28 -> 31,5,2,0,71.43%,100.00%,83.33%
continuous_0843_S6_strategy2.npz,18 -> 43 -> 80 -> 33 -> 53 -> 0,18 -> 43 -> 80 -> 33 -> 53 -> 9 -> 0,4,3,2,57.14%,66.67%,61.54%
continuous_0844_S6_strategy2.npz,11 -> 57 -> 96 -> 82 -> 32,11 -> 63 -> 57 -> 96 -> 82 -> 32,4,2,1,66.67%,80.00%,72.73%
continuous_0845_S6_strategy2.npz,6 -> 13 -> 97 -> 43 -> 64 -> 20,6 -> 17 -> 13 -> 97 -> 51 -> 42 -> 64 -> 76 -> 20,4,5,2,44.44%,66.67%,53.33%
continuous_0846_S6_strategy2.npz,89 -> 96 -> 41 -> 29 -> 9 -> 50 -> 61,89 -> 96 -> 41 -> 34 -> 29 -> 9 -> 50 -> 52 -> 61,7,2,0,77.78%,100.00%,87.50%
continuous_0847_S6_strategy2.npz,66 -> 21 -> 53 -> 34 -> 7 -> 83,66 -> 21 -> 53 -> 32 -> 34 -> 7 -> 83,4,3,2,57.14%,66.67%,61.54%
continuous_0848_S6_strategy2.npz,46 -> 88 -> 22 -> 79 -> 103,46 -> 71 -> 88 -> 71 -> 22 -> 79 -> 10 -> 103,4,4,1,50.00%,80.00%,61.54%
continuous_0849_S6_strategy2.npz,89 -> 42 -> 57 -> 80 -> 10 -> 71,89 -> 61 -> 42 -> 57 -> 18 -> 80 -> 66 -> 10 -> 71,5,4,1,55.56%,83.33%,66.67%
continuous_0850_S6_strategy2.npz,41 -> 100 -> 62 -> 59 -> 23,41 -> 100 -> 62 -> 59 -> 23,5,0,0,100.00%,100.00%,100.00%
continuous_0851_S6_strategy2.npz,64 -> 89 -> 43 -> 27 -> 82 -> 30 -> 0,64 -> 89 -> 43 -> 50 -> 27 -> 82 -> 30 -> 35 -> 0,7,2,0,77.78%,100.00%,87.50%
continuous_0852_S6_strategy2.npz,42 -> 98 -> 86 -> 52 -> 15,42 -> 81 -> 98 -> 14 -> 86 -> 52 -> 15,5,2,0,71.43%,100.00%,83.33%
continuous_0853_S6_strategy2.npz,103 -> 14 -> 45 -> 31 -> 8 -> 52,103 -> 81 -> 14 -> 45 -> 31 -> 33 -> 8 -> 53 -> 61,5,4,1,55.56%,83.33%,66.67%
continuous_0854_S6_strategy2.npz,41 -> 60 -> 65 -> 94 -> 25 -> 10,41 -> 60 -> 65 -> 94 -> 25 -> 10,6,0,0,100.00%,100.00%,100.00%
continuous_0855_S6_strategy2.npz,44 -> 15 -> 4 -> 26 -> 62 -> 56 -> 92,44 -> 15 -> 20 -> 4 -> 26 -> 62 -> 56 -> 92,5,3,2,62.50%,71.43%,66.67%
continuous_0856_S6_strategy2.npz,68 -> 58 -> 2 -> 24 -> 98 -> 81 -> 16,68 -> 58 -> 29 -> 2 -> 24 -> 98 -> 81 -> 16,6,2,1,75.00%,85.71%,80.00%
continuous_0857_S6_strategy2.npz,63 -> 83 -> 25 -> 60 -> 31 -> 94 -> 14,63 -> 83 -> 25 -> 60 -> 31 -> 94 -> 14,7,0,0,100.00%,100.00%,100.00%
continuous_0858_S6_strategy2.npz,71 -> 101 -> 49 -> 38 -> 89 -> 57 -> 4,71 -> 101 -> 49 -> 38 -> 89 -> 57 -> 4,7,0,0,100.00%,100.00%,100.00%
continuous_0859_S6_strategy2.npz,83 -> 44 -> 28 -> 12 -> 68 -> 104 -> 7,83 -> 44 -> 28 -> 80 -> 12 -> 13 -> 68 -> 104 -> 103 -> 7,7,3,0,70.00%,100.00%,82.35%
continuous_0860_S6_strategy2.npz,67 -> 79 -> 15 -> 103 -> 93,67 -> 79 -> 11 -> 15 -> 104 -> 103 -> 93,3,4,2,42.86%,60.00%,50.00%
continuous_0861_S6_strategy2.npz,1 -> 93 -> 52 -> 65 -> 80,1 -> 93 -> 52 -> 65 -> 80,5,0,0,100.00%,100.00%,100.00%
continuous_0862_S6_strategy2.npz,78 -> 88 -> 45 -> 3 -> 65,78 -> 88 -> 43 -> 45 -> 1 -> 3 -> 65,5,2,0,71.43%,100.00%,83.33%
continuous_0863_S6_strategy2.npz,44 -> 36 -> 4 -> 100 -> 74 -> 22,44 -> 30 -> 36 -> 74 -> 18 -> 4 -> 100 -> 74 -> 67 -> 22,6,4,0,60.00%,100.00%,75.00%
continuous_0864_S6_strategy2.npz,49 -> 96 -> 62 -> 92 -> 19 -> 61 -> 75,49 -> 96 -> 62 -> 92 -> 19 -> 61 -> 53 -> 75,7,1,0,87.50%,100.00%,93.33%
continuous_0865_S6_strategy2.npz,101 -> 43 -> 64 -> 22 -> 33,101 -> 43 -> 64 -> 15 -> 22 -> 33,3,3,2,50.00%,60.00%,54.55%
continuous_0866_S6_strategy2.npz,12 -> 32 -> 97 -> 21 -> 49 -> 70 -> 56,12 -> 32 -> 41 -> 97 -> 21 -> 49 -> 70 -> 56,7,1,0,87.50%,100.00%,93.33%
continuous_0867_S6_strategy2.npz,15 -> 66 -> 0 -> 21 -> 60 -> 32 -> 90,15 -> 66 -> 0 -> 22 -> 21 -> 60 -> 32 -> 81 -> 90,6,3,1,66.67%,85.71%,75.00%
continuous_0868_S6_strategy2.npz,47 -> 95 -> 78 -> 17 -> 62 -> 7,47 -> 83 -> 95 -> 78 -> 10 -> 17 -> 62 -> 7,5,3,1,62.50%,83.33%,71.43%
continuous_0869_S6_strategy2.npz,99 -> 54 -> 25 -> 65 -> 19,99 -> 54 -> 55 -> 25 -> 65 -> 19,4,2,1,66.67%,80.00%,72.73%
continuous_0870_S6_strategy2.npz,71 -> 72 -> 6 -> 101 -> 31,71 -> 72 -> 6 -> 17 -> 101 -> 33 -> 31,4,3,1,57.14%,80.00%,66.67%
continuous_0871_S6_strategy2.npz,58 -> 43 -> 78 -> 93 -> 23,58 -> 43 -> 78 -> 93 -> 69 -> 23,4,2,1,66.67%,80.00%,72.73%
continuous_0872_S6_strategy2.npz,60 -> 68 -> 27 -> 104 -> 49 -> 78,60 -> 68 -> 27 -> 104 -> 90 -> 49 -> 78,6,1,0,85.71%,100.00%,92.31%
continuous_0873_S6_strategy2.npz,69 -> 87 -> 6 -> 24 -> 19 -> 53,69 -> 87 -> 17 -> 6 -> 24 -> 19 -> 53,6,1,0,85.71%,100.00%,92.31%
continuous_0874_S6_strategy2.npz,69 -> 41 -> 59 -> 13 -> 28 -> 74 -> 101,69 -> 41 -> 59 -> 12 -> 13 -> 28 -> 81 -> 74 -> 101,6,3,1,66.67%,85.71%,75.00%
continuous_0875_S6_strategy2.npz,46 -> 84 -> 63 -> 27 -> 12 -> 7,46 -> 84 -> 63 -> 27 -> 12 -> 7,6,0,0,100.00%,100.00%,100.00%
continuous_0876_S6_strategy2.npz,14 -> 0 -> 25 -> 53 -> 97,14 -> 15 -> 29 -> 0 -> 25 -> 53 -> 97,3,4,2,42.86%,60.00%,50.00%
continuous_0877_S6_strategy2.npz,7 -> 52 -> 75 -> 29 -> 48 -> 91 -> 39,7 -> 52 -> 75 -> 29 -> 48 -> 71 -> 91 -> 32 -> 39,5,4,2,55.56%,71.43%,62.50%
continuous_0878_S6_strategy2.npz,48 -> 52 -> 65 -> 2 -> 89 -> 14 -> 73,48 -> 52 -> 65 -> 2 -> 89 -> 14 -> 73,6,1,1,85.71%,85.71%,85.71%
continuous_0879_S6_strategy2.npz,79 -> 30 -> 20 -> 55 -> 91 -> 3,79 -> 30 -> 32 -> 20 -> 55 -> 91 -> 3,6,1,0,85.71%,100.00%,92.31%
continuous_0880_S6_strategy2.npz,57 -> 99 -> 66 -> 20 -> 41 -> 94 -> 16,57 -> 99 -> 66 -> 20 -> 41 -> 66 -> 94 -> 16,7,1,0,87.50%,100.00%,93.33%
continuous_0881_S6_strategy2.npz,23 -> 103 -> 6 -> 79 -> 50 -> 41 -> 91,103 -> 17 -> 6 -> 79 -> 50 -> 41 -> 91,6,1,1,85.71%,85.71%,85.71%
continuous_0882_S6_strategy2.npz,34 -> 23 -> 56 -> 81 -> 7,34 -> 23 -> 56 -> 81 -> 85 -> 7,3,3,2,50.00%,60.00%,54.55%
continuous_0883_S6_strategy2.npz,25 -> 85 -> 1 -> 17 -> 36,25 -> 85 -> 1 -> 27 -> 17 -> 30 -> 36,4,3,1,57.14%,80.00%,66.67%
continuous_0884_S6_strategy2.npz,83 -> 94 -> 56 -> 67 -> 26,83 -> 94 -> 56 -> 67 -> 1 -> 26,5,1,0,83.33%,100.00%,90.91%
continuous_0885_S6_strategy2.npz,28 -> 88 -> 102 -> 77 -> 16,28 -> 88 -> 102 -> 77 -> 16,5,0,0,100.00%,100.00%,100.00%
continuous_0886_S6_strategy2.npz,50 -> 96 -> 32 -> 4 -> 13,50 -> 96 -> 32 -> 20 -> 18 -> 4 -> 13,4,3,1,57.14%,80.00%,66.67%
continuous_0887_S6_strategy2.npz,32 -> 3 -> 103 -> 47 -> 74 -> 55 -> 94,32 -> 3 -> 103 -> 47 -> 40 -> 74 -> 55 -> 94,7,1,0,87.50%,100.00%,93.33%
continuous_0888_S6_strategy2.npz,99 -> 89 -> 71 -> 18 -> 6,99 -> 89 -> 71 -> 24 -> 18 -> 88 -> 6,3,4,2,42.86%,60.00%,50.00%
continuous_0889_S6_strategy2.npz,35 -> 61 -> 65 -> 93 -> 7,35 -> 61 -> 53 -> 42 -> 65 -> 93 -> 53 -> 7,4,4,1,50.00%,80.00%,61.54%
continuous_0890_S6_strategy2.npz,0 -> 84 -> 40 -> 16 -> 24 -> 93,0 -> 84 -> 40 -> 30 -> 16 -> 24 -> 93,5,2,1,71.43%,83.33%,76.92%
continuous_0891_S6_strategy2.npz,21 -> 45 -> 71 -> 57 -> 104 -> 91 -> 12,21 -> 45 -> 71 -> 57 -> 104 -> 81 -> 91 -> 12,6,2,1,75.00%,85.71%,80.00%
continuous_0892_S6_strategy2.npz,66 -> 3 -> 33 -> 100 -> 90,66 -> 3 -> 33 -> 100 -> 90,5,0,0,100.00%,100.00%,100.00%
continuous_0893_S6_strategy2.npz,87 -> 63 -> 104 -> 81 -> 54 -> 36 -> 0,87 -> 77 -> 63 -> 104 -> 81 -> 95 -> 54 -> 55 -> 36 -> 29 -> 0,4,7,3,36.36%,57.14%,44.44%
continuous_0894_S6_strategy2.npz,25 -> 69 -> 30 -> 9 -> 12 -> 56,25 -> 69 -> 30 -> 74 -> 9 -> 50 -> 12 -> 56,5,3,1,62.50%,83.33%,71.43%
continuous_0895_S6_strategy2.npz,45 -> 103 -> 6 -> 80 -> 86,45 -> 95 -> 103 -> 74 -> 40 -> 6 -> 71 -> 80 -> 86,5,4,0,55.56%,100.00%,71.43%
continuous_0896_S6_strategy2.npz,52 -> 14 -> 3 -> 46 -> 104 -> 69,52 -> 53 -> 14 -> 3 -> 46 -> 104 -> 69,6,1,0,85.71%,100.00%,92.31%
continuous_0897_S6_strategy2.npz,85 -> 101 -> 26 -> 62 -> 53 -> 11 -> 75,85 -> 101 -> 26 -> 62 -> 53 -> 11 -> 75,7,0,0,100.00%,100.00%,100.00%
continuous_0898_S6_strategy2.npz,56 -> 40 -> 94 -> 72 -> 96,56 -> 53 -> 40 -> 90 -> 94 -> 72 -> 96,5,2,0,71.43%,100.00%,83.33%
continuous_0899_S6_strategy2.npz,79 -> 33 -> 55 -> 26 -> 16 -> 1,79 -> 33 -> 55 -> 26 -> 74 -> 16 -> 1,6,1,0,85.71%,100.00%,92.31%
continuous_0900_S6_strategy2.npz,69 -> 17 -> 8 -> 84 -> 54 -> 32,69 -> 17 -> 99 -> 66 -> 8 -> 84 -> 54 -> 55 -> 32,5,4,1,55.56%,83.33%,66.67%
continuous_0901_S6_strategy2.npz,2 -> 50 -> 36 -> 27 -> 73 -> 13 -> 86,2 -> 50 -> 30 -> 36 -> 69 -> 27 -> 73 -> 13 -> 86,7,2,0,77.78%,100.00%,87.50%
continuous_0902_S6_strategy2.npz,38 -> 21 -> 99 -> 51 -> 10 -> 68 -> 92,38 -> 39 -> 21 -> 66 -> 99 -> 55 -> 51 -> 10 -> 68 -> 24 -> 92,7,4,0,63.64%,100.00%,77.78%
continuous_0903_S6_strategy2.npz,28 -> 42 -> 63 -> 100 -> 87 -> 73 -> 18,28 -> 14 -> 42 -> 63 -> 100 -> 87 -> 73 -> 18,7,1,0,87.50%,100.00%,93.33%
continuous_0904_S6_strategy2.npz,17 -> 6 -> 46 -> 85 -> 24 -> 97,17 -> 6 -> 46 -> 27 -> 85 -> 24 -> 71 -> 97,6,2,0,75.00%,100.00%,85.71%
continuous_0905_S6_strategy2.npz,102 -> 55 -> 8 -> 92 -> 74,102 -> 55 -> 8 -> 77 -> 92 -> 74,5,1,0,83.33%,100.00%,90.91%
continuous_0906_S6_strategy2.npz,9 -> 82 -> 101 -> 62 -> 43 -> 56,9 -> 50 -> 82 -> 101 -> 62 -> 43 -> 2 -> 56,6,2,0,75.00%,100.00%,85.71%
continuous_0907_S6_strategy2.npz,65 -> 93 -> 55 -> 17 -> 24,65 -> 93 -> 55 -> 17 -> 24,4,1,1,80.00%,80.00%,80.00%
continuous_0908_S6_strategy2.npz,90 -> 38 -> 50 -> 70 -> 12 -> 75,90 -> 94 -> 38 -> 50 -> 9 -> 70 -> 12 -> 75,6,2,0,75.00%,100.00%,85.71%
continuous_0909_S6_strategy2.npz,69 -> 79 -> 101 -> 16 -> 26,69 -> 79 -> 101 -> 16 -> 26,5,0,0,100.00%,100.00%,100.00%
continuous_0910_S6_strategy2.npz,104 -> 33 -> 63 -> 17 -> 57 -> 5 -> 44,104 -> 33 -> 63 -> 17 -> 57 -> 23 -> 5 -> 44,7,1,0,87.50%,100.00%,93.33%
continuous_0911_S6_strategy2.npz,16 -> 21 -> 43 -> 4 -> 65 -> 104 -> 61,16 -> 21 -> 43 -> 20 -> 4 -> 65 -> 104,6,1,1,85.71%,85.71%,85.71%
continuous_0912_S6_strategy2.npz,14 -> 48 -> 93 -> 40 -> 53,14 -> 48 -> 93 -> 40 -> 53,5,0,0,100.00%,100.00%,100.00%
continuous_0913_S6_strategy2.npz,85 -> 58 -> 45 -> 78 -> 35 -> 10 -> 96,85 -> 58 -> 81 -> 45 -> 78 -> 30 -> 35 -> 10 -> 96,7,2,0,77.78%,100.00%,87.50%
continuous_0914_S6_strategy2.npz,88 -> 44 -> 52 -> 82 -> 3,88 -> 44 -> 52 -> 82 -> 3,5,0,0,100.00%,100.00%,100.00%
continuous_0915_S6_strategy2.npz,45 -> 65 -> 7 -> 56 -> 82 -> 94 -> 19,45 -> 65 -> 7 -> 56 -> 82 -> 94 -> 19,4,3,3,57.14%,57.14%,57.14%
continuous_0916_S6_strategy2.npz,87 -> 82 -> 6 -> 64 -> 10,87 -> 82 -> 6 -> 64 -> 10,5,0,0,100.00%,100.00%,100.00%
continuous_0917_S6_strategy2.npz,14 -> 23 -> 4 -> 52 -> 102,14 -> 23 -> 4 -> 52 -> 61 -> 79 -> 102,5,2,0,71.43%,100.00%,83.33%
continuous_0918_S6_strategy2.npz,93 -> 23 -> 95 -> 11 -> 50 -> 58 -> 64,93 -> 71 -> 23 -> 95 -> 11 -> 59 -> 50 -> 1 -> 58 -> 52 -> 64,6,5,1,54.55%,85.71%,66.67%
continuous_0919_S6_strategy2.npz,15 -> 97 -> 54 -> 70 -> 7 -> 26,15 -> 97 -> 54 -> 55 -> 70 -> 69 -> 7 -> 25 -> 26,6,3,0,66.67%,100.00%,80.00%
continuous_0920_S6_strategy2.npz,2 -> 103 -> 14 -> 71 -> 46,2 -> 42 -> 103 -> 77 -> 14 -> 71 -> 46,5,2,0,71.43%,100.00%,83.33%
continuous_0921_S6_strategy2.npz,34 -> 58 -> 90 -> 83 -> 66 -> 101,34 -> 58 -> 90 -> 83 -> 20 -> 66 -> 101,6,1,0,85.71%,100.00%,92.31%
continuous_0922_S6_strategy2.npz,81 -> 71 -> 49 -> 88 -> 36 -> 100,81 -> 53 -> 71 -> 49 -> 88 -> 30 -> 36 -> 14 -> 100,6,3,0,66.67%,100.00%,80.00%
continuous_0923_S6_strategy2.npz,0 -> 17 -> 58 -> 32 -> 22 -> 93 -> 67,0 -> 17 -> 58 -> 32 -> 22 -> 93 -> 53 -> 67,7,1,0,87.50%,100.00%,93.33%
continuous_0924_S6_strategy2.npz,103 -> 5 -> 19 -> 21 -> 56,103 -> 5 -> 19 -> 21 -> 56,5,0,0,100.00%,100.00%,100.00%
continuous_0925_S6_strategy2.npz,3 -> 17 -> 57 -> 98 -> 40,3 -> 17 -> 57 -> 98 -> 40,5,0,0,100.00%,100.00%,100.00%
continuous_0926_S6_strategy2.npz,4 -> 43 -> 101 -> 70 -> 60 -> 76 -> 94,4 -> 43 -> 101 -> 70 -> 60 -> 53 -> 76 -> 94,7,1,0,87.50%,100.00%,93.33%
continuous_0927_S6_strategy2.npz,101 -> 42 -> 14 -> 30 -> 0,101 -> 42 -> 14 -> 30 -> 9 -> 0,5,1,0,83.33%,100.00%,90.91%
continuous_0928_S6_strategy2.npz,86 -> 33 -> 67 -> 47 -> 25 -> 103 -> 55,86 -> 33 -> 67 -> 47 -> 25 -> 103 -> 55,7,0,0,100.00%,100.00%,100.00%
continuous_0929_S6_strategy2.npz,5 -> 23 -> 89 -> 34 -> 98,5 -> 23 -> 89 -> 30 -> 95,2,3,3,40.00%,40.00%,40.00%
continuous_0930_S6_strategy2.npz,37 -> 91 -> 29 -> 3 -> 45 -> 78 -> 13,37 -> 91 -> 95 -> 29 -> 3 -> 1 -> 45 -> 78 -> 12 -> 13,7,3,0,70.00%,100.00%,82.35%
continuous_0931_S6_strategy2.npz,66 -> 10 -> 24 -> 55 -> 103,66 -> 59 -> 10 -> 24 -> 55 -> 103,5,1,0,83.33%,100.00%,90.91%
continuous_0932_S6_strategy2.npz,14 -> 1 -> 77 -> 30 -> 20 -> 61,14 -> 1 -> 77 -> 74 -> 30 -> 20 -> 25 -> 61,6,2,0,75.00%,100.00%,85.71%
continuous_0933_S6_strategy2.npz,30 -> 20 -> 45 -> 86 -> 17 -> 0 -> 59,30 -> 20 -> 43 -> 45 -> 42 -> 86 -> 17 -> 0 -> 98 -> 59,7,3,0,70.00%,100.00%,82.35%
continuous_0934_S6_strategy2.npz,97 -> 50 -> 2 -> 58 -> 36 -> 28 -> 90,97 -> 50 -> 29 -> 2 -> 42 -> 58 -> 30 -> 36 -> 7 -> 28 -> 14 -> 4 -> 90,2,11,5,15.38%,28.57%,20.00%
continuous_0935_S6_strategy2.npz,57 -> 82 -> 7 -> 10 -> 36 -> 51,57 -> 82 -> 91 -> 7 -> 10 -> 36 -> 51,5,2,1,71.43%,83.33%,76.92%
continuous_0936_S6_strategy2.npz,85 -> 68 -> 10 -> 5 -> 47 -> 77,85 -> 95 -> 68 -> 98 -> 10 -> 5 -> 47 -> 87 -> 77,6,3,0,66.67%,100.00%,80.00%
continuous_0937_S6_strategy2.npz,7 -> 22 -> 76 -> 60 -> 100 -> 66,7 -> 49 -> 22 -> 76 -> 65 -> 60 -> 100 -> 66,6,2,0,75.00%,100.00%,85.71%
continuous_0938_S6_strategy2.npz,95 -> 89 -> 49 -> 21 -> 30 -> 12 -> 56,95 -> 89 -> 49 -> 21 -> 30 -> 12 -> 56,7,0,0,100.00%,100.00%,100.00%
continuous_0939_S6_strategy2.npz,13 -> 20 -> 59 -> 39 -> 42,13 -> 63 -> 20 -> 59 -> 32 -> 39 -> 67 -> 42,5,3,0,62.50%,100.00%,76.92%
continuous_0940_S6_strategy2.npz,40 -> 4 -> 92 -> 29 -> 73 -> 18,40 -> 4 -> 92 -> 29 -> 73 -> 18,6,0,0,100.00%,100.00%,100.00%
continuous_0941_S6_strategy2.npz,39 -> 78 -> 53 -> 99 -> 27 -> 11 -> 5,39 -> 78 -> 53 -> 99 -> 83 -> 27 -> 11 -> 5,7,1,0,87.50%,100.00%,93.33%
continuous_0942_S6_strategy2.npz,55 -> 71 -> 85 -> 31 -> 50,55 -> 71 -> 85 -> 31 -> 50,5,0,0,100.00%,100.00%,100.00%
continuous_0943_S6_strategy2.npz,28 -> 6 -> 72 -> 64 -> 11 -> 61,28 -> 6 -> 17 -> 72 -> 12 -> 64 -> 11 -> 0 -> 61,4,5,2,44.44%,66.67%,53.33%
continuous_0944_S6_strategy2.npz,67 -> 48 -> 91 -> 10 -> 104,67 -> 48 -> 91 -> 10 -> 11 -> 104,4,2,1,66.67%,80.00%,72.73%
continuous_0945_S6_strategy2.npz,56 -> 72 -> 50 -> 90 -> 15 -> 30,56 -> 72 -> 50 -> 20 -> 90 -> 15 -> 30,4,3,2,57.14%,66.67%,61.54%
continuous_0946_S6_strategy2.npz,79 -> 39 -> 68 -> 20 -> 1 -> 100,79 -> 39 -> 68 -> 70 -> 20 -> 1 -> 100,4,3,2,57.14%,66.67%,61.54%
continuous_0947_S6_strategy2.npz,16 -> 48 -> 4 -> 73 -> 102,16 -> 48 -> 14 -> 4 -> 55 -> 73 -> 102,4,3,1,57.14%,80.00%,66.67%
continuous_0948_S6_strategy2.npz,28 -> 68 -> 39 -> 99 -> 4 -> 85,28 -> 68 -> 39 -> 38 -> 99 -> 97 -> 4 -> 85,3,5,3,37.50%,50.00%,42.86%
continuous_0949_S6_strategy2.npz,14 -> 6 -> 46 -> 104 -> 55 -> 87 -> 71,14 -> 71 -> 6 -> 100 -> 46 -> 14 -> 104 -> 55 -> 87 -> 71,7,3,0,70.00%,100.00%,82.35%
continuous_0950_S6_strategy2.npz,35 -> 55 -> 90 -> 8 -> 50 -> 19,35 -> 41 -> 55 -> 90 -> 84 -> 8 -> 55 -> 50 -> 29 -> 19,6,4,0,60.00%,100.00%,75.00%
continuous_0951_S6_strategy2.npz,64 -> 79 -> 61 -> 91 -> 49 -> 11,64 -> 20 -> 79 -> 60 -> 61 -> 91 -> 7 -> 49 -> 11,4,5,2,44.44%,66.67%,53.33%
continuous_0952_S6_strategy2.npz,87 -> 17 -> 52 -> 41 -> 62,87 -> 17 -> 52 -> 39 -> 41 -> 62,4,2,1,66.67%,80.00%,72.73%
continuous_0953_S6_strategy2.npz,104 -> 87 -> 81 -> 31 -> 20,104 -> 103 -> 87 -> 81 -> 31 -> 20,5,1,0,83.33%,100.00%,90.91%
continuous_0954_S6_strategy2.npz,21 -> 55 -> 15 -> 81 -> 93 -> 1,21 -> 22 -> 55 -> 15 -> 81 -> 93 -> 29 -> 1,6,2,0,75.00%,100.00%,85.71%
continuous_0955_S6_strategy2.npz,100 -> 51 -> 34 -> 91 -> 60,100 -> 51 -> 34 -> 91 -> 60,5,0,0,100.00%,100.00%,100.00%
continuous_0956_S6_strategy2.npz,49 -> 37 -> 90 -> 11 -> 70 -> 60,49 -> 37 -> 74 -> 90 -> 94 -> 11 -> 70 -> 65,4,4,2,50.00%,66.67%,57.14%
continuous_0957_S6_strategy2.npz,52 -> 24 -> 74 -> 36 -> 10 -> 87 -> 62,52 -> 53 -> 24 -> 74 -> 30 -> 36 -> 10 -> 45 -> 87 -> 62,6,4,1,60.00%,85.71%,70.59%
continuous_0958_S6_strategy2.npz,42 -> 90 -> 14 -> 58 -> 70 -> 4 -> 95,42 -> 74 -> 90 -> 14 -> 58 -> 102 -> 66 -> 70 -> 9 -> 4 -> 95,5,6,2,45.45%,71.43%,55.56%
continuous_0959_S6_strategy2.npz,15 -> 8 -> 80 -> 40 -> 29 -> 59 -> 88,15 -> 8 -> 80 -> 40 -> 29 -> 101 -> 59 -> 88,7,1,0,87.50%,100.00%,93.33%
continuous_0960_S6_strategy2.npz,66 -> 39 -> 89 -> 61 -> 73 -> 15,66 -> 39 -> 89 -> 52 -> 61 -> 73 -> 15,4,3,2,57.14%,66.67%,61.54%
continuous_0961_S6_strategy2.npz,96 -> 63 -> 8 -> 15 -> 51 -> 53,96 -> 66 -> 63 -> 8 -> 15 -> 51 -> 53,6,1,0,85.71%,100.00%,92.31%
continuous_0962_S6_strategy2.npz,96 -> 31 -> 91 -> 11 -> 47 -> 55,96 -> 31 -> 91 -> 10 -> 11 -> 68 -> 47 -> 42 -> 55,6,3,0,66.67%,100.00%,80.00%
continuous_0963_S6_strategy2.npz,29 -> 100 -> 35 -> 55 -> 64,29 -> 100 -> 35 -> 55 -> 54 -> 64,5,1,0,83.33%,100.00%,90.91%
continuous_0964_S6_strategy2.npz,8 -> 30 -> 62 -> 18 -> 26 -> 44,8 -> 30 -> 62 -> 18 -> 26 -> 44,5,1,1,83.33%,83.33%,83.33%
continuous_0965_S6_strategy2.npz,89 -> 70 -> 12 -> 0 -> 53,89 -> 70 -> 69 -> 12 -> 11 -> 0 -> 5 -> 53,3,5,2,37.50%,60.00%,46.15%
continuous_0966_S6_strategy2.npz,60 -> 31 -> 69 -> 26 -> 14 -> 75 -> 7,60 -> 31 -> 34 -> 69 -> 26 -> 103 -> 14 -> 45 -> 75 -> 7,7,3,0,70.00%,100.00%,82.35%
continuous_0967_S6_strategy2.npz,8 -> 23 -> 49 -> 59 -> 69 -> 84 -> 12,8 -> 23 -> 49 -> 59 -> 69 -> 84 -> 12,7,0,0,100.00%,100.00%,100.00%
continuous_0968_S6_strategy2.npz,87 -> 2 -> 46 -> 15 -> 21,87 -> 2 -> 46 -> 14 -> 15 -> 21,5,1,0,83.33%,100.00%,90.91%
continuous_0969_S6_strategy2.npz,85 -> 31 -> 0 -> 72 -> 15 -> 65,85 -> 31 -> 29 -> 0 -> 72 -> 15 -> 51 -> 65,6,2,0,75.00%,100.00%,85.71%
continuous_0970_S6_strategy2.npz,28 -> 6 -> 13 -> 54 -> 85 -> 77,28 -> 6 -> 12 -> 13 -> 54 -> 91 -> 85 -> 77,6,2,0,75.00%,100.00%,85.71%
continuous_0971_S6_strategy2.npz,43 -> 13 -> 8 -> 29 -> 90 -> 72,43 -> 45 -> 13 -> 78 -> 8 -> 29 -> 74 -> 90 -> 72,5,4,1,55.56%,83.33%,66.67%
continuous_0972_S6_strategy2.npz,67 -> 2 -> 17 -> 96 -> 22 -> 31 -> 86,67 -> 50 -> 2 -> 17 -> 96 -> 22 -> 31 -> 33 -> 85 -> 86,6,4,1,60.00%,85.71%,70.59%
continuous_0973_S6_strategy2.npz,48 -> 80 -> 27 -> 0 -> 32 -> 95,48 -> 83 -> 80 -> 27 -> 0 -> 33 -> 32 -> 95,6,2,0,75.00%,100.00%,85.71%
continuous_0974_S6_strategy2.npz,19 -> 67 -> 89 -> 23 -> 40 -> 61,19 -> 67 -> 89 -> 23 -> 40 -> 61,6,0,0,100.00%,100.00%,100.00%
continuous_0975_S6_strategy2.npz,100 -> 37 -> 84 -> 69 -> 91,100 -> 37 -> 84 -> 69 -> 91,5,0,0,100.00%,100.00%,100.00%
continuous_0976_S6_strategy2.npz,25 -> 54 -> 3 -> 37 -> 68 -> 103 -> 48,25 -> 54 -> 55 -> 3 -> 37 -> 68 -> 103 -> 83 -> 48,6,3,1,66.67%,85.71%,75.00%
continuous_0977_S6_strategy2.npz,4 -> 80 -> 97 -> 34 -> 54 -> 85,4 -> 80 -> 97 -> 98 -> 34 -> 36 -> 54 -> 85,4,4,2,50.00%,66.67%,57.14%
continuous_0978_S6_strategy2.npz,100 -> 36 -> 20 -> 16 -> 53,100 -> 36 -> 35 -> 20 -> 16 -> 53,4,2,1,66.67%,80.00%,72.73%
continuous_0979_S6_strategy2.npz,52 -> 29 -> 14 -> 34 -> 80 -> 8 -> 50,52 -> 61 -> 29 -> 14 -> 30 -> 34 -> 80 -> 8 -> 50,7,2,0,77.78%,100.00%,87.50%
continuous_0980_S6_strategy2.npz,13 -> 100 -> 34 -> 73 -> 46 -> 57 -> 3,13 -> 100 -> 34 -> 73 -> 46 -> 57 -> 3,7,0,0,100.00%,100.00%,100.00%
continuous_0981_S6_strategy2.npz,2 -> 20 -> 99 -> 33 -> 75,2 -> 20 -> 17 -> 99 -> 54 -> 33 -> 75,3,4,2,42.86%,60.00%,50.00%
continuous_0982_S6_strategy2.npz,39 -> 101 -> 68 -> 49 -> 54 -> 1 -> 29,39 -> 41 -> 101 -> 63 -> 68 -> 49 -> 56 -> 54 -> 55 -> 1 -> 50 -> 29,5,7,2,41.67%,71.43%,52.63%
continuous_0983_S6_strategy2.npz,54 -> 95 -> 85 -> 83 -> 25 -> 2,54 -> 55 -> 95 -> 85 -> 66 -> 83 -> 25 -> 2,6,2,0,75.00%,100.00%,85.71%
continuous_0984_S6_strategy2.npz,21 -> 66 -> 96 -> 52 -> 46 -> 9,21 -> 66 -> 51 -> 96 -> 52 -> 61 -> 28 -> 46 -> 9,4,5,2,44.44%,66.67%,53.33%
continuous_0985_S6_strategy2.npz,43 -> 16 -> 70 -> 28 -> 2 -> 97 -> 76,43 -> 16 -> 66 -> 70 -> 69 -> 28 -> 14 -> 2 -> 97 -> 53 -> 76,4,7,3,36.36%,57.14%,44.44%
continuous_0986_S6_strategy2.npz,25 -> 5 -> 37 -> 82 -> 64 -> 10,25 -> 5 -> 37 -> 82 -> 54 -> 64 -> 10,4,3,2,57.14%,66.67%,61.54%
continuous_0987_S6_strategy2.npz,12 -> 3 -> 51 -> 21 -> 71,12 -> 3 -> 51 -> 22 -> 21 -> 71,4,2,1,66.67%,80.00%,72.73%
continuous_0988_S6_strategy2.npz,102 -> 20 -> 14 -> 87 -> 77,102 -> 19 -> 20 -> 27 -> 14 -> 45 -> 87 -> 77,4,4,1,50.00%,80.00%,61.54%
continuous_0989_S6_strategy2.npz,28 -> 80 -> 19 -> 86 -> 48 -> 58 -> 35,28 -> 80 -> 19 -> 86 -> 70 -> 48 -> 58 -> 30 -> 35,7,2,0,77.78%,100.00%,87.50%
continuous_0990_S6_strategy2.npz,40 -> 86 -> 58 -> 68 -> 12 -> 97,40 -> 86 -> 58 -> 68 -> 12 -> 3 -> 97,4,3,2,57.14%,66.67%,61.54%
continuous_0991_S6_strategy2.npz,82 -> 86 -> 0 -> 62 -> 33,82 -> 86 -> 0 -> 62 -> 33,5,0,0,100.00%,100.00%,100.00%
continuous_0992_S6_strategy2.npz,28 -> 98 -> 52 -> 88 -> 69,28 -> 98 -> 1 -> 52 -> 88 -> 69,4,2,1,66.67%,80.00%,72.73%
continuous_0993_S6_strategy2.npz,63 -> 38 -> 98 -> 52 -> 51,63 -> 38 -> 98 -> 52 -> 51,5,0,0,100.00%,100.00%,100.00%
continuous_0994_S6_strategy2.npz,23 -> 68 -> 59 -> 48 -> 84,23 -> 68 -> 59 -> 83 -> 48 -> 84,3,3,2,50.00%,60.00%,54.55%
continuous_0995_S6_strategy2.npz,92 -> 100 -> 40 -> 17 -> 7,92 -> 100 -> 40 -> 31 -> 17 -> 7,3,3,2,50.00%,60.00%,54.55%
continuous_0996_S6_strategy2.npz,43 -> 72 -> 88 -> 35 -> 26 -> 11,43 -> 72 -> 88 -> 35 -> 26 -> 11,5,1,1,83.33%,83.33%,83.33%
continuous_0997_S6_strategy2.npz,58 -> 51 -> 74 -> 70 -> 3,58 -> 14 -> 51 -> 74 -> 70 -> 3,4,2,1,66.67%,80.00%,72.73%
continuous_0998_S6_strategy2.npz,24 -> 44 -> 65 -> 104 -> 75,24 -> 44 -> 14 -> 65 -> 104 -> 75,4,2,1,66.67%,80.00%,72.73%
continuous_0999_S6_strategy2.npz,98 -> 3 -> 21 -> 54 -> 65 -> 39 -> 11,98 -> 3 -> 60 -> 21 -> 54 -> 55 -> 65 -> 39 -> 11,6,3,1,66.67%,85.71%,75.00%
continuous_1000_S6_strategy2.npz,63 -> 10 -> 4 -> 89 -> 21 -> 41 -> 100,63 -> 10 -> 4 -> 61 -> 89 -> 61 -> 21 -> 41 -> 100,5,4,2,55.56%,71.43%,62.50%
continuous_1001_S6_strategy2.npz,36 -> 102 -> 80 -> 12 -> 48 -> 5 -> 91,36 -> 34 -> 74 -> 102 -> 80 -> 60 -> 12 -> 13 -> 48 -> 5 -> 91,7,4,0,63.64%,100.00%,77.78%
continuous_1002_S6_strategy2.npz,81 -> 29 -> 59 -> 5 -> 12,81 -> 53 -> 29 -> 59 -> 5 -> 12,5,1,0,83.33%,100.00%,90.91%
continuous_1003_S6_strategy2.npz,56 -> 46 -> 16 -> 28 -> 6,56 -> 52 -> 46 -> 31 -> 16 -> 95 -> 28 -> 27 -> 88 -> 6,5,5,0,50.00%,100.00%,66.67%
continuous_1004_S6_strategy2.npz,7 -> 39 -> 65 -> 82 -> 16 -> 42,7 -> 49 -> 39 -> 65 -> 82 -> 16 -> 51 -> 42,6,2,0,75.00%,100.00%,85.71%
continuous_1005_S6_strategy2.npz,15 -> 59 -> 95 -> 66 -> 45,15 -> 59 -> 95 -> 66 -> 45,5,0,0,100.00%,100.00%,100.00%
continuous_1006_S6_strategy2.npz,33 -> 80 -> 47 -> 26 -> 71 -> 1 -> 101,33 -> 41 -> 80 -> 47 -> 26 -> 71 -> 29 -> 1 -> 101,7,2,0,77.78%,100.00%,87.50%
continuous_1007_S6_strategy2.npz,23 -> 52 -> 16 -> 82 -> 2 -> 88 -> 38,23 -> 13 -> 52 -> 61 -> 16 -> 82 -> 67 -> 2 -> 6 -> 88 -> 30 -> 38 -> 37,4,9,3,30.77%,57.14%,40.00%
continuous_1008_S6_strategy2.npz,11 -> 52 -> 29 -> 85 -> 71 -> 37 -> 6,11 -> 52 -> 61 -> 29 -> 85 -> 23 -> 71 -> 37 -> 6,7,2,0,77.78%,100.00%,87.50%
continuous_1009_S6_strategy2.npz,76 -> 90 -> 48 -> 18 -> 70 -> 9 -> 26,76 -> 16 -> 90 -> 48 -> 18 -> 66 -> 70 -> 69 -> 9 -> 50 -> 1 -> 26,3,9,4,25.00%,42.86%,31.58%
continuous_1010_S6_strategy2.npz,98 -> 16 -> 60 -> 77 -> 8 -> 35,98 -> 16 -> 60 -> 77 -> 8 -> 35,5,1,1,83.33%,83.33%,83.33%
continuous_1011_S6_strategy2.npz,12 -> 28 -> 7 -> 43 -> 84 -> 71,12 -> 28 -> 7 -> 43 -> 84 -> 71,6,0,0,100.00%,100.00%,100.00%
continuous_1012_S6_strategy2.npz,2 -> 37 -> 50 -> 22 -> 77,2 -> 37 -> 38 -> 50 -> 22 -> 77,4,2,1,66.67%,80.00%,72.73%
continuous_1013_S6_strategy2.npz,57 -> 50 -> 22 -> 2 -> 81 -> 94,57 -> 50 -> 22 -> 2 -> 81 -> 90 -> 94,4,3,2,57.14%,66.67%,61.54%
continuous_1014_S6_strategy2.npz,19 -> 76 -> 6 -> 32 -> 96 -> 24,19 -> 76 -> 6 -> 32 -> 96 -> 24,6,0,0,100.00%,100.00%,100.00%
continuous_1015_S6_strategy2.npz,85 -> 47 -> 61 -> 19 -> 65 -> 25 -> 96,85 -> 90 -> 47 -> 61 -> 53 -> 19 -> 65 -> 25 -> 96,7,2,0,77.78%,100.00%,87.50%
continuous_1016_S6_strategy2.npz,104 -> 49 -> 32 -> 78 -> 11 -> 60,104 -> 49 -> 32 -> 78 -> 73 -> 11 -> 60,6,1,0,85.71%,100.00%,92.31%
continuous_1017_S6_strategy2.npz,89 -> 102 -> 77 -> 51 -> 59,89 -> 79 -> 102 -> 77 -> 51 -> 59,5,1,0,83.33%,100.00%,90.91%
continuous_1018_S6_strategy2.npz,46 -> 91 -> 80 -> 97 -> 71 -> 0,46 -> 91 -> 80 -> 97 -> 88 -> 71 -> 0,4,3,2,57.14%,66.67%,61.54%
continuous_1019_S6_strategy2.npz,11 -> 89 -> 95 -> 60 -> 45,11 -> 89 -> 95 -> 60 -> 45,5,0,0,100.00%,100.00%,100.00%
continuous_1020_S6_strategy2.npz,6 -> 77 -> 50 -> 62 -> 103,6 -> 4 -> 77 -> 66 -> 50 -> 29 -> 64 -> 62 -> 103,5,4,0,55.56%,100.00%,71.43%
continuous_1021_S6_strategy2.npz,61 -> 21 -> 49 -> 18 -> 103 -> 71,61 -> 53 -> 21 -> 49 -> 0 -> 18 -> 36 -> 103 -> 74 -> 23 -> 71,4,7,2,36.36%,66.67%,47.06%
continuous_1022_S6_strategy2.npz,41 -> 57 -> 47 -> 27 -> 15 -> 95 -> 88,41 -> 34 -> 57 -> 47 -> 27 -> 15 -> 95 -> 70 -> 88,7,2,0,77.78%,100.00%,87.50%
continuous_1023_S6_strategy2.npz,77 -> 39 -> 95 -> 60 -> 10 -> 1 -> 69,77 -> 39 -> 95 -> 60 -> 10 -> 29 -> 1 -> 69,5,3,2,62.50%,71.43%,66.67%
continuous_1024_S6_strategy2.npz,86 -> 30 -> 7 -> 101 -> 78,86 -> 30 -> 7 -> 101 -> 59 -> 78,3,3,2,50.00%,60.00%,54.55%
continuous_1025_S6_strategy2.npz,45 -> 81 -> 92 -> 34 -> 66,45 -> 81 -> 92 -> 34 -> 70 -> 66,5,1,0,83.33%,100.00%,90.91%
continuous_1026_S6_strategy2.npz,0 -> 93 -> 62 -> 22 -> 48 -> 13 -> 57,0 -> 93 -> 62 -> 25 -> 22 -> 83 -> 48 -> 13 -> 57,4,5,3,44.44%,57.14%,50.00%
continuous_1027_S6_strategy2.npz,58 -> 74 -> 10 -> 50 -> 66 -> 23,58 -> 102 -> 74 -> 10 -> 50 -> 66 -> 42 -> 23,6,2,0,75.00%,100.00%,85.71%
continuous_1028_S6_strategy2.npz,83 -> 4 -> 85 -> 46 -> 29 -> 38,83 -> 20 -> 4 -> 85 -> 46 -> 29 -> 38,6,1,0,85.71%,100.00%,92.31%
continuous_1029_S6_strategy2.npz,37 -> 25 -> 95 -> 52 -> 79,37 -> 41 -> 25 -> 84 -> 95 -> 52 -> 79,5,2,0,71.43%,100.00%,83.33%
continuous_1030_S6_strategy2.npz,88 -> 51 -> 75 -> 60 -> 1 -> 97 -> 36,88 -> 6 -> 51 -> 75 -> 60 -> 29 -> 1 -> 54 -> 97 -> 6 -> 36,7,4,0,63.64%,100.00%,77.78%
continuous_1031_S6_strategy2.npz,25 -> 1 -> 89 -> 49 -> 71 -> 34,25 -> 29 -> 1 -> 3 -> 89 -> 49 -> 71 -> 39 -> 34,6,3,0,66.67%,100.00%,80.00%
continuous_1032_S6_strategy2.npz,1 -> 67 -> 72 -> 100 -> 55,1 -> 67 -> 60 -> 72 -> 100 -> 55,4,2,1,66.67%,80.00%,72.73%
continuous_1033_S6_strategy2.npz,2 -> 91 -> 17 -> 95 -> 25 -> 60 -> 77,2 -> 63 -> 91 -> 17 -> 99 -> 95 -> 25 -> 60 -> 77,7,2,0,77.78%,100.00%,87.50%
continuous_1034_S6_strategy2.npz,73 -> 11 -> 67 -> 44 -> 58 -> 4 -> 32,73 -> 11 -> 67 -> 44 -> 58 -> 102 -> 4 -> 32,6,2,1,75.00%,85.71%,80.00%
continuous_1035_S6_strategy2.npz,24 -> 54 -> 82 -> 64 -> 45,24 -> 62 -> 54 -> 55 -> 82 -> 64 -> 45,5,2,0,71.43%,100.00%,83.33%
continuous_1036_S6_strategy2.npz,67 -> 31 -> 78 -> 44 -> 54 -> 18,67 -> 31 -> 78 -> 44 -> 54 -> 18,6,0,0,100.00%,100.00%,100.00%
continuous_1037_S6_strategy2.npz,4 -> 83 -> 39 -> 11 -> 101 -> 64 -> 25,4 -> 85 -> 83 -> 39 -> 76 -> 11 -> 101 -> 64 -> 25,6,3,1,66.67%,85.71%,75.00%
continuous_1038_S6_strategy2.npz,99 -> 68 -> 86 -> 80 -> 49 -> 34 -> 18,99 -> 95 -> 68 -> 86 -> 80 -> 49 -> 34 -> 36 -> 18,7,2,0,77.78%,100.00%,87.50%
continuous_1039_S6_strategy2.npz,10 -> 91 -> 42 -> 73 -> 21 -> 71,10 -> 91 -> 42 -> 73 -> 0 -> 21 -> 71,5,2,1,71.43%,83.33%,76.92%
continuous_1040_S6_strategy2.npz,31 -> 29 -> 13 -> 54 -> 87 -> 0 -> 98,31 -> 29 -> 13 -> 54 -> 87 -> 67 -> 0 -> 98,7,1,0,87.50%,100.00%,93.33%
continuous_1041_S6_strategy2.npz,61 -> 38 -> 2 -> 100 -> 48 -> 87 -> 81,61 -> 53 -> 38 -> 29 -> 2 -> 100 -> 48 -> 87 -> 81,7,2,0,77.78%,100.00%,87.50%
continuous_1042_S6_strategy2.npz,19 -> 49 -> 71 -> 56 -> 1 -> 41,19 -> 49 -> 71 -> 56 -> 1 -> 52 -> 41,4,3,2,57.14%,66.67%,61.54%
continuous_1043_S6_strategy2.npz,102 -> 19 -> 5 -> 78 -> 29,102 -> 19 -> 5 -> 78 -> 29,5,0,0,100.00%,100.00%,100.00%
continuous_1044_S6_strategy2.npz,49 -> 89 -> 15 -> 2 -> 33,49 -> 89 -> 15 -> 2 -> 33,4,1,1,80.00%,80.00%,80.00%
continuous_1045_S6_strategy2.npz,60 -> 73 -> 32 -> 9 -> 65 -> 46,60 -> 3 -> 73 -> 32 -> 34 -> 9 -> 65 -> 46,6,2,0,75.00%,100.00%,85.71%
continuous_1046_S6_strategy2.npz,65 -> 59 -> 76 -> 5 -> 39 -> 97 -> 15,65 -> 59 -> 81 -> 76 -> 5 -> 39 -> 97 -> 15,7,1,0,87.50%,100.00%,93.33%
continuous_1047_S6_strategy2.npz,53 -> 94 -> 28 -> 101 -> 15,53 -> 94 -> 28 -> 101 -> 15,5,0,0,100.00%,100.00%,100.00%
continuous_1048_S6_strategy2.npz,4 -> 31 -> 74 -> 101 -> 59,4 -> 31 -> 74 -> 53 -> 101 -> 59,5,1,0,83.33%,100.00%,90.91%
continuous_1049_S6_strategy2.npz,41 -> 103 -> 7 -> 10 -> 26,41 -> 34 -> 103 -> 7 -> 10 -> 26,5,1,0,83.33%,100.00%,90.91%
continuous_1050_S6_strategy2.npz,45 -> 96 -> 94 -> 29 -> 5 -> 36 -> 58,45 -> 96 -> 94 -> 29 -> 5 -> 35 -> 36 -> 58,5,3,2,62.50%,71.43%,66.67%
continuous_1051_S6_strategy2.npz,59 -> 103 -> 68 -> 39 -> 78 -> 21,59 -> 103 -> 68 -> 39 -> 78 -> 21,6,0,0,100.00%,100.00%,100.00%
continuous_1052_S6_strategy2.npz,11 -> 92 -> 103 -> 9 -> 22 -> 39,11 -> 92 -> 104 -> 103 -> 9 -> 29 -> 22 -> 39,4,4,2,50.00%,66.67%,57.14%
continuous_1053_S6_strategy2.npz,31 -> 101 -> 23 -> 85 -> 53,31 -> 101 -> 23 -> 80 -> 85 -> 53,4,2,1,66.67%,80.00%,72.73%
continuous_1054_S6_strategy2.npz,74 -> 63 -> 8 -> 35 -> 88 -> 58 -> 22,74 -> 66 -> 63 -> 8 -> 35 -> 41 -> 88 -> 58 -> 22,7,2,0,77.78%,100.00%,87.50%
continuous_1055_S6_strategy2.npz,78 -> 51 -> 9 -> 38 -> 16 -> 68,78 -> 51 -> 69 -> 9 -> 38 -> 16 -> 68,5,2,1,71.43%,83.33%,76.92%
continuous_1056_S6_strategy2.npz,59 -> 103 -> 67 -> 41 -> 16,59 -> 55 -> 103 -> 67 -> 41 -> 103 -> 16,5,2,0,71.43%,100.00%,83.33%
continuous_1057_S6_strategy2.npz,26 -> 51 -> 94 -> 61 -> 3,26 -> 14 -> 51 -> 94 -> 61 -> 3,4,2,1,66.67%,80.00%,72.73%
continuous_1058_S6_strategy2.npz,99 -> 49 -> 68 -> 8 -> 90 -> 74 -> 55,99 -> 90 -> 49 -> 68 -> 8 -> 74 -> 90 -> 77 -> 55,5,4,2,55.56%,71.43%,62.50%
continuous_1059_S6_strategy2.npz,78 -> 19 -> 63 -> 4 -> 39,78 -> 19 -> 63 -> 18 -> 4 -> 40 -> 39,4,3,1,57.14%,80.00%,66.67%
continuous_1060_S6_strategy2.npz,104 -> 59 -> 8 -> 50 -> 89 -> 26 -> 69,104 -> 59 -> 57 -> 8 -> 77 -> 50 -> 89 -> 64 -> 25 -> 26 -> 69,6,5,1,54.55%,85.71%,66.67%
continuous_1061_S6_strategy2.npz,9 -> 70 -> 43 -> 22 -> 99 -> 31 -> 54,9 -> 55 -> 70 -> 43 -> 11 -> 22 -> 99 -> 31 -> 56 -> 54,7,3,0,70.00%,100.00%,82.35%
continuous_1062_S6_strategy2.npz,24 -> 47 -> 65 -> 18 -> 79 -> 1,24 -> 47 -> 65 -> 0 -> 18 -> 65 -> 79 -> 1,3,5,3,37.50%,50.00%,42.86%
continuous_1063_S6_strategy2.npz,61 -> 32 -> 68 -> 21 -> 75 -> 17,61 -> 30 -> 32 -> 33 -> 68 -> 21 -> 75 -> 17,6,2,0,75.00%,100.00%,85.71%
continuous_1064_S6_strategy2.npz,5 -> 49 -> 54 -> 88 -> 79,5 -> 49 -> 54 -> 88 -> 6 -> 79,5,1,0,83.33%,100.00%,90.91%
continuous_1065_S6_strategy2.npz,55 -> 98 -> 17 -> 51 -> 22 -> 6,55 -> 67 -> 98 -> 79 -> 17 -> 51 -> 22 -> 6,6,2,0,75.00%,100.00%,85.71%
continuous_1066_S6_strategy2.npz,81 -> 57 -> 88 -> 39 -> 68,81 -> 57 -> 88 -> 39 -> 68,5,0,0,100.00%,100.00%,100.00%
continuous_1067_S6_strategy2.npz,96 -> 26 -> 9 -> 78 -> 55 -> 44,96 -> 25 -> 26 -> 9 -> 78 -> 59 -> 55 -> 80 -> 44,6,3,0,66.67%,100.00%,80.00%
continuous_1068_S6_strategy2.npz,1 -> 12 -> 42 -> 75 -> 57,1 -> 12 -> 42 -> 75 -> 77 -> 57,4,2,1,66.67%,80.00%,72.73%
continuous_1069_S6_strategy2.npz,34 -> 44 -> 60 -> 17 -> 100 -> 94,34 -> 25 -> 44 -> 60 -> 17 -> 100 -> 94,6,1,0,85.71%,100.00%,92.31%
continuous_1070_S6_strategy2.npz,43 -> 92 -> 70 -> 59 -> 40,43 -> 92 -> 70 -> 9 -> 59 -> 32 -> 40,5,2,0,71.43%,100.00%,83.33%
continuous_1071_S6_strategy2.npz,25 -> 62 -> 88 -> 10 -> 55 -> 73 -> 96,25 -> 62 -> 71 -> 88 -> 10 -> 55 -> 73 -> 78 -> 96,7,2,0,77.78%,100.00%,87.50%
continuous_1072_S6_strategy2.npz,53 -> 87 -> 38 -> 26 -> 77 -> 16,53 -> 87 -> 38 -> 37 -> 74 -> 26 -> 77 -> 16,5,3,1,62.50%,83.33%,71.43%
continuous_1073_S6_strategy2.npz,36 -> 89 -> 62 -> 72 -> 45 -> 14 -> 58,36 -> 89 -> 62 -> 60 -> 72 -> 45 -> 14 -> 58,5,3,2,62.50%,71.43%,66.67%
continuous_1074_S6_strategy2.npz,88 -> 57 -> 13 -> 3 -> 101 -> 36,88 -> 57 -> 13 -> 12 -> 3 -> 101 -> 36,6,1,0,85.71%,100.00%,92.31%
continuous_1075_S6_strategy2.npz,9 -> 77 -> 32 -> 91 -> 24,9 -> 50 -> 77 -> 32 -> 85 -> 91 -> 24,5,2,0,71.43%,100.00%,83.33%
continuous_1076_S6_strategy2.npz,18 -> 55 -> 99 -> 63 -> 1,18 -> 55 -> 99 -> 63 -> 98 -> 1,5,1,0,83.33%,100.00%,90.91%
continuous_1077_S6_strategy2.npz,98 -> 42 -> 28 -> 58 -> 64 -> 19,98 -> 19 -> 42 -> 28 -> 58 -> 64 -> 19,6,1,0,85.71%,100.00%,92.31%
continuous_1078_S6_strategy2.npz,95 -> 9 -> 17 -> 53 -> 32 -> 25 -> 84,95 -> 68 -> 69 -> 9 -> 50 -> 17 -> 20 -> 53 -> 32 -> 25 -> 84,7,4,0,63.64%,100.00%,77.78%
continuous_1079_S6_strategy2.npz,26 -> 15 -> 96 -> 9 -> 72 -> 90 -> 49,26 -> 15 -> 96 -> 70 -> 9 -> 72 -> 90 -> 49,5,3,2,62.50%,71.43%,66.67%
continuous_1080_S6_strategy2.npz,29 -> 45 -> 94 -> 11 -> 82,29 -> 43 -> 45 -> 94 -> 19 -> 11 -> 98 -> 82,5,3,0,62.50%,100.00%,76.92%
continuous_1081_S6_strategy2.npz,84 -> 13 -> 99 -> 94 -> 65 -> 56,84 -> 13 -> 99 -> 90 -> 94 -> 65 -> 56,6,1,0,85.71%,100.00%,92.31%
continuous_1082_S6_strategy2.npz,59 -> 76 -> 96 -> 70 -> 27 -> 3 -> 12,59 -> 53 -> 76 -> 51 -> 96 -> 20 -> 70 -> 95 -> 27 -> 3 -> 12,6,5,1,54.55%,85.71%,66.67%
continuous_1083_S6_strategy2.npz,53 -> 40 -> 88 -> 27 -> 19 -> 47,53 -> 40 -> 88 -> 27 -> 19 -> 47,6,0,0,100.00%,100.00%,100.00%
continuous_1084_S6_strategy2.npz,33 -> 94 -> 10 -> 29 -> 103 -> 79 -> 6,33 -> 94 -> 10 -> 11 -> 29 -> 104 -> 103 -> 79 -> 93 -> 6,7,3,0,70.00%,100.00%,82.35%
continuous_1085_S6_strategy2.npz,56 -> 64 -> 40 -> 12 -> 45 -> 90,56 -> 64 -> 40 -> 70 -> 12 -> 45 -> 90,6,1,0,85.71%,100.00%,92.31%
continuous_1086_S6_strategy2.npz,37 -> 19 -> 72 -> 20 -> 45 -> 102,37 -> 19 -> 23 -> 72 -> 102 -> 20 -> 19 -> 45 -> 11 -> 102,6,4,0,60.00%,100.00%,75.00%
continuous_1087_S6_strategy2.npz,20 -> 65 -> 92 -> 47 -> 54 -> 102 -> 8,20 -> 65 -> 68 -> 92 -> 47 -> 54 -> 55 -> 102 -> 57 -> 8,6,4,1,60.00%,85.71%,70.59%
continuous_1088_S6_strategy2.npz,17 -> 72 -> 63 -> 86 -> 25 -> 39 -> 53,17 -> 72 -> 63 -> 86 -> 35 -> 25 -> 39 -> 81 -> 53,4,5,3,44.44%,57.14%,50.00%
continuous_1089_S6_strategy2.npz,41 -> 7 -> 17 -> 65 -> 86 -> 56 -> 82,41 -> 7 -> 49 -> 17 -> 65 -> 86 -> 63 -> 56 -> 82,6,3,1,66.67%,85.71%,75.00%
continuous_1090_S6_strategy2.npz,43 -> 29 -> 83 -> 58 -> 11 -> 67 -> 37,43 -> 29 -> 83 -> 58 -> 74 -> 11 -> 67 -> 37,5,3,2,62.50%,71.43%,66.67%
continuous_1091_S6_strategy2.npz,18 -> 57 -> 90 -> 9 -> 27 -> 76 -> 97,18 -> 57 -> 90 -> 9 -> 27 -> 53 -> 76 -> 97,7,1,0,87.50%,100.00%,93.33%
continuous_1092_S6_strategy2.npz,68 -> 29 -> 74 -> 57 -> 14 -> 40 -> 2,68 -> 29 -> 74 -> 57 -> 22 -> 14 -> 15 -> 40 -> 39 -> 29 -> 2,2,9,5,18.18%,28.57%,22.22%
continuous_1093_S6_strategy2.npz,100 -> 6 -> 27 -> 18 -> 51 -> 83 -> 37,100 -> 6 -> 17 -> 27 -> 18 -> 51 -> 59 -> 83 -> 38 -> 37,6,4,1,60.00%,85.71%,70.59%
continuous_1094_S6_strategy2.npz,6 -> 62 -> 23 -> 81 -> 30 -> 96,6 -> 17 -> 64 -> 62 -> 23 -> 104 -> 81 -> 35 -> 30 -> 96,4,6,2,40.00%,66.67%,50.00%
continuous_1095_S6_strategy2.npz,93 -> 51 -> 10 -> 38 -> 82 -> 67,93 -> 51 -> 59 -> 10 -> 38 -> 82 -> 67,4,3,2,57.14%,66.67%,61.54%
continuous_1096_S6_strategy2.npz,66 -> 94 -> 15 -> 26 -> 0 -> 52 -> 45,66 -> 94 -> 15 -> 65 -> 26 -> 0 -> 52 -> 45,7,1,0,87.50%,100.00%,93.33%
continuous_1097_S6_strategy2.npz,66 -> 44 -> 91 -> 25 -> 31 -> 98,66 -> 44 -> 91 -> 25 -> 31 -> 98,6,0,0,100.00%,100.00%,100.00%
continuous_1098_S6_strategy2.npz,90 -> 52 -> 34 -> 6 -> 63 -> 100,90 -> 52 -> 34 -> 17 -> 6 -> 63 -> 100,6,1,0,85.71%,100.00%,92.31%
continuous_1099_S6_strategy2.npz,2 -> 19 -> 55 -> 44 -> 101,2 -> 101 -> 19 -> 55 -> 44 -> 101,5,1,0,83.33%,100.00%,90.91%
continuous_1100_S6_strategy2.npz,28 -> 51 -> 59 -> 101 -> 1 -> 66,28 -> 51 -> 59 -> 101 -> 1 -> 66,6,0,0,100.00%,100.00%,100.00%
continuous_1101_S6_strategy2.npz,55 -> 87 -> 22 -> 32 -> 17 -> 46 -> 75,55 -> 99 -> 87 -> 22 -> 32 -> 17 -> 46 -> 75,6,2,1,75.00%,85.71%,80.00%
continuous_1102_S6_strategy2.npz,24 -> 47 -> 79 -> 37 -> 98 -> 5,24 -> 74 -> 47 -> 79 -> 37 -> 95 -> 98 -> 23 -> 5,4,5,2,44.44%,66.67%,53.33%
continuous_1103_S6_strategy2.npz,45 -> 64 -> 40 -> 86 -> 27,45 -> 64 -> 40 -> 86 -> 27,4,1,1,80.00%,80.00%,80.00%
continuous_1104_S6_strategy2.npz,47 -> 18 -> 74 -> 60 -> 34 -> 65,47 -> 18 -> 74 -> 60 -> 30 -> 34 -> 65,4,3,2,57.14%,66.67%,61.54%
continuous_1105_S6_strategy2.npz,48 -> 20 -> 5 -> 11 -> 87 -> 96,48 -> 43 -> 20 -> 19 -> 5 -> 11 -> 87 -> 90 -> 96,6,3,0,66.67%,100.00%,80.00%
continuous_1106_S6_strategy2.npz,91 -> 43 -> 13 -> 67 -> 20 -> 97 -> 41,91 -> 98 -> 43 -> 13 -> 67 -> 20 -> 16 -> 97 -> 41,6,3,1,66.67%,85.71%,75.00%
continuous_1107_S6_strategy2.npz,4 -> 72 -> 100 -> 59 -> 67,4 -> 72 -> 100 -> 14 -> 59 -> 55 -> 67,5,2,0,71.43%,100.00%,83.33%
continuous_1108_S6_strategy2.npz,54 -> 35 -> 97 -> 87 -> 3 -> 29 -> 74,54 -> 55 -> 35 -> 97 -> 87 -> 66 -> 3 -> 29 -> 74,6,3,1,66.67%,85.71%,75.00%
continuous_1109_S6_strategy2.npz,99 -> 22 -> 19 -> 33 -> 93,99 -> 22 -> 40 -> 19 -> 33 -> 91 -> 93,4,3,1,57.14%,80.00%,66.67%
continuous_1110_S6_strategy2.npz,22 -> 83 -> 88 -> 46 -> 57,22 -> 83 -> 88 -> 46 -> 57,5,0,0,100.00%,100.00%,100.00%
continuous_1111_S6_strategy2.npz,43 -> 70 -> 81 -> 94 -> 27,43 -> 70 -> 81 -> 94 -> 27,5,0,0,100.00%,100.00%,100.00%
continuous_1112_S6_strategy2.npz,44 -> 70 -> 92 -> 96 -> 36,44 -> 25 -> 66 -> 70 -> 95 -> 92 -> 96 -> 30 -> 36,5,4,0,55.56%,100.00%,71.43%
continuous_1113_S6_strategy2.npz,98 -> 94 -> 29 -> 55 -> 48,98 -> 19 -> 94 -> 29 -> 42 -> 55 -> 83 -> 48,5,3,0,62.50%,100.00%,76.92%
continuous_1114_S6_strategy2.npz,0 -> 23 -> 15 -> 102 -> 77,0 -> 23 -> 14 -> 15 -> 102 -> 77,4,2,1,66.67%,80.00%,72.73%
continuous_1115_S6_strategy2.npz,37 -> 95 -> 9 -> 58 -> 47 -> 14 -> 80,37 -> 95 -> 9 -> 58 -> 47 -> 42 -> 14 -> 71 -> 80,6,3,1,66.67%,85.71%,75.00%
continuous_1116_S6_strategy2.npz,50 -> 104 -> 87 -> 58 -> 62,50 -> 104 -> 87 -> 58 -> 62,5,0,0,100.00%,100.00%,100.00%
continuous_1117_S6_strategy2.npz,4 -> 42 -> 18 -> 33 -> 95 -> 93,4 -> 42 -> 18 -> 33 -> 95 -> 93,5,1,1,83.33%,83.33%,83.33%
continuous_1118_S6_strategy2.npz,22 -> 64 -> 15 -> 89 -> 42 -> 52 -> 74,22 -> 0 -> 64 -> 15 -> 89 -> 42 -> 0 -> 52 -> 61 -> 74,6,4,1,60.00%,85.71%,70.59%
continuous_1119_S6_strategy2.npz,18 -> 67 -> 33 -> 50 -> 97,18 -> 67 -> 33 -> 42 -> 50 -> 97,3,3,2,50.00%,60.00%,54.55%
continuous_1120_S6_strategy2.npz,59 -> 19 -> 2 -> 51 -> 88,59 -> 19 -> 2 -> 51 -> 64 -> 88,4,2,1,66.67%,80.00%,72.73%
continuous_1121_S6_strategy2.npz,51 -> 14 -> 93 -> 97 -> 41 -> 73,51 -> 59 -> 14 -> 93 -> 71 -> 97 -> 41 -> 66 -> 73,6,3,0,66.67%,100.00%,80.00%
continuous_1122_S6_strategy2.npz,56 -> 11 -> 24 -> 80 -> 47 -> 86 -> 96,56 -> 53 -> 11 -> 0 -> 24 -> 80 -> 47 -> 86 -> 96,5,4,2,55.56%,71.43%,62.50%
continuous_1123_S6_strategy2.npz,19 -> 93 -> 29 -> 104 -> 55 -> 63 -> 8,19 -> 93 -> 29 -> 104 -> 55 -> 63 -> 8,7,0,0,100.00%,100.00%,100.00%
continuous_1124_S6_strategy2.npz,32 -> 28 -> 82 -> 95 -> 87,32 -> 28 -> 82 -> 95 -> 87,5,0,0,100.00%,100.00%,100.00%
continuous_1125_S6_strategy2.npz,37 -> 60 -> 50 -> 22 -> 9 -> 86,37 -> 60 -> 50 -> 0 -> 22 -> 9 -> 86,5,2,1,71.43%,83.33%,76.92%
continuous_1126_S6_strategy2.npz,7 -> 43 -> 53 -> 40 -> 99 -> 87 -> 63,7 -> 43 -> 53 -> 40 -> 99 -> 87 -> 63,7,0,0,100.00%,100.00%,100.00%
continuous_1127_S6_strategy2.npz,35 -> 16 -> 62 -> 79 -> 99 -> 87 -> 5,35 -> 36 -> 16 -> 62 -> 79 -> 72 -> 99 -> 90 -> 87 -> 5,5,5,2,50.00%,71.43%,58.82%
continuous_1128_S6_strategy2.npz,3 -> 65 -> 30 -> 104 -> 10,3 -> 65 -> 30 -> 22 -> 104 -> 10,4,2,1,66.67%,80.00%,72.73%
continuous_1129_S6_strategy2.npz,97 -> 65 -> 75 -> 1 -> 57,97 -> 65 -> 75 -> 29 -> 1 -> 57,5,1,0,83.33%,100.00%,90.91%
continuous_1130_S6_strategy2.npz,104 -> 75 -> 1 -> 91 -> 46 -> 57 -> 66,104 -> 103 -> 75 -> 1 -> 91 -> 46 -> 57 -> 74 -> 66,6,3,1,66.67%,85.71%,75.00%
continuous_1131_S6_strategy2.npz,92 -> 61 -> 83 -> 37 -> 8 -> 48,92 -> 61 -> 20 -> 83 -> 37 -> 8 -> 83 -> 48,6,2,0,75.00%,100.00%,85.71%
continuous_1132_S6_strategy2.npz,78 -> 13 -> 42 -> 41 -> 54,78 -> 53 -> 13 -> 42 -> 41 -> 54,5,1,0,83.33%,100.00%,90.91%
continuous_1133_S6_strategy2.npz,44 -> 9 -> 82 -> 59 -> 26 -> 12 -> 104,44 -> 9 -> 50 -> 82 -> 59 -> 26 -> 12 -> 104,6,2,1,75.00%,85.71%,80.00%
continuous_1134_S6_strategy2.npz,71 -> 20 -> 12 -> 50 -> 97 -> 57 -> 35,71 -> 19 -> 20 -> 19 -> 12 -> 50 -> 16 -> 97 -> 57 -> 35,7,3,0,70.00%,100.00%,82.35%
continuous_1135_S6_strategy2.npz,18 -> 55 -> 102 -> 86 -> 27 -> 41 -> 70,18 -> 55 -> 102 -> 86 -> 3 -> 27 -> 41 -> 66 -> 70,7,2,0,77.78%,100.00%,87.50%
continuous_1136_S6_strategy2.npz,43 -> 76 -> 87 -> 56 -> 97 -> 68,43 -> 76 -> 64 -> 87 -> 56 -> 97 -> 68,5,2,1,71.43%,83.33%,76.92%
continuous_1137_S6_strategy2.npz,94 -> 58 -> 23 -> 36 -> 64,94 -> 58 -> 102 -> 23 -> 36 -> 64,5,1,0,83.33%,100.00%,90.91%
continuous_1138_S6_strategy2.npz,32 -> 101 -> 13 -> 90 -> 51,32 -> 101 -> 12 -> 13 -> 99 -> 90 -> 42,3,4,2,42.86%,60.00%,50.00%
continuous_1139_S6_strategy2.npz,53 -> 98 -> 76 -> 25 -> 50 -> 35,53 -> 67 -> 98 -> 76 -> 25 -> 50 -> 35,6,1,0,85.71%,100.00%,92.31%
continuous_1140_S6_strategy2.npz,37 -> 45 -> 64 -> 23 -> 7 -> 59 -> 72,37 -> 45 -> 64 -> 23 -> 7 -> 59 -> 72,7,0,0,100.00%,100.00%,100.00%
continuous_1141_S6_strategy2.npz,87 -> 22 -> 5 -> 39 -> 69 -> 51,87 -> 22 -> 66 -> 5 -> 39 -> 36 -> 69 -> 51,4,4,2,50.00%,66.67%,57.14%
continuous_1142_S6_strategy2.npz,47 -> 24 -> 35 -> 53 -> 91 -> 97,47 -> 24 -> 30 -> 35 -> 19 -> 53 -> 85 -> 91 -> 97,5,4,1,55.56%,83.33%,66.67%
continuous_1143_S6_strategy2.npz,90 -> 46 -> 74 -> 36 -> 63 -> 17 -> 29,90 -> 46 -> 27 -> 74 -> 36 -> 63 -> 17 -> 29,6,2,1,75.00%,85.71%,80.00%
continuous_1144_S6_strategy2.npz,5 -> 27 -> 74 -> 71 -> 52 -> 102 -> 86,5 -> 6 -> 27 -> 104 -> 74 -> 71 -> 52 -> 61 -> 79 -> 102 -> 45 -> 86,6,6,1,50.00%,85.71%,63.16%
continuous_1145_S6_strategy2.npz,33 -> 14 -> 52 -> 94 -> 26 -> 3,32 -> 14 -> 52 -> 94 -> 26 -> 72 -> 3,5,2,1,71.43%,83.33%,76.92%
continuous_1146_S6_strategy2.npz,9 -> 103 -> 31 -> 54 -> 24,9 -> 103 -> 31 -> 30 -> 54 -> 24,5,1,0,83.33%,100.00%,90.91%
continuous_1147_S6_strategy2.npz,83 -> 102 -> 87 -> 38 -> 55 -> 63 -> 15,83 -> 102 -> 87 -> 38 -> 55 -> 51 -> 63 -> 15,6,2,1,75.00%,85.71%,80.00%
continuous_1148_S6_strategy2.npz,42 -> 73 -> 36 -> 85 -> 69 -> 56,42 -> 73 -> 59 -> 36 -> 74 -> 85 -> 69 -> 56,6,2,0,75.00%,100.00%,85.71%
continuous_1149_S6_strategy2.npz,94 -> 24 -> 64 -> 95 -> 41,94 -> 24 -> 64 -> 95 -> 41,4,1,1,80.00%,80.00%,80.00%
continuous_1150_S6_strategy2.npz,13 -> 31 -> 4 -> 84 -> 24,13 -> 31 -> 4 -> 84 -> 24,5,0,0,100.00%,100.00%,100.00%
continuous_1151_S6_strategy2.npz,85 -> 95 -> 26 -> 66 -> 58 -> 18,85 -> 95 -> 68 -> 25 -> 26 -> 66 -> 65 -> 58 -> 18,4,5,2,44.44%,66.67%,53.33%
continuous_1152_S6_strategy2.npz,34 -> 69 -> 8 -> 20 -> 18,34 -> 69 -> 57 -> 8 -> 20 -> 18,5,1,0,83.33%,100.00%,90.91%
continuous_1153_S6_strategy2.npz,98 -> 53 -> 29 -> 69 -> 42,98 -> 53 -> 29 -> 69 -> 51 -> 42,5,1,0,83.33%,100.00%,90.91%
continuous_1154_S6_strategy2.npz,63 -> 91 -> 102 -> 5 -> 74 -> 24 -> 37,63 -> 91 -> 102 -> 5 -> 74 -> 24 -> 38 -> 37,7,1,0,87.50%,100.00%,93.33%
continuous_1155_S6_strategy2.npz,39 -> 1 -> 69 -> 45 -> 26 -> 55 -> 19,39 -> 29 -> 1 -> 54 -> 69 -> 45 -> 8 -> 26 -> 55 -> 19,7,3,0,70.00%,100.00%,82.35%
continuous_1156_S6_strategy2.npz,32 -> 81 -> 69 -> 6 -> 47 -> 99,32 -> 81 -> 69 -> 85 -> 6 -> 47 -> 99,5,2,1,71.43%,83.33%,76.92%
continuous_1157_S6_strategy2.npz,70 -> 98 -> 5 -> 76 -> 61 -> 47,70 -> 95 -> 98 -> 9 -> 5 -> 54 -> 76 -> 55 -> 61 -> 53 -> 47,5,6,1,45.45%,83.33%,58.82%
continuous_1158_S6_strategy2.npz,42 -> 93 -> 53 -> 75 -> 1,42 -> 93 -> 53 -> 75 -> 1,4,1,1,80.00%,80.00%,80.00%
continuous_1159_S6_strategy2.npz,69 -> 27 -> 13 -> 46 -> 6 -> 35 -> 99,69 -> 27 -> 13 -> 46 -> 27 -> 6 -> 100 -> 35 -> 99,4,5,3,44.44%,57.14%,50.00%
continuous_1160_S6_strategy2.npz,8 -> 68 -> 23 -> 39 -> 97 -> 82,8 -> 95 -> 68 -> 1 -> 23 -> 32 -> 39 -> 97 -> 82,6,3,0,66.67%,100.00%,80.00%
continuous_1161_S6_strategy2.npz,52 -> 18 -> 68 -> 92 -> 23 -> 74,52 -> 18 -> 92 -> 68 -> 92 -> 23 -> 74,6,1,0,85.71%,100.00%,92.31%
continuous_1162_S6_strategy2.npz,93 -> 13 -> 23 -> 62 -> 45 -> 75 -> 102,93 -> 13 -> 23 -> 62 -> 45 -> 75 -> 102,7,0,0,100.00%,100.00%,100.00%
continuous_1163_S6_strategy2.npz,86 -> 95 -> 70 -> 41 -> 77 -> 27,86 -> 95 -> 66 -> 70 -> 69 -> 41 -> 77 -> 27,5,3,1,62.50%,83.33%,71.43%
continuous_1164_S6_strategy2.npz,18 -> 38 -> 2 -> 45 -> 27 -> 88 -> 69,18 -> 38 -> 2 -> 45 -> 27 -> 88 -> 69,7,0,0,100.00%,100.00%,100.00%
continuous_1165_S6_strategy2.npz,63 -> 13 -> 25 -> 88 -> 34 -> 2 -> 57,63 -> 68 -> 13 -> 25 -> 71 -> 88 -> 30 -> 34 -> 2 -> 57,7,3,0,70.00%,100.00%,82.35%
continuous_1166_S6_strategy2.npz,44 -> 61 -> 101 -> 36 -> 9 -> 24 -> 62,44 -> 61 -> 53 -> 101 -> 36 -> 9 -> 29 -> 24 -> 62,7,2,0,77.78%,100.00%,87.50%
continuous_1167_S6_strategy2.npz,56 -> 30 -> 24 -> 66 -> 92 -> 99 -> 79,56 -> 61 -> 30 -> 24 -> 66 -> 63 -> 92 -> 99 -> 79,6,3,1,66.67%,85.71%,75.00%
continuous_1168_S6_strategy2.npz,17 -> 20 -> 61 -> 44 -> 99 -> 64 -> 33,17 -> 20 -> 55 -> 61 -> 53 -> 44 -> 71 -> 99 -> 97 -> 64 -> 33,5,6,2,45.45%,71.43%,55.56%
continuous_1169_S6_strategy2.npz,78 -> 24 -> 100 -> 43 -> 32 -> 61 -> 5,78 -> 24 -> 100 -> 63 -> 43 -> 58 -> 32 -> 61 -> 53 -> 5,7,3,0,70.00%,100.00%,82.35%
continuous_1170_S6_strategy2.npz,73 -> 8 -> 51 -> 66 -> 16 -> 33 -> 28,73 -> 8 -> 51 -> 66 -> 19 -> 16 -> 33 -> 28,5,3,2,62.50%,71.43%,66.67%
continuous_1171_S6_strategy2.npz,46 -> 61 -> 76 -> 23 -> 66 -> 41 -> 93,46 -> 61 -> 53 -> 76 -> 89 -> 23 -> 74 -> 66 -> 41 -> 9 -> 93,7,4,0,63.64%,100.00%,77.78%
continuous_1172_S6_strategy2.npz,68 -> 92 -> 28 -> 36 -> 74,68 -> 92 -> 28 -> 100 -> 36 -> 74,5,1,0,83.33%,100.00%,90.91%
continuous_1173_S6_strategy2.npz,18 -> 53 -> 75 -> 99 -> 87,18 -> 53 -> 75 -> 99 -> 87,5,0,0,100.00%,100.00%,100.00%
continuous_1174_S6_strategy2.npz,50 -> 40 -> 3 -> 71 -> 61 -> 11,50 -> 59 -> 40 -> 30 -> 26 -> 3 -> 71 -> 61 -> 53 -> 11,6,4,0,60.00%,100.00%,75.00%
continuous_1175_S6_strategy2.npz,27 -> 104 -> 40 -> 53 -> 48,27 -> 22 -> 104 -> 16 -> 40 -> 53 -> 48,5,2,0,71.43%,100.00%,83.33%
continuous_1176_S6_strategy2.npz,12 -> 103 -> 30 -> 94 -> 22 -> 70 -> 76,12 -> 103 -> 30 -> 34 -> 94 -> 22 -> 20 -> 70 -> 76,6,3,1,66.67%,85.71%,75.00%
continuous_1177_S6_strategy2.npz,25 -> 84 -> 16 -> 43 -> 88 -> 2,25 -> 84 -> 16 -> 43 -> 88 -> 29 -> 2,5,2,1,71.43%,83.33%,76.92%
continuous_1178_S6_strategy2.npz,46 -> 67 -> 25 -> 81 -> 13,46 -> 67 -> 72 -> 25 -> 84 -> 81 -> 53 -> 13,3,5,2,37.50%,60.00%,46.15%
continuous_1179_S6_strategy2.npz,93 -> 71 -> 3 -> 33 -> 13 -> 57 -> 45,93 -> 91 -> 71 -> 3 -> 33 -> 66 -> 13 -> 57 -> 45,7,2,0,77.78%,100.00%,87.50%
continuous_1180_S6_strategy2.npz,68 -> 82 -> 86 -> 0 -> 96 -> 31 -> 29,68 -> 87 -> 82 -> 86 -> 0 -> 96 -> 74 -> 31 -> 29,7,2,0,77.78%,100.00%,87.50%
continuous_1181_S6_strategy2.npz,46 -> 70 -> 76 -> 26 -> 101 -> 10,46 -> 27 -> 66 -> 70 -> 69 -> 76 -> 26 -> 14 -> 101 -> 10,6,4,0,60.00%,100.00%,75.00%
continuous_1182_S6_strategy2.npz,27 -> 4 -> 75 -> 34 -> 102,27 -> 4 -> 75 -> 30 -> 34 -> 79 -> 102,5,2,0,71.43%,100.00%,83.33%
continuous_1183_S6_strategy2.npz,43 -> 54 -> 37 -> 92 -> 98,43 -> 54 -> 37 -> 18 -> 92 -> 68 -> 98,5,2,0,71.43%,100.00%,83.33%
continuous_1184_S6_strategy2.npz,44 -> 85 -> 17 -> 77 -> 95 -> 27 -> 6,44 -> 85 -> 17 -> 77 -> 95 -> 14 -> 27 -> 6,4,4,3,50.00%,57.14%,53.33%
continuous_1185_S6_strategy2.npz,22 -> 56 -> 84 -> 40 -> 95 -> 49,22 -> 56 -> 84 -> 40 -> 95 -> 49,6,0,0,100.00%,100.00%,100.00%
continuous_1186_S6_strategy2.npz,68 -> 99 -> 17 -> 47 -> 31 -> 8,68 -> 99 -> 17 -> 47 -> 48 -> 31 -> 8,6,1,0,85.71%,100.00%,92.31%
continuous_1187_S6_strategy2.npz,85 -> 29 -> 33 -> 63 -> 47 -> 95 -> 12,85 -> 6 -> 9 -> 33 -> 63 -> 47 -> 95 -> 74 -> 12,5,4,2,55.56%,71.43%,62.50%
continuous_1188_S6_strategy2.npz,19 -> 20 -> 39 -> 100 -> 53 -> 76,19 -> 20 -> 39 -> 28 -> 100 -> 53 -> 76,4,3,2,57.14%,66.67%,61.54%
continuous_1189_S6_strategy2.npz,57 -> 48 -> 83 -> 22 -> 36,57 -> 48 -> 83 -> 42 -> 22 -> 2 -> 36,4,3,1,57.14%,80.00%,66.67%
continuous_1190_S6_strategy2.npz,4 -> 10 -> 39 -> 60 -> 98 -> 21,4 -> 10 -> 39 -> 70 -> 60 -> 98 -> 21,5,2,1,71.43%,83.33%,76.92%
continuous_1191_S6_strategy2.npz,11 -> 63 -> 42 -> 84 -> 61 -> 90,11 -> 63 -> 42 -> 84 -> 61 -> 81 -> 90,5,2,1,71.43%,83.33%,76.92%
continuous_1192_S6_strategy2.npz,37 -> 54 -> 49 -> 20 -> 12,37 -> 35 -> 54 -> 49 -> 20 -> 11 -> 12,5,2,0,71.43%,100.00%,83.33%
continuous_1193_S6_strategy2.npz,25 -> 55 -> 32 -> 7 -> 91 -> 12 -> 46,25 -> 14 -> 55 -> 32 -> 7 -> 91 -> 12 -> 46,7,1,0,87.50%,100.00%,93.33%
continuous_1194_S6_strategy2.npz,9 -> 60 -> 83 -> 15 -> 28 -> 86,9 -> 50 -> 60 -> 83 -> 15 -> 28 -> 27 -> 40 -> 86,5,4,1,55.56%,83.33%,66.67%
continuous_1195_S6_strategy2.npz,98 -> 12 -> 22 -> 44 -> 30 -> 81,98 -> 12 -> 3 -> 22 -> 44 -> 30 -> 81,5,2,1,71.43%,83.33%,76.92%
continuous_1196_S6_strategy2.npz,35 -> 101 -> 68 -> 4 -> 84 -> 42 -> 27,35 -> 101 -> 63 -> 68 -> 20 -> 4 -> 84 -> 77 -> 42 -> 27,6,4,1,60.00%,85.71%,70.59%
continuous_1197_S6_strategy2.npz,51 -> 103 -> 65 -> 23 -> 77 -> 17 -> 86,51 -> 103 -> 77 -> 65 -> 23 -> 77 -> 17 -> 86,7,1,0,87.50%,100.00%,93.33%
continuous_1198_S6_strategy2.npz,79 -> 9 -> 22 -> 44 -> 100,79 -> 9 -> 22 -> 27 -> 44 -> 100,5,1,0,83.33%,100.00%,90.91%
continuous_1199_S6_strategy2.npz,98 -> 39 -> 67 -> 47 -> 11,98 -> 39 -> 53 -> 67 -> 47 -> 11,5,1,0,83.33%,100.00%,90.91%
continuous_1200_S7_strategy2.npz,80 -> 51 -> 86 -> 33 -> 28,80 -> 51 -> 86 -> 33 -> 27 -> 28,5,1,0,83.33%,100.00%,90.91%
continuous_1201_S7_strategy2.npz,30 -> 60 -> 13 -> 101 -> 65 -> 26 -> 81,30 -> 97 -> 60 -> 13 -> 101 -> 65 -> 26 -> 14 -> 81,7,2,0,77.78%,100.00%,87.50%
continuous_1202_S7_strategy2.npz,99 -> 35 -> 12 -> 20 -> 57 -> 68 -> 47,99 -> 35 -> 30 -> 12 -> 20 -> 57 -> 68 -> 47,7,1,0,87.50%,100.00%,93.33%
continuous_1203_S7_strategy2.npz,43 -> 94 -> 74 -> 62 -> 100 -> 35 -> 57,43 -> 94 -> 81 -> 74 -> 62 -> 100 -> 35 -> 57,7,1,0,87.50%,100.00%,93.33%
continuous_1204_S7_strategy2.npz,10 -> 61 -> 1 -> 46 -> 29 -> 33,10 -> 11 -> 61 -> 1 -> 46 -> 29 -> 98 -> 33,6,2,0,75.00%,100.00%,85.71%
continuous_1205_S7_strategy2.npz,87 -> 44 -> 60 -> 31 -> 70 -> 11,87 -> 77 -> 44 -> 25 -> 60 -> 17 -> 33 -> 66 -> 70 -> 10 -> 11,4,7,2,36.36%,66.67%,47.06%
continuous_1206_S7_strategy2.npz,51 -> 52 -> 83 -> 21 -> 92,51 -> 52 -> 83 -> 21 -> 92,5,0,0,100.00%,100.00%,100.00%
continuous_1207_S7_strategy2.npz,89 -> 31 -> 98 -> 66 -> 46 -> 8 -> 75,89 -> 31 -> 98 -> 66 -> 27 -> 46 -> 27 -> 8 -> 75,7,2,0,77.78%,100.00%,87.50%
continuous_1208_S7_strategy2.npz,0 -> 59 -> 46 -> 10 -> 90 -> 75,0 -> 59 -> 46 -> 10 -> 90 -> 75,6,0,0,100.00%,100.00%,100.00%
continuous_1209_S7_strategy2.npz,87 -> 29 -> 102 -> 41 -> 18 -> 50 -> 80,87 -> 98 -> 29 -> 73 -> 102 -> 41 -> 18 -> 50 -> 79,6,3,1,66.67%,85.71%,75.00%
continuous_1210_S7_strategy2.npz,16 -> 57 -> 67 -> 81 -> 20 -> 102 -> 85,16 -> 57 -> 53 -> 67 -> 81 -> 20 -> 102 -> 81 -> 85,6,3,1,66.67%,85.71%,75.00%
continuous_1211_S7_strategy2.npz,37 -> 95 -> 2 -> 73 -> 44 -> 94 -> 15,37 -> 97 -> 95 -> 2 -> 50 -> 73 -> 44 -> 25 -> 94 -> 15,4,6,3,40.00%,57.14%,47.06%
continuous_1212_S7_strategy2.npz,104 -> 7 -> 66 -> 42 -> 28,104 -> 7 -> 66 -> 14 -> 42 -> 27 -> 28,5,2,0,71.43%,100.00%,83.33%
continuous_1213_S7_strategy2.npz,96 -> 62 -> 92 -> 47 -> 16 -> 3 -> 77,96 -> 62 -> 92 -> 47 -> 16 -> 3 -> 77,6,1,1,85.71%,85.71%,85.71%
continuous_1214_S7_strategy2.npz,54 -> 40 -> 62 -> 77 -> 42,54 -> 55 -> 40 -> 62 -> 87 -> 77 -> 42,5,2,0,71.43%,100.00%,83.33%
continuous_1215_S7_strategy2.npz,5 -> 52 -> 36 -> 98 -> 80 -> 89 -> 46,5 -> 52 -> 36 -> 98 -> 18 -> 80 -> 89 -> 46,7,1,0,87.50%,100.00%,93.33%
continuous_1216_S7_strategy2.npz,7 -> 89 -> 17 -> 34 -> 57,7 -> 89 -> 17 -> 33 -> 57,4,1,1,80.00%,80.00%,80.00%
continuous_1217_S7_strategy2.npz,49 -> 102 -> 78 -> 56 -> 14 -> 35 -> 67,49 -> 81 -> 102 -> 78 -> 56 -> 14 -> 97 -> 35 -> 67,7,2,0,77.78%,100.00%,87.50%
continuous_1218_S7_strategy2.npz,49 -> 79 -> 2 -> 24 -> 92,49 -> 79 -> 29 -> 2 -> 101 -> 24 -> 68 -> 92,3,5,2,37.50%,60.00%,46.15%
continuous_1219_S7_strategy2.npz,24 -> 94 -> 12 -> 63 -> 38 -> 44 -> 100,24 -> 95 -> 94 -> 12 -> 63 -> 38 -> 44 -> 36 -> 100,7,2,0,77.78%,100.00%,87.50%
continuous_1220_S7_strategy2.npz,37 -> 97 -> 3 -> 72 -> 63 -> 90,37 -> 97 -> 3 -> 72 -> 63 -> 101 -> 93 -> 90,4,4,2,50.00%,66.67%,57.14%
continuous_1221_S7_strategy2.npz,62 -> 54 -> 23 -> 49 -> 10 -> 1 -> 97,62 -> 79 -> 54 -> 23 -> 49 -> 10 -> 50 -> 1 -> 57 -> 97,6,4,1,60.00%,85.71%,70.59%
continuous_1222_S7_strategy2.npz,45 -> 21 -> 62 -> 54 -> 1 -> 30 -> 15,45 -> 21 -> 62 -> 95 -> 54 -> 67 -> 1 -> 30 -> 15,4,5,3,44.44%,57.14%,50.00%
continuous_1223_S7_strategy2.npz,80 -> 68 -> 100 -> 6 -> 91,80 -> 68 -> 100 -> 6 -> 17 -> 91,3,3,2,50.00%,60.00%,54.55%
continuous_1224_S7_strategy2.npz,62 -> 30 -> 85 -> 19 -> 49 -> 54,62 -> 30 -> 31 -> 85 -> 98 -> 19 -> 49 -> 54,5,3,1,62.50%,83.33%,71.43%
continuous_1225_S7_strategy2.npz,103 -> 51 -> 25 -> 9 -> 38,103 -> 16 -> 51 -> 25 -> 9 -> 50 -> 33,4,3,1,57.14%,80.00%,66.67%
continuous_1226_S7_strategy2.npz,50 -> 9 -> 83 -> 34 -> 22,50 -> 29 -> 69 -> 9 -> 83 -> 48 -> 34 -> 22,5,3,0,62.50%,100.00%,76.92%
continuous_1227_S7_strategy2.npz,104 -> 77 -> 2 -> 85 -> 27,104 -> 103 -> 77 -> 2 -> 85 -> 27,5,1,0,83.33%,100.00%,90.91%
continuous_1228_S7_strategy2.npz,25 -> 74 -> 56 -> 8 -> 45 -> 71,25 -> 74 -> 42 -> 56 -> 8 -> 45 -> 98 -> 71,6,2,0,75.00%,100.00%,85.71%
continuous_1229_S7_strategy2.npz,10 -> 46 -> 39 -> 9 -> 91 -> 26 -> 68,10 -> 46 -> 27 -> 39 -> 9 -> 50 -> 91 -> 26 -> 68,6,3,1,66.67%,85.71%,75.00%
continuous_1230_S7_strategy2.npz,44 -> 83 -> 70 -> 10 -> 101 -> 33,44 -> 83 -> 70 -> 69 -> 10 -> 101 -> 33,5,2,1,71.43%,83.33%,76.92%
continuous_1231_S7_strategy2.npz,58 -> 88 -> 23 -> 81 -> 46 -> 99,58 -> 88 -> 86 -> 23 -> 67 -> 81 -> 46 -> 98 -> 99,5,4,1,55.56%,83.33%,66.67%
continuous_1232_S7_strategy2.npz,17 -> 68 -> 25 -> 38 -> 90,17 -> 68 -> 26 -> 38 -> 93 -> 90,3,3,2,50.00%,60.00%,54.55%
continuous_1233_S7_strategy2.npz,65 -> 51 -> 84 -> 99 -> 14 -> 57 -> 22,65 -> 51 -> 59 -> 84 -> 71 -> 99 -> 14 -> 57 -> 22,5,4,2,55.56%,71.43%,62.50%
continuous_1234_S7_strategy2.npz,67 -> 15 -> 38 -> 97 -> 90 -> 25 -> 48,67 -> 15 -> 38 -> 97 -> 93 -> 90 -> 7 -> 25 -> 7 -> 49,6,4,1,60.00%,85.71%,70.59%
continuous_1235_S7_strategy2.npz,68 -> 59 -> 12 -> 0 -> 23 -> 102 -> 40,68 -> 59 -> 12 -> 0 -> 5 -> 23 -> 102 -> 32,6,2,1,75.00%,85.71%,80.00%
continuous_1236_S7_strategy2.npz,77 -> 40 -> 61 -> 91 -> 71 -> 19,77 -> 40 -> 61 -> 91 -> 88 -> 71 -> 19,6,1,0,85.71%,100.00%,92.31%
continuous_1237_S7_strategy2.npz,75 -> 56 -> 97 -> 86 -> 12 -> 20 -> 41,75 -> 56 -> 97 -> 86 -> 12 -> 102 -> 20 -> 41,7,1,0,87.50%,100.00%,93.33%
continuous_1238_S7_strategy2.npz,56 -> 8 -> 72 -> 93 -> 35 -> 18 -> 47,56 -> 62 -> 8 -> 72 -> 93 -> 30 -> 35 -> 18 -> 92 -> 47,7,3,0,70.00%,100.00%,82.35%
continuous_1239_S7_strategy2.npz,79 -> 89 -> 38 -> 50 -> 59,79 -> 63 -> 89 -> 39 -> 38 -> 50 -> 29 -> 98 -> 59,5,4,0,55.56%,100.00%,71.43%
continuous_1240_S7_strategy2.npz,59 -> 41 -> 66 -> 1 -> 104,59 -> 41 -> 30 -> 66 -> 1 -> 104,5,1,0,83.33%,100.00%,90.91%
continuous_1241_S7_strategy2.npz,96 -> 17 -> 37 -> 45 -> 27 -> 59 -> 85,96 -> 17 -> 37 -> 45 -> 27 -> 102 -> 59 -> 93,5,3,2,62.50%,71.43%,66.67%
continuous_1242_S7_strategy2.npz,97 -> 36 -> 66 -> 80 -> 90 -> 8 -> 27,97 -> 36 -> 33 -> 66 -> 80 -> 90 -> 8 -> 77 -> 27,7,2,0,77.78%,100.00%,87.50%
continuous_1243_S7_strategy2.npz,7 -> 23 -> 48 -> 11 -> 56,7 -> 23 -> 48 -> 11 -> 56,5,0,0,100.00%,100.00%,100.00%
continuous_1244_S7_strategy2.npz,90 -> 14 -> 63 -> 39 -> 26,90 -> 96 -> 14 -> 63 -> 15 -> 39 -> 26,5,2,0,71.43%,100.00%,83.33%
continuous_1245_S7_strategy2.npz,22 -> 104 -> 65 -> 3 -> 85 -> 39,22 -> 104 -> 65 -> 79 -> 65 -> 3 -> 85 -> 39,5,3,1,62.50%,83.33%,71.43%
continuous_1246_S7_strategy2.npz,23 -> 13 -> 84 -> 30 -> 44 -> 92 -> 101,23 -> 12 -> 13 -> 84 -> 85 -> 30 -> 97 -> 44 -> 92 -> 101,7,3,0,70.00%,100.00%,82.35%
continuous_1247_S7_strategy2.npz,73 -> 38 -> 98 -> 61 -> 4 -> 27 -> 86,73 -> 38 -> 98 -> 61 -> 53 -> 4 -> 85 -> 27 -> 86,5,4,2,55.56%,71.43%,62.50%
continuous_1248_S7_strategy2.npz,6 -> 56 -> 76 -> 67 -> 44 -> 25 -> 32,6 -> 33 -> 56 -> 76 -> 67 -> 44 -> 25 -> 26 -> 32,6,3,1,66.67%,85.71%,75.00%
continuous_1249_S7_strategy2.npz,75 -> 99 -> 47 -> 55 -> 39 -> 12 -> 87,75 -> 99 -> 80 -> 47 -> 55 -> 32 -> 40 -> 32 -> 30 -> 12 -> 87,4,7,3,36.36%,57.14%,44.44%
continuous_1250_S7_strategy2.npz,101 -> 54 -> 62 -> 23 -> 75 -> 88,101 -> 54 -> 62 -> 23 -> 27 -> 75 -> 88,6,1,0,85.71%,100.00%,92.31%
continuous_1251_S7_strategy2.npz,50 -> 73 -> 89 -> 104 -> 36,50 -> 73 -> 89 -> 104 -> 36,4,1,1,80.00%,80.00%,80.00%
continuous_1252_S7_strategy2.npz,54 -> 87 -> 9 -> 70 -> 73 -> 103 -> 51,54 -> 55 -> 87 -> 81 -> 9 -> 29 -> 70 -> 73 -> 103 -> 42 -> 51,7,4,0,63.64%,100.00%,77.78%
continuous_1253_S7_strategy2.npz,45 -> 53 -> 83 -> 67 -> 3 -> 30,45 -> 53 -> 83 -> 48 -> 83 -> 67 -> 3 -> 60 -> 30,5,4,1,55.56%,83.33%,66.67%
continuous_1254_S7_strategy2.npz,58 -> 70 -> 30 -> 80 -> 6 -> 103 -> 20,58 -> 70 -> 30 -> 97 -> 80 -> 6 -> 103 -> 20,7,1,0,87.50%,100.00%,93.33%
continuous_1255_S7_strategy2.npz,76 -> 70 -> 61 -> 98 -> 31 -> 5 -> 23,76 -> 70 -> 69 -> 97 -> 61 -> 98 -> 31 -> 30 -> 5 -> 23,7,3,0,70.00%,100.00%,82.35%
continuous_1256_S7_strategy2.npz,68 -> 77 -> 97 -> 59 -> 7 -> 39 -> 22,68 -> 87 -> 77 -> 81 -> 97 -> 59 -> 7 -> 39 -> 22,5,4,2,55.56%,71.43%,62.50%
continuous_1257_S7_strategy2.npz,56 -> 33 -> 15 -> 44 -> 69,56 -> 33 -> 95 -> 15 -> 44 -> 69,5,1,0,83.33%,100.00%,90.91%
continuous_1258_S7_strategy2.npz,24 -> 14 -> 65 -> 31 -> 79 -> 92 -> 59,24 -> 14 -> 65 -> 79 -> 31 -> 77 -> 79 -> 92 -> 59,4,5,3,44.44%,57.14%,50.00%
continuous_1259_S7_strategy2.npz,23 -> 3 -> 49 -> 30 -> 96 -> 14 -> 88,23 -> 3 -> 49 -> 30 -> 97 -> 96 -> 14 -> 88,7,1,0,87.50%,100.00%,93.33%
continuous_1260_S7_strategy2.npz,17 -> 38 -> 85 -> 54 -> 96 -> 70 -> 5,17 -> 99 -> 85 -> 54 -> 55 -> 96 -> 70 -> 69 -> 5,4,5,3,44.44%,57.14%,50.00%
continuous_1261_S7_strategy2.npz,97 -> 22 -> 0 -> 83 -> 31 -> 54,97 -> 22 -> 0 -> 83 -> 48 -> 31 -> 81 -> 54,5,3,1,62.50%,83.33%,71.43%
continuous_1262_S7_strategy2.npz,7 -> 34 -> 25 -> 83 -> 87 -> 14,7 -> 34 -> 33 -> 25 -> 83 -> 87 -> 77 -> 14,6,2,0,75.00%,100.00%,85.71%
continuous_1263_S7_strategy2.npz,25 -> 60 -> 87 -> 44 -> 69 -> 39,25 -> 60 -> 73 -> 87 -> 44 -> 25 -> 69 -> 39 -> 32,3,6,3,33.33%,50.00%,40.00%
continuous_1264_S7_strategy2.npz,22 -> 54 -> 44 -> 100 -> 37 -> 2,22 -> 60 -> 54 -> 44 -> 100 -> 37 -> 2,6,1,0,85.71%,100.00%,92.31%
continuous_1265_S7_strategy2.npz,40 -> 90 -> 69 -> 15 -> 26 -> 42 -> 96,40 -> 90 -> 69 -> 15 -> 2 -> 26 -> 27 -> 42 -> 96,6,3,1,66.67%,85.71%,75.00%
continuous_1266_S7_strategy2.npz,1 -> 84 -> 56 -> 43 -> 103 -> 32,1 -> 2 -> 84 -> 56 -> 43 -> 103 -> 32,6,1,0,85.71%,100.00%,92.31%
continuous_1267_S7_strategy2.npz,32 -> 92 -> 24 -> 95 -> 72 -> 6 -> 17,32 -> 92 -> 24 -> 22 -> 95 -> 72 -> 6 -> 17,7,1,0,87.50%,100.00%,93.33%
continuous_1268_S7_strategy2.npz,88 -> 8 -> 75 -> 12 -> 68 -> 55 -> 30,88 -> 8 -> 75 -> 12 -> 95 -> 68 -> 55 -> 30,4,4,3,50.00%,57.14%,53.33%
continuous_1269_S7_strategy2.npz,104 -> 70 -> 27 -> 54 -> 49 -> 92 -> 81,104 -> 70 -> 27 -> 54 -> 55 -> 49 -> 92 -> 81,7,1,0,87.50%,100.00%,93.33%
continuous_1270_S7_strategy2.npz,87 -> 44 -> 13 -> 82 -> 69 -> 34 -> 100,87 -> 44 -> 25 -> 12 -> 13 -> 82 -> 69 -> 36 -> 34 -> 100,5,5,2,50.00%,71.43%,58.82%
continuous_1271_S7_strategy2.npz,95 -> 55 -> 17 -> 33 -> 42 -> 8 -> 89,95 -> 55 -> 88 -> 6 -> 17 -> 33 -> 42 -> 8 -> 89,6,3,1,66.67%,85.71%,75.00%
continuous_1272_S7_strategy2.npz,78 -> 13 -> 48 -> 58 -> 101,78 -> 12 -> 13 -> 14 -> 48 -> 58 -> 101,5,2,0,71.43%,100.00%,83.33%
continuous_1273_S7_strategy2.npz,12 -> 27 -> 63 -> 40 -> 45,12 -> 27 -> 63 -> 40 -> 32 -> 45,5,1,0,83.33%,100.00%,90.91%
continuous_1274_S7_strategy2.npz,92 -> 52 -> 100 -> 26 -> 80 -> 50 -> 7,92 -> 52 -> 100 -> 26 -> 80 -> 50 -> 7,7,0,0,100.00%,100.00%,100.00%
continuous_1275_S7_strategy2.npz,14 -> 52 -> 49 -> 64 -> 85 -> 2,14 -> 52 -> 7 -> 66 -> 85 -> 2,4,2,2,66.67%,66.67%,66.67%
continuous_1276_S7_strategy2.npz,58 -> 19 -> 43 -> 103 -> 27 -> 35,58 -> 66 -> 19 -> 43 -> 103 -> 27,5,1,1,83.33%,83.33%,83.33%
continuous_1277_S7_strategy2.npz,96 -> 71 -> 1 -> 27 -> 90 -> 56 -> 15,96 -> 71 -> 1 -> 27 -> 90 -> 76 -> 56 -> 15,7,1,0,87.50%,100.00%,93.33%
continuous_1278_S7_strategy2.npz,55 -> 104 -> 29 -> 35 -> 77,55 -> 104 -> 103 -> 29 -> 98 -> 30 -> 35 -> 77,4,4,1,50.00%,80.00%,61.54%
continuous_1279_S7_strategy2.npz,61 -> 26 -> 87 -> 67 -> 12 -> 97 -> 49,61 -> 26 -> 73 -> 87 -> 67 -> 12 -> 97 -> 49,7,1,0,87.50%,100.00%,93.33%
continuous_1280_S7_strategy2.npz,10 -> 78 -> 71 -> 53 -> 90,10 -> 78 -> 71 -> 53 -> 90,5,0,0,100.00%,100.00%,100.00%
continuous_1281_S7_strategy2.npz,59 -> 74 -> 21 -> 13 -> 71 -> 92,59 -> 74 -> 53 -> 21 -> 13 -> 71 -> 86 -> 92,5,3,1,62.50%,83.33%,71.43%
continuous_1282_S7_strategy2.npz,77 -> 3 -> 102 -> 92 -> 25,77 -> 3 -> 102 -> 68 -> 92 -> 47 -> 25,3,4,2,42.86%,60.00%,50.00%
continuous_1283_S7_strategy2.npz,12 -> 91 -> 102 -> 43 -> 3 -> 74,12 -> 91 -> 102 -> 43 -> 3 -> 74,5,1,1,83.33%,83.33%,83.33%
continuous_1284_S7_strategy2.npz,86 -> 33 -> 10 -> 78 -> 6 -> 29 -> 101,86 -> 16 -> 33 -> 10 -> 78 -> 6 -> 29 -> 101,7,1,0,87.50%,100.00%,93.33%
continuous_1285_S7_strategy2.npz,51 -> 84 -> 93 -> 3 -> 54 -> 34 -> 17,51 -> 84 -> 93 -> 1 -> 3 -> 54 -> 34 -> 17,7,1,0,87.50%,100.00%,93.33%
continuous_1286_S7_strategy2.npz,11 -> 21 -> 33 -> 75 -> 91 -> 4 -> 99,11 -> 15 -> 21 -> 33 -> 75 -> 91 -> 4 -> 85 -> 99,7,2,0,77.78%,100.00%,87.50%
continuous_1287_S7_strategy2.npz,65 -> 7 -> 101 -> 14 -> 24 -> 47,65 -> 79 -> 7 -> 101 -> 97 -> 14 -> 24 -> 47,6,2,0,75.00%,100.00%,85.71%
continuous_1288_S7_strategy2.npz,94 -> 67 -> 50 -> 1 -> 31,94 -> 67 -> 98 -> 50 -> 29 -> 1 -> 31,4,3,1,57.14%,80.00%,66.67%
continuous_1289_S7_strategy2.npz,53 -> 88 -> 64 -> 95 -> 39 -> 5,53 -> 88 -> 64 -> 95 -> 39 -> 5,6,0,0,100.00%,100.00%,100.00%
continuous_1290_S7_strategy2.npz,28 -> 86 -> 48 -> 75 -> 12,28 -> 27 -> 86 -> 48 -> 75 -> 12,5,1,0,83.33%,100.00%,90.91%
continuous_1291_S7_strategy2.npz,89 -> 76 -> 98 -> 49 -> 22 -> 64 -> 8,89 -> 76 -> 15 -> 98 -> 49 -> 22 -> 64 -> 8,7,1,0,87.50%,100.00%,93.33%
continuous_1292_S7_strategy2.npz,93 -> 2 -> 30 -> 65 -> 20,93 -> 18 -> 2 -> 30 -> 97 -> 65 -> 79 -> 20,4,4,1,50.00%,80.00%,61.54%
continuous_1293_S7_strategy2.npz,51 -> 20 -> 40 -> 18 -> 81 -> 91,51 -> 20 -> 40 -> 74 -> 18 -> 81 -> 85 -> 91,6,2,0,75.00%,100.00%,85.71%
continuous_1294_S7_strategy2.npz,89 -> 23 -> 61 -> 46 -> 0 -> 97 -> 35,89 -> 53 -> 23 -> 53 -> 52 -> 61 -> 46 -> 27 -> 29 -> 0 -> 97,6,5,1,54.55%,85.71%,66.67%
continuous_1295_S7_strategy2.npz,63 -> 85 -> 17 -> 3 -> 27,63 -> 101 -> 85 -> 17 -> 3 -> 27,4,2,1,66.67%,80.00%,72.73%
continuous_1296_S7_strategy2.npz,65 -> 4 -> 34 -> 53 -> 80 -> 17 -> 96,65 -> 50 -> 4 -> 85 -> 34 -> 33 -> 53 -> 80 -> 17 -> 96,5,5,2,50.00%,71.43%,58.82%
continuous_1297_S7_strategy2.npz,82 -> 46 -> 63 -> 98 -> 13,82 -> 46 -> 63 -> 15 -> 98 -> 13,5,1,0,83.33%,100.00%,90.91%
continuous_1298_S7_strategy2.npz,11 -> 96 -> 26 -> 83 -> 0 -> 61,11 -> 96 -> 26 -> 83 -> 0 -> 53 -> 61,5,2,1,71.43%,83.33%,76.92%
continuous_1299_S7_strategy2.npz,6 -> 10 -> 87 -> 59 -> 103,6 -> 10 -> 9 -> 87 -> 77 -> 59 -> 103,5,2,0,71.43%,100.00%,83.33%
continuous_1300_S7_strategy2.npz,38 -> 58 -> 49 -> 95 -> 79 -> 23,38 -> 58 -> 7 -> 95 -> 81 -> 79 -> 23,4,3,2,57.14%,66.67%,61.54%
continuous_1301_S7_strategy2.npz,77 -> 20 -> 31 -> 102 -> 48,77 -> 66 -> 20 -> 17 -> 31 -> 102 -> 48,5,2,0,71.43%,100.00%,83.33%
continuous_1302_S7_strategy2.npz,50 -> 63 -> 7 -> 102 -> 31 -> 27,50 -> 63 -> 15 -> 85 -> 7 -> 75 -> 102 -> 31 -> 27,4,5,2,44.44%,66.67%,53.33%
continuous_1303_S7_strategy2.npz,70 -> 94 -> 97 -> 59 -> 32,70 -> 94 -> 95 -> 97 -> 98 -> 59 -> 32,4,3,1,57.14%,80.00%,66.67%
continuous_1304_S7_strategy2.npz,18 -> 59 -> 70 -> 91 -> 48 -> 103,18 -> 59 -> 70 -> 91 -> 48 -> 103,6,0,0,100.00%,100.00%,100.00%
continuous_1305_S7_strategy2.npz,81 -> 102 -> 32 -> 26 -> 65 -> 47 -> 56,81 -> 102 -> 32 -> 30 -> 26 -> 65 -> 47 -> 56,5,3,2,62.50%,71.43%,66.67%
continuous_1306_S7_strategy2.npz,98 -> 22 -> 1 -> 15 -> 71 -> 91,98 -> 22 -> 98 -> 1 -> 27 -> 15 -> 71 -> 91,5,3,1,62.50%,83.33%,71.43%
continuous_1307_S7_strategy2.npz,49 -> 78 -> 95 -> 36 -> 2,49 -> 78 -> 16 -> 95 -> 81 -> 36 -> 35 -> 1 -> 2,2,7,3,22.22%,40.00%,28.57%
continuous_1308_S7_strategy2.npz,21 -> 63 -> 81 -> 91 -> 34 -> 102 -> 11,21 -> 65 -> 63 -> 81 -> 91 -> 34 -> 102 -> 19 -> 11,7,2,0,77.78%,100.00%,87.50%
continuous_1309_S7_strategy2.npz,102 -> 9 -> 56 -> 71 -> 94 -> 18 -> 22,102 -> 9 -> 56 -> 71 -> 90 -> 94 -> 18 -> 22,7,1,0,87.50%,100.00%,93.33%
continuous_1310_S7_strategy2.npz,46 -> 54 -> 14 -> 97 -> 22,46 -> 54 -> 67 -> 14 -> 97 -> 22,3,3,2,50.00%,60.00%,54.55%
continuous_1311_S7_strategy2.npz,86 -> 53 -> 74 -> 14 -> 26 -> 1 -> 42,86 -> 53 -> 74 -> 14 -> 26 -> 27 -> 1 -> 42,4,4,3,50.00%,57.14%,53.33%
continuous_1312_S7_strategy2.npz,87 -> 16 -> 72 -> 55 -> 34 -> 42 -> 2,87 -> 16 -> 79 -> 72 -> 98 -> 55 -> 34 -> 14 -> 42 -> 29 -> 2,5,6,2,45.45%,71.43%,55.56%
continuous_1313_S7_strategy2.npz,49 -> 60 -> 79 -> 24 -> 35 -> 9,49 -> 60 -> 79 -> 24 -> 35 -> 9,5,1,1,83.33%,83.33%,83.33%
continuous_1314_S7_strategy2.npz,65 -> 42 -> 11 -> 56 -> 74 -> 98,65 -> 60 -> 42 -> 10 -> 11 -> 87 -> 56 -> 74 -> 81 -> 98,6,4,0,60.00%,100.00%,75.00%
continuous_1315_S7_strategy2.npz,53 -> 12 -> 39 -> 50 -> 27 -> 5 -> 91,53 -> 12 -> 39 -> 32 -> 39 -> 50 -> 29 -> 27 -> 5 -> 91,6,4,1,60.00%,85.71%,70.59%
continuous_1316_S7_strategy2.npz,22 -> 34 -> 3 -> 86 -> 43,22 -> 36 -> 34 -> 3 -> 86 -> 43,5,1,0,83.33%,100.00%,90.91%
continuous_1317_S7_strategy2.npz,81 -> 28 -> 103 -> 45 -> 41 -> 61 -> 7,81 -> 98 -> 27 -> 28 -> 104 -> 103 -> 45 -> 98 -> 41 -> 33 -> 61 -> 7,7,5,0,58.33%,100.00%,73.68%
continuous_1318_S7_strategy2.npz,103 -> 85 -> 31 -> 22 -> 9,103 -> 85 -> 31 -> 39 -> 22 -> 69 -> 9,5,2,0,71.43%,100.00%,83.33%
continuous_1319_S7_strategy2.npz,47 -> 70 -> 57 -> 100 -> 28,47 -> 35 -> 70 -> 57 -> 97 -> 100 -> 28,5,2,0,71.43%,100.00%,83.33%
continuous_1320_S7_strategy2.npz,26 -> 80 -> 43 -> 61 -> 41,26 -> 27 -> 80 -> 43 -> 19 -> 61 -> 39 -> 41,5,3,0,62.50%,100.00%,76.92%
continuous_1321_S7_strategy2.npz,66 -> 82 -> 9 -> 102 -> 17 -> 89 -> 58,66 -> 82 -> 9 -> 102 -> 17 -> 89 -> 58,6,1,1,85.71%,85.71%,85.71%
continuous_1322_S7_strategy2.npz,91 -> 8 -> 52 -> 16 -> 28,91 -> 8 -> 52 -> 16 -> 28,5,0,0,100.00%,100.00%,100.00%
continuous_1323_S7_strategy2.npz,98 -> 1 -> 88 -> 45 -> 16 -> 55 -> 77,98 -> 1 -> 88 -> 45 -> 16 -> 55 -> 77,7,0,0,100.00%,100.00%,100.00%
continuous_1324_S7_strategy2.npz,85 -> 57 -> 41 -> 9 -> 63,85 -> 57 -> 41 -> 9 -> 63,5,0,0,100.00%,100.00%,100.00%
continuous_1325_S7_strategy2.npz,85 -> 42 -> 20 -> 72 -> 95 -> 33,85 -> 42 -> 19 -> 20 -> 72 -> 95 -> 33 -> 38,4,4,2,50.00%,66.67%,57.14%
continuous_1326_S7_strategy2.npz,12 -> 29 -> 44 -> 37 -> 73,12 -> 29 -> 44 -> 37 -> 73,5,0,0,100.00%,100.00%,100.00%
continuous_1327_S7_strategy2.npz,10 -> 35 -> 45 -> 20 -> 79 -> 104 -> 66,10 -> 35 -> 34 -> 45 -> 20 -> 79 -> 104 -> 103 -> 97 -> 66,6,4,1,60.00%,85.71%,70.59%
continuous_1328_S7_strategy2.npz,35 -> 25 -> 44 -> 83 -> 67 -> 6 -> 15,35 -> 25 -> 44 -> 83 -> 48 -> 67 -> 55 -> 6 -> 17 -> 15,7,3,0,70.00%,100.00%,82.35%
continuous_1329_S7_strategy2.npz,61 -> 72 -> 17 -> 89 -> 5,61 -> 72 -> 17 -> 99 -> 95 -> 89 -> 5,3,4,2,42.86%,60.00%,50.00%
continuous_1330_S7_strategy2.npz,79 -> 59 -> 89 -> 10 -> 65,79 -> 59 -> 95 -> 89 -> 10 -> 65,5,1,0,83.33%,100.00%,90.91%
continuous_1331_S7_strategy2.npz,23 -> 35 -> 55 -> 73 -> 69 -> 91 -> 98,23 -> 27 -> 17 -> 35 -> 55 -> 77 -> 73 -> 9 -> 69 -> 91 -> 78 -> 98,7,5,0,58.33%,100.00%,73.68%
continuous_1332_S7_strategy2.npz,60 -> 80 -> 71 -> 22 -> 36,60 -> 71 -> 80 -> 71 -> 22 -> 30 -> 36,5,2,0,71.43%,100.00%,83.33%
continuous_1333_S7_strategy2.npz,71 -> 20 -> 19 -> 9 -> 92,71 -> 20 -> 19 -> 69 -> 9 -> 92,5,1,0,83.33%,100.00%,90.91%
continuous_1334_S7_strategy2.npz,78 -> 63 -> 58 -> 14 -> 97 -> 3,78 -> 63 -> 101 -> 58 -> 11 -> 14 -> 97 -> 3,6,2,0,75.00%,100.00%,85.71%
continuous_1335_S7_strategy2.npz,86 -> 27 -> 98 -> 65 -> 83,86 -> 27 -> 98 -> 65 -> 83,5,0,0,100.00%,100.00%,100.00%
continuous_1336_S7_strategy2.npz,50 -> 99 -> 86 -> 67 -> 13,50 -> 99 -> 93 -> 86 -> 18 -> 67 -> 98 -> 13,4,4,1,50.00%,80.00%,61.54%
continuous_1337_S7_strategy2.npz,84 -> 3 -> 68 -> 89 -> 55,84 -> 3 -> 68 -> 89 -> 55,5,0,0,100.00%,100.00%,100.00%
continuous_1338_S7_strategy2.npz,77 -> 90 -> 33 -> 15 -> 71,77 -> 93 -> 90 -> 96 -> 33 -> 15 -> 71,5,2,0,71.43%,100.00%,83.33%
continuous_1339_S7_strategy2.npz,25 -> 91 -> 38 -> 43 -> 1 -> 60 -> 75,25 -> 91 -> 32 -> 40 -> 43 -> 1 -> 60 -> 75,4,4,3,50.00%,57.14%,53.33%
continuous_1340_S7_strategy2.npz,68 -> 21 -> 97 -> 73 -> 40 -> 58 -> 4,68 -> 67 -> 21 -> 97 -> 73 -> 40 -> 58 -> 4,6,2,1,75.00%,85.71%,80.00%
continuous_1341_S7_strategy2.npz,92 -> 84 -> 24 -> 14 -> 56 -> 42,92 -> 86 -> 84 -> 24 -> 14 -> 56 -> 42,5,2,1,71.43%,83.33%,76.92%
continuous_1342_S7_strategy2.npz,6 -> 102 -> 50 -> 26 -> 78,6 -> 102 -> 50 -> 29 -> 26 -> 78,3,3,2,50.00%,60.00%,54.55%
continuous_1343_S7_strategy2.npz,46 -> 54 -> 81 -> 87 -> 104,46 -> 27 -> 54 -> 81 -> 87 -> 67 -> 104,5,2,0,71.43%,100.00%,83.33%
continuous_1344_S7_strategy2.npz,0 -> 56 -> 45 -> 26 -> 69,0 -> 56 -> 45 -> 26 -> 69,5,0,0,100.00%,100.00%,100.00%
continuous_1345_S7_strategy2.npz,99 -> 56 -> 86 -> 81 -> 20 -> 69,99 -> 56 -> 86 -> 81 -> 20 -> 69,5,1,1,83.33%,83.33%,83.33%
continuous_1346_S7_strategy2.npz,1 -> 42 -> 20 -> 97 -> 89 -> 53 -> 15,1 -> 42 -> 19 -> 20 -> 97 -> 89 -> 53 -> 15,7,1,0,87.50%,100.00%,93.33%
continuous_1347_S7_strategy2.npz,61 -> 9 -> 43 -> 23 -> 78,61 -> 69 -> 9 -> 29 -> 43 -> 23 -> 78,5,2,0,71.43%,100.00%,83.33%
continuous_1348_S7_strategy2.npz,46 -> 40 -> 65 -> 75 -> 24,46 -> 27 -> 33 -> 40 -> 30 -> 65 -> 75 -> 24,5,3,0,62.50%,100.00%,76.92%
continuous_1349_S7_strategy2.npz,68 -> 84 -> 13 -> 94 -> 40 -> 42,68 -> 84 -> 12 -> 13 -> 94 -> 40 -> 14 -> 42,6,2,0,75.00%,100.00%,85.71%
continuous_1350_S7_strategy2.npz,89 -> 58 -> 73 -> 7 -> 24 -> 100 -> 34,89 -> 58 -> 50 -> 73 -> 7 -> 24 -> 100 -> 34,6,2,1,75.00%,85.71%,80.00%
continuous_1351_S7_strategy2.npz,62 -> 56 -> 1 -> 91 -> 44 -> 73 -> 99,62 -> 56 -> 1 -> 91 -> 44 -> 73 -> 99,7,0,0,100.00%,100.00%,100.00%
continuous_1352_S7_strategy2.npz,88 -> 55 -> 19 -> 96 -> 23,88 -> 55 -> 19 -> 96 -> 23,5,0,0,100.00%,100.00%,100.00%
continuous_1353_S7_strategy2.npz,38 -> 56 -> 11 -> 69 -> 103,38 -> 66 -> 56 -> 10 -> 11 -> 9 -> 69 -> 103,5,3,0,62.50%,100.00%,76.92%
continuous_1354_S7_strategy2.npz,98 -> 36 -> 57 -> 82 -> 27 -> 15 -> 64,98 -> 36 -> 33 -> 57 -> 82 -> 27 -> 15 -> 64,4,4,3,50.00%,57.14%,53.33%
continuous_1355_S7_strategy2.npz,7 -> 94 -> 31 -> 15 -> 76,7 -> 94 -> 92 -> 31 -> 30 -> 15 -> 76,5,2,0,71.43%,100.00%,83.33%
continuous_1356_S7_strategy2.npz,96 -> 1 -> 27 -> 32 -> 51 -> 63,96 -> 1 -> 27 -> 30 -> 32 -> 51 -> 59 -> 63,6,2,0,75.00%,100.00%,85.71%
continuous_1357_S7_strategy2.npz,35 -> 27 -> 49 -> 93 -> 73 -> 4 -> 98,35 -> 70 -> 27 -> 49 -> 93 -> 73 -> 64 -> 4 -> 98,7,2,0,77.78%,100.00%,87.50%
continuous_1358_S7_strategy2.npz,30 -> 26 -> 56 -> 67 -> 43 -> 8,30 -> 1 -> 26 -> 56 -> 67 -> 43 -> 98 -> 8,6,2,0,75.00%,100.00%,85.71%
continuous_1359_S7_strategy2.npz,28 -> 48 -> 35 -> 17 -> 60,28 -> 48 -> 35 -> 17 -> 60,4,1,1,80.00%,80.00%,80.00%
continuous_1360_S7_strategy2.npz,78 -> 86 -> 63 -> 103 -> 18 -> 5,78 -> 86 -> 63 -> 15 -> 104 -> 103 -> 18 -> 2 -> 5,4,5,2,44.44%,66.67%,53.33%
continuous_1361_S7_strategy2.npz,49 -> 29 -> 101 -> 94 -> 33,49 -> 29 -> 77 -> 101 -> 94 -> 33,5,1,0,83.33%,100.00%,90.91%
continuous_1362_S7_strategy2.npz,51 -> 79 -> 15 -> 28 -> 35 -> 6 -> 97,51 -> 79 -> 14 -> 15 -> 28 -> 30 -> 35 -> 71 -> 6 -> 97,6,4,1,60.00%,85.71%,70.59%
continuous_1363_S7_strategy2.npz,49 -> 34 -> 58 -> 74 -> 64 -> 93 -> 17,49 -> 34 -> 58 -> 74 -> 64 -> 93 -> 17,7,0,0,100.00%,100.00%,100.00%
continuous_1364_S7_strategy2.npz,78 -> 8 -> 99 -> 21 -> 87,78 -> 8 -> 99 -> 21 -> 87,5,0,0,100.00%,100.00%,100.00%
continuous_1365_S7_strategy2.npz,11 -> 59 -> 0 -> 39 -> 86,11 -> 59 -> 97 -> 0 -> 39 -> 86,5,1,0,83.33%,100.00%,90.91%
continuous_1366_S7_strategy2.npz,23 -> 10 -> 9 -> 46 -> 73 -> 103,23 -> 10 -> 11 -> 9 -> 50 -> 46 -> 73 -> 103,4,4,2,50.00%,66.67%,57.14%
continuous_1367_S7_strategy2.npz,78 -> 24 -> 1 -> 16 -> 61 -> 94,78 -> 24 -> 36 -> 1 -> 16 -> 61 -> 94,5,2,1,71.43%,83.33%,76.92%
continuous_1368_S7_strategy2.npz,18 -> 73 -> 64 -> 45 -> 87 -> 53 -> 102,18 -> 73 -> 52 -> 64 -> 45 -> 87 -> 53 -> 102,6,2,1,75.00%,85.71%,80.00%
continuous_1369_S7_strategy2.npz,48 -> 66 -> 4 -> 24 -> 72 -> 92,48 -> 66 -> 4 -> 85 -> 24 -> 72 -> 92,6,1,0,85.71%,100.00%,92.31%
continuous_1370_S7_strategy2.npz,18 -> 52 -> 48 -> 73 -> 7 -> 24 -> 38,18 -> 52 -> 48 -> 73 -> 7 -> 24 -> 27 -> 38,7,1,0,87.50%,100.00%,93.33%
continuous_1371_S7_strategy2.npz,4 -> 98 -> 94 -> 21 -> 15 -> 63 -> 79,4 -> 98 -> 94 -> 21 -> 15 -> 63 -> 79,7,0,0,100.00%,100.00%,100.00%
continuous_1372_S7_strategy2.npz,48 -> 52 -> 27 -> 72 -> 11 -> 69 -> 87,48 -> 52 -> 61 -> 27 -> 72 -> 10 -> 11 -> 69 -> 87,6,3,1,66.67%,85.71%,75.00%
continuous_1373_S7_strategy2.npz,76 -> 50 -> 58 -> 19 -> 92 -> 40,76 -> 50 -> 29 -> 58 -> 19 -> 68 -> 92 -> 40,5,3,1,62.50%,83.33%,71.43%
continuous_1374_S7_strategy2.npz,43 -> 98 -> 22 -> 63 -> 78,43 -> 98 -> 20 -> 22 -> 63 -> 101 -> 78,4,3,1,57.14%,80.00%,66.67%
continuous_1375_S7_strategy2.npz,45 -> 59 -> 24 -> 87 -> 74,45 -> 59 -> 24 -> 73 -> 87 -> 74,5,1,0,83.33%,100.00%,90.91%
continuous_1376_S7_strategy2.npz,14 -> 7 -> 95 -> 68 -> 46,14 -> 85 -> 7 -> 49 -> 95 -> 68 -> 46,5,2,0,71.43%,100.00%,83.33%
continuous_1377_S7_strategy2.npz,39 -> 51 -> 12 -> 57 -> 80 -> 23 -> 5,39 -> 51 -> 12 -> 57 -> 80 -> 23 -> 27 -> 5,5,3,2,62.50%,71.43%,66.67%
continuous_1378_S7_strategy2.npz,8 -> 65 -> 104 -> 92 -> 55,8 -> 65 -> 104 -> 92 -> 55,5,0,0,100.00%,100.00%,100.00%
continuous_1379_S7_strategy2.npz,104 -> 0 -> 77 -> 21 -> 17 -> 40 -> 90,104 -> 0 -> 77 -> 53 -> 21 -> 17 -> 40 -> 90,7,1,0,87.50%,100.00%,93.33%
continuous_1380_S7_strategy2.npz,27 -> 0 -> 91 -> 81 -> 95,27 -> 0 -> 18 -> 91 -> 81 -> 95,5,1,0,83.33%,100.00%,90.91%
continuous_1381_S7_strategy2.npz,29 -> 76 -> 15 -> 45 -> 38,29 -> 59 -> 56 -> 76 -> 15 -> 45 -> 38,4,3,1,57.14%,80.00%,66.67%
continuous_1382_S7_strategy2.npz,47 -> 60 -> 36 -> 62 -> 24 -> 77,47 -> 60 -> 36 -> 62 -> 15 -> 24 -> 77,6,1,0,85.71%,100.00%,92.31%
continuous_1383_S7_strategy2.npz,55 -> 75 -> 86 -> 20 -> 8,55 -> 90 -> 75 -> 86 -> 20 -> 8,5,1,0,83.33%,100.00%,90.91%
continuous_1384_S7_strategy2.npz,72 -> 37 -> 52 -> 67 -> 103 -> 5,72 -> 37 -> 52 -> 67 -> 103 -> 5,6,0,0,100.00%,100.00%,100.00%
continuous_1385_S7_strategy2.npz,34 -> 104 -> 61 -> 12 -> 82,34 -> 104 -> 103 -> 61 -> 12 -> 82,4,2,1,66.67%,80.00%,72.73%
continuous_1386_S7_strategy2.npz,47 -> 84 -> 88 -> 58 -> 15,47 -> 84 -> 88 -> 77 -> 58 -> 15,5,1,0,83.33%,100.00%,90.91%
continuous_1387_S7_strategy2.npz,91 -> 5 -> 31 -> 95 -> 44 -> 14 -> 75,91 -> 5 -> 31 -> 95 -> 97 -> 44 -> 25 -> 21 -> 14 -> 75,4,6,3,40.00%,57.14%,47.06%
continuous_1388_S7_strategy2.npz,30 -> 23 -> 93 -> 76 -> 103 -> 17,30 -> 23 -> 93 -> 76 -> 103 -> 17,6,0,0,100.00%,100.00%,100.00%
continuous_1389_S7_strategy2.npz,59 -> 37 -> 99 -> 78 -> 17 -> 20,59 -> 37 -> 33 -> 99 -> 78 -> 74 -> 17 -> 20,6,2,0,75.00%,100.00%,85.71%
continuous_1390_S7_strategy2.npz,80 -> 3 -> 28 -> 93 -> 42 -> 16,80 -> 12 -> 3 -> 27 -> 28 -> 97 -> 93 -> 42 -> 14 -> 16,6,4,0,60.00%,100.00%,75.00%
continuous_1391_S7_strategy2.npz,54 -> 90 -> 101 -> 21 -> 43,54 -> 90 -> 101 -> 21 -> 43,5,0,0,100.00%,100.00%,100.00%
continuous_1392_S7_strategy2.npz,50 -> 56 -> 2 -> 66 -> 92 -> 79,50 -> 29 -> 56 -> 2 -> 66 -> 92 -> 79,6,1,0,85.71%,100.00%,92.31%
continuous_1393_S7_strategy2.npz,30 -> 94 -> 70 -> 53 -> 14 -> 25 -> 3,30 -> 36 -> 94 -> 70 -> 53 -> 14 -> 25 -> 12 -> 3,6,3,1,66.67%,85.71%,75.00%
continuous_1394_S7_strategy2.npz,19 -> 22 -> 74 -> 38 -> 55,19 -> 20 -> 22 -> 74 -> 33 -> 38 -> 14 -> 55,5,3,0,62.50%,100.00%,76.92%
continuous_1395_S7_strategy2.npz,70 -> 19 -> 1 -> 43 -> 82 -> 20,70 -> 69 -> 66 -> 19 -> 50 -> 1 -> 101 -> 43 -> 82 -> 20,4,6,2,40.00%,66.67%,50.00%
continuous_1396_S7_strategy2.npz,72 -> 87 -> 0 -> 71 -> 55 -> 103 -> 47,72 -> 87 -> 0 -> 71 -> 98 -> 55 -> 103 -> 81 -> 47,7,2,0,77.78%,100.00%,87.50%
continuous_1397_S7_strategy2.npz,57 -> 100 -> 38 -> 79 -> 89 -> 12,57 -> 100 -> 38 -> 79 -> 89 -> 12,6,0,0,100.00%,100.00%,100.00%
continuous_1398_S7_strategy2.npz,11 -> 76 -> 65 -> 94 -> 100 -> 56,11 -> 76 -> 51 -> 65 -> 79 -> 94 -> 100 -> 56,5,3,1,62.50%,83.33%,71.43%
continuous_1399_S7_strategy2.npz,101 -> 61 -> 36 -> 20 -> 75 -> 69 -> 10,101 -> 61 -> 36 -> 33 -> 20 -> 75 -> 69 -> 10,6,2,1,75.00%,85.71%,80.00%
continuous_1400_S7_strategy2.npz,101 -> 66 -> 35 -> 2 -> 29 -> 60,101 -> 66 -> 35 -> 2 -> 98 -> 29 -> 77 -> 60,6,2,0,75.00%,100.00%,85.71%
continuous_1401_S7_strategy2.npz,60 -> 96 -> 11 -> 65 -> 79 -> 89,60 -> 3 -> 96 -> 11 -> 65 -> 79 -> 95 -> 89,6,2,0,75.00%,100.00%,85.71%
continuous_1402_S7_strategy2.npz,85 -> 71 -> 50 -> 102 -> 1 -> 84,85 -> 71 -> 50 -> 29 -> 102 -> 1 -> 27 -> 84,4,4,2,50.00%,66.67%,57.14%
continuous_1403_S7_strategy2.npz,47 -> 72 -> 98 -> 27 -> 88 -> 58,47 -> 72 -> 98 -> 27 -> 88 -> 65 -> 58,5,2,1,71.43%,83.33%,76.92%
continuous_1404_S7_strategy2.npz,93 -> 97 -> 84 -> 22 -> 34 -> 3,93 -> 97 -> 84 -> 77 -> 22 -> 14 -> 34 -> 3,2,6,4,25.00%,33.33%,28.57%
continuous_1405_S7_strategy2.npz,76 -> 48 -> 67 -> 99 -> 19 -> 87,76 -> 48 -> 31 -> 67 -> 99 -> 19 -> 87,6,1,0,85.71%,100.00%,92.31%
continuous_1406_S7_strategy2.npz,40 -> 42 -> 80 -> 98 -> 85 -> 52,40 -> 42 -> 98 -> 15 -> 80 -> 98 -> 85 -> 52,5,3,1,62.50%,83.33%,71.43%
continuous_1407_S7_strategy2.npz,33 -> 95 -> 29 -> 88 -> 64 -> 52 -> 48,33 -> 95 -> 29 -> 88 -> 64 -> 79 -> 52 -> 48,5,3,2,62.50%,71.43%,66.67%
continuous_1408_S7_strategy2.npz,31 -> 29 -> 72 -> 56 -> 92 -> 19 -> 103,31 -> 29 -> 72 -> 56 -> 62 -> 92 -> 47 -> 19 -> 103,3,6,4,33.33%,42.86%,37.50%
continuous_1409_S7_strategy2.npz,24 -> 42 -> 90 -> 57 -> 99 -> 8 -> 79,24 -> 14 -> 42 -> 91 -> 90 -> 57 -> 67 -> 99 -> 8 -> 77 -> 79,7,4,0,63.64%,100.00%,77.78%
continuous_1410_S7_strategy2.npz,94 -> 68 -> 41 -> 72 -> 45 -> 97,94 -> 68 -> 41 -> 72 -> 45 -> 97,6,0,0,100.00%,100.00%,100.00%
continuous_1411_S7_strategy2.npz,96 -> 22 -> 32 -> 1 -> 63 -> 10 -> 74,96 -> 22 -> 53 -> 30 -> 32 -> 1 -> 57 -> 63 -> 15 -> 10 -> 74,6,5,1,54.55%,85.71%,66.67%
continuous_1412_S7_strategy2.npz,36 -> 47 -> 102 -> 9 -> 14 -> 94,36 -> 86 -> 47 -> 102 -> 9 -> 14 -> 63 -> 94,6,2,0,75.00%,100.00%,85.71%
continuous_1413_S7_strategy2.npz,100 -> 55 -> 41 -> 93 -> 17 -> 42,100 -> 55 -> 41 -> 30 -> 93 -> 17 -> 74 -> 42,6,2,0,75.00%,100.00%,85.71%
continuous_1414_S7_strategy2.npz,13 -> 61 -> 25 -> 63 -> 5,13 -> 61 -> 25 -> 63 -> 5,5,0,0,100.00%,100.00%,100.00%
continuous_1415_S7_strategy2.npz,70 -> 75 -> 16 -> 4 -> 49,70 -> 75 -> 78 -> 16 -> 4 -> 93 -> 49,3,4,2,42.86%,60.00%,50.00%
continuous_1416_S7_strategy2.npz,2 -> 13 -> 75 -> 93 -> 22 -> 101,2 -> 13 -> 75 -> 93 -> 22 -> 101,6,0,0,100.00%,100.00%,100.00%
continuous_1417_S7_strategy2.npz,17 -> 100 -> 32 -> 4 -> 64 -> 90,17 -> 100 -> 32 -> 4 -> 64 -> 90,6,0,0,100.00%,100.00%,100.00%
continuous_1418_S7_strategy2.npz,14 -> 3 -> 64 -> 36 -> 42 -> 55 -> 79,14 -> 3 -> 64 -> 36 -> 33 -> 42 -> 55 -> 79,6,2,1,75.00%,85.71%,80.00%
continuous_1419_S7_strategy2.npz,81 -> 68 -> 52 -> 42 -> 19 -> 98 -> 28,81 -> 98 -> 68 -> 52 -> 42 -> 19 -> 98 -> 28,7,1,0,87.50%,100.00%,93.33%
continuous_1420_S7_strategy2.npz,101 -> 29 -> 32 -> 93 -> 57,101 -> 29 -> 32 -> 93 -> 2 -> 57,5,1,0,83.33%,100.00%,90.91%
continuous_1421_S7_strategy2.npz,102 -> 63 -> 2 -> 34 -> 57 -> 72 -> 89,102 -> 63 -> 101 -> 2 -> 101 -> 34 -> 57 -> 72 -> 95 -> 89,7,3,0,70.00%,100.00%,82.35%
continuous_1422_S7_strategy2.npz,7 -> 78 -> 71 -> 100 -> 32,7 -> 78 -> 71 -> 74 -> 100 -> 33,4,2,1,66.67%,80.00%,72.73%
continuous_1423_S7_strategy2.npz,76 -> 18 -> 53 -> 42 -> 104 -> 69,76 -> 18 -> 53 -> 42 -> 104 -> 102 -> 69,6,1,0,85.71%,100.00%,92.31%
continuous_1424_S7_strategy2.npz,19 -> 60 -> 32 -> 8 -> 104 -> 77,19 -> 60 -> 30 -> 32 -> 30 -> 8 -> 104 -> 103 -> 77,6,3,0,66.67%,100.00%,80.00%
continuous_1425_S7_strategy2.npz,26 -> 50 -> 11 -> 85 -> 38 -> 74 -> 64,26 -> 50 -> 11 -> 63 -> 85 -> 30 -> 38 -> 74 -> 9 -> 64,6,4,1,60.00%,85.71%,70.59%
continuous_1426_S7_strategy2.npz,32 -> 77 -> 17 -> 64 -> 51 -> 4 -> 96,32 -> 77 -> 97 -> 17 -> 64 -> 76 -> 42 -> 51 -> 4 -> 91 -> 96,3,8,4,27.27%,42.86%,33.33%
continuous_1427_S7_strategy2.npz,68 -> 33 -> 0 -> 13 -> 88,68 -> 33 -> 98 -> 0 -> 13 -> 84 -> 88,4,3,1,57.14%,80.00%,66.67%
continuous_1428_S7_strategy2.npz,13 -> 66 -> 44 -> 24 -> 93 -> 56,13 -> 66 -> 44 -> 25 -> 14 -> 24 -> 93 -> 76 -> 56,6,3,0,66.67%,100.00%,80.00%
continuous_1429_S7_strategy2.npz,5 -> 81 -> 100 -> 14 -> 59 -> 85 -> 31,5 -> 81 -> 100 -> 14 -> 59 -> 85 -> 31,6,1,1,85.71%,85.71%,85.71%
continuous_1430_S7_strategy2.npz,34 -> 52 -> 88 -> 49 -> 17 -> 6 -> 73,34 -> 52 -> 88 -> 49 -> 17 -> 99 -> 6 -> 73,7,1,0,87.50%,100.00%,93.33%
continuous_1431_S7_strategy2.npz,3 -> 50 -> 79 -> 38 -> 94,3 -> 50 -> 79 -> 38 -> 94,5,0,0,100.00%,100.00%,100.00%
continuous_1432_S7_strategy2.npz,47 -> 68 -> 94 -> 34 -> 83 -> 22 -> 58,47 -> 68 -> 94 -> 36 -> 34 -> 83 -> 22 -> 58,5,3,2,62.50%,71.43%,66.67%
continuous_1433_S7_strategy2.npz,97 -> 45 -> 61 -> 78 -> 4,97 -> 45 -> 59 -> 61 -> 78 -> 4,5,1,0,83.33%,100.00%,90.91%
continuous_1434_S7_strategy2.npz,103 -> 3 -> 73 -> 62 -> 58 -> 13,103 -> 3 -> 73 -> 62 -> 15 -> 58 -> 13,6,1,0,85.71%,100.00%,92.31%
continuous_1435_S7_strategy2.npz,45 -> 65 -> 81 -> 6 -> 86 -> 11 -> 41,45 -> 98 -> 65 -> 11 -> 81 -> 6 -> 86 -> 10 -> 11 -> 41,7,3,0,70.00%,100.00%,82.35%
continuous_1436_S7_strategy2.npz,102 -> 9 -> 15 -> 23 -> 38 -> 72,102 -> 9 -> 15 -> 23 -> 38 -> 72,4,2,2,66.67%,66.67%,66.67%
continuous_1437_S7_strategy2.npz,28 -> 67 -> 84 -> 5 -> 47 -> 87,27 -> 67 -> 84 -> 5 -> 47 -> 73 -> 87,4,3,2,57.14%,66.67%,61.54%
continuous_1438_S7_strategy2.npz,45 -> 32 -> 25 -> 52 -> 95,45 -> 32 -> 31 -> 53 -> 25 -> 52 -> 54 -> 95,5,3,0,62.50%,100.00%,76.92%
continuous_1439_S7_strategy2.npz,26 -> 47 -> 95 -> 0 -> 19 -> 80 -> 88,26 -> 47 -> 95 -> 0 -> 14 -> 19 -> 80 -> 88,6,2,1,75.00%,85.71%,80.00%
continuous_1440_S7_strategy2.npz,82 -> 44 -> 57 -> 29 -> 98 -> 4,82 -> 30 -> 44 -> 25 -> 57 -> 98 -> 29 -> 59 -> 98 -> 4,6,4,0,60.00%,100.00%,75.00%
continuous_1441_S7_strategy2.npz,76 -> 31 -> 3 -> 93 -> 13 -> 52 -> 21,76 -> 31 -> 30 -> 3 -> 93 -> 13 -> 27 -> 52 -> 56 -> 21,5,5,2,50.00%,71.43%,58.82%
continuous_1442_S7_strategy2.npz,51 -> 34 -> 64 -> 10 -> 101,51 -> 59 -> 34 -> 64 -> 10 -> 11 -> 101,4,3,1,57.14%,80.00%,66.67%
continuous_1443_S7_strategy2.npz,70 -> 13 -> 40 -> 101 -> 80,70 -> 12 -> 13 -> 40 -> 101 -> 80,5,1,0,83.33%,100.00%,90.91%
continuous_1444_S7_strategy2.npz,49 -> 39 -> 61 -> 0 -> 29,49 -> 39 -> 61 -> 29 -> 0 -> 29,5,1,0,83.33%,100.00%,90.91%
continuous_1445_S7_strategy2.npz,76 -> 12 -> 24 -> 34 -> 88 -> 61 -> 51,76 -> 19 -> 12 -> 24 -> 34 -> 53 -> 88 -> 61 -> 51,7,2,0,77.78%,100.00%,87.50%
continuous_1446_S7_strategy2.npz,11 -> 51 -> 86 -> 76 -> 66 -> 21 -> 60,11 -> 51 -> 86 -> 76 -> 66 -> 21 -> 60,6,1,1,85.71%,85.71%,85.71%
continuous_1447_S7_strategy2.npz,9 -> 63 -> 52 -> 20 -> 99 -> 74 -> 49,9 -> 63 -> 52 -> 20 -> 99 -> 74 -> 49,7,0,0,100.00%,100.00%,100.00%
continuous_1448_S7_strategy2.npz,64 -> 24 -> 10 -> 57 -> 76 -> 37,64 -> 24 -> 10 -> 57 -> 76 -> 37,6,0,0,100.00%,100.00%,100.00%
continuous_1449_S7_strategy2.npz,102 -> 18 -> 84 -> 70 -> 26,102 -> 18 -> 84 -> 70 -> 27 -> 26,5,1,0,83.33%,100.00%,90.91%
continuous_1450_S7_strategy2.npz,28 -> 81 -> 96 -> 7 -> 69,28 -> 81 -> 96 -> 97 -> 7 -> 69,5,1,0,83.33%,100.00%,90.91%
continuous_1451_S7_strategy2.npz,104 -> 65 -> 93 -> 21 -> 19 -> 30,104 -> 65 -> 93 -> 21 -> 19 -> 37,5,1,1,83.33%,83.33%,83.33%
continuous_1452_S7_strategy2.npz,50 -> 19 -> 59 -> 97 -> 6 -> 85 -> 69,50 -> 29 -> 19 -> 98 -> 59 -> 97 -> 99 -> 6 -> 85 -> 69,7,3,0,70.00%,100.00%,82.35%
continuous_1453_S7_strategy2.npz,2 -> 84 -> 99 -> 10 -> 28,2 -> 104 -> 84 -> 99 -> 10 -> 27 -> 28,5,2,0,71.43%,100.00%,83.33%
continuous_1454_S7_strategy2.npz,13 -> 86 -> 6 -> 59 -> 83 -> 22 -> 101,13 -> 86 -> 6 -> 99 -> 59 -> 83 -> 48 -> 20 -> 22 -> 14 -> 101,5,6,2,45.45%,71.43%,55.56%
continuous_1455_S7_strategy2.npz,63 -> 21 -> 0 -> 72 -> 100,63 -> 7 -> 21 -> 14 -> 0 -> 72 -> 100,5,2,0,71.43%,100.00%,83.33%
continuous_1456_S7_strategy2.npz,18 -> 37 -> 20 -> 51 -> 96 -> 84 -> 88,18 -> 38 -> 37 -> 38 -> 20 -> 51 -> 59 -> 96 -> 84 -> 88,5,5,2,50.00%,71.43%,58.82%
continuous_1457_S7_strategy2.npz,51 -> 16 -> 1 -> 26 -> 65 -> 78 -> 34,51 -> 104 -> 16 -> 1 -> 26 -> 65 -> 79 -> 78 -> 34,6,3,1,66.67%,85.71%,75.00%
continuous_1458_S7_strategy2.npz,64 -> 60 -> 12 -> 32 -> 104 -> 44,64 -> 60 -> 12 -> 30 -> 32 -> 30 -> 104 -> 44,5,3,1,62.50%,83.33%,71.43%
continuous_1459_S7_strategy2.npz,16 -> 33 -> 79 -> 23 -> 55 -> 5 -> 101,16 -> 74 -> 33 -> 79 -> 23 -> 55 -> 5 -> 101,6,2,1,75.00%,85.71%,80.00%
continuous_1460_S7_strategy2.npz,52 -> 14 -> 85 -> 43 -> 66 -> 34,52 -> 62 -> 14 -> 85 -> 43 -> 66 -> 34,6,1,0,85.71%,100.00%,92.31%
continuous_1461_S7_strategy2.npz,52 -> 3 -> 28 -> 13 -> 84,52 -> 3 -> 27 -> 28 -> 13 -> 84,4,2,1,66.67%,80.00%,72.73%
continuous_1462_S7_strategy2.npz,81 -> 33 -> 19 -> 71 -> 53 -> 22 -> 90,81 -> 97 -> 33 -> 19 -> 71 -> 53 -> 22 -> 90,7,1,0,87.50%,100.00%,93.33%
continuous_1463_S7_strategy2.npz,59 -> 18 -> 71 -> 96 -> 8 -> 72,59 -> 18 -> 71 -> 96 -> 8 -> 72,5,1,1,83.33%,83.33%,83.33%
continuous_1464_S7_strategy2.npz,62 -> 91 -> 29 -> 98 -> 9 -> 77 -> 42,62 -> 71 -> 91 -> 29 -> 98 -> 9 -> 50 -> 77 -> 42,6,3,1,66.67%,85.71%,75.00%
continuous_1465_S7_strategy2.npz,40 -> 94 -> 45 -> 18 -> 21 -> 95,40 -> 94 -> 43 -> 45 -> 18 -> 21 -> 95,5,2,1,71.43%,83.33%,76.92%
continuous_1466_S7_strategy2.npz,39 -> 88 -> 73 -> 7 -> 102 -> 47,39 -> 88 -> 73 -> 7 -> 102 -> 95 -> 47,6,1,0,85.71%,100.00%,92.31%
continuous_1467_S7_strategy2.npz,77 -> 64 -> 14 -> 48 -> 35 -> 24,77 -> 64 -> 14 -> 64 -> 48 -> 35 -> 53 -> 24,6,2,0,75.00%,100.00%,85.71%
continuous_1468_S7_strategy2.npz,22 -> 62 -> 101 -> 50 -> 2,22 -> 62 -> 101 -> 50 -> 29 -> 2,4,2,1,66.67%,80.00%,72.73%
continuous_1469_S7_strategy2.npz,58 -> 62 -> 33 -> 102 -> 80 -> 5,58 -> 62 -> 33 -> 102 -> 80 -> 18 -> 5,6,1,0,85.71%,100.00%,92.31%
continuous_1470_S7_strategy2.npz,66 -> 54 -> 32 -> 46 -> 79 -> 3 -> 26,66 -> 54 -> 67 -> 32 -> 46 -> 79 -> 3 -> 26,6,2,1,75.00%,85.71%,80.00%
continuous_1471_S7_strategy2.npz,38 -> 101 -> 59 -> 1 -> 86,38 -> 101 -> 59 -> 29 -> 1 -> 86,3,3,2,50.00%,60.00%,54.55%
continuous_1472_S7_strategy2.npz,56 -> 2 -> 82 -> 69 -> 20 -> 12,56 -> 2 -> 82 -> 69 -> 20 -> 97 -> 12,6,1,0,85.71%,100.00%,92.31%
continuous_1473_S7_strategy2.npz,27 -> 52 -> 4 -> 40 -> 82 -> 85,27 -> 52 -> 61 -> 4 -> 93 -> 40 -> 82 -> 31 -> 85,4,5,2,44.44%,66.67%,53.33%
continuous_1474_S7_strategy2.npz,63 -> 19 -> 25 -> 5 -> 39,63 -> 19 -> 20 -> 25 -> 5 -> 6 -> 39,5,2,0,71.43%,100.00%,83.33%
continuous_1475_S7_strategy2.npz,2 -> 95 -> 94 -> 73 -> 48,2 -> 101 -> 95 -> 94 -> 73 -> 48,5,1,0,83.33%,100.00%,90.91%
continuous_1476_S7_strategy2.npz,25 -> 58 -> 76 -> 65 -> 12,25 -> 26 -> 58 -> 76 -> 65 -> 12,5,1,0,83.33%,100.00%,90.91%
continuous_1477_S7_strategy2.npz,49 -> 75 -> 103 -> 11 -> 20 -> 71 -> 92,49 -> 75 -> 103 -> 11 -> 63 -> 20 -> 71 -> 18 -> 92,7,2,0,77.78%,100.00%,87.50%
continuous_1478_S7_strategy2.npz,89 -> 53 -> 67 -> 16 -> 102 -> 83,89 -> 53 -> 67 -> 104 -> 16 -> 102 -> 83,6,1,0,85.71%,100.00%,92.31%
continuous_1479_S7_strategy2.npz,95 -> 26 -> 53 -> 93 -> 41 -> 12 -> 79,95 -> 26 -> 53 -> 93 -> 41 -> 39 -> 12 -> 79,4,4,3,50.00%,57.14%,53.33%
continuous_1480_S7_strategy2.npz,96 -> 0 -> 55 -> 89 -> 65,96 -> 0 -> 98 -> 55 -> 89 -> 65,4,2,1,66.67%,80.00%,72.73%
continuous_1481_S7_strategy2.npz,104 -> 86 -> 13 -> 75 -> 46,104 -> 86 -> 13 -> 75 -> 46,5,0,0,100.00%,100.00%,100.00%
continuous_1482_S7_strategy2.npz,52 -> 100 -> 2 -> 16 -> 23,52 -> 100 -> 2 -> 16 -> 27 -> 23,5,1,0,83.33%,100.00%,90.91%
continuous_1483_S7_strategy2.npz,5 -> 25 -> 80 -> 51 -> 56,5 -> 25 -> 14 -> 80 -> 51 -> 56,4,2,1,66.67%,80.00%,72.73%
continuous_1484_S7_strategy2.npz,86 -> 41 -> 16 -> 1 -> 58 -> 28,86 -> 30 -> 41 -> 39 -> 16 -> 77 -> 1 -> 42 -> 58 -> 28,6,4,0,60.00%,100.00%,75.00%
continuous_1485_S7_strategy2.npz,11 -> 68 -> 27 -> 56 -> 43 -> 78,11 -> 63 -> 68 -> 27 -> 56 -> 43 -> 59 -> 78,5,3,1,62.50%,83.33%,71.43%
continuous_1486_S7_strategy2.npz,6 -> 51 -> 94 -> 58 -> 18,6 -> 51 -> 84 -> 94 -> 13 -> 58 -> 18,4,3,1,57.14%,80.00%,66.67%
continuous_1487_S7_strategy2.npz,66 -> 43 -> 92 -> 2 -> 82,39 -> 43 -> 92 -> 2 -> 82,4,1,1,80.00%,80.00%,80.00%
continuous_1488_S7_strategy2.npz,18 -> 30 -> 77 -> 0 -> 67 -> 25 -> 46,18 -> 97 -> 30 -> 77 -> 0 -> 67 -> 25 -> 46,6,2,1,75.00%,85.71%,80.00%
continuous_1489_S7_strategy2.npz,34 -> 6 -> 99 -> 77 -> 19,34 -> 31 -> 6 -> 99 -> 77 -> 19,5,1,0,83.33%,100.00%,90.91%
continuous_1490_S7_strategy2.npz,66 -> 88 -> 4 -> 18 -> 96 -> 47 -> 26,66 -> 88 -> 4 -> 85 -> 18 -> 96 -> 47 -> 26,6,2,1,75.00%,85.71%,80.00%
continuous_1491_S7_strategy2.npz,71 -> 45 -> 89 -> 39 -> 57 -> 22,71 -> 45 -> 98 -> 89 -> 39 -> 57 -> 22,4,3,2,57.14%,66.67%,61.54%
continuous_1492_S7_strategy2.npz,8 -> 53 -> 40 -> 18 -> 97 -> 85 -> 84,8 -> 53 -> 40 -> 18 -> 97 -> 85 -> 84,5,2,2,71.43%,71.43%,71.43%
continuous_1493_S7_strategy2.npz,45 -> 34 -> 68 -> 15 -> 80 -> 8 -> 85,45 -> 30 -> 34 -> 68 -> 98 -> 15 -> 80 -> 8 -> 85,6,3,1,66.67%,85.71%,75.00%
continuous_1494_S7_strategy2.npz,83 -> 52 -> 45 -> 100 -> 16 -> 36,83 -> 48 -> 52 -> 45 -> 97 -> 100 -> 16 -> 36,6,2,0,75.00%,100.00%,85.71%
continuous_1495_S7_strategy2.npz,39 -> 93 -> 103 -> 56 -> 9,39 -> 40 -> 93 -> 103 -> 56 -> 9,5,1,0,83.33%,100.00%,90.91%
continuous_1496_S7_strategy2.npz,62 -> 5 -> 90 -> 35 -> 16 -> 57,62 -> 5 -> 4 -> 90 -> 96 -> 35 -> 16 -> 57,5,3,1,62.50%,83.33%,71.43%
continuous_1497_S7_strategy2.npz,31 -> 29 -> 13 -> 55 -> 103,31 -> 81 -> 29 -> 12 -> 13 -> 55 -> 99 -> 103,5,3,0,62.50%,100.00%,76.92%
continuous_1498_S7_strategy2.npz,54 -> 12 -> 39 -> 20 -> 93 -> 62 -> 100,54 -> 55 -> 12 -> 39 -> 32 -> 39 -> 20 -> 93 -> 62 -> 100,6,4,1,60.00%,85.71%,70.59%
continuous_1499_S7_strategy2.npz,36 -> 76 -> 69 -> 26 -> 7 -> 96,36 -> 89 -> 69 -> 26 -> 7 -> 96,4,2,2,66.67%,66.67%,66.67%
continuous_1500_S7_strategy2.npz,9 -> 43 -> 92 -> 24 -> 37 -> 18,9 -> 29 -> 43 -> 92 -> 68 -> 24 -> 37 -> 30 -> 74 -> 18,4,6,2,40.00%,66.67%,50.00%
continuous_1501_S7_strategy2.npz,54 -> 38 -> 45 -> 72 -> 24 -> 14,54 -> 55 -> 38 -> 45 -> 98 -> 72 -> 24 -> 14,6,2,0,75.00%,100.00%,85.71%
continuous_1502_S7_strategy2.npz,26 -> 4 -> 83 -> 11 -> 68,26 -> 4 -> 83 -> 11 -> 68,5,0,0,100.00%,100.00%,100.00%
continuous_1503_S7_strategy2.npz,44 -> 58 -> 90 -> 6 -> 101,44 -> 25 -> 58 -> 90 -> 93 -> 6 -> 101,5,2,0,71.43%,100.00%,83.33%
continuous_1504_S7_strategy2.npz,11 -> 27 -> 37 -> 66 -> 99,11 -> 15 -> 27 -> 14 -> 37 -> 34 -> 66 -> 99,4,4,1,50.00%,80.00%,61.54%
continuous_1505_S7_strategy2.npz,27 -> 51 -> 36 -> 89 -> 3 -> 100 -> 55,27 -> 51 -> 59 -> 36 -> 89 -> 3 -> 100 -> 97 -> 55,5,4,2,55.56%,71.43%,62.50%
continuous_1506_S7_strategy2.npz,45 -> 53 -> 103 -> 63 -> 26,45 -> 53 -> 103 -> 63 -> 15 -> 26,5,1,0,83.33%,100.00%,90.91%
continuous_1507_S7_strategy2.npz,64 -> 41 -> 82 -> 50 -> 96 -> 13 -> 55,64 -> 79 -> 41 -> 69 -> 82 -> 50 -> 96 -> 12 -> 13 -> 55,7,3,0,70.00%,100.00%,82.35%
continuous_1508_S7_strategy2.npz,53 -> 10 -> 78 -> 91 -> 32,53 -> 10 -> 78 -> 91 -> 30 -> 32,5,1,0,83.33%,100.00%,90.91%
continuous_1509_S7_strategy2.npz,40 -> 104 -> 3 -> 75 -> 27,104 -> 3 -> 75 -> 27,4,0,1,100.00%,80.00%,88.89%
continuous_1510_S7_strategy2.npz,25 -> 93 -> 12 -> 60 -> 84,25 -> 93 -> 12 -> 60 -> 84,5,0,0,100.00%,100.00%,100.00%
continuous_1511_S7_strategy2.npz,2 -> 68 -> 48 -> 90 -> 27,2 -> 57 -> 68 -> 48 -> 90 -> 27,5,1,0,83.33%,100.00%,90.91%
continuous_1512_S7_strategy2.npz,70 -> 92 -> 51 -> 33 -> 19 -> 29,70 -> 92 -> 51 -> 33 -> 19 -> 29,6,0,0,100.00%,100.00%,100.00%
continuous_1513_S7_strategy2.npz,35 -> 69 -> 75 -> 1 -> 18 -> 96 -> 28,35 -> 69 -> 75 -> 1 -> 63 -> 18 -> 96 -> 28,7,1,0,87.50%,100.00%,93.33%
continuous_1514_S7_strategy2.npz,101 -> 87 -> 64 -> 52 -> 40,101 -> 87 -> 64 -> 79 -> 52 -> 61 -> 40,3,4,2,42.86%,60.00%,50.00%
continuous_1515_S7_strategy2.npz,16 -> 44 -> 75 -> 62 -> 9 -> 95 -> 52,16 -> 44 -> 75 -> 62 -> 9 -> 95 -> 52,5,2,2,71.43%,71.43%,71.43%
continuous_1516_S7_strategy2.npz,60 -> 4 -> 47 -> 32 -> 84,60 -> 4 -> 47 -> 30 -> 32 -> 30 -> 84,4,3,1,57.14%,80.00%,66.67%
continuous_1517_S7_strategy2.npz,48 -> 14 -> 85 -> 67 -> 53 -> 35 -> 102,48 -> 14 -> 85 -> 74 -> 67 -> 53 -> 35 -> 102,7,1,0,87.50%,100.00%,93.33%
continuous_1518_S7_strategy2.npz,0 -> 28 -> 98 -> 31 -> 60,0 -> 27 -> 28 -> 14 -> 98 -> 31 -> 60,5,2,0,71.43%,100.00%,83.33%
continuous_1519_S7_strategy2.npz,29 -> 83 -> 31 -> 15 -> 62,29 -> 83 -> 81 -> 31 -> 15 -> 62,5,1,0,83.33%,100.00%,90.91%
continuous_1520_S7_strategy2.npz,25 -> 15 -> 92 -> 31 -> 79 -> 68,25 -> 26 -> 14 -> 15 -> 92 -> 31 -> 79 -> 63 -> 68,6,3,0,66.67%,100.00%,80.00%
continuous_1521_S7_strategy2.npz,80 -> 99 -> 62 -> 3 -> 50 -> 29 -> 41,80 -> 99 -> 62 -> 3 -> 50 -> 29 -> 41,6,1,1,85.71%,85.71%,85.71%
continuous_1522_S7_strategy2.npz,31 -> 75 -> 96 -> 50 -> 19 -> 58 -> 88,31 -> 75 -> 96 -> 98 -> 50 -> 29 -> 66 -> 19 -> 66 -> 58 -> 88,4,7,3,36.36%,57.14%,44.44%
continuous_1523_S7_strategy2.npz,10 -> 77 -> 99 -> 94 -> 44,10 -> 11 -> 77 -> 99 -> 90 -> 94 -> 44,4,3,1,57.14%,80.00%,66.67%
continuous_1524_S7_strategy2.npz,15 -> 21 -> 43 -> 56 -> 7 -> 70,15 -> 21 -> 43 -> 56 -> 7 -> 70,6,0,0,100.00%,100.00%,100.00%
continuous_1525_S7_strategy2.npz,46 -> 88 -> 24 -> 16 -> 33 -> 60 -> 4,46 -> 88 -> 77 -> 24 -> 99 -> 16 -> 33 -> 6 -> 60 -> 4,6,4,1,60.00%,85.71%,70.59%
continuous_1526_S7_strategy2.npz,57 -> 43 -> 2 -> 63 -> 72 -> 20,57 -> 43 -> 2 -> 63 -> 72 -> 53 -> 20,6,1,0,85.71%,100.00%,92.31%
continuous_1527_S7_strategy2.npz,73 -> 86 -> 19 -> 98 -> 55,73 -> 86 -> 19 -> 20 -> 98 -> 59 -> 55,4,3,1,57.14%,80.00%,66.67%
continuous_1528_S7_strategy2.npz,67 -> 8 -> 24 -> 103 -> 73,67 -> 8 -> 1 -> 24 -> 103 -> 73,4,2,1,66.67%,80.00%,72.73%
continuous_1529_S7_strategy2.npz,47 -> 18 -> 25 -> 104 -> 74 -> 65,47 -> 74 -> 18 -> 25 -> 104 -> 98 -> 81 -> 65,5,3,1,62.50%,83.33%,71.43%
continuous_1530_S7_strategy2.npz,75 -> 29 -> 8 -> 10 -> 49 -> 64 -> 85,75 -> 29 -> 98 -> 8 -> 77 -> 10 -> 49 -> 12 -> 64 -> 60 -> 85,7,4,0,63.64%,100.00%,77.78%
continuous_1531_S7_strategy2.npz,8 -> 20 -> 54 -> 92 -> 79 -> 99,8 -> 20 -> 53 -> 54 -> 92 -> 79 -> 99,5,2,1,71.43%,83.33%,76.92%
continuous_1532_S7_strategy2.npz,89 -> 54 -> 45 -> 13 -> 75,89 -> 54 -> 45 -> 13 -> 75,5,0,0,100.00%,100.00%,100.00%
continuous_1533_S7_strategy2.npz,25 -> 67 -> 81 -> 13 -> 42,25 -> 67 -> 81 -> 12 -> 13 -> 14 -> 42,3,4,2,42.86%,60.00%,50.00%
continuous_1534_S7_strategy2.npz,70 -> 21 -> 6 -> 60 -> 51 -> 96,70 -> 21 -> 6 -> 60 -> 51 -> 96,6,0,0,100.00%,100.00%,100.00%
continuous_1535_S7_strategy2.npz,45 -> 77 -> 23 -> 64 -> 38,45 -> 77 -> 1 -> 23 -> 64 -> 65 -> 38,3,4,2,42.86%,60.00%,50.00%
continuous_1536_S7_strategy2.npz,0 -> 63 -> 33 -> 48 -> 19,0 -> 63 -> 101 -> 16 -> 33 -> 48 -> 19,4,3,1,57.14%,80.00%,66.67%
continuous_1537_S7_strategy2.npz,17 -> 49 -> 74 -> 104 -> 34 -> 28,17 -> 4 -> 49 -> 74 -> 81 -> 104 -> 98 -> 34 -> 28,5,4,1,55.56%,83.33%,66.67%
continuous_1538_S7_strategy2.npz,31 -> 43 -> 8 -> 26 -> 60 -> 15,31 -> 30 -> 43 -> 8 -> 26 -> 60 -> 15,6,1,0,85.71%,100.00%,92.31%
continuous_1539_S7_strategy2.npz,103 -> 10 -> 54 -> 67 -> 42 -> 9 -> 23,103 -> 10 -> 54 -> 55 -> 67 -> 42 -> 9 -> 23,7,1,0,87.50%,100.00%,93.33%
continuous_1540_S7_strategy2.npz,41 -> 88 -> 42 -> 0 -> 13,41 -> 88 -> 42 -> 0 -> 13,4,1,1,80.00%,80.00%,80.00%
continuous_1541_S7_strategy2.npz,48 -> 7 -> 59 -> 69 -> 101,48 -> 7 -> 59 -> 70 -> 69 -> 101,4,2,1,66.67%,80.00%,72.73%
continuous_1542_S7_strategy2.npz,53 -> 44 -> 29 -> 11 -> 91 -> 9,53 -> 44 -> 29 -> 98 -> 10 -> 11 -> 91 -> 9,5,3,1,62.50%,83.33%,71.43%
continuous_1543_S7_strategy2.npz,48 -> 82 -> 63 -> 15 -> 98 -> 7,48 -> 82 -> 63 -> 15 -> 98 -> 4 -> 7,4,3,2,57.14%,66.67%,61.54%
continuous_1544_S7_strategy2.npz,74 -> 59 -> 70 -> 86 -> 26 -> 100 -> 6,74 -> 59 -> 70 -> 85 -> 86 -> 26 -> 100 -> 6,5,3,2,62.50%,71.43%,66.67%
continuous_1545_S7_strategy2.npz,55 -> 33 -> 68 -> 51 -> 98,55 -> 33 -> 68 -> 51 -> 15 -> 98,5,1,0,83.33%,100.00%,90.91%
continuous_1546_S7_strategy2.npz,23 -> 33 -> 13 -> 50 -> 71 -> 6,23 -> 33 -> 30 -> 12 -> 13 -> 50 -> 29 -> 71 -> 6,6,3,0,66.67%,100.00%,80.00%
continuous_1547_S7_strategy2.npz,13 -> 104 -> 1 -> 86 -> 46 -> 79 -> 38,13 -> 104 -> 1 -> 3 -> 86 -> 46 -> 27 -> 79,3,5,4,37.50%,42.86%,40.00%
continuous_1548_S7_strategy2.npz,44 -> 16 -> 5 -> 55 -> 90 -> 68,44 -> 25 -> 16 -> 5 -> 55 -> 90 -> 86 -> 68,5,3,1,62.50%,83.33%,71.43%
continuous_1549_S7_strategy2.npz,73 -> 8 -> 93 -> 60 -> 11 -> 65 -> 98,73 -> 8 -> 93 -> 6 -> 60 -> 11 -> 65 -> 60 -> 98,3,6,4,33.33%,42.86%,37.50%
continuous_1550_S7_strategy2.npz,88 -> 60 -> 24 -> 6 -> 11,88 -> 60 -> 24 -> 71 -> 6 -> 11,5,1,0,83.33%,100.00%,90.91%
continuous_1551_S7_strategy2.npz,10 -> 90 -> 48 -> 100 -> 69 -> 9,10 -> 90 -> 48 -> 100 -> 36 -> 69 -> 9,6,1,0,85.71%,100.00%,92.31%
continuous_1552_S7_strategy2.npz,65 -> 10 -> 44 -> 85 -> 96,65 -> 79 -> 10 -> 11 -> 44 -> 85 -> 96,5,2,0,71.43%,100.00%,83.33%
continuous_1553_S7_strategy2.npz,83 -> 41 -> 29 -> 63 -> 6,83 -> 33 -> 41 -> 29 -> 63 -> 6,5,1,0,83.33%,100.00%,90.91%
continuous_1554_S7_strategy2.npz,25 -> 14 -> 32 -> 104 -> 5,25 -> 97 -> 14 -> 30 -> 32 -> 104 -> 103 -> 1 -> 5,4,5,1,44.44%,80.00%,57.14%
continuous_1555_S7_strategy2.npz,28 -> 18 -> 46 -> 4 -> 61 -> 102,28 -> 97 -> 18 -> 46 -> 4 -> 85 -> 61 -> 53 -> 102,5,4,1,55.56%,83.33%,66.67%
continuous_1556_S7_strategy2.npz,60 -> 36 -> 86 -> 66 -> 4 -> 76,60 -> 36 -> 33 -> 86 -> 66 -> 4 -> 76,6,1,0,85.71%,100.00%,92.31%
continuous_1557_S7_strategy2.npz,93 -> 4 -> 50 -> 66 -> 41 -> 97,93 -> 4 -> 85 -> 50 -> 98 -> 66 -> 41 -> 97,4,4,2,50.00%,66.67%,57.14%
continuous_1558_S7_strategy2.npz,87 -> 82 -> 8 -> 71 -> 22,87 -> 77 -> 82 -> 8 -> 71 -> 67 -> 22,5,2,0,71.43%,100.00%,83.33%
continuous_1559_S7_strategy2.npz,47 -> 58 -> 6 -> 67 -> 97 -> 38,47 -> 58 -> 14 -> 6 -> 38 -> 67 -> 97 -> 38,5,3,1,62.50%,83.33%,71.43%
continuous_1560_S7_strategy2.npz,69 -> 16 -> 50 -> 78 -> 91 -> 22,69 -> 16 -> 50 -> 29 -> 78 -> 91 -> 22,6,1,0,85.71%,100.00%,92.31%
continuous_1561_S7_strategy2.npz,16 -> 94 -> 22 -> 63 -> 9 -> 82,16 -> 90 -> 94 -> 22 -> 14 -> 63 -> 81 -> 9 -> 82,5,4,1,55.56%,83.33%,66.67%
continuous_1562_S7_strategy2.npz,93 -> 41 -> 56 -> 28 -> 2 -> 43,93 -> 41 -> 56 -> 28 -> 2 -> 43,5,1,1,83.33%,83.33%,83.33%
continuous_1563_S7_strategy2.npz,63 -> 46 -> 7 -> 95 -> 93 -> 53,63 -> 46 -> 7 -> 95 -> 81 -> 93 -> 53,6,1,0,85.71%,100.00%,92.31%
continuous_1564_S7_strategy2.npz,100 -> 28 -> 66 -> 61 -> 81 -> 50,100 -> 1 -> 28 -> 25 -> 66 -> 61 -> 53 -> 81 -> 98 -> 50,6,4,0,60.00%,100.00%,75.00%
continuous_1565_S7_strategy2.npz,19 -> 94 -> 102 -> 83 -> 59 -> 50 -> 21,19 -> 90 -> 94 -> 98 -> 102 -> 83 -> 59 -> 50 -> 29 -> 66 -> 21,6,5,1,54.55%,85.71%,66.67%
continuous_1566_S7_strategy2.npz,8 -> 66 -> 90 -> 24 -> 16 -> 103 -> 46,8 -> 66 -> 90 -> 24 -> 16 -> 103 -> 46,6,1,1,85.71%,85.71%,85.71%
continuous_1567_S7_strategy2.npz,2 -> 97 -> 42 -> 30 -> 64,2 -> 101 -> 97 -> 42 -> 14 -> 30 -> 64,5,2,0,71.43%,100.00%,83.33%
continuous_1568_S7_strategy2.npz,5 -> 19 -> 53 -> 100 -> 68 -> 76 -> 31,5 -> 66 -> 19 -> 20 -> 53 -> 100 -> 92 -> 68 -> 95 -> 76 -> 31,7,4,0,63.64%,100.00%,77.78%
continuous_1569_S7_strategy2.npz,47 -> 14 -> 61 -> 71 -> 41 -> 99,47 -> 14 -> 61 -> 71 -> 41 -> 99,6,0,0,100.00%,100.00%,100.00%
continuous_1570_S7_strategy2.npz,12 -> 48 -> 95 -> 28 -> 70 -> 7 -> 90,12 -> 48 -> 95 -> 28 -> 27 -> 70 -> 7 -> 90,7,1,0,87.50%,100.00%,93.33%
continuous_1571_S7_strategy2.npz,104 -> 24 -> 30 -> 68 -> 93,104 -> 103 -> 24 -> 30 -> 68 -> 93,5,1,0,83.33%,100.00%,90.91%
continuous_1572_S7_strategy2.npz,90 -> 70 -> 29 -> 19 -> 36 -> 51,90 -> 96 -> 70 -> 29 -> 19 -> 30 -> 36 -> 51,5,3,1,62.50%,83.33%,71.43%
continuous_1573_S7_strategy2.npz,85 -> 82 -> 11 -> 66 -> 29 -> 51,85 -> 82 -> 11 -> 66 -> 29 -> 51,6,0,0,100.00%,100.00%,100.00%
continuous_1574_S7_strategy2.npz,2 -> 93 -> 30 -> 95 -> 59 -> 47,2 -> 93 -> 30 -> 95 -> 59 -> 47,6,0,0,100.00%,100.00%,100.00%
continuous_1575_S7_strategy2.npz,104 -> 0 -> 66 -> 41 -> 87,104 -> 103 -> 0 -> 67 -> 66 -> 41 -> 73 -> 87,5,3,0,62.50%,100.00%,76.92%
continuous_1576_S7_strategy2.npz,53 -> 44 -> 91 -> 71 -> 1,53 -> 44 -> 91 -> 88 -> 71 -> 1,4,2,1,66.67%,80.00%,72.73%
continuous_1577_S7_strategy2.npz,3 -> 55 -> 77 -> 48 -> 32 -> 19 -> 96,3 -> 55 -> 77 -> 48 -> 32 -> 66 -> 19 -> 96,4,4,3,50.00%,57.14%,53.33%
continuous_1578_S7_strategy2.npz,52 -> 46 -> 33 -> 0 -> 25,52 -> 46 -> 16 -> 33 -> 0 -> 25,4,2,1,66.67%,80.00%,72.73%
continuous_1579_S7_strategy2.npz,80 -> 26 -> 36 -> 57 -> 4 -> 16,80 -> 1 -> 26 -> 33 -> 36 -> 57 -> 4 -> 93 -> 16,6,3,0,66.67%,100.00%,80.00%
continuous_1580_S7_strategy2.npz,9 -> 84 -> 95 -> 33 -> 19 -> 90 -> 57,9 -> 84 -> 95 -> 33 -> 43 -> 19 -> 93 -> 90 -> 87 -> 57,7,3,0,70.00%,100.00%,82.35%
continuous_1581_S7_strategy2.npz,18 -> 88 -> 73 -> 95 -> 38,18 -> 88 -> 73 -> 95 -> 38,5,0,0,100.00%,100.00%,100.00%
continuous_1582_S7_strategy2.npz,83 -> 63 -> 53 -> 1 -> 38 -> 29 -> 94,83 -> 48 -> 63 -> 67 -> 53 -> 50 -> 1 -> 27 -> 38 -> 29 -> 94,7,4,0,63.64%,100.00%,77.78%
continuous_1583_S7_strategy2.npz,5 -> 78 -> 101 -> 30 -> 20,5 -> 78 -> 101 -> 21 -> 30 -> 20,4,2,1,66.67%,80.00%,72.73%
continuous_1584_S7_strategy2.npz,53 -> 72 -> 37 -> 8 -> 101,53 -> 72 -> 33 -> 37 -> 30 -> 8 -> 2 -> 101,3,5,2,37.50%,60.00%,46.15%
continuous_1585_S7_strategy2.npz,4 -> 42 -> 29 -> 89 -> 99 -> 77 -> 10,4 -> 42 -> 15 -> 29 -> 89 -> 61 -> 99 -> 77 -> 98 -> 10,7,3,0,70.00%,100.00%,82.35%
continuous_1586_S7_strategy2.npz,15 -> 25 -> 57 -> 34 -> 4 -> 89,15 -> 1 -> 25 -> 57 -> 34 -> 4 -> 89,5,2,1,71.43%,83.33%,76.92%
continuous_1587_S7_strategy2.npz,31 -> 17 -> 63 -> 75 -> 89,31 -> 97 -> 17 -> 63 -> 75 -> 89,5,1,0,83.33%,100.00%,90.91%
continuous_1588_S7_strategy2.npz,69 -> 80 -> 21 -> 17 -> 43,69 -> 80 -> 21 -> 17 -> 43,5,0,0,100.00%,100.00%,100.00%
continuous_1589_S7_strategy2.npz,21 -> 70 -> 87 -> 99 -> 51 -> 81,21 -> 66 -> 70 -> 87 -> 77 -> 99 -> 51 -> 81,5,3,1,62.50%,83.33%,71.43%
continuous_1590_S7_strategy2.npz,63 -> 88 -> 47 -> 17 -> 32,63 -> 88 -> 47 -> 17 -> 32,5,0,0,100.00%,100.00%,100.00%
continuous_1591_S7_strategy2.npz,82 -> 34 -> 7 -> 48 -> 100 -> 52,82 -> 34 -> 7 -> 48 -> 100 -> 6 -> 52,6,1,0,85.71%,100.00%,92.31%
continuous_1592_S7_strategy2.npz,62 -> 14 -> 72 -> 2 -> 34 -> 103,62 -> 14 -> 72 -> 2 -> 101 -> 34 -> 103,5,2,1,71.43%,83.33%,76.92%
continuous_1593_S7_strategy2.npz,23 -> 8 -> 63 -> 61 -> 90,23 -> 2 -> 8 -> 51 -> 63 -> 62 -> 61 -> 90,5,3,0,62.50%,100.00%,76.92%
continuous_1594_S7_strategy2.npz,80 -> 16 -> 99 -> 58 -> 65 -> 23,80 -> 16 -> 99 -> 97 -> 58 -> 65 -> 23,4,3,2,57.14%,66.67%,61.54%
continuous_1595_S7_strategy2.npz,84 -> 18 -> 47 -> 22 -> 54 -> 99,84 -> 18 -> 92 -> 47 -> 22 -> 54 -> 55 -> 99,5,3,1,62.50%,83.33%,71.43%
continuous_1596_S7_strategy2.npz,9 -> 95 -> 11 -> 46 -> 76 -> 39,9 -> 95 -> 11 -> 46 -> 76 -> 59 -> 39,6,1,0,85.71%,100.00%,92.31%
continuous_1597_S7_strategy2.npz,22 -> 71 -> 61 -> 0 -> 92,22 -> 71 -> 61 -> 0 -> 92,5,0,0,100.00%,100.00%,100.00%
continuous_1598_S7_strategy2.npz,43 -> 60 -> 88 -> 104 -> 18 -> 28 -> 82,43 -> 59 -> 60 -> 88 -> 104 -> 18 -> 28 -> 82,7,1,0,87.50%,100.00%,93.33%
continuous_1599_S7_strategy2.npz,1 -> 66 -> 33 -> 76 -> 93 -> 52,1 -> 66 -> 2 -> 76 -> 93 -> 52,4,2,2,66.67%,66.67%,66.67%
