Transformer,,,,,,,,
File Name,Ground Truth Sequence,Predicted Sequence,TP,FP,FN,Precision,Recall,F1-score
continuous_0001_S4_strategy2.npz,9 -> 0 -> 4 -> 1 -> 6 -> 8 -> 5,9 -> 0 -> 4 -> 1 -> 6 -> 9 -> 8 -> 5,7,1,0,87.50%,100.00%,93.33%
continuous_0002_S4_strategy2.npz,1 -> 8 -> 3 -> 0 -> 4,1 -> 6 -> 8 -> 3 -> 1 -> 0 -> 0 -> 4,5,3,0,62.50%,100.00%,76.92%
continuous_0003_S4_strategy2.npz,4 -> 8 -> 2 -> 3 -> 7 -> 6 -> 0,4 -> 8 -> 2 -> 3 -> 7 -> 6 -> 0,7,0,0,100.00%,100.00%,100.00%
continuous_0004_S4_strategy2.npz,5 -> 1 -> 3 -> 0 -> 8,5 -> 1 -> 3 -> 0 -> 7 -> 8,4,2,1,66.67%,80.00%,72.73%
continuous_0005_S4_strategy2.npz,7 -> 8 -> 3 -> 1 -> 0,7 -> 8 -> 3 -> 1 -> 8 -> 0,4,2,1,66.67%,80.00%,72.73%
continuous_0006_S4_strategy2.npz,8 -> 0 -> 2 -> 5 -> 3 -> 1 -> 7,8 -> 0 -> 2 -> 5 -> 3 -> 1 -> 6 -> 7,7,1,0,87.50%,100.00%,93.33%
continuous_0007_S4_strategy2.npz,9 -> 8 -> 5 -> 0 -> 2 -> 6 -> 1,9 -> 8 -> 5 -> 2 -> 0 -> 2 -> 6 -> 1,6,2,1,75.00%,85.71%,80.00%
continuous_0008_S4_strategy2.npz,2 -> 5 -> 0 -> 3 -> 4 -> 8,2 -> 5 -> 0 -> 3 -> 4 -> 8,5,1,1,83.33%,83.33%,83.33%
continuous_0009_S4_strategy2.npz,9 -> 5 -> 3 -> 7 -> 8,9 -> 5 -> 5 -> 3 -> 7 -> 8,5,1,0,83.33%,100.00%,90.91%
continuous_0010_S4_strategy2.npz,4 -> 3 -> 8 -> 7 -> 5,4 -> 3 -> 3 -> 8 -> 9 -> 7 -> 5,5,2,0,71.43%,100.00%,83.33%
continuous_0011_S4_strategy2.npz,6 -> 0 -> 1 -> 7 -> 8,6 -> 0 -> 1 -> 7 -> 7 -> 8,5,1,0,83.33%,100.00%,90.91%
continuous_0012_S4_strategy2.npz,2 -> 1 -> 3 -> 9 -> 7 -> 6 -> 4,2 -> 1 -> 3 -> 9 -> 7 -> 6 -> 6 -> 4,7,1,0,87.50%,100.00%,93.33%
continuous_0013_S4_strategy2.npz,3 -> 4 -> 0 -> 6 -> 2,3 -> 3 -> 4 -> 0 -> 4 -> 6 -> 2,4,3,1,57.14%,80.00%,66.67%
continuous_0014_S4_strategy2.npz,6 -> 8 -> 0 -> 4 -> 1 -> 3 -> 2,6 -> 8 -> 0 -> 4 -> 1 -> 3 -> 2,7,0,0,100.00%,100.00%,100.00%
continuous_0015_S4_strategy2.npz,0 -> 8 -> 9 -> 3 -> 4 -> 5,0 -> 8 -> 9 -> 3 -> 4 -> 5,6,0,0,100.00%,100.00%,100.00%
continuous_0016_S4_strategy2.npz,8 -> 2 -> 7 -> 9 -> 4,8 -> 4 -> 2 -> 7 -> 7 -> 9 -> 4,5,2,0,71.43%,100.00%,83.33%
continuous_0017_S4_strategy2.npz,8 -> 3 -> 9 -> 5 -> 4 -> 0 -> 6,8 -> 9 -> 3 -> 7 -> 5 -> 5 -> 4 -> 7 -> 0 -> 6,6,4,1,60.00%,85.71%,70.59%
continuous_0018_S4_strategy2.npz,0 -> 5 -> 6 -> 8 -> 1 -> 7 -> 3,0 -> 5 -> 9 -> 6 -> 1 -> 8 -> 1 -> 7 -> 3 -> 3,5,5,2,50.00%,71.43%,58.82%
continuous_0019_S4_strategy2.npz,2 -> 7 -> 4 -> 6 -> 3 -> 5,2 -> 2 -> 7 -> 4 -> 6 -> 6 -> 3 -> 5,6,2,0,75.00%,100.00%,85.71%
continuous_0020_S4_strategy2.npz,6 -> 8 -> 5 -> 1 -> 3,6 -> 8 -> 5 -> 1 -> 3,5,0,0,100.00%,100.00%,100.00%
continuous_0021_S4_strategy2.npz,1 -> 9 -> 6 -> 7 -> 5,1 -> 9 -> 6 -> 7 -> 5,4,1,1,80.00%,80.00%,80.00%
continuous_0022_S4_strategy2.npz,7 -> 3 -> 0 -> 4 -> 6,7 -> 3 -> 0 -> 4 -> 6 -> 6,5,1,0,83.33%,100.00%,90.91%
continuous_0023_S4_strategy2.npz,7 -> 6 -> 3 -> 9 -> 2,7 -> 6 -> 3 -> 3 -> 9 -> 2,4,2,1,66.67%,80.00%,72.73%
continuous_0024_S4_strategy2.npz,6 -> 4 -> 0 -> 2 -> 3 -> 8,6 -> 4 -> 5 -> 0 -> 2 -> 3 -> 3 -> 8,5,3,1,62.50%,83.33%,71.43%
continuous_0025_S4_strategy2.npz,0 -> 7 -> 8 -> 5 -> 2 -> 3,0 -> 5 -> 7 -> 8 -> 5 -> 2 -> 7 -> 3,5,3,1,62.50%,83.33%,71.43%
continuous_0026_S4_strategy2.npz,2 -> 4 -> 0 -> 1 -> 8,2 -> 4 -> 2 -> 0 -> 1 -> 7 -> 8,4,3,1,57.14%,80.00%,66.67%
continuous_0027_S4_strategy2.npz,3 -> 5 -> 9 -> 4 -> 2 -> 0 -> 1,3 -> 5 -> 9 -> 4 -> 2 -> 2 -> 0 -> 1,5,3,2,62.50%,71.43%,66.67%
continuous_0028_S4_strategy2.npz,7 -> 0 -> 5 -> 6 -> 4,7 -> 0 -> 5 -> 6 -> 4,5,0,0,100.00%,100.00%,100.00%
continuous_0029_S4_strategy2.npz,2 -> 4 -> 1 -> 3 -> 8,2 -> 4 -> 1 -> 3 -> 3 -> 8,5,1,0,83.33%,100.00%,90.91%
continuous_0030_S4_strategy2.npz,9 -> 8 -> 4 -> 7 -> 5,9 -> 8 -> 4 -> 5 -> 6 -> 7 -> 5,3,4,2,42.86%,60.00%,50.00%
continuous_0031_S4_strategy2.npz,1 -> 0 -> 7 -> 2 -> 6 -> 9 -> 4,1 -> 7 -> 0 -> 0 -> 7 -> 2 -> 0 -> 6 -> 9 -> 4,5,5,2,50.00%,71.43%,58.82%
continuous_0032_S4_strategy2.npz,7 -> 0 -> 8 -> 2 -> 4,7 -> 0 -> 8 -> 2 -> 4,5,0,0,100.00%,100.00%,100.00%
continuous_0033_S4_strategy2.npz,2 -> 5 -> 4 -> 9 -> 1,2 -> 5 -> 4 -> 9 -> 6 -> 1,4,2,1,66.67%,80.00%,72.73%
continuous_0034_S4_strategy2.npz,0 -> 1 -> 6 -> 2 -> 8,0 -> 1 -> 2 -> 6 -> 6 -> 2 -> 8,4,3,1,57.14%,80.00%,66.67%
continuous_0035_S4_strategy2.npz,2 -> 0 -> 1 -> 4 -> 5,2 -> 0 -> 1 -> 4 -> 5,4,1,1,80.00%,80.00%,80.00%
continuous_0036_S4_strategy2.npz,0 -> 2 -> 1 -> 6 -> 9 -> 8 -> 3,0 -> 2 -> 2 -> 1 -> 9 -> 6 -> 9 -> 8 -> 3,7,2,0,77.78%,100.00%,87.50%
continuous_0037_S4_strategy2.npz,2 -> 6 -> 0 -> 7 -> 3 -> 1,2 -> 6 -> 0 -> 3 -> 7 -> 3 -> 3 -> 1,6,2,0,75.00%,100.00%,85.71%
continuous_0038_S4_strategy2.npz,7 -> 2 -> 0 -> 3 -> 9,7 -> 7 -> 0 -> 3 -> 9,4,1,1,80.00%,80.00%,80.00%
continuous_0039_S4_strategy2.npz,0 -> 6 -> 2 -> 1 -> 8 -> 5 -> 9,0 -> 5 -> 6 -> 2 -> 1 -> 8 -> 5 -> 9,5,3,2,62.50%,71.43%,66.67%
continuous_0040_S4_strategy2.npz,6 -> 7 -> 4 -> 3 -> 5 -> 1,6 -> 9 -> 7 -> 4 -> 3 -> 5 -> 5 -> 1,6,2,0,75.00%,100.00%,85.71%
continuous_0041_S4_strategy2.npz,6 -> 1 -> 4 -> 2 -> 5 -> 0,6 -> 1 -> 2 -> 4 -> 2 -> 5 -> 5 -> 0,5,3,1,62.50%,83.33%,71.43%
continuous_0042_S4_strategy2.npz,1 -> 6 -> 3 -> 2 -> 4 -> 5,1 -> 6 -> 3 -> 2 -> 4 -> 5,6,0,0,100.00%,100.00%,100.00%
continuous_0043_S4_strategy2.npz,4 -> 9 -> 3 -> 7 -> 6 -> 5,4 -> 2 -> 9 -> 3 -> 7 -> 6 -> 6 -> 6 -> 5,5,4,1,55.56%,83.33%,66.67%
continuous_0044_S4_strategy2.npz,8 -> 6 -> 3 -> 0 -> 1 -> 5 -> 7,8 -> 6 -> 3 -> 0 -> 1 -> 5 -> 7,6,1,1,85.71%,85.71%,85.71%
continuous_0045_S4_strategy2.npz,8 -> 5 -> 3 -> 6 -> 4 -> 0 -> 1,8 -> 5 -> 3 -> 6 -> 6 -> 4 -> 0 -> 0 -> 1,4,5,3,44.44%,57.14%,50.00%
continuous_0046_S4_strategy2.npz,6 -> 0 -> 9 -> 8 -> 7 -> 1 -> 4,6 -> 0 -> 9 -> 7 -> 8 -> 7 -> 7 -> 1 -> 4,6,3,1,66.67%,85.71%,75.00%
continuous_0047_S4_strategy2.npz,8 -> 7 -> 3 -> 1 -> 9,8 -> 3 -> 7 -> 3 -> 1 -> 9,5,1,0,83.33%,100.00%,90.91%
continuous_0048_S4_strategy2.npz,7 -> 9 -> 1 -> 2 -> 3 -> 8 -> 5,7 -> 9 -> 1 -> 2 -> 3 -> 7 -> 5,5,2,2,71.43%,71.43%,71.43%
continuous_0049_S4_strategy2.npz,3 -> 9 -> 2 -> 4 -> 6,3 -> 9 -> 2 -> 4 -> 4 -> 9 -> 6,4,3,1,57.14%,80.00%,66.67%
continuous_0050_S4_strategy2.npz,6 -> 2 -> 7 -> 3 -> 0,6 -> 5 -> 2 -> 7 -> 3 -> 5 -> 0,5,2,0,71.43%,100.00%,83.33%
continuous_0051_S4_strategy2.npz,6 -> 3 -> 0 -> 9 -> 8 -> 4,6 -> 3 -> 3 -> 0 -> 6 -> 7 -> 9 -> 8 -> 8 -> 4,5,5,1,50.00%,83.33%,62.50%
continuous_0052_S4_strategy2.npz,1 -> 3 -> 9 -> 6 -> 2 -> 7,1 -> 3 -> 3 -> 9 -> 6 -> 2 -> 7,6,1,0,85.71%,100.00%,92.31%
continuous_0053_S4_strategy2.npz,7 -> 2 -> 0 -> 6 -> 5 -> 4 -> 1,7 -> 2 -> 0 -> 6 -> 1 -> 5 -> 4 -> 1,5,3,2,62.50%,71.43%,66.67%
continuous_0054_S4_strategy2.npz,7 -> 3 -> 8 -> 2 -> 0,7 -> 3 -> 8 -> 6 -> 2 -> 1 -> 0,2,5,3,28.57%,40.00%,33.33%
continuous_0055_S4_strategy2.npz,9 -> 2 -> 4 -> 3 -> 0 -> 6,9 -> 2 -> 4 -> 3 -> 0 -> 5 -> 6,4,3,2,57.14%,66.67%,61.54%
continuous_0056_S4_strategy2.npz,7 -> 6 -> 8 -> 1 -> 9 -> 5 -> 0,7 -> 6 -> 8 -> 1 -> 9 -> 5 -> 0,7,0,0,100.00%,100.00%,100.00%
continuous_0057_S4_strategy2.npz,0 -> 9 -> 6 -> 4 -> 2 -> 5,0 -> 5 -> 9 -> 6 -> 4 -> 2 -> 5,6,1,0,85.71%,100.00%,92.31%
continuous_0058_S4_strategy2.npz,5 -> 0 -> 8 -> 9 -> 6 -> 1,5 -> 0 -> 8 -> 9 -> 6 -> 1,6,0,0,100.00%,100.00%,100.00%
continuous_0059_S4_strategy2.npz,2 -> 3 -> 1 -> 6 -> 0 -> 4 -> 9,2 -> 3 -> 1 -> 6 -> 0 -> 2 -> 9,4,3,3,57.14%,57.14%,57.14%
continuous_0060_S4_strategy2.npz,6 -> 1 -> 7 -> 5 -> 8,6 -> 1 -> 7 -> 5 -> 9 -> 8,5,1,0,83.33%,100.00%,90.91%
continuous_0061_S4_strategy2.npz,3 -> 5 -> 4 -> 2 -> 8 -> 7 -> 9,3 -> 5 -> 4 -> 4 -> 1 -> 2 -> 8 -> 7 -> 9,6,3,1,66.67%,85.71%,75.00%
continuous_0062_S4_strategy2.npz,9 -> 5 -> 3 -> 2 -> 0 -> 6,9 -> 5 -> 3 -> 2 -> 0 -> 6,5,1,1,83.33%,83.33%,83.33%
continuous_0063_S4_strategy2.npz,7 -> 4 -> 0 -> 1 -> 8 -> 9,7 -> 7 -> 0 -> 0 -> 1 -> 8 -> 9,4,3,2,57.14%,66.67%,61.54%
continuous_0064_S4_strategy2.npz,7 -> 0 -> 5 -> 8 -> 2 -> 6 -> 9,7 -> 0 -> 5 -> 8 -> 2 -> 6 -> 4 -> 7,5,3,2,62.50%,71.43%,66.67%
continuous_0065_S4_strategy2.npz,8 -> 7 -> 9 -> 3 -> 4 -> 5,8 -> 7 -> 0 -> 9 -> 3 -> 6 -> 4 -> 5 -> 5,4,5,2,44.44%,66.67%,53.33%
continuous_0066_S4_strategy2.npz,9 -> 2 -> 3 -> 0 -> 1 -> 4,9 -> 2 -> 2 -> 3 -> 6 -> 0 -> 1 -> 4,5,3,1,62.50%,83.33%,71.43%
continuous_0067_S4_strategy2.npz,1 -> 9 -> 0 -> 2 -> 4 -> 8,1 -> 9 -> 6 -> 0 -> 2 -> 1 -> 4 -> 8,5,3,1,62.50%,83.33%,71.43%
continuous_0068_S4_strategy2.npz,4 -> 9 -> 6 -> 8 -> 0 -> 2 -> 7,4 -> 9 -> 6 -> 8 -> 0 -> 7 -> 2 -> 7,7,1,0,87.50%,100.00%,93.33%
continuous_0069_S4_strategy2.npz,2 -> 5 -> 9 -> 0 -> 7 -> 1,2 -> 5 -> 9 -> 0 -> 7 -> 1,5,1,1,83.33%,83.33%,83.33%
continuous_0070_S4_strategy2.npz,0 -> 4 -> 1 -> 9 -> 2,0 -> 4 -> 1 -> 6 -> 9 -> 2,5,1,0,83.33%,100.00%,90.91%
continuous_0071_S4_strategy2.npz,3 -> 8 -> 5 -> 6 -> 2 -> 7 -> 9,3 -> 3 -> 8 -> 5 -> 6 -> 2 -> 7 -> 9,7,1,0,87.50%,100.00%,93.33%
continuous_0072_S4_strategy2.npz,6 -> 1 -> 7 -> 3 -> 4,6 -> 1 -> 7 -> 1 -> 3 -> 4,5,1,0,83.33%,100.00%,90.91%
continuous_0073_S4_strategy2.npz,9 -> 1 -> 7 -> 0 -> 4 -> 2,9 -> 1 -> 7 -> 0 -> 5 -> 4 -> 2,4,3,2,57.14%,66.67%,61.54%
continuous_0074_S4_strategy2.npz,4 -> 0 -> 9 -> 6 -> 3 -> 1,4 -> 2 -> 0 -> 8 -> 9 -> 7 -> 6 -> 6 -> 3 -> 3 -> 1,6,5,0,54.55%,100.00%,70.59%
continuous_0075_S4_strategy2.npz,2 -> 4 -> 0 -> 8 -> 3,2 -> 2 -> 4 -> 0 -> 5 -> 8 -> 3 -> 3,5,3,0,62.50%,100.00%,76.92%
continuous_0076_S4_strategy2.npz,4 -> 9 -> 0 -> 7 -> 3 -> 8,4 -> 9 -> 0 -> 0 -> 9 -> 7 -> 3 -> 3 -> 8,4,5,2,44.44%,66.67%,53.33%
continuous_0077_S4_strategy2.npz,5 -> 3 -> 6 -> 1 -> 0,5 -> 3 -> 6 -> 1 -> 7 -> 0,4,2,1,66.67%,80.00%,72.73%
continuous_0078_S4_strategy2.npz,3 -> 7 -> 4 -> 5 -> 0 -> 2 -> 8,3 -> 7 -> 4 -> 5 -> 0 -> 5 -> 2 -> 8,6,2,1,75.00%,85.71%,80.00%
continuous_0079_S4_strategy2.npz,7 -> 9 -> 6 -> 5 -> 2,7 -> 9 -> 6 -> 6 -> 5 -> 6 -> 2,4,3,1,57.14%,80.00%,66.67%
continuous_0080_S4_strategy2.npz,1 -> 9 -> 5 -> 6 -> 3 -> 4,1 -> 6 -> 9 -> 5 -> 6 -> 3 -> 4,5,2,1,71.43%,83.33%,76.92%
continuous_0081_S4_strategy2.npz,7 -> 3 -> 9 -> 5 -> 8,7 -> 3 -> 9 -> 5 -> 7 -> 8,4,2,1,66.67%,80.00%,72.73%
continuous_0082_S4_strategy2.npz,5 -> 7 -> 0 -> 1 -> 4 -> 9,5 -> 7 -> 2 -> 0 -> 8 -> 1 -> 1 -> 4 -> 9,3,6,3,33.33%,50.00%,40.00%
continuous_0083_S4_strategy2.npz,6 -> 5 -> 0 -> 3 -> 9 -> 1 -> 7,6 -> 5 -> 0 -> 3 -> 3 -> 6 -> 9 -> 1 -> 7,6,3,1,66.67%,85.71%,75.00%
continuous_0084_S4_strategy2.npz,3 -> 1 -> 7 -> 4 -> 9 -> 8,3 -> 1 -> 7 -> 7 -> 4 -> 9 -> 7 -> 8,6,2,0,75.00%,100.00%,85.71%
continuous_0085_S4_strategy2.npz,0 -> 8 -> 5 -> 6 -> 4 -> 2,0 -> 7 -> 8 -> 5 -> 6 -> 4 -> 2,6,1,0,85.71%,100.00%,92.31%
continuous_0086_S4_strategy2.npz,9 -> 6 -> 7 -> 4 -> 3 -> 5 -> 8,9 -> 9 -> 6 -> 7 -> 4 -> 3 -> 1 -> 5 -> 8,7,2,0,77.78%,100.00%,87.50%
continuous_0087_S4_strategy2.npz,9 -> 6 -> 5 -> 3 -> 7,9 -> 6 -> 5 -> 4 -> 3 -> 3 -> 7,5,2,0,71.43%,100.00%,83.33%
continuous_0088_S4_strategy2.npz,3 -> 8 -> 1 -> 6 -> 5 -> 0 -> 9,3 -> 3 -> 8 -> 1 -> 6 -> 5 -> 0 -> 9,6,2,1,75.00%,85.71%,80.00%
continuous_0089_S4_strategy2.npz,9 -> 5 -> 4 -> 7 -> 8,9 -> 5 -> 4 -> 5 -> 7 -> 7 -> 8,3,4,2,42.86%,60.00%,50.00%
continuous_0090_S4_strategy2.npz,4 -> 7 -> 9 -> 8 -> 0 -> 1,4 -> 7 -> 9 -> 8 -> 0 -> 1,6,0,0,100.00%,100.00%,100.00%
continuous_0091_S4_strategy2.npz,8 -> 9 -> 5 -> 7 -> 2 -> 1,8 -> 9 -> 5 -> 7 -> 2 -> 1,6,0,0,100.00%,100.00%,100.00%
continuous_0092_S4_strategy2.npz,1 -> 2 -> 5 -> 3 -> 6 -> 4,1 -> 2 -> 5 -> 3 -> 6 -> 6 -> 0 -> 4,3,5,3,37.50%,50.00%,42.86%
continuous_0093_S4_strategy2.npz,3 -> 6 -> 1 -> 8 -> 4 -> 7 -> 5,3 -> 6 -> 5 -> 1 -> 8 -> 4 -> 7 -> 5,7,1,0,87.50%,100.00%,93.33%
continuous_0094_S4_strategy2.npz,4 -> 8 -> 7 -> 0 -> 2 -> 3,4 -> 8 -> 7 -> 0 -> 2 -> 2 -> 3 -> 3,4,4,2,50.00%,66.67%,57.14%
continuous_0095_S4_strategy2.npz,4 -> 0 -> 8 -> 6 -> 7 -> 3,4 -> 1 -> 0 -> 8 -> 8 -> 6 -> 7 -> 3 -> 3,4,5,2,44.44%,66.67%,53.33%
continuous_0096_S4_strategy2.npz,5 -> 0 -> 4 -> 6 -> 2 -> 9 -> 8,5 -> 0 -> 7 -> 9 -> 4 -> 6 -> 2 -> 1 -> 9 -> 8,5,5,2,50.00%,71.43%,58.82%
continuous_0097_S4_strategy2.npz,5 -> 0 -> 4 -> 2 -> 3,5 -> 0 -> 7 -> 4 -> 2 -> 2 -> 2 -> 3,4,4,1,50.00%,80.00%,61.54%
continuous_0098_S4_strategy2.npz,5 -> 3 -> 8 -> 1 -> 6 -> 7 -> 2,5 -> 3 -> 8 -> 1 -> 6 -> 7 -> 7 -> 2,6,2,1,75.00%,85.71%,80.00%
continuous_0099_S4_strategy2.npz,7 -> 9 -> 2 -> 5 -> 4,7 -> 9 -> 6 -> 2 -> 5 -> 0 -> 4,4,3,1,57.14%,80.00%,66.67%
continuous_0100_S4_strategy2.npz,8 -> 3 -> 0 -> 5 -> 6,8 -> 3 -> 0 -> 5 -> 5 -> 6,5,1,0,83.33%,100.00%,90.91%
continuous_0101_S4_strategy2.npz,6 -> 9 -> 2 -> 7 -> 4 -> 5,6 -> 9 -> 2 -> 7 -> 4 -> 5,6,0,0,100.00%,100.00%,100.00%
continuous_0102_S4_strategy2.npz,5 -> 2 -> 0 -> 7 -> 9 -> 3 -> 1,5 -> 2 -> 2 -> 0 -> 9 -> 7 -> 9 -> 3 -> 1,6,3,1,66.67%,85.71%,75.00%
continuous_0103_S4_strategy2.npz,8 -> 3 -> 6 -> 9 -> 2,8 -> 3 -> 3 -> 5 -> 6 -> 1 -> 9 -> 1 -> 2,5,4,0,55.56%,100.00%,71.43%
continuous_0104_S4_strategy2.npz,6 -> 8 -> 1 -> 0 -> 2 -> 7,6 -> 7 -> 8 -> 1 -> 2 -> 0 -> 0 -> 2 -> 7,6,3,0,66.67%,100.00%,80.00%
continuous_0105_S4_strategy2.npz,3 -> 0 -> 5 -> 8 -> 9,3 -> 0 -> 6 -> 5 -> 8 -> 9,5,1,0,83.33%,100.00%,90.91%
continuous_0106_S4_strategy2.npz,6 -> 3 -> 8 -> 2 -> 0,6 -> 3 -> 3 -> 8 -> 2 -> 1 -> 0,4,3,1,57.14%,80.00%,66.67%
continuous_0107_S4_strategy2.npz,6 -> 8 -> 1 -> 3 -> 9,6 -> 8 -> 1 -> 1 -> 3 -> 7,3,3,2,50.00%,60.00%,54.55%
continuous_0108_S4_strategy2.npz,4 -> 6 -> 1 -> 9 -> 2 -> 0,4 -> 6 -> 1 -> 9 -> 2 -> 1 -> 0,6,1,0,85.71%,100.00%,92.31%
continuous_0109_S4_strategy2.npz,2 -> 1 -> 0 -> 5 -> 9,2 -> 1 -> 0 -> 0 -> 5 -> 6 -> 9,3,4,2,42.86%,60.00%,50.00%
continuous_0110_S4_strategy2.npz,0 -> 4 -> 7 -> 1 -> 9 -> 2 -> 3,0 -> 4 -> 3 -> 7 -> 1 -> 9 -> 2 -> 2 -> 3,7,2,0,77.78%,100.00%,87.50%
continuous_0111_S4_strategy2.npz,3 -> 9 -> 7 -> 6 -> 0 -> 5,3 -> 9 -> 6 -> 7 -> 6 -> 6 -> 5,4,3,2,57.14%,66.67%,61.54%
continuous_0112_S4_strategy2.npz,1 -> 0 -> 5 -> 9 -> 2,1 -> 0 -> 5 -> 9 -> 2,5,0,0,100.00%,100.00%,100.00%
continuous_0113_S4_strategy2.npz,8 -> 1 -> 9 -> 6 -> 5 -> 0,8 -> 1 -> 9 -> 6 -> 5 -> 0,6,0,0,100.00%,100.00%,100.00%
continuous_0114_S4_strategy2.npz,9 -> 3 -> 5 -> 7 -> 6,9 -> 3 -> 5 -> 7 -> 6,3,2,2,60.00%,60.00%,60.00%
continuous_0115_S4_strategy2.npz,2 -> 5 -> 3 -> 8 -> 0 -> 4 -> 9,2 -> 5 -> 3 -> 3 -> 7 -> 8 -> 0 -> 4 -> 9,7,2,0,77.78%,100.00%,87.50%
continuous_0116_S4_strategy2.npz,8 -> 0 -> 9 -> 5 -> 7,8 -> 0 -> 9 -> 5 -> 7,5,0,0,100.00%,100.00%,100.00%
continuous_0117_S4_strategy2.npz,8 -> 9 -> 0 -> 1 -> 2 -> 7 -> 4,8 -> 9 -> 0 -> 9 -> 4 -> 1 -> 2 -> 7 -> 4,7,2,0,77.78%,100.00%,87.50%
continuous_0118_S4_strategy2.npz,0 -> 1 -> 7 -> 5 -> 4 -> 3 -> 8,0 -> 1 -> 1 -> 7 -> 5 -> 4 -> 3 -> 3 -> 8,7,2,0,77.78%,100.00%,87.50%
continuous_0119_S4_strategy2.npz,7 -> 0 -> 8 -> 1 -> 3 -> 5 -> 4,7 -> 9 -> 8 -> 0 -> 1 -> 3 -> 5 -> 4,6,2,1,75.00%,85.71%,80.00%
continuous_0120_S4_strategy2.npz,7 -> 2 -> 1 -> 6 -> 5 -> 8,7 -> 2 -> 1 -> 7 -> 6 -> 5 -> 5 -> 8,5,3,1,62.50%,83.33%,71.43%
continuous_0121_S4_strategy2.npz,9 -> 0 -> 1 -> 3 -> 2,9 -> 0 -> 0 -> 1 -> 5 -> 4 -> 2,3,4,2,42.86%,60.00%,50.00%
continuous_0122_S4_strategy2.npz,4 -> 3 -> 0 -> 2 -> 8 -> 1,4 -> 1 -> 3 -> 0 -> 2 -> 2 -> 8 -> 1,5,3,1,62.50%,83.33%,71.43%
continuous_0123_S4_strategy2.npz,1 -> 7 -> 3 -> 6 -> 0,1 -> 7 -> 3 -> 6 -> 0,5,0,0,100.00%,100.00%,100.00%
continuous_0124_S4_strategy2.npz,9 -> 5 -> 0 -> 3 -> 6 -> 1,9 -> 5 -> 0 -> 3 -> 6 -> 1,6,0,0,100.00%,100.00%,100.00%
continuous_0125_S4_strategy2.npz,9 -> 5 -> 0 -> 1 -> 6 -> 3 -> 8,9 -> 5 -> 0 -> 1 -> 6 -> 3 -> 8,7,0,0,100.00%,100.00%,100.00%
continuous_0126_S4_strategy2.npz,8 -> 2 -> 6 -> 4 -> 0 -> 3 -> 9,8 -> 2 -> 1 -> 6 -> 1 -> 4 -> 0 -> 2 -> 3 -> 9,5,5,2,50.00%,71.43%,58.82%
continuous_0127_S4_strategy2.npz,3 -> 6 -> 0 -> 8 -> 4,3 -> 3 -> 2 -> 6 -> 0 -> 8 -> 4,5,2,0,71.43%,100.00%,83.33%
continuous_0128_S4_strategy2.npz,9 -> 1 -> 4 -> 2 -> 5,9 -> 1 -> 4 -> 1 -> 5,4,1,1,80.00%,80.00%,80.00%
continuous_0129_S4_strategy2.npz,4 -> 7 -> 1 -> 6 -> 2 -> 3 -> 9,4 -> 2 -> 7 -> 1 -> 1 -> 6 -> 6 -> 2 -> 2 -> 3 -> 9,4,7,3,36.36%,57.14%,44.44%
continuous_0130_S4_strategy2.npz,8 -> 5 -> 2 -> 9 -> 6 -> 7,8 -> 5 -> 2 -> 9 -> 9 -> 6 -> 7,4,3,2,57.14%,66.67%,61.54%
continuous_0131_S4_strategy2.npz,7 -> 0 -> 9 -> 8 -> 4 -> 6 -> 2,7 -> 0 -> 9 -> 8 -> 4 -> 6 -> 2,7,0,0,100.00%,100.00%,100.00%
continuous_0132_S4_strategy2.npz,6 -> 3 -> 8 -> 1 -> 4,6 -> 3 -> 7 -> 8 -> 8 -> 1 -> 4,5,2,0,71.43%,100.00%,83.33%
continuous_0133_S4_strategy2.npz,0 -> 6 -> 3 -> 7 -> 9 -> 2,0 -> 6 -> 3 -> 7 -> 9 -> 2,6,0,0,100.00%,100.00%,100.00%
continuous_0134_S4_strategy2.npz,3 -> 9 -> 5 -> 7 -> 6 -> 2 -> 8,3 -> 9 -> 5 -> 7 -> 6 -> 1 -> 2 -> 8,6,2,1,75.00%,85.71%,80.00%
continuous_0135_S4_strategy2.npz,6 -> 5 -> 2 -> 1 -> 7,6 -> 5 -> 2 -> 1 -> 1 -> 7,3,3,2,50.00%,60.00%,54.55%
continuous_0136_S4_strategy2.npz,1 -> 5 -> 8 -> 4 -> 2 -> 3 -> 6,1 -> 5 -> 8 -> 4 -> 2 -> 5 -> 3 -> 6,5,3,2,62.50%,71.43%,66.67%
continuous_0137_S4_strategy2.npz,6 -> 9 -> 8 -> 2 -> 3 -> 1 -> 5,6 -> 9 -> 8 -> 2 -> 3 -> 1 -> 5,6,1,1,85.71%,85.71%,85.71%
continuous_0138_S4_strategy2.npz,1 -> 9 -> 2 -> 7 -> 0 -> 3,1 -> 9 -> 2 -> 3 -> 7 -> 0 -> 7 -> 3,5,3,1,62.50%,83.33%,71.43%
continuous_0139_S4_strategy2.npz,9 -> 8 -> 6 -> 5 -> 2 -> 1 -> 4,9 -> 8 -> 6 -> 0 -> 5 -> 2 -> 2 -> 1 -> 4,5,4,2,55.56%,71.43%,62.50%
continuous_0140_S4_strategy2.npz,9 -> 6 -> 8 -> 4 -> 1 -> 7,9 -> 6 -> 8 -> 8 -> 9 -> 4 -> 1 -> 7,5,3,1,62.50%,83.33%,71.43%
continuous_0141_S4_strategy2.npz,1 -> 9 -> 7 -> 4 -> 8 -> 6,1 -> 9 -> 7 -> 4 -> 7 -> 8 -> 6,5,2,1,71.43%,83.33%,76.92%
continuous_0142_S4_strategy2.npz,7 -> 8 -> 0 -> 1 -> 2 -> 9,7 -> 8 -> 0 -> 1 -> 2 -> 9,5,1,1,83.33%,83.33%,83.33%
continuous_0143_S4_strategy2.npz,9 -> 5 -> 7 -> 0 -> 3,9 -> 5 -> 7 -> 0 -> 3,4,1,1,80.00%,80.00%,80.00%
continuous_0144_S4_strategy2.npz,2 -> 7 -> 5 -> 3 -> 0,2 -> 7 -> 7 -> 5 -> 3 -> 3 -> 0,4,3,1,57.14%,80.00%,66.67%
continuous_0145_S4_strategy2.npz,2 -> 3 -> 4 -> 9 -> 0 -> 7,2 -> 3 -> 4 -> 5 -> 9 -> 0 -> 8 -> 7,5,3,1,62.50%,83.33%,71.43%
continuous_0146_S4_strategy2.npz,1 -> 2 -> 6 -> 0 -> 8 -> 5 -> 9,1 -> 2 -> 6 -> 0 -> 4 -> 7 -> 8 -> 1 -> 5 -> 9,6,4,1,60.00%,85.71%,70.59%
continuous_0147_S4_strategy2.npz,5 -> 1 -> 0 -> 7 -> 4,5 -> 1 -> 0 -> 7 -> 4,5,0,0,100.00%,100.00%,100.00%
continuous_0148_S4_strategy2.npz,3 -> 1 -> 4 -> 5 -> 6 -> 0,3 -> 1 -> 1 -> 4 -> 5 -> 6 -> 0,6,1,0,85.71%,100.00%,92.31%
continuous_0149_S4_strategy2.npz,0 -> 2 -> 9 -> 8 -> 7 -> 6,0 -> 3 -> 2 -> 9 -> 8 -> 7 -> 6,4,3,2,57.14%,66.67%,61.54%
continuous_0150_S4_strategy2.npz,2 -> 5 -> 0 -> 4 -> 8 -> 6 -> 1,2 -> 5 -> 0 -> 4 -> 8 -> 7 -> 6 -> 1,5,3,2,62.50%,71.43%,66.67%
continuous_0151_S4_strategy2.npz,0 -> 2 -> 9 -> 7 -> 1,0 -> 2 -> 2 -> 9 -> 7 -> 1,5,1,0,83.33%,100.00%,90.91%
continuous_0152_S4_strategy2.npz,2 -> 6 -> 0 -> 8 -> 1 -> 7,2 -> 6 -> 0 -> 8 -> 1 -> 1 -> 7,3,4,3,42.86%,50.00%,46.15%
continuous_0153_S4_strategy2.npz,1 -> 8 -> 7 -> 5 -> 6 -> 3,1 -> 8 -> 7 -> 5 -> 6 -> 3,5,1,1,83.33%,83.33%,83.33%
continuous_0154_S4_strategy2.npz,8 -> 0 -> 1 -> 4 -> 3 -> 5,8 -> 0 -> 1 -> 1 -> 5 -> 4 -> 2 -> 3 -> 5,5,4,1,55.56%,83.33%,66.67%
continuous_0155_S4_strategy2.npz,5 -> 9 -> 1 -> 6 -> 2 -> 7,5 -> 9 -> 9 -> 1 -> 6 -> 2 -> 6 -> 7,6,2,0,75.00%,100.00%,85.71%
continuous_0156_S4_strategy2.npz,4 -> 0 -> 5 -> 3 -> 7 -> 2,4 -> 0 -> 7 -> 5 -> 3 -> 3 -> 7 -> 2,6,2,0,75.00%,100.00%,85.71%
continuous_0157_S4_strategy2.npz,0 -> 4 -> 1 -> 3 -> 2 -> 8,0 -> 1 -> 4 -> 1 -> 3 -> 2 -> 8,5,2,1,71.43%,83.33%,76.92%
continuous_0158_S4_strategy2.npz,0 -> 3 -> 7 -> 6 -> 5 -> 2,0 -> 3 -> 7 -> 6 -> 5 -> 5 -> 2,5,2,1,71.43%,83.33%,76.92%
continuous_0159_S4_strategy2.npz,0 -> 2 -> 9 -> 7 -> 6 -> 1 -> 5,0 -> 2 -> 9 -> 7 -> 6 -> 1 -> 5,6,1,1,85.71%,85.71%,85.71%
continuous_0160_S4_strategy2.npz,3 -> 8 -> 2 -> 1 -> 4 -> 5 -> 9,3 -> 3 -> 1 -> 8 -> 5 -> 2 -> 1 -> 4 -> 5 -> 9 -> 9,7,4,0,63.64%,100.00%,77.78%
continuous_0161_S4_strategy2.npz,6 -> 7 -> 5 -> 2 -> 1 -> 9,6 -> 7 -> 2 -> 5 -> 2 -> 5 -> 1 -> 9,4,4,2,50.00%,66.67%,57.14%
continuous_0162_S4_strategy2.npz,5 -> 2 -> 4 -> 1 -> 0 -> 9,5 -> 5 -> 2 -> 4 -> 3 -> 1 -> 0 -> 9,5,3,1,62.50%,83.33%,71.43%
continuous_0163_S4_strategy2.npz,6 -> 7 -> 5 -> 1 -> 8 -> 4,6 -> 7 -> 5 -> 1 -> 8 -> 4,5,1,1,83.33%,83.33%,83.33%
continuous_0164_S4_strategy2.npz,3 -> 4 -> 0 -> 9 -> 7 -> 6 -> 8,3 -> 4 -> 0 -> 0 -> 1 -> 9 -> 7 -> 6 -> 6 -> 6 -> 8,6,5,1,54.55%,85.71%,66.67%
continuous_0165_S4_strategy2.npz,2 -> 3 -> 9 -> 4 -> 8,2 -> 3 -> 3 -> 2 -> 9 -> 4 -> 8,4,3,1,57.14%,80.00%,66.67%
continuous_0166_S4_strategy2.npz,8 -> 7 -> 9 -> 2 -> 5 -> 1,8 -> 7 -> 9 -> 2 -> 2 -> 5 -> 5 -> 5 -> 1,6,3,0,66.67%,100.00%,80.00%
continuous_0167_S4_strategy2.npz,2 -> 5 -> 8 -> 0 -> 4 -> 9 -> 7,2 -> 5 -> 8 -> 0 -> 6 -> 4 -> 9 -> 9 -> 7,7,2,0,77.78%,100.00%,87.50%
continuous_0168_S4_strategy2.npz,2 -> 0 -> 1 -> 8 -> 5 -> 9 -> 4,2 -> 0 -> 1 -> 8 -> 5 -> 9 -> 4,7,0,0,100.00%,100.00%,100.00%
continuous_0169_S4_strategy2.npz,4 -> 1 -> 6 -> 8 -> 3 -> 9,4 -> 1 -> 6 -> 8 -> 8 -> 3 -> 3 -> 9,5,3,1,62.50%,83.33%,71.43%
continuous_0170_S4_strategy2.npz,7 -> 1 -> 3 -> 6 -> 9,7 -> 1 -> 3 -> 3 -> 7 -> 6 -> 6 -> 9,4,4,1,50.00%,80.00%,61.54%
continuous_0171_S4_strategy2.npz,7 -> 0 -> 4 -> 5 -> 8 -> 6 -> 2,7 -> 0 -> 4 -> 5 -> 5 -> 5 -> 8 -> 1 -> 6 -> 2,3,7,4,30.00%,42.86%,35.29%
continuous_0172_S4_strategy2.npz,1 -> 0 -> 2 -> 9 -> 3,1 -> 0 -> 8 -> 2 -> 9 -> 3,5,1,0,83.33%,100.00%,90.91%
continuous_0173_S4_strategy2.npz,9 -> 3 -> 5 -> 7 -> 6 -> 1,9 -> 3 -> 5 -> 9 -> 7 -> 6 -> 6 -> 1,4,4,2,50.00%,66.67%,57.14%
continuous_0174_S4_strategy2.npz,6 -> 9 -> 1 -> 7 -> 8,6 -> 9 -> 1 -> 7 -> 8,5,0,0,100.00%,100.00%,100.00%
continuous_0175_S4_strategy2.npz,7 -> 0 -> 5 -> 4 -> 9 -> 8,7 -> 0 -> 5 -> 5 -> 4 -> 9 -> 8,6,1,0,85.71%,100.00%,92.31%
continuous_0176_S4_strategy2.npz,8 -> 9 -> 5 -> 4 -> 6 -> 0,8 -> 9 -> 5 -> 4 -> 6 -> 6 -> 0,4,3,2,57.14%,66.67%,61.54%
continuous_0177_S4_strategy2.npz,5 -> 9 -> 0 -> 4 -> 6 -> 7 -> 8,5 -> 9 -> 0 -> 0 -> 7 -> 4 -> 6 -> 1 -> 7 -> 6 -> 8,5,6,2,45.45%,71.43%,55.56%
continuous_0178_S4_strategy2.npz,6 -> 8 -> 4 -> 0 -> 3,6 -> 8 -> 7 -> 4 -> 6 -> 0 -> 3 -> 3,3,5,2,37.50%,60.00%,46.15%
continuous_0179_S4_strategy2.npz,4 -> 7 -> 8 -> 1 -> 6 -> 2,4 -> 7 -> 8 -> 1 -> 2 -> 6 -> 2,5,2,1,71.43%,83.33%,76.92%
continuous_0180_S4_strategy2.npz,5 -> 2 -> 8 -> 9 -> 7 -> 4 -> 3,5 -> 2 -> 8 -> 9 -> 7 -> 4 -> 3,6,1,1,85.71%,85.71%,85.71%
continuous_0181_S4_strategy2.npz,8 -> 9 -> 0 -> 4 -> 3 -> 2,8 -> 9 -> 0 -> 4 -> 3 -> 2,6,0,0,100.00%,100.00%,100.00%
continuous_0182_S4_strategy2.npz,6 -> 1 -> 0 -> 2 -> 7 -> 9 -> 5,6 -> 1 -> 9 -> 6 -> 0 -> 2 -> 7 -> 9 -> 5,7,2,0,77.78%,100.00%,87.50%
continuous_0183_S4_strategy2.npz,2 -> 6 -> 9 -> 5 -> 3 -> 1,2 -> 6 -> 9 -> 5 -> 5 -> 1,5,1,1,83.33%,83.33%,83.33%
continuous_0184_S4_strategy2.npz,2 -> 7 -> 9 -> 6 -> 4 -> 8 -> 3,2 -> 7 -> 9 -> 6 -> 4 -> 6 -> 7 -> 8 -> 7 -> 3,4,6,3,40.00%,57.14%,47.06%
continuous_0185_S4_strategy2.npz,4 -> 1 -> 2 -> 5 -> 9 -> 3 -> 7,4 -> 1 -> 2 -> 5 -> 9 -> 3 -> 3 -> 3 -> 7,4,5,3,44.44%,57.14%,50.00%
continuous_0186_S4_strategy2.npz,7 -> 4 -> 5 -> 2 -> 0 -> 9,7 -> 4 -> 5 -> 5 -> 2 -> 0 -> 1 -> 9,5,3,1,62.50%,83.33%,71.43%
continuous_0187_S4_strategy2.npz,4 -> 0 -> 8 -> 5 -> 9,4 -> 2 -> 0 -> 9 -> 8 -> 7 -> 5 -> 9,5,3,0,62.50%,100.00%,76.92%
continuous_0188_S4_strategy2.npz,6 -> 8 -> 2 -> 5 -> 4 -> 7 -> 3,6 -> 8 -> 2 -> 5 -> 4 -> 7 -> 7 -> 5,6,2,1,75.00%,85.71%,80.00%
continuous_0189_S4_strategy2.npz,2 -> 9 -> 6 -> 3 -> 8 -> 0 -> 7,2 -> 9 -> 6 -> 6 -> 3 -> 7 -> 1 -> 0 -> 7,6,3,1,66.67%,85.71%,75.00%
continuous_0190_S4_strategy2.npz,9 -> 6 -> 5 -> 2 -> 7 -> 3,9 -> 6 -> 6 -> 5 -> 2 -> 2 -> 0 -> 7 -> 3,5,4,1,55.56%,83.33%,66.67%
continuous_0191_S4_strategy2.npz,1 -> 9 -> 0 -> 6 -> 2 -> 7 -> 3,1 -> 9 -> 7 -> 0 -> 6 -> 2 -> 7 -> 3,6,2,1,75.00%,85.71%,80.00%
continuous_0192_S4_strategy2.npz,9 -> 4 -> 5 -> 1 -> 2 -> 3,9 -> 4 -> 5 -> 1 -> 2 -> 3,6,0,0,100.00%,100.00%,100.00%
continuous_0193_S4_strategy2.npz,7 -> 8 -> 3 -> 1 -> 5 -> 9,7 -> 8 -> 3 -> 1 -> 5 -> 9,4,2,2,66.67%,66.67%,66.67%
continuous_0194_S4_strategy2.npz,8 -> 3 -> 9 -> 2 -> 5 -> 4,8 -> 3 -> 9 -> 2 -> 5 -> 5 -> 4,6,1,0,85.71%,100.00%,92.31%
continuous_0195_S4_strategy2.npz,1 -> 0 -> 7 -> 9 -> 2 -> 3 -> 8,1 -> 5 -> 0 -> 7 -> 7 -> 9 -> 2 -> 3 -> 8,6,3,1,66.67%,85.71%,75.00%
continuous_0196_S4_strategy2.npz,4 -> 2 -> 0 -> 5 -> 1 -> 9,4 -> 1 -> 2 -> 0 -> 5 -> 5 -> 1 -> 9,5,3,1,62.50%,83.33%,71.43%
continuous_0197_S4_strategy2.npz,1 -> 5 -> 8 -> 6 -> 4 -> 2,1 -> 5 -> 8 -> 8 -> 7 -> 6 -> 4 -> 1,4,4,2,50.00%,66.67%,57.14%
continuous_0198_S4_strategy2.npz,4 -> 6 -> 7 -> 5 -> 8,4 -> 6 -> 9 -> 7 -> 5 -> 8,4,2,1,66.67%,80.00%,72.73%
continuous_0199_S4_strategy2.npz,0 -> 7 -> 5 -> 8 -> 6 -> 4 -> 9,0 -> 5 -> 7 -> 5 -> 8 -> 6 -> 0 -> 4 -> 2 -> 9,6,4,1,60.00%,85.71%,70.59%
continuous_0200_S4_strategy2.npz,7 -> 9 -> 5 -> 0 -> 8,7 -> 9 -> 5 -> 0 -> 8,5,0,0,100.00%,100.00%,100.00%
continuous_0201_S4_strategy2.npz,4 -> 2 -> 6 -> 3 -> 7,4 -> 2 -> 9 -> 6 -> 1 -> 3 -> 3 -> 7,5,3,0,62.50%,100.00%,76.92%
continuous_0202_S4_strategy2.npz,6 -> 1 -> 9 -> 5 -> 4 -> 8 -> 0,6 -> 0 -> 1 -> 9 -> 5 -> 1 -> 4 -> 8 -> 0 -> 0,6,4,1,60.00%,85.71%,70.59%
continuous_0203_S4_strategy2.npz,7 -> 4 -> 1 -> 3 -> 0,7 -> 4 -> 5 -> 1 -> 3 -> 1 -> 0,5,2,0,71.43%,100.00%,83.33%
continuous_0204_S4_strategy2.npz,8 -> 4 -> 5 -> 6 -> 1 -> 9,8 -> 4 -> 5 -> 6 -> 9 -> 9,5,1,1,83.33%,83.33%,83.33%
continuous_0205_S4_strategy2.npz,2 -> 3 -> 0 -> 6 -> 7 -> 8 -> 9,2 -> 3 -> 0 -> 6 -> 6 -> 7 -> 8 -> 8 -> 9,2,7,5,22.22%,28.57%,25.00%
continuous_0206_S4_strategy2.npz,5 -> 2 -> 1 -> 3 -> 7,5 -> 5 -> 2 -> 1 -> 3 -> 7,5,1,0,83.33%,100.00%,90.91%
continuous_0207_S4_strategy2.npz,5 -> 4 -> 8 -> 3 -> 0 -> 6 -> 9,5 -> 4 -> 8 -> 7 -> 3 -> 0 -> 1 -> 6 -> 9,5,4,2,55.56%,71.43%,62.50%
continuous_0208_S4_strategy2.npz,7 -> 6 -> 1 -> 3 -> 8 -> 0,7 -> 6 -> 1 -> 3 -> 8 -> 0,5,1,1,83.33%,83.33%,83.33%
continuous_0209_S4_strategy2.npz,5 -> 8 -> 1 -> 9 -> 4 -> 3 -> 2,5 -> 8 -> 1 -> 7 -> 9 -> 4 -> 3 -> 3 -> 2,6,3,1,66.67%,85.71%,75.00%
continuous_0210_S4_strategy2.npz,6 -> 7 -> 2 -> 8 -> 5 -> 0 -> 3,6 -> 7 -> 2 -> 2 -> 8 -> 5 -> 0 -> 3,6,2,1,75.00%,85.71%,80.00%
continuous_0211_S4_strategy2.npz,1 -> 8 -> 6 -> 7 -> 3,1 -> 8 -> 6 -> 7 -> 3,5,0,0,100.00%,100.00%,100.00%
continuous_0212_S4_strategy2.npz,5 -> 1 -> 9 -> 3 -> 6 -> 7 -> 2,5 -> 1 -> 9 -> 3 -> 6 -> 1 -> 7 -> 2,6,2,1,75.00%,85.71%,80.00%
continuous_0213_S4_strategy2.npz,4 -> 7 -> 9 -> 5 -> 0 -> 3 -> 8,4 -> 7 -> 1 -> 9 -> 9 -> 5 -> 0 -> 2 -> 3 -> 8,4,6,3,40.00%,57.14%,47.06%
continuous_0214_S4_strategy2.npz,5 -> 4 -> 3 -> 0 -> 1 -> 8,5 -> 4 -> 2 -> 0 -> 1 -> 8,5,1,1,83.33%,83.33%,83.33%
continuous_0215_S4_strategy2.npz,3 -> 9 -> 8 -> 5 -> 2 -> 6,3 -> 3 -> 9 -> 8 -> 5 -> 5 -> 2 -> 6,6,2,0,75.00%,100.00%,85.71%
continuous_0216_S4_strategy2.npz,8 -> 0 -> 5 -> 3 -> 7 -> 9,8 -> 0 -> 9 -> 5 -> 3 -> 7 -> 9,4,3,2,57.14%,66.67%,61.54%
continuous_0217_S4_strategy2.npz,2 -> 9 -> 3 -> 0 -> 7,2 -> 9 -> 3 -> 0 -> 7 -> 7,5,1,0,83.33%,100.00%,90.91%
continuous_0218_S4_strategy2.npz,5 -> 1 -> 3 -> 6 -> 4,5 -> 1 -> 3 -> 6 -> 4,5,0,0,100.00%,100.00%,100.00%
continuous_0219_S4_strategy2.npz,4 -> 7 -> 2 -> 9 -> 5 -> 8 -> 1,4 -> 7 -> 6 -> 2 -> 9 -> 5 -> 7 -> 8 -> 1,6,3,1,66.67%,85.71%,75.00%
continuous_0220_S4_strategy2.npz,7 -> 6 -> 9 -> 0 -> 1 -> 3 -> 8,7 -> 6 -> 9 -> 0 -> 1 -> 1 -> 3 -> 8,7,1,0,87.50%,100.00%,93.33%
continuous_0221_S4_strategy2.npz,3 -> 8 -> 7 -> 2 -> 0,3 -> 3 -> 8 -> 7 -> 2 -> 0,5,1,0,83.33%,100.00%,90.91%
continuous_0222_S4_strategy2.npz,0 -> 8 -> 9 -> 6 -> 7,0 -> 5 -> 7 -> 8 -> 9 -> 6 -> 7,4,3,1,57.14%,80.00%,66.67%
continuous_0223_S4_strategy2.npz,0 -> 2 -> 8 -> 6 -> 9,0 -> 4 -> 2 -> 3 -> 8 -> 7 -> 6 -> 9,5,3,0,62.50%,100.00%,76.92%
continuous_0224_S4_strategy2.npz,0 -> 8 -> 5 -> 4 -> 3 -> 6 -> 2,0 -> 8 -> 5 -> 6 -> 4 -> 3 -> 3 -> 6 -> 2,7,2,0,77.78%,100.00%,87.50%
continuous_0225_S4_strategy2.npz,0 -> 5 -> 9 -> 1 -> 3 -> 6,0 -> 5 -> 9 -> 1 -> 3 -> 6,6,0,0,100.00%,100.00%,100.00%
continuous_0226_S4_strategy2.npz,9 -> 6 -> 7 -> 0 -> 1 -> 2 -> 3,9 -> 6 -> 6 -> 7 -> 4 -> 0 -> 1 -> 2 -> 3 -> 3,6,4,1,60.00%,85.71%,70.59%
continuous_0227_S4_strategy2.npz,9 -> 6 -> 7 -> 0 -> 4 -> 1,9 -> 6 -> 1 -> 7 -> 0 -> 2 -> 1,5,2,1,71.43%,83.33%,76.92%
continuous_0228_S4_strategy2.npz,1 -> 6 -> 3 -> 8 -> 4 -> 7 -> 9,1 -> 6 -> 3 -> 8 -> 8 -> 4 -> 7 -> 9,7,1,0,87.50%,100.00%,93.33%
continuous_0229_S4_strategy2.npz,6 -> 3 -> 8 -> 0 -> 5 -> 1 -> 9,6 -> 3 -> 1 -> 8 -> 0 -> 3 -> 1 -> 9,4,4,3,50.00%,57.14%,53.33%
continuous_0230_S4_strategy2.npz,8 -> 9 -> 4 -> 3 -> 2 -> 7 -> 1,8 -> 9 -> 4 -> 3 -> 2 -> 7 -> 1,6,1,1,85.71%,85.71%,85.71%
continuous_0231_S4_strategy2.npz,1 -> 4 -> 3 -> 8 -> 9,1 -> 4 -> 3 -> 8 -> 9,5,0,0,100.00%,100.00%,100.00%
continuous_0232_S4_strategy2.npz,0 -> 2 -> 3 -> 1 -> 4,0 -> 2 -> 3 -> 1 -> 4,5,0,0,100.00%,100.00%,100.00%
continuous_0233_S4_strategy2.npz,7 -> 8 -> 0 -> 9 -> 6,7 -> 6 -> 8 -> 0 -> 9 -> 9 -> 6,5,2,0,71.43%,100.00%,83.33%
continuous_0234_S4_strategy2.npz,0 -> 3 -> 6 -> 5 -> 2 -> 9 -> 4,0 -> 3 -> 6 -> 5 -> 5 -> 2 -> 2 -> 9 -> 2 -> 4,6,4,1,60.00%,85.71%,70.59%
continuous_0235_S4_strategy2.npz,5 -> 8 -> 9 -> 7 -> 3 -> 6 -> 2,5 -> 7 -> 8 -> 7 -> 9 -> 7 -> 3 -> 7 -> 6 -> 2,7,3,0,70.00%,100.00%,82.35%
continuous_0236_S4_strategy2.npz,5 -> 7 -> 2 -> 1 -> 3 -> 8,5 -> 7 -> 6 -> 2 -> 1 -> 3 -> 3 -> 8 -> 8,4,5,2,44.44%,66.67%,53.33%
continuous_0237_S4_strategy2.npz,4 -> 9 -> 0 -> 6 -> 2,4 -> 9 -> 0 -> 6 -> 2,5,0,0,100.00%,100.00%,100.00%
continuous_0238_S4_strategy2.npz,9 -> 7 -> 1 -> 2 -> 4 -> 8,7 -> 6 -> 7 -> 1 -> 2 -> 2 -> 5 -> 4 -> 8,3,6,3,33.33%,50.00%,40.00%
continuous_0239_S4_strategy2.npz,8 -> 2 -> 6 -> 3 -> 7 -> 5,8 -> 2 -> 5 -> 6 -> 3 -> 7 -> 5,5,2,1,71.43%,83.33%,76.92%
continuous_0240_S4_strategy2.npz,1 -> 0 -> 7 -> 5 -> 8 -> 3 -> 2,1 -> 0 -> 7 -> 5 -> 8 -> 3 -> 2,7,0,0,100.00%,100.00%,100.00%
continuous_0241_S4_strategy2.npz,9 -> 3 -> 4 -> 1 -> 5,9 -> 3 -> 4 -> 1 -> 0 -> 5,4,2,1,66.67%,80.00%,72.73%
continuous_0242_S4_strategy2.npz,4 -> 5 -> 0 -> 2 -> 8 -> 6 -> 7,4 -> 5 -> 5 -> 5 -> 0 -> 2 -> 8 -> 8 -> 6 -> 6 -> 7,6,5,1,54.55%,85.71%,66.67%
continuous_0243_S4_strategy2.npz,6 -> 9 -> 0 -> 2 -> 8 -> 7 -> 5,6 -> 9 -> 0 -> 2 -> 2 -> 8 -> 7 -> 5,7,1,0,87.50%,100.00%,93.33%
continuous_0244_S4_strategy2.npz,8 -> 0 -> 3 -> 9 -> 2 -> 7,8 -> 0 -> 3 -> 9 -> 2 -> 2 -> 2 -> 7,4,4,2,50.00%,66.67%,57.14%
continuous_0245_S4_strategy2.npz,3 -> 5 -> 8 -> 1 -> 2 -> 9 -> 4,3 -> 5 -> 6 -> 8 -> 1 -> 1 -> 2 -> 9 -> 4,6,3,1,66.67%,85.71%,75.00%
continuous_0246_S4_strategy2.npz,4 -> 6 -> 5 -> 7 -> 0 -> 1,4 -> 6 -> 1 -> 5 -> 7 -> 0 -> 1,6,1,0,85.71%,100.00%,92.31%
continuous_0247_S4_strategy2.npz,2 -> 1 -> 3 -> 7 -> 9 -> 8 -> 4,2 -> 1 -> 3 -> 7 -> 9 -> 8 -> 0 -> 4,7,1,0,87.50%,100.00%,93.33%
continuous_0248_S4_strategy2.npz,7 -> 5 -> 4 -> 8 -> 3 -> 0,7 -> 5 -> 5 -> 4 -> 8 -> 3 -> 0,6,1,0,85.71%,100.00%,92.31%
continuous_0249_S4_strategy2.npz,3 -> 8 -> 6 -> 9 -> 7 -> 2 -> 1,3 -> 6 -> 8 -> 6 -> 6 -> 9 -> 7 -> 2 -> 1,7,2,0,77.78%,100.00%,87.50%
continuous_0250_S4_strategy2.npz,1 -> 2 -> 3 -> 6 -> 5 -> 4 -> 8,1 -> 2 -> 3 -> 6 -> 5 -> 4 -> 8,7,0,0,100.00%,100.00%,100.00%
continuous_0251_S4_strategy2.npz,4 -> 1 -> 9 -> 0 -> 3 -> 2,4 -> 1 -> 6 -> 9 -> 0 -> 3 -> 6 -> 2,6,2,0,75.00%,100.00%,85.71%
continuous_0252_S4_strategy2.npz,4 -> 1 -> 6 -> 2 -> 3 -> 9 -> 5,4 -> 1 -> 1 -> 6 -> 0 -> 2 -> 3 -> 9 -> 5 -> 5,6,4,1,60.00%,85.71%,70.59%
continuous_0253_S4_strategy2.npz,7 -> 5 -> 1 -> 3 -> 8 -> 0,7 -> 5 -> 5 -> 1 -> 3 -> 0 -> 0 -> 0,4,4,2,50.00%,66.67%,57.14%
continuous_0254_S4_strategy2.npz,4 -> 0 -> 6 -> 7 -> 2 -> 9,4 -> 0 -> 8 -> 7 -> 2 -> 9,5,1,1,83.33%,83.33%,83.33%
continuous_0255_S4_strategy2.npz,2 -> 3 -> 9 -> 0 -> 7 -> 4 -> 5,2 -> 3 -> 9 -> 0 -> 6 -> 1 -> 4 -> 5,4,4,3,50.00%,57.14%,53.33%
continuous_0256_S4_strategy2.npz,0 -> 1 -> 8 -> 3 -> 9 -> 7 -> 2,0 -> 1 -> 8 -> 3 -> 9 -> 1 -> 7 -> 2,6,2,1,75.00%,85.71%,80.00%
continuous_0257_S4_strategy2.npz,3 -> 5 -> 1 -> 6 -> 8 -> 4,3 -> 5 -> 1 -> 6 -> 8 -> 4,6,0,0,100.00%,100.00%,100.00%
continuous_0258_S4_strategy2.npz,3 -> 5 -> 4 -> 0 -> 2,3 -> 5 -> 5 -> 4 -> 0 -> 2,5,1,0,83.33%,100.00%,90.91%
continuous_0259_S4_strategy2.npz,7 -> 0 -> 9 -> 3 -> 4 -> 1,7 -> 0 -> 9 -> 9 -> 3 -> 4 -> 1,4,3,2,57.14%,66.67%,61.54%
continuous_0260_S4_strategy2.npz,3 -> 6 -> 5 -> 1 -> 2 -> 8 -> 4,3 -> 6 -> 6 -> 5 -> 6 -> 1 -> 1 -> 2 -> 8 -> 4,6,4,1,60.00%,85.71%,70.59%
continuous_0261_S4_strategy2.npz,3 -> 4 -> 5 -> 2 -> 8 -> 6,3 -> 4 -> 9 -> 5 -> 2 -> 2 -> 8 -> 6,4,4,2,50.00%,66.67%,57.14%
continuous_0262_S4_strategy2.npz,1 -> 5 -> 8 -> 3 -> 7 -> 9 -> 6,1 -> 5 -> 5 -> 8 -> 3 -> 7 -> 9 -> 6 -> 6,5,4,2,55.56%,71.43%,62.50%
continuous_0263_S4_strategy2.npz,0 -> 3 -> 8 -> 6 -> 9 -> 5 -> 7,0 -> 3 -> 7 -> 8 -> 6 -> 9 -> 9 -> 5 -> 7,6,3,1,66.67%,85.71%,75.00%
continuous_0264_S4_strategy2.npz,6 -> 7 -> 4 -> 9 -> 2,6 -> 7 -> 4 -> 4 -> 9 -> 2,4,2,1,66.67%,80.00%,72.73%
continuous_0265_S4_strategy2.npz,0 -> 6 -> 1 -> 9 -> 2 -> 5,0 -> 6 -> 3 -> 1 -> 9 -> 7 -> 2 -> 5,5,3,1,62.50%,83.33%,71.43%
continuous_0266_S4_strategy2.npz,4 -> 2 -> 5 -> 3 -> 7 -> 1,4 -> 2 -> 2 -> 5 -> 3 -> 7 -> 0 -> 1,6,2,0,75.00%,100.00%,85.71%
continuous_0267_S4_strategy2.npz,8 -> 7 -> 4 -> 3 -> 0 -> 1 -> 2,8 -> 7 -> 4 -> 3 -> 0 -> 7 -> 7 -> 2,5,3,2,62.50%,71.43%,66.67%
continuous_0268_S4_strategy2.npz,0 -> 2 -> 5 -> 4 -> 1,0 -> 1 -> 2 -> 5 -> 0 -> 4 -> 1,4,3,1,57.14%,80.00%,66.67%
continuous_0269_S4_strategy2.npz,0 -> 7 -> 4 -> 8 -> 1 -> 2 -> 6,0 -> 2 -> 7 -> 4 -> 7 -> 1 -> 2 -> 1,5,3,2,62.50%,71.43%,66.67%
continuous_0270_S4_strategy2.npz,3 -> 2 -> 5 -> 4 -> 1 -> 0,3 -> 2 -> 2 -> 5 -> 4 -> 1 -> 7 -> 0,5,3,1,62.50%,83.33%,71.43%
continuous_0271_S4_strategy2.npz,2 -> 8 -> 4 -> 7 -> 5 -> 3 -> 0,2 -> 5 -> 8 -> 4 -> 4 -> 7 -> 5 -> 3 -> 3 -> 0,6,4,1,60.00%,85.71%,70.59%
continuous_0272_S4_strategy2.npz,0 -> 9 -> 1 -> 8 -> 6 -> 2,0 -> 9 -> 1 -> 8 -> 6 -> 2,6,0,0,100.00%,100.00%,100.00%
continuous_0273_S4_strategy2.npz,2 -> 0 -> 9 -> 8 -> 7 -> 1,2 -> 0 -> 0 -> 9 -> 8 -> 7 -> 1,5,2,1,71.43%,83.33%,76.92%
continuous_0274_S4_strategy2.npz,6 -> 5 -> 3 -> 0 -> 1 -> 8 -> 9,6 -> 5 -> 3 -> 3 -> 0 -> 1 -> 8 -> 9,6,2,1,75.00%,85.71%,80.00%
continuous_0275_S4_strategy2.npz,9 -> 5 -> 4 -> 6 -> 8,9 -> 5 -> 4 -> 7 -> 6 -> 6 -> 8,2,5,3,28.57%,40.00%,33.33%
continuous_0276_S4_strategy2.npz,0 -> 6 -> 8 -> 9 -> 3 -> 5 -> 7,0 -> 6 -> 8 -> 9 -> 3 -> 1 -> 5 -> 7,3,5,4,37.50%,42.86%,40.00%
continuous_0277_S4_strategy2.npz,1 -> 2 -> 0 -> 3 -> 9,1 -> 2 -> 0 -> 3 -> 9,5,0,0,100.00%,100.00%,100.00%
continuous_0278_S4_strategy2.npz,3 -> 2 -> 1 -> 4 -> 0,3 -> 2 -> 1 -> 4 -> 4 -> 2 -> 0,4,3,1,57.14%,80.00%,66.67%
continuous_0279_S4_strategy2.npz,3 -> 7 -> 0 -> 4 -> 5 -> 8,3 -> 7 -> 0 -> 4 -> 5 -> 8,6,0,0,100.00%,100.00%,100.00%
continuous_0280_S4_strategy2.npz,6 -> 9 -> 1 -> 3 -> 5 -> 0 -> 7,6 -> 9 -> 1 -> 5 -> 5 -> 3 -> 3 -> 5 -> 0 -> 0 -> 7,6,5,1,54.55%,85.71%,66.67%
continuous_0281_S4_strategy2.npz,3 -> 1 -> 2 -> 5 -> 8 -> 6 -> 4,3 -> 1 -> 2 -> 5 -> 8 -> 6 -> 4,7,0,0,100.00%,100.00%,100.00%
continuous_0282_S4_strategy2.npz,3 -> 7 -> 8 -> 0 -> 9,3 -> 7 -> 8 -> 0 -> 2 -> 9,5,1,0,83.33%,100.00%,90.91%
continuous_0283_S4_strategy2.npz,7 -> 8 -> 2 -> 1 -> 0,7 -> 8 -> 5 -> 2 -> 1 -> 0,5,1,0,83.33%,100.00%,90.91%
continuous_0284_S4_strategy2.npz,1 -> 3 -> 4 -> 9 -> 5 -> 7,1 -> 3 -> 3 -> 4 -> 7 -> 9 -> 5 -> 7,5,3,1,62.50%,83.33%,71.43%
continuous_0285_S4_strategy2.npz,2 -> 9 -> 8 -> 3 -> 7 -> 0 -> 5,2 -> 9 -> 8 -> 3 -> 3 -> 7 -> 0 -> 5,6,2,1,75.00%,85.71%,80.00%
continuous_0286_S4_strategy2.npz,2 -> 4 -> 1 -> 0 -> 7,2 -> 4 -> 1 -> 0 -> 7 -> 7,5,1,0,83.33%,100.00%,90.91%
continuous_0287_S4_strategy2.npz,2 -> 5 -> 9 -> 1 -> 0 -> 3,2 -> 5 -> 9 -> 1 -> 0 -> 3,5,1,1,83.33%,83.33%,83.33%
continuous_0288_S4_strategy2.npz,4 -> 6 -> 9 -> 3 -> 5,4 -> 2 -> 6 -> 9 -> 9 -> 3 -> 6 -> 5,5,3,0,62.50%,100.00%,76.92%
continuous_0289_S4_strategy2.npz,6 -> 2 -> 4 -> 3 -> 1,6 -> 2 -> 1 -> 4 -> 5 -> 3 -> 3 -> 5 -> 1,3,6,2,33.33%,60.00%,42.86%
continuous_0290_S4_strategy2.npz,7 -> 4 -> 2 -> 6 -> 0 -> 5,7 -> 4 -> 2 -> 6 -> 0 -> 5,6,0,0,100.00%,100.00%,100.00%
continuous_0291_S4_strategy2.npz,4 -> 2 -> 6 -> 1 -> 5,4 -> 2 -> 7 -> 6 -> 1 -> 5,5,1,0,83.33%,100.00%,90.91%
continuous_0292_S4_strategy2.npz,8 -> 4 -> 3 -> 5 -> 1,8 -> 4 -> 3 -> 5 -> 1,5,0,0,100.00%,100.00%,100.00%
continuous_0293_S4_strategy2.npz,0 -> 3 -> 8 -> 7 -> 6,0 -> 3 -> 8 -> 7 -> 7 -> 6,4,2,1,66.67%,80.00%,72.73%
continuous_0294_S4_strategy2.npz,6 -> 2 -> 7 -> 3 -> 9,6 -> 2 -> 7 -> 3 -> 9,5,0,0,100.00%,100.00%,100.00%
continuous_0295_S4_strategy2.npz,3 -> 5 -> 7 -> 0 -> 1,3 -> 5 -> 7 -> 0 -> 1,4,1,1,80.00%,80.00%,80.00%
continuous_0296_S4_strategy2.npz,2 -> 0 -> 7 -> 3 -> 4,2 -> 2 -> 0 -> 7 -> 3 -> 3 -> 4,5,2,0,71.43%,100.00%,83.33%
continuous_0297_S4_strategy2.npz,9 -> 4 -> 5 -> 8 -> 6 -> 2 -> 1,9 -> 4 -> 4 -> 6 -> 8 -> 6 -> 2 -> 1,6,2,1,75.00%,85.71%,80.00%
continuous_0298_S4_strategy2.npz,9 -> 7 -> 6 -> 2 -> 8 -> 0,9 -> 7 -> 6 -> 5 -> 2 -> 0 -> 8 -> 0,5,3,1,62.50%,83.33%,71.43%
continuous_0299_S4_strategy2.npz,8 -> 2 -> 0 -> 3 -> 6 -> 7 -> 5,8 -> 9 -> 0 -> 3 -> 3 -> 6 -> 7 -> 5,5,3,2,62.50%,71.43%,66.67%
continuous_0300_S4_strategy2.npz,2 -> 5 -> 3 -> 9 -> 0,2 -> 5 -> 3 -> 9 -> 0,5,0,0,100.00%,100.00%,100.00%
continuous_0301_S4_strategy2.npz,8 -> 7 -> 1 -> 2 -> 3 -> 6 -> 5,8 -> 7 -> 1 -> 2 -> 3 -> 6 -> 9,6,1,1,85.71%,85.71%,85.71%
continuous_0302_S4_strategy2.npz,9 -> 5 -> 4 -> 3 -> 2 -> 8,9 -> 5 -> 5 -> 4 -> 3 -> 3 -> 3 -> 2 -> 2 -> 8,6,4,0,60.00%,100.00%,75.00%
continuous_0303_S4_strategy2.npz,4 -> 1 -> 8 -> 0 -> 9 -> 7 -> 3,4 -> 1 -> 1 -> 8 -> 0 -> 9 -> 7 -> 3,6,2,1,75.00%,85.71%,80.00%
continuous_0304_S4_strategy2.npz,9 -> 7 -> 5 -> 2 -> 3,9 -> 7 -> 5 -> 5 -> 2 -> 3,5,1,0,83.33%,100.00%,90.91%
continuous_0305_S4_strategy2.npz,6 -> 4 -> 2 -> 9 -> 1,6 -> 4 -> 2 -> 2 -> 9 -> 1,3,3,2,50.00%,60.00%,54.55%
continuous_0306_S4_strategy2.npz,9 -> 5 -> 1 -> 4 -> 2 -> 8 -> 3,9 -> 5 -> 1 -> 2 -> 4 -> 2 -> 8 -> 3,6,2,1,75.00%,85.71%,80.00%
continuous_0307_S4_strategy2.npz,8 -> 5 -> 9 -> 2 -> 6,8 -> 5 -> 9 -> 2 -> 6,5,0,0,100.00%,100.00%,100.00%
continuous_0308_S4_strategy2.npz,0 -> 6 -> 8 -> 1 -> 9 -> 4 -> 2,0 -> 5 -> 8 -> 7 -> 1 -> 9 -> 9 -> 4 -> 2,6,3,1,66.67%,85.71%,75.00%
continuous_0309_S4_strategy2.npz,6 -> 9 -> 0 -> 3 -> 5 -> 1 -> 2,6 -> 9 -> 0 -> 3 -> 5 -> 1 -> 2,7,0,0,100.00%,100.00%,100.00%
continuous_0310_S4_strategy2.npz,4 -> 0 -> 3 -> 1 -> 7 -> 5,4 -> 1 -> 0 -> 3 -> 1 -> 3 -> 7 -> 5,5,3,1,62.50%,83.33%,71.43%
continuous_0311_S4_strategy2.npz,6 -> 5 -> 0 -> 3 -> 8 -> 4,6 -> 5 -> 0 -> 3 -> 8 -> 7 -> 5 -> 4,5,3,1,62.50%,83.33%,71.43%
continuous_0312_S4_strategy2.npz,2 -> 0 -> 8 -> 5 -> 4,2 -> 0 -> 8 -> 8 -> 5 -> 6 -> 4,5,2,0,71.43%,100.00%,83.33%
continuous_0313_S4_strategy2.npz,8 -> 1 -> 9 -> 2 -> 4,8 -> 1 -> 9 -> 2 -> 5 -> 4,4,2,1,66.67%,80.00%,72.73%
continuous_0314_S4_strategy2.npz,3 -> 6 -> 1 -> 0 -> 9 -> 7,3 -> 6 -> 3 -> 2 -> 0 -> 9 -> 7,4,3,2,57.14%,66.67%,61.54%
continuous_0315_S4_strategy2.npz,1 -> 4 -> 3 -> 5 -> 9 -> 0 -> 6,1 -> 4 -> 3 -> 5 -> 9 -> 9 -> 0 -> 7 -> 7 -> 6,6,4,1,60.00%,85.71%,70.59%
continuous_0316_S4_strategy2.npz,4 -> 7 -> 6 -> 8 -> 1 -> 5,4 -> 7 -> 6 -> 8 -> 7 -> 1 -> 5,6,1,0,85.71%,100.00%,92.31%
continuous_0317_S4_strategy2.npz,8 -> 1 -> 3 -> 5 -> 4 -> 7 -> 0,8 -> 1 -> 7 -> 3 -> 5 -> 7 -> 4 -> 2 -> 7 -> 0,6,4,1,60.00%,85.71%,70.59%
continuous_0318_S4_strategy2.npz,4 -> 1 -> 7 -> 3 -> 6,4 -> 1 -> 7 -> 3 -> 3 -> 6,4,2,1,66.67%,80.00%,72.73%
continuous_0319_S4_strategy2.npz,5 -> 6 -> 1 -> 0 -> 8 -> 4,5 -> 6 -> 1 -> 0 -> 0 -> 8 -> 4,3,4,3,42.86%,50.00%,46.15%
continuous_0320_S4_strategy2.npz,4 -> 6 -> 3 -> 0 -> 8 -> 5 -> 7,4 -> 6 -> 3 -> 0 -> 7 -> 8 -> 7 -> 5 -> 7 -> 7,3,7,4,30.00%,42.86%,35.29%
continuous_0321_S4_strategy2.npz,0 -> 4 -> 1 -> 9 -> 5 -> 3 -> 7,0 -> 1 -> 4 -> 1 -> 9 -> 5 -> 3 -> 6 -> 7,6,3,1,66.67%,85.71%,75.00%
continuous_0322_S4_strategy2.npz,1 -> 4 -> 9 -> 6 -> 5 -> 7 -> 3,1 -> 4 -> 5 -> 9 -> 9 -> 6 -> 1 -> 5 -> 7 -> 3,4,6,3,40.00%,57.14%,47.06%
continuous_0323_S4_strategy2.npz,0 -> 8 -> 7 -> 6 -> 9 -> 5 -> 4,0 -> 8 -> 7 -> 6 -> 9 -> 5 -> 4,7,0,0,100.00%,100.00%,100.00%
continuous_0324_S4_strategy2.npz,6 -> 4 -> 9 -> 3 -> 5 -> 7,6 -> 4 -> 9 -> 3 -> 5 -> 7,6,0,0,100.00%,100.00%,100.00%
continuous_0325_S4_strategy2.npz,4 -> 0 -> 7 -> 3 -> 5 -> 9,4 -> 0 -> 7 -> 3 -> 3 -> 3 -> 5 -> 9,3,5,3,37.50%,50.00%,42.86%
continuous_0326_S4_strategy2.npz,3 -> 5 -> 9 -> 0 -> 6 -> 7,3 -> 3 -> 5 -> 9 -> 9 -> 0 -> 6 -> 7,6,2,0,75.00%,100.00%,85.71%
continuous_0327_S4_strategy2.npz,8 -> 0 -> 3 -> 4 -> 5 -> 6 -> 9,8 -> 0 -> 3 -> 2 -> 4 -> 5 -> 6 -> 9,5,3,2,62.50%,71.43%,66.67%
continuous_0328_S4_strategy2.npz,5 -> 9 -> 0 -> 3 -> 8,5 -> 9 -> 1 -> 0 -> 3 -> 8,4,2,1,66.67%,80.00%,72.73%
continuous_0329_S4_strategy2.npz,7 -> 9 -> 1 -> 0 -> 4,7 -> 9 -> 1 -> 0 -> 1 -> 4,5,1,0,83.33%,100.00%,90.91%
continuous_0330_S4_strategy2.npz,8 -> 3 -> 9 -> 5 -> 7 -> 6 -> 4,8 -> 3 -> 9 -> 5 -> 7 -> 6 -> 7 -> 4,7,1,0,87.50%,100.00%,93.33%
continuous_0331_S4_strategy2.npz,4 -> 1 -> 5 -> 9 -> 8 -> 7 -> 3,4 -> 2 -> 1 -> 5 -> 5 -> 9 -> 8 -> 8 -> 7 -> 3,6,4,1,60.00%,85.71%,70.59%
continuous_0332_S4_strategy2.npz,3 -> 5 -> 1 -> 6 -> 7,3 -> 5 -> 1 -> 6 -> 7,5,0,0,100.00%,100.00%,100.00%
continuous_0333_S4_strategy2.npz,5 -> 3 -> 9 -> 6 -> 7 -> 0 -> 4,5 -> 3 -> 9 -> 6 -> 7 -> 0 -> 4,7,0,0,100.00%,100.00%,100.00%
continuous_0334_S4_strategy2.npz,4 -> 5 -> 1 -> 0 -> 6 -> 7 -> 3,4 -> 5 -> 1 -> 1 -> 0 -> 6 -> 9 -> 7 -> 3 -> 3,4,6,3,40.00%,57.14%,47.06%
continuous_0335_S4_strategy2.npz,3 -> 7 -> 5 -> 6 -> 9,3 -> 7 -> 5 -> 5 -> 6 -> 1 -> 9,4,3,1,57.14%,80.00%,66.67%
continuous_0336_S4_strategy2.npz,7 -> 9 -> 5 -> 6 -> 3 -> 4,7 -> 9 -> 6 -> 5 -> 5 -> 6 -> 3 -> 4,5,3,1,62.50%,83.33%,71.43%
continuous_0337_S4_strategy2.npz,7 -> 0 -> 6 -> 3 -> 1,7 -> 2 -> 0 -> 6 -> 6 -> 3 -> 1,4,3,1,57.14%,80.00%,66.67%
continuous_0338_S4_strategy2.npz,7 -> 1 -> 0 -> 5 -> 6 -> 4,7 -> 1 -> 0 -> 1 -> 5 -> 6 -> 1 -> 4,4,4,2,50.00%,66.67%,57.14%
continuous_0339_S4_strategy2.npz,5 -> 0 -> 6 -> 4 -> 1 -> 7 -> 9,5 -> 0 -> 8 -> 6 -> 4 -> 1 -> 7 -> 7 -> 9,6,3,1,66.67%,85.71%,75.00%
continuous_0340_S4_strategy2.npz,7 -> 1 -> 9 -> 5 -> 6 -> 4 -> 3,7 -> 6 -> 1 -> 9 -> 5 -> 4 -> 6 -> 4 -> 3,7,2,0,77.78%,100.00%,87.50%
continuous_0341_S4_strategy2.npz,5 -> 1 -> 6 -> 0 -> 9 -> 7,5 -> 1 -> 6 -> 0 -> 9 -> 1 -> 7,6,1,0,85.71%,100.00%,92.31%
continuous_0342_S4_strategy2.npz,0 -> 5 -> 6 -> 4 -> 7 -> 9 -> 1,0 -> 5 -> 6 -> 1 -> 4 -> 7 -> 7 -> 9 -> 1,5,4,2,55.56%,71.43%,62.50%
continuous_0343_S4_strategy2.npz,1 -> 6 -> 3 -> 7 -> 9,1 -> 2 -> 6 -> 3 -> 7 -> 9,4,2,1,66.67%,80.00%,72.73%
continuous_0344_S4_strategy2.npz,3 -> 0 -> 1 -> 4 -> 5,3 -> 0 -> 1 -> 4 -> 2 -> 5,5,1,0,83.33%,100.00%,90.91%
continuous_0345_S4_strategy2.npz,5 -> 0 -> 3 -> 7 -> 9 -> 4,5 -> 0 -> 2 -> 3 -> 7 -> 9 -> 1,4,3,2,57.14%,66.67%,61.54%
continuous_0346_S4_strategy2.npz,6 -> 1 -> 0 -> 5 -> 7,6 -> 1 -> 2 -> 0 -> 0 -> 5 -> 7,4,3,1,57.14%,80.00%,66.67%
continuous_0347_S4_strategy2.npz,7 -> 5 -> 1 -> 0 -> 3 -> 6,7 -> 5 -> 1 -> 7 -> 0 -> 8 -> 3 -> 9 -> 6,3,6,3,33.33%,50.00%,40.00%
continuous_0348_S4_strategy2.npz,6 -> 1 -> 9 -> 4 -> 0 -> 3,6 -> 1 -> 9 -> 1 -> 4 -> 0 -> 3 -> 3,4,4,2,50.00%,66.67%,57.14%
continuous_0349_S4_strategy2.npz,0 -> 7 -> 9 -> 3 -> 6 -> 4 -> 1,0 -> 7 -> 6 -> 7 -> 9 -> 9 -> 3 -> 6 -> 4 -> 2 -> 1,6,5,1,54.55%,85.71%,66.67%
continuous_0350_S4_strategy2.npz,3 -> 9 -> 6 -> 0 -> 5 -> 1 -> 7,3 -> 3 -> 9 -> 6 -> 0 -> 5 -> 1 -> 3 -> 7,6,3,1,66.67%,85.71%,75.00%
continuous_0351_S4_strategy2.npz,4 -> 0 -> 9 -> 3 -> 7,4 -> 0 -> 9 -> 3 -> 3 -> 8 -> 7,4,3,1,57.14%,80.00%,66.67%
continuous_0352_S4_strategy2.npz,1 -> 5 -> 6 -> 3 -> 4 -> 0 -> 7,1 -> 5 -> 6 -> 6 -> 8 -> 3 -> 4 -> 0 -> 7,5,4,2,55.56%,71.43%,62.50%
continuous_0353_S4_strategy2.npz,9 -> 1 -> 3 -> 0 -> 5 -> 4,9 -> 1 -> 3 -> 0 -> 5 -> 4,4,2,2,66.67%,66.67%,66.67%
continuous_0354_S4_strategy2.npz,0 -> 9 -> 4 -> 5 -> 1 -> 3 -> 7,0 -> 5 -> 9 -> 4 -> 5 -> 1 -> 3 -> 7,5,3,2,62.50%,71.43%,66.67%
continuous_0355_S4_strategy2.npz,6 -> 3 -> 0 -> 9 -> 4 -> 5,6 -> 3 -> 3 -> 0 -> 9 -> 1 -> 4 -> 5 -> 5,6,3,0,66.67%,100.00%,80.00%
continuous_0356_S4_strategy2.npz,1 -> 6 -> 9 -> 7 -> 0 -> 3,1 -> 6 -> 9 -> 7 -> 7 -> 0 -> 3,5,2,1,71.43%,83.33%,76.92%
continuous_0357_S4_strategy2.npz,5 -> 9 -> 6 -> 0 -> 7 -> 4 -> 3,5 -> 9 -> 6 -> 0 -> 6 -> 7 -> 4 -> 3 -> 3,6,3,1,66.67%,85.71%,75.00%
continuous_0358_S4_strategy2.npz,3 -> 0 -> 1 -> 5 -> 6 -> 7,3 -> 0 -> 1 -> 5 -> 6 -> 7,6,0,0,100.00%,100.00%,100.00%
continuous_0359_S4_strategy2.npz,3 -> 7 -> 0 -> 5 -> 9,3 -> 3 -> 7 -> 0 -> 5 -> 9,5,1,0,83.33%,100.00%,90.91%
continuous_0360_S4_strategy2.npz,9 -> 3 -> 7 -> 0 -> 5 -> 6,9 -> 3 -> 6 -> 7 -> 0 -> 0 -> 5 -> 6,6,2,0,75.00%,100.00%,85.71%
continuous_0361_S4_strategy2.npz,3 -> 6 -> 9 -> 1 -> 5 -> 7 -> 4,3 -> 6 -> 1 -> 6 -> 1 -> 5 -> 7 -> 4,5,3,2,62.50%,71.43%,66.67%
continuous_0362_S4_strategy2.npz,3 -> 1 -> 0 -> 9 -> 5 -> 4 -> 7,3 -> 3 -> 1 -> 2 -> 0 -> 9 -> 5 -> 1 -> 4 -> 7,7,3,0,70.00%,100.00%,82.35%
continuous_0363_S4_strategy2.npz,9 -> 4 -> 3 -> 1 -> 6 -> 0 -> 7,9 -> 4 -> 3 -> 3 -> 6 -> 0 -> 8 -> 7,5,3,2,62.50%,71.43%,66.67%
continuous_0364_S4_strategy2.npz,9 -> 3 -> 6 -> 4 -> 7 -> 0 -> 5,9 -> 3 -> 6 -> 4 -> 7 -> 0 -> 5,7,0,0,100.00%,100.00%,100.00%
continuous_0365_S4_strategy2.npz,9 -> 3 -> 7 -> 0 -> 4 -> 6 -> 1,9 -> 7 -> 3 -> 7 -> 3 -> 0 -> 4 -> 1 -> 6 -> 7 -> 1,6,5,1,54.55%,85.71%,66.67%
continuous_0366_S4_strategy2.npz,0 -> 9 -> 1 -> 6 -> 7 -> 5 -> 3,0 -> 9 -> 1 -> 1 -> 6 -> 7 -> 5 -> 3 -> 3,6,3,1,66.67%,85.71%,75.00%
continuous_0367_S4_strategy2.npz,7 -> 0 -> 3 -> 4 -> 1,7 -> 0 -> 3 -> 3 -> 4 -> 5 -> 1,5,2,0,71.43%,100.00%,83.33%
continuous_0368_S4_strategy2.npz,3 -> 1 -> 9 -> 6 -> 0 -> 4,3 -> 1 -> 9 -> 6 -> 6 -> 0 -> 4,6,1,0,85.71%,100.00%,92.31%
continuous_0369_S4_strategy2.npz,9 -> 3 -> 0 -> 4 -> 5 -> 6 -> 1,9 -> 3 -> 0 -> 6 -> 4 -> 5 -> 6 -> 1,7,1,0,87.50%,100.00%,93.33%
continuous_0370_S4_strategy2.npz,3 -> 1 -> 6 -> 4 -> 0 -> 9 -> 5,3 -> 1 -> 8 -> 4 -> 0 -> 9 -> 5 -> 5,6,2,1,75.00%,85.71%,80.00%
continuous_0371_S4_strategy2.npz,9 -> 7 -> 6 -> 1 -> 4 -> 3,9 -> 7 -> 6 -> 1 -> 4 -> 3,6,0,0,100.00%,100.00%,100.00%
continuous_0372_S4_strategy2.npz,3 -> 4 -> 5 -> 7 -> 6 -> 1 -> 9,3 -> 4 -> 5 -> 5 -> 7 -> 1 -> 6 -> 5 -> 1 -> 9,6,4,1,60.00%,85.71%,70.59%
continuous_0373_S4_strategy2.npz,7 -> 5 -> 4 -> 1 -> 3 -> 9,7 -> 5 -> 4 -> 1 -> 3 -> 3 -> 6 -> 9,4,4,2,50.00%,66.67%,57.14%
continuous_0374_S4_strategy2.npz,0 -> 3 -> 1 -> 9 -> 6,0 -> 3 -> 1 -> 9 -> 6,4,1,1,80.00%,80.00%,80.00%
continuous_0375_S4_strategy2.npz,6 -> 9 -> 0 -> 1 -> 3,6 -> 9 -> 5 -> 0 -> 6 -> 1 -> 3,5,2,0,71.43%,100.00%,83.33%
continuous_0376_S4_strategy2.npz,0 -> 1 -> 6 -> 7 -> 5 -> 9 -> 3,0 -> 1 -> 1 -> 6 -> 6 -> 7 -> 1 -> 5 -> 9 -> 3,5,5,2,50.00%,71.43%,58.82%
continuous_0377_S4_strategy2.npz,3 -> 9 -> 6 -> 1 -> 7,3 -> 9 -> 9 -> 6 -> 1 -> 7,5,1,0,83.33%,100.00%,90.91%
continuous_0378_S4_strategy2.npz,9 -> 4 -> 1 -> 6 -> 0 -> 7 -> 5,9 -> 4 -> 1 -> 1 -> 6 -> 0 -> 7 -> 5,6,2,1,75.00%,85.71%,80.00%
continuous_0379_S4_strategy2.npz,7 -> 4 -> 0 -> 6 -> 5 -> 1 -> 3,7 -> 4 -> 0 -> 6 -> 5 -> 1 -> 9 -> 3,7,1,0,87.50%,100.00%,93.33%
continuous_0380_S4_strategy2.npz,6 -> 1 -> 9 -> 5 -> 0,6 -> 1 -> 6 -> 9 -> 5 -> 0,5,1,0,83.33%,100.00%,90.91%
continuous_0381_S4_strategy2.npz,3 -> 1 -> 6 -> 5 -> 7,3 -> 1 -> 6 -> 5 -> 7,5,0,0,100.00%,100.00%,100.00%
continuous_0382_S4_strategy2.npz,4 -> 9 -> 5 -> 3 -> 6 -> 7 -> 0,4 -> 9 -> 9 -> 5 -> 3 -> 3 -> 3 -> 6 -> 7 -> 0,6,4,1,60.00%,85.71%,70.59%
continuous_0383_S4_strategy2.npz,4 -> 1 -> 3 -> 0 -> 9 -> 5,4 -> 1 -> 3 -> 3 -> 0 -> 9 -> 5,4,3,2,57.14%,66.67%,61.54%
continuous_0384_S4_strategy2.npz,6 -> 0 -> 5 -> 7 -> 3,6 -> 8 -> 0 -> 1 -> 5 -> 4 -> 7 -> 3 -> 3,5,4,0,55.56%,100.00%,71.43%
continuous_0385_S4_strategy2.npz,1 -> 0 -> 4 -> 7 -> 9 -> 6 -> 3,1 -> 9 -> 0 -> 4 -> 4 -> 1 -> 7 -> 3 -> 6 -> 3,4,6,3,40.00%,57.14%,47.06%
continuous_0386_S4_strategy2.npz,0 -> 9 -> 7 -> 1 -> 3,0 -> 9 -> 7 -> 1 -> 3 -> 3,4,2,1,66.67%,80.00%,72.73%
continuous_0387_S4_strategy2.npz,4 -> 5 -> 9 -> 1 -> 6 -> 7,4 -> 5 -> 9 -> 1 -> 1 -> 1 -> 6 -> 7,5,3,1,62.50%,83.33%,71.43%
continuous_0388_S4_strategy2.npz,3 -> 7 -> 5 -> 4 -> 1 -> 0 -> 6,3 -> 7 -> 5 -> 5 -> 4 -> 1 -> 0 -> 6,6,2,1,75.00%,85.71%,80.00%
continuous_0389_S4_strategy2.npz,4 -> 0 -> 1 -> 7 -> 5 -> 3 -> 6,4 -> 0 -> 1 -> 1 -> 7 -> 5 -> 3 -> 6,7,1,0,87.50%,100.00%,93.33%
continuous_0390_S4_strategy2.npz,6 -> 9 -> 1 -> 3 -> 0 -> 4 -> 5,6 -> 9 -> 1 -> 3 -> 3 -> 0 -> 4 -> 5,6,2,1,75.00%,85.71%,80.00%
continuous_0391_S4_strategy2.npz,3 -> 7 -> 4 -> 6 -> 1 -> 9,3 -> 7 -> 0 -> 4 -> 2 -> 6 -> 6 -> 1 -> 9,4,5,2,44.44%,66.67%,53.33%
continuous_0392_S4_strategy2.npz,0 -> 3 -> 1 -> 5 -> 4,0 -> 1 -> 3 -> 3 -> 1 -> 5 -> 1 -> 4,5,3,0,62.50%,100.00%,76.92%
continuous_0393_S4_strategy2.npz,7 -> 5 -> 0 -> 3 -> 6 -> 1 -> 4,7 -> 5 -> 0 -> 3 -> 6 -> 1 -> 4,5,2,2,71.43%,71.43%,71.43%
continuous_0394_S4_strategy2.npz,6 -> 1 -> 4 -> 7 -> 5 -> 3 -> 0,6 -> 1 -> 4 -> 4 -> 7 -> 5 -> 6 -> 3 -> 0,5,4,2,55.56%,71.43%,62.50%
continuous_0395_S4_strategy2.npz,0 -> 3 -> 4 -> 6 -> 1 -> 7 -> 5,0 -> 5 -> 3 -> 3 -> 4 -> 1 -> 6 -> 1 -> 7 -> 5,7,3,0,70.00%,100.00%,82.35%
continuous_0396_S4_strategy2.npz,4 -> 7 -> 3 -> 5 -> 1 -> 6,4 -> 7 -> 3 -> 5 -> 1 -> 6 -> 6,5,2,1,71.43%,83.33%,76.92%
continuous_0397_S4_strategy2.npz,0 -> 6 -> 3 -> 5 -> 7,0 -> 0 -> 6 -> 3 -> 3 -> 5 -> 7,5,2,0,71.43%,100.00%,83.33%
continuous_0398_S4_strategy2.npz,7 -> 4 -> 1 -> 6 -> 5 -> 3 -> 0,7 -> 4 -> 1 -> 6 -> 5 -> 3 -> 0,7,0,0,100.00%,100.00%,100.00%
continuous_0399_S4_strategy2.npz,1 -> 7 -> 6 -> 4 -> 3 -> 0,1 -> 7 -> 7 -> 6 -> 1 -> 4 -> 3 -> 0,5,3,1,62.50%,83.33%,71.43%
continuous_0400_S5_strategy2.npz,8 -> 1 -> 2 -> 9 -> 3 -> 4 -> 5,8 -> 6 -> 1 -> 2 -> 9 -> 3 -> 3 -> 6 -> 4 -> 5,7,3,0,70.00%,100.00%,82.35%
continuous_0401_S5_strategy2.npz,3 -> 2 -> 8 -> 4 -> 1 -> 0,3 -> 2 -> 7 -> 8 -> 4 -> 1 -> 1 -> 1 -> 0,6,3,0,66.67%,100.00%,80.00%
continuous_0402_S5_strategy2.npz,9 -> 0 -> 8 -> 7 -> 5 -> 4,9 -> 5 -> 2 -> 0 -> 0 -> 8 -> 8 -> 7 -> 7 -> 5 -> 1 -> 4,6,6,0,50.00%,100.00%,66.67%
continuous_0403_S5_strategy2.npz,6 -> 1 -> 3 -> 4 -> 2 -> 5,6 -> 6 -> 1 -> 3 -> 4 -> 7 -> 5 -> 2 -> 1 -> 5,6,4,0,60.00%,100.00%,75.00%
continuous_0404_S5_strategy2.npz,0 -> 3 -> 5 -> 2 -> 1 -> 7,0 -> 3 -> 5 -> 2 -> 1 -> 7,6,0,0,100.00%,100.00%,100.00%
continuous_0405_S5_strategy2.npz,5 -> 2 -> 7 -> 1 -> 8,1 -> 1 -> 2 -> 2 -> 7 -> 1 -> 8,3,4,2,42.86%,60.00%,50.00%
continuous_0406_S5_strategy2.npz,1 -> 3 -> 4 -> 8 -> 9 -> 7,1 -> 3 -> 3 -> 4 -> 8 -> 7 -> 9 -> 1 -> 7,5,4,1,55.56%,83.33%,66.67%
continuous_0407_S5_strategy2.npz,8 -> 9 -> 1 -> 0 -> 2,8 -> 9 -> 1 -> 0 -> 2,5,0,0,100.00%,100.00%,100.00%
continuous_0408_S5_strategy2.npz,4 -> 9 -> 3 -> 1 -> 0 -> 8 -> 7,4 -> 9 -> 3 -> 3 -> 1 -> 0 -> 8 -> 7,7,1,0,87.50%,100.00%,93.33%
continuous_0409_S5_strategy2.npz,9 -> 4 -> 1 -> 8 -> 2 -> 3 -> 5,9 -> 7 -> 4 -> 1 -> 8 -> 3 -> 2 -> 3 -> 3 -> 5,7,3,0,70.00%,100.00%,82.35%
continuous_0410_S5_strategy2.npz,6 -> 1 -> 3 -> 0 -> 4,6 -> 1 -> 1 -> 3 -> 0 -> 4,5,1,0,83.33%,100.00%,90.91%
continuous_0411_S5_strategy2.npz,8 -> 3 -> 1 -> 7 -> 0,8 -> 3 -> 3 -> 1 -> 7 -> 0,5,1,0,83.33%,100.00%,90.91%
continuous_0412_S5_strategy2.npz,5 -> 6 -> 4 -> 0 -> 3 -> 8 -> 1,5 -> 6 -> 4 -> 0 -> 3 -> 8 -> 1,7,0,0,100.00%,100.00%,100.00%
continuous_0413_S5_strategy2.npz,0 -> 2 -> 4 -> 6 -> 1 -> 7,0 -> 2 -> 4 -> 9 -> 6 -> 8 -> 5 -> 6 -> 7,5,4,1,55.56%,83.33%,66.67%
continuous_0414_S5_strategy2.npz,0 -> 9 -> 1 -> 8 -> 4,0 -> 4 -> 9 -> 1 -> 8 -> 8 -> 4,4,3,1,57.14%,80.00%,66.67%
continuous_0415_S5_strategy2.npz,5 -> 1 -> 9 -> 3 -> 4 -> 2,5 -> 4 -> 1 -> 9 -> 9 -> 3 -> 4 -> 2,6,2,0,75.00%,100.00%,85.71%
continuous_0416_S5_strategy2.npz,4 -> 5 -> 8 -> 7 -> 9 -> 3 -> 6,4 -> 6 -> 5 -> 8 -> 7 -> 9 -> 3 -> 6,7,1,0,87.50%,100.00%,93.33%
continuous_0417_S5_strategy2.npz,2 -> 9 -> 1 -> 5 -> 6 -> 0 -> 8,2 -> 9 -> 1 -> 5 -> 6 -> 6 -> 8,6,1,1,85.71%,85.71%,85.71%
continuous_0418_S5_strategy2.npz,9 -> 5 -> 2 -> 3 -> 0 -> 8,9 -> 5 -> 2 -> 3 -> 0 -> 8,6,0,0,100.00%,100.00%,100.00%
continuous_0419_S5_strategy2.npz,2 -> 4 -> 3 -> 1 -> 0,2 -> 4 -> 3 -> 3 -> 7 -> 1 -> 0,3,4,2,42.86%,60.00%,50.00%
continuous_0420_S5_strategy2.npz,0 -> 4 -> 9 -> 7 -> 5 -> 8,0 -> 8 -> 7 -> 9 -> 7 -> 5 -> 8,5,2,1,71.43%,83.33%,76.92%
continuous_0421_S5_strategy2.npz,5 -> 0 -> 1 -> 3 -> 8 -> 4 -> 9,5 -> 0 -> 1 -> 1 -> 3 -> 8 -> 3 -> 4 -> 9,6,3,1,66.67%,85.71%,75.00%
continuous_0422_S5_strategy2.npz,4 -> 1 -> 6 -> 5 -> 2,4 -> 1 -> 6 -> 5 -> 2,5,0,0,100.00%,100.00%,100.00%
continuous_0423_S5_strategy2.npz,0 -> 6 -> 4 -> 2 -> 1 -> 5 -> 8,0 -> 6 -> 4 -> 2 -> 2 -> 1 -> 5 -> 8,7,1,0,87.50%,100.00%,93.33%
continuous_0424_S5_strategy2.npz,3 -> 4 -> 5 -> 0 -> 9 -> 2 -> 8,3 -> 4 -> 5 -> 0 -> 2 -> 9 -> 9 -> 2 -> 8,7,2,0,77.78%,100.00%,87.50%
continuous_0425_S5_strategy2.npz,4 -> 9 -> 6 -> 8 -> 3 -> 7 -> 1,4 -> 5 -> 9 -> 6 -> 8 -> 9 -> 7 -> 7 -> 1,6,3,1,66.67%,85.71%,75.00%
continuous_0426_S5_strategy2.npz,1 -> 3 -> 5 -> 9 -> 4 -> 7,1 -> 3 -> 0 -> 6 -> 9 -> 4 -> 7,4,3,2,57.14%,66.67%,61.54%
continuous_0427_S5_strategy2.npz,0 -> 1 -> 2 -> 8 -> 4 -> 3 -> 9,0 -> 1 -> 7 -> 2 -> 8 -> 4 -> 3 -> 9,6,2,1,75.00%,85.71%,80.00%
continuous_0428_S5_strategy2.npz,2 -> 5 -> 3 -> 4 -> 9 -> 1,2 -> 5 -> 3 -> 9 -> 4 -> 2 -> 9 -> 1,3,5,3,37.50%,50.00%,42.86%
continuous_0429_S5_strategy2.npz,6 -> 1 -> 3 -> 9 -> 4,6 -> 1 -> 1 -> 3 -> 9 -> 4,4,2,1,66.67%,80.00%,72.73%
continuous_0430_S5_strategy2.npz,4 -> 0 -> 7 -> 6 -> 1,4 -> 5 -> 0 -> 7 -> 7 -> 1,3,3,2,50.00%,60.00%,54.55%
continuous_0431_S5_strategy2.npz,7 -> 2 -> 9 -> 8 -> 4 -> 1,7 -> 2 -> 9 -> 8 -> 4 -> 4 -> 1 -> 1,5,3,1,62.50%,83.33%,71.43%
continuous_0432_S5_strategy2.npz,5 -> 7 -> 0 -> 1 -> 8 -> 3,5 -> 7 -> 3 -> 1 -> 0 -> 1 -> 8 -> 3,6,2,0,75.00%,100.00%,85.71%
continuous_0433_S5_strategy2.npz,2 -> 6 -> 3 -> 1 -> 8,2 -> 1 -> 6 -> 5 -> 3 -> 3 -> 3 -> 1 -> 1 -> 8,5,5,0,50.00%,100.00%,66.67%
continuous_0434_S5_strategy2.npz,5 -> 7 -> 4 -> 1 -> 2,5 -> 7 -> 2 -> 1 -> 2,4,1,1,80.00%,80.00%,80.00%
continuous_0435_S5_strategy2.npz,2 -> 4 -> 6 -> 5 -> 9 -> 1 -> 3,2 -> 4 -> 2 -> 6 -> 5 -> 9 -> 1 -> 6 -> 3 -> 3,4,6,3,40.00%,57.14%,47.06%
continuous_0436_S5_strategy2.npz,7 -> 9 -> 8 -> 1 -> 6,7 -> 9 -> 8 -> 1 -> 6,5,0,0,100.00%,100.00%,100.00%
continuous_0437_S5_strategy2.npz,8 -> 6 -> 2 -> 7 -> 3 -> 5,8 -> 6 -> 2 -> 7 -> 8 -> 5,5,1,1,83.33%,83.33%,83.33%
continuous_0438_S5_strategy2.npz,2 -> 8 -> 0 -> 9 -> 3 -> 7 -> 6,2 -> 8 -> 0 -> 9 -> 3 -> 7 -> 6,5,2,2,71.43%,71.43%,71.43%
continuous_0439_S5_strategy2.npz,0 -> 8 -> 5 -> 4 -> 3 -> 6 -> 2,0 -> 8 -> 9 -> 5 -> 6 -> 4 -> 3 -> 3 -> 6 -> 2 -> 2,5,6,2,45.45%,71.43%,55.56%
continuous_0440_S5_strategy2.npz,8 -> 3 -> 9 -> 7 -> 6 -> 5,8 -> 3 -> 9 -> 7 -> 6 -> 6 -> 5,5,2,1,71.43%,83.33%,76.92%
continuous_0441_S5_strategy2.npz,8 -> 0 -> 7 -> 6 -> 5,8 -> 0 -> 7 -> 6 -> 2 -> 5,4,2,1,66.67%,80.00%,72.73%
continuous_0442_S5_strategy2.npz,5 -> 4 -> 9 -> 3 -> 7 -> 8,5 -> 4 -> 9 -> 3 -> 7 -> 7 -> 8,6,1,0,85.71%,100.00%,92.31%
continuous_0443_S5_strategy2.npz,9 -> 5 -> 1 -> 2 -> 0 -> 6,9 -> 5 -> 1 -> 2 -> 2 -> 0 -> 6,5,2,1,71.43%,83.33%,76.92%
continuous_0444_S5_strategy2.npz,8 -> 9 -> 4 -> 0 -> 3 -> 1,8 -> 7 -> 2 -> 4 -> 0 -> 3 -> 3 -> 1,4,4,2,50.00%,66.67%,57.14%
continuous_0445_S5_strategy2.npz,7 -> 2 -> 6 -> 8 -> 1 -> 5 -> 9,7 -> 2 -> 6 -> 1 -> 8 -> 1 -> 5 -> 6 -> 9,5,4,2,55.56%,71.43%,62.50%
continuous_0446_S5_strategy2.npz,0 -> 5 -> 3 -> 8 -> 6,0 -> 5 -> 3 -> 3 -> 9 -> 8 -> 6,5,2,0,71.43%,100.00%,83.33%
continuous_0447_S5_strategy2.npz,8 -> 2 -> 7 -> 5 -> 6,8 -> 7 -> 2 -> 7 -> 5 -> 6,4,2,1,66.67%,80.00%,72.73%
continuous_0448_S5_strategy2.npz,0 -> 7 -> 8 -> 6 -> 9 -> 3,0 -> 7 -> 8 -> 6 -> 9 -> 3 -> 3,4,3,2,57.14%,66.67%,61.54%
continuous_0449_S5_strategy2.npz,3 -> 2 -> 9 -> 7 -> 0 -> 6,3 -> 9 -> 2 -> 9 -> 7 -> 0 -> 0 -> 6,6,2,0,75.00%,100.00%,85.71%
continuous_0450_S5_strategy2.npz,9 -> 4 -> 6 -> 3 -> 0,9 -> 0 -> 4 -> 6 -> 3 -> 0,5,1,0,83.33%,100.00%,90.91%
continuous_0451_S5_strategy2.npz,4 -> 5 -> 7 -> 1 -> 6 -> 3 -> 9,4 -> 6 -> 5 -> 7 -> 1 -> 6 -> 3 -> 9,7,1,0,87.50%,100.00%,93.33%
continuous_0452_S5_strategy2.npz,8 -> 2 -> 6 -> 7 -> 9 -> 4 -> 5,8 -> 2 -> 6 -> 6 -> 7 -> 9 -> 8 -> 4 -> 0 -> 5,7,3,0,70.00%,100.00%,82.35%
continuous_0453_S5_strategy2.npz,4 -> 7 -> 8 -> 9 -> 5,4 -> 7 -> 8 -> 9 -> 5,5,0,0,100.00%,100.00%,100.00%
continuous_0454_S5_strategy2.npz,1 -> 8 -> 0 -> 7 -> 9,1 -> 9 -> 8 -> 0 -> 7 -> 9,4,2,1,66.67%,80.00%,72.73%
continuous_0455_S5_strategy2.npz,0 -> 9 -> 3 -> 8 -> 6 -> 7 -> 1,0 -> 9 -> 3 -> 3 -> 8 -> 6 -> 6 -> 7 -> 6 -> 1,3,7,4,30.00%,42.86%,35.29%
continuous_0456_S5_strategy2.npz,5 -> 1 -> 7 -> 9 -> 0 -> 6 -> 2,5 -> 1 -> 7 -> 9 -> 0 -> 6 -> 7 -> 6 -> 4 -> 2,7,3,0,70.00%,100.00%,82.35%
continuous_0457_S5_strategy2.npz,5 -> 6 -> 1 -> 0 -> 7 -> 9,5 -> 9 -> 6 -> 1 -> 1 -> 0 -> 7 -> 9,6,2,0,75.00%,100.00%,85.71%
continuous_0458_S5_strategy2.npz,1 -> 9 -> 7 -> 6 -> 3,1 -> 9 -> 7 -> 6 -> 8 -> 3,5,1,0,83.33%,100.00%,90.91%
continuous_0459_S5_strategy2.npz,7 -> 3 -> 2 -> 6 -> 9 -> 8 -> 1,7 -> 3 -> 3 -> 2 -> 6 -> 9 -> 8 -> 1,7,1,0,87.50%,100.00%,93.33%
continuous_0460_S5_strategy2.npz,7 -> 3 -> 4 -> 9 -> 0 -> 2,7 -> 3 -> 7 -> 9 -> 0 -> 2,5,1,1,83.33%,83.33%,83.33%
continuous_0461_S5_strategy2.npz,2 -> 1 -> 4 -> 5 -> 0 -> 9 -> 6,2 -> 1 -> 4 -> 5 -> 0 -> 0 -> 4 -> 9 -> 6,5,4,2,55.56%,71.43%,62.50%
continuous_0462_S5_strategy2.npz,5 -> 3 -> 7 -> 1 -> 2,5 -> 3 -> 3 -> 7 -> 1 -> 2,4,2,1,66.67%,80.00%,72.73%
continuous_0463_S5_strategy2.npz,5 -> 0 -> 1 -> 2 -> 3 -> 6,5 -> 0 -> 4 -> 1 -> 2 -> 3 -> 7 -> 6,5,3,1,62.50%,83.33%,71.43%
continuous_0464_S5_strategy2.npz,8 -> 4 -> 9 -> 2 -> 1 -> 6 -> 7,8 -> 2 -> 4 -> 9 -> 2 -> 1 -> 1 -> 6 -> 7,7,2,0,77.78%,100.00%,87.50%
continuous_0465_S5_strategy2.npz,9 -> 8 -> 2 -> 7 -> 6,9 -> 8 -> 9 -> 2 -> 7 -> 1 -> 6,5,2,0,71.43%,100.00%,83.33%
continuous_0466_S5_strategy2.npz,1 -> 6 -> 4 -> 0 -> 8 -> 7 -> 2,1 -> 6 -> 6 -> 4 -> 0 -> 0 -> 8 -> 8 -> 7 -> 2,7,3,0,70.00%,100.00%,82.35%
continuous_0467_S5_strategy2.npz,4 -> 5 -> 3 -> 9 -> 0 -> 7 -> 2,4 -> 5 -> 3 -> 8 -> 9 -> 0 -> 7 -> 7,6,2,1,75.00%,85.71%,80.00%
continuous_0468_S5_strategy2.npz,0 -> 1 -> 7 -> 8 -> 3,0 -> 6 -> 1 -> 8 -> 7 -> 8 -> 8 -> 3,4,4,1,50.00%,80.00%,61.54%
continuous_0469_S5_strategy2.npz,0 -> 1 -> 8 -> 7 -> 2 -> 4 -> 9,0 -> 1 -> 8 -> 7 -> 2 -> 4 -> 6 -> 9,6,2,1,75.00%,85.71%,80.00%
continuous_0470_S5_strategy2.npz,6 -> 9 -> 0 -> 8 -> 5 -> 7,6 -> 6 -> 9 -> 0 -> 8 -> 5 -> 7,6,1,0,85.71%,100.00%,92.31%
continuous_0471_S5_strategy2.npz,7 -> 9 -> 1 -> 3 -> 0 -> 5,7 -> 9 -> 1 -> 3 -> 0 -> 5,6,0,0,100.00%,100.00%,100.00%
continuous_0472_S5_strategy2.npz,8 -> 6 -> 0 -> 2 -> 9 -> 5 -> 4,8 -> 8 -> 6 -> 0 -> 9 -> 2 -> 9 -> 9 -> 6 -> 5 -> 4,6,5,1,54.55%,85.71%,66.67%
continuous_0473_S5_strategy2.npz,6 -> 7 -> 8 -> 4 -> 1 -> 3 -> 5,6 -> 7 -> 5 -> 8 -> 4 -> 1 -> 3 -> 5,7,1,0,87.50%,100.00%,93.33%
continuous_0474_S5_strategy2.npz,6 -> 4 -> 5 -> 1 -> 3 -> 9 -> 7,6 -> 7 -> 4 -> 5 -> 4 -> 1 -> 3 -> 3 -> 9 -> 7,6,4,1,60.00%,85.71%,70.59%
continuous_0475_S5_strategy2.npz,8 -> 7 -> 6 -> 0 -> 4 -> 9,8 -> 7 -> 6 -> 0 -> 4 -> 9,6,0,0,100.00%,100.00%,100.00%
continuous_0476_S5_strategy2.npz,7 -> 4 -> 5 -> 0 -> 6,7 -> 4 -> 5 -> 0 -> 6 -> 6,5,1,0,83.33%,100.00%,90.91%
continuous_0477_S5_strategy2.npz,7 -> 5 -> 6 -> 8 -> 4 -> 2,7 -> 9 -> 5 -> 6 -> 8 -> 4 -> 5 -> 2,6,2,0,75.00%,100.00%,85.71%
continuous_0478_S5_strategy2.npz,7 -> 3 -> 1 -> 6 -> 2 -> 8 -> 5,7 -> 3 -> 3 -> 1 -> 6 -> 2 -> 8 -> 8 -> 7 -> 5,6,4,1,60.00%,85.71%,70.59%
continuous_0479_S5_strategy2.npz,9 -> 8 -> 6 -> 0 -> 1,9 -> 9 -> 8 -> 6 -> 0 -> 1,5,1,0,83.33%,100.00%,90.91%
continuous_0480_S5_strategy2.npz,6 -> 8 -> 0 -> 3 -> 2,6 -> 8 -> 0 -> 3 -> 2,5,0,0,100.00%,100.00%,100.00%
continuous_0481_S5_strategy2.npz,2 -> 3 -> 9 -> 8 -> 5 -> 0,2 -> 3 -> 3 -> 9 -> 8 -> 5 -> 5 -> 8 -> 0,6,3,0,66.67%,100.00%,80.00%
continuous_0482_S5_strategy2.npz,8 -> 3 -> 2 -> 7 -> 6 -> 0,8 -> 3 -> 3 -> 2 -> 7 -> 6 -> 6 -> 0,5,3,1,62.50%,83.33%,71.43%
continuous_0483_S5_strategy2.npz,2 -> 8 -> 3 -> 9 -> 6 -> 1,2 -> 8 -> 8 -> 3 -> 9 -> 6 -> 1,6,1,0,85.71%,100.00%,92.31%
continuous_0484_S5_strategy2.npz,7 -> 8 -> 1 -> 9 -> 0 -> 2 -> 3,7 -> 8 -> 7 -> 1 -> 1 -> 9 -> 6 -> 0 -> 7 -> 2 -> 3,6,5,1,54.55%,85.71%,66.67%
continuous_0485_S5_strategy2.npz,2 -> 9 -> 6 -> 3 -> 5 -> 4,2 -> 9 -> 6 -> 3 -> 5 -> 2 -> 4,6,1,0,85.71%,100.00%,92.31%
continuous_0486_S5_strategy2.npz,8 -> 0 -> 9 -> 1 -> 7 -> 5 -> 2,8 -> 0 -> 9 -> 1 -> 1 -> 7 -> 5 -> 2,7,1,0,87.50%,100.00%,93.33%
continuous_0487_S5_strategy2.npz,8 -> 0 -> 2 -> 4 -> 9,8 -> 8 -> 2 -> 4 -> 7 -> 9,4,2,1,66.67%,80.00%,72.73%
continuous_0488_S5_strategy2.npz,5 -> 3 -> 1 -> 8 -> 4,5 -> 5 -> 3 -> 1 -> 8 -> 4,5,1,0,83.33%,100.00%,90.91%
continuous_0489_S5_strategy2.npz,4 -> 7 -> 5 -> 8 -> 2 -> 0 -> 6,4 -> 7 -> 5 -> 8 -> 2 -> 1 -> 0 -> 8 -> 6,5,4,2,55.56%,71.43%,62.50%
continuous_0490_S5_strategy2.npz,0 -> 3 -> 7 -> 5 -> 1,0 -> 8 -> 3 -> 3 -> 5 -> 5 -> 6 -> 1,4,4,1,50.00%,80.00%,61.54%
continuous_0491_S5_strategy2.npz,3 -> 0 -> 5 -> 6 -> 4 -> 9,3 -> 3 -> 0 -> 5 -> 6 -> 4 -> 9 -> 9,6,2,0,75.00%,100.00%,85.71%
continuous_0492_S5_strategy2.npz,2 -> 1 -> 7 -> 8 -> 4 -> 9 -> 0,2 -> 1 -> 7 -> 8 -> 4 -> 9 -> 0,6,1,1,85.71%,85.71%,85.71%
continuous_0493_S5_strategy2.npz,7 -> 9 -> 0 -> 5 -> 1 -> 4 -> 2,7 -> 7 -> 9 -> 0 -> 5 -> 1 -> 4 -> 2 -> 2,7,2,0,77.78%,100.00%,87.50%
continuous_0494_S5_strategy2.npz,5 -> 1 -> 6 -> 8 -> 2,5 -> 1 -> 6 -> 6 -> 8 -> 8 -> 2 -> 2,5,3,0,62.50%,100.00%,76.92%
continuous_0495_S5_strategy2.npz,7 -> 6 -> 3 -> 2 -> 4 -> 8,7 -> 6 -> 6 -> 3 -> 6 -> 2 -> 4 -> 9 -> 8,6,3,0,66.67%,100.00%,80.00%
continuous_0496_S5_strategy2.npz,2 -> 8 -> 1 -> 4 -> 5 -> 3 -> 7,2 -> 8 -> 1 -> 4 -> 5 -> 3 -> 3 -> 9 -> 7,7,2,0,77.78%,100.00%,87.50%
continuous_0497_S5_strategy2.npz,8 -> 1 -> 9 -> 0 -> 2 -> 6 -> 7,8 -> 1 -> 9 -> 0 -> 9 -> 2 -> 6 -> 7,4,4,3,50.00%,57.14%,53.33%
continuous_0498_S5_strategy2.npz,1 -> 3 -> 8 -> 2 -> 0,1 -> 3 -> 8 -> 2 -> 2 -> 9,3,3,2,50.00%,60.00%,54.55%
continuous_0499_S5_strategy2.npz,8 -> 9 -> 3 -> 0 -> 2 -> 1 -> 7,8 -> 9 -> 3 -> 1 -> 8 -> 2 -> 9 -> 1 -> 9 -> 7,4,6,3,40.00%,57.14%,47.06%
continuous_0500_S5_strategy2.npz,0 -> 6 -> 2 -> 8 -> 7 -> 1,0 -> 6 -> 2 -> 0 -> 9 -> 7 -> 1,5,2,1,71.43%,83.33%,76.92%
continuous_0501_S5_strategy2.npz,3 -> 5 -> 8 -> 9 -> 7 -> 1 -> 4,3 -> 7 -> 8 -> 9 -> 7 -> 1 -> 1 -> 4,6,2,1,75.00%,85.71%,80.00%
continuous_0502_S5_strategy2.npz,6 -> 3 -> 5 -> 9 -> 4,6 -> 3 -> 7 -> 9 -> 4,4,1,1,80.00%,80.00%,80.00%
continuous_0503_S5_strategy2.npz,0 -> 6 -> 3 -> 4 -> 7 -> 9,0 -> 6 -> 6 -> 3 -> 4 -> 9 -> 7 -> 9,5,3,1,62.50%,83.33%,71.43%
continuous_0504_S5_strategy2.npz,4 -> 6 -> 8 -> 7 -> 2,4 -> 6 -> 8 -> 7 -> 2,5,0,0,100.00%,100.00%,100.00%
continuous_0505_S5_strategy2.npz,3 -> 9 -> 2 -> 8 -> 0 -> 5 -> 6,3 -> 9 -> 2 -> 1 -> 8 -> 0 -> 6 -> 5 -> 6,5,4,2,55.56%,71.43%,62.50%
continuous_0506_S5_strategy2.npz,7 -> 3 -> 6 -> 0 -> 5 -> 1,7 -> 3 -> 7 -> 6 -> 5 -> 0 -> 5 -> 1,5,3,1,62.50%,83.33%,71.43%
continuous_0507_S5_strategy2.npz,0 -> 1 -> 5 -> 2 -> 8 -> 3,0 -> 1 -> 5 -> 2 -> 8 -> 3,6,0,0,100.00%,100.00%,100.00%
continuous_0508_S5_strategy2.npz,4 -> 1 -> 8 -> 0 -> 2 -> 3 -> 6,4 -> 1 -> 8 -> 1 -> 0 -> 0 -> 2 -> 3 -> 3 -> 6,5,5,2,50.00%,71.43%,58.82%
continuous_0509_S5_strategy2.npz,2 -> 4 -> 5 -> 8 -> 0 -> 6 -> 3,2 -> 4 -> 5 -> 8 -> 7 -> 0 -> 6 -> 3,7,1,0,87.50%,100.00%,93.33%
continuous_0510_S5_strategy2.npz,4 -> 9 -> 7 -> 8 -> 0 -> 3 -> 6,4 -> 9 -> 7 -> 8 -> 0 -> 3 -> 6,6,1,1,85.71%,85.71%,85.71%
continuous_0511_S5_strategy2.npz,0 -> 6 -> 4 -> 1 -> 9 -> 7,0 -> 0 -> 6 -> 4 -> 1 -> 9 -> 9 -> 7,6,2,0,75.00%,100.00%,85.71%
continuous_0512_S5_strategy2.npz,0 -> 5 -> 8 -> 9 -> 2,0 -> 5 -> 8 -> 9 -> 6 -> 2,5,1,0,83.33%,100.00%,90.91%
continuous_0513_S5_strategy2.npz,1 -> 7 -> 3 -> 0 -> 9 -> 5,1 -> 7 -> 3 -> 0 -> 0 -> 9 -> 9 -> 5,4,4,2,50.00%,66.67%,57.14%
continuous_0514_S5_strategy2.npz,4 -> 3 -> 5 -> 2 -> 1,4 -> 3 -> 5 -> 2 -> 1,5,0,0,100.00%,100.00%,100.00%
continuous_0515_S5_strategy2.npz,6 -> 7 -> 1 -> 2 -> 5 -> 8,6 -> 7 -> 2 -> 1 -> 1 -> 2 -> 5 -> 8,6,2,0,75.00%,100.00%,85.71%
continuous_0516_S5_strategy2.npz,0 -> 1 -> 2 -> 4 -> 8 -> 5 -> 3,0 -> 1 -> 2 -> 4 -> 8 -> 5 -> 3 -> 3,5,3,2,62.50%,71.43%,66.67%
continuous_0517_S5_strategy2.npz,9 -> 3 -> 8 -> 7 -> 1,9 -> 3 -> 8 -> 7 -> 1,5,0,0,100.00%,100.00%,100.00%
continuous_0518_S5_strategy2.npz,5 -> 3 -> 9 -> 1 -> 0,5 -> 5 -> 3 -> 3 -> 9 -> 1 -> 1 -> 0,5,3,0,62.50%,100.00%,76.92%
continuous_0519_S5_strategy2.npz,4 -> 1 -> 7 -> 8 -> 5 -> 0,4 -> 1 -> 7 -> 8 -> 5 -> 0,5,1,1,83.33%,83.33%,83.33%
continuous_0520_S5_strategy2.npz,6 -> 4 -> 8 -> 0 -> 5 -> 7,6 -> 4 -> 6 -> 0 -> 5 -> 7,5,1,1,83.33%,83.33%,83.33%
continuous_0521_S5_strategy2.npz,5 -> 9 -> 8 -> 3 -> 7,5 -> 7 -> 9 -> 8 -> 3 -> 3 -> 3 -> 7,4,4,1,50.00%,80.00%,61.54%
continuous_0522_S5_strategy2.npz,7 -> 2 -> 3 -> 0 -> 5 -> 6,7 -> 6 -> 2 -> 2 -> 3 -> 3 -> 3 -> 0 -> 4 -> 5 -> 6 -> 6,6,6,0,50.00%,100.00%,66.67%
continuous_0523_S5_strategy2.npz,0 -> 1 -> 5 -> 9 -> 8,0 -> 1 -> 5 -> 8 -> 9 -> 8,5,1,0,83.33%,100.00%,90.91%
continuous_0524_S5_strategy2.npz,1 -> 4 -> 2 -> 9 -> 8 -> 6 -> 0,1 -> 4 -> 2 -> 9 -> 9 -> 8 -> 6 -> 6,6,2,1,75.00%,85.71%,80.00%
continuous_0525_S5_strategy2.npz,1 -> 6 -> 3 -> 5 -> 7 -> 2,1 -> 6 -> 3 -> 5 -> 1 -> 2,5,1,1,83.33%,83.33%,83.33%
continuous_0526_S5_strategy2.npz,7 -> 0 -> 3 -> 1 -> 4,7 -> 0 -> 8 -> 3 -> 3 -> 3 -> 1 -> 5 -> 4,3,6,2,33.33%,60.00%,42.86%
continuous_0527_S5_strategy2.npz,1 -> 8 -> 5 -> 0 -> 4 -> 9,1 -> 8 -> 5 -> 0 -> 0 -> 4 -> 9,6,1,0,85.71%,100.00%,92.31%
continuous_0528_S5_strategy2.npz,0 -> 1 -> 8 -> 6 -> 2 -> 9,0 -> 4 -> 1 -> 6 -> 6 -> 2 -> 9,5,2,1,71.43%,83.33%,76.92%
continuous_0529_S5_strategy2.npz,7 -> 1 -> 0 -> 8 -> 4,7 -> 1 -> 0 -> 8 -> 4,5,0,0,100.00%,100.00%,100.00%
continuous_0530_S5_strategy2.npz,9 -> 6 -> 3 -> 5 -> 4,9 -> 6 -> 3 -> 3 -> 5 -> 4,5,1,0,83.33%,100.00%,90.91%
continuous_0531_S5_strategy2.npz,7 -> 0 -> 1 -> 2 -> 9 -> 4,7 -> 0 -> 1 -> 1 -> 2 -> 1 -> 9 -> 4,6,2,0,75.00%,100.00%,85.71%
continuous_0532_S5_strategy2.npz,6 -> 4 -> 1 -> 8 -> 9 -> 2 -> 3,6 -> 4 -> 1 -> 1 -> 8 -> 6 -> 2 -> 3,6,2,1,75.00%,85.71%,80.00%
continuous_0533_S5_strategy2.npz,6 -> 9 -> 1 -> 3 -> 0,6 -> 6 -> 9 -> 7 -> 1 -> 3 -> 0,5,2,0,71.43%,100.00%,83.33%
continuous_0534_S5_strategy2.npz,1 -> 4 -> 8 -> 6 -> 5 -> 3,1 -> 1 -> 4 -> 1 -> 6 -> 5 -> 3,5,2,1,71.43%,83.33%,76.92%
continuous_0535_S5_strategy2.npz,6 -> 9 -> 7 -> 1 -> 4 -> 3,6 -> 1 -> 9 -> 7 -> 7 -> 1 -> 4 -> 3,6,2,0,75.00%,100.00%,85.71%
continuous_0536_S5_strategy2.npz,6 -> 9 -> 7 -> 3 -> 8 -> 0,6 -> 9 -> 7 -> 3 -> 8 -> 8 -> 0,6,1,0,85.71%,100.00%,92.31%
continuous_0537_S5_strategy2.npz,3 -> 0 -> 2 -> 9 -> 5 -> 1,3 -> 3 -> 0 -> 7 -> 2 -> 9 -> 5 -> 1,6,2,0,75.00%,100.00%,85.71%
continuous_0538_S5_strategy2.npz,3 -> 8 -> 9 -> 1 -> 4 -> 6,3 -> 3 -> 8 -> 9 -> 2 -> 0 -> 4 -> 0 -> 6,5,4,1,55.56%,83.33%,66.67%
continuous_0539_S5_strategy2.npz,4 -> 8 -> 9 -> 6 -> 2,4 -> 1 -> 8 -> 9 -> 6 -> 2,5,1,0,83.33%,100.00%,90.91%
continuous_0540_S5_strategy2.npz,3 -> 1 -> 2 -> 7 -> 4 -> 9 -> 6,3 -> 3 -> 1 -> 9 -> 2 -> 7 -> 4 -> 2 -> 9 -> 6,7,3,0,70.00%,100.00%,82.35%
continuous_0541_S5_strategy2.npz,1 -> 6 -> 2 -> 3 -> 9,1 -> 6 -> 6 -> 2 -> 2 -> 3 -> 9,4,3,1,57.14%,80.00%,66.67%
continuous_0542_S5_strategy2.npz,8 -> 7 -> 0 -> 2 -> 3 -> 6 -> 4,8 -> 7 -> 0 -> 2 -> 3 -> 6 -> 6 -> 4,4,4,3,50.00%,57.14%,53.33%
continuous_0543_S5_strategy2.npz,6 -> 4 -> 0 -> 5 -> 9 -> 2,6 -> 4 -> 2 -> 0 -> 5 -> 5 -> 6 -> 9 -> 1 -> 2,6,4,0,60.00%,100.00%,75.00%
continuous_0544_S5_strategy2.npz,7 -> 8 -> 5 -> 0 -> 9,7 -> 8 -> 8 -> 2 -> 4 -> 0 -> 9,4,3,1,57.14%,80.00%,66.67%
continuous_0545_S5_strategy2.npz,3 -> 8 -> 6 -> 2 -> 5,3 -> 8 -> 6 -> 6 -> 6 -> 2 -> 5,4,3,1,57.14%,80.00%,66.67%
continuous_0546_S5_strategy2.npz,4 -> 3 -> 6 -> 2 -> 1 -> 7 -> 9,4 -> 3 -> 3 -> 6 -> 6 -> 2 -> 1 -> 7 -> 2 -> 9,7,3,0,70.00%,100.00%,82.35%
continuous_0547_S5_strategy2.npz,1 -> 9 -> 0 -> 5 -> 8,1 -> 9 -> 0 -> 5 -> 8,5,0,0,100.00%,100.00%,100.00%
continuous_0548_S5_strategy2.npz,6 -> 7 -> 9 -> 1 -> 4,6 -> 7 -> 9 -> 1 -> 4,5,0,0,100.00%,100.00%,100.00%
continuous_0549_S5_strategy2.npz,5 -> 0 -> 2 -> 3 -> 8 -> 4,5 -> 0 -> 2 -> 2 -> 3 -> 3 -> 3 -> 3 -> 8 -> 7,3,7,3,30.00%,50.00%,37.50%
continuous_0550_S5_strategy2.npz,7 -> 5 -> 4 -> 8 -> 0 -> 3,7 -> 5 -> 5 -> 5 -> 8 -> 4 -> 8 -> 3 -> 0 -> 3,6,4,0,60.00%,100.00%,75.00%
continuous_0551_S5_strategy2.npz,5 -> 7 -> 0 -> 4 -> 1 -> 3 -> 2,5 -> 7 -> 8 -> 4 -> 2 -> 1 -> 1 -> 3 -> 3 -> 2,3,7,4,30.00%,42.86%,35.29%
continuous_0552_S5_strategy2.npz,8 -> 6 -> 0 -> 3 -> 7 -> 4,8 -> 6 -> 6 -> 0 -> 3 -> 2 -> 7 -> 9 -> 4,6,3,0,66.67%,100.00%,80.00%
continuous_0553_S5_strategy2.npz,7 -> 9 -> 4 -> 0 -> 5 -> 2,7 -> 9 -> 4 -> 1 -> 0 -> 2 -> 2,4,3,2,57.14%,66.67%,61.54%
continuous_0554_S5_strategy2.npz,4 -> 3 -> 8 -> 0 -> 1 -> 9 -> 5,4 -> 3 -> 8 -> 1 -> 0 -> 2 -> 1 -> 9 -> 5,4,5,3,44.44%,57.14%,50.00%
continuous_0555_S5_strategy2.npz,1 -> 4 -> 7 -> 9 -> 0 -> 6,1 -> 9 -> 9 -> 7 -> 9 -> 0 -> 6,5,2,1,71.43%,83.33%,76.92%
continuous_0556_S5_strategy2.npz,6 -> 4 -> 0 -> 7 -> 3 -> 2,6 -> 6 -> 4 -> 0 -> 7 -> 3 -> 3 -> 2,5,3,1,62.50%,83.33%,71.43%
continuous_0557_S5_strategy2.npz,5 -> 1 -> 6 -> 3 -> 7 -> 9,5 -> 1 -> 6 -> 3 -> 7 -> 9,5,1,1,83.33%,83.33%,83.33%
continuous_0558_S5_strategy2.npz,2 -> 0 -> 6 -> 3 -> 7,2 -> 0 -> 5 -> 6 -> 3 -> 7,4,2,1,66.67%,80.00%,72.73%
continuous_0559_S5_strategy2.npz,3 -> 8 -> 7 -> 1 -> 4 -> 6,3 -> 8 -> 7 -> 1 -> 9 -> 4 -> 6,6,1,0,85.71%,100.00%,92.31%
continuous_0560_S5_strategy2.npz,6 -> 3 -> 1 -> 0 -> 4 -> 2 -> 5,6 -> 3 -> 1 -> 0 -> 4 -> 2 -> 6 -> 2 -> 2 -> 5,3,7,4,30.00%,42.86%,35.29%
continuous_0561_S5_strategy2.npz,9 -> 7 -> 1 -> 3 -> 6 -> 5,9 -> 9 -> 7 -> 7 -> 3 -> 3 -> 6 -> 5,5,3,1,62.50%,83.33%,71.43%
continuous_0562_S5_strategy2.npz,9 -> 6 -> 0 -> 1 -> 4,9 -> 6 -> 0 -> 1 -> 0 -> 4,5,1,0,83.33%,100.00%,90.91%
continuous_0563_S5_strategy2.npz,5 -> 4 -> 8 -> 3 -> 0 -> 7,5 -> 4 -> 8 -> 8 -> 3 -> 0 -> 7,5,2,1,71.43%,83.33%,76.92%
continuous_0564_S5_strategy2.npz,5 -> 6 -> 9 -> 2 -> 7,5 -> 5 -> 6 -> 8 -> 9 -> 2 -> 7,4,3,1,57.14%,80.00%,66.67%
continuous_0565_S5_strategy2.npz,7 -> 2 -> 4 -> 3 -> 1 -> 5,7 -> 2 -> 4 -> 3 -> 1 -> 1,5,1,1,83.33%,83.33%,83.33%
continuous_0566_S5_strategy2.npz,7 -> 9 -> 0 -> 2 -> 6 -> 8,7 -> 9 -> 6 -> 0 -> 2 -> 6 -> 8,6,1,0,85.71%,100.00%,92.31%
continuous_0567_S5_strategy2.npz,3 -> 5 -> 2 -> 6 -> 9,3 -> 5 -> 5 -> 6 -> 2 -> 6 -> 9,5,2,0,71.43%,100.00%,83.33%
continuous_0568_S5_strategy2.npz,1 -> 7 -> 5 -> 2 -> 9,1 -> 7 -> 5 -> 7 -> 2 -> 2 -> 9,4,3,1,57.14%,80.00%,66.67%
continuous_0569_S5_strategy2.npz,4 -> 9 -> 1 -> 7 -> 0 -> 3 -> 8,4 -> 9 -> 1 -> 7 -> 0 -> 3 -> 8,7,0,0,100.00%,100.00%,100.00%
continuous_0570_S5_strategy2.npz,7 -> 3 -> 6 -> 0 -> 9 -> 5,7 -> 7 -> 3 -> 6 -> 9 -> 0 -> 9 -> 9 -> 5,6,3,0,66.67%,100.00%,80.00%
continuous_0571_S5_strategy2.npz,9 -> 1 -> 2 -> 5 -> 3 -> 6 -> 7,9 -> 1 -> 2 -> 5 -> 3 -> 6 -> 6 -> 7,7,1,0,87.50%,100.00%,93.33%
continuous_0572_S5_strategy2.npz,4 -> 8 -> 3 -> 1 -> 7,4 -> 8 -> 8 -> 3 -> 9 -> 1 -> 4 -> 7,5,3,0,62.50%,100.00%,76.92%
continuous_0573_S5_strategy2.npz,3 -> 5 -> 6 -> 0 -> 1 -> 9,3 -> 5 -> 6 -> 0 -> 0 -> 1 -> 9,4,3,2,57.14%,66.67%,61.54%
continuous_0574_S5_strategy2.npz,9 -> 8 -> 3 -> 7 -> 0,9 -> 9 -> 8 -> 1 -> 3 -> 7 -> 0,5,2,0,71.43%,100.00%,83.33%
continuous_0575_S5_strategy2.npz,5 -> 9 -> 8 -> 2 -> 0,5 -> 9 -> 3 -> 2 -> 0,4,1,1,80.00%,80.00%,80.00%
continuous_0576_S5_strategy2.npz,4 -> 0 -> 2 -> 5 -> 7 -> 1 -> 8,4 -> 0 -> 0 -> 2 -> 5 -> 7 -> 9 -> 1 -> 8,6,3,1,66.67%,85.71%,75.00%
continuous_0577_S5_strategy2.npz,3 -> 5 -> 6 -> 1 -> 0 -> 9,3 -> 5 -> 6 -> 5 -> 1 -> 0 -> 9,5,2,1,71.43%,83.33%,76.92%
continuous_0578_S5_strategy2.npz,5 -> 1 -> 9 -> 2 -> 0 -> 6,5 -> 6 -> 1 -> 9 -> 9 -> 2 -> 0 -> 8 -> 6,5,4,1,55.56%,83.33%,66.67%
continuous_0579_S5_strategy2.npz,4 -> 0 -> 5 -> 9 -> 6 -> 7,4 -> 4 -> 0 -> 5 -> 9 -> 7 -> 9 -> 7,5,3,1,62.50%,83.33%,71.43%
continuous_0580_S5_strategy2.npz,9 -> 2 -> 0 -> 3 -> 1 -> 7 -> 5,9 -> 2 -> 0 -> 3 -> 1 -> 7 -> 9,6,1,1,85.71%,85.71%,85.71%
continuous_0581_S5_strategy2.npz,4 -> 1 -> 5 -> 6 -> 0 -> 2 -> 3,4 -> 2 -> 1 -> 2 -> 9 -> 6 -> 0 -> 2 -> 3 -> 3,6,4,1,60.00%,85.71%,70.59%
continuous_0582_S5_strategy2.npz,5 -> 4 -> 2 -> 1 -> 3,5 -> 6 -> 4 -> 2 -> 1 -> 3,5,1,0,83.33%,100.00%,90.91%
continuous_0583_S5_strategy2.npz,0 -> 5 -> 7 -> 4 -> 3 -> 8 -> 1,0 -> 0 -> 5 -> 4 -> 7 -> 4 -> 3 -> 3 -> 8 -> 1,5,5,2,50.00%,71.43%,58.82%
continuous_0584_S5_strategy2.npz,0 -> 4 -> 1 -> 3 -> 8 -> 6,0 -> 0 -> 4 -> 1 -> 3 -> 8 -> 6,5,2,1,71.43%,83.33%,76.92%
continuous_0585_S5_strategy2.npz,4 -> 0 -> 3 -> 7 -> 1 -> 6,4 -> 1 -> 3 -> 7 -> 1 -> 1 -> 6,4,3,2,57.14%,66.67%,61.54%
continuous_0586_S5_strategy2.npz,9 -> 6 -> 3 -> 0 -> 2 -> 1 -> 5,9 -> 6 -> 7 -> 3 -> 7 -> 0 -> 2 -> 1 -> 5,6,3,1,66.67%,85.71%,75.00%
continuous_0587_S5_strategy2.npz,4 -> 2 -> 5 -> 0 -> 3 -> 7 -> 9,4 -> 2 -> 5 -> 0 -> 3 -> 3 -> 7 -> 9,5,3,2,62.50%,71.43%,66.67%
continuous_0588_S5_strategy2.npz,7 -> 1 -> 5 -> 9 -> 3 -> 2 -> 0,7 -> 4 -> 1 -> 5 -> 9 -> 3 -> 3 -> 9 -> 2 -> 6 -> 0,5,6,2,45.45%,71.43%,55.56%
continuous_0589_S5_strategy2.npz,9 -> 0 -> 5 -> 7 -> 3 -> 1,9 -> 0 -> 5 -> 7 -> 3 -> 3 -> 1,5,2,1,71.43%,83.33%,76.92%
continuous_0590_S5_strategy2.npz,2 -> 1 -> 7 -> 3 -> 5,2 -> 1 -> 7 -> 3 -> 6 -> 5,4,2,1,66.67%,80.00%,72.73%
continuous_0591_S5_strategy2.npz,6 -> 2 -> 3 -> 8 -> 1 -> 7,6 -> 2 -> 3 -> 0 -> 8 -> 7 -> 1 -> 0 -> 7,6,3,0,66.67%,100.00%,80.00%
continuous_0592_S5_strategy2.npz,9 -> 3 -> 4 -> 0 -> 7 -> 2 -> 5,9 -> 3 -> 4 -> 1 -> 0 -> 9 -> 2 -> 2 -> 4 -> 5,6,4,1,60.00%,85.71%,70.59%
continuous_0593_S5_strategy2.npz,2 -> 6 -> 8 -> 3 -> 7,2 -> 6 -> 8 -> 3 -> 7,5,0,0,100.00%,100.00%,100.00%
continuous_0594_S5_strategy2.npz,6 -> 0 -> 9 -> 4 -> 8 -> 3 -> 7,6 -> 8 -> 0 -> 9 -> 9 -> 4 -> 8 -> 3 -> 7,7,2,0,77.78%,100.00%,87.50%
continuous_0595_S5_strategy2.npz,4 -> 7 -> 0 -> 1 -> 8 -> 3,4 -> 7 -> 7 -> 0 -> 1 -> 8 -> 3,4,3,2,57.14%,66.67%,61.54%
continuous_0596_S5_strategy2.npz,5 -> 7 -> 0 -> 1 -> 9 -> 2 -> 3,5 -> 5 -> 7 -> 0 -> 4 -> 1 -> 9 -> 2 -> 3,6,3,1,66.67%,85.71%,75.00%
continuous_0597_S5_strategy2.npz,7 -> 5 -> 2 -> 3 -> 6,7 -> 5 -> 2 -> 2 -> 3 -> 7 -> 6,4,3,1,57.14%,80.00%,66.67%
continuous_0598_S5_strategy2.npz,4 -> 2 -> 7 -> 6 -> 0 -> 8 -> 1,4 -> 2 -> 7 -> 6 -> 9 -> 0 -> 4 -> 8 -> 1,6,3,1,66.67%,85.71%,75.00%
continuous_0599_S5_strategy2.npz,2 -> 3 -> 6 -> 5 -> 0 -> 8 -> 1,2 -> 3 -> 3 -> 6 -> 6 -> 5 -> 5 -> 0 -> 8 -> 1,4,6,3,40.00%,57.14%,47.06%
continuous_0600_S5_strategy2.npz,9 -> 5 -> 1 -> 3 -> 8,9 -> 5 -> 2 -> 1 -> 1 -> 3 -> 8,4,3,1,57.14%,80.00%,66.67%
continuous_0601_S5_strategy2.npz,0 -> 5 -> 4 -> 2 -> 9 -> 6,0 -> 9 -> 4 -> 4 -> 1 -> 2 -> 9 -> 6,5,3,1,62.50%,83.33%,71.43%
continuous_0602_S5_strategy2.npz,4 -> 7 -> 3 -> 9 -> 8 -> 2,4 -> 7 -> 3 -> 2 -> 9 -> 9 -> 9 -> 2,4,4,2,50.00%,66.67%,57.14%
continuous_0603_S5_strategy2.npz,9 -> 0 -> 6 -> 4 -> 2,9 -> 4 -> 6 -> 9 -> 2,3,2,2,60.00%,60.00%,60.00%
continuous_0604_S5_strategy2.npz,2 -> 8 -> 4 -> 0 -> 9 -> 3,2 -> 8 -> 2 -> 0 -> 9 -> 3,5,1,1,83.33%,83.33%,83.33%
continuous_0605_S5_strategy2.npz,0 -> 2 -> 4 -> 1 -> 3 -> 6 -> 9,0 -> 2 -> 4 -> 1 -> 3 -> 3 -> 6 -> 9,5,3,2,62.50%,71.43%,66.67%
continuous_0606_S5_strategy2.npz,2 -> 6 -> 4 -> 8 -> 9 -> 1,2 -> 2 -> 6 -> 4 -> 4 -> 8 -> 9 -> 0 -> 1,6,3,0,66.67%,100.00%,80.00%
continuous_0607_S5_strategy2.npz,9 -> 4 -> 6 -> 1 -> 7 -> 2,9 -> 4 -> 6 -> 1 -> 7 -> 3 -> 2,5,2,1,71.43%,83.33%,76.92%
continuous_0608_S5_strategy2.npz,3 -> 0 -> 4 -> 2 -> 1,3 -> 0 -> 1 -> 4 -> 2 -> 2 -> 2 -> 1,4,4,1,50.00%,80.00%,61.54%
continuous_0609_S5_strategy2.npz,3 -> 2 -> 5 -> 8 -> 0,3 -> 2 -> 5 -> 5 -> 8 -> 6 -> 0,4,3,1,57.14%,80.00%,66.67%
continuous_0610_S5_strategy2.npz,3 -> 6 -> 2 -> 4 -> 0 -> 8 -> 7,3 -> 6 -> 2 -> 9 -> 4 -> 0 -> 8 -> 8 -> 7,4,5,3,44.44%,57.14%,50.00%
continuous_0611_S5_strategy2.npz,3 -> 8 -> 2 -> 7 -> 9 -> 6 -> 5,3 -> 3 -> 8 -> 2 -> 2 -> 4 -> 7 -> 9 -> 7 -> 6 -> 7 -> 5,7,5,0,58.33%,100.00%,73.68%
continuous_0612_S5_strategy2.npz,9 -> 2 -> 8 -> 0 -> 4 -> 5 -> 7,9 -> 2 -> 8 -> 5 -> 0 -> 4 -> 5 -> 7,5,3,2,62.50%,71.43%,66.67%
continuous_0613_S5_strategy2.npz,6 -> 4 -> 5 -> 3 -> 0,6 -> 4 -> 4 -> 5 -> 3 -> 3 -> 0,5,2,0,71.43%,100.00%,83.33%
continuous_0614_S5_strategy2.npz,1 -> 8 -> 3 -> 4 -> 7,1 -> 8 -> 3 -> 3 -> 4 -> 5 -> 7,5,2,0,71.43%,100.00%,83.33%
continuous_0615_S5_strategy2.npz,7 -> 9 -> 6 -> 3 -> 8 -> 5 -> 2,7 -> 9 -> 6 -> 3 -> 8 -> 6 -> 2,6,1,1,85.71%,85.71%,85.71%
continuous_0616_S5_strategy2.npz,8 -> 6 -> 7 -> 1 -> 3 -> 5,8 -> 6 -> 4 -> 7 -> 1 -> 3 -> 3 -> 5,5,3,1,62.50%,83.33%,71.43%
continuous_0617_S5_strategy2.npz,7 -> 2 -> 8 -> 6 -> 1 -> 9 -> 3,7 -> 2 -> 2 -> 8 -> 6 -> 1 -> 9 -> 7 -> 3,7,2,0,77.78%,100.00%,87.50%
continuous_0618_S5_strategy2.npz,6 -> 0 -> 4 -> 3 -> 1,6 -> 0 -> 9 -> 4 -> 3 -> 3 -> 1,4,3,1,57.14%,80.00%,66.67%
continuous_0619_S5_strategy2.npz,3 -> 6 -> 7 -> 4 -> 2,3 -> 6 -> 1 -> 7 -> 4 -> 2,5,1,0,83.33%,100.00%,90.91%
continuous_0620_S5_strategy2.npz,6 -> 7 -> 8 -> 0 -> 1 -> 3,6 -> 6 -> 7 -> 7 -> 8 -> 0 -> 4 -> 1 -> 3,5,4,1,55.56%,83.33%,66.67%
continuous_0621_S5_strategy2.npz,6 -> 7 -> 9 -> 3 -> 2 -> 0,6 -> 7 -> 9 -> 3 -> 3 -> 2 -> 0,5,2,1,71.43%,83.33%,76.92%
continuous_0622_S5_strategy2.npz,2 -> 0 -> 5 -> 6 -> 4 -> 7 -> 9,2 -> 0 -> 0 -> 9 -> 5 -> 6 -> 8 -> 4 -> 8 -> 7 -> 9,7,4,0,63.64%,100.00%,77.78%
continuous_0623_S5_strategy2.npz,8 -> 7 -> 5 -> 2 -> 9 -> 0,8 -> 7 -> 5 -> 5 -> 2 -> 9 -> 9 -> 9,5,3,1,62.50%,83.33%,71.43%
continuous_0624_S5_strategy2.npz,1 -> 6 -> 9 -> 3 -> 0 -> 8 -> 5,1 -> 6 -> 9 -> 3 -> 0 -> 8 -> 5,6,1,1,85.71%,85.71%,85.71%
continuous_0625_S5_strategy2.npz,5 -> 6 -> 0 -> 9 -> 8 -> 1,5 -> 6 -> 0 -> 2 -> 9 -> 8 -> 1,6,1,0,85.71%,100.00%,92.31%
continuous_0626_S5_strategy2.npz,7 -> 1 -> 6 -> 5 -> 4 -> 2,7 -> 1 -> 6 -> 5 -> 7 -> 4 -> 2 -> 2,4,4,2,50.00%,66.67%,57.14%
continuous_0627_S5_strategy2.npz,3 -> 2 -> 1 -> 8 -> 0,3 -> 2 -> 1 -> 8 -> 0,5,0,0,100.00%,100.00%,100.00%
continuous_0628_S5_strategy2.npz,2 -> 8 -> 9 -> 7 -> 0 -> 4 -> 5,2 -> 8 -> 8 -> 9 -> 7 -> 0 -> 4 -> 5,7,1,0,87.50%,100.00%,93.33%
continuous_0629_S5_strategy2.npz,5 -> 6 -> 1 -> 0 -> 2,5 -> 0 -> 6 -> 1 -> 1 -> 6 -> 0 -> 2,5,3,0,62.50%,100.00%,76.92%
continuous_0630_S5_strategy2.npz,0 -> 6 -> 1 -> 3 -> 5,0 -> 8 -> 6 -> 1 -> 3 -> 5,5,1,0,83.33%,100.00%,90.91%
continuous_0631_S5_strategy2.npz,5 -> 6 -> 4 -> 1 -> 9 -> 0,5 -> 6 -> 4 -> 5 -> 6 -> 9 -> 9 -> 0,5,3,1,62.50%,83.33%,71.43%
continuous_0632_S5_strategy2.npz,7 -> 5 -> 0 -> 9 -> 1,7 -> 5 -> 0 -> 9 -> 1,5,0,0,100.00%,100.00%,100.00%
continuous_0633_S5_strategy2.npz,0 -> 9 -> 4 -> 7 -> 1 -> 3 -> 6,0 -> 9 -> 4 -> 7 -> 1 -> 1 -> 3 -> 6,7,1,0,87.50%,100.00%,93.33%
continuous_0634_S5_strategy2.npz,5 -> 7 -> 9 -> 3 -> 1 -> 4 -> 2,5 -> 7 -> 9 -> 3 -> 3 -> 1 -> 7 -> 4 -> 2 -> 2,5,5,2,50.00%,71.43%,58.82%
continuous_0635_S5_strategy2.npz,8 -> 0 -> 9 -> 2 -> 7 -> 3,8 -> 7 -> 8 -> 9 -> 9 -> 2 -> 7 -> 3 -> 3,5,4,1,55.56%,83.33%,66.67%
continuous_0636_S5_strategy2.npz,3 -> 2 -> 4 -> 0 -> 7 -> 5,3 -> 2 -> 2 -> 7 -> 4 -> 7 -> 0 -> 7 -> 5,4,5,2,44.44%,66.67%,53.33%
continuous_0637_S5_strategy2.npz,8 -> 1 -> 7 -> 3 -> 6 -> 2 -> 0,8 -> 7 -> 1 -> 7 -> 3 -> 6 -> 5 -> 2 -> 0,7,2,0,77.78%,100.00%,87.50%
continuous_0638_S5_strategy2.npz,8 -> 5 -> 7 -> 1 -> 0 -> 4 -> 6,8 -> 5 -> 7 -> 1 -> 0 -> 6 -> 1,5,2,2,71.43%,71.43%,71.43%
continuous_0639_S5_strategy2.npz,9 -> 3 -> 4 -> 5 -> 1,9 -> 3 -> 4 -> 5 -> 1,4,1,1,80.00%,80.00%,80.00%
continuous_0640_S5_strategy2.npz,7 -> 8 -> 4 -> 2 -> 5 -> 3 -> 6,7 -> 8 -> 7 -> 7 -> 4 -> 2 -> 2 -> 3 -> 5,5,4,2,55.56%,71.43%,62.50%
continuous_0641_S5_strategy2.npz,3 -> 7 -> 8 -> 1 -> 2,3 -> 6 -> 7 -> 8 -> 4 -> 2,4,2,1,66.67%,80.00%,72.73%
continuous_0642_S5_strategy2.npz,5 -> 9 -> 3 -> 0 -> 1,5 -> 5 -> 9 -> 3 -> 0 -> 9 -> 1,5,2,0,71.43%,100.00%,83.33%
continuous_0643_S5_strategy2.npz,8 -> 1 -> 4 -> 9 -> 5,8 -> 1 -> 4 -> 9 -> 5,4,1,1,80.00%,80.00%,80.00%
continuous_0644_S5_strategy2.npz,2 -> 4 -> 9 -> 6 -> 8 -> 7 -> 0,2 -> 4 -> 9 -> 0 -> 6 -> 6 -> 1 -> 8 -> 7 -> 0,4,6,3,40.00%,57.14%,47.06%
continuous_0645_S5_strategy2.npz,6 -> 1 -> 0 -> 7 -> 8 -> 9,6 -> 6 -> 1 -> 1 -> 1 -> 0 -> 7 -> 8 -> 9,5,4,1,55.56%,83.33%,66.67%
continuous_0646_S5_strategy2.npz,4 -> 6 -> 7 -> 8 -> 0,4 -> 6 -> 7 -> 8 -> 0,5,0,0,100.00%,100.00%,100.00%
continuous_0647_S5_strategy2.npz,8 -> 6 -> 2 -> 0 -> 3 -> 9,8 -> 6 -> 2 -> 0 -> 3 -> 3 -> 9 -> 9,6,2,0,75.00%,100.00%,85.71%
continuous_0648_S5_strategy2.npz,6 -> 9 -> 7 -> 0 -> 2,6 -> 5 -> 9 -> 7 -> 0 -> 2,5,1,0,83.33%,100.00%,90.91%
continuous_0649_S5_strategy2.npz,5 -> 2 -> 8 -> 3 -> 6 -> 1,5 -> 5 -> 2 -> 8 -> 3 -> 6 -> 9 -> 1,5,3,1,62.50%,83.33%,71.43%
continuous_0650_S5_strategy2.npz,6 -> 9 -> 8 -> 0 -> 1 -> 4 -> 2,6 -> 9 -> 8 -> 0 -> 1 -> 4 -> 2,7,0,0,100.00%,100.00%,100.00%
continuous_0651_S5_strategy2.npz,9 -> 8 -> 6 -> 3 -> 5 -> 0 -> 4,9 -> 8 -> 6 -> 3 -> 3 -> 5 -> 6 -> 0 -> 0,6,3,1,66.67%,85.71%,75.00%
continuous_0652_S5_strategy2.npz,1 -> 8 -> 2 -> 5 -> 4 -> 3,1 -> 8 -> 2 -> 5 -> 2 -> 4 -> 3,6,1,0,85.71%,100.00%,92.31%
continuous_0653_S5_strategy2.npz,6 -> 1 -> 2 -> 3 -> 7,6 -> 1 -> 2 -> 3 -> 3 -> 3 -> 7,4,3,1,57.14%,80.00%,66.67%
continuous_0654_S5_strategy2.npz,4 -> 1 -> 2 -> 9 -> 8,4 -> 1 -> 2 -> 9 -> 8 -> 8,3,3,2,50.00%,60.00%,54.55%
continuous_0655_S5_strategy2.npz,2 -> 5 -> 3 -> 4 -> 8 -> 1,2 -> 9 -> 3 -> 9 -> 4 -> 8 -> 1,4,3,2,57.14%,66.67%,61.54%
continuous_0656_S5_strategy2.npz,1 -> 5 -> 7 -> 8 -> 9 -> 4,1 -> 5 -> 5 -> 7 -> 8 -> 8 -> 9 -> 4,5,3,1,62.50%,83.33%,71.43%
continuous_0657_S5_strategy2.npz,5 -> 6 -> 8 -> 4 -> 7,5 -> 6 -> 8 -> 4 -> 7,5,0,0,100.00%,100.00%,100.00%
continuous_0658_S5_strategy2.npz,2 -> 9 -> 3 -> 4 -> 6,2 -> 9 -> 9 -> 3 -> 3 -> 7 -> 4 -> 6,4,4,1,50.00%,80.00%,61.54%
continuous_0659_S5_strategy2.npz,5 -> 2 -> 4 -> 8 -> 7 -> 9,5 -> 7 -> 7 -> 2 -> 6 -> 8 -> 7 -> 9,3,5,3,37.50%,50.00%,42.86%
continuous_0660_S5_strategy2.npz,4 -> 0 -> 3 -> 8 -> 6,4 -> 2 -> 0 -> 3 -> 3 -> 8 -> 6,5,2,0,71.43%,100.00%,83.33%
continuous_0661_S5_strategy2.npz,0 -> 2 -> 7 -> 4 -> 9,0 -> 2 -> 7 -> 8 -> 9 -> 9,4,2,1,66.67%,80.00%,72.73%
continuous_0662_S5_strategy2.npz,0 -> 2 -> 9 -> 8 -> 6 -> 7 -> 4,0 -> 9 -> 2 -> 9 -> 8 -> 6 -> 7 -> 4,7,1,0,87.50%,100.00%,93.33%
continuous_0663_S5_strategy2.npz,4 -> 6 -> 3 -> 1 -> 5 -> 2,4 -> 6 -> 3 -> 3 -> 6 -> 1 -> 5 -> 6 -> 2,6,3,0,66.67%,100.00%,80.00%
continuous_0664_S5_strategy2.npz,5 -> 9 -> 4 -> 1 -> 2,5 -> 9 -> 4 -> 1 -> 2 -> 2,5,1,0,83.33%,100.00%,90.91%
continuous_0665_S5_strategy2.npz,2 -> 1 -> 7 -> 3 -> 8,2 -> 1 -> 1 -> 1 -> 7 -> 3 -> 8,5,2,0,71.43%,100.00%,83.33%
continuous_0666_S5_strategy2.npz,3 -> 4 -> 8 -> 1 -> 5 -> 2,3 -> 4 -> 7 -> 8 -> 1 -> 5 -> 6,5,2,1,71.43%,83.33%,76.92%
continuous_0667_S5_strategy2.npz,8 -> 0 -> 9 -> 4 -> 5 -> 7,8 -> 2 -> 0 -> 9 -> 4 -> 0 -> 5 -> 7,5,3,1,62.50%,83.33%,71.43%
continuous_0668_S5_strategy2.npz,7 -> 9 -> 1 -> 3 -> 6 -> 5,7 -> 9 -> 1 -> 3 -> 1 -> 6 -> 5,6,1,0,85.71%,100.00%,92.31%
continuous_0669_S5_strategy2.npz,5 -> 3 -> 4 -> 8 -> 2,5 -> 3 -> 4 -> 8 -> 2,5,0,0,100.00%,100.00%,100.00%
continuous_0670_S5_strategy2.npz,6 -> 9 -> 2 -> 7 -> 8,6 -> 6 -> 9 -> 9 -> 2 -> 7 -> 6 -> 8,5,3,0,62.50%,100.00%,76.92%
continuous_0671_S5_strategy2.npz,5 -> 2 -> 6 -> 8 -> 1 -> 7 -> 4,5 -> 2 -> 1 -> 5 -> 8 -> 1 -> 7 -> 4,6,2,1,75.00%,85.71%,80.00%
continuous_0672_S5_strategy2.npz,3 -> 0 -> 4 -> 2 -> 8 -> 7 -> 1,3 -> 0 -> 0 -> 4 -> 7 -> 8 -> 7 -> 7 -> 1,6,3,1,66.67%,85.71%,75.00%
continuous_0673_S5_strategy2.npz,3 -> 6 -> 2 -> 7 -> 8 -> 1 -> 5,3 -> 6 -> 6 -> 2 -> 9 -> 7 -> 8 -> 6 -> 5,6,3,1,66.67%,85.71%,75.00%
continuous_0674_S5_strategy2.npz,3 -> 2 -> 6 -> 5 -> 9,3 -> 2 -> 2 -> 6 -> 5 -> 9,4,2,1,66.67%,80.00%,72.73%
continuous_0675_S5_strategy2.npz,5 -> 3 -> 1 -> 2 -> 7 -> 8 -> 9,5 -> 3 -> 4 -> 1 -> 2 -> 7 -> 8 -> 8 -> 9,6,3,1,66.67%,85.71%,75.00%
continuous_0676_S5_strategy2.npz,0 -> 2 -> 5 -> 4 -> 1,0 -> 2 -> 2 -> 5 -> 4 -> 4 -> 1,5,2,0,71.43%,100.00%,83.33%
continuous_0677_S5_strategy2.npz,2 -> 3 -> 9 -> 6 -> 8,2 -> 3 -> 3 -> 9 -> 6 -> 8,5,1,0,83.33%,100.00%,90.91%
continuous_0678_S5_strategy2.npz,6 -> 4 -> 3 -> 1 -> 9 -> 5,6 -> 6 -> 4 -> 3 -> 3 -> 1 -> 9 -> 9 -> 5,6,3,0,66.67%,100.00%,80.00%
continuous_0679_S5_strategy2.npz,7 -> 3 -> 2 -> 4 -> 1 -> 9,7 -> 3 -> 2 -> 4 -> 1 -> 9,6,0,0,100.00%,100.00%,100.00%
continuous_0680_S5_strategy2.npz,6 -> 7 -> 5 -> 3 -> 9,6 -> 7 -> 5 -> 3 -> 3 -> 9,5,1,0,83.33%,100.00%,90.91%
continuous_0681_S5_strategy2.npz,8 -> 2 -> 9 -> 1 -> 3 -> 5 -> 0,8 -> 2 -> 9 -> 0 -> 3 -> 6 -> 5 -> 0,6,2,1,75.00%,85.71%,80.00%
continuous_0682_S5_strategy2.npz,2 -> 9 -> 5 -> 8 -> 0 -> 4 -> 1,2 -> 9 -> 5 -> 3 -> 8 -> 4 -> 4 -> 1,6,2,1,75.00%,85.71%,80.00%
continuous_0683_S5_strategy2.npz,9 -> 2 -> 0 -> 7 -> 6 -> 8,9 -> 2 -> 2 -> 2 -> 0 -> 7 -> 7 -> 1 -> 8,5,4,1,55.56%,83.33%,66.67%
continuous_0684_S5_strategy2.npz,2 -> 3 -> 4 -> 7 -> 8 -> 9,2 -> 3 -> 3 -> 6 -> 0 -> 7 -> 8 -> 8 -> 9,5,4,1,55.56%,83.33%,66.67%
continuous_0685_S5_strategy2.npz,0 -> 6 -> 2 -> 1 -> 3,0 -> 6 -> 9 -> 2 -> 1 -> 3,4,2,1,66.67%,80.00%,72.73%
continuous_0686_S5_strategy2.npz,1 -> 7 -> 6 -> 2 -> 3 -> 0 -> 8,1 -> 7 -> 4 -> 6 -> 2 -> 3 -> 6 -> 0 -> 8 -> 8,7,3,0,70.00%,100.00%,82.35%
continuous_0687_S5_strategy2.npz,9 -> 2 -> 0 -> 5 -> 8 -> 1 -> 7,9 -> 2 -> 0 -> 5 -> 8 -> 9 -> 1 -> 1 -> 7,3,6,4,33.33%,42.86%,37.50%
continuous_0688_S5_strategy2.npz,9 -> 3 -> 8 -> 6 -> 2 -> 0 -> 1,9 -> 3 -> 3 -> 3 -> 8 -> 6 -> 2 -> 0 -> 1,7,2,0,77.78%,100.00%,87.50%
continuous_0689_S5_strategy2.npz,5 -> 1 -> 9 -> 0 -> 7 -> 8,5 -> 1 -> 1 -> 9 -> 0 -> 9 -> 8,3,4,3,42.86%,50.00%,46.15%
continuous_0690_S5_strategy2.npz,8 -> 9 -> 0 -> 5 -> 4 -> 2 -> 3,8 -> 9 -> 0 -> 5 -> 4 -> 2 -> 2 -> 3,7,1,0,87.50%,100.00%,93.33%
continuous_0691_S5_strategy2.npz,7 -> 9 -> 3 -> 5 -> 0 -> 8 -> 4,7 -> 3 -> 9 -> 3 -> 5 -> 0 -> 7 -> 8 -> 6,6,3,1,66.67%,85.71%,75.00%
continuous_0692_S5_strategy2.npz,6 -> 8 -> 0 -> 3 -> 2,6 -> 8 -> 4 -> 3 -> 2,4,1,1,80.00%,80.00%,80.00%
continuous_0693_S5_strategy2.npz,6 -> 0 -> 7 -> 4 -> 5 -> 2,6 -> 7 -> 0 -> 7 -> 4 -> 5 -> 2,6,1,0,85.71%,100.00%,92.31%
continuous_0694_S5_strategy2.npz,7 -> 2 -> 6 -> 0 -> 4 -> 3,7 -> 2 -> 6 -> 0 -> 4 -> 3,6,0,0,100.00%,100.00%,100.00%
continuous_0695_S5_strategy2.npz,5 -> 0 -> 3 -> 7 -> 8,5 -> 2 -> 0 -> 3 -> 7 -> 7 -> 8,5,2,0,71.43%,100.00%,83.33%
continuous_0696_S5_strategy2.npz,8 -> 3 -> 7 -> 1 -> 2 -> 6,8 -> 6 -> 3 -> 3 -> 5 -> 7 -> 1 -> 1 -> 2 -> 2 -> 2 -> 6,4,8,2,33.33%,66.67%,44.44%
continuous_0697_S5_strategy2.npz,1 -> 0 -> 9 -> 6 -> 8 -> 4,1 -> 0 -> 9 -> 6 -> 8 -> 4,6,0,0,100.00%,100.00%,100.00%
continuous_0698_S5_strategy2.npz,5 -> 8 -> 7 -> 4 -> 2 -> 0 -> 9,5 -> 5 -> 2 -> 8 -> 7 -> 4 -> 7 -> 2 -> 6 -> 0 -> 9,6,5,1,54.55%,85.71%,66.67%
continuous_0699_S5_strategy2.npz,1 -> 6 -> 4 -> 7 -> 2,1 -> 6 -> 9 -> 2 -> 4 -> 7 -> 8,4,3,1,57.14%,80.00%,66.67%
continuous_0700_S5_strategy2.npz,3 -> 5 -> 4 -> 0 -> 2 -> 9,3 -> 5 -> 4 -> 2 -> 0 -> 2 -> 9,5,2,1,71.43%,83.33%,76.92%
continuous_0701_S5_strategy2.npz,6 -> 1 -> 0 -> 5 -> 8,6 -> 5 -> 1 -> 0 -> 8 -> 5 -> 8,5,2,0,71.43%,100.00%,83.33%
continuous_0702_S5_strategy2.npz,8 -> 2 -> 6 -> 7 -> 9 -> 4 -> 3,8 -> 2 -> 6 -> 7 -> 9 -> 1 -> 4 -> 3,7,1,0,87.50%,100.00%,93.33%
continuous_0703_S5_strategy2.npz,8 -> 1 -> 3 -> 6 -> 0,8 -> 1 -> 3 -> 3 -> 6 -> 5 -> 2 -> 0,2,6,3,25.00%,40.00%,30.77%
continuous_0704_S5_strategy2.npz,6 -> 9 -> 7 -> 2 -> 3 -> 1 -> 0,6 -> 9 -> 9 -> 7 -> 2 -> 3 -> 1 -> 1 -> 1 -> 0,5,5,2,50.00%,71.43%,58.82%
continuous_0705_S5_strategy2.npz,4 -> 1 -> 7 -> 0 -> 3 -> 8 -> 9,4 -> 1 -> 7 -> 1 -> 0 -> 3 -> 8 -> 9,7,1,0,87.50%,100.00%,93.33%
continuous_0706_S5_strategy2.npz,7 -> 6 -> 1 -> 8 -> 3,7 -> 6 -> 1 -> 8 -> 3,5,0,0,100.00%,100.00%,100.00%
continuous_0707_S5_strategy2.npz,0 -> 8 -> 9 -> 1 -> 7 -> 5,0 -> 4 -> 8 -> 7 -> 9 -> 1 -> 7 -> 5,5,3,1,62.50%,83.33%,71.43%
continuous_0708_S5_strategy2.npz,6 -> 4 -> 0 -> 1 -> 2 -> 7 -> 3,6 -> 7 -> 4 -> 2 -> 6 -> 0 -> 1 -> 1 -> 2 -> 7 -> 3,7,4,0,63.64%,100.00%,77.78%
continuous_0709_S5_strategy2.npz,8 -> 7 -> 3 -> 9 -> 5 -> 4 -> 1,8 -> 8 -> 7 -> 3 -> 3 -> 9 -> 5 -> 4 -> 1,6,3,1,66.67%,85.71%,75.00%
continuous_0710_S5_strategy2.npz,9 -> 4 -> 3 -> 8 -> 6 -> 1 -> 5,9 -> 4 -> 3 -> 8 -> 7 -> 6 -> 1 -> 5,7,1,0,87.50%,100.00%,93.33%
continuous_0711_S5_strategy2.npz,7 -> 3 -> 2 -> 1 -> 6,7 -> 3 -> 2 -> 1 -> 6,5,0,0,100.00%,100.00%,100.00%
continuous_0712_S5_strategy2.npz,2 -> 5 -> 9 -> 1 -> 0 -> 6 -> 4,2 -> 2 -> 5 -> 9 -> 7 -> 0 -> 6 -> 4,6,2,1,75.00%,85.71%,80.00%
continuous_0713_S5_strategy2.npz,9 -> 7 -> 3 -> 1 -> 4,9 -> 7 -> 3 -> 1 -> 4,5,0,0,100.00%,100.00%,100.00%
continuous_0714_S5_strategy2.npz,4 -> 6 -> 2 -> 8 -> 5,4 -> 6 -> 7 -> 2 -> 8 -> 8 -> 5,5,2,0,71.43%,100.00%,83.33%
continuous_0715_S5_strategy2.npz,1 -> 6 -> 8 -> 5 -> 4 -> 7,1 -> 6 -> 6 -> 8 -> 5 -> 4 -> 7,6,1,0,85.71%,100.00%,92.31%
continuous_0716_S5_strategy2.npz,1 -> 3 -> 7 -> 9 -> 5,1 -> 3 -> 7 -> 9 -> 5,5,0,0,100.00%,100.00%,100.00%
continuous_0717_S5_strategy2.npz,9 -> 5 -> 0 -> 2 -> 1 -> 7 -> 8,9 -> 5 -> 5 -> 5 -> 0 -> 9 -> 1 -> 7 -> 8 -> 8,6,4,1,60.00%,85.71%,70.59%
continuous_0718_S5_strategy2.npz,8 -> 9 -> 3 -> 6 -> 2 -> 1,8 -> 8 -> 9 -> 3 -> 3 -> 2 -> 1,4,3,2,57.14%,66.67%,61.54%
continuous_0719_S5_strategy2.npz,3 -> 6 -> 2 -> 8 -> 7,3 -> 6 -> 2 -> 8 -> 7 -> 7,5,1,0,83.33%,100.00%,90.91%
continuous_0720_S5_strategy2.npz,2 -> 8 -> 0 -> 9 -> 1,2 -> 2 -> 8 -> 2 -> 0 -> 4 -> 9 -> 1,4,4,1,50.00%,80.00%,61.54%
continuous_0721_S5_strategy2.npz,6 -> 4 -> 0 -> 2 -> 8,6 -> 2 -> 4 -> 0 -> 2 -> 8,5,1,0,83.33%,100.00%,90.91%
continuous_0722_S5_strategy2.npz,8 -> 0 -> 5 -> 4 -> 1 -> 2 -> 6,8 -> 0 -> 5 -> 4 -> 0 -> 1 -> 1 -> 2 -> 2 -> 6,6,4,1,60.00%,85.71%,70.59%
continuous_0723_S5_strategy2.npz,0 -> 8 -> 5 -> 3 -> 6 -> 9 -> 2,0 -> 8 -> 5 -> 3 -> 3 -> 7 -> 6 -> 9 -> 2,6,3,1,66.67%,85.71%,75.00%
continuous_0724_S5_strategy2.npz,6 -> 4 -> 0 -> 5 -> 1 -> 7 -> 8,6 -> 8 -> 9 -> 5 -> 6 -> 1 -> 5 -> 7 -> 8,4,5,3,44.44%,57.14%,50.00%
continuous_0725_S5_strategy2.npz,8 -> 4 -> 5 -> 6 -> 1 -> 0 -> 2,8 -> 4 -> 5 -> 6 -> 6 -> 0 -> 1 -> 6 -> 0 -> 2 -> 2,3,8,4,27.27%,42.86%,33.33%
continuous_0726_S5_strategy2.npz,4 -> 7 -> 2 -> 0 -> 9 -> 1,4 -> 7 -> 2 -> 0 -> 7 -> 6 -> 1,5,2,1,71.43%,83.33%,76.92%
continuous_0727_S5_strategy2.npz,1 -> 5 -> 4 -> 2 -> 6 -> 9,1 -> 5 -> 4 -> 9 -> 1 -> 9,4,2,2,66.67%,66.67%,66.67%
continuous_0728_S5_strategy2.npz,8 -> 6 -> 7 -> 0 -> 2,8 -> 6 -> 5 -> 7 -> 0 -> 2 -> 2,5,2,0,71.43%,100.00%,83.33%
continuous_0729_S5_strategy2.npz,7 -> 5 -> 1 -> 4 -> 9,7 -> 1 -> 5 -> 1 -> 4 -> 9,5,1,0,83.33%,100.00%,90.91%
continuous_0730_S5_strategy2.npz,1 -> 8 -> 6 -> 4 -> 5 -> 7 -> 3,1 -> 8 -> 6 -> 4 -> 5 -> 7 -> 3,6,1,1,85.71%,85.71%,85.71%
continuous_0731_S5_strategy2.npz,8 -> 7 -> 1 -> 2 -> 0 -> 5 -> 3,8 -> 7 -> 1 -> 2 -> 2 -> 8 -> 2 -> 5 -> 5 -> 3,3,7,4,30.00%,42.86%,35.29%
continuous_0732_S5_strategy2.npz,0 -> 5 -> 7 -> 4 -> 8 -> 9 -> 2,0 -> 5 -> 7 -> 4 -> 8 -> 9 -> 2 -> 2,7,1,0,87.50%,100.00%,93.33%
continuous_0733_S5_strategy2.npz,0 -> 2 -> 5 -> 4 -> 1 -> 3 -> 6,0 -> 2 -> 6 -> 5 -> 4 -> 1 -> 1 -> 3 -> 3 -> 6,6,4,1,60.00%,85.71%,70.59%
continuous_0734_S5_strategy2.npz,9 -> 2 -> 7 -> 4 -> 3 -> 5,9 -> 2 -> 7 -> 0 -> 4 -> 3 -> 5,5,2,1,71.43%,83.33%,76.92%
continuous_0735_S5_strategy2.npz,7 -> 5 -> 4 -> 2 -> 9 -> 0,7 -> 5 -> 5 -> 2 -> 9 -> 8 -> 0,5,2,1,71.43%,83.33%,76.92%
continuous_0736_S5_strategy2.npz,7 -> 5 -> 6 -> 0 -> 4 -> 1 -> 9,7 -> 5 -> 6 -> 0 -> 0 -> 7 -> 4 -> 1 -> 9,4,5,3,44.44%,57.14%,50.00%
continuous_0737_S5_strategy2.npz,6 -> 9 -> 0 -> 4 -> 8,6 -> 5 -> 9 -> 0 -> 4 -> 0,4,2,1,66.67%,80.00%,72.73%
continuous_0738_S5_strategy2.npz,0 -> 1 -> 8 -> 9 -> 2,0 -> 1 -> 1 -> 8 -> 9 -> 8 -> 2,5,2,0,71.43%,100.00%,83.33%
continuous_0739_S5_strategy2.npz,7 -> 8 -> 9 -> 2 -> 0 -> 6,7 -> 8 -> 9 -> 2 -> 0 -> 6,6,0,0,100.00%,100.00%,100.00%
continuous_0740_S5_strategy2.npz,7 -> 4 -> 0 -> 9 -> 1 -> 8,7 -> 4 -> 0 -> 8 -> 9 -> 1 -> 0,5,2,1,71.43%,83.33%,76.92%
continuous_0741_S5_strategy2.npz,0 -> 9 -> 4 -> 6 -> 2,0 -> 9 -> 9 -> 4 -> 6 -> 6 -> 1 -> 2,4,4,1,50.00%,80.00%,61.54%
continuous_0742_S5_strategy2.npz,1 -> 2 -> 3 -> 6 -> 8 -> 5,1 -> 2 -> 3 -> 3 -> 6 -> 8 -> 8 -> 5,5,3,1,62.50%,83.33%,71.43%
continuous_0743_S5_strategy2.npz,7 -> 6 -> 3 -> 9 -> 4,7 -> 3 -> 6 -> 3 -> 9 -> 4,5,1,0,83.33%,100.00%,90.91%
continuous_0744_S5_strategy2.npz,6 -> 9 -> 3 -> 7 -> 8 -> 0,6 -> 9 -> 3 -> 7 -> 8 -> 0,6,0,0,100.00%,100.00%,100.00%
continuous_0745_S5_strategy2.npz,2 -> 3 -> 4 -> 8 -> 7,2 -> 3 -> 4 -> 8 -> 7,5,0,0,100.00%,100.00%,100.00%
continuous_0746_S5_strategy2.npz,5 -> 8 -> 2 -> 6 -> 1,5 -> 8 -> 2 -> 1 -> 6 -> 9 -> 1,5,2,0,71.43%,100.00%,83.33%
continuous_0747_S5_strategy2.npz,5 -> 4 -> 7 -> 1 -> 0,5 -> 2 -> 4 -> 1 -> 7 -> 1 -> 0,5,2,0,71.43%,100.00%,83.33%
continuous_0748_S5_strategy2.npz,5 -> 8 -> 1 -> 2 -> 7 -> 6 -> 4,5 -> 8 -> 1 -> 1 -> 2 -> 7 -> 6 -> 4,6,2,1,75.00%,85.71%,80.00%
continuous_0749_S5_strategy2.npz,1 -> 2 -> 3 -> 7 -> 4 -> 9,1 -> 9 -> 2 -> 3 -> 7 -> 7 -> 4 -> 9,6,2,0,75.00%,100.00%,85.71%
continuous_0750_S5_strategy2.npz,4 -> 1 -> 6 -> 7 -> 3 -> 2 -> 5,4 -> 1 -> 6 -> 7 -> 3 -> 6 -> 2 -> 2 -> 0 -> 5,3,7,4,30.00%,42.86%,35.29%
continuous_0751_S5_strategy2.npz,7 -> 0 -> 9 -> 3 -> 8 -> 1 -> 5,7 -> 7 -> 0 -> 9 -> 3 -> 8 -> 9 -> 1 -> 1 -> 5,7,3,0,70.00%,100.00%,82.35%
continuous_0752_S5_strategy2.npz,3 -> 1 -> 8 -> 7 -> 5 -> 6 -> 0,3 -> 1 -> 1 -> 8 -> 8 -> 7 -> 5 -> 6 -> 5 -> 0,5,5,2,50.00%,71.43%,58.82%
continuous_0753_S5_strategy2.npz,8 -> 9 -> 2 -> 7 -> 0 -> 3 -> 1,8 -> 9 -> 2 -> 7 -> 0 -> 3 -> 1,7,0,0,100.00%,100.00%,100.00%
continuous_0754_S5_strategy2.npz,9 -> 7 -> 4 -> 1 -> 3,9 -> 7 -> 4 -> 9 -> 1 -> 3,3,3,2,50.00%,60.00%,54.55%
continuous_0755_S5_strategy2.npz,3 -> 8 -> 9 -> 1 -> 5 -> 0 -> 7,3 -> 3 -> 8 -> 9 -> 1 -> 5 -> 0 -> 7 -> 7,7,2,0,77.78%,100.00%,87.50%
continuous_0756_S5_strategy2.npz,0 -> 4 -> 9 -> 5 -> 2 -> 7 -> 1,0 -> 4 -> 2 -> 9 -> 0 -> 5 -> 2 -> 9 -> 7 -> 1,6,4,1,60.00%,85.71%,70.59%
continuous_0757_S5_strategy2.npz,6 -> 4 -> 3 -> 8 -> 7 -> 2 -> 0,6 -> 6 -> 7 -> 3 -> 8 -> 9 -> 7 -> 6 -> 2 -> 0,4,6,3,40.00%,57.14%,47.06%
continuous_0758_S5_strategy2.npz,7 -> 5 -> 8 -> 1 -> 9 -> 0,7 -> 5 -> 8 -> 1 -> 9 -> 0,6,0,0,100.00%,100.00%,100.00%
continuous_0759_S5_strategy2.npz,5 -> 1 -> 0 -> 3 -> 4 -> 7,5 -> 1 -> 0 -> 3 -> 6 -> 4 -> 6,5,2,1,71.43%,83.33%,76.92%
continuous_0760_S5_strategy2.npz,9 -> 1 -> 4 -> 6 -> 5,9 -> 9 -> 1 -> 1 -> 4 -> 6 -> 5,5,2,0,71.43%,100.00%,83.33%
continuous_0761_S5_strategy2.npz,4 -> 9 -> 0 -> 5 -> 1,4 -> 9 -> 0 -> 9 -> 5 -> 2 -> 1,5,2,0,71.43%,100.00%,83.33%
continuous_0762_S5_strategy2.npz,3 -> 4 -> 1 -> 5 -> 8 -> 6,3 -> 4 -> 1 -> 5 -> 5 -> 8 -> 6,6,1,0,85.71%,100.00%,92.31%
continuous_0763_S5_strategy2.npz,6 -> 2 -> 5 -> 9 -> 0,6 -> 5 -> 2 -> 2 -> 6 -> 9 -> 6 -> 0,4,4,1,50.00%,80.00%,61.54%
continuous_0764_S5_strategy2.npz,0 -> 1 -> 6 -> 5 -> 4,0 -> 1 -> 6 -> 1 -> 5 -> 6 -> 4,5,2,0,71.43%,100.00%,83.33%
continuous_0765_S5_strategy2.npz,5 -> 3 -> 6 -> 4 -> 8 -> 1,5 -> 1 -> 3 -> 6 -> 7 -> 6 -> 8 -> 1 -> 1,5,4,1,55.56%,83.33%,66.67%
continuous_0766_S5_strategy2.npz,7 -> 0 -> 9 -> 1 -> 3 -> 5 -> 6,7 -> 1 -> 0 -> 4 -> 9 -> 1 -> 3 -> 5 -> 6,6,3,1,66.67%,85.71%,75.00%
continuous_0767_S5_strategy2.npz,9 -> 4 -> 1 -> 3 -> 8,9 -> 9 -> 2 -> 1 -> 3 -> 3 -> 8,4,3,1,57.14%,80.00%,66.67%
continuous_0768_S5_strategy2.npz,0 -> 6 -> 1 -> 2 -> 7 -> 9,0 -> 6 -> 1 -> 2 -> 7 -> 9,5,1,1,83.33%,83.33%,83.33%
continuous_0769_S5_strategy2.npz,1 -> 7 -> 3 -> 4 -> 5 -> 8 -> 2,1 -> 7 -> 3 -> 3 -> 4 -> 6 -> 5 -> 8 -> 2,5,4,2,55.56%,71.43%,62.50%
continuous_0770_S5_strategy2.npz,5 -> 2 -> 1 -> 0 -> 6 -> 8 -> 4,5 -> 2 -> 1 -> 2 -> 0 -> 1 -> 6 -> 8 -> 4,4,5,3,44.44%,57.14%,50.00%
continuous_0771_S5_strategy2.npz,8 -> 2 -> 9 -> 3 -> 4 -> 7 -> 5,8 -> 7 -> 2 -> 2 -> 9 -> 3 -> 3 -> 4 -> 7 -> 5,6,4,1,60.00%,85.71%,70.59%
continuous_0772_S5_strategy2.npz,3 -> 1 -> 7 -> 4 -> 9,3 -> 1 -> 7 -> 2 -> 4 -> 4,4,2,1,66.67%,80.00%,72.73%
continuous_0773_S5_strategy2.npz,2 -> 3 -> 1 -> 0 -> 5 -> 9 -> 6,2 -> 3 -> 4 -> 1 -> 0 -> 9 -> 5 -> 9 -> 6 -> 6,7,3,0,70.00%,100.00%,82.35%
continuous_0774_S5_strategy2.npz,8 -> 3 -> 7 -> 1 -> 5 -> 0,8 -> 3 -> 3 -> 3 -> 7 -> 1 -> 5 -> 8,5,3,1,62.50%,83.33%,71.43%
continuous_0775_S5_strategy2.npz,3 -> 1 -> 6 -> 0 -> 8 -> 2,3 -> 1 -> 6 -> 6 -> 0 -> 8 -> 7,5,2,1,71.43%,83.33%,76.92%
continuous_0776_S5_strategy2.npz,1 -> 2 -> 7 -> 5 -> 9 -> 3,1 -> 2 -> 7 -> 5 -> 9 -> 3,5,1,1,83.33%,83.33%,83.33%
continuous_0777_S5_strategy2.npz,9 -> 1 -> 6 -> 8 -> 3 -> 2 -> 5,9 -> 1 -> 6 -> 1 -> 8 -> 3 -> 9 -> 2 -> 2 -> 2 -> 5,5,6,2,45.45%,71.43%,55.56%
continuous_0778_S5_strategy2.npz,1 -> 6 -> 9 -> 3 -> 4,1 -> 6 -> 9 -> 3 -> 4,5,0,0,100.00%,100.00%,100.00%
continuous_0779_S5_strategy2.npz,3 -> 7 -> 0 -> 8 -> 5,3 -> 7 -> 5 -> 8 -> 5,4,1,1,80.00%,80.00%,80.00%
continuous_0780_S5_strategy2.npz,8 -> 5 -> 2 -> 4 -> 3 -> 7 -> 1,8 -> 2 -> 2 -> 4 -> 3 -> 3 -> 7 -> 1,6,2,1,75.00%,85.71%,80.00%
continuous_0781_S5_strategy2.npz,0 -> 8 -> 4 -> 5 -> 6 -> 1,0 -> 8 -> 8 -> 8 -> 4 -> 5 -> 6 -> 1,5,3,1,62.50%,83.33%,71.43%
continuous_0782_S5_strategy2.npz,4 -> 8 -> 0 -> 5 -> 6 -> 2,4 -> 8 -> 0 -> 6 -> 5 -> 1 -> 6 -> 1 -> 2,3,6,3,33.33%,50.00%,40.00%
continuous_0783_S5_strategy2.npz,9 -> 6 -> 0 -> 4 -> 7,9 -> 6 -> 9 -> 0 -> 0 -> 4 -> 4 -> 7,3,5,2,37.50%,60.00%,46.15%
continuous_0784_S5_strategy2.npz,7 -> 9 -> 3 -> 2 -> 5 -> 6,7 -> 9 -> 3 -> 2 -> 5 -> 6,6,0,0,100.00%,100.00%,100.00%
continuous_0785_S5_strategy2.npz,4 -> 8 -> 2 -> 1 -> 5 -> 9 -> 0,4 -> 8 -> 7 -> 2 -> 1 -> 5 -> 9 -> 9 -> 0,7,2,0,77.78%,100.00%,87.50%
continuous_0786_S5_strategy2.npz,8 -> 2 -> 0 -> 1 -> 6 -> 3,8 -> 2 -> 1 -> 0 -> 1 -> 6 -> 6 -> 9,4,4,2,50.00%,66.67%,57.14%
continuous_0787_S5_strategy2.npz,0 -> 2 -> 4 -> 8 -> 5 -> 6 -> 9,0 -> 2 -> 2 -> 4 -> 8 -> 5 -> 5 -> 6 -> 6 -> 9,6,4,1,60.00%,85.71%,70.59%
continuous_0788_S5_strategy2.npz,3 -> 9 -> 8 -> 7 -> 4 -> 1,3 -> 3 -> 9 -> 4 -> 8 -> 7 -> 4 -> 1,6,2,0,75.00%,100.00%,85.71%
continuous_0789_S5_strategy2.npz,6 -> 1 -> 3 -> 8 -> 7 -> 5,6 -> 1 -> 3 -> 8 -> 8 -> 7 -> 8 -> 5,5,3,1,62.50%,83.33%,71.43%
continuous_0790_S5_strategy2.npz,5 -> 9 -> 2 -> 0 -> 4 -> 3,5 -> 9 -> 2 -> 0 -> 4 -> 5,5,1,1,83.33%,83.33%,83.33%
continuous_0791_S5_strategy2.npz,4 -> 2 -> 0 -> 8 -> 6 -> 7,4 -> 0 -> 2 -> 0 -> 8 -> 6 -> 7,6,1,0,85.71%,100.00%,92.31%
continuous_0792_S5_strategy2.npz,3 -> 5 -> 0 -> 8 -> 9 -> 1 -> 6,3 -> 5 -> 8 -> 8 -> 9 -> 9 -> 1 -> 6,4,4,3,50.00%,57.14%,53.33%
continuous_0793_S5_strategy2.npz,1 -> 2 -> 8 -> 0 -> 5 -> 9 -> 4,1 -> 2 -> 8 -> 0 -> 5 -> 9 -> 8,6,1,1,85.71%,85.71%,85.71%
continuous_0794_S5_strategy2.npz,8 -> 9 -> 6 -> 1 -> 4,8 -> 9 -> 6 -> 1 -> 4,5,0,0,100.00%,100.00%,100.00%
continuous_0795_S5_strategy2.npz,3 -> 7 -> 2 -> 5 -> 8 -> 0,3 -> 7 -> 2 -> 2 -> 5 -> 7 -> 8 -> 6 -> 0,5,4,1,55.56%,83.33%,66.67%
continuous_0796_S5_strategy2.npz,1 -> 8 -> 3 -> 6 -> 2 -> 9,1 -> 8 -> 3 -> 3 -> 6 -> 2 -> 9,6,1,0,85.71%,100.00%,92.31%
continuous_0797_S5_strategy2.npz,0 -> 1 -> 7 -> 8 -> 5 -> 3 -> 2,0 -> 1 -> 7 -> 8 -> 5 -> 3 -> 2 -> 2,7,1,0,87.50%,100.00%,93.33%
continuous_0798_S5_strategy2.npz,2 -> 7 -> 9 -> 0 -> 8 -> 4 -> 5,2 -> 7 -> 9 -> 6 -> 0 -> 8 -> 4 -> 5,7,1,0,87.50%,100.00%,93.33%
continuous_0799_S5_strategy2.npz,6 -> 9 -> 2 -> 3 -> 7 -> 1,6 -> 9 -> 9 -> 2 -> 3 -> 3 -> 7 -> 7 -> 1,6,3,0,66.67%,100.00%,80.00%
continuous_0800_S6_strategy2.npz,8 -> 2 -> 0 -> 5 -> 4,8 -> 2 -> 2 -> 0 -> 5 -> 4,4,2,1,66.67%,80.00%,72.73%
continuous_0801_S6_strategy2.npz,8 -> 3 -> 6 -> 1 -> 9 -> 5,8 -> 3 -> 5 -> 6 -> 1 -> 9 -> 5,5,2,1,71.43%,83.33%,76.92%
continuous_0802_S6_strategy2.npz,3 -> 5 -> 7 -> 9 -> 6,3 -> 5 -> 8 -> 7 -> 9 -> 6,5,1,0,83.33%,100.00%,90.91%
continuous_0803_S6_strategy2.npz,2 -> 5 -> 6 -> 1 -> 3 -> 7,2 -> 5 -> 6 -> 1 -> 3 -> 7,5,1,1,83.33%,83.33%,83.33%
continuous_0804_S6_strategy2.npz,9 -> 2 -> 6 -> 1 -> 8 -> 7 -> 4,9 -> 2 -> 6 -> 9 -> 1 -> 8 -> 7 -> 4,6,2,1,75.00%,85.71%,80.00%
continuous_0805_S6_strategy2.npz,0 -> 6 -> 5 -> 2 -> 8,0 -> 6 -> 5 -> 2 -> 8,5,0,0,100.00%,100.00%,100.00%
continuous_0806_S6_strategy2.npz,1 -> 0 -> 3 -> 4 -> 2 -> 5,1 -> 2 -> 5 -> 3 -> 4 -> 9 -> 2 -> 5,4,4,2,50.00%,66.67%,57.14%
continuous_0807_S6_strategy2.npz,6 -> 3 -> 0 -> 1 -> 8 -> 9,6 -> 3 -> 0 -> 1 -> 1 -> 8 -> 9,6,1,0,85.71%,100.00%,92.31%
continuous_0808_S6_strategy2.npz,2 -> 8 -> 1 -> 0 -> 6,2 -> 8 -> 1 -> 0 -> 0 -> 6,5,1,0,83.33%,100.00%,90.91%
continuous_0809_S6_strategy2.npz,2 -> 4 -> 6 -> 7 -> 0 -> 9 -> 8,2 -> 4 -> 6 -> 7 -> 0 -> 0 -> 9 -> 8,7,1,0,87.50%,100.00%,93.33%
continuous_0810_S6_strategy2.npz,2 -> 5 -> 8 -> 0 -> 1 -> 3,2 -> 4 -> 5 -> 8 -> 0 -> 1 -> 3,6,1,0,85.71%,100.00%,92.31%
continuous_0811_S6_strategy2.npz,3 -> 1 -> 6 -> 0 -> 7,3 -> 1 -> 6 -> 2 -> 0 -> 7,4,2,1,66.67%,80.00%,72.73%
continuous_0812_S6_strategy2.npz,7 -> 6 -> 0 -> 4 -> 5,7 -> 6 -> 0 -> 4 -> 5,5,0,0,100.00%,100.00%,100.00%
continuous_0813_S6_strategy2.npz,8 -> 1 -> 6 -> 7 -> 3 -> 2 -> 5,8 -> 1 -> 6 -> 7 -> 3 -> 2 -> 2 -> 5,7,1,0,87.50%,100.00%,93.33%
continuous_0814_S6_strategy2.npz,4 -> 9 -> 3 -> 2 -> 8 -> 6 -> 0,4 -> 9 -> 3 -> 2 -> 8 -> 6 -> 7,6,1,1,85.71%,85.71%,85.71%
continuous_0815_S6_strategy2.npz,1 -> 7 -> 2 -> 9 -> 5,1 -> 7 -> 2 -> 2 -> 9 -> 5,5,1,0,83.33%,100.00%,90.91%
continuous_0816_S6_strategy2.npz,1 -> 7 -> 2 -> 9 -> 5,1 -> 1 -> 7 -> 2 -> 9 -> 5,5,1,0,83.33%,100.00%,90.91%
continuous_0817_S6_strategy2.npz,2 -> 6 -> 3 -> 4 -> 5 -> 9 -> 0,2 -> 6 -> 3 -> 3 -> 7 -> 4 -> 5 -> 9 -> 0,6,3,1,66.67%,85.71%,75.00%
continuous_0818_S6_strategy2.npz,0 -> 5 -> 9 -> 6 -> 3 -> 1 -> 4,0 -> 5 -> 5 -> 9 -> 6 -> 3 -> 1 -> 4,7,1,0,87.50%,100.00%,93.33%
continuous_0819_S6_strategy2.npz,4 -> 2 -> 9 -> 6 -> 1,4 -> 2 -> 2 -> 9 -> 5 -> 6 -> 5 -> 1,4,4,1,50.00%,80.00%,61.54%
continuous_0820_S6_strategy2.npz,7 -> 2 -> 6 -> 1 -> 4 -> 5,7 -> 2 -> 6 -> 6 -> 1 -> 1 -> 4 -> 5,6,2,0,75.00%,100.00%,85.71%
continuous_0821_S6_strategy2.npz,7 -> 4 -> 8 -> 0 -> 3 -> 2 -> 6,7 -> 4 -> 8 -> 0 -> 3 -> 2 -> 2 -> 6,6,2,1,75.00%,85.71%,80.00%
continuous_0822_S6_strategy2.npz,5 -> 0 -> 3 -> 6 -> 2 -> 9 -> 8,5 -> 6 -> 0 -> 1 -> 3 -> 5 -> 6 -> 6 -> 2 -> 9 -> 8,4,7,3,36.36%,57.14%,44.44%
continuous_0823_S6_strategy2.npz,4 -> 7 -> 6 -> 3 -> 9 -> 2,4 -> 7 -> 6 -> 3 -> 9,3,2,3,60.00%,50.00%,54.55%
continuous_0824_S6_strategy2.npz,0 -> 1 -> 3 -> 2 -> 7,0 -> 1 -> 1 -> 3 -> 3 -> 2 -> 7,5,2,0,71.43%,100.00%,83.33%
continuous_0825_S6_strategy2.npz,9 -> 5 -> 2 -> 4 -> 3 -> 6,9 -> 5 -> 1 -> 2 -> 9 -> 4 -> 3 -> 5 -> 6 -> 6,5,5,1,50.00%,83.33%,62.50%
continuous_0826_S6_strategy2.npz,9 -> 3 -> 5 -> 2 -> 6 -> 8 -> 7,9 -> 3 -> 3 -> 5 -> 2 -> 8 -> 6 -> 8 -> 7,7,2,0,77.78%,100.00%,87.50%
continuous_0827_S6_strategy2.npz,3 -> 2 -> 0 -> 7 -> 9 -> 6,3 -> 2 -> 0 -> 7 -> 9 -> 1 -> 6,6,1,0,85.71%,100.00%,92.31%
continuous_0828_S6_strategy2.npz,4 -> 1 -> 3 -> 6 -> 8 -> 0 -> 2,4 -> 1 -> 0 -> 3 -> 6 -> 8 -> 8 -> 0 -> 4 -> 2,5,5,2,50.00%,71.43%,58.82%
continuous_0829_S6_strategy2.npz,3 -> 6 -> 7 -> 2 -> 8 -> 4 -> 9,3 -> 3 -> 6 -> 6 -> 7 -> 2 -> 8 -> 4 -> 9,4,5,3,44.44%,57.14%,50.00%
continuous_0830_S6_strategy2.npz,8 -> 9 -> 7 -> 1 -> 5 -> 6 -> 2,8 -> 9 -> 7 -> 1 -> 5 -> 6 -> 1 -> 2,5,3,2,62.50%,71.43%,66.67%
continuous_0831_S6_strategy2.npz,9 -> 3 -> 1 -> 4 -> 6,9 -> 3 -> 1 -> 4 -> 4 -> 6,4,2,1,66.67%,80.00%,72.73%
continuous_0832_S6_strategy2.npz,1 -> 3 -> 4 -> 9 -> 7 -> 2,1 -> 3 -> 3 -> 4 -> 9 -> 7 -> 7 -> 2,6,2,0,75.00%,100.00%,85.71%
continuous_0833_S6_strategy2.npz,3 -> 8 -> 4 -> 2 -> 6,3 -> 8 -> 4 -> 2 -> 6,5,0,0,100.00%,100.00%,100.00%
continuous_0834_S6_strategy2.npz,1 -> 0 -> 2 -> 6 -> 4,1 -> 0 -> 5 -> 2 -> 6 -> 4,5,1,0,83.33%,100.00%,90.91%
continuous_0835_S6_strategy2.npz,1 -> 0 -> 9 -> 7 -> 2 -> 6,1 -> 0 -> 9 -> 7 -> 2 -> 2 -> 6,3,4,3,42.86%,50.00%,46.15%
continuous_0836_S6_strategy2.npz,3 -> 6 -> 0 -> 8 -> 2 -> 5 -> 4,3 -> 6 -> 0 -> 8 -> 6 -> 2 -> 5 -> 4,5,3,2,62.50%,71.43%,66.67%
continuous_0837_S6_strategy2.npz,8 -> 0 -> 6 -> 9 -> 4 -> 7 -> 2,8 -> 0 -> 6 -> 6 -> 9 -> 4 -> 7 -> 6 -> 2,6,3,1,66.67%,85.71%,75.00%
continuous_0838_S6_strategy2.npz,8 -> 7 -> 9 -> 5 -> 4 -> 3 -> 6,8 -> 7 -> 9 -> 5 -> 4 -> 5 -> 3 -> 6,6,2,1,75.00%,85.71%,80.00%
continuous_0839_S6_strategy2.npz,8 -> 3 -> 7 -> 5 -> 4,8 -> 3 -> 3 -> 7 -> 5 -> 5 -> 4,5,2,0,71.43%,100.00%,83.33%
continuous_0840_S6_strategy2.npz,4 -> 6 -> 7 -> 1 -> 5 -> 9,4 -> 6 -> 7 -> 2 -> 1 -> 5 -> 5 -> 5 -> 9,3,6,3,33.33%,50.00%,40.00%
continuous_0841_S6_strategy2.npz,8 -> 3 -> 7 -> 1 -> 4,8 -> 3 -> 2 -> 1 -> 1 -> 4,4,2,1,66.67%,80.00%,72.73%
continuous_0842_S6_strategy2.npz,9 -> 1 -> 0 -> 2 -> 3,9 -> 9 -> 1 -> 2 -> 0 -> 2 -> 3,5,2,0,71.43%,100.00%,83.33%
continuous_0843_S6_strategy2.npz,1 -> 4 -> 7 -> 3 -> 5 -> 0,1 -> 4 -> 7 -> 3 -> 5 -> 6 -> 0,4,3,2,57.14%,66.67%,61.54%
continuous_0844_S6_strategy2.npz,1 -> 5 -> 9 -> 7 -> 3,1 -> 6 -> 5 -> 9 -> 7 -> 3,4,2,1,66.67%,80.00%,72.73%
continuous_0845_S6_strategy2.npz,0 -> 1 -> 9 -> 4 -> 6 -> 2,0 -> 1 -> 1 -> 9 -> 4 -> 4 -> 6 -> 6 -> 2,4,5,2,44.44%,66.67%,53.33%
continuous_0846_S6_strategy2.npz,8 -> 9 -> 3 -> 2 -> 0 -> 4 -> 5,8 -> 9 -> 3 -> 3 -> 2 -> 0 -> 5 -> 5 -> 5,6,3,1,66.67%,85.71%,75.00%
continuous_0847_S6_strategy2.npz,6 -> 2 -> 5 -> 3 -> 0 -> 7,6 -> 2 -> 5 -> 3 -> 3 -> 0 -> 7,4,3,2,57.14%,66.67%,61.54%
continuous_0848_S6_strategy2.npz,4 -> 8 -> 2 -> 7 -> 9,4 -> 6 -> 8 -> 6 -> 2 -> 7 -> 1 -> 9,4,4,1,50.00%,80.00%,61.54%
continuous_0849_S6_strategy2.npz,8 -> 4 -> 5 -> 7 -> 1 -> 6,8 -> 5 -> 4 -> 5 -> 1 -> 7 -> 6 -> 1 -> 6,5,4,1,55.56%,83.33%,66.67%
continuous_0850_S6_strategy2.npz,3 -> 9 -> 6 -> 5 -> 2,3 -> 9 -> 6 -> 5 -> 2,5,0,0,100.00%,100.00%,100.00%
continuous_0851_S6_strategy2.npz,6 -> 8 -> 4 -> 2 -> 7 -> 3 -> 0,6 -> 8 -> 4 -> 4 -> 2 -> 7 -> 3 -> 3 -> 0,7,2,0,77.78%,100.00%,87.50%
continuous_0852_S6_strategy2.npz,4 -> 9 -> 8 -> 5 -> 1,4 -> 7 -> 9 -> 1 -> 8 -> 5 -> 1,5,2,0,71.43%,100.00%,83.33%
continuous_0853_S6_strategy2.npz,9 -> 1 -> 4 -> 3 -> 0 -> 5,9 -> 7 -> 2 -> 4 -> 3 -> 3 -> 5 -> 5 -> 5,3,6,3,33.33%,50.00%,40.00%
continuous_0854_S6_strategy2.npz,3 -> 5 -> 6 -> 8 -> 2 -> 1,3 -> 5 -> 6 -> 8 -> 2 -> 1,6,0,0,100.00%,100.00%,100.00%
continuous_0855_S6_strategy2.npz,4 -> 1 -> 0 -> 2 -> 6 -> 5 -> 8,4 -> 1 -> 2 -> 0 -> 2 -> 6 -> 5 -> 8,5,3,2,62.50%,71.43%,66.67%
continuous_0856_S6_strategy2.npz,6 -> 5 -> 0 -> 2 -> 9 -> 7 -> 1,6 -> 5 -> 2 -> 0 -> 2 -> 2 -> 7 -> 1,5,3,2,62.50%,71.43%,66.67%
continuous_0857_S6_strategy2.npz,6 -> 7 -> 2 -> 5 -> 3 -> 8 -> 1,6 -> 7 -> 2 -> 5 -> 3 -> 8 -> 1,7,0,0,100.00%,100.00%,100.00%
continuous_0858_S6_strategy2.npz,6 -> 9 -> 4 -> 3 -> 8 -> 5 -> 0,6 -> 9 -> 4 -> 3 -> 8 -> 5 -> 0,7,0,0,100.00%,100.00%,100.00%
continuous_0859_S6_strategy2.npz,7 -> 4 -> 2 -> 1 -> 6 -> 9 -> 0,7 -> 4 -> 2 -> 7 -> 1 -> 1 -> 6 -> 9 -> 9 -> 0,7,3,0,70.00%,100.00%,82.35%
continuous_0860_S6_strategy2.npz,6 -> 7 -> 1 -> 9 -> 8,6 -> 5 -> 1 -> 1 -> 9 -> 9 -> 8,3,4,2,42.86%,60.00%,50.00%
continuous_0861_S6_strategy2.npz,0 -> 8 -> 5 -> 6 -> 7,0 -> 8 -> 5 -> 6 -> 7,5,0,0,100.00%,100.00%,100.00%
continuous_0862_S6_strategy2.npz,7 -> 8 -> 4 -> 0 -> 6,7 -> 8 -> 4 -> 4 -> 0 -> 0 -> 6,5,2,0,71.43%,100.00%,83.33%
continuous_0863_S6_strategy2.npz,4 -> 3 -> 0 -> 9 -> 7 -> 2,4 -> 3 -> 3 -> 3 -> 1 -> 0 -> 9 -> 7 -> 6 -> 2,6,4,0,60.00%,100.00%,75.00%
continuous_0864_S6_strategy2.npz,4 -> 9 -> 6 -> 8 -> 1 -> 5 -> 7,4 -> 9 -> 6 -> 6 -> 1 -> 5 -> 5 -> 7,6,2,1,75.00%,85.71%,80.00%
continuous_0865_S6_strategy2.npz,9 -> 4 -> 6 -> 2 -> 3,9 -> 4 -> 6 -> 1 -> 2 -> 3,3,3,2,50.00%,60.00%,54.55%
continuous_0866_S6_strategy2.npz,1 -> 3 -> 9 -> 2 -> 4 -> 6 -> 5,1 -> 3 -> 3 -> 9 -> 2 -> 4 -> 6 -> 5,7,1,0,87.50%,100.00%,93.33%
continuous_0867_S6_strategy2.npz,1 -> 6 -> 0 -> 2 -> 5 -> 3 -> 8,1 -> 6 -> 0 -> 9 -> 2 -> 5 -> 3 -> 7 -> 8,6,3,1,66.67%,85.71%,75.00%
continuous_0868_S6_strategy2.npz,4 -> 9 -> 7 -> 1 -> 6 -> 0,4 -> 7 -> 9 -> 7 -> 7 -> 1 -> 6 -> 0,5,3,1,62.50%,83.33%,71.43%
continuous_0869_S6_strategy2.npz,9 -> 5 -> 2 -> 6 -> 1,9 -> 5 -> 5 -> 2 -> 6 -> 1,4,2,1,66.67%,80.00%,72.73%
continuous_0870_S6_strategy2.npz,6 -> 7 -> 0 -> 9 -> 3,6 -> 7 -> 0 -> 1 -> 9 -> 3 -> 3,4,3,1,57.14%,80.00%,66.67%
continuous_0871_S6_strategy2.npz,5 -> 4 -> 7 -> 8 -> 2,5 -> 4 -> 7 -> 8 -> 6 -> 2,4,2,1,66.67%,80.00%,72.73%
continuous_0872_S6_strategy2.npz,5 -> 6 -> 2 -> 9 -> 4 -> 7,5 -> 6 -> 2 -> 9 -> 8 -> 4 -> 7,6,1,0,85.71%,100.00%,92.31%
continuous_0873_S6_strategy2.npz,6 -> 8 -> 0 -> 2 -> 1 -> 5,6 -> 8 -> 1 -> 0 -> 2 -> 1 -> 5,6,1,0,85.71%,100.00%,92.31%
continuous_0874_S6_strategy2.npz,6 -> 3 -> 5 -> 1 -> 2 -> 7 -> 9,6 -> 3 -> 5 -> 1 -> 1 -> 2 -> 7 -> 7 -> 9,6,3,1,66.67%,85.71%,75.00%
continuous_0875_S6_strategy2.npz,4 -> 7 -> 6 -> 2 -> 1 -> 0,4 -> 7 -> 6 -> 2 -> 1 -> 0,6,0,0,100.00%,100.00%,100.00%
continuous_0876_S6_strategy2.npz,1 -> 0 -> 2 -> 5 -> 9,1 -> 1 -> 2 -> 0 -> 2 -> 5 -> 9,3,4,2,42.86%,60.00%,50.00%
continuous_0877_S6_strategy2.npz,0 -> 5 -> 7 -> 2 -> 4 -> 8 -> 3,0 -> 5 -> 7 -> 2 -> 4 -> 6 -> 8 -> 3 -> 3,5,4,2,55.56%,71.43%,62.50%
continuous_0878_S6_strategy2.npz,4 -> 5 -> 6 -> 0 -> 8 -> 1 -> 7,4 -> 5 -> 6 -> 0 -> 8 -> 1 -> 7,6,1,1,85.71%,85.71%,85.71%
continuous_0879_S6_strategy2.npz,7 -> 3 -> 2 -> 5 -> 8 -> 0,7 -> 3 -> 3 -> 2 -> 5 -> 8 -> 0,6,1,0,85.71%,100.00%,92.31%
continuous_0880_S6_strategy2.npz,5 -> 9 -> 6 -> 2 -> 3 -> 8 -> 1,5 -> 9 -> 6 -> 2 -> 3 -> 6 -> 8 -> 1,7,1,0,87.50%,100.00%,93.33%
continuous_0881_S6_strategy2.npz,2 -> 9 -> 0 -> 7 -> 4 -> 3 -> 8,9 -> 1 -> 0 -> 7 -> 4 -> 3 -> 8,6,1,1,85.71%,85.71%,85.71%
continuous_0882_S6_strategy2.npz,3 -> 2 -> 5 -> 7 -> 0,3 -> 2 -> 5 -> 7 -> 8 -> 0,3,3,2,50.00%,60.00%,54.55%
continuous_0883_S6_strategy2.npz,2 -> 8 -> 0 -> 1 -> 3,2 -> 8 -> 0 -> 2 -> 1 -> 3 -> 3,4,3,1,57.14%,80.00%,66.67%
continuous_0884_S6_strategy2.npz,7 -> 8 -> 5 -> 6 -> 2,7 -> 8 -> 5 -> 6 -> 0 -> 2,5,1,0,83.33%,100.00%,90.91%
continuous_0885_S6_strategy2.npz,2 -> 8 -> 9 -> 7 -> 1,2 -> 8 -> 9 -> 7 -> 1,5,0,0,100.00%,100.00%,100.00%
continuous_0886_S6_strategy2.npz,4 -> 9 -> 3 -> 0 -> 1,4 -> 9 -> 3 -> 2 -> 1 -> 0 -> 1,4,3,1,57.14%,80.00%,66.67%
continuous_0887_S6_strategy2.npz,3 -> 0 -> 9 -> 4 -> 7 -> 5 -> 8,3 -> 0 -> 9 -> 4 -> 9 -> 7 -> 5 -> 8,7,1,0,87.50%,100.00%,93.33%
continuous_0888_S6_strategy2.npz,9 -> 8 -> 6 -> 1 -> 0,9 -> 8 -> 6 -> 2 -> 1 -> 8 -> 0,3,4,2,42.86%,60.00%,50.00%
continuous_0889_S6_strategy2.npz,3 -> 5 -> 6 -> 8 -> 0,3 -> 5 -> 5 -> 4 -> 6 -> 6 -> 6 -> 0,3,5,2,37.50%,60.00%,46.15%
continuous_0890_S6_strategy2.npz,0 -> 7 -> 3 -> 1 -> 2 -> 8,0 -> 7 -> 3 -> 6 -> 1 -> 2 -> 8,5,2,1,71.43%,83.33%,76.92%
continuous_0891_S6_strategy2.npz,2 -> 4 -> 6 -> 5 -> 9 -> 8 -> 1,2 -> 4 -> 6 -> 5 -> 9 -> 7 -> 8 -> 1,6,2,1,75.00%,85.71%,80.00%
continuous_0892_S6_strategy2.npz,6 -> 0 -> 3 -> 9 -> 8,6 -> 0 -> 3 -> 9 -> 8,5,0,0,100.00%,100.00%,100.00%
continuous_0893_S6_strategy2.npz,8 -> 6 -> 9 -> 7 -> 5 -> 3 -> 0,8 -> 7 -> 6 -> 9 -> 7 -> 0 -> 5 -> 5 -> 3 -> 2 -> 0,4,7,3,36.36%,57.14%,44.44%
continuous_0894_S6_strategy2.npz,2 -> 6 -> 3 -> 0 -> 1 -> 5,2 -> 6 -> 3 -> 7 -> 0 -> 4 -> 1 -> 5,5,3,1,62.50%,83.33%,71.43%
continuous_0895_S6_strategy2.npz,4 -> 9 -> 0 -> 7 -> 8,4 -> 9 -> 9 -> 7 -> 3 -> 0 -> 6 -> 5 -> 8,4,5,1,44.44%,80.00%,57.14%
continuous_0896_S6_strategy2.npz,5 -> 1 -> 0 -> 4 -> 9 -> 6,5 -> 5 -> 1 -> 0 -> 4 -> 9 -> 6,6,1,0,85.71%,100.00%,92.31%
continuous_0897_S6_strategy2.npz,8 -> 9 -> 2 -> 6 -> 5 -> 1 -> 7,8 -> 9 -> 2 -> 6 -> 5 -> 1 -> 7,7,0,0,100.00%,100.00%,100.00%
continuous_0898_S6_strategy2.npz,5 -> 3 -> 8 -> 7 -> 9,5 -> 5 -> 3 -> 8 -> 8 -> 7 -> 9,5,2,0,71.43%,100.00%,83.33%
continuous_0899_S6_strategy2.npz,7 -> 3 -> 5 -> 2 -> 1 -> 0,7 -> 3 -> 5 -> 2 -> 7 -> 1 -> 0,6,1,0,85.71%,100.00%,92.31%
continuous_0900_S6_strategy2.npz,6 -> 1 -> 0 -> 7 -> 5 -> 3,6 -> 1 -> 1 -> 6 -> 0 -> 7 -> 5 -> 5 -> 3,5,4,1,55.56%,83.33%,66.67%
continuous_0901_S6_strategy2.npz,0 -> 4 -> 3 -> 2 -> 7 -> 1 -> 8,0 -> 4 -> 3 -> 3 -> 6 -> 2 -> 7 -> 1 -> 8,7,2,0,77.78%,100.00%,87.50%
continuous_0902_S6_strategy2.npz,3 -> 2 -> 9 -> 4 -> 1 -> 6 -> 8,3 -> 3 -> 2 -> 6 -> 9 -> 5 -> 4 -> 1 -> 6 -> 2 -> 8,7,4,0,63.64%,100.00%,77.78%
continuous_0903_S6_strategy2.npz,2 -> 4 -> 6 -> 9 -> 8 -> 7 -> 1,2 -> 1 -> 4 -> 6 -> 9 -> 8 -> 7 -> 1,7,1,0,87.50%,100.00%,93.33%
continuous_0904_S6_strategy2.npz,1 -> 0 -> 4 -> 8 -> 2 -> 9,1 -> 0 -> 4 -> 9 -> 8 -> 2 -> 1 -> 9,6,2,0,75.00%,100.00%,85.71%
continuous_0905_S6_strategy2.npz,9 -> 5 -> 0 -> 8 -> 7,9 -> 5 -> 0 -> 9 -> 8 -> 7,5,1,0,83.33%,100.00%,90.91%
continuous_0906_S6_strategy2.npz,0 -> 7 -> 9 -> 6 -> 4 -> 5,0 -> 4 -> 7 -> 9 -> 6 -> 4 -> 0 -> 5,6,2,0,75.00%,100.00%,85.71%
continuous_0907_S6_strategy2.npz,6 -> 8 -> 5 -> 1 -> 2,6 -> 8 -> 5 -> 1 -> 2,4,1,1,80.00%,80.00%,80.00%
continuous_0908_S6_strategy2.npz,8 -> 3 -> 4 -> 6 -> 1 -> 7,8 -> 8 -> 3 -> 4 -> 0 -> 6 -> 6 -> 7,5,3,1,62.50%,83.33%,71.43%
continuous_0909_S6_strategy2.npz,6 -> 7 -> 9 -> 1 -> 2,6 -> 7 -> 9 -> 1 -> 2,5,0,0,100.00%,100.00%,100.00%
continuous_0910_S6_strategy2.npz,9 -> 3 -> 6 -> 1 -> 5 -> 0 -> 4,9 -> 9 -> 6 -> 1 -> 5 -> 2 -> 0 -> 4,6,2,1,75.00%,85.71%,80.00%
continuous_0911_S6_strategy2.npz,1 -> 2 -> 4 -> 0 -> 6 -> 9 -> 5,1 -> 2 -> 4 -> 2 -> 0 -> 6 -> 9,6,1,1,85.71%,85.71%,85.71%
continuous_0912_S6_strategy2.npz,1 -> 4 -> 8 -> 3 -> 5,1 -> 4 -> 8 -> 3 -> 5,5,0,0,100.00%,100.00%,100.00%
continuous_0913_S6_strategy2.npz,8 -> 5 -> 4 -> 7 -> 3 -> 1 -> 9,8 -> 5 -> 7 -> 4 -> 7 -> 3 -> 3 -> 1 -> 9,7,2,0,77.78%,100.00%,87.50%
continuous_0914_S6_strategy2.npz,8 -> 4 -> 5 -> 7 -> 0,8 -> 4 -> 5 -> 7 -> 0,5,0,0,100.00%,100.00%,100.00%
continuous_0915_S6_strategy2.npz,4 -> 6 -> 0 -> 5 -> 7 -> 8 -> 1,4 -> 6 -> 0 -> 5 -> 7 -> 8 -> 1,4,3,3,57.14%,57.14%,57.14%
continuous_0916_S6_strategy2.npz,8 -> 7 -> 0 -> 6 -> 1,8 -> 7 -> 0 -> 6 -> 1,5,0,0,100.00%,100.00%,100.00%
continuous_0917_S6_strategy2.npz,1 -> 2 -> 0 -> 5 -> 9,1 -> 2 -> 0 -> 5 -> 5 -> 7 -> 9,5,2,0,71.43%,100.00%,83.33%
continuous_0918_S6_strategy2.npz,8 -> 2 -> 9 -> 1 -> 4 -> 5 -> 6,8 -> 6 -> 2 -> 9 -> 1 -> 1 -> 4 -> 0 -> 5 -> 5 -> 6,6,5,1,54.55%,85.71%,66.67%
continuous_0919_S6_strategy2.npz,1 -> 9 -> 5 -> 6 -> 0 -> 2,1 -> 9 -> 5 -> 5 -> 6 -> 6 -> 0 -> 2 -> 2,6,3,0,66.67%,100.00%,80.00%
continuous_0920_S6_strategy2.npz,0 -> 9 -> 1 -> 6 -> 4,0 -> 0 -> 9 -> 7 -> 1 -> 6 -> 4,5,2,0,71.43%,100.00%,83.33%
continuous_0921_S6_strategy2.npz,3 -> 5 -> 8 -> 7 -> 6 -> 9,3 -> 5 -> 8 -> 7 -> 2 -> 6 -> 9,6,1,0,85.71%,100.00%,92.31%
continuous_0922_S6_strategy2.npz,7 -> 6 -> 4 -> 8 -> 3 -> 9,7 -> 5 -> 6 -> 4 -> 8 -> 3 -> 3 -> 3 -> 9,6,3,0,66.67%,100.00%,80.00%
continuous_0923_S6_strategy2.npz,0 -> 1 -> 5 -> 3 -> 2 -> 8 -> 6,0 -> 1 -> 5 -> 3 -> 2 -> 8 -> 5 -> 6,7,1,0,87.50%,100.00%,93.33%
continuous_0924_S6_strategy2.npz,9 -> 0 -> 1 -> 2 -> 5,9 -> 0 -> 1 -> 2 -> 5,5,0,0,100.00%,100.00%,100.00%
continuous_0925_S6_strategy2.npz,0 -> 1 -> 5 -> 9 -> 3,0 -> 1 -> 5 -> 9 -> 3,5,0,0,100.00%,100.00%,100.00%
continuous_0926_S6_strategy2.npz,0 -> 4 -> 9 -> 6 -> 5 -> 7 -> 8,0 -> 4 -> 9 -> 6 -> 5 -> 9 -> 7 -> 8,7,1,0,87.50%,100.00%,93.33%
continuous_0927_S6_strategy2.npz,9 -> 4 -> 1 -> 3 -> 0,9 -> 4 -> 2 -> 3 -> 3 -> 0,4,2,1,66.67%,80.00%,72.73%
continuous_0928_S6_strategy2.npz,8 -> 3 -> 6 -> 4 -> 2 -> 9 -> 5,8 -> 3 -> 6 -> 4 -> 2 -> 9 -> 5,7,0,0,100.00%,100.00%,100.00%
continuous_0929_S6_strategy2.npz,0 -> 2 -> 8 -> 3 -> 9,0 -> 2 -> 8 -> 3 -> 6,2,3,3,40.00%,40.00%,40.00%
continuous_0930_S6_strategy2.npz,3 -> 8 -> 2 -> 0 -> 4 -> 7 -> 1,3 -> 8 -> 9 -> 2 -> 2 -> 0 -> 4 -> 7 -> 1 -> 1,6,4,1,60.00%,85.71%,70.59%
continuous_0931_S6_strategy2.npz,6 -> 1 -> 2 -> 5 -> 9,6 -> 5 -> 1 -> 2 -> 9 -> 9,4,2,1,66.67%,80.00%,72.73%
continuous_0932_S6_strategy2.npz,1 -> 0 -> 7 -> 3 -> 2 -> 5,1 -> 0 -> 7 -> 7 -> 3 -> 2 -> 2 -> 5,6,2,0,75.00%,100.00%,85.71%
continuous_0933_S6_strategy2.npz,3 -> 2 -> 4 -> 8 -> 1 -> 0 -> 5,3 -> 2 -> 4 -> 4 -> 5 -> 8 -> 1 -> 0 -> 6 -> 5,7,3,0,70.00%,100.00%,82.35%
continuous_0934_S6_strategy2.npz,9 -> 4 -> 0 -> 5 -> 3 -> 2 -> 8,9 -> 4 -> 2 -> 0 -> 5 -> 5 -> 3 -> 3 -> 1 -> 2 -> 9 -> 0 -> 8,2,11,5,15.38%,28.57%,20.00%
continuous_0935_S6_strategy2.npz,5 -> 7 -> 0 -> 1 -> 3 -> 4,5 -> 7 -> 8 -> 0 -> 1 -> 3 -> 4,5,2,1,71.43%,83.33%,76.92%
continuous_0936_S6_strategy2.npz,8 -> 6 -> 1 -> 0 -> 4 -> 7,8 -> 8 -> 6 -> 9 -> 1 -> 0 -> 4 -> 8 -> 7,6,3,0,66.67%,100.00%,80.00%
continuous_0937_S6_strategy2.npz,0 -> 2 -> 7 -> 5 -> 9 -> 6,0 -> 4 -> 2 -> 7 -> 6 -> 5 -> 9 -> 6,6,2,0,75.00%,100.00%,85.71%
continuous_0938_S6_strategy2.npz,9 -> 8 -> 4 -> 2 -> 3 -> 1 -> 5,9 -> 8 -> 4 -> 2 -> 3 -> 1 -> 5,7,0,0,100.00%,100.00%,100.00%
continuous_0939_S6_strategy2.npz,1 -> 2 -> 5 -> 3 -> 4,1 -> 9 -> 2 -> 5 -> 3 -> 3 -> 6 -> 4,5,3,0,62.50%,100.00%,76.92%
continuous_0940_S6_strategy2.npz,3 -> 0 -> 8 -> 2 -> 7 -> 1,3 -> 0 -> 8 -> 2 -> 7 -> 1,6,0,0,100.00%,100.00%,100.00%
continuous_0941_S6_strategy2.npz,3 -> 7 -> 5 -> 9 -> 2 -> 1 -> 0,3 -> 7 -> 5 -> 9 -> 7 -> 2 -> 1 -> 0,7,1,0,87.50%,100.00%,93.33%
continuous_0942_S6_strategy2.npz,5 -> 6 -> 8 -> 3 -> 4,5 -> 6 -> 8 -> 3 -> 4,5,0,0,100.00%,100.00%,100.00%
continuous_0943_S6_strategy2.npz,2 -> 0 -> 7 -> 6 -> 1 -> 5,2 -> 0 -> 1 -> 7 -> 4 -> 6 -> 1 -> 0 -> 5,4,5,2,44.44%,66.67%,53.33%
continuous_0944_S6_strategy2.npz,6 -> 4 -> 8 -> 1 -> 9,6 -> 4 -> 8 -> 1 -> 1 -> 9,4,2,1,66.67%,80.00%,72.73%
continuous_0945_S6_strategy2.npz,5 -> 7 -> 4 -> 8 -> 1 -> 3,5 -> 7 -> 4 -> 2 -> 8 -> 1 -> 3,4,3,2,57.14%,66.67%,61.54%
continuous_0946_S6_strategy2.npz,7 -> 3 -> 6 -> 2 -> 0 -> 9,7 -> 3 -> 6 -> 6 -> 2 -> 0 -> 9,4,3,2,57.14%,66.67%,61.54%
continuous_0947_S6_strategy2.npz,1 -> 4 -> 0 -> 7 -> 9,1 -> 4 -> 1 -> 0 -> 5 -> 7 -> 9,4,3,1,57.14%,80.00%,66.67%
continuous_0948_S6_strategy2.npz,2 -> 6 -> 3 -> 9 -> 0 -> 8,2 -> 6 -> 3 -> 3 -> 9 -> 9 -> 0 -> 8,3,5,3,37.50%,50.00%,42.86%
continuous_0949_S6_strategy2.npz,1 -> 0 -> 4 -> 9 -> 5 -> 8 -> 6,1 -> 6 -> 0 -> 9 -> 4 -> 1 -> 9 -> 5 -> 8 -> 6,7,3,0,70.00%,100.00%,82.35%
continuous_0950_S6_strategy2.npz,3 -> 5 -> 8 -> 0 -> 4 -> 1,3 -> 3 -> 5 -> 8 -> 7 -> 0 -> 5 -> 4 -> 2 -> 1,6,4,0,60.00%,100.00%,75.00%
continuous_0951_S6_strategy2.npz,6 -> 7 -> 5 -> 8 -> 4 -> 1,6 -> 2 -> 7 -> 5 -> 5 -> 8 -> 0 -> 4 -> 1,4,5,2,44.44%,66.67%,53.33%
continuous_0952_S6_strategy2.npz,8 -> 1 -> 5 -> 3 -> 6,8 -> 1 -> 5 -> 3 -> 3 -> 6,4,2,1,66.67%,80.00%,72.73%
continuous_0953_S6_strategy2.npz,9 -> 8 -> 7 -> 3 -> 2,9 -> 9 -> 8 -> 7 -> 3 -> 2,5,1,0,83.33%,100.00%,90.91%
continuous_0954_S6_strategy2.npz,2 -> 5 -> 1 -> 7 -> 8 -> 0,2 -> 3 -> 5 -> 1 -> 7 -> 8 -> 2 -> 0,6,2,0,75.00%,100.00%,85.71%
continuous_0955_S6_strategy2.npz,9 -> 4 -> 3 -> 8 -> 5,9 -> 4 -> 3 -> 8 -> 5,5,0,0,100.00%,100.00%,100.00%
continuous_0956_S6_strategy2.npz,4 -> 3 -> 8 -> 1 -> 6 -> 5,4 -> 3 -> 7 -> 8 -> 4 -> 1 -> 6 -> 6,4,4,2,50.00%,66.67%,57.14%
continuous_0957_S6_strategy2.npz,5 -> 2 -> 7 -> 3 -> 1 -> 8 -> 6,5 -> 5 -> 2 -> 7 -> 3 -> 3 -> 1 -> 4 -> 8 -> 6,6,4,1,60.00%,85.71%,70.59%
continuous_0958_S6_strategy2.npz,4 -> 8 -> 1 -> 5 -> 6 -> 0 -> 9,4 -> 7 -> 8 -> 1 -> 5 -> 9 -> 6 -> 6 -> 1 -> 0 -> 9,5,6,2,45.45%,71.43%,55.56%
continuous_0959_S6_strategy2.npz,1 -> 0 -> 7 -> 3 -> 2 -> 5 -> 8,1 -> 0 -> 7 -> 3 -> 2 -> 9 -> 5 -> 8,7,1,0,87.50%,100.00%,93.33%
continuous_0960_S6_strategy2.npz,6 -> 3 -> 8 -> 5 -> 7 -> 1,6 -> 3 -> 8 -> 5 -> 5 -> 7 -> 1,4,3,2,57.14%,66.67%,61.54%
continuous_0961_S6_strategy2.npz,9 -> 6 -> 0 -> 1 -> 4 -> 5,9 -> 6 -> 6 -> 0 -> 1 -> 4 -> 5,6,1,0,85.71%,100.00%,92.31%
continuous_0962_S6_strategy2.npz,9 -> 3 -> 8 -> 1 -> 4 -> 5,9 -> 3 -> 8 -> 1 -> 1 -> 6 -> 4 -> 4 -> 5,6,3,0,66.67%,100.00%,80.00%
continuous_0963_S6_strategy2.npz,2 -> 9 -> 3 -> 5 -> 6,2 -> 9 -> 3 -> 5 -> 5 -> 6,5,1,0,83.33%,100.00%,90.91%
continuous_0964_S6_strategy2.npz,0 -> 3 -> 6 -> 1 -> 2 -> 4,0 -> 3 -> 6 -> 1 -> 2 -> 4,5,1,1,83.33%,83.33%,83.33%
continuous_0965_S6_strategy2.npz,8 -> 6 -> 1 -> 0 -> 5,8 -> 6 -> 6 -> 1 -> 1 -> 0 -> 0 -> 5,3,5,2,37.50%,60.00%,46.15%
continuous_0966_S6_strategy2.npz,5 -> 3 -> 6 -> 2 -> 1 -> 7 -> 0,5 -> 3 -> 3 -> 6 -> 2 -> 9 -> 1 -> 4 -> 7 -> 0,7,3,0,70.00%,100.00%,82.35%
continuous_0967_S6_strategy2.npz,0 -> 2 -> 4 -> 5 -> 6 -> 7 -> 1,0 -> 2 -> 4 -> 5 -> 6 -> 1 -> 1,6,1,1,85.71%,85.71%,85.71%
continuous_0968_S6_strategy2.npz,8 -> 0 -> 4 -> 1 -> 2,8 -> 0 -> 4 -> 1 -> 1 -> 2,5,1,0,83.33%,100.00%,90.91%
continuous_0969_S6_strategy2.npz,8 -> 3 -> 0 -> 7 -> 1 -> 6,8 -> 3 -> 2 -> 0 -> 7 -> 1 -> 1 -> 6,6,2,0,75.00%,100.00%,85.71%
continuous_0970_S6_strategy2.npz,2 -> 0 -> 1 -> 5 -> 8 -> 7,2 -> 0 -> 1 -> 1 -> 5 -> 8 -> 8 -> 7,6,2,0,75.00%,100.00%,85.71%
continuous_0971_S6_strategy2.npz,4 -> 1 -> 0 -> 2 -> 8 -> 7,4 -> 4 -> 1 -> 1 -> 0 -> 2 -> 7 -> 8 -> 7,5,4,1,55.56%,83.33%,66.67%
continuous_0972_S6_strategy2.npz,6 -> 0 -> 1 -> 9 -> 2 -> 3 -> 8,6 -> 4 -> 0 -> 1 -> 9 -> 2 -> 3 -> 3 -> 8 -> 8,6,4,1,60.00%,85.71%,70.59%
continuous_0973_S6_strategy2.npz,4 -> 7 -> 2 -> 0 -> 3 -> 9,4 -> 7 -> 7 -> 2 -> 0 -> 3 -> 3 -> 9,6,2,0,75.00%,100.00%,85.71%
continuous_0974_S6_strategy2.npz,1 -> 6 -> 8 -> 2 -> 3 -> 5,1 -> 6 -> 8 -> 2 -> 3 -> 5,6,0,0,100.00%,100.00%,100.00%
continuous_0975_S6_strategy2.npz,9 -> 3 -> 7 -> 6 -> 8,9 -> 3 -> 7 -> 6 -> 8,5,0,0,100.00%,100.00%,100.00%
continuous_0976_S6_strategy2.npz,2 -> 5 -> 0 -> 3 -> 6 -> 9 -> 4,2 -> 5 -> 5 -> 0 -> 3 -> 6 -> 9 -> 7 -> 4,6,3,1,66.67%,85.71%,75.00%
continuous_0977_S6_strategy2.npz,0 -> 7 -> 9 -> 3 -> 5 -> 8,0 -> 7 -> 9 -> 3 -> 3 -> 3 -> 5 -> 8,4,4,2,50.00%,66.67%,57.14%
continuous_0978_S6_strategy2.npz,9 -> 3 -> 2 -> 1 -> 5,9 -> 3 -> 3 -> 2 -> 1 -> 5,4,2,1,66.67%,80.00%,72.73%
continuous_0979_S6_strategy2.npz,5 -> 2 -> 1 -> 3 -> 7 -> 0 -> 4,5 -> 5 -> 2 -> 1 -> 3 -> 3 -> 7 -> 0 -> 4,7,2,0,77.78%,100.00%,87.50%
continuous_0980_S6_strategy2.npz,1 -> 9 -> 3 -> 7 -> 4 -> 5 -> 0,1 -> 9 -> 3 -> 7 -> 4 -> 5 -> 2,6,1,1,85.71%,85.71%,85.71%
continuous_0981_S6_strategy2.npz,0 -> 2 -> 9 -> 3 -> 7,0 -> 2 -> 1 -> 9 -> 5 -> 3 -> 7,3,4,2,42.86%,60.00%,50.00%
continuous_0982_S6_strategy2.npz,3 -> 9 -> 6 -> 4 -> 5 -> 0 -> 2,3 -> 3 -> 9 -> 6 -> 6 -> 4 -> 5 -> 5 -> 5 -> 0 -> 4 -> 2,5,7,2,41.67%,71.43%,52.63%
continuous_0983_S6_strategy2.npz,5 -> 9 -> 8 -> 7 -> 2 -> 0,5 -> 5 -> 9 -> 8 -> 6 -> 7 -> 2 -> 0,6,2,0,75.00%,100.00%,85.71%
continuous_0984_S6_strategy2.npz,2 -> 6 -> 9 -> 5 -> 4 -> 0,2 -> 6 -> 4 -> 4 -> 5 -> 5 -> 2 -> 4 -> 6,2,7,4,22.22%,33.33%,26.67%
continuous_0985_S6_strategy2.npz,4 -> 1 -> 6 -> 2 -> 0 -> 9 -> 7,4 -> 1 -> 6 -> 6 -> 6 -> 2 -> 1 -> 0 -> 9 -> 5 -> 7,4,7,3,36.36%,57.14%,44.44%
continuous_0986_S6_strategy2.npz,2 -> 0 -> 3 -> 7 -> 6 -> 1,2 -> 0 -> 3 -> 7 -> 5 -> 6 -> 1,4,3,2,57.14%,66.67%,61.54%
continuous_0987_S6_strategy2.npz,1 -> 0 -> 4 -> 2 -> 6,1 -> 0 -> 4 -> 2 -> 2 -> 6,4,2,1,66.67%,80.00%,72.73%
continuous_0988_S6_strategy2.npz,9 -> 2 -> 1 -> 8 -> 7,9 -> 1 -> 2 -> 2 -> 1 -> 4 -> 8 -> 7,4,4,1,50.00%,80.00%,61.54%
continuous_0989_S6_strategy2.npz,2 -> 7 -> 1 -> 8 -> 4 -> 5 -> 3,2 -> 7 -> 1 -> 8 -> 6 -> 4 -> 5 -> 3 -> 3,7,2,0,77.78%,100.00%,87.50%
continuous_0990_S6_strategy2.npz,3 -> 8 -> 5 -> 6 -> 1 -> 9,3 -> 8 -> 5 -> 6 -> 1 -> 0 -> 9,4,3,2,57.14%,66.67%,61.54%
continuous_0991_S6_strategy2.npz,7 -> 8 -> 0 -> 6 -> 3,7 -> 8 -> 0 -> 6 -> 3,5,0,0,100.00%,100.00%,100.00%
continuous_0992_S6_strategy2.npz,2 -> 9 -> 5 -> 8 -> 6,2 -> 9 -> 0 -> 5 -> 8 -> 6,4,2,1,66.67%,80.00%,72.73%
continuous_0993_S6_strategy2.npz,6 -> 3 -> 9 -> 5 -> 4,6 -> 3 -> 6 -> 5 -> 4,4,1,1,80.00%,80.00%,80.00%
continuous_0994_S6_strategy2.npz,2 -> 6 -> 5 -> 4 -> 7,2 -> 6 -> 4 -> 7 -> 4 -> 7,3,3,2,50.00%,60.00%,54.55%
continuous_0995_S6_strategy2.npz,8 -> 9 -> 3 -> 1 -> 0,8 -> 9 -> 3 -> 6 -> 1 -> 0,3,3,2,50.00%,60.00%,54.55%
continuous_0996_S6_strategy2.npz,4 -> 7 -> 8 -> 3 -> 2 -> 1,4 -> 7 -> 8 -> 3 -> 2 -> 1,5,1,1,83.33%,83.33%,83.33%
continuous_0997_S6_strategy2.npz,5 -> 4 -> 7 -> 6 -> 0,5 -> 1 -> 4 -> 7 -> 6 -> 0,4,2,1,66.67%,80.00%,72.73%
continuous_0998_S6_strategy2.npz,2 -> 4 -> 6 -> 9 -> 7,2 -> 4 -> 1 -> 6 -> 9 -> 0,3,3,2,50.00%,60.00%,54.55%
continuous_0999_S6_strategy2.npz,9 -> 0 -> 2 -> 5 -> 6 -> 3 -> 1,9 -> 0 -> 5 -> 2 -> 5 -> 5 -> 5 -> 3 -> 1,5,4,2,55.56%,71.43%,62.50%
continuous_1000_S6_strategy2.npz,6 -> 1 -> 0 -> 8 -> 2 -> 3 -> 9,6 -> 1 -> 0 -> 5 -> 8 -> 5 -> 2 -> 3 -> 9,5,4,2,55.56%,71.43%,62.50%
continuous_1001_S6_strategy2.npz,3 -> 9 -> 7 -> 1 -> 4 -> 0 -> 8,3 -> 3 -> 5 -> 9 -> 7 -> 5 -> 1 -> 1 -> 4 -> 0 -> 8,7,4,0,63.64%,100.00%,77.78%
continuous_1002_S6_strategy2.npz,7 -> 2 -> 5 -> 0 -> 1,7 -> 9 -> 2 -> 5 -> 0 -> 1,5,1,0,83.33%,100.00%,90.91%
continuous_1003_S6_strategy2.npz,5 -> 4 -> 1 -> 2 -> 0,5 -> 5 -> 4 -> 9 -> 1 -> 1 -> 2 -> 2 -> 8 -> 0,5,5,0,50.00%,100.00%,66.67%
continuous_1004_S6_strategy2.npz,0 -> 3 -> 6 -> 7 -> 1 -> 4,0 -> 4 -> 3 -> 6 -> 7 -> 1 -> 4 -> 4,6,2,0,75.00%,100.00%,85.71%
continuous_1005_S6_strategy2.npz,1 -> 5 -> 9 -> 6 -> 4,1 -> 5 -> 9 -> 6 -> 4,5,0,0,100.00%,100.00%,100.00%
continuous_1006_S6_strategy2.npz,3 -> 7 -> 4 -> 2 -> 6 -> 0 -> 9,3 -> 3 -> 7 -> 4 -> 2 -> 6 -> 2 -> 0 -> 9,7,2,0,77.78%,100.00%,87.50%
continuous_1007_S6_strategy2.npz,2 -> 5 -> 1 -> 7 -> 0 -> 8 -> 3,2 -> 1 -> 5 -> 5 -> 1 -> 7 -> 6 -> 0 -> 0 -> 8 -> 9 -> 3 -> 3,4,9,3,30.77%,57.14%,40.00%
continuous_1008_S6_strategy2.npz,1 -> 5 -> 2 -> 8 -> 6 -> 3 -> 0,1 -> 5 -> 5 -> 2 -> 8 -> 2 -> 6 -> 3 -> 0,7,2,0,77.78%,100.00%,87.50%
continuous_1009_S6_strategy2.npz,7 -> 8 -> 4 -> 1 -> 6 -> 0 -> 2,7 -> 1 -> 8 -> 4 -> 1 -> 6 -> 6 -> 6 -> 0 -> 4 -> 0 -> 2,3,9,4,25.00%,42.86%,31.58%
continuous_1010_S6_strategy2.npz,9 -> 1 -> 5 -> 7 -> 0 -> 3,9 -> 1 -> 5 -> 7 -> 9 -> 3,4,2,2,66.67%,66.67%,66.67%
continuous_1011_S6_strategy2.npz,1 -> 2 -> 0 -> 4 -> 7 -> 6,1 -> 2 -> 0 -> 4 -> 7 -> 6,6,0,0,100.00%,100.00%,100.00%
continuous_1012_S6_strategy2.npz,0 -> 3 -> 4 -> 2 -> 7,0 -> 3 -> 3 -> 4 -> 2 -> 7,4,2,1,66.67%,80.00%,72.73%
continuous_1013_S6_strategy2.npz,5 -> 4 -> 2 -> 0 -> 7 -> 8,5 -> 4 -> 2 -> 0 -> 7 -> 8 -> 8,4,3,2,57.14%,66.67%,61.54%
continuous_1014_S6_strategy2.npz,1 -> 7 -> 0 -> 3 -> 9 -> 2,1 -> 5 -> 0 -> 3 -> 9 -> 2,5,1,1,83.33%,83.33%,83.33%
continuous_1015_S6_strategy2.npz,8 -> 4 -> 5 -> 1 -> 6 -> 2 -> 9,8 -> 8 -> 4 -> 5 -> 5 -> 1 -> 6 -> 2 -> 9,7,2,0,77.78%,100.00%,87.50%
continuous_1016_S6_strategy2.npz,9 -> 4 -> 3 -> 7 -> 1 -> 5,9 -> 4 -> 3 -> 7 -> 7 -> 1 -> 5,6,1,0,85.71%,100.00%,92.31%
continuous_1017_S6_strategy2.npz,8 -> 9 -> 7 -> 4 -> 5,8 -> 7 -> 9 -> 7 -> 4 -> 5,5,1,0,83.33%,100.00%,90.91%
continuous_1018_S6_strategy2.npz,4 -> 8 -> 7 -> 9 -> 6 -> 0,4 -> 8 -> 7 -> 9 -> 8 -> 6 -> 0,4,3,2,57.14%,66.67%,61.54%
continuous_1019_S6_strategy2.npz,1 -> 8 -> 9 -> 5 -> 4,1 -> 8 -> 9 -> 5 -> 4,5,0,0,100.00%,100.00%,100.00%
continuous_1020_S6_strategy2.npz,0 -> 7 -> 4 -> 6 -> 9,0 -> 8 -> 7 -> 6 -> 4 -> 2 -> 6 -> 6 -> 9,5,4,0,55.56%,100.00%,71.43%
continuous_1021_S6_strategy2.npz,5 -> 2 -> 4 -> 1 -> 9 -> 6,5 -> 5 -> 2 -> 4 -> 2 -> 1 -> 5 -> 9 -> 7 -> 2 -> 6,4,7,2,36.36%,66.67%,47.06%
continuous_1022_S6_strategy2.npz,3 -> 5 -> 4 -> 2 -> 1 -> 9 -> 8,3 -> 3 -> 5 -> 4 -> 2 -> 1 -> 9 -> 6 -> 8,7,2,0,77.78%,100.00%,87.50%
continuous_1023_S6_strategy2.npz,7 -> 3 -> 9 -> 5 -> 1 -> 0 -> 6,7 -> 3 -> 9 -> 5 -> 1 -> 2 -> 0 -> 6,5,3,2,62.50%,71.43%,66.67%
continuous_1024_S6_strategy2.npz,8 -> 3 -> 0 -> 9 -> 7,8 -> 3 -> 8 -> 9 -> 5 -> 7,3,3,2,50.00%,60.00%,54.55%
continuous_1025_S6_strategy2.npz,4 -> 7 -> 8 -> 3 -> 6,4 -> 7 -> 9 -> 3 -> 3 -> 6,4,2,1,66.67%,80.00%,72.73%
continuous_1026_S6_strategy2.npz,0 -> 8 -> 6 -> 2 -> 4 -> 1 -> 5,0 -> 8 -> 6 -> 2 -> 2 -> 7 -> 4 -> 1 -> 5,4,5,3,44.44%,57.14%,50.00%
continuous_1027_S6_strategy2.npz,5 -> 7 -> 1 -> 4 -> 6 -> 2,5 -> 9 -> 7 -> 1 -> 4 -> 6 -> 4 -> 2,6,2,0,75.00%,100.00%,85.71%
continuous_1028_S6_strategy2.npz,7 -> 0 -> 8 -> 4 -> 2 -> 3,7 -> 2 -> 0 -> 8 -> 4 -> 2 -> 3,6,1,0,85.71%,100.00%,92.31%
continuous_1029_S6_strategy2.npz,3 -> 2 -> 9 -> 5 -> 7,3 -> 3 -> 2 -> 7 -> 9 -> 5 -> 7,5,2,0,71.43%,100.00%,83.33%
continuous_1030_S6_strategy2.npz,8 -> 4 -> 7 -> 5 -> 0 -> 9 -> 3,8 -> 6 -> 4 -> 7 -> 6 -> 2 -> 0 -> 5 -> 9 -> 3 -> 3,6,5,1,54.55%,85.71%,66.67%
continuous_1031_S6_strategy2.npz,2 -> 0 -> 8 -> 4 -> 6 -> 3,2 -> 2 -> 0 -> 0 -> 8 -> 4 -> 6 -> 3 -> 3,6,3,0,66.67%,100.00%,80.00%
continuous_1032_S6_strategy2.npz,0 -> 6 -> 7 -> 9 -> 5,0 -> 6 -> 5 -> 7 -> 9 -> 5,4,2,1,66.67%,80.00%,72.73%
continuous_1033_S6_strategy2.npz,0 -> 8 -> 1 -> 9 -> 2 -> 5 -> 7,0 -> 6 -> 8 -> 1 -> 9 -> 9 -> 2 -> 5 -> 7,7,2,0,77.78%,100.00%,87.50%
continuous_1034_S6_strategy2.npz,7 -> 1 -> 6 -> 4 -> 5 -> 0 -> 3,7 -> 1 -> 6 -> 4 -> 5 -> 9 -> 0 -> 3,6,2,1,75.00%,85.71%,80.00%
continuous_1035_S6_strategy2.npz,2 -> 5 -> 7 -> 6 -> 4,2 -> 1 -> 5 -> 5 -> 7 -> 6 -> 4,5,2,0,71.43%,100.00%,83.33%
continuous_1036_S6_strategy2.npz,6 -> 3 -> 7 -> 4 -> 5 -> 1,6 -> 3 -> 7 -> 4 -> 5 -> 1,6,0,0,100.00%,100.00%,100.00%
continuous_1037_S6_strategy2.npz,0 -> 7 -> 3 -> 1 -> 9 -> 6 -> 2,0 -> 8 -> 7 -> 3 -> 7 -> 1 -> 9 -> 6 -> 2,6,3,1,66.67%,85.71%,75.00%
continuous_1038_S6_strategy2.npz,9 -> 6 -> 8 -> 7 -> 4 -> 3 -> 1,9 -> 6 -> 6 -> 8 -> 7 -> 4 -> 3 -> 3 -> 1,7,2,0,77.78%,100.00%,87.50%
continuous_1039_S6_strategy2.npz,1 -> 8 -> 4 -> 7 -> 2 -> 6,1 -> 8 -> 4 -> 7 -> 0 -> 2 -> 6,5,2,1,71.43%,83.33%,76.92%
continuous_1040_S6_strategy2.npz,3 -> 2 -> 1 -> 5 -> 8 -> 0 -> 9,3 -> 2 -> 1 -> 5 -> 8 -> 6 -> 0 -> 9,7,1,0,87.50%,100.00%,93.33%
continuous_1041_S6_strategy2.npz,5 -> 3 -> 0 -> 9 -> 4 -> 8 -> 7,5 -> 5 -> 3 -> 2 -> 0 -> 9 -> 4 -> 8 -> 7,7,2,0,77.78%,100.00%,87.50%
continuous_1042_S6_strategy2.npz,1 -> 4 -> 6 -> 5 -> 0 -> 3,1 -> 4 -> 6 -> 5 -> 0 -> 6 -> 3,4,3,2,57.14%,66.67%,61.54%
continuous_1043_S6_strategy2.npz,9 -> 1 -> 0 -> 7 -> 2,9 -> 1 -> 0 -> 7 -> 2,5,0,0,100.00%,100.00%,100.00%
continuous_1044_S6_strategy2.npz,4 -> 8 -> 1 -> 0 -> 3,4 -> 8 -> 1 -> 0 -> 3,4,1,1,80.00%,80.00%,80.00%
continuous_1045_S6_strategy2.npz,5 -> 7 -> 3 -> 0 -> 6 -> 4,5 -> 0 -> 7 -> 3 -> 3 -> 0 -> 6 -> 4,6,2,0,75.00%,100.00%,85.71%
continuous_1046_S6_strategy2.npz,6 -> 5 -> 7 -> 0 -> 3 -> 9 -> 1,6 -> 5 -> 7 -> 7 -> 0 -> 3 -> 9 -> 1,7,1,0,87.50%,100.00%,93.33%
continuous_1047_S6_strategy2.npz,5 -> 8 -> 2 -> 9 -> 1,5 -> 8 -> 2 -> 9 -> 1,5,0,0,100.00%,100.00%,100.00%
continuous_1048_S6_strategy2.npz,0 -> 3 -> 7 -> 9 -> 5,0 -> 3 -> 7 -> 5 -> 9 -> 5,5,1,0,83.33%,100.00%,90.91%
continuous_1049_S6_strategy2.npz,3 -> 9 -> 0 -> 1 -> 2,3 -> 3 -> 9 -> 8 -> 1 -> 2,4,2,1,66.67%,80.00%,72.73%
continuous_1050_S6_strategy2.npz,4 -> 9 -> 8 -> 2 -> 0 -> 3 -> 5,4 -> 9 -> 8 -> 1 -> 0 -> 0 -> 3 -> 5,5,3,2,62.50%,71.43%,66.67%
continuous_1051_S6_strategy2.npz,5 -> 9 -> 6 -> 3 -> 7 -> 2,5 -> 9 -> 6 -> 3 -> 7 -> 2,6,0,0,100.00%,100.00%,100.00%
continuous_1052_S6_strategy2.npz,1 -> 8 -> 9 -> 0 -> 2 -> 3,1 -> 8 -> 9 -> 9 -> 0 -> 2 -> 2 -> 3,4,4,2,50.00%,66.67%,57.14%
continuous_1053_S6_strategy2.npz,3 -> 9 -> 2 -> 8 -> 5,3 -> 9 -> 2 -> 7 -> 8 -> 5,4,2,1,66.67%,80.00%,72.73%
continuous_1054_S6_strategy2.npz,7 -> 6 -> 0 -> 3 -> 8 -> 5 -> 2,7 -> 6 -> 6 -> 0 -> 3 -> 3 -> 8 -> 5 -> 2,7,2,0,77.78%,100.00%,87.50%
continuous_1055_S6_strategy2.npz,7 -> 4 -> 0 -> 3 -> 1 -> 6,7 -> 4 -> 6 -> 0 -> 3 -> 1 -> 6,5,2,1,71.43%,83.33%,76.92%
continuous_1056_S6_strategy2.npz,5 -> 9 -> 6 -> 3 -> 1,5 -> 5 -> 9 -> 6 -> 5 -> 9 -> 1,4,3,1,57.14%,80.00%,66.67%
continuous_1057_S6_strategy2.npz,2 -> 4 -> 8 -> 5 -> 0,2 -> 1 -> 4 -> 8 -> 5 -> 0,4,2,1,66.67%,80.00%,72.73%
continuous_1058_S6_strategy2.npz,9 -> 4 -> 6 -> 0 -> 8 -> 7 -> 5,9 -> 8 -> 4 -> 6 -> 0 -> 2 -> 8 -> 7 -> 5,5,4,2,55.56%,71.43%,62.50%
continuous_1059_S6_strategy2.npz,7 -> 1 -> 6 -> 0 -> 3,7 -> 1 -> 6 -> 1 -> 0 -> 3 -> 3,4,3,1,57.14%,80.00%,66.67%
continuous_1060_S6_strategy2.npz,9 -> 5 -> 0 -> 4 -> 8 -> 2 -> 6,9 -> 5 -> 5 -> 0 -> 0 -> 4 -> 8 -> 6 -> 2 -> 2 -> 6,6,5,1,54.55%,85.71%,66.67%
continuous_1061_S6_strategy2.npz,0 -> 6 -> 4 -> 2 -> 9 -> 3 -> 5,0 -> 5 -> 6 -> 6 -> 4 -> 2 -> 9 -> 3 -> 5 -> 5,6,4,1,60.00%,85.71%,70.59%
continuous_1062_S6_strategy2.npz,2 -> 4 -> 6 -> 1 -> 7 -> 0,2 -> 4 -> 6 -> 2 -> 1 -> 6 -> 7 -> 0,3,5,3,37.50%,50.00%,42.86%
continuous_1063_S6_strategy2.npz,5 -> 3 -> 6 -> 2 -> 7 -> 1,5 -> 3 -> 3 -> 3 -> 6 -> 2 -> 7 -> 1,6,2,0,75.00%,100.00%,85.71%
continuous_1064_S6_strategy2.npz,0 -> 4 -> 5 -> 8 -> 7,0 -> 4 -> 5 -> 8 -> 8 -> 7,5,1,0,83.33%,100.00%,90.91%
continuous_1065_S6_strategy2.npz,5 -> 9 -> 1 -> 4 -> 2 -> 0,5 -> 6 -> 9 -> 7 -> 1 -> 4 -> 2 -> 0,6,2,0,75.00%,100.00%,85.71%
continuous_1066_S6_strategy2.npz,7 -> 5 -> 8 -> 3 -> 6,7 -> 5 -> 8 -> 3 -> 6,5,0,0,100.00%,100.00%,100.00%
continuous_1067_S6_strategy2.npz,9 -> 2 -> 0 -> 7 -> 5 -> 4,9 -> 2 -> 2 -> 6 -> 7 -> 5 -> 5 -> 7 -> 4,5,4,1,55.56%,83.33%,66.67%
continuous_1068_S6_strategy2.npz,0 -> 1 -> 4 -> 7 -> 5,0 -> 1 -> 4 -> 7 -> 0 -> 5,4,2,1,66.67%,80.00%,72.73%
continuous_1069_S6_strategy2.npz,3 -> 4 -> 5 -> 1 -> 9 -> 8,3 -> 2 -> 4 -> 7 -> 1 -> 9 -> 8,5,2,1,71.43%,83.33%,76.92%
continuous_1070_S6_strategy2.npz,4 -> 8 -> 6 -> 5 -> 3,4 -> 8 -> 6 -> 0 -> 5 -> 3 -> 3,5,2,0,71.43%,100.00%,83.33%
continuous_1071_S6_strategy2.npz,2 -> 6 -> 8 -> 1 -> 5 -> 7 -> 9,2 -> 6 -> 6 -> 8 -> 1 -> 5 -> 7 -> 7 -> 9,7,2,0,77.78%,100.00%,87.50%
continuous_1072_S6_strategy2.npz,5 -> 8 -> 3 -> 2 -> 7 -> 1,5 -> 8 -> 3 -> 3 -> 2 -> 2 -> 7 -> 1,5,3,1,62.50%,83.33%,71.43%
continuous_1073_S6_strategy2.npz,3 -> 8 -> 6 -> 7 -> 4 -> 1 -> 5,3 -> 8 -> 6 -> 2 -> 7 -> 4 -> 1 -> 5,5,3,2,62.50%,71.43%,66.67%
continuous_1074_S6_strategy2.npz,8 -> 5 -> 1 -> 0 -> 9 -> 3,8 -> 5 -> 1 -> 1 -> 0 -> 9 -> 3,6,1,0,85.71%,100.00%,92.31%
continuous_1075_S6_strategy2.npz,0 -> 7 -> 3 -> 8 -> 2,0 -> 4 -> 7 -> 3 -> 8 -> 8 -> 2,5,2,0,71.43%,100.00%,83.33%
continuous_1076_S6_strategy2.npz,1 -> 5 -> 9 -> 6 -> 0,1 -> 5 -> 9 -> 6 -> 9 -> 0,5,1,0,83.33%,100.00%,90.91%
continuous_1077_S6_strategy2.npz,9 -> 4 -> 2 -> 5 -> 6 -> 1,1 -> 4 -> 4 -> 2 -> 5 -> 6 -> 1,5,2,1,71.43%,83.33%,76.92%
continuous_1078_S6_strategy2.npz,9 -> 0 -> 1 -> 5 -> 3 -> 2 -> 7,9 -> 6 -> 6 -> 0 -> 4 -> 1 -> 2 -> 5 -> 3 -> 2 -> 7,7,4,0,63.64%,100.00%,77.78%
continuous_1079_S6_strategy2.npz,2 -> 1 -> 9 -> 0 -> 7 -> 8 -> 4,2 -> 1 -> 9 -> 6 -> 0 -> 7 -> 8 -> 4,5,3,2,62.50%,71.43%,66.67%
continuous_1080_S6_strategy2.npz,2 -> 4 -> 8 -> 1 -> 7,2 -> 4 -> 4 -> 8 -> 1 -> 1 -> 9 -> 7,5,3,0,62.50%,100.00%,76.92%
continuous_1081_S6_strategy2.npz,7 -> 1 -> 9 -> 8 -> 6 -> 5,7 -> 1 -> 9 -> 8 -> 8 -> 6 -> 5,6,1,0,85.71%,100.00%,92.31%
continuous_1082_S6_strategy2.npz,5 -> 7 -> 9 -> 6 -> 2 -> 0 -> 1,5 -> 5 -> 7 -> 4 -> 4 -> 2 -> 6 -> 9 -> 2 -> 0 -> 1,6,5,1,54.55%,85.71%,66.67%
continuous_1083_S6_strategy2.npz,5 -> 3 -> 8 -> 2 -> 1 -> 4,5 -> 3 -> 8 -> 2 -> 1 -> 4,6,0,0,100.00%,100.00%,100.00%
continuous_1084_S6_strategy2.npz,3 -> 8 -> 1 -> 2 -> 9 -> 7 -> 0,3 -> 8 -> 1 -> 1 -> 2 -> 9 -> 9 -> 7 -> 8 -> 0,7,3,0,70.00%,100.00%,82.35%
continuous_1085_S6_strategy2.npz,5 -> 6 -> 3 -> 1 -> 4 -> 8,5 -> 6 -> 3 -> 1 -> 1 -> 4 -> 8,6,1,0,85.71%,100.00%,92.31%
continuous_1086_S6_strategy2.npz,3 -> 1 -> 7 -> 2 -> 4 -> 9,3 -> 1 -> 2 -> 7 -> 9 -> 2 -> 1 -> 4 -> 1 -> 9,6,4,0,60.00%,100.00%,75.00%
continuous_1087_S6_strategy2.npz,2 -> 6 -> 8 -> 4 -> 5 -> 9 -> 0,2 -> 6 -> 1 -> 8 -> 4 -> 5 -> 5 -> 9 -> 5 -> 0,6,4,1,60.00%,85.71%,70.59%
continuous_1088_S6_strategy2.npz,1 -> 7 -> 6 -> 8 -> 2 -> 3 -> 5,1 -> 7 -> 6 -> 8 -> 6 -> 2 -> 3 -> 5 -> 5,4,5,3,44.44%,57.14%,50.00%
continuous_1089_S6_strategy2.npz,3 -> 0 -> 1 -> 6 -> 8 -> 5 -> 7,3 -> 0 -> 4 -> 1 -> 6 -> 8 -> 6 -> 5 -> 7,6,3,1,66.67%,85.71%,75.00%
continuous_1090_S6_strategy2.npz,4 -> 2 -> 7 -> 5 -> 1 -> 6 -> 3,4 -> 2 -> 7 -> 5 -> 5 -> 1 -> 6 -> 3,5,3,2,62.50%,71.43%,66.67%
continuous_1091_S6_strategy2.npz,1 -> 5 -> 8 -> 0 -> 2 -> 7 -> 9,1 -> 5 -> 8 -> 0 -> 2 -> 5 -> 7 -> 9,7,1,0,87.50%,100.00%,93.33%
continuous_1092_S6_strategy2.npz,6 -> 2 -> 7 -> 5 -> 1 -> 3 -> 0,6 -> 2 -> 7 -> 5 -> 2 -> 1 -> 1 -> 3 -> 3 -> 2 -> 0,2,9,5,18.18%,28.57%,22.22%
continuous_1093_S6_strategy2.npz,9 -> 0 -> 2 -> 1 -> 4 -> 7 -> 3,9 -> 0 -> 1 -> 2 -> 1 -> 4 -> 5 -> 7 -> 3 -> 3,6,4,1,60.00%,85.71%,70.59%
continuous_1094_S6_strategy2.npz,0 -> 6 -> 2 -> 7 -> 3 -> 9,0 -> 1 -> 6 -> 6 -> 2 -> 9 -> 7 -> 3 -> 3 -> 9,4,6,2,40.00%,66.67%,50.00%
continuous_1095_S6_strategy2.npz,8 -> 4 -> 1 -> 3 -> 7 -> 6,8 -> 4 -> 5 -> 1 -> 7 -> 7 -> 6,3,4,3,42.86%,50.00%,46.15%
continuous_1096_S6_strategy2.npz,6 -> 8 -> 1 -> 2 -> 0 -> 5 -> 4,6 -> 8 -> 1 -> 6 -> 2 -> 0 -> 5 -> 4,7,1,0,87.50%,100.00%,93.33%
continuous_1097_S6_strategy2.npz,6 -> 4 -> 8 -> 2 -> 3 -> 9,6 -> 4 -> 8 -> 2 -> 7 -> 9,5,1,1,83.33%,83.33%,83.33%
continuous_1098_S6_strategy2.npz,8 -> 5 -> 3 -> 0 -> 6 -> 9,8 -> 5 -> 3 -> 1 -> 0 -> 6 -> 9,6,1,0,85.71%,100.00%,92.31%
continuous_1099_S6_strategy2.npz,0 -> 1 -> 5 -> 4 -> 9,0 -> 9 -> 1 -> 5 -> 4 -> 9,5,1,0,83.33%,100.00%,90.91%
continuous_1100_S6_strategy2.npz,2 -> 4 -> 5 -> 9 -> 0 -> 6,2 -> 4 -> 5 -> 9 -> 0 -> 6,6,0,0,100.00%,100.00%,100.00%
continuous_1101_S6_strategy2.npz,5 -> 8 -> 2 -> 3 -> 1 -> 4 -> 7,5 -> 5 -> 8 -> 2 -> 3 -> 1 -> 4 -> 7,6,2,1,75.00%,85.71%,80.00%
continuous_1102_S6_strategy2.npz,2 -> 4 -> 7 -> 3 -> 9 -> 0,2 -> 6 -> 4 -> 7 -> 3 -> 9 -> 9 -> 2 -> 0,4,5,2,44.44%,66.67%,53.33%
continuous_1103_S6_strategy2.npz,4 -> 6 -> 3 -> 8 -> 2,4 -> 6 -> 3 -> 8 -> 2,4,1,1,80.00%,80.00%,80.00%
continuous_1104_S6_strategy2.npz,4 -> 1 -> 7 -> 5 -> 3 -> 6,4 -> 1 -> 7 -> 5 -> 3 -> 3 -> 6,4,3,2,57.14%,66.67%,61.54%
continuous_1105_S6_strategy2.npz,4 -> 2 -> 0 -> 1 -> 8 -> 9,4 -> 2 -> 2 -> 1 -> 0 -> 1 -> 8 -> 7 -> 9,6,3,0,66.67%,100.00%,80.00%
continuous_1106_S6_strategy2.npz,8 -> 4 -> 1 -> 6 -> 2 -> 9 -> 3,8 -> 9 -> 4 -> 1 -> 6 -> 2 -> 1 -> 9 -> 3,6,3,1,66.67%,85.71%,75.00%
continuous_1107_S6_strategy2.npz,0 -> 7 -> 9 -> 5 -> 6,0 -> 9 -> 9 -> 1 -> 5 -> 5 -> 6,4,3,1,57.14%,80.00%,66.67%
continuous_1108_S6_strategy2.npz,5 -> 3 -> 9 -> 8 -> 0 -> 2 -> 7,5 -> 5 -> 3 -> 9 -> 8 -> 6 -> 2 -> 2 -> 7,5,4,2,55.56%,71.43%,62.50%
continuous_1109_S6_strategy2.npz,9 -> 2 -> 1 -> 3 -> 8,9 -> 2 -> 9 -> 1 -> 3 -> 8 -> 8,4,3,1,57.14%,80.00%,66.67%
continuous_1110_S6_strategy2.npz,2 -> 7 -> 8 -> 4 -> 5,2 -> 7 -> 8 -> 4 -> 5,5,0,0,100.00%,100.00%,100.00%
continuous_1111_S6_strategy2.npz,4 -> 6 -> 7 -> 8 -> 2,4 -> 4 -> 7 -> 8 -> 2,4,1,1,80.00%,80.00%,80.00%
continuous_1112_S6_strategy2.npz,4 -> 6 -> 8 -> 9 -> 3,4 -> 2 -> 6 -> 6 -> 6 -> 8 -> 9 -> 3 -> 3,5,4,0,55.56%,100.00%,71.43%
continuous_1113_S6_strategy2.npz,9 -> 8 -> 2 -> 5 -> 4,1 -> 1 -> 8 -> 2 -> 4 -> 5 -> 7 -> 4,4,4,1,50.00%,80.00%,61.54%
continuous_1114_S6_strategy2.npz,0 -> 2 -> 1 -> 9 -> 7,0 -> 2 -> 1 -> 1 -> 9 -> 7,4,2,1,66.67%,80.00%,72.73%
continuous_1115_S6_strategy2.npz,3 -> 9 -> 0 -> 5 -> 4 -> 1 -> 7,3 -> 9 -> 0 -> 5 -> 4 -> 4 -> 1 -> 6 -> 7,6,3,1,66.67%,85.71%,75.00%
continuous_1116_S6_strategy2.npz,4 -> 9 -> 8 -> 5 -> 6,4 -> 9 -> 8 -> 5 -> 6,5,0,0,100.00%,100.00%,100.00%
continuous_1117_S6_strategy2.npz,0 -> 4 -> 1 -> 3 -> 9 -> 8,0 -> 4 -> 1 -> 3 -> 9 -> 8,5,1,1,83.33%,83.33%,83.33%
continuous_1118_S6_strategy2.npz,2 -> 6 -> 1 -> 8 -> 4 -> 5 -> 7,2 -> 0 -> 6 -> 1 -> 8 -> 4 -> 0 -> 5 -> 5 -> 7,6,4,1,60.00%,85.71%,70.59%
continuous_1119_S6_strategy2.npz,1 -> 6 -> 3 -> 4 -> 9,1 -> 6 -> 3 -> 4 -> 4 -> 9,3,3,2,50.00%,60.00%,54.55%
continuous_1120_S6_strategy2.npz,5 -> 1 -> 0 -> 4 -> 8,5 -> 1 -> 0 -> 4 -> 7 -> 8,4,2,1,66.67%,80.00%,72.73%
continuous_1121_S6_strategy2.npz,4 -> 1 -> 8 -> 9 -> 3 -> 7,4 -> 4 -> 1 -> 8 -> 9 -> 9 -> 3 -> 6 -> 7,6,3,0,66.67%,100.00%,80.00%
continuous_1122_S6_strategy2.npz,5 -> 1 -> 2 -> 7 -> 4 -> 8 -> 9,5 -> 5 -> 1 -> 0 -> 2 -> 7 -> 4 -> 8 -> 9,5,4,2,55.56%,71.43%,62.50%
continuous_1123_S6_strategy2.npz,1 -> 8 -> 2 -> 9 -> 5 -> 6 -> 0,1 -> 8 -> 2 -> 9 -> 9 -> 6 -> 0,6,1,1,85.71%,85.71%,85.71%
continuous_1124_S6_strategy2.npz,3 -> 2 -> 7 -> 9 -> 8,3 -> 2 -> 7 -> 6 -> 8,4,1,1,80.00%,80.00%,80.00%
continuous_1125_S6_strategy2.npz,3 -> 5 -> 4 -> 2 -> 0 -> 8,3 -> 5 -> 4 -> 0 -> 2 -> 0 -> 8,5,2,1,71.43%,83.33%,76.92%
continuous_1126_S6_strategy2.npz,0 -> 4 -> 5 -> 3 -> 9 -> 8 -> 6,0 -> 4 -> 5 -> 3 -> 9 -> 8 -> 6,7,0,0,100.00%,100.00%,100.00%
continuous_1127_S6_strategy2.npz,3 -> 1 -> 6 -> 7 -> 9 -> 8 -> 0,3 -> 3 -> 1 -> 6 -> 5 -> 7 -> 9 -> 8 -> 8 -> 0,5,5,2,50.00%,71.43%,58.82%
continuous_1128_S6_strategy2.npz,0 -> 6 -> 3 -> 9 -> 1,0 -> 6 -> 3 -> 2 -> 9 -> 1,4,2,1,66.67%,80.00%,72.73%
continuous_1129_S6_strategy2.npz,9 -> 6 -> 7 -> 0 -> 5,9 -> 6 -> 7 -> 2 -> 0 -> 5,5,1,0,83.33%,100.00%,90.91%
continuous_1130_S6_strategy2.npz,9 -> 7 -> 0 -> 8 -> 4 -> 5 -> 6,9 -> 9 -> 7 -> 0 -> 8 -> 4 -> 5 -> 7 -> 6,6,3,1,66.67%,85.71%,75.00%
continuous_1131_S6_strategy2.npz,8 -> 5 -> 7 -> 3 -> 0 -> 4,8 -> 5 -> 2 -> 7 -> 3 -> 0 -> 7 -> 4,6,2,0,75.00%,100.00%,85.71%
continuous_1132_S6_strategy2.npz,7 -> 1 -> 4 -> 3 -> 5,7 -> 5 -> 1 -> 6 -> 3 -> 5,4,2,1,66.67%,80.00%,72.73%
continuous_1133_S6_strategy2.npz,4 -> 0 -> 7 -> 5 -> 2 -> 1 -> 9,4 -> 0 -> 4 -> 7 -> 5 -> 2 -> 1 -> 9,6,2,1,75.00%,85.71%,80.00%
continuous_1134_S6_strategy2.npz,6 -> 2 -> 1 -> 4 -> 9 -> 5 -> 3,6 -> 1 -> 2 -> 1 -> 1 -> 4 -> 9 -> 9 -> 5 -> 3,7,3,0,70.00%,100.00%,82.35%
continuous_1135_S6_strategy2.npz,1 -> 5 -> 9 -> 8 -> 2 -> 3 -> 6,1 -> 5 -> 9 -> 8 -> 0 -> 2 -> 3 -> 6 -> 6,7,2,0,77.78%,100.00%,87.50%
continuous_1136_S6_strategy2.npz,4 -> 7 -> 8 -> 5 -> 9 -> 6,4 -> 7 -> 6 -> 8 -> 5 -> 9 -> 6,5,2,1,71.43%,83.33%,76.92%
continuous_1137_S6_strategy2.npz,8 -> 5 -> 2 -> 3 -> 6,8 -> 5 -> 5 -> 2 -> 3 -> 6,5,1,0,83.33%,100.00%,90.91%
continuous_1138_S6_strategy2.npz,3 -> 9 -> 1 -> 8 -> 4,3 -> 9 -> 1 -> 1 -> 9 -> 8 -> 6,3,4,2,42.86%,60.00%,50.00%
continuous_1139_S6_strategy2.npz,5 -> 9 -> 7 -> 2 -> 4 -> 3,5 -> 6 -> 9 -> 7 -> 2 -> 4 -> 3,6,1,0,85.71%,100.00%,92.31%
continuous_1140_S6_strategy2.npz,3 -> 4 -> 6 -> 2 -> 0 -> 5 -> 7,3 -> 4 -> 6 -> 2 -> 0 -> 5 -> 7,7,0,0,100.00%,100.00%,100.00%
continuous_1141_S6_strategy2.npz,8 -> 2 -> 0 -> 3 -> 6 -> 4,8 -> 2 -> 5 -> 0 -> 3 -> 3 -> 6 -> 4,4,4,2,50.00%,66.67%,57.14%
continuous_1142_S6_strategy2.npz,4 -> 2 -> 3 -> 5 -> 8 -> 9,4 -> 2 -> 3 -> 3 -> 3 -> 5 -> 8 -> 8 -> 8,4,5,2,44.44%,66.67%,53.33%
continuous_1143_S6_strategy2.npz,8 -> 4 -> 7 -> 3 -> 6 -> 1 -> 2,8 -> 4 -> 2 -> 7 -> 3 -> 6 -> 1 -> 2,6,2,1,75.00%,85.71%,80.00%
continuous_1144_S6_strategy2.npz,0 -> 2 -> 7 -> 6 -> 5 -> 9 -> 8,0 -> 0 -> 2 -> 9 -> 7 -> 6 -> 5 -> 9 -> 1 -> 9 -> 4 -> 8,6,6,1,50.00%,85.71%,63.16%
continuous_1145_S6_strategy2.npz,3 -> 1 -> 5 -> 8 -> 2 -> 0,3 -> 1 -> 5 -> 8 -> 2 -> 7 -> 0,5,2,1,71.43%,83.33%,76.92%
continuous_1146_S6_strategy2.npz,0 -> 9 -> 3 -> 5 -> 2,0 -> 9 -> 3 -> 3 -> 5 -> 2,5,1,0,83.33%,100.00%,90.91%
continuous_1147_S6_strategy2.npz,7 -> 9 -> 8 -> 3 -> 5 -> 6 -> 1,7 -> 9 -> 8 -> 3 -> 5 -> 5 -> 6 -> 1,6,2,1,75.00%,85.71%,80.00%
continuous_1148_S6_strategy2.npz,4 -> 7 -> 3 -> 8 -> 6 -> 5,4 -> 7 -> 7 -> 3 -> 7 -> 8 -> 6 -> 5,6,2,0,75.00%,100.00%,85.71%
continuous_1149_S6_strategy2.npz,8 -> 2 -> 6 -> 9 -> 3,8 -> 2 -> 6 -> 9 -> 3,4,1,1,80.00%,80.00%,80.00%
continuous_1150_S6_strategy2.npz,1 -> 3 -> 0 -> 7 -> 2,1 -> 1 -> 1 -> 7 -> 2,3,2,2,60.00%,60.00%,60.00%
continuous_1151_S6_strategy2.npz,8 -> 9 -> 2 -> 6 -> 5 -> 1,8 -> 9 -> 9 -> 2 -> 2 -> 6 -> 5 -> 5 -> 1,4,5,2,44.44%,66.67%,53.33%
continuous_1152_S6_strategy2.npz,3 -> 6 -> 0 -> 2 -> 1,3 -> 6 -> 5 -> 0 -> 2 -> 1,5,1,0,83.33%,100.00%,90.91%
continuous_1153_S6_strategy2.npz,9 -> 5 -> 2 -> 6 -> 4,9 -> 5 -> 2 -> 6 -> 6 -> 4,5,1,0,83.33%,100.00%,90.91%
continuous_1154_S6_strategy2.npz,6 -> 8 -> 9 -> 0 -> 7 -> 2 -> 3,6 -> 8 -> 9 -> 0 -> 7 -> 2 -> 3 -> 3,7,1,0,87.50%,100.00%,93.33%
continuous_1155_S6_strategy2.npz,3 -> 0 -> 6 -> 4 -> 2 -> 5 -> 1,3 -> 2 -> 0 -> 5 -> 6 -> 4 -> 0 -> 2 -> 5 -> 1,7,3,0,70.00%,100.00%,82.35%
continuous_1156_S6_strategy2.npz,3 -> 7 -> 6 -> 0 -> 4 -> 9,3 -> 7 -> 6 -> 8 -> 0 -> 4 -> 9,5,2,1,71.43%,83.33%,76.92%
continuous_1157_S6_strategy2.npz,6 -> 9 -> 0 -> 7 -> 5 -> 4,6 -> 9 -> 9 -> 7 -> 0 -> 5 -> 7 -> 5 -> 5 -> 5 -> 4,5,6,1,45.45%,83.33%,58.82%
continuous_1158_S6_strategy2.npz,4 -> 8 -> 5 -> 7 -> 0,4 -> 8 -> 5 -> 7 -> 0,4,1,1,80.00%,80.00%,80.00%
continuous_1159_S6_strategy2.npz,6 -> 2 -> 1 -> 4 -> 0 -> 3 -> 9,6 -> 2 -> 1 -> 4 -> 2 -> 0 -> 3 -> 3 -> 9,4,5,3,44.44%,57.14%,50.00%
continuous_1160_S6_strategy2.npz,0 -> 6 -> 2 -> 3 -> 9 -> 7,0 -> 8 -> 6 -> 0 -> 2 -> 3 -> 3 -> 9 -> 7,6,3,0,66.67%,100.00%,80.00%
continuous_1161_S6_strategy2.npz,5 -> 1 -> 6 -> 8 -> 2 -> 7,5 -> 1 -> 6 -> 6 -> 8 -> 2 -> 7,6,1,0,85.71%,100.00%,92.31%
continuous_1162_S6_strategy2.npz,8 -> 1 -> 2 -> 6 -> 4 -> 7 -> 9,8 -> 1 -> 2 -> 6 -> 4 -> 7 -> 9,7,0,0,100.00%,100.00%,100.00%
continuous_1163_S6_strategy2.npz,8 -> 9 -> 6 -> 3 -> 7 -> 2,8 -> 9 -> 6 -> 6 -> 6 -> 3 -> 7 -> 2,5,3,1,62.50%,83.33%,71.43%
continuous_1164_S6_strategy2.npz,1 -> 3 -> 0 -> 4 -> 2 -> 8 -> 6,1 -> 3 -> 0 -> 4 -> 2 -> 8 -> 6,7,0,0,100.00%,100.00%,100.00%
continuous_1165_S6_strategy2.npz,6 -> 1 -> 2 -> 8 -> 3 -> 0 -> 5,6 -> 6 -> 1 -> 2 -> 6 -> 8 -> 3 -> 3 -> 0 -> 5,7,3,0,70.00%,100.00%,82.35%
continuous_1166_S6_strategy2.npz,4 -> 5 -> 9 -> 3 -> 0 -> 2 -> 6,4 -> 5 -> 5 -> 9 -> 3 -> 0 -> 2 -> 2 -> 6,7,2,0,77.78%,100.00%,87.50%
continuous_1167_S6_strategy2.npz,5 -> 3 -> 2 -> 6 -> 8 -> 9 -> 7,5 -> 5 -> 3 -> 2 -> 6 -> 9 -> 8 -> 9 -> 7,6,3,1,66.67%,85.71%,75.00%
continuous_1168_S6_strategy2.npz,1 -> 2 -> 5 -> 4 -> 9 -> 6 -> 3,1 -> 1 -> 5 -> 5 -> 5 -> 4 -> 1 -> 9 -> 9 -> 6 -> 3,5,6,2,45.45%,71.43%,55.56%
continuous_1169_S6_strategy2.npz,7 -> 2 -> 9 -> 4 -> 3 -> 5 -> 0,7 -> 2 -> 9 -> 6 -> 4 -> 5 -> 3 -> 5 -> 5 -> 0,7,3,0,70.00%,100.00%,82.35%
continuous_1170_S6_strategy2.npz,7 -> 0 -> 4 -> 6 -> 1 -> 3 -> 2,7 -> 0 -> 4 -> 6 -> 1 -> 1 -> 3 -> 2,5,3,2,62.50%,71.43%,66.67%
continuous_1171_S6_strategy2.npz,4 -> 5 -> 7 -> 2 -> 6 -> 3 -> 8,4 -> 5 -> 5 -> 7 -> 6 -> 2 -> 7 -> 6 -> 3 -> 0 -> 8,7,4,0,63.64%,100.00%,77.78%
continuous_1172_S6_strategy2.npz,6 -> 8 -> 2 -> 3 -> 7,6 -> 6 -> 2 -> 9 -> 3 -> 7,4,2,1,66.67%,80.00%,72.73%
continuous_1173_S6_strategy2.npz,1 -> 5 -> 7 -> 9 -> 8,1 -> 5 -> 7 -> 9 -> 8,5,0,0,100.00%,100.00%,100.00%
continuous_1174_S6_strategy2.npz,4 -> 3 -> 0 -> 6 -> 5 -> 1,4 -> 5 -> 3 -> 6 -> 2 -> 0 -> 6 -> 5 -> 5 -> 1,6,4,0,60.00%,100.00%,75.00%
continuous_1175_S6_strategy2.npz,2 -> 9 -> 3 -> 5 -> 4,2 -> 2 -> 9 -> 9 -> 3 -> 5 -> 4,5,2,0,71.43%,100.00%,83.33%
continuous_1176_S6_strategy2.npz,1 -> 9 -> 3 -> 8 -> 2 -> 6 -> 7,1 -> 9 -> 3 -> 3 -> 8 -> 2 -> 7 -> 6 -> 7,6,3,1,66.67%,85.71%,75.00%
continuous_1177_S6_strategy2.npz,2 -> 7 -> 1 -> 4 -> 8 -> 0,2 -> 7 -> 1 -> 4 -> 8 -> 2 -> 0,5,2,1,71.43%,83.33%,76.92%
continuous_1178_S6_strategy2.npz,4 -> 6 -> 2 -> 7 -> 1,4 -> 6 -> 7 -> 2 -> 7 -> 7 -> 5 -> 1,3,5,2,37.50%,60.00%,46.15%
continuous_1179_S6_strategy2.npz,8 -> 6 -> 0 -> 3 -> 1 -> 5 -> 4,8 -> 8 -> 6 -> 0 -> 3 -> 6 -> 1 -> 5 -> 4,7,2,0,77.78%,100.00%,87.50%
continuous_1180_S6_strategy2.npz,6 -> 7 -> 8 -> 0 -> 9 -> 3 -> 2,6 -> 7 -> 7 -> 8 -> 0 -> 9 -> 6 -> 3 -> 2,7,2,0,77.78%,100.00%,87.50%
continuous_1181_S6_strategy2.npz,4 -> 6 -> 7 -> 2 -> 9 -> 1,4 -> 2 -> 6 -> 6 -> 6 -> 7 -> 2 -> 1 -> 9 -> 1,6,4,0,60.00%,100.00%,75.00%
continuous_1182_S6_strategy2.npz,2 -> 0 -> 7 -> 3 -> 9,2 -> 0 -> 7 -> 3 -> 3 -> 7 -> 9,5,2,0,71.43%,100.00%,83.33%
continuous_1183_S6_strategy2.npz,4 -> 5 -> 3 -> 8 -> 9,4 -> 5 -> 3 -> 1 -> 8 -> 6 -> 9,5,2,0,71.43%,100.00%,83.33%
continuous_1184_S6_strategy2.npz,4 -> 8 -> 1 -> 7 -> 9 -> 2 -> 0,4 -> 8 -> 1 -> 7 -> 9 -> 1 -> 2 -> 0,4,4,3,50.00%,57.14%,53.33%
continuous_1185_S6_strategy2.npz,2 -> 5 -> 7 -> 3 -> 9 -> 4,2 -> 5 -> 7 -> 3 -> 9 -> 4,6,0,0,100.00%,100.00%,100.00%
continuous_1186_S6_strategy2.npz,6 -> 9 -> 1 -> 4 -> 3 -> 0,6 -> 9 -> 1 -> 4 -> 4 -> 3 -> 0,6,1,0,85.71%,100.00%,92.31%
continuous_1187_S6_strategy2.npz,8 -> 2 -> 3 -> 6 -> 4 -> 9 -> 1,8 -> 0 -> 0 -> 3 -> 6 -> 4 -> 7 -> 7 -> 1,5,4,2,55.56%,71.43%,62.50%
continuous_1188_S6_strategy2.npz,1 -> 2 -> 3 -> 9 -> 5 -> 7,1 -> 2 -> 3 -> 2 -> 9 -> 5 -> 7,4,3,2,57.14%,66.67%,61.54%
continuous_1189_S6_strategy2.npz,5 -> 4 -> 7 -> 2 -> 3,5 -> 4 -> 7 -> 9 -> 2 -> 0 -> 3,4,3,1,57.14%,80.00%,66.67%
continuous_1190_S6_strategy2.npz,0 -> 1 -> 3 -> 5 -> 9 -> 2,0 -> 1 -> 3 -> 6 -> 5 -> 9 -> 2,5,2,1,71.43%,83.33%,76.92%
continuous_1191_S6_strategy2.npz,1 -> 6 -> 4 -> 7 -> 5 -> 8,1 -> 6 -> 4 -> 7 -> 5 -> 7 -> 8,5,2,1,71.43%,83.33%,76.92%
continuous_1192_S6_strategy2.npz,3 -> 5 -> 4 -> 2 -> 1,3 -> 3 -> 5 -> 4 -> 1 -> 1 -> 1,4,3,1,57.14%,80.00%,66.67%
continuous_1193_S6_strategy2.npz,2 -> 5 -> 3 -> 0 -> 8 -> 1 -> 4,2 -> 9 -> 5 -> 3 -> 0 -> 8 -> 1 -> 4,7,1,0,87.50%,100.00%,93.33%
continuous_1194_S6_strategy2.npz,0 -> 5 -> 7 -> 1 -> 2 -> 8,0 -> 4 -> 5 -> 7 -> 1 -> 2 -> 2 -> 8 -> 8,5,4,1,55.56%,83.33%,66.67%
continuous_1195_S6_strategy2.npz,9 -> 1 -> 2 -> 4 -> 3 -> 7,9 -> 1 -> 0 -> 2 -> 4 -> 3 -> 7,5,2,1,71.43%,83.33%,76.92%
continuous_1196_S6_strategy2.npz,3 -> 9 -> 6 -> 0 -> 7 -> 4 -> 2,3 -> 9 -> 6 -> 6 -> 2 -> 0 -> 7 -> 7 -> 4 -> 2,6,4,1,60.00%,85.71%,70.59%
continuous_1197_S6_strategy2.npz,4 -> 9 -> 6 -> 2 -> 7 -> 1 -> 8,4 -> 9 -> 6 -> 6 -> 2 -> 7 -> 1 -> 8,7,1,0,87.50%,100.00%,93.33%
continuous_1198_S6_strategy2.npz,7 -> 0 -> 2 -> 4 -> 9,7 -> 0 -> 2 -> 2 -> 4 -> 9,5,1,0,83.33%,100.00%,90.91%
continuous_1199_S6_strategy2.npz,9 -> 3 -> 6 -> 4 -> 1,9 -> 3 -> 5 -> 6 -> 4 -> 1,5,1,0,83.33%,100.00%,90.91%
continuous_1200_S7_strategy2.npz,7 -> 4 -> 8 -> 3 -> 2,7 -> 4 -> 8 -> 3 -> 2 -> 2,5,1,0,83.33%,100.00%,90.91%
continuous_1201_S7_strategy2.npz,3 -> 5 -> 1 -> 9 -> 6 -> 2 -> 7,3 -> 3 -> 5 -> 1 -> 9 -> 6 -> 2 -> 1 -> 7,7,2,0,77.78%,100.00%,87.50%
continuous_1202_S7_strategy2.npz,9 -> 3 -> 1 -> 2 -> 5 -> 6 -> 4,9 -> 3 -> 3 -> 1 -> 2 -> 5 -> 6 -> 4,7,1,0,87.50%,100.00%,93.33%
continuous_1203_S7_strategy2.npz,4 -> 8 -> 7 -> 6 -> 9 -> 3 -> 5,4 -> 8 -> 7 -> 7 -> 6 -> 9 -> 3 -> 5,7,1,0,87.50%,100.00%,93.33%
continuous_1204_S7_strategy2.npz,1 -> 5 -> 0 -> 4 -> 2 -> 3,1 -> 1 -> 5 -> 0 -> 4 -> 2 -> 7 -> 3,6,2,0,75.00%,100.00%,85.71%
continuous_1205_S7_strategy2.npz,8 -> 4 -> 5 -> 3 -> 6 -> 1,8 -> 7 -> 4 -> 2 -> 5 -> 2 -> 3 -> 6 -> 6 -> 1 -> 1,4,7,2,36.36%,66.67%,47.06%
continuous_1206_S7_strategy2.npz,4 -> 5 -> 7 -> 2 -> 8,4 -> 5 -> 1 -> 2 -> 8,4,1,1,80.00%,80.00%,80.00%
continuous_1207_S7_strategy2.npz,8 -> 3 -> 9 -> 6 -> 4 -> 0 -> 7,8 -> 3 -> 9 -> 6 -> 2 -> 4 -> 2 -> 0 -> 7,7,2,0,77.78%,100.00%,87.50%
continuous_1208_S7_strategy2.npz,0 -> 5 -> 4 -> 1 -> 8 -> 7,0 -> 5 -> 4 -> 1 -> 0 -> 7,5,1,1,83.33%,83.33%,83.33%
continuous_1209_S7_strategy2.npz,8 -> 2 -> 9 -> 3 -> 1 -> 4 -> 7,8 -> 9 -> 2 -> 7 -> 9 -> 3 -> 1 -> 5 -> 7,5,4,2,55.56%,71.43%,62.50%
continuous_1210_S7_strategy2.npz,1 -> 5 -> 6 -> 7 -> 2 -> 9 -> 8,1 -> 5 -> 5 -> 6 -> 7 -> 2 -> 9 -> 7 -> 8,6,3,1,66.67%,85.71%,75.00%
continuous_1211_S7_strategy2.npz,3 -> 9 -> 0 -> 7 -> 4 -> 8 -> 1,3 -> 9 -> 9 -> 0 -> 4 -> 7 -> 4 -> 2 -> 8 -> 1,4,6,3,40.00%,57.14%,47.06%
continuous_1212_S7_strategy2.npz,9 -> 0 -> 6 -> 4 -> 2,9 -> 0 -> 6 -> 1 -> 4 -> 2 -> 2,5,2,0,71.43%,100.00%,83.33%
continuous_1213_S7_strategy2.npz,9 -> 6 -> 8 -> 4 -> 1 -> 0 -> 7,9 -> 6 -> 8 -> 4 -> 1 -> 0 -> 7,6,1,1,85.71%,85.71%,85.71%
continuous_1214_S7_strategy2.npz,5 -> 3 -> 6 -> 7 -> 4,5 -> 5 -> 3 -> 6 -> 8 -> 7 -> 4,5,2,0,71.43%,100.00%,83.33%
continuous_1215_S7_strategy2.npz,0 -> 5 -> 3 -> 9 -> 7 -> 8 -> 4,0 -> 5 -> 2 -> 9 -> 7 -> 7 -> 8 -> 4,6,2,1,75.00%,85.71%,80.00%
continuous_1216_S7_strategy2.npz,0 -> 8 -> 1 -> 3 -> 5,0 -> 9 -> 1 -> 3 -> 5,3,2,2,60.00%,60.00%,60.00%
continuous_1217_S7_strategy2.npz,4 -> 9 -> 7 -> 5 -> 1 -> 3 -> 6,4 -> 7 -> 9 -> 7 -> 5 -> 1 -> 9 -> 3 -> 6,7,2,0,77.78%,100.00%,87.50%
continuous_1218_S7_strategy2.npz,4 -> 7 -> 0 -> 2 -> 8,4 -> 7 -> 2 -> 0 -> 9 -> 2 -> 2 -> 8,3,5,2,37.50%,60.00%,46.15%
continuous_1219_S7_strategy2.npz,2 -> 8 -> 1 -> 6 -> 3 -> 4 -> 9,2 -> 9 -> 8 -> 1 -> 6 -> 3 -> 4 -> 1 -> 9,7,2,0,77.78%,100.00%,87.50%
continuous_1220_S7_strategy2.npz,3 -> 9 -> 0 -> 7 -> 6 -> 8,3 -> 9 -> 0 -> 7 -> 6 -> 9 -> 8 -> 8,4,4,2,50.00%,66.67%,57.14%
continuous_1221_S7_strategy2.npz,6 -> 5 -> 2 -> 4 -> 1 -> 0 -> 9,6 -> 6 -> 5 -> 2 -> 4 -> 1 -> 4 -> 0 -> 0 -> 9,6,4,1,60.00%,85.71%,70.59%
continuous_1222_S7_strategy2.npz,4 -> 2 -> 6 -> 5 -> 0 -> 3 -> 1,4 -> 2 -> 6 -> 9 -> 5 -> 6 -> 0 -> 3 -> 1,4,5,3,44.44%,57.14%,50.00%
continuous_1223_S7_strategy2.npz,7 -> 6 -> 9 -> 0 -> 8,7 -> 6 -> 9 -> 0 -> 1 -> 8,3,3,2,50.00%,60.00%,54.55%
continuous_1224_S7_strategy2.npz,6 -> 3 -> 8 -> 1 -> 4 -> 5,6 -> 3 -> 6 -> 8 -> 9 -> 1 -> 4 -> 5,5,3,1,62.50%,83.33%,71.43%
continuous_1225_S7_strategy2.npz,9 -> 4 -> 2 -> 0 -> 3,9 -> 7 -> 4 -> 2 -> 0 -> 4 -> 3,4,3,1,57.14%,80.00%,66.67%
continuous_1226_S7_strategy2.npz,4 -> 0 -> 7 -> 3 -> 2,4 -> 2 -> 6 -> 0 -> 7 -> 4 -> 3 -> 2,5,3,0,62.50%,100.00%,76.92%
continuous_1227_S7_strategy2.npz,9 -> 7 -> 0 -> 8 -> 2,9 -> 9 -> 7 -> 0 -> 8 -> 2,5,1,0,83.33%,100.00%,90.91%
continuous_1228_S7_strategy2.npz,2 -> 7 -> 5 -> 0 -> 4 -> 6,2 -> 7 -> 5 -> 5 -> 0 -> 4 -> 9 -> 6,6,2,0,75.00%,100.00%,85.71%
continuous_1229_S7_strategy2.npz,1 -> 4 -> 3 -> 0 -> 8 -> 2 -> 6,1 -> 4 -> 9 -> 3 -> 0 -> 0 -> 8 -> 2 -> 6,6,3,1,66.67%,85.71%,75.00%
continuous_1230_S7_strategy2.npz,4 -> 7 -> 6 -> 1 -> 9 -> 3,4 -> 7 -> 6 -> 6 -> 1 -> 9 -> 3,5,2,1,71.43%,83.33%,76.92%
continuous_1231_S7_strategy2.npz,5 -> 8 -> 2 -> 7 -> 4 -> 9,5 -> 8 -> 8 -> 2 -> 6 -> 7 -> 4 -> 9 -> 9,5,4,1,55.56%,83.33%,66.67%
continuous_1232_S7_strategy2.npz,1 -> 6 -> 2 -> 3 -> 8,1 -> 6 -> 2 -> 3 -> 8 -> 8,3,3,2,50.00%,60.00%,54.55%
continuous_1233_S7_strategy2.npz,6 -> 4 -> 7 -> 9 -> 1 -> 5 -> 2,6 -> 4 -> 7 -> 7 -> 8 -> 9 -> 1 -> 5 -> 2,5,4,2,55.56%,71.43%,62.50%
continuous_1234_S7_strategy2.npz,6 -> 1 -> 3 -> 9 -> 8 -> 2 -> 4,6 -> 1 -> 3 -> 9 -> 8 -> 8 -> 0 -> 2 -> 4 -> 4,6,4,1,60.00%,85.71%,70.59%
continuous_1235_S7_strategy2.npz,6 -> 5 -> 1 -> 0 -> 2 -> 9 -> 3,6 -> 5 -> 1 -> 0 -> 0 -> 2 -> 9 -> 3,6,2,1,75.00%,85.71%,80.00%
continuous_1236_S7_strategy2.npz,7 -> 3 -> 5 -> 8 -> 6 -> 1,7 -> 3 -> 5 -> 8 -> 8 -> 6 -> 1,6,1,0,85.71%,100.00%,92.31%
continuous_1237_S7_strategy2.npz,7 -> 5 -> 9 -> 8 -> 1 -> 2 -> 3,7 -> 5 -> 9 -> 8 -> 1 -> 9 -> 2 -> 3,7,1,0,87.50%,100.00%,93.33%
continuous_1238_S7_strategy2.npz,5 -> 0 -> 7 -> 8 -> 3 -> 1 -> 4,5 -> 5 -> 0 -> 9 -> 8 -> 3 -> 3 -> 1 -> 8 -> 4,6,4,1,60.00%,85.71%,70.59%
continuous_1239_S7_strategy2.npz,7 -> 8 -> 3 -> 4 -> 5,7 -> 6 -> 8 -> 3 -> 3 -> 4 -> 2 -> 9 -> 5,5,4,0,55.56%,100.00%,71.43%
continuous_1240_S7_strategy2.npz,5 -> 3 -> 6 -> 0 -> 9,5 -> 3 -> 3 -> 6 -> 0 -> 9,5,1,0,83.33%,100.00%,90.91%
continuous_1241_S7_strategy2.npz,9 -> 1 -> 3 -> 4 -> 2 -> 5 -> 8,9 -> 5 -> 3 -> 4 -> 2 -> 9 -> 5 -> 8,5,3,2,62.50%,71.43%,66.67%
continuous_1242_S7_strategy2.npz,9 -> 3 -> 6 -> 7 -> 8 -> 0 -> 2,9 -> 3 -> 3 -> 6 -> 7 -> 8 -> 0 -> 7 -> 2,7,2,0,77.78%,100.00%,87.50%
continuous_1243_S7_strategy2.npz,0 -> 2 -> 4 -> 1 -> 5,0 -> 2 -> 4 -> 1 -> 5,5,0,0,100.00%,100.00%,100.00%
continuous_1244_S7_strategy2.npz,8 -> 1 -> 6 -> 3 -> 2,8 -> 9 -> 1 -> 6 -> 1 -> 3 -> 2,5,2,0,71.43%,100.00%,83.33%
continuous_1245_S7_strategy2.npz,2 -> 9 -> 6 -> 0 -> 8 -> 3,2 -> 9 -> 6 -> 6 -> 6 -> 0 -> 8 -> 3,5,3,1,62.50%,83.33%,71.43%
continuous_1246_S7_strategy2.npz,2 -> 1 -> 7 -> 3 -> 4 -> 8 -> 9,2 -> 1 -> 1 -> 7 -> 8 -> 3 -> 9 -> 4 -> 8 -> 9,7,3,0,70.00%,100.00%,82.35%
continuous_1247_S7_strategy2.npz,7 -> 3 -> 9 -> 5 -> 0 -> 2 -> 8,7 -> 3 -> 9 -> 5 -> 5 -> 0 -> 8 -> 2 -> 8,5,4,2,55.56%,71.43%,62.50%
continuous_1248_S7_strategy2.npz,0 -> 5 -> 7 -> 6 -> 4 -> 2 -> 3,0 -> 3 -> 5 -> 7 -> 6 -> 4 -> 2 -> 2 -> 3,6,3,1,66.67%,85.71%,75.00%
continuous_1249_S7_strategy2.npz,7 -> 9 -> 4 -> 5 -> 3 -> 1 -> 8,7 -> 9 -> 9 -> 4 -> 8 -> 3 -> 3 -> 3 -> 9 -> 1 -> 8,3,8,4,27.27%,42.86%,33.33%
continuous_1250_S7_strategy2.npz,9 -> 5 -> 6 -> 2 -> 7 -> 8,9 -> 5 -> 6 -> 2 -> 9 -> 7 -> 8,6,1,0,85.71%,100.00%,92.31%
continuous_1251_S7_strategy2.npz,4 -> 7 -> 8 -> 9 -> 3,4 -> 7 -> 9 -> 9 -> 3,3,2,2,60.00%,60.00%,60.00%
continuous_1252_S7_strategy2.npz,5 -> 8 -> 0 -> 6 -> 7 -> 9 -> 4,5 -> 5 -> 8 -> 7 -> 0 -> 2 -> 6 -> 7 -> 9 -> 4 -> 4,7,4,0,63.64%,100.00%,77.78%
continuous_1253_S7_strategy2.npz,4 -> 5 -> 7 -> 6 -> 0 -> 3,4 -> 5 -> 7 -> 4 -> 7 -> 6 -> 0 -> 5 -> 3,5,4,1,55.56%,83.33%,66.67%
continuous_1254_S7_strategy2.npz,5 -> 6 -> 3 -> 7 -> 0 -> 9 -> 2,5 -> 6 -> 3 -> 3 -> 7 -> 0 -> 9 -> 2,7,1,0,87.50%,100.00%,93.33%
continuous_1255_S7_strategy2.npz,7 -> 6 -> 5 -> 9 -> 3 -> 0 -> 2,7 -> 6 -> 6 -> 9 -> 5 -> 9 -> 3 -> 3 -> 0 -> 2,7,3,0,70.00%,100.00%,82.35%
continuous_1256_S7_strategy2.npz,6 -> 7 -> 9 -> 5 -> 0 -> 3 -> 2,6 -> 8 -> 7 -> 9 -> 9 -> 5 -> 0 -> 3 -> 2,5,4,2,55.56%,71.43%,62.50%
continuous_1257_S7_strategy2.npz,5 -> 3 -> 1 -> 4 -> 6,5 -> 3 -> 0 -> 1 -> 4 -> 6,5,1,0,83.33%,100.00%,90.91%
continuous_1258_S7_strategy2.npz,2 -> 1 -> 6 -> 3 -> 7 -> 8 -> 5,2 -> 2 -> 6 -> 5 -> 3 -> 7 -> 7 -> 8 -> 5,4,5,3,44.44%,57.14%,50.00%
continuous_1259_S7_strategy2.npz,2 -> 0 -> 4 -> 3 -> 9 -> 1 -> 8,2 -> 0 -> 4 -> 3 -> 9 -> 9 -> 1 -> 8,7,1,0,87.50%,100.00%,93.33%
continuous_1260_S7_strategy2.npz,1 -> 3 -> 8 -> 5 -> 9 -> 6 -> 0,1 -> 9 -> 8 -> 5 -> 5 -> 9 -> 6 -> 6 -> 0,4,5,3,44.44%,57.14%,50.00%
continuous_1261_S7_strategy2.npz,9 -> 2 -> 0 -> 7 -> 3 -> 5,9 -> 2 -> 0 -> 7 -> 4 -> 3 -> 9 -> 5,5,3,1,62.50%,83.33%,71.43%
continuous_1262_S7_strategy2.npz,0 -> 3 -> 2 -> 7 -> 8 -> 1,0 -> 3 -> 3 -> 2 -> 7 -> 8 -> 7 -> 1,6,2,0,75.00%,100.00%,85.71%
continuous_1263_S7_strategy2.npz,2 -> 5 -> 8 -> 4 -> 6 -> 3,2 -> 5 -> 7 -> 8 -> 4 -> 2 -> 6 -> 3 -> 3,3,6,3,33.33%,50.00%,40.00%
continuous_1264_S7_strategy2.npz,2 -> 5 -> 4 -> 9 -> 3 -> 0,2 -> 5 -> 5 -> 4 -> 9 -> 3 -> 0,6,1,0,85.71%,100.00%,92.31%
continuous_1265_S7_strategy2.npz,3 -> 8 -> 6 -> 1 -> 2 -> 4 -> 9,3 -> 8 -> 6 -> 1 -> 0 -> 2 -> 2 -> 4 -> 9,6,3,1,66.67%,85.71%,75.00%
continuous_1266_S7_strategy2.npz,0 -> 7 -> 5 -> 4 -> 9 -> 3,0 -> 0 -> 7 -> 5 -> 4 -> 9 -> 3,6,1,0,85.71%,100.00%,92.31%
continuous_1267_S7_strategy2.npz,3 -> 8 -> 2 -> 9 -> 7 -> 0 -> 1,3 -> 4 -> 4 -> 2 -> 9 -> 7 -> 0 -> 1,5,3,2,62.50%,71.43%,66.67%
continuous_1268_S7_strategy2.npz,8 -> 0 -> 7 -> 1 -> 6 -> 5 -> 3,8 -> 0 -> 7 -> 1 -> 9 -> 6 -> 5 -> 3,4,4,3,50.00%,57.14%,53.33%
continuous_1269_S7_strategy2.npz,9 -> 6 -> 2 -> 5 -> 4 -> 8 -> 7,9 -> 6 -> 2 -> 5 -> 5 -> 4 -> 8 -> 7,7,1,0,87.50%,100.00%,93.33%
continuous_1270_S7_strategy2.npz,8 -> 4 -> 1 -> 7 -> 6 -> 3 -> 9,8 -> 4 -> 2 -> 1 -> 1 -> 7 -> 6 -> 3 -> 3 -> 9,5,5,2,50.00%,71.43%,58.82%
continuous_1271_S7_strategy2.npz,9 -> 5 -> 1 -> 3 -> 4 -> 0 -> 8,9 -> 5 -> 5 -> 0 -> 1 -> 3 -> 4 -> 0 -> 8,6,3,1,66.67%,85.71%,75.00%
continuous_1272_S7_strategy2.npz,7 -> 1 -> 4 -> 5 -> 9,7 -> 1 -> 1 -> 1 -> 4 -> 5 -> 9,5,2,0,71.43%,100.00%,83.33%
continuous_1273_S7_strategy2.npz,1 -> 2 -> 6 -> 3 -> 4,1 -> 2 -> 6 -> 3 -> 3 -> 4,5,1,0,83.33%,100.00%,90.91%
continuous_1274_S7_strategy2.npz,8 -> 5 -> 9 -> 2 -> 7 -> 4 -> 0,8 -> 5 -> 9 -> 2 -> 7 -> 4 -> 0,7,0,0,100.00%,100.00%,100.00%
continuous_1275_S7_strategy2.npz,1 -> 5 -> 4 -> 6 -> 8 -> 0,1 -> 5 -> 0 -> 6 -> 8 -> 0,4,2,2,66.67%,66.67%,66.67%
continuous_1276_S7_strategy2.npz,5 -> 1 -> 4 -> 9 -> 2 -> 3,5 -> 6 -> 1 -> 4 -> 9 -> 2,5,1,1,83.33%,83.33%,83.33%
continuous_1277_S7_strategy2.npz,9 -> 6 -> 0 -> 2 -> 8 -> 5 -> 1,9 -> 3 -> 0 -> 2 -> 0 -> 4 -> 5 -> 1,5,3,2,62.50%,71.43%,66.67%
continuous_1278_S7_strategy2.npz,5 -> 9 -> 2 -> 3 -> 7,5 -> 9 -> 9 -> 2 -> 9 -> 3 -> 3 -> 7,4,4,1,50.00%,80.00%,61.54%
continuous_1279_S7_strategy2.npz,5 -> 2 -> 8 -> 6 -> 1 -> 9 -> 4,5 -> 2 -> 7 -> 8 -> 6 -> 1 -> 9 -> 4,7,1,0,87.50%,100.00%,93.33%
continuous_1280_S7_strategy2.npz,1 -> 7 -> 6 -> 5 -> 8,1 -> 1 -> 6 -> 5 -> 8,4,1,1,80.00%,80.00%,80.00%
continuous_1281_S7_strategy2.npz,5 -> 7 -> 2 -> 1 -> 6 -> 8,5 -> 7 -> 6 -> 2 -> 1 -> 6 -> 8 -> 8,5,3,1,62.50%,83.33%,71.43%
continuous_1282_S7_strategy2.npz,7 -> 0 -> 9 -> 8 -> 2,7 -> 0 -> 9 -> 9 -> 8 -> 5 -> 2,3,4,2,42.86%,60.00%,50.00%
continuous_1283_S7_strategy2.npz,1 -> 8 -> 9 -> 4 -> 0 -> 7,1 -> 8 -> 9 -> 4 -> 0 -> 7,5,1,1,83.33%,83.33%,83.33%
continuous_1284_S7_strategy2.npz,8 -> 3 -> 1 -> 7 -> 0 -> 2 -> 9,8 -> 9 -> 3 -> 1 -> 7 -> 0 -> 2 -> 9,7,1,0,87.50%,100.00%,93.33%
continuous_1285_S7_strategy2.npz,4 -> 7 -> 8 -> 0 -> 5 -> 3 -> 1,4 -> 7 -> 8 -> 0 -> 0 -> 5 -> 3 -> 1,7,1,0,87.50%,100.00%,93.33%
continuous_1286_S7_strategy2.npz,1 -> 2 -> 3 -> 7 -> 8 -> 0 -> 9,1 -> 1 -> 2 -> 3 -> 7 -> 8 -> 0 -> 8 -> 9,7,2,0,77.78%,100.00%,87.50%
continuous_1287_S7_strategy2.npz,6 -> 0 -> 9 -> 1 -> 2 -> 4,6 -> 7 -> 0 -> 9 -> 9 -> 1 -> 2 -> 4,6,2,0,75.00%,100.00%,85.71%
continuous_1288_S7_strategy2.npz,8 -> 6 -> 4 -> 0 -> 3,8 -> 6 -> 9 -> 4 -> 2 -> 0 -> 3,4,3,1,57.14%,80.00%,66.67%
continuous_1289_S7_strategy2.npz,5 -> 8 -> 6 -> 9 -> 3 -> 0,5 -> 8 -> 6 -> 9 -> 3 -> 0,6,0,0,100.00%,100.00%,100.00%
continuous_1290_S7_strategy2.npz,2 -> 8 -> 4 -> 7 -> 1,2 -> 2 -> 8 -> 4 -> 7 -> 1,5,1,0,83.33%,100.00%,90.91%
continuous_1291_S7_strategy2.npz,8 -> 7 -> 9 -> 4 -> 2 -> 6 -> 0,8 -> 7 -> 1 -> 9 -> 4 -> 2 -> 6 -> 0,7,1,0,87.50%,100.00%,93.33%
continuous_1292_S7_strategy2.npz,8 -> 0 -> 3 -> 6 -> 2,8 -> 0 -> 0 -> 3 -> 3 -> 6 -> 1 -> 2,4,4,1,50.00%,80.00%,61.54%
continuous_1293_S7_strategy2.npz,4 -> 2 -> 3 -> 1 -> 7 -> 8,4 -> 2 -> 3 -> 7 -> 1 -> 7 -> 8 -> 8,6,2,0,75.00%,100.00%,85.71%
continuous_1294_S7_strategy2.npz,8 -> 2 -> 5 -> 4 -> 0 -> 9 -> 3,8 -> 5 -> 2 -> 2 -> 5 -> 5 -> 4 -> 2 -> 2 -> 0 -> 9,6,5,1,54.55%,85.71%,66.67%
continuous_1295_S7_strategy2.npz,6 -> 8 -> 1 -> 0 -> 2,6 -> 9 -> 8 -> 1 -> 0 -> 2,4,2,1,66.67%,80.00%,72.73%
continuous_1296_S7_strategy2.npz,6 -> 0 -> 3 -> 5 -> 7 -> 1 -> 9,6 -> 4 -> 0 -> 8 -> 3 -> 3 -> 5 -> 7 -> 1 -> 9,5,5,2,50.00%,71.43%,58.82%
continuous_1297_S7_strategy2.npz,7 -> 4 -> 6 -> 9 -> 1,7 -> 4 -> 6 -> 1 -> 4 -> 1,4,2,1,66.67%,80.00%,72.73%
continuous_1298_S7_strategy2.npz,1 -> 9 -> 2 -> 7 -> 0 -> 5,1 -> 9 -> 2 -> 7 -> 0 -> 5 -> 5,5,2,1,71.43%,83.33%,76.92%
continuous_1299_S7_strategy2.npz,0 -> 1 -> 8 -> 5 -> 9,0 -> 1 -> 0 -> 8 -> 8 -> 5 -> 9,5,2,0,71.43%,100.00%,83.33%
continuous_1300_S7_strategy2.npz,3 -> 5 -> 4 -> 9 -> 7 -> 2,3 -> 5 -> 0 -> 9 -> 9 -> 7 -> 2,4,3,2,57.14%,66.67%,61.54%
continuous_1301_S7_strategy2.npz,7 -> 2 -> 3 -> 9 -> 4,7 -> 6 -> 2 -> 1 -> 3 -> 9 -> 2,4,3,1,57.14%,80.00%,66.67%
continuous_1302_S7_strategy2.npz,4 -> 6 -> 0 -> 9 -> 3 -> 2,4 -> 6 -> 1 -> 8 -> 0 -> 7 -> 9 -> 3 -> 2,4,5,2,44.44%,66.67%,53.33%
continuous_1303_S7_strategy2.npz,6 -> 8 -> 9 -> 5 -> 3,6 -> 8 -> 9 -> 9 -> 9 -> 5 -> 3,4,3,1,57.14%,80.00%,66.67%
continuous_1304_S7_strategy2.npz,1 -> 5 -> 6 -> 8 -> 4 -> 9,1 -> 5 -> 6 -> 8 -> 2 -> 9,5,1,1,83.33%,83.33%,83.33%
continuous_1305_S7_strategy2.npz,7 -> 9 -> 3 -> 2 -> 6 -> 4 -> 5,7 -> 9 -> 3 -> 3 -> 2 -> 6 -> 4 -> 5,5,3,2,62.50%,71.43%,66.67%
continuous_1306_S7_strategy2.npz,9 -> 2 -> 0 -> 1 -> 6 -> 8,9 -> 2 -> 9 -> 0 -> 2 -> 1 -> 6 -> 8,5,3,1,62.50%,83.33%,71.43%
continuous_1307_S7_strategy2.npz,4 -> 7 -> 9 -> 3 -> 0,4 -> 7 -> 9 -> 9 -> 7 -> 3 -> 3 -> 0 -> 0,2,7,3,22.22%,40.00%,28.57%
continuous_1308_S7_strategy2.npz,2 -> 6 -> 7 -> 8 -> 3 -> 9 -> 1,2 -> 6 -> 6 -> 7 -> 8 -> 3 -> 9 -> 1 -> 1,7,2,0,77.78%,100.00%,87.50%
continuous_1309_S7_strategy2.npz,9 -> 0 -> 5 -> 6 -> 8 -> 1 -> 2,9 -> 6 -> 5 -> 6 -> 8 -> 8 -> 1 -> 2,6,2,1,75.00%,85.71%,80.00%
continuous_1310_S7_strategy2.npz,4 -> 5 -> 1 -> 9 -> 2,4 -> 5 -> 6 -> 1 -> 9 -> 2,3,3,2,50.00%,60.00%,54.55%
continuous_1311_S7_strategy2.npz,8 -> 5 -> 7 -> 1 -> 2 -> 0 -> 4,8 -> 5 -> 7 -> 1 -> 2 -> 2 -> 0 -> 4,4,4,3,50.00%,57.14%,53.33%
continuous_1312_S7_strategy2.npz,8 -> 1 -> 7 -> 5 -> 3 -> 4 -> 0,8 -> 1 -> 7 -> 7 -> 9 -> 5 -> 3 -> 1 -> 4 -> 7 -> 0,5,6,2,45.45%,71.43%,55.56%
continuous_1313_S7_strategy2.npz,4 -> 5 -> 7 -> 2 -> 3 -> 0,4 -> 5 -> 7 -> 2 -> 3 -> 0,5,1,1,83.33%,83.33%,83.33%
continuous_1314_S7_strategy2.npz,6 -> 4 -> 1 -> 5 -> 7 -> 9,6 -> 5 -> 4 -> 1 -> 1 -> 6 -> 5 -> 7 -> 7 -> 4,5,5,1,50.00%,83.33%,62.50%
continuous_1315_S7_strategy2.npz,5 -> 1 -> 3 -> 4 -> 2 -> 0 -> 8,5 -> 1 -> 3 -> 3 -> 3 -> 4 -> 2 -> 2 -> 0 -> 8,6,4,1,60.00%,85.71%,70.59%
continuous_1316_S7_strategy2.npz,2 -> 3 -> 0 -> 8 -> 4,2 -> 3 -> 3 -> 0 -> 8 -> 4,5,1,0,83.33%,100.00%,90.91%
continuous_1317_S7_strategy2.npz,7 -> 2 -> 9 -> 4 -> 3 -> 5 -> 0,7 -> 9 -> 2 -> 2 -> 9 -> 9 -> 4 -> 9 -> 3 -> 3 -> 5 -> 0,7,5,0,58.33%,100.00%,73.68%
continuous_1318_S7_strategy2.npz,9 -> 8 -> 3 -> 2 -> 0,9 -> 8 -> 3 -> 3 -> 2 -> 6 -> 0,5,2,0,71.43%,100.00%,83.33%
continuous_1319_S7_strategy2.npz,4 -> 6 -> 5 -> 9 -> 2,4 -> 3 -> 6 -> 5 -> 9 -> 9 -> 2,5,2,0,71.43%,100.00%,83.33%
continuous_1320_S7_strategy2.npz,2 -> 7 -> 4 -> 5 -> 3,2 -> 2 -> 7 -> 4 -> 1 -> 5 -> 3 -> 3,5,3,0,62.50%,100.00%,76.92%
continuous_1321_S7_strategy2.npz,6 -> 7 -> 0 -> 9 -> 1 -> 8 -> 5,6 -> 2 -> 0 -> 9 -> 1 -> 7 -> 6,4,3,3,57.14%,57.14%,57.14%
continuous_1322_S7_strategy2.npz,8 -> 0 -> 5 -> 1 -> 2,8 -> 0 -> 5 -> 1 -> 2,5,0,0,100.00%,100.00%,100.00%
continuous_1323_S7_strategy2.npz,9 -> 0 -> 8 -> 4 -> 1 -> 5 -> 7,9 -> 0 -> 8 -> 7 -> 1 -> 5 -> 9,5,2,2,71.43%,71.43%,71.43%
continuous_1324_S7_strategy2.npz,8 -> 5 -> 3 -> 0 -> 6,8 -> 5 -> 3 -> 0 -> 6,5,0,0,100.00%,100.00%,100.00%
continuous_1325_S7_strategy2.npz,8 -> 4 -> 2 -> 7 -> 9 -> 3,8 -> 4 -> 7 -> 2 -> 7 -> 9 -> 3 -> 3,4,4,2,50.00%,66.67%,57.14%
continuous_1326_S7_strategy2.npz,1 -> 2 -> 4 -> 3 -> 7,1 -> 2 -> 4 -> 2 -> 7,4,1,1,80.00%,80.00%,80.00%
continuous_1327_S7_strategy2.npz,1 -> 3 -> 4 -> 2 -> 7 -> 9 -> 6,1 -> 3 -> 3 -> 4 -> 2 -> 6 -> 9 -> 9 -> 9 -> 6,5,5,2,50.00%,71.43%,58.82%
continuous_1328_S7_strategy2.npz,3 -> 2 -> 4 -> 7 -> 6 -> 0 -> 1,3 -> 2 -> 4 -> 7 -> 4 -> 6 -> 5 -> 0 -> 1 -> 1,7,3,0,70.00%,100.00%,82.35%
continuous_1329_S7_strategy2.npz,5 -> 7 -> 1 -> 8 -> 0,5 -> 7 -> 1 -> 9 -> 9 -> 8 -> 0,3,4,2,42.86%,60.00%,50.00%
continuous_1330_S7_strategy2.npz,7 -> 5 -> 8 -> 1 -> 6,7 -> 5 -> 9 -> 8 -> 1 -> 6,5,1,0,83.33%,100.00%,90.91%
continuous_1331_S7_strategy2.npz,2 -> 3 -> 5 -> 7 -> 6 -> 8 -> 9,2 -> 2 -> 1 -> 3 -> 5 -> 7 -> 7 -> 9 -> 6 -> 8 -> 7 -> 9,7,5,0,58.33%,100.00%,73.68%
continuous_1332_S7_strategy2.npz,5 -> 7 -> 6 -> 2 -> 3,5 -> 6 -> 7 -> 6 -> 2 -> 3 -> 3,5,2,0,71.43%,100.00%,83.33%
continuous_1333_S7_strategy2.npz,6 -> 2 -> 1 -> 0 -> 8,6 -> 2 -> 1 -> 6 -> 0 -> 8,5,1,0,83.33%,100.00%,90.91%
continuous_1334_S7_strategy2.npz,7 -> 6 -> 5 -> 1 -> 9 -> 0,7 -> 6 -> 9 -> 5 -> 1 -> 1 -> 9 -> 0,6,2,0,75.00%,100.00%,85.71%
continuous_1335_S7_strategy2.npz,8 -> 2 -> 9 -> 6 -> 7,8 -> 2 -> 9 -> 6 -> 7,5,0,0,100.00%,100.00%,100.00%
continuous_1336_S7_strategy2.npz,4 -> 9 -> 8 -> 6 -> 1,4 -> 9 -> 8 -> 8 -> 6 -> 6 -> 9 -> 1,4,4,1,50.00%,80.00%,61.54%
continuous_1337_S7_strategy2.npz,7 -> 0 -> 6 -> 8 -> 5,7 -> 0 -> 6 -> 8 -> 5,5,0,0,100.00%,100.00%,100.00%
continuous_1338_S7_strategy2.npz,7 -> 8 -> 3 -> 1 -> 6,7 -> 8 -> 8 -> 9 -> 3 -> 1 -> 6,5,2,0,71.43%,100.00%,83.33%
continuous_1339_S7_strategy2.npz,2 -> 8 -> 3 -> 4 -> 0 -> 5 -> 7,2 -> 8 -> 3 -> 3 -> 4 -> 0 -> 5 -> 7,4,4,3,50.00%,57.14%,53.33%
continuous_1340_S7_strategy2.npz,6 -> 2 -> 9 -> 7 -> 3 -> 5 -> 0,6 -> 6 -> 2 -> 9 -> 7 -> 3 -> 5 -> 0,6,2,1,75.00%,85.71%,80.00%
continuous_1341_S7_strategy2.npz,8 -> 7 -> 2 -> 1 -> 5 -> 4,8 -> 8 -> 7 -> 2 -> 9 -> 5 -> 4,4,3,2,57.14%,66.67%,61.54%
continuous_1342_S7_strategy2.npz,0 -> 9 -> 4 -> 2 -> 7,0 -> 9 -> 4 -> 2 -> 2 -> 7,3,3,2,50.00%,60.00%,54.55%
continuous_1343_S7_strategy2.npz,4 -> 5 -> 7 -> 8 -> 9,4 -> 2 -> 5 -> 7 -> 8 -> 6 -> 9,5,2,0,71.43%,100.00%,83.33%
continuous_1344_S7_strategy2.npz,0 -> 5 -> 4 -> 2 -> 6,0 -> 5 -> 4 -> 2 -> 6,5,0,0,100.00%,100.00%,100.00%
continuous_1345_S7_strategy2.npz,9 -> 5 -> 8 -> 7 -> 2 -> 6,9 -> 5 -> 8 -> 7 -> 2 -> 6,5,1,1,83.33%,83.33%,83.33%
continuous_1346_S7_strategy2.npz,0 -> 4 -> 2 -> 9 -> 8 -> 5 -> 1,0 -> 4 -> 1 -> 2 -> 9 -> 8 -> 5 -> 1,7,1,0,87.50%,100.00%,93.33%
continuous_1347_S7_strategy2.npz,5 -> 0 -> 4 -> 2 -> 7,5 -> 6 -> 0 -> 9 -> 4 -> 2 -> 7,5,2,0,71.43%,100.00%,83.33%
continuous_1348_S7_strategy2.npz,4 -> 3 -> 6 -> 7 -> 2,4 -> 2 -> 3 -> 3 -> 3 -> 6 -> 7 -> 2,5,3,0,62.50%,100.00%,76.92%
continuous_1349_S7_strategy2.npz,6 -> 7 -> 1 -> 8 -> 3 -> 4,6 -> 7 -> 1 -> 1 -> 8 -> 3 -> 1 -> 4,6,2,0,75.00%,100.00%,85.71%
continuous_1350_S7_strategy2.npz,8 -> 5 -> 7 -> 0 -> 2 -> 9 -> 3,8 -> 5 -> 4 -> 7 -> 0 -> 2 -> 9 -> 3,6,2,1,75.00%,85.71%,80.00%
continuous_1351_S7_strategy2.npz,6 -> 5 -> 0 -> 8 -> 4 -> 7 -> 9,6 -> 5 -> 0 -> 8 -> 4 -> 7 -> 9,7,0,0,100.00%,100.00%,100.00%
continuous_1352_S7_strategy2.npz,8 -> 5 -> 1 -> 9 -> 2,8 -> 5 -> 1 -> 9 -> 2,5,0,0,100.00%,100.00%,100.00%
continuous_1353_S7_strategy2.npz,3 -> 5 -> 1 -> 6 -> 9,3 -> 6 -> 5 -> 1 -> 1 -> 1 -> 6 -> 9,5,3,0,62.50%,100.00%,76.92%
continuous_1354_S7_strategy2.npz,9 -> 3 -> 5 -> 7 -> 2 -> 1 -> 6,9 -> 3 -> 3 -> 5 -> 7 -> 2 -> 1 -> 6,4,4,3,50.00%,57.14%,53.33%
continuous_1355_S7_strategy2.npz,0 -> 8 -> 3 -> 1 -> 7,0 -> 8 -> 8 -> 3 -> 3 -> 1 -> 7,5,2,0,71.43%,100.00%,83.33%
continuous_1356_S7_strategy2.npz,9 -> 0 -> 2 -> 3 -> 4 -> 6,9 -> 0 -> 2 -> 3 -> 3 -> 4 -> 5 -> 6,6,2,0,75.00%,100.00%,85.71%
continuous_1357_S7_strategy2.npz,3 -> 2 -> 4 -> 8 -> 7 -> 0 -> 9,3 -> 1 -> 2 -> 4 -> 8 -> 7 -> 6 -> 0 -> 9,7,2,0,77.78%,100.00%,87.50%
continuous_1358_S7_strategy2.npz,3 -> 2 -> 5 -> 6 -> 4 -> 0,3 -> 0 -> 2 -> 5 -> 6 -> 4 -> 4 -> 0,6,2,0,75.00%,100.00%,85.71%
continuous_1359_S7_strategy2.npz,2 -> 4 -> 3 -> 1 -> 5,2 -> 4 -> 3 -> 1 -> 5,4,1,1,80.00%,80.00%,80.00%
continuous_1360_S7_strategy2.npz,7 -> 8 -> 6 -> 9 -> 1 -> 0,7 -> 8 -> 6 -> 1 -> 9 -> 9 -> 1 -> 0 -> 0,4,5,2,44.44%,66.67%,53.33%
continuous_1361_S7_strategy2.npz,4 -> 2 -> 9 -> 8 -> 3,4 -> 2 -> 7 -> 9 -> 8 -> 3,5,1,0,83.33%,100.00%,90.91%
continuous_1362_S7_strategy2.npz,4 -> 7 -> 1 -> 2 -> 3 -> 0 -> 9,4 -> 7 -> 1 -> 1 -> 2 -> 3 -> 3 -> 6 -> 0 -> 9,6,4,1,60.00%,85.71%,70.59%
continuous_1363_S7_strategy2.npz,4 -> 3 -> 5 -> 7 -> 6 -> 8 -> 1,4 -> 3 -> 5 -> 7 -> 6 -> 8 -> 1,7,0,0,100.00%,100.00%,100.00%
continuous_1364_S7_strategy2.npz,7 -> 0 -> 9 -> 2 -> 8,7 -> 0 -> 9 -> 2 -> 8,5,0,0,100.00%,100.00%,100.00%
continuous_1365_S7_strategy2.npz,1 -> 5 -> 0 -> 3 -> 8,1 -> 5 -> 9 -> 0 -> 3 -> 8,5,1,0,83.33%,100.00%,90.91%
continuous_1366_S7_strategy2.npz,2 -> 1 -> 0 -> 4 -> 7 -> 9,2 -> 1 -> 1 -> 9 -> 4 -> 4 -> 7 -> 9,4,4,2,50.00%,66.67%,57.14%
continuous_1367_S7_strategy2.npz,7 -> 2 -> 0 -> 1 -> 5 -> 8,7 -> 2 -> 1 -> 0 -> 1 -> 5 -> 8,5,2,1,71.43%,83.33%,76.92%
continuous_1368_S7_strategy2.npz,1 -> 7 -> 6 -> 4 -> 8 -> 5 -> 9,1 -> 7 -> 5 -> 6 -> 4 -> 8 -> 5 -> 9,6,2,1,75.00%,85.71%,80.00%
continuous_1369_S7_strategy2.npz,4 -> 6 -> 0 -> 2 -> 7 -> 8,4 -> 6 -> 0 -> 8 -> 2 -> 7 -> 8,6,1,0,85.71%,100.00%,92.31%
continuous_1370_S7_strategy2.npz,1 -> 5 -> 4 -> 7 -> 0 -> 2 -> 3,1 -> 5 -> 4 -> 7 -> 0 -> 2 -> 2 -> 3,7,1,0,87.50%,100.00%,93.33%
continuous_1371_S7_strategy2.npz,0 -> 9 -> 8 -> 2 -> 1 -> 6 -> 7,0 -> 9 -> 8 -> 2 -> 1 -> 6 -> 5,6,1,1,85.71%,85.71%,85.71%
continuous_1372_S7_strategy2.npz,4 -> 5 -> 2 -> 7 -> 1 -> 6 -> 8,4 -> 5 -> 5 -> 2 -> 7 -> 1 -> 1 -> 6 -> 8,6,3,1,66.67%,85.71%,75.00%
continuous_1373_S7_strategy2.npz,7 -> 4 -> 5 -> 1 -> 8 -> 3,7 -> 4 -> 2 -> 1 -> 1 -> 7 -> 8 -> 3,4,4,2,50.00%,66.67%,57.14%
continuous_1374_S7_strategy2.npz,4 -> 9 -> 2 -> 6 -> 7,4 -> 9 -> 2 -> 2 -> 6 -> 9 -> 7,4,3,1,57.14%,80.00%,66.67%
continuous_1375_S7_strategy2.npz,4 -> 5 -> 2 -> 8 -> 7,4 -> 5 -> 2 -> 7 -> 8 -> 7,5,1,0,83.33%,100.00%,90.91%
continuous_1376_S7_strategy2.npz,1 -> 0 -> 9 -> 6 -> 4,1 -> 8 -> 0 -> 4 -> 9 -> 6 -> 4,5,2,0,71.43%,100.00%,83.33%
continuous_1377_S7_strategy2.npz,3 -> 4 -> 1 -> 5 -> 7 -> 2 -> 0,3 -> 4 -> 1 -> 5 -> 7 -> 2 -> 2 -> 0,5,3,2,62.50%,71.43%,66.67%
continuous_1378_S7_strategy2.npz,0 -> 6 -> 9 -> 8 -> 5,0 -> 6 -> 9 -> 8 -> 5,5,0,0,100.00%,100.00%,100.00%
continuous_1379_S7_strategy2.npz,9 -> 0 -> 7 -> 2 -> 1 -> 3 -> 8,9 -> 0 -> 7 -> 0 -> 2 -> 1 -> 3 -> 8,7,1,0,87.50%,100.00%,93.33%
continuous_1380_S7_strategy2.npz,2 -> 0 -> 8 -> 7 -> 9,2 -> 0 -> 0 -> 8 -> 7 -> 9,5,1,0,83.33%,100.00%,90.91%
continuous_1381_S7_strategy2.npz,2 -> 7 -> 1 -> 4 -> 3,2 -> 2 -> 5 -> 7 -> 1 -> 4 -> 3,4,3,1,57.14%,80.00%,66.67%
continuous_1382_S7_strategy2.npz,4 -> 5 -> 3 -> 6 -> 2 -> 7,4 -> 5 -> 3 -> 6 -> 1 -> 2 -> 7,6,1,0,85.71%,100.00%,92.31%
continuous_1383_S7_strategy2.npz,5 -> 7 -> 8 -> 2 -> 0,5 -> 7 -> 7 -> 8 -> 2 -> 0,5,1,0,83.33%,100.00%,90.91%
continuous_1384_S7_strategy2.npz,7 -> 3 -> 5 -> 6 -> 9 -> 0,7 -> 3 -> 5 -> 6 -> 9 -> 0,6,0,0,100.00%,100.00%,100.00%
continuous_1385_S7_strategy2.npz,3 -> 9 -> 5 -> 1 -> 7,3 -> 9 -> 9 -> 5 -> 1 -> 7,4,2,1,66.67%,80.00%,72.73%
continuous_1386_S7_strategy2.npz,4 -> 7 -> 8 -> 5 -> 1,4 -> 7 -> 8 -> 8 -> 5 -> 1,5,1,0,83.33%,100.00%,90.91%
continuous_1387_S7_strategy2.npz,8 -> 0 -> 3 -> 9 -> 4 -> 1 -> 7,8 -> 0 -> 3 -> 7 -> 9 -> 4 -> 2 -> 2 -> 1 -> 7,4,6,3,40.00%,57.14%,47.06%
continuous_1388_S7_strategy2.npz,3 -> 2 -> 8 -> 7 -> 9 -> 1,3 -> 2 -> 8 -> 7 -> 9 -> 1,6,0,0,100.00%,100.00%,100.00%
continuous_1389_S7_strategy2.npz,5 -> 3 -> 9 -> 7 -> 1 -> 2,5 -> 3 -> 3 -> 1 -> 7 -> 7 -> 1 -> 1,4,4,2,50.00%,66.67%,57.14%
continuous_1390_S7_strategy2.npz,7 -> 0 -> 2 -> 8 -> 4 -> 1,7 -> 1 -> 0 -> 2 -> 2 -> 9 -> 8 -> 4 -> 1 -> 1,6,4,0,60.00%,100.00%,75.00%
continuous_1391_S7_strategy2.npz,5 -> 8 -> 9 -> 2 -> 4,5 -> 8 -> 9 -> 2 -> 4,5,0,0,100.00%,100.00%,100.00%
continuous_1392_S7_strategy2.npz,4 -> 5 -> 0 -> 6 -> 8 -> 7,4 -> 2 -> 5 -> 0 -> 6 -> 8 -> 7,6,1,0,85.71%,100.00%,92.31%
continuous_1393_S7_strategy2.npz,3 -> 8 -> 6 -> 5 -> 1 -> 2 -> 0,3 -> 3 -> 8 -> 6 -> 5 -> 1 -> 2 -> 1 -> 0,6,3,1,66.67%,85.71%,75.00%
continuous_1394_S7_strategy2.npz,1 -> 2 -> 7 -> 3 -> 5,1 -> 2 -> 2 -> 7 -> 3 -> 3 -> 1 -> 5,5,3,0,62.50%,100.00%,76.92%
continuous_1395_S7_strategy2.npz,6 -> 1 -> 0 -> 4 -> 7 -> 2,6 -> 6 -> 6 -> 1 -> 7 -> 0 -> 9 -> 4 -> 7 -> 2,4,6,2,40.00%,66.67%,50.00%
continuous_1396_S7_strategy2.npz,7 -> 8 -> 0 -> 6 -> 5 -> 9 -> 4,7 -> 8 -> 0 -> 6 -> 9 -> 5 -> 9 -> 7 -> 4,7,2,0,77.78%,100.00%,87.50%
continuous_1397_S7_strategy2.npz,5 -> 9 -> 3 -> 7 -> 8 -> 1,5 -> 9 -> 3 -> 7 -> 8 -> 1,6,0,0,100.00%,100.00%,100.00%
continuous_1398_S7_strategy2.npz,1 -> 7 -> 6 -> 8 -> 9 -> 5,1 -> 7 -> 4 -> 6 -> 1 -> 8 -> 9 -> 5,5,3,1,62.50%,83.33%,71.43%
continuous_1399_S7_strategy2.npz,9 -> 5 -> 3 -> 2 -> 7 -> 6 -> 1,9 -> 5 -> 3 -> 3 -> 1 -> 7 -> 6 -> 1,5,3,2,62.50%,71.43%,66.67%
continuous_1400_S7_strategy2.npz,9 -> 6 -> 3 -> 0 -> 2 -> 5,9 -> 6 -> 3 -> 0 -> 9 -> 2 -> 9 -> 5,6,2,0,75.00%,100.00%,85.71%
continuous_1401_S7_strategy2.npz,5 -> 9 -> 1 -> 6 -> 7 -> 8,5 -> 5 -> 9 -> 1 -> 6 -> 1 -> 9 -> 8,5,3,1,62.50%,83.33%,71.43%
continuous_1402_S7_strategy2.npz,8 -> 6 -> 4 -> 9 -> 0 -> 7,8 -> 6 -> 4 -> 2 -> 9 -> 0 -> 2 -> 7,4,4,2,50.00%,66.67%,57.14%
continuous_1403_S7_strategy2.npz,4 -> 7 -> 9 -> 2 -> 8 -> 5,4 -> 7 -> 9 -> 2 -> 8 -> 6 -> 5,5,2,1,71.43%,83.33%,76.92%
continuous_1404_S7_strategy2.npz,8 -> 9 -> 7 -> 2 -> 3 -> 0,8 -> 9 -> 7 -> 8 -> 2 -> 1 -> 3 -> 0,2,6,4,25.00%,33.33%,28.57%
continuous_1405_S7_strategy2.npz,7 -> 4 -> 6 -> 9 -> 1 -> 8,7 -> 4 -> 9 -> 6 -> 9 -> 1 -> 8,6,1,0,85.71%,100.00%,92.31%
continuous_1406_S7_strategy2.npz,3 -> 4 -> 7 -> 9 -> 8 -> 5,3 -> 4 -> 9 -> 1 -> 7 -> 9 -> 8 -> 5,5,3,1,62.50%,83.33%,71.43%
continuous_1407_S7_strategy2.npz,3 -> 9 -> 2 -> 8 -> 6 -> 5 -> 4,3 -> 9 -> 2 -> 8 -> 6 -> 5 -> 5 -> 4,5,3,2,62.50%,71.43%,66.67%
continuous_1408_S7_strategy2.npz,3 -> 2 -> 7 -> 5 -> 8 -> 1 -> 9,3 -> 2 -> 7 -> 5 -> 6 -> 8 -> 8 -> 1 -> 9,3,6,4,33.33%,42.86%,37.50%
continuous_1409_S7_strategy2.npz,2 -> 4 -> 8 -> 5 -> 9 -> 0 -> 7,2 -> 1 -> 4 -> 4 -> 8 -> 8 -> 6 -> 9 -> 0 -> 0 -> 7,6,5,1,54.55%,85.71%,66.67%
continuous_1410_S7_strategy2.npz,8 -> 6 -> 3 -> 7 -> 4 -> 9,8 -> 6 -> 3 -> 7 -> 4 -> 9,6,0,0,100.00%,100.00%,100.00%
continuous_1411_S7_strategy2.npz,9 -> 2 -> 3 -> 0 -> 6 -> 1 -> 7,9 -> 2 -> 5 -> 3 -> 3 -> 0 -> 0 -> 6 -> 1 -> 1 -> 9,5,6,2,45.45%,71.43%,55.56%
continuous_1412_S7_strategy2.npz,3 -> 4 -> 9 -> 0 -> 1 -> 8,3 -> 8 -> 4 -> 9 -> 0 -> 1 -> 6 -> 8,6,2,0,75.00%,100.00%,85.71%
continuous_1413_S7_strategy2.npz,9 -> 5 -> 3 -> 8 -> 1 -> 4,9 -> 5 -> 3 -> 3 -> 8 -> 1 -> 3 -> 4,6,2,0,75.00%,100.00%,85.71%
continuous_1414_S7_strategy2.npz,1 -> 5 -> 2 -> 6 -> 0,1 -> 5 -> 2 -> 6 -> 0,5,0,0,100.00%,100.00%,100.00%
continuous_1415_S7_strategy2.npz,6 -> 7 -> 1 -> 0 -> 4,6 -> 7 -> 7 -> 1 -> 0 -> 8 -> 4,3,4,2,42.86%,60.00%,50.00%
continuous_1416_S7_strategy2.npz,0 -> 1 -> 7 -> 8 -> 2 -> 9,0 -> 1 -> 7 -> 8 -> 2 -> 9,6,0,0,100.00%,100.00%,100.00%
continuous_1417_S7_strategy2.npz,1 -> 9 -> 3 -> 0 -> 6 -> 8,1 -> 9 -> 3 -> 0 -> 6 -> 8,6,0,0,100.00%,100.00%,100.00%
continuous_1418_S7_strategy2.npz,1 -> 0 -> 6 -> 3 -> 4 -> 5 -> 7,1 -> 0 -> 6 -> 3 -> 3 -> 4 -> 5 -> 7,6,2,1,75.00%,85.71%,80.00%
continuous_1419_S7_strategy2.npz,7 -> 6 -> 5 -> 4 -> 1 -> 9 -> 2,7 -> 9 -> 6 -> 5 -> 4 -> 1 -> 9 -> 2,7,1,0,87.50%,100.00%,93.33%
continuous_1420_S7_strategy2.npz,9 -> 2 -> 3 -> 8 -> 5,9 -> 3 -> 3 -> 8 -> 0 -> 5,4,2,1,66.67%,80.00%,72.73%
continuous_1421_S7_strategy2.npz,9 -> 6 -> 0 -> 3 -> 5 -> 7 -> 8,9 -> 6 -> 9 -> 0 -> 9 -> 3 -> 5 -> 7 -> 9 -> 8,7,3,0,70.00%,100.00%,82.35%
continuous_1422_S7_strategy2.npz,0 -> 7 -> 6 -> 9 -> 3,0 -> 7 -> 8 -> 5 -> 9 -> 3,3,3,2,50.00%,60.00%,54.55%
continuous_1423_S7_strategy2.npz,7 -> 1 -> 5 -> 4 -> 9 -> 6,7 -> 1 -> 5 -> 4 -> 9 -> 9 -> 6,6,1,0,85.71%,100.00%,92.31%
continuous_1424_S7_strategy2.npz,1 -> 5 -> 3 -> 0 -> 9 -> 7,1 -> 5 -> 3 -> 3 -> 3 -> 0 -> 9 -> 9 -> 7,6,3,0,66.67%,100.00%,80.00%
continuous_1425_S7_strategy2.npz,2 -> 4 -> 1 -> 8 -> 3 -> 7 -> 6,2 -> 4 -> 1 -> 1 -> 8 -> 3 -> 3 -> 7 -> 6 -> 6,6,4,1,60.00%,85.71%,70.59%
continuous_1426_S7_strategy2.npz,3 -> 7 -> 1 -> 6 -> 4 -> 0 -> 9,3 -> 7 -> 9 -> 1 -> 6 -> 7 -> 9 -> 4 -> 0 -> 8 -> 9,3,8,4,27.27%,42.86%,33.33%
continuous_1427_S7_strategy2.npz,6 -> 3 -> 0 -> 1 -> 8,6 -> 3 -> 9 -> 0 -> 1 -> 7 -> 8,4,3,1,57.14%,80.00%,66.67%
continuous_1428_S7_strategy2.npz,1 -> 6 -> 4 -> 2 -> 8 -> 5,1 -> 6 -> 4 -> 2 -> 1 -> 2 -> 8 -> 7 -> 5,6,3,0,66.67%,100.00%,80.00%
continuous_1429_S7_strategy2.npz,0 -> 7 -> 9 -> 1 -> 5 -> 8 -> 3,0 -> 7 -> 9 -> 1 -> 5 -> 8 -> 3,6,1,1,85.71%,85.71%,85.71%
continuous_1430_S7_strategy2.npz,3 -> 5 -> 8 -> 4 -> 1 -> 0 -> 7,3 -> 5 -> 8 -> 4 -> 1 -> 9 -> 6 -> 7,6,2,1,75.00%,85.71%,80.00%
continuous_1431_S7_strategy2.npz,0 -> 4 -> 7 -> 3 -> 8,0 -> 4 -> 7 -> 3 -> 8,5,0,0,100.00%,100.00%,100.00%
continuous_1432_S7_strategy2.npz,4 -> 6 -> 8 -> 3 -> 7 -> 2 -> 5,4 -> 6 -> 8 -> 3 -> 3 -> 7 -> 2 -> 5,5,3,2,62.50%,71.43%,66.67%
continuous_1433_S7_strategy2.npz,9 -> 4 -> 5 -> 7 -> 0,9 -> 4 -> 5 -> 5 -> 7 -> 0,5,1,0,83.33%,100.00%,90.91%
continuous_1434_S7_strategy2.npz,9 -> 0 -> 7 -> 6 -> 5 -> 1,9 -> 0 -> 7 -> 0 -> 6 -> 5 -> 1,5,2,1,71.43%,83.33%,76.92%
continuous_1435_S7_strategy2.npz,4 -> 6 -> 7 -> 0 -> 8 -> 1 -> 3,4 -> 9 -> 6 -> 1 -> 7 -> 0 -> 8 -> 1 -> 1 -> 3,7,3,0,70.00%,100.00%,82.35%
continuous_1436_S7_strategy2.npz,9 -> 0 -> 1 -> 2 -> 3 -> 7,9 -> 6 -> 1 -> 2 -> 3 -> 7,4,2,2,66.67%,66.67%,66.67%
continuous_1437_S7_strategy2.npz,2 -> 6 -> 7 -> 0 -> 4 -> 8,2 -> 6 -> 7 -> 0 -> 4 -> 7 -> 8,4,3,2,57.14%,66.67%,61.54%
continuous_1438_S7_strategy2.npz,4 -> 3 -> 2 -> 5 -> 9,4 -> 3 -> 3 -> 5 -> 2 -> 5 -> 7 -> 9,5,3,0,62.50%,100.00%,76.92%
continuous_1439_S7_strategy2.npz,2 -> 4 -> 9 -> 0 -> 1 -> 7 -> 8,2 -> 4 -> 9 -> 0 -> 1 -> 1 -> 7 -> 8,6,2,1,75.00%,85.71%,80.00%
continuous_1440_S7_strategy2.npz,7 -> 4 -> 5 -> 2 -> 9 -> 0,7 -> 9 -> 4 -> 2 -> 5 -> 9 -> 2 -> 5 -> 9 -> 0,6,4,0,60.00%,100.00%,75.00%
continuous_1441_S7_strategy2.npz,7 -> 3 -> 0 -> 8 -> 1 -> 5 -> 2,7 -> 3 -> 3 -> 0 -> 8 -> 1 -> 2 -> 5 -> 5 -> 2,5,5,2,50.00%,71.43%,58.82%
continuous_1442_S7_strategy2.npz,4 -> 3 -> 6 -> 1 -> 9,4 -> 5 -> 3 -> 6 -> 1 -> 1 -> 9,4,3,1,57.14%,80.00%,66.67%
continuous_1443_S7_strategy2.npz,6 -> 1 -> 3 -> 9 -> 7,6 -> 1 -> 1 -> 3 -> 9 -> 1,4,2,1,66.67%,80.00%,72.73%
continuous_1444_S7_strategy2.npz,4 -> 3 -> 5 -> 0 -> 2,4 -> 3 -> 5 -> 0 -> 0 -> 2,5,1,0,83.33%,100.00%,90.91%
continuous_1445_S7_strategy2.npz,7 -> 1 -> 2 -> 3 -> 8 -> 5 -> 4,7 -> 1 -> 1 -> 2 -> 3 -> 5 -> 8 -> 5 -> 4,7,2,0,77.78%,100.00%,87.50%
continuous_1446_S7_strategy2.npz,1 -> 4 -> 8 -> 7 -> 6 -> 2 -> 5,1 -> 4 -> 8 -> 7 -> 6 -> 2 -> 5,6,1,1,85.71%,85.71%,85.71%
continuous_1447_S7_strategy2.npz,0 -> 6 -> 5 -> 2 -> 9 -> 7 -> 4,0 -> 6 -> 5 -> 2 -> 1 -> 7 -> 4,6,1,1,85.71%,85.71%,85.71%
continuous_1448_S7_strategy2.npz,6 -> 2 -> 1 -> 5 -> 7 -> 3,6 -> 2 -> 1 -> 5 -> 7 -> 3,6,0,0,100.00%,100.00%,100.00%
continuous_1449_S7_strategy2.npz,9 -> 1 -> 7 -> 6 -> 2,9 -> 1 -> 7 -> 6 -> 2 -> 2,5,1,0,83.33%,100.00%,90.91%
continuous_1450_S7_strategy2.npz,2 -> 7 -> 9 -> 0 -> 6,2 -> 7 -> 9 -> 9 -> 0 -> 6,5,1,0,83.33%,100.00%,90.91%
continuous_1451_S7_strategy2.npz,9 -> 6 -> 8 -> 2 -> 1 -> 3,9 -> 6 -> 8 -> 2 -> 1 -> 3,5,1,1,83.33%,83.33%,83.33%
continuous_1452_S7_strategy2.npz,4 -> 1 -> 5 -> 9 -> 0 -> 8 -> 6,4 -> 2 -> 1 -> 9 -> 5 -> 9 -> 9 -> 0 -> 8 -> 6,7,3,0,70.00%,100.00%,82.35%
continuous_1453_S7_strategy2.npz,0 -> 7 -> 9 -> 1 -> 2,0 -> 7 -> 7 -> 9 -> 1 -> 2 -> 2,5,2,0,71.43%,100.00%,83.33%
continuous_1454_S7_strategy2.npz,1 -> 8 -> 0 -> 5 -> 7 -> 2 -> 9,1 -> 8 -> 0 -> 3 -> 5 -> 7 -> 4 -> 2 -> 2 -> 1 -> 9,5,6,2,45.45%,71.43%,55.56%
continuous_1455_S7_strategy2.npz,6 -> 2 -> 0 -> 7 -> 9,6 -> 0 -> 2 -> 1 -> 0 -> 7 -> 9,5,2,0,71.43%,100.00%,83.33%
continuous_1456_S7_strategy2.npz,1 -> 3 -> 2 -> 4 -> 9 -> 7 -> 8,1 -> 3 -> 3 -> 3 -> 2 -> 4 -> 5 -> 9 -> 7 -> 8,5,5,2,50.00%,71.43%,58.82%
continuous_1457_S7_strategy2.npz,4 -> 1 -> 0 -> 2 -> 6 -> 7 -> 3,4 -> 9 -> 1 -> 0 -> 2 -> 6 -> 5 -> 7 -> 3,6,3,1,66.67%,85.71%,75.00%
continuous_1458_S7_strategy2.npz,6 -> 5 -> 1 -> 3 -> 9 -> 4,6 -> 5 -> 1 -> 3 -> 3 -> 3 -> 9 -> 4,5,3,1,62.50%,83.33%,71.43%
continuous_1459_S7_strategy2.npz,1 -> 3 -> 7 -> 2 -> 5 -> 0 -> 9,1 -> 7 -> 3 -> 7 -> 2 -> 5 -> 0 -> 9,6,2,1,75.00%,85.71%,80.00%
continuous_1460_S7_strategy2.npz,5 -> 1 -> 8 -> 4 -> 6 -> 3,5 -> 7 -> 1 -> 8 -> 4 -> 6 -> 3,6,1,0,85.71%,100.00%,92.31%
continuous_1461_S7_strategy2.npz,5 -> 0 -> 2 -> 1 -> 7,5 -> 0 -> 2 -> 2 -> 1 -> 7,4,2,1,66.67%,80.00%,72.73%
continuous_1462_S7_strategy2.npz,7 -> 3 -> 1 -> 6 -> 5 -> 2 -> 8,7 -> 9 -> 3 -> 1 -> 6 -> 9 -> 2 -> 8,6,2,1,75.00%,85.71%,80.00%
continuous_1463_S7_strategy2.npz,5 -> 1 -> 6 -> 9 -> 0 -> 7,5 -> 1 -> 6 -> 9 -> 0 -> 7,5,1,1,83.33%,83.33%,83.33%
continuous_1464_S7_strategy2.npz,6 -> 8 -> 2 -> 9 -> 0 -> 7 -> 4,6 -> 6 -> 8 -> 2 -> 4 -> 0 -> 4 -> 7 -> 4,5,4,2,55.56%,71.43%,62.50%
continuous_1465_S7_strategy2.npz,3 -> 8 -> 4 -> 1 -> 2 -> 9,3 -> 8 -> 4 -> 4 -> 1 -> 2 -> 9,5,2,1,71.43%,83.33%,76.92%
continuous_1466_S7_strategy2.npz,3 -> 8 -> 7 -> 0 -> 9 -> 4,3 -> 8 -> 7 -> 0 -> 9 -> 9 -> 4,6,1,0,85.71%,100.00%,92.31%
continuous_1467_S7_strategy2.npz,7 -> 6 -> 1 -> 4 -> 3 -> 2,7 -> 6 -> 1 -> 6 -> 4 -> 3 -> 5 -> 2,6,2,0,75.00%,100.00%,85.71%
continuous_1468_S7_strategy2.npz,2 -> 6 -> 9 -> 4 -> 0,2 -> 6 -> 9 -> 9 -> 2 -> 0,4,2,1,66.67%,80.00%,72.73%
continuous_1469_S7_strategy2.npz,5 -> 6 -> 3 -> 9 -> 7 -> 0,5 -> 6 -> 3 -> 9 -> 7 -> 6 -> 0,6,1,0,85.71%,100.00%,92.31%
continuous_1470_S7_strategy2.npz,6 -> 5 -> 3 -> 4 -> 7 -> 0 -> 2,6 -> 5 -> 5 -> 3 -> 4 -> 7 -> 0 -> 2,6,2,1,75.00%,85.71%,80.00%
continuous_1471_S7_strategy2.npz,3 -> 9 -> 5 -> 0 -> 8,3 -> 0 -> 5 -> 2 -> 0 -> 8,3,3,2,50.00%,60.00%,54.55%
continuous_1472_S7_strategy2.npz,5 -> 0 -> 7 -> 6 -> 2 -> 1,5 -> 0 -> 7 -> 6 -> 2 -> 9 -> 1,6,1,0,85.71%,100.00%,92.31%
continuous_1473_S7_strategy2.npz,2 -> 5 -> 0 -> 3 -> 7 -> 8,2 -> 5 -> 5 -> 0 -> 8 -> 3 -> 7 -> 7 -> 8,4,5,2,44.44%,66.67%,53.33%
continuous_1474_S7_strategy2.npz,6 -> 1 -> 2 -> 0 -> 3,6 -> 1 -> 7 -> 2 -> 0 -> 6 -> 3,5,2,0,71.43%,100.00%,83.33%
continuous_1475_S7_strategy2.npz,0 -> 9 -> 8 -> 7 -> 4,0 -> 5 -> 9 -> 8 -> 7 -> 4,5,1,0,83.33%,100.00%,90.91%
continuous_1476_S7_strategy2.npz,2 -> 5 -> 7 -> 6 -> 1,2 -> 2 -> 5 -> 7 -> 6 -> 1,5,1,0,83.33%,100.00%,90.91%
continuous_1477_S7_strategy2.npz,4 -> 7 -> 9 -> 1 -> 2 -> 6 -> 8,4 -> 7 -> 9 -> 1 -> 1 -> 2 -> 6 -> 1 -> 8,7,2,0,77.78%,100.00%,87.50%
continuous_1478_S7_strategy2.npz,8 -> 5 -> 6 -> 1 -> 9 -> 7,8 -> 5 -> 6 -> 9 -> 1 -> 9 -> 7,6,1,0,85.71%,100.00%,92.31%
continuous_1479_S7_strategy2.npz,9 -> 2 -> 5 -> 8 -> 3 -> 1 -> 7,9 -> 2 -> 5 -> 8 -> 3 -> 3 -> 1 -> 7,4,4,3,50.00%,57.14%,53.33%
continuous_1480_S7_strategy2.npz,9 -> 0 -> 5 -> 8 -> 6,9 -> 0 -> 9 -> 5 -> 8 -> 6,4,2,1,66.67%,80.00%,72.73%
continuous_1481_S7_strategy2.npz,9 -> 8 -> 1 -> 7 -> 4,9 -> 8 -> 1 -> 7 -> 4,5,0,0,100.00%,100.00%,100.00%
continuous_1482_S7_strategy2.npz,5 -> 9 -> 0 -> 1 -> 2,5 -> 9 -> 0 -> 1 -> 2 -> 2,5,1,0,83.33%,100.00%,90.91%
continuous_1483_S7_strategy2.npz,0 -> 2 -> 7 -> 4 -> 5,0 -> 2 -> 1 -> 7 -> 4 -> 5,4,2,1,66.67%,80.00%,72.73%
continuous_1484_S7_strategy2.npz,8 -> 3 -> 1 -> 0 -> 5 -> 2,8 -> 3 -> 3 -> 3 -> 1 -> 7 -> 0 -> 4 -> 5 -> 2,6,4,0,60.00%,100.00%,75.00%
continuous_1485_S7_strategy2.npz,1 -> 6 -> 2 -> 5 -> 4 -> 7,1 -> 6 -> 6 -> 2 -> 5 -> 4 -> 5 -> 7,5,3,1,62.50%,83.33%,71.43%
continuous_1486_S7_strategy2.npz,0 -> 4 -> 8 -> 5 -> 1,0 -> 6 -> 7 -> 8 -> 1 -> 5 -> 1,4,3,1,57.14%,80.00%,66.67%
continuous_1487_S7_strategy2.npz,6 -> 4 -> 8 -> 0 -> 7,3 -> 4 -> 8 -> 0 -> 7,4,1,1,80.00%,80.00%,80.00%
continuous_1488_S7_strategy2.npz,1 -> 3 -> 7 -> 0 -> 6 -> 2 -> 4,1 -> 9 -> 3 -> 7 -> 0 -> 6 -> 2 -> 4,6,2,1,75.00%,85.71%,80.00%
continuous_1489_S7_strategy2.npz,3 -> 0 -> 9 -> 7 -> 1,3 -> 3 -> 6 -> 9 -> 7 -> 1,4,2,1,66.67%,80.00%,72.73%
continuous_1490_S7_strategy2.npz,6 -> 8 -> 0 -> 1 -> 9 -> 4 -> 2,6 -> 8 -> 0 -> 8 -> 1 -> 9 -> 4 -> 2,6,2,1,75.00%,85.71%,80.00%
continuous_1491_S7_strategy2.npz,6 -> 4 -> 8 -> 3 -> 5 -> 2,6 -> 4 -> 9 -> 8 -> 3 -> 5 -> 2,4,3,2,57.14%,66.67%,61.54%
continuous_1492_S7_strategy2.npz,0 -> 5 -> 3 -> 1 -> 9 -> 8 -> 7,0 -> 5 -> 3 -> 1 -> 9 -> 8 -> 7,5,2,2,71.43%,71.43%,71.43%
continuous_1493_S7_strategy2.npz,4 -> 3 -> 6 -> 1 -> 7 -> 0 -> 8,4 -> 3 -> 3 -> 6 -> 9 -> 1 -> 7 -> 0 -> 8,6,3,1,66.67%,85.71%,75.00%
continuous_1494_S7_strategy2.npz,7 -> 5 -> 4 -> 9 -> 1 -> 3,7 -> 4 -> 5 -> 4 -> 9 -> 9 -> 1 -> 3,6,2,0,75.00%,100.00%,85.71%
continuous_1495_S7_strategy2.npz,3 -> 8 -> 9 -> 5 -> 0,3 -> 3 -> 8 -> 9 -> 5 -> 6,4,2,1,66.67%,80.00%,72.73%
continuous_1496_S7_strategy2.npz,6 -> 0 -> 8 -> 3 -> 1 -> 5,6 -> 0 -> 0 -> 8 -> 9 -> 3 -> 1 -> 6,4,4,2,50.00%,66.67%,57.14%
continuous_1497_S7_strategy2.npz,3 -> 2 -> 1 -> 5 -> 9,3 -> 9 -> 2 -> 1 -> 1 -> 5 -> 9 -> 9,5,3,0,62.50%,100.00%,76.92%
continuous_1498_S7_strategy2.npz,5 -> 1 -> 3 -> 2 -> 8 -> 6 -> 9,5 -> 5 -> 1 -> 3 -> 3 -> 3 -> 2 -> 8 -> 6 -> 9,6,4,1,60.00%,85.71%,70.59%
continuous_1499_S7_strategy2.npz,3 -> 7 -> 6 -> 2 -> 0 -> 9,3 -> 8 -> 6 -> 2 -> 0 -> 8,3,3,3,50.00%,50.00%,50.00%
continuous_1500_S7_strategy2.npz,0 -> 4 -> 8 -> 2 -> 3 -> 1,0 -> 2 -> 4 -> 8 -> 6 -> 2 -> 3 -> 3 -> 5 -> 1,4,6,2,40.00%,66.67%,50.00%
continuous_1501_S7_strategy2.npz,5 -> 3 -> 4 -> 7 -> 2 -> 1,5 -> 5 -> 3 -> 4 -> 9 -> 7 -> 2 -> 1,6,2,0,75.00%,100.00%,85.71%
continuous_1502_S7_strategy2.npz,2 -> 0 -> 7 -> 1 -> 6,2 -> 0 -> 7 -> 1 -> 6,5,0,0,100.00%,100.00%,100.00%
continuous_1503_S7_strategy2.npz,4 -> 5 -> 8 -> 0 -> 9,4 -> 2 -> 5 -> 8 -> 8 -> 0 -> 9,5,2,0,71.43%,100.00%,83.33%
continuous_1504_S7_strategy2.npz,1 -> 2 -> 3 -> 6 -> 9,1 -> 1 -> 2 -> 1 -> 3 -> 3 -> 6 -> 9,4,4,1,50.00%,80.00%,61.54%
continuous_1505_S7_strategy2.npz,2 -> 4 -> 3 -> 8 -> 0 -> 9 -> 5,2 -> 4 -> 5 -> 3 -> 8 -> 0 -> 9 -> 9 -> 5,5,4,2,55.56%,71.43%,62.50%
continuous_1506_S7_strategy2.npz,4 -> 5 -> 9 -> 6 -> 2,4 -> 5 -> 9 -> 6 -> 1 -> 2,5,1,0,83.33%,100.00%,90.91%
continuous_1507_S7_strategy2.npz,6 -> 3 -> 7 -> 4 -> 9 -> 1 -> 5,6 -> 1 -> 3 -> 3 -> 7 -> 4 -> 9 -> 1 -> 1 -> 5,7,3,0,70.00%,100.00%,82.35%
continuous_1508_S7_strategy2.npz,5 -> 1 -> 7 -> 8 -> 3,5 -> 1 -> 7 -> 8 -> 9 -> 3,5,1,0,83.33%,100.00%,90.91%
continuous_1509_S7_strategy2.npz,3 -> 9 -> 0 -> 7 -> 2,9 -> 0 -> 7 -> 2,4,0,1,100.00%,80.00%,88.89%
continuous_1510_S7_strategy2.npz,2 -> 8 -> 1 -> 5 -> 7,2 -> 8 -> 1 -> 5 -> 7,5,0,0,100.00%,100.00%,100.00%
continuous_1511_S7_strategy2.npz,0 -> 6 -> 4 -> 8 -> 2,0 -> 5 -> 6 -> 4 -> 8 -> 2,5,1,0,83.33%,100.00%,90.91%
continuous_1512_S7_strategy2.npz,6 -> 8 -> 4 -> 3 -> 1 -> 2,6 -> 8 -> 4 -> 3 -> 1 -> 4,5,1,1,83.33%,83.33%,83.33%
continuous_1513_S7_strategy2.npz,3 -> 6 -> 7 -> 0 -> 1 -> 9 -> 2,3 -> 6 -> 7 -> 0 -> 6 -> 1 -> 9 -> 2,7,1,0,87.50%,100.00%,93.33%
continuous_1514_S7_strategy2.npz,9 -> 8 -> 6 -> 5 -> 3,9 -> 8 -> 6 -> 1 -> 5 -> 5 -> 3,3,4,2,42.86%,60.00%,50.00%
continuous_1515_S7_strategy2.npz,1 -> 4 -> 7 -> 6 -> 0 -> 9 -> 5,1 -> 4 -> 8 -> 6 -> 0 -> 9 -> 5,4,3,3,57.14%,57.14%,57.14%
continuous_1516_S7_strategy2.npz,5 -> 0 -> 4 -> 3 -> 7,5 -> 1 -> 4 -> 3 -> 3 -> 3 -> 7,3,4,2,42.86%,60.00%,50.00%
continuous_1517_S7_strategy2.npz,4 -> 1 -> 8 -> 6 -> 5 -> 3 -> 9,4 -> 1 -> 8 -> 7 -> 6 -> 5 -> 3 -> 9,7,1,0,87.50%,100.00%,93.33%
continuous_1518_S7_strategy2.npz,0 -> 2 -> 9 -> 3 -> 5,0 -> 2 -> 2 -> 9 -> 4 -> 3 -> 5,4,3,1,57.14%,80.00%,66.67%
continuous_1519_S7_strategy2.npz,2 -> 7 -> 3 -> 1 -> 6,2 -> 7 -> 9 -> 3 -> 1 -> 6,5,1,0,83.33%,100.00%,90.91%
continuous_1520_S7_strategy2.npz,2 -> 1 -> 8 -> 3 -> 7 -> 6,2 -> 2 -> 1 -> 1 -> 8 -> 3 -> 7 -> 6 -> 6,6,3,0,66.67%,100.00%,80.00%
continuous_1521_S7_strategy2.npz,7 -> 9 -> 6 -> 0 -> 4 -> 2 -> 3,7 -> 9 -> 3 -> 0 -> 4 -> 2 -> 3,5,2,2,71.43%,71.43%,71.43%
continuous_1522_S7_strategy2.npz,3 -> 7 -> 9 -> 4 -> 1 -> 5 -> 8,3 -> 7 -> 9 -> 9 -> 4 -> 2 -> 6 -> 1 -> 2 -> 5 -> 8,4,7,3,36.36%,57.14%,44.44%
continuous_1523_S7_strategy2.npz,1 -> 7 -> 9 -> 8 -> 4,1 -> 1 -> 7 -> 9 -> 8 -> 8 -> 4,4,3,1,57.14%,80.00%,66.67%
continuous_1524_S7_strategy2.npz,1 -> 2 -> 4 -> 5 -> 0 -> 6,1 -> 2 -> 4 -> 5 -> 0 -> 6,6,0,0,100.00%,100.00%,100.00%
continuous_1525_S7_strategy2.npz,4 -> 8 -> 2 -> 1 -> 3 -> 5 -> 0,4 -> 8 -> 7 -> 2 -> 9 -> 1 -> 3 -> 6 -> 5 -> 0,6,4,1,60.00%,85.71%,70.59%
continuous_1526_S7_strategy2.npz,5 -> 4 -> 0 -> 6 -> 7 -> 2,5 -> 4 -> 0 -> 6 -> 7 -> 9 -> 2,6,1,0,85.71%,100.00%,92.31%
continuous_1527_S7_strategy2.npz,7 -> 8 -> 1 -> 9 -> 5,7 -> 8 -> 1 -> 1 -> 9 -> 5 -> 5,4,3,1,57.14%,80.00%,66.67%
continuous_1528_S7_strategy2.npz,6 -> 0 -> 2 -> 9 -> 7,6 -> 0 -> 0 -> 2 -> 9 -> 7,4,2,1,66.67%,80.00%,72.73%
continuous_1529_S7_strategy2.npz,4 -> 1 -> 2 -> 9 -> 7 -> 6,4 -> 1 -> 1 -> 2 -> 9 -> 9 -> 7 -> 6,5,3,1,62.50%,83.33%,71.43%
continuous_1530_S7_strategy2.npz,7 -> 2 -> 0 -> 1 -> 4 -> 6 -> 8,7 -> 2 -> 9 -> 0 -> 7 -> 1 -> 4 -> 1 -> 6 -> 5 -> 8,7,4,0,63.64%,100.00%,77.78%
continuous_1531_S7_strategy2.npz,0 -> 2 -> 5 -> 8 -> 7 -> 9,0 -> 2 -> 5 -> 5 -> 8 -> 7 -> 9,5,2,1,71.43%,83.33%,76.92%
continuous_1532_S7_strategy2.npz,8 -> 5 -> 4 -> 1 -> 7,8 -> 5 -> 4 -> 1 -> 7,5,0,0,100.00%,100.00%,100.00%
continuous_1533_S7_strategy2.npz,2 -> 6 -> 7 -> 1 -> 4,2 -> 5 -> 7 -> 1 -> 1 -> 1 -> 4,3,4,2,42.86%,60.00%,50.00%
continuous_1534_S7_strategy2.npz,6 -> 2 -> 0 -> 5 -> 4 -> 9,6 -> 2 -> 0 -> 5 -> 4 -> 9,6,0,0,100.00%,100.00%,100.00%
continuous_1535_S7_strategy2.npz,4 -> 7 -> 2 -> 6 -> 3,4 -> 7 -> 0 -> 2 -> 6 -> 6 -> 3,3,4,2,42.86%,60.00%,50.00%
continuous_1536_S7_strategy2.npz,0 -> 6 -> 3 -> 4 -> 1,0 -> 6 -> 9 -> 1 -> 3 -> 4 -> 1,4,3,1,57.14%,80.00%,66.67%
continuous_1537_S7_strategy2.npz,1 -> 4 -> 7 -> 9 -> 3 -> 2,1 -> 8 -> 4 -> 7 -> 7 -> 9 -> 9 -> 3 -> 2,5,4,1,55.56%,83.33%,66.67%
continuous_1538_S7_strategy2.npz,3 -> 4 -> 0 -> 2 -> 5 -> 1,3 -> 6 -> 4 -> 0 -> 5 -> 5 -> 1,5,2,1,71.43%,83.33%,76.92%
continuous_1539_S7_strategy2.npz,9 -> 1 -> 5 -> 6 -> 4 -> 0 -> 2,9 -> 1 -> 5 -> 5 -> 6 -> 1 -> 0 -> 2,6,2,1,75.00%,85.71%,80.00%
continuous_1540_S7_strategy2.npz,3 -> 8 -> 4 -> 0 -> 1,3 -> 8 -> 6 -> 0 -> 1,3,2,2,60.00%,60.00%,60.00%
continuous_1541_S7_strategy2.npz,4 -> 0 -> 5 -> 6 -> 9,4 -> 8 -> 5 -> 1 -> 6 -> 9,3,3,2,50.00%,60.00%,54.55%
continuous_1542_S7_strategy2.npz,5 -> 4 -> 2 -> 1 -> 8 -> 0,5 -> 4 -> 2 -> 7 -> 1 -> 1 -> 6 -> 0,4,4,2,50.00%,66.67%,57.14%
continuous_1543_S7_strategy2.npz,4 -> 7 -> 6 -> 1 -> 9 -> 0,4 -> 7 -> 6 -> 1 -> 4 -> 0 -> 0,4,3,2,57.14%,66.67%,61.54%
continuous_1544_S7_strategy2.npz,7 -> 5 -> 6 -> 8 -> 2 -> 9 -> 0,7 -> 5 -> 6 -> 8 -> 8 -> 2 -> 9 -> 0,5,3,2,62.50%,71.43%,66.67%
continuous_1545_S7_strategy2.npz,5 -> 3 -> 6 -> 4 -> 9,5 -> 3 -> 6 -> 6 -> 1 -> 9,4,2,1,66.67%,80.00%,72.73%
continuous_1546_S7_strategy2.npz,2 -> 3 -> 1 -> 4 -> 6 -> 0,2 -> 3 -> 3 -> 1 -> 1 -> 4 -> 2 -> 6 -> 6,5,4,1,55.56%,83.33%,66.67%
continuous_1547_S7_strategy2.npz,1 -> 9 -> 0 -> 8 -> 4 -> 7 -> 3,1 -> 9 -> 0 -> 0 -> 8 -> 4 -> 2 -> 7,3,5,4,37.50%,42.86%,40.00%
continuous_1548_S7_strategy2.npz,4 -> 1 -> 0 -> 5 -> 8 -> 6,4 -> 2 -> 1 -> 0 -> 5 -> 8 -> 8 -> 6,5,3,1,62.50%,83.33%,71.43%
continuous_1549_S7_strategy2.npz,7 -> 0 -> 8 -> 5 -> 1 -> 6 -> 9,7 -> 0 -> 8 -> 0 -> 5 -> 1 -> 6 -> 5 -> 9,3,6,4,33.33%,42.86%,37.50%
continuous_1550_S7_strategy2.npz,8 -> 5 -> 2 -> 0 -> 1,8 -> 5 -> 2 -> 6 -> 0 -> 1,5,1,0,83.33%,100.00%,90.91%
continuous_1551_S7_strategy2.npz,1 -> 8 -> 4 -> 9 -> 6 -> 0,1 -> 8 -> 4 -> 9 -> 9 -> 6 -> 0,6,1,0,85.71%,100.00%,92.31%
continuous_1552_S7_strategy2.npz,6 -> 1 -> 4 -> 8 -> 9,6 -> 7 -> 1 -> 1 -> 4 -> 8 -> 9,5,2,0,71.43%,100.00%,83.33%
continuous_1553_S7_strategy2.npz,7 -> 3 -> 2 -> 6 -> 0,7 -> 3 -> 3 -> 2 -> 6 -> 0,5,1,0,83.33%,100.00%,90.91%
continuous_1554_S7_strategy2.npz,2 -> 1 -> 3 -> 9 -> 0,2 -> 9 -> 1 -> 3 -> 3 -> 9 -> 9 -> 0 -> 0,4,5,1,44.44%,80.00%,57.14%
continuous_1555_S7_strategy2.npz,2 -> 1 -> 4 -> 0 -> 5 -> 9,2 -> 9 -> 1 -> 4 -> 0 -> 8 -> 5 -> 5 -> 9,5,4,1,55.56%,83.33%,66.67%
continuous_1556_S7_strategy2.npz,5 -> 3 -> 8 -> 6 -> 0 -> 7,5 -> 3 -> 3 -> 8 -> 6 -> 0 -> 7,6,1,0,85.71%,100.00%,92.31%
continuous_1557_S7_strategy2.npz,8 -> 0 -> 4 -> 6 -> 3 -> 9,8 -> 0 -> 8 -> 4 -> 9 -> 6 -> 3 -> 9,4,4,2,50.00%,66.67%,57.14%
continuous_1558_S7_strategy2.npz,8 -> 7 -> 0 -> 6 -> 2,8 -> 7 -> 7 -> 0 -> 6 -> 6 -> 2,5,2,0,71.43%,100.00%,83.33%
continuous_1559_S7_strategy2.npz,4 -> 5 -> 0 -> 6 -> 9 -> 3,4 -> 5 -> 1 -> 0 -> 1 -> 6 -> 9 -> 3,5,3,1,62.50%,83.33%,71.43%
continuous_1560_S7_strategy2.npz,6 -> 1 -> 4 -> 7 -> 8 -> 2,6 -> 1 -> 4 -> 2 -> 7 -> 8 -> 2,6,1,0,85.71%,100.00%,92.31%
continuous_1561_S7_strategy2.npz,1 -> 8 -> 2 -> 6 -> 0 -> 7,1 -> 8 -> 8 -> 2 -> 1 -> 6 -> 7 -> 0 -> 7,5,4,1,55.56%,83.33%,66.67%
continuous_1562_S7_strategy2.npz,8 -> 3 -> 5 -> 2 -> 0 -> 4,8 -> 3 -> 5 -> 2 -> 0 -> 4,5,1,1,83.33%,83.33%,83.33%
continuous_1563_S7_strategy2.npz,6 -> 4 -> 0 -> 9 -> 8 -> 5,6 -> 4 -> 8 -> 9 -> 9 -> 8 -> 9,4,3,2,57.14%,66.67%,61.54%
continuous_1564_S7_strategy2.npz,9 -> 2 -> 6 -> 5 -> 7 -> 4,9 -> 2 -> 2 -> 2 -> 6 -> 5 -> 5 -> 7 -> 9 -> 4,6,4,0,60.00%,100.00%,75.00%
continuous_1565_S7_strategy2.npz,1 -> 8 -> 9 -> 7 -> 5 -> 4 -> 2,1 -> 4 -> 8 -> 9 -> 9 -> 7 -> 5 -> 4 -> 2 -> 6 -> 2,6,5,1,54.55%,85.71%,66.67%
continuous_1566_S7_strategy2.npz,0 -> 6 -> 8 -> 2 -> 1 -> 9 -> 4,0 -> 6 -> 8 -> 2 -> 1 -> 9 -> 2,5,2,2,71.43%,71.43%,71.43%
continuous_1567_S7_strategy2.npz,0 -> 9 -> 4 -> 3 -> 6,0 -> 0 -> 9 -> 4 -> 1 -> 3 -> 6,5,2,0,71.43%,100.00%,83.33%
continuous_1568_S7_strategy2.npz,0 -> 1 -> 5 -> 9 -> 6 -> 7 -> 3,0 -> 6 -> 1 -> 2 -> 5 -> 9 -> 8 -> 6 -> 6 -> 7 -> 3,7,4,0,63.64%,100.00%,77.78%
continuous_1569_S7_strategy2.npz,4 -> 1 -> 5 -> 6 -> 3 -> 9,4 -> 1 -> 5 -> 6 -> 3 -> 9,6,0,0,100.00%,100.00%,100.00%
continuous_1570_S7_strategy2.npz,1 -> 4 -> 9 -> 2 -> 6 -> 0 -> 8,1 -> 4 -> 9 -> 2 -> 2 -> 6 -> 0 -> 8,7,1,0,87.50%,100.00%,93.33%
continuous_1571_S7_strategy2.npz,9 -> 2 -> 3 -> 6 -> 8,9 -> 9 -> 2 -> 3 -> 6 -> 8,5,1,0,83.33%,100.00%,90.91%
continuous_1572_S7_strategy2.npz,8 -> 6 -> 2 -> 1 -> 3 -> 4,8 -> 4 -> 6 -> 9 -> 1 -> 3 -> 3 -> 4,4,4,2,50.00%,66.67%,57.14%
continuous_1573_S7_strategy2.npz,8 -> 7 -> 1 -> 6 -> 2 -> 4,8 -> 7 -> 1 -> 6 -> 2 -> 4,6,0,0,100.00%,100.00%,100.00%
continuous_1574_S7_strategy2.npz,0 -> 8 -> 3 -> 9 -> 5 -> 4,0 -> 8 -> 3 -> 9 -> 5 -> 4,6,0,0,100.00%,100.00%,100.00%
continuous_1575_S7_strategy2.npz,9 -> 0 -> 6 -> 3 -> 8,9 -> 9 -> 0 -> 6 -> 6 -> 3 -> 7 -> 8,5,3,0,62.50%,100.00%,76.92%
continuous_1576_S7_strategy2.npz,5 -> 4 -> 8 -> 6 -> 0,5 -> 9 -> 8 -> 8 -> 6 -> 0,3,3,2,50.00%,60.00%,54.55%
continuous_1577_S7_strategy2.npz,0 -> 5 -> 7 -> 4 -> 3 -> 1 -> 9,0 -> 5 -> 7 -> 4 -> 3 -> 6 -> 1 -> 9,4,4,3,50.00%,57.14%,53.33%
continuous_1578_S7_strategy2.npz,5 -> 4 -> 3 -> 0 -> 2,5 -> 4 -> 1 -> 3 -> 0 -> 2,4,2,1,66.67%,80.00%,72.73%
continuous_1579_S7_strategy2.npz,7 -> 2 -> 3 -> 5 -> 0 -> 1,7 -> 2 -> 2 -> 3 -> 3 -> 5 -> 0 -> 8 -> 1,6,3,0,66.67%,100.00%,80.00%
continuous_1580_S7_strategy2.npz,0 -> 7 -> 9 -> 3 -> 1 -> 8 -> 5,0 -> 7 -> 9 -> 3 -> 4 -> 1 -> 8 -> 8 -> 8 -> 5,7,3,0,70.00%,100.00%,82.35%
continuous_1581_S7_strategy2.npz,1 -> 8 -> 7 -> 9 -> 3,1 -> 8 -> 7 -> 9 -> 3,5,0,0,100.00%,100.00%,100.00%
continuous_1582_S7_strategy2.npz,7 -> 6 -> 5 -> 0 -> 3 -> 2 -> 8,7 -> 4 -> 6 -> 9 -> 5 -> 4 -> 0 -> 5 -> 3 -> 2 -> 8,7,4,0,63.64%,100.00%,77.78%
continuous_1583_S7_strategy2.npz,0 -> 7 -> 9 -> 3 -> 2,0 -> 7 -> 9 -> 2 -> 3 -> 2,4,2,1,66.67%,80.00%,72.73%
continuous_1584_S7_strategy2.npz,5 -> 7 -> 3 -> 0 -> 9,5 -> 7 -> 3 -> 3 -> 6 -> 0 -> 0 -> 9,3,5,2,37.50%,60.00%,46.15%
continuous_1585_S7_strategy2.npz,0 -> 4 -> 2 -> 8 -> 9 -> 7 -> 1,0 -> 4 -> 1 -> 2 -> 8 -> 5 -> 9 -> 7 -> 9 -> 1,7,3,0,70.00%,100.00%,82.35%
continuous_1586_S7_strategy2.npz,1 -> 2 -> 5 -> 3 -> 0 -> 8,1 -> 2 -> 2 -> 5 -> 3 -> 0 -> 8,5,2,1,71.43%,83.33%,76.92%
continuous_1587_S7_strategy2.npz,3 -> 1 -> 6 -> 7 -> 8,3 -> 9 -> 1 -> 4 -> 7 -> 8,4,2,1,66.67%,80.00%,72.73%
continuous_1588_S7_strategy2.npz,6 -> 7 -> 2 -> 1 -> 4,6 -> 7 -> 2 -> 1 -> 4,5,0,0,100.00%,100.00%,100.00%
continuous_1589_S7_strategy2.npz,2 -> 6 -> 8 -> 9 -> 4 -> 7,2 -> 6 -> 6 -> 8 -> 7 -> 9 -> 4 -> 7,5,3,1,62.50%,83.33%,71.43%
continuous_1590_S7_strategy2.npz,6 -> 8 -> 4 -> 1 -> 3,6 -> 8 -> 4 -> 1 -> 3,5,0,0,100.00%,100.00%,100.00%
continuous_1591_S7_strategy2.npz,7 -> 3 -> 0 -> 4 -> 9 -> 5,7 -> 3 -> 0 -> 4 -> 9 -> 0 -> 5,6,1,0,85.71%,100.00%,92.31%
continuous_1592_S7_strategy2.npz,6 -> 1 -> 7 -> 0 -> 3 -> 9,6 -> 1 -> 7 -> 0 -> 9 -> 3 -> 9,5,2,1,71.43%,83.33%,76.92%
continuous_1593_S7_strategy2.npz,2 -> 0 -> 6 -> 5 -> 8,2 -> 5 -> 0 -> 7 -> 6 -> 6 -> 5 -> 8,5,3,0,62.50%,100.00%,76.92%
continuous_1594_S7_strategy2.npz,7 -> 1 -> 9 -> 5 -> 6 -> 2,7 -> 1 -> 9 -> 9 -> 5 -> 6 -> 2,4,3,2,57.14%,66.67%,61.54%
continuous_1595_S7_strategy2.npz,7 -> 1 -> 4 -> 2 -> 5 -> 9,7 -> 1 -> 8 -> 4 -> 2 -> 5 -> 5 -> 9,5,3,1,62.50%,83.33%,71.43%
continuous_1596_S7_strategy2.npz,0 -> 9 -> 1 -> 4 -> 7 -> 3,0 -> 9 -> 1 -> 4 -> 7 -> 5 -> 3,6,1,0,85.71%,100.00%,92.31%
continuous_1597_S7_strategy2.npz,2 -> 6 -> 5 -> 0 -> 8,2 -> 6 -> 5 -> 0 -> 8,5,0,0,100.00%,100.00%,100.00%
continuous_1598_S7_strategy2.npz,4 -> 5 -> 8 -> 9 -> 1 -> 2 -> 7,4 -> 5 -> 5 -> 8 -> 9 -> 1 -> 2 -> 7,7,1,0,87.50%,100.00%,93.33%
continuous_1599_S7_strategy2.npz,0 -> 6 -> 3 -> 7 -> 8 -> 5,0 -> 6 -> 6 -> 7 -> 8 -> 5,4,2,2,66.67%,66.67%,66.67%
