{
  "gloss_accuracy": 0.13333333333333333,
  "category_accuracy": 0.9777777777777777,
  "gloss_precision": 0.026460654027675157,
  "gloss_recall": 0.13333333333333333,
  "gloss_f1_score": 0.04230586166405976,
  "category_precision": 0.9804232804232804,
  "category_recall": 0.9777777777777777,
  "category_f1_score": 0.9777858293075685,
  "num_samples": 225
}